0 0.864537 0.246528 0.854626 0.248512 0.850771 0.250248 0.849119 0.251736 0.849670 0.255952 0.856278 0.264137 0.873348 0.266865 0.878304 0.266617 0.882159 0.265377 0.885463 0.261905 0.887665 0.256944 0.886013 0.250496 0.884361 0.249008 0.877753 0.246776 0.874449 0.246280
0 0.767070 0.248016 0.764317 0.249752 0.762115 0.256448 0.763216 0.258681 0.768172 0.262401 0.769824 0.266121 0.783040 0.267113 0.789648 0.267113 0.796806 0.266121 0.805066 0.259921 0.803965 0.255456 0.801762 0.253472 0.785793 0.247520 0.777533 0.246776
0 0.822137 0.232887 0.811674 0.232639 0.800110 0.234127 0.791850 0.236607 0.786894 0.239087 0.784692 0.243304 0.784692 0.244792 0.786894 0.247272 0.795154 0.250744 0.803965 0.253224 0.813326 0.251984 0.825991 0.246280 0.827643 0.238839 0.826542 0.236359
0 0.751652 0.258433 0.742291 0.262401 0.738987 0.267113 0.740088 0.270585 0.746145 0.272569 0.752753 0.276290 0.761564 0.277034 0.766520 0.275546 0.768172 0.273313 0.768722 0.262897 0.765969 0.259673 0.761564 0.257688
0 0.727423 0.271577 0.721366 0.275298 0.718612 0.278770 0.720815 0.283978 0.724119 0.285218 0.742841 0.287450 0.747797 0.286954 0.752203 0.284474 0.753855 0.279762 0.750551 0.274306 0.744493 0.271577 0.734031 0.270337
0 0.698789 0.272073 0.691079 0.272817 0.686123 0.274554 0.682269 0.279762 0.684471 0.283482 0.687775 0.285466 0.692181 0.287202 0.700991 0.288442 0.707599 0.287450 0.715308 0.284722 0.716960 0.283482 0.717511 0.279018 0.707048 0.273313
0 0.672907 0.278522 0.665749 0.279762 0.653084 0.286954 0.653084 0.291171 0.658040 0.296131 0.661344 0.296875 0.676211 0.297867 0.682819 0.297123 0.686123 0.295139 0.688326 0.286954 0.681718 0.281002 0.678414 0.279514
0 0.655286 0.258185 0.642621 0.263393 0.640419 0.268353 0.643172 0.272073 0.647577 0.274802 0.651982 0.276290 0.666850 0.278522 0.674009 0.276786 0.678414 0.272321 0.680066 0.267361 0.674559 0.261905 0.669053 0.259177 0.665749 0.258433
0 0.674009 0.249256 0.670154 0.251984 0.669604 0.256696 0.670705 0.259673 0.678414 0.265873 0.682269 0.267857 0.692181 0.268105 0.701542 0.265129 0.704295 0.263393 0.706498 0.259177 0.703194 0.253224 0.697687 0.250000 0.692181 0.248512
0 0.732379 0.255952 0.724670 0.254712 0.714758 0.255952 0.709802 0.258185 0.704846 0.263641 0.705396 0.271825 0.708700 0.274058 0.718612 0.274306 0.736233 0.269345 0.739537 0.264385 0.739537 0.260665 0.738436 0.259177
0 0.747247 0.241319 0.742291 0.241319 0.731278 0.243552 0.724670 0.248016 0.723568 0.250992 0.725220 0.254216 0.742841 0.260169 0.760463 0.256696 0.762665 0.252976 0.763216 0.248016 0.759912 0.245288 0.752753 0.242063
0 0.698789 0.234375 0.693833 0.235615 0.688877 0.238839 0.687775 0.244792 0.691079 0.247768 0.699339 0.250744 0.709251 0.250248 0.716410 0.248264 0.720815 0.244792 0.720815 0.240079 0.717511 0.236855 0.714207 0.235367 0.709251 0.234623
0 0.661344 0.238095 0.653084 0.237847 0.648678 0.238343 0.639868 0.241815 0.636013 0.248264 0.637665 0.252232 0.641520 0.254464 0.646476 0.255208 0.656388 0.254712 0.667401 0.251984 0.670154 0.250496 0.672357 0.248264 0.672907 0.244048 0.666300 0.239831
0 0.652533 0.221974 0.638216 0.219990 0.624449 0.221726 0.616189 0.224702 0.612335 0.228423 0.613987 0.232887 0.618943 0.237103 0.625000 0.240327 0.628304 0.240823 0.639868 0.240823 0.645374 0.239087 0.651432 0.235863 0.654185 0.233631 0.655837 0.229911 0.655837 0.224206
0 0.674009 0.218254 0.670705 0.219246 0.665198 0.224206 0.664097 0.226438 0.665198 0.232143 0.667952 0.235367 0.671806 0.237351 0.683370 0.237847 0.689427 0.236855 0.694934 0.234623 0.697137 0.232391 0.698238 0.228175 0.693833 0.222966 0.689978 0.220982 0.683370 0.218750
0 0.735132 0.223462 0.724670 0.224454 0.720815 0.225446 0.715308 0.228423 0.713656 0.231399 0.714207 0.233879 0.718612 0.236855 0.721916 0.240823 0.725771 0.242312 0.732930 0.242808 0.746696 0.240823 0.748899 0.239831 0.751101 0.237351 0.750551 0.232639 0.744493 0.226687
0 0.561674 0.121280 0.550110 0.122520 0.541300 0.124752 0.537445 0.126736 0.535242 0.131200 0.537445 0.133433 0.551762 0.140873 0.561123 0.140873 0.566079 0.140129 0.574339 0.137897 0.579295 0.134921 0.579846 0.130704 0.576542 0.126984 0.569383 0.122768
0 0.711454 0.212302 0.707048 0.212302 0.697137 0.213790 0.694383 0.215774 0.693282 0.219494 0.694934 0.224206 0.699339 0.228671 0.708150 0.230159 0.714207 0.229415 0.722467 0.225446 0.730176 0.223958 0.733480 0.220982 0.731278 0.217758 0.723018 0.214286 0.718062 0.213046
0 0.778084 0.214286 0.770925 0.212798 0.760463 0.212798 0.757709 0.213542 0.743943 0.215030 0.736784 0.216766 0.734581 0.220982 0.738436 0.224206 0.742841 0.225942 0.751652 0.231399 0.760463 0.229911 0.765969 0.228175 0.771476 0.225446 0.781388 0.217014
0 0.778634 0.226687 0.769824 0.226935 0.763767 0.228671 0.755507 0.232391 0.752203 0.235863 0.750551 0.240575 0.762115 0.245784 0.767070 0.246776 0.775881 0.246280 0.781938 0.244544 0.788546 0.236111 0.789097 0.232391
0 0.814978 0.214286 0.803414 0.214534 0.795154 0.215774 0.785793 0.219494 0.779185 0.224454 0.780837 0.228671 0.787996 0.231151 0.794604 0.234375 0.805617 0.233383 0.816630 0.230903 0.822137 0.226438 0.825991 0.220734 0.821586 0.216270
0 0.856828 0.234623 0.844163 0.234871 0.830396 0.238591 0.829295 0.239583 0.828744 0.244544 0.830396 0.246776 0.833150 0.248264 0.838106 0.249504 0.848018 0.249752 0.867841 0.244048 0.869493 0.240079
0 0.825441 0.224454 0.821586 0.228175 0.822137 0.232391 0.828744 0.235615 0.835352 0.235863 0.845264 0.234871 0.856828 0.234623 0.857930 0.234127 0.860132 0.227679 0.852974 0.222470 0.848568 0.221726 0.838656 0.221478 0.830396 0.222470
0 0.871145 0.225198 0.862885 0.227679 0.859031 0.231895 0.859581 0.235615 0.865639 0.238591 0.873348 0.240079 0.876652 0.241815 0.882709 0.242560 0.891520 0.240327 0.894273 0.236111 0.889813 0.234053 0.885518 0.228621 0.881553 0.225769 0.874449 0.224950
0 0.935022 0.232639 0.925000 0.228001 0.914482 0.229117 0.903634 0.233879 0.897577 0.236111 0.888216 0.243800 0.890969 0.247520 0.895925 0.248760 0.917401 0.250496 0.928414 0.247272 0.932269 0.245288 0.938326 0.240327 0.938877 0.236359
0 0.936123 0.219990 0.931167 0.221726 0.927863 0.224454 0.928414 0.228423 0.932819 0.230407 0.936674 0.234375 0.941079 0.236855 0.947137 0.237599 0.954295 0.237351 0.958700 0.235367 0.960903 0.233135 0.962004 0.227927 0.961454 0.222718 0.957599 0.220486 0.953194 0.219246
0 0.882159 0.213790 0.875000 0.212798 0.869493 0.213046 0.859031 0.214782 0.853524 0.216766 0.851322 0.220982 0.857930 0.225694 0.865639 0.226687 0.870044 0.225198 0.876101 0.224206 0.882709 0.221478 0.886013 0.216518
0 0.903634 0.207093 0.895374 0.208829 0.889317 0.212550 0.886564 0.216022 0.884912 0.221478 0.886013 0.224702 0.890969 0.227927 0.899229 0.230159 0.909141 0.230655 0.921916 0.226513 0.927037 0.219469 0.925110 0.212302 0.922357 0.209573 0.913546 0.207341
0 0.954295 0.205109 0.943833 0.203373 0.940529 0.203621 0.931718 0.205853 0.926762 0.208333 0.925110 0.210813 0.925110 0.213542 0.929515 0.218254 0.933921 0.219990 0.950991 0.218998 0.953744 0.218254 0.960903 0.213046 0.961454 0.208829 0.959802 0.207341
0 0.918502 0.189484 0.911894 0.190724 0.905837 0.194692 0.904185 0.196677 0.904736 0.201637 0.907489 0.203621 0.913546 0.205357 0.926211 0.206845 0.935022 0.204613 0.938877 0.202381 0.942181 0.197917 0.941079 0.192708 0.939427 0.190724 0.935022 0.189732 0.928414 0.189236
0 0.891520 0.191964 0.882159 0.192212 0.870595 0.195933 0.862610 0.198810 0.856498 0.202604 0.857599 0.206523 0.862059 0.211186 0.872247 0.212550 0.883811 0.212798 0.888216 0.211806 0.898458 0.204960 0.903029 0.201438 0.902533 0.195437 0.900881 0.194444
0 0.846916 0.184524 0.837555 0.186508 0.834802 0.187748 0.832599 0.189732 0.831498 0.193700 0.835903 0.201141 0.844163 0.203125 0.849670 0.203621 0.856828 0.202877 0.867786 0.195933 0.867511 0.192832 0.865529 0.190104 0.860132 0.186260 0.855727 0.185020
0 0.839758 0.201885 0.829295 0.201885 0.822687 0.202877 0.820485 0.204117 0.817181 0.208581 0.816079 0.213046 0.825441 0.219742 0.829846 0.221478 0.840308 0.220486 0.850220 0.218006 0.854075 0.216022 0.855727 0.214038 0.855727 0.209077 0.852974 0.206101 0.848568 0.204117
0 0.812720 0.198239 0.810022 0.195685 0.805066 0.194940 0.795154 0.195933 0.780286 0.202629 0.774780 0.205853 0.772026 0.208581 0.773678 0.211558 0.776982 0.212550 0.795154 0.215030 0.805617 0.214038 0.813326 0.212302 0.816905 0.205754 0.815804 0.201488
0 0.751101 0.184772 0.749449 0.186260 0.751652 0.192956 0.757709 0.199405 0.762115 0.202381 0.768722 0.203869 0.778634 0.203373 0.786454 0.198611 0.790308 0.195040 0.790804 0.193031 0.784967 0.188517 0.780837 0.185268 0.770925 0.183532 0.763767 0.183532
0 0.821586 0.178323 0.812225 0.177331 0.794053 0.181796 0.785242 0.185268 0.789648 0.190724 0.795705 0.194444 0.812335 0.195312 0.821696 0.191171 0.826211 0.187723 0.828194 0.185764 0.827643 0.181548
0 0.724670 0.200645 0.721366 0.205109 0.720815 0.209077 0.723568 0.212798 0.726872 0.215278 0.734031 0.217758 0.756608 0.212550 0.758811 0.211558 0.760463 0.209821 0.760463 0.205109 0.757159 0.202877 0.744493 0.200397 0.725771 0.200149
0 0.745044 0.184524 0.735132 0.183036 0.727974 0.184028 0.725220 0.185020 0.712555 0.193204 0.725771 0.199901 0.743943 0.199653 0.750000 0.196677 0.752203 0.193948 0.751101 0.189484 0.748899 0.186508
0 0.753304 0.163194 0.744493 0.163442 0.740088 0.164435 0.736233 0.165923 0.731278 0.169891 0.729626 0.172619 0.729075 0.178075 0.730727 0.181796 0.733480 0.182788 0.742291 0.184028 0.752753 0.184028 0.759912 0.181548 0.767070 0.174355 0.765969 0.171131 0.761013 0.165923
0 0.710903 0.192708 0.699890 0.192460 0.691630 0.194692 0.688326 0.196925 0.686674 0.202629 0.688877 0.209821 0.690529 0.212054 0.692181 0.212550 0.700991 0.212798 0.709802 0.211062 0.720264 0.206101 0.723568 0.201637 0.723018 0.198909 0.718062 0.195188
0 0.699890 0.163194 0.689427 0.166915 0.685573 0.169891 0.684471 0.174107 0.686123 0.177083 0.692181 0.180804 0.699890 0.184028 0.710352 0.185268 0.720815 0.185020 0.725220 0.183532 0.727423 0.181796 0.728524 0.179067 0.727974 0.172619 0.721366 0.167163 0.714758 0.163690 0.710352 0.162698
0 0.735132 0.143353 0.725771 0.143601 0.718612 0.146329 0.713106 0.149802 0.707599 0.156002 0.707599 0.159474 0.710352 0.161706 0.717511 0.164931 0.725771 0.166915 0.734581 0.165179 0.742291 0.162202 0.747247 0.159226 0.751101 0.154762 0.750551 0.149802 0.748348 0.147569 0.742841 0.145089
0 0.775881 0.152778 0.764317 0.154762 0.757709 0.156746 0.755507 0.158978 0.754956 0.162450 0.761564 0.166419 0.764868 0.170387 0.769273 0.172867 0.787445 0.176339 0.796256 0.166915 0.796256 0.162202 0.793502 0.158482 0.788546 0.155258 0.779185 0.152778
0 0.839758 0.157986 0.821586 0.156002 0.809471 0.158730 0.800661 0.161954 0.797907 0.165675 0.799009 0.169891 0.807819 0.175347 0.812225 0.176339 0.822687 0.176339 0.832048 0.173611 0.836454 0.170883 0.840859 0.166171 0.841410 0.161210
0 0.856278 0.170387 0.849670 0.174107 0.843943 0.177877 0.846916 0.182044 0.848568 0.183532 0.857930 0.186012 0.865088 0.189236 0.876652 0.189732 0.885463 0.188988 0.885628 0.186210 0.885077 0.180506 0.880947 0.176513 0.873348 0.172346 0.865639 0.169147
0 0.887115 0.172470 0.882764 0.176290 0.885187 0.179514 0.887665 0.187996 0.890419 0.188988 0.904185 0.189484 0.906938 0.188988 0.909141 0.187500 0.910242 0.181548 0.910573 0.178249 0.908370 0.174529 0.906443 0.172917 0.900220 0.171305
0 0.912445 0.178819 0.909141 0.184524 0.909692 0.188988 0.911894 0.189732 0.930617 0.189732 0.943833 0.190476 0.951542 0.186012 0.950441 0.182540 0.948238 0.180556 0.943282 0.177827 0.935573 0.175595 0.925110 0.175595 0.918502 0.176835
0 0.589758 0.129216 0.585352 0.130456 0.581498 0.132440 0.579295 0.137897 0.579846 0.140129 0.583700 0.142609 0.589207 0.143849 0.595264 0.146577 0.604626 0.146329 0.614537 0.142609 0.614537 0.133433 0.610132 0.130952 0.604626 0.129464 0.597467 0.128720
0 0.872247 0.155506 0.867841 0.156994 0.863436 0.161210 0.861233 0.164931 0.861233 0.167163 0.863987 0.169147 0.871145 0.170635 0.878304 0.173115 0.883260 0.173859 0.891520 0.172123 0.897302 0.168452 0.899119 0.166691 0.898568 0.162922 0.896916 0.161086 0.893227 0.159425 0.883260 0.156498
0 0.914648 0.151538 0.909141 0.152282 0.897907 0.158110 0.899119 0.167262 0.901707 0.170238 0.908590 0.172619 0.917952 0.173115 0.924449 0.171900 0.933921 0.170387 0.937335 0.166071 0.937115 0.162649 0.933921 0.156994 0.927313 0.153522 0.918502 0.151538
0 0.978524 0.161210 0.970815 0.161954 0.964207 0.163442 0.952093 0.164187 0.942181 0.165675 0.935573 0.169395 0.930452 0.172247 0.934471 0.175099 0.950991 0.181300 0.953304 0.180506 0.957489 0.178844 0.963326 0.173958 0.974119 0.164683 0.978524 0.163442
0 0.867291 0.145585 0.866189 0.146825 0.867841 0.150794 0.872247 0.154762 0.876652 0.156002 0.887115 0.157242 0.890969 0.158234 0.898403 0.158209 0.904350 0.153249 0.906333 0.149157 0.905782 0.146032 0.904736 0.142857 0.898128 0.141369 0.882159 0.140873
0 0.952093 0.141369 0.934471 0.146577 0.927919 0.151736 0.930617 0.154514 0.934471 0.157986 0.938877 0.160218 0.944383 0.161210 0.956498 0.161458 0.959747 0.160169 0.962610 0.158929 0.965914 0.155010 0.966024 0.150397 0.965088 0.148016 0.963656 0.144841 0.957599 0.142361
0 0.834251 0.139881 0.829846 0.140377 0.821586 0.144841 0.818833 0.150050 0.819383 0.152778 0.821035 0.154762 0.823789 0.156002 0.830947 0.157242 0.840308 0.157738 0.846916 0.156994 0.854626 0.154762 0.859581 0.150298 0.856278 0.148810 0.855176 0.145089 0.850771 0.142113 0.844163 0.140129
0 0.804515 0.137897 0.795154 0.138145 0.781938 0.140377 0.772026 0.146081 0.774780 0.151538 0.794053 0.156994 0.798458 0.156994 0.808370 0.155754 0.816079 0.153026 0.818282 0.150298 0.819383 0.145585 0.817731 0.142609 0.813326 0.139385
0 0.926211 0.128224 0.917401 0.128968 0.913546 0.130456 0.904736 0.138393 0.904736 0.142609 0.908590 0.145585 0.910242 0.149058 0.911894 0.150298 0.916300 0.151042 0.924559 0.150794 0.928965 0.149802 0.942181 0.142857 0.942731 0.136905 0.941079 0.133433 0.937775 0.131200 0.932819 0.129464
0 0.942731 0.114583 0.935573 0.117063 0.929515 0.122768 0.929515 0.127232 0.938326 0.131448 0.942731 0.132688 0.952643 0.131696 0.958150 0.129464 0.961454 0.126984 0.963106 0.122768 0.960903 0.119048 0.952643 0.115079
0 0.890969 0.117560 0.882709 0.119048 0.878855 0.120784 0.876101 0.123760 0.875551 0.129960 0.876101 0.135169 0.878855 0.137401 0.884361 0.139881 0.892070 0.140873 0.899780 0.140129 0.906938 0.136161 0.912445 0.131200 0.913546 0.125248 0.911894 0.122024 0.908040 0.119544 0.900881 0.118056
0 0.849119 0.122520 0.842511 0.124008 0.838106 0.126984 0.837004 0.128968 0.837555 0.133185 0.842511 0.137897 0.848018 0.140873 0.856278 0.142857 0.865639 0.143105 0.874449 0.134921 0.873348 0.125248 0.871145 0.123512 0.866740 0.122520 0.856828 0.121776
0 0.821586 0.119792 0.814427 0.121280 0.805617 0.124504 0.801762 0.128472 0.801211 0.132192 0.803414 0.136409 0.806718 0.138145 0.820485 0.140377 0.823238 0.140377 0.830947 0.139137 0.834251 0.137153 0.835903 0.134177 0.835903 0.126240 0.833700 0.124256 0.827093 0.121280
0 0.778634 0.115575 0.769824 0.116071 0.765419 0.117063 0.762115 0.119048 0.761013 0.122024 0.761564 0.127232 0.763767 0.129464 0.770374 0.133433 0.775330 0.134425 0.779736 0.134425 0.788546 0.132192 0.800110 0.126488 0.801762 0.122768 0.789648 0.117312
0 0.833700 0.107639 0.829846 0.110863 0.827643 0.114583 0.828744 0.119048 0.833150 0.122272 0.837555 0.123760 0.840308 0.124008 0.856828 0.122024 0.866740 0.122520 0.871696 0.121280 0.872797 0.120288 0.872247 0.115079 0.862335 0.108383 0.849119 0.105655 0.838656 0.105903
0 0.882159 0.099454 0.877203 0.100942 0.865088 0.101935 0.861784 0.103423 0.861233 0.107639 0.865639 0.109871 0.874449 0.117312 0.884912 0.118056 0.890419 0.117312 0.893722 0.116071 0.899229 0.111607 0.899780 0.107143 0.895925 0.104415 0.892070 0.103671
0 0.930617 0.102183 0.924009 0.101935 0.916850 0.103423 0.910793 0.106151 0.905286 0.110367 0.904736 0.116071 0.905837 0.117808 0.912445 0.120784 0.916850 0.121776 0.926211 0.121032 0.932269 0.119048 0.938877 0.114583 0.939978 0.106647 0.938326 0.104663
0 0.812225 0.097470 0.806718 0.098462 0.804515 0.099454 0.799009 0.103671 0.796256 0.108135 0.797357 0.111359 0.801762 0.115327 0.804515 0.116071 0.814427 0.116815 0.821586 0.115575 0.826542 0.113343 0.833150 0.107887 0.832599 0.103423 0.829295 0.101687
0 0.729075 0.103423 0.729626 0.107391 0.735132 0.108383 0.738987 0.110119 0.746145 0.115575 0.752203 0.116567 0.762115 0.116815 0.765969 0.115327 0.767070 0.111607 0.770374 0.108135 0.770374 0.103423 0.763216 0.098958 0.755507 0.098214 0.750000 0.098462 0.734581 0.101438
0 0.725220 0.106647 0.718612 0.107887 0.713106 0.111359 0.711454 0.115327 0.715859 0.117063 0.720815 0.121528 0.724670 0.122272 0.735132 0.121776 0.741189 0.119792 0.744493 0.115079 0.741740 0.111607 0.736233 0.108631
0 0.691079 0.095734 0.685573 0.097966 0.680617 0.103423 0.680066 0.108135 0.682269 0.110367 0.688877 0.112599 0.702643 0.112599 0.708150 0.113343 0.712004 0.112847 0.714207 0.111855 0.717511 0.108135 0.719163 0.107639 0.719714 0.103423 0.714207 0.099702 0.706498 0.096726 0.700441 0.095486
0 0.688877 0.113343 0.685022 0.114831 0.682269 0.118800 0.682269 0.124008 0.683921 0.127232 0.688326 0.130952 0.691079 0.131944 0.707599 0.131944 0.715859 0.128224 0.720264 0.123512 0.717511 0.117312 0.712555 0.114583 0.701542 0.112599
0 0.741740 0.123512 0.735132 0.125496 0.728524 0.130456 0.726872 0.135169 0.729626 0.139137 0.733480 0.141617 0.745595 0.145089 0.752203 0.146329 0.762665 0.146329 0.773678 0.142609 0.772577 0.134921 0.758811 0.125744 0.750000 0.124008
0 0.690529 0.132440 0.685573 0.133433 0.676762 0.138145 0.675110 0.142857 0.677313 0.145337 0.680066 0.146577 0.700441 0.151290 0.707599 0.149554 0.711454 0.146825 0.712004 0.137401 0.708150 0.133433 0.700991 0.132192
0 0.677863 0.147073 0.674009 0.147569 0.667952 0.151290 0.665198 0.154266 0.665198 0.158482 0.673458 0.166667 0.677313 0.167907 0.682819 0.168403 0.704846 0.162202 0.705396 0.157738 0.702093 0.153770 0.695485 0.150050 0.683921 0.147073
0 0.646476 0.158482 0.640969 0.159474 0.637665 0.161458 0.634361 0.165427 0.633811 0.170635 0.637115 0.174355 0.647577 0.177331 0.656938 0.178323 0.673458 0.173611 0.675661 0.169395 0.669604 0.162202 0.664648 0.159722 0.658040 0.158730
0 0.643722 0.139881 0.637115 0.142857 0.634912 0.145585 0.634912 0.146825 0.639868 0.151786 0.643172 0.153770 0.647577 0.155010 0.654185 0.155506 0.661344 0.155010 0.670154 0.150546 0.673458 0.146825 0.670705 0.142113 0.667401 0.140873 0.657489 0.139137
0 0.639317 0.123016 0.636564 0.125744 0.637115 0.128472 0.644273 0.134921 0.650881 0.138145 0.655286 0.139137 0.668502 0.140129 0.673458 0.139385 0.679515 0.136409 0.684471 0.130704 0.682269 0.125496 0.678414 0.123016 0.665198 0.120536 0.655837 0.120288
0 0.672907 0.103423 0.659692 0.100694 0.651982 0.100694 0.643172 0.102183 0.632159 0.106647 0.626652 0.111359 0.638767 0.121032 0.648128 0.121032 0.660793 0.119296 0.665198 0.118304 0.669604 0.116319 0.675110 0.111855 0.675110 0.106647
0 0.591410 0.099702 0.589207 0.102431 0.590308 0.105903 0.595815 0.110367 0.602974 0.112103 0.624449 0.109623 0.628304 0.107887 0.631608 0.103423 0.625000 0.100198 0.613987 0.097718 0.603524 0.097222 0.596366 0.098214
0 0.622247 0.110367 0.612885 0.110615 0.602423 0.112599 0.599670 0.114087 0.596366 0.119296 0.596366 0.123264 0.603524 0.128720 0.612885 0.131696 0.622247 0.130704 0.626101 0.128968 0.633260 0.123264 0.633260 0.118552 0.627203 0.112103
0 0.575991 0.104663 0.566079 0.106647 0.561674 0.110863 0.561123 0.115327 0.563326 0.119296 0.566079 0.121528 0.577643 0.126736 0.586454 0.125992 0.590859 0.123760 0.595815 0.119296 0.596916 0.113839 0.594714 0.109375 0.591410 0.106399 0.585903 0.104911
0 0.544604 0.097966 0.535242 0.098710 0.532489 0.099950 0.528634 0.102927 0.523678 0.109871 0.523678 0.112351 0.526432 0.116567 0.529185 0.118304 0.533590 0.119296 0.544053 0.118552 0.554515 0.115575 0.557269 0.114087 0.563877 0.107887 0.562225 0.104415 0.559471 0.102183 0.553414 0.099702
0 0.620044 0.130952 0.616740 0.131944 0.615088 0.133681 0.616189 0.142361 0.617291 0.142857 0.631057 0.144097 0.638216 0.141369 0.640969 0.138889 0.640419 0.133433 0.637665 0.131448 0.630507 0.130208
0 0.612885 0.143601 0.601872 0.148065 0.599670 0.150298 0.599119 0.155010 0.601322 0.156994 0.611233 0.160962 0.618392 0.165427 0.630507 0.167411 0.635463 0.163938 0.640419 0.158234 0.641520 0.154266 0.639317 0.150298 0.633260 0.145585 0.630507 0.144593 0.623899 0.143353
0 0.594714 0.156250 0.589207 0.157490 0.582599 0.160962 0.580396 0.165675 0.583700 0.170387 0.588656 0.172371 0.605176 0.174355 0.609581 0.173115 0.615088 0.169891 0.616740 0.167163 0.616189 0.164187 0.614537 0.161954 0.608480 0.158730 0.604626 0.157490
0 0.563326 0.142609 0.560573 0.143601 0.558370 0.145833 0.557269 0.148562 0.557819 0.151786 0.559471 0.153026 0.568282 0.155754 0.578744 0.160218 0.587555 0.157738 0.591960 0.155506 0.595264 0.151290 0.594163 0.146577 0.588106 0.143353 0.579295 0.141369
0 0.547907 0.154762 0.543502 0.158234 0.543502 0.162450 0.548458 0.168403 0.553965 0.170635 0.560573 0.172123 0.569383 0.171627 0.573238 0.170883 0.575441 0.169891 0.578194 0.166667 0.578194 0.161458 0.575441 0.158482 0.569383 0.155754 0.561123 0.153770 0.551762 0.153770
0 0.525330 0.159970 0.516520 0.161954 0.512115 0.163690 0.509361 0.165923 0.509912 0.170387 0.515969 0.174851 0.520374 0.176587 0.525330 0.177579 0.535242 0.177579 0.542401 0.175099 0.548458 0.170139 0.548458 0.165675 0.543502 0.160714 0.539097 0.159970
0 0.525881 0.133681 0.516520 0.139385 0.515419 0.142857 0.517070 0.146329 0.526432 0.148810 0.533040 0.149058 0.542401 0.150298 0.549009 0.149802 0.551211 0.148562 0.552863 0.142857 0.550110 0.139881 0.541850 0.134673 0.535793 0.132440 0.532489 0.132440
0 0.507709 0.115079 0.499449 0.116567 0.496696 0.117808 0.493392 0.122272 0.493392 0.124008 0.500551 0.132937 0.507159 0.135169 0.511013 0.135169 0.522026 0.133433 0.528084 0.131448 0.532489 0.127480 0.532489 0.123016 0.530286 0.120040 0.523678 0.116815 0.518172 0.115575
0 0.481828 0.105159 0.474670 0.103919 0.471366 0.104415 0.465308 0.106647 0.461454 0.109871 0.455947 0.112847 0.453744 0.115079 0.452093 0.123264 0.455947 0.125248 0.463656 0.125992 0.475220 0.125992 0.484581 0.124504 0.488987 0.123016 0.493392 0.115079 0.491740 0.111111 0.488436 0.109375 0.486784 0.107391
0 0.438877 0.101438 0.432819 0.100694 0.426762 0.101190 0.419604 0.103175 0.412445 0.106895 0.410793 0.110119 0.410793 0.115575 0.412996 0.118304 0.421256 0.120784 0.431167 0.119048 0.439427 0.114335 0.441079 0.111855 0.442181 0.105903 0.441630 0.103919
0 0.430617 0.122024 0.422357 0.122272 0.417401 0.123760 0.397577 0.134673 0.397026 0.139385 0.399780 0.141121 0.408590 0.141617 0.425661 0.140377 0.435573 0.138641 0.441079 0.136905 0.442731 0.134921 0.442181 0.130456 0.438326 0.125496
0 0.464207 0.138641 0.453744 0.139633 0.448238 0.141617 0.446586 0.143353 0.446035 0.147073 0.448238 0.151538 0.452643 0.155258 0.456498 0.156994 0.465859 0.158234 0.475220 0.157490 0.483480 0.155010 0.485683 0.153770 0.487335 0.149802 0.485132 0.145833 0.480727 0.142361 0.473568 0.139633
0 0.410793 0.141617 0.403084 0.142857 0.399229 0.144593 0.397577 0.147073 0.397577 0.150794 0.404185 0.156250 0.410242 0.159722 0.413546 0.163194 0.417952 0.164931 0.422907 0.165179 0.426211 0.163690 0.431718 0.157986 0.432269 0.153770 0.430617 0.145833 0.428414 0.144097 0.421806 0.141617
0 0.374449 0.150298 0.372797 0.151786 0.373899 0.159474 0.376652 0.166171 0.381057 0.170387 0.387115 0.172123 0.404736 0.172619 0.410793 0.169395 0.412445 0.167163 0.412996 0.161954 0.410242 0.158730 0.405286 0.156250 0.400330 0.152034 0.397026 0.150794 0.381608 0.150050
0 0.369493 0.125000 0.361784 0.130704 0.360683 0.133433 0.360683 0.138889 0.365088 0.144841 0.369493 0.146825 0.376652 0.147569 0.382709 0.147321 0.395374 0.145585 0.398678 0.142361 0.390419 0.130208 0.378855 0.125744
0 0.361233 0.106647 0.352423 0.104663 0.341960 0.104415 0.337004 0.105655 0.334251 0.107143 0.330396 0.110615 0.328744 0.114087 0.328744 0.120040 0.330396 0.123016 0.334251 0.125000 0.343062 0.124752 0.346916 0.124008 0.360132 0.119296 0.366189 0.115575 0.366740 0.110863
0 0.317181 0.107887 0.313326 0.110615 0.310573 0.115079 0.310022 0.118304 0.308370 0.120288 0.307269 0.127480 0.308921 0.129216 0.315529 0.130456 0.319383 0.130456 0.325991 0.129712 0.329846 0.126984 0.330396 0.122520 0.323238 0.110863
0 0.298458 0.097966 0.290749 0.099206 0.285242 0.101687 0.278634 0.103423 0.275881 0.105407 0.274780 0.107639 0.280837 0.110863 0.290198 0.114087 0.298458 0.115327 0.302863 0.115327 0.313877 0.112599 0.314978 0.111855 0.314978 0.107143 0.313877 0.103175 0.311674 0.100942 0.307819 0.099206
0 0.230727 0.099454 0.225771 0.103423 0.230176 0.109871 0.239537 0.114087 0.244493 0.115327 0.250000 0.115575 0.256608 0.114831 0.259361 0.113591 0.261564 0.111359 0.262115 0.103175 0.259361 0.100942 0.254956 0.099206 0.246145 0.098214 0.237335 0.098214
0 0.186674 0.097966 0.184471 0.099702 0.184471 0.101438 0.182819 0.103175 0.183921 0.107391 0.186674 0.110367 0.192731 0.113343 0.194934 0.115327 0.196586 0.115823 0.215308 0.116319 0.219163 0.115575 0.226322 0.111359 0.221916 0.107143 0.220815 0.103423 0.215308 0.101935 0.213106 0.099454 0.205396 0.097718 0.196586 0.098214
0 0.230176 0.122768 0.217511 0.117560 0.212004 0.116815 0.204846 0.117808 0.197137 0.117063 0.186674 0.117560 0.179515 0.119048 0.176211 0.123264 0.181718 0.131696 0.186674 0.133929 0.197687 0.134425 0.219714 0.131200 0.224670 0.128968
0 0.137115 0.115079 0.134361 0.116071 0.130507 0.119048 0.130507 0.123512 0.134912 0.128720 0.142070 0.131696 0.151982 0.134425 0.160793 0.134425 0.166850 0.127480 0.166850 0.122520 0.162445 0.117312 0.158040 0.115079 0.152533 0.114087 0.142621 0.114335
0 0.090859 0.114087 0.088656 0.115327 0.086454 0.119544 0.091410 0.131944 0.099670 0.133929 0.114537 0.131944 0.117841 0.130456 0.118943 0.127232 0.115639 0.122768 0.110132 0.119792 0.103524 0.118304 0.098018 0.115079
0 0.109031 0.133185 0.102974 0.135913 0.098568 0.136657 0.095815 0.137897 0.090859 0.142857 0.090859 0.150298 0.096366 0.154018 0.099119 0.155010 0.121696 0.154514 0.126101 0.152034 0.126101 0.146825 0.122797 0.143601 0.120595 0.139137 0.117291 0.137153 0.112335 0.136161
0 0.230727 0.126240 0.230176 0.128720 0.232930 0.134921 0.238436 0.140129 0.247797 0.144097 0.257159 0.144097 0.261013 0.143105 0.268172 0.138641 0.270374 0.135169 0.268172 0.131200 0.265419 0.129216 0.257159 0.125992 0.247797 0.124504 0.238987 0.125000
0 0.221366 0.139881 0.213106 0.141121 0.209802 0.142609 0.204846 0.146329 0.204295 0.151290 0.216960 0.158482 0.224119 0.158978 0.230727 0.158234 0.237885 0.154514 0.241189 0.150546 0.241740 0.145585 0.240088 0.143601 0.237335 0.142361
0 0.244493 0.151786 0.240639 0.153770 0.237335 0.156994 0.238987 0.163194 0.245044 0.166171 0.252203 0.167907 0.256608 0.168403 0.265969 0.168403 0.268172 0.167907 0.271476 0.165923 0.273678 0.161706 0.272026 0.157986 0.265419 0.151786 0.258260 0.150298 0.252203 0.150298
0 0.300661 0.160466 0.292401 0.158730 0.289097 0.158730 0.279185 0.159970 0.276432 0.160962 0.271476 0.165923 0.271476 0.175099 0.273678 0.180804 0.291850 0.180804 0.300110 0.178819 0.310573 0.174603 0.311674 0.172867 0.310573 0.165675 0.306167 0.162698
0 0.333700 0.175843 0.327093 0.177083 0.320485 0.181796 0.319383 0.184524 0.319934 0.189484 0.324339 0.192956 0.328194 0.194444 0.333700 0.195685 0.343612 0.195933 0.351322 0.194444 0.356828 0.191220 0.359581 0.186508 0.359031 0.182292 0.355727 0.179812 0.349670 0.177083 0.344714 0.176091
0 0.385463 0.171875 0.378304 0.173115 0.370595 0.177579 0.368392 0.180804 0.368392 0.185516 0.374449 0.189484 0.385463 0.192708 0.388767 0.192956 0.399229 0.191468 0.406388 0.188988 0.409692 0.185764 0.410242 0.181548 0.407489 0.177579 0.398678 0.172867
0 0.428965 0.173611 0.416300 0.177579 0.412445 0.181548 0.410793 0.185764 0.417952 0.189484 0.431718 0.190228 0.439427 0.189236 0.447687 0.185516 0.448238 0.181052 0.445485 0.177827 0.439427 0.174603 0.433370 0.173611
0 0.484581 0.169643 0.475220 0.168403 0.465308 0.168403 0.456498 0.169891 0.453194 0.171379 0.450441 0.173611 0.450441 0.182292 0.452093 0.184524 0.454295 0.185516 0.463656 0.187748 0.466960 0.187748 0.477974 0.185020 0.482379 0.181548 0.487885 0.174107
0 0.515969 0.177331 0.512115 0.176835 0.497797 0.177331 0.489537 0.179067 0.484581 0.181052 0.482379 0.185268 0.484031 0.190476 0.486233 0.193452 0.491189 0.195437 0.498899 0.196677 0.517621 0.195437 0.526432 0.191716 0.531388 0.186012 0.530837 0.183780 0.529185 0.182044 0.525330 0.180308
0 0.197687 0.177579 0.202093 0.181796 0.209802 0.184028 0.229626 0.187996 0.233480 0.187500 0.237335 0.185764 0.238987 0.181548 0.236233 0.179315 0.235132 0.176835 0.230176 0.173611 0.221916 0.172867 0.212004 0.173115 0.208700 0.173611
0 0.135463 0.170635 0.125551 0.171379 0.119493 0.172619 0.113987 0.174851 0.110683 0.177579 0.112335 0.181796 0.117291 0.186508 0.126101 0.190724 0.131608 0.191220 0.139317 0.190724 0.144273 0.189236 0.149229 0.185764 0.153634 0.178571 0.152533 0.175843 0.148128 0.173611 0.143172 0.171875
0 0.071586 0.174851 0.064978 0.175595 0.056167 0.180804 0.054515 0.186260 0.056167 0.189484 0.066079 0.194444 0.074339 0.195685 0.084251 0.194692 0.089207 0.192708 0.092511 0.189980 0.093612 0.185020 0.091960 0.180308 0.088656 0.177827 0.082599 0.175595
0 0.056167 0.195437 0.050661 0.197173 0.047907 0.200397 0.052313 0.208581 0.055617 0.211062 0.059471 0.211806 0.067181 0.212054 0.074339 0.211558 0.080947 0.209821 0.088656 0.205109 0.091960 0.201637 0.090859 0.199157 0.083700 0.196925 0.073789 0.196677 0.065529 0.194940
0 0.097467 0.197173 0.095264 0.200645 0.092511 0.202381 0.091960 0.205357 0.099119 0.209573 0.103524 0.211062 0.115639 0.213294 0.119493 0.213294 0.127203 0.211806 0.131057 0.209325 0.131057 0.204613 0.126101 0.197173 0.111784 0.195685 0.103524 0.195933
0 0.204295 0.188988 0.202093 0.192212 0.202643 0.197421 0.204295 0.200149 0.213106 0.205109 0.219714 0.206349 0.226872 0.205853 0.235683 0.202133 0.239537 0.198909 0.240088 0.197173 0.235683 0.192708 0.230727 0.189732 0.223018 0.187748 0.210903 0.187748
0 0.091960 0.215278 0.088106 0.217014 0.087004 0.221478 0.089207 0.225694 0.093612 0.229167 0.099670 0.231647 0.108480 0.232887 0.117291 0.232639 0.123899 0.231399 0.127753 0.229415 0.130507 0.225446 0.132159 0.221230 0.130507 0.218750 0.123899 0.217014 0.118392 0.214038 0.110683 0.213046 0.100220 0.213542
0 0.068833 0.227927 0.058921 0.228423 0.048458 0.231647 0.046256 0.232887 0.045154 0.234871 0.045154 0.240823 0.049559 0.244792 0.056167 0.247272 0.065529 0.247768 0.074339 0.246776 0.082599 0.243800 0.087004 0.240327 0.086454 0.235615 0.083150 0.231647 0.075441 0.228671
0 0.196035 0.212302 0.186674 0.211310 0.178414 0.211558 0.170154 0.212798 0.162996 0.216766 0.163546 0.220982 0.170154 0.224454 0.177313 0.226935 0.187775 0.226935 0.191079 0.226190 0.193833 0.224702 0.197687 0.217758 0.197687 0.212798
0 0.212555 0.209077 0.207599 0.210069 0.203194 0.212798 0.200991 0.216766 0.202093 0.221230 0.206498 0.224454 0.212555 0.227431 0.221916 0.229167 0.227423 0.226935 0.236784 0.220734 0.237885 0.217510 0.236784 0.213542 0.234031 0.211310 0.228524 0.209573 0.223018 0.208829
0 0.291850 0.205109 0.283040 0.207093 0.274229 0.210317 0.272577 0.211558 0.269273 0.216270 0.268172 0.221230 0.270925 0.223462 0.273678 0.224454 0.283040 0.224950 0.294604 0.220982 0.300661 0.217262 0.301211 0.211806 0.298458 0.208581
0 0.317181 0.206597 0.306167 0.209077 0.303414 0.210317 0.301762 0.212550 0.302863 0.215526 0.305617 0.218254 0.309471 0.219742 0.318833 0.221974 0.327093 0.222718 0.337004 0.220238 0.341960 0.218006 0.346366 0.213294 0.345815 0.210813 0.343612 0.208829 0.329846 0.206349 0.323789 0.206101
0 0.395925 0.207589 0.385463 0.207589 0.378855 0.208581 0.368943 0.212302 0.364537 0.216518 0.361784 0.221230 0.365639 0.223214 0.377203 0.226687 0.390419 0.226935 0.396476 0.226438 0.403084 0.224702 0.405286 0.223462 0.407489 0.219494 0.407489 0.216022 0.405837 0.212550 0.401432 0.209077
0 0.482930 0.192212 0.473568 0.191964 0.458150 0.193700 0.450991 0.196677 0.447687 0.200397 0.447687 0.201389 0.459251 0.207837 0.466410 0.210069 0.472467 0.211062 0.477423 0.210813 0.485683 0.209077 0.488987 0.206845 0.491740 0.202877 0.493392 0.197173 0.488987 0.194444
0 0.506608 0.195685 0.497797 0.197421 0.493943 0.199653 0.490639 0.204613 0.492291 0.208829 0.497797 0.211558 0.504405 0.213046 0.508811 0.214782 0.517621 0.214782 0.520374 0.213542 0.524229 0.209325 0.524780 0.203621 0.523128 0.199653 0.520374 0.196677 0.518172 0.195685
0 0.471916 0.212798 0.468612 0.217014 0.475771 0.222470 0.481828 0.225694 0.501101 0.227679 0.507159 0.225198 0.512665 0.220982 0.509912 0.216022 0.504405 0.213294 0.491740 0.210317
0 0.435573 0.213046 0.430617 0.215030 0.426211 0.220734 0.428965 0.226935 0.447687 0.231151 0.457048 0.230407 0.464207 0.228423 0.463656 0.219990 0.461454 0.216766 0.452643 0.213790 0.447687 0.212798 0.438326 0.212550
0 0.429515 0.228175 0.418502 0.230655 0.411894 0.236607 0.416850 0.242560 0.421256 0.244792 0.429515 0.246776 0.438877 0.246776 0.443833 0.245784 0.448238 0.243304 0.450441 0.236111 0.447687 0.232143 0.443282 0.229911 0.438877 0.228919
0 0.398128 0.234375 0.391520 0.234623 0.382159 0.236607 0.376652 0.240079 0.375000 0.243800 0.375551 0.248264 0.377203 0.249504 0.386564 0.253968 0.395925 0.254960 0.409141 0.250248 0.416850 0.244544 0.415749 0.239831 0.410793 0.236607 0.406938 0.235367
0 0.360683 0.222222 0.354626 0.220486 0.343062 0.218998 0.334251 0.221478 0.329846 0.223710 0.324339 0.228671 0.324339 0.236607 0.321586 0.240079 0.325441 0.243056 0.343612 0.242560 0.349119 0.241071 0.353524 0.238343 0.362885 0.234623 0.365639 0.232391 0.366189 0.227431 0.365088 0.224702
0 0.290749 0.221974 0.286344 0.224454 0.284141 0.228175 0.284692 0.232391 0.290198 0.235863 0.299559 0.238839 0.308370 0.239583 0.318282 0.238591 0.323238 0.237103 0.324890 0.235367 0.324890 0.228423 0.321035 0.224950 0.313326 0.221726 0.305617 0.219990 0.299559 0.219742
0 0.248348 0.228423 0.242291 0.232391 0.242291 0.236607 0.245044 0.239335 0.258811 0.245536 0.267621 0.246032 0.275330 0.245040 0.281938 0.240327 0.284141 0.236607 0.281388 0.231399 0.278084 0.230159 0.267621 0.228175 0.255507 0.227679
0 0.207599 0.226687 0.203194 0.226438 0.194383 0.227431 0.190529 0.228919 0.187225 0.232143 0.189427 0.238591 0.192181 0.240327 0.193282 0.242312 0.195485 0.243304 0.204846 0.243552 0.214207 0.241815 0.218612 0.239583 0.221366 0.236855 0.220264 0.231647 0.218062 0.229663
0 0.169053 0.229167 0.160793 0.230407 0.154736 0.232639 0.149229 0.236607 0.147026 0.239583 0.147026 0.241319 0.149229 0.244048 0.153634 0.245784 0.159692 0.247272 0.171256 0.248512 0.178414 0.247272 0.187225 0.244296 0.189427 0.239831 0.188877 0.236359 0.183370 0.230903 0.177313 0.229415
0 0.131608 0.231399 0.125551 0.232143 0.116189 0.234375 0.112885 0.236359 0.110132 0.240327 0.117841 0.245784 0.126101 0.249504 0.136564 0.249752 0.143722 0.248512 0.147577 0.244544 0.147026 0.239335 0.148678 0.235367 0.146476 0.232391 0.144824 0.231895
0 0.083700 0.244048 0.083150 0.249008 0.086454 0.251984 0.091410 0.253968 0.110132 0.256448 0.117841 0.254712 0.122797 0.251984 0.121696 0.247768 0.116189 0.244048 0.109031 0.241319 0.090859 0.240823
0 0.057269 0.249008 0.055066 0.250744 0.052863 0.255208 0.053414 0.260169 0.057269 0.263889 0.061674 0.265625 0.073238 0.267609 0.083150 0.266369 0.090308 0.263641 0.093062 0.260169 0.092511 0.256696 0.089758 0.252480 0.080947 0.249504 0.065529 0.248264
0 0.129405 0.251240 0.126101 0.252480 0.122797 0.255704 0.123348 0.260169 0.125551 0.264137 0.134361 0.268105 0.152533 0.268353 0.172357 0.260169 0.172357 0.259425 0.160793 0.252728 0.155837 0.251240 0.147026 0.250496 0.134912 0.250496
0 0.595815 0.173363 0.587555 0.172371 0.583150 0.173115 0.574890 0.176835 0.569934 0.181300 0.568833 0.185764 0.571586 0.188492 0.574890 0.194444 0.577093 0.195437 0.595815 0.194940 0.605176 0.191716 0.607930 0.189980 0.609581 0.185764 0.609581 0.181548 0.605176 0.176587
0 0.620595 0.177331 0.616740 0.179812 0.614537 0.184276 0.614537 0.189732 0.616740 0.193204 0.621696 0.196677 0.629956 0.197917 0.639868 0.198413 0.649780 0.194444 0.652533 0.189484 0.651982 0.186260 0.647577 0.178075 0.639868 0.176091 0.629405 0.176339
0 0.551762 0.184028 0.546806 0.185516 0.543502 0.187996 0.540749 0.192212 0.541300 0.197173 0.543502 0.198909 0.550661 0.200397 0.561123 0.200893 0.571586 0.196677 0.573238 0.193700 0.569934 0.187500 0.565529 0.185268 0.561674 0.184276
0 0.604075 0.193452 0.595264 0.197173 0.591410 0.201389 0.590859 0.205357 0.592511 0.209573 0.595264 0.211310 0.613436 0.213294 0.621696 0.212302 0.626101 0.210565 0.627753 0.209077 0.628304 0.201141 0.625000 0.197669 0.613436 0.192212
0 0.646476 0.201389 0.636564 0.204117 0.631057 0.208581 0.630507 0.213790 0.633260 0.218254 0.637115 0.219742 0.645925 0.220734 0.656388 0.220734 0.660793 0.219494 0.666300 0.216766 0.666850 0.212054 0.665749 0.209573 0.662996 0.206597 0.656938 0.203125 0.650881 0.201637
0 0.660242 0.178323 0.656938 0.181052 0.656938 0.186012 0.659692 0.188244 0.664648 0.190476 0.673458 0.192708 0.681718 0.193948 0.693282 0.192956 0.696586 0.191964 0.698238 0.189980 0.698238 0.184524 0.694934 0.181796 0.686123 0.177827 0.677313 0.175099 0.672357 0.174603 0.666300 0.175843
0 0.569383 0.198661 0.559471 0.202381 0.556718 0.204861 0.556167 0.209821 0.557819 0.214782 0.560573 0.217014 0.578744 0.218006 0.582599 0.217014 0.590859 0.211558 0.591960 0.209821 0.591410 0.205109 0.588106 0.201885 0.579295 0.198661
0 0.541300 0.203621 0.532489 0.204613 0.528084 0.207093 0.524229 0.212054 0.524229 0.217510 0.526432 0.219494 0.534692 0.222222 0.544604 0.222470 0.549009 0.221230 0.556718 0.217014 0.556718 0.208829 0.553965 0.206349 0.544604 0.203621
0 0.504405 0.227679 0.503855 0.228919 0.506057 0.232639 0.509361 0.234623 0.536344 0.235615 0.544053 0.234375 0.546806 0.232639 0.536894 0.223710 0.532489 0.221478 0.525881 0.219742 0.517070 0.219990 0.511013 0.222718
0 0.559471 0.218254 0.555066 0.219246 0.544053 0.224454 0.543502 0.228671 0.552313 0.234623 0.558370 0.236111 0.570485 0.237351 0.578744 0.235615 0.584251 0.233135 0.587004 0.228919 0.587004 0.223958 0.583150 0.219742 0.579295 0.218502 0.571586 0.218006
0 0.595264 0.211806 0.588106 0.214038 0.584802 0.216766 0.585352 0.220982 0.588656 0.225446 0.592511 0.228919 0.595264 0.230159 0.607379 0.230407 0.610132 0.229663 0.616189 0.224950 0.625551 0.220734 0.623899 0.216766 0.621696 0.215774 0.606278 0.212798
0 0.603524 0.250000 0.600771 0.251736 0.599119 0.255952 0.601322 0.258929 0.605176 0.261657 0.612885 0.262401 0.621145 0.265377 0.629956 0.266369 0.635463 0.265625 0.639317 0.264385 0.643722 0.259177 0.642070 0.255704 0.634361 0.251488 0.622247 0.247520 0.614537 0.247024 0.610683 0.247520
0 0.595264 0.231151 0.588106 0.233135 0.579295 0.236855 0.575441 0.239583 0.575441 0.240823 0.578194 0.244296 0.588106 0.248512 0.594714 0.250000 0.603524 0.249752 0.615639 0.245784 0.617841 0.240079 0.615088 0.235863 0.609581 0.232639 0.603524 0.231399
0 0.563326 0.237103 0.551762 0.237103 0.542401 0.242063 0.535793 0.247768 0.535242 0.252480 0.543502 0.259177 0.553414 0.259425 0.561123 0.258929 0.569383 0.255952 0.575991 0.252232 0.577093 0.244048 0.573238 0.240823
0 0.528084 0.234871 0.508811 0.234871 0.498348 0.239831 0.498348 0.245784 0.502753 0.250992 0.506608 0.252976 0.518172 0.253968 0.529185 0.251984 0.533040 0.250496 0.540749 0.244296 0.540749 0.240079 0.534692 0.236111
0 0.577643 0.252728 0.558921 0.259921 0.557269 0.264137 0.561674 0.268353 0.579295 0.270585 0.583700 0.269593 0.590308 0.265873 0.591410 0.259425 0.587555 0.254464 0.582048 0.252976
0 0.613436 0.262649 0.604075 0.263641 0.600771 0.264633 0.592511 0.269345 0.590859 0.272817 0.590859 0.276786 0.592511 0.280010 0.595815 0.281498 0.603524 0.282242 0.613436 0.281994 0.626652 0.275050 0.627753 0.271329 0.626101 0.267113 0.620044 0.264385
0 0.639868 0.274306 0.629956 0.274306 0.617291 0.280010 0.612335 0.283234 0.611233 0.287698 0.612885 0.290923 0.615088 0.292163 0.620595 0.293651 0.643722 0.289187 0.649780 0.284474 0.650330 0.278522 0.647026 0.276290
0 0.534141 0.275298 0.535242 0.277778 0.537445 0.279266 0.542952 0.280010 0.551211 0.282738 0.554515 0.284722 0.559471 0.285714 0.571035 0.285962 0.575441 0.283978 0.578744 0.280258 0.579846 0.276786 0.579295 0.273065 0.577643 0.271329 0.571035 0.269841 0.561674 0.269841 0.544053 0.272073 0.539097 0.274554
0 0.595815 0.281250 0.587555 0.282490 0.578194 0.284722 0.574339 0.286706 0.571035 0.290427 0.570485 0.295635 0.572687 0.297867 0.586454 0.301587 0.596916 0.301339 0.601322 0.300595 0.605176 0.299107 0.608480 0.295139 0.608480 0.290179 0.606278 0.286706 0.601322 0.283234
0 0.617291 0.295635 0.614537 0.298115 0.614537 0.299603 0.618392 0.303323 0.621696 0.304563 0.648128 0.306052 0.655286 0.302827 0.656938 0.299603 0.655837 0.294643 0.653084 0.292163 0.648128 0.290427 0.638216 0.290179 0.625000 0.292659
0 0.482379 0.225446 0.473568 0.229167 0.471916 0.232143 0.473568 0.235119 0.477974 0.236359 0.483480 0.239583 0.488436 0.240823 0.492841 0.240823 0.502203 0.236359 0.502753 0.232391 0.498899 0.228671 0.496696 0.227679 0.491740 0.226438
0 0.466960 0.234871 0.462555 0.235119 0.453194 0.237351 0.449890 0.239583 0.448789 0.243056 0.449339 0.248512 0.451542 0.250496 0.455947 0.252232 0.465308 0.252728 0.473568 0.249256 0.479626 0.247768 0.484581 0.244544 0.484581 0.240079 0.473568 0.235367
0 0.498348 0.249752 0.492291 0.248512 0.482379 0.247520 0.474119 0.248760 0.466410 0.251984 0.462004 0.255704 0.462555 0.259921 0.465859 0.263641 0.469163 0.265129 0.473568 0.266121 0.483480 0.266369 0.493943 0.263641 0.499449 0.261161 0.503304 0.255456 0.501652 0.251488
0 0.444934 0.248760 0.438877 0.248016 0.428965 0.249008 0.421256 0.251240 0.416850 0.254216 0.416300 0.258929 0.417401 0.260417 0.430066 0.265377 0.439978 0.265625 0.446035 0.264633 0.451542 0.260417 0.452093 0.254712 0.450991 0.252232 0.448238 0.249752
0 0.440529 0.266121 0.430617 0.266617 0.423458 0.269097 0.419604 0.271577 0.418502 0.276042 0.420154 0.279514 0.429515 0.283234 0.439427 0.283234 0.449339 0.279762 0.450991 0.278522 0.452643 0.275298 0.452643 0.271329 0.448238 0.268105
0 0.474119 0.271329 0.464207 0.271081 0.457599 0.272321 0.454846 0.273810 0.453194 0.279514 0.455947 0.282490 0.462555 0.284722 0.465859 0.284970 0.472467 0.283978 0.479626 0.280506 0.485132 0.279266 0.485132 0.275298
0 0.413546 0.260665 0.395925 0.261657 0.393722 0.262649 0.390969 0.266121 0.390969 0.275050 0.397577 0.279514 0.400330 0.282490 0.403084 0.283482 0.406938 0.283234 0.415198 0.279266 0.417401 0.277282 0.420154 0.271825 0.426211 0.267857 0.425110 0.263641 0.421256 0.261905
0 0.353524 0.242312 0.350771 0.242312 0.345815 0.243552 0.341410 0.247024 0.338106 0.251736 0.339207 0.256200 0.343612 0.260169 0.352974 0.260169 0.364537 0.257440 0.367841 0.255952 0.367291 0.248016 0.359031 0.243552
0 0.390419 0.263145 0.381057 0.259673 0.370595 0.258185 0.361784 0.258433 0.356278 0.259425 0.347467 0.262649 0.345815 0.267857 0.351872 0.273313 0.361784 0.275298 0.365088 0.274306 0.381057 0.271825 0.388216 0.268105 0.389317 0.264881 0.390969 0.263889
0 0.483480 0.279762 0.481278 0.280010 0.475220 0.282738 0.471366 0.286458 0.471916 0.295635 0.473018 0.297371 0.475771 0.297867 0.484581 0.297867 0.493943 0.297123 0.500551 0.295387 0.503304 0.291667 0.502203 0.288442 0.500000 0.286210 0.491189 0.281498
0 0.544053 0.281002 0.534141 0.281498 0.521476 0.284226 0.514868 0.286954 0.514868 0.291419 0.521476 0.295139 0.534692 0.297619 0.544053 0.297371 0.546806 0.296379 0.552313 0.291171 0.553965 0.286706 0.551762 0.282986
0 0.366189 0.275050 0.363436 0.276042 0.360132 0.278770 0.359581 0.283482 0.362885 0.286954 0.366740 0.288690 0.377203 0.291667 0.387115 0.292411 0.393722 0.289931 0.395374 0.288194 0.395374 0.282242 0.392621 0.278274 0.384912 0.274554 0.379956 0.273562
0 0.468062 0.287946 0.464758 0.286706 0.457599 0.285714 0.439978 0.287450 0.430617 0.290923 0.426762 0.294395 0.426762 0.295635 0.430617 0.297867 0.438877 0.300595 0.447687 0.301587 0.457048 0.301835 0.465308 0.300099 0.469714 0.297619 0.470264 0.290923
0 0.417401 0.292659 0.408040 0.291171 0.398128 0.290675 0.391520 0.291171 0.387115 0.292411 0.384361 0.294395 0.381608 0.298363 0.385463 0.303819 0.395374 0.307540 0.404185 0.306796 0.410242 0.305556 0.417952 0.301587 0.421256 0.298859 0.421806 0.294891
0 0.377203 0.296627 0.371696 0.294147 0.368943 0.293651 0.361233 0.294395 0.347467 0.296875 0.337004 0.300843 0.330947 0.307292 0.329846 0.310764 0.334802 0.312996 0.349670 0.313988 0.362335 0.313740 0.372247 0.312252 0.376101 0.310764 0.382159 0.306300 0.382709 0.302331
0 0.517621 0.297123 0.508260 0.300843 0.506057 0.302579 0.503855 0.307292 0.506608 0.314484 0.508811 0.315972 0.518172 0.318700 0.526432 0.319940 0.536344 0.316964 0.541850 0.314236 0.545154 0.309028 0.545154 0.303571 0.542952 0.300843 0.538546 0.298115 0.526432 0.296875
0 0.643172 0.305804 0.631057 0.304563 0.621145 0.305308 0.604075 0.310268 0.601322 0.314732 0.613436 0.321677 0.618943 0.322669 0.631057 0.321925 0.637665 0.319692 0.640969 0.316468 0.644824 0.314236 0.645925 0.308036 0.645374 0.306796
0 0.551211 0.299603 0.547907 0.301835 0.547907 0.305060 0.549559 0.308532 0.553910 0.312376 0.566630 0.316766 0.569383 0.317708 0.578194 0.317708 0.588656 0.313492 0.591410 0.310764 0.592511 0.306052 0.587555 0.302579 0.569934 0.298115
0 0.575991 0.318452 0.574339 0.321925 0.575441 0.323413 0.580286 0.328621 0.594163 0.329613 0.599670 0.329365 0.604075 0.328621 0.609031 0.326141 0.610683 0.321429 0.608480 0.319196 0.601872 0.315972 0.596366 0.314980 0.586454 0.314484
0 0.580947 0.331101 0.576542 0.333581 0.574890 0.336310 0.575441 0.340774 0.577643 0.343998 0.587004 0.347470 0.594163 0.348214 0.604626 0.347470 0.610132 0.346478 0.615088 0.344246 0.617291 0.341766 0.614537 0.338790 0.604626 0.332093 0.596366 0.329861 0.586454 0.329861
0 0.552313 0.312996 0.541850 0.315228 0.533040 0.319196 0.529185 0.321925 0.530837 0.326141 0.534141 0.329365 0.538546 0.331845 0.542952 0.333085 0.556608 0.333209 0.563381 0.332614 0.568117 0.332044 0.578579 0.329787 0.576542 0.326389 0.573789 0.324653 0.572247 0.321577 0.569163 0.319296 0.561123 0.314484
0 0.561674 0.333581 0.551211 0.333333 0.545154 0.334325 0.536344 0.337302 0.533040 0.340030 0.532489 0.342758 0.534141 0.347966 0.535793 0.349702 0.542952 0.352679 0.552863 0.352927 0.562225 0.351438 0.572687 0.345734 0.574339 0.341270 0.572137 0.337054 0.569934 0.335813
0 0.535242 0.351190 0.517070 0.351438 0.510463 0.353423 0.507709 0.355407 0.507159 0.361359 0.512665 0.362599 0.517070 0.365575 0.522026 0.367312 0.527533 0.367560 0.530286 0.366815 0.535793 0.363095 0.540749 0.353423
0 0.517070 0.365079 0.509912 0.362847 0.500551 0.363591 0.487335 0.370288 0.486233 0.373512 0.488436 0.376240 0.490639 0.377232 0.499449 0.378224 0.510463 0.376736 0.513767 0.374256
0 0.483480 0.347470 0.477423 0.349454 0.470264 0.354415 0.468612 0.357887 0.471916 0.363839 0.483480 0.367560 0.491189 0.368056 0.501101 0.363839 0.504405 0.361607 0.505507 0.359375 0.505507 0.352927 0.502203 0.350694 0.491740 0.346974
0 0.474119 0.364087 0.465308 0.365079 0.451542 0.371528 0.450991 0.373264 0.457599 0.377728 0.462004 0.379216 0.466960 0.379464 0.478524 0.378720 0.482379 0.377976 0.485132 0.376240 0.486233 0.374256 0.486233 0.369048 0.479075 0.365327
0 0.427863 0.370040 0.423458 0.372768 0.427863 0.379960 0.438326 0.385913 0.445485 0.386409 0.450991 0.385913 0.454846 0.383929 0.456498 0.380208 0.454846 0.376240 0.449890 0.372024 0.439978 0.368304
0 0.430617 0.380952 0.421806 0.381448 0.416300 0.384177 0.408590 0.386161 0.405286 0.387649 0.404185 0.389633 0.405837 0.392609 0.411344 0.393353 0.420154 0.393105 0.434471 0.388641 0.436123 0.384425
0 0.387665 0.382192 0.379405 0.382688 0.367291 0.384673 0.363436 0.385913 0.360683 0.387897 0.361784 0.393353 0.364537 0.396825 0.367291 0.398065 0.377753 0.400298 0.386564 0.400050 0.403634 0.391865 0.404736 0.388641 0.403084 0.387153 0.397577 0.384673
0 0.395374 0.364583 0.383811 0.370288 0.382159 0.372272 0.382159 0.374504 0.384361 0.378720 0.387115 0.380952 0.394824 0.383929 0.404736 0.386409 0.417401 0.383681 0.424559 0.380952 0.425110 0.376736 0.422907 0.372768 0.416300 0.367808 0.404736 0.365079
0 0.438877 0.352183 0.434471 0.353671 0.433370 0.356151 0.433370 0.361607 0.437775 0.366071 0.447137 0.369792 0.455947 0.369296 0.468612 0.364335 0.470264 0.361855 0.469714 0.360367 0.465308 0.357391 0.455947 0.355159 0.448238 0.352183
0 0.474119 0.340774 0.464758 0.340030 0.453194 0.341518 0.447687 0.343254 0.446035 0.345734 0.445485 0.350198 0.446586 0.351687 0.452643 0.353423 0.456498 0.355407 0.465859 0.355903 0.474119 0.350942 0.479075 0.345982 0.476872 0.342014
0 0.351872 0.370536 0.351872 0.376984 0.355727 0.380704 0.360683 0.383433 0.370044 0.383681 0.381057 0.380952 0.382159 0.376240 0.377203 0.372520 0.361233 0.369544 0.354626 0.369792
0 0.377753 0.350942 0.369493 0.351935 0.357379 0.355159 0.351322 0.360615 0.351322 0.362847 0.353524 0.365823 0.359031 0.368304 0.365639 0.370040 0.378304 0.371280 0.384361 0.369792 0.393172 0.365079 0.394273 0.360863 0.392621 0.357143 0.389317 0.353919 0.384912 0.352183
0 0.343062 0.334573 0.339207 0.335813 0.336454 0.340774 0.337004 0.345238 0.343612 0.352431 0.348018 0.354663 0.350771 0.355407 0.353524 0.355407 0.367291 0.352679 0.375551 0.349702 0.377203 0.346230 0.376652 0.343998 0.373348 0.339534 0.365639 0.335565 0.361784 0.334821
0 0.412445 0.346478 0.399229 0.351687 0.396476 0.353919 0.394824 0.358135 0.397577 0.362847 0.400330 0.364583 0.411894 0.366815 0.421806 0.366567 0.432269 0.361855 0.433921 0.357391 0.433921 0.353175 0.421806 0.347718
0 0.386564 0.332341 0.377753 0.334077 0.375000 0.337550 0.375551 0.341766 0.377753 0.346230 0.382159 0.349702 0.387115 0.351687 0.395925 0.352183 0.404736 0.349702 0.410242 0.345982 0.409692 0.341022 0.408040 0.338790 0.401982 0.335813 0.391520 0.334077
0 0.430617 0.334325 0.415749 0.337550 0.412996 0.340030 0.412445 0.342262 0.416300 0.345486 0.430066 0.351687 0.437775 0.351438 0.441079 0.350694 0.445485 0.346230 0.447687 0.342262 0.446586 0.337798 0.444383 0.336062 0.439427 0.334325
0 0.518172 0.335565 0.506608 0.336558 0.496145 0.341518 0.492841 0.345238 0.493392 0.346478 0.502753 0.351438 0.507709 0.352679 0.527533 0.349454 0.531388 0.346478 0.531388 0.341766 0.529185 0.339038 0.523678 0.336558
0 0.495044 0.322173 0.493392 0.326637 0.507709 0.334573 0.527533 0.335813 0.533040 0.335069 0.535793 0.334077 0.531938 0.326885 0.526432 0.322421 0.509361 0.319196 0.500000 0.319692
0 0.481278 0.326885 0.473568 0.327629 0.468612 0.329861 0.463106 0.333581 0.463656 0.338046 0.465308 0.339286 0.473568 0.340774 0.480176 0.344246 0.484031 0.344742 0.491189 0.343750 0.504405 0.338046 0.504405 0.333829 0.500551 0.331101 0.492291 0.327629
0 0.475220 0.321429 0.465308 0.319196 0.454846 0.319196 0.441630 0.321181 0.436674 0.322917 0.435022 0.324901 0.435022 0.327133 0.438326 0.332341 0.447137 0.335565 0.459802 0.334821 0.476872 0.326389 0.476872 0.322173
0 0.478524 0.303819 0.471916 0.305556 0.468612 0.307788 0.466410 0.313740 0.467511 0.318204 0.474119 0.320685 0.480176 0.321677 0.490639 0.321677 0.494493 0.321181 0.503304 0.317708 0.505507 0.315476 0.502753 0.308780 0.498899 0.306300 0.491189 0.304315 0.484581 0.303571
0 0.425661 0.305308 0.423458 0.306796 0.422357 0.311012 0.428965 0.316716 0.435573 0.319692 0.439427 0.320437 0.450441 0.319444 0.459802 0.317956 0.464758 0.315724 0.466410 0.312252 0.466410 0.307540 0.465308 0.305804 0.460903 0.303819 0.453744 0.302827 0.437225 0.302827 0.431167 0.303571
0 0.430066 0.320933 0.425661 0.319196 0.420705 0.318700 0.411344 0.319444 0.399229 0.322173 0.394824 0.324157 0.388216 0.328621 0.387115 0.330357 0.389317 0.332837 0.392070 0.334077 0.399229 0.335317 0.404185 0.337054 0.410242 0.337550 0.421806 0.336558 0.432819 0.334077 0.435022 0.332093 0.435573 0.329365 0.433370 0.323413
0 0.387665 0.307788 0.382159 0.308284 0.377753 0.309772 0.373348 0.313244 0.368392 0.321925 0.371145 0.327629 0.377203 0.329613 0.381608 0.329365 0.386013 0.328373 0.390419 0.325893 0.403634 0.320685 0.405286 0.318948 0.405286 0.313988 0.403634 0.312252 0.394824 0.309028
0 0.332048 0.322173 0.330396 0.326389 0.341960 0.333085 0.351872 0.334821 0.361233 0.334573 0.363436 0.333829 0.367841 0.330357 0.369493 0.326637 0.366740 0.321925 0.363987 0.320685 0.352423 0.318700 0.343062 0.318700
0 0.208150 0.406250 0.207599 0.409474 0.208700 0.411210 0.215859 0.414187 0.221366 0.415675 0.238987 0.416171 0.251652 0.412202 0.252203 0.407738 0.248899 0.404762 0.242291 0.401786 0.231828 0.399554 0.221366 0.399554 0.217511 0.400298 0.212555 0.402282
0 0.273678 0.400050 0.268943 0.400521 0.264868 0.401786 0.257159 0.404514 0.253855 0.407242 0.253855 0.410218 0.255507 0.412450 0.260463 0.413690 0.265969 0.416171 0.274229 0.418155 0.285793 0.414931 0.287996 0.412698 0.288546 0.406746 0.286894 0.404018 0.283040 0.402282 0.281553 0.400521
0 0.332599 0.410218 0.328744 0.411458 0.324890 0.415923 0.323789 0.420635 0.325991 0.423611 0.335352 0.428075 0.351322 0.428323 0.355176 0.426587 0.359031 0.422867 0.360132 0.415675 0.358480 0.413442 0.351872 0.409474 0.342511 0.409226
0 0.317731 0.404018 0.312225 0.403274 0.302863 0.403522 0.297357 0.405010 0.290749 0.407986 0.289097 0.411458 0.289097 0.416667 0.291300 0.420387 0.300661 0.420883 0.313326 0.420139 0.322687 0.415923 0.326542 0.412698 0.325991 0.408730 0.322247 0.405481
0 0.360683 0.398810 0.353524 0.403026 0.350771 0.408482 0.355727 0.412202 0.360683 0.414187 0.369493 0.414683 0.386564 0.408234 0.384361 0.403026 0.380507 0.401042 0.370595 0.398810
0 0.344714 0.392857 0.334802 0.392857 0.330396 0.393849 0.323238 0.396577 0.318833 0.400050 0.321035 0.404266 0.328744 0.407986 0.334251 0.409474 0.347467 0.407738 0.350220 0.406498 0.352974 0.402282 0.355727 0.400546 0.355176 0.398065 0.355892 0.394816 0.350220 0.394345
0 0.236233 0.392361 0.232379 0.396825 0.237885 0.400298 0.248348 0.402778 0.254405 0.403522 0.257709 0.403522 0.268172 0.400546 0.270925 0.397073 0.270925 0.395089 0.269273 0.392361 0.265419 0.390625 0.255507 0.389633 0.248899 0.390129
0 0.334802 0.371528 0.331498 0.372024 0.327643 0.374256 0.324890 0.380208 0.324890 0.383929 0.327093 0.387153 0.334802 0.390873 0.344714 0.391617 0.352974 0.390377 0.357930 0.388641 0.360132 0.386161 0.360132 0.383929 0.357930 0.380952 0.354075 0.378720 0.348018 0.372768 0.344714 0.371280
0 0.335903 0.353423 0.326542 0.353919 0.317181 0.358631 0.314978 0.360863 0.314978 0.366071 0.316079 0.367808 0.317731 0.368800 0.325991 0.370784 0.334802 0.370040 0.341410 0.368800 0.346916 0.365079 0.348568 0.361111 0.344714 0.357887
0 0.317731 0.368056 0.301211 0.368800 0.291300 0.373016 0.290198 0.376488 0.291300 0.381200 0.299559 0.385169 0.313326 0.384921 0.317181 0.384177 0.321035 0.382192 0.324890 0.377232 0.325441 0.372520 0.322687 0.370040
0 0.301762 0.386161 0.298458 0.387153 0.296806 0.388641 0.295705 0.392361 0.296256 0.396577 0.301762 0.401042 0.306167 0.401786 0.317181 0.401538 0.322137 0.397569 0.333150 0.392609 0.331498 0.390377 0.325991 0.387153 0.318282 0.385665 0.307819 0.385417
0 0.273678 0.378968 0.264868 0.383185 0.263216 0.385417 0.262665 0.389137 0.272026 0.394097 0.274780 0.394841 0.291850 0.394841 0.294053 0.393601 0.296806 0.389633 0.296806 0.384673 0.290749 0.380208 0.286894 0.378720 0.281388 0.378224
0 0.280837 0.358135 0.273128 0.358879 0.267070 0.361111 0.265969 0.369296 0.277533 0.374752 0.283040 0.375992 0.289648 0.373760 0.300110 0.366567 0.300661 0.364583 0.300110 0.361855 0.297907 0.360615 0.291850 0.358879
0 0.261013 0.357391 0.256608 0.354911 0.248899 0.353175 0.243943 0.353423 0.230176 0.357391 0.223568 0.360863 0.220815 0.364831 0.221366 0.369296 0.228524 0.370040 0.238436 0.372272 0.256608 0.371776 0.263216 0.369048 0.263216 0.367808 0.265419 0.365823 0.264317 0.361359 0.261564 0.359623
0 0.256057 0.374008 0.247797 0.372768 0.237335 0.374504 0.230176 0.377728 0.223018 0.384673 0.223018 0.388889 0.227974 0.391369 0.230176 0.391865 0.240088 0.392113 0.257159 0.389633 0.259912 0.388641 0.263767 0.384425 0.265419 0.380208 0.262115 0.376736
0 0.194383 0.369048 0.187775 0.371776 0.186123 0.373264 0.185573 0.377480 0.190529 0.382937 0.195485 0.385665 0.198238 0.386161 0.212555 0.386409 0.218062 0.385665 0.221916 0.384177 0.226322 0.381200 0.229075 0.377480 0.226322 0.372768 0.221916 0.370536 0.213656 0.368800 0.201542 0.368304
0 0.214207 0.386657 0.203744 0.386409 0.198789 0.386905 0.192181 0.389633 0.190529 0.391617 0.191079 0.396825 0.193282 0.398810 0.196586 0.400298 0.204295 0.402282 0.212004 0.401042 0.222467 0.397073 0.224670 0.393353 0.223568 0.390377 0.219163 0.387649
0 0.177313 0.385417 0.169604 0.386657 0.160242 0.389385 0.157489 0.391369 0.156938 0.393105 0.159692 0.398810 0.162445 0.400050 0.177313 0.403522 0.181167 0.403522 0.187225 0.402530 0.189978 0.400794 0.190529 0.388393 0.187225 0.386409
0 0.143172 0.385417 0.137115 0.386161 0.129956 0.387897 0.126101 0.390129 0.123899 0.392857 0.127203 0.396577 0.136564 0.399802 0.144273 0.401538 0.156388 0.400298 0.158040 0.398810 0.158590 0.396329 0.155837 0.390625 0.151982 0.387153 0.148128 0.385913
0 0.139317 0.400298 0.132159 0.397569 0.126101 0.396081 0.115639 0.397321 0.111233 0.399306 0.105176 0.403770 0.105176 0.409474 0.106828 0.412698 0.107930 0.413194 0.113436 0.412946 0.123348 0.410962 0.137665 0.409474 0.139868 0.407986 0.141520 0.405010 0.140969 0.402034
0 0.067731 0.404266 0.066079 0.406994 0.066079 0.412450 0.071035 0.414931 0.080947 0.416171 0.090308 0.415923 0.096916 0.415179 0.103524 0.413194 0.104626 0.412202 0.104075 0.407242 0.095815 0.403274 0.092511 0.402530 0.081498 0.402282
0 0.027533 0.396329 0.028084 0.398810 0.031388 0.404266 0.035793 0.407490 0.040749 0.409474 0.046806 0.410714 0.049559 0.410714 0.062775 0.407986 0.066079 0.404762 0.064427 0.400298 0.060022 0.397817 0.053965 0.396081 0.033590 0.394841 0.029736 0.394841
0 0.066630 0.391121 0.062225 0.396577 0.069934 0.402282 0.091960 0.402034 0.098018 0.400546 0.101322 0.396329 0.090308 0.389881 0.087004 0.389385 0.076542 0.389385 0.069383 0.390129
0 0.091410 0.379216 0.089758 0.380704 0.090308 0.386409 0.093062 0.391617 0.099670 0.394345 0.109031 0.394841 0.115088 0.394097 0.122247 0.391865 0.124449 0.390129 0.125000 0.388145 0.121696 0.384673 0.116189 0.382192 0.109031 0.379960 0.100220 0.378720
0 0.150330 0.366071 0.147026 0.365575 0.133811 0.365575 0.128855 0.366319 0.115088 0.372520 0.111784 0.376736 0.113436 0.379960 0.115639 0.381696 0.126101 0.385913 0.134912 0.385913 0.144273 0.384921 0.151982 0.381696 0.155837 0.377728 0.155837 0.373016 0.152533 0.367312
0 0.064978 0.373760 0.058921 0.375992 0.057819 0.377232 0.064978 0.386161 0.072687 0.388393 0.074890 0.388393 0.083150 0.386161 0.085352 0.384673 0.086454 0.382688 0.086454 0.376984 0.082599 0.374008 0.076542 0.373264
0 0.014317 0.388393 0.014868 0.389385 0.019824 0.391617 0.030286 0.394345 0.039648 0.395337 0.052863 0.395337 0.057269 0.394841 0.063326 0.391369 0.064427 0.389385 0.063877 0.384673 0.062225 0.381944 0.056718 0.378224 0.039648 0.377976 0.028634 0.380208 0.018172 0.385169
0 0.037445 0.358631 0.032489 0.359623 0.020925 0.365079 0.022026 0.369296 0.024780 0.371032 0.026982 0.374752 0.029736 0.375992 0.041850 0.377480 0.052313 0.377232 0.055617 0.376488 0.066630 0.370784 0.068282 0.367560 0.067731 0.363591 0.065529 0.362103 0.053965 0.358631 0.049559 0.358135
0 0.105727 0.354415 0.098568 0.354167 0.080947 0.356399 0.068833 0.362351 0.068282 0.366815 0.070485 0.369296 0.085903 0.374256 0.091960 0.374752 0.100220 0.373016 0.104075 0.371032 0.108480 0.365823 0.108480 0.355903
0 0.074890 0.341518 0.064978 0.342014 0.055066 0.345734 0.053965 0.348214 0.055066 0.355407 0.056167 0.356647 0.064978 0.359375 0.073238 0.358631 0.075991 0.357143 0.082048 0.355655 0.084251 0.354167 0.085903 0.350942 0.085352 0.347222 0.083150 0.344990
0 0.030286 0.343006 0.024229 0.345486 0.024229 0.350694 0.025330 0.353671 0.030286 0.357143 0.034692 0.357639 0.042401 0.357639 0.049009 0.356399 0.053414 0.353919 0.054515 0.345734 0.039648 0.342262
0 0.047357 0.326885 0.039097 0.328373 0.030286 0.331597 0.029185 0.333829 0.029736 0.335565 0.037996 0.341766 0.047357 0.344246 0.056718 0.344246 0.066630 0.341022 0.068833 0.339534 0.070485 0.335069 0.069934 0.331845 0.067731 0.329365 0.062225 0.327629 0.056718 0.326885
0 0.082599 0.333829 0.079846 0.336558 0.079846 0.340278 0.080947 0.342262 0.087004 0.346478 0.104075 0.352679 0.108480 0.353671 0.117841 0.353423 0.125551 0.349702 0.127203 0.344742 0.124449 0.341270 0.113436 0.336806 0.104075 0.334573 0.095815 0.333829
0 0.134912 0.321925 0.126101 0.322669 0.116189 0.327629 0.113436 0.333085 0.113436 0.336062 0.115088 0.338046 0.119493 0.339534 0.123348 0.340030 0.136564 0.340030 0.143172 0.338790 0.145925 0.337302 0.147026 0.335069 0.145925 0.329861 0.142070 0.326141
0 0.084802 0.316220 0.082048 0.317460 0.077093 0.323909 0.076542 0.326637 0.078744 0.330357 0.082599 0.332093 0.088106 0.332837 0.109031 0.334077 0.113987 0.330853 0.115639 0.327629 0.114537 0.318204 0.109031 0.315724 0.100771 0.313988
0 0.028634 0.310516 0.030837 0.314484 0.036344 0.319444 0.044053 0.323165 0.053965 0.325397 0.063877 0.326389 0.068833 0.325893 0.074339 0.324405 0.080396 0.318700 0.081498 0.313988 0.074890 0.310020 0.065529 0.307540 0.057819 0.306548 0.047357 0.306300 0.041300 0.307540 0.036894 0.309524
0 0.187775 0.319940 0.176211 0.320933 0.168502 0.322917 0.156938 0.327877 0.154736 0.329861 0.154736 0.334325 0.156388 0.335813 0.161344 0.338046 0.169053 0.340278 0.178414 0.340526 0.181167 0.340030 0.186674 0.338046 0.190529 0.334821 0.193282 0.330357 0.193282 0.325893 0.191630 0.321429
0 0.143722 0.309028 0.134361 0.312004 0.132159 0.313988 0.130507 0.318452 0.132709 0.321181 0.142621 0.326141 0.143172 0.327133 0.146476 0.328621 0.152533 0.329613 0.159692 0.326885 0.166850 0.321925 0.167952 0.318700 0.167401 0.314236 0.161894 0.310020 0.159692 0.309276 0.154185 0.308780
0 0.208700 0.306300 0.203744 0.308036 0.200991 0.310268 0.198789 0.313988 0.199890 0.317956 0.204295 0.319692 0.219163 0.322421 0.225220 0.322421 0.230727 0.320933 0.232379 0.319444 0.230727 0.313988 0.221916 0.307044 0.216410 0.306052
0 0.185573 0.299851 0.176211 0.301587 0.172357 0.303075 0.166850 0.306796 0.165198 0.311012 0.169053 0.314732 0.177863 0.318700 0.184471 0.319692 0.188326 0.319692 0.193282 0.318452 0.195485 0.315972 0.198789 0.314484 0.203194 0.308780 0.203744 0.306052 0.200441 0.302083 0.197137 0.300595
0 0.138216 0.294395 0.134361 0.296627 0.133811 0.299851 0.136013 0.303323 0.143172 0.307540 0.149780 0.308284 0.159692 0.308036 0.165749 0.306300 0.171806 0.302827 0.170705 0.298859 0.167401 0.295387 0.161344 0.292907 0.143722 0.293155
0 0.107930 0.302083 0.100220 0.305804 0.099119 0.308284 0.099670 0.312252 0.109581 0.315724 0.116740 0.317212 0.128855 0.315972 0.136013 0.310516 0.135463 0.306548 0.132709 0.305308 0.125551 0.304315 0.117291 0.301587
0 0.096366 0.294891 0.091960 0.293899 0.071035 0.294147 0.064978 0.294891 0.061123 0.297867 0.062225 0.302827 0.064978 0.306300 0.073238 0.308036 0.082599 0.307540 0.094163 0.302827 0.096916 0.300595 0.098018 0.298115
0 0.035793 0.287202 0.027533 0.290923 0.028084 0.295635 0.036894 0.299851 0.048458 0.302827 0.057269 0.302827 0.058370 0.301835 0.058370 0.298859 0.061123 0.295139 0.057269 0.289187 0.053414 0.286954 0.047907 0.285466
0 0.064427 0.266617 0.057269 0.268105 0.050661 0.271329 0.046806 0.275050 0.045705 0.281002 0.046806 0.283482 0.050661 0.285714 0.056718 0.287698 0.066079 0.288194 0.074339 0.287698 0.083150 0.283978 0.089207 0.279762 0.089207 0.274802 0.087004 0.272817 0.078744 0.269097 0.071586 0.267361
0 0.099670 0.259425 0.096916 0.263641 0.092511 0.267113 0.091410 0.269593 0.088106 0.271329 0.090859 0.275794 0.093612 0.278026 0.099670 0.280506 0.117841 0.279018 0.121145 0.278274 0.125000 0.275794 0.124449 0.267609 0.120044 0.263641 0.109031 0.259425
0 0.115639 0.279762 0.104626 0.281498 0.099119 0.284226 0.096366 0.286706 0.095264 0.292163 0.097467 0.295387 0.102423 0.298115 0.113436 0.300099 0.118943 0.300347 0.126101 0.299603 0.130507 0.298115 0.134361 0.295635 0.138216 0.290923 0.136564 0.286706 0.132709 0.282738 0.125551 0.280258
0 0.134361 0.270089 0.132159 0.271329 0.131057 0.279514 0.137115 0.286954 0.141520 0.289187 0.149780 0.290675 0.155286 0.290427 0.164648 0.287698 0.169053 0.285466 0.170705 0.283730 0.169604 0.279018 0.164097 0.274802 0.155837 0.270585 0.153634 0.270089
0 0.196035 0.281250 0.186674 0.281746 0.180617 0.282986 0.177313 0.284722 0.175661 0.286954 0.176211 0.291419 0.186674 0.298859 0.196586 0.299107 0.200441 0.297123 0.206498 0.295635 0.208150 0.294395 0.208700 0.289931 0.206498 0.284722 0.203744 0.282986
0 0.230176 0.290675 0.219053 0.292907 0.219659 0.297247 0.222192 0.303472 0.226707 0.305878 0.231278 0.306548 0.239537 0.307044 0.241740 0.306548 0.244493 0.304315 0.247797 0.303075 0.247797 0.302331 0.245044 0.300595 0.242291 0.294147 0.240639 0.292659 0.234031 0.290923
0 0.246145 0.290923 0.243943 0.294395 0.246145 0.299355 0.250000 0.302331 0.254956 0.303819 0.265969 0.304315 0.281938 0.301587 0.284692 0.298363 0.283040 0.291915 0.280286 0.289435 0.269273 0.285962 0.256057 0.285962
0 0.214207 0.275298 0.211454 0.279514 0.219163 0.286210 0.224119 0.289187 0.228524 0.290427 0.234581 0.290923 0.244493 0.290427 0.256608 0.284226 0.259361 0.279514 0.258260 0.276290 0.257159 0.275298 0.247797 0.272321 0.229626 0.272073 0.225220 0.272569
0 0.281938 0.273065 0.277533 0.274306 0.272577 0.279018 0.271476 0.283482 0.273128 0.286706 0.282489 0.290179 0.297907 0.288690 0.303965 0.286210 0.307269 0.283482 0.306718 0.279018 0.303414 0.276290 0.300110 0.274802 0.292401 0.273065
0 0.306718 0.286954 0.307819 0.290923 0.322137 0.295139 0.325991 0.295635 0.342511 0.295139 0.345815 0.293403 0.346916 0.291667 0.346916 0.286954 0.330947 0.282986 0.314978 0.282986
0 0.323789 0.269345 0.311674 0.278274 0.311123 0.280010 0.312775 0.282242 0.315529 0.282986 0.325991 0.282738 0.333700 0.283482 0.342511 0.285218 0.348568 0.284474 0.352423 0.282242 0.354075 0.278522 0.350771 0.273562 0.348018 0.271329 0.344163 0.269345 0.341410 0.268849 0.328744 0.268601
0 0.281938 0.261161 0.280837 0.262649 0.281938 0.267361 0.285793 0.270585 0.289648 0.272321 0.303414 0.275546 0.308370 0.277530 0.317731 0.274306 0.324339 0.267857 0.323789 0.266617 0.319934 0.264633 0.310022 0.263145 0.299009 0.262649 0.291850 0.261161
0 0.299559 0.239583 0.286894 0.243304 0.280286 0.248016 0.279185 0.252480 0.280837 0.253968 0.291300 0.258681 0.299009 0.260417 0.301762 0.260417 0.316630 0.258681 0.321586 0.256696 0.324339 0.251984 0.324339 0.247520 0.322137 0.244296 0.316079 0.241319 0.309471 0.240079
0 0.248348 0.256696 0.241740 0.259425 0.239537 0.262897 0.242291 0.269593 0.243943 0.271081 0.256608 0.276042 0.265969 0.275794 0.278084 0.269841 0.279185 0.268353 0.279185 0.262897 0.277533 0.260665 0.271476 0.257688 0.265969 0.256200 0.255507 0.255704
0 0.247797 0.240823 0.238436 0.239831 0.230176 0.240575 0.223568 0.242063 0.210352 0.247768 0.212555 0.251984 0.223018 0.256448 0.230176 0.258185 0.240088 0.258433 0.250551 0.255952 0.253855 0.252976 0.254405 0.247024 0.253304 0.244048
0 0.186123 0.246032 0.175661 0.248016 0.173458 0.249008 0.171256 0.251240 0.170705 0.255952 0.174559 0.260913 0.176762 0.262153 0.191079 0.263393 0.196035 0.264385 0.204295 0.262897 0.207599 0.261161 0.209251 0.259425 0.208700 0.252976 0.205947 0.250248 0.203194 0.249008 0.194934 0.247024
0 0.700055 0.711359 0.690529 0.709573 0.681718 0.711062 0.666850 0.717758 0.664097 0.720486 0.665749 0.724702 0.670705 0.725942 0.680617 0.726687 0.691850 0.726265 0.699009 0.725397 0.703800 0.724628 0.707930 0.721230 0.706773 0.717882 0.704515 0.714856
0 0.740088 0.708829 0.734581 0.708085 0.730176 0.709573 0.710352 0.712798 0.707048 0.717014 0.709802 0.720982 0.718062 0.724281 0.725936 0.725372 0.735463 0.725397 0.744934 0.724033 0.748348 0.721230 0.745595 0.716766 0.746145 0.712798 0.743392 0.710317
0 0.629405 0.706349 0.622247 0.709325 0.617291 0.712550 0.614537 0.716022 0.614537 0.717758 0.617841 0.722718 0.621696 0.724950 0.629405 0.726190 0.639317 0.726687 0.646035 0.724603 0.651707 0.722148 0.655121 0.719420 0.656057 0.715923 0.654736 0.711806 0.647026 0.708085 0.639868 0.706597
0 0.587004 0.714286 0.583150 0.716766 0.581498 0.719990 0.582048 0.724950 0.586454 0.728175 0.590859 0.730159 0.593612 0.732887 0.595264 0.733631 0.598018 0.733631 0.605947 0.730580 0.611454 0.728373 0.616355 0.724802 0.614537 0.718998 0.609581 0.716270 0.596366 0.713790
0 0.621145 0.696925 0.612885 0.696677 0.590639 0.701811 0.587445 0.704439 0.588436 0.708705 0.591410 0.711558 0.594163 0.713046 0.603524 0.715278 0.612885 0.714782 0.620044 0.711310 0.628304 0.705605 0.628194 0.702877 0.628304 0.700645
0 0.658040 0.686260 0.647026 0.685764 0.637665 0.686508 0.629956 0.687748 0.626652 0.689236 0.621696 0.693204 0.623348 0.697669 0.631057 0.702381 0.638767 0.703125 0.646476 0.702629 0.655837 0.700149 0.664648 0.698909 0.666850 0.697917 0.667401 0.696925 0.663546 0.689484
0 0.561123 0.701389 0.550771 0.704712 0.548954 0.708061 0.552863 0.711558 0.557269 0.714286 0.564427 0.716270 0.573789 0.720982 0.578744 0.722470 0.582048 0.717510 0.586894 0.712674 0.588436 0.709276 0.585187 0.706721 0.575441 0.701885 0.569934 0.700893
0 0.783040 0.712798 0.770374 0.710565 0.761013 0.711062 0.753855 0.712550 0.748899 0.716518 0.749449 0.721478 0.751652 0.724454 0.759912 0.726438 0.770374 0.726438 0.782489 0.724702 0.787445 0.722966 0.790749 0.720734 0.790198 0.717758 0.788546 0.715526
0 0.800110 0.708333 0.797907 0.709325 0.791850 0.715774 0.792401 0.720982 0.793502 0.721974 0.803965 0.723958 0.814978 0.723958 0.821586 0.723462 0.827093 0.722222 0.830396 0.720734 0.830396 0.716518 0.825441 0.712302 0.822687 0.711062 0.805066 0.707341
0 0.290749 0.677083 0.272577 0.676587 0.267621 0.677579 0.264868 0.678819 0.259912 0.685268 0.259912 0.689732 0.267621 0.694692 0.273678 0.697173 0.284141 0.696181 0.288546 0.695188 0.295154 0.690724 0.299009 0.685764 0.299559 0.681300 0.294053 0.678075
0 0.847467 0.699901 0.856278 0.700645 0.862335 0.702133 0.868943 0.706597 0.871696 0.710069 0.872247 0.713790 0.870044 0.717262 0.865088 0.719494 0.856278 0.721230 0.846916 0.721478 0.843612 0.720982 0.834802 0.717510 0.830947 0.713790 0.827533 0.709945 0.837115 0.706101 0.841520 0.700843
0 0.807269 0.691964 0.803414 0.693700 0.799009 0.697173 0.798458 0.701562 0.801762 0.704861 0.810022 0.708333 0.815529 0.709821 0.820485 0.710565 0.830782 0.709201 0.836178 0.706176 0.842126 0.700025 0.839923 0.696925 0.832764 0.693750 0.819934 0.690675 0.812775 0.690972
0 0.875000 0.694940 0.868392 0.697173 0.865639 0.700397 0.866740 0.705357 0.873899 0.711806 0.880507 0.712798 0.892070 0.712798 0.899229 0.711062 0.909141 0.707341 0.916300 0.701389 0.916850 0.697173 0.909141 0.696429 0.900330 0.693948 0.885463 0.693948
0 0.897577 0.675843 0.892621 0.674851 0.882709 0.675595 0.879405 0.676339 0.870815 0.679688 0.868392 0.684772 0.868392 0.686260 0.871145 0.691964 0.873348 0.693700 0.894548 0.694072 0.900991 0.692237 0.907985 0.688616 0.910518 0.685615 0.908590 0.682168 0.902478 0.678472
0 0.834251 0.677579 0.831498 0.679067 0.828744 0.684276 0.828744 0.686012 0.828139 0.688715 0.833700 0.692956 0.840859 0.695933 0.846366 0.697173 0.857379 0.697421 0.863436 0.696181 0.868943 0.693948 0.870044 0.692708 0.868447 0.687674 0.865363 0.684276 0.855176 0.679067 0.841410 0.677083
0 0.864537 0.663194 0.857930 0.665079 0.848018 0.665675 0.841079 0.671404 0.842015 0.675124 0.846916 0.676835 0.856828 0.679563 0.866189 0.680556 0.870650 0.679365 0.873293 0.677654 0.875385 0.673636 0.873899 0.669990 0.873348 0.664931 0.868943 0.663442
0 0.795154 0.660466 0.794053 0.662202 0.796806 0.665675 0.797357 0.678571 0.799559 0.681796 0.805066 0.684524 0.813877 0.685268 0.826542 0.683780 0.829846 0.681796 0.832048 0.677827 0.828744 0.672867 0.820485 0.667907 0.816630 0.664435 0.813326 0.662946 0.804515 0.661210
0 0.786894 0.681052 0.781938 0.682292 0.776982 0.684524 0.774780 0.689236 0.777533 0.693204 0.783040 0.695437 0.787996 0.696429 0.796256 0.696677 0.802863 0.694196 0.806167 0.691716 0.807269 0.689980 0.806718 0.686756 0.803965 0.684276 0.797357 0.681052
0 0.784692 0.696677 0.776982 0.697917 0.769824 0.700397 0.765969 0.703373 0.765419 0.706349 0.767621 0.709077 0.780286 0.712054 0.789648 0.713046 0.795430 0.710689 0.800000 0.706845 0.800551 0.704117 0.796696 0.700471 0.795705 0.697917 0.788546 0.696677
0 0.514042 0.709722 0.510463 0.712798 0.504405 0.724950 0.509361 0.727927 0.518722 0.728919 0.526982 0.728175 0.537996 0.724702 0.538546 0.720486 0.531388 0.719246 0.528634 0.718006 0.525441 0.716022
0 0.527533 0.702133 0.517896 0.704315 0.515969 0.709821 0.516300 0.710813 0.531388 0.718998 0.534141 0.719742 0.536894 0.719742 0.543502 0.718006 0.546256 0.714534 0.549559 0.712798 0.549559 0.705109 0.541300 0.702381 0.536344 0.701885
0 0.481828 0.708829 0.479075 0.710069 0.476322 0.712798 0.473623 0.718725 0.481278 0.724950 0.482379 0.728423 0.491740 0.728423 0.501652 0.724777 0.508811 0.717014 0.509361 0.712798 0.504405 0.710317 0.500551 0.709325
0 0.466410 0.706349 0.456498 0.706845 0.445154 0.710293 0.437445 0.712376 0.434141 0.714286 0.433370 0.717808 0.434471 0.721230 0.438326 0.724206 0.447687 0.727183 0.455396 0.728423 0.460407 0.727034 0.466244 0.723810 0.469989 0.719692 0.473568 0.716270 0.476322 0.713046 0.476322 0.708829
0 0.471916 0.687500 0.463601 0.687351 0.452698 0.690228 0.448238 0.694742 0.449780 0.699033 0.456498 0.703125 0.462004 0.705357 0.475220 0.706597 0.483480 0.705109 0.487335 0.698413 0.487335 0.695685 0.485132 0.691468 0.478524 0.688244 0.475220 0.687500
0 0.495154 0.687376 0.502753 0.687376 0.507709 0.688740 0.518722 0.693452 0.526487 0.697173 0.524504 0.701612 0.518888 0.703547 0.513216 0.705357 0.508260 0.706101 0.496696 0.706076 0.487390 0.702480 0.488436 0.698413 0.486839 0.692312 0.487941 0.688690
0 0.403634 0.709325 0.397577 0.710813 0.392621 0.713046 0.386454 0.717237 0.390969 0.722966 0.396476 0.725446 0.403634 0.727183 0.412445 0.727927 0.422357 0.727431 0.426211 0.726438 0.429515 0.724702 0.429350 0.717932 0.429626 0.713566 0.422907 0.709821 0.412996 0.708333
0 0.369328 0.708705 0.361399 0.712624 0.353084 0.716493 0.351872 0.719494 0.351872 0.721478 0.352478 0.723264 0.355727 0.724702 0.360132 0.725942 0.373899 0.726190 0.381608 0.725446 0.384361 0.724702 0.388216 0.720982 0.387115 0.716518 0.382709 0.714782 0.377093 0.710367
0 0.343612 0.698909 0.334251 0.699405 0.325441 0.701637 0.321586 0.703373 0.318282 0.708085 0.318833 0.710565 0.322687 0.714534 0.329846 0.717262 0.339758 0.718750 0.346366 0.718750 0.351872 0.717758 0.367291 0.709077 0.364537 0.704365 0.361784 0.702381
0 0.291850 0.698413 0.289648 0.700645 0.280837 0.704613 0.278634 0.708085 0.279185 0.716022 0.281388 0.718998 0.286894 0.722222 0.290749 0.723214 0.301211 0.723462 0.314978 0.721230 0.321586 0.716518 0.316630 0.704613 0.312775 0.701885 0.306167 0.700397 0.300110 0.698165
0 0.308370 0.682788 0.302313 0.684524 0.296256 0.689236 0.293502 0.692956 0.295154 0.695188 0.307819 0.700645 0.316630 0.702629 0.326542 0.701141 0.338656 0.698165 0.339758 0.697421 0.339207 0.689236 0.333921 0.686235 0.328139 0.684028 0.319383 0.682540
0 0.368943 0.686260 0.359581 0.685516 0.346366 0.687004 0.343612 0.687996 0.340859 0.690476 0.340308 0.695188 0.340859 0.696925 0.344163 0.698909 0.351872 0.700397 0.360077 0.699851 0.364868 0.699206 0.368943 0.697917 0.373899 0.693700 0.373899 0.689236
0 0.378304 0.692460 0.370044 0.696925 0.366740 0.700645 0.366740 0.704117 0.368943 0.707837 0.384912 0.711558 0.395925 0.711310 0.399229 0.710069 0.409141 0.708333 0.414648 0.705357 0.411894 0.701141 0.394824 0.693452 0.387665 0.691964
0 0.421256 0.692212 0.417952 0.694196 0.414648 0.700893 0.417401 0.708085 0.419053 0.709077 0.430066 0.712302 0.439978 0.712302 0.450991 0.708333 0.453744 0.705853 0.452643 0.701141 0.443282 0.695437
0 0.384912 0.682292 0.381057 0.684772 0.381608 0.687996 0.384361 0.690972 0.395925 0.694196 0.404736 0.698661 0.413546 0.700397 0.419604 0.690476 0.417952 0.684524 0.416300 0.682540 0.404736 0.679563 0.395374 0.680308
0 0.366189 0.668899 0.361233 0.667907 0.351322 0.667659 0.340859 0.669147 0.330947 0.672619 0.328744 0.676091 0.328744 0.678571 0.330396 0.681052 0.333150 0.683036 0.343062 0.687004 0.353524 0.686756 0.364537 0.684524 0.372247 0.680060 0.374449 0.678075 0.374449 0.673611 0.370044 0.670387
0 0.265969 0.706101 0.246696 0.709077 0.243943 0.710069 0.241740 0.712550 0.240088 0.716270 0.241189 0.720734 0.247797 0.724206 0.256057 0.725942 0.263767 0.725694 0.268722 0.724702 0.276982 0.720982 0.278634 0.718998 0.279185 0.715030 0.277533 0.709821 0.274229 0.707837
0 0.257159 0.689732 0.246696 0.689484 0.241740 0.690228 0.238436 0.691964 0.234581 0.696677 0.233480 0.701637 0.238987 0.706597 0.247247 0.708333 0.257709 0.707341 0.267070 0.705357 0.269824 0.703621 0.271476 0.701141 0.271476 0.696677 0.263767 0.691716
0 0.230727 0.701885 0.213106 0.704365 0.204295 0.709325 0.202093 0.712798 0.202093 0.716518 0.204295 0.718502 0.212004 0.720982 0.218612 0.721726 0.227974 0.721478 0.232930 0.720734 0.239537 0.717510 0.243392 0.708333 0.236784 0.703869
0 0.295705 0.660962 0.291300 0.662698 0.281388 0.669643 0.291300 0.675843 0.299119 0.676811 0.317181 0.677331 0.323623 0.675198 0.327808 0.672098 0.329515 0.669271 0.328855 0.666493 0.325441 0.661210 0.318833 0.658978 0.306718 0.658978
0 0.274229 0.653026 0.254956 0.653522 0.250551 0.654266 0.242181 0.660590 0.239648 0.664087 0.241300 0.667882 0.244548 0.670585 0.250110 0.672371 0.256553 0.673338 0.265419 0.672867 0.271476 0.670139 0.275881 0.663194 0.276982 0.659474
0 0.204295 0.660218 0.197137 0.661954 0.192731 0.664931 0.192731 0.666419 0.197687 0.671627 0.203744 0.674851 0.206498 0.675347 0.218062 0.675595 0.223018 0.674851 0.226872 0.673363 0.229075 0.670883 0.229075 0.665675 0.226872 0.663690 0.221366 0.660962 0.213106 0.659474
0 0.247797 0.671875 0.237885 0.671627 0.232379 0.672371 0.226872 0.673859 0.222467 0.676835 0.221916 0.682044 0.229626 0.686508 0.238436 0.689484 0.245044 0.688740 0.256608 0.686260 0.260463 0.681796 0.261564 0.677083 0.259912 0.675347 0.257159 0.674107
0 0.221916 0.682540 0.213106 0.682292 0.202093 0.684276 0.185573 0.691964 0.184471 0.692956 0.185022 0.697421 0.186674 0.698909 0.193833 0.702133 0.203194 0.704117 0.212004 0.703869 0.217511 0.702133 0.222467 0.699653 0.224670 0.697421 0.228524 0.688988 0.226872 0.685516
0 0.194383 0.675843 0.189978 0.675347 0.180066 0.675843 0.167952 0.677579 0.160793 0.679563 0.158590 0.681300 0.158535 0.687351 0.168282 0.690848 0.177863 0.691716 0.185573 0.690724 0.192181 0.688740 0.197687 0.685516 0.199339 0.682044 0.198789 0.678075
0 0.146476 0.700893 0.144273 0.703869 0.145925 0.709077 0.154185 0.713542 0.161454 0.715203 0.171916 0.715551 0.186674 0.712302 0.188326 0.708829 0.182819 0.702381 0.176211 0.699901 0.170154 0.698661 0.158040 0.698413 0.152533 0.698909
0 0.133811 0.683284 0.126652 0.685020 0.123348 0.687252 0.122247 0.688740 0.122797 0.694196 0.125000 0.696181 0.128304 0.697421 0.143722 0.699901 0.161894 0.693452 0.163546 0.689236 0.159692 0.686756 0.153084 0.684524 0.144824 0.683284
0 0.124559 0.696329 0.115639 0.697173 0.107930 0.700893 0.107379 0.701885 0.107930 0.709077 0.117291 0.714286 0.126101 0.714534 0.133260 0.712550 0.138767 0.709325 0.142070 0.705109 0.142621 0.701141 0.141520 0.700149 0.138601 0.699281 0.129075 0.697966
0 0.062225 0.703869 0.060573 0.709077 0.060132 0.710838 0.066079 0.713046 0.080947 0.714534 0.089207 0.714286 0.102423 0.712302 0.105176 0.710813 0.106828 0.709127 0.092511 0.703125 0.083150 0.702381 0.073238 0.700645 0.068282 0.701017
0 0.109031 0.686756 0.099670 0.685516 0.083150 0.689980 0.076542 0.693204 0.071586 0.696925 0.072687 0.700149 0.079295 0.702133 0.091960 0.702381 0.102974 0.699405 0.107379 0.697421 0.111784 0.693700 0.112335 0.689236
0 0.056718 0.674603 0.047357 0.675347 0.034692 0.677579 0.022577 0.689236 0.024229 0.693700 0.030286 0.697173 0.039097 0.699157 0.047907 0.699405 0.052863 0.698413 0.059471 0.695685 0.062225 0.693452 0.066630 0.685516 0.066079 0.681300 0.058370 0.676835
0 0.091410 0.664683 0.082048 0.664931 0.078194 0.666419 0.067181 0.667907 0.062225 0.669395 0.059471 0.673115 0.060022 0.675347 0.064427 0.679315 0.070485 0.681548 0.083150 0.682540 0.088656 0.681300 0.093612 0.679067 0.095264 0.675595 0.095264 0.670139 0.093612 0.665923
0 0.115639 0.665427 0.106278 0.666419 0.099119 0.669643 0.099119 0.678075 0.102423 0.684028 0.111784 0.687252 0.118943 0.687996 0.129956 0.684028 0.133260 0.682044 0.136564 0.673611 0.134361 0.669395 0.129956 0.666667 0.126101 0.665675
0 0.150881 0.653274 0.141520 0.654266 0.136564 0.655506 0.132159 0.657490 0.130507 0.660714 0.131057 0.666171 0.134361 0.668899 0.143172 0.673115 0.152533 0.674107 0.165584 0.668824 0.168337 0.665749 0.170154 0.660962 0.168502 0.656994 0.165749 0.655258 0.161344 0.654018
0 0.080396 0.654514 0.079846 0.658978 0.082048 0.662450 0.086454 0.663690 0.094163 0.664311 0.102698 0.664187 0.112720 0.663368 0.122081 0.661210 0.129405 0.658482 0.127203 0.654266 0.117841 0.649058 0.101322 0.647321 0.090308 0.647569 0.083700 0.650298
0 0.051762 0.660218 0.036344 0.659970 0.030837 0.660466 0.024780 0.661954 0.018172 0.665923 0.015419 0.670139 0.020374 0.672867 0.031388 0.675843 0.041300 0.676091 0.055617 0.673363 0.059471 0.670387 0.060022 0.665923 0.056718 0.661210
0 0.056718 0.643353 0.049009 0.641369 0.039097 0.642113 0.031938 0.644097 0.025881 0.646825 0.023678 0.650546 0.029736 0.656994 0.038546 0.658234 0.047907 0.658730 0.059471 0.655754 0.062775 0.652530 0.063877 0.649802 0.061674 0.646577
0 0.050110 0.625744 0.046256 0.628224 0.045154 0.630952 0.048458 0.635417 0.058370 0.640873 0.064978 0.642113 0.074890 0.642609 0.084802 0.639633 0.088656 0.635665 0.088656 0.630456 0.084802 0.627728 0.077093 0.625744 0.066079 0.624504
0 0.094714 0.632440 0.090308 0.634673 0.088656 0.639633 0.090859 0.643353 0.095815 0.646577 0.108480 0.648313 0.117841 0.647520 0.128304 0.644593 0.134361 0.638889 0.134912 0.634425 0.123348 0.631696 0.116740 0.630952 0.105727 0.630952
0 0.142621 0.629712 0.138767 0.630952 0.136013 0.633929 0.131608 0.642361 0.132709 0.646329 0.137115 0.648562 0.140419 0.649306 0.152533 0.649306 0.159141 0.647817 0.163546 0.646081 0.165749 0.643353 0.165198 0.639385 0.156938 0.632688 0.144824 0.629712
0 0.194383 0.623264 0.188877 0.622520 0.178965 0.623264 0.171806 0.624752 0.164648 0.627480 0.160793 0.630704 0.161344 0.635169 0.167401 0.639137 0.178965 0.640625 0.187225 0.640129 0.192181 0.638641 0.195485 0.635169 0.196586 0.632192 0.202093 0.627232
0 0.094163 0.619048 0.092511 0.623760 0.096366 0.627976 0.102423 0.630208 0.110683 0.630952 0.123899 0.630704 0.135463 0.628472 0.138767 0.626984 0.139317 0.622768 0.132159 0.618304 0.126652 0.616071 0.117841 0.615327 0.101322 0.615823
0 0.159692 0.608383 0.149229 0.607639 0.137665 0.607639 0.133260 0.608135 0.129956 0.609623 0.127203 0.611706 0.128855 0.615575 0.134912 0.620784 0.143172 0.624504 0.148128 0.624008 0.156553 0.621528 0.163436 0.617832 0.165308 0.614286 0.162445 0.609871
0 0.107379 0.596726 0.100771 0.597718 0.095264 0.599454 0.089758 0.603423 0.087555 0.607639 0.099670 0.613839 0.107379 0.615327 0.110132 0.615327 0.118778 0.613715 0.122852 0.611731 0.127478 0.606746 0.126101 0.601687 0.123348 0.598710 0.118392 0.597470
0 0.064978 0.605407 0.062225 0.606399 0.057654 0.610516 0.055782 0.614633 0.055617 0.619048 0.064427 0.624008 0.071586 0.624752 0.077643 0.624504 0.085352 0.622520 0.089207 0.620784 0.093062 0.615327 0.092511 0.611111 0.082599 0.607143
0 0.049009 0.596726 0.045154 0.597222 0.039648 0.600198 0.034141 0.601438 0.030837 0.602927 0.019824 0.611111 0.021476 0.616319 0.029736 0.618998 0.039758 0.620486 0.048458 0.621032 0.053414 0.618552 0.055617 0.614608 0.058590 0.607639 0.058370 0.604663 0.053414 0.598214
0 0.177313 0.596726 0.169604 0.597718 0.164097 0.599702 0.161344 0.602431 0.160793 0.607391 0.165749 0.612847 0.169604 0.614831 0.179515 0.615327 0.187280 0.613690 0.193833 0.613343 0.200991 0.608631 0.202093 0.606647 0.199890 0.603671 0.188877 0.597966
0 0.125551 0.594990 0.125000 0.600446 0.127753 0.603671 0.134361 0.606399 0.144824 0.606151 0.156938 0.604415 0.164648 0.599702 0.164648 0.595486 0.152533 0.591518 0.134361 0.591270
0 0.101872 0.582837 0.095264 0.585565 0.093062 0.587550 0.095264 0.592014 0.100220 0.594494 0.107930 0.596230 0.113987 0.596726 0.121200 0.596255 0.129405 0.591766 0.127588 0.588988 0.122797 0.582589 0.118943 0.581845 0.108480 0.581845
0 0.073238 0.585813 0.062775 0.588046 0.056167 0.590774 0.055617 0.596726 0.058921 0.602183 0.066630 0.604663 0.084251 0.605903 0.088656 0.604415 0.095264 0.599454 0.096366 0.597222 0.095815 0.593006 0.092511 0.589534 0.086454 0.586310 0.084251 0.585813
0 0.045154 0.581597 0.041300 0.580853 0.029736 0.581349 0.021476 0.585317 0.018172 0.590774 0.018172 0.595486 0.021476 0.598958 0.031938 0.599206 0.037996 0.598462 0.051762 0.593998 0.053414 0.592014 0.053414 0.587550 0.051211 0.585069
0 0.230727 0.586558 0.220815 0.586558 0.215308 0.587798 0.209251 0.591766 0.205947 0.595734 0.205396 0.599950 0.209802 0.603671 0.220815 0.604663 0.230727 0.603919 0.242291 0.599702 0.247797 0.595734 0.246696 0.592262 0.245044 0.590774 0.240639 0.589038
0 0.196035 0.581597 0.186674 0.581101 0.178965 0.583829 0.174009 0.590774 0.174559 0.594246 0.177863 0.595982 0.188326 0.596726 0.193833 0.595486 0.204295 0.594246 0.208150 0.592014 0.210352 0.588790 0.208700 0.586062
0 0.134361 0.575645 0.128304 0.579861 0.127203 0.584077 0.130507 0.586806 0.135463 0.589286 0.141520 0.590278 0.153084 0.590526 0.159692 0.589038 0.162445 0.587054 0.163546 0.584573 0.162610 0.579043 0.154736 0.576141 0.144769 0.574454
0 0.099670 0.567460 0.097467 0.568452 0.094163 0.572173 0.095264 0.576389 0.099009 0.580060 0.106278 0.581597 0.120044 0.581349 0.125551 0.580605 0.133260 0.575893 0.133811 0.571925 0.132709 0.570933 0.127753 0.569196 0.114537 0.567708 0.109031 0.566220
0 0.096366 0.579117 0.082324 0.572991 0.074394 0.571280 0.062225 0.571429 0.056718 0.572421 0.051211 0.576141 0.049009 0.580853 0.051762 0.584077 0.055617 0.585565 0.067181 0.586310 0.075991 0.585813 0.080947 0.584573 0.085463 0.583433 0.092511 0.582341 0.096916 0.580357
0 0.012115 0.564236 0.009361 0.566220 0.008260 0.568452 0.014317 0.574405 0.018172 0.576637 0.024229 0.578869 0.031938 0.580357 0.039648 0.580605 0.047907 0.578869 0.055066 0.572421 0.054515 0.568204 0.047907 0.564484 0.031388 0.561260 0.021476 0.561756 0.016520 0.563492
0 0.062775 0.556523 0.058921 0.560020 0.057269 0.562748 0.057819 0.565724 0.058866 0.568229 0.064042 0.570486 0.080396 0.571429 0.090859 0.570933 0.096916 0.568700 0.100991 0.566815 0.102974 0.564732 0.101322 0.560020 0.097467 0.557788 0.083150 0.555804
0 0.021476 0.543899 0.019824 0.548115 0.021476 0.555556 0.025881 0.558532 0.030837 0.560764 0.038546 0.562500 0.049009 0.562500 0.053414 0.561260 0.061123 0.556796 0.062225 0.553075 0.057819 0.550099 0.055066 0.546875 0.048458 0.545139 0.031388 0.543899
0 0.125551 0.552827 0.115088 0.554067 0.105176 0.556548 0.102974 0.558284 0.102423 0.561012 0.112335 0.566964 0.117291 0.568204 0.127753 0.568700 0.134912 0.566716 0.140419 0.561508 0.140969 0.559772 0.139868 0.557540 0.135463 0.554812 0.130507 0.553323
0 0.164097 0.558780 0.150881 0.558780 0.147577 0.559524 0.139317 0.563244 0.137115 0.565228 0.134306 0.568948 0.137115 0.571181 0.140419 0.573413 0.151267 0.574479 0.159031 0.574504 0.166905 0.572495 0.171806 0.570437 0.171806 0.567832 0.172357 0.564484 0.169604 0.561260
0 0.117841 0.540923 0.107379 0.540675 0.099670 0.541667 0.095264 0.542907 0.090859 0.547867 0.090859 0.552827 0.099670 0.555556 0.109031 0.556052 0.117291 0.553819 0.124449 0.553075 0.127203 0.552083 0.129405 0.549355 0.128304 0.546875 0.123899 0.543403
0 0.073238 0.535714 0.064978 0.537698 0.060573 0.540675 0.056718 0.544891 0.057269 0.549107 0.065529 0.554067 0.069934 0.554812 0.077093 0.554812 0.083150 0.553819 0.087004 0.552083 0.090859 0.546875 0.091410 0.542659 0.089758 0.539683 0.082599 0.535962
0 0.151982 0.536210 0.137665 0.541915 0.131608 0.547867 0.132159 0.553075 0.143172 0.557788 0.161344 0.557788 0.166850 0.555804 0.169604 0.553075 0.169604 0.548611 0.166300 0.542659 0.162445 0.539931 0.160793 0.537202
0 0.204295 0.567212 0.197137 0.569692 0.191630 0.572669 0.189427 0.575397 0.189868 0.579539 0.212555 0.586558 0.227974 0.585069 0.230727 0.584077 0.235683 0.578125 0.235683 0.575645 0.232379 0.572669 0.227974 0.570610 0.221916 0.568452 0.213656 0.566964
0 0.235683 0.577629 0.230176 0.584077 0.232379 0.586062 0.236233 0.587798 0.247797 0.589534 0.255507 0.590030 0.265419 0.589782 0.269824 0.588046 0.271476 0.584821 0.269824 0.580109 0.266520 0.577629 0.262665 0.576141 0.257709 0.575149 0.243392 0.575893
0 0.172357 0.553819 0.170154 0.555308 0.170154 0.559524 0.172357 0.564732 0.176762 0.568452 0.186674 0.570685 0.194383 0.569742 0.208150 0.564807 0.208921 0.560764 0.202093 0.556300 0.193833 0.554315 0.180066 0.553323
0 0.231278 0.547123 0.221366 0.546875 0.209251 0.548859 0.207048 0.551339 0.205947 0.557292 0.211454 0.563244 0.220815 0.566716 0.225220 0.566220 0.234581 0.562004 0.239537 0.557788 0.240088 0.552331 0.237335 0.549107
0 0.186123 0.535962 0.175661 0.538442 0.170154 0.540923 0.168502 0.546131 0.170705 0.550595 0.174009 0.552827 0.184471 0.554067 0.189427 0.554067 0.194383 0.553323 0.204846 0.547619 0.206498 0.545387 0.206498 0.540675 0.204846 0.539187 0.199890 0.537450
0 0.182269 0.525298 0.180066 0.529762 0.182819 0.534474 0.191079 0.536458 0.204460 0.536905 0.225771 0.533234 0.230727 0.529514 0.231828 0.525546 0.230727 0.523562 0.219163 0.523810 0.213106 0.523313 0.204846 0.521577 0.196035 0.521329 0.187225 0.522321
0 0.170705 0.512897 0.158590 0.514137 0.153634 0.517113 0.151982 0.521329 0.154185 0.529514 0.159141 0.532242 0.162720 0.534276 0.166795 0.535665 0.169053 0.536706 0.170154 0.536458 0.174009 0.533978 0.178414 0.531002 0.185573 0.521825 0.184471 0.517113 0.181167 0.514385 0.178965 0.513393
0 0.125551 0.518849 0.118943 0.521081 0.117841 0.522073 0.117841 0.535466 0.118943 0.537202 0.125551 0.540923 0.134912 0.542411 0.148678 0.536954 0.151982 0.533978 0.153084 0.531994 0.152533 0.525794 0.150330 0.521329 0.148128 0.520337 0.134912 0.518601
0 0.116189 0.524554 0.111784 0.523562 0.107930 0.523562 0.098018 0.527530 0.088656 0.530010 0.079570 0.533309 0.085352 0.537202 0.091960 0.539187 0.099670 0.540179 0.109031 0.540427 0.113436 0.539435 0.116740 0.537450 0.118557 0.529985
0 0.029736 0.527778 0.022026 0.531498 0.020374 0.533730 0.020925 0.538690 0.025330 0.541915 0.030286 0.543651 0.051211 0.544643 0.056718 0.543899 0.062225 0.539931 0.063877 0.537202 0.062775 0.532490 0.060022 0.529762 0.053965 0.527530 0.049009 0.526538 0.037996 0.526290
0 0.088106 0.516369 0.081498 0.515129 0.073238 0.515873 0.067181 0.517113 0.063877 0.519097 0.056167 0.521825 0.054515 0.525794 0.056718 0.527530 0.061674 0.529514 0.071586 0.531002 0.083150 0.531250 0.090859 0.529018 0.096916 0.525794 0.096916 0.524802 0.091960 0.518849
0 0.041850 0.509425 0.029736 0.509177 0.021476 0.510665 0.013767 0.513641 0.009361 0.517609 0.007159 0.521577 0.011564 0.524802 0.017070 0.526290 0.017896 0.526910 0.022412 0.526860 0.022577 0.527778 0.024780 0.526538 0.042952 0.525546 0.046806 0.524802 0.051762 0.521825 0.053414 0.516865 0.051211 0.513889 0.047907 0.511161
0 0.075441 0.496478 0.065529 0.496280 0.056167 0.496528 0.049559 0.499256 0.047357 0.500992 0.047357 0.507937 0.049559 0.513641 0.056167 0.517857 0.066079 0.517609 0.074339 0.516121 0.077643 0.514633 0.082599 0.510665 0.083700 0.507192 0.083976 0.500124 0.079846 0.497272
0 0.088656 0.504960 0.084251 0.507937 0.083700 0.513641 0.093062 0.519345 0.096916 0.523065 0.099670 0.524306 0.112335 0.522817 0.117841 0.521329 0.123348 0.517857 0.122797 0.513393 0.117841 0.508185 0.110683 0.505456 0.106828 0.504960 0.091960 0.504464
0 0.121696 0.499504 0.118943 0.501240 0.117291 0.506200 0.118392 0.509425 0.125000 0.514881 0.129405 0.517113 0.133260 0.518105 0.143172 0.518849 0.147577 0.518105 0.158040 0.513641 0.159692 0.510913 0.158590 0.508433 0.151432 0.505456 0.143172 0.500744 0.127753 0.499008
0 0.194934 0.501984 0.190529 0.502976 0.185573 0.505704 0.183370 0.509425 0.182819 0.514137 0.187225 0.519593 0.192731 0.520585 0.205396 0.520585 0.213106 0.518849 0.219163 0.516121 0.220815 0.514633 0.219714 0.509673 0.204846 0.502976
0 0.167401 0.490823 0.159692 0.492063 0.149780 0.495536 0.146476 0.497768 0.146476 0.502232 0.160793 0.508681 0.170154 0.509177 0.174559 0.507937 0.178965 0.505704 0.180066 0.496032 0.178965 0.493800 0.175110 0.491319
0 0.125000 0.482639 0.122247 0.483879 0.120044 0.486111 0.120044 0.491319 0.122247 0.496280 0.124449 0.498264 0.135463 0.499504 0.140969 0.497768 0.146476 0.494296 0.144824 0.489583 0.140859 0.486657 0.134361 0.483383
0 0.099670 0.484623 0.089758 0.490079 0.086454 0.496776 0.087004 0.500248 0.088656 0.502232 0.091960 0.503472 0.109031 0.504712 0.113987 0.502976 0.119493 0.498264 0.120595 0.495784 0.119493 0.490575 0.117841 0.488839 0.109581 0.484871
0 0.062225 0.480903 0.053965 0.486111 0.053965 0.490575 0.057819 0.494296 0.064427 0.496032 0.083150 0.496528 0.087004 0.494792 0.089207 0.491071 0.088106 0.486111 0.085352 0.482887 0.082048 0.481399 0.074339 0.479415
0 0.209802 0.467014 0.204846 0.470238 0.203744 0.474950 0.208150 0.478919 0.214758 0.481151 0.221916 0.484623 0.227423 0.485863 0.235132 0.486607 0.243943 0.486111 0.248899 0.483135 0.247797 0.473710 0.238987 0.467014 0.233480 0.465030 0.227974 0.464286 0.220815 0.464286
0 0.175661 0.470734 0.169604 0.472470 0.166300 0.474950 0.165749 0.479167 0.171256 0.487103 0.174559 0.489087 0.183370 0.491319 0.196035 0.492808 0.198238 0.488095 0.200991 0.486607 0.203744 0.483383 0.204295 0.478175 0.202093 0.474950 0.199339 0.472718 0.193833 0.470486 0.186674 0.469742
0 0.143722 0.475694 0.139868 0.476687 0.136564 0.478423 0.134912 0.481895 0.136013 0.483879 0.141244 0.486434 0.145705 0.490055 0.148183 0.491419 0.151927 0.492063 0.159141 0.491592 0.163546 0.490575 0.168943 0.486086 0.168007 0.482440 0.162941 0.480010 0.150441 0.476339
0 0.044604 0.489335 0.030286 0.488591 0.024780 0.491567 0.018722 0.498016 0.017621 0.501488 0.022026 0.505952 0.025881 0.507118 0.035242 0.505630 0.041300 0.504762 0.045430 0.503671 0.048458 0.500248 0.053414 0.496776 0.055066 0.494048 0.052863 0.492063
0 0.029185 0.472222 0.021476 0.475694 0.018722 0.478175 0.020374 0.482639 0.030286 0.487599 0.037445 0.488343 0.047632 0.487103 0.053965 0.485863 0.058370 0.482639 0.058921 0.478423 0.048458 0.472470 0.037996 0.471230
0 0.051762 0.461062 0.047357 0.462550 0.044053 0.466518 0.045705 0.470734 0.050661 0.474454 0.056718 0.477431 0.062225 0.479167 0.065529 0.479663 0.072687 0.478423 0.074890 0.476935 0.075991 0.473958 0.080396 0.470486 0.081498 0.466766 0.078744 0.463790 0.074339 0.461310 0.064427 0.460317
0 0.083700 0.468254 0.075991 0.473958 0.076542 0.478671 0.085903 0.482391 0.094163 0.483879 0.103524 0.484127 0.108480 0.483383 0.111784 0.477927 0.110683 0.474454 0.106828 0.469494 0.102974 0.468254 0.094163 0.467510 0.088656 0.467510
0 0.040749 0.456349 0.034141 0.455605 0.024229 0.455853 0.018722 0.456597 0.015969 0.458085 0.014868 0.462302 0.015969 0.467014 0.021476 0.471974 0.030837 0.471478 0.034692 0.470486 0.041300 0.467758 0.047357 0.463294 0.047357 0.458829
0 0.136013 0.463542 0.126101 0.463542 0.118392 0.464534 0.111233 0.466766 0.109031 0.468998 0.108480 0.471478 0.111233 0.475446 0.115088 0.477431 0.125000 0.480159 0.128855 0.479911 0.135463 0.478423 0.140969 0.474950 0.142070 0.472470 0.141520 0.466766 0.139317 0.464782
0 0.156388 0.451141 0.143722 0.445933 0.134361 0.445213 0.129846 0.446255 0.119493 0.453373 0.117841 0.457341 0.118392 0.462054 0.120595 0.463046 0.123348 0.463294 0.136013 0.463046 0.152203 0.459896 0.156498 0.457912 0.158480 0.455605
0 0.100220 0.443700 0.091960 0.444444 0.088106 0.446925 0.080947 0.448909 0.078744 0.450893 0.074339 0.459077 0.077093 0.463046 0.082048 0.465774 0.102423 0.466270 0.110132 0.465278 0.115474 0.462426 0.118392 0.455853 0.116740 0.452133 0.112885 0.448661 0.104075 0.445685
0 0.028084 0.446677 0.027533 0.447669 0.034692 0.454861 0.050661 0.459821 0.053965 0.460317 0.067731 0.460069 0.073789 0.457341 0.078194 0.451141 0.079295 0.446925 0.073238 0.443948 0.061674 0.441964 0.046256 0.441716 0.039097 0.442708
0 0.038546 0.429812 0.035793 0.433780 0.035793 0.437004 0.039097 0.440476 0.041300 0.440972 0.053414 0.441220 0.082048 0.439484 0.080947 0.435516 0.074890 0.433284 0.071586 0.430060 0.065529 0.428075 0.056718 0.427083 0.047357 0.426835 0.040749 0.428571
0 0.109581 0.430308 0.101322 0.433532 0.098568 0.435764 0.097467 0.440724 0.101322 0.443948 0.108645 0.445957 0.115584 0.446453 0.127203 0.446925 0.136564 0.444692 0.139317 0.443204 0.139868 0.438988 0.133811 0.436012 0.131057 0.433036 0.127753 0.431548 0.117841 0.429563
0 0.151432 0.422371 0.140969 0.425099 0.133480 0.430134 0.134471 0.435243 0.141520 0.440228 0.149229 0.441468 0.162610 0.440799 0.173458 0.439062 0.176267 0.437178 0.178965 0.432540 0.175110 0.426091 0.169053 0.422867 0.163546 0.422123
0 0.180066 0.431548 0.177863 0.435268 0.177863 0.439732 0.180066 0.441716 0.185573 0.443700 0.197687 0.444196 0.212445 0.441939 0.221916 0.439732 0.221916 0.438492 0.219163 0.436260 0.213106 0.433284 0.204570 0.432168 0.197137 0.429315 0.186674 0.428819 0.182819 0.429563
0 0.215694 0.415749 0.210958 0.413368 0.204846 0.411210 0.194934 0.411706 0.182819 0.415179 0.175110 0.421131 0.173458 0.424107 0.180066 0.428075 0.187775 0.428819 0.205011 0.428199 0.213161 0.425843 0.217621 0.423041 0.219163 0.418155
0 0.150330 0.401786 0.145374 0.403522 0.140969 0.407986 0.143722 0.413442 0.148128 0.417411 0.151982 0.418403 0.156938 0.420883 0.160793 0.421875 0.170154 0.421627 0.176211 0.417659 0.179515 0.412450 0.178965 0.406746 0.177313 0.404266 0.169604 0.401538 0.159692 0.400794
0 0.136013 0.410714 0.125000 0.410962 0.119493 0.411706 0.114537 0.413690 0.112885 0.415179 0.112885 0.420883 0.115088 0.426091 0.118392 0.428571 0.125551 0.431052 0.133260 0.430060 0.135463 0.427579 0.141520 0.423611 0.145374 0.415923 0.143722 0.413690 0.139868 0.411458
0 0.106278 0.415675 0.099670 0.414683 0.080396 0.417163 0.069383 0.423859 0.068282 0.428075 0.072137 0.431052 0.080947 0.434524 0.090308 0.435516 0.095264 0.435268 0.099119 0.434524 0.106828 0.430804 0.110683 0.426835 0.111233 0.420387 0.110132 0.418155
0 0.042952 0.413690 0.039648 0.415923 0.039097 0.420635 0.043502 0.424603 0.047907 0.426091 0.053414 0.426587 0.063877 0.426091 0.074890 0.420139 0.074339 0.415923 0.066079 0.413690 0.052313 0.412698 0.046806 0.412698
0 0.358480 0.546875 0.352423 0.547371 0.348568 0.548363 0.344714 0.551091 0.343612 0.553571 0.346366 0.559524 0.349119 0.562004 0.351872 0.563492 0.361233 0.563740 0.365639 0.562500 0.371145 0.559772 0.375000 0.556548 0.377203 0.552331 0.375551 0.549851 0.373348 0.548611 0.366740 0.547371
0 0.343062 0.571925 0.343062 0.572917 0.355727 0.578373 0.357379 0.580109 0.361233 0.581349 0.371145 0.582341 0.378304 0.581349 0.381057 0.579861 0.383260 0.576389 0.383260 0.571925 0.381057 0.569692 0.377753 0.568204 0.366740 0.567956 0.359031 0.569940 0.347467 0.570933
0 0.299009 0.605655 0.292952 0.606895 0.285793 0.610615 0.284141 0.614335 0.284692 0.616567 0.286894 0.618800 0.291850 0.620784 0.298458 0.621776 0.309471 0.621528 0.317181 0.619792 0.320485 0.618056 0.322137 0.616071 0.322137 0.611111 0.317181 0.607639 0.309471 0.606151
0 0.352423 0.613591 0.343612 0.614831 0.340859 0.617063 0.334802 0.619792 0.331498 0.623016 0.331498 0.627480 0.333150 0.631200 0.334802 0.632688 0.343062 0.634673 0.352974 0.634177 0.360132 0.632440 0.362335 0.630456 0.363436 0.622272 0.361784 0.620288 0.355176 0.617560
0 0.334802 0.648313 0.329295 0.650298 0.324890 0.654018 0.322687 0.658234 0.328194 0.663194 0.332599 0.664931 0.341410 0.666915 0.344163 0.667163 0.352423 0.666419 0.361784 0.662946 0.363436 0.657986 0.359031 0.654266 0.350771 0.650298
0 0.395374 0.657986 0.376652 0.657242 0.370044 0.657986 0.367291 0.658978 0.365088 0.661458 0.366189 0.666419 0.371696 0.670635 0.377203 0.672867 0.379405 0.672867 0.390419 0.670139 0.399780 0.666171 0.399229 0.661706
0 0.407489 0.663690 0.400881 0.666171 0.399229 0.668155 0.399725 0.674529 0.400441 0.677455 0.404736 0.678571 0.410683 0.680432 0.422081 0.681101 0.431718 0.677827 0.436123 0.673859 0.437225 0.669643 0.426211 0.664187 0.413546 0.662946
0 0.432819 0.646329 0.422302 0.644717 0.411344 0.648313 0.406938 0.650050 0.404185 0.653274 0.401982 0.658730 0.404185 0.660962 0.408040 0.662450 0.411894 0.663194 0.430066 0.662946 0.439427 0.658978 0.441630 0.655010 0.441079 0.651290 0.439427 0.649554
0 0.421806 0.631696 0.412445 0.631696 0.405286 0.632937 0.395925 0.633681 0.391520 0.634921 0.389317 0.638889 0.404185 0.645833 0.414648 0.646577 0.423458 0.643849 0.427313 0.639137 0.427313 0.634673
0 0.378304 0.620288 0.376652 0.622272 0.377753 0.627728 0.379956 0.628720 0.387665 0.629712 0.392070 0.630704 0.395925 0.632440 0.403084 0.633433 0.409692 0.632688 0.417952 0.630456 0.420154 0.627976 0.420705 0.622768 0.418502 0.620784 0.411894 0.618304 0.395925 0.616319 0.388216 0.616319
0 0.463271 0.675794 0.463381 0.681969 0.474119 0.685516 0.481828 0.686756 0.492291 0.686756 0.501101 0.685516 0.501101 0.675595 0.500000 0.674355 0.492952 0.669246 0.480892 0.668676
0 0.458150 0.675099 0.450441 0.674107 0.438877 0.674851 0.433921 0.676835 0.430066 0.679563 0.419053 0.684028 0.417952 0.685268 0.419053 0.687252 0.426762 0.691964 0.432269 0.693452 0.441630 0.693948 0.447687 0.692956 0.454956 0.689211 0.458425 0.685119 0.462004 0.677083
0 0.447137 0.652530 0.441079 0.661458 0.444383 0.668403 0.448238 0.671627 0.454846 0.673611 0.466960 0.673363 0.471916 0.672123 0.479075 0.668155 0.480176 0.665179 0.478524 0.662698 0.468062 0.656002 0.458700 0.653770
0 0.533590 0.674107 0.525330 0.673859 0.512665 0.675843 0.504956 0.679315 0.503855 0.680804 0.504956 0.686012 0.507159 0.687996 0.517070 0.691468 0.526982 0.691964 0.538546 0.688988 0.542401 0.687500 0.550661 0.682044 0.549009 0.678571 0.544053 0.677579
0 0.561123 0.682292 0.552313 0.682292 0.539097 0.688740 0.530837 0.691220 0.526982 0.693204 0.528084 0.697173 0.533040 0.699653 0.537445 0.701141 0.551762 0.703869 0.556718 0.702629 0.564427 0.699157 0.566079 0.697669 0.566630 0.685268 0.564978 0.683780
0 0.613436 0.687004 0.609031 0.685516 0.595815 0.683284 0.587004 0.685020 0.574890 0.685764 0.569383 0.687252 0.567731 0.688988 0.567181 0.694692 0.568282 0.696429 0.572137 0.699405 0.576542 0.701389 0.587555 0.702877 0.603524 0.699157 0.608480 0.697173 0.615088 0.689732
0 0.576542 0.665179 0.571586 0.666419 0.566079 0.669891 0.563326 0.673363 0.563326 0.678571 0.566630 0.682292 0.569934 0.684276 0.575991 0.685268 0.581498 0.685268 0.589207 0.684524 0.595815 0.682540 0.599119 0.678571 0.598018 0.674430 0.592126 0.670015 0.587445 0.667832 0.580947 0.665799
0 0.518722 0.656250 0.516520 0.656250 0.512115 0.657490 0.498899 0.666419 0.498348 0.669891 0.500551 0.672123 0.508811 0.674603 0.519273 0.674851 0.524229 0.673859 0.528029 0.670883 0.529681 0.666865 0.529791 0.661855 0.525330 0.657490
0 0.555066 0.658978 0.551762 0.658978 0.543502 0.661210 0.538546 0.661706 0.534141 0.663938 0.530286 0.669643 0.531388 0.672371 0.533590 0.673859 0.542401 0.677331 0.551211 0.678571 0.555066 0.678075 0.561674 0.676091 0.567731 0.666915 0.567731 0.665179 0.565529 0.662202 0.560573 0.659722
0 0.487335 0.649058 0.483480 0.649554 0.471916 0.653522 0.471366 0.655258 0.473018 0.658234 0.481278 0.663442 0.484581 0.664931 0.491740 0.666419 0.500000 0.665427 0.506057 0.662450 0.509361 0.658978 0.509361 0.654514 0.505507 0.652282 0.498348 0.649802 0.493943 0.649058
0 0.544604 0.644097 0.538546 0.644593 0.534141 0.645833 0.528084 0.649802 0.524780 0.653522 0.524780 0.655010 0.527533 0.658234 0.534471 0.660565 0.544053 0.660962 0.552203 0.657937 0.554350 0.655704 0.554791 0.652976 0.552533 0.649107 0.549119 0.646528
0 0.598018 0.645585 0.591410 0.644345 0.585903 0.644097 0.578194 0.645585 0.561564 0.649578 0.556883 0.653348 0.557104 0.657143 0.559031 0.659325 0.569934 0.663690 0.576542 0.664683 0.587004 0.664187 0.600055 0.657416 0.602478 0.654886 0.602588 0.651860 0.601322 0.647817
0 0.517621 0.634177 0.507709 0.635665 0.502203 0.638145 0.495154 0.644395 0.495980 0.648090 0.500000 0.650050 0.509912 0.652778 0.517786 0.652555 0.524504 0.650446 0.530121 0.646528 0.532654 0.642386 0.531498 0.639187 0.530837 0.637401 0.528084 0.636161
0 0.560573 0.629464 0.553414 0.630952 0.544989 0.634102 0.542511 0.638244 0.542841 0.641766 0.548568 0.646205 0.561123 0.648562 0.570485 0.647817 0.578194 0.645585 0.582489 0.642163 0.582544 0.638542 0.575991 0.631696 0.569383 0.629960
0 0.612885 0.640873 0.606828 0.642609 0.601322 0.645833 0.604075 0.652034 0.609031 0.654514 0.615639 0.656002 0.620044 0.656498 0.628304 0.656002 0.631112 0.653646 0.634526 0.651066 0.635463 0.645089 0.632159 0.643105 0.626652 0.641617
0 0.655286 0.650546 0.643722 0.651786 0.634912 0.654266 0.630672 0.657564 0.630176 0.660689 0.632874 0.663591 0.643722 0.667411 0.658040 0.668651 0.666300 0.667907 0.672357 0.664534 0.675881 0.662227 0.676211 0.658482 0.673623 0.655258 0.669053 0.652530 0.662996 0.651042
0 0.640419 0.669643 0.640969 0.673115 0.646476 0.682044 0.653634 0.685516 0.663106 0.687078 0.665639 0.686582 0.675275 0.684549 0.683645 0.681672 0.686289 0.677927 0.685187 0.673909 0.680947 0.671528 0.671200 0.668204 0.664648 0.668155 0.656388 0.668899 0.645925 0.668155
0 0.621696 0.670883 0.609581 0.673859 0.603524 0.676339 0.598513 0.679464 0.599119 0.682292 0.602974 0.684276 0.615088 0.687004 0.630507 0.687748 0.640969 0.685516 0.643722 0.684028 0.644218 0.681597 0.642676 0.677282 0.638216 0.671875 0.632159 0.671131
0 0.691630 0.699901 0.669604 0.698661 0.653084 0.701141 0.649780 0.702877 0.649229 0.706349 0.650330 0.708581 0.656388 0.713294 0.663546 0.715278 0.669604 0.715030 0.674559 0.714038 0.677863 0.712550 0.689427 0.709325 0.693833 0.705605 0.693833 0.701141
0 0.682269 0.683284 0.670705 0.686756 0.666850 0.688740 0.666300 0.693700 0.667952 0.696429 0.670705 0.698413 0.681167 0.699653 0.691079 0.699901 0.694934 0.698413 0.698238 0.695188 0.702643 0.692956 0.704295 0.689236 0.699890 0.686012 0.695485 0.684276 0.691630 0.683532
0 0.707599 0.676091 0.701542 0.677579 0.698238 0.679067 0.696035 0.681548 0.697687 0.684524 0.701542 0.687748 0.708150 0.690228 0.716960 0.690724 0.720815 0.690228 0.728524 0.686012 0.727974 0.681300 0.723568 0.678075 0.719163 0.676091
0 0.709802 0.691220 0.705396 0.692212 0.697137 0.696925 0.694934 0.700149 0.696035 0.705357 0.697687 0.707341 0.703744 0.710317 0.708150 0.711310 0.718612 0.711558 0.728524 0.709573 0.734031 0.706101 0.734581 0.700893 0.732930 0.696677 0.730727 0.694444 0.726322 0.693452 0.721916 0.691468 0.718062 0.690972
0 0.774780 0.691964 0.769273 0.690972 0.755507 0.690724 0.742291 0.691468 0.735683 0.694444 0.733480 0.696429 0.733480 0.698413 0.737335 0.703869 0.742841 0.706101 0.748899 0.706845 0.753304 0.706845 0.763216 0.704365 0.775330 0.697669 0.776432 0.692956
0 0.774780 0.685268 0.770925 0.682540 0.760463 0.679812 0.754405 0.680804 0.740639 0.681548 0.736233 0.683036 0.734031 0.685764 0.737885 0.688740 0.741740 0.690228 0.749449 0.690972 0.770925 0.690724 0.773678 0.689732
0 0.731278 0.664435 0.728524 0.665923 0.724670 0.669891 0.725220 0.674107 0.728524 0.678571 0.733480 0.680804 0.737885 0.681300 0.752753 0.681052 0.760352 0.679514 0.763106 0.673363 0.761178 0.669097 0.757709 0.666667 0.752753 0.664931 0.744493 0.663194 0.736233 0.663442
0 0.728524 0.661954 0.717511 0.659226 0.709802 0.658730 0.692181 0.660466 0.687225 0.661706 0.682985 0.662550 0.678634 0.664757 0.680286 0.669568 0.687059 0.675992 0.697742 0.677753 0.702643 0.676835 0.711674 0.673859 0.720044 0.669940 0.725055 0.664881
0 0.728249 0.648065 0.725771 0.646329 0.714648 0.645759 0.707599 0.644841 0.697687 0.645337 0.691079 0.646329 0.686013 0.650372 0.689152 0.654762 0.699890 0.658730 0.709802 0.658730 0.720705 0.656200 0.728800 0.654638 0.729515 0.650099
0 0.683921 0.629712 0.676762 0.630456 0.664097 0.633929 0.660242 0.635913 0.651046 0.641369 0.652148 0.646329 0.657489 0.648313 0.662445 0.650298 0.672907 0.652778 0.685022 0.651538 0.689868 0.646081 0.691079 0.640129 0.688491 0.635789 0.688326 0.630952
0 0.660242 0.625000 0.648128 0.623016 0.637665 0.622520 0.627753 0.623760 0.619879 0.624702 0.616244 0.627133 0.617181 0.631820 0.620099 0.635888 0.630507 0.639881 0.639868 0.639881 0.642621 0.639385 0.655562 0.634524 0.663546 0.627480 0.662996 0.626240
0 0.585903 0.624256 0.578194 0.626736 0.575991 0.631200 0.579295 0.634921 0.587555 0.639881 0.595264 0.642857 0.603800 0.642510 0.609747 0.640600 0.616905 0.635789 0.617786 0.632862 0.617291 0.629464 0.611784 0.626736 0.598018 0.624008 0.592511 0.623760
0 0.573789 0.613442 0.569934 0.612103 0.560573 0.611855 0.550110 0.616567 0.547357 0.618800 0.546806 0.624752 0.547907 0.627480 0.551762 0.629464 0.568998 0.627778 0.576046 0.625769 0.582048 0.624008 0.581938 0.619296 0.580176 0.616344
0 0.506057 0.621528 0.503855 0.623016 0.505507 0.627976 0.508811 0.629712 0.525330 0.634425 0.535793 0.634673 0.540749 0.633681 0.542015 0.632118 0.544769 0.628671 0.546806 0.625992 0.545705 0.622024 0.542401 0.620536 0.534141 0.619048 0.524780 0.618304 0.509912 0.620288
0 0.473568 0.628472 0.471916 0.630208 0.470595 0.633557 0.487335 0.638889 0.496145 0.639385 0.501101 0.638641 0.505507 0.635169 0.506057 0.632440 0.504956 0.626736 0.501101 0.624504 0.489537 0.624008
0 0.436674 0.638393 0.437225 0.643105 0.442731 0.649554 0.449890 0.652034 0.457599 0.653274 0.466410 0.653770 0.474670 0.652282 0.480892 0.649479 0.484637 0.644866 0.483260 0.638938 0.479075 0.636409 0.466300 0.634226 0.461454 0.633929 0.455396 0.634673 0.447137 0.637401
0 0.455947 0.622024 0.449890 0.620784 0.445485 0.620784 0.426211 0.623264 0.422357 0.624752 0.421256 0.626240 0.422357 0.631200 0.431718 0.636657 0.437225 0.637649 0.447687 0.636905 0.459251 0.633433 0.464758 0.630952 0.465308 0.626736
0 0.413546 0.603175 0.412445 0.603919 0.410793 0.612351 0.416189 0.619246 0.422357 0.621776 0.427863 0.622520 0.438161 0.621329 0.442070 0.620040 0.449780 0.616543 0.452313 0.613814 0.452919 0.610764 0.449504 0.608482 0.444934 0.605407 0.432819 0.603671 0.428965 0.602183 0.421256 0.601687 0.416850 0.602927
0 0.476101 0.610466 0.468612 0.609871 0.462555 0.610615 0.454846 0.615079 0.453744 0.619544 0.458150 0.623016 0.465308 0.626736 0.475771 0.626240 0.482269 0.621850 0.486509 0.621577 0.489537 0.620040 0.488711 0.615228 0.484581 0.612599
0 0.443282 0.595486 0.442731 0.599702 0.444934 0.602679 0.448789 0.605903 0.456498 0.608879 0.463656 0.609871 0.474119 0.609375 0.476872 0.608879 0.482599 0.605060 0.485297 0.601091 0.485958 0.597396 0.484581 0.594990 0.479075 0.592262 0.471916 0.591270 0.457599 0.591518
0 0.507709 0.609623 0.506608 0.610863 0.506773 0.613343 0.519273 0.617063 0.534141 0.619296 0.540859 0.619271 0.543557 0.617361 0.545319 0.613294 0.543888 0.610020 0.541850 0.606399 0.538546 0.605159 0.535242 0.604663 0.524229 0.604663 0.517621 0.605407 0.511564 0.607391
0 0.587555 0.596478 0.578194 0.595734 0.569934 0.597396 0.551211 0.596974 0.548458 0.598958 0.549009 0.602927 0.555066 0.608383 0.561674 0.610615 0.575991 0.612351 0.579295 0.612351 0.587004 0.610367 0.590749 0.604018 0.590694 0.599876
0 0.547907 0.585069 0.543007 0.589559 0.543667 0.594196 0.547357 0.595238 0.551211 0.596726 0.569934 0.597222 0.577148 0.595809 0.582764 0.594444 0.588106 0.592262 0.583700 0.588095 0.576927 0.584573 0.568888 0.581399 0.558921 0.581101 0.550385 0.582391
0 0.434471 0.563492 0.429515 0.565972 0.425110 0.571677 0.425661 0.575893 0.428965 0.578621 0.435022 0.580605 0.446035 0.581597 0.457709 0.580506 0.466465 0.578720 0.471035 0.575719 0.471090 0.571999 0.466024 0.567163 0.461454 0.564236 0.448789 0.562252 0.438877 0.562252
0 0.398678 0.548859 0.397577 0.551091 0.398128 0.553819 0.407489 0.556796 0.412996 0.562500 0.417401 0.564484 0.421256 0.565228 0.426211 0.564980 0.435683 0.562054 0.439372 0.559722 0.441244 0.557639 0.440474 0.554911 0.435132 0.552133 0.430066 0.548611 0.424559 0.547619 0.410793 0.546875 0.403634 0.547371
0 0.498899 0.546379 0.491189 0.545387 0.485683 0.547619 0.472467 0.549355 0.461454 0.553571 0.458700 0.556796 0.460903 0.559276 0.467511 0.562748 0.473018 0.564236 0.483866 0.563839 0.491244 0.561607 0.495485 0.558482 0.501927 0.555630 0.503855 0.554812 0.503855 0.552331
0 0.533590 0.557788 0.523678 0.555804 0.514868 0.555308 0.507709 0.556052 0.499449 0.557788 0.492676 0.560615 0.491740 0.563988 0.495044 0.568948 0.503304 0.573661 0.507159 0.574653 0.518172 0.574653 0.525000 0.572396 0.533866 0.568403 0.537996 0.565724 0.538546 0.563740 0.536344 0.559276
0 0.911894 0.656746 0.900330 0.655010 0.889317 0.655010 0.878855 0.655754 0.870815 0.657093 0.869273 0.662525 0.875991 0.668800 0.881883 0.671230 0.892621 0.671379 0.899229 0.670139 0.905452 0.667138 0.910628 0.663095 0.914648 0.658730
0 0.869383 0.654588 0.864482 0.652827 0.859581 0.651538 0.846916 0.652034 0.840859 0.653522 0.832324 0.656052 0.827423 0.660020 0.827533 0.663641 0.830947 0.665650 0.833040 0.666394 0.841905 0.667808 0.845650 0.664831 0.857544 0.664484 0.865584 0.661880 0.867236 0.660342 0.869218 0.658185
0 0.896476 0.637897 0.890419 0.636657 0.881608 0.636161 0.870595 0.638889 0.863161 0.639782 0.859802 0.644692 0.860132 0.649330 0.873899 0.655506 0.883811 0.655506 0.892070 0.654762 0.897797 0.651711 0.903084 0.646825 0.901542 0.642163 0.900275 0.639732
0 0.918502 0.638641 0.907544 0.638517 0.903744 0.639757 0.902478 0.641295 0.901982 0.651042 0.903084 0.652282 0.908590 0.654018 0.914813 0.653472 0.918943 0.653051 0.923403 0.650620 0.926156 0.647247 0.927368 0.643428 0.925165 0.640699
0 0.853800 0.636062 0.848623 0.634573 0.838656 0.635169 0.833150 0.638145 0.827919 0.643279 0.824339 0.646329 0.823789 0.650546 0.829295 0.651290 0.842070 0.650273 0.855947 0.647495 0.859196 0.644767 0.861289 0.641443 0.857874 0.639013
0 0.787665 0.631895 0.783150 0.633259 0.781498 0.637426 0.779901 0.642708 0.785242 0.646081 0.791850 0.648313 0.800110 0.649306 0.806718 0.649306 0.819383 0.647817 0.828469 0.641691 0.826046 0.639410 0.823238 0.634921 0.818833 0.633185 0.804515 0.630952 0.794604 0.630952
0 0.741189 0.621528 0.734581 0.623264 0.728524 0.626736 0.725771 0.629787 0.736233 0.634425 0.743943 0.636905 0.749449 0.637649 0.755507 0.637649 0.760463 0.636905 0.762555 0.634772 0.765859 0.631200 0.765639 0.626066 0.763326 0.624132 0.759581 0.622098 0.751652 0.620784
0 0.715859 0.602431 0.710903 0.603423 0.702203 0.607168 0.699890 0.609400 0.698238 0.612599 0.695319 0.616096 0.698183 0.618080 0.709251 0.619296 0.724670 0.619296 0.735683 0.615327 0.736784 0.613095 0.735407 0.608011 0.727974 0.603175 0.721916 0.602431
0 0.655837 0.601438 0.645374 0.603919 0.640969 0.606151 0.637665 0.609871 0.632159 0.615972 0.636564 0.619792 0.639317 0.621528 0.651982 0.623760 0.659802 0.623686 0.665694 0.622495 0.670154 0.620784 0.670319 0.615352 0.669989 0.610342 0.665749 0.602431 0.660242 0.601438
0 0.778634 0.603175 0.766520 0.604167 0.759526 0.606796 0.760463 0.614087 0.758811 0.618924 0.763767 0.621528 0.769273 0.623016 0.780837 0.623264 0.789978 0.621205 0.795705 0.617634 0.796200 0.613566 0.794659 0.611037 0.791795 0.608284 0.782874 0.605382
0 0.881608 0.623016 0.884912 0.625000 0.888051 0.626116 0.894273 0.630952 0.903249 0.637029 0.908040 0.638641 0.913987 0.638393 0.925330 0.633755 0.925661 0.631994 0.925165 0.629117 0.917015 0.624901 0.891520 0.622024
0 0.884361 0.624504 0.878304 0.623760 0.870595 0.623760 0.856828 0.624752 0.851872 0.626736 0.849780 0.632961 0.856112 0.638318 0.868172 0.638467 0.884141 0.634970 0.890419 0.633681 0.893722 0.630704
0 0.879736 0.615104 0.874284 0.611830 0.857764 0.608978 0.848128 0.614807 0.844714 0.622768 0.845815 0.624504 0.847467 0.625496 0.855011 0.624554 0.870760 0.622991 0.876762 0.620908 0.881278 0.617882
0 0.833150 0.607887 0.821035 0.606399 0.810573 0.608631 0.802313 0.613343 0.799009 0.617063 0.797907 0.620040 0.799009 0.623016 0.804515 0.627480 0.812225 0.628472 0.822687 0.628472 0.833811 0.624504 0.840639 0.621057 0.845319 0.616766 0.846916 0.614831 0.843612 0.612103
0 0.900496 0.604613 0.883370 0.612475 0.884581 0.615774 0.887115 0.618056 0.893722 0.621280 0.907489 0.623512 0.919273 0.622817 0.923018 0.621677 0.926597 0.616419 0.925826 0.614038 0.921641 0.610938 0.919383 0.609028 0.914648 0.607391 0.909692 0.605159
0 0.860132 0.594494 0.855341 0.595610 0.855011 0.599678 0.857764 0.603795 0.863436 0.609003 0.868392 0.610119 0.880672 0.611830 0.889482 0.610020 0.897797 0.606225 0.899780 0.602827 0.897081 0.599132 0.894659 0.597321 0.888436 0.593700 0.886013 0.592262 0.881608 0.592014
0 0.829460 0.597495 0.824119 0.600918 0.824174 0.604216 0.826267 0.605680 0.847467 0.613591 0.852588 0.611260 0.856993 0.609499 0.860352 0.607292 0.855727 0.601290 0.850441 0.599702 0.835297 0.596825
0 0.800661 0.591022 0.794053 0.593006 0.791300 0.595486 0.793172 0.601562 0.795870 0.604117 0.805617 0.605903 0.813161 0.605283 0.817731 0.603894 0.820925 0.602232 0.823458 0.599752 0.821311 0.596652 0.817291 0.593378 0.814978 0.591270 0.811674 0.590774
0 0.778744 0.583904 0.770925 0.582341 0.765419 0.582589 0.759306 0.583854 0.754681 0.586855 0.750330 0.591989 0.749670 0.596875 0.754130 0.602034 0.760463 0.603423 0.770374 0.602927 0.777478 0.600794 0.787996 0.594668 0.790584 0.591989 0.790474 0.589484 0.787996 0.586434
0 0.742841 0.577381 0.732379 0.577133 0.725771 0.577877 0.717291 0.580134 0.717621 0.584772 0.721476 0.588566 0.725716 0.591791 0.734581 0.595734 0.741300 0.595015 0.749780 0.590898 0.752974 0.586706 0.753579 0.583309 0.750275 0.580159 0.746696 0.578547
0 0.833700 0.579365 0.819273 0.582490 0.818888 0.589311 0.829626 0.594420 0.839758 0.594990 0.848018 0.596230 0.856828 0.592262 0.858480 0.588542 0.856828 0.584325 0.848568 0.579365 0.839758 0.578869
0 0.912996 0.585317 0.905286 0.587054 0.900881 0.589038 0.894604 0.593105 0.898513 0.597867 0.908590 0.601190 0.917401 0.603423 0.923458 0.605903 0.926762 0.606151 0.935022 0.603671 0.933756 0.601835 0.936289 0.599777 0.934967 0.597569 0.931278 0.592063 0.927313 0.587054 0.921256 0.585317
0 0.909141 0.571181 0.895374 0.571925 0.890969 0.574157 0.881167 0.585144 0.885463 0.590774 0.890969 0.592758 0.902533 0.588294 0.911344 0.585813 0.916410 0.583631 0.923954 0.579886 0.924229 0.576984 0.916410 0.574033
0 0.875551 0.566468 0.872247 0.566468 0.862170 0.567584 0.855837 0.571825 0.854956 0.576711 0.857214 0.584325 0.859581 0.586310 0.865088 0.587550 0.871311 0.585640 0.882930 0.582019 0.889923 0.576736 0.890419 0.571429 0.887225 0.570238 0.880617 0.568080
0 0.823789 0.562500 0.821586 0.563492 0.819383 0.568452 0.823238 0.573661 0.829846 0.577133 0.837004 0.578373 0.841410 0.578373 0.845815 0.577629 0.852974 0.575149 0.856278 0.572421 0.856278 0.568204 0.848568 0.565228 0.831498 0.561756
0 0.803414 0.566964 0.797357 0.568204 0.792126 0.570362 0.790308 0.573388 0.790969 0.576687 0.795705 0.580109 0.797357 0.584077 0.796256 0.588046 0.800661 0.589534 0.805617 0.589782 0.817676 0.580407 0.822357 0.575570 0.822137 0.570933 0.817731 0.568204
0 0.549559 0.714286 0.546806 0.715278 0.540198 0.720486 0.541300 0.724702 0.546806 0.729167 0.551762 0.731151 0.570485 0.729415 0.573128 0.726066 0.576542 0.725198 0.576542 0.723214 0.574890 0.721230 0.561123 0.715526 0.552863 0.713790
0 0.299009 0.472470 0.293502 0.474454 0.294053 0.479167 0.296256 0.482639 0.300661 0.486111 0.308921 0.489831 0.317731 0.490575 0.327093 0.485119 0.329846 0.482639 0.330947 0.478919 0.329846 0.476935 0.325441 0.473958 0.318282 0.471974 0.306167 0.471726
0 0.355727 0.509177 0.343062 0.507440 0.322687 0.509673 0.312775 0.512153 0.310022 0.513641 0.308921 0.518105 0.311674 0.521825 0.316630 0.525050 0.324339 0.527282 0.332048 0.527034 0.340419 0.524058 0.345925 0.520089 0.351322 0.516121 0.354626 0.513889 0.356828 0.510169
0 0.533480 0.511086 0.526982 0.509673 0.514703 0.509772 0.509141 0.511706 0.506057 0.515972 0.506057 0.525050 0.506057 0.529266 0.513601 0.528199 0.533315 0.523115 0.540859 0.519370 0.543447 0.516518 0.540969 0.513542
0 0.490639 0.495536 0.482379 0.495288 0.474670 0.496280 0.468612 0.498264 0.466410 0.500992 0.464262 0.506597 0.466189 0.509276 0.476872 0.515129 0.482379 0.516865 0.488326 0.514162 0.499394 0.508408 0.502753 0.506200 0.503304 0.501736 0.501101 0.498760 0.497247 0.496776
0 0.569273 0.494841 0.564978 0.492560 0.553414 0.490327 0.550110 0.490327 0.542401 0.491567 0.537996 0.493800 0.534141 0.497768 0.533590 0.502232 0.534692 0.506200 0.537445 0.506944 0.545154 0.507192 0.555672 0.505159 0.566960 0.500744 0.571641 0.498438
0 0.523678 0.479663 0.515969 0.479663 0.505507 0.481647 0.493998 0.485962 0.493943 0.490823 0.495595 0.493304 0.501101 0.496032 0.507159 0.497272 0.517841 0.495858 0.527478 0.492138 0.531333 0.486880 0.531938 0.483383 0.529736 0.480903
0 0.473018 0.469990 0.466410 0.471478 0.461454 0.473958 0.457599 0.478423 0.458700 0.481151 0.464758 0.486607 0.471366 0.487103 0.482930 0.486607 0.491520 0.483780 0.496476 0.481349 0.499449 0.478919 0.498348 0.474950 0.496696 0.473462 0.489537 0.470982 0.480727 0.469990
0 0.443282 0.477183 0.429515 0.476687 0.424559 0.477927 0.417952 0.480903 0.412996 0.485863 0.414097 0.490575 0.418502 0.495536 0.421806 0.497024 0.430617 0.498016 0.443282 0.495734 0.454460 0.490228 0.459306 0.486508 0.459251 0.482143
0 0.425661 0.459573 0.417181 0.462599 0.416850 0.467758 0.419053 0.470486 0.430617 0.475942 0.438877 0.476687 0.448238 0.476438 0.455396 0.471230 0.456222 0.467708 0.452643 0.461806 0.448789 0.459821 0.439427 0.457341
0 0.403634 0.459077 0.395374 0.458085 0.387115 0.459821 0.379956 0.463790 0.378304 0.466270 0.378304 0.468750 0.380507 0.474702 0.382709 0.476935 0.386013 0.477927 0.392621 0.477183 0.404736 0.473735 0.412775 0.469866 0.414648 0.467262 0.413546 0.464534 0.410242 0.461806
0 0.338106 0.459573 0.335352 0.462550 0.337555 0.466766 0.343612 0.468700 0.360463 0.470114 0.370044 0.470213 0.375000 0.468874 0.376597 0.466220 0.378855 0.462798 0.370044 0.461285 0.367841 0.457093 0.357764 0.454563 0.348018 0.456101 0.343612 0.457093
0 0.394824 0.444444 0.387665 0.443700 0.377203 0.443700 0.368943 0.444940 0.365639 0.446925 0.364537 0.449405 0.365639 0.454861 0.369493 0.458829 0.377753 0.461558 0.386564 0.460317 0.395925 0.457589 0.398678 0.456101 0.399615 0.450298 0.401432 0.447173
0 0.412996 0.445437 0.405837 0.447173 0.401432 0.449405 0.399780 0.451141 0.399229 0.455357 0.401982 0.458085 0.413106 0.461136 0.420980 0.460838 0.425220 0.459499 0.431167 0.457961 0.433535 0.456920 0.434747 0.454241 0.432819 0.449653 0.427533 0.447743 0.419934 0.445685
0 0.351322 0.441468 0.339758 0.443204 0.335903 0.445685 0.334526 0.448909 0.336454 0.451389 0.343062 0.454613 0.353524 0.455109 0.363601 0.451835 0.364262 0.447098 0.361839 0.444618 0.357434 0.442684
0 0.307819 0.437996 0.304515 0.438740 0.299009 0.441716 0.298458 0.444692 0.300110 0.448413 0.303414 0.451141 0.307819 0.452629 0.316079 0.453869 0.322137 0.453373 0.328744 0.450843 0.331553 0.447917 0.333150 0.443204 0.327093 0.440228 0.319383 0.437748
0 0.265419 0.430060 0.262115 0.432788 0.261564 0.436260 0.264868 0.440476 0.267621 0.441468 0.273678 0.442708 0.283040 0.442460 0.291024 0.441171 0.294879 0.439732 0.299009 0.435268 0.294879 0.432316 0.290033 0.430035 0.283095 0.428348 0.273678 0.427083
0 0.321586 0.435020 0.321586 0.436508 0.324339 0.439484 0.335352 0.442237 0.343227 0.442039 0.353029 0.440377 0.355231 0.439087 0.357544 0.436260 0.356278 0.431796 0.350771 0.429315 0.345264 0.428323 0.333700 0.428323 0.331498 0.428819 0.327093 0.430804
0 0.297907 0.422123 0.295154 0.423363 0.290749 0.427207 0.294053 0.431796 0.300110 0.434697 0.306828 0.435689 0.317952 0.435441 0.322137 0.434772 0.325496 0.432341 0.328634 0.427555 0.325991 0.423363 0.320485 0.421379 0.307269 0.420883
0 0.257159 0.413442 0.247247 0.414931 0.242291 0.417163 0.240088 0.419147 0.237885 0.423611 0.237885 0.431796 0.238987 0.432540 0.250000 0.432540 0.259361 0.431548 0.265419 0.429812 0.272577 0.425347 0.273678 0.423115 0.272026 0.418651 0.269273 0.417163
0 0.396476 0.427827 0.388216 0.426835 0.379405 0.427083 0.370540 0.427579 0.362555 0.429762 0.359031 0.432961 0.357544 0.438070 0.361784 0.440724 0.369053 0.443204 0.392126 0.443502 0.399229 0.441146 0.401597 0.439236 0.402258 0.434821 0.399725 0.431076
0 0.412445 0.418403 0.404130 0.419048 0.400606 0.421776 0.398678 0.426091 0.398128 0.428323 0.405286 0.436260 0.410793 0.437996 0.414648 0.437996 0.425110 0.433780 0.433921 0.431796 0.428965 0.428571 0.426872 0.420064
0 0.444108 0.416964 0.432819 0.419891 0.428414 0.422867 0.428414 0.425843 0.429515 0.428571 0.433921 0.431300 0.449339 0.433284 0.460352 0.429812 0.461454 0.428571 0.461454 0.423611 0.459802 0.420387 0.454846 0.418651
0 0.429515 0.432540 0.418502 0.436508 0.416300 0.438740 0.416850 0.443204 0.420154 0.445437 0.430066 0.448413 0.440198 0.448289 0.450441 0.445908 0.452974 0.444568 0.454626 0.442560 0.454846 0.437996 0.452093 0.434772 0.448789 0.433532 0.441079 0.432292
0 0.508811 0.423363 0.502753 0.419891 0.500000 0.419395 0.491740 0.415923 0.472467 0.416419 0.465859 0.417659 0.461454 0.419643 0.462555 0.429563 0.466410 0.431796 0.474119 0.432986 0.483480 0.432812 0.489262 0.431399 0.504956 0.425099 0.508811 0.424107
0 0.453194 0.433780 0.452643 0.436012 0.454846 0.438244 0.456498 0.443700 0.475165 0.443155 0.485683 0.439732 0.487059 0.436285 0.481278 0.434028 0.466410 0.431796 0.455947 0.432044
0 0.471916 0.444196 0.467511 0.443700 0.458150 0.443948 0.444383 0.447917 0.436123 0.449405 0.434471 0.450397 0.434471 0.451885 0.437775 0.456349 0.447137 0.459573 0.455562 0.459077 0.468557 0.453745 0.471090 0.451091 0.472302 0.447222 0.473568 0.445188
0 0.475385 0.443676 0.472522 0.447197 0.471090 0.450868 0.472687 0.453348 0.476322 0.455109 0.481278 0.456845 0.489537 0.458085 0.499835 0.458135 0.507434 0.454489 0.507324 0.452158 0.506222 0.448909 0.502588 0.445833 0.491410 0.443080 0.482379 0.442212
0 0.459251 0.458829 0.456222 0.461409 0.456663 0.465030 0.461454 0.467758 0.465859 0.469246 0.472577 0.469618 0.488106 0.470164 0.500551 0.469246 0.503469 0.467212 0.499449 0.461756 0.496145 0.458581 0.485132 0.457589 0.474670 0.455605 0.462335 0.456473
0 0.535242 0.459077 0.525330 0.459821 0.517621 0.460764 0.511289 0.463046 0.507709 0.466766 0.507599 0.471032 0.515419 0.475942 0.525330 0.479167 0.532985 0.479266 0.545154 0.475099 0.550661 0.470982 0.551101 0.466171 0.547963 0.462426 0.543172 0.460045
0 0.586123 0.471007 0.569108 0.471181 0.557819 0.473462 0.548458 0.477431 0.544218 0.480308 0.543612 0.484449 0.548733 0.487946 0.556167 0.490575 0.563877 0.492312 0.570485 0.493056 0.580562 0.490650 0.588216 0.486086 0.591410 0.482391 0.594163 0.476811 0.595099 0.470784
0 0.595264 0.485119 0.593062 0.486607 0.590859 0.490327 0.589317 0.495809 0.596366 0.501736 0.603689 0.502431 0.614758 0.500025 0.618667 0.497173 0.618392 0.493304 0.608811 0.487054 0.601322 0.486012
0 0.611784 0.469742 0.598623 0.472966 0.594218 0.478299 0.598073 0.482068 0.606002 0.485739 0.612115 0.487227 0.621696 0.486855 0.626817 0.484102 0.630341 0.480655 0.632214 0.477431 0.631333 0.474479 0.628029 0.472173 0.626101 0.470486
0 0.647026 0.472718 0.637004 0.475124 0.633866 0.477976 0.631222 0.481994 0.633260 0.486359 0.636564 0.489335 0.648678 0.491567 0.657819 0.491617 0.663877 0.490154 0.668612 0.487698 0.671256 0.484301 0.671861 0.480382 0.671311 0.477555 0.670154 0.475198 0.665198 0.472966
0 0.676046 0.455283 0.666300 0.452629 0.658590 0.452108 0.651707 0.453323 0.645650 0.456374 0.639923 0.462450 0.640033 0.467312 0.645650 0.472520 0.667401 0.472470 0.677148 0.467287 0.680782 0.464187 0.682269 0.460565 0.681718 0.458333
0 0.689537 0.456151 0.683370 0.456721 0.682930 0.458978 0.681333 0.462227 0.682819 0.467014 0.691079 0.472470 0.698513 0.471801 0.702203 0.470709 0.708976 0.469370 0.714482 0.466443 0.715033 0.462798 0.712885 0.460913 0.706938 0.458036 0.697247 0.455977
0 0.609031 0.452629 0.600000 0.454861 0.598073 0.458953 0.602974 0.465030 0.607379 0.468254 0.611784 0.469494 0.623899 0.469742 0.628579 0.468130 0.637720 0.464707 0.642841 0.458904 0.643722 0.455357 0.630507 0.452381 0.624449 0.451637 0.618392 0.451637
0 0.561123 0.462798 0.562775 0.466766 0.568833 0.469246 0.578194 0.470734 0.588106 0.470734 0.593888 0.469469 0.596090 0.467684 0.597963 0.463963 0.598733 0.462054 0.596145 0.459077 0.589207 0.457589 0.574174 0.457589 0.559912 0.460045
0 0.565253 0.443403 0.560848 0.447024 0.559857 0.453224 0.562059 0.455928 0.568833 0.457341 0.591465 0.457416 0.606278 0.452629 0.607379 0.450397 0.604240 0.447941 0.598018 0.443948 0.591410 0.442460 0.579846 0.441220 0.572137 0.441964
0 0.520760 0.443576 0.516465 0.447321 0.515969 0.451389 0.519824 0.454365 0.525881 0.457341 0.534692 0.459077 0.545705 0.459077 0.552863 0.458085 0.557819 0.455853 0.558866 0.452431 0.559251 0.447594 0.556167 0.444940 0.547412 0.441989 0.530286 0.440972
0 0.499449 0.427827 0.493392 0.430556 0.488987 0.434524 0.486839 0.440005 0.500551 0.444692 0.508811 0.445685 0.516685 0.444891 0.525220 0.442237 0.531388 0.439980 0.527919 0.433606 0.524229 0.430804 0.517070 0.428571 0.509361 0.427083
0 0.551211 0.425595 0.540749 0.428571 0.533590 0.431796 0.529350 0.434152 0.530011 0.437500 0.532489 0.439484 0.534692 0.440476 0.553414 0.443204 0.562335 0.444196 0.568117 0.442088 0.567731 0.439484 0.567181 0.435938 0.566079 0.432589 0.561123 0.427331 0.555066 0.425843
0 0.574780 0.422545 0.566520 0.424529 0.560848 0.425719 0.562775 0.428323 0.567731 0.433284 0.574339 0.437748 0.577643 0.438988 0.587004 0.439732 0.590859 0.438740 0.595264 0.436012 0.600330 0.433408 0.602588 0.431746 0.601982 0.427827 0.595154 0.425397 0.585242 0.423363
0 0.613436 0.430060 0.604626 0.430804 0.591410 0.439236 0.590584 0.442163 0.603249 0.445387 0.612885 0.445188 0.619493 0.445188 0.623073 0.439732 0.622522 0.437054
0 0.656938 0.436508 0.646476 0.436260 0.630231 0.438046 0.628304 0.438988 0.625000 0.440724 0.618943 0.445312 0.617181 0.448537 0.621696 0.449901 0.624449 0.451141 0.638767 0.454365 0.648678 0.454365 0.660242 0.451389 0.665749 0.447669 0.666024 0.443080 0.664097 0.439484
0 0.640419 0.419395 0.629956 0.419643 0.625551 0.420635 0.616905 0.424355 0.613051 0.427827 0.615639 0.432664 0.622797 0.436012 0.629405 0.437996 0.642621 0.436756 0.650330 0.435268 0.652368 0.432664 0.655011 0.427381 0.652808 0.424157 0.645925 0.420809
0 0.696035 0.425595 0.683645 0.425645 0.671806 0.425099 0.664648 0.426339 0.659141 0.428323 0.655286 0.431548 0.655176 0.435193 0.668502 0.441220 0.672357 0.441964 0.675110 0.441964 0.688326 0.439236 0.692896 0.435838 0.696751 0.431052 0.700441 0.427579
0 0.700991 0.438492 0.691079 0.438244 0.687225 0.439732 0.669879 0.443080 0.665914 0.445982 0.664648 0.451389 0.669604 0.453373 0.678414 0.454861 0.682269 0.456349 0.700991 0.455357 0.708315 0.453125 0.712004 0.450942 0.712280 0.446354 0.706773 0.440600
0 0.715859 0.427083 0.708700 0.429315 0.704846 0.431300 0.705396 0.436260 0.712555 0.444940 0.716410 0.447669 0.725771 0.447049 0.732379 0.445561 0.738436 0.441840 0.741189 0.439608 0.741355 0.437302 0.738161 0.434648 0.726597 0.432093 0.721366 0.429067 0.719163 0.427331
0 0.758811 0.444246 0.752753 0.440972 0.743392 0.441220 0.731278 0.446429 0.722632 0.448413 0.710738 0.454663 0.709416 0.456349 0.712280 0.457465 0.715198 0.457341 0.719163 0.456399 0.732379 0.456101 0.745044 0.454613 0.755782 0.451885 0.760573 0.449950 0.762665 0.447421
0 0.748899 0.426091 0.743943 0.427406 0.741355 0.432540 0.743667 0.438120 0.747247 0.440402 0.753744 0.441394 0.761564 0.443700 0.773403 0.442708 0.781112 0.441047 0.786068 0.437946 0.790749 0.435516 0.791850 0.431548 0.787996 0.430060 0.783040 0.426835 0.771035 0.424975 0.758811 0.424851
0 0.803414 0.432540 0.795044 0.433656 0.790198 0.436310 0.787885 0.439410 0.787996 0.444816 0.791024 0.448462 0.796256 0.449901 0.799009 0.450397 0.805066 0.453125 0.813326 0.453621 0.815529 0.451935 0.819934 0.450942 0.826817 0.448363 0.830396 0.443452 0.830947 0.438988 0.824339 0.434028 0.813877 0.432292
0 0.836454 0.423859 0.826597 0.426314 0.823899 0.433259 0.827974 0.436062 0.832048 0.440476 0.836454 0.442460 0.846366 0.443948 0.856828 0.444196 0.864758 0.436210 0.865639 0.431548 0.860132 0.426091 0.851322 0.422619 0.846916 0.422371
0 0.904185 0.434772 0.890969 0.432292 0.879570 0.433457 0.875000 0.435144 0.871145 0.440848 0.872247 0.447917 0.872797 0.451141 0.873899 0.451637 0.882709 0.451141 0.889868 0.449281 0.898678 0.447346 0.906278 0.443452 0.909141 0.439236
0 0.942621 0.428447 0.935022 0.425099 0.925385 0.424802 0.918117 0.426835 0.910683 0.430556 0.905837 0.435144 0.910793 0.439980 0.915308 0.440675 0.926101 0.441791 0.933921 0.441419 0.943172 0.439360 0.947852 0.437252 0.947852 0.435069 0.946476 0.432044
0 0.871696 0.418651 0.864537 0.419395 0.859581 0.421007 0.858921 0.425099 0.866189 0.432044 0.869493 0.433532 0.875000 0.434028 0.884912 0.432540 0.890584 0.429018 0.893612 0.426166 0.895925 0.423859 0.888216 0.420809 0.879956 0.418899
0 0.890584 0.409722 0.886289 0.412004 0.884802 0.416468 0.886178 0.420139 0.891520 0.421627 0.899780 0.425099 0.910242 0.425099 0.917401 0.423611 0.920154 0.419891 0.922522 0.416468 0.920319 0.412698 0.908590 0.408978 0.895099 0.408160
0 0.948238 0.402282 0.943833 0.401290 0.936949 0.401166 0.920430 0.410938 0.921256 0.412202 0.926762 0.415427 0.932819 0.416171 0.942731 0.414509 0.949064 0.411285 0.950716 0.407540 0.949229 0.404563
0 0.916300 0.390625 0.904185 0.392857 0.900881 0.394345 0.889758 0.400050 0.892236 0.404266 0.898678 0.407416 0.905121 0.408358 0.916300 0.409970 0.920154 0.409970 0.924559 0.408978 0.932819 0.402902 0.935573 0.400843 0.936949 0.398760 0.935573 0.396577 0.925110 0.391617 0.920154 0.390625
0 0.850771 0.385913 0.849670 0.389137 0.852423 0.392857 0.856828 0.396081 0.860683 0.398065 0.881883 0.401339 0.889758 0.399802 0.896916 0.395833 0.899780 0.392485 0.898238 0.388442 0.891244 0.385665 0.874449 0.383929 0.863436 0.383929 0.852974 0.385169
0 0.863436 0.398810 0.855562 0.400918 0.850220 0.406002 0.854626 0.410045 0.856112 0.417212 0.859196 0.418403 0.864537 0.418651 0.878965 0.417956 0.884637 0.416047 0.886564 0.411954 0.885738 0.408904 0.882985 0.404886 0.881057 0.402579 0.876101 0.400843
0 0.846641 0.406052 0.838656 0.405506 0.829460 0.405754 0.822963 0.407242 0.817456 0.409722 0.813326 0.413368 0.813216 0.418155 0.816079 0.420437 0.821586 0.422619 0.830947 0.424107 0.848018 0.422123 0.853524 0.419345 0.855452 0.416468 0.854626 0.411260 0.851046 0.407316
0 0.786344 0.415923 0.782764 0.417981 0.783315 0.426017 0.787996 0.429688 0.793337 0.431845 0.802863 0.431548 0.807819 0.430060 0.814152 0.427455 0.815969 0.425149 0.817346 0.422917 0.815419 0.420015 0.811123 0.418651 0.803414 0.416171 0.798458 0.415675
0 0.768722 0.407614 0.759361 0.406994 0.756608 0.407490 0.747247 0.412450 0.744493 0.415427 0.744493 0.424107 0.746145 0.424851 0.753304 0.425347 0.759361 0.424603 0.770374 0.424355 0.773844 0.421999 0.779075 0.420089 0.782489 0.416468 0.781388 0.414236 0.777423 0.411334
0 0.769273 0.399802 0.768172 0.400298 0.768172 0.404514 0.772026 0.407986 0.781938 0.413194 0.786894 0.414931 0.796806 0.415179 0.802313 0.414187 0.811564 0.408234 0.814703 0.404315 0.812775 0.400298 0.807269 0.398065 0.798458 0.397073 0.786344 0.397073
0 0.725771 0.398810 0.721366 0.401042 0.720815 0.404762 0.725496 0.410144 0.733095 0.413864 0.743943 0.413194 0.751377 0.407812 0.753029 0.405060 0.751652 0.402282 0.744659 0.400670 0.735683 0.398562
0 0.724559 0.409846 0.718062 0.408234 0.708150 0.409226 0.696586 0.414683 0.694383 0.416915 0.693282 0.420139 0.694383 0.422123 0.697137 0.423611 0.706498 0.425099 0.717511 0.424851 0.730286 0.422173 0.733480 0.419940 0.732104 0.416171 0.729791 0.412698
0 0.657654 0.411582 0.655011 0.415228 0.655011 0.418204 0.659141 0.421503 0.664097 0.423611 0.670705 0.424851 0.682819 0.425099 0.690529 0.423363 0.692731 0.420883 0.690694 0.415625 0.685022 0.411210 0.674009 0.408978 0.662610 0.409549
0 0.656388 0.404688 0.660242 0.408482 0.664648 0.409722 0.674119 0.408730 0.682269 0.410714 0.691189 0.409921 0.693447 0.407812 0.694934 0.404266 0.687225 0.402530 0.665198 0.401042 0.660793 0.402282
0 0.623348 0.404266 0.621145 0.405258 0.617181 0.406820 0.616740 0.410962 0.619659 0.415377 0.624615 0.418576 0.631883 0.419320 0.639868 0.419147 0.647192 0.417981 0.653469 0.415129 0.656938 0.411458 0.660242 0.407986 0.656938 0.405754 0.650881 0.404390 0.642070 0.403274 0.629956 0.403026
0 0.602423 0.409970 0.596366 0.410962 0.581773 0.416915 0.575441 0.420313 0.579846 0.422495 0.603524 0.427331 0.611784 0.426265 0.619218 0.422867 0.621696 0.419320 0.619879 0.415352 0.616905 0.412252 0.612885 0.410466
0 0.169604 0.263889 0.161894 0.267609 0.161894 0.271577 0.169604 0.277778 0.174559 0.279762 0.178414 0.280506 0.187225 0.281002 0.197137 0.280258 0.202093 0.276786 0.203744 0.273065 0.203194 0.269593 0.198789 0.265625 0.187775 0.263145 0.175661 0.263145
0 0.722467 0.522569 0.718612 0.525050 0.718612 0.529762 0.720815 0.533234 0.729075 0.537450 0.734581 0.538938 0.744493 0.539435 0.753855 0.537202 0.761013 0.533730 0.762115 0.528770 0.753304 0.524802 0.743392 0.522321 0.736233 0.521577 0.725771 0.521577
0 0.701542 0.548611 0.694383 0.550843 0.689427 0.554067 0.687775 0.557044 0.689978 0.560764 0.699339 0.564980 0.706498 0.565724 0.716960 0.565228 0.719714 0.562252 0.724119 0.560268 0.727423 0.557044 0.725220 0.552579 0.720264 0.550099 0.710903 0.548115
0 0.743943 0.560268 0.741189 0.563492 0.741189 0.565476 0.743943 0.568452 0.752203 0.569940 0.770374 0.569444 0.774780 0.568452 0.778634 0.565476 0.778634 0.563492 0.774780 0.560516 0.763767 0.556548 0.758260 0.556300 0.751652 0.556796
0 0.812775 0.542907 0.809471 0.544891 0.808370 0.549603 0.809471 0.552579 0.816079 0.557292 0.821586 0.559028 0.828194 0.558780 0.839758 0.556300 0.843612 0.554812 0.846366 0.552827 0.846916 0.549058 0.839317 0.545387 0.830396 0.542411
0 0.863987 0.551091 0.856278 0.550843 0.847467 0.551587 0.841410 0.556300 0.841410 0.561508 0.843062 0.564236 0.856278 0.568204 0.865639 0.567460 0.868392 0.566716 0.875551 0.563492 0.878304 0.560516 0.877203 0.556052 0.875551 0.554563 0.870044 0.552331
0 0.900881 0.546875 0.889317 0.546875 0.885463 0.547371 0.879405 0.551091 0.877753 0.554067 0.878304 0.562252 0.880507 0.565476 0.884912 0.567212 0.892621 0.567708 0.904736 0.565724 0.908040 0.563988 0.914097 0.558532 0.915198 0.556796 0.914097 0.552331 0.907489 0.548611
0 0.935573 0.554315 0.922907 0.555556 0.917952 0.557044 0.911894 0.560268 0.907489 0.564484 0.904901 0.567485 0.908205 0.570933 0.912445 0.572421 0.920264 0.574603 0.930562 0.573909 0.937004 0.573165 0.941134 0.570982 0.943998 0.568651 0.943722 0.561235 0.939042 0.557093
0 0.904791 0.536086 0.902533 0.540675 0.902533 0.545635 0.905286 0.547867 0.914648 0.552083 0.921806 0.554067 0.926211 0.554563 0.933260 0.552158 0.941685 0.548487 0.943062 0.545734 0.940584 0.542783 0.932324 0.539360 0.921971 0.536880 0.919053 0.535466
0 0.833150 0.536954 0.833700 0.541667 0.852423 0.549355 0.857930 0.550099 0.864152 0.549430 0.868282 0.547941 0.871751 0.544643 0.872577 0.541047 0.871035 0.537128 0.868557 0.535640 0.864537 0.533978 0.855176 0.533730 0.848568 0.534226
0 0.892070 0.525298 0.882985 0.525570 0.873899 0.527753 0.869383 0.531523 0.870485 0.536483 0.876101 0.542163 0.880507 0.544395 0.888767 0.546131 0.892070 0.546131 0.898458 0.542708 0.903359 0.539137 0.903965 0.535590 0.904240 0.532664 0.899394 0.527951 0.896200 0.526662
0 0.861784 0.511409 0.856278 0.512153 0.853524 0.513393 0.847467 0.513889 0.843502 0.515972 0.842566 0.523264 0.848018 0.527034 0.854626 0.529762 0.861233 0.530754 0.866905 0.530134 0.871751 0.528968 0.881333 0.524826 0.882214 0.520437 0.879515 0.516716 0.870650 0.513938 0.866189 0.511409
0 0.906553 0.514831 0.898183 0.519965 0.895540 0.525099 0.904736 0.531002 0.908590 0.532738 0.917952 0.534226 0.924725 0.533805 0.932874 0.532986 0.936233 0.531300 0.941960 0.528894 0.942786 0.526017 0.941630 0.521701 0.933921 0.518899 0.918502 0.515377
0 0.900330 0.498760 0.890419 0.499504 0.878469 0.500496 0.874504 0.502480 0.871035 0.505878 0.868282 0.510094 0.871421 0.512822 0.879956 0.516121 0.886564 0.517857 0.900330 0.518353 0.903139 0.516245 0.906002 0.513715 0.907654 0.510169 0.905066 0.505010 0.902037 0.502406
0 0.935573 0.500744 0.920154 0.500992 0.914648 0.501488 0.905782 0.502852 0.906112 0.506572 0.910242 0.513145 0.912445 0.514633 0.916850 0.515377 0.925716 0.515154 0.930341 0.513864 0.937775 0.511161 0.946200 0.509449 0.946586 0.503993 0.943337 0.500397
0 0.932324 0.484921 0.926762 0.483135 0.916300 0.484127 0.911894 0.486111 0.906938 0.490327 0.904736 0.494048 0.905837 0.497024 0.911344 0.500000 0.915749 0.500744 0.931718 0.500744 0.936123 0.500248 0.939427 0.498760 0.938822 0.494792 0.940253 0.490675 0.938051 0.487351
0 0.890969 0.482887 0.883260 0.482143 0.873348 0.483631 0.863987 0.487599 0.860683 0.490079 0.857930 0.493800 0.858480 0.495536 0.862885 0.498264 0.873348 0.500496 0.883811 0.500496 0.894383 0.498065 0.898403 0.496156 0.900606 0.493998 0.900496 0.490526 0.896200 0.486310
0 0.943282 0.465278 0.925110 0.466022 0.912170 0.468279 0.909857 0.471106 0.910242 0.474702 0.909141 0.479142 0.916850 0.482143 0.920705 0.482887 0.927863 0.483135 0.936949 0.479563 0.948293 0.474678 0.953194 0.470486 0.951542 0.468750
0 0.911344 0.455605 0.909692 0.455109 0.899780 0.454861 0.881057 0.456845 0.871145 0.458829 0.867346 0.460342 0.866465 0.463318 0.872797 0.468750 0.881608 0.471974 0.890529 0.471081 0.900936 0.466791 0.906443 0.461954 0.912996 0.460317 0.914097 0.458085
0 0.694934 0.388145 0.687775 0.389881 0.683921 0.392113 0.683370 0.397321 0.685022 0.400546 0.689427 0.402778 0.699339 0.405010 0.707048 0.406002 0.710903 0.406002 0.717511 0.404514 0.724670 0.398313 0.725220 0.395089 0.724119 0.392361 0.717511 0.388641 0.710903 0.387401 0.702093 0.387401
0 0.638767 0.386161 0.632159 0.388641 0.628304 0.395585 0.628855 0.400546 0.630507 0.401786 0.637115 0.403026 0.656938 0.403522 0.670154 0.398313 0.671256 0.395833 0.667401 0.391865 0.661894 0.389385 0.649229 0.386409
0 0.751652 0.381200 0.737885 0.384921 0.732930 0.388641 0.732379 0.393105 0.736784 0.397073 0.740088 0.398810 0.746145 0.399802 0.761564 0.400546 0.765969 0.398065 0.768172 0.393849 0.768172 0.389881 0.765969 0.383433 0.764868 0.382192 0.761564 0.381200
0 0.767621 0.382937 0.765969 0.385169 0.769273 0.390377 0.775330 0.393105 0.786894 0.396329 0.804515 0.396329 0.811123 0.393105 0.815529 0.388889 0.814427 0.384673 0.808370 0.381696 0.803414 0.380456 0.781388 0.380952
0 0.819934 0.389633 0.816079 0.391617 0.812775 0.396081 0.813326 0.401042 0.819934 0.405010 0.829295 0.406250 0.848568 0.405010 0.854626 0.402530 0.856278 0.401042 0.856278 0.396081 0.848018 0.390625 0.841410 0.389137 0.832599 0.388145 0.828744 0.388145
0 0.811123 0.370288 0.807269 0.372768 0.806167 0.378720 0.807269 0.380952 0.812775 0.383929 0.818833 0.385913 0.827643 0.386905 0.839758 0.386905 0.843612 0.385169 0.843612 0.380456 0.841410 0.376240 0.835903 0.371776 0.831498 0.370040 0.824890 0.369296 0.818833 0.369296
0 0.759361 0.364087 0.750551 0.367808 0.748348 0.369792 0.746696 0.374008 0.748899 0.376984 0.752753 0.378968 0.763767 0.381200 0.770925 0.381696 0.779185 0.380952 0.781938 0.378968 0.782489 0.375992 0.781388 0.372520 0.777533 0.368056 0.769824 0.363591
0 0.651982 0.374752 0.650330 0.376488 0.650881 0.384921 0.656388 0.388145 0.665198 0.390377 0.675661 0.390377 0.681167 0.389633 0.691079 0.386905 0.696586 0.380456 0.688877 0.374008 0.679515 0.372272 0.664097 0.372024 0.659141 0.372520
0 0.690529 0.365823 0.687225 0.368800 0.687225 0.373264 0.689427 0.374256 0.693282 0.377976 0.699339 0.380704 0.710352 0.380704 0.717511 0.379712 0.727974 0.374752 0.732379 0.369792 0.731278 0.367560 0.727974 0.366071 0.718062 0.363839 0.702093 0.363839
0 0.656938 0.357391 0.650330 0.361111 0.650330 0.366071 0.653084 0.369544 0.655837 0.371032 0.660242 0.371776 0.682819 0.372272 0.685573 0.369792 0.685573 0.364583 0.679515 0.359127 0.674559 0.357143 0.665749 0.355655
0 0.621145 0.389633 0.607379 0.389633 0.599670 0.390377 0.595264 0.391369 0.587004 0.396329 0.587555 0.401042 0.589758 0.403026 0.595815 0.406746 0.602423 0.408730 0.613436 0.408978 0.620044 0.406250 0.627203 0.401538 0.628855 0.396577 0.628304 0.392361 0.625000 0.390377
0 0.627753 0.374504 0.613436 0.371528 0.603524 0.372024 0.598568 0.373016 0.594714 0.374752 0.589207 0.380208 0.590859 0.385169 0.596366 0.388145 0.601322 0.389385 0.611233 0.389633 0.621696 0.389137 0.638767 0.384921 0.637115 0.379712 0.633811 0.376984
0 0.629405 0.359871 0.620044 0.362103 0.611784 0.365079 0.610132 0.369544 0.613436 0.371280 0.624449 0.373512 0.629956 0.375744 0.639317 0.375496 0.642621 0.374008 0.648678 0.369296 0.648678 0.363343 0.647026 0.361855 0.639868 0.359871
0 0.936674 0.378968 0.928965 0.381448 0.924009 0.383929 0.921806 0.389137 0.924009 0.391121 0.937225 0.396577 0.941630 0.397321 0.952643 0.396825 0.957048 0.394345 0.961454 0.388889 0.959802 0.383185 0.957048 0.380952 0.951542 0.378968 0.946035 0.378472
0 0.927313 0.369296 0.922357 0.368304 0.916300 0.368056 0.904736 0.372024 0.901982 0.374752 0.898678 0.380704 0.900330 0.383681 0.910242 0.383929 0.923458 0.383185 0.931718 0.380952 0.936123 0.377480 0.936123 0.376488 0.934471 0.375744 0.931718 0.371776
0 0.881057 0.367063 0.873348 0.368056 0.868943 0.369296 0.867291 0.371776 0.866740 0.376984 0.872797 0.383433 0.878855 0.384425 0.885463 0.384425 0.891520 0.383185 0.898128 0.379464 0.900881 0.376736 0.901982 0.372520 0.892070 0.368304 0.886564 0.367312
0 0.960903 0.360119 0.950991 0.359623 0.937775 0.362351 0.931718 0.364831 0.930617 0.369296 0.932819 0.371280 0.934471 0.375000 0.938326 0.376736 0.942731 0.377480 0.944934 0.377232 0.951542 0.373264 0.960352 0.369544 0.963656 0.365575 0.964207 0.361855
0 0.918502 0.349702 0.917401 0.353919 0.925661 0.363095 0.935022 0.363343 0.949394 0.358829 0.952919 0.355258 0.952808 0.352877 0.950275 0.350694 0.943833 0.348710 0.926762 0.347966
0 0.912445 0.351935 0.899229 0.352183 0.890969 0.353075 0.885297 0.355506 0.879460 0.361111 0.878634 0.366270 0.886564 0.367312 0.896476 0.369544 0.899780 0.371032 0.909141 0.370040 0.916244 0.365898 0.919108 0.363095 0.920319 0.360913 0.918117 0.356895 0.913601 0.354043
0 0.838381 0.354563 0.837004 0.357391 0.837004 0.362103 0.838656 0.364831 0.849670 0.369296 0.855176 0.370288 0.861233 0.370040 0.865694 0.367138 0.869989 0.365278 0.871751 0.361706 0.872797 0.357887 0.867841 0.355159 0.862335 0.353423 0.856828 0.352431
0 0.827643 0.353423 0.820485 0.352431 0.812775 0.353423 0.804515 0.355655 0.794604 0.361111 0.794604 0.365327 0.803965 0.368304 0.812225 0.369544 0.830947 0.368304 0.835903 0.365575 0.837004 0.360615 0.834251 0.356647
0 0.743943 0.347470 0.732930 0.347222 0.729075 0.347718 0.720815 0.350942 0.718612 0.353175 0.717511 0.357639 0.721366 0.362599 0.726322 0.365079 0.734581 0.367312 0.745595 0.365823 0.750551 0.364335 0.753855 0.362599 0.759361 0.357639 0.759912 0.353423 0.757709 0.351687 0.751101 0.348958
0 0.673458 0.343502 0.666850 0.345734 0.665198 0.349454 0.666850 0.352927 0.669053 0.354911 0.687225 0.362847 0.691630 0.363591 0.701542 0.356399 0.703744 0.351935 0.702643 0.347222 0.697687 0.343998 0.692181 0.342758 0.680066 0.342758
0 0.748348 0.327133 0.744493 0.326389 0.734581 0.326389 0.727423 0.328621 0.716960 0.333829 0.714207 0.342014 0.717511 0.345982 0.724670 0.347222 0.736233 0.346478 0.746145 0.345238 0.754185 0.342188 0.757214 0.339211 0.754901 0.333879 0.751652 0.328621
0 0.770374 0.334821 0.765419 0.336806 0.762115 0.342014 0.764317 0.345982 0.768172 0.348214 0.773678 0.349454 0.779185 0.349950 0.786454 0.347148 0.791079 0.344370 0.792731 0.342262 0.794053 0.339534 0.791850 0.337798 0.784141 0.335317 0.778634 0.334573
0 0.836454 0.333085 0.826542 0.334077 0.819934 0.336310 0.815529 0.341518 0.814978 0.345982 0.819383 0.350446 0.821586 0.351438 0.830396 0.353423 0.839758 0.353919 0.849670 0.351438 0.851872 0.350198 0.855176 0.345982 0.855727 0.341270 0.851322 0.336558 0.848018 0.334821 0.841410 0.333333
0 0.858480 0.342758 0.856278 0.343750 0.853524 0.349206 0.855176 0.351438 0.869493 0.355903 0.873348 0.357639 0.873899 0.359127 0.882709 0.358631 0.887941 0.353224 0.889482 0.350794 0.890033 0.348165 0.887720 0.344717 0.884416 0.343229 0.879956 0.341518 0.869493 0.341518
0 0.919604 0.330605 0.904901 0.330060 0.898073 0.330729 0.892126 0.333135 0.889152 0.337773 0.891520 0.341741 0.895374 0.344742 0.898128 0.346478 0.906388 0.347966 0.908040 0.348958 0.919053 0.347966 0.922302 0.345015 0.924174 0.343155 0.926817 0.337649 0.926487 0.335293 0.925661 0.332341
0 0.929020 0.336855 0.924945 0.341567 0.929515 0.345734 0.931718 0.346974 0.940529 0.348710 0.950441 0.349454 0.955396 0.349206 0.962555 0.347470 0.964207 0.345734 0.963381 0.341518 0.960518 0.338219 0.956278 0.335441 0.950991 0.333829 0.935407 0.334077
0 0.873899 0.318948 0.864537 0.319444 0.859581 0.321677 0.855176 0.324653 0.850771 0.330605 0.849670 0.334077 0.856278 0.340278 0.863987 0.341766 0.883260 0.341022 0.885463 0.340526 0.890419 0.338046 0.892621 0.334573 0.890584 0.329563 0.885407 0.324678 0.879405 0.322173
0 0.960903 0.324901 0.952643 0.321925 0.942731 0.322421 0.935573 0.324157 0.930066 0.326885 0.927313 0.329861 0.928414 0.334077 0.935022 0.335565 0.942731 0.334077 0.954846 0.334077 0.960352 0.333085 0.963656 0.330357
0 0.927093 0.319172 0.921971 0.315972 0.915198 0.315476 0.910242 0.316220 0.894108 0.322173 0.894769 0.326835 0.898128 0.328621 0.903634 0.330109 0.910793 0.330357 0.917952 0.329861 0.923678 0.327158 0.929791 0.324033 0.929736 0.321553
0 0.934471 0.309028 0.928965 0.310516 0.922192 0.315402 0.933315 0.323735 0.941244 0.322371 0.950716 0.318924 0.953579 0.315675 0.953139 0.313219 0.951542 0.310689 0.948238 0.309276
0 0.898678 0.303819 0.890419 0.303075 0.879405 0.304067 0.875000 0.305556 0.870595 0.308532 0.869493 0.311756 0.871145 0.316716 0.882709 0.322669 0.891520 0.322669 0.906443 0.317510 0.909141 0.316716 0.910242 0.313492 0.908040 0.310268 0.903634 0.306548
0 0.839207 0.316964 0.832599 0.322173 0.832599 0.327133 0.838656 0.332093 0.848018 0.332093 0.857379 0.322421 0.859581 0.318204 0.849670 0.316716
0 0.841850 0.305432 0.835297 0.309375 0.838106 0.315427 0.844163 0.316716 0.848568 0.316716 0.855176 0.317708 0.861233 0.317708 0.865033 0.316022 0.867566 0.313591 0.867566 0.309251 0.865859 0.305680 0.862335 0.304315 0.852974 0.304067 0.847467 0.304563
0 0.812775 0.303323 0.805617 0.306548 0.801156 0.319023 0.804846 0.321825 0.812775 0.323413 0.821641 0.322520 0.829736 0.321081 0.835297 0.318229 0.837665 0.314980 0.835297 0.310268 0.831057 0.308333 0.825441 0.306052 0.817952 0.304340
0 0.797907 0.320437 0.792952 0.320685 0.783811 0.321701 0.778524 0.330630 0.781388 0.334325 0.795705 0.339782 0.809306 0.336508 0.814427 0.334821 0.816079 0.332589 0.816079 0.325645 0.814427 0.324157 0.805617 0.321181
0 0.448238 0.387897 0.437775 0.387401 0.430066 0.389633 0.424559 0.392361 0.424009 0.400050 0.426762 0.404762 0.433370 0.405258 0.448238 0.404514 0.461454 0.398313 0.462555 0.395833 0.458700 0.392113 0.453744 0.389633
0 0.750000 0.315972 0.745595 0.317956 0.745044 0.322421 0.746696 0.326141 0.752203 0.329613 0.759471 0.332862 0.770374 0.332341 0.777037 0.329092 0.781553 0.324678 0.783700 0.321726 0.783590 0.319940 0.775881 0.316716 0.769273 0.315476 0.759912 0.314980
0 0.795705 0.304067 0.786344 0.304812 0.783040 0.308284 0.773678 0.314484 0.777533 0.318452 0.785793 0.320437 0.799559 0.318948 0.803414 0.315228 0.805066 0.311260 0.803414 0.306300
0 0.759912 0.293403 0.753855 0.294395 0.748348 0.296875 0.746145 0.298859 0.744493 0.303075 0.746696 0.306548 0.752203 0.311756 0.757709 0.313740 0.770374 0.314980 0.773678 0.313740 0.784141 0.306796 0.785793 0.302579 0.779736 0.295635 0.770374 0.293651
0 0.795154 0.286210 0.794053 0.286954 0.789758 0.288889 0.786399 0.291890 0.781443 0.296354 0.783040 0.298859 0.787445 0.303571 0.797907 0.303819 0.802919 0.304018 0.814207 0.301042 0.814758 0.298735 0.814427 0.294048 0.812775 0.290923 0.805617 0.288194
0 0.815859 0.293775 0.814537 0.300942 0.823844 0.305680 0.835903 0.307192 0.848568 0.303770 0.857930 0.302579 0.861784 0.299107 0.860297 0.297867 0.856828 0.296379 0.837555 0.292163 0.828744 0.291915 0.821586 0.292411
0 0.769273 0.275546 0.757269 0.278472 0.751267 0.282366 0.749064 0.287599 0.753855 0.290427 0.757159 0.292411 0.767621 0.293403 0.777533 0.294891 0.781718 0.295263 0.789923 0.288244 0.796256 0.282986 0.792401 0.280779 0.783040 0.278026 0.778634 0.276290
0 0.759361 0.293403 0.750441 0.294767 0.745815 0.298090 0.744493 0.303075 0.752203 0.311756 0.759361 0.313988 0.769824 0.314732 0.776432 0.312004 0.783040 0.307540 0.785242 0.304563 0.785242 0.301835 0.781938 0.297371 0.779185 0.295387 0.770925 0.293651
0 0.745044 0.304067 0.742841 0.303075 0.737885 0.302331 0.731828 0.302331 0.724119 0.303571 0.716410 0.307292 0.707048 0.310516 0.709802 0.315724 0.714207 0.317212 0.724670 0.318452 0.734581 0.317956 0.742126 0.315600 0.746421 0.314236 0.750000 0.311508 0.748348 0.307292
0 0.707599 0.288690 0.705947 0.290179 0.707048 0.294395 0.718062 0.297371 0.725275 0.301935 0.733040 0.302133 0.738987 0.301116 0.747797 0.295362 0.749174 0.291865 0.746421 0.289038 0.741740 0.287202 0.726322 0.285466 0.715859 0.285962
0 0.699890 0.294643 0.682819 0.297619 0.680066 0.299107 0.678965 0.302827 0.681718 0.306300 0.692731 0.309524 0.697687 0.310268 0.702643 0.310268 0.713656 0.308284 0.721366 0.304812 0.723568 0.302331 0.721916 0.299107 0.718612 0.297123 0.709251 0.294891
0 0.675661 0.310020 0.672357 0.313740 0.673458 0.319444 0.678965 0.323909 0.682819 0.325149 0.692181 0.325149 0.704020 0.321776 0.708480 0.318080 0.707599 0.314236 0.685022 0.308036 0.681718 0.307788
0 0.654736 0.311260 0.648128 0.312252 0.642070 0.315476 0.639317 0.317956 0.640419 0.322421 0.655837 0.329861 0.660793 0.334077 0.665749 0.335069 0.667952 0.334077 0.670154 0.331349 0.677863 0.327877 0.679515 0.326637 0.679515 0.325149 0.669604 0.312748 0.662445 0.311508
0 0.613436 0.324405 0.606278 0.328621 0.605176 0.331349 0.606828 0.333829 0.615088 0.338542 0.621696 0.340278 0.628304 0.340774 0.642070 0.340278 0.645374 0.339782 0.648128 0.338542 0.651432 0.334077 0.652533 0.330605 0.651982 0.328869 0.648128 0.325893 0.639868 0.324157 0.621145 0.323661
0 0.627203 0.341518 0.624449 0.344990 0.625000 0.349454 0.628855 0.354415 0.638216 0.359375 0.648678 0.359623 0.662445 0.354911 0.663546 0.353919 0.663546 0.349206 0.660793 0.345734 0.656388 0.343006 0.648128 0.340774 0.637665 0.340526
0 0.607379 0.348214 0.594714 0.348958 0.589207 0.350446 0.584802 0.352679 0.580947 0.357143 0.582599 0.360119 0.591410 0.365327 0.595815 0.366319 0.604626 0.366815 0.613987 0.364087 0.620044 0.360119 0.622247 0.353671 0.621145 0.351687 0.617841 0.349950
0 0.599670 0.369048 0.596366 0.367808 0.586454 0.367063 0.575441 0.368552 0.567731 0.370288 0.563326 0.372520 0.561674 0.377480 0.564427 0.380208 0.568833 0.381696 0.577093 0.382937 0.587004 0.382440 0.594163 0.375000 0.598018 0.372520
0 0.541300 0.357143 0.539097 0.361607 0.539648 0.366567 0.542952 0.368800 0.552313 0.370784 0.561123 0.371776 0.572137 0.369296 0.578744 0.366815 0.588656 0.365327 0.580947 0.360119 0.578744 0.357143 0.570485 0.354663 0.561674 0.352927 0.551211 0.353175 0.545154 0.354663
0 0.525881 0.369296 0.522026 0.370784 0.520374 0.372272 0.519824 0.377480 0.534141 0.386905 0.541850 0.387897 0.550110 0.387153 0.558921 0.383185 0.561123 0.381200 0.561123 0.376488 0.558370 0.373760 0.552313 0.371032 0.544053 0.369296 0.536344 0.368800
0 0.585352 0.383681 0.569383 0.381944 0.560573 0.382937 0.553414 0.385665 0.548183 0.388938 0.549119 0.393552 0.557985 0.400397 0.570485 0.400546 0.578855 0.398140 0.584196 0.396131 0.593612 0.389137 0.590859 0.385913
0 0.569383 0.400794 0.560573 0.403026 0.553965 0.408482 0.552313 0.412202 0.553965 0.413938 0.558921 0.415427 0.578744 0.417659 0.583700 0.416171 0.591960 0.411954 0.594163 0.409474 0.594163 0.407242 0.591960 0.404762 0.585903 0.401786 0.579295 0.400546
0 0.533590 0.392857 0.530286 0.393601 0.525881 0.396329 0.520374 0.403770 0.520925 0.406250 0.524780 0.409722 0.529185 0.411210 0.532489 0.411706 0.542952 0.411706 0.549009 0.410962 0.552863 0.409722 0.558921 0.404762 0.558370 0.399058 0.549009 0.393849 0.544053 0.392857
0 0.545154 0.415923 0.546806 0.420139 0.551211 0.423611 0.560022 0.425843 0.573238 0.423115 0.575991 0.421379 0.576542 0.419395 0.572687 0.416915 0.559471 0.414931 0.552863 0.412698
0 0.523678 0.411458 0.516520 0.412698 0.513216 0.414435 0.511013 0.416419 0.509912 0.420387 0.513767 0.426339 0.515969 0.428075 0.525330 0.430804 0.534692 0.430556 0.543502 0.427827 0.547357 0.424355 0.546256 0.419891 0.541850 0.415675 0.526432 0.411458
0 0.511564 0.404762 0.506608 0.404762 0.502753 0.405506 0.496200 0.408705 0.495044 0.411706 0.494493 0.416171 0.500000 0.419147 0.508811 0.419891 0.512280 0.414187 0.516905 0.412500 0.525110 0.411086 0.523678 0.408234 0.517621 0.405506
0 0.449890 0.404018 0.451542 0.408482 0.453744 0.410466 0.458150 0.412698 0.463106 0.414187 0.471366 0.415675 0.485683 0.415675 0.490639 0.415179 0.492841 0.414187 0.497247 0.408482 0.497247 0.404514 0.492841 0.401042 0.488436 0.399306 0.475771 0.398065 0.464207 0.398313 0.453744 0.401786
0 0.449890 0.406002 0.448238 0.405010 0.437775 0.405010 0.425661 0.406498 0.416850 0.410466 0.409141 0.411954 0.410242 0.416171 0.416850 0.418155 0.429515 0.419891 0.449890 0.416915 0.452643 0.415179 0.454295 0.412202
0 0.496696 0.390129 0.493943 0.391617 0.489537 0.396329 0.492291 0.400298 0.500551 0.403770 0.507709 0.404762 0.517070 0.404514 0.521476 0.402034 0.524229 0.399058 0.522192 0.393080 0.517621 0.389385 0.508811 0.388145
0 0.500551 0.378720 0.498348 0.379712 0.493722 0.383358 0.493227 0.386657 0.495650 0.389980 0.501377 0.389162 0.507874 0.387897 0.517401 0.388988 0.525330 0.392361 0.528084 0.391865 0.530837 0.389385 0.530286 0.384425 0.525881 0.380456 0.518172 0.377232 0.507709 0.376984
0 0.468062 0.379712 0.462004 0.381448 0.454846 0.384673 0.453194 0.388889 0.458150 0.391121 0.465859 0.397073 0.473568 0.397817 0.485132 0.397569 0.491740 0.394593 0.493943 0.391865 0.494493 0.388393 0.491189 0.384425 0.482930 0.379464 0.473568 0.378968
0 0.403634 0.393105 0.397026 0.394593 0.389868 0.398562 0.387665 0.401538 0.387665 0.405258 0.389868 0.407738 0.395374 0.409970 0.402533 0.411210 0.412996 0.410962 0.418502 0.409722 0.421806 0.408234 0.422907 0.399554 0.421256 0.396577 0.416850 0.394097
0 0.395374 0.409970 0.386013 0.408978 0.368943 0.414435 0.365639 0.415923 0.363436 0.419643 0.363436 0.422123 0.360683 0.424107 0.368943 0.426835 0.376101 0.425843 0.387115 0.426091 0.396476 0.424851 0.401982 0.422123 0.403634 0.419395 0.400881 0.413194
0 0.909692 0.296627 0.904185 0.298859 0.901432 0.301091 0.900330 0.303075 0.908590 0.310516 0.911894 0.312004 0.915749 0.312500 0.925110 0.312252 0.928414 0.310764 0.930066 0.308284 0.929515 0.303571 0.926762 0.297371 0.924559 0.296379 0.917952 0.295883
0 0.973568 0.294891 0.959802 0.291419 0.952093 0.291171 0.942181 0.291667 0.935022 0.292907 0.930066 0.294891 0.928414 0.298611 0.930066 0.304315 0.932269 0.307044 0.935573 0.308284 0.946586 0.308780 0.952643 0.308532 0.961454 0.306548 0.966410 0.304563 0.969163 0.301587 0.975771 0.299107
0 0.968062 0.277282 0.950991 0.274554 0.940529 0.275794 0.933370 0.279266 0.933921 0.284226 0.936674 0.289187 0.939978 0.291171 0.954295 0.291171 0.961454 0.289187 0.969163 0.282738 0.970815 0.279018
0 0.917952 0.276786 0.912996 0.277530 0.902533 0.283234 0.898128 0.286954 0.901982 0.291915 0.910242 0.295635 0.925661 0.295387 0.933921 0.290923 0.934471 0.285466 0.931718 0.280258 0.929515 0.279266
0 0.877753 0.287698 0.874449 0.288690 0.871696 0.292411 0.868392 0.294643 0.869493 0.298859 0.873348 0.299851 0.880507 0.300347 0.889317 0.302827 0.893172 0.302827 0.897577 0.301835 0.903634 0.298363 0.906388 0.295139 0.900881 0.290427 0.897577 0.288938 0.891520 0.287698
0 0.849670 0.283978 0.845264 0.286706 0.840859 0.291171 0.844714 0.293403 0.856278 0.296131 0.865639 0.296627 0.872797 0.291667 0.873899 0.286954 0.868392 0.284474 0.863987 0.283482 0.855727 0.282986
0 0.839207 0.277034 0.830947 0.276042 0.820485 0.276538 0.816079 0.277282 0.810573 0.279266 0.809471 0.287450 0.813326 0.290179 0.820485 0.291667 0.831498 0.291667 0.839207 0.290427 0.841960 0.289187 0.846366 0.285714 0.847467 0.282490 0.844163 0.279266
0 0.772026 0.267609 0.769273 0.269841 0.769273 0.272569 0.772026 0.275298 0.796256 0.281994 0.801762 0.279266 0.803414 0.275794 0.800661 0.268849 0.796256 0.267361 0.776432 0.267113
0 0.801211 0.267609 0.803965 0.276538 0.808370 0.278026 0.813326 0.278274 0.820485 0.276538 0.836454 0.275546 0.839207 0.274306 0.841410 0.271577 0.840859 0.269593 0.838656 0.268105 0.830396 0.266617 0.812225 0.265377
0 0.855727 0.264881 0.844163 0.269345 0.839758 0.275794 0.842511 0.278770 0.849119 0.282242 0.854626 0.282986 0.865639 0.283234 0.877203 0.280754 0.879405 0.279762 0.879956 0.274306 0.878855 0.267609 0.865088 0.264881
0 0.905837 0.264633 0.892070 0.264385 0.886013 0.265129 0.880507 0.267361 0.878855 0.268849 0.878304 0.274554 0.879405 0.279762 0.883811 0.284970 0.888216 0.287202 0.890969 0.287698 0.895925 0.286954 0.899780 0.285466 0.909692 0.279762 0.912445 0.276786 0.912996 0.275050 0.911344 0.272073 0.910793 0.267361 0.909692 0.265873
0 0.925110 0.254960 0.922907 0.255704 0.916850 0.261657 0.912445 0.264633 0.912996 0.271081 0.915749 0.274058 0.918502 0.275546 0.925661 0.277530 0.935022 0.277034 0.941079 0.275298 0.952093 0.274058 0.954295 0.271577 0.954295 0.267113 0.949890 0.260665 0.942731 0.257192 0.933370 0.255456
0 0.954295 0.238839 0.947137 0.239335 0.938326 0.241319 0.933921 0.244048 0.931718 0.247520 0.934471 0.254960 0.951542 0.259921 0.957599 0.258929 0.962004 0.256944 0.965859 0.252232 0.967511 0.248264 0.967511 0.243552 0.965308 0.241319 0.962004 0.239831
0 0.887665 0.249504 0.886013 0.250992 0.886564 0.257688 0.885463 0.260417 0.888216 0.263889 0.905286 0.264137 0.908590 0.263641 0.917952 0.259921 0.921256 0.255456 0.916850 0.251488 0.909692 0.249752 0.901432 0.249008 0.889868 0.249008
0 0.821586 0.248512 0.811123 0.253472 0.808921 0.255456 0.807819 0.260169 0.811674 0.264137 0.816079 0.265625 0.823789 0.266617 0.836454 0.267361 0.848018 0.267113 0.852423 0.260913 0.852423 0.259425 0.848568 0.254712 0.839207 0.250000 0.830947 0.247768
0 0.751101 0.453869 0.741189 0.454861 0.732930 0.456845 0.730176 0.459077 0.729075 0.463046 0.731828 0.466022 0.738987 0.469990 0.743943 0.471726 0.752753 0.473214 0.757159 0.472470 0.761013 0.469990 0.763767 0.464038 0.763767 0.458333 0.760463 0.455109 0.756057 0.454117