0 0.887471 0.831304 0.886311 0.834783 0.887471 0.843478 0.893271 0.851304 0.900232 0.855217 0.909513 0.855652 0.924014 0.849565 0.928654 0.846087 0.930974 0.842174 0.931555 0.836957 0.929234 0.835217 0.915313 0.832174 0.907773 0.828696 0.901972 0.827391 0.893271 0.827391
0 0.856148 0.826522 0.845708 0.830870 0.839907 0.836522 0.838167 0.840435 0.838747 0.849130 0.842807 0.856087 0.850928 0.862174 0.859629 0.864348 0.866589 0.864348 0.872390 0.861304 0.877610 0.860435 0.881671 0.857391 0.884571 0.846957 0.883991 0.842174 0.881671 0.837826 0.872970 0.829565 0.861949 0.826087
0 0.813805 0.805217 0.804524 0.810435 0.803944 0.813043 0.804524 0.818696 0.808585 0.830435 0.812645 0.834348 0.819026 0.836522 0.826566 0.836957 0.831787 0.836087 0.837007 0.833913 0.843968 0.828261 0.846288 0.823913 0.845708 0.816522 0.842807 0.812609 0.833527 0.805652 0.828886 0.804783
0 0.774362 0.811739 0.767981 0.815217 0.765081 0.819565 0.764501 0.828261 0.766241 0.838696 0.772042 0.842609 0.783063 0.846087 0.792923 0.846087 0.799884 0.844348 0.802204 0.842609 0.807425 0.833913 0.807425 0.826522 0.803364 0.817391 0.800464 0.815217 0.789443 0.810870 0.781903 0.810435
0 0.736659 0.808696 0.730278 0.819130 0.727958 0.825652 0.727378 0.830870 0.730278 0.837391 0.733759 0.840870 0.743619 0.843043 0.752900 0.843478 0.761601 0.841304 0.765081 0.837826 0.764501 0.825217 0.761601 0.819130 0.752900 0.812174 0.743039 0.809130
0 0.695476 0.802174 0.688515 0.806957 0.685035 0.813043 0.683875 0.822609 0.686195 0.829130 0.692575 0.834348 0.699536 0.836957 0.711717 0.836957 0.716357 0.835652 0.726218 0.829565 0.728538 0.825217 0.729698 0.816957 0.726218 0.809565 0.722158 0.804783 0.716357 0.801739
0 0.694896 0.770435 0.687935 0.773043 0.685035 0.775217 0.683875 0.777826 0.683295 0.783478 0.689095 0.795217 0.696636 0.800000 0.700696 0.800870 0.711717 0.800000 0.720998 0.795217 0.729118 0.787826 0.731439 0.783478 0.730278 0.775217 0.726218 0.772609 0.705916 0.769565
0 0.639791 0.782609 0.635731 0.789130 0.634571 0.793913 0.635151 0.800435 0.637471 0.806087 0.645012 0.811304 0.650232 0.812609 0.662413 0.812609 0.678074 0.808696 0.682715 0.805652 0.686775 0.799565 0.687935 0.794348 0.686195 0.789565 0.681555 0.784348 0.675174 0.781304 0.668213 0.779565 0.654292 0.777826 0.642691 0.780435
0 0.680974 0.811304 0.673434 0.810000 0.660093 0.812609 0.647332 0.813043 0.643852 0.816522 0.640951 0.823478 0.633991 0.829565 0.634571 0.835652 0.640951 0.838696 0.649652 0.844783 0.659513 0.845217 0.662413 0.844348 0.672854 0.835652 0.681555 0.825217 0.683295 0.815217
0 0.620650 0.749565 0.615429 0.753913 0.608469 0.763043 0.608469 0.768696 0.610789 0.772609 0.615429 0.775217 0.632251 0.780000 0.643852 0.779565 0.650812 0.776957 0.657193 0.771739 0.657773 0.764348 0.656613 0.759565 0.647332 0.750435 0.638051 0.746957 0.631671 0.746957
0 0.566705 0.740870 0.559745 0.747826 0.558005 0.756522 0.562065 0.762609 0.583527 0.771739 0.591067 0.773043 0.602088 0.772609 0.606729 0.767826 0.606729 0.761304 0.604988 0.749565 0.600928 0.745217 0.585847 0.738261 0.576566 0.738261
0 0.541183 0.713478 0.533063 0.713043 0.522622 0.715217 0.517981 0.718261 0.509281 0.728261 0.507541 0.739565 0.508701 0.744348 0.513341 0.749565 0.517401 0.751739 0.521462 0.752609 0.540023 0.752609 0.543503 0.751304 0.548144 0.743043 0.548724 0.738261 0.544084 0.716957
0 0.498260 0.698261 0.491879 0.698696 0.480278 0.703043 0.475058 0.707826 0.470998 0.713913 0.471578 0.720000 0.480858 0.731739 0.491299 0.735217 0.498260 0.735217 0.504640 0.731304 0.512181 0.722609 0.516821 0.719565 0.519142 0.713913 0.516821 0.708261 0.512181 0.703913 0.505800 0.700435
0 0.461137 0.719130 0.445476 0.719565 0.440255 0.722609 0.437935 0.726522 0.438515 0.730870 0.444316 0.740435 0.445476 0.749565 0.448376 0.753043 0.453596 0.754348 0.459977 0.754348 0.467517 0.751739 0.475058 0.743913 0.479698 0.734348 0.479698 0.731304 0.477378 0.726522 0.470418 0.721739
0 0.481439 0.733913 0.475638 0.745217 0.469258 0.751304 0.468677 0.757826 0.469838 0.760435 0.472738 0.762609 0.480278 0.765217 0.495940 0.765217 0.503480 0.763478 0.507541 0.760870 0.512181 0.755217 0.512761 0.751739 0.511021 0.746957 0.507541 0.743043 0.500000 0.740435 0.487239 0.733478
0 0.504640 0.763478 0.505220 0.769565 0.515081 0.777826 0.527262 0.780870 0.543503 0.782609 0.549884 0.782174 0.552784 0.780000 0.556845 0.770435 0.561485 0.763913 0.558585 0.758261 0.556265 0.756522 0.544664 0.753043 0.517981 0.753478 0.512761 0.755652
0 0.560905 0.765652 0.556845 0.770000 0.551624 0.782174 0.551624 0.786957 0.553944 0.790870 0.559745 0.796522 0.569026 0.799130 0.578306 0.799130 0.587007 0.797391 0.589327 0.795652 0.593387 0.783478 0.593387 0.777391 0.592227 0.775217 0.588167 0.773043 0.581787 0.771739 0.569606 0.765652 0.565545 0.764783
0 0.596868 0.776522 0.592807 0.782609 0.589907 0.794348 0.590487 0.798696 0.594548 0.803478 0.600348 0.806087 0.608469 0.806087 0.627610 0.802609 0.633411 0.799130 0.636311 0.786957 0.633991 0.782174 0.631671 0.780435 0.611949 0.774348 0.602668 0.774348
0 0.628190 0.803478 0.620070 0.803478 0.608469 0.806087 0.604988 0.808696 0.601508 0.815217 0.601508 0.823043 0.605568 0.830870 0.609629 0.834783 0.616589 0.837826 0.622390 0.836957 0.632251 0.830870 0.639791 0.823913 0.642691 0.818261 0.641531 0.810870 0.635151 0.805652
0 0.561485 0.803478 0.553944 0.810000 0.553944 0.815217 0.556845 0.821304 0.562065 0.826087 0.564965 0.830870 0.586427 0.831739 0.593968 0.829565 0.600348 0.822174 0.601508 0.810870 0.599768 0.806957 0.591647 0.801304 0.586427 0.799130 0.570766 0.799565
0 0.519722 0.786522 0.515661 0.791739 0.515661 0.796087 0.523202 0.809565 0.527842 0.812609 0.535963 0.815217 0.543503 0.814783 0.553364 0.810870 0.554524 0.808261 0.559165 0.805652 0.559165 0.798261 0.556845 0.794783 0.552204 0.791304 0.549884 0.785652 0.542923 0.783043 0.533643 0.783043
0 0.455916 0.793913 0.451276 0.794783 0.443735 0.802174 0.441415 0.805652 0.440835 0.809565 0.437935 0.813043 0.437935 0.820000 0.441415 0.824348 0.447216 0.828261 0.453596 0.830000 0.462297 0.830000 0.469258 0.827826 0.483179 0.817826 0.483759 0.805652 0.482019 0.802609 0.470998 0.796087 0.465197 0.794348
0 0.388051 0.716957 0.375870 0.718261 0.371230 0.722609 0.364849 0.733913 0.365429 0.740435 0.368910 0.748696 0.375870 0.755217 0.381090 0.756957 0.388631 0.756522 0.401392 0.750000 0.406032 0.736522 0.405452 0.727826 0.403132 0.723913 0.396752 0.719130
0 0.479118 0.766087 0.473318 0.770000 0.468097 0.779130 0.468677 0.787391 0.470998 0.794783 0.480278 0.801304 0.486659 0.803043 0.500000 0.801739 0.506381 0.800000 0.508701 0.798261 0.516241 0.786957 0.516241 0.779130 0.498260 0.765652 0.482599 0.765217
0 0.324826 0.867826 0.319606 0.871739 0.313805 0.880870 0.314385 0.885217 0.317285 0.890870 0.324826 0.897826 0.329466 0.899565 0.339327 0.901304 0.351508 0.900000 0.354408 0.897826 0.358469 0.889565 0.366009 0.881304 0.365429 0.876522 0.363109 0.873043 0.356729 0.869130 0.348608 0.866522 0.331787 0.866087
0 0.400232 0.878261 0.393852 0.874348 0.383991 0.872609 0.377030 0.873478 0.372390 0.875652 0.367169 0.879565 0.356148 0.892609 0.353248 0.899130 0.354408 0.904348 0.365429 0.906957 0.393271 0.905217 0.402552 0.901739 0.405452 0.897826 0.406032 0.890870 0.403712 0.883043
0 0.412993 0.873913 0.409513 0.880435 0.410093 0.888696 0.413573 0.896087 0.421114 0.900435 0.426914 0.901739 0.437355 0.902174 0.446636 0.900870 0.450116 0.896957 0.450696 0.886957 0.453596 0.881304 0.448376 0.875217 0.437935 0.870870 0.429814 0.869565 0.422274 0.870435
0 0.478538 0.873913 0.465777 0.873478 0.462297 0.874348 0.453596 0.881304 0.451276 0.888696 0.450696 0.897826 0.455916 0.912174 0.458237 0.913478 0.466937 0.914348 0.480858 0.910435 0.488399 0.904783 0.494200 0.898261 0.497100 0.890435 0.495940 0.885652 0.491879 0.880435 0.484339 0.875652
0 0.547564 0.885652 0.541763 0.883478 0.531903 0.881739 0.526682 0.881739 0.521462 0.883478 0.502900 0.894783 0.501740 0.900870 0.504640 0.908261 0.511021 0.912174 0.516241 0.913478 0.529582 0.913478 0.545244 0.909130 0.551044 0.904783 0.552204 0.900435 0.551044 0.889565
0 0.492459 0.856957 0.483759 0.860000 0.480858 0.864783 0.480858 0.868696 0.485499 0.875217 0.494200 0.882174 0.499420 0.888696 0.505800 0.889565 0.513341 0.887826 0.527262 0.880870 0.529582 0.876957 0.529582 0.873043 0.526682 0.864348 0.524362 0.861304 0.517981 0.857826 0.508121 0.855652
0 0.451856 0.839565 0.447796 0.841304 0.440835 0.846522 0.437355 0.851304 0.435615 0.856087 0.435615 0.862174 0.437935 0.865652 0.444316 0.870435 0.450696 0.872174 0.461717 0.873478 0.475058 0.871739 0.478538 0.867391 0.481439 0.860000 0.480858 0.857391 0.472158 0.849130 0.469838 0.840435 0.466937 0.838696 0.462877 0.838261
0 0.471578 0.826087 0.469258 0.830000 0.470998 0.846087 0.473898 0.852174 0.480858 0.856957 0.488399 0.857826 0.504060 0.854783 0.515081 0.846957 0.515661 0.836957 0.511021 0.830870 0.504060 0.828261 0.497680 0.823478 0.493039 0.822174 0.480858 0.822174
0 0.491299 0.803043 0.486659 0.806087 0.484339 0.809565 0.484339 0.814783 0.486079 0.818261 0.491299 0.821304 0.498260 0.822609 0.506961 0.829130 0.513921 0.831739 0.516821 0.829130 0.522622 0.818696 0.522042 0.810435 0.518561 0.804783 0.513921 0.802609 0.496520 0.802174
0 0.560325 0.824783 0.552204 0.820435 0.541183 0.816957 0.533063 0.817391 0.527842 0.819565 0.521462 0.825217 0.517981 0.833913 0.517401 0.846087 0.521462 0.851739 0.526102 0.853043 0.535963 0.852609 0.544664 0.850000 0.557425 0.843043 0.562065 0.838261 0.563225 0.834348 0.562645 0.829130
0 0.560325 0.848261 0.553944 0.847826 0.547564 0.849130 0.537703 0.852609 0.532483 0.855652 0.527842 0.862609 0.527842 0.869565 0.531903 0.875652 0.536543 0.878261 0.543503 0.880435 0.556845 0.881304 0.563805 0.879565 0.572506 0.875217 0.575986 0.866957 0.575406 0.861739 0.567285 0.855652 0.563225 0.850000
0 0.567865 0.832174 0.563805 0.836522 0.562065 0.840435 0.562645 0.850000 0.567865 0.856087 0.573666 0.860435 0.580626 0.862609 0.588747 0.863043 0.598608 0.860435 0.603248 0.856522 0.608469 0.847826 0.610789 0.846087 0.609629 0.838261 0.607309 0.835217 0.598608 0.831304 0.587587 0.832174 0.570766 0.831304
0 0.638631 0.838261 0.632831 0.837826 0.614849 0.844783 0.609629 0.847826 0.603828 0.856522 0.603828 0.863913 0.607309 0.867391 0.621230 0.872609 0.632251 0.871739 0.639211 0.867391 0.642111 0.860870 0.642691 0.849565 0.645012 0.844348 0.644432 0.841739
0 0.657193 0.845652 0.650812 0.847391 0.646172 0.850435 0.644432 0.853478 0.642111 0.866087 0.643271 0.868696 0.656613 0.876957 0.660673 0.878261 0.666473 0.878261 0.669954 0.877391 0.674014 0.874783 0.678654 0.870000 0.682135 0.861739 0.682135 0.853478 0.673434 0.846522
0 0.711137 0.837826 0.700116 0.837391 0.689675 0.841739 0.685035 0.846087 0.683295 0.849565 0.683875 0.861739 0.688515 0.866957 0.692575 0.869565 0.702436 0.870435 0.711137 0.867391 0.721578 0.865217 0.725058 0.860000 0.725638 0.849130 0.724478 0.846522 0.718097 0.841304
0 0.588167 0.864348 0.581206 0.868696 0.580046 0.877391 0.593387 0.889130 0.596288 0.896522 0.601508 0.897391 0.609049 0.894783 0.614269 0.889565 0.615429 0.886087 0.617749 0.885217 0.618910 0.873043 0.602088 0.863913 0.596868 0.863043
0 0.643852 0.870435 0.637471 0.870000 0.627030 0.873043 0.622970 0.875217 0.610789 0.895652 0.611949 0.900000 0.616009 0.903478 0.621810 0.905652 0.633411 0.905652 0.647332 0.901304 0.657193 0.892609 0.658933 0.887826 0.657773 0.880870
0 0.575986 0.876957 0.569606 0.877391 0.561485 0.880435 0.553944 0.886957 0.551624 0.892609 0.553364 0.903913 0.560905 0.912174 0.568445 0.915217 0.577726 0.914783 0.585847 0.912609 0.592227 0.906087 0.594548 0.900870 0.594548 0.895652 0.591647 0.889130 0.582367 0.880435
0 0.607889 0.899130 0.601508 0.899130 0.597448 0.901304 0.583527 0.913913 0.576566 0.922609 0.576566 0.928261 0.580046 0.933043 0.589907 0.938261 0.595708 0.940000 0.607309 0.939130 0.611369 0.936957 0.614849 0.933043 0.618329 0.919565 0.622970 0.912174 0.622970 0.907391 0.621810 0.906087
0 0.524362 0.919565 0.524362 0.924348 0.530162 0.928696 0.534223 0.930000 0.548724 0.940435 0.555684 0.940435 0.564965 0.936522 0.571926 0.928696 0.571926 0.922609 0.570766 0.920435 0.564965 0.915652 0.559165 0.913478 0.551624 0.912174 0.538863 0.911739 0.528422 0.915652
0 0.485499 0.909565 0.473898 0.920435 0.472738 0.923043 0.473898 0.929130 0.477958 0.932609 0.486079 0.936087 0.506961 0.942174 0.510441 0.941739 0.517401 0.935652 0.524942 0.931739 0.524362 0.927391 0.520882 0.921739 0.514501 0.914783 0.503480 0.908261 0.491879 0.907391
0 0.522622 0.933913 0.512761 0.939565 0.501160 0.954783 0.501160 0.959565 0.507541 0.966522 0.517401 0.969130 0.526682 0.969565 0.535383 0.968261 0.540603 0.965652 0.542923 0.963043 0.544664 0.953478 0.541763 0.945652 0.529002 0.933913
0 0.581206 0.934348 0.567865 0.936087 0.552204 0.941739 0.546404 0.946957 0.546404 0.952609 0.549884 0.957826 0.562065 0.965217 0.570186 0.968261 0.579466 0.968261 0.585267 0.965652 0.588167 0.955217 0.591647 0.947391 0.594548 0.943913 0.591647 0.938696
0 0.721578 0.869565 0.714617 0.868261 0.701856 0.870870 0.689095 0.870435 0.676914 0.875217 0.671694 0.880870 0.671694 0.887826 0.673434 0.890870 0.685035 0.900000 0.694316 0.900870 0.702436 0.899130 0.707657 0.896522 0.716937 0.889565 0.725058 0.877391 0.724478 0.873043
0 0.634571 0.910000 0.623550 0.912609 0.620070 0.915652 0.617169 0.923478 0.617169 0.930870 0.619490 0.938696 0.622970 0.944783 0.629350 0.949130 0.635731 0.950870 0.639211 0.955217 0.644432 0.956087 0.649072 0.951739 0.649652 0.946957 0.655452 0.939130 0.657773 0.923913 0.654872 0.919130 0.646752 0.910870 0.643852 0.910000
0 0.658933 0.891304 0.648492 0.900000 0.646752 0.903043 0.647332 0.911304 0.652552 0.917391 0.661253 0.923478 0.675174 0.927391 0.680974 0.927391 0.690835 0.924348 0.693155 0.920870 0.693155 0.913043 0.687355 0.902609 0.672854 0.890870 0.661833 0.890435
0 0.715777 0.900000 0.707077 0.902609 0.697216 0.909565 0.694316 0.915652 0.694896 0.921304 0.697216 0.926087 0.702436 0.930435 0.712297 0.933913 0.722738 0.933913 0.727958 0.931739 0.734919 0.926087 0.739559 0.917391 0.740139 0.911304 0.737239 0.907826 0.730278 0.905652 0.721578 0.900435
0 0.723318 0.880435 0.718677 0.887826 0.720418 0.898261 0.726798 0.903478 0.736079 0.907391 0.754640 0.908261 0.769142 0.905217 0.776102 0.898696 0.776682 0.896087 0.773202 0.888696 0.766241 0.882174 0.743619 0.875652 0.734919 0.875652 0.726798 0.877826
0 0.732019 0.842609 0.726798 0.848696 0.726798 0.853043 0.729698 0.861304 0.736079 0.865652 0.740719 0.867391 0.748840 0.867391 0.758121 0.864783 0.762181 0.861739 0.767401 0.853913 0.766821 0.846522 0.763341 0.842609 0.753480 0.843478 0.743619 0.843043 0.737819 0.841739
0 0.813225 0.850435 0.809165 0.847391 0.799884 0.844783 0.777842 0.847826 0.772042 0.850000 0.768561 0.853478 0.766821 0.858261 0.766821 0.861739 0.768561 0.865217 0.772042 0.868696 0.780742 0.873478 0.795244 0.875652 0.805104 0.875217 0.811485 0.871304 0.815545 0.865652 0.816125 0.856087
0 0.770882 0.876522 0.768561 0.881304 0.785383 0.905217 0.788863 0.907391 0.795244 0.907391 0.801624 0.905652 0.808005 0.900870 0.810905 0.896957 0.812645 0.887826 0.812065 0.884348 0.809745 0.881304 0.799884 0.876087 0.782483 0.873913 0.777842 0.873913
0 0.756381 0.909565 0.753480 0.915652 0.752900 0.921304 0.755800 0.927826 0.762761 0.932609 0.766821 0.933913 0.784223 0.935652 0.795244 0.935652 0.799884 0.933478 0.802784 0.927391 0.802784 0.921304 0.800174 0.917174 0.796984 0.915217 0.788283 0.910000 0.780742 0.907391 0.772042 0.906087 0.766241 0.906087
0 0.812645 0.899130 0.803944 0.906957 0.801044 0.911304 0.800464 0.916522 0.803944 0.921739 0.826566 0.930870 0.831206 0.931739 0.844548 0.931739 0.850348 0.930435 0.854988 0.925217 0.856148 0.919130 0.854408 0.915217 0.846288 0.906957 0.844548 0.900870 0.838747 0.897826 0.828886 0.896522 0.819606 0.896522
0 0.866009 0.867826 0.864269 0.866522 0.850928 0.863043 0.841647 0.863478 0.827146 0.867391 0.820766 0.871739 0.813805 0.880870 0.813225 0.885217 0.815545 0.889130 0.821346 0.894348 0.835267 0.896957 0.852668 0.895652 0.864269 0.891739 0.868910 0.888261 0.870070 0.886087 0.870070 0.875652
0 0.886311 0.853043 0.877610 0.860435 0.871230 0.862174 0.868910 0.864348 0.868329 0.870000 0.869490 0.872609 0.873550 0.877391 0.886311 0.885652 0.897332 0.888696 0.904292 0.887826 0.911253 0.884348 0.917633 0.878261 0.919374 0.873478 0.918794 0.868261 0.915313 0.863478 0.908933 0.859130 0.893852 0.853478
0 0.893852 0.888696 0.883411 0.885217 0.877030 0.885652 0.871810 0.887391 0.853248 0.896522 0.848608 0.900000 0.845708 0.903913 0.846868 0.908261 0.857309 0.917826 0.861949 0.919130 0.874130 0.918261 0.892111 0.914348 0.896172 0.910435 0.898492 0.903913 0.898492 0.896087 0.896172 0.890870
0 0.913573 0.883913 0.903132 0.888261 0.900812 0.890870 0.898492 0.908261 0.900812 0.914348 0.906032 0.919565 0.912413 0.923043 0.918794 0.924783 0.925174 0.925217 0.932715 0.923043 0.939095 0.916957 0.940835 0.912174 0.939095 0.899565 0.936195 0.894348 0.927494 0.886522 0.921114 0.884348
0 0.976798 0.890000 0.962877 0.888696 0.943155 0.890870 0.939675 0.893478 0.939095 0.895217 0.940255 0.906957 0.942575 0.912174 0.953016 0.916957 0.957657 0.917391 0.967517 0.915217 0.976798 0.910435 0.982019 0.905652 0.983179 0.902174 0.982599 0.895217
0 0.925174 0.860870 0.922274 0.865217 0.922274 0.873043 0.924014 0.879565 0.926914 0.882609 0.933295 0.885652 0.943735 0.888696 0.953016 0.888696 0.956497 0.887826 0.961137 0.884783 0.964617 0.880870 0.965197 0.874348 0.961717 0.864348 0.954176 0.858696 0.947796 0.856522 0.939095 0.856087 0.933875 0.856957
0 0.982483 0.858130 0.976218 0.865217 0.973898 0.871304 0.973898 0.880000 0.976218 0.887391 0.984919 0.893478 0.986659 0.896087 0.992459 0.896522 0.996520 0.894348 1.000000 0.894348 1.000000 0.859130
0 0.997100 0.895217 0.986659 0.900000 0.981439 0.907826 0.980278 0.913043 0.982599 0.916087 0.986079 0.917826 0.991299 0.919130 0.997100 0.922174 1.000000 0.922174 1.000000 0.895217
0 0.698376 0.929565 0.691415 0.926957 0.683875 0.926957 0.672854 0.930870 0.662413 0.936087 0.651392 0.947826 0.650812 0.952609 0.651972 0.954783 0.660673 0.959565 0.667633 0.961304 0.680394 0.961739 0.695476 0.960000 0.702436 0.955217 0.707077 0.948261 0.707077 0.942609 0.704176 0.936087
0 0.741879 0.925652 0.735499 0.927391 0.727378 0.932609 0.724478 0.937391 0.723898 0.944783 0.725638 0.952174 0.729698 0.956522 0.735499 0.960000 0.745360 0.960870 0.755220 0.959130 0.762181 0.955652 0.770302 0.950000 0.770882 0.945217 0.765661 0.936087 0.758121 0.930000 0.752320 0.926957
0 0.788283 0.937391 0.780162 0.943478 0.774942 0.949565 0.774362 0.955217 0.777262 0.958696 0.784803 0.964348 0.798144 0.969565 0.806265 0.969565 0.815545 0.967826 0.819026 0.963043 0.819606 0.956522 0.815545 0.947391 0.810325 0.940000 0.806265 0.937391 0.800464 0.936087
0 1.000000 0.923478 0.997680 0.923478 0.994200 0.920870 0.978538 0.915652 0.969838 0.915652 0.955916 0.919130 0.951856 0.923478 0.951856 0.933043 0.954176 0.941304 0.958817 0.945217 0.964037 0.946957 0.971578 0.946957 0.994780 0.937826 0.997680 0.935652 1.000000 0.935652
0 0.899072 0.915652 0.895592 0.914783 0.884571 0.915652 0.872390 0.918696 0.863109 0.919565 0.859629 0.921739 0.857309 0.927391 0.858469 0.932174 0.862529 0.937391 0.864269 0.943043 0.868910 0.947826 0.871230 0.948696 0.879350 0.948696 0.891531 0.945652 0.898492 0.943043 0.904872 0.938696 0.907773 0.930870 0.907773 0.923478 0.906032 0.920000
0 0.839327 0.936087 0.831787 0.940000 0.824826 0.946522 0.820186 0.954783 0.820766 0.959130 0.823086 0.962609 0.830046 0.968696 0.841067 0.972174 0.851508 0.971739 0.860209 0.967826 0.864269 0.963478 0.867749 0.953913 0.867169 0.947826 0.863689 0.942609 0.853828 0.936957 0.850348 0.936087
0 0.923434 0.926957 0.914733 0.930435 0.910093 0.934783 0.907773 0.939130 0.908353 0.949130 0.914153 0.958696 0.921694 0.963043 0.924594 0.963913 0.935615 0.963913 0.945476 0.959565 0.948376 0.955652 0.951276 0.948261 0.951856 0.936087 0.947216 0.930870 0.939675 0.927391 0.935615 0.926522
0 1.000000 0.945652 0.985499 0.942609 0.974478 0.946087 0.968097 0.950000 0.964037 0.956957 0.963457 0.964783 0.971578 0.975652 0.974478 0.977826 0.984339 0.978261 1.000000 0.975652
0 0.930394 0.969565 0.925754 0.974348 0.923434 0.983043 0.924594 0.986957 0.931555 0.991739 0.935615 0.993478 0.944896 0.995217 0.958237 0.994783 0.962877 0.993043 0.969838 0.987391 0.972158 0.980435 0.971578 0.975217 0.966937 0.969130 0.963457 0.966522 0.957077 0.964783 0.946056 0.964783 0.935035 0.967391
0 1.000000 0.981304 0.986079 0.982174 0.975058 0.985217 0.963457 0.993913 0.962297 1.000000 1.000000 1.000000
0 0.749768 0.998435 0.745418 0.996391 0.736833 0.995348 0.726856 0.997522 0.723260 0.999826 0.751740 1.000000
0 0.837007 0.994478 0.835847 1.000000 0.878770 1.000000 0.878770 0.997826 0.875870 0.993913 0.869490 0.989130 0.857309 0.985217 0.850348 0.984783 0.845128 0.986087 0.842227 0.988696 0.839269 0.991000
0 0.795244 0.973478 0.790603 0.978261 0.790023 0.983478 0.792343 0.988696 0.800464 0.994783 0.808005 0.997391 0.813225 0.997826 0.817517 0.998696 0.824246 0.998870 0.828306 0.997826 0.832367 0.996957 0.834687 0.995217 0.838167 0.987826 0.837587 0.981739 0.835847 0.977391 0.828306 0.971304 0.820766 0.968696 0.812645 0.968261 0.802784 0.970000
0 0.757541 0.967826 0.747100 0.974348 0.741879 0.982174 0.741879 0.987826 0.743619 0.992174 0.746520 0.996087 0.752900 0.998261 0.758063 0.999609 0.770766 0.999261 0.776682 0.998261 0.780742 0.996957 0.787703 0.990000 0.788863 0.987391 0.787703 0.976957 0.784223 0.971739 0.779002 0.968261 0.770302 0.966522 0.762761 0.966522
0 0.619490 0.942174 0.613689 0.940435 0.605568 0.940000 0.595128 0.942609 0.591067 0.946957 0.587007 0.956957 0.585847 0.964348 0.586427 0.966957 0.588747 0.969130 0.594548 0.970870 0.599768 0.970870 0.610209 0.968696 0.617169 0.968696 0.624130 0.967391 0.630510 0.964348 0.633991 0.960000 0.633991 0.954348 0.631090 0.950870
0 0.708237 0.953043 0.701276 0.956087 0.694316 0.961304 0.692575 0.965652 0.693735 0.970870 0.705336 0.983913 0.711137 0.987826 0.720998 0.990435 0.728538 0.989565 0.731439 0.987391 0.736079 0.980000 0.736079 0.972174 0.733179 0.961304 0.726798 0.953913 0.723898 0.952174 0.714037 0.951739
0 0.698956 0.997826 0.695476 0.993913 0.690835 0.992174 0.683875 0.991739 0.674014 0.993913 0.668213 0.997826 0.668213 1.000000 0.698956 1.000000
0 0.637471 0.970435 0.629350 0.967826 0.622390 0.967826 0.608469 0.978261 0.603828 0.986087 0.608469 0.998957 0.628654 0.999739 0.633991 0.998261 0.638631 0.994348 0.642111 0.982609 0.641531 0.974348
0 0.582947 0.998130 0.580046 1.000000 0.606148 1.000000 0.604350 0.998652 0.601334 0.997130 0.597216 0.996130 0.590081 0.995087
0 0.564501 0.998435 0.560963 0.997087 0.554176 0.997261 0.550812 0.998565 0.548144 1.000000 0.567285 1.000000
0 0.537123 0.972174 0.534223 0.978261 0.535383 0.990870 0.538283 0.993478 0.549304 0.997391 0.561485 0.996957 0.574246 0.992609 0.585847 0.982174 0.586427 0.977826 0.585267 0.975652 0.575986 0.970000 0.567865 0.967826 0.549304 0.966957 0.541183 0.969130
0 0.498260 0.968696 0.491299 0.974348 0.487239 0.986087 0.487819 0.990000 0.492459 0.995217 0.495360 0.996957 0.501160 0.997826 0.506206 0.999130 0.528306 0.999130 0.535963 0.993913 0.533063 0.982609 0.530162 0.976957 0.522042 0.971304 0.513921 0.968261 0.506381 0.966957
0 0.480278 0.941304 0.472158 0.941739 0.464037 0.944348 0.457657 0.948696 0.455336 0.953043 0.455916 0.973913 0.463457 0.979565 0.474478 0.982609 0.480858 0.981739 0.487819 0.978261 0.495940 0.970870 0.497100 0.968261 0.497100 0.959130 0.494200 0.949565 0.491879 0.946087 0.487819 0.943043
0 0.441995 0.906087 0.435035 0.908261 0.427494 0.913913 0.425754 0.919130 0.426914 0.926522 0.430394 0.932609 0.435035 0.935217 0.437935 0.940870 0.450116 0.944783 0.457077 0.943913 0.465197 0.941304 0.469838 0.936522 0.471578 0.931739 0.470998 0.922609 0.465777 0.915652 0.455336 0.912174 0.452436 0.906522 0.450696 0.905652
0 0.395592 0.906087 0.386891 0.913913 0.383411 0.919565 0.382251 0.929130 0.383991 0.933478 0.392111 0.937826 0.401972 0.939130 0.415313 0.939130 0.426334 0.936087 0.429234 0.931739 0.426334 0.924783 0.426914 0.912174 0.421114 0.909130 0.409513 0.905652 0.403132 0.904783
0 0.410673 0.940435 0.400812 0.946957 0.396752 0.953913 0.396752 0.959130 0.401392 0.963913 0.408353 0.967391 0.423434 0.970000 0.435615 0.970435 0.440255 0.968696 0.445476 0.964783 0.449536 0.958261 0.450116 0.950000 0.448376 0.946087 0.446056 0.944348 0.429814 0.938261 0.422854 0.938261
0 0.476798 0.984348 0.475058 0.982609 0.463457 0.979565 0.455336 0.973913 0.441995 0.973913 0.435615 0.974783 0.427494 0.977391 0.421114 0.982174 0.421114 0.990435 0.422854 0.994783 0.425754 0.997826 0.425754 1.000000 0.462297 1.000000 0.466705 0.999609 0.472216 0.997870 0.475058 0.991739 0.477378 0.986522
0 0.395012 0.967826 0.389211 0.974783 0.379930 0.980870 0.378770 0.987391 0.380510 1.000000 0.416415 0.999913 0.418794 0.997826 0.421694 0.994348 0.420534 0.984783 0.423434 0.979130 0.422274 0.974348 0.417053 0.970435 0.409513 0.967826
0 0.348028 0.949130 0.344548 0.953913 0.344548 0.959565 0.351508 0.968261 0.356148 0.972174 0.363109 0.976087 0.377030 0.980000 0.383411 0.979130 0.388631 0.976087 0.395012 0.967391 0.395012 0.960435 0.390951 0.950435 0.383411 0.944348 0.378770 0.942609 0.366589 0.942174 0.357889 0.944348
0 0.341647 0.907391 0.336427 0.910870 0.332367 0.916957 0.331787 0.924783 0.334687 0.931304 0.343968 0.937391 0.350348 0.939565 0.363109 0.940435 0.371230 0.938261 0.376450 0.934348 0.379350 0.928261 0.379350 0.918261 0.376450 0.912174 0.369490 0.907826 0.353828 0.905217 0.346868 0.905652
0 0.320766 0.897826 0.310325 0.895652 0.303364 0.896522 0.288863 0.900435 0.281323 0.905652 0.279002 0.910000 0.280162 0.918261 0.283063 0.922609 0.291763 0.930435 0.299304 0.933043 0.305684 0.932174 0.318445 0.928696 0.323086 0.925217 0.328886 0.916522 0.330046 0.908696 0.327726 0.901739
0 0.345128 0.939565 0.335847 0.932174 0.331787 0.930435 0.321346 0.928696 0.316705 0.929130 0.298144 0.934783 0.291763 0.940000 0.288863 0.948261 0.292343 0.953913 0.298724 0.959565 0.307425 0.961739 0.317865 0.961739 0.337007 0.957826 0.342807 0.955652 0.346868 0.947826
0 0.282483 0.949565 0.274942 0.952609 0.271462 0.955652 0.270302 0.959130 0.271462 0.970000 0.276682 0.976957 0.292923 0.984348 0.301044 0.984348 0.305104 0.982609 0.309165 0.978696 0.314385 0.967391 0.314965 0.963043 0.298724 0.959130 0.295244 0.956522 0.289443 0.948696
0 0.377610 0.997826 0.374130 0.994783 0.368329 0.993043 0.359049 0.993478 0.349188 0.996087 0.346868 0.997826 0.346868 1.000000 0.377610 1.000000
0 0.341647 0.957826 0.329466 0.959565 0.324826 0.964783 0.314965 0.968261 0.311485 0.974348 0.312645 0.979565 0.319026 0.987391 0.327726 0.994348 0.334687 0.996522 0.345708 0.995652 0.354408 0.992174 0.361949 0.986087 0.365429 0.980000 0.364849 0.976957 0.352088 0.968261 0.344548 0.959565
0 0.296984 0.990000 0.295824 1.000000 0.330626 1.000000 0.330046 0.996957 0.317285 0.986957 0.314965 0.982609 0.309165 0.982174 0.303944 0.983913
0 0.244780 0.983478 0.244200 0.989565 0.245940 1.000000 0.293503 1.000000 0.295244 0.993913 0.292923 0.986087 0.290023 0.983478 0.277842 0.977826 0.269722 0.976522 0.261601 0.976522 0.245940 0.982174
0 0.197216 0.989130 0.197216 0.993478 0.200116 1.000000 0.244200 1.000000 0.242459 0.984783 0.237239 0.981739 0.226218 0.978261 0.215197 0.978261 0.205916 0.981739 0.198956 0.986522
0 0.196636 0.987391 0.190835 0.984348 0.183875 0.983913 0.178074 0.984783 0.169374 0.989130 0.162413 0.994348 0.160093 0.997826 0.160093 1.000000 0.198956 1.000000 0.198956 0.997826 0.197216 0.995652
0 0.157773 0.951739 0.155452 0.955217 0.154872 0.964348 0.156032 0.967391 0.162413 0.975217 0.169374 0.981304 0.174014 0.983043 0.179814 0.983478 0.189095 0.981304 0.200116 0.974783 0.203596 0.970870 0.205916 0.965217 0.205916 0.958696 0.200116 0.952609 0.196056 0.950870 0.182135 0.948261 0.173434 0.948261
0 0.265081 0.954783 0.261021 0.951739 0.249420 0.948261 0.237239 0.948696 0.220998 0.952174 0.209977 0.956522 0.207657 0.958696 0.207657 0.964348 0.211717 0.970435 0.218677 0.976957 0.233759 0.979130 0.241299 0.981304 0.246520 0.981304 0.253480 0.979565 0.263341 0.974348 0.266241 0.967391
0 0.247680 0.922609 0.241879 0.927391 0.241879 0.937391 0.247680 0.946522 0.260441 0.950870 0.267401 0.955217 0.269722 0.955217 0.279582 0.949565 0.284803 0.942174 0.288863 0.932174 0.287703 0.927391 0.282483 0.922174 0.274362 0.920000 0.258121 0.919565
0 0.169374 0.906957 0.162993 0.912609 0.154292 0.923478 0.153132 0.936087 0.155452 0.941739 0.158933 0.944348 0.172854 0.947826 0.178654 0.947826 0.187355 0.945652 0.196636 0.939130 0.197216 0.922174 0.189675 0.914348 0.179234 0.910000 0.175174 0.906522
0 0.226798 0.907391 0.219838 0.907391 0.209397 0.910000 0.203016 0.914348 0.197216 0.923478 0.196636 0.935217 0.198956 0.939565 0.206497 0.945217 0.214617 0.947826 0.220998 0.947391 0.229118 0.945217 0.238979 0.939565 0.240139 0.936522 0.241299 0.922609 0.239559 0.915652 0.237239 0.912609 0.231439 0.908696
0 0.232019 0.889130 0.229698 0.891739 0.229698 0.897826 0.233179 0.908261 0.241879 0.916522 0.248260 0.918261 0.258701 0.917826 0.263921 0.916522 0.270302 0.912174 0.275522 0.904783 0.275522 0.897391 0.263341 0.887391 0.258701 0.884783 0.245940 0.884348
0 0.269722 0.868261 0.263341 0.876087 0.262761 0.883913 0.265661 0.888696 0.275522 0.896522 0.283643 0.898261 0.294664 0.898261 0.301624 0.896522 0.310325 0.891304 0.313225 0.886087 0.313225 0.879130 0.312065 0.876087 0.306845 0.871739 0.299884 0.868261 0.288863 0.864783 0.278422 0.864783
0 0.217517 0.852174 0.211717 0.857826 0.209977 0.866522 0.214617 0.875652 0.219838 0.880435 0.230278 0.883478 0.241299 0.883043 0.252320 0.880000 0.259281 0.874783 0.261021 0.869565 0.259861 0.865652 0.255220 0.858261 0.248840 0.851739 0.242459 0.849565 0.226218 0.849130
0 0.182135 0.861304 0.171114 0.869565 0.168794 0.872609 0.168794 0.880870 0.171694 0.886522 0.178654 0.892609 0.188515 0.896087 0.197796 0.896087 0.207077 0.893478 0.215197 0.888261 0.218677 0.881739 0.209977 0.867391 0.200696 0.861739 0.194896 0.860870
0 0.176914 0.816087 0.168213 0.821304 0.165313 0.825652 0.165313 0.833043 0.169954 0.840435 0.176914 0.845217 0.185035 0.848261 0.195476 0.849130 0.204756 0.846957 0.209397 0.843913 0.212877 0.839565 0.212877 0.826087 0.207077 0.816957 0.201276 0.814348 0.189675 0.814348
0 0.262181 0.817391 0.247680 0.814348 0.239559 0.814348 0.220998 0.818261 0.214037 0.823478 0.212877 0.825652 0.212297 0.831739 0.214617 0.840435 0.219838 0.845217 0.227378 0.848696 0.243039 0.849565 0.247680 0.848261 0.253480 0.844783 0.261601 0.834348 0.262181 0.826522 0.263921 0.823043 0.263921 0.820000
0 0.262761 0.835652 0.257541 0.840000 0.255220 0.844783 0.256961 0.852609 0.259861 0.856087 0.267401 0.860435 0.275522 0.862609 0.286543 0.863913 0.299304 0.866957 0.301044 0.866522 0.303944 0.861739 0.303944 0.856957 0.306265 0.849565 0.304524 0.847826 0.302204 0.841304 0.297564 0.836522 0.289443 0.831739 0.284803 0.830870 0.273202 0.831739
0 0.336427 0.829565 0.330626 0.829130 0.324246 0.830000 0.319026 0.833043 0.310325 0.842174 0.307425 0.848696 0.307425 0.860000 0.310325 0.866087 0.315545 0.868696 0.320766 0.869565 0.328886 0.866087 0.335847 0.865217 0.349188 0.856087 0.356729 0.846957 0.356148 0.841304 0.353828 0.837826 0.345708 0.833043
0 0.404292 0.841739 0.397332 0.841739 0.392691 0.843043 0.379350 0.851739 0.375870 0.856957 0.375290 0.860000 0.376450 0.865652 0.381671 0.870870 0.386311 0.873043 0.397912 0.875652 0.409513 0.874348 0.422274 0.869565 0.426334 0.866522 0.428654 0.861304 0.426914 0.852174 0.412413 0.845652 0.408933 0.843043
0 0.401972 0.824783 0.399072 0.828696 0.400812 0.836957 0.406613 0.842609 0.415313 0.847391 0.424594 0.850870 0.430394 0.851304 0.437935 0.848696 0.446056 0.841304 0.447216 0.838696 0.446056 0.832174 0.440835 0.825217 0.436195 0.821304 0.428074 0.819565 0.416473 0.820000
0 0.376450 0.815217 0.369490 0.816957 0.365429 0.820000 0.361369 0.828696 0.360789 0.836522 0.362529 0.841739 0.367169 0.846522 0.377030 0.850000 0.381671 0.850000 0.390371 0.845652 0.400232 0.837391 0.399072 0.830435 0.400232 0.821739 0.396752 0.818696 0.390951 0.816522 0.383991 0.815217
0 0.418213 0.778261 0.411253 0.780000 0.404872 0.784783 0.399072 0.794348 0.398492 0.800000 0.400812 0.804783 0.406032 0.809130 0.412993 0.812174 0.421694 0.813043 0.430974 0.810870 0.437355 0.806957 0.441995 0.800435 0.442575 0.794348 0.439675 0.786087 0.437355 0.783478 0.430394 0.780000
0 0.309745 0.810435 0.309745 0.817391 0.311485 0.822609 0.316705 0.827826 0.322506 0.829565 0.337587 0.829130 0.351508 0.826957 0.356148 0.824348 0.359049 0.818696 0.363689 0.815217 0.363689 0.810435 0.353828 0.806087 0.345128 0.804348 0.318445 0.804348 0.313225 0.806087
0 0.356148 0.772609 0.346288 0.777391 0.338167 0.783043 0.334107 0.790000 0.334687 0.794348 0.343387 0.801304 0.350348 0.803913 0.367749 0.805217 0.376450 0.803478 0.379350 0.801304 0.381671 0.796522 0.380510 0.784783 0.371810 0.773478 0.366589 0.771739
0 0.286543 0.788261 0.282483 0.789130 0.268561 0.795652 0.261601 0.801304 0.261021 0.807391 0.262761 0.811304 0.270302 0.820435 0.275522 0.823043 0.282483 0.824348 0.291183 0.824348 0.299304 0.821304 0.306845 0.815217 0.309165 0.810435 0.309745 0.805652 0.308585 0.800435 0.302784 0.793913 0.296404 0.789565
0 0.292923 0.753043 0.289443 0.754783 0.285963 0.758696 0.282483 0.765217 0.282483 0.773478 0.286543 0.780435 0.294664 0.785652 0.303364 0.787826 0.312645 0.787391 0.321926 0.783913 0.325986 0.780870 0.330046 0.771739 0.328886 0.764783 0.323666 0.757826 0.317865 0.753913 0.308585 0.751304 0.303364 0.750870
0 0.326566 0.738261 0.323666 0.743478 0.323666 0.753478 0.325986 0.760435 0.330626 0.766087 0.337007 0.767826 0.352088 0.766957 0.366009 0.763043 0.369490 0.760870 0.373550 0.756087 0.371810 0.751739 0.367749 0.747826 0.366009 0.741304 0.363689 0.739130 0.356729 0.736522 0.342807 0.734783 0.334687 0.735217
0 0.404872 0.753478 0.397912 0.753478 0.384571 0.758261 0.377610 0.763478 0.374130 0.768696 0.373550 0.775652 0.376450 0.780000 0.382251 0.784783 0.391531 0.788261 0.401392 0.788261 0.411833 0.780000 0.418794 0.777826 0.420534 0.776087 0.421114 0.769565 0.419374 0.763913
0 0.417633 0.731304 0.409513 0.735652 0.404872 0.739565 0.403132 0.743913 0.404872 0.751304 0.418794 0.763478 0.422854 0.764783 0.435615 0.764783 0.439095 0.763478 0.447100 0.755478 0.438515 0.734348 0.435615 0.731304 0.432715 0.730435 0.421694 0.730435
0 0.852668 0.170870 0.846868 0.169130 0.837007 0.169130 0.828306 0.171304 0.823666 0.174783 0.820186 0.179565 0.819026 0.187391 0.820766 0.193478 0.825406 0.198261 0.830626 0.200435 0.845128 0.199565 0.856148 0.197826 0.861949 0.194348 0.864269 0.189565 0.863689 0.181304 0.857889 0.174348
0 0.857889 0.122609 0.851508 0.125652 0.845128 0.130435 0.841067 0.138261 0.842227 0.143043 0.846288 0.150000 0.851508 0.155217 0.867169 0.165652 0.871230 0.165652 0.875290 0.159130 0.883411 0.152174 0.886891 0.140870 0.886311 0.135217 0.883411 0.129565 0.872390 0.123478 0.867749 0.122174
0 0.980278 0.107391 0.974478 0.108696 0.967517 0.113043 0.963457 0.119130 0.962297 0.131304 0.966357 0.139565 0.971578 0.143478 0.979698 0.146522 0.987819 0.146957 0.997680 0.143043 1.000000 0.143043 1.000000 0.111304 0.997680 0.111304 0.989559 0.107826
0 0.998260 0.073391 0.995998 0.076696 0.995128 0.079870 0.994084 0.082000 0.993039 0.088696 0.993039 0.099565 0.996520 0.102609 1.000000 0.102609 1.000000 0.070870
0 0.976798 0.074348 0.970998 0.074783 0.964617 0.078261 0.958817 0.083913 0.954756 0.091739 0.953596 0.096087 0.955916 0.104348 0.959977 0.110000 0.962877 0.111304 0.966937 0.111739 0.980858 0.107391 0.987819 0.106957 0.990139 0.105652 0.993619 0.100000 0.993039 0.083913 0.987819 0.078696
0 0.982019 0.040870 0.976218 0.041304 0.970418 0.043478 0.965777 0.046522 0.964037 0.049130 0.959397 0.070000 0.965777 0.076957 0.971578 0.073913 0.976798 0.073913 0.987239 0.076957 0.992459 0.074348 0.997680 0.070000 1.000000 0.070000 1.000000 0.050435 0.997680 0.050435 0.992459 0.045217
0 0.914733 0.071739 0.913573 0.074348 0.914153 0.083913 0.922274 0.093478 0.939675 0.099130 0.946056 0.098261 0.953596 0.094348 0.958817 0.084348 0.959397 0.074783 0.958237 0.072174 0.953016 0.068261 0.946056 0.066957 0.928074 0.066957
0 0.901392 0.102174 0.896752 0.109130 0.895592 0.115652 0.897912 0.121304 0.905452 0.127391 0.912993 0.129565 0.930394 0.130870 0.948956 0.127391 0.950696 0.126087 0.951856 0.121739 0.948376 0.107391 0.943735 0.102174 0.936775 0.097391 0.926914 0.093913 0.921694 0.093478 0.908353 0.096957
0 0.844548 0.055217 0.835847 0.057826 0.825406 0.066957 0.823086 0.073043 0.823086 0.079130 0.824826 0.085217 0.830626 0.090435 0.839907 0.094348 0.848608 0.094783 0.856148 0.092609 0.867169 0.084348 0.870070 0.077391 0.870070 0.070435 0.867169 0.063913 0.857309 0.056522 0.852088 0.055217
0 0.799304 0.076087 0.790603 0.079565 0.786543 0.085217 0.783643 0.086957 0.780742 0.094348 0.780162 0.104783 0.784803 0.111739 0.792343 0.115652 0.801624 0.116522 0.810905 0.115217 0.818445 0.112609 0.821346 0.109130 0.821346 0.102174 0.819606 0.093043 0.815545 0.083478 0.809745 0.078696
0 0.764501 0.110870 0.756961 0.112174 0.748840 0.117391 0.741879 0.126087 0.738399 0.133913 0.738979 0.142609 0.741879 0.146522 0.756961 0.152609 0.764501 0.151739 0.772042 0.148696 0.775522 0.143913 0.788283 0.134348 0.788863 0.131304 0.785963 0.123913 0.781323 0.118696 0.774942 0.114348
0 0.783643 0.136087 0.776102 0.141739 0.771462 0.149565 0.771462 0.162174 0.775522 0.168261 0.785963 0.173913 0.798144 0.175652 0.804524 0.175217 0.819026 0.171304 0.821346 0.168261 0.821926 0.156957 0.814965 0.146087 0.808585 0.140870 0.799304 0.135652 0.787703 0.134783
0 0.685615 0.126087 0.676334 0.131304 0.667053 0.134783 0.665893 0.139565 0.668213 0.145652 0.674014 0.153913 0.683875 0.159565 0.693735 0.162174 0.701276 0.162174 0.709977 0.159565 0.716357 0.154783 0.719258 0.150870 0.720998 0.144348 0.720418 0.138261 0.716937 0.133478 0.710557 0.130000 0.695476 0.125652
0 0.684455 0.084348 0.673434 0.091739 0.666473 0.100000 0.665313 0.107391 0.666473 0.115652 0.671114 0.121304 0.679234 0.125652 0.696056 0.126087 0.700696 0.124783 0.704756 0.119130 0.703596 0.095652 0.698376 0.089130 0.690255 0.084783
0 0.713457 0.058696 0.704756 0.060870 0.694896 0.066087 0.693735 0.068261 0.694316 0.073478 0.697796 0.080435 0.698956 0.086087 0.701276 0.088261 0.701856 0.092174 0.708817 0.096087 0.719258 0.096522 0.726218 0.094783 0.734339 0.088696 0.737239 0.084348 0.737239 0.077826 0.732019 0.067391 0.725058 0.060870 0.719838 0.058696
0 0.909513 0.284783 0.904872 0.290000 0.904292 0.296087 0.908353 0.302609 0.917053 0.310435 0.928654 0.313913 0.935035 0.314783 0.940835 0.313478 0.950116 0.307826 0.953016 0.302174 0.952436 0.295652 0.948376 0.289130 0.941995 0.284783 0.930394 0.280870 0.918794 0.281304
0 0.652552 0.082174 0.647332 0.082174 0.633411 0.086087 0.626450 0.091304 0.624710 0.094348 0.623550 0.101304 0.624130 0.106522 0.629930 0.115217 0.636311 0.120000 0.641531 0.121739 0.647332 0.121739 0.657773 0.116087 0.665313 0.107826 0.665893 0.103043 0.662413 0.097391 0.660673 0.087391 0.656613 0.083478
0 0.617749 0.112609 0.606729 0.112609 0.602088 0.114348 0.596288 0.121304 0.593387 0.130870 0.592807 0.140870 0.594548 0.150870 0.596288 0.153478 0.602668 0.158261 0.605568 0.159130 0.616009 0.158261 0.621810 0.150870 0.631090 0.142609 0.632831 0.139130 0.632831 0.125217 0.627610 0.120435 0.627030 0.118261
0 0.619490 0.077391 0.613109 0.076087 0.598608 0.077391 0.591067 0.081304 0.584107 0.087391 0.580626 0.092174 0.579466 0.100870 0.580626 0.106087 0.586427 0.111304 0.601508 0.114348 0.606729 0.112609 0.617169 0.112609 0.623550 0.104783 0.624130 0.095652 0.625870 0.091739 0.625290 0.083913
0 0.582367 0.049130 0.577146 0.056522 0.576566 0.061739 0.578306 0.068696 0.582947 0.073043 0.595708 0.076957 0.603248 0.076957 0.607309 0.075652 0.617749 0.075652 0.624710 0.072609 0.626450 0.065652 0.625290 0.056087 0.612529 0.046087 0.603828 0.043913 0.594548 0.043913 0.589327 0.044783
0 0.641531 0.141739 0.630510 0.144348 0.622970 0.150000 0.618910 0.155217 0.618329 0.158696 0.620650 0.165217 0.627030 0.171739 0.642691 0.181304 0.649652 0.181304 0.656613 0.179565 0.664733 0.173913 0.667053 0.167826 0.666473 0.162174 0.661833 0.150000 0.658353 0.145652 0.654292 0.143043 0.649072 0.141739
0 0.553944 0.195217 0.548144 0.200870 0.547564 0.207391 0.554524 0.225217 0.560905 0.230435 0.569606 0.233478 0.578306 0.233478 0.585267 0.231739 0.591647 0.225652 0.594548 0.219565 0.593387 0.208696 0.589327 0.203043 0.581206 0.196957 0.570186 0.193043 0.560325 0.193043
0 0.552784 0.105652 0.547564 0.106957 0.540603 0.114783 0.538863 0.122609 0.539443 0.131304 0.541183 0.136957 0.546404 0.143043 0.553364 0.146522 0.562065 0.146957 0.564965 0.146522 0.581787 0.137391 0.583527 0.134783 0.583527 0.128696 0.580626 0.118696 0.578306 0.115217 0.568445 0.108261 0.559165 0.105652
0 0.516821 0.119130 0.508121 0.124348 0.501160 0.130870 0.497100 0.136087 0.496520 0.141304 0.500000 0.150000 0.504060 0.154348 0.512761 0.157391 0.521462 0.158261 0.531323 0.155652 0.536543 0.151304 0.541183 0.142174 0.541763 0.135217 0.540603 0.130870 0.528422 0.120870 0.524362 0.119130
0 0.458817 0.137826 0.455336 0.142174 0.455336 0.151739 0.462297 0.162174 0.471578 0.170435 0.480278 0.173913 0.487819 0.173043 0.494780 0.170000 0.502900 0.161739 0.502900 0.155217 0.499420 0.148696 0.481439 0.136957 0.464037 0.136087
0 0.433295 0.181304 0.424014 0.185217 0.417053 0.193043 0.413573 0.200435 0.414153 0.206522 0.416473 0.210435 0.424594 0.217391 0.433875 0.221304 0.442575 0.221304 0.450696 0.217826 0.458817 0.210000 0.461137 0.206087 0.461137 0.197391 0.458817 0.193043 0.450116 0.185652 0.440255 0.181739
0 0.406032 0.132174 0.399652 0.134783 0.396172 0.140000 0.396752 0.153043 0.398492 0.158696 0.403132 0.165217 0.408933 0.169565 0.417633 0.172174 0.425174 0.172609 0.433295 0.169565 0.437355 0.165217 0.437935 0.153913 0.436775 0.150870 0.428074 0.138261 0.422854 0.133043 0.416473 0.131304
0 0.432135 0.114348 0.429234 0.119130 0.429234 0.125217 0.436195 0.134783 0.440835 0.137826 0.450116 0.140435 0.455916 0.140870 0.457077 0.138696 0.461717 0.136087 0.465777 0.135217 0.477378 0.135217 0.478538 0.134348 0.480278 0.127391 0.478538 0.118696 0.475058 0.112609 0.468097 0.108696 0.458817 0.107391 0.443735 0.107826 0.438515 0.109565
0 0.436195 0.083478 0.432715 0.087391 0.424014 0.103043 0.424014 0.108261 0.429234 0.114783 0.432135 0.113913 0.436775 0.110435 0.443735 0.107826 0.449536 0.106957 0.461717 0.107391 0.470998 0.110870 0.476798 0.111304 0.477378 0.106957 0.475058 0.098696 0.463457 0.085217 0.457077 0.081739 0.451276 0.080435 0.441415 0.080870
0 0.491299 0.062174 0.485499 0.063913 0.476218 0.069565 0.472738 0.075652 0.471578 0.080435 0.476798 0.092174 0.480278 0.096087 0.487239 0.099565 0.498260 0.100000 0.504640 0.097826 0.511601 0.092609 0.516821 0.084348 0.516821 0.075652 0.513341 0.068261 0.508121 0.064348 0.502900 0.062174
0 0.454176 0.046087 0.441415 0.050435 0.433875 0.054783 0.428074 0.060000 0.427494 0.065217 0.430394 0.073913 0.438515 0.080870 0.451856 0.080435 0.457077 0.081739 0.460557 0.084348 0.464617 0.084348 0.466937 0.083478 0.469838 0.080000 0.472158 0.073913 0.476218 0.068696 0.475638 0.064348 0.477378 0.060435 0.477378 0.056522 0.474478 0.052609 0.466937 0.047826 0.462297 0.046087
0 0.413573 0.030870 0.403132 0.034348 0.397332 0.039565 0.395012 0.045652 0.395012 0.054348 0.399652 0.061739 0.404292 0.065652 0.412993 0.069565 0.419374 0.074348 0.425754 0.074348 0.430394 0.072609 0.427494 0.060870 0.429234 0.058261 0.437935 0.052174 0.440255 0.048696 0.439675 0.044348 0.436195 0.038261 0.429814 0.033043 0.424014 0.030870
0 0.357889 0.040870 0.352668 0.050870 0.352088 0.060870 0.354988 0.068696 0.358469 0.073478 0.364849 0.079130 0.375290 0.082609 0.379350 0.082609 0.387471 0.080435 0.396752 0.069565 0.397332 0.061304 0.395012 0.055217 0.382831 0.044783 0.371230 0.040870
0 0.397912 0.069565 0.395012 0.071739 0.388051 0.080870 0.388051 0.092174 0.393852 0.099565 0.403132 0.100435 0.419954 0.106087 0.424594 0.102174 0.428654 0.096522 0.432135 0.088696 0.431555 0.084783 0.420534 0.075217 0.410093 0.069130 0.403132 0.068261
0 0.408353 0.101739 0.400812 0.100000 0.393271 0.100870 0.392691 0.102609 0.384571 0.107391 0.375870 0.117826 0.374710 0.121304 0.375290 0.129130 0.381671 0.138261 0.386891 0.143043 0.393852 0.142609 0.397332 0.136522 0.406032 0.131739 0.424594 0.131304 0.426334 0.128696 0.426914 0.121304 0.425754 0.114783 0.421694 0.109565 0.415893 0.105217
0 0.346288 0.139565 0.338747 0.145217 0.332367 0.153913 0.334687 0.158261 0.340487 0.164348 0.361369 0.172174 0.370650 0.172174 0.379350 0.170000 0.382831 0.167391 0.387471 0.159130 0.386891 0.151304 0.384571 0.143913 0.382251 0.140870 0.375870 0.137391 0.368329 0.135217 0.356148 0.136522
0 0.364269 0.103043 0.356729 0.103043 0.350348 0.104783 0.338747 0.110870 0.334107 0.114783 0.333527 0.121304 0.336427 0.130870 0.339907 0.135217 0.346288 0.138696 0.357309 0.135652 0.367169 0.135217 0.373550 0.131304 0.375870 0.113913 0.372390 0.108261
0 0.330626 0.069565 0.326566 0.076087 0.326566 0.082609 0.328306 0.086087 0.334687 0.091739 0.339327 0.099130 0.344548 0.102174 0.350348 0.103478 0.361949 0.102174 0.365429 0.100870 0.369490 0.096087 0.370070 0.090870 0.367749 0.084348 0.362529 0.078261 0.353248 0.071739 0.346288 0.068261 0.335847 0.067826
0 0.333527 0.044783 0.327146 0.043913 0.314385 0.044783 0.299304 0.051304 0.295824 0.056522 0.294664 0.065217 0.297564 0.073043 0.304524 0.078696 0.319606 0.084348 0.321926 0.084348 0.324246 0.082609 0.325986 0.073478 0.328886 0.070870 0.336427 0.067391 0.346868 0.066522 0.349768 0.063913 0.349768 0.057826 0.347448 0.052174 0.341647 0.047826
0 0.259861 0.048261 0.256961 0.049565 0.250580 0.056522 0.248260 0.063913 0.248260 0.071304 0.251160 0.079565 0.254640 0.082609 0.256961 0.086957 0.262761 0.090000 0.273782 0.091304 0.278422 0.088261 0.276682 0.083478 0.279582 0.081739 0.283643 0.081739 0.294084 0.076087 0.293503 0.063913 0.284223 0.052609 0.279582 0.050435 0.269142 0.047826
0 0.231439 0.091739 0.229698 0.094783 0.229118 0.100435 0.232019 0.104783 0.245940 0.116087 0.252900 0.120000 0.260441 0.121304 0.267401 0.121304 0.280162 0.111739 0.280742 0.106957 0.279002 0.098696 0.274362 0.094348 0.262761 0.092174 0.258121 0.090000 0.248260 0.087826 0.243039 0.088261
0 0.288863 0.079565 0.281323 0.087826 0.277842 0.099130 0.280742 0.103478 0.280742 0.107826 0.283643 0.110870 0.292923 0.116087 0.299304 0.116087 0.303364 0.114783 0.310325 0.114348 0.326566 0.116957 0.332947 0.114348 0.338167 0.107391 0.337587 0.103478 0.335267 0.099565 0.330626 0.096087 0.328306 0.092609 0.316705 0.084783 0.305104 0.079565 0.301044 0.078696
0 0.299304 0.115652 0.295244 0.121739 0.293503 0.128261 0.294664 0.142609 0.309745 0.154783 0.314965 0.156087 0.323086 0.156087 0.328886 0.154783 0.332947 0.152174 0.336427 0.146522 0.335847 0.135652 0.330626 0.123043 0.320766 0.116087 0.312065 0.114348 0.304524 0.114348
0 0.273782 0.130870 0.269142 0.125652 0.263921 0.122609 0.254060 0.122174 0.242459 0.124348 0.237239 0.126522 0.230858 0.131304 0.218677 0.146957 0.220998 0.149130 0.226798 0.148261 0.230858 0.145652 0.237819 0.144783 0.253480 0.147826 0.269142 0.152609 0.274362 0.149130 0.276682 0.144783 0.276682 0.139130
0 0.232019 0.144783 0.225058 0.150000 0.226218 0.163043 0.231439 0.172174 0.238399 0.178696 0.248260 0.182609 0.258701 0.183913 0.266821 0.182174 0.271462 0.178696 0.270302 0.161739 0.268561 0.155652 0.265719 0.152739 0.259281 0.150435 0.255278 0.149087 0.248840 0.146957 0.239559 0.143913 0.236079 0.143478
0 0.288863 0.150435 0.283643 0.151304 0.279002 0.153478 0.272042 0.160435 0.270882 0.163913 0.270882 0.177391 0.275522 0.182609 0.282483 0.187391 0.289443 0.190435 0.294664 0.191304 0.299884 0.190000 0.312645 0.180870 0.314385 0.176957 0.314965 0.169565 0.301044 0.154783
0 0.317285 0.169565 0.315545 0.174783 0.316125 0.180870 0.319606 0.190000 0.324246 0.194783 0.335267 0.194783 0.343968 0.198261 0.346868 0.200435 0.357889 0.200870 0.367749 0.197826 0.372970 0.193478 0.375290 0.189565 0.375290 0.185217 0.373550 0.182609 0.363689 0.174348 0.357309 0.171304 0.343968 0.167391 0.341067 0.165652 0.333527 0.164783 0.324826 0.165217
0 0.325406 0.196522 0.314385 0.200870 0.311485 0.203913 0.308005 0.210435 0.308585 0.217391 0.313225 0.225217 0.319606 0.230435 0.325406 0.233478 0.336427 0.234783 0.345128 0.232609 0.348028 0.230435 0.355568 0.221304 0.356148 0.215652 0.349188 0.203043 0.346868 0.201304 0.345128 0.201304 0.336427 0.196522
0 0.263921 0.186957 0.256381 0.195652 0.256381 0.204783 0.259861 0.213043 0.262181 0.216087 0.273202 0.223478 0.278422 0.224783 0.290023 0.223913 0.296404 0.221304 0.299884 0.216957 0.301624 0.209130 0.299884 0.201304 0.294664 0.194348 0.280162 0.186087 0.273782 0.184348
0 0.218097 0.182174 0.212877 0.185652 0.209977 0.194348 0.211717 0.200000 0.219838 0.210000 0.228538 0.215652 0.236659 0.218261 0.243619 0.216957 0.249420 0.214348 0.254640 0.210435 0.255800 0.207391 0.255800 0.193043 0.252320 0.188696 0.244200 0.183478 0.237239 0.181304 0.225638 0.180870
0 0.220418 0.214783 0.213457 0.216522 0.203016 0.221304 0.200696 0.226522 0.201856 0.236087 0.204756 0.244348 0.212297 0.252174 0.222738 0.256087 0.231439 0.256087 0.238399 0.254348 0.245360 0.250000 0.247100 0.246087 0.247100 0.242174 0.241299 0.232609 0.236659 0.218696 0.226218 0.214783
0 0.283643 0.233043 0.279002 0.240870 0.279002 0.250000 0.283643 0.258261 0.287703 0.261304 0.295244 0.263043 0.299884 0.265652 0.305104 0.266957 0.314385 0.261304 0.334687 0.257826 0.334687 0.252609 0.328886 0.243913 0.319026 0.235217 0.312065 0.230870 0.306265 0.228261 0.297564 0.226957 0.291183 0.227826
0 0.354988 0.251739 0.350928 0.254783 0.348608 0.263043 0.350928 0.271739 0.353828 0.275652 0.359049 0.279130 0.370650 0.280870 0.379350 0.285217 0.383411 0.285652 0.390371 0.283478 0.400232 0.271739 0.400812 0.266957 0.398492 0.260000 0.392691 0.255217 0.386891 0.252174 0.372970 0.248261 0.366009 0.247826
0 0.309165 0.263913 0.306265 0.266522 0.305104 0.271739 0.308585 0.277826 0.308585 0.287391 0.310905 0.289565 0.319606 0.292174 0.336427 0.292609 0.344548 0.290870 0.349188 0.287391 0.350928 0.283913 0.349188 0.272609 0.343387 0.263913 0.335847 0.259130 0.321926 0.259565
0 0.290023 0.262174 0.283643 0.262609 0.273782 0.267391 0.265081 0.275217 0.259861 0.283043 0.262181 0.290000 0.265661 0.293478 0.277842 0.299130 0.288863 0.299130 0.299304 0.295652 0.307425 0.286957 0.308005 0.281304 0.306265 0.273913 0.302784 0.267826 0.295824 0.263913
0 0.226218 0.271739 0.220998 0.275652 0.218097 0.282609 0.214617 0.286957 0.212877 0.292609 0.214617 0.299130 0.219838 0.303478 0.236659 0.303913 0.251740 0.307391 0.255800 0.306522 0.259861 0.303478 0.261021 0.300435 0.261021 0.289565 0.258121 0.283043 0.248840 0.274783 0.238399 0.270870 0.229118 0.270870
0 0.216937 0.304348 0.212297 0.306957 0.208817 0.313478 0.208817 0.323478 0.211137 0.330000 0.215197 0.334783 0.219838 0.337391 0.231439 0.340435 0.237239 0.339565 0.239559 0.333043 0.242459 0.329565 0.246520 0.326957 0.254060 0.324783 0.257541 0.322174 0.255220 0.312174 0.248840 0.306957 0.243039 0.305217 0.222158 0.303478
0 0.261601 0.303913 0.256381 0.310435 0.256961 0.316087 0.259861 0.320870 0.262761 0.323478 0.269142 0.325217 0.282483 0.331739 0.288283 0.331739 0.296984 0.321304 0.300464 0.314783 0.301044 0.306957 0.299884 0.305217 0.295244 0.302174 0.286543 0.300000 0.275522 0.300000
0 0.319606 0.293478 0.312065 0.297391 0.304524 0.303043 0.301624 0.308696 0.302204 0.313913 0.308005 0.318696 0.316705 0.320435 0.325406 0.326957 0.331206 0.327391 0.348028 0.318261 0.347448 0.310435 0.342227 0.303478 0.331787 0.294348
0 0.359049 0.280435 0.352668 0.283913 0.348028 0.290435 0.347448 0.298696 0.349188 0.303913 0.354988 0.313043 0.358469 0.315652 0.366009 0.317826 0.373550 0.317826 0.379350 0.315652 0.383991 0.306522 0.387471 0.303478 0.391531 0.302174 0.392691 0.297391 0.389211 0.291739 0.384571 0.287391 0.369490 0.280870
0 0.465197 0.299130 0.459977 0.303043 0.457077 0.306957 0.455916 0.312174 0.455916 0.326087 0.458817 0.328696 0.471578 0.333913 0.489559 0.333913 0.495940 0.330870 0.502900 0.324783 0.504640 0.319130 0.502900 0.307826 0.494780 0.300435 0.487819 0.296957 0.476218 0.296087
0 0.392111 0.301739 0.388631 0.302609 0.384571 0.305652 0.379930 0.313478 0.380510 0.324783 0.382251 0.330000 0.385151 0.334783 0.392111 0.338696 0.396752 0.340000 0.406032 0.339565 0.415313 0.335217 0.424594 0.328261 0.426914 0.323043 0.426334 0.314783 0.422274 0.308261 0.417633 0.304348 0.406613 0.301304
0 0.367169 0.318261 0.362529 0.316957 0.350928 0.317826 0.341067 0.321739 0.333527 0.326522 0.331206 0.333913 0.332367 0.339565 0.337587 0.345217 0.339907 0.349565 0.345708 0.353043 0.352088 0.353043 0.365429 0.347826 0.373550 0.346522 0.381671 0.338261 0.382831 0.333478 0.379930 0.327391 0.374130 0.321739
0 0.295244 0.324783 0.291183 0.329130 0.287703 0.336522 0.288863 0.348696 0.297564 0.356957 0.308585 0.360435 0.326566 0.360000 0.335847 0.357826 0.337587 0.350000 0.334687 0.342174 0.330626 0.336957 0.329466 0.332609 0.324826 0.327391 0.316125 0.320870 0.310325 0.319565 0.305104 0.320435
0 0.243619 0.328696 0.240139 0.333478 0.238399 0.342609 0.241879 0.350000 0.245360 0.352609 0.256381 0.356522 0.261601 0.357391 0.277842 0.356522 0.281903 0.354348 0.285383 0.350000 0.286543 0.345217 0.285383 0.338261 0.282483 0.333478 0.277842 0.329130 0.269722 0.325652 0.265081 0.324783 0.255800 0.324783
0 0.221578 0.337826 0.210557 0.338696 0.205336 0.340870 0.198376 0.347391 0.194316 0.357391 0.194316 0.366087 0.200696 0.379130 0.204176 0.380000 0.211137 0.379565 0.219838 0.372174 0.228538 0.368696 0.237239 0.367391 0.242459 0.364348 0.243619 0.361739 0.243619 0.352609 0.241879 0.350000 0.233179 0.341739 0.224478 0.339565
0 0.226798 0.369565 0.221578 0.371739 0.216937 0.375217 0.212877 0.380435 0.212877 0.384783 0.214617 0.389130 0.220998 0.396522 0.241879 0.409565 0.247680 0.408696 0.254060 0.405652 0.262181 0.404348 0.264501 0.401304 0.264501 0.396522 0.261601 0.388261 0.255220 0.377391 0.248260 0.371739 0.242459 0.368696 0.234339 0.368261
0 0.279002 0.356957 0.262761 0.358696 0.256381 0.365217 0.256381 0.377826 0.257541 0.381304 0.265081 0.393913 0.266821 0.399130 0.273202 0.403913 0.279002 0.403478 0.285383 0.400870 0.287123 0.390870 0.299884 0.382609 0.302204 0.376957 0.301624 0.369130 0.299304 0.365217 0.292343 0.360870
0 0.309745 0.362174 0.305104 0.365217 0.302204 0.368696 0.303364 0.374348 0.311485 0.381739 0.329466 0.390435 0.332367 0.393043 0.337587 0.393913 0.341067 0.392609 0.353828 0.382174 0.354988 0.375652 0.354408 0.369130 0.348608 0.363913 0.336427 0.360000 0.317285 0.360870
0 0.466647 0.756739 0.456148 0.754913 0.450464 0.756478 0.446346 0.758304 0.444200 0.760174 0.438515 0.763478 0.432773 0.767043 0.429234 0.771304 0.429234 0.776087 0.434455 0.780000 0.439095 0.781304 0.443155 0.783913 0.453596 0.783478 0.459165 0.782043 0.466357 0.780000 0.471578 0.772174 0.473492 0.764217
0 0.406032 0.353043 0.389791 0.345652 0.383411 0.344783 0.363109 0.349565 0.353828 0.353043 0.351508 0.356087 0.353248 0.368261 0.359049 0.373478 0.368329 0.377826 0.375870 0.378261 0.382251 0.376957 0.393271 0.369130 0.397912 0.362609 0.400812 0.360435 0.404292 0.360000 0.408933 0.357826
0 0.421694 0.332174 0.412993 0.337826 0.410673 0.341304 0.408353 0.348696 0.409513 0.351304 0.415313 0.358261 0.428654 0.364783 0.440835 0.365217 0.445476 0.363913 0.451276 0.360000 0.453016 0.357391 0.452436 0.350000 0.448956 0.346522 0.445476 0.339565 0.439675 0.334348 0.434455 0.332174 0.425174 0.331304
0 0.470998 0.360870 0.465777 0.362609 0.460557 0.368696 0.460557 0.380435 0.464037 0.387826 0.469838 0.395217 0.475638 0.398696 0.482599 0.398696 0.488979 0.396522 0.509861 0.382609 0.511021 0.372609 0.502900 0.364348 0.495360 0.361304 0.488979 0.360435
0 0.510441 0.386957 0.506381 0.396087 0.506381 0.402609 0.510441 0.410000 0.514501 0.413478 0.522622 0.416957 0.534223 0.417391 0.551624 0.412174 0.551624 0.403913 0.536543 0.388261 0.530742 0.384783 0.525522 0.383478 0.516821 0.383478
0 0.439095 0.380870 0.433875 0.382609 0.430394 0.385217 0.421694 0.394783 0.418794 0.400000 0.417633 0.408696 0.426914 0.418261 0.439675 0.420870 0.444896 0.420870 0.458237 0.416522 0.463457 0.413043 0.465777 0.408696 0.465777 0.403478 0.459397 0.387391 0.451856 0.383478
0 0.415313 0.359130 0.408933 0.359130 0.400812 0.361304 0.395592 0.366087 0.392691 0.371304 0.387471 0.374348 0.385731 0.376957 0.383991 0.384348 0.385731 0.390435 0.395012 0.397391 0.408353 0.399565 0.417053 0.397826 0.424594 0.392174 0.429234 0.385217 0.431555 0.383913 0.430974 0.372609 0.424594 0.363478
0 0.372970 0.380435 0.366009 0.380000 0.352668 0.384348 0.340487 0.393478 0.339327 0.396087 0.339327 0.401304 0.342807 0.407826 0.350928 0.412609 0.357889 0.414783 0.361369 0.417391 0.367169 0.417391 0.372390 0.416087 0.375870 0.412609 0.378770 0.405652 0.385151 0.400000 0.385731 0.391304 0.379350 0.384783
0 0.386311 0.400000 0.381671 0.402609 0.377030 0.409130 0.376450 0.416522 0.382831 0.426522 0.397912 0.438261 0.401972 0.440000 0.407773 0.439565 0.420534 0.432609 0.424014 0.428261 0.424014 0.421739 0.419374 0.411739 0.412413 0.403478 0.407193 0.400000 0.396172 0.398696
0 0.298724 0.384348 0.291183 0.388696 0.287703 0.393478 0.285963 0.399565 0.287703 0.403913 0.290603 0.407826 0.298724 0.413913 0.320766 0.420435 0.330626 0.412174 0.337587 0.408696 0.337007 0.399130 0.328306 0.391739 0.316125 0.386087 0.309745 0.384348
0 0.209977 0.400435 0.201856 0.404348 0.193155 0.410870 0.191995 0.417826 0.187355 0.423478 0.187935 0.425652 0.190835 0.428696 0.205336 0.434348 0.219258 0.433478 0.226218 0.435217 0.232019 0.435217 0.236659 0.432174 0.238979 0.428261 0.240719 0.416087 0.238399 0.410435 0.235499 0.406522 0.225058 0.400000 0.220418 0.399130
0 0.250580 0.407391 0.244780 0.410870 0.238979 0.425652 0.240139 0.431739 0.247100 0.436522 0.252320 0.436957 0.260441 0.439565 0.267981 0.439565 0.275522 0.435652 0.274362 0.431739 0.274942 0.427391 0.281323 0.420435 0.281323 0.415652 0.279582 0.413043 0.273782 0.409130 0.263921 0.405652
0 0.286543 0.420000 0.281323 0.423043 0.280162 0.426087 0.277842 0.427826 0.277842 0.436087 0.283643 0.445652 0.290023 0.451739 0.302204 0.457391 0.303944 0.459130 0.309165 0.460435 0.316125 0.459565 0.324826 0.451739 0.325986 0.448261 0.325986 0.443043 0.322506 0.439565 0.320766 0.429565 0.316705 0.422609 0.312065 0.419565 0.299884 0.416957
0 0.339907 0.410870 0.330626 0.413478 0.325406 0.417826 0.321926 0.423043 0.320766 0.430870 0.323666 0.438261 0.325464 0.441522 0.328306 0.443478 0.333527 0.447826 0.347448 0.448696 0.349188 0.447391 0.350928 0.430870 0.355452 0.423391 0.360557 0.421217 0.361949 0.420000 0.362065 0.417957 0.359745 0.417087 0.357309 0.416087 0.348608 0.411739
0 0.359629 0.422174 0.354988 0.424783 0.349768 0.434348 0.350348 0.440000 0.347448 0.447391 0.360209 0.455652 0.371810 0.459565 0.383411 0.459565 0.389791 0.455217 0.394432 0.449565 0.395592 0.439565 0.392111 0.435217 0.382251 0.427391 0.362529 0.421739
0 0.208817 0.434348 0.205336 0.435217 0.198956 0.440000 0.188515 0.445652 0.186195 0.450435 0.186775 0.456087 0.189095 0.459130 0.208817 0.468261 0.217517 0.468261 0.223898 0.466087 0.230858 0.459565 0.234919 0.452174 0.232599 0.441739 0.227958 0.436087 0.221578 0.434348
0 0.259281 0.446957 0.245940 0.446957 0.237239 0.450870 0.233759 0.458261 0.227958 0.462609 0.227378 0.470000 0.228538 0.474783 0.241879 0.482174 0.250000 0.482609 0.258121 0.480870 0.265661 0.475217 0.268561 0.470870 0.270882 0.464783 0.270302 0.455652 0.267401 0.451739
0 0.272622 0.455217 0.273202 0.459130 0.269722 0.475217 0.271462 0.479130 0.276102 0.483478 0.287703 0.488696 0.294664 0.490000 0.303944 0.484783 0.312065 0.482609 0.315545 0.477826 0.316705 0.470435 0.314385 0.466522 0.308585 0.462174 0.299304 0.456957 0.290023 0.453913 0.276682 0.453913
0 0.347448 0.450435 0.330046 0.450435 0.324246 0.453913 0.320186 0.458696 0.319026 0.466957 0.319606 0.475217 0.323666 0.483043 0.330626 0.486957 0.346288 0.480870 0.357889 0.480435 0.360789 0.478696 0.361949 0.476087 0.360789 0.470870 0.362529 0.464783 0.361949 0.458696 0.356729 0.454348
0 0.332947 0.486087 0.330626 0.488261 0.329466 0.503478 0.333527 0.509565 0.349188 0.513913 0.361949 0.513913 0.372970 0.500000 0.373550 0.492174 0.369490 0.486087 0.362529 0.482609 0.351508 0.481739 0.345708 0.482174
0 0.316125 0.483478 0.304524 0.485652 0.298144 0.489130 0.295824 0.494783 0.292923 0.497826 0.291183 0.504348 0.292923 0.510435 0.298724 0.514348 0.314965 0.518696 0.327146 0.511739 0.328886 0.506087 0.327146 0.498696 0.327146 0.493913 0.328886 0.489130 0.327146 0.486087 0.320766 0.483913
0 0.243619 0.484783 0.240719 0.490000 0.241879 0.502174 0.250580 0.513478 0.256961 0.517826 0.267981 0.518696 0.271462 0.516087 0.283063 0.511739 0.288863 0.505652 0.290603 0.500435 0.287123 0.493478 0.279002 0.488261 0.273202 0.487391 0.258121 0.482609
0 0.217517 0.469565 0.206497 0.469130 0.189095 0.474348 0.185615 0.477826 0.183295 0.482609 0.182715 0.491739 0.185035 0.496957 0.191415 0.502174 0.201276 0.504348 0.211137 0.499130 0.224478 0.498696 0.230278 0.496087 0.232599 0.491304 0.232019 0.482174 0.230278 0.477826 0.227958 0.475217
0 0.205336 0.501739 0.202552 0.504957 0.200696 0.509565 0.201856 0.513913 0.215777 0.529565 0.232599 0.530870 0.244200 0.526522 0.248260 0.521739 0.248840 0.516087 0.244780 0.509130 0.240719 0.505217 0.225058 0.499565 0.214617 0.499565
0 0.189675 0.523043 0.182715 0.525217 0.179234 0.528261 0.174594 0.540000 0.174594 0.545652 0.179234 0.553478 0.190835 0.557391 0.202436 0.558261 0.206497 0.556957 0.211137 0.553478 0.216357 0.546957 0.220128 0.537217 0.215197 0.531304 0.212529 0.527478 0.209397 0.525217 0.207077 0.523913
0 0.234919 0.531304 0.230278 0.534783 0.227958 0.539565 0.226798 0.547391 0.227958 0.553913 0.231439 0.555652 0.243039 0.557391 0.261601 0.565652 0.264501 0.565652 0.269142 0.563913 0.272622 0.560870 0.277262 0.553478 0.275522 0.547391 0.269722 0.539130 0.265081 0.535652 0.253480 0.530435 0.240719 0.529565
0 0.274362 0.514783 0.267981 0.519565 0.265661 0.533478 0.268561 0.537826 0.274942 0.543043 0.287123 0.546087 0.299884 0.546522 0.302784 0.545652 0.308585 0.540435 0.313225 0.539130 0.315545 0.537391 0.316125 0.533043 0.312645 0.527391 0.312065 0.522174 0.307425 0.518261 0.296984 0.513913 0.289443 0.512174 0.282483 0.512609
0 0.319026 0.516957 0.313805 0.521739 0.312645 0.525652 0.316125 0.533043 0.323666 0.540435 0.335847 0.543478 0.346868 0.543913 0.353828 0.541304 0.361949 0.534783 0.363689 0.529130 0.362529 0.525652 0.361253 0.521087 0.357889 0.517391 0.356729 0.516522 0.353596 0.515478 0.350348 0.515217 0.345708 0.513478 0.330046 0.512174
0 0.380510 0.503913 0.372390 0.505652 0.367749 0.509565 0.365429 0.513478 0.364269 0.522609 0.366589 0.529565 0.372390 0.536087 0.378190 0.538696 0.388631 0.538696 0.395012 0.535652 0.400232 0.529565 0.411253 0.521739 0.412413 0.517391 0.410093 0.513478 0.393852 0.505652
0 0.404292 0.479565 0.392691 0.487391 0.391531 0.491304 0.392111 0.500435 0.396172 0.506087 0.399072 0.507391 0.410557 0.511913 0.415313 0.513043 0.424594 0.512174 0.430394 0.508696 0.435615 0.499565 0.435615 0.490435 0.429814 0.483043 0.424014 0.479130 0.411833 0.478696
0 0.393271 0.458261 0.388051 0.458696 0.383411 0.460435 0.370650 0.460000 0.364849 0.462609 0.361949 0.467826 0.361949 0.474783 0.364849 0.481739 0.372970 0.486957 0.380510 0.488261 0.392111 0.486957 0.400812 0.479565 0.404872 0.477826 0.405452 0.473043 0.404292 0.467826 0.399652 0.462609
0 0.431555 0.433478 0.427494 0.432609 0.419374 0.433478 0.410093 0.440000 0.399652 0.442609 0.396172 0.445217 0.393852 0.450870 0.394432 0.455652 0.397332 0.460435 0.403712 0.465217 0.415313 0.467391 0.428074 0.466957 0.446056 0.453478 0.446636 0.446522 0.444316 0.442609
0 0.466357 0.453478 0.456497 0.451739 0.447216 0.453478 0.440835 0.456957 0.430394 0.466957 0.428074 0.474348 0.428654 0.479130 0.432135 0.484783 0.437355 0.489565 0.444896 0.492174 0.458817 0.491304 0.466357 0.487391 0.469258 0.481739 0.476798 0.475652 0.477958 0.472174 0.477378 0.466522 0.471578 0.456957
0 0.464037 0.413913 0.447796 0.419565 0.443155 0.422174 0.441415 0.426522 0.441415 0.434783 0.442575 0.439565 0.449536 0.448696 0.455336 0.451739 0.466937 0.453478 0.470418 0.452609 0.477958 0.445652 0.480278 0.440435 0.480858 0.433478 0.478538 0.424348 0.474478 0.416957 0.469838 0.414348
0 0.485499 0.413043 0.482019 0.415652 0.480278 0.419130 0.479698 0.426522 0.481439 0.433043 0.486079 0.440435 0.490139 0.442609 0.508701 0.442609 0.513921 0.443478 0.517981 0.442174 0.524942 0.435217 0.525522 0.423043 0.524362 0.421304 0.519722 0.419130 0.512761 0.413478 0.506381 0.410870 0.495940 0.410435
0 0.478538 0.445652 0.473898 0.453043 0.473898 0.458261 0.477958 0.467826 0.483179 0.472609 0.488399 0.474783 0.508121 0.476957 0.515081 0.474348 0.519722 0.471304 0.521462 0.469130 0.524362 0.457826 0.522622 0.451739 0.517401 0.445652 0.508701 0.442609 0.486659 0.443043
0 0.563805 0.429565 0.554524 0.433043 0.549304 0.436957 0.547564 0.441739 0.548144 0.448261 0.556265 0.459565 0.563225 0.464783 0.568445 0.466957 0.575986 0.467826 0.581206 0.466522 0.585267 0.463478 0.588747 0.450435 0.588747 0.442609 0.586427 0.436957 0.578886 0.430870 0.571926 0.429130
0 0.538863 0.450000 0.533643 0.452609 0.527262 0.457826 0.523202 0.464348 0.520882 0.472609 0.522042 0.483043 0.523782 0.486087 0.533063 0.492174 0.540661 0.494348 0.556265 0.492609 0.562645 0.489565 0.565545 0.485217 0.565545 0.481304 0.558585 0.463043 0.552784 0.457826 0.549884 0.452609 0.544954 0.447739
0 0.476218 0.477391 0.469258 0.482174 0.467517 0.485652 0.466937 0.493043 0.470418 0.500870 0.474072 0.505609 0.477958 0.506957 0.486079 0.510000 0.493039 0.510000 0.507541 0.506087 0.512181 0.502609 0.517981 0.494348 0.517981 0.490000 0.511021 0.482174 0.503480 0.476957 0.485499 0.475652
0 0.603248 0.462609 0.593968 0.462609 0.591067 0.464348 0.586427 0.464783 0.579466 0.467391 0.573086 0.475217 0.570766 0.483913 0.573666 0.491739 0.580046 0.495652 0.590487 0.500000 0.596868 0.500435 0.614269 0.493913 0.616589 0.489565 0.618329 0.482174 0.618329 0.475217 0.616009 0.470000 0.611369 0.466087
0 0.664153 0.462609 0.659513 0.460870 0.648492 0.461304 0.643852 0.462609 0.625870 0.472174 0.620070 0.478261 0.618910 0.491304 0.620070 0.493043 0.627030 0.496522 0.638631 0.497826 0.654872 0.495652 0.668213 0.490435 0.672854 0.483478 0.672854 0.476522 0.669954 0.467391
0 0.548144 0.505217 0.548144 0.517826 0.554524 0.523043 0.564965 0.523043 0.578886 0.526087 0.588747 0.526087 0.595708 0.524348 0.602088 0.524348 0.606148 0.521739 0.596868 0.507391 0.592227 0.503913 0.573086 0.496522 0.562645 0.496087 0.554524 0.499130
0 0.526102 0.493913 0.519722 0.496087 0.512761 0.501304 0.505220 0.513043 0.504060 0.517391 0.506961 0.527826 0.516821 0.533913 0.534803 0.535652 0.543503 0.533478 0.545824 0.529565 0.548318 0.527174 0.548724 0.523913 0.549304 0.521304 0.547796 0.512739 0.545244 0.505217 0.542343 0.498261 0.535383 0.493913
0 0.500000 0.511304 0.497100 0.510435 0.484919 0.513043 0.464037 0.525217 0.460557 0.528696 0.459397 0.531739 0.460557 0.536522 0.470998 0.544783 0.481439 0.547391 0.494780 0.547391 0.501160 0.544783 0.506381 0.537391 0.503480 0.525652 0.502320 0.513043
0 0.450116 0.492174 0.444896 0.493043 0.438515 0.497391 0.433295 0.505652 0.432715 0.511304 0.435035 0.520435 0.439095 0.526957 0.445476 0.530435 0.455916 0.530870 0.472738 0.517826 0.473898 0.507826 0.468097 0.499130 0.459977 0.492609
0 0.418213 0.519565 0.409513 0.523043 0.403712 0.527391 0.398492 0.533478 0.397332 0.540435 0.399072 0.543478 0.412413 0.550000 0.425754 0.552609 0.429234 0.550435 0.434455 0.537826 0.439675 0.533478 0.439095 0.528696 0.436195 0.523478 0.432715 0.520870 0.427494 0.519565
0 0.441995 0.532174 0.434455 0.536957 0.429814 0.546087 0.428074 0.551739 0.429234 0.561304 0.433875 0.566087 0.438515 0.567391 0.461717 0.566957 0.465777 0.564348 0.470998 0.556087 0.471578 0.551304 0.469838 0.546087 0.458237 0.535217 0.451276 0.532174
0 0.356729 0.542609 0.352668 0.546522 0.351508 0.550870 0.352088 0.556957 0.356148 0.564783 0.364269 0.572174 0.372390 0.574783 0.378190 0.574348 0.383991 0.571304 0.388051 0.560435 0.399652 0.549565 0.398492 0.546087 0.388631 0.540870 0.368910 0.540435
0 0.401972 0.551304 0.395592 0.553913 0.388051 0.560435 0.385151 0.567391 0.385151 0.572174 0.395592 0.581304 0.401972 0.584348 0.411253 0.586522 0.422274 0.586087 0.426914 0.581739 0.431555 0.571304 0.431555 0.566957 0.427494 0.555652 0.425754 0.553913 0.418794 0.551304 0.411833 0.550435
0 0.308585 0.540870 0.303364 0.546087 0.301624 0.551739 0.302204 0.561739 0.308005 0.568696 0.316125 0.574783 0.324246 0.576522 0.331206 0.576522 0.343387 0.571739 0.345708 0.570000 0.348608 0.564783 0.348028 0.557391 0.343968 0.553043 0.315545 0.540435
0 0.298724 0.546957 0.294084 0.546522 0.283643 0.551739 0.277262 0.556957 0.273782 0.561739 0.267401 0.566522 0.266821 0.569565 0.267981 0.573043 0.270882 0.576957 0.274362 0.579130 0.285383 0.581739 0.294664 0.582174 0.308585 0.579130 0.313805 0.576522 0.313805 0.572174 0.308585 0.568261 0.303364 0.562174 0.301624 0.548261
0 0.219838 0.560000 0.212877 0.565652 0.209397 0.571304 0.209397 0.580000 0.212297 0.584783 0.222738 0.588261 0.247680 0.593043 0.258121 0.593478 0.263921 0.590000 0.266241 0.584783 0.265661 0.579130 0.262181 0.569565 0.257541 0.564783 0.248840 0.560000 0.237819 0.556522 0.231439 0.556522
0 0.244780 0.593478 0.238399 0.590870 0.223898 0.588696 0.209977 0.589130 0.198956 0.591739 0.195476 0.594348 0.192575 0.600870 0.194896 0.611739 0.199536 0.620870 0.209977 0.626522 0.217517 0.626522 0.221578 0.625652 0.234919 0.616957 0.243619 0.613913 0.249420 0.608261 0.251740 0.603478 0.250580 0.599130
0 0.179814 0.619565 0.175174 0.623478 0.171694 0.630435 0.171694 0.637826 0.176334 0.648696 0.179814 0.652174 0.186775 0.654783 0.198956 0.655217 0.206497 0.653913 0.208817 0.652174 0.213457 0.644348 0.220418 0.639130 0.218677 0.634348 0.204756 0.624348 0.189675 0.619130 0.183875 0.618696
0 0.209977 0.650435 0.207657 0.654348 0.205916 0.662609 0.209977 0.669130 0.216937 0.672609 0.226218 0.674783 0.237239 0.672174 0.253480 0.673913 0.258121 0.672174 0.262761 0.666957 0.262761 0.661739 0.258121 0.655217 0.252320 0.652652 0.245940 0.650000 0.231439 0.643913 0.227378 0.643043 0.221578 0.643478 0.214617 0.646087 0.211311 0.647304
0 0.224478 0.623913 0.220418 0.630870 0.220418 0.635217 0.225638 0.641304 0.235499 0.644348 0.252900 0.652609 0.261601 0.655217 0.279002 0.652609 0.281323 0.651304 0.280742 0.642174 0.275522 0.637391 0.272042 0.629130 0.264501 0.620435 0.248260 0.614783 0.241299 0.614783 0.233179 0.617826
0 0.179814 0.673043 0.174594 0.676957 0.172274 0.681304 0.173434 0.689130 0.178654 0.694783 0.190255 0.695652 0.200116 0.699565 0.209397 0.701304 0.216357 0.700000 0.220998 0.693043 0.222738 0.687391 0.222158 0.681739 0.216357 0.673913 0.209977 0.670435 0.200696 0.668696 0.189675 0.669565
0 0.244200 0.673043 0.234919 0.673043 0.229118 0.674783 0.224652 0.679304 0.223550 0.692130 0.225638 0.701739 0.232019 0.709130 0.235499 0.711304 0.242459 0.710870 0.246520 0.709565 0.254640 0.701304 0.263341 0.698261 0.267981 0.690870 0.267981 0.686957 0.265661 0.682609 0.256381 0.676087
0 0.320186 0.661739 0.308005 0.654348 0.298144 0.653913 0.285963 0.656522 0.274362 0.660435 0.265081 0.666087 0.262761 0.669130 0.262761 0.671304 0.269142 0.683043 0.272042 0.685217 0.277262 0.686957 0.283063 0.686957 0.294084 0.682174 0.307425 0.681304 0.312065 0.680000 0.317285 0.675217 0.321346 0.666522
0 0.274942 0.579565 0.270302 0.580870 0.266241 0.589130 0.259861 0.593478 0.255800 0.599130 0.254640 0.606087 0.255800 0.615217 0.260441 0.618261 0.267401 0.620435 0.279002 0.619565 0.290603 0.614783 0.293503 0.612174 0.287123 0.596522 0.285963 0.583478 0.280742 0.580870
0 0.296984 0.581739 0.291183 0.584783 0.287123 0.591739 0.290023 0.603913 0.296984 0.613043 0.301044 0.615652 0.305104 0.616957 0.314385 0.617826 0.320766 0.620000 0.331206 0.606957 0.332367 0.594783 0.328886 0.585652 0.324826 0.581304 0.320186 0.579565 0.309165 0.579130
0 0.332947 0.576957 0.329466 0.582609 0.330626 0.589565 0.332947 0.593043 0.346288 0.601739 0.356729 0.603478 0.363689 0.603478 0.368329 0.602609 0.375870 0.598261 0.379930 0.586957 0.377030 0.579130 0.372970 0.575652 0.361369 0.572174 0.345708 0.572174
0 0.331206 0.609130 0.325986 0.614348 0.324826 0.620435 0.325986 0.624783 0.331787 0.631739 0.337587 0.633913 0.356148 0.635652 0.361949 0.634348 0.367169 0.623478 0.374130 0.618696 0.375290 0.614783 0.371230 0.609565 0.363689 0.604783 0.354408 0.603478 0.345708 0.603913
0 0.281323 0.618261 0.276682 0.621739 0.273782 0.626522 0.274362 0.634348 0.281323 0.642174 0.290603 0.648696 0.299304 0.652174 0.308005 0.652609 0.320186 0.648261 0.324826 0.640000 0.324246 0.631739 0.320766 0.625652 0.310325 0.620000 0.295824 0.615217 0.287703 0.615652
0 0.334687 0.633913 0.327726 0.637391 0.321926 0.646957 0.321346 0.658261 0.322506 0.662609 0.329466 0.667826 0.350348 0.666522 0.355568 0.663478 0.358469 0.658696 0.366009 0.652609 0.367169 0.650870 0.367169 0.645217 0.362529 0.639565 0.354408 0.635652 0.342807 0.633913
0 0.381090 0.587391 0.378190 0.594348 0.378770 0.600870 0.384571 0.609565 0.395592 0.616522 0.403712 0.618696 0.411833 0.618261 0.415893 0.615652 0.419954 0.610870 0.430974 0.605652 0.431555 0.599130 0.428074 0.593478 0.424014 0.589565 0.418794 0.587391 0.400232 0.584348 0.387471 0.584783
0 0.406032 0.620435 0.393271 0.616522 0.382831 0.616957 0.374130 0.618696 0.368329 0.622174 0.364269 0.628261 0.362529 0.633478 0.362529 0.637391 0.364269 0.640870 0.374130 0.648261 0.384571 0.649130 0.391531 0.650870 0.397332 0.650870 0.401972 0.649565 0.415313 0.635652 0.411833 0.625652
0 0.363689 0.653913 0.357309 0.660435 0.355568 0.666957 0.359049 0.673478 0.370650 0.682174 0.385731 0.684783 0.393271 0.684783 0.397332 0.683478 0.401392 0.679130 0.406032 0.669130 0.406032 0.664348 0.401392 0.657391 0.393271 0.652609 0.380510 0.650000 0.372390 0.650000
0 0.330626 0.668261 0.320186 0.675217 0.317865 0.681304 0.319026 0.685217 0.330046 0.696957 0.341067 0.700435 0.347448 0.700870 0.351508 0.698696 0.357309 0.690000 0.363689 0.684783 0.365429 0.681739 0.364269 0.678696 0.356729 0.670870 0.351508 0.667826 0.341067 0.667391
0 0.287123 0.684348 0.281903 0.688261 0.280162 0.696522 0.281323 0.701739 0.286543 0.709565 0.292343 0.714348 0.296984 0.716087 0.309745 0.715652 0.318445 0.713043 0.325986 0.706957 0.328306 0.698261 0.325986 0.693043 0.320186 0.686522 0.310325 0.681304 0.298724 0.681304
0 0.261601 0.699565 0.256381 0.700870 0.248260 0.708261 0.247680 0.724783 0.254060 0.732609 0.258701 0.734348 0.265661 0.734783 0.273202 0.733478 0.279582 0.729130 0.285963 0.722174 0.286543 0.715217 0.280742 0.703913 0.272622 0.700870
0 0.169374 0.697391 0.163573 0.701739 0.161833 0.709130 0.164153 0.714348 0.170534 0.720870 0.177494 0.725217 0.190835 0.731304 0.200696 0.732174 0.205336 0.730870 0.215777 0.716957 0.214617 0.709565 0.209397 0.703478 0.204756 0.700870 0.187935 0.695217 0.178074 0.694783
0 0.230858 0.712174 0.225638 0.712609 0.215777 0.716957 0.207657 0.727826 0.207077 0.734348 0.209397 0.739130 0.215197 0.741739 0.226218 0.749130 0.232019 0.750000 0.243039 0.747391 0.250000 0.744348 0.254060 0.741304 0.255800 0.735652 0.248260 0.726087 0.245360 0.718261 0.237239 0.713043
0 0.209397 0.740000 0.198956 0.740435 0.183875 0.743478 0.177494 0.751304 0.176914 0.758696 0.179234 0.766957 0.183295 0.771739 0.190835 0.776087 0.201856 0.777391 0.214617 0.773043 0.224478 0.764348 0.226218 0.760000 0.225638 0.749565 0.216357 0.742609
0 0.256961 0.741739 0.250000 0.744783 0.244780 0.749130 0.241879 0.755652 0.241879 0.763913 0.257541 0.777391 0.260441 0.778261 0.272622 0.777826 0.281903 0.773913 0.283063 0.763043 0.286543 0.755217 0.279002 0.746087 0.274942 0.743478 0.268561 0.741304
0 0.219838 0.770435 0.212877 0.775652 0.210557 0.782609 0.211717 0.788696 0.217517 0.797826 0.228538 0.802609 0.236659 0.803913 0.243619 0.803478 0.252320 0.800435 0.257541 0.796522 0.260441 0.791739 0.261021 0.786522 0.259861 0.781304 0.251160 0.772609 0.242459 0.768696 0.229698 0.768261
0 0.184455 0.776957 0.179234 0.778696 0.163573 0.789130 0.162413 0.790870 0.163573 0.795652 0.174014 0.803478 0.184455 0.808696 0.195476 0.812174 0.205336 0.811304 0.213457 0.806522 0.217517 0.799565 0.209397 0.784348 0.201856 0.778696 0.190835 0.776522
0 0.283643 0.724783 0.275522 0.732609 0.274942 0.737391 0.276102 0.743043 0.284223 0.752174 0.289443 0.754348 0.291763 0.753043 0.301624 0.751304 0.308005 0.751304 0.313225 0.752609 0.320186 0.752609 0.321926 0.751304 0.324246 0.742174 0.327726 0.736087 0.325986 0.732174 0.320186 0.727826 0.307425 0.724348 0.296404 0.722609 0.288283 0.722609
0 0.319606 0.712609 0.317865 0.720435 0.319606 0.726957 0.327146 0.732174 0.335847 0.734348 0.357309 0.735217 0.363109 0.733478 0.366589 0.730435 0.369490 0.725217 0.370650 0.719130 0.370070 0.716957 0.363689 0.712174 0.335267 0.706087 0.327146 0.707391
0 0.362529 0.685217 0.355568 0.691739 0.353828 0.695652 0.354408 0.701739 0.359049 0.709130 0.371230 0.716087 0.376450 0.717391 0.392111 0.715217 0.397332 0.711304 0.400812 0.704348 0.400812 0.700000 0.396172 0.689565 0.389211 0.685652 0.374130 0.683043 0.366589 0.683478
0 0.441995 0.673913 0.438515 0.671304 0.429814 0.668696 0.419374 0.663913 0.412993 0.664783 0.406032 0.670435 0.397332 0.686087 0.397332 0.690435 0.402552 0.699565 0.408933 0.700000 0.414153 0.697826 0.428654 0.696087 0.434455 0.690435 0.445476 0.683478 0.444896 0.677391
0 0.409513 0.640870 0.406032 0.644348 0.403132 0.650435 0.404292 0.654783 0.407773 0.658261 0.429234 0.668696 0.438515 0.671304 0.451276 0.671739 0.455336 0.670435 0.457657 0.666087 0.455336 0.662174 0.443735 0.651304 0.438515 0.644783 0.432135 0.640000 0.425174 0.636957 0.418794 0.636522
0 0.421114 0.610000 0.415313 0.614783 0.413573 0.618696 0.414153 0.628261 0.419374 0.635217 0.434455 0.640870 0.441995 0.640870 0.448956 0.639565 0.458237 0.635217 0.460557 0.632174 0.460557 0.630000 0.448956 0.618261 0.447796 0.610870 0.446056 0.609130 0.437935 0.606522 0.429814 0.606522
0 0.463457 0.597391 0.453596 0.602174 0.448376 0.611304 0.448376 0.616522 0.457077 0.626957 0.461137 0.629565 0.470998 0.633478 0.476218 0.634348 0.483179 0.633913 0.487239 0.632174 0.491879 0.626957 0.493039 0.618696 0.491299 0.613913 0.484339 0.603913 0.476798 0.598261 0.469258 0.596957
0 0.441415 0.567391 0.437355 0.568696 0.429814 0.575652 0.426334 0.583913 0.426914 0.590870 0.429814 0.596522 0.433295 0.599565 0.440835 0.601304 0.451276 0.601304 0.459977 0.598261 0.469838 0.590435 0.471578 0.585217 0.470998 0.577391 0.468677 0.572609 0.462877 0.569130 0.454756 0.567391
0 0.480278 0.550000 0.472158 0.555652 0.466937 0.563043 0.466937 0.568261 0.472738 0.578261 0.479698 0.580870 0.508121 0.578696 0.512181 0.573913 0.512761 0.569565 0.510441 0.563913 0.501160 0.551739 0.497680 0.549565 0.491299 0.547826 0.484339 0.548261
0 0.480858 0.581739 0.476218 0.587826 0.475058 0.595652 0.476798 0.598261 0.484339 0.603913 0.491879 0.613043 0.497680 0.616087 0.506961 0.615652 0.515661 0.613043 0.523782 0.606522 0.526102 0.600000 0.525522 0.593043 0.522042 0.588261 0.513921 0.583043 0.505800 0.580435 0.488979 0.580000
0 0.497100 0.617391 0.494200 0.625652 0.496520 0.636087 0.501740 0.638696 0.507541 0.640435 0.524362 0.641304 0.527842 0.640000 0.538283 0.631739 0.536543 0.623043 0.533643 0.619130 0.528422 0.615217 0.512181 0.613913
0 0.498260 0.638696 0.487239 0.634783 0.479698 0.634783 0.466357 0.636957 0.452436 0.640870 0.446056 0.646087 0.446056 0.651739 0.447796 0.655217 0.457077 0.663478 0.465197 0.664783 0.470998 0.663913 0.479698 0.659130 0.491879 0.649130 0.497100 0.646522 0.499420 0.643478
0 0.518561 0.642174 0.507541 0.642609 0.504640 0.644348 0.498840 0.645217 0.493619 0.647826 0.485499 0.654348 0.486659 0.661739 0.491299 0.667826 0.512181 0.675217 0.523782 0.671304 0.529582 0.665652 0.530742 0.663043 0.530742 0.653043 0.529002 0.648261 0.523782 0.643913
0 0.459977 0.667826 0.455336 0.673043 0.455336 0.679565 0.457657 0.684783 0.469258 0.690435 0.473318 0.693478 0.477378 0.699130 0.481439 0.701304 0.495940 0.697826 0.501160 0.692609 0.504060 0.682174 0.503480 0.678261 0.500580 0.673478 0.493619 0.670000 0.474478 0.665217 0.465197 0.665217
0 0.436775 0.688696 0.432715 0.692174 0.430394 0.696522 0.430394 0.700870 0.435035 0.708261 0.441415 0.711739 0.460557 0.716522 0.468097 0.715652 0.473318 0.710000 0.477958 0.701304 0.472738 0.693478 0.462297 0.686957 0.454756 0.685217 0.444896 0.685217
0 0.408353 0.700435 0.403712 0.703043 0.399072 0.709130 0.398492 0.716522 0.400232 0.720870 0.404872 0.725217 0.415313 0.729565 0.427494 0.730000 0.432715 0.729130 0.444896 0.716957 0.443735 0.713913 0.434455 0.707826 0.429814 0.699130 0.427494 0.697391 0.419954 0.696957
0 0.531903 0.570870 0.527262 0.576087 0.525522 0.580000 0.525522 0.592174 0.529002 0.596522 0.538863 0.600870 0.546984 0.602609 0.566705 0.601304 0.573666 0.596957 0.577726 0.588261 0.577726 0.583478 0.575406 0.580435 0.563225 0.577391 0.548144 0.571304 0.539443 0.570000
0 0.550464 0.603478 0.540603 0.610435 0.537703 0.614783 0.537123 0.621304 0.541183 0.629565 0.545244 0.633043 0.556265 0.636957 0.564965 0.642174 0.581206 0.642174 0.582947 0.639565 0.581206 0.623913 0.577146 0.613478 0.573086 0.607391 0.567285 0.602174 0.558005 0.602174
0 0.530742 0.637826 0.527262 0.643478 0.531323 0.652174 0.532483 0.662609 0.533643 0.663913 0.539443 0.664348 0.545824 0.663043 0.566125 0.662609 0.567865 0.661739 0.571346 0.655217 0.570766 0.650000 0.567285 0.643913 0.560905 0.639130 0.549884 0.634348 0.538863 0.633913
0 0.560905 0.661739 0.548144 0.662174 0.538863 0.664348 0.533643 0.667391 0.531903 0.671304 0.533063 0.677826 0.538863 0.686522 0.548724 0.698696 0.555104 0.700000 0.559745 0.696087 0.564385 0.695217 0.571346 0.692174 0.576566 0.687391 0.578306 0.679565 0.578306 0.673478 0.576566 0.670000 0.570766 0.664783
0 0.514501 0.675652 0.505800 0.681304 0.502900 0.685652 0.502320 0.691304 0.506381 0.698696 0.518561 0.709565 0.524362 0.712609 0.545244 0.712609 0.548724 0.709565 0.552204 0.700870 0.546404 0.696087 0.540023 0.688261 0.531323 0.673913 0.529002 0.672174 0.523202 0.672609
0 0.517981 0.534783 0.509861 0.537391 0.505220 0.540870 0.502900 0.549565 0.503480 0.553478 0.509281 0.561739 0.512761 0.569565 0.519142 0.574783 0.523782 0.576522 0.530742 0.571304 0.534803 0.569565 0.540603 0.563913 0.545244 0.553043 0.545824 0.547826 0.543503 0.544783 0.542923 0.541304 0.540023 0.538696 0.533643 0.536087
0 0.545244 0.533043 0.544664 0.541739 0.549884 0.549130 0.553944 0.550870 0.584687 0.547391 0.596868 0.547826 0.599188 0.546087 0.601508 0.541739 0.600348 0.537391 0.594548 0.531304 0.575406 0.525217 0.560325 0.523478 0.553364 0.524348 0.548724 0.527391
0 0.603248 0.560435 0.594548 0.549565 0.591647 0.548261 0.583527 0.547826 0.569606 0.548696 0.560325 0.550435 0.553364 0.553913 0.551624 0.557391 0.546984 0.560435 0.546984 0.563043 0.550464 0.570000 0.560905 0.576087 0.574826 0.579565 0.589907 0.579130 0.597448 0.576957 0.600348 0.574348 0.603248 0.569130
0 0.668794 0.501739 0.658933 0.498261 0.653712 0.497391 0.646752 0.497826 0.639791 0.499565 0.625870 0.505652 0.621810 0.509565 0.621230 0.515217 0.623550 0.521304 0.629350 0.527826 0.633991 0.531304 0.639791 0.532609 0.649072 0.532609 0.653132 0.530870 0.658933 0.526522 0.667633 0.516957 0.670534 0.506957
0 0.604408 0.540435 0.603248 0.546957 0.606148 0.553478 0.612529 0.561304 0.621810 0.564783 0.641531 0.560870 0.653132 0.556522 0.658933 0.553043 0.662413 0.546957 0.662413 0.544348 0.649652 0.534783 0.635731 0.532174 0.616589 0.533043 0.607889 0.536957
0 0.637471 0.562609 0.628190 0.563913 0.621810 0.566087 0.618329 0.572174 0.618329 0.580870 0.620650 0.586957 0.621810 0.600000 0.627610 0.605652 0.632831 0.607826 0.640951 0.608261 0.648492 0.606522 0.654292 0.600000 0.658933 0.587826 0.659513 0.575652 0.654292 0.567826 0.648492 0.564783
0 0.667053 0.548696 0.658353 0.555652 0.658353 0.563913 0.660673 0.566087 0.664733 0.576087 0.671694 0.580870 0.685035 0.583913 0.690835 0.581304 0.696636 0.575217 0.699536 0.565217 0.698376 0.557391 0.693155 0.552609 0.684455 0.548261 0.672854 0.547391
0 0.715197 0.525217 0.709397 0.532174 0.708237 0.536522 0.709397 0.541304 0.712297 0.546087 0.720998 0.551739 0.735499 0.556087 0.741879 0.556087 0.750580 0.553043 0.754060 0.549130 0.755220 0.545217 0.755220 0.532174 0.751160 0.525217 0.745940 0.523043 0.732599 0.520870 0.724478 0.521304
0 0.986659 0.475652 0.976798 0.472174 0.970998 0.472609 0.965197 0.474783 0.950116 0.489130 0.947216 0.497391 0.947796 0.506087 0.953016 0.506522 0.960557 0.504348 0.964617 0.506087 0.972738 0.506957 0.977958 0.506087 0.987239 0.500870 0.993039 0.494783 0.994780 0.489130 0.993039 0.482609
0 0.819606 0.518261 0.810905 0.524783 0.804524 0.531739 0.801624 0.536957 0.799304 0.545217 0.803364 0.553478 0.808005 0.556522 0.814965 0.559565 0.828306 0.560000 0.831787 0.559130 0.836427 0.556087 0.841647 0.548261 0.842227 0.534783 0.841067 0.526957 0.837587 0.521304 0.825986 0.518696
0 0.749420 0.556087 0.743619 0.564783 0.744780 0.573043 0.748260 0.578261 0.758121 0.584348 0.767981 0.588261 0.774942 0.589565 0.784223 0.588696 0.787703 0.585217 0.790023 0.580435 0.790023 0.572174 0.791183 0.570435 0.790603 0.561739 0.785963 0.554783 0.780742 0.551739 0.770302 0.550870 0.762181 0.552174
0 0.707657 0.562174 0.700696 0.567826 0.698956 0.574348 0.700116 0.583913 0.703596 0.588261 0.708237 0.592174 0.715777 0.595217 0.722738 0.595217 0.736659 0.592174 0.745360 0.584783 0.747100 0.580870 0.747100 0.577826 0.743619 0.574783 0.744780 0.567391 0.739559 0.564348 0.722738 0.560435 0.712297 0.560435
0 0.995940 0.548696 0.987239 0.551304 0.982019 0.556087 0.979698 0.561739 0.979118 0.569130 0.980858 0.574348 0.983759 0.577826 0.991879 0.582609 0.997100 0.584783 1.000000 0.584783 1.000000 0.548696
0 0.957657 0.560435 0.951856 0.559565 0.939675 0.560435 0.928654 0.568261 0.924014 0.576522 0.923434 0.583913 0.926914 0.590435 0.933295 0.594348 0.940255 0.596087 0.951276 0.595652 0.959397 0.593478 0.962297 0.590435 0.965197 0.581739 0.969258 0.576957 0.969258 0.571739 0.966937 0.566522
0 0.970418 0.576087 0.964559 0.583565 0.962297 0.589130 0.962297 0.596087 0.960557 0.597826 0.959397 0.606957 0.962877 0.611739 0.965777 0.613478 0.973898 0.614783 0.980858 0.613478 0.987239 0.610870 0.997680 0.602609 1.000000 0.602609 1.000000 0.585217 0.997100 0.585217 0.991299 0.583043 0.980278 0.576957
0 0.991879 0.615217 0.985499 0.619565 0.983179 0.622174 0.981439 0.628696 0.985499 0.639130 0.991879 0.643913 1.000000 0.645217 1.000000 0.614348
0 0.878770 0.590870 0.871810 0.592174 0.861949 0.599130 0.858469 0.603478 0.857309 0.611739 0.859049 0.615217 0.861369 0.616957 0.877610 0.622174 0.884571 0.623043 0.893271 0.621304 0.903132 0.616957 0.906613 0.611739 0.906032 0.606957 0.903712 0.601739 0.895012 0.593478 0.889211 0.591304
0 0.862529 0.570870 0.853828 0.569130 0.845708 0.569130 0.830046 0.573478 0.820186 0.580870 0.819606 0.589130 0.822506 0.594783 0.827146 0.600435 0.839907 0.608261 0.848028 0.608696 0.853828 0.606522 0.863109 0.595217 0.863689 0.591304 0.868329 0.584348 0.868329 0.575652 0.865429 0.572174
0 0.814385 0.603043 0.804524 0.606522 0.799304 0.611304 0.796984 0.615217 0.796404 0.623913 0.798724 0.630435 0.802204 0.633913 0.813805 0.638696 0.821926 0.639130 0.828306 0.637391 0.834107 0.633913 0.837587 0.623043 0.837007 0.613043 0.834687 0.607826 0.831787 0.605652 0.825406 0.603043
0 0.754640 0.621739 0.749420 0.625652 0.748260 0.635217 0.756381 0.646522 0.766241 0.652174 0.779582 0.652609 0.785963 0.649565 0.794084 0.642609 0.797564 0.636957 0.797564 0.629565 0.793503 0.622609 0.780742 0.617826 0.767401 0.618261
0 0.726218 0.594783 0.718097 0.597391 0.708817 0.605652 0.707077 0.609130 0.707657 0.618696 0.716357 0.628261 0.719258 0.630000 0.725638 0.632174 0.738399 0.631739 0.745360 0.627391 0.750580 0.621739 0.754060 0.606957 0.751740 0.602174 0.743619 0.596957 0.736659 0.594783
0 0.664733 0.586522 0.658933 0.593043 0.655452 0.599565 0.654872 0.603913 0.657773 0.610000 0.666473 0.616957 0.674014 0.619130 0.696636 0.616087 0.702436 0.611739 0.704176 0.607826 0.700696 0.597826 0.687355 0.586957 0.679814 0.583913 0.673434 0.582609
0 0.608469 0.576087 0.598608 0.576957 0.590487 0.580000 0.580046 0.587391 0.577146 0.591304 0.576566 0.596087 0.580046 0.600870 0.588167 0.606957 0.595708 0.610000 0.612529 0.609130 0.616589 0.606087 0.620070 0.600000 0.619490 0.587391 0.617749 0.581739 0.613689 0.577826
0 0.600928 0.610000 0.590487 0.614348 0.587007 0.617826 0.582947 0.624783 0.583527 0.634348 0.595708 0.643913 0.611949 0.649130 0.617169 0.649130 0.623550 0.644348 0.625870 0.636522 0.624710 0.621304 0.620070 0.615217 0.611949 0.610435
0 0.647332 0.608696 0.642111 0.608261 0.635151 0.609565 0.625870 0.619130 0.627030 0.630435 0.625870 0.641304 0.627610 0.646522 0.631090 0.647826 0.633411 0.647826 0.642691 0.640870 0.656613 0.637391 0.662413 0.632609 0.665893 0.627391 0.666473 0.620000 0.664153 0.616522 0.660093 0.613478
0 0.574826 0.650000 0.573666 0.653913 0.574826 0.666087 0.581206 0.675652 0.590487 0.679565 0.601508 0.679565 0.622970 0.669130 0.629350 0.662174 0.629930 0.657391 0.628770 0.655217 0.624710 0.652609 0.617749 0.650435 0.601508 0.648261 0.589907 0.645217 0.580046 0.645652
0 0.640951 0.642174 0.636891 0.646957 0.635151 0.654783 0.637471 0.661739 0.649072 0.671304 0.658353 0.673913 0.662993 0.673913 0.675754 0.671304 0.679814 0.668261 0.683875 0.662174 0.684455 0.657826 0.681555 0.651739 0.671694 0.644783 0.658933 0.639565 0.652552 0.639130
0 0.705916 0.620435 0.698956 0.618696 0.691995 0.618261 0.680394 0.619130 0.676914 0.621304 0.674014 0.624783 0.671694 0.630870 0.671694 0.637391 0.672854 0.643043 0.678654 0.649565 0.685035 0.652174 0.700116 0.650870 0.707077 0.647826 0.712993 0.643696 0.716357 0.639565 0.716357 0.630000 0.712877 0.625652
0 0.736079 0.631739 0.727378 0.632609 0.719838 0.635652 0.717517 0.637826 0.715777 0.642174 0.708527 0.647609 0.708817 0.652174 0.711137 0.656087 0.722738 0.660000 0.732599 0.667391 0.737239 0.669130 0.745940 0.665652 0.750580 0.660870 0.752900 0.655652 0.752900 0.648696 0.751740 0.643478 0.748260 0.638261 0.742459 0.633478
0 0.694896 0.659130 0.688515 0.666087 0.686195 0.673043 0.687355 0.680435 0.692575 0.686957 0.699536 0.691304 0.709397 0.693478 0.722158 0.693478 0.728538 0.690870 0.738399 0.681739 0.737239 0.672609 0.730858 0.665652 0.721578 0.659565 0.712297 0.656522 0.699536 0.657391
0 0.673434 0.671739 0.663573 0.674348 0.654872 0.680870 0.652552 0.684348 0.651972 0.690000 0.654872 0.691739 0.667633 0.693913 0.671694 0.701304 0.679234 0.708696 0.685035 0.710000 0.698376 0.700870 0.700116 0.698261 0.700116 0.693043 0.689095 0.683043 0.686195 0.677826 0.685615 0.673913 0.681555 0.672174
0 0.643852 0.669130 0.639791 0.668261 0.624130 0.669130 0.606729 0.677391 0.603248 0.680435 0.602088 0.683478 0.602088 0.689565 0.604408 0.693043 0.611369 0.698261 0.619490 0.702174 0.629350 0.702609 0.632251 0.701739 0.640371 0.695652 0.646752 0.692609 0.651392 0.686087 0.649652 0.673913
0 0.880510 0.623913 0.865429 0.620000 0.853248 0.620435 0.840487 0.623913 0.838747 0.625217 0.834687 0.635652 0.837587 0.643043 0.841647 0.648696 0.848028 0.651739 0.856729 0.653043 0.872970 0.648261 0.880510 0.642609 0.882831 0.638696 0.883991 0.630435
0 0.885731 0.633913 0.882251 0.639565 0.883411 0.651304 0.886311 0.656522 0.892691 0.660000 0.896752 0.661304 0.909513 0.660435 0.914733 0.659130 0.924594 0.653043 0.927494 0.647826 0.928074 0.642609 0.926334 0.639130 0.921114 0.634348 0.911253 0.630870 0.903132 0.629565 0.895592 0.629565
0 0.946056 0.618261 0.937355 0.623478 0.932715 0.630435 0.931555 0.634348 0.932135 0.638261 0.935615 0.643043 0.941995 0.646957 0.950116 0.649130 0.961137 0.649565 0.972158 0.646087 0.974478 0.643478 0.976218 0.637826 0.974478 0.630870 0.969258 0.624783 0.959397 0.618261 0.955916 0.617391
0 0.964037 0.649130 0.959977 0.652174 0.954756 0.660435 0.955336 0.667391 0.960557 0.674348 0.965777 0.678261 0.976218 0.682174 0.988399 0.680000 0.992459 0.677826 0.997680 0.671739 0.999130 0.667130 0.999130 0.661348 0.997680 0.658261 0.992459 0.652609 0.985499 0.648696 0.978538 0.647391 0.969258 0.647391
0 0.997100 0.682609 0.991299 0.685652 0.985499 0.693478 0.984919 0.703043 0.985499 0.708696 0.988979 0.713043 0.997100 0.717826 1.000000 0.717826 1.000000 0.682609
0 0.953596 0.680435 0.947216 0.684348 0.942575 0.690870 0.942575 0.696522 0.948376 0.703478 0.950116 0.710870 0.951856 0.713478 0.960557 0.716087 0.975058 0.714783 0.980858 0.710435 0.983179 0.705652 0.981439 0.701739 0.981439 0.691739 0.979698 0.687826 0.972738 0.681304 0.965197 0.679565
0 0.930394 0.661304 0.921114 0.660435 0.913573 0.662609 0.910093 0.665217 0.900812 0.676522 0.900812 0.686087 0.908933 0.694348 0.911833 0.695652 0.919374 0.696087 0.929814 0.693043 0.941415 0.686957 0.946230 0.684391 0.948376 0.680000 0.948376 0.676087 0.945476 0.670870 0.939095 0.665652
0 0.856729 0.654348 0.849768 0.662609 0.849768 0.667391 0.851508 0.671739 0.854408 0.673913 0.860789 0.676087 0.874130 0.686522 0.879930 0.687826 0.886891 0.687826 0.896752 0.686087 0.898492 0.681739 0.898492 0.677391 0.896172 0.669565 0.884571 0.659130 0.872390 0.650435 0.867169 0.650435
0 0.805684 0.650435 0.799304 0.655652 0.797564 0.660870 0.799304 0.668696 0.803944 0.673478 0.810905 0.676957 0.821346 0.679130 0.836427 0.678696 0.843387 0.673913 0.846288 0.666957 0.846288 0.663913 0.843387 0.654348 0.839327 0.649565 0.831206 0.646087 0.824246 0.646087 0.815661 0.646304 0.809745 0.648696
0 0.765081 0.653478 0.755220 0.657391 0.750000 0.662174 0.748840 0.666087 0.751740 0.674783 0.755220 0.680870 0.767981 0.688696 0.782483 0.687391 0.791183 0.683043 0.796984 0.678261 0.797564 0.673043 0.797970 0.669739 0.794084 0.665217 0.790023 0.661304 0.779582 0.654783 0.774362 0.653478
0 0.802784 0.678261 0.796404 0.680000 0.783063 0.688261 0.780162 0.692609 0.780162 0.698261 0.783063 0.703043 0.785963 0.705217 0.795824 0.708261 0.810325 0.710435 0.814965 0.709130 0.823666 0.700870 0.824826 0.697391 0.824246 0.684783 0.822506 0.681739 0.819026 0.679565 0.810325 0.677826
0 0.740719 0.680870 0.725058 0.693478 0.725058 0.701304 0.731439 0.710435 0.736659 0.713478 0.753480 0.713478 0.758701 0.712609 0.769722 0.703478 0.771462 0.697826 0.769722 0.692609 0.756961 0.683043 0.750580 0.680870
0 0.852088 0.673913 0.845708 0.674348 0.841067 0.676087 0.829466 0.685652 0.825406 0.692609 0.825986 0.697391 0.828886 0.702174 0.833527 0.706957 0.841067 0.711739 0.846868 0.711739 0.864849 0.706522 0.867169 0.705217 0.868910 0.701304 0.870070 0.693913 0.869490 0.685217 0.867169 0.681739 0.860789 0.677391
0 0.870650 0.693043 0.870650 0.699565 0.867749 0.707391 0.868910 0.712174 0.885731 0.721304 0.893852 0.722174 0.899072 0.720870 0.904872 0.716087 0.909513 0.706957 0.909513 0.699565 0.904872 0.692174 0.898492 0.688696 0.882831 0.689565
0 0.936775 0.699565 0.922854 0.700870 0.914153 0.704783 0.909513 0.708696 0.908353 0.717391 0.909513 0.724783 0.915313 0.734348 0.917633 0.736522 0.924014 0.739130 0.931555 0.739565 0.940255 0.737391 0.945476 0.733913 0.948956 0.724348 0.948956 0.710000 0.947216 0.703913 0.945476 0.701739
0 0.969258 0.716522 0.951856 0.721739 0.949536 0.724348 0.947216 0.732609 0.950116 0.738261 0.955336 0.744348 0.965197 0.750435 0.971578 0.751739 0.982019 0.746522 0.987239 0.740435 0.988399 0.723913 0.982599 0.718696
0 0.997100 0.720870 0.989559 0.725652 0.987819 0.730435 0.986659 0.744348 0.992459 0.749565 0.996520 0.751304 1.000000 0.751304 1.000000 0.720870
0 0.838747 0.720435 0.838747 0.732609 0.842227 0.737391 0.848028 0.740435 0.875290 0.741739 0.879930 0.740435 0.892691 0.732609 0.892691 0.728696 0.889791 0.723913 0.879930 0.718696 0.864269 0.714348 0.853248 0.712174 0.846288 0.712609 0.841647 0.715652
0 0.767981 0.706522 0.765081 0.708696 0.763341 0.712174 0.763921 0.717826 0.767401 0.727826 0.772042 0.733478 0.779582 0.736522 0.787703 0.738261 0.798144 0.736957 0.806265 0.731739 0.815545 0.723043 0.814385 0.716957 0.810325 0.712609 0.805684 0.710435 0.794084 0.708261 0.784803 0.705217
0 0.734339 0.714783 0.728538 0.717391 0.720418 0.724348 0.719258 0.728696 0.721578 0.733913 0.732599 0.742609 0.746520 0.746957 0.754060 0.746522 0.766241 0.743478 0.769142 0.737826 0.769142 0.732174 0.760441 0.715652 0.758121 0.714348 0.748260 0.713043
0 0.711137 0.696957 0.705336 0.696957 0.700696 0.699130 0.692575 0.705217 0.690255 0.708261 0.686195 0.710435 0.682715 0.715652 0.682715 0.722174 0.685035 0.726522 0.691995 0.732609 0.700116 0.735652 0.710557 0.733913 0.719258 0.725217 0.721984 0.721870 0.725058 0.720000 0.730278 0.714783 0.729698 0.708696 0.725058 0.703478 0.715777 0.698261
0 0.651972 0.692174 0.642691 0.695652 0.633991 0.701304 0.632251 0.704783 0.631671 0.713478 0.634571 0.718696 0.645592 0.726957 0.658933 0.730435 0.674594 0.726522 0.677494 0.724348 0.679814 0.718696 0.679814 0.711304 0.678074 0.706957 0.671114 0.700870 0.668213 0.695652 0.665893 0.693913 0.661253 0.692609
0 0.575986 0.690000 0.566125 0.696087 0.564965 0.702609 0.569606 0.710000 0.585847 0.720000 0.591067 0.722174 0.601508 0.721739 0.606148 0.720000 0.617169 0.712609 0.618329 0.710000 0.618329 0.704348 0.617169 0.702174 0.601508 0.690870 0.591647 0.687826 0.581787 0.688261
0 0.565545 0.707391 0.560325 0.708261 0.552784 0.711304 0.548144 0.715217 0.546404 0.718696 0.546404 0.726522 0.549304 0.736522 0.553364 0.740435 0.558585 0.741739 0.565545 0.741739 0.570186 0.739565 0.584107 0.736957 0.587587 0.735652 0.592227 0.732174 0.593387 0.730000 0.593387 0.723478 0.574826 0.713913 0.570186 0.709565
0 0.629930 0.715217 0.623550 0.713913 0.616589 0.713913 0.604408 0.721304 0.602088 0.725217 0.598028 0.727826 0.595708 0.733043 0.599768 0.743913 0.606729 0.749565 0.617749 0.750435 0.626450 0.747391 0.633991 0.746087 0.640951 0.741739 0.645012 0.737391 0.646172 0.733913 0.645592 0.727826
0 0.684455 0.728261 0.680974 0.727391 0.668794 0.728261 0.664733 0.730870 0.654872 0.733913 0.650232 0.736522 0.649652 0.746957 0.650812 0.752174 0.653712 0.756087 0.660673 0.760870 0.667633 0.762174 0.676914 0.761739 0.680974 0.760435 0.687935 0.755217 0.690835 0.748696 0.691995 0.738261 0.690835 0.733913
0 0.722158 0.735652 0.714037 0.735217 0.704756 0.736522 0.698956 0.740435 0.691995 0.747391 0.692575 0.759565 0.694896 0.763043 0.703596 0.768261 0.711717 0.769130 0.718677 0.768696 0.727378 0.764783 0.732599 0.759565 0.733759 0.753913 0.731439 0.744783 0.729118 0.740435
0 0.768561 0.743913 0.747100 0.748696 0.729118 0.763913 0.729118 0.772609 0.735499 0.777826 0.750580 0.783478 0.759861 0.783478 0.763341 0.782174 0.769142 0.777826 0.775522 0.763913 0.775522 0.754348 0.773782 0.750000
0 0.803944 0.758261 0.788863 0.757826 0.784223 0.759565 0.779002 0.763478 0.775174 0.766043 0.773202 0.771739 0.770302 0.778261 0.770882 0.783478 0.773202 0.787391 0.783063 0.793478 0.791763 0.793913 0.799304 0.792609 0.807425 0.788261 0.812645 0.783478 0.814153 0.779783 0.814965 0.776087 0.815545 0.770435 0.812645 0.763478
0 0.820186 0.724783 0.812065 0.727391 0.810325 0.730435 0.802204 0.736087 0.799304 0.742609 0.799304 0.748696 0.803944 0.756087 0.807657 0.758957 0.814385 0.763043 0.820186 0.764348 0.826566 0.764348 0.835267 0.760435 0.838747 0.757391 0.843968 0.750000 0.844548 0.745217 0.843387 0.740435 0.838747 0.734348 0.836137 0.731304 0.833527 0.728696 0.825986 0.725217
0 0.828886 0.765217 0.825406 0.766087 0.817865 0.771304 0.814385 0.782609 0.810905 0.786957 0.810905 0.793043 0.814385 0.799130 0.819026 0.803043 0.821926 0.803913 0.836427 0.803913 0.845128 0.801304 0.852088 0.795217 0.853248 0.793043 0.852668 0.784348 0.846868 0.771739 0.843387 0.768261 0.837007 0.765652
0 0.850348 0.747826 0.846868 0.749130 0.845128 0.751304 0.843387 0.762174 0.843968 0.767826 0.850348 0.776522 0.854408 0.780000 0.861949 0.782174 0.867169 0.781739 0.875870 0.778261 0.882831 0.773043 0.886891 0.764783 0.886311 0.759565 0.882831 0.755217 0.872390 0.748261 0.865429 0.746957
0 0.901392 0.731739 0.892111 0.733913 0.874130 0.744348 0.873550 0.748261 0.881090 0.753478 0.888631 0.763043 0.897332 0.765217 0.906032 0.765217 0.911833 0.762609 0.915313 0.757826 0.918213 0.745652 0.917053 0.740000 0.913573 0.734348 0.908933 0.731739
0 0.919954 0.747826 0.915893 0.755652 0.916473 0.760435 0.920534 0.766957 0.927494 0.771304 0.933875 0.773043 0.940835 0.772609 0.953016 0.769565 0.959397 0.765652 0.961717 0.756522 0.960557 0.749565 0.950696 0.742174 0.940835 0.740870 0.931555 0.740870 0.926914 0.742174
0 0.972738 0.753043 0.969838 0.756522 0.968677 0.765652 0.969258 0.772174 0.970998 0.775217 0.977378 0.779565 0.983179 0.780870 0.993039 0.780870 0.997100 0.779130 1.000000 0.779130 1.000000 0.752174 0.981439 0.750870
0 0.996520 0.780000 0.986659 0.787391 0.985499 0.791304 0.986659 0.794783 0.994780 0.800870 0.997680 0.802130 1.000000 0.804783 1.000000 0.780000
0 0.965197 0.771304 0.961137 0.768696 0.955336 0.769130 0.937935 0.773043 0.928654 0.776522 0.922274 0.780435 0.920534 0.783043 0.919954 0.791304 0.925754 0.797391 0.940255 0.803913 0.948376 0.803043 0.957657 0.794348 0.964617 0.783043 0.966937 0.776087
0 0.917053 0.766087 0.910093 0.765217 0.899652 0.766087 0.885151 0.773043 0.879930 0.776957 0.876450 0.781304 0.875870 0.787391 0.878770 0.793043 0.883991 0.797826 0.893852 0.803913 0.900812 0.804348 0.907193 0.802609 0.912993 0.798261 0.918213 0.791739 0.919374 0.783043 0.921114 0.780000 0.921114 0.771304 0.918794 0.766957
0 0.851508 0.796522 0.845708 0.802174 0.843968 0.809565 0.844548 0.814348 0.849188 0.819130 0.859049 0.824348 0.871230 0.828261 0.881671 0.826522 0.889791 0.826957 0.893852 0.825652 0.896752 0.816087 0.896172 0.808696 0.894432 0.804348 0.881323 0.795522 0.876450 0.793043 0.871462 0.791652 0.868329 0.790870 0.861949 0.791739
0 0.913573 0.799130 0.901392 0.805652 0.898492 0.808696 0.896752 0.815217 0.897332 0.820435 0.901392 0.824348 0.911253 0.829130 0.920534 0.832174 0.929814 0.832609 0.937935 0.828261 0.945476 0.817391 0.946056 0.810870 0.941415 0.804783 0.930394 0.800000 0.921694 0.798696
0 0.957657 0.795652 0.951276 0.801304 0.950116 0.809130 0.953016 0.815217 0.959977 0.820870 0.972158 0.827391 0.979698 0.829130 0.987819 0.828696 0.994200 0.826087 0.997680 0.822609 0.999710 0.816826 0.998202 0.810087 0.997100 0.806087 0.993619 0.800870 0.988399 0.796522 0.973898 0.793043 0.963457 0.793913
0 0.995360 0.827391 0.990719 0.828696 0.986659 0.831304 0.983759 0.835652 0.980858 0.837391 0.979118 0.841739 0.979118 0.846522 0.980858 0.850435 0.986659 0.856087 0.991879 0.857826 1.000000 0.858696 1.000000 0.827391
0 0.944316 0.823478 0.940255 0.826087 0.936195 0.833043 0.935035 0.839565 0.935035 0.847826 0.936195 0.850870 0.940255 0.854348 0.955336 0.858261 0.961717 0.858261 0.966937 0.856957 0.975058 0.850870 0.977958 0.846522 0.979118 0.837826 0.975058 0.830000 0.966937 0.824783 0.959977 0.822174 0.954756 0.821739