0 0.627778 0.128125 0.617593 0.131250 0.615741 0.139583 0.621296 0.144271 0.632407 0.144792 0.637963 0.142187 0.640741 0.138021 0.637963 0.131771
0 0.622222 0.529687 0.616667 0.534896 0.616667 0.539583 0.627778 0.543750 0.637963 0.543750 0.645370 0.538021 0.643519 0.531771 0.636111 0.529167
0 0.635185 0.507292 0.625926 0.509375 0.622222 0.517708 0.624074 0.521875 0.626852 0.523438 0.640741 0.524479 0.648148 0.521354 0.650000 0.513021 0.644444 0.508333
0 0.588889 0.496354 0.582407 0.501042 0.582407 0.507292 0.587037 0.510938 0.591667 0.512500 0.602778 0.512500 0.613889 0.508333 0.615741 0.506250 0.613889 0.502083 0.607407 0.496875 0.598148 0.495312
0 0.551852 0.494792 0.549074 0.496875 0.550000 0.504167 0.560185 0.508854 0.567593 0.508854 0.570370 0.507812 0.575926 0.502604 0.573148 0.495833 0.562963 0.493750
0 0.524074 0.488021 0.516667 0.492708 0.515741 0.500000 0.520370 0.504687 0.526852 0.505208 0.542593 0.498958 0.542593 0.493750 0.532407 0.489063
0 0.525000 0.474479 0.519444 0.475000 0.508333 0.479167 0.508333 0.486458 0.516667 0.490104 0.532407 0.489063 0.536111 0.487500 0.535185 0.480208
0 0.510185 0.489063 0.502778 0.488542 0.495370 0.489583 0.487963 0.492708 0.487963 0.498437 0.492593 0.502083 0.504630 0.503646 0.514815 0.500000 0.515741 0.492188
0 0.462963 0.495833 0.460185 0.498958 0.460185 0.502604 0.462963 0.505729 0.475000 0.511458 0.481481 0.510938 0.488889 0.506250 0.489815 0.501563 0.487037 0.496354 0.479630 0.494792
0 0.445370 0.503646 0.441667 0.504167 0.434259 0.509375 0.432407 0.514062 0.441667 0.519271 0.448148 0.519792 0.457407 0.518229 0.462037 0.516146 0.463889 0.509375 0.459259 0.505729
0 0.411111 0.516146 0.409259 0.522917 0.415741 0.526563 0.427778 0.528125 0.437963 0.525000 0.439815 0.521875 0.438889 0.518750 0.428704 0.513021 0.417593 0.513021
0 0.448148 0.532813 0.441667 0.534896 0.438889 0.541146 0.440741 0.547396 0.446296 0.550000 0.450926 0.550000 0.459259 0.547917 0.463889 0.545312 0.465741 0.540104 0.458333 0.533854
0 0.459259 0.553125 0.457407 0.559896 0.462037 0.563542 0.476852 0.564583 0.491667 0.560937 0.489815 0.555208 0.475926 0.550000 0.466667 0.550000
0 0.472222 0.540625 0.472222 0.548958 0.489815 0.553646 0.503704 0.548958 0.505556 0.543750 0.500926 0.538021 0.481481 0.537500
0 0.511111 0.545833 0.504630 0.546354 0.493519 0.553646 0.493519 0.560937 0.504630 0.562500 0.514815 0.559896 0.516667 0.555729 0.513889 0.547917
0 0.531481 0.535417 0.525926 0.540625 0.525000 0.545312 0.526852 0.547917 0.533333 0.551042 0.540741 0.551042 0.548148 0.549479 0.552778 0.545312 0.550000 0.539062 0.543519 0.535417
0 0.563889 0.553125 0.558333 0.550000 0.547222 0.550000 0.536111 0.552083 0.527778 0.556250 0.527778 0.557813 0.530556 0.560417 0.537037 0.561979 0.545370 0.560937 0.560185 0.561979 0.563889 0.558333
0 0.571296 0.555729 0.562037 0.560937 0.562037 0.569792 0.567593 0.573438 0.581481 0.573438 0.586111 0.570312 0.587963 0.564063 0.576852 0.556250
0 0.579630 0.550521 0.575926 0.552604 0.575926 0.557292 0.587037 0.564583 0.594444 0.564583 0.601852 0.559375 0.602778 0.555208 0.600926 0.552083 0.591667 0.549479
0 0.606481 0.558333 0.594444 0.564063 0.594444 0.568229 0.598148 0.571875 0.607407 0.575521 0.611111 0.575521 0.622222 0.572396 0.625926 0.568750 0.625926 0.564063 0.619444 0.559896
0 0.635185 0.548958 0.627778 0.553125 0.624074 0.557292 0.624074 0.561979 0.631481 0.566146 0.644444 0.566146 0.650926 0.561458 0.650000 0.555729 0.642593 0.549479
0 0.650926 0.536458 0.647222 0.540104 0.648148 0.548958 0.657407 0.552083 0.669444 0.551042 0.672222 0.548958 0.672222 0.540625 0.669444 0.536979 0.664815 0.535417 0.654630 0.535417
0 0.659259 0.513542 0.650926 0.516667 0.648148 0.522396 0.654630 0.529167 0.664815 0.530729 0.671296 0.529167 0.675000 0.526563 0.676852 0.519792 0.669444 0.514583
0 0.651852 0.493750 0.645370 0.498958 0.645370 0.506250 0.650000 0.509896 0.661111 0.510938 0.671296 0.505729 0.672222 0.501042 0.666667 0.495833 0.659259 0.493750
0 0.636111 0.490625 0.621296 0.491667 0.614815 0.497396 0.614815 0.502604 0.617593 0.506250 0.625926 0.508854 0.637963 0.507292 0.644444 0.502083 0.644444 0.497396
0 0.600000 0.480729 0.593519 0.485417 0.593519 0.492708 0.599074 0.495312 0.610185 0.495312 0.619444 0.491667 0.620370 0.484896 0.611111 0.480729
0 0.550926 0.475000 0.539815 0.478125 0.537963 0.480208 0.537963 0.486458 0.541667 0.489583 0.552778 0.491667 0.566667 0.489063 0.572222 0.485938 0.571296 0.482292 0.565741 0.477083
0 0.530556 0.461979 0.525000 0.466146 0.526852 0.475000 0.530556 0.477604 0.540741 0.478125 0.550000 0.474479 0.549074 0.466667 0.540741 0.463021
0 0.511111 0.461458 0.502778 0.463021 0.495370 0.466667 0.499074 0.476042 0.505556 0.477604 0.514815 0.477083 0.522222 0.473438 0.524074 0.470833 0.521296 0.465104
0 0.480556 0.464583 0.470370 0.467708 0.467593 0.470313 0.469444 0.478646 0.476852 0.481250 0.483333 0.481771 0.494444 0.478646 0.498148 0.475521 0.498148 0.472917 0.492593 0.466667
0 0.457407 0.481250 0.453704 0.485417 0.453704 0.490625 0.461111 0.495312 0.476852 0.494271 0.479630 0.489063 0.478704 0.482292 0.472222 0.479687 0.463889 0.479687
0 0.430556 0.487500 0.424074 0.493229 0.424074 0.499479 0.433333 0.504167 0.449074 0.503125 0.452778 0.500000 0.452778 0.493229 0.450926 0.490625 0.441667 0.486979
0 0.402778 0.486458 0.396296 0.491146 0.397222 0.498958 0.405556 0.503646 0.416667 0.503646 0.422222 0.501042 0.423148 0.494271 0.413889 0.486979
0 0.407407 0.462500 0.403704 0.468229 0.408333 0.473438 0.424074 0.475000 0.432407 0.473438 0.437037 0.470833 0.436111 0.466667 0.426852 0.461458 0.416667 0.460417
0 0.440741 0.456250 0.437963 0.458854 0.437963 0.465104 0.440741 0.469271 0.449074 0.471875 0.460185 0.470833 0.465741 0.467187 0.464815 0.459375 0.454630 0.455729
0 0.452778 0.446875 0.450926 0.450521 0.451852 0.455729 0.468519 0.460938 0.475000 0.459896 0.477778 0.456771 0.477778 0.450000 0.475926 0.447396 0.469444 0.444271 0.461111 0.444792
0 0.488889 0.448437 0.480556 0.452604 0.477778 0.459375 0.482407 0.464583 0.494444 0.466146 0.503704 0.463021 0.504630 0.457292 0.501852 0.452083 0.498148 0.449479
0 0.512963 0.446875 0.508333 0.452083 0.509259 0.459896 0.521296 0.462500 0.530556 0.461458 0.536111 0.456250 0.534259 0.450000 0.525000 0.445833
0 0.543519 0.446354 0.537963 0.450521 0.537963 0.456771 0.540741 0.459896 0.550000 0.462500 0.559259 0.462500 0.565741 0.460938 0.568519 0.454167 0.564815 0.448958 0.555556 0.445312
0 0.555556 0.463542 0.551852 0.466146 0.552778 0.474479 0.563889 0.477083 0.569444 0.476562 0.575926 0.471875 0.573148 0.465625 0.567593 0.463021
0 0.578704 0.455729 0.572222 0.458854 0.570370 0.463542 0.578704 0.471875 0.587963 0.471875 0.594444 0.468229 0.595370 0.461458 0.589815 0.456771
0 0.605556 0.457813 0.596296 0.460938 0.593519 0.470833 0.600000 0.475000 0.612963 0.476042 0.619444 0.472917 0.621296 0.465104 0.614815 0.458854
0 0.626852 0.468229 0.621296 0.470313 0.617593 0.474479 0.619444 0.480729 0.626852 0.484375 0.640741 0.484375 0.647222 0.480208 0.646296 0.473958 0.638889 0.468229
0 0.659259 0.468750 0.650926 0.472396 0.650000 0.480208 0.654630 0.483333 0.665741 0.484896 0.674074 0.482812 0.676852 0.480729 0.677778 0.473958 0.672222 0.470313 0.665741 0.468750
0 0.669444 0.487500 0.667593 0.489063 0.668519 0.494271 0.671296 0.498437 0.676852 0.502083 0.689815 0.502604 0.697222 0.499479 0.700000 0.493229 0.695370 0.489583 0.685185 0.487500
0 0.678704 0.517188 0.679630 0.523438 0.687963 0.527083 0.703704 0.527083 0.711111 0.521875 0.707407 0.515104 0.700926 0.512500 0.687963 0.513021
0 0.675926 0.530729 0.671296 0.536458 0.674074 0.541667 0.682407 0.545312 0.692593 0.544792 0.698148 0.541667 0.700000 0.537500 0.696296 0.531250 0.687963 0.529167
0 0.681481 0.547917 0.677778 0.551042 0.678704 0.556250 0.682407 0.559896 0.687963 0.562500 0.692593 0.563021 0.703704 0.557813 0.705556 0.554688 0.704630 0.550521 0.691667 0.546875
0 0.728704 0.547396 0.723148 0.547396 0.715741 0.550000 0.710185 0.556250 0.709259 0.560937 0.711111 0.561979 0.725926 0.563542 0.736111 0.560417 0.737037 0.552604
0 0.722222 0.533333 0.708333 0.533333 0.702778 0.535937 0.701852 0.542708 0.711111 0.549479 0.720370 0.548438 0.727778 0.543229 0.728704 0.536458
0 0.737963 0.535417 0.729630 0.539062 0.728704 0.545833 0.736111 0.551562 0.748148 0.552083 0.756481 0.546875 0.756481 0.539583 0.750000 0.535937
0 0.771296 0.546875 0.759259 0.546875 0.747222 0.552604 0.748148 0.558333 0.753704 0.562500 0.768519 0.563542 0.776852 0.560417 0.779630 0.555729
0 0.775000 0.535417 0.771296 0.539062 0.771296 0.543750 0.775000 0.547917 0.781481 0.550521 0.791667 0.550521 0.797222 0.548958 0.800000 0.546354 0.797222 0.539062 0.788889 0.535417
0 0.794444 0.556771 0.788889 0.560937 0.788889 0.564583 0.792593 0.568750 0.803704 0.572396 0.809259 0.572917 0.815741 0.571875 0.819444 0.569792 0.822222 0.565104 0.818519 0.559896 0.814815 0.557813 0.807407 0.556250
0 0.834259 0.550521 0.819444 0.556250 0.819444 0.561458 0.825926 0.566667 0.838889 0.567708 0.844444 0.566667 0.849074 0.564063 0.850926 0.558854 0.849074 0.555729 0.842593 0.552083
0 0.806481 0.539062 0.802778 0.543750 0.803704 0.548958 0.810185 0.553646 0.816667 0.555208 0.825000 0.555208 0.834259 0.549479 0.834259 0.543750 0.830556 0.540104 0.824074 0.538021 0.811111 0.538021
0 0.831481 0.530208 0.828704 0.538021 0.835185 0.545833 0.845370 0.546354 0.851852 0.544792 0.857407 0.541667 0.855556 0.534375 0.845370 0.530208
0 0.798148 0.526042 0.795370 0.528646 0.795370 0.533333 0.798148 0.535937 0.806481 0.538542 0.821296 0.538021 0.825926 0.535937 0.827778 0.533854 0.826852 0.530208 0.820370 0.525521 0.805556 0.523958
0 0.783333 0.521354 0.778704 0.519271 0.773148 0.518750 0.759259 0.521875 0.755556 0.526042 0.757407 0.532813 0.768519 0.534375 0.779630 0.531771 0.785185 0.526563
0 0.723148 0.525521 0.722222 0.530208 0.738889 0.534896 0.750926 0.534375 0.755556 0.530208 0.754630 0.523958 0.747222 0.519792 0.736111 0.519792
0 0.738889 0.505729 0.736111 0.510417 0.742593 0.515625 0.751852 0.517708 0.762037 0.517188 0.765741 0.515625 0.767593 0.513542 0.767593 0.506771 0.762963 0.503646 0.749074 0.502604
0 0.708333 0.509896 0.705556 0.514062 0.713889 0.521875 0.726852 0.522917 0.737037 0.519271 0.738889 0.513021 0.729630 0.508854 0.717593 0.507812 0.711111 0.508333
0 0.706481 0.493750 0.703704 0.496354 0.703704 0.502604 0.711111 0.507812 0.715741 0.508333 0.729630 0.507292 0.735185 0.502083 0.731481 0.496354 0.721296 0.492188
0 0.720370 0.479687 0.710185 0.478125 0.698148 0.480208 0.694444 0.484375 0.696296 0.490104 0.702778 0.493229 0.712963 0.493229 0.716667 0.492188 0.722222 0.486979
0 0.730556 0.476562 0.723148 0.479687 0.723148 0.487500 0.730556 0.493229 0.740741 0.494792 0.749074 0.488542 0.749074 0.481771 0.745370 0.478125
0 0.742593 0.493750 0.744444 0.499479 0.752778 0.502604 0.762037 0.502083 0.772222 0.498437 0.774074 0.495833 0.772222 0.492188 0.763889 0.488542 0.750926 0.488542 0.747222 0.489583
0 0.785185 0.488021 0.776852 0.492188 0.776852 0.498437 0.787963 0.506250 0.795370 0.506771 0.804630 0.501563 0.806481 0.493750 0.802778 0.490104 0.795370 0.488021
0 0.809259 0.484896 0.804630 0.488542 0.804630 0.491667 0.807407 0.495833 0.812963 0.498437 0.825000 0.498437 0.834259 0.493750 0.835185 0.488542 0.829630 0.484896
0 0.814815 0.504687 0.809259 0.503646 0.801852 0.504167 0.791667 0.508854 0.792593 0.514062 0.802778 0.519792 0.814815 0.519271 0.823148 0.514062 0.822222 0.508854
0 0.844444 0.511979 0.836111 0.511458 0.825000 0.514062 0.819444 0.517188 0.821296 0.523438 0.829630 0.527083 0.840741 0.526563 0.845370 0.523958 0.848148 0.518229
0 0.850000 0.517188 0.846296 0.519271 0.842593 0.529687 0.852778 0.532813 0.864815 0.532292 0.871296 0.528125 0.869444 0.520833 0.863889 0.517188 0.858333 0.516146
0 0.873148 0.501042 0.864815 0.500521 0.857407 0.503646 0.853704 0.509375 0.857407 0.515104 0.861111 0.516146 0.872222 0.515625 0.883333 0.511979 0.884259 0.507812 0.882407 0.505208
0 0.864815 0.483854 0.857407 0.490104 0.860185 0.496354 0.870370 0.499479 0.883333 0.497917 0.887963 0.494271 0.887963 0.488542 0.885185 0.484375 0.878704 0.482812
0 0.851852 0.492708 0.840741 0.491667 0.836111 0.492188 0.829630 0.497396 0.828704 0.502604 0.830556 0.506771 0.835185 0.509375 0.845370 0.509375 0.855556 0.504687 0.857407 0.502604 0.857407 0.496875
0 0.837963 0.475521 0.834259 0.481250 0.837963 0.489063 0.844444 0.490625 0.857407 0.489583 0.862963 0.485938 0.862963 0.481250 0.851852 0.476042 0.847222 0.475000
0 0.829630 0.470833 0.823148 0.469271 0.814815 0.469792 0.806481 0.473958 0.807407 0.482292 0.810185 0.483854 0.823148 0.484375 0.834259 0.480729 0.835185 0.474479
0 0.795370 0.472396 0.784259 0.472917 0.776852 0.475000 0.775000 0.482292 0.779630 0.485938 0.785185 0.487500 0.795370 0.487500 0.807407 0.482812 0.806481 0.477083
0 0.750926 0.475521 0.747222 0.478646 0.750000 0.487500 0.768519 0.488542 0.775000 0.483333 0.773148 0.477604 0.769444 0.475521 0.761111 0.473958
0 0.746296 0.461979 0.743519 0.464062 0.742593 0.468229 0.743519 0.470833 0.750000 0.474479 0.761111 0.474479 0.769444 0.471354 0.770370 0.464062 0.768519 0.461979 0.762963 0.460417 0.752778 0.460417
0 0.717593 0.462500 0.705556 0.465625 0.702778 0.470833 0.709259 0.477083 0.721296 0.478646 0.728704 0.477083 0.732407 0.475000 0.734259 0.470313 0.725000 0.463542
0 0.681481 0.463021 0.675926 0.466667 0.675000 0.470833 0.679630 0.476562 0.692593 0.478125 0.698148 0.475521 0.700000 0.468750 0.691667 0.463021
0 0.637037 0.454688 0.631481 0.458333 0.631481 0.463021 0.634259 0.465625 0.645370 0.469792 0.656481 0.469271 0.660185 0.465625 0.658333 0.457292 0.650926 0.454167
0 0.593519 0.434375 0.593519 0.439583 0.600926 0.445833 0.615741 0.446875 0.621296 0.445312 0.625000 0.442188 0.625926 0.435417 0.616667 0.430729 0.606481 0.429688
0 0.585185 0.438542 0.579630 0.440104 0.575000 0.443750 0.574074 0.452604 0.579630 0.455208 0.588889 0.455729 0.597222 0.452083 0.599074 0.443229 0.594444 0.439583
0 0.572222 0.425000 0.565741 0.426563 0.558333 0.431250 0.558333 0.437500 0.562037 0.440625 0.575000 0.442188 0.582407 0.439063 0.584259 0.431771 0.579630 0.427083
0 0.532407 0.431250 0.528704 0.435417 0.531481 0.441146 0.543519 0.445312 0.552778 0.444792 0.558333 0.440104 0.556481 0.432292 0.545370 0.428646
0 0.521296 0.428646 0.513889 0.429167 0.504630 0.435417 0.506481 0.442708 0.511111 0.445312 0.516667 0.446354 0.525000 0.444792 0.530556 0.440104 0.528704 0.431771
0 0.482407 0.434375 0.471296 0.439063 0.470370 0.444271 0.477778 0.448437 0.485185 0.448958 0.494444 0.446875 0.496296 0.441667 0.492593 0.435937
0 0.440741 0.432292 0.438889 0.439583 0.446296 0.445833 0.457407 0.446354 0.467593 0.443229 0.467593 0.438542 0.461111 0.431771 0.455556 0.430208 0.448148 0.430208
0 0.435185 0.441146 0.426852 0.441146 0.419444 0.443229 0.416667 0.445833 0.415741 0.452083 0.425926 0.458333 0.438889 0.456771 0.443519 0.453125 0.444444 0.445833 0.440741 0.442708
0 0.412037 0.422396 0.405556 0.423438 0.400000 0.426563 0.399074 0.433854 0.401852 0.435937 0.414815 0.438021 0.425000 0.434896 0.426852 0.429688 0.422222 0.424479
0 0.399074 0.435937 0.388889 0.440104 0.387963 0.445833 0.394444 0.452083 0.398148 0.453646 0.406481 0.453646 0.412963 0.451042 0.415741 0.447917 0.416667 0.442188 0.412037 0.437500
0 0.390741 0.452083 0.380556 0.454167 0.376852 0.457813 0.376852 0.461458 0.381481 0.467708 0.392593 0.469792 0.402778 0.466667 0.407407 0.461458 0.407407 0.458333 0.401852 0.454688
0 0.393519 0.491146 0.384259 0.491146 0.375000 0.493229 0.371296 0.495312 0.368519 0.502083 0.378704 0.507812 0.387037 0.508854 0.393519 0.506250 0.397222 0.498958
0 0.391667 0.507292 0.381481 0.511979 0.380556 0.519271 0.391667 0.523958 0.400000 0.523958 0.405556 0.522396 0.409259 0.518750 0.409259 0.513021 0.403704 0.508333
0 0.395370 0.527604 0.386111 0.531250 0.384259 0.538021 0.389815 0.542708 0.402778 0.543229 0.411111 0.539583 0.412037 0.532813 0.407407 0.528646
0 0.431481 0.540625 0.421296 0.537500 0.411111 0.539583 0.404630 0.545833 0.404630 0.554688 0.407407 0.555729 0.416667 0.555729 0.432407 0.552083 0.436111 0.548958 0.436111 0.544271
0 0.426852 0.554167 0.422222 0.558854 0.422222 0.563542 0.425000 0.567708 0.432407 0.569792 0.445370 0.568229 0.453704 0.560937 0.452778 0.557813 0.441667 0.553646 0.430556 0.553125
0 0.394444 0.554688 0.389815 0.559375 0.390741 0.568750 0.398148 0.572917 0.410185 0.572917 0.416667 0.569271 0.417593 0.563021 0.405556 0.555208 0.401852 0.554167
0 0.379630 0.571354 0.372222 0.576042 0.371296 0.580729 0.374074 0.585417 0.379630 0.588021 0.393519 0.589063 0.397222 0.587500 0.400000 0.583854 0.400000 0.576042 0.392593 0.570833
0 0.416667 0.570312 0.411111 0.574479 0.411111 0.580208 0.413889 0.583854 0.422222 0.586458 0.434259 0.586458 0.439815 0.580729 0.436111 0.571875 0.428704 0.569271
0 0.447222 0.567187 0.439815 0.569792 0.438889 0.576562 0.444444 0.581771 0.455556 0.583854 0.464815 0.580729 0.467593 0.576562 0.466667 0.572917 0.460185 0.567708 0.455556 0.566667
0 0.500000 0.578125 0.497222 0.579688 0.497222 0.584375 0.505556 0.590104 0.518519 0.592187 0.526852 0.589583 0.529630 0.582292 0.525000 0.577083 0.512037 0.576042
0 0.474074 0.573438 0.468519 0.576042 0.466667 0.578646 0.466667 0.584375 0.468519 0.586458 0.474074 0.589063 0.481481 0.590104 0.488889 0.589583 0.494444 0.584896 0.492593 0.579688 0.483333 0.575000
0 0.487963 0.561458 0.479630 0.565625 0.476852 0.572917 0.487963 0.577604 0.500000 0.578125 0.508333 0.573958 0.508333 0.566146 0.500926 0.561979
0 0.515741 0.558854 0.508333 0.562500 0.509259 0.569271 0.515741 0.572917 0.525926 0.572917 0.531481 0.569792 0.533333 0.564583 0.532407 0.560417 0.527778 0.558854
0 0.537037 0.562500 0.532407 0.566667 0.531481 0.572396 0.537963 0.577604 0.542593 0.578646 0.555556 0.578125 0.561111 0.572917 0.561111 0.567708 0.557407 0.562500 0.553704 0.561458 0.541667 0.561458
0 0.569444 0.574479 0.561111 0.578125 0.558333 0.584375 0.563889 0.589583 0.575000 0.591146 0.585185 0.588021 0.585185 0.580208 0.579630 0.575000
0 0.586111 0.571875 0.582407 0.575000 0.586111 0.586458 0.597222 0.586979 0.602778 0.585938 0.609259 0.580208 0.606481 0.575521 0.602778 0.572917 0.596296 0.571354
0 0.627778 0.568229 0.624074 0.571354 0.625926 0.578125 0.635185 0.582812 0.644444 0.583333 0.649074 0.582292 0.655556 0.577083 0.655556 0.571875 0.653704 0.570312 0.640741 0.567187
0 0.657407 0.558854 0.651852 0.563021 0.651852 0.568750 0.655556 0.571875 0.662037 0.573958 0.669444 0.573438 0.679630 0.568229 0.681481 0.561979 0.678704 0.559896 0.671296 0.558333
0 0.683333 0.566667 0.675000 0.569271 0.666667 0.576562 0.675926 0.581250 0.687037 0.582812 0.696296 0.579688 0.696296 0.571354 0.690741 0.567187
0 0.701852 0.566667 0.700000 0.567708 0.699074 0.572917 0.702778 0.579167 0.710185 0.582292 0.720370 0.581771 0.725926 0.577083 0.725000 0.570833 0.722222 0.568229 0.713889 0.566146
0 0.729630 0.561458 0.725000 0.564063 0.723148 0.567708 0.727778 0.574479 0.734259 0.578125 0.746296 0.578125 0.751852 0.569271 0.750000 0.564063 0.740741 0.560937
0 0.753704 0.565625 0.748148 0.573958 0.749074 0.580208 0.754630 0.583333 0.758333 0.583854 0.773148 0.582292 0.777778 0.577604 0.775000 0.571354 0.764815 0.566146
0 0.781481 0.576042 0.775926 0.579167 0.773148 0.583333 0.775926 0.589063 0.779630 0.591146 0.786111 0.592187 0.797222 0.591146 0.800926 0.589063 0.802778 0.584896 0.799074 0.578646 0.790741 0.576042
0 0.801852 0.573438 0.800000 0.575521 0.800000 0.581250 0.802778 0.585417 0.806481 0.587500 0.817593 0.587500 0.825000 0.580729 0.823148 0.576042 0.816667 0.572917 0.808333 0.572396
0 0.827778 0.568750 0.823148 0.571875 0.823148 0.576562 0.829630 0.583333 0.837963 0.584375 0.848148 0.582292 0.852778 0.579688 0.854630 0.575521 0.849074 0.570312 0.841667 0.568229
0 0.862037 0.575000 0.857407 0.579167 0.860185 0.585938 0.870370 0.589583 0.880556 0.588542 0.886111 0.582292 0.884259 0.576042 0.879630 0.573958 0.866667 0.573958
0 0.891667 0.570833 0.885185 0.575521 0.887963 0.583854 0.900926 0.588021 0.912037 0.588021 0.915741 0.583333 0.915741 0.575521 0.912963 0.572396 0.902778 0.569792
0 0.899074 0.552604 0.889815 0.557813 0.889815 0.565104 0.896296 0.569271 0.906481 0.570833 0.912963 0.570312 0.917593 0.566146 0.917593 0.558854 0.911111 0.553646
0 0.884259 0.532813 0.884259 0.538542 0.895370 0.543750 0.907407 0.543750 0.914815 0.539583 0.914815 0.532813 0.912963 0.530729 0.906481 0.528646 0.897222 0.528125
0 0.887963 0.511458 0.882407 0.515104 0.882407 0.520312 0.885185 0.523958 0.894444 0.527083 0.906481 0.527083 0.909259 0.526042 0.914815 0.521354 0.913889 0.513542 0.909259 0.510938 0.903704 0.509896
0 0.891667 0.493750 0.885185 0.497396 0.885185 0.502083 0.887963 0.506771 0.896296 0.509896 0.908333 0.508854 0.913889 0.504687 0.912963 0.496875 0.904630 0.493750
0 0.891667 0.478125 0.886111 0.481250 0.886111 0.486979 0.888889 0.491146 0.897222 0.493229 0.906481 0.492708 0.912963 0.488021 0.912037 0.480208 0.906481 0.477604 0.898148 0.477083
0 0.873148 0.466146 0.890741 0.477083 0.902778 0.476562 0.912037 0.471354 0.910185 0.463542 0.900000 0.460417 0.891667 0.459896 0.878704 0.463021
0 0.862963 0.466667 0.855556 0.474479 0.857407 0.478125 0.864815 0.481771 0.870370 0.482812 0.877778 0.482812 0.885185 0.481250 0.888889 0.478646 0.887963 0.475521 0.880556 0.468750 0.872222 0.465625
0 0.833333 0.459896 0.830556 0.460938 0.826852 0.466146 0.828704 0.470833 0.836111 0.475000 0.849074 0.473438 0.855556 0.467708 0.853704 0.462500 0.846296 0.459375
0 0.798148 0.462500 0.790741 0.460417 0.781481 0.460938 0.776852 0.464583 0.775000 0.471354 0.780556 0.473958 0.794444 0.471875 0.801852 0.467708
0 0.761111 0.447396 0.757407 0.450000 0.759259 0.458854 0.767593 0.461979 0.775000 0.462500 0.781481 0.461458 0.787037 0.456250 0.787037 0.450521 0.784259 0.447917 0.776852 0.445833 0.766667 0.445833
0 0.732407 0.445833 0.727778 0.452083 0.727778 0.455729 0.731481 0.459896 0.737037 0.461458 0.747222 0.461458 0.751852 0.459896 0.756481 0.455729 0.755556 0.450000 0.748148 0.446354
0 0.705556 0.441146 0.701852 0.444792 0.701852 0.447917 0.704630 0.451042 0.712963 0.454167 0.726852 0.455208 0.731481 0.447917 0.729630 0.443750 0.720370 0.440104 0.711111 0.439583
0 0.693519 0.426042 0.687037 0.431250 0.689815 0.439063 0.697222 0.442188 0.705556 0.442188 0.715741 0.438021 0.717593 0.431250 0.714815 0.428125 0.709259 0.426042
0 0.724074 0.428646 0.720370 0.431250 0.720370 0.439063 0.731481 0.443750 0.738889 0.443750 0.744444 0.442188 0.750000 0.436979 0.747222 0.430729 0.738889 0.427604
0 0.756481 0.427083 0.752778 0.427604 0.750926 0.430208 0.750926 0.443750 0.754630 0.445312 0.761111 0.445312 0.774074 0.440104 0.776852 0.436979 0.776852 0.433854 0.775000 0.431250 0.767593 0.427604
0 0.799074 0.435937 0.794444 0.437500 0.791667 0.441146 0.792593 0.447396 0.800000 0.451562 0.811111 0.452604 0.817593 0.450000 0.819444 0.447396 0.817593 0.438542 0.809259 0.435417
0 0.808333 0.452604 0.801852 0.456771 0.799074 0.463021 0.806481 0.468750 0.818519 0.468750 0.826852 0.465104 0.829630 0.458854 0.822222 0.453646 0.818519 0.452604
0 0.822222 0.450000 0.824074 0.455208 0.832407 0.459896 0.845370 0.459375 0.851852 0.455729 0.851852 0.450521 0.842593 0.445833 0.828704 0.446354
0 0.835185 0.428125 0.829630 0.429688 0.825000 0.433333 0.825000 0.440104 0.831481 0.445312 0.841667 0.445833 0.853704 0.439583 0.854630 0.432292 0.849074 0.428646
0 0.875000 0.441667 0.866667 0.447396 0.865741 0.455729 0.871296 0.460417 0.876852 0.461458 0.886111 0.460938 0.895370 0.455729 0.895370 0.450000 0.886111 0.443229 0.880556 0.441667
0 0.457407 0.419792 0.454630 0.423438 0.454630 0.429167 0.457407 0.431250 0.472222 0.433854 0.477778 0.433854 0.485185 0.431771 0.483333 0.423958 0.475000 0.418229 0.462037 0.417708
0 0.485185 0.422396 0.485185 0.430729 0.487037 0.433333 0.491667 0.435417 0.504630 0.435417 0.511111 0.431771 0.513889 0.427604 0.511111 0.422917 0.506481 0.420312 0.495370 0.419792
0 0.552778 0.413542 0.541667 0.416667 0.539815 0.418750 0.539815 0.425521 0.545370 0.429688 0.559259 0.430729 0.570370 0.425000 0.570370 0.421875 0.564815 0.415625 0.559259 0.413542
0 0.644444 0.419271 0.634259 0.417708 0.623148 0.419792 0.617593 0.423958 0.617593 0.431250 0.625926 0.434896 0.637037 0.434896 0.640741 0.433854 0.646296 0.428646 0.646296 0.421354
0 0.587037 0.417187 0.579630 0.420833 0.577778 0.423958 0.582407 0.431250 0.585185 0.432812 0.594444 0.433854 0.604630 0.430208 0.606481 0.428125 0.606481 0.422396 0.600000 0.417708
0 0.588889 0.400000 0.584259 0.401042 0.577778 0.405208 0.575926 0.407813 0.576852 0.411458 0.583333 0.415625 0.595370 0.416146 0.602778 0.413021 0.606481 0.408854 0.604630 0.403125 0.600000 0.400521
0 0.546296 0.396354 0.547222 0.398438 0.561111 0.405729 0.574074 0.405729 0.580556 0.401042 0.578704 0.393229 0.570370 0.390104 0.559259 0.390104
0 0.551852 0.399479 0.544444 0.399479 0.539815 0.401042 0.533333 0.406250 0.535185 0.411979 0.543519 0.415104 0.556481 0.413021 0.559259 0.409896 0.558333 0.403646
0 0.489815 0.406250 0.478704 0.407292 0.475000 0.411458 0.475000 0.418229 0.482407 0.422917 0.500000 0.418750 0.499074 0.410938 0.494444 0.407292
0 0.456481 0.396875 0.453704 0.398438 0.452778 0.401562 0.460185 0.410417 0.464815 0.411458 0.475926 0.410417 0.479630 0.405729 0.477778 0.401042 0.468519 0.396875 0.462963 0.395833
0 0.378704 0.413542 0.374074 0.417187 0.375926 0.424479 0.386111 0.428646 0.398148 0.427604 0.403704 0.423958 0.402778 0.415625 0.393519 0.412500
0 0.414815 0.401562 0.406481 0.402083 0.396296 0.406250 0.395370 0.411979 0.405556 0.417187 0.414815 0.417187 0.423148 0.412500 0.422222 0.405208
0 0.384259 0.343750 0.371296 0.348958 0.369444 0.355729 0.376852 0.361979 0.391667 0.363021 0.398148 0.357812 0.398148 0.352083 0.396296 0.349479
0 0.377778 0.363021 0.370370 0.366146 0.368519 0.368750 0.370370 0.373437 0.377778 0.377083 0.387037 0.377604 0.395370 0.372917 0.396296 0.366667 0.391667 0.363542
0 0.393519 0.375521 0.389815 0.381250 0.396296 0.386458 0.408333 0.388021 0.412963 0.387500 0.418519 0.384896 0.421296 0.379688 0.416667 0.374479 0.400000 0.373958
0 0.414815 0.390625 0.407407 0.389062 0.397222 0.389062 0.387037 0.391146 0.383333 0.395313 0.386111 0.401562 0.392593 0.404687 0.400000 0.404687 0.411111 0.401042 0.416667 0.393750
0 0.415741 0.394271 0.414815 0.399479 0.422222 0.404687 0.439815 0.406771 0.447222 0.404687 0.444444 0.397396 0.435185 0.391667 0.425926 0.390625
0 0.450000 0.378125 0.440741 0.378125 0.431481 0.380729 0.428704 0.383333 0.430556 0.390104 0.439815 0.393750 0.450000 0.392708 0.455556 0.389583 0.458333 0.381250
0 0.447222 0.359375 0.437037 0.363542 0.435185 0.370312 0.437037 0.372917 0.444444 0.376563 0.455556 0.377083 0.465741 0.370312 0.465741 0.365104 0.457407 0.359375
0 0.419444 0.346354 0.410185 0.350000 0.410185 0.357292 0.412963 0.360938 0.420370 0.365104 0.429630 0.365625 0.439815 0.359896 0.439815 0.352604 0.432407 0.347917
0 0.454630 0.344271 0.445370 0.347396 0.444444 0.354167 0.450000 0.358333 0.462037 0.359375 0.468519 0.357292 0.471296 0.354687 0.470370 0.349479 0.463889 0.344792
0 0.497222 0.348958 0.485185 0.351042 0.477778 0.357292 0.479630 0.360938 0.490741 0.365625 0.503704 0.364583 0.507407 0.360938 0.506481 0.354167
0 0.488889 0.365104 0.482407 0.363021 0.470370 0.364583 0.466667 0.367188 0.463889 0.377083 0.471296 0.379688 0.483333 0.379688 0.487963 0.378646 0.493519 0.374479 0.492593 0.367708
0 0.459259 0.382292 0.455556 0.386979 0.456481 0.391667 0.462037 0.395313 0.475926 0.397396 0.483333 0.391667 0.482407 0.383854 0.475000 0.380729 0.466667 0.380729
0 0.491667 0.379688 0.484259 0.384375 0.484259 0.390625 0.494444 0.396875 0.503704 0.396875 0.512963 0.390104 0.512963 0.383333 0.510185 0.380729 0.504630 0.379167
0 0.541667 0.376563 0.530556 0.380729 0.528704 0.385417 0.533333 0.391146 0.546296 0.393229 0.558333 0.390104 0.561111 0.383854 0.555556 0.378125 0.550000 0.376563
0 0.590741 0.377083 0.581481 0.373437 0.572222 0.373958 0.567593 0.375521 0.562963 0.379688 0.563889 0.388021 0.573148 0.389583 0.587037 0.385937 0.591667 0.381250
0 0.584259 0.368750 0.582407 0.373437 0.592593 0.379688 0.597222 0.380729 0.605556 0.380208 0.608333 0.378646 0.611111 0.373437 0.608333 0.368229 0.601852 0.365625 0.591667 0.365625
0 0.583333 0.388021 0.581481 0.393229 0.583333 0.397396 0.586111 0.398958 0.600926 0.400000 0.609259 0.398958 0.614815 0.396875 0.614815 0.392188 0.602778 0.386458 0.592593 0.384896
0 0.644444 0.394792 0.633333 0.396354 0.626852 0.400521 0.625926 0.404687 0.628704 0.407813 0.635185 0.410417 0.642593 0.410938 0.653704 0.407813 0.654630 0.402604 0.652778 0.399479
0 0.665741 0.396875 0.657407 0.403125 0.657407 0.408333 0.668519 0.413021 0.678704 0.413542 0.687963 0.411979 0.690741 0.407813 0.684259 0.398958 0.678704 0.396875
0 0.707407 0.402604 0.699074 0.408333 0.699074 0.415104 0.701852 0.417187 0.709259 0.419271 0.719444 0.418750 0.727778 0.412500 0.726852 0.407813 0.718519 0.402604
0 0.705556 0.386979 0.698148 0.392188 0.699074 0.399479 0.703704 0.402604 0.718519 0.402604 0.726852 0.396354 0.726852 0.392188 0.716667 0.386458
0 0.681481 0.378646 0.677778 0.380729 0.678704 0.390104 0.681481 0.391667 0.698148 0.392188 0.705556 0.388021 0.707407 0.385417 0.703704 0.380208 0.699074 0.377604 0.687963 0.377083
0 0.678704 0.370312 0.668519 0.368750 0.658333 0.371354 0.657407 0.379167 0.662037 0.384375 0.672222 0.384896 0.675926 0.383854 0.685185 0.377083 0.682407 0.372396
0 0.654630 0.383333 0.644444 0.386458 0.643519 0.393750 0.648148 0.396875 0.657407 0.398958 0.667593 0.395833 0.668519 0.387500 0.664815 0.384896
0 0.646296 0.369792 0.635185 0.370833 0.629630 0.376042 0.630556 0.380729 0.633333 0.383333 0.641667 0.385937 0.652778 0.383854 0.655556 0.381250 0.654630 0.372917 0.651852 0.370833
0 0.613889 0.361979 0.608333 0.366146 0.610185 0.371875 0.617593 0.374479 0.628704 0.374479 0.636111 0.369271 0.636111 0.362500 0.626852 0.360417 0.620370 0.360417
0 0.643519 0.358333 0.639815 0.361979 0.639815 0.366146 0.643519 0.368229 0.652778 0.370312 0.667593 0.368750 0.669444 0.359896 0.664815 0.355729 0.652778 0.355208
0 0.689815 0.362500 0.685185 0.365104 0.685185 0.368229 0.688889 0.373437 0.692593 0.376042 0.705556 0.378125 0.712037 0.374479 0.715741 0.369792 0.713889 0.365104 0.706481 0.361458
0 0.740741 0.376563 0.730556 0.376563 0.726852 0.377604 0.717593 0.384375 0.719444 0.388021 0.730556 0.393229 0.743519 0.390625 0.750000 0.385417 0.747222 0.379167
0 0.744444 0.390104 0.735185 0.393229 0.732407 0.401042 0.734259 0.404687 0.739815 0.407813 0.750000 0.408333 0.761111 0.405208 0.761111 0.399479 0.754630 0.394271 0.747222 0.390104
0 0.778704 0.390625 0.775926 0.397917 0.780556 0.402083 0.786111 0.403646 0.799074 0.403646 0.806481 0.401562 0.806481 0.395833 0.796296 0.389062 0.786111 0.388021
0 0.811111 0.418229 0.801852 0.418229 0.792593 0.423438 0.793519 0.430729 0.800926 0.434896 0.815741 0.432812 0.821296 0.428646 0.820370 0.422396
0 0.830556 0.405208 0.826852 0.406771 0.823148 0.410938 0.825000 0.417187 0.829630 0.419271 0.835185 0.419792 0.848148 0.418229 0.854630 0.413021 0.853704 0.408333 0.849074 0.405729 0.841667 0.404167
0 0.820370 0.388021 0.812963 0.393229 0.812037 0.397396 0.814815 0.400521 0.825926 0.403646 0.838889 0.402604 0.845370 0.396875 0.841667 0.390104 0.832407 0.386979
0 0.807407 0.370312 0.803704 0.375000 0.804630 0.381771 0.807407 0.383854 0.823148 0.384375 0.832407 0.381250 0.834259 0.376563 0.824074 0.370833 0.816667 0.369792
0 0.771296 0.373437 0.764815 0.375000 0.758333 0.380729 0.759259 0.385937 0.767593 0.390104 0.777778 0.390625 0.786111 0.387500 0.788889 0.379167 0.782407 0.373958
0 0.745370 0.360417 0.738889 0.365104 0.739815 0.370312 0.743519 0.374479 0.754630 0.376042 0.763889 0.373958 0.770370 0.369792 0.770370 0.364063 0.760185 0.360417
0 0.712963 0.353125 0.708333 0.356250 0.708333 0.361458 0.712963 0.365104 0.722222 0.368750 0.734259 0.368750 0.738889 0.363021 0.738889 0.357292 0.737037 0.355208 0.727778 0.351562
0 0.706481 0.343229 0.698148 0.343229 0.683333 0.347396 0.681481 0.353646 0.687037 0.357292 0.693519 0.358854 0.700926 0.358854 0.707407 0.355729 0.710185 0.348438
0 0.747222 0.331771 0.741667 0.330208 0.731481 0.330208 0.723148 0.333333 0.720370 0.336979 0.720370 0.342708 0.725000 0.348438 0.734259 0.346875 0.748148 0.339583 0.749074 0.333333
0 0.761111 0.338021 0.747222 0.339583 0.742593 0.342187 0.740741 0.345313 0.741667 0.351562 0.744444 0.353646 0.752778 0.355729 0.765741 0.354167 0.770370 0.348958 0.770370 0.341667
0 0.772222 0.326042 0.761111 0.330208 0.759259 0.337500 0.766667 0.341146 0.772222 0.342708 0.777778 0.342708 0.781481 0.341667 0.786111 0.337500 0.786111 0.331771 0.781481 0.326562
0 0.780556 0.344271 0.770370 0.348958 0.767593 0.352604 0.768519 0.357292 0.776852 0.361979 0.790741 0.361979 0.796296 0.358333 0.795370 0.352604 0.793519 0.350000
0 0.788889 0.337500 0.784259 0.342187 0.785185 0.345313 0.789815 0.348958 0.800000 0.351042 0.808333 0.350521 0.812963 0.348958 0.814815 0.340625 0.810185 0.335938 0.799074 0.335417
0 0.823148 0.353646 0.813889 0.352604 0.800000 0.355729 0.796296 0.361979 0.798148 0.365625 0.802778 0.368750 0.815741 0.369792 0.825926 0.365625 0.828704 0.360938 0.826852 0.356250
0 0.879630 0.359375 0.864815 0.359896 0.858333 0.361979 0.855556 0.365104 0.856481 0.369792 0.863889 0.373958 0.874074 0.373958 0.878704 0.372396 0.882407 0.369271 0.883333 0.365625 0.882407 0.361458
0 0.830556 0.335938 0.820370 0.338542 0.815741 0.343229 0.816667 0.351042 0.821296 0.353125 0.828704 0.354167 0.839815 0.352083 0.844444 0.347917 0.842593 0.341146 0.838889 0.338542
0 0.832407 0.360938 0.826852 0.364583 0.825926 0.369792 0.828704 0.372917 0.836111 0.375521 0.849074 0.374479 0.855556 0.369792 0.853704 0.363542 0.842593 0.360417
0 0.841667 0.376042 0.834259 0.380729 0.835185 0.386458 0.842593 0.390104 0.858333 0.389583 0.863889 0.384896 0.864815 0.380729 0.862963 0.378646 0.852778 0.375000
0 0.866667 0.381771 0.859259 0.388542 0.861111 0.392708 0.868519 0.396354 0.882407 0.396875 0.887037 0.394271 0.888889 0.390625 0.887963 0.383333 0.881481 0.380729
0 0.900926 0.417187 0.891667 0.417187 0.881481 0.421875 0.878704 0.428646 0.884259 0.433333 0.890741 0.434375 0.897222 0.433854 0.907407 0.428125 0.909259 0.421354 0.905556 0.418229
0 0.861111 0.405208 0.855556 0.409375 0.854630 0.412500 0.856481 0.415625 0.864815 0.419271 0.881481 0.419271 0.883333 0.417708 0.883333 0.410938 0.880556 0.407292 0.874074 0.404167
0 0.903704 0.393750 0.891667 0.395313 0.884259 0.400521 0.883333 0.406771 0.891667 0.411458 0.903704 0.411458 0.910185 0.407813 0.911111 0.398438 0.909259 0.395833
0 0.905556 0.373437 0.900000 0.372396 0.894444 0.372917 0.886111 0.376042 0.885185 0.381771 0.890741 0.386979 0.901852 0.387500 0.908333 0.385417 0.909259 0.377604
0 0.882407 0.360417 0.883333 0.367188 0.887963 0.369792 0.901852 0.369271 0.909259 0.365625 0.910185 0.360938 0.904630 0.356771 0.891667 0.356250
0 0.860185 0.326562 0.853704 0.330729 0.851852 0.333854 0.853704 0.337500 0.857407 0.340104 0.861111 0.340625 0.877778 0.339583 0.880556 0.337500 0.875926 0.328125 0.867593 0.325521
0 0.879630 0.340104 0.864815 0.340625 0.857407 0.343229 0.853704 0.350000 0.858333 0.354167 0.873148 0.355729 0.884259 0.352604 0.886111 0.344271
0 0.894444 0.339062 0.888889 0.341146 0.887037 0.343750 0.887037 0.352604 0.890741 0.355208 0.894444 0.355729 0.906481 0.355208 0.911111 0.351562 0.911111 0.342708 0.904630 0.339062
0 0.902778 0.323437 0.887037 0.323437 0.877778 0.328646 0.878704 0.335417 0.882407 0.339062 0.893519 0.339583 0.906481 0.336979 0.909259 0.334375 0.909259 0.328646
0 0.860185 0.311458 0.858333 0.314063 0.859259 0.319271 0.863889 0.322917 0.875000 0.323437 0.884259 0.321354 0.887037 0.316146 0.884259 0.310417 0.879630 0.308854 0.868519 0.308854
0 0.830556 0.317188 0.827778 0.322396 0.830556 0.326042 0.835185 0.328125 0.851852 0.328646 0.860185 0.326042 0.861111 0.321354 0.856481 0.315625 0.841667 0.313542 0.834259 0.315104
0 0.821296 0.313021 0.816667 0.311458 0.806481 0.311458 0.797222 0.315104 0.794444 0.318750 0.794444 0.322917 0.797222 0.327083 0.800926 0.328125 0.812037 0.327604 0.818519 0.326042 0.824074 0.322917 0.825000 0.315625
0 0.774074 0.310937 0.768519 0.314063 0.767593 0.318750 0.773148 0.323958 0.782407 0.326042 0.792593 0.322396 0.794444 0.316146 0.785185 0.310937
0 0.752778 0.314063 0.742593 0.317708 0.738889 0.326562 0.744444 0.327604 0.750926 0.331250 0.758333 0.331250 0.768519 0.326562 0.769444 0.320833 0.763889 0.315104
0 0.738889 0.309375 0.729630 0.308333 0.718519 0.311458 0.716667 0.318229 0.723148 0.322917 0.736111 0.322917 0.740741 0.320833 0.743519 0.314063
0 0.698148 0.318750 0.694444 0.323958 0.696296 0.330208 0.707407 0.334375 0.712963 0.334896 0.718519 0.333854 0.720370 0.329688 0.715741 0.319792 0.712963 0.318229 0.705556 0.317188
0 0.708333 0.334375 0.698148 0.331250 0.685185 0.333333 0.679630 0.337500 0.680556 0.342187 0.683333 0.344792 0.691667 0.345833 0.698148 0.343750 0.706481 0.343229 0.710185 0.339062
0 0.660185 0.336458 0.652778 0.341146 0.652778 0.347396 0.658333 0.353646 0.670370 0.355729 0.680556 0.351562 0.683333 0.347396 0.682407 0.342187 0.674074 0.337500
0 0.633333 0.342708 0.624074 0.345313 0.621296 0.348438 0.621296 0.354687 0.627778 0.359896 0.636111 0.360417 0.641667 0.359375 0.648148 0.356250 0.650000 0.349479 0.642593 0.343750
0 0.583333 0.352083 0.577778 0.356771 0.580556 0.363542 0.585185 0.366667 0.600000 0.365104 0.602778 0.361979 0.602778 0.356771 0.600000 0.353646 0.594444 0.351562
0 0.562963 0.348958 0.550000 0.353125 0.547222 0.356250 0.547222 0.361458 0.553704 0.365625 0.567593 0.367708 0.573148 0.366667 0.575926 0.364583 0.576852 0.356771 0.572222 0.351562 0.566667 0.348958
0 0.523148 0.343229 0.518519 0.348438 0.519444 0.353125 0.522222 0.355729 0.530556 0.358333 0.543519 0.357292 0.549074 0.352604 0.549074 0.348958 0.544444 0.343229 0.538889 0.341667 0.530556 0.341667
0 0.587037 0.332292 0.576852 0.333854 0.573148 0.335938 0.570370 0.340625 0.570370 0.343229 0.574074 0.346875 0.584259 0.349479 0.592593 0.348438 0.598148 0.343750 0.598148 0.338021 0.596296 0.335938
0 0.567593 0.331250 0.556481 0.330208 0.549074 0.331250 0.542593 0.333854 0.542593 0.342187 0.550926 0.348438 0.560185 0.348438 0.568519 0.344271 0.571296 0.335417
0 0.538889 0.318750 0.527778 0.320312 0.522222 0.322396 0.520370 0.325000 0.522222 0.331250 0.530556 0.335417 0.542593 0.334375 0.546296 0.330729 0.546296 0.322396
0 0.675000 0.311979 0.667593 0.316146 0.666667 0.322917 0.675926 0.329167 0.687037 0.329167 0.694444 0.325000 0.694444 0.317708 0.684259 0.311979
0 0.649074 0.310417 0.641667 0.314063 0.638889 0.318229 0.640741 0.322917 0.649074 0.327083 0.661111 0.327083 0.666667 0.322396 0.666667 0.314583 0.662037 0.311458 0.656481 0.309896
0 0.650000 0.294792 0.646296 0.297396 0.646296 0.300000 0.654630 0.308333 0.665741 0.309375 0.675926 0.305208 0.676852 0.297917 0.672222 0.294271 0.658333 0.293229
0 0.690741 0.301042 0.681481 0.305729 0.681481 0.310417 0.692593 0.315104 0.701852 0.315104 0.707407 0.311458 0.710185 0.305208 0.705556 0.302083
0 0.690741 0.282292 0.679630 0.288021 0.679630 0.295312 0.685185 0.298438 0.698148 0.298958 0.703704 0.297396 0.708333 0.293750 0.708333 0.286979 0.700000 0.282813
0 0.714815 0.293229 0.709259 0.297917 0.708333 0.302604 0.711111 0.305208 0.719444 0.308333 0.733333 0.307812 0.738889 0.303125 0.739815 0.298438 0.737963 0.295312 0.729630 0.292187 0.718519 0.292187
0 0.761111 0.285417 0.753704 0.283854 0.741667 0.285417 0.736111 0.288542 0.735185 0.293229 0.740741 0.298438 0.753704 0.300000 0.761111 0.297396 0.764815 0.293750 0.764815 0.289062
0 0.795370 0.282292 0.791667 0.280208 0.782407 0.279167 0.771296 0.280729 0.764815 0.285938 0.766667 0.292187 0.772222 0.293750 0.784259 0.293750 0.787963 0.292708 0.796296 0.287500
0 0.771296 0.295833 0.760185 0.296875 0.754630 0.301563 0.754630 0.308333 0.760185 0.311458 0.766667 0.312500 0.777778 0.308854 0.780556 0.304167 0.778704 0.298958
0 0.787963 0.295833 0.781481 0.301042 0.783333 0.306771 0.788889 0.309375 0.801852 0.309375 0.808333 0.304167 0.806481 0.296875 0.800926 0.295312
0 0.834259 0.284896 0.820370 0.283854 0.811111 0.286979 0.810185 0.295312 0.813889 0.298438 0.826852 0.297917 0.837037 0.293750 0.838889 0.290104
0 0.813889 0.302604 0.813889 0.308854 0.815741 0.310937 0.828704 0.315625 0.838889 0.314063 0.847222 0.307292 0.845370 0.302604 0.838889 0.300521 0.819444 0.300000
0 0.874074 0.294271 0.862963 0.293229 0.855556 0.295312 0.846296 0.301563 0.848148 0.307292 0.857407 0.309375 0.873148 0.307292 0.879630 0.303125 0.880556 0.298438
0 0.887963 0.299479 0.882407 0.302083 0.880556 0.307292 0.888889 0.315104 0.899074 0.315104 0.909259 0.309896 0.909259 0.303125 0.901852 0.299479
0 0.884259 0.284375 0.874074 0.289583 0.873148 0.294271 0.883333 0.300000 0.887037 0.300000 0.897222 0.296875 0.899074 0.288021 0.894444 0.285938
0 0.886111 0.272396 0.880556 0.277604 0.883333 0.283333 0.896296 0.286979 0.905556 0.285938 0.909259 0.281771 0.909259 0.276562 0.906481 0.273438 0.900926 0.272396
0 0.879630 0.267708 0.870370 0.266667 0.859259 0.270313 0.855556 0.276562 0.861111 0.281250 0.863889 0.282292 0.874074 0.282292 0.877778 0.280729 0.884259 0.271875
0 0.842593 0.278125 0.836111 0.282292 0.837963 0.289062 0.849074 0.293229 0.860185 0.293750 0.863889 0.291667 0.862963 0.281771 0.851852 0.277083
0 0.801852 0.270313 0.796296 0.273958 0.794444 0.280208 0.800000 0.284375 0.805556 0.285938 0.812037 0.285938 0.819444 0.283333 0.821296 0.276042 0.816667 0.271875 0.810185 0.269271
0 0.743519 0.268229 0.737037 0.271875 0.736111 0.279687 0.744444 0.284375 0.753704 0.283854 0.762037 0.279167 0.762037 0.270833 0.753704 0.268229
0 0.711111 0.277083 0.705556 0.283333 0.707407 0.286979 0.712037 0.290104 0.716667 0.291146 0.729630 0.291146 0.736111 0.288542 0.737963 0.281771 0.733333 0.277604 0.726852 0.276042
0 0.679630 0.268750 0.670370 0.271354 0.666667 0.275000 0.666667 0.279687 0.675926 0.284375 0.684259 0.284896 0.693519 0.281250 0.695370 0.275000 0.689815 0.269792
0 0.648148 0.272396 0.638889 0.276042 0.637037 0.285417 0.641667 0.289062 0.650000 0.290104 0.656481 0.288542 0.663889 0.283333 0.663889 0.278125 0.657407 0.273438
0 0.626852 0.284896 0.615741 0.290104 0.614815 0.296354 0.621296 0.301042 0.633333 0.302083 0.642593 0.298958 0.644444 0.291146 0.641667 0.288021 0.635185 0.285417
0 0.613889 0.306250 0.613889 0.310937 0.622222 0.316146 0.627778 0.317188 0.637963 0.316146 0.641667 0.314583 0.644444 0.310937 0.642593 0.306250 0.636111 0.303125 0.621296 0.303125
0 0.623148 0.317708 0.615741 0.321354 0.615741 0.328125 0.618519 0.332813 0.623148 0.334896 0.628704 0.335417 0.639815 0.329688 0.641667 0.325521 0.637963 0.320312 0.630556 0.317708
0 0.593519 0.317708 0.585185 0.325521 0.587037 0.331250 0.589815 0.333854 0.596296 0.335938 0.601852 0.336458 0.607407 0.335417 0.615741 0.330729 0.614815 0.323958 0.610185 0.320312
0 0.574074 0.313021 0.563889 0.315104 0.557407 0.321875 0.561111 0.328646 0.572222 0.331250 0.582407 0.327604 0.587037 0.323437 0.586111 0.317188
0 0.550000 0.302083 0.549074 0.309375 0.558333 0.315104 0.565741 0.315104 0.575926 0.311979 0.578704 0.305729 0.574074 0.300521 0.556481 0.299479
0 0.511111 0.309375 0.509259 0.315104 0.512037 0.319271 0.516667 0.321875 0.525926 0.321875 0.537963 0.318229 0.538889 0.313021 0.535185 0.310417 0.525000 0.307292 0.515741 0.307292
0 0.484259 0.315625 0.475000 0.316146 0.467593 0.319792 0.465741 0.322396 0.465741 0.326562 0.468519 0.329688 0.475000 0.332813 0.488889 0.331771 0.492593 0.330208 0.494444 0.327083 0.493519 0.321354 0.489815 0.317188
0 0.500926 0.321354 0.498148 0.322396 0.495370 0.326562 0.495370 0.334375 0.502778 0.338021 0.512037 0.337500 0.520370 0.333333 0.521296 0.329688 0.519444 0.326562 0.512037 0.321875
0 0.486111 0.334896 0.478704 0.337500 0.476852 0.342708 0.482407 0.348958 0.491667 0.350000 0.499074 0.347917 0.501852 0.345833 0.503704 0.340625 0.501852 0.337500 0.497222 0.335417
0 0.450000 0.334375 0.449074 0.340104 0.453704 0.343229 0.461111 0.344792 0.469444 0.344792 0.475926 0.342187 0.477778 0.336458 0.474074 0.332292 0.470370 0.331250 0.458333 0.331250
0 0.419444 0.338542 0.418519 0.343229 0.424074 0.346354 0.434259 0.346875 0.447222 0.344792 0.449074 0.342187 0.448148 0.336979 0.442593 0.332813 0.432407 0.332813
0 0.392593 0.334896 0.387963 0.339583 0.387963 0.343750 0.393519 0.348438 0.406481 0.349479 0.416667 0.345313 0.416667 0.338542 0.409259 0.334375 0.397222 0.333854
0 0.369444 0.326042 0.363889 0.333333 0.364815 0.336458 0.372222 0.340625 0.385185 0.341146 0.391667 0.335417 0.389815 0.328646 0.384259 0.326042
0 0.398148 0.318229 0.389815 0.321354 0.387963 0.326562 0.394444 0.331771 0.407407 0.332813 0.413889 0.330208 0.415741 0.325521 0.410185 0.319271
0 0.414815 0.312500 0.409259 0.317188 0.413889 0.325000 0.419444 0.327604 0.429630 0.327083 0.434259 0.323958 0.438889 0.317188 0.438889 0.314063 0.432407 0.311979
0 0.437963 0.318229 0.435185 0.323437 0.436111 0.326562 0.440741 0.329688 0.451852 0.330729 0.463889 0.327083 0.464815 0.321875 0.458333 0.317708 0.440741 0.316667
0 0.425926 0.297396 0.420370 0.302083 0.421296 0.307812 0.427778 0.310417 0.438889 0.312500 0.448148 0.310937 0.450000 0.308333 0.450000 0.301042 0.448148 0.298958 0.441667 0.296354
0 0.376852 0.296875 0.365741 0.300000 0.362963 0.302604 0.362963 0.307292 0.365741 0.310937 0.379630 0.313021 0.387037 0.310417 0.387963 0.302083 0.382407 0.297917
0 0.407407 0.297917 0.394444 0.299479 0.387963 0.303646 0.387037 0.311458 0.399074 0.316146 0.412037 0.313542 0.417593 0.306771 0.415741 0.301042
0 0.386111 0.269792 0.377778 0.269792 0.370370 0.272917 0.369444 0.280208 0.377778 0.288542 0.385185 0.286979 0.387037 0.284375 0.393519 0.282292 0.396296 0.279687 0.396296 0.274479
0 0.406481 0.283333 0.399074 0.281771 0.387037 0.283333 0.383333 0.288021 0.385185 0.296875 0.389815 0.297917 0.400926 0.297396 0.409259 0.293750 0.411111 0.286979
0 0.426852 0.279167 0.417593 0.281771 0.415741 0.289583 0.417593 0.293229 0.421296 0.295312 0.428704 0.296354 0.436111 0.294792 0.440741 0.290104 0.440741 0.282813 0.436111 0.280208
0 0.451852 0.282813 0.442593 0.285938 0.440741 0.292187 0.447222 0.298438 0.456481 0.300000 0.467593 0.295312 0.468519 0.290625 0.466667 0.286979 0.462037 0.284375
0 0.457407 0.301042 0.451852 0.304167 0.451852 0.310417 0.459259 0.315625 0.469444 0.316667 0.475000 0.314583 0.476852 0.311979 0.476852 0.302604 0.463889 0.300521
0 0.482407 0.300521 0.477778 0.303125 0.476852 0.305729 0.478704 0.314063 0.487037 0.316146 0.498148 0.315625 0.500926 0.314583 0.502778 0.311458 0.500000 0.304167 0.492593 0.300000
0 0.500000 0.292187 0.494444 0.295312 0.493519 0.298958 0.503704 0.308333 0.512037 0.308333 0.519444 0.304167 0.519444 0.297917 0.510185 0.293229
0 0.525000 0.294792 0.520370 0.300000 0.521296 0.305729 0.530556 0.309375 0.537037 0.310417 0.547222 0.308333 0.548148 0.302083 0.543519 0.296354 0.538889 0.293750
0 0.538889 0.283854 0.537037 0.292187 0.539815 0.294792 0.549074 0.296875 0.564815 0.295312 0.562963 0.290625 0.555556 0.282813 0.543519 0.281771
0 0.525926 0.269271 0.518519 0.274479 0.522222 0.283333 0.530556 0.285417 0.537963 0.284896 0.546296 0.280729 0.548148 0.275000 0.539815 0.270313
0 0.501852 0.272917 0.496296 0.275000 0.493519 0.278125 0.493519 0.283333 0.498148 0.289583 0.502778 0.290625 0.511111 0.290104 0.517593 0.287500 0.521296 0.283333 0.520370 0.279167 0.513889 0.273958
0 0.487963 0.281250 0.480556 0.281250 0.469444 0.286458 0.468519 0.291667 0.469444 0.294792 0.472222 0.296354 0.484259 0.298438 0.493519 0.295833 0.495370 0.285938
0 0.447222 0.267188 0.438889 0.269792 0.436111 0.276562 0.437963 0.280208 0.441667 0.282292 0.450926 0.282813 0.460185 0.280729 0.462963 0.273958 0.458333 0.268750
0 0.411111 0.265104 0.405556 0.271354 0.408333 0.277604 0.416667 0.280729 0.428704 0.279167 0.431481 0.277083 0.433333 0.271875 0.430556 0.267708 0.422222 0.264583
0 0.849074 0.258854 0.840741 0.258333 0.829630 0.261458 0.825000 0.264062 0.823148 0.269792 0.825926 0.273958 0.836111 0.276042 0.844444 0.275000 0.851852 0.266667 0.851852 0.262500
0 0.857407 0.253125 0.851852 0.255729 0.849074 0.260937 0.851852 0.266146 0.855556 0.268229 0.864815 0.268229 0.874074 0.265625 0.877778 0.258333 0.873148 0.254167
0 0.881481 0.257812 0.875926 0.262500 0.877778 0.267708 0.885185 0.271354 0.899074 0.269792 0.904630 0.264583 0.902778 0.259375 0.894444 0.256771
0 0.881481 0.245312 0.878704 0.252604 0.882407 0.256250 0.894444 0.256771 0.906481 0.253125 0.907407 0.246354 0.903704 0.243229 0.900000 0.242188 0.888889 0.242188
0 0.858333 0.239063 0.852778 0.243229 0.853704 0.251563 0.856481 0.253125 0.862963 0.253646 0.875000 0.252604 0.878704 0.249479 0.879630 0.243750 0.872222 0.239063
0 0.835185 0.240625 0.826852 0.243229 0.823148 0.247396 0.824074 0.252604 0.830556 0.256771 0.841667 0.257812 0.851852 0.252083 0.851852 0.244792 0.845370 0.241146
0 0.766667 0.266146 0.762037 0.271354 0.764815 0.277083 0.772222 0.279687 0.786111 0.278646 0.789815 0.275521 0.788889 0.269271 0.783333 0.266146 0.775926 0.264583
0 0.798148 0.254167 0.794444 0.260417 0.796296 0.264062 0.800926 0.266667 0.811111 0.268229 0.818519 0.266667 0.823148 0.264062 0.825000 0.258854 0.820370 0.253646 0.804630 0.252604
0 0.788889 0.248958 0.778704 0.247917 0.773148 0.248438 0.766667 0.251042 0.763889 0.254167 0.763889 0.258854 0.767593 0.262500 0.775926 0.264062 0.781481 0.263542 0.790741 0.260417 0.793519 0.255208
0 0.744444 0.235417 0.737037 0.241667 0.737963 0.247917 0.742593 0.249479 0.750926 0.250000 0.763889 0.248958 0.766667 0.245312 0.764815 0.239063 0.756481 0.234896
0 0.740741 0.250000 0.733333 0.255208 0.732407 0.259896 0.734259 0.263021 0.738889 0.266667 0.744444 0.267708 0.753704 0.267188 0.761111 0.260937 0.760185 0.255208 0.753704 0.250000
0 0.716667 0.258854 0.708333 0.263542 0.707407 0.269792 0.713889 0.275000 0.726852 0.275521 0.731481 0.273438 0.736111 0.267708 0.734259 0.262500 0.729630 0.259375
0 0.690741 0.250521 0.681481 0.255729 0.682407 0.264062 0.690741 0.268750 0.700000 0.268229 0.710185 0.262500 0.710185 0.255729 0.705556 0.252604
0 0.655556 0.260937 0.647222 0.264583 0.648148 0.271354 0.658333 0.274479 0.664815 0.275000 0.673148 0.270833 0.675926 0.266667 0.668519 0.262500
0 0.662963 0.243750 0.658333 0.245833 0.654630 0.252083 0.654630 0.256771 0.662037 0.261458 0.670370 0.261979 0.675926 0.260417 0.679630 0.257292 0.679630 0.251042 0.670370 0.244792
0 0.639815 0.261458 0.635185 0.260417 0.629630 0.261458 0.625000 0.264062 0.617593 0.271354 0.620370 0.275521 0.635185 0.276562 0.645370 0.272917 0.647222 0.271354 0.646296 0.266146
0 0.600000 0.261458 0.590741 0.263542 0.587037 0.265625 0.584259 0.269271 0.584259 0.272917 0.590741 0.278646 0.602778 0.280208 0.606481 0.279687 0.612963 0.275521 0.612963 0.268229 0.611111 0.264583 0.607407 0.262500
0 0.551852 0.261979 0.546296 0.266667 0.548148 0.273438 0.556481 0.277604 0.566667 0.277083 0.574074 0.271875 0.573148 0.264583 0.566667 0.261458
0 0.471296 0.265104 0.468519 0.272396 0.470370 0.276042 0.475000 0.278646 0.490741 0.278646 0.500926 0.271875 0.499074 0.268229 0.493519 0.264583 0.475000 0.264062
0 0.502778 0.257292 0.494444 0.263542 0.497222 0.267708 0.507407 0.271875 0.519444 0.270833 0.524074 0.265625 0.524074 0.260937 0.521296 0.257292 0.515741 0.256250
0 0.537037 0.251563 0.529630 0.252604 0.525926 0.254688 0.523148 0.260937 0.527778 0.267188 0.539815 0.268750 0.550000 0.263021 0.550000 0.255208 0.547222 0.253125
0 0.560185 0.237500 0.550926 0.238021 0.544444 0.243229 0.544444 0.248958 0.551852 0.254167 0.562037 0.253125 0.570370 0.248438 0.571296 0.244271 0.568519 0.240104
0 0.571296 0.247396 0.562963 0.252083 0.562037 0.256250 0.564815 0.259896 0.572222 0.262500 0.587037 0.263542 0.589815 0.255729 0.586111 0.249479 0.580556 0.246875
0 0.605556 0.241146 0.599074 0.243229 0.593519 0.246875 0.590741 0.252604 0.593519 0.256771 0.599074 0.259896 0.611111 0.261458 0.616667 0.260417 0.622222 0.256771 0.622222 0.251042 0.611111 0.241146
0 0.642593 0.238021 0.628704 0.243750 0.626852 0.246354 0.626852 0.252083 0.636111 0.257292 0.643519 0.257292 0.651852 0.255208 0.656481 0.248958 0.653704 0.242188
0 0.675000 0.235937 0.667593 0.240104 0.667593 0.244271 0.676852 0.250000 0.687037 0.251042 0.693519 0.247917 0.696296 0.244792 0.695370 0.239063 0.687037 0.234896
0 0.718519 0.236458 0.708333 0.240104 0.705556 0.243750 0.706481 0.247917 0.712037 0.252604 0.725000 0.253646 0.734259 0.249479 0.735185 0.242708 0.727778 0.238021
0 0.741667 0.223438 0.731481 0.223438 0.719444 0.228125 0.719444 0.233854 0.722222 0.236458 0.734259 0.239063 0.745370 0.234375 0.747222 0.228125
0 0.891667 0.223958 0.884259 0.225000 0.879630 0.227083 0.877778 0.233854 0.886111 0.240104 0.895370 0.241146 0.906481 0.236979 0.907407 0.228125 0.900926 0.224479
0 0.857407 0.222917 0.848148 0.228646 0.849074 0.234375 0.857407 0.239063 0.869444 0.238021 0.877778 0.233854 0.877778 0.228125 0.868519 0.223438
0 0.834259 0.212500 0.828704 0.217188 0.828704 0.225000 0.836111 0.228125 0.850926 0.227083 0.857407 0.221875 0.855556 0.216146 0.840741 0.212500
0 0.803704 0.225521 0.800000 0.227604 0.801852 0.233854 0.806481 0.236979 0.815741 0.239063 0.823148 0.238542 0.826852 0.236979 0.829630 0.233854 0.829630 0.227083 0.826852 0.224479 0.813889 0.223438
0 0.751852 0.217708 0.748148 0.220312 0.747222 0.223438 0.749074 0.228646 0.757407 0.231771 0.767593 0.231771 0.771296 0.230729 0.777778 0.225000 0.775000 0.218750 0.763889 0.216667
0 0.747222 0.202604 0.736111 0.204687 0.730556 0.208854 0.731481 0.214062 0.736111 0.217708 0.741667 0.219271 0.752778 0.218229 0.758333 0.214062 0.759259 0.208333 0.757407 0.205729
0 0.652778 0.225521 0.645370 0.228125 0.641667 0.232292 0.641667 0.234896 0.647222 0.240104 0.656481 0.242188 0.664815 0.239583 0.671296 0.233333 0.671296 0.228646 0.668519 0.227083
0 0.618519 0.225521 0.607407 0.231771 0.608333 0.236979 0.618519 0.241667 0.630556 0.242708 0.635185 0.241146 0.640741 0.236458 0.639815 0.231250 0.637037 0.228125 0.630556 0.225000
0 0.684259 0.224479 0.686111 0.232813 0.689815 0.235417 0.696296 0.236979 0.707407 0.234896 0.713889 0.229687 0.712963 0.224479 0.705556 0.222396 0.689815 0.221875
0 0.705556 0.201042 0.701852 0.203646 0.701852 0.209896 0.703704 0.211979 0.711111 0.215104 0.720370 0.215104 0.726852 0.213021 0.729630 0.209896 0.729630 0.204167 0.726852 0.201042 0.721296 0.199479 0.712037 0.199479
0 0.637963 0.208854 0.632407 0.209896 0.627778 0.212500 0.625000 0.217708 0.627778 0.221875 0.631481 0.223958 0.643519 0.226562 0.653704 0.223438 0.656481 0.220312 0.657407 0.215104 0.651852 0.209896
0 0.595370 0.210417 0.586111 0.216667 0.586111 0.220833 0.597222 0.226042 0.611111 0.226042 0.616667 0.222917 0.618519 0.219792 0.618519 0.215625 0.615741 0.212500 0.609259 0.209896
0 0.564815 0.215104 0.556481 0.219792 0.556481 0.226042 0.562037 0.230729 0.575000 0.231771 0.584259 0.226562 0.584259 0.220312 0.581481 0.217708 0.574074 0.215104
0 0.527778 0.235417 0.520370 0.236979 0.515741 0.239583 0.513889 0.245833 0.515741 0.248958 0.523148 0.252083 0.532407 0.252604 0.539815 0.250000 0.544444 0.240104 0.539815 0.236979
0 0.480556 0.246354 0.473148 0.248958 0.471296 0.256250 0.476852 0.263021 0.491667 0.264062 0.499074 0.259896 0.500000 0.252604 0.490741 0.247396
0 0.451852 0.252604 0.447222 0.256771 0.448148 0.263542 0.451852 0.266667 0.463889 0.267188 0.474074 0.263542 0.474074 0.258333 0.470370 0.253646 0.464815 0.252083
0 0.775926 0.201563 0.772222 0.202083 0.762963 0.207813 0.762963 0.213021 0.765741 0.216667 0.774074 0.218750 0.785185 0.216667 0.788889 0.214062 0.788889 0.208333 0.782407 0.203125
0 0.788889 0.225000 0.776852 0.226562 0.771296 0.231771 0.772222 0.240104 0.779630 0.243750 0.789815 0.243750 0.793519 0.242708 0.800000 0.236458 0.800926 0.231250 0.799074 0.228646
0 0.674074 0.209896 0.667593 0.214062 0.666667 0.217188 0.668519 0.220833 0.675926 0.224479 0.684259 0.224479 0.693519 0.219792 0.693519 0.213542 0.690741 0.210938 0.685185 0.209375
0 0.662963 0.190104 0.656481 0.191667 0.649074 0.196875 0.649074 0.202083 0.654630 0.207292 0.666667 0.208333 0.675926 0.205208 0.679630 0.201563 0.680556 0.196875 0.674074 0.191667
0 0.690741 0.184375 0.684259 0.187500 0.681481 0.190625 0.681481 0.198437 0.689815 0.202083 0.699074 0.201563 0.705556 0.199479 0.710185 0.195312 0.709259 0.188021 0.706481 0.185938 0.700000 0.184375
0 0.734259 0.182812 0.722222 0.182812 0.714815 0.186979 0.712963 0.189583 0.713889 0.194792 0.719444 0.198958 0.724074 0.200000 0.731481 0.199479 0.739815 0.195833 0.741667 0.193750 0.741667 0.188021
0 0.760185 0.189062 0.752778 0.190625 0.745370 0.194792 0.744444 0.201042 0.750926 0.204687 0.762037 0.206771 0.772222 0.202604 0.775926 0.196875 0.773148 0.192708 0.768519 0.190104
0 0.770370 0.183333 0.764815 0.185417 0.763889 0.189583 0.770370 0.192708 0.774074 0.198437 0.781481 0.198437 0.786111 0.195312 0.788889 0.184896 0.783333 0.182812
0 0.793519 0.188542 0.787963 0.191146 0.786111 0.193750 0.786111 0.197917 0.789815 0.201563 0.798148 0.203646 0.802778 0.203646 0.810185 0.201563 0.815741 0.195833 0.815741 0.191667 0.807407 0.188542
0 0.698148 0.167187 0.690741 0.169792 0.687963 0.173958 0.689815 0.182292 0.692593 0.183854 0.706481 0.185417 0.716667 0.180729 0.717593 0.172917 0.713889 0.168750
0 0.583333 0.172396 0.573148 0.177083 0.572222 0.182292 0.579630 0.188021 0.594444 0.189062 0.600000 0.186458 0.602778 0.182812 0.600926 0.176042 0.594444 0.172917
0 0.627778 0.190625 0.620370 0.195312 0.618519 0.200000 0.619444 0.204687 0.625926 0.208333 0.636111 0.208333 0.646296 0.203646 0.648148 0.196875 0.641667 0.192188 0.636111 0.190625
0 0.662963 0.173958 0.659259 0.177083 0.658333 0.180729 0.662037 0.188021 0.669444 0.189583 0.681481 0.188021 0.685185 0.184375 0.685185 0.180729 0.681481 0.176563 0.672222 0.172917
0 0.614815 0.159896 0.610185 0.164062 0.609259 0.170313 0.622222 0.179167 0.628704 0.179688 0.637963 0.173437 0.637963 0.164062 0.631481 0.159375
0 0.632407 0.145833 0.621296 0.144271 0.612037 0.147396 0.608333 0.153125 0.611111 0.158854 0.613889 0.159896 0.621296 0.158854 0.628704 0.159375 0.634259 0.157812 0.636111 0.154167 0.635185 0.148958
0 0.592593 0.153125 0.582407 0.157292 0.580556 0.164583 0.587963 0.170833 0.598148 0.171875 0.608333 0.167708 0.611111 0.161458 0.604630 0.155208
0 0.587963 0.139063 0.575926 0.140104 0.567593 0.145313 0.568519 0.150521 0.578704 0.155729 0.585185 0.155729 0.590741 0.154167 0.597222 0.146875 0.595370 0.142187
0 0.649074 0.159896 0.638889 0.164062 0.637963 0.170313 0.639815 0.172917 0.645370 0.175521 0.656481 0.176563 0.663889 0.172396 0.664815 0.164583 0.658333 0.160417
0 0.676852 0.155208 0.665741 0.160938 0.666667 0.166667 0.673148 0.170833 0.685185 0.172396 0.695370 0.168229 0.698148 0.162500 0.697222 0.159896 0.692593 0.156250
0 0.690741 0.140104 0.680556 0.145833 0.680556 0.153646 0.690741 0.156250 0.698148 0.155729 0.703704 0.153125 0.706481 0.146354 0.700000 0.141146
0 0.662037 0.142187 0.654630 0.143750 0.650926 0.145833 0.650000 0.152604 0.653704 0.158333 0.658333 0.160417 0.663889 0.160938 0.678704 0.154167 0.679630 0.148438 0.678704 0.146354 0.673148 0.143750
0 0.640741 0.131250 0.640741 0.139063 0.648148 0.144271 0.657407 0.143750 0.665741 0.141146 0.666667 0.133854 0.662963 0.131250 0.651852 0.128646 0.648148 0.128646
0 0.675000 0.127083 0.667593 0.131250 0.666667 0.138542 0.674074 0.142708 0.684259 0.142708 0.692593 0.139063 0.694444 0.135417 0.693519 0.130729 0.684259 0.127083
0 0.702778 0.131771 0.698148 0.134375 0.696296 0.139063 0.704630 0.145313 0.712963 0.145833 0.719444 0.144271 0.725000 0.140104 0.724074 0.133854 0.712037 0.131250
0 0.708333 0.154167 0.703704 0.156250 0.699074 0.161458 0.698148 0.166146 0.712963 0.168750 0.719444 0.168750 0.724074 0.163542 0.723148 0.157292 0.717593 0.154688
0 0.744444 0.170313 0.731481 0.168229 0.721296 0.171354 0.718519 0.173437 0.717593 0.177604 0.719444 0.181250 0.725000 0.182812 0.740741 0.181250 0.746296 0.173958
0 0.729630 0.153125 0.724074 0.157292 0.725000 0.164583 0.730556 0.168229 0.747222 0.169792 0.751852 0.167187 0.754630 0.163021 0.754630 0.158854 0.751852 0.155208 0.744444 0.152083
0 0.748148 0.138542 0.741667 0.136458 0.731481 0.136458 0.722222 0.141146 0.719444 0.147396 0.724074 0.153646 0.740741 0.152083 0.750926 0.146875 0.750926 0.142187
0 0.768519 0.143750 0.757407 0.144271 0.749074 0.148958 0.749074 0.154167 0.758333 0.160938 0.768519 0.160417 0.776852 0.154688 0.776852 0.147396 0.773148 0.144792
0 0.762037 0.167708 0.752778 0.168750 0.748148 0.171354 0.743519 0.177604 0.742593 0.182292 0.746296 0.185938 0.751852 0.188021 0.763889 0.186979 0.769444 0.182292 0.770370 0.173437 0.768519 0.170313
0 0.788889 0.162500 0.778704 0.164062 0.771296 0.168750 0.772222 0.175000 0.777778 0.178646 0.782407 0.179688 0.788889 0.179688 0.795370 0.178125 0.798148 0.176042 0.797222 0.166667
0 0.808333 0.166667 0.800926 0.170313 0.800926 0.176042 0.810185 0.180729 0.818519 0.181250 0.823148 0.180208 0.826852 0.175521 0.824074 0.169792 0.816667 0.166146
0 0.809259 0.151562 0.800926 0.152083 0.789815 0.157812 0.788889 0.162500 0.793519 0.165625 0.800926 0.167708 0.815741 0.165625 0.819444 0.161458 0.819444 0.156771
0 0.849074 0.141146 0.833333 0.141146 0.825926 0.146354 0.826852 0.153125 0.837037 0.158854 0.849074 0.157292 0.854630 0.154688 0.855556 0.145313
0 0.868519 0.158333 0.860185 0.156250 0.854630 0.156250 0.846296 0.158333 0.841667 0.161979 0.840741 0.169792 0.849074 0.173437 0.858333 0.173437 0.867593 0.170313 0.870370 0.162500
0 0.863889 0.170833 0.855556 0.174479 0.855556 0.182812 0.863889 0.188021 0.872222 0.190104 0.877778 0.187500 0.882407 0.182292 0.883333 0.177083 0.876852 0.171354
0 0.852778 0.174479 0.844444 0.170833 0.835185 0.171354 0.826852 0.176042 0.822222 0.181250 0.824074 0.184375 0.826852 0.185938 0.834259 0.186979 0.845370 0.186458 0.853704 0.182292
0 0.827778 0.189583 0.820370 0.192188 0.817593 0.195833 0.817593 0.199479 0.825000 0.204167 0.837037 0.204687 0.843519 0.201563 0.844444 0.196354 0.842593 0.193229 0.837037 0.190104
0 0.816667 0.201042 0.806481 0.202083 0.801852 0.204687 0.800000 0.208854 0.800926 0.214062 0.811111 0.218229 0.819444 0.217708 0.827778 0.213021 0.826852 0.204687 0.822222 0.202083
0 0.845370 0.186979 0.842593 0.191146 0.845370 0.200000 0.851852 0.203125 0.864815 0.204167 0.873148 0.198958 0.873148 0.192188 0.861111 0.185938 0.855556 0.185417
0 0.834259 0.206771 0.826574 0.211042 0.833333 0.210938 0.838889 0.213542 0.850000 0.216146 0.857407 0.216146 0.861111 0.214062 0.862963 0.210938 0.862037 0.204167 0.846296 0.202604
0 0.870370 0.202083 0.863889 0.206250 0.862037 0.213542 0.867593 0.218229 0.880556 0.219271 0.888889 0.215104 0.891667 0.207292 0.885185 0.201563
0 0.899074 0.190625 0.888889 0.192188 0.879630 0.197396 0.878704 0.201563 0.885185 0.203125 0.891667 0.207292 0.900926 0.206771 0.907407 0.203125 0.908333 0.195833 0.906481 0.192188
0 0.902778 0.177083 0.899074 0.176042 0.886111 0.177083 0.875000 0.190104 0.884259 0.192708 0.894444 0.192708 0.902778 0.191146 0.907407 0.186979 0.907407 0.181771
0 0.901852 0.161979 0.888889 0.161979 0.881481 0.164583 0.876852 0.170313 0.885185 0.177604 0.900000 0.176563 0.903704 0.175000 0.906481 0.171354 0.906481 0.165625
0 0.903704 0.146875 0.900000 0.145833 0.890741 0.146354 0.885185 0.148438 0.878704 0.157812 0.884259 0.162500 0.900000 0.161458 0.904630 0.159375 0.906481 0.156771 0.906481 0.148958
0 0.869444 0.140104 0.858333 0.144792 0.856481 0.154688 0.864815 0.157812 0.875926 0.157812 0.882407 0.153646 0.886111 0.146354 0.883333 0.142187 0.878704 0.140104
0 0.877778 0.130208 0.876852 0.139583 0.885185 0.144792 0.895370 0.144792 0.903704 0.140625 0.904630 0.134375 0.900000 0.131250 0.895370 0.130208
0 0.874074 0.119271 0.873148 0.128125 0.878704 0.132292 0.900926 0.130729 0.902778 0.125000 0.897222 0.117708 0.892593 0.116146 0.883333 0.115625
0 0.867593 0.115104 0.856481 0.115104 0.848148 0.119271 0.847222 0.123958 0.854630 0.128646 0.857407 0.134896 0.864815 0.133854 0.873148 0.126562 0.874074 0.118229
0 0.848148 0.125521 0.837037 0.125521 0.825926 0.131771 0.825000 0.136458 0.829630 0.140625 0.836111 0.141667 0.849074 0.140625 0.856481 0.134896 0.855556 0.130208
0 0.827778 0.115625 0.814815 0.116667 0.809259 0.121354 0.811111 0.128646 0.822222 0.132812 0.829630 0.131250 0.840741 0.123958 0.838889 0.118750
0 0.779630 0.128646 0.769444 0.132812 0.769444 0.139583 0.776852 0.144792 0.788889 0.145313 0.796296 0.141667 0.797222 0.133333 0.794444 0.130729 0.788889 0.129167
0 0.762963 0.113542 0.752778 0.117188 0.750926 0.123958 0.760185 0.131771 0.767593 0.132812 0.775926 0.130729 0.780556 0.128125 0.781481 0.118750 0.775926 0.115104 0.769444 0.113542
0 0.736111 0.122917 0.727778 0.128646 0.728704 0.135937 0.741667 0.136979 0.752778 0.140625 0.757407 0.139583 0.760185 0.134896 0.759259 0.131250 0.751852 0.123958 0.747222 0.122396
0 0.691667 0.115104 0.684259 0.118750 0.683333 0.125000 0.685185 0.127083 0.698148 0.132812 0.707407 0.130729 0.712037 0.122917 0.710185 0.119271 0.705556 0.116667 0.700000 0.115104
0 0.680556 0.118750 0.670370 0.117188 0.656481 0.118229 0.653704 0.121354 0.652778 0.127604 0.662037 0.131771 0.670370 0.130729 0.675000 0.127604 0.682407 0.126562 0.683333 0.121875
0 0.643519 0.113021 0.635185 0.114062 0.627778 0.120313 0.627778 0.126042 0.636111 0.130729 0.642593 0.130729 0.650926 0.128125 0.653704 0.125000 0.654630 0.118750 0.650000 0.114583
0 0.603704 0.515104 0.596296 0.518229 0.595370 0.526042 0.602778 0.531250 0.614815 0.531771 0.620370 0.529687 0.624074 0.520312 0.619444 0.516146
0 0.600000 0.128125 0.589815 0.131250 0.587963 0.133333 0.587963 0.139063 0.596296 0.144792 0.608333 0.146875 0.612963 0.144792 0.614815 0.141667 0.615741 0.133333 0.610185 0.129167
0 0.566667 0.118750 0.556481 0.119792 0.550000 0.123438 0.548148 0.126562 0.551852 0.132292 0.560185 0.135937 0.569444 0.135417 0.576852 0.131250 0.576852 0.123958 0.572222 0.120313
0 0.550926 0.136458 0.542593 0.140104 0.538889 0.147396 0.544444 0.153125 0.553704 0.154167 0.563889 0.150521 0.566667 0.144792 0.565741 0.142187 0.558333 0.137500
0 0.573148 0.152083 0.563889 0.150521 0.551852 0.154167 0.548148 0.157812 0.549074 0.163542 0.553704 0.165104 0.574074 0.164583 0.576852 0.162500 0.577778 0.157292
0 0.554630 0.165104 0.549074 0.167708 0.548148 0.170833 0.553704 0.176042 0.554630 0.179688 0.557407 0.181250 0.566667 0.182812 0.570370 0.181250 0.577778 0.173958 0.576852 0.169271 0.570370 0.165104
0 0.550926 0.182812 0.544444 0.185938 0.541667 0.189062 0.542593 0.195833 0.550926 0.199479 0.560185 0.199479 0.563889 0.198437 0.568519 0.194271 0.567593 0.187500 0.559259 0.183333
0 0.536111 0.198958 0.533333 0.200521 0.534259 0.206250 0.544444 0.213021 0.553704 0.213542 0.561111 0.209896 0.561111 0.203646 0.557407 0.201042 0.545370 0.197917
0 0.572222 0.194271 0.563889 0.198958 0.562037 0.209375 0.571296 0.214062 0.580556 0.214062 0.588889 0.209896 0.589815 0.202083 0.586111 0.196875 0.582407 0.194792
0 0.521296 0.211979 0.518519 0.215625 0.521296 0.220833 0.537037 0.225521 0.546296 0.225521 0.549074 0.224479 0.550000 0.219271 0.548148 0.215104 0.541667 0.209896 0.538889 0.208854 0.530556 0.208854
0 0.510185 0.220312 0.505556 0.221354 0.500926 0.224479 0.500926 0.231250 0.505556 0.235417 0.517593 0.237500 0.525926 0.234375 0.529630 0.228646 0.529630 0.224479 0.521296 0.220833
0 0.493519 0.238542 0.488889 0.243750 0.491667 0.247917 0.501852 0.253125 0.510185 0.252604 0.514815 0.248438 0.511111 0.239063 0.505556 0.236979
0 0.468519 0.225000 0.463889 0.229167 0.462963 0.233854 0.468519 0.244271 0.473148 0.245833 0.477778 0.245833 0.489815 0.240625 0.491667 0.235937 0.489815 0.231771 0.481481 0.226042
0 0.440741 0.232813 0.433333 0.236979 0.430556 0.240104 0.431481 0.242188 0.440741 0.248438 0.447222 0.249479 0.454630 0.248958 0.462963 0.244271 0.462963 0.236458 0.454630 0.232292
0 0.446296 0.215625 0.441667 0.216667 0.437963 0.219271 0.435185 0.228646 0.439815 0.231771 0.454630 0.232292 0.462037 0.230208 0.466667 0.223958 0.460185 0.218229 0.453704 0.216146
0 0.467593 0.209375 0.462963 0.211458 0.460185 0.217188 0.462963 0.221354 0.472222 0.225521 0.483333 0.226042 0.487963 0.221875 0.487037 0.212500 0.477778 0.209375
0 0.514815 0.206250 0.508333 0.204687 0.500000 0.204687 0.492593 0.206250 0.488889 0.208333 0.486111 0.213542 0.490741 0.220833 0.503704 0.221875 0.512963 0.217708 0.516667 0.213021
0 0.531481 0.189583 0.515741 0.190104 0.508333 0.193229 0.506481 0.198958 0.510185 0.203125 0.514815 0.204687 0.524074 0.204687 0.529630 0.202083 0.532407 0.198437
0 0.548148 0.170833 0.536111 0.170313 0.531481 0.172396 0.526852 0.178125 0.525000 0.184896 0.528704 0.188542 0.532407 0.189062 0.543519 0.186979 0.553704 0.181250 0.554630 0.176042
0 0.517593 0.164062 0.506481 0.165625 0.499074 0.171354 0.500926 0.178125 0.509259 0.181771 0.522222 0.180729 0.529630 0.173958 0.528704 0.169271
0 0.530556 0.153646 0.520370 0.157812 0.517593 0.163542 0.530556 0.169792 0.540741 0.169271 0.546296 0.165625 0.546296 0.158333 0.538889 0.153646
0 0.487963 0.141667 0.486111 0.147396 0.491667 0.152083 0.495370 0.153646 0.505556 0.154688 0.516667 0.151562 0.516667 0.145833 0.510185 0.139063 0.496296 0.138021
0 0.516667 0.133854 0.512037 0.139063 0.517593 0.149479 0.523148 0.151562 0.533333 0.151042 0.539815 0.146875 0.542593 0.140104 0.541667 0.137500 0.532407 0.132812
0 0.518519 0.115104 0.512963 0.118229 0.512037 0.122396 0.516667 0.129167 0.523148 0.132812 0.532407 0.132292 0.539815 0.127604 0.539815 0.118229 0.532407 0.114583
0 0.501852 0.119271 0.490741 0.126562 0.490741 0.134375 0.494444 0.137500 0.510185 0.138021 0.515741 0.134896 0.517593 0.131250 0.512963 0.121875 0.510185 0.120313
0 0.436111 0.130208 0.432407 0.134375 0.433333 0.139063 0.444444 0.145833 0.456481 0.145313 0.459259 0.143229 0.461111 0.133854 0.458333 0.130729 0.450000 0.128646 0.442593 0.128646
0 0.468519 0.115104 0.458333 0.121354 0.458333 0.130208 0.462963 0.133333 0.482407 0.132292 0.485185 0.129167 0.483333 0.122396 0.475926 0.115625
0 0.480556 0.132812 0.466667 0.133333 0.461111 0.135937 0.459259 0.142708 0.468519 0.149479 0.478704 0.148958 0.486111 0.146354 0.487963 0.137500
0 0.476852 0.148438 0.470370 0.152083 0.469444 0.161979 0.475000 0.165625 0.483333 0.166667 0.491667 0.163021 0.493519 0.153646 0.485185 0.148438
0 0.485185 0.167187 0.476852 0.168229 0.467593 0.177083 0.468519 0.181771 0.475000 0.185417 0.485185 0.185417 0.488889 0.184375 0.495370 0.179167 0.494444 0.171875
0 0.475000 0.186458 0.466667 0.191146 0.466667 0.197917 0.473148 0.202604 0.487037 0.203125 0.495370 0.199479 0.497222 0.192708 0.487963 0.187500
0 0.445370 0.197396 0.440741 0.201042 0.440741 0.205729 0.443519 0.208854 0.450000 0.211979 0.462037 0.211979 0.468519 0.207813 0.468519 0.201042 0.466667 0.198958 0.461111 0.196354
0 0.111111 0.245833 0.105556 0.251042 0.105556 0.255729 0.109259 0.259375 0.120370 0.262500 0.130556 0.261979 0.135185 0.255208 0.128704 0.247396 0.122222 0.244792
0 0.250926 0.248958 0.250000 0.253646 0.255556 0.258854 0.262963 0.260417 0.278704 0.258854 0.279630 0.254167 0.276852 0.250521 0.267593 0.245312 0.260185 0.244271
0 0.223148 0.240625 0.217593 0.243750 0.215741 0.247396 0.216667 0.251042 0.225926 0.257292 0.240741 0.256250 0.246296 0.250521 0.243519 0.243750 0.234259 0.240104
0 0.212037 0.238542 0.204630 0.238542 0.195370 0.241146 0.192593 0.243229 0.193519 0.251042 0.204630 0.254688 0.213889 0.252604 0.215741 0.251042 0.217593 0.243750
0 0.165741 0.236979 0.161111 0.240104 0.158333 0.247396 0.159259 0.250521 0.168519 0.253646 0.187037 0.251042 0.189815 0.248438 0.188889 0.243750 0.182407 0.238542 0.174074 0.236458
0 0.189815 0.223438 0.182407 0.226042 0.180556 0.228125 0.180556 0.233854 0.187963 0.239063 0.198148 0.240104 0.208333 0.235937 0.209259 0.231771 0.206481 0.226042 0.198148 0.222917
0 0.208333 0.225000 0.207407 0.229167 0.213889 0.235937 0.220370 0.237500 0.227778 0.237500 0.234259 0.235937 0.237037 0.233333 0.237037 0.227604 0.233333 0.222917 0.226852 0.220833 0.217593 0.220833
0 0.250926 0.214583 0.244444 0.214062 0.240741 0.215104 0.235185 0.219792 0.234259 0.225000 0.238889 0.232292 0.247222 0.232292 0.254630 0.230208 0.262037 0.225000 0.259259 0.218229
0 0.270370 0.210938 0.266667 0.212500 0.262037 0.217708 0.262963 0.223958 0.271296 0.227604 0.282407 0.227604 0.287963 0.225000 0.289815 0.221875 0.288889 0.215625 0.280556 0.210938
0 0.272222 0.231250 0.267593 0.231771 0.259259 0.235937 0.258333 0.241146 0.263889 0.244792 0.275000 0.247396 0.282407 0.244792 0.286111 0.239063 0.279630 0.232813
0 0.323148 0.242188 0.312963 0.242708 0.306481 0.247396 0.307407 0.252083 0.314815 0.257292 0.328704 0.255208 0.332407 0.253125 0.331481 0.246875
0 0.301852 0.223958 0.298148 0.231250 0.300926 0.237500 0.311111 0.240104 0.323148 0.239063 0.326852 0.235417 0.325926 0.227604 0.315741 0.223438 0.307407 0.222917
0 0.310185 0.207292 0.301852 0.207292 0.289815 0.215104 0.291667 0.220833 0.301852 0.223958 0.313889 0.222396 0.319444 0.217708 0.318519 0.210938
0 0.301852 0.193750 0.299074 0.196354 0.299074 0.202083 0.302778 0.206771 0.313889 0.208854 0.319444 0.208333 0.327778 0.202083 0.325000 0.197396 0.316667 0.194271
0 0.364815 0.194271 0.357407 0.196875 0.354630 0.200000 0.354630 0.203125 0.359259 0.209375 0.370370 0.215625 0.374074 0.215625 0.383333 0.209896 0.385185 0.205729 0.384259 0.201563 0.377778 0.196354
0 0.336111 0.199479 0.326852 0.204687 0.326852 0.210417 0.336111 0.216146 0.346296 0.216146 0.352778 0.212500 0.353704 0.205208 0.346296 0.199479
0 0.350926 0.217188 0.342593 0.216667 0.336111 0.217708 0.326852 0.228125 0.327778 0.233854 0.332407 0.236458 0.344444 0.237500 0.353704 0.234375 0.356481 0.230729 0.356481 0.223958
0 0.371296 0.234896 0.363889 0.236458 0.360185 0.238542 0.358333 0.244271 0.360185 0.247396 0.371296 0.253125 0.378704 0.253125 0.385185 0.248958 0.386111 0.241667 0.379630 0.235417
0 0.416667 0.235417 0.404630 0.235937 0.398148 0.240104 0.398148 0.250000 0.402778 0.252604 0.417593 0.251042 0.425926 0.244792 0.425000 0.239583
0 0.378704 0.218750 0.374074 0.223438 0.374074 0.229167 0.381481 0.234375 0.392593 0.234375 0.400000 0.230208 0.400000 0.226562 0.390741 0.220312 0.385185 0.218750
0 0.413889 0.198958 0.405556 0.198437 0.396296 0.200000 0.389815 0.202604 0.389815 0.208854 0.396296 0.213021 0.408333 0.214062 0.415741 0.211458 0.418519 0.208333 0.418519 0.202083
0 0.414815 0.188021 0.407407 0.193229 0.407407 0.197396 0.419444 0.202083 0.434259 0.201563 0.437963 0.198958 0.438889 0.195312 0.435185 0.188021 0.429630 0.186458 0.422222 0.186458
0 0.377778 0.178125 0.368519 0.180729 0.359259 0.186458 0.357407 0.189583 0.368519 0.194792 0.382407 0.196354 0.390741 0.192708 0.391667 0.184896 0.387037 0.179167
0 0.437037 0.156771 0.436111 0.161979 0.439815 0.166667 0.443519 0.168229 0.457407 0.167187 0.464815 0.165104 0.468519 0.162500 0.467593 0.156771 0.455556 0.153125 0.442593 0.153646
0 0.422222 0.139063 0.417593 0.142708 0.422222 0.152604 0.426852 0.154688 0.437963 0.153646 0.443519 0.146875 0.440741 0.142187 0.429630 0.138021
0 0.422222 0.113021 0.413889 0.115625 0.410185 0.120833 0.410185 0.125000 0.420370 0.131250 0.428704 0.132292 0.437037 0.127604 0.438889 0.118229 0.434259 0.114062
0 0.387963 0.115625 0.381481 0.119271 0.382407 0.126562 0.396296 0.129688 0.403704 0.128646 0.409259 0.123958 0.407407 0.119271 0.400000 0.115625
0 0.382407 0.127604 0.373148 0.132292 0.373148 0.140625 0.377778 0.143750 0.389815 0.143750 0.395370 0.140625 0.396296 0.130729 0.391667 0.128125
0 0.421296 0.130729 0.413889 0.128125 0.407407 0.128125 0.400000 0.130729 0.396296 0.134896 0.396296 0.143229 0.406481 0.144792 0.417593 0.142187 0.423148 0.139063 0.423148 0.132292
0 0.414815 0.144792 0.402778 0.145313 0.397222 0.147917 0.397222 0.157812 0.405556 0.162500 0.413889 0.161458 0.423148 0.155208 0.421296 0.148958
0 0.415741 0.158854 0.412037 0.161458 0.412037 0.169792 0.421296 0.175000 0.427778 0.175521 0.436111 0.172396 0.439815 0.165625 0.437037 0.161979 0.427778 0.156771
0 0.404630 0.169271 0.393519 0.172396 0.389815 0.178125 0.391667 0.182292 0.397222 0.186458 0.410185 0.188021 0.413889 0.187500 0.419444 0.182812 0.421296 0.175000 0.412963 0.169271
0 0.375000 0.158854 0.367593 0.164583 0.369444 0.172396 0.376852 0.175521 0.390741 0.175000 0.397222 0.170313 0.396296 0.163021 0.389815 0.158854
0 0.369444 0.146875 0.367593 0.151042 0.371296 0.157292 0.375926 0.158333 0.391667 0.158333 0.394444 0.157292 0.395370 0.148438 0.389815 0.143750 0.378704 0.143229
0 0.356481 0.116146 0.351852 0.118750 0.350000 0.121875 0.353704 0.129688 0.362963 0.132292 0.372222 0.131771 0.377778 0.128125 0.378704 0.121875 0.376852 0.118750 0.368519 0.115104
0 0.350926 0.131771 0.347222 0.133854 0.345370 0.137500 0.347222 0.142708 0.350926 0.144792 0.365741 0.147396 0.371296 0.143229 0.371296 0.138021 0.367593 0.132812 0.358333 0.130729
0 0.333333 0.150000 0.334259 0.154688 0.342593 0.159896 0.359259 0.160417 0.363889 0.157292 0.364815 0.149479 0.362037 0.146875 0.348148 0.145313
0 0.347222 0.161458 0.340741 0.165104 0.340741 0.170833 0.343519 0.173958 0.350000 0.177083 0.360185 0.177604 0.367593 0.174479 0.367593 0.168750 0.364815 0.164583 0.357407 0.160938
0 0.316667 0.176042 0.310185 0.181771 0.309259 0.185938 0.311111 0.189583 0.322222 0.193750 0.336111 0.192188 0.340741 0.186458 0.337963 0.178646 0.329630 0.175521
0 0.285185 0.182292 0.278704 0.185417 0.279630 0.192708 0.287037 0.198437 0.296296 0.198958 0.300000 0.197396 0.302778 0.193750 0.305556 0.184896 0.297222 0.181771
0 0.196296 0.210417 0.193519 0.211979 0.192593 0.215104 0.196296 0.221354 0.202778 0.224479 0.211111 0.223958 0.219444 0.219271 0.218519 0.211979 0.212963 0.210417
0 0.169444 0.210938 0.161111 0.216146 0.161111 0.222917 0.167593 0.227083 0.177778 0.228125 0.184259 0.225521 0.187963 0.216667 0.179630 0.211458
0 0.151852 0.225000 0.145370 0.229167 0.143519 0.234375 0.149074 0.240104 0.158333 0.241667 0.170370 0.236458 0.171296 0.230208 0.169444 0.227604 0.163889 0.225000
0 0.133333 0.217188 0.120370 0.224479 0.121296 0.228646 0.134259 0.234375 0.142593 0.233854 0.148148 0.228646 0.147222 0.220833 0.142593 0.217188
0 0.115741 0.208854 0.103704 0.210417 0.098148 0.213021 0.095370 0.216146 0.100926 0.223958 0.107407 0.227083 0.118519 0.225521 0.127778 0.218750 0.125926 0.213021
0 0.109259 0.228125 0.104630 0.232813 0.103704 0.240625 0.112963 0.244271 0.123148 0.244271 0.128704 0.242708 0.132407 0.237500 0.130556 0.232292 0.121296 0.227604
0 0.081481 0.239063 0.078704 0.244792 0.079630 0.249479 0.088889 0.253125 0.094444 0.253646 0.100926 0.252604 0.105556 0.248438 0.105556 0.243750 0.102778 0.240104 0.096296 0.237500 0.086111 0.237500
0 0.050926 0.237500 0.047222 0.240104 0.049074 0.247917 0.064815 0.254167 0.072222 0.253646 0.078704 0.248438 0.077778 0.240104 0.067593 0.235417
0 0.051852 0.217708 0.046296 0.220312 0.045370 0.225521 0.047222 0.229167 0.057407 0.234896 0.068519 0.234896 0.073148 0.229687 0.073148 0.224479 0.069444 0.218750 0.061111 0.217188
0 0.052778 0.202083 0.049074 0.204687 0.049074 0.213542 0.060185 0.217708 0.068519 0.218229 0.074074 0.217188 0.078704 0.214062 0.078704 0.207292 0.075000 0.204167 0.066667 0.201042
0 0.051852 0.185938 0.047222 0.189062 0.049074 0.197917 0.057407 0.201042 0.067593 0.201563 0.072222 0.200521 0.075926 0.197396 0.075000 0.188542 0.065741 0.184896
0 0.100000 0.191667 0.094444 0.196354 0.093519 0.202083 0.100000 0.206771 0.110185 0.208854 0.115741 0.206771 0.120370 0.201563 0.120370 0.198958 0.117593 0.195312 0.112037 0.192708
0 0.122222 0.199479 0.116667 0.204687 0.114815 0.209375 0.128704 0.215104 0.139815 0.215104 0.145370 0.211458 0.145370 0.207292 0.141667 0.201563 0.136111 0.198958 0.126852 0.198437
0 0.127778 0.184896 0.122222 0.188542 0.121296 0.192708 0.125926 0.197917 0.143519 0.200521 0.154630 0.197396 0.153704 0.190625 0.146296 0.185417 0.136111 0.183333
0 0.155556 0.196875 0.145370 0.201563 0.144444 0.206250 0.146296 0.210417 0.153704 0.213542 0.163889 0.214583 0.171296 0.211458 0.173148 0.204687 0.166667 0.197917 0.163889 0.196875
0 0.174074 0.193750 0.169444 0.196875 0.170370 0.201563 0.174074 0.205729 0.182407 0.208854 0.194444 0.208333 0.200926 0.201563 0.199074 0.195312 0.195370 0.193229 0.187963 0.191667 0.182407 0.191667
0 0.210185 0.186458 0.203704 0.189062 0.200000 0.193229 0.201852 0.200521 0.210185 0.204167 0.221296 0.204167 0.225000 0.202604 0.229630 0.193229 0.222222 0.186979
0 0.232407 0.193229 0.228704 0.194792 0.225000 0.200000 0.224074 0.206250 0.225926 0.209375 0.231481 0.212500 0.245370 0.212500 0.250926 0.209375 0.250926 0.202083 0.246296 0.196875
0 0.251852 0.193229 0.248148 0.195833 0.248148 0.201042 0.252778 0.206250 0.260185 0.208854 0.269444 0.208854 0.275000 0.204167 0.272222 0.194792 0.264815 0.191667 0.258333 0.191667
0 0.912963 0.672396 0.899074 0.671875 0.891667 0.676562 0.891667 0.683854 0.894444 0.690104 0.897222 0.691667 0.908333 0.690625 0.920370 0.683333 0.920370 0.676042
0 0.897222 0.692187 0.891667 0.696875 0.891667 0.704167 0.903704 0.709896 0.918519 0.708854 0.923148 0.705208 0.923148 0.698958 0.920370 0.694792 0.912963 0.691667 0.906481 0.690625
0 0.881481 0.704688 0.872222 0.708333 0.870370 0.711458 0.871296 0.718229 0.883333 0.722917 0.893519 0.722917 0.901852 0.719271 0.902778 0.709896 0.894444 0.705208
0 0.888889 0.723437 0.886111 0.732812 0.901852 0.738542 0.906481 0.739062 0.912037 0.737500 0.916667 0.733333 0.916667 0.730208 0.912963 0.726562 0.900000 0.721354
0 0.855556 0.724479 0.854630 0.731250 0.860185 0.736458 0.867593 0.738542 0.874074 0.738542 0.883333 0.735417 0.885185 0.728125 0.883333 0.725000 0.878704 0.722396 0.865741 0.721875
0 0.841667 0.709896 0.838889 0.711458 0.837963 0.718229 0.842593 0.722396 0.849074 0.723958 0.860185 0.723958 0.866667 0.721354 0.866667 0.715104 0.861111 0.709375 0.850000 0.707812
0 0.834259 0.721875 0.821296 0.730729 0.821296 0.734375 0.826852 0.738542 0.836111 0.740625 0.841667 0.740625 0.850000 0.736458 0.850000 0.727604 0.848148 0.725000 0.843519 0.722917
0 0.801852 0.714063 0.800000 0.716146 0.800926 0.725521 0.808333 0.729688 0.812963 0.730729 0.820370 0.730729 0.825926 0.729167 0.831481 0.723437 0.831481 0.720313 0.826852 0.716667 0.816667 0.713021
0 0.775000 0.722396 0.767593 0.729688 0.766667 0.732812 0.768519 0.736458 0.773148 0.740625 0.788889 0.740104 0.797222 0.735938 0.799074 0.728646 0.787963 0.722917 0.781481 0.721875
0 0.750926 0.716146 0.746296 0.717187 0.740741 0.720833 0.737963 0.725521 0.739815 0.729167 0.746296 0.733333 0.756481 0.733854 0.764815 0.731771 0.773148 0.725521 0.773148 0.720313 0.764815 0.716667
0 0.708333 0.722917 0.705556 0.725000 0.705556 0.728646 0.711111 0.734375 0.722222 0.738542 0.732407 0.738021 0.737963 0.733333 0.738889 0.728125 0.736111 0.724479 0.726852 0.721354 0.716667 0.721354
0 0.667593 0.717187 0.664815 0.719271 0.664815 0.725000 0.674074 0.731250 0.685185 0.732292 0.696296 0.727604 0.698148 0.723437 0.693519 0.717708 0.678704 0.715104
0 0.690741 0.735417 0.687037 0.738542 0.687037 0.742188 0.689815 0.746354 0.694444 0.748958 0.709259 0.749479 0.715741 0.747396 0.717593 0.745313 0.716667 0.739062 0.709259 0.734896 0.696296 0.733854
0 0.619444 0.724479 0.615741 0.727083 0.616667 0.734375 0.627778 0.740104 0.637963 0.740104 0.644444 0.735417 0.644444 0.728125 0.641667 0.726042 0.632407 0.723437
0 0.569444 0.713542 0.563889 0.716667 0.563889 0.725521 0.572222 0.729688 0.581481 0.729688 0.587037 0.725521 0.587963 0.720313 0.579630 0.714063 0.574074 0.713021
0 0.549074 0.710417 0.537963 0.714063 0.535185 0.720833 0.544444 0.727604 0.554630 0.727604 0.562963 0.725000 0.563889 0.715625 0.558333 0.711458
0 0.537037 0.721354 0.527778 0.720833 0.519444 0.724479 0.517593 0.732812 0.522222 0.739062 0.539815 0.736979 0.544444 0.734375 0.544444 0.727083
0 0.550000 0.728125 0.544444 0.732292 0.546296 0.738021 0.556481 0.742188 0.566667 0.742708 0.572222 0.738021 0.570370 0.729167 0.566667 0.727083 0.562037 0.726562
0 0.507407 0.708333 0.499074 0.713021 0.498148 0.720313 0.503704 0.724479 0.516667 0.724479 0.526852 0.720833 0.528704 0.715625 0.520370 0.708854
0 0.483333 0.710938 0.475926 0.709375 0.470370 0.709896 0.459259 0.714583 0.458333 0.721875 0.462963 0.725521 0.467593 0.727083 0.476852 0.727083 0.484259 0.723437 0.487963 0.719792 0.488889 0.714583
0 0.453704 0.695833 0.442593 0.698958 0.439815 0.702604 0.439815 0.708854 0.444444 0.712500 0.457407 0.714583 0.462963 0.713542 0.470370 0.709896 0.472222 0.704167 0.465741 0.697917
0 0.441667 0.710938 0.430556 0.712500 0.425926 0.716146 0.425926 0.722917 0.433333 0.727083 0.440741 0.727604 0.446296 0.726562 0.453704 0.722396 0.451852 0.714583
0 0.439815 0.729167 0.426852 0.729167 0.421296 0.732292 0.421296 0.740625 0.426852 0.745313 0.444444 0.743229 0.450000 0.740104 0.450000 0.735938 0.447222 0.732812
0 0.505556 0.729688 0.495370 0.730208 0.487963 0.732292 0.483333 0.735938 0.485185 0.743229 0.493519 0.748437 0.506481 0.747396 0.512963 0.743750 0.514815 0.740625 0.513889 0.735417
0 0.537963 0.694792 0.528704 0.694792 0.520370 0.702083 0.521296 0.709375 0.524074 0.712500 0.530556 0.714583 0.545370 0.711458 0.549074 0.706250 0.547222 0.698958
0 0.503704 0.686458 0.496296 0.689583 0.496296 0.693750 0.506481 0.702083 0.520370 0.702083 0.525000 0.698958 0.527778 0.694271 0.525926 0.689063 0.518519 0.686458
0 0.493519 0.672396 0.487963 0.672396 0.482407 0.673958 0.478704 0.681250 0.483333 0.689063 0.488889 0.690625 0.500000 0.688542 0.507407 0.683333 0.506481 0.676562 0.501852 0.673958
0 0.476852 0.682292 0.466667 0.682813 0.454630 0.686458 0.453704 0.690625 0.456481 0.694792 0.468519 0.698958 0.476852 0.696875 0.482407 0.693750 0.484259 0.690104 0.481481 0.684375
0 0.468519 0.667708 0.456481 0.667708 0.446296 0.672917 0.447222 0.678646 0.454630 0.683854 0.468519 0.682813 0.474074 0.679688 0.475000 0.672917
0 0.475000 0.655208 0.467593 0.658854 0.466667 0.666146 0.475000 0.671875 0.485185 0.672396 0.496296 0.666146 0.498148 0.662500 0.497222 0.658333 0.487963 0.655729
0 0.489815 0.641667 0.485185 0.645833 0.487963 0.654167 0.493519 0.656771 0.501852 0.658333 0.511111 0.656771 0.515741 0.651563 0.514815 0.645833 0.503704 0.641667
0 0.497222 0.623437 0.488889 0.625000 0.480556 0.630729 0.481481 0.636979 0.487037 0.640625 0.492593 0.641667 0.503704 0.640625 0.509259 0.635417 0.507407 0.628646 0.502778 0.624479
0 0.516667 0.610417 0.510185 0.613542 0.507407 0.616667 0.507407 0.623437 0.515741 0.626563 0.525000 0.627083 0.532407 0.623958 0.535185 0.619271 0.532407 0.613542 0.525926 0.610417
0 0.470370 0.601042 0.465741 0.605729 0.465741 0.609375 0.469444 0.614062 0.477778 0.616146 0.485185 0.616146 0.489815 0.614583 0.494444 0.607812 0.491667 0.602604 0.486111 0.600521
0 0.467593 0.615625 0.461111 0.618750 0.458333 0.623958 0.461111 0.627604 0.467593 0.631250 0.475926 0.632292 0.480556 0.631250 0.487963 0.627083 0.487963 0.620313 0.482407 0.616146
0 0.439815 0.606771 0.436111 0.610938 0.436111 0.615625 0.439815 0.620313 0.447222 0.621875 0.456481 0.621354 0.463889 0.616146 0.462963 0.610417 0.455556 0.606250
0 0.450926 0.622396 0.442593 0.622396 0.437037 0.623958 0.430556 0.629687 0.430556 0.635417 0.438889 0.640625 0.450926 0.639062 0.458333 0.634375 0.459259 0.630729 0.457407 0.626042
0 0.455556 0.641667 0.453704 0.646875 0.467593 0.653646 0.475926 0.654687 0.484259 0.651563 0.484259 0.642708 0.479630 0.639583 0.466667 0.638542
0 0.482407 0.693750 0.475926 0.697917 0.475926 0.705729 0.482407 0.710938 0.491667 0.711979 0.500926 0.709375 0.503704 0.701042 0.496296 0.694792
0 0.589815 0.701562 0.577778 0.705208 0.576852 0.713021 0.587963 0.720313 0.592593 0.721875 0.597222 0.721875 0.600926 0.720833 0.603704 0.716667 0.603704 0.707812 0.601852 0.704688 0.597222 0.702083
0 0.588889 0.690625 0.576852 0.689583 0.568519 0.691146 0.564815 0.693229 0.562963 0.697917 0.565741 0.701562 0.571296 0.704688 0.580556 0.705208 0.593519 0.701042 0.593519 0.695312
0 0.558333 0.676562 0.556481 0.682813 0.564815 0.688542 0.570370 0.690104 0.575926 0.690104 0.585185 0.687500 0.587037 0.680729 0.582407 0.678125 0.566667 0.675521
0 0.537963 0.668229 0.528704 0.672917 0.526852 0.676562 0.527778 0.680729 0.534259 0.684896 0.546296 0.685417 0.555556 0.680729 0.557407 0.673958 0.550000 0.668750
0 0.509259 0.656771 0.499074 0.660417 0.497222 0.666146 0.506481 0.673438 0.513889 0.675521 0.519444 0.675521 0.526852 0.670312 0.525926 0.663021 0.518519 0.657292
0 0.550926 0.611979 0.547222 0.614583 0.546296 0.618750 0.549074 0.621875 0.558333 0.626042 0.571296 0.625000 0.575926 0.619792 0.572222 0.614062 0.562963 0.609896 0.556481 0.609896
0 0.579630 0.605729 0.575000 0.607812 0.573148 0.610417 0.575926 0.618229 0.586111 0.621875 0.595370 0.620833 0.600926 0.615625 0.601852 0.610417 0.600000 0.608333 0.591667 0.605208
0 0.605556 0.610417 0.600000 0.616146 0.600000 0.619792 0.603704 0.625000 0.606481 0.626563 0.614815 0.626563 0.621296 0.625000 0.625000 0.622917 0.625926 0.619792 0.624074 0.613021 0.614815 0.609896
0 0.632407 0.594271 0.625926 0.598958 0.625926 0.603646 0.631481 0.607812 0.648148 0.610417 0.655556 0.609375 0.657407 0.608333 0.657407 0.602604 0.653704 0.597917 0.642593 0.593750
0 0.673148 0.596354 0.669444 0.599479 0.670370 0.605729 0.683333 0.609896 0.693519 0.609375 0.700000 0.604167 0.700000 0.598437 0.691667 0.594792 0.679630 0.594792
0 0.712037 0.603646 0.705556 0.607292 0.704630 0.611979 0.713889 0.619792 0.725926 0.619792 0.734259 0.615104 0.737037 0.611979 0.737037 0.607812 0.735185 0.606250 0.726852 0.604167
0 0.757407 0.608333 0.755556 0.610417 0.756481 0.615104 0.764815 0.621354 0.775000 0.621875 0.784259 0.618750 0.786111 0.616667 0.784259 0.607812 0.770370 0.606250
0 0.787963 0.607292 0.787037 0.614583 0.791667 0.618750 0.803704 0.620833 0.809259 0.620833 0.813889 0.618750 0.813889 0.609896 0.810185 0.605729 0.800926 0.603646
0 0.841667 0.614583 0.837963 0.617708 0.837963 0.623958 0.840741 0.626563 0.849074 0.628646 0.860185 0.628125 0.864815 0.623437 0.862037 0.616146 0.853704 0.613542
0 0.813889 0.620313 0.809259 0.622917 0.808333 0.626563 0.812963 0.632292 0.820370 0.633854 0.832407 0.633854 0.835185 0.632812 0.837963 0.629687 0.837037 0.623437 0.833333 0.621354 0.824074 0.619271
0 0.804630 0.626042 0.795370 0.623958 0.786111 0.625521 0.780556 0.629687 0.782407 0.636979 0.787037 0.639062 0.800926 0.639062 0.810185 0.635417 0.810185 0.630729
0 0.813889 0.633854 0.803704 0.638542 0.801852 0.641667 0.802778 0.646354 0.811111 0.651042 0.825000 0.651042 0.833333 0.645833 0.832407 0.640104 0.826852 0.635938
0 0.842593 0.634375 0.835185 0.641146 0.835185 0.646875 0.841667 0.649479 0.858333 0.652083 0.865741 0.646875 0.863889 0.638542 0.856481 0.634375
0 0.828704 0.650000 0.827778 0.655729 0.829630 0.658333 0.834259 0.659896 0.848148 0.658854 0.854630 0.655208 0.853704 0.651563 0.841667 0.647917 0.834259 0.647396
0 0.870370 0.647917 0.860185 0.652083 0.858333 0.658854 0.870370 0.668229 0.878704 0.668750 0.889815 0.661458 0.890741 0.654167 0.882407 0.648438
0 0.849074 0.668750 0.845370 0.681250 0.848148 0.683333 0.851852 0.684375 0.862963 0.684375 0.874074 0.681250 0.876852 0.678125 0.875926 0.674479 0.868519 0.669271 0.859259 0.667188
0 0.824074 0.664583 0.816667 0.669792 0.816667 0.673958 0.821296 0.680208 0.833333 0.683333 0.843519 0.681771 0.848148 0.677083 0.846296 0.669271 0.835185 0.664583
0 0.810185 0.681250 0.804630 0.683854 0.802778 0.689583 0.812037 0.696875 0.824074 0.698958 0.834259 0.693750 0.835185 0.684896 0.833333 0.683333 0.823148 0.680729
0 0.836111 0.691667 0.825000 0.698438 0.825000 0.704688 0.837037 0.710417 0.844444 0.709896 0.852778 0.707292 0.853704 0.701042 0.843519 0.693229
0 0.856481 0.685417 0.847222 0.693750 0.854630 0.698958 0.862037 0.701042 0.874074 0.700000 0.877778 0.697917 0.877778 0.692708 0.873148 0.686979 0.865741 0.684375
0 0.800926 0.696354 0.792593 0.697917 0.788889 0.700000 0.787963 0.705729 0.793519 0.711458 0.803704 0.713542 0.813889 0.711458 0.818519 0.704167 0.812963 0.698958
0 0.766667 0.701562 0.762963 0.704167 0.762963 0.711979 0.765741 0.716146 0.773148 0.719792 0.783333 0.719271 0.789815 0.716146 0.791667 0.713542 0.790741 0.708854 0.787037 0.704167 0.775000 0.700521
0 0.767593 0.681250 0.762037 0.685417 0.763889 0.689583 0.780556 0.696875 0.790741 0.696875 0.794444 0.690625 0.792593 0.683854 0.783333 0.679688 0.772222 0.679688
0 0.780556 0.660417 0.774074 0.665104 0.775000 0.670833 0.786111 0.675000 0.799074 0.673958 0.803704 0.671354 0.803704 0.666146 0.800926 0.663021 0.793519 0.660417
0 0.785185 0.645312 0.779630 0.649479 0.781481 0.658333 0.792593 0.660417 0.802778 0.660417 0.810185 0.655729 0.807407 0.648958 0.801852 0.645312 0.797222 0.644271
0 0.760185 0.631771 0.750926 0.636979 0.753704 0.644792 0.759259 0.647917 0.765741 0.648958 0.776852 0.647917 0.781481 0.645833 0.782407 0.638542 0.779630 0.635417 0.767593 0.631250
0 0.746296 0.616146 0.740741 0.617708 0.735185 0.621875 0.738889 0.631250 0.744444 0.633854 0.754630 0.634375 0.764815 0.630729 0.766667 0.628646 0.765741 0.622396 0.759259 0.617188
0 0.712037 0.621354 0.703704 0.627083 0.707407 0.634896 0.720370 0.638021 0.727778 0.638021 0.733333 0.636458 0.737037 0.631771 0.737037 0.627083 0.733333 0.622917 0.725926 0.620313
0 0.688889 0.611458 0.685185 0.614583 0.681481 0.623437 0.684259 0.625000 0.699074 0.626563 0.708333 0.623958 0.711111 0.621354 0.711111 0.617188 0.706481 0.613021 0.699074 0.610938
0 0.657407 0.608333 0.653704 0.610938 0.653704 0.616146 0.655556 0.619792 0.659259 0.621875 0.673148 0.622917 0.681481 0.620833 0.685185 0.614062 0.684259 0.610938 0.680556 0.608333 0.671296 0.606250
0 0.634259 0.609375 0.625926 0.613542 0.625926 0.622917 0.631481 0.625521 0.642593 0.626042 0.652778 0.621354 0.653704 0.614062 0.643519 0.609375
0 0.610185 0.627083 0.606481 0.631250 0.608333 0.637500 0.611111 0.639062 0.628704 0.640625 0.637037 0.635417 0.637037 0.630208 0.629630 0.625000 0.620370 0.624479
0 0.588889 0.623437 0.578704 0.630208 0.578704 0.636458 0.586111 0.641146 0.598148 0.641667 0.605556 0.638542 0.606481 0.629167 0.597222 0.623958
0 0.563889 0.625521 0.557407 0.626563 0.551852 0.629167 0.550000 0.635417 0.552778 0.640104 0.557407 0.642708 0.566667 0.644271 0.571296 0.643229 0.577778 0.639062 0.577778 0.632292 0.569444 0.626042
0 0.559259 0.643229 0.546296 0.644271 0.541667 0.650521 0.544444 0.659896 0.550926 0.662500 0.562037 0.659896 0.569444 0.654687 0.569444 0.646875 0.567593 0.645312
0 0.569444 0.660417 0.561111 0.664062 0.556481 0.668750 0.556481 0.671354 0.562963 0.675521 0.581481 0.677604 0.589815 0.673958 0.591667 0.669792 0.583333 0.662500 0.574074 0.659896
0 0.580556 0.644792 0.572222 0.647917 0.571296 0.653125 0.572222 0.655208 0.579630 0.659896 0.587037 0.662500 0.599074 0.656771 0.600000 0.649479 0.594444 0.645312
0 0.607407 0.639062 0.599074 0.642708 0.598148 0.647396 0.603704 0.653646 0.614815 0.656250 0.626852 0.651042 0.627778 0.646354 0.625926 0.642188 0.623148 0.640625
0 0.636111 0.636979 0.630556 0.639583 0.628704 0.642188 0.632407 0.650521 0.641667 0.654167 0.649074 0.653646 0.657407 0.651042 0.659259 0.648958 0.659259 0.641667 0.647222 0.636979
0 0.640741 0.627083 0.642593 0.634375 0.650000 0.638021 0.654630 0.639062 0.663889 0.638542 0.671296 0.634896 0.672222 0.630208 0.667593 0.626042 0.662037 0.623958 0.649074 0.623437
0 0.676852 0.626563 0.673148 0.629687 0.673148 0.635417 0.675000 0.637500 0.684259 0.640625 0.691667 0.641146 0.700000 0.634896 0.697222 0.628125 0.692593 0.626042 0.687037 0.625521
0 0.701852 0.635417 0.692593 0.639583 0.691667 0.647396 0.696296 0.651042 0.703704 0.653125 0.714815 0.652604 0.721296 0.646875 0.720370 0.641667 0.712037 0.636458
0 0.737037 0.635417 0.725926 0.639583 0.723148 0.642188 0.723148 0.646354 0.731481 0.651042 0.740741 0.652083 0.750000 0.649479 0.751852 0.647396 0.751852 0.641667 0.748148 0.637500
0 0.746296 0.653646 0.745370 0.658854 0.761111 0.664583 0.775000 0.664583 0.779630 0.660937 0.779630 0.653646 0.771296 0.648958 0.760185 0.647917
0 0.707407 0.656771 0.708333 0.664583 0.717593 0.668229 0.726852 0.668229 0.741667 0.662500 0.738889 0.657813 0.725926 0.654167 0.713889 0.653646 0.710185 0.654167
0 0.747222 0.665104 0.735185 0.666146 0.728704 0.669271 0.725000 0.673438 0.726852 0.679167 0.733333 0.682292 0.746296 0.682292 0.754630 0.678646 0.754630 0.670833
0 0.729630 0.685937 0.721296 0.692187 0.721296 0.700000 0.725000 0.703646 0.728704 0.704688 0.742593 0.704688 0.750926 0.701042 0.750926 0.694271 0.745370 0.689583 0.734259 0.685937
0 0.720370 0.706250 0.717593 0.708854 0.719444 0.719271 0.723148 0.721354 0.729630 0.722396 0.739815 0.721875 0.746296 0.717187 0.746296 0.711458 0.744444 0.709375 0.735185 0.705208 0.724074 0.705208
0 0.670370 0.701042 0.672222 0.707292 0.680556 0.714063 0.692593 0.715625 0.701852 0.711979 0.703704 0.706250 0.699074 0.701562 0.686111 0.698958 0.677778 0.698958
0 0.689815 0.683854 0.682407 0.687500 0.680556 0.694271 0.687037 0.698958 0.699074 0.701042 0.708333 0.694792 0.709259 0.690625 0.704630 0.685937 0.698148 0.683854
0 0.694444 0.670312 0.693519 0.678125 0.699074 0.682813 0.703704 0.684375 0.713889 0.684375 0.723148 0.680208 0.724074 0.673438 0.719444 0.669271 0.712963 0.667188 0.703704 0.667188
0 0.698148 0.652083 0.685185 0.653125 0.676852 0.657292 0.677778 0.664062 0.690741 0.669792 0.699074 0.668750 0.706481 0.665625 0.707407 0.663542 0.706481 0.657292
0 0.665741 0.639062 0.661111 0.642188 0.661111 0.648438 0.664815 0.652083 0.675000 0.655729 0.683333 0.654167 0.687963 0.651563 0.689815 0.648438 0.687963 0.641146 0.678704 0.638542
0 0.645370 0.654167 0.642593 0.657813 0.643519 0.661979 0.649074 0.666667 0.654630 0.668229 0.663889 0.668229 0.672222 0.664062 0.671296 0.656771 0.664815 0.653125 0.655556 0.652083
0 0.624074 0.652604 0.617593 0.654687 0.614815 0.657292 0.615741 0.664583 0.619444 0.667708 0.626852 0.669271 0.636111 0.669271 0.639815 0.667188 0.642593 0.663021 0.641667 0.656250 0.637037 0.653125
0 0.609259 0.657292 0.599074 0.657292 0.587963 0.663021 0.587963 0.666667 0.591667 0.671354 0.600000 0.675000 0.611111 0.673438 0.615741 0.670312 0.616667 0.666146 0.614815 0.660937
0 0.603704 0.675521 0.601852 0.681771 0.609259 0.685417 0.623148 0.685937 0.627778 0.684896 0.632407 0.681250 0.632407 0.675521 0.629630 0.672917 0.623148 0.670833 0.614815 0.670833
0 0.636111 0.669792 0.633333 0.675000 0.635185 0.678125 0.640741 0.681250 0.653704 0.682292 0.661111 0.679688 0.662037 0.671354 0.658333 0.668750 0.644444 0.667708
0 0.653704 0.682292 0.650926 0.684896 0.650000 0.689583 0.652778 0.693229 0.658333 0.696354 0.670370 0.697396 0.678704 0.694792 0.680556 0.688542 0.675000 0.683333 0.663889 0.680208
0 0.634259 0.691146 0.630556 0.698958 0.627778 0.700521 0.629630 0.705208 0.634259 0.707292 0.651852 0.706771 0.658333 0.701562 0.658333 0.696875 0.655556 0.693750 0.645370 0.689583 0.639815 0.689583
0 0.606481 0.685937 0.600926 0.689063 0.600926 0.693229 0.605556 0.698958 0.612963 0.701042 0.624074 0.700521 0.630556 0.696875 0.631481 0.694792 0.628704 0.688021 0.624074 0.685937
0 0.606481 0.700521 0.602778 0.704688 0.604630 0.715104 0.612037 0.718229 0.624074 0.717187 0.630556 0.713021 0.630556 0.707812 0.626852 0.703646 0.621296 0.701562
0 0.637037 0.708333 0.629630 0.713021 0.628704 0.717187 0.631481 0.720313 0.636111 0.722917 0.642593 0.723958 0.652778 0.723958 0.656481 0.722917 0.660185 0.717708 0.656481 0.709896 0.650000 0.707292
0 0.872222 0.738021 0.867593 0.743229 0.871296 0.749479 0.875926 0.752083 0.884259 0.753646 0.893519 0.752083 0.898148 0.747917 0.898148 0.740104 0.894444 0.738021 0.887037 0.736458
0 0.856481 0.744792 0.848148 0.746354 0.844444 0.753646 0.844444 0.758333 0.848148 0.761458 0.858333 0.764062 0.863889 0.763542 0.870370 0.760938 0.874074 0.756250 0.875000 0.751563 0.867593 0.746875
0 0.842593 0.760938 0.834259 0.764583 0.833333 0.772917 0.841667 0.779167 0.852778 0.780208 0.861111 0.776563 0.862037 0.771354 0.850926 0.761979
0 0.815741 0.756771 0.804630 0.762500 0.803704 0.770312 0.811111 0.776563 0.814815 0.777604 0.825926 0.777604 0.833333 0.773958 0.833333 0.765625 0.823148 0.756771
0 0.803704 0.781771 0.802778 0.783854 0.805556 0.788542 0.815741 0.794271 0.821296 0.795833 0.831481 0.795312 0.837963 0.791667 0.838889 0.784896 0.831481 0.779687 0.825926 0.778125 0.817593 0.778125
0 0.819444 0.741146 0.816667 0.747917 0.821296 0.753125 0.830556 0.756771 0.843519 0.755729 0.847222 0.750000 0.844444 0.742188 0.841667 0.740625 0.826852 0.739583
0 0.800926 0.734896 0.788889 0.740104 0.787963 0.744271 0.795370 0.750521 0.800926 0.752083 0.810185 0.752083 0.816667 0.748958 0.816667 0.741146 0.810185 0.736458
0 0.739815 0.743229 0.731481 0.747396 0.731481 0.753125 0.738889 0.760938 0.747222 0.763021 0.753704 0.760417 0.759259 0.755729 0.761111 0.752083 0.760185 0.747917 0.752778 0.743750
0 0.676852 0.745833 0.667593 0.750521 0.667593 0.758333 0.675926 0.764062 0.687963 0.764583 0.695370 0.760417 0.695370 0.753646 0.691667 0.749479 0.687037 0.747396
0 0.654630 0.733333 0.650000 0.736458 0.650926 0.744271 0.658333 0.748437 0.669444 0.748958 0.677778 0.744792 0.678704 0.740104 0.675926 0.735938 0.672222 0.733854 0.664815 0.732292
0 0.618519 0.741667 0.608333 0.739062 0.599074 0.739583 0.596296 0.741146 0.592593 0.746875 0.592593 0.753125 0.595370 0.757812 0.598148 0.758854 0.606481 0.758854 0.617593 0.756250 0.622222 0.753646 0.625000 0.747396
0 0.696296 0.769792 0.689815 0.772396 0.689815 0.780729 0.697222 0.786979 0.706481 0.787500 0.718519 0.782813 0.720370 0.777083 0.718519 0.774479 0.707407 0.769792
0 0.521296 0.740104 0.520370 0.744792 0.529630 0.751563 0.536111 0.753646 0.546296 0.753646 0.550000 0.752083 0.550926 0.742188 0.545370 0.737500 0.537037 0.736979
0 0.385185 0.733854 0.376852 0.739062 0.376852 0.746354 0.385185 0.751563 0.397222 0.751563 0.404630 0.748437 0.407407 0.745313 0.406481 0.738542 0.400000 0.734896
0 0.451852 0.739583 0.443519 0.743229 0.443519 0.748958 0.448148 0.755208 0.451852 0.757292 0.462037 0.757812 0.471296 0.752604 0.474074 0.748437 0.473148 0.745833 0.465741 0.740625
0 0.068519 0.692187 0.063889 0.690104 0.052778 0.688542 0.041667 0.689583 0.036111 0.694792 0.037037 0.701042 0.044444 0.703646 0.058333 0.703125 0.068519 0.697917
0 0.071296 0.677604 0.059259 0.673958 0.049074 0.675000 0.039815 0.681250 0.037963 0.684375 0.038889 0.688542 0.041667 0.689583 0.062963 0.690104 0.069444 0.688542 0.072222 0.686458
0 0.064815 0.660937 0.059259 0.664062 0.059259 0.672396 0.063889 0.675521 0.074074 0.677083 0.084259 0.672396 0.086111 0.670312 0.086111 0.664583 0.079630 0.660937
0 0.053704 0.648438 0.044444 0.649479 0.038889 0.652604 0.037037 0.658854 0.037963 0.663542 0.040741 0.665104 0.048148 0.665625 0.057407 0.664583 0.066667 0.658854 0.064815 0.652604
0 0.055556 0.638542 0.051852 0.642708 0.051852 0.647917 0.055556 0.650000 0.065741 0.653125 0.075926 0.652604 0.081481 0.650521 0.084259 0.646354 0.083333 0.642188 0.075000 0.636979 0.063889 0.636458
0 0.086111 0.626563 0.076852 0.629167 0.074074 0.634896 0.078704 0.640625 0.086111 0.644792 0.090741 0.644792 0.096296 0.642708 0.096296 0.637500 0.100000 0.629687 0.095370 0.627083
0 0.128704 0.632292 0.114815 0.627604 0.102778 0.629167 0.099074 0.631250 0.096296 0.635417 0.097222 0.642188 0.099074 0.643229 0.109259 0.643229 0.125926 0.641146 0.129630 0.639062
0 0.158333 0.634375 0.148148 0.634375 0.139815 0.636458 0.136111 0.639062 0.137963 0.646875 0.149074 0.652083 0.156481 0.648958 0.162963 0.642188 0.162963 0.638542
0 0.176852 0.627604 0.167593 0.631250 0.163889 0.639062 0.167593 0.643750 0.180556 0.645312 0.186111 0.644271 0.192593 0.641146 0.195370 0.634375 0.185185 0.628646
0 0.204630 0.632812 0.195370 0.636458 0.193519 0.640104 0.194444 0.647396 0.199074 0.650000 0.212963 0.650000 0.220370 0.646354 0.221296 0.638542 0.218519 0.636458
0 0.264815 0.636979 0.259259 0.638021 0.252778 0.641146 0.251852 0.647396 0.257407 0.652083 0.267593 0.653646 0.279630 0.649479 0.280556 0.642188 0.275000 0.638542
0 0.305556 0.632812 0.300000 0.632292 0.285185 0.634375 0.278704 0.638021 0.281481 0.642708 0.289815 0.647396 0.302778 0.648438 0.309259 0.645833 0.312037 0.642708 0.312037 0.638542 0.309259 0.634375
0 0.329630 0.644792 0.324074 0.642708 0.320370 0.642708 0.307407 0.645833 0.301852 0.650521 0.300926 0.655729 0.302778 0.657813 0.306481 0.658854 0.322222 0.658854 0.329630 0.656771 0.333333 0.653646 0.333333 0.648958
0 0.342593 0.640104 0.333333 0.643229 0.333333 0.649479 0.340741 0.655729 0.350926 0.656771 0.362037 0.652604 0.364815 0.646875 0.363889 0.644271 0.361111 0.642188 0.350926 0.640104
0 0.362963 0.652604 0.359259 0.654167 0.357407 0.657292 0.357407 0.663021 0.361111 0.666667 0.377778 0.667708 0.387037 0.663542 0.388889 0.660937 0.387037 0.655208 0.372222 0.652083
0 0.335185 0.655208 0.329630 0.656250 0.324074 0.659375 0.323148 0.667708 0.327778 0.671354 0.338889 0.672396 0.350000 0.669271 0.352778 0.664583 0.350926 0.659896 0.347222 0.657292
0 0.350926 0.667708 0.346296 0.671354 0.346296 0.675521 0.349074 0.679167 0.362963 0.681771 0.370370 0.680729 0.375926 0.675000 0.375000 0.669271 0.360185 0.666667
0 0.346296 0.690104 0.350926 0.694271 0.358333 0.695312 0.375926 0.690625 0.381481 0.688021 0.383333 0.685417 0.362963 0.681250 0.350926 0.681250 0.346296 0.684375
0 0.372222 0.692187 0.356481 0.695312 0.350926 0.700521 0.353704 0.706771 0.362037 0.710938 0.373148 0.709896 0.378704 0.706771 0.383333 0.700521 0.383333 0.696354
0 0.377778 0.714063 0.371296 0.712500 0.362037 0.712500 0.357407 0.714583 0.354630 0.721875 0.358333 0.731250 0.365741 0.731250 0.380556 0.724479 0.382407 0.719271 0.381481 0.716146
0 0.355556 0.733333 0.352778 0.736979 0.347222 0.740104 0.346296 0.744271 0.350926 0.750521 0.365741 0.751563 0.374074 0.747917 0.375926 0.744271 0.375000 0.739062 0.367593 0.734896
0 0.350926 0.722396 0.332407 0.724479 0.329630 0.731771 0.332407 0.736979 0.345370 0.738542 0.354630 0.733333 0.355556 0.726562
0 0.348148 0.709375 0.336111 0.707812 0.326852 0.710417 0.323148 0.716667 0.326852 0.722396 0.338889 0.723437 0.351852 0.720313 0.352778 0.712500
0 0.330556 0.692708 0.318519 0.694271 0.314815 0.696354 0.312037 0.700521 0.312963 0.704167 0.317593 0.707292 0.328704 0.709375 0.337963 0.707292 0.342593 0.702083 0.339815 0.695833
0 0.334259 0.672917 0.324074 0.675521 0.321296 0.678646 0.320370 0.683854 0.321296 0.685937 0.327778 0.689583 0.337037 0.690625 0.345370 0.687500 0.348148 0.679688 0.338889 0.673438
0 0.312037 0.670833 0.297222 0.671354 0.287963 0.675521 0.287037 0.680729 0.296296 0.686458 0.311111 0.686979 0.319444 0.683854 0.321296 0.676562
0 0.274074 0.651563 0.263889 0.657292 0.263889 0.663542 0.272222 0.668750 0.282407 0.669792 0.289815 0.667708 0.293519 0.665104 0.295370 0.661979 0.294444 0.656771 0.283333 0.651563
0 0.240741 0.655729 0.235185 0.659896 0.234259 0.664062 0.237963 0.671875 0.240741 0.673438 0.247222 0.673958 0.257407 0.669792 0.262037 0.661458 0.256481 0.656771
0 0.225000 0.645312 0.218519 0.646875 0.212037 0.650521 0.210185 0.655208 0.214815 0.661458 0.221296 0.663542 0.228704 0.664062 0.234259 0.661979 0.238889 0.655729 0.238889 0.652083 0.233333 0.646354
0 0.191667 0.651042 0.186111 0.655729 0.187963 0.664583 0.196296 0.667188 0.203704 0.667188 0.211111 0.665625 0.214815 0.661458 0.209259 0.652083 0.198148 0.650000
0 0.159259 0.646354 0.155556 0.650000 0.155556 0.654167 0.159259 0.657292 0.164815 0.658854 0.176852 0.658854 0.183333 0.657292 0.190741 0.651042 0.188889 0.648438 0.180556 0.645312 0.164815 0.644271
0 0.150000 0.653125 0.140741 0.653125 0.135185 0.655729 0.132407 0.660937 0.132407 0.666146 0.135185 0.668229 0.146296 0.668229 0.155556 0.664062 0.157407 0.657813
0 0.128704 0.648958 0.118519 0.649479 0.111111 0.653125 0.111111 0.662500 0.119444 0.665625 0.127778 0.665625 0.132407 0.664062 0.136111 0.654167 0.132407 0.650000
0 0.077778 0.657813 0.079630 0.661458 0.086111 0.664583 0.101852 0.665625 0.111111 0.661979 0.111111 0.653125 0.104630 0.650000 0.093519 0.650000 0.084259 0.653125
0 0.114815 0.664062 0.104630 0.666146 0.097222 0.671875 0.097222 0.678125 0.102778 0.680729 0.114815 0.681250 0.124074 0.679167 0.126852 0.673958 0.125000 0.668750 0.120370 0.665625
0 0.145370 0.669271 0.131481 0.670312 0.126852 0.672917 0.125000 0.676562 0.125926 0.681250 0.135185 0.686458 0.143519 0.685937 0.153704 0.682292 0.155556 0.679167 0.154630 0.673958
0 0.160185 0.660417 0.154630 0.665625 0.154630 0.671354 0.158333 0.675000 0.161111 0.676042 0.174074 0.676042 0.183333 0.674479 0.186111 0.671354 0.186111 0.668229 0.179630 0.660937 0.174074 0.659375 0.163889 0.659375
0 0.205556 0.667708 0.197222 0.667708 0.186111 0.671875 0.182407 0.678125 0.184259 0.681771 0.187963 0.683854 0.193519 0.684896 0.204630 0.684375 0.212037 0.680208 0.212037 0.671875
0 0.211111 0.679688 0.202778 0.686458 0.203704 0.693750 0.207407 0.696875 0.220370 0.698438 0.232407 0.694271 0.234259 0.688542 0.230556 0.683854 0.224074 0.680729
0 0.245370 0.676562 0.235185 0.681250 0.233333 0.686979 0.236111 0.690625 0.240741 0.692708 0.246296 0.693750 0.253704 0.693229 0.262037 0.688021 0.262037 0.681250 0.254630 0.677083
0 0.273148 0.682813 0.270370 0.686979 0.271296 0.695312 0.280556 0.697917 0.291667 0.696354 0.295370 0.692187 0.295370 0.686458 0.288889 0.681771
0 0.302778 0.696354 0.292593 0.696875 0.284259 0.700521 0.284259 0.707812 0.293519 0.712500 0.303704 0.710938 0.310185 0.706771 0.308333 0.700521
0 0.312963 0.709375 0.300926 0.710938 0.293519 0.716667 0.293519 0.722396 0.300000 0.725521 0.307407 0.727083 0.318519 0.725000 0.323148 0.720833 0.322222 0.712500
0 0.313889 0.725000 0.304630 0.730208 0.303704 0.737500 0.308333 0.741667 0.317593 0.743229 0.326852 0.739583 0.328704 0.731771 0.321296 0.725521
0 0.329630 0.738021 0.318519 0.743750 0.317593 0.748958 0.324074 0.753646 0.337963 0.755729 0.348148 0.750521 0.347222 0.743229 0.340741 0.739062
0 0.349074 0.751042 0.338889 0.755729 0.338889 0.764583 0.344444 0.768229 0.350000 0.769271 0.357407 0.768750 0.367593 0.764062 0.369444 0.758333 0.362963 0.752083
0 0.315741 0.754167 0.311111 0.757812 0.311111 0.760938 0.314815 0.766146 0.325000 0.769271 0.332407 0.769271 0.335185 0.768229 0.337963 0.763021 0.336111 0.756771 0.323148 0.753125
0 0.300000 0.741146 0.291667 0.743229 0.287037 0.746875 0.287037 0.753646 0.289815 0.756771 0.302778 0.758333 0.311111 0.756250 0.315741 0.747917 0.311111 0.743750 0.303704 0.741146
0 0.283333 0.746354 0.274074 0.744792 0.265741 0.746875 0.260185 0.750521 0.259259 0.757812 0.265741 0.764062 0.275000 0.764062 0.284259 0.760417 0.287037 0.756250 0.287037 0.750521
0 0.260185 0.728125 0.248148 0.732292 0.249074 0.740625 0.251852 0.744271 0.259259 0.746354 0.268519 0.746354 0.275000 0.743229 0.276852 0.740625 0.275000 0.731771 0.269444 0.728646
0 0.287037 0.725000 0.275000 0.731771 0.276852 0.739583 0.285185 0.742708 0.294444 0.742708 0.300000 0.740625 0.303704 0.736458 0.303704 0.729167 0.294444 0.725000
0 0.281481 0.710938 0.272222 0.712500 0.264815 0.716146 0.262037 0.719271 0.262963 0.725521 0.274074 0.730208 0.287963 0.725000 0.291667 0.722396 0.292593 0.715625
0 0.261111 0.696875 0.254630 0.700000 0.256481 0.708854 0.265741 0.712500 0.275000 0.711979 0.282407 0.706771 0.282407 0.701042 0.274074 0.696354
0 0.234259 0.699479 0.227778 0.702604 0.225000 0.709375 0.233333 0.715625 0.238889 0.717187 0.246296 0.716667 0.250000 0.715104 0.253704 0.710417 0.251852 0.703125 0.243519 0.699479
0 0.212037 0.697917 0.203704 0.698438 0.194444 0.702083 0.196296 0.708333 0.204630 0.714583 0.218519 0.713542 0.224074 0.708333 0.224074 0.704167 0.220370 0.700521
0 0.200000 0.686458 0.188889 0.686458 0.180556 0.689583 0.178704 0.696354 0.183333 0.702604 0.190741 0.703125 0.201852 0.697396 0.202778 0.692708
0 0.162037 0.676562 0.153704 0.681771 0.153704 0.689063 0.162963 0.693750 0.176852 0.693750 0.182407 0.685937 0.180556 0.679167 0.176852 0.676562
0 0.152778 0.689583 0.139815 0.688021 0.129630 0.692187 0.125000 0.696875 0.125000 0.701562 0.127778 0.704688 0.144444 0.704688 0.154630 0.701042 0.158333 0.696354 0.158333 0.693229
0 0.123148 0.680729 0.110185 0.681771 0.104630 0.684896 0.101852 0.694271 0.107407 0.699479 0.112963 0.700521 0.123148 0.699479 0.132407 0.690104 0.132407 0.685937
0 0.095370 0.677604 0.079630 0.678125 0.075000 0.679688 0.073148 0.682292 0.073148 0.686979 0.077778 0.693229 0.086111 0.696354 0.097222 0.694271 0.101852 0.691146 0.104630 0.681771
0 0.069444 0.696354 0.062037 0.701042 0.061111 0.706250 0.062963 0.708854 0.072222 0.711979 0.077778 0.712500 0.089815 0.710938 0.094444 0.705729 0.090741 0.698958 0.081481 0.695833
0 0.122222 0.702604 0.116667 0.701042 0.107407 0.701042 0.094444 0.703646 0.090741 0.708333 0.094444 0.714063 0.103704 0.718229 0.111111 0.718229 0.116667 0.716667 0.124074 0.709375 0.124074 0.704167
0 0.337037 0.558854 0.328704 0.557292 0.318519 0.557292 0.308333 0.560937 0.307407 0.565104 0.312037 0.571354 0.320370 0.572917 0.328704 0.571354 0.337963 0.564063
0 0.143519 0.706250 0.137037 0.705208 0.129630 0.705729 0.121296 0.709896 0.119444 0.717187 0.128704 0.722917 0.140741 0.722396 0.148148 0.718750 0.150000 0.712500
0 0.162037 0.694271 0.153704 0.701042 0.154630 0.709896 0.157407 0.711458 0.171296 0.711458 0.180556 0.705208 0.182407 0.700521 0.177778 0.695312
0 0.182407 0.703646 0.174074 0.708854 0.172222 0.711979 0.174074 0.717187 0.176852 0.719792 0.181481 0.720833 0.195370 0.719792 0.201852 0.717187 0.201852 0.712500 0.191667 0.703646
0 0.209259 0.715104 0.205556 0.716146 0.200000 0.722917 0.200926 0.728125 0.207407 0.731771 0.220370 0.732292 0.229630 0.726562 0.229630 0.720313 0.225926 0.716667 0.220370 0.714583
0 0.232407 0.732292 0.222222 0.735417 0.220370 0.744271 0.227778 0.749479 0.238889 0.750000 0.244444 0.748437 0.249074 0.744792 0.249074 0.739062 0.243519 0.733333
0 0.245370 0.717187 0.236111 0.718750 0.231481 0.721354 0.229630 0.728646 0.235185 0.732292 0.247222 0.733854 0.258333 0.728646 0.262037 0.723958 0.258333 0.720313
0 0.201852 0.732812 0.195370 0.735938 0.196296 0.742708 0.205556 0.746875 0.212963 0.747396 0.219444 0.743750 0.220370 0.735938 0.214815 0.732292
0 0.176852 0.722396 0.171296 0.727083 0.172222 0.732812 0.182407 0.735938 0.195370 0.735417 0.200000 0.732812 0.200000 0.727604 0.197222 0.722396 0.193519 0.720833 0.182407 0.720833
0 0.186111 0.736458 0.176852 0.733333 0.166667 0.734896 0.158333 0.740104 0.159259 0.747917 0.164815 0.749479 0.175000 0.749479 0.183333 0.746875 0.187037 0.744271
0 0.141667 0.725521 0.133333 0.730729 0.132407 0.737500 0.137963 0.742188 0.148148 0.742708 0.157407 0.740625 0.162037 0.736458 0.159259 0.729167 0.145093 0.723125
0 0.157407 0.711458 0.149074 0.715625 0.147222 0.719792 0.148148 0.724479 0.155556 0.727604 0.168519 0.727604 0.172222 0.726042 0.175000 0.722396 0.174074 0.715104 0.170370 0.711979
0 0.044444 0.622396 0.040741 0.624479 0.038889 0.628646 0.040741 0.636979 0.044444 0.638542 0.052778 0.639062 0.063889 0.636458 0.067593 0.632292 0.064815 0.626563 0.057407 0.622917
0 0.050000 0.606250 0.041667 0.610417 0.041667 0.618750 0.048148 0.621354 0.059259 0.621354 0.065741 0.615104 0.066667 0.610938 0.061111 0.606771
0 0.065741 0.592708 0.059259 0.590625 0.043519 0.592708 0.039815 0.594792 0.038889 0.597917 0.040741 0.602604 0.050000 0.605729 0.062963 0.604688 0.066667 0.602083 0.069444 0.596354
0 0.044444 0.572396 0.040741 0.575521 0.040741 0.584375 0.042593 0.586458 0.050926 0.589063 0.059259 0.588542 0.066667 0.586458 0.072222 0.580729 0.071296 0.576042 0.065741 0.572917 0.050000 0.571354
0 0.045370 0.557292 0.040741 0.563542 0.045370 0.569792 0.061111 0.571875 0.066667 0.571354 0.074074 0.567187 0.075926 0.560417 0.063889 0.555208 0.056481 0.554688
0 0.066667 0.534896 0.051852 0.534375 0.043519 0.537500 0.042593 0.544792 0.045370 0.548438 0.050926 0.551562 0.059259 0.550521 0.069444 0.544271 0.071296 0.538542
0 0.072222 0.523958 0.065741 0.529167 0.065741 0.533333 0.072222 0.539062 0.086111 0.538542 0.089815 0.535937 0.089815 0.530729 0.087037 0.527083 0.080556 0.523958
0 0.071296 0.543229 0.065741 0.545312 0.062963 0.548438 0.062963 0.554167 0.067593 0.557813 0.073148 0.559375 0.084259 0.559375 0.091667 0.555208 0.090741 0.547396 0.086111 0.543229
0 0.106481 0.542188 0.099074 0.543229 0.093519 0.549479 0.095370 0.555208 0.099074 0.557292 0.108333 0.558333 0.115741 0.555729 0.119444 0.548438 0.114815 0.543229
0 0.119444 0.523958 0.117593 0.526042 0.117593 0.531771 0.122222 0.535417 0.129630 0.537500 0.143519 0.537500 0.147222 0.536458 0.148148 0.532292 0.142593 0.528125 0.137963 0.521354 0.125926 0.521354
0 0.184259 0.520833 0.174074 0.522396 0.166667 0.528646 0.168519 0.532292 0.175000 0.535417 0.185185 0.535937 0.193519 0.531771 0.194444 0.525521 0.189815 0.522396
0 0.195370 0.527083 0.194444 0.533333 0.201852 0.537500 0.215741 0.537500 0.220370 0.536458 0.224074 0.533854 0.222222 0.529167 0.212037 0.523958 0.203704 0.523958
0 0.163889 0.515104 0.150926 0.517188 0.143519 0.519792 0.141667 0.526042 0.149074 0.531250 0.159259 0.531771 0.166667 0.529687 0.170370 0.524479 0.169444 0.520312
0 0.243519 0.523438 0.234259 0.527083 0.233333 0.534375 0.237963 0.538542 0.248148 0.540104 0.257407 0.536458 0.261111 0.528646 0.256481 0.525000 0.250000 0.523438
0 0.275000 0.531771 0.262037 0.532813 0.256481 0.536458 0.255556 0.541667 0.257407 0.544792 0.264815 0.547917 0.274074 0.547396 0.282407 0.543750 0.283333 0.535937
0 0.288889 0.527604 0.283333 0.532813 0.285185 0.539583 0.290741 0.541146 0.302778 0.541146 0.307407 0.540104 0.311111 0.537500 0.308333 0.528646 0.299074 0.526563
0 0.313889 0.527604 0.312037 0.533854 0.317593 0.539583 0.336111 0.542188 0.340741 0.541146 0.339815 0.528646 0.333333 0.525000 0.322222 0.524479
0 0.342593 0.530729 0.340741 0.532813 0.341667 0.538542 0.346296 0.541146 0.355556 0.543229 0.362963 0.543229 0.370370 0.540625 0.372222 0.532813 0.364815 0.527083 0.349074 0.527604
0 0.364815 0.555208 0.360185 0.559375 0.362037 0.565625 0.368519 0.568750 0.378704 0.569271 0.385185 0.565104 0.387037 0.561979 0.385185 0.556771 0.378704 0.554167
0 0.330556 0.542188 0.321296 0.540625 0.312963 0.542708 0.306481 0.547917 0.307407 0.553125 0.315741 0.556250 0.327778 0.555208 0.335185 0.549479 0.334259 0.544792
0 0.051852 0.151042 0.048148 0.153646 0.048148 0.159896 0.050926 0.163542 0.059259 0.165625 0.068519 0.165104 0.075000 0.161458 0.075926 0.157812 0.074074 0.155208 0.065741 0.151042
0 0.100926 0.143229 0.093519 0.143750 0.083333 0.149479 0.083333 0.155208 0.094444 0.159375 0.101852 0.159375 0.111111 0.156771 0.113889 0.154688 0.112037 0.147917
0 0.111111 0.141146 0.109259 0.142187 0.109259 0.146875 0.116667 0.154167 0.125000 0.157812 0.134259 0.156771 0.138889 0.153646 0.137963 0.145313 0.126852 0.141667
0 0.142593 0.123438 0.131481 0.123958 0.124074 0.128125 0.125000 0.135417 0.134259 0.141146 0.142593 0.140104 0.151852 0.135417 0.153704 0.132292 0.152778 0.126562
0 0.148148 0.135417 0.138889 0.141667 0.138889 0.150000 0.143519 0.154688 0.155556 0.155729 0.164815 0.151042 0.164815 0.145313 0.162963 0.142187
0 0.169444 0.133854 0.165741 0.135937 0.162963 0.140625 0.165741 0.149479 0.171296 0.151042 0.186111 0.148438 0.189815 0.144271 0.188889 0.137500 0.181481 0.134375
0 0.183333 0.129688 0.183333 0.134375 0.191667 0.140104 0.197222 0.141146 0.212963 0.140104 0.212963 0.130729 0.205556 0.126562 0.196296 0.126562
0 0.232407 0.124479 0.227778 0.130729 0.230556 0.136458 0.238889 0.139583 0.246296 0.139583 0.255556 0.134896 0.253704 0.127604 0.242593 0.123958
0 0.272222 0.127604 0.267593 0.131250 0.268519 0.138542 0.274074 0.142187 0.281481 0.143750 0.294444 0.138021 0.296296 0.134375 0.288889 0.128646
0 0.269444 0.115625 0.265741 0.118229 0.265741 0.123958 0.268519 0.126562 0.275000 0.128646 0.287963 0.129167 0.293519 0.127083 0.294444 0.116667 0.291667 0.114062 0.279630 0.113542
0 0.314815 0.126042 0.311111 0.131771 0.315741 0.136458 0.337037 0.135937 0.340741 0.131250 0.340741 0.127604 0.337037 0.124479 0.330556 0.122917 0.322222 0.122917
0 0.323148 0.135937 0.319444 0.137500 0.319444 0.141146 0.324074 0.147396 0.329630 0.150521 0.336111 0.150000 0.345370 0.145313 0.346296 0.142187 0.344444 0.139583 0.332407 0.135417
0 0.296296 0.136979 0.283333 0.142708 0.282407 0.147396 0.279630 0.150000 0.282407 0.153125 0.288889 0.155729 0.300000 0.155208 0.305556 0.151042 0.306481 0.145833 0.300926 0.139583
0 0.252778 0.135417 0.247222 0.139063 0.249074 0.147917 0.256481 0.150521 0.271296 0.149479 0.274074 0.147917 0.273148 0.140625 0.262037 0.135417
0 0.221296 0.137500 0.216667 0.142187 0.219444 0.149479 0.231481 0.152083 0.242593 0.151042 0.246296 0.147917 0.246296 0.145833 0.241667 0.140625 0.230556 0.136458
0 0.194444 0.140625 0.190741 0.145833 0.190741 0.151562 0.193519 0.155729 0.200000 0.157812 0.210185 0.157292 0.217593 0.151042 0.215741 0.144792 0.208333 0.140104
0 0.217593 0.151042 0.212963 0.153646 0.212037 0.157292 0.214815 0.163021 0.220370 0.167187 0.227778 0.167708 0.243519 0.159896 0.243519 0.155729 0.239815 0.153125 0.235185 0.152083
0 0.233333 0.163021 0.229630 0.165625 0.229630 0.170833 0.236111 0.176563 0.241667 0.177083 0.255556 0.176042 0.260185 0.170833 0.260185 0.165625 0.257407 0.163021 0.248148 0.160938 0.237963 0.161458
0 0.257407 0.151042 0.254630 0.153646 0.255556 0.161458 0.265741 0.165625 0.279630 0.164062 0.284259 0.158854 0.284259 0.156250 0.280556 0.152604 0.275000 0.149479
0 0.266667 0.166146 0.261111 0.169271 0.260185 0.174479 0.262037 0.178125 0.269444 0.182292 0.277778 0.182812 0.284259 0.181771 0.288889 0.178646 0.287037 0.168750 0.280556 0.165104
0 0.301852 0.165625 0.293519 0.169792 0.292593 0.178125 0.298148 0.181771 0.309259 0.183333 0.317593 0.175521 0.317593 0.170313 0.312037 0.166146
0 0.331481 0.153646 0.315741 0.154167 0.307407 0.157812 0.308333 0.164583 0.316667 0.169792 0.325000 0.170313 0.334259 0.167187 0.337037 0.158333 0.335185 0.155208
0 0.154630 0.155729 0.143519 0.160938 0.143519 0.166667 0.156481 0.171875 0.163889 0.171875 0.167593 0.170313 0.170370 0.166667 0.169444 0.160417 0.164815 0.156771
0 0.184259 0.148958 0.173148 0.150000 0.167593 0.153125 0.166667 0.158854 0.170370 0.163542 0.175926 0.165625 0.185185 0.165625 0.193519 0.162500 0.194444 0.156771 0.188889 0.151042
0 0.100000 0.159375 0.095370 0.166146 0.098148 0.170313 0.101852 0.172396 0.118519 0.173958 0.123148 0.173437 0.128704 0.170313 0.128704 0.164583 0.122222 0.158854 0.115741 0.156771 0.109259 0.156771
0 0.073148 0.161979 0.067593 0.166146 0.069444 0.175000 0.078704 0.177083 0.093519 0.175521 0.096296 0.172396 0.094444 0.164583 0.086111 0.160938
0 0.050000 0.166667 0.047222 0.169271 0.047222 0.175521 0.050000 0.181250 0.052778 0.182812 0.059259 0.183333 0.066667 0.179167 0.068519 0.170833 0.066667 0.167187 0.061111 0.165625
0 0.066667 0.177604 0.065741 0.182812 0.073148 0.188021 0.079630 0.189062 0.087963 0.188542 0.094444 0.185938 0.095370 0.179688 0.091667 0.177083 0.070370 0.176042
0 0.106481 0.172917 0.100000 0.175000 0.097222 0.177604 0.096296 0.185417 0.104630 0.191667 0.116667 0.194271 0.121296 0.191146 0.125926 0.181250 0.119444 0.175000
0 0.142593 0.168229 0.135185 0.172917 0.135185 0.179688 0.137963 0.183333 0.147222 0.184375 0.156481 0.179688 0.157407 0.172396 0.154630 0.169792
0 0.158333 0.177083 0.155556 0.181250 0.160185 0.189062 0.169444 0.192708 0.177778 0.192708 0.185185 0.190625 0.187963 0.186458 0.186111 0.178646 0.178704 0.175521 0.168519 0.175000
0 0.190741 0.162500 0.180556 0.166667 0.179630 0.172917 0.187037 0.178125 0.200000 0.179688 0.202778 0.178646 0.208333 0.171354 0.207407 0.166146 0.199074 0.162500
0 0.210185 0.169792 0.205556 0.172917 0.203704 0.178125 0.212037 0.185417 0.225000 0.186458 0.233333 0.181771 0.235185 0.178646 0.233333 0.174479 0.229630 0.170833 0.225000 0.169271
0 0.237963 0.177604 0.236111 0.183333 0.238889 0.189583 0.241667 0.191146 0.248148 0.192708 0.255556 0.192708 0.262963 0.190625 0.265741 0.187500 0.265741 0.182812 0.260185 0.178125 0.254630 0.176042 0.244444 0.176042
0 0.072222 0.449479 0.063889 0.453125 0.063889 0.459375 0.077778 0.465104 0.089815 0.463542 0.089815 0.450521 0.081481 0.448958
0 0.080556 0.432812 0.073148 0.438542 0.075926 0.447396 0.079630 0.448958 0.094444 0.448958 0.101852 0.446354 0.104630 0.440104 0.102778 0.437500 0.092593 0.432812
0 0.049074 0.435937 0.044444 0.440104 0.044444 0.447396 0.047222 0.450000 0.056481 0.452083 0.069444 0.450521 0.073148 0.447917 0.073148 0.442708 0.070370 0.438542 0.059259 0.435937
0 0.064815 0.419271 0.056481 0.421354 0.051852 0.423958 0.050000 0.430208 0.055556 0.435417 0.065741 0.437500 0.073148 0.436979 0.079630 0.432292 0.079630 0.424479 0.075000 0.420833
0 0.082407 0.414583 0.077778 0.418750 0.077778 0.421354 0.081481 0.425521 0.089815 0.427083 0.100926 0.427083 0.106481 0.424479 0.107407 0.418750 0.102778 0.415104 0.094444 0.413542
0 0.069444 0.406250 0.058333 0.404687 0.050000 0.407813 0.047222 0.410938 0.047222 0.416667 0.051852 0.420312 0.060185 0.420833 0.072222 0.417708 0.075000 0.411979
0 0.071296 0.400000 0.068519 0.404687 0.075000 0.410417 0.088889 0.412500 0.098148 0.409896 0.099074 0.403125 0.093519 0.397917 0.078704 0.397396
0 0.157407 0.391667 0.145370 0.393750 0.137037 0.400000 0.139815 0.405208 0.148148 0.408333 0.157407 0.408854 0.161111 0.407813 0.166667 0.401042 0.162963 0.392708
0 0.165741 0.402604 0.160185 0.407813 0.160185 0.412500 0.162963 0.416667 0.167593 0.418229 0.185185 0.417708 0.187963 0.415625 0.187963 0.407813 0.183333 0.404167 0.173148 0.402083
0 0.197222 0.405729 0.188889 0.409375 0.187963 0.417708 0.197222 0.422396 0.209259 0.421875 0.215741 0.417708 0.214815 0.409896 0.206481 0.406250
0 0.236111 0.406250 0.223148 0.407292 0.216667 0.411458 0.217593 0.418750 0.226852 0.423958 0.233333 0.423958 0.235185 0.421875 0.236111 0.416146 0.239815 0.412500 0.239815 0.409375
0 0.241667 0.411458 0.236111 0.415625 0.237963 0.423958 0.247222 0.427083 0.254630 0.427604 0.260185 0.426563 0.265741 0.421354 0.264815 0.416667 0.262037 0.414062 0.254630 0.410938
0 0.264815 0.401042 0.260185 0.403646 0.260185 0.410938 0.264815 0.416146 0.269444 0.418750 0.275000 0.419271 0.286111 0.410938 0.286111 0.404687 0.280556 0.401562
0 0.261111 0.425000 0.259259 0.429167 0.262963 0.433333 0.272222 0.435417 0.287037 0.435417 0.287037 0.430729 0.284259 0.426042 0.278704 0.422396 0.269444 0.421354
0 0.252778 0.428646 0.243519 0.428125 0.231481 0.432292 0.229630 0.437500 0.234259 0.442708 0.238889 0.444271 0.244444 0.443750 0.256481 0.439583 0.258333 0.433333 0.256481 0.430208
0 0.280556 0.435417 0.271296 0.438542 0.267593 0.443229 0.268519 0.446354 0.275000 0.452083 0.287963 0.453125 0.293519 0.451042 0.296296 0.447917 0.296296 0.442188 0.288889 0.436458
0 0.259259 0.440625 0.250926 0.441146 0.241667 0.446354 0.244444 0.453125 0.252778 0.455729 0.260185 0.454688 0.263889 0.452604 0.266667 0.447917 0.264815 0.442708
0 0.258333 0.457292 0.249074 0.460938 0.247222 0.467187 0.252778 0.473438 0.267593 0.474479 0.275000 0.471354 0.275926 0.464583 0.267593 0.458333
0 0.238889 0.489583 0.234259 0.492708 0.232407 0.496354 0.235185 0.503125 0.243519 0.505208 0.253704 0.504167 0.260185 0.499479 0.258333 0.493229 0.249074 0.489583
0 0.262037 0.482292 0.257407 0.485417 0.256481 0.489063 0.261111 0.495833 0.265741 0.497396 0.276852 0.497396 0.280556 0.496354 0.284259 0.490625 0.281481 0.484896 0.275000 0.481771
0 0.260185 0.500000 0.250926 0.505208 0.253704 0.511458 0.264815 0.515625 0.275000 0.514583 0.279630 0.510417 0.277778 0.504167 0.267593 0.500521
0 0.289815 0.512500 0.279630 0.513021 0.271296 0.516667 0.266667 0.522396 0.268519 0.526042 0.273148 0.528125 0.284259 0.529167 0.293519 0.526042 0.294444 0.516667
0 0.308333 0.508333 0.301852 0.510417 0.300000 0.512500 0.300000 0.519271 0.303704 0.524479 0.311111 0.526563 0.323148 0.523438 0.325926 0.519792 0.325926 0.513542 0.322222 0.510417
0 0.288889 0.493229 0.282407 0.497396 0.285185 0.507292 0.294444 0.510417 0.301852 0.509896 0.311111 0.506250 0.312963 0.502083 0.311111 0.497396 0.302778 0.493229
0 0.334259 0.479687 0.330556 0.481771 0.328704 0.485417 0.330556 0.491146 0.336111 0.493750 0.350926 0.492708 0.356481 0.487500 0.354630 0.481771 0.347222 0.479167
0 0.361111 0.476562 0.356481 0.480729 0.358333 0.486979 0.373148 0.492188 0.378704 0.492708 0.382407 0.491667 0.387037 0.486979 0.386111 0.481250 0.375926 0.476562
0 0.326852 0.465625 0.325000 0.471875 0.328704 0.476042 0.333333 0.477083 0.348148 0.477083 0.353704 0.475000 0.353704 0.470833 0.341667 0.465104 0.329630 0.464062
0 0.344444 0.461458 0.344444 0.467187 0.356481 0.471875 0.371296 0.471354 0.376852 0.467187 0.376852 0.460417 0.370370 0.456771 0.357407 0.456771
0 0.336111 0.445833 0.326852 0.450521 0.325926 0.456250 0.330556 0.461458 0.336111 0.462500 0.344444 0.461979 0.353704 0.455729 0.354630 0.451042 0.348148 0.446875
0 0.367593 0.439583 0.363889 0.439583 0.356481 0.442188 0.351852 0.446354 0.354630 0.450521 0.363889 0.455729 0.377778 0.453125 0.381481 0.448437 0.381481 0.446354 0.376852 0.441667
0 0.368519 0.425521 0.362037 0.428646 0.360185 0.431250 0.362037 0.437500 0.369444 0.440104 0.382407 0.439583 0.387037 0.436458 0.383333 0.428125 0.377778 0.425521
0 0.324074 0.430208 0.317593 0.434375 0.318519 0.439583 0.325926 0.444792 0.338889 0.444792 0.345370 0.439583 0.346296 0.434896 0.344444 0.432292 0.337037 0.429688
0 0.342593 0.419792 0.337037 0.423438 0.337037 0.429688 0.347222 0.433854 0.358333 0.433333 0.362037 0.429167 0.360185 0.422396 0.350926 0.419271
0 0.370370 0.405208 0.355556 0.405208 0.348148 0.408333 0.346296 0.413021 0.353704 0.420312 0.357407 0.421354 0.366667 0.420312 0.374074 0.417187 0.374074 0.407813
0 0.287037 0.408854 0.283333 0.412500 0.282407 0.416667 0.287963 0.422396 0.296296 0.423958 0.311111 0.421354 0.311111 0.415625 0.301852 0.408333 0.293519 0.407292
0 0.296296 0.423958 0.291667 0.427604 0.293519 0.433333 0.304630 0.438542 0.315741 0.438021 0.318519 0.435937 0.318519 0.423958 0.315741 0.422396 0.310185 0.421875
0 0.300000 0.441146 0.296296 0.446354 0.297222 0.451562 0.307407 0.454688 0.317593 0.454167 0.323148 0.451042 0.325000 0.447396 0.322222 0.441667 0.312963 0.439063 0.307407 0.439063
0 0.301852 0.456771 0.298148 0.459375 0.297222 0.463542 0.303704 0.469792 0.308333 0.470833 0.319444 0.470313 0.325926 0.467708 0.328704 0.464062 0.328704 0.460417 0.325926 0.457813 0.313889 0.455208
0 0.302778 0.475521 0.296296 0.478125 0.295370 0.484375 0.300926 0.491146 0.310185 0.492708 0.319444 0.488542 0.322222 0.484375 0.322222 0.479687 0.317593 0.476562
0 0.321296 0.490625 0.313889 0.494792 0.314815 0.503646 0.319444 0.505729 0.330556 0.505729 0.335185 0.502083 0.336111 0.494271 0.330556 0.490625
0 0.354630 0.499479 0.341667 0.498437 0.336111 0.500000 0.331481 0.505208 0.332407 0.511458 0.336111 0.515104 0.344444 0.515104 0.358333 0.510938 0.361111 0.505208 0.359259 0.502083
0 0.364815 0.514583 0.358333 0.511979 0.340741 0.515104 0.335185 0.521875 0.338889 0.524479 0.346296 0.526563 0.360185 0.526563 0.364815 0.525000 0.366667 0.521875
0 0.184259 0.565104 0.176852 0.568229 0.175000 0.571875 0.175926 0.577083 0.183333 0.582292 0.191667 0.582292 0.200000 0.577604 0.202778 0.573958 0.202778 0.570312 0.199074 0.566667 0.192593 0.565104
0 0.167593 0.568750 0.156481 0.568750 0.148148 0.573438 0.146296 0.576042 0.147222 0.579167 0.155556 0.583854 0.164815 0.583333 0.173148 0.579688 0.173148 0.572917
0 0.128704 0.582812 0.123148 0.587500 0.125000 0.591667 0.128704 0.594271 0.145370 0.595833 0.149074 0.595313 0.154630 0.592187 0.156481 0.585938 0.155556 0.583854 0.150000 0.580729 0.140741 0.580208
0 0.155556 0.591146 0.151852 0.594792 0.151852 0.599479 0.156481 0.603125 0.163889 0.603646 0.179630 0.600000 0.182407 0.594792 0.176852 0.590104 0.161111 0.589583
0 0.162963 0.616146 0.153704 0.616667 0.147222 0.620313 0.145370 0.629687 0.150926 0.633333 0.162963 0.633333 0.175000 0.627604 0.173148 0.620833
0 0.120370 0.616667 0.115741 0.620313 0.115741 0.627083 0.127778 0.631771 0.139815 0.630729 0.144444 0.627604 0.147222 0.622917 0.147222 0.618229 0.137963 0.615625 0.125000 0.615625
0 0.083333 0.611979 0.070370 0.611979 0.066667 0.613021 0.061111 0.618750 0.060185 0.623437 0.069444 0.630208 0.076852 0.629687 0.087963 0.624479 0.090741 0.616667 0.089815 0.614583
0 0.123148 0.575521 0.112037 0.574479 0.104630 0.576562 0.099074 0.581771 0.100000 0.587500 0.107407 0.590104 0.120370 0.589063 0.127778 0.581771 0.127778 0.579167
0 0.129630 0.563542 0.122222 0.568229 0.123148 0.575000 0.129630 0.578125 0.143519 0.578125 0.149074 0.573438 0.149074 0.566667 0.141667 0.563542
0 0.149074 0.552604 0.146296 0.555729 0.146296 0.560937 0.150926 0.564583 0.157407 0.566146 0.167593 0.566146 0.179630 0.563542 0.180556 0.559896 0.177778 0.556771 0.168519 0.551562 0.153704 0.550521
0 0.175000 0.539062 0.170370 0.540625 0.167593 0.544271 0.168519 0.549479 0.175926 0.554167 0.190741 0.553125 0.196296 0.549479 0.196296 0.543750 0.193519 0.540625 0.187037 0.538542
0 0.153704 0.548438 0.141667 0.544792 0.128704 0.545312 0.120370 0.548438 0.118519 0.556250 0.128704 0.561458 0.140741 0.560417 0.145370 0.558854
0 0.103704 0.559375 0.096296 0.560937 0.091667 0.563542 0.089815 0.566667 0.091667 0.574479 0.100000 0.576562 0.115741 0.573958 0.119444 0.569792 0.117593 0.563542 0.113889 0.561458
0 0.085185 0.576042 0.073148 0.578646 0.069444 0.582812 0.069444 0.586458 0.077778 0.592708 0.087037 0.593750 0.097222 0.588542 0.098148 0.580729 0.092593 0.577083
0 0.068519 0.597917 0.067593 0.604688 0.077778 0.609375 0.090741 0.609375 0.096296 0.607292 0.098148 0.599479 0.096296 0.596875 0.091667 0.594792 0.078704 0.593750
0 0.125926 0.592708 0.115741 0.590625 0.103704 0.592708 0.099074 0.595313 0.100000 0.604167 0.107407 0.606771 0.117593 0.606771 0.125000 0.605208 0.129630 0.600521 0.129630 0.595833
0 0.149074 0.598958 0.136111 0.599479 0.129630 0.602083 0.126852 0.607812 0.130556 0.613021 0.134259 0.615104 0.143519 0.616146 0.155556 0.611979 0.157407 0.604688 0.154630 0.601042
0 0.178704 0.601562 0.167593 0.602604 0.161111 0.605729 0.158333 0.611458 0.160185 0.615104 0.169444 0.620313 0.177778 0.620313 0.184259 0.616667 0.187037 0.612500 0.187037 0.605729
0 0.208333 0.610417 0.197222 0.609896 0.187963 0.614062 0.183333 0.620313 0.183333 0.624479 0.186111 0.626042 0.203704 0.626563 0.210185 0.623958 0.213889 0.619792 0.213889 0.615104
0 0.213889 0.592187 0.224074 0.600000 0.232407 0.601562 0.239815 0.600000 0.241667 0.597396 0.240741 0.593229 0.231481 0.591146 0.225926 0.587500 0.218519 0.587500
0 0.203704 0.592187 0.195370 0.593750 0.191667 0.595833 0.190741 0.600000 0.196296 0.608333 0.207407 0.609375 0.217593 0.605729 0.220370 0.602083 0.220370 0.597917 0.218519 0.595313 0.212963 0.592708
0 0.213889 0.607292 0.211111 0.611458 0.216667 0.618229 0.233333 0.620833 0.238889 0.615625 0.239815 0.610938 0.237963 0.607812 0.234259 0.605729 0.226852 0.604688
0 0.216667 0.620313 0.207407 0.626042 0.206481 0.632292 0.210185 0.634896 0.218519 0.636979 0.225926 0.636458 0.237037 0.630729 0.237963 0.626042 0.232407 0.621354
0 0.249074 0.617708 0.238889 0.623437 0.238889 0.629687 0.246296 0.633333 0.259259 0.633854 0.264815 0.629687 0.265741 0.620833 0.260185 0.617708
0 0.243519 0.603125 0.238889 0.606771 0.241667 0.613542 0.250000 0.617708 0.265741 0.617188 0.270370 0.611979 0.271296 0.607292 0.265741 0.604167 0.255556 0.601042
0 0.278704 0.590625 0.271296 0.590625 0.264815 0.592187 0.257407 0.596875 0.258333 0.602083 0.273148 0.606771 0.283333 0.604688 0.287037 0.601562 0.286111 0.593750
0 0.302778 0.584896 0.292593 0.584896 0.285185 0.587500 0.284259 0.592187 0.287037 0.597917 0.293519 0.601042 0.298148 0.600521 0.309259 0.595833 0.310185 0.591667 0.308333 0.587500
0 0.290741 0.577604 0.282407 0.575000 0.272222 0.576562 0.265741 0.579688 0.262037 0.583854 0.262963 0.587500 0.267593 0.589583 0.281481 0.589583 0.291667 0.584375 0.292593 0.579688
0 0.238889 0.576042 0.227778 0.579167 0.225000 0.582812 0.225000 0.586979 0.231481 0.591667 0.240741 0.593229 0.253704 0.589583 0.255556 0.588021 0.255556 0.583333 0.248148 0.577083
0 0.215741 0.567187 0.215741 0.574479 0.224074 0.578646 0.240741 0.576042 0.247222 0.572396 0.253704 0.572396 0.246296 0.570833 0.246296 0.567708 0.242593 0.565104 0.233333 0.563542 0.222222 0.564583
0 0.213889 0.547396 0.204630 0.552083 0.201852 0.555729 0.201852 0.559896 0.205556 0.564063 0.209259 0.565104 0.220370 0.565104 0.226852 0.562500 0.226852 0.553646 0.220370 0.547396
0 0.226852 0.542188 0.223148 0.546354 0.223148 0.550000 0.227778 0.553646 0.245370 0.553646 0.253704 0.551562 0.255556 0.548438 0.246296 0.540104 0.237037 0.539062 0.232407 0.539583
0 0.262037 0.555208 0.250926 0.555208 0.247222 0.556250 0.245370 0.560417 0.245370 0.567708 0.247222 0.570312 0.253704 0.570833 0.264815 0.567708 0.269444 0.565104 0.269444 0.559375
0 0.262037 0.552604 0.263889 0.555729 0.278704 0.559375 0.290741 0.559375 0.294444 0.556771 0.294444 0.552604 0.290741 0.547917 0.283333 0.545312 0.270370 0.547396
0 0.275926 0.559896 0.271296 0.563542 0.271296 0.569271 0.274074 0.572396 0.279630 0.574479 0.290741 0.574479 0.299074 0.569792 0.298148 0.563021 0.288889 0.559375
0 0.300926 0.573958 0.297222 0.578646 0.297222 0.581771 0.300000 0.584375 0.308333 0.587500 0.313889 0.587500 0.324074 0.583854 0.325000 0.578646 0.321296 0.575000 0.312963 0.572917
0 0.313889 0.588021 0.313889 0.594792 0.322222 0.597396 0.338889 0.595313 0.343519 0.592708 0.344444 0.587500 0.338889 0.585938 0.321296 0.584896
0 0.329630 0.596875 0.326852 0.598958 0.326852 0.603125 0.331481 0.608333 0.345370 0.609896 0.353704 0.605208 0.353704 0.598958 0.349074 0.596354 0.340741 0.594792
0 0.307407 0.596354 0.298148 0.600000 0.297222 0.605729 0.299074 0.608854 0.303704 0.611979 0.317593 0.612500 0.326852 0.607812 0.325926 0.600000 0.317593 0.596354
0 0.288889 0.604688 0.280556 0.605208 0.272222 0.609375 0.269444 0.616667 0.274074 0.621354 0.288889 0.621875 0.294444 0.619271 0.297222 0.615625 0.296296 0.611458
0 0.286111 0.622396 0.273148 0.621875 0.266667 0.624479 0.263889 0.633333 0.268519 0.636979 0.273148 0.638021 0.277778 0.637500 0.292593 0.632292 0.292593 0.625521
0 0.317593 0.613542 0.302778 0.612500 0.299074 0.614062 0.292593 0.622396 0.296296 0.631250 0.300000 0.632292 0.306481 0.631771 0.320370 0.625521 0.323148 0.618750
0 0.323148 0.626042 0.317593 0.628646 0.313889 0.633333 0.315741 0.639062 0.324074 0.642188 0.336111 0.642188 0.341667 0.639062 0.341667 0.629687 0.331481 0.625521
0 0.351852 0.624479 0.344444 0.628125 0.343519 0.635417 0.350000 0.640625 0.356481 0.642188 0.364815 0.641667 0.371296 0.635938 0.370370 0.629167 0.362037 0.624479
0 0.366667 0.606250 0.356481 0.604688 0.349074 0.606250 0.345370 0.608333 0.342593 0.611979 0.343519 0.623437 0.359259 0.623958 0.366667 0.622396 0.373148 0.619271 0.375000 0.616146 0.374074 0.610938
0 0.369444 0.579688 0.365741 0.578646 0.355556 0.579688 0.346296 0.586979 0.347222 0.591146 0.354630 0.593229 0.364815 0.593750 0.372222 0.592708 0.375000 0.589063 0.375000 0.584375
0 0.343519 0.565104 0.332407 0.569792 0.330556 0.576562 0.336111 0.579688 0.350926 0.581250 0.362037 0.577083 0.361111 0.569271 0.352778 0.565104
0 0.205556 0.257292 0.201852 0.264583 0.207407 0.269271 0.213889 0.271875 0.225000 0.270833 0.237963 0.259896 0.235185 0.257292 0.221296 0.256250
0 0.255556 0.259896 0.241667 0.261979 0.237037 0.265625 0.237963 0.271354 0.245370 0.275521 0.253704 0.276042 0.258333 0.275000 0.262037 0.272396 0.263889 0.263542 0.260185 0.260937
0 0.272222 0.261458 0.262963 0.265625 0.262037 0.272917 0.269444 0.277083 0.284259 0.277604 0.292593 0.272917 0.289815 0.264583 0.281481 0.260937
0 0.287037 0.247396 0.282407 0.251042 0.280556 0.255208 0.283333 0.261979 0.291667 0.265625 0.300926 0.265104 0.306481 0.263542 0.310185 0.260417 0.308333 0.251563 0.298148 0.247917
0 0.317593 0.256250 0.313889 0.259375 0.316667 0.265625 0.325926 0.270313 0.338889 0.270313 0.345370 0.264062 0.346296 0.258854 0.344444 0.256250 0.331481 0.254167
0 0.310185 0.273438 0.308333 0.279687 0.315741 0.284896 0.329630 0.286458 0.337037 0.285417 0.337963 0.278125 0.330556 0.271354 0.321296 0.269792
0 0.328704 0.286458 0.321296 0.290104 0.319444 0.295312 0.327778 0.300521 0.341667 0.300521 0.348148 0.296354 0.346296 0.289583 0.337963 0.285938
0 0.348148 0.286458 0.350000 0.295312 0.354630 0.299479 0.364815 0.300521 0.375926 0.295833 0.377778 0.290625 0.374074 0.287500 0.362037 0.284896
0 0.357407 0.269792 0.350000 0.269271 0.341667 0.274479 0.340741 0.285938 0.343519 0.288021 0.361111 0.284375 0.366667 0.280729 0.365741 0.275000
0 0.357407 0.253646 0.350000 0.257812 0.349074 0.265104 0.351852 0.268750 0.365741 0.272396 0.376852 0.267708 0.376852 0.263021 0.367593 0.255208
0 0.384259 0.251042 0.377778 0.255208 0.377778 0.264583 0.384259 0.267708 0.393519 0.268229 0.400926 0.265104 0.403704 0.260417 0.402778 0.254688 0.398148 0.251563
0 0.302778 0.392708 0.295370 0.397917 0.296296 0.405208 0.306481 0.407292 0.317593 0.406771 0.322222 0.405208 0.325000 0.399479 0.321296 0.394792 0.312963 0.392188
0 0.285185 0.381250 0.280556 0.382812 0.277778 0.389062 0.287037 0.395833 0.295370 0.396875 0.304630 0.392708 0.305556 0.388542 0.303704 0.384896 0.297222 0.381771
0 0.298148 0.367708 0.294444 0.373437 0.299074 0.379167 0.305556 0.381771 0.316667 0.381250 0.323148 0.377083 0.322222 0.369792 0.311111 0.366667
0 0.282407 0.362500 0.272222 0.367188 0.271296 0.371354 0.282407 0.378646 0.290741 0.379688 0.294444 0.377604 0.293519 0.365104 0.288889 0.362500
0 0.262037 0.372396 0.254630 0.378646 0.257407 0.385937 0.262963 0.387500 0.274074 0.387500 0.277778 0.386458 0.280556 0.382812 0.279630 0.376563 0.270370 0.371875
0 0.247222 0.372917 0.237963 0.373958 0.230556 0.378125 0.229630 0.385937 0.237963 0.390625 0.249074 0.389583 0.255556 0.385937 0.253704 0.376563
0 0.262037 0.389583 0.250926 0.389062 0.239815 0.391667 0.236111 0.397917 0.237963 0.402083 0.242593 0.405208 0.253704 0.406771 0.260185 0.404687 0.265741 0.399479 0.268519 0.393229 0.267593 0.391146
0 0.211111 0.391667 0.206481 0.395313 0.207407 0.400000 0.211111 0.404687 0.217593 0.407292 0.226852 0.407292 0.235185 0.405208 0.237037 0.402604 0.235185 0.395833 0.224074 0.391667
0 0.186111 0.383333 0.181481 0.388021 0.183333 0.394271 0.190741 0.397396 0.204630 0.397396 0.211111 0.392708 0.209259 0.388542 0.199074 0.383333 0.192593 0.382292
0 0.203704 0.372917 0.200926 0.377083 0.201852 0.381771 0.205556 0.385937 0.212037 0.388021 0.220370 0.388021 0.225000 0.386458 0.229630 0.382292 0.230556 0.376042 0.226852 0.373958 0.219444 0.372396 0.209259 0.371875
0 0.182407 0.361979 0.180556 0.364063 0.180556 0.369792 0.184259 0.373437 0.188889 0.375000 0.198148 0.375000 0.210185 0.372396 0.210185 0.366667 0.202778 0.360938 0.190741 0.358854
0 0.177778 0.373437 0.162963 0.372396 0.155556 0.373958 0.151852 0.376042 0.149074 0.380208 0.150000 0.384375 0.157407 0.389062 0.162037 0.390104 0.170370 0.389062 0.178704 0.384896 0.179630 0.375521
0 0.135185 0.359375 0.135185 0.365625 0.141667 0.369271 0.155556 0.369792 0.162037 0.368229 0.164815 0.366146 0.164815 0.360417 0.156481 0.355208 0.143519 0.355729
0 0.132407 0.334375 0.127778 0.336979 0.125000 0.341146 0.128704 0.347917 0.137963 0.351042 0.152778 0.350521 0.156481 0.345313 0.154630 0.338021 0.145370 0.333854
0 0.159259 0.343229 0.155556 0.347396 0.155556 0.352083 0.158333 0.355729 0.167593 0.359896 0.179630 0.358333 0.183333 0.354687 0.183333 0.348958 0.180556 0.345833 0.171296 0.342708
0 0.189815 0.345833 0.185185 0.348958 0.184259 0.353646 0.186111 0.355729 0.196296 0.359896 0.205556 0.360417 0.212037 0.356771 0.213889 0.352604 0.212037 0.345833 0.206481 0.343750 0.200000 0.343750
0 0.245370 0.351562 0.237037 0.354687 0.235185 0.356771 0.235185 0.363021 0.239815 0.367708 0.244444 0.369271 0.253704 0.368750 0.261111 0.365104 0.263889 0.361979 0.263889 0.358854 0.259259 0.353125
0 0.280556 0.341146 0.271296 0.345313 0.269444 0.348958 0.270370 0.352083 0.278704 0.356771 0.287963 0.356771 0.296296 0.350521 0.295370 0.345313 0.290741 0.342187
0 0.294444 0.352083 0.288889 0.356771 0.289815 0.361979 0.293519 0.364063 0.300000 0.365104 0.309259 0.365104 0.314815 0.361979 0.314815 0.357292 0.312037 0.354167 0.304630 0.351042
0 0.322222 0.352083 0.315741 0.356771 0.316667 0.361979 0.323148 0.368229 0.331481 0.367708 0.338889 0.364583 0.341667 0.356771 0.337963 0.353125
0 0.337037 0.336979 0.329630 0.337500 0.320370 0.340625 0.317593 0.346354 0.323148 0.352604 0.337963 0.353125 0.344444 0.350521 0.345370 0.343229
0 0.351852 0.322396 0.341667 0.322396 0.336111 0.325000 0.333333 0.328646 0.335185 0.335417 0.343519 0.344271 0.357407 0.337500 0.361111 0.336979 0.363889 0.333333 0.364815 0.329167 0.362963 0.326042
0 0.300926 0.331250 0.293519 0.333854 0.292593 0.342708 0.299074 0.347396 0.311111 0.347917 0.317593 0.345313 0.320370 0.342187 0.320370 0.334375 0.316667 0.332813
0 0.288889 0.320833 0.280556 0.321875 0.275926 0.325000 0.275000 0.331771 0.279630 0.335938 0.289815 0.335938 0.301852 0.330208 0.298148 0.325000
0 0.253704 0.332292 0.250926 0.333854 0.250000 0.338542 0.251852 0.341667 0.256481 0.344271 0.268519 0.345833 0.278704 0.342187 0.278704 0.335417 0.274074 0.331250 0.260185 0.330729
0 0.202778 0.332813 0.200926 0.338542 0.202778 0.342187 0.206481 0.344271 0.215741 0.346354 0.233333 0.344271 0.235185 0.340625 0.233333 0.336458 0.227778 0.331771 0.218519 0.329688 0.211111 0.329688
0 0.196296 0.329167 0.180556 0.329688 0.171296 0.334375 0.170370 0.338021 0.174074 0.343229 0.183333 0.346875 0.194444 0.345313 0.200926 0.342187 0.200926 0.332292
0 0.153704 0.321875 0.144444 0.325521 0.144444 0.330729 0.147222 0.334375 0.154630 0.338021 0.168519 0.336979 0.175926 0.330208 0.175000 0.324479 0.165741 0.321354
0 0.116667 0.311458 0.108333 0.316146 0.109259 0.323437 0.112037 0.325521 0.121296 0.328125 0.128704 0.327604 0.137963 0.322396 0.137963 0.316667 0.129630 0.311458
0 0.114815 0.325521 0.106481 0.326562 0.101852 0.330208 0.101852 0.339062 0.106481 0.345833 0.115741 0.345313 0.123148 0.341667 0.126852 0.338021 0.126852 0.332292 0.124074 0.328646
0 0.079630 0.323437 0.070370 0.329167 0.075926 0.338021 0.082407 0.339583 0.095370 0.338542 0.100000 0.335417 0.100000 0.329167 0.098148 0.327083 0.091667 0.323958
0 0.100926 0.351562 0.091667 0.351562 0.087963 0.353125 0.082407 0.360938 0.083333 0.365625 0.086111 0.368229 0.093519 0.368750 0.101852 0.367708 0.112037 0.363021 0.112963 0.360417 0.110185 0.356250
0 0.049074 0.391667 0.044444 0.395313 0.044444 0.402083 0.046296 0.404687 0.050000 0.406250 0.058333 0.405208 0.066667 0.405729 0.075000 0.396875 0.072222 0.393229 0.066667 0.390625
0 0.069444 0.383854 0.067593 0.390104 0.076852 0.395833 0.089815 0.396354 0.097222 0.393229 0.099074 0.386979 0.095370 0.382812 0.091667 0.381250 0.079630 0.380208
0 0.046296 0.374479 0.042593 0.379688 0.042593 0.384896 0.045370 0.389062 0.049074 0.390625 0.065741 0.390104 0.070370 0.384375 0.071296 0.380729 0.069444 0.377604 0.060185 0.373437 0.050000 0.373437
0 0.065741 0.361458 0.058333 0.365625 0.057407 0.370312 0.066667 0.376563 0.078704 0.377604 0.085185 0.373437 0.086111 0.368750 0.084259 0.364583 0.074074 0.360938
0 0.052778 0.344792 0.048148 0.348438 0.048148 0.354167 0.050926 0.356771 0.062037 0.359896 0.072222 0.358854 0.078704 0.354167 0.076852 0.347396 0.067593 0.343750
0 0.049074 0.327604 0.043519 0.332813 0.045370 0.339583 0.057407 0.343750 0.066667 0.343229 0.073148 0.338542 0.071296 0.330729 0.067593 0.328125 0.062963 0.327083
0 0.050926 0.312500 0.046296 0.317188 0.048148 0.323958 0.053704 0.326562 0.062963 0.327604 0.070370 0.327083 0.074074 0.323437 0.070370 0.315625 0.062963 0.311979
0 0.078704 0.305729 0.071296 0.310417 0.071296 0.315104 0.080556 0.322396 0.085185 0.323437 0.092593 0.322917 0.097222 0.318750 0.096296 0.313021 0.087037 0.306771
0 0.072222 0.300000 0.066667 0.297917 0.058333 0.298438 0.053704 0.300000 0.047222 0.305208 0.050000 0.310937 0.055556 0.312500 0.066667 0.312500 0.075926 0.306771
0 0.100926 0.295833 0.091667 0.301563 0.091667 0.307292 0.101852 0.312500 0.107407 0.313542 0.112963 0.313021 0.120370 0.309896 0.122222 0.307292 0.116667 0.296875 0.112963 0.295312
0 0.167593 0.292187 0.159259 0.296875 0.161111 0.305729 0.171296 0.309375 0.186111 0.308333 0.189815 0.304688 0.189815 0.300000 0.186111 0.294271 0.179630 0.291667
0 0.201852 0.306250 0.196296 0.307292 0.189815 0.310937 0.188889 0.316146 0.191667 0.320312 0.197222 0.323437 0.206481 0.323958 0.215741 0.319792 0.217593 0.312500 0.212037 0.307812
0 0.223148 0.304167 0.218519 0.309896 0.221296 0.316667 0.225926 0.319271 0.231481 0.320312 0.238889 0.319792 0.246296 0.315104 0.245370 0.307812 0.240741 0.304688 0.236111 0.303646
0 0.250000 0.315104 0.241667 0.318229 0.239815 0.326562 0.243519 0.330729 0.254630 0.332292 0.266667 0.329167 0.268519 0.327083 0.268519 0.321354 0.261111 0.316146
0 0.272222 0.304688 0.262963 0.307812 0.261111 0.309896 0.261111 0.315625 0.266667 0.320312 0.279630 0.320833 0.286111 0.317708 0.289815 0.309375 0.284259 0.305729
0 0.294444 0.308333 0.287963 0.313542 0.289815 0.320833 0.300926 0.325000 0.312037 0.323437 0.314815 0.321354 0.312963 0.311458 0.303704 0.307812
0 0.322222 0.309896 0.315741 0.314063 0.314815 0.322396 0.322222 0.326042 0.333333 0.326042 0.341667 0.322396 0.341667 0.314063 0.335185 0.309896
0 0.349074 0.298958 0.343519 0.300000 0.337963 0.303125 0.337037 0.310937 0.344444 0.315104 0.351852 0.315625 0.360185 0.313021 0.362963 0.310937 0.361111 0.302604 0.356481 0.300000
0 0.358333 0.314583 0.355556 0.322396 0.360185 0.325000 0.386111 0.326562 0.388889 0.321875 0.379630 0.313542 0.372222 0.311458 0.362963 0.311979
0 0.364815 0.336458 0.355556 0.337500 0.348148 0.341667 0.346296 0.344271 0.347222 0.350000 0.356481 0.354167 0.365741 0.354167 0.369444 0.352604 0.375000 0.345833 0.370370 0.339062
0 0.353704 0.354687 0.343519 0.357812 0.341667 0.364063 0.346296 0.369271 0.358333 0.371354 0.368519 0.368750 0.372222 0.360938 0.364815 0.355729
0 0.328704 0.368750 0.324074 0.372917 0.324074 0.377604 0.326852 0.380208 0.338889 0.384896 0.345370 0.384896 0.351852 0.382812 0.355556 0.377083 0.352778 0.371875 0.342593 0.367708
0 0.362037 0.376042 0.354630 0.380208 0.354630 0.385937 0.356481 0.388021 0.370370 0.391146 0.378704 0.389583 0.382407 0.385417 0.380556 0.378646 0.373148 0.375521
0 0.355556 0.388542 0.350000 0.389583 0.348148 0.391146 0.346296 0.397396 0.350000 0.402604 0.359259 0.405208 0.364815 0.404167 0.371296 0.400521 0.373148 0.392188 0.362037 0.389062
0 0.067593 0.493229 0.057407 0.493750 0.046296 0.497917 0.045370 0.502604 0.048148 0.505208 0.051852 0.506250 0.067593 0.506250 0.072222 0.504167 0.074074 0.497396
0 0.052778 0.507812 0.049074 0.510417 0.047222 0.515625 0.050000 0.520833 0.058333 0.523438 0.072222 0.522396 0.077778 0.517708 0.075926 0.510938 0.068519 0.506771 0.056481 0.506771
0 0.106481 0.509896 0.094444 0.514062 0.092593 0.519271 0.093519 0.521875 0.100000 0.525521 0.108333 0.526563 0.120370 0.522917 0.122222 0.517188 0.118519 0.513021
0 0.103704 0.499479 0.092593 0.498437 0.082407 0.501563 0.079630 0.505208 0.079630 0.510417 0.084259 0.514062 0.094444 0.514583 0.107407 0.509896 0.109259 0.505208
0 0.085185 0.482812 0.075000 0.483333 0.068519 0.487500 0.068519 0.494271 0.074074 0.498437 0.080556 0.498958 0.092593 0.491667 0.092593 0.485417
0 0.050000 0.473958 0.044444 0.477083 0.045370 0.485938 0.057407 0.490104 0.066667 0.490104 0.075000 0.482812 0.071296 0.477083 0.065741 0.473438 0.056481 0.472917
0 0.097222 0.464062 0.086111 0.464062 0.075926 0.467187 0.070370 0.470313 0.069444 0.475521 0.076852 0.481250 0.087963 0.481771 0.094444 0.478646 0.100000 0.470833 0.100000 0.465625
0 0.122222 0.477083 0.109259 0.476562 0.099074 0.480208 0.098148 0.486979 0.104630 0.492708 0.113889 0.493229 0.125000 0.489063 0.127778 0.485417 0.127778 0.481250
0 0.121296 0.490625 0.108333 0.495312 0.106481 0.497396 0.107407 0.502083 0.112037 0.505729 0.117593 0.507292 0.129630 0.506771 0.137963 0.501042 0.137963 0.496354 0.134259 0.491667
0 0.137963 0.488542 0.136111 0.490104 0.136111 0.494271 0.143519 0.498958 0.157407 0.500521 0.164815 0.496354 0.162963 0.489583 0.159259 0.487500 0.149074 0.485938
0 0.135185 0.503125 0.133333 0.505208 0.133333 0.511979 0.137037 0.515625 0.141667 0.517188 0.150926 0.517708 0.161111 0.514583 0.161111 0.510417 0.156481 0.502604 0.150926 0.501042 0.142593 0.501042
0 0.175926 0.497396 0.162963 0.498437 0.158333 0.501563 0.160185 0.511458 0.168519 0.516146 0.179630 0.515104 0.183333 0.513021 0.187037 0.507812 0.186111 0.501563 0.182407 0.498958
0 0.193519 0.507812 0.188889 0.508854 0.181481 0.513542 0.181481 0.518750 0.190741 0.523958 0.199074 0.525000 0.209259 0.520833 0.212037 0.513021 0.206481 0.508854
0 0.225000 0.510417 0.215741 0.512500 0.212037 0.516146 0.212037 0.520312 0.213889 0.523438 0.220370 0.527604 0.229630 0.528125 0.241667 0.523958 0.243519 0.517188 0.238889 0.513542
0 0.219444 0.494271 0.209259 0.496354 0.203704 0.505208 0.209259 0.509896 0.215741 0.511458 0.228704 0.508854 0.234259 0.504167 0.234259 0.501042 0.227778 0.495833
0 0.190741 0.491667 0.184259 0.497396 0.186111 0.502083 0.190741 0.506771 0.201852 0.507292 0.205556 0.505208 0.212037 0.493750 0.204630 0.491146
0 0.184259 0.480729 0.174074 0.481771 0.164815 0.486458 0.165741 0.492188 0.175926 0.496354 0.185185 0.496354 0.195370 0.490625 0.193519 0.484896
0 0.153704 0.467708 0.144444 0.473958 0.144444 0.480729 0.152778 0.485417 0.166667 0.484896 0.173148 0.482292 0.173148 0.475521 0.163889 0.467708
0 0.139815 0.451042 0.136111 0.454167 0.136111 0.459375 0.141667 0.464062 0.149074 0.466146 0.159259 0.465625 0.162037 0.463542 0.162963 0.459375 0.171296 0.455729 0.170370 0.454167 0.156481 0.450000 0.147222 0.449479
0 0.163889 0.458854 0.162037 0.460417 0.162037 0.464583 0.170370 0.473438 0.175926 0.474479 0.185185 0.473958 0.191667 0.468229 0.189815 0.462500 0.184259 0.459375 0.169444 0.457292
0 0.200000 0.457813 0.194444 0.462500 0.196296 0.467187 0.210185 0.472396 0.219444 0.471354 0.223148 0.468229 0.223148 0.463021 0.220370 0.460417 0.213889 0.457292
0 0.195370 0.468750 0.185185 0.473958 0.184259 0.480208 0.189815 0.483854 0.200926 0.484375 0.207407 0.481771 0.210185 0.474479 0.206481 0.471354 0.199074 0.468750
0 0.211111 0.475000 0.206481 0.481771 0.208333 0.489063 0.214815 0.491667 0.226852 0.491146 0.234259 0.486979 0.235185 0.481250 0.225000 0.475000 0.219444 0.473958
0 0.232407 0.464583 0.224074 0.468750 0.224074 0.473438 0.227778 0.477604 0.235185 0.481771 0.247222 0.485417 0.251852 0.479687 0.251852 0.472917 0.249074 0.468229 0.245370 0.465104
0 0.219444 0.448437 0.214815 0.452604 0.216667 0.459375 0.224074 0.462500 0.233333 0.462500 0.239815 0.460938 0.242593 0.456771 0.242593 0.452604 0.239815 0.448958 0.234259 0.446875 0.225000 0.446875
0 0.200000 0.436979 0.194444 0.439063 0.190741 0.442708 0.192593 0.447917 0.200000 0.452083 0.212037 0.452604 0.222222 0.447396 0.223148 0.442708 0.214815 0.437500
0 0.192593 0.427083 0.193519 0.432812 0.200926 0.435937 0.215741 0.436458 0.222222 0.434896 0.225000 0.432812 0.222222 0.425521 0.212963 0.421875 0.200000 0.422396
0 0.162963 0.427604 0.157407 0.432292 0.157407 0.438542 0.162037 0.441146 0.167593 0.442188 0.178704 0.441667 0.185185 0.436979 0.183333 0.430729 0.175000 0.427604
0 0.130556 0.434896 0.125926 0.439063 0.125926 0.444792 0.127778 0.446875 0.135185 0.450000 0.148148 0.448958 0.154630 0.443750 0.155556 0.438021 0.151852 0.435937 0.141667 0.434375
0 0.108333 0.462500 0.106481 0.468229 0.112037 0.474479 0.123148 0.475521 0.132407 0.472396 0.133333 0.465625 0.127778 0.460938 0.114815 0.459896
0 0.099074 0.447396 0.091667 0.451042 0.091667 0.459375 0.095370 0.463021 0.105556 0.463542 0.118519 0.459375 0.119444 0.454167 0.116667 0.451042 0.110185 0.447917
0 0.047222 0.457813 0.042593 0.462500 0.044444 0.469792 0.051852 0.472917 0.067593 0.471875 0.072222 0.466146 0.066667 0.459896 0.061111 0.457292 0.051852 0.456771
0 0.198148 0.252604 0.190741 0.251042 0.175000 0.252604 0.172222 0.254688 0.175000 0.263542 0.184259 0.266667 0.198148 0.266146 0.202778 0.261979 0.202778 0.255729
0 0.179630 0.267708 0.181481 0.275521 0.194444 0.282292 0.205556 0.283333 0.212963 0.280208 0.213889 0.273438 0.206481 0.268750 0.191667 0.266667 0.181481 0.266667
0 0.667593 0.665625 0.662963 0.669792 0.663889 0.676042 0.666667 0.679167 0.675000 0.681771 0.688889 0.680208 0.692593 0.677604 0.692593 0.671875 0.685185 0.665625 0.678704 0.664062
0 0.087037 0.288542 0.073148 0.290104 0.071296 0.294271 0.071296 0.298958 0.076852 0.304688 0.087963 0.305729 0.090741 0.304167 0.098148 0.295833 0.096296 0.291146
0 0.050000 0.282813 0.045370 0.289062 0.047222 0.295833 0.051852 0.297917 0.068519 0.296875 0.072222 0.293750 0.072222 0.286979 0.060185 0.281250
0 0.059259 0.270313 0.057407 0.271354 0.058333 0.280208 0.072222 0.286458 0.081481 0.284896 0.084259 0.282813 0.079630 0.272917 0.069444 0.268750
0 0.046296 0.258333 0.046296 0.267708 0.051852 0.271354 0.060185 0.271354 0.073148 0.268229 0.075000 0.263542 0.067593 0.258333 0.050926 0.256771
0 0.078704 0.254688 0.075926 0.258333 0.075926 0.261979 0.080556 0.266146 0.086111 0.267188 0.100926 0.267188 0.109259 0.264062 0.108333 0.259375 0.100926 0.254688 0.087963 0.253125
0 0.099074 0.266667 0.086111 0.267188 0.080556 0.271875 0.080556 0.279167 0.087963 0.286458 0.096296 0.285938 0.109259 0.276562 0.108333 0.269792
0 0.107407 0.278125 0.102778 0.280729 0.100000 0.284896 0.101852 0.291146 0.111111 0.294792 0.124074 0.294271 0.129630 0.291146 0.130556 0.283333 0.123148 0.279167
0 0.269444 0.293750 0.257407 0.293750 0.251852 0.294792 0.246296 0.297917 0.244444 0.303125 0.251852 0.307812 0.262037 0.308854 0.272222 0.304688 0.274074 0.302604 0.274074 0.296354
0 0.279630 0.292187 0.275000 0.294792 0.274074 0.297396 0.275926 0.303646 0.287963 0.307812 0.298148 0.306771 0.300000 0.304688 0.300000 0.296875 0.298148 0.294271 0.289815 0.291667
0 0.306481 0.294271 0.300926 0.297917 0.300926 0.306250 0.311111 0.309896 0.316667 0.310417 0.322222 0.309375 0.326852 0.304167 0.325000 0.298438 0.317593 0.294271
0 0.292593 0.276562 0.286111 0.282813 0.287963 0.288021 0.298148 0.292187 0.312963 0.291146 0.314815 0.288021 0.313889 0.283333 0.309259 0.279167 0.302778 0.276042
0 0.269444 0.277604 0.260185 0.281250 0.259259 0.287500 0.266667 0.292708 0.275926 0.293229 0.286111 0.288542 0.286111 0.282813 0.281481 0.279167
0 0.233333 0.279167 0.231481 0.284896 0.237037 0.290625 0.246296 0.293750 0.253704 0.293750 0.259259 0.287500 0.259259 0.283333 0.255556 0.279167 0.247222 0.276042
0 0.225926 0.286458 0.216667 0.291667 0.216667 0.298958 0.225000 0.303646 0.237963 0.303646 0.243519 0.300000 0.243519 0.294792 0.234259 0.288021
0 0.197222 0.288542 0.188889 0.291667 0.187963 0.296875 0.189815 0.301042 0.197222 0.305208 0.210185 0.305729 0.216667 0.300521 0.214815 0.292187 0.205556 0.288542
0 0.170370 0.279167 0.168519 0.288021 0.172222 0.290625 0.185185 0.292187 0.198148 0.289062 0.199074 0.285417 0.197222 0.283333 0.186111 0.277604 0.176852 0.277083
0 0.134259 0.284896 0.131481 0.288542 0.131481 0.292708 0.135185 0.298438 0.141667 0.301042 0.151852 0.301042 0.155556 0.300000 0.161111 0.292708 0.160185 0.288542 0.152778 0.284896
0 0.141667 0.270313 0.130556 0.275521 0.127778 0.279167 0.128704 0.281250 0.134259 0.284896 0.153704 0.284896 0.159259 0.279687 0.157407 0.275521 0.150000 0.270833
0 0.137037 0.254688 0.131481 0.259896 0.131481 0.265625 0.141667 0.269792 0.152778 0.269271 0.158333 0.264062 0.155556 0.257292 0.149074 0.254688
0 0.162037 0.263021 0.152778 0.271875 0.159259 0.277083 0.171296 0.279167 0.180556 0.276042 0.179630 0.267708 0.176852 0.264062 0.173148 0.262500
0 0.888889 0.643229 0.887963 0.650521 0.897222 0.655729 0.911111 0.656771 0.920370 0.653646 0.921296 0.646875 0.914815 0.641667 0.906481 0.639583 0.898148 0.639583
0 0.869444 0.628125 0.860185 0.634375 0.862963 0.639583 0.869444 0.645312 0.880556 0.645833 0.887963 0.641146 0.890741 0.635938 0.889815 0.632812 0.884259 0.628646
0 0.890741 0.620313 0.885185 0.626563 0.890741 0.634896 0.899074 0.637500 0.913889 0.635417 0.918519 0.631250 0.915741 0.624479 0.909259 0.621354 0.899074 0.619792
0 0.902778 0.601562 0.890741 0.605729 0.889815 0.616146 0.896296 0.619792 0.907407 0.620833 0.917593 0.617188 0.919444 0.615104 0.919444 0.608854 0.911111 0.602604
0 0.869444 0.600521 0.860185 0.605729 0.862037 0.613542 0.868519 0.617708 0.875926 0.619792 0.887037 0.618750 0.889815 0.616667 0.889815 0.607292 0.887963 0.603646 0.878704 0.600000
0 0.830556 0.586979 0.825926 0.590104 0.826852 0.600000 0.835185 0.604167 0.847222 0.604688 0.850926 0.603646 0.853704 0.600521 0.853704 0.595313 0.850000 0.590625 0.843519 0.586979
0 0.808333 0.588021 0.800926 0.591146 0.799074 0.594792 0.800000 0.600000 0.806481 0.602604 0.815741 0.602604 0.824074 0.599479 0.824074 0.591146 0.817593 0.588021
0 0.751852 0.592187 0.742593 0.596354 0.740741 0.600000 0.744444 0.604167 0.752778 0.607812 0.761111 0.607812 0.768519 0.604167 0.768519 0.595833 0.761111 0.592187
0 0.773148 0.592708 0.769444 0.595313 0.769444 0.601562 0.773148 0.605729 0.788889 0.607292 0.797222 0.604167 0.800000 0.600000 0.797222 0.594271 0.782407 0.591146
0 0.731481 0.580729 0.725926 0.583854 0.723148 0.586979 0.724074 0.588542 0.738889 0.594792 0.747222 0.594271 0.752778 0.592187 0.753704 0.584375 0.749074 0.580729 0.741667 0.579167
0 0.725926 0.588542 0.714815 0.589583 0.705556 0.595313 0.706481 0.600000 0.711111 0.602604 0.726852 0.603646 0.735185 0.599479 0.737037 0.596875 0.736111 0.593750
0 0.686111 0.583333 0.684259 0.584896 0.684259 0.589063 0.689815 0.594271 0.696296 0.595833 0.702778 0.595833 0.712037 0.592187 0.713889 0.586458 0.710185 0.582292 0.706481 0.581250 0.694444 0.581250
0 0.649074 0.585417 0.646296 0.588021 0.645370 0.592708 0.651852 0.595833 0.659259 0.597917 0.669444 0.597917 0.675926 0.595313 0.676852 0.586979 0.671296 0.582292 0.662037 0.581771
0 0.608333 0.581771 0.605556 0.588542 0.609259 0.592187 0.620370 0.594271 0.629630 0.594271 0.636111 0.592187 0.637037 0.586979 0.631481 0.580729 0.624074 0.578646 0.615741 0.578646
0 0.606481 0.592187 0.600926 0.594271 0.597222 0.597917 0.594444 0.604688 0.600926 0.609375 0.608333 0.610417 0.616667 0.608854 0.622222 0.605208 0.623148 0.598958 0.615741 0.593229
0 0.594444 0.586979 0.587963 0.586979 0.575000 0.591667 0.574074 0.596354 0.578704 0.601562 0.584259 0.604688 0.592593 0.604167 0.600926 0.595313 0.600926 0.591667
0 0.551852 0.595833 0.548148 0.599479 0.548148 0.603646 0.550926 0.606771 0.558333 0.609375 0.569444 0.608854 0.576852 0.603646 0.576852 0.599479 0.573148 0.595833 0.565741 0.594271
0 0.536111 0.581250 0.531481 0.583854 0.529630 0.586979 0.530556 0.591146 0.534259 0.594271 0.545370 0.597396 0.560185 0.592708 0.561111 0.587500 0.555556 0.582292 0.547222 0.580729
0 0.524074 0.595313 0.518519 0.597917 0.516667 0.604167 0.523148 0.609375 0.529630 0.610417 0.540741 0.609375 0.546296 0.604167 0.544444 0.599479 0.536111 0.595313
0 0.502778 0.589583 0.493519 0.592187 0.490741 0.600521 0.495370 0.606250 0.503704 0.607292 0.514815 0.601562 0.516667 0.595313 0.511111 0.591146
0 0.458333 0.591667 0.458333 0.597396 0.461111 0.600000 0.466667 0.601042 0.483333 0.600521 0.488889 0.596354 0.487963 0.591146 0.483333 0.589583 0.466667 0.589063
0 0.437037 0.589583 0.431481 0.595313 0.431481 0.602083 0.440741 0.606771 0.455556 0.605729 0.459259 0.601042 0.456481 0.594271 0.449074 0.589583 0.441667 0.588542
0 0.409259 0.601042 0.407407 0.602604 0.408333 0.608854 0.415741 0.616667 0.427778 0.617188 0.433333 0.613021 0.436111 0.607812 0.432407 0.602604 0.424074 0.600521
0 0.416667 0.617708 0.406481 0.621875 0.404630 0.628125 0.411111 0.632812 0.422222 0.633854 0.429630 0.631771 0.433333 0.627083 0.433333 0.622396 0.427778 0.618229
0 0.412037 0.635417 0.404630 0.637500 0.400000 0.640625 0.400000 0.646354 0.401852 0.648958 0.411111 0.652083 0.421296 0.651563 0.431481 0.646875 0.431481 0.639583 0.425926 0.635938
0 0.428704 0.647917 0.424074 0.650521 0.423148 0.653125 0.425926 0.660417 0.433333 0.663542 0.448148 0.662500 0.452778 0.654687 0.450000 0.650000 0.438889 0.647396
0 0.419444 0.662500 0.406481 0.667708 0.404630 0.669271 0.405556 0.673958 0.411111 0.677604 0.419444 0.680208 0.428704 0.679688 0.432407 0.678125 0.435185 0.673958 0.434259 0.666667 0.428704 0.663021
0 0.425926 0.680208 0.420370 0.681771 0.415741 0.684896 0.416667 0.692187 0.422222 0.696354 0.435185 0.696875 0.441667 0.693229 0.441667 0.684896 0.436111 0.681250
0 0.422222 0.696875 0.414815 0.701042 0.414815 0.709896 0.420370 0.714583 0.427778 0.714583 0.436111 0.710417 0.438889 0.706250 0.438889 0.702083 0.433333 0.697917
0 0.399074 0.712500 0.385185 0.717708 0.384259 0.722917 0.386111 0.725521 0.390741 0.727604 0.402778 0.729167 0.411111 0.726042 0.412037 0.718750 0.407407 0.714063
0 0.392593 0.695833 0.384259 0.697917 0.377778 0.707812 0.378704 0.711458 0.385185 0.714583 0.392593 0.714583 0.398148 0.713021 0.400000 0.710417 0.397222 0.699479
0 0.398148 0.685937 0.393519 0.692187 0.395370 0.696354 0.405556 0.700000 0.416667 0.700000 0.419444 0.697917 0.419444 0.693229 0.415741 0.685417 0.413889 0.684375 0.405556 0.684375
0 0.378704 0.668750 0.375000 0.676042 0.375000 0.680729 0.378704 0.683854 0.383333 0.685417 0.394444 0.685417 0.400926 0.683854 0.406481 0.678125 0.404630 0.672396 0.392593 0.668229 0.383333 0.667708
0 0.399074 0.650521 0.390741 0.653646 0.388889 0.661979 0.396296 0.667188 0.407407 0.668750 0.418519 0.663021 0.417593 0.657292 0.411111 0.652083
0 0.371296 0.638021 0.366667 0.641667 0.366667 0.646875 0.369444 0.650521 0.383333 0.653125 0.391667 0.651563 0.396296 0.647396 0.394444 0.642188 0.384259 0.638021
0 0.377778 0.623958 0.372222 0.627083 0.371296 0.629687 0.374074 0.634896 0.384259 0.638542 0.394444 0.638021 0.399074 0.634896 0.398148 0.627083 0.389815 0.623958
0 0.382407 0.608333 0.377778 0.611458 0.377778 0.616667 0.380556 0.619792 0.390741 0.622917 0.402778 0.621875 0.407407 0.617708 0.407407 0.613542 0.404630 0.609896 0.400926 0.607812 0.393519 0.606250
0 0.398148 0.590104 0.384259 0.589583 0.375000 0.592708 0.373148 0.596875 0.377778 0.602083 0.387037 0.604167 0.393519 0.603125 0.401852 0.598958 0.403704 0.595313 0.400926 0.591146
0 0.412963 0.584896 0.402778 0.588021 0.401852 0.593229 0.404630 0.597396 0.409259 0.600000 0.417593 0.600521 0.423148 0.599479 0.430556 0.595833 0.433333 0.593229 0.433333 0.589583 0.428704 0.586979
0 0.604630 0.542188 0.599074 0.548438 0.600926 0.551562 0.606481 0.554688 0.612963 0.556250 0.625000 0.555208 0.629630 0.550000 0.626852 0.543750 0.620370 0.541146 0.607407 0.541146
0 0.576852 0.536458 0.581481 0.543229 0.586111 0.545312 0.593519 0.546354 0.600926 0.544792 0.614815 0.537500 0.599074 0.529687 0.583333 0.530208 0.579630 0.532292
0 0.562963 0.537500 0.556481 0.541146 0.555556 0.547396 0.562037 0.551562 0.574074 0.552604 0.580556 0.549479 0.582407 0.546354 0.580556 0.540625 0.575000 0.537500
0 0.528704 0.528125 0.525000 0.527083 0.510185 0.528125 0.500926 0.532813 0.501852 0.537500 0.508333 0.542188 0.525000 0.542188 0.531481 0.533333
0 0.487037 0.521354 0.477778 0.525000 0.476852 0.531250 0.481481 0.535417 0.492593 0.535937 0.501852 0.532292 0.502778 0.527083 0.500000 0.522917 0.497222 0.521875
0 0.469444 0.518750 0.462037 0.517708 0.454630 0.518229 0.443519 0.521354 0.442593 0.526042 0.450000 0.532292 0.462037 0.532813 0.466667 0.530208 0.472222 0.523438 0.472222 0.520833
0 0.493519 0.505729 0.489815 0.506250 0.479630 0.511458 0.478704 0.515104 0.485185 0.520312 0.498148 0.521354 0.504630 0.517188 0.506481 0.509896 0.502778 0.506250
0 0.517593 0.512500 0.508333 0.514062 0.501852 0.521354 0.510185 0.528125 0.525000 0.527604 0.528704 0.526042 0.531481 0.522396 0.529630 0.517188
0 0.540741 0.504167 0.530556 0.507292 0.527778 0.514062 0.534259 0.519271 0.545370 0.520833 0.552778 0.519271 0.556481 0.516667 0.558333 0.509375 0.552778 0.505729
0 0.548148 0.521875 0.544444 0.523438 0.541667 0.527604 0.544444 0.534375 0.550000 0.536458 0.557407 0.536979 0.565741 0.535417 0.569444 0.531250 0.569444 0.525000 0.566667 0.522396 0.561111 0.521354
0 0.565741 0.517188 0.564815 0.521875 0.572222 0.528125 0.587037 0.529167 0.592593 0.526563 0.594444 0.520833 0.591667 0.517188 0.587963 0.515625 0.574074 0.514583