0 0.151982 0.565476 0.147577 0.566468 0.136013 0.572421 0.134361 0.577629 0.135463 0.584573 0.139868 0.589038 0.143722 0.590278 0.160242 0.591270 0.169604 0.590774 0.175661 0.587798 0.180066 0.584325 0.180066 0.579117 0.174009 0.570933 0.171806 0.569692 0.166850 0.568452 0.160242 0.565724
0 0.848018 0.138641 0.850771 0.139633 0.855727 0.139881 0.860132 0.140873 0.872797 0.147321 0.878304 0.151290 0.882159 0.152530 0.892070 0.152530 0.912996 0.149554 0.916850 0.148065 0.922357 0.142857 0.922357 0.138641 0.916850 0.134425 0.908590 0.130704 0.891520 0.128224 0.881057 0.127976 0.865088 0.130704 0.860683 0.133185 0.855176 0.134673 0.848073 0.135888
0 0.773128 0.130704 0.762665 0.129216 0.752203 0.128968 0.747247 0.130208 0.734031 0.131200 0.720815 0.134425 0.718062 0.138145 0.720815 0.143849 0.724119 0.146329 0.740639 0.154018 0.746696 0.154762 0.753855 0.154762 0.758260 0.154018 0.761564 0.152530 0.765419 0.148562 0.772026 0.145337 0.778634 0.135169 0.778084 0.134177 0.777258 0.132267
0 0.109031 0.670139 0.101322 0.670635 0.095815 0.671875 0.089758 0.675595 0.085903 0.680060 0.085903 0.685764 0.088656 0.690972 0.091960 0.693452 0.099119 0.694940 0.109031 0.693452 0.115639 0.691716 0.122797 0.688244 0.132159 0.681796 0.131608 0.676835 0.129405 0.674355
0 0.137665 0.671131 0.133260 0.673611 0.133260 0.678819 0.134912 0.682044 0.137665 0.684028 0.148678 0.689732 0.155837 0.692212 0.162445 0.692708 0.170154 0.692460 0.173458 0.691716 0.179515 0.687748 0.184471 0.681796 0.184471 0.677331 0.177863 0.671875 0.170705 0.669891 0.162445 0.668651 0.151982 0.668403
0 0.689978 0.586806 0.682269 0.583085 0.677313 0.581845 0.666850 0.580109 0.654736 0.580853 0.649229 0.583333 0.644273 0.588294 0.641520 0.595238 0.637665 0.599454 0.638216 0.603671 0.642621 0.604167 0.656388 0.604167 0.665749 0.603175 0.676762 0.601190 0.685573 0.598462 0.692181 0.595486 0.694383 0.593006 0.693833 0.590030
0 0.530286 0.344246 0.520925 0.342262 0.513216 0.342014 0.503304 0.343006 0.498348 0.344990 0.493943 0.347470 0.488436 0.352927 0.488987 0.357639 0.492291 0.360367 0.496145 0.362103 0.502203 0.363095 0.511013 0.363343 0.526432 0.360863 0.537996 0.357639 0.539097 0.354167 0.537996 0.349950
0 0.498899 0.328373 0.491740 0.327877 0.488436 0.328373 0.484581 0.329861 0.480727 0.333581 0.476872 0.341270 0.476872 0.345982 0.479075 0.349702 0.482379 0.352431 0.491740 0.351687 0.495044 0.347470 0.498899 0.345486 0.503304 0.341518 0.504405 0.333085 0.502753 0.329861
0 0.526432 0.318700 0.516520 0.318700 0.511564 0.320188 0.503855 0.325893 0.502753 0.329365 0.503855 0.337302 0.506057 0.340030 0.508260 0.340774 0.519273 0.341270 0.526982 0.340526 0.542401 0.334325 0.544604 0.332341 0.545154 0.325397 0.534692 0.320685
0 0.813326 0.093254 0.805066 0.091270 0.795705 0.091518 0.787445 0.094494 0.781388 0.097966 0.775881 0.102927 0.775330 0.108879 0.777533 0.110615 0.784141 0.111607 0.797357 0.111607 0.802313 0.110119 0.806718 0.104911 0.817181 0.099702 0.816079 0.095486
0 0.848018 0.100198 0.841960 0.099454 0.830947 0.099454 0.816630 0.101687 0.808370 0.104663 0.801762 0.111359 0.807269 0.114831 0.810022 0.119792 0.812225 0.121280 0.826542 0.119544 0.840859 0.112103 0.849119 0.109871 0.852423 0.103423
0 0.866740 0.110119 0.856828 0.109127 0.848018 0.109623 0.837004 0.113095 0.832599 0.115823 0.831498 0.117560 0.831498 0.123016 0.833700 0.126736 0.838656 0.130952 0.847467 0.133681 0.856828 0.133681 0.867841 0.129960 0.876652 0.125248 0.878304 0.120288 0.876652 0.114831 0.874449 0.112847
0 0.895374 0.117063 0.892621 0.119048 0.891520 0.122768 0.894273 0.128224 0.907489 0.130952 0.916300 0.135169 0.921806 0.139633 0.926762 0.140625 0.935022 0.137649 0.937775 0.134921 0.938326 0.130704 0.931167 0.123016 0.922357 0.119048 0.917401 0.117560 0.904736 0.116567
0 0.857930 0.141121 0.841410 0.141369 0.830947 0.142857 0.825441 0.146081 0.821586 0.150050 0.820485 0.154762 0.822687 0.158978 0.825441 0.160466 0.830396 0.161458 0.838656 0.166171 0.840859 0.166667 0.848568 0.166667 0.849670 0.165923 0.856278 0.164435 0.867841 0.162698 0.871696 0.160466 0.877203 0.155258 0.876101 0.151042 0.872797 0.147569 0.863987 0.142857
0 0.797357 0.142857 0.786344 0.143353 0.778084 0.144841 0.774229 0.146329 0.771476 0.150050 0.772026 0.154266 0.775881 0.156250 0.777533 0.158234 0.778634 0.166171 0.781938 0.168155 0.786344 0.169147 0.796256 0.169147 0.801211 0.167907 0.805066 0.164931 0.813877 0.161706 0.818833 0.158730 0.818282 0.154266 0.814427 0.149802 0.803414 0.143849
0 0.700991 0.073413 0.690529 0.073413 0.681718 0.075149 0.666850 0.079861 0.660242 0.083829 0.658040 0.087302 0.658590 0.092262 0.661894 0.094494 0.672907 0.098958 0.678965 0.099454 0.691079 0.098958 0.700441 0.095982 0.709802 0.094494 0.713106 0.092510 0.714758 0.089286 0.714758 0.083829 0.713106 0.080853 0.708700 0.076141
0 0.731278 0.096974 0.717511 0.093998 0.708150 0.094494 0.697687 0.096726 0.688326 0.101190 0.686123 0.103175 0.685022 0.108631 0.687225 0.111359 0.693833 0.114335 0.699339 0.115575 0.709802 0.115327 0.718612 0.116319 0.727974 0.114583 0.731278 0.112847 0.736233 0.107639 0.735132 0.099950
0 0.750551 0.090774 0.741740 0.092014 0.732930 0.095486 0.735683 0.101935 0.735683 0.108383 0.734031 0.111855 0.737335 0.115575 0.743392 0.117312 0.753855 0.118304 0.759912 0.117560 0.764317 0.116319 0.771476 0.111607 0.772026 0.102927 0.770925 0.098710 0.768172 0.095486 0.760463 0.091766
0 0.723018 0.115823 0.719714 0.118304 0.719714 0.130952 0.720815 0.131944 0.726322 0.132688 0.734581 0.131200 0.748348 0.129712 0.751652 0.127480 0.751652 0.122272 0.748899 0.118800 0.745044 0.117063 0.741189 0.116319 0.728524 0.115327
0 0.718062 0.117063 0.708700 0.115575 0.699339 0.116567 0.698238 0.117808 0.698238 0.126736 0.692731 0.132192 0.686674 0.134673 0.688326 0.138641 0.691079 0.140129 0.701542 0.140129 0.708150 0.138889 0.717511 0.133185 0.719714 0.130952 0.720815 0.123512 0.720264 0.118800
0 0.655837 0.092758 0.644824 0.097718 0.641520 0.102183 0.641520 0.105159 0.644273 0.108383 0.655837 0.114583 0.665198 0.113095 0.669604 0.111607 0.675661 0.110863 0.678414 0.108879 0.678414 0.106399 0.675661 0.102183 0.671256 0.098710 0.661894 0.093998
0 0.672357 0.111359 0.664097 0.113343 0.660793 0.115327 0.657489 0.119048 0.655286 0.127480 0.660793 0.132440 0.665749 0.134921 0.673458 0.135913 0.682819 0.135665 0.692731 0.130952 0.696035 0.126984 0.694934 0.116071 0.691630 0.113591 0.682819 0.111359
0 0.630507 0.107887 0.624449 0.110119 0.618943 0.113839 0.615639 0.122272 0.616189 0.125496 0.621145 0.132688 0.627753 0.134921 0.639868 0.136657 0.647577 0.134921 0.651982 0.132440 0.654185 0.126488 0.653634 0.117808 0.652533 0.115079 0.647026 0.109623 0.639317 0.107887
0 0.630507 0.093502 0.619493 0.093254 0.607930 0.095486 0.599670 0.099702 0.599119 0.103919 0.603524 0.107639 0.610132 0.109623 0.612885 0.112103 0.622247 0.110863 0.625551 0.108879 0.632159 0.106895 0.641520 0.099950 0.641520 0.095734
0 0.613436 0.075893 0.582599 0.075893 0.574339 0.078621 0.569383 0.081349 0.567731 0.083581 0.567181 0.088294 0.575441 0.096230 0.583700 0.100694 0.586454 0.101438 0.595815 0.100942 0.609581 0.094990 0.611784 0.093254 0.614537 0.088542 0.616189 0.080357
0 0.528634 0.083829 0.519824 0.091766 0.519824 0.096230 0.523678 0.098462 0.528084 0.099206 0.544053 0.099454 0.554515 0.100694 0.560022 0.101935 0.568833 0.102431 0.573238 0.101687 0.575991 0.100446 0.576542 0.098958 0.574339 0.095486 0.571586 0.093502 0.569934 0.090774 0.564427 0.087798 0.551211 0.083829 0.544604 0.082589 0.533590 0.082589
0 0.518172 0.071181 0.509912 0.072173 0.496696 0.072173 0.487885 0.074901 0.478524 0.080109 0.476322 0.083333 0.476322 0.086806 0.479075 0.090526 0.486233 0.094246 0.498348 0.097718 0.511564 0.096478 0.517621 0.094742 0.524229 0.088294 0.526432 0.084325 0.526432 0.076141 0.522026 0.072421
0 0.416850 0.079613 0.409141 0.083581 0.405286 0.087798 0.405837 0.092262 0.414097 0.097718 0.420705 0.099950 0.430617 0.099950 0.448238 0.098710 0.453744 0.095734 0.454846 0.091766 0.452643 0.087798 0.446586 0.081597 0.439427 0.078621 0.431167 0.077381 0.422357 0.078125
0 0.465859 0.090278 0.459802 0.092262 0.455396 0.096230 0.453744 0.099950 0.457048 0.104167 0.464207 0.108879 0.470815 0.110863 0.475771 0.111359 0.487885 0.110863 0.491189 0.108631 0.495044 0.099950 0.494493 0.098462 0.492291 0.096478 0.478524 0.090526 0.474119 0.089534
0 0.508260 0.098214 0.502203 0.099454 0.495595 0.103175 0.495044 0.107639 0.497247 0.111359 0.507159 0.114831 0.508811 0.117312 0.514317 0.119296 0.518172 0.119296 0.523678 0.114831 0.525330 0.112103 0.522577 0.107639 0.523128 0.102927 0.517621 0.098710
0 0.534141 0.099206 0.528084 0.100942 0.524780 0.103423 0.523678 0.106399 0.524780 0.110615 0.528634 0.114831 0.534692 0.119048 0.543502 0.118800 0.552863 0.117312 0.556718 0.115823 0.566630 0.108135 0.566079 0.103423 0.563326 0.102183 0.545154 0.099206
0 0.587555 0.102927 0.574339 0.104167 0.569383 0.106151 0.568282 0.107391 0.566079 0.114583 0.566630 0.116815 0.569383 0.120784 0.577093 0.124008 0.595264 0.120040 0.612885 0.120040 0.616189 0.116071 0.616189 0.114583 0.609031 0.109623 0.596366 0.104663
0 0.604626 0.120536 0.594714 0.120040 0.586454 0.121280 0.572687 0.126984 0.571586 0.129216 0.571586 0.134921 0.578194 0.138889 0.586454 0.141865 0.593062 0.141369 0.612885 0.137897 0.617841 0.134921 0.617841 0.130208 0.615639 0.126488 0.613436 0.124504
0 0.561123 0.117560 0.551762 0.117063 0.542401 0.119048 0.531938 0.123760 0.523678 0.129712 0.523128 0.131696 0.525330 0.134177 0.534692 0.139137 0.539648 0.140873 0.544604 0.141121 0.564978 0.137897 0.571586 0.134921 0.573238 0.131200 0.572137 0.124752 0.566630 0.119048
0 0.470264 0.130456 0.465859 0.134425 0.464758 0.138145 0.465308 0.142361 0.468612 0.145585 0.474670 0.146329 0.481278 0.144593 0.487335 0.144345 0.491189 0.144593 0.497797 0.146081 0.502753 0.146081 0.511013 0.143601 0.512665 0.138641 0.510463 0.134673 0.507709 0.132688 0.501652 0.130208 0.491189 0.128720 0.479075 0.128720 0.474119 0.129216
0 0.456498 0.115327 0.453744 0.119544 0.453194 0.123264 0.457048 0.125248 0.465308 0.127976 0.474119 0.128720 0.492841 0.127728 0.500551 0.128720 0.504956 0.127232 0.508811 0.124256 0.508260 0.115575 0.500551 0.112847 0.486233 0.111111 0.473568 0.111359 0.462555 0.113343
0 0.428414 0.100198 0.420154 0.103175 0.414648 0.107391 0.411894 0.112103 0.412996 0.118304 0.415198 0.119792 0.418502 0.120288 0.432819 0.120040 0.448238 0.121776 0.452643 0.119792 0.464207 0.111359 0.462555 0.108383 0.455947 0.104415 0.453744 0.101935 0.449339 0.100198 0.442731 0.099454
0 0.383260 0.093750 0.375551 0.097966 0.373899 0.103423 0.389317 0.105903 0.399780 0.109127 0.404185 0.111607 0.406388 0.111359 0.413546 0.108631 0.416850 0.104167 0.416300 0.099702 0.410793 0.095238 0.404185 0.092758 0.392621 0.092758
0 0.346916 0.083581 0.347467 0.085813 0.350220 0.087302 0.360132 0.089534 0.369493 0.093006 0.376652 0.094246 0.397026 0.092510 0.399780 0.091766 0.403084 0.088542 0.403634 0.083829 0.399780 0.079365 0.391520 0.075645 0.387115 0.074405 0.379405 0.073413 0.370595 0.073413 0.361784 0.074901 0.358480 0.076141
0 0.797357 0.111855 0.785242 0.111607 0.779185 0.112103 0.773128 0.113343 0.764868 0.116071 0.757159 0.121280 0.756057 0.122768 0.756057 0.127232 0.760463 0.128224 0.771476 0.129216 0.780286 0.132937 0.787445 0.133185 0.794604 0.131696 0.803414 0.126984 0.807819 0.123512 0.809471 0.119544 0.807819 0.116319 0.805617 0.114583 0.801211 0.112599
0 0.647577 0.135417 0.642070 0.137649 0.640419 0.139137 0.640419 0.150546 0.643722 0.154266 0.650330 0.156002 0.662445 0.157738 0.676762 0.156746 0.681718 0.155754 0.694383 0.146825 0.687225 0.139385 0.681718 0.136905 0.655837 0.134425
0 0.633811 0.136905 0.630507 0.135913 0.621696 0.135913 0.612885 0.138641 0.589758 0.143105 0.585903 0.145833 0.585903 0.150298 0.590859 0.154266 0.594163 0.155754 0.600220 0.157242 0.606828 0.157738 0.613436 0.157490 0.627203 0.154514 0.632159 0.152778 0.638216 0.149802 0.640419 0.147569 0.640419 0.141617 0.637665 0.138889
0 0.560573 0.138393 0.555617 0.139385 0.550661 0.141369 0.544604 0.142361 0.544053 0.143353 0.546256 0.146577 0.552313 0.148562 0.561674 0.158978 0.569934 0.159722 0.575991 0.158482 0.579295 0.156994 0.582599 0.154266 0.584251 0.151042 0.583700 0.143353 0.578744 0.140129 0.569934 0.138393
0 0.542952 0.145585 0.534692 0.146081 0.532489 0.147321 0.529185 0.150794 0.528634 0.155258 0.530837 0.165179 0.530286 0.169891 0.536344 0.173363 0.544053 0.175099 0.555066 0.172619 0.560573 0.170139 0.562225 0.166915 0.562225 0.160466 0.559471 0.155258 0.554515 0.149802
0 0.500551 0.146577 0.497797 0.147817 0.495595 0.150546 0.502203 0.162202 0.502203 0.166915 0.504405 0.167907 0.513216 0.168899 0.518722 0.170883 0.526432 0.171379 0.530286 0.170139 0.530837 0.160466 0.528084 0.152778 0.522026 0.148810 0.515419 0.146825 0.509361 0.145585
0 0.491189 0.145337 0.481828 0.145337 0.476872 0.146329 0.468612 0.150298 0.464207 0.156250 0.463656 0.158730 0.465308 0.161706 0.471366 0.164683 0.482379 0.172619 0.496145 0.169395 0.502203 0.166667 0.502203 0.160714 0.498348 0.151786 0.495044 0.147073
0 0.416300 0.120784 0.414097 0.121776 0.413546 0.123264 0.424009 0.132688 0.437775 0.139881 0.448238 0.141121 0.457048 0.140377 0.463656 0.136657 0.464758 0.133929 0.462555 0.130704 0.455947 0.127480 0.453194 0.125248 0.444383 0.121776 0.438877 0.120536 0.421256 0.120040
0 0.203744 0.091022 0.199890 0.095734 0.200441 0.100694 0.205396 0.107391 0.211454 0.110367 0.218612 0.110367 0.227808 0.106101 0.240088 0.106647 0.243943 0.105159 0.245044 0.104167 0.244493 0.099454 0.239537 0.099206 0.233480 0.097718 0.225220 0.094742 0.213656 0.089038
0 0.110683 0.085813 0.106278 0.087798 0.105176 0.092758 0.107379 0.096726 0.111233 0.100198 0.120044 0.105903 0.127753 0.109375 0.133811 0.110863 0.144273 0.110615 0.150330 0.107639 0.149780 0.103423 0.136013 0.091766 0.125000 0.085813 0.119493 0.084821 0.115639 0.084821
0 0.178414 0.083581 0.172357 0.083829 0.166300 0.086558 0.159141 0.087054 0.151982 0.088542 0.144273 0.095486 0.145374 0.099702 0.152533 0.107391 0.160242 0.109623 0.169053 0.110863 0.185022 0.107639 0.189427 0.105159 0.191079 0.101438 0.191079 0.097222 0.188326 0.092014 0.183921 0.087054
0 0.221916 0.078125 0.215859 0.080357 0.211454 0.083829 0.213106 0.087550 0.221366 0.093502 0.229075 0.096478 0.239537 0.098958 0.248348 0.099950 0.256057 0.098214 0.258811 0.096974 0.259912 0.095238 0.258260 0.092262 0.257159 0.084821 0.253855 0.080109 0.247797 0.077877 0.240088 0.076637 0.230176 0.076637
0 0.271476 0.078869 0.265969 0.080109 0.261013 0.083581 0.261013 0.088294 0.263216 0.094990 0.270925 0.099206 0.282489 0.102183 0.291300 0.101935 0.299559 0.092014 0.305066 0.088046 0.303965 0.083829 0.297907 0.080605 0.291300 0.078869 0.284141 0.078125
0 0.317731 0.085317 0.308921 0.086310 0.303414 0.088294 0.297357 0.093006 0.292401 0.099454 0.291300 0.103671 0.294053 0.104911 0.303965 0.106895 0.311894 0.109598 0.317731 0.110367 0.322137 0.107143 0.323789 0.100198 0.323789 0.088790 0.322687 0.087302
0 0.330947 0.087798 0.326542 0.089286 0.324339 0.091518 0.325441 0.099950 0.332048 0.105903 0.335352 0.107639 0.343062 0.109871 0.352423 0.110119 0.359581 0.106895 0.370595 0.103423 0.372797 0.100694 0.373899 0.095486 0.366740 0.091766 0.361233 0.089782 0.354075 0.088294 0.348018 0.087798
0 0.368392 0.104415 0.359031 0.106895 0.354626 0.110863 0.351872 0.115575 0.354075 0.120288 0.356828 0.123016 0.368943 0.127728 0.378304 0.127480 0.389317 0.123016 0.400881 0.120784 0.404185 0.115079 0.399780 0.110119 0.395374 0.107887 0.387665 0.105903
0 0.313326 0.111359 0.307819 0.123512 0.317181 0.127728 0.324174 0.128199 0.329956 0.127480 0.335463 0.125967 0.349174 0.125223 0.353524 0.124504 0.354626 0.122272 0.352423 0.112103 0.350220 0.110863 0.344163 0.110119 0.334802 0.107639 0.324890 0.107639 0.319383 0.108879
0 0.253855 0.109871 0.252753 0.110863 0.253304 0.114831 0.259361 0.121032 0.262665 0.122768 0.273678 0.126240 0.279736 0.125496 0.300110 0.124752 0.303965 0.123264 0.308921 0.120040 0.311674 0.115079 0.312225 0.111111 0.308370 0.108135 0.302863 0.106399 0.289097 0.104167 0.283040 0.103671 0.273128 0.103919 0.262115 0.105903
0 0.229075 0.106151 0.224670 0.107143 0.216960 0.111359 0.216410 0.116319 0.218062 0.121032 0.220264 0.123264 0.229626 0.125744 0.240088 0.126488 0.246696 0.124504 0.252203 0.120536 0.252753 0.118800 0.250000 0.113591 0.246145 0.108879 0.240639 0.106647
0 0.186123 0.107639 0.177313 0.109127 0.170705 0.111359 0.166300 0.114831 0.163546 0.119792 0.166850 0.122768 0.180066 0.129712 0.186674 0.131200 0.200441 0.131200 0.203744 0.130704 0.218612 0.123512 0.216960 0.114583 0.214758 0.112103 0.207048 0.108879 0.199890 0.107887
0 0.144273 0.111359 0.134361 0.111111 0.120595 0.115079 0.110683 0.119296 0.109031 0.123016 0.121696 0.129216 0.125000 0.129960 0.129956 0.129960 0.134912 0.129216 0.137115 0.127480 0.151432 0.121032 0.153084 0.119296 0.151982 0.115079
0 0.099670 0.099206 0.093612 0.101687 0.090859 0.103671 0.087555 0.107639 0.087004 0.111607 0.088656 0.115079 0.091960 0.117312 0.098568 0.118800 0.109031 0.119544 0.114537 0.118056 0.129405 0.111111 0.127203 0.110119 0.124449 0.107143 0.108480 0.098958
0 0.091410 0.085813 0.082599 0.085069 0.064978 0.091766 0.057819 0.095238 0.050661 0.102927 0.051211 0.104911 0.055617 0.107143 0.083150 0.107391 0.089758 0.105159 0.094714 0.101438 0.103524 0.097966 0.105176 0.096478 0.105176 0.094990 0.102423 0.091518
0 0.055066 0.107639 0.047907 0.110367 0.043502 0.114831 0.047357 0.120288 0.053965 0.124008 0.067181 0.125248 0.082599 0.129464 0.084802 0.126736 0.090859 0.122768 0.091410 0.120288 0.089758 0.115575 0.084802 0.109623 0.082599 0.108631 0.074890 0.107143 0.064978 0.106895
0 0.091410 0.123512 0.083700 0.130704 0.083700 0.134921 0.088106 0.138145 0.093612 0.139881 0.098018 0.142609 0.107930 0.144593 0.118392 0.144345 0.126101 0.145089 0.128855 0.142857 0.128304 0.138145 0.117291 0.127232 0.109031 0.123512 0.101322 0.122024 0.096916 0.122272
0 0.151432 0.121280 0.145374 0.123016 0.136013 0.127728 0.133260 0.130456 0.132709 0.135169 0.138767 0.139633 0.146476 0.141865 0.159692 0.143105 0.170154 0.142361 0.180617 0.136905 0.181167 0.130456 0.178414 0.128224 0.169108 0.123661 0.158756 0.120883
0 0.220815 0.124752 0.212555 0.126736 0.204846 0.130952 0.203744 0.132440 0.203744 0.136657 0.207048 0.140377 0.211454 0.142857 0.215308 0.146825 0.220264 0.147817 0.230727 0.147817 0.241189 0.142609 0.236233 0.135665 0.236233 0.130208 0.232379 0.126736
0 0.256608 0.122272 0.247797 0.124008 0.238436 0.127976 0.236784 0.129464 0.236784 0.135417 0.240639 0.139881 0.246145 0.141617 0.263767 0.140873 0.268722 0.139385 0.266520 0.134673 0.266520 0.130456 0.272137 0.127331 0.268447 0.124926 0.262115 0.123264
0 0.274229 0.126488 0.265969 0.130704 0.265969 0.135417 0.271476 0.141865 0.278084 0.144593 0.288546 0.146577 0.303414 0.147321 0.307269 0.148065 0.312225 0.147569 0.321035 0.142609 0.324339 0.139137 0.322687 0.133185 0.319383 0.129712 0.312775 0.126736 0.308921 0.125744 0.303414 0.125248 0.281938 0.125248
0 0.326542 0.127976 0.323238 0.130456 0.323789 0.135417 0.325991 0.138889 0.329846 0.140377 0.342511 0.142361 0.360683 0.142113 0.370044 0.138393 0.371696 0.136409 0.371696 0.130704 0.367841 0.129216 0.357379 0.127728 0.345815 0.125248 0.336564 0.125248
0 0.404736 0.122024 0.394824 0.122024 0.390419 0.123016 0.380507 0.126984 0.373899 0.130952 0.372247 0.138889 0.377203 0.143353 0.384361 0.145585 0.388216 0.145833 0.395374 0.145089 0.405286 0.145337 0.409692 0.144841 0.419053 0.138641 0.421256 0.135417 0.420705 0.129960 0.414097 0.124752
0 0.437775 0.140625 0.430066 0.142857 0.423458 0.146577 0.421256 0.150050 0.421806 0.156746 0.424559 0.160218 0.432269 0.161210 0.438877 0.163442 0.447687 0.163194 0.453744 0.161210 0.459802 0.160218 0.462555 0.158482 0.465859 0.151538 0.465859 0.146577 0.460903 0.143601 0.453744 0.141369
0 0.436674 0.161954 0.431718 0.161210 0.421256 0.160962 0.412445 0.162450 0.408040 0.164931 0.406938 0.166171 0.410242 0.172619 0.411344 0.178323 0.412996 0.180060 0.422357 0.180556 0.430066 0.178571 0.435573 0.177827 0.437775 0.174107 0.438326 0.169643 0.441630 0.166171 0.440529 0.164187
0 0.360132 0.157986 0.360132 0.158482 0.368943 0.161458 0.376101 0.160962 0.387115 0.161210 0.404736 0.165179 0.415749 0.161706 0.418502 0.158730 0.417952 0.153026 0.414648 0.148810 0.408590 0.146081 0.403634 0.145337 0.393722 0.145337 0.385463 0.146329 0.375551 0.148562 0.371696 0.150298
0 0.320485 0.142609 0.317181 0.146329 0.317181 0.150298 0.322137 0.155258 0.329295 0.157986 0.334802 0.158978 0.343062 0.159474 0.351322 0.158978 0.359581 0.156746 0.365639 0.153522 0.367841 0.150546 0.367291 0.146825 0.365639 0.144345 0.361233 0.142113 0.343062 0.142361 0.334251 0.140625 0.325441 0.140377
0 0.303414 0.147321 0.289648 0.147073 0.284692 0.148313 0.278084 0.151538 0.268172 0.161954 0.268722 0.166419 0.273678 0.173115 0.277533 0.174107 0.283040 0.174603 0.300661 0.171379 0.303965 0.170139 0.309471 0.166171 0.318833 0.161954 0.321035 0.159226 0.319383 0.154266 0.310573 0.149058
0 0.277533 0.150298 0.272577 0.146577 0.269273 0.142609 0.266520 0.141369 0.254956 0.141369 0.242841 0.143601 0.229075 0.149058 0.226322 0.154514 0.248348 0.158978 0.256057 0.161210 0.265419 0.161458 0.268722 0.159970 0.275881 0.154514
0 0.259361 0.161954 0.251652 0.160466 0.245044 0.158234 0.238987 0.157242 0.230176 0.154762 0.223018 0.154018 0.213656 0.154266 0.209251 0.155754 0.206498 0.158234 0.205396 0.166667 0.209251 0.170635 0.222467 0.174355 0.230727 0.173363 0.238436 0.170139 0.242291 0.167659 0.254956 0.164683 0.259361 0.162698
0 0.048458 0.125000 0.044053 0.126488 0.036344 0.130704 0.035793 0.135665 0.037996 0.138889 0.052313 0.147569 0.056167 0.148810 0.062775 0.149554 0.069934 0.151786 0.074890 0.152034 0.079846 0.149058 0.084251 0.142857 0.084802 0.138145 0.080947 0.132937 0.076542 0.129216 0.069383 0.125744 0.058921 0.124504
0 0.177863 0.137897 0.170705 0.142113 0.169053 0.144345 0.168502 0.151786 0.169604 0.154514 0.173458 0.158978 0.176211 0.160466 0.187225 0.163194 0.196035 0.163938 0.205396 0.159226 0.213106 0.153770 0.214758 0.151042 0.214207 0.147073 0.210903 0.143601 0.204295 0.139881 0.187775 0.137649
0 0.370044 0.289683 0.373348 0.290923 0.370925 0.297346 0.370044 0.300347 0.362335 0.305060 0.354075 0.308780 0.347467 0.310020 0.340859 0.310268 0.332599 0.309028 0.325991 0.304812 0.323789 0.302579 0.322687 0.299107 0.323238 0.294643 0.329295 0.290675 0.332599 0.289435 0.343062 0.287202 0.360132 0.287698
0 0.109031 0.146329 0.101322 0.150298 0.099119 0.154514 0.101872 0.160466 0.106278 0.162450 0.118943 0.163194 0.125551 0.165179 0.134912 0.166915 0.143172 0.163194 0.148128 0.158482 0.147577 0.153770 0.144273 0.150546 0.136564 0.147817 0.126652 0.146081 0.116189 0.145585
0 0.160793 0.159970 0.159141 0.161210 0.158590 0.165675 0.155286 0.172619 0.156938 0.178819 0.162996 0.183284 0.166850 0.185020 0.178965 0.187252 0.184471 0.185020 0.199890 0.181548 0.202093 0.180556 0.206498 0.174107 0.205396 0.171131 0.202643 0.168651 0.187225 0.162946 0.178414 0.161210
0 0.264868 0.164683 0.256057 0.164435 0.245044 0.166419 0.226322 0.174851 0.220815 0.181300 0.221366 0.182540 0.225771 0.184772 0.231278 0.185516 0.247797 0.183780 0.265969 0.185764 0.271476 0.184028 0.274780 0.180804 0.275330 0.176339 0.270925 0.169395
0 0.370595 0.162450 0.363436 0.165923 0.361233 0.169147 0.361233 0.170387 0.367291 0.176091 0.375000 0.180308 0.382709 0.182044 0.388216 0.184276 0.398678 0.184772 0.404185 0.184028 0.407489 0.182292 0.410242 0.178323 0.409692 0.170635 0.405837 0.165923 0.400881 0.163938 0.386564 0.161210 0.377753 0.160962
0 0.330947 0.159474 0.322687 0.160714 0.310573 0.165675 0.306718 0.170139 0.310573 0.171379 0.318282 0.172371 0.331498 0.179563 0.334251 0.183780 0.335352 0.184028 0.339758 0.182788 0.361233 0.179315 0.363436 0.178075 0.363987 0.173611 0.357930 0.169643 0.356828 0.165675 0.348568 0.160466 0.339207 0.159474
0 0.307269 0.172371 0.297907 0.173115 0.290749 0.174603 0.284692 0.177579 0.284141 0.181796 0.287445 0.184524 0.289097 0.189236 0.299559 0.193452 0.308370 0.195437 0.321586 0.194444 0.326542 0.192956 0.331498 0.189236 0.333150 0.184524 0.332048 0.181300 0.327093 0.176339 0.317181 0.172619
0 0.345264 0.181796 0.336454 0.186012 0.329295 0.193204 0.333700 0.197421 0.343062 0.201389 0.354626 0.201885 0.368392 0.203869 0.378855 0.202877 0.381608 0.202133 0.391520 0.193700 0.389317 0.186012 0.387115 0.184028 0.379405 0.181548 0.367291 0.180060 0.360132 0.180060
0 0.321586 0.203621 0.319383 0.204861 0.323789 0.213294 0.329295 0.215278 0.337004 0.217014 0.344163 0.220486 0.352974 0.221230 0.361233 0.219246 0.369493 0.213046 0.370595 0.210565 0.370044 0.205605 0.367841 0.204117 0.360683 0.202381 0.351322 0.201637 0.333150 0.202133
0 0.281938 0.189732 0.276432 0.192460 0.267070 0.203373 0.266520 0.206597 0.268172 0.210565 0.270374 0.213046 0.279185 0.218006 0.287445 0.218750 0.300110 0.218254 0.312225 0.213542 0.314427 0.211558 0.316630 0.206349 0.315529 0.202381 0.311123 0.197173 0.306718 0.195188 0.296256 0.192460 0.291300 0.190228
0 0.194934 0.182292 0.185573 0.184524 0.181167 0.186756 0.178414 0.191220 0.175661 0.193204 0.176762 0.197421 0.183370 0.202381 0.192731 0.206349 0.203744 0.208581 0.213656 0.208333 0.220264 0.205357 0.221916 0.189732 0.210903 0.182788 0.206498 0.181796
0 0.238436 0.184524 0.228524 0.188492 0.222467 0.192956 0.221366 0.195437 0.221916 0.204117 0.223018 0.205357 0.231828 0.209325 0.236233 0.209821 0.250000 0.209821 0.254956 0.209325 0.266520 0.203125 0.269824 0.197421 0.270374 0.192708 0.266520 0.187996 0.257159 0.185268
0 0.230727 0.211806 0.227423 0.213790 0.224670 0.217014 0.227423 0.222222 0.235683 0.227431 0.240639 0.228919 0.248348 0.229167 0.263767 0.231399 0.268172 0.230903 0.272026 0.229167 0.278634 0.224206 0.278634 0.219990 0.273678 0.215030 0.264868 0.211558 0.256608 0.210317 0.247247 0.210317
0 0.313326 0.214782 0.309471 0.215526 0.305617 0.217262 0.303965 0.219494 0.302863 0.224702 0.312775 0.232639 0.317181 0.238095 0.326542 0.238343 0.332599 0.237599 0.336454 0.236607 0.345815 0.231647 0.346916 0.228919 0.346366 0.222470 0.341960 0.218998 0.335903 0.216518 0.325991 0.214534
0 0.281938 0.223958 0.275881 0.226438 0.268722 0.232143 0.276432 0.242063 0.284141 0.245784 0.295705 0.248760 0.302313 0.249008 0.313877 0.248016 0.316630 0.246032 0.317731 0.239583 0.316630 0.235863 0.312225 0.231399 0.300661 0.224950 0.292952 0.223710
0 0.229626 0.231399 0.224670 0.234127 0.219714 0.239583 0.220815 0.244048 0.227974 0.249256 0.240088 0.252480 0.257709 0.253720 0.269273 0.252232 0.272026 0.250744 0.274780 0.247520 0.275330 0.243056 0.273128 0.238095 0.268722 0.233631 0.260463 0.230903 0.246696 0.229167 0.238987 0.228919
0 0.172907 0.215774 0.170154 0.220486 0.170705 0.224702 0.178414 0.226935 0.187225 0.228175 0.196035 0.228423 0.213106 0.226438 0.217511 0.224950 0.221366 0.220982 0.220815 0.216518 0.213106 0.212054 0.205396 0.209573 0.197137 0.208581 0.187775 0.209077 0.182819 0.210069
0 0.170705 0.195685 0.159141 0.195685 0.150881 0.197173 0.139868 0.202133 0.137665 0.204117 0.136564 0.206845 0.137665 0.213046 0.149229 0.218254 0.159141 0.219494 0.170154 0.218750 0.183370 0.209325 0.183921 0.204613 0.177313 0.198661
0 0.099670 0.164187 0.096916 0.166171 0.094714 0.170139 0.098018 0.176339 0.105727 0.180804 0.117291 0.184276 0.133811 0.185020 0.142621 0.186012 0.149780 0.185268 0.150881 0.181548 0.143172 0.177579 0.140419 0.173115 0.135463 0.168651 0.128855 0.165179 0.120044 0.162698 0.107930 0.162202
0 0.062225 0.176587 0.062225 0.179563 0.064427 0.184028 0.075441 0.193204 0.082599 0.196677 0.087555 0.197917 0.090859 0.199901 0.095815 0.199157 0.100771 0.196429 0.115639 0.193204 0.117291 0.189236 0.114537 0.187500 0.112885 0.184772 0.110683 0.183036 0.099670 0.178323 0.094163 0.176835 0.074339 0.174107 0.064978 0.174355
0 0.117841 0.194196 0.107379 0.195437 0.102423 0.196677 0.098018 0.200893 0.096916 0.204365 0.098018 0.208581 0.101872 0.211558 0.110132 0.214534 0.117841 0.214534 0.127753 0.213046 0.134361 0.210069 0.136564 0.207093 0.137115 0.204861 0.127203 0.197173
0 0.090308 0.210565 0.080396 0.212798 0.074339 0.216270 0.071586 0.220734 0.071035 0.224950 0.073789 0.226438 0.083150 0.226190 0.085903 0.226687 0.099670 0.233383 0.108480 0.232887 0.116189 0.228671 0.115639 0.223958 0.111784 0.217262 0.109581 0.215278 0.100771 0.211806 0.095815 0.210813
0 0.083700 0.226190 0.072137 0.226190 0.065529 0.226935 0.059471 0.228423 0.051762 0.232391 0.049009 0.235615 0.049009 0.240575 0.052863 0.245040 0.059471 0.248512 0.070485 0.250744 0.078744 0.250744 0.089207 0.249504 0.098018 0.244296 0.102423 0.240327 0.101322 0.235615 0.098568 0.232391 0.087555 0.226935
0 0.152533 0.218502 0.143722 0.219246 0.139317 0.221726 0.132159 0.223958 0.122247 0.228175 0.118943 0.231399 0.118943 0.236607 0.120595 0.238591 0.123348 0.239831 0.128855 0.240823 0.134912 0.242808 0.143172 0.244296 0.151432 0.243304 0.160242 0.240575 0.164097 0.237103 0.163546 0.231895 0.161344 0.226438 0.156388 0.219990
0 0.137665 0.244048 0.129956 0.241319 0.117841 0.238591 0.106278 0.239087 0.102423 0.240327 0.092511 0.248016 0.092511 0.253472 0.099670 0.257192 0.104626 0.257688 0.126101 0.257440 0.138216 0.251984 0.138767 0.247520
0 0.187225 0.237599 0.183370 0.236607 0.177313 0.236111 0.164648 0.238591 0.149229 0.244048 0.142070 0.248016 0.145374 0.251488 0.161344 0.254216 0.167401 0.254712 0.172357 0.254464 0.181718 0.252232 0.192181 0.247768 0.194383 0.244048
0 0.194934 0.246528 0.188326 0.248760 0.183370 0.252480 0.181718 0.256696 0.182819 0.265377 0.190529 0.269345 0.196035 0.270337 0.205396 0.271081 0.218612 0.269593 0.221916 0.268353 0.226872 0.263889 0.228524 0.259921 0.227423 0.254712 0.224119 0.252232 0.212004 0.247520 0.205396 0.246280
0 0.131057 0.256448 0.127753 0.259425 0.129405 0.263889 0.132709 0.267361 0.143172 0.273313 0.153084 0.272569 0.171806 0.270089 0.175661 0.268601 0.176211 0.267609 0.180617 0.265377 0.181718 0.263393 0.179515 0.258185 0.175661 0.256696 0.167401 0.254960 0.150881 0.252480 0.142621 0.252232 0.137115 0.253472
0 0.098568 0.258185 0.091410 0.262649 0.089207 0.266865 0.089758 0.270585 0.092511 0.273313 0.099119 0.275546 0.111784 0.275546 0.126652 0.276538 0.131057 0.271577 0.131057 0.266617 0.126101 0.258433 0.117841 0.257688
0 0.051762 0.256944 0.048458 0.259425 0.047357 0.263641 0.050110 0.266617 0.056167 0.269841 0.063326 0.270833 0.079295 0.270337 0.084251 0.269593 0.089207 0.266865 0.093612 0.260169 0.091960 0.255952 0.089207 0.254464 0.083150 0.253720 0.064427 0.253472 0.056718 0.254960
0 0.038546 0.275298 0.039648 0.279514 0.041850 0.281994 0.047357 0.284474 0.056167 0.285466 0.068833 0.285218 0.076542 0.284474 0.082599 0.280754 0.087004 0.279018 0.090308 0.276290 0.089758 0.274306 0.085352 0.272073 0.077093 0.270833 0.062225 0.271081 0.046806 0.270585 0.041300 0.272073
0 0.186123 0.272569 0.178414 0.271081 0.168502 0.270585 0.148128 0.272817 0.144273 0.274306 0.137115 0.279514 0.140969 0.284970 0.151982 0.292411 0.161894 0.292907 0.168502 0.291419 0.183370 0.289931 0.188877 0.288194 0.191630 0.284226 0.191630 0.278026 0.190529 0.275298
0 0.211454 0.270337 0.202093 0.272073 0.193282 0.276290 0.191630 0.279018 0.193282 0.284722 0.197687 0.288938 0.201542 0.291419 0.211454 0.293899 0.214207 0.293899 0.224670 0.290923 0.232930 0.290179 0.236784 0.288194 0.236784 0.282490 0.232930 0.276538 0.230176 0.274058 0.225220 0.271825 0.220815 0.270585
0 0.295705 0.273065 0.289648 0.270585 0.283590 0.269593 0.272577 0.269097 0.264868 0.270337 0.259361 0.273313 0.253304 0.279018 0.252753 0.281250 0.250551 0.283234 0.250000 0.287202 0.259912 0.289187 0.275881 0.289435 0.286344 0.288194 0.292401 0.286706 0.297907 0.283978 0.299559 0.281002 0.299559 0.278274
0 0.433370 0.178571 0.428414 0.178819 0.416850 0.182044 0.413546 0.184772 0.411894 0.188988 0.412445 0.192460 0.415198 0.195437 0.422357 0.199157 0.430066 0.200645 0.432269 0.198909 0.437665 0.195734 0.445815 0.194296 0.458260 0.195387 0.461454 0.193948 0.462555 0.191964 0.462004 0.188492 0.459802 0.187500 0.450441 0.185516 0.441630 0.181300 0.438877 0.179067
0 0.454846 0.161706 0.446035 0.163938 0.437775 0.169395 0.437225 0.177827 0.448238 0.184772 0.451542 0.185764 0.465859 0.187500 0.476872 0.185516 0.480727 0.183780 0.482379 0.181796 0.481278 0.174355 0.477974 0.169891 0.474119 0.166419 0.469714 0.163938 0.464207 0.161706
0 0.499449 0.168403 0.490088 0.170635 0.483480 0.173859 0.482930 0.179067 0.484031 0.182788 0.487335 0.185020 0.495044 0.186508 0.503855 0.189236 0.509361 0.191716 0.513216 0.194444 0.517621 0.195437 0.521476 0.193700 0.525881 0.186012 0.525330 0.177827 0.520925 0.172619 0.516520 0.169891 0.509912 0.168403
0 0.481828 0.184524 0.477423 0.185764 0.471366 0.186508 0.467511 0.188244 0.464758 0.192460 0.465859 0.197421 0.471916 0.200893 0.475220 0.205853 0.478524 0.207093 0.484581 0.207341 0.490639 0.206597 0.505507 0.202629 0.508811 0.201141 0.511564 0.198165 0.512115 0.195437 0.511013 0.192708 0.504956 0.189236 0.492291 0.185764
0 0.381057 0.204861 0.383260 0.208333 0.387830 0.209003 0.392511 0.207937 0.401542 0.206473 0.411178 0.206300 0.422357 0.207093 0.424559 0.206597 0.426211 0.205605 0.425661 0.201141 0.412996 0.194444 0.406938 0.193452 0.395374 0.193452 0.390969 0.194692 0.387665 0.196677 0.383260 0.200893
0 0.443282 0.194940 0.437225 0.196181 0.433370 0.197917 0.430617 0.200397 0.431718 0.208581 0.438326 0.214038 0.447687 0.218750 0.457599 0.218750 0.461454 0.217758 0.471916 0.211558 0.474119 0.209325 0.474670 0.204613 0.471916 0.200645 0.463656 0.196181 0.449890 0.194692
0 0.479626 0.208829 0.478524 0.213046 0.484581 0.216518 0.501101 0.220982 0.508811 0.224206 0.518172 0.225694 0.529185 0.223958 0.534141 0.221478 0.536894 0.217510 0.536894 0.208829 0.534692 0.207093 0.525881 0.203869 0.506608 0.203125 0.498899 0.204365 0.490639 0.207093
0 0.387665 0.209077 0.382709 0.212054 0.382159 0.217262 0.389317 0.224454 0.395374 0.228175 0.419604 0.227431 0.428414 0.225446 0.433370 0.220982 0.436123 0.213542 0.435022 0.211806 0.430617 0.209325 0.424009 0.207341 0.416850 0.206597 0.404185 0.206597 0.394273 0.207589
0 0.316630 0.248760 0.306718 0.248512 0.295154 0.250248 0.290749 0.251984 0.286344 0.255704 0.285242 0.260665 0.287445 0.264881 0.289648 0.266865 0.296806 0.269345 0.308370 0.269345 0.323789 0.267609 0.325441 0.254960 0.323238 0.251736
0 0.299009 0.271329 0.299009 0.275794 0.303414 0.281250 0.305617 0.282738 0.315529 0.286458 0.323789 0.288442 0.333700 0.289435 0.344714 0.286706 0.346916 0.284970 0.349119 0.281002 0.348568 0.275794 0.344714 0.272073 0.339207 0.269841 0.332599 0.268353 0.323238 0.267857 0.304515 0.270089
0 0.377203 0.264633 0.366189 0.266617 0.359581 0.268849 0.352974 0.275298 0.352423 0.279514 0.357379 0.284970 0.362885 0.287202 0.373348 0.289435 0.387115 0.289435 0.395374 0.287698 0.402533 0.283482 0.404736 0.279762 0.404185 0.274802 0.399780 0.269593 0.393172 0.265625 0.388216 0.264633
0 0.324890 0.257937 0.325441 0.264633 0.327093 0.266369 0.329846 0.267609 0.342511 0.270337 0.370044 0.266121 0.375000 0.264137 0.381608 0.260169 0.379956 0.258185 0.369493 0.253224 0.364537 0.252232 0.344714 0.250992 0.330396 0.253224 0.325991 0.255456
0 0.344163 0.232887 0.339207 0.236111 0.338106 0.241071 0.344714 0.249752 0.349119 0.251240 0.363987 0.251984 0.370595 0.252728 0.378855 0.250744 0.383811 0.248264 0.387665 0.244296 0.386564 0.239087 0.383260 0.235119 0.377203 0.233383 0.370044 0.232391 0.348568 0.232391
0 0.416300 0.227679 0.403634 0.227927 0.395374 0.229167 0.388767 0.232143 0.385463 0.235615 0.387665 0.244296 0.389868 0.246776 0.397577 0.249256 0.401982 0.250000 0.412996 0.249008 0.424559 0.247024 0.433921 0.240575 0.433370 0.235863 0.430617 0.232143 0.426211 0.229911
0 0.461454 0.219742 0.451542 0.219742 0.437775 0.221032 0.431718 0.224206 0.430617 0.226687 0.428414 0.228423 0.430617 0.232639 0.435573 0.238343 0.447687 0.243552 0.459251 0.243304 0.467511 0.242063 0.474119 0.234623 0.477423 0.232391 0.476322 0.228671 0.472467 0.223462 0.468612 0.221478
0 0.477423 0.218750 0.473018 0.220486 0.474119 0.224950 0.479075 0.230655 0.487885 0.233879 0.499449 0.239831 0.507709 0.239335 0.515969 0.236607 0.518722 0.232143 0.513216 0.225694 0.503855 0.221726 0.491740 0.218006 0.482379 0.217510
0 0.447687 0.244792 0.442181 0.248016 0.443833 0.251240 0.443833 0.259673 0.445485 0.261161 0.455947 0.265129 0.463656 0.263641 0.474670 0.263641 0.478524 0.262897 0.482379 0.260417 0.483480 0.255704 0.475220 0.250744 0.470264 0.245536 0.465308 0.243800 0.456498 0.243800
0 0.441630 0.249752 0.431167 0.247272 0.421256 0.247520 0.400330 0.250992 0.388767 0.253720 0.384912 0.255456 0.384912 0.256696 0.387665 0.260665 0.395374 0.266369 0.403084 0.267609 0.412445 0.267609 0.430066 0.264137 0.442181 0.259921 0.443833 0.257688 0.443833 0.251736
0 0.431167 0.264633 0.421806 0.265625 0.410242 0.268105 0.406388 0.269841 0.404185 0.273562 0.405286 0.279018 0.408590 0.282738 0.416300 0.285466 0.421806 0.288442 0.426762 0.288938 0.433370 0.288442 0.442731 0.284722 0.448789 0.281002 0.450991 0.277778 0.450991 0.273562 0.448238 0.269593 0.441079 0.266369
0 0.464758 0.263393 0.460903 0.264137 0.457599 0.265625 0.451542 0.271329 0.452093 0.279762 0.453744 0.281250 0.460352 0.283482 0.474670 0.283978 0.481828 0.282490 0.485132 0.281002 0.486784 0.279514 0.488436 0.275050 0.484581 0.269345 0.480176 0.265129 0.475220 0.263889
0 0.543502 0.230655 0.533590 0.230159 0.524780 0.232143 0.518722 0.234623 0.512665 0.239583 0.510463 0.243800 0.511564 0.248264 0.514868 0.252728 0.520925 0.254712 0.530286 0.255456 0.536344 0.255208 0.547357 0.253720 0.559471 0.248264 0.561674 0.245040 0.561674 0.240079 0.558921 0.236359 0.555066 0.233879
0 0.475220 0.234375 0.470815 0.239583 0.470815 0.244544 0.473018 0.249256 0.481278 0.254712 0.485683 0.256944 0.491740 0.257688 0.512115 0.254216 0.513216 0.250992 0.509912 0.246280 0.505507 0.243056 0.496145 0.238839 0.491740 0.235367 0.484581 0.233135 0.480727 0.233135
0 0.521476 0.255704 0.518172 0.255208 0.505507 0.255704 0.487390 0.258061 0.480452 0.261458 0.482434 0.265402 0.486784 0.271825 0.490639 0.275794 0.500551 0.277778 0.504405 0.276538 0.511013 0.275546 0.517621 0.272569 0.525330 0.271577 0.530286 0.270089 0.531938 0.268353 0.531938 0.262649 0.530176 0.257068
0 0.542401 0.254960 0.536344 0.255952 0.533590 0.260913 0.533040 0.269345 0.535242 0.271577 0.542401 0.273313 0.551211 0.273313 0.553965 0.271825 0.553414 0.263393 0.558921 0.259921 0.555617 0.255704
0 0.567731 0.257192 0.560573 0.258433 0.553965 0.262649 0.553965 0.275546 0.559471 0.278026 0.568282 0.280754 0.579846 0.281994 0.585903 0.280506 0.592511 0.277778 0.593612 0.276290 0.593062 0.267609 0.583150 0.258929 0.580947 0.257937 0.575991 0.257192
0 0.539648 0.275298 0.534141 0.273562 0.528634 0.273065 0.517621 0.274058 0.497797 0.279018 0.486233 0.283234 0.484581 0.287202 0.491740 0.290427 0.496145 0.291171 0.502203 0.291419 0.509361 0.290675 0.522577 0.287202 0.525330 0.285962 0.532489 0.278522
0 0.535242 0.276786 0.529185 0.282242 0.528084 0.287202 0.534141 0.287698 0.555066 0.292163 0.561123 0.294643 0.569934 0.294891 0.571586 0.294395 0.576542 0.287450 0.576542 0.282986 0.552863 0.275794 0.543502 0.274802
0 0.530286 0.183036 0.525330 0.185268 0.521476 0.192708 0.520925 0.197669 0.525330 0.203125 0.535242 0.207093 0.541300 0.207837 0.546806 0.207589 0.551762 0.206597 0.561123 0.201885 0.562225 0.198165 0.561123 0.193452 0.552863 0.186260 0.547357 0.183780 0.543502 0.182788
0 0.559471 0.171627 0.548458 0.173859 0.546256 0.174851 0.544604 0.176835 0.544053 0.181796 0.552313 0.186260 0.560573 0.192708 0.569934 0.193452 0.579295 0.191964 0.590859 0.188492 0.596916 0.185764 0.599670 0.182292 0.599119 0.178323 0.593612 0.175347 0.587555 0.173611 0.569934 0.171627
0 0.564427 0.161210 0.563326 0.163442 0.563877 0.169147 0.565529 0.170387 0.571035 0.171627 0.586454 0.173611 0.595815 0.173611 0.604075 0.172123 0.609031 0.170139 0.609581 0.163194 0.609031 0.161458 0.605727 0.159722 0.595815 0.158730 0.577093 0.158482 0.567731 0.159970
0 0.717511 0.144593 0.707048 0.144593 0.697687 0.146081 0.692181 0.148313 0.685022 0.153522 0.682819 0.157986 0.683921 0.166419 0.691079 0.170635 0.699890 0.170387 0.719714 0.167163 0.727423 0.165179 0.731278 0.162698 0.737335 0.154018 0.732930 0.150298 0.725220 0.146825
0 0.608480 0.161706 0.610132 0.168155 0.612885 0.170387 0.622247 0.169891 0.628855 0.168651 0.639868 0.169643 0.647577 0.167907 0.665198 0.162202 0.662996 0.157986 0.656938 0.157490 0.647577 0.155506 0.638216 0.154762 0.629956 0.154762 0.622247 0.155506 0.610683 0.157986
0 0.637115 0.169891 0.632159 0.168651 0.623348 0.169395 0.615088 0.171627 0.602423 0.177579 0.598018 0.185268 0.600771 0.187500 0.603524 0.188244 0.612885 0.188492 0.621145 0.186260 0.632159 0.186012 0.639868 0.183532 0.642621 0.181300 0.643722 0.177331 0.640969 0.172371
0 0.664097 0.162946 0.653634 0.165675 0.645925 0.170635 0.643722 0.174107 0.646476 0.180556 0.649229 0.181796 0.683921 0.185516 0.687225 0.184772 0.691630 0.182044 0.692181 0.174603 0.689978 0.171379 0.678965 0.164683
0 0.588106 0.229911 0.582599 0.230159 0.578744 0.231151 0.566079 0.237103 0.562775 0.240079 0.561123 0.248264 0.564427 0.252232 0.567731 0.254464 0.577643 0.256696 0.587555 0.256696 0.594163 0.254960 0.603524 0.251240 0.607930 0.248016 0.608480 0.240079 0.606278 0.237599 0.603524 0.235863 0.599670 0.234871
0 0.600771 0.201141 0.594163 0.200645 0.583700 0.201637 0.577643 0.203373 0.568282 0.207341 0.561674 0.211558 0.558921 0.214286 0.557819 0.217510 0.560573 0.221230 0.568833 0.223462 0.579295 0.225198 0.589758 0.222718 0.596916 0.219742 0.604075 0.213046 0.606278 0.204613 0.603524 0.202133
0 0.632159 0.186260 0.620595 0.186260 0.611233 0.188740 0.606828 0.190972 0.602423 0.196925 0.602974 0.200397 0.605176 0.202629 0.611233 0.205605 0.613987 0.205853 0.617841 0.204613 0.622247 0.204365 0.644824 0.199901 0.646476 0.197917 0.644824 0.193204 0.637665 0.187748
0 0.642621 0.183532 0.639868 0.185020 0.640969 0.189484 0.647577 0.198413 0.652533 0.200149 0.674009 0.203125 0.676762 0.200893 0.690529 0.193452 0.688877 0.188492 0.685573 0.187004 0.676762 0.185020 0.664648 0.183284 0.647026 0.182788
0 0.616740 0.204861 0.609526 0.207738 0.625000 0.212302 0.629956 0.213542 0.636013 0.216270 0.638767 0.218750 0.647577 0.221726 0.657489 0.221726 0.669604 0.220238 0.673458 0.218750 0.675661 0.213294 0.675110 0.208085 0.673458 0.204613 0.670154 0.202877 0.659141 0.200893 0.647577 0.199901 0.632159 0.201637 0.622247 0.204117
0 0.623899 0.213046 0.609581 0.213046 0.604075 0.213790 0.590859 0.223958 0.591410 0.229167 0.594714 0.232639 0.605727 0.236855 0.611233 0.238095 0.618943 0.237599 0.631057 0.234623 0.636564 0.232143 0.640969 0.228423 0.641520 0.223462 0.638216 0.218502 0.636013 0.216518 0.630507 0.214038
0 0.773678 0.155258 0.769824 0.154018 0.761013 0.153274 0.754956 0.154514 0.743943 0.154762 0.737885 0.155754 0.731828 0.161954 0.734031 0.165923 0.740639 0.169395 0.750000 0.170883 0.762115 0.169891 0.772026 0.167907 0.774229 0.166915 0.778634 0.162698 0.778084 0.158234
0 0.726872 0.166419 0.716960 0.167163 0.703744 0.169891 0.693833 0.176587 0.693282 0.182540 0.697137 0.186012 0.708700 0.190724 0.721366 0.188244 0.734031 0.186756 0.737885 0.183780 0.738987 0.182044 0.737885 0.175099 0.730727 0.167907
0 0.730176 0.187996 0.725220 0.187996 0.716960 0.189236 0.710903 0.192956 0.710903 0.196181 0.715308 0.205109 0.717511 0.206349 0.724119 0.207341 0.740639 0.205357 0.743392 0.204117 0.745595 0.197421 0.745044 0.191716 0.738436 0.189236
0 0.699339 0.191964 0.689427 0.194196 0.676211 0.200893 0.674559 0.203621 0.674559 0.206597 0.676762 0.211806 0.680617 0.214286 0.692181 0.217758 0.698238 0.218750 0.702093 0.218750 0.708700 0.217758 0.712004 0.215278 0.713656 0.213046 0.714758 0.204117 0.709251 0.193452
0 0.652533 0.222470 0.649229 0.223710 0.645374 0.228175 0.644824 0.232639 0.646476 0.234375 0.664648 0.240575 0.674009 0.240823 0.682269 0.238839 0.686123 0.236855 0.689427 0.232887 0.688326 0.228423 0.684471 0.225198 0.675110 0.221974 0.671806 0.221478 0.662996 0.221230
0 0.621696 0.247520 0.609031 0.249008 0.602423 0.252232 0.590308 0.255704 0.587555 0.257192 0.585352 0.259425 0.587004 0.263393 0.590859 0.266369 0.595815 0.268601 0.605176 0.268849 0.615639 0.264385 0.622247 0.255952
0 0.654736 0.236359 0.647026 0.234871 0.637115 0.234375 0.631057 0.234871 0.624449 0.236359 0.621696 0.237599 0.618392 0.240327 0.618392 0.245784 0.621696 0.248760 0.623348 0.252728 0.627203 0.253968 0.641520 0.253472 0.661344 0.245784 0.662996 0.244296 0.661894 0.240823
0 0.727423 0.223462 0.719714 0.222222 0.712555 0.222470 0.707048 0.224206 0.699339 0.229167 0.693833 0.234871 0.692731 0.238839 0.693833 0.242808 0.699339 0.246280 0.715859 0.244792 0.726322 0.245288 0.729075 0.244544 0.732379 0.240823 0.734031 0.237103 0.734031 0.230655 0.731828 0.225446
0 0.752203 0.210317 0.743943 0.206101 0.734581 0.206101 0.724119 0.208085 0.720264 0.209821 0.717511 0.212798 0.707599 0.219990 0.707048 0.221230 0.708150 0.222222 0.720815 0.222470 0.734581 0.225694 0.750000 0.223462 0.756057 0.220982 0.757709 0.216518
0 0.745595 0.224950 0.742291 0.224950 0.734581 0.226935 0.733480 0.228175 0.732930 0.236855 0.729626 0.244792 0.734581 0.248512 0.738987 0.249256 0.743943 0.249256 0.759361 0.245784 0.766520 0.241319 0.768172 0.237103 0.767070 0.233631 0.762115 0.228919 0.756057 0.226687
0 0.778084 0.168899 0.769273 0.168403 0.762115 0.169643 0.750000 0.170635 0.746145 0.172123 0.745044 0.173363 0.745595 0.181300 0.750000 0.186508 0.754405 0.188244 0.759361 0.189236 0.773678 0.188740 0.779736 0.186756 0.790749 0.180556 0.792401 0.178571 0.791850 0.173611 0.788546 0.171627
0 0.821035 0.160218 0.812225 0.161706 0.804515 0.164931 0.799559 0.170387 0.798458 0.175347 0.800661 0.180060 0.812225 0.184276 0.822687 0.186756 0.831498 0.185268 0.837004 0.181796 0.840859 0.174107 0.841410 0.168651 0.838656 0.165923 0.830947 0.161458
0 0.909692 0.150298 0.894273 0.151786 0.885463 0.153274 0.881057 0.155258 0.877753 0.158234 0.877753 0.162698 0.880507 0.165675 0.888767 0.170139 0.890969 0.173115 0.899780 0.175347 0.916300 0.172123 0.918502 0.171131 0.922907 0.166915 0.923458 0.157242 0.921806 0.154762 0.917401 0.151538
0 0.854075 0.164683 0.849119 0.165923 0.844163 0.168651 0.840308 0.177331 0.842511 0.181796 0.848018 0.183036 0.856278 0.183532 0.864537 0.185020 0.875000 0.185020 0.878304 0.184276 0.887665 0.180060 0.890419 0.178075 0.890419 0.172619 0.888767 0.169891 0.882159 0.166419 0.874449 0.164435 0.863987 0.163442
0 0.926211 0.175843 0.916850 0.173363 0.908040 0.173859 0.893172 0.177083 0.876652 0.185516 0.876101 0.189980 0.890969 0.195437 0.896476 0.194196 0.907489 0.192956 0.917952 0.192956 0.926211 0.191468 0.929515 0.189484 0.931718 0.185764 0.931718 0.181300 0.929515 0.178075
0 0.838106 0.184028 0.833700 0.186508 0.831498 0.192212 0.831498 0.195685 0.833150 0.198165 0.838656 0.201637 0.855727 0.199901 0.865639 0.200397 0.873899 0.197669 0.877203 0.193948 0.877203 0.192708 0.873348 0.188244 0.869493 0.186260 0.856278 0.183532 0.845264 0.183284
0 0.794604 0.180804 0.786894 0.182540 0.779736 0.187004 0.776432 0.191964 0.776432 0.197917 0.779185 0.200893 0.786344 0.203621 0.794604 0.204613 0.804515 0.204613 0.812775 0.203125 0.823238 0.200149 0.827643 0.197421 0.826542 0.192956 0.823238 0.188492 0.818833 0.186260 0.803965 0.181548
0 0.787445 0.212054 0.775881 0.212798 0.767070 0.215278 0.762665 0.218502 0.760463 0.223958 0.763767 0.228423 0.773678 0.233135 0.785242 0.234375 0.792401 0.233383 0.800110 0.230655 0.802313 0.228671 0.807819 0.226190 0.810022 0.221478 0.808921 0.217262 0.803965 0.214782 0.796256 0.213046
0 0.865639 0.200397 0.852974 0.199901 0.843062 0.200893 0.839758 0.201637 0.830396 0.206349 0.827643 0.213046 0.832048 0.219990 0.837004 0.222966 0.840859 0.223214 0.853524 0.220982 0.864537 0.219990 0.872797 0.216518 0.876652 0.211558 0.876652 0.205853 0.874449 0.203373
0 0.898128 0.193948 0.890969 0.195933 0.886564 0.200645 0.886564 0.205357 0.889868 0.213790 0.890969 0.214534 0.902533 0.217535 0.910573 0.220933 0.922907 0.213046 0.927313 0.205109 0.927313 0.200893 0.924009 0.196181 0.919604 0.193452 0.915749 0.192956 0.905837 0.192956
0 0.892070 0.216022 0.882159 0.215774 0.875000 0.216518 0.865639 0.220734 0.865088 0.224950 0.875000 0.236607 0.878304 0.237847 0.882709 0.238095 0.890969 0.237351 0.899780 0.234127 0.903084 0.231895 0.904736 0.228919 0.903634 0.223462 0.905286 0.220486 0.896476 0.216766
0 0.965859 0.201141 0.962004 0.200397 0.951542 0.200149 0.943282 0.201389 0.927313 0.208581 0.923458 0.212550 0.921806 0.217014 0.923458 0.219494 0.928965 0.223462 0.938877 0.224950 0.950441 0.224950 0.953744 0.224454 0.960352 0.221726 0.966960 0.216766 0.970264 0.210565 0.969163 0.205357
0 0.856278 0.220486 0.843612 0.222718 0.840859 0.225198 0.839758 0.228423 0.839758 0.232639 0.842511 0.236359 0.844163 0.243056 0.846916 0.245536 0.856278 0.248760 0.863491 0.247123 0.868722 0.242237 0.872247 0.238542 0.870209 0.230283 0.865088 0.220734
0 0.886013 0.238591 0.877203 0.238839 0.868943 0.242312 0.866740 0.243800 0.865639 0.247768 0.861233 0.250248 0.860683 0.251984 0.866189 0.255704 0.873899 0.258433 0.884361 0.258681 0.890419 0.256696 0.892621 0.254216 0.895870 0.244320 0.889868 0.239087
0 0.802863 0.257192 0.799559 0.257688 0.796806 0.259177 0.793502 0.267857 0.796806 0.269345 0.799009 0.271577 0.796806 0.279762 0.802313 0.281746 0.813877 0.282242 0.825441 0.280258 0.834251 0.277034 0.839207 0.272321 0.839207 0.269841 0.837004 0.266617 0.830396 0.263393 0.818282 0.260417 0.812775 0.258433
0 0.833150 0.231399 0.823789 0.230655 0.814152 0.230134 0.805396 0.231771 0.800991 0.235565 0.799559 0.241319 0.800055 0.247644 0.795264 0.255382 0.801267 0.256796 0.808095 0.255134 0.814427 0.253720 0.822137 0.252480 0.830947 0.249752 0.833700 0.248264 0.841960 0.240575 0.840308 0.235119 0.837555 0.232887
0 0.784692 0.250744 0.780286 0.248264 0.774780 0.246776 0.762115 0.245784 0.740088 0.250248 0.736233 0.252976 0.732930 0.259425 0.734031 0.263641 0.751101 0.266369 0.758260 0.266865 0.768722 0.266369 0.779185 0.264881 0.788546 0.259921 0.789097 0.255704
0 0.726322 0.245536 0.717511 0.244792 0.706498 0.245536 0.702643 0.246776 0.697687 0.251240 0.696586 0.256200 0.698789 0.262401 0.707599 0.267857 0.708700 0.269345 0.717511 0.268849 0.723568 0.266121 0.728524 0.263145 0.733480 0.257440 0.735683 0.252232 0.733480 0.248016
0 0.645374 0.251984 0.644273 0.254960 0.645374 0.257937 0.656388 0.263145 0.678414 0.266121 0.688326 0.265625 0.696586 0.263889 0.696586 0.250992 0.693833 0.248264 0.686674 0.245536 0.674009 0.243800 0.664648 0.244296
0 0.621696 0.255952 0.615639 0.263889 0.618392 0.267361 0.622247 0.269097 0.628304 0.269841 0.639317 0.270089 0.647577 0.271825 0.656388 0.271825 0.658040 0.271081 0.659692 0.269097 0.659692 0.266617 0.657489 0.264633 0.647577 0.261161 0.642070 0.258433 0.630507 0.255456
0 0.615088 0.275050 0.615088 0.279266 0.621696 0.282738 0.624449 0.285466 0.629405 0.286954 0.639317 0.285714 0.648128 0.285714 0.665749 0.281498 0.668502 0.279514 0.665198 0.275050 0.639317 0.270089 0.623899 0.270089 0.618392 0.272321
0 0.665198 0.271329 0.665198 0.275546 0.670705 0.281002 0.672907 0.281994 0.699339 0.285466 0.706498 0.282986 0.709251 0.280010 0.710352 0.271081 0.705947 0.267361 0.700991 0.265377 0.691079 0.265129 0.680617 0.266617 0.671806 0.268849
0 0.727974 0.265129 0.720264 0.267361 0.712555 0.270585 0.709802 0.274306 0.710352 0.280506 0.712555 0.282738 0.722467 0.286210 0.733480 0.287698 0.744493 0.287698 0.752203 0.285714 0.756608 0.283234 0.761013 0.276042 0.761564 0.271329 0.756608 0.267857 0.751652 0.266121 0.743943 0.264881 0.733480 0.264633
0 0.791300 0.267113 0.778084 0.265625 0.767070 0.268105 0.762665 0.271081 0.758811 0.283730 0.762665 0.288938 0.768722 0.291419 0.782489 0.288690 0.790749 0.283978 0.796806 0.279018 0.799559 0.270833 0.796806 0.268601
0 0.827093 0.290923 0.828744 0.294891 0.833700 0.297371 0.848568 0.300347 0.856828 0.300595 0.862885 0.299851 0.876101 0.299603 0.884912 0.297371 0.890969 0.294891 0.889317 0.290923 0.879405 0.283482 0.868943 0.279514 0.857930 0.278026 0.846366 0.278274 0.835352 0.281994 0.829846 0.286706
0 0.854075 0.301587 0.845264 0.305308 0.841410 0.309524 0.842511 0.314236 0.846366 0.317708 0.850220 0.318948 0.868943 0.321925 0.879956 0.325397 0.882159 0.326637 0.891520 0.326141 0.893722 0.322421 0.891520 0.312252 0.888767 0.306548 0.886013 0.304067 0.881057 0.301587 0.875551 0.300099 0.862885 0.300099
0 0.778084 0.290179 0.766520 0.292411 0.764317 0.293403 0.761564 0.297619 0.762115 0.301835 0.767621 0.309028 0.776982 0.314980 0.786894 0.316716 0.792952 0.310020 0.802313 0.302827 0.802313 0.295635 0.800661 0.293403 0.796256 0.291419 0.787996 0.290179
0 0.821586 0.301587 0.811123 0.301587 0.802313 0.303323 0.797357 0.305804 0.788546 0.313988 0.787445 0.316220 0.788546 0.321677 0.792401 0.324405 0.813877 0.327133 0.825991 0.325149 0.835352 0.320437 0.838656 0.314980 0.838656 0.309772 0.830947 0.304563 0.826542 0.302579
0 0.622797 0.282986 0.613987 0.279762 0.600771 0.279762 0.590308 0.281002 0.576542 0.286458 0.573789 0.291667 0.578194 0.296131 0.580396 0.297123 0.585352 0.297867 0.591960 0.297619 0.599670 0.296379 0.613436 0.290675 0.618943 0.289683 0.625551 0.287202
0 0.654736 0.288938 0.653634 0.291171 0.656388 0.299107 0.660242 0.300595 0.670705 0.302331 0.673458 0.303323 0.682819 0.303075 0.697137 0.300843 0.704846 0.299107 0.710352 0.295387 0.708150 0.290923 0.696586 0.285466 0.688877 0.283730 0.673458 0.283482 0.667401 0.284226 0.661894 0.285466
0 0.715859 0.302083 0.711454 0.299355 0.707048 0.298859 0.680066 0.303075 0.674559 0.305308 0.672357 0.310516 0.683370 0.312004 0.690529 0.314732 0.691630 0.316220 0.696035 0.316964 0.700991 0.316964 0.711454 0.314732 0.714758 0.312996 0.716410 0.309028
0 0.735132 0.291915 0.729626 0.292411 0.725771 0.293403 0.719714 0.296627 0.716410 0.301339 0.716960 0.312748 0.718612 0.314484 0.726322 0.317212 0.743943 0.316716 0.754405 0.313988 0.759361 0.311012 0.761013 0.307292 0.758260 0.300347 0.751652 0.295387 0.745044 0.293403
0 0.644824 0.286458 0.637665 0.285962 0.626101 0.287450 0.611233 0.291171 0.605727 0.294395 0.604626 0.299355 0.607379 0.302083 0.614537 0.306052 0.621696 0.308036 0.631057 0.307292 0.649229 0.302827 0.652533 0.301091 0.653634 0.299355 0.653084 0.291171 0.649780 0.288194
0 0.670705 0.302579 0.664648 0.301587 0.655837 0.301091 0.634361 0.306052 0.626101 0.309276 0.619493 0.313244 0.618392 0.314980 0.621696 0.318452 0.629405 0.322421 0.638216 0.321925 0.643722 0.320685 0.658040 0.313740 0.667401 0.310268 0.670705 0.307044
0 0.585903 0.298363 0.575441 0.300099 0.568282 0.303323 0.564427 0.306796 0.561674 0.313244 0.561674 0.316716 0.564427 0.318204 0.578744 0.318948 0.586454 0.320685 0.595815 0.320933 0.607379 0.318452 0.614537 0.315228 0.617291 0.310268 0.614537 0.306300 0.604626 0.300347 0.595815 0.298363
0 0.513216 0.290923 0.515419 0.294643 0.530837 0.301091 0.540749 0.307788 0.547907 0.308780 0.555617 0.308780 0.561123 0.308036 0.567731 0.302827 0.569383 0.298611 0.566630 0.295883 0.555066 0.291915 0.544053 0.288938 0.530837 0.287450 0.520374 0.287946
0 0.493943 0.293651 0.487335 0.298363 0.487885 0.300595 0.493392 0.304812 0.500551 0.307788 0.507159 0.311756 0.517070 0.315476 0.526982 0.315228 0.534692 0.313740 0.539097 0.310764 0.539097 0.307788 0.537996 0.305804 0.530286 0.300595 0.522026 0.296875 0.514868 0.295139 0.508811 0.292659 0.499449 0.292163
0 0.455947 0.284226 0.437225 0.290427 0.436674 0.291419 0.438877 0.294891 0.448789 0.299603 0.452093 0.304563 0.454295 0.306052 0.465308 0.307788 0.474119 0.307540 0.481278 0.305308 0.485683 0.303075 0.486784 0.298611 0.490088 0.295139 0.488436 0.290427 0.482930 0.286706 0.476872 0.284722 0.466960 0.283978
0 0.491740 0.305308 0.482930 0.305804 0.474670 0.308532 0.466960 0.312996 0.464207 0.316220 0.463656 0.322669 0.465308 0.324405 0.471366 0.326637 0.480727 0.328373 0.500000 0.327133 0.508260 0.322669 0.512115 0.318700 0.511564 0.315476 0.509912 0.313740 0.500000 0.307540
0 0.420705 0.291419 0.412445 0.292907 0.402533 0.296875 0.397026 0.302579 0.397026 0.307044 0.401982 0.312500 0.412996 0.316716 0.431167 0.316964 0.436123 0.315972 0.450441 0.309276 0.452093 0.305556 0.452093 0.301835 0.450441 0.300099 0.436674 0.292907 0.431167 0.291667
0 0.455947 0.311012 0.447687 0.310516 0.432819 0.316716 0.430617 0.317212 0.421806 0.317212 0.419053 0.318204 0.418502 0.323165 0.420154 0.324653 0.438326 0.332093 0.453744 0.330109 0.461454 0.325397 0.463106 0.322173 0.463106 0.314980 0.459802 0.312500
0 0.478524 0.331597 0.471916 0.329365 0.464758 0.328621 0.439978 0.332341 0.435022 0.334573 0.432269 0.337054 0.432269 0.342262 0.437225 0.344990 0.447137 0.346974 0.457599 0.346726 0.471366 0.344494 0.475220 0.342758 0.478524 0.339038 0.480176 0.333085
0 0.395374 0.324901 0.389317 0.328621 0.387115 0.333829 0.388216 0.338294 0.392070 0.341518 0.401982 0.344494 0.411894 0.345238 0.427863 0.342758 0.432269 0.340030 0.433921 0.336806 0.437225 0.334077 0.433921 0.330109 0.428414 0.327629 0.415749 0.324157 0.401982 0.324157
0 0.351872 0.311508 0.346916 0.314236 0.346366 0.318452 0.349670 0.323413 0.355727 0.327877 0.359581 0.329117 0.372247 0.330605 0.377753 0.331845 0.386564 0.330357 0.392621 0.326141 0.396476 0.321429 0.397026 0.317708 0.392070 0.313244 0.387115 0.311756 0.373348 0.310764 0.359031 0.310764
0 0.343062 0.329117 0.337004 0.331349 0.334251 0.333829 0.334251 0.338790 0.339207 0.345734 0.343062 0.347718 0.351322 0.349950 0.361784 0.350198 0.370595 0.348958 0.378304 0.345734 0.384912 0.338046 0.381057 0.333333 0.374449 0.331101 0.352423 0.328373
0 0.360132 0.356399 0.355176 0.360863 0.355727 0.364087 0.358480 0.367808 0.365639 0.372024 0.371696 0.373760 0.377203 0.374504 0.387115 0.373760 0.398128 0.374008 0.405286 0.373264 0.406938 0.369048 0.403084 0.365575 0.401432 0.360367 0.399780 0.358879 0.390419 0.354911 0.385463 0.353423 0.376101 0.352679 0.366740 0.353919
0 0.311123 0.356151 0.310022 0.357143 0.308921 0.363591 0.309471 0.369296 0.325991 0.369792 0.341960 0.371528 0.345815 0.372520 0.351872 0.375992 0.361784 0.375000 0.363987 0.372768 0.356828 0.367063 0.353524 0.361359 0.343612 0.356399 0.334251 0.353919 0.328194 0.353423 0.316630 0.354167
0 0.299559 0.372520 0.292952 0.377232 0.291300 0.379216 0.291300 0.382192 0.294053 0.384921 0.299009 0.385913 0.308370 0.389137 0.318282 0.390377 0.337555 0.390377 0.340859 0.389881 0.349670 0.385169 0.351322 0.382192 0.351322 0.376240 0.349119 0.374008 0.343612 0.371528 0.330396 0.370040 0.308370 0.369792
0 0.300661 0.351438 0.295154 0.351935 0.291300 0.352927 0.286894 0.354911 0.272577 0.363839 0.269824 0.368056 0.269824 0.370288 0.272026 0.373264 0.278634 0.375496 0.281938 0.375992 0.292401 0.375992 0.307269 0.369048 0.310022 0.361359 0.309471 0.357391 0.306167 0.353175
0 0.282489 0.336310 0.275881 0.338542 0.260463 0.342014 0.251101 0.346230 0.247247 0.349454 0.249449 0.354415 0.264868 0.361111 0.274229 0.361855 0.277533 0.360863 0.281938 0.358631 0.287996 0.353671 0.290198 0.349454 0.290749 0.343750 0.289097 0.338790 0.287445 0.337302
0 0.299559 0.329861 0.290198 0.333829 0.287996 0.337302 0.290749 0.344246 0.294053 0.347222 0.299009 0.349454 0.308921 0.351935 0.322137 0.352927 0.334802 0.352927 0.335903 0.348214 0.333150 0.341270 0.329846 0.337302 0.323238 0.332341 0.319383 0.330357 0.309471 0.327877
0 0.335352 0.312996 0.327643 0.313492 0.323238 0.317212 0.317181 0.319940 0.307819 0.322173 0.306718 0.322917 0.306718 0.326885 0.325991 0.332341 0.338106 0.330109 0.343062 0.328621 0.346916 0.326389 0.348018 0.322173 0.345264 0.317212 0.339207 0.313988
0 0.308921 0.300347 0.298458 0.302579 0.286344 0.306052 0.284141 0.307044 0.281388 0.310020 0.282489 0.314732 0.285242 0.318452 0.290749 0.321429 0.299559 0.323165 0.308370 0.322669 0.318833 0.319940 0.322687 0.318204 0.325441 0.315724 0.328744 0.310764 0.327093 0.306796 0.323789 0.304563 0.317731 0.302331
0 0.318282 0.289187 0.317181 0.288690 0.299559 0.288690 0.293502 0.289187 0.287996 0.290179 0.278634 0.293155 0.270925 0.296875 0.269273 0.298363 0.269824 0.302827 0.273678 0.305804 0.283040 0.307540 0.310573 0.300099 0.317731 0.294891 0.319383 0.291419
0 0.166300 0.291915 0.159141 0.294643 0.160242 0.298859 0.165198 0.304563 0.174009 0.308284 0.187225 0.310516 0.195485 0.309524 0.201542 0.306052 0.203744 0.303075 0.202643 0.298115 0.198238 0.293155 0.194934 0.291667 0.187775 0.289931 0.174009 0.290675
0 0.248348 0.289187 0.226322 0.290427 0.219714 0.291915 0.215859 0.293651 0.214207 0.295387 0.213656 0.300347 0.216410 0.304315 0.226322 0.308532 0.238987 0.311756 0.248348 0.311012 0.256608 0.307788 0.262115 0.302827 0.260463 0.298363 0.254405 0.292659
0 0.236784 0.313244 0.232930 0.315228 0.230727 0.317460 0.228524 0.321677 0.228524 0.326141 0.235132 0.329613 0.243943 0.332341 0.254405 0.333829 0.265419 0.333829 0.273678 0.330109 0.275881 0.326637 0.275330 0.320933 0.270925 0.314732 0.264868 0.312748 0.258260 0.312004 0.246145 0.312252
0 0.212555 0.304315 0.204295 0.305308 0.194383 0.310268 0.192731 0.312252 0.192731 0.316716 0.195485 0.322173 0.204295 0.325645 0.213656 0.326637 0.221916 0.325893 0.225220 0.324653 0.232930 0.313740 0.231278 0.310268 0.226322 0.309028 0.221366 0.306300
0 0.238436 0.375248 0.233480 0.376488 0.228524 0.378720 0.226872 0.380456 0.225771 0.384921 0.234581 0.392857 0.237335 0.396577 0.238987 0.397321 0.248348 0.397569 0.256608 0.395337 0.265969 0.390625 0.268172 0.383929 0.264868 0.379712 0.260463 0.377480 0.250000 0.375744
0 0.208700 0.327381 0.199339 0.330357 0.193833 0.333333 0.193282 0.338790 0.195485 0.342262 0.205396 0.349206 0.210903 0.351438 0.220815 0.354415 0.230727 0.354415 0.234581 0.353175 0.238987 0.350198 0.243943 0.348214 0.246696 0.345982 0.248348 0.341766 0.246145 0.336310 0.242291 0.332837 0.230176 0.327381 0.225220 0.326637 0.215859 0.326637
0 0.160793 0.311012 0.151982 0.315228 0.147577 0.315972 0.145374 0.317212 0.140969 0.322173 0.140419 0.327381 0.144273 0.330357 0.151982 0.333085 0.158590 0.334077 0.172907 0.334077 0.178414 0.333581 0.185573 0.330605 0.185573 0.326885 0.182819 0.321429 0.178414 0.317212 0.169053 0.312004
0 0.116189 0.308780 0.105727 0.310516 0.102423 0.312004 0.100220 0.314236 0.099670 0.318700 0.105176 0.325645 0.117291 0.329861 0.126652 0.331101 0.136013 0.328869 0.139868 0.326389 0.142070 0.321181 0.144824 0.318452 0.143172 0.314236 0.134912 0.311012 0.125000 0.309028
0 0.140419 0.291915 0.134361 0.292659 0.122247 0.298115 0.121145 0.299107 0.121696 0.307044 0.125551 0.309276 0.142621 0.313740 0.151982 0.313244 0.159692 0.310020 0.162996 0.307044 0.162996 0.302083 0.158040 0.296131 0.148678 0.292659 0.144824 0.291915
0 0.089758 0.277530 0.082599 0.280258 0.079295 0.282986 0.079295 0.287450 0.083150 0.292163 0.090859 0.297371 0.101872 0.297371 0.118392 0.298611 0.123899 0.297619 0.129956 0.294395 0.138767 0.291171 0.139317 0.286954 0.137665 0.282738 0.135463 0.280754 0.126101 0.277034 0.117291 0.275794 0.105176 0.275546 0.096366 0.276290
0 0.054515 0.285714 0.050110 0.286706 0.043502 0.289683 0.038546 0.294643 0.040198 0.298859 0.048458 0.302827 0.066079 0.305308 0.070485 0.304315 0.076542 0.300595 0.085352 0.298859 0.085903 0.294395 0.080947 0.288442 0.077093 0.285962 0.074890 0.285466
0 0.115088 0.299603 0.109031 0.297619 0.095815 0.297371 0.076542 0.300595 0.073238 0.302083 0.070485 0.305804 0.070485 0.307292 0.075991 0.312996 0.081498 0.314484 0.097467 0.313988 0.100220 0.313492 0.105176 0.310764 0.117291 0.308532 0.120044 0.307044 0.118392 0.302083
0 0.046256 0.303819 0.039097 0.305060 0.033590 0.307292 0.028634 0.314484 0.028084 0.320437 0.029736 0.324653 0.031938 0.326389 0.037996 0.327629 0.048458 0.328125 0.077093 0.318452 0.077643 0.314236 0.075441 0.313244 0.071586 0.309276 0.066630 0.306796 0.057269 0.304563
0 0.086454 0.319444 0.080396 0.318948 0.072137 0.319940 0.051762 0.326885 0.047357 0.329365 0.044053 0.333829 0.045154 0.335813 0.056718 0.341518 0.063877 0.343006 0.068833 0.342262 0.075991 0.338790 0.088656 0.329861 0.092511 0.326389 0.092511 0.321925
0 0.095815 0.326885 0.090308 0.328125 0.082048 0.333829 0.079295 0.338046 0.083150 0.342510 0.087004 0.344990 0.096366 0.346974 0.105176 0.346974 0.110132 0.346230 0.117291 0.343750 0.124449 0.338294 0.125000 0.333829 0.123348 0.331845 0.110132 0.327133
0 0.080947 0.344494 0.074890 0.343502 0.068282 0.344246 0.057269 0.348958 0.047357 0.352183 0.045705 0.353423 0.045154 0.357391 0.047907 0.360367 0.051762 0.362103 0.056718 0.363343 0.071035 0.363343 0.074339 0.362599 0.089758 0.356151 0.091410 0.353919 0.089758 0.348462 0.087555 0.346726
0 0.117841 0.351687 0.111784 0.352679 0.105176 0.354911 0.091410 0.355903 0.084802 0.357391 0.076542 0.361359 0.074890 0.364583 0.076542 0.370288 0.080396 0.372272 0.090859 0.375744 0.100220 0.376736 0.104626 0.375744 0.109031 0.373512 0.110683 0.371280 0.111784 0.362599 0.119493 0.354911 0.119493 0.352927
0 0.121145 0.358135 0.116189 0.358879 0.111233 0.363839 0.110683 0.369792 0.111784 0.376736 0.117841 0.380952 0.126101 0.382688 0.134361 0.379960 0.140419 0.376736 0.144824 0.369296 0.145374 0.365327 0.141520 0.361607 0.139317 0.360615 0.127203 0.358135
0 0.170705 0.351438 0.160242 0.351190 0.149780 0.352183 0.144273 0.353423 0.140419 0.356647 0.141520 0.361359 0.147577 0.365079 0.151432 0.369792 0.160242 0.371776 0.174009 0.365327 0.177313 0.361855 0.178965 0.358383 0.177313 0.353671 0.175110 0.352431
0 0.195485 0.355159 0.189978 0.357391 0.187225 0.364087 0.188326 0.369296 0.194383 0.375496 0.203744 0.379960 0.213656 0.379712 0.226322 0.377480 0.233480 0.374752 0.235683 0.373016 0.236233 0.368552 0.232379 0.364831 0.221916 0.359127 0.214758 0.357143
0 0.180617 0.377480 0.177313 0.376488 0.161344 0.374256 0.148128 0.375000 0.138767 0.377232 0.128855 0.381696 0.126652 0.383929 0.128304 0.388889 0.133811 0.393353 0.138767 0.394841 0.143172 0.395337 0.152533 0.395337 0.160242 0.394097 0.174559 0.390377 0.180066 0.387153 0.182269 0.383929 0.183370 0.380208
0 0.052863 0.371776 0.047357 0.373264 0.042952 0.377232 0.042952 0.381696 0.045705 0.386905 0.047907 0.388641 0.060573 0.391865 0.068833 0.397073 0.074339 0.398065 0.087004 0.388641 0.089207 0.382688 0.089207 0.376488 0.084251 0.373264 0.074890 0.371032 0.062775 0.371032
0 0.125000 0.386409 0.112885 0.385417 0.099670 0.386161 0.086454 0.389881 0.082599 0.392113 0.077643 0.396577 0.075991 0.400794 0.082048 0.406002 0.094163 0.410218 0.099670 0.411458 0.109581 0.410962 0.116189 0.409474 0.123899 0.405506 0.132709 0.396577 0.132159 0.392113
0 0.046806 0.388889 0.038546 0.389633 0.030286 0.392609 0.026432 0.396825 0.025881 0.401290 0.030286 0.406746 0.034141 0.408482 0.039097 0.409722 0.048458 0.410714 0.065529 0.407242 0.068282 0.404762 0.069383 0.398810 0.067181 0.395337 0.058921 0.390625 0.054515 0.389385
0 0.335297 0.491394 0.333370 0.497173 0.340859 0.501736 0.343062 0.502728 0.351872 0.503472 0.361233 0.505704 0.370044 0.504464 0.372797 0.503472 0.384912 0.501984 0.383260 0.498016 0.376652 0.496776 0.365639 0.491071 0.360683 0.489335 0.343062 0.489335 0.352698 0.487946
0 0.222467 0.384425 0.212004 0.383929 0.203744 0.384673 0.188877 0.388145 0.182269 0.390873 0.177863 0.395833 0.178414 0.400794 0.185022 0.405010 0.189427 0.406994 0.196035 0.408730 0.204295 0.409474 0.220264 0.406250 0.224119 0.404762 0.229626 0.400050 0.236233 0.396825 0.230727 0.388393 0.227974 0.386161
0 0.291300 0.391865 0.282489 0.391121 0.269824 0.392113 0.263216 0.393849 0.258260 0.396081 0.254956 0.399058 0.254405 0.401042 0.257709 0.406002 0.267621 0.410218 0.273678 0.411954 0.283590 0.412202 0.292401 0.411210 0.297907 0.409722 0.303414 0.406498 0.304515 0.402282 0.301762 0.396577
0 0.309471 0.390873 0.303965 0.393353 0.301762 0.396577 0.305617 0.404514 0.310022 0.407242 0.314427 0.408234 0.327093 0.408978 0.333700 0.407490 0.343612 0.402778 0.352423 0.396577 0.350220 0.393601 0.347467 0.392361 0.340859 0.390873 0.329295 0.390377
0 0.291850 0.429812 0.282489 0.429315 0.273678 0.430060 0.256608 0.434028 0.253304 0.435764 0.250551 0.438988 0.251652 0.441716 0.253304 0.443204 0.265969 0.449405 0.273678 0.450397 0.279736 0.449653 0.280837 0.442708 0.285793 0.438244 0.293502 0.435268 0.297357 0.431796
0 0.307819 0.408730 0.299009 0.410466 0.294053 0.412450 0.292401 0.413938 0.290198 0.419395 0.291300 0.423859 0.293502 0.427579 0.296256 0.430060 0.300110 0.431796 0.306718 0.433036 0.317731 0.433780 0.322137 0.432788 0.325991 0.431052 0.334802 0.429315 0.338106 0.427827 0.340308 0.424603 0.341410 0.419395 0.339207 0.415179 0.330396 0.410218 0.318833 0.408730
0 0.286894 0.416667 0.283040 0.414435 0.273128 0.413938 0.245595 0.419395 0.237335 0.423115 0.235683 0.427827 0.239537 0.429315 0.245595 0.430308 0.260463 0.430556 0.267621 0.430060 0.285793 0.427331 0.290198 0.425843 0.291300 0.424603 0.291300 0.423115
0 0.223018 0.406746 0.212004 0.407986 0.205947 0.410218 0.200991 0.411210 0.187225 0.419891 0.189978 0.423859 0.197137 0.425843 0.199890 0.427827 0.204846 0.429563 0.214207 0.430060 0.227423 0.427579 0.233480 0.425347 0.236784 0.422123 0.240639 0.420139 0.238436 0.415923 0.234031 0.411458 0.230727 0.409226
0 0.145374 0.407242 0.143722 0.409474 0.143722 0.412698 0.149229 0.415923 0.157489 0.418155 0.173458 0.420883 0.183370 0.421131 0.186674 0.420883 0.195485 0.416171 0.197137 0.411706 0.194383 0.408730 0.178414 0.401786 0.169053 0.401786 0.160793 0.403026 0.151432 0.405010
0 0.049009 0.411210 0.047357 0.411954 0.046806 0.413690 0.047357 0.417411 0.053965 0.422123 0.062775 0.425595 0.073238 0.427827 0.083150 0.428075 0.091960 0.426091 0.098018 0.423611 0.100220 0.420883 0.098568 0.414187 0.093612 0.410466 0.083150 0.407242 0.064978 0.407242
0 0.135463 0.423363 0.122247 0.423115 0.100771 0.424355 0.091410 0.426091 0.081498 0.428819 0.076542 0.431548 0.076542 0.435764 0.082048 0.439236 0.084251 0.443452 0.090308 0.445437 0.101322 0.446677 0.107379 0.444940 0.113436 0.441964 0.125551 0.439732 0.128855 0.436756 0.132159 0.430556 0.136564 0.428075
0 0.054515 0.430308 0.046806 0.431548 0.038546 0.435020 0.035242 0.439236 0.036344 0.443700 0.040198 0.446677 0.050110 0.450645 0.056167 0.452133 0.065529 0.451885 0.074890 0.449653 0.077643 0.448165 0.082599 0.443452 0.083150 0.439236 0.070485 0.431548 0.063326 0.430308
0 0.064427 0.452133 0.061123 0.454365 0.059471 0.458829 0.060573 0.462302 0.063326 0.464038 0.090308 0.469742 0.095264 0.469494 0.101872 0.467262 0.104626 0.462798 0.100771 0.458829 0.098568 0.452877 0.095815 0.451141 0.079846 0.449653 0.073238 0.449901
0 0.128304 0.440724 0.117291 0.440972 0.112335 0.442212 0.102423 0.446925 0.098568 0.451141 0.101322 0.460813 0.104626 0.464286 0.107930 0.465278 0.117841 0.464782 0.128855 0.462054 0.132159 0.460813 0.139868 0.455109 0.142070 0.451637 0.140969 0.446429 0.136564 0.442956
0 0.041850 0.462798 0.042952 0.467758 0.049009 0.470734 0.051762 0.472966 0.065529 0.479663 0.073238 0.481647 0.083150 0.481647 0.088656 0.480903 0.093062 0.479167 0.095815 0.475694 0.095264 0.472470 0.085903 0.468254 0.077093 0.466270 0.056718 0.464038 0.050661 0.462550 0.046806 0.462302
0 0.134361 0.464534 0.125551 0.463046 0.117841 0.465030 0.107379 0.465774 0.103524 0.466766 0.100220 0.468502 0.096916 0.471726 0.095815 0.478671 0.097467 0.480407 0.104075 0.482639 0.112335 0.484127 0.125551 0.484127 0.128855 0.483383 0.137115 0.478671 0.140969 0.470982 0.139317 0.467014
0 0.155286 0.421875 0.151432 0.422371 0.139317 0.430804 0.137115 0.435020 0.137115 0.443452 0.142621 0.447917 0.145374 0.449157 0.150330 0.450149 0.161344 0.450397 0.169604 0.448661 0.178414 0.447917 0.180066 0.447421 0.173458 0.436508 0.172907 0.431796 0.171696 0.429613 0.174559 0.426835 0.171256 0.424355 0.167952 0.423115 0.162445 0.421875
0 0.177313 0.426339 0.174009 0.427331 0.173183 0.429985 0.173789 0.436384 0.181167 0.446925 0.188326 0.449901 0.204846 0.452629 0.207599 0.450893 0.215859 0.448661 0.219163 0.447173 0.221916 0.443452 0.221366 0.439980 0.217511 0.435516 0.209802 0.431548 0.195485 0.426835 0.187225 0.425595
0 0.158040 0.452133 0.155837 0.454365 0.155286 0.459077 0.157489 0.462550 0.161344 0.464782 0.177863 0.468006 0.187775 0.468254 0.197687 0.466766 0.205396 0.464286 0.208150 0.460813 0.208700 0.458333 0.205947 0.453869 0.203744 0.452629 0.178965 0.448661 0.169053 0.448909 0.162445 0.450397
0 0.143722 0.466270 0.141520 0.466766 0.141520 0.470982 0.139317 0.473710 0.139868 0.478671 0.142621 0.480903 0.150330 0.484871 0.154185 0.485615 0.162996 0.486111 0.172357 0.484871 0.178965 0.481151 0.182269 0.476935 0.181718 0.472966 0.176762 0.468998 0.172907 0.467262 0.161344 0.465030
0 0.191630 0.468006 0.187775 0.469990 0.184471 0.473214 0.185022 0.477679 0.191905 0.482564 0.204295 0.485615 0.214758 0.486359 0.224670 0.485119 0.233480 0.481895 0.235132 0.479911 0.235132 0.477183 0.233480 0.474702 0.221366 0.467758 0.213656 0.466270 0.204295 0.465526
0 0.223018 0.445933 0.219714 0.450149 0.221916 0.455605 0.230176 0.458829 0.239537 0.459821 0.256057 0.457837 0.266520 0.458085 0.268172 0.457341 0.269273 0.455357 0.268722 0.453373 0.263216 0.447669 0.252753 0.442460 0.248348 0.441220 0.237885 0.440972 0.234581 0.441468 0.227423 0.443452
0 0.274229 0.460317 0.265969 0.457837 0.256608 0.457589 0.234031 0.460565 0.229626 0.461806 0.223568 0.466022 0.224670 0.469494 0.231828 0.473214 0.243392 0.475446 0.256057 0.476438 0.265419 0.475694 0.270374 0.473710 0.275330 0.468254 0.275881 0.462054
0 0.343612 0.421379 0.341410 0.423611 0.341960 0.427331 0.352423 0.433284 0.355176 0.437500 0.358480 0.438492 0.369493 0.437996 0.375551 0.435516 0.378304 0.433036 0.379956 0.427083 0.377203 0.424603 0.373899 0.423115 0.362885 0.421131 0.349119 0.420883
0 0.343062 0.429067 0.334251 0.429812 0.325991 0.431300 0.318282 0.435764 0.323238 0.438244 0.328744 0.443204 0.334141 0.446776 0.338106 0.449405 0.340308 0.450149 0.344714 0.450397 0.349119 0.448661 0.354626 0.443948 0.356278 0.438988 0.351046 0.431920 0.346531 0.430506
0 0.279185 0.442956 0.279736 0.448413 0.281938 0.449901 0.289097 0.452133 0.299009 0.453373 0.318833 0.454613 0.332379 0.455010 0.339758 0.451389 0.335903 0.448636 0.322687 0.438542 0.315529 0.435020 0.308921 0.433780 0.299009 0.433532 0.291850 0.435020 0.284141 0.438740
0 0.284141 0.453125 0.278634 0.458829 0.278634 0.464038 0.280837 0.467262 0.283590 0.468998 0.290198 0.471478 0.297907 0.472718 0.310022 0.473214 0.316630 0.472222 0.322687 0.469494 0.324890 0.466518 0.325991 0.458829 0.324339 0.455605 0.317676 0.454861 0.293282 0.453026 0.287996 0.452381
0 0.273678 0.470982 0.270374 0.474454 0.270374 0.478919 0.272577 0.482143 0.276982 0.484127 0.301762 0.485367 0.309471 0.484871 0.314978 0.482639 0.317181 0.478423 0.313877 0.474702 0.311674 0.473710 0.294053 0.472470 0.283590 0.469742 0.279736 0.469742
0 0.360132 0.356399 0.355176 0.360863 0.356278 0.365575 0.362335 0.370536 0.366740 0.372520 0.376652 0.374504 0.387115 0.373760 0.397026 0.374008 0.405286 0.373264 0.406938 0.369048 0.403084 0.365575 0.400881 0.359871 0.398678 0.358135 0.388767 0.354167 0.379405 0.352679 0.372247 0.352927 0.365639 0.354167
0 0.431167 0.343502 0.420705 0.343998 0.412445 0.345734 0.403634 0.353919 0.401982 0.356647 0.401982 0.362599 0.405286 0.367312 0.412445 0.369792 0.422357 0.369544 0.432819 0.367560 0.442731 0.363343 0.443833 0.362103 0.444383 0.358135 0.449339 0.353671 0.450441 0.349206 0.442731 0.346230
0 0.465308 0.345982 0.458150 0.347966 0.450991 0.351190 0.444383 0.356895 0.443833 0.362351 0.447137 0.365327 0.455947 0.367560 0.475220 0.368056 0.481828 0.366071 0.485683 0.362847 0.487335 0.359871 0.487335 0.356647 0.484581 0.353175 0.477974 0.349454 0.474670 0.346478
0 0.455396 0.368304 0.448238 0.367063 0.438326 0.367063 0.424559 0.369048 0.416850 0.371528 0.415198 0.373016 0.414648 0.377480 0.418502 0.381696 0.422907 0.384673 0.430617 0.386657 0.433921 0.383185 0.441630 0.379464 0.447687 0.377976 0.459802 0.376984 0.459251 0.371280 0.457599 0.369048
0 0.396476 0.374752 0.386564 0.374256 0.370595 0.375248 0.356278 0.380704 0.353524 0.384921 0.362335 0.388889 0.363987 0.390625 0.368392 0.392609 0.377753 0.394841 0.388767 0.395337 0.396476 0.393849 0.402533 0.391617 0.404736 0.389633 0.406388 0.385913 0.406388 0.380208 0.403634 0.377232
0 0.367841 0.393849 0.357379 0.395833 0.350771 0.398313 0.347467 0.400298 0.345264 0.405010 0.349670 0.411210 0.356828 0.415179 0.368392 0.418403 0.379405 0.419643 0.383811 0.418651 0.387115 0.416667 0.390419 0.409226 0.388767 0.403770 0.382709 0.397073 0.375000 0.394593
0 0.426211 0.392361 0.410242 0.392113 0.402533 0.392857 0.394824 0.394841 0.390419 0.396825 0.387665 0.399554 0.389317 0.405010 0.394273 0.410466 0.403084 0.415427 0.411894 0.417659 0.415198 0.417411 0.423458 0.415179 0.427313 0.413442 0.430617 0.409226 0.434471 0.400298 0.430617 0.393353
0 0.475771 0.378472 0.465859 0.376984 0.454295 0.376984 0.448238 0.377480 0.442181 0.378720 0.435022 0.381448 0.430617 0.384921 0.430066 0.389385 0.433921 0.395089 0.439427 0.398810 0.443282 0.399306 0.456498 0.398810 0.469714 0.396081 0.474670 0.394097 0.481828 0.388889 0.480176 0.381448
0 0.509361 0.366071 0.498899 0.365327 0.488436 0.366815 0.483480 0.368056 0.472467 0.373016 0.470264 0.376984 0.474119 0.377976 0.478524 0.380208 0.482379 0.386905 0.508811 0.385417 0.515969 0.383681 0.520925 0.381200 0.523678 0.377232 0.520925 0.372768 0.513767 0.367560
0 0.533590 0.358631 0.514868 0.362599 0.512115 0.364583 0.512115 0.365823 0.526982 0.378472 0.534692 0.381448 0.543502 0.381944 0.547907 0.380952 0.550661 0.378968 0.552313 0.368800 0.544604 0.360615 0.538546 0.358879
0 0.557819 0.381696 0.550661 0.380952 0.541300 0.382192 0.536894 0.383185 0.529736 0.386409 0.522577 0.392113 0.522026 0.400794 0.524780 0.402530 0.533590 0.404018 0.543502 0.403770 0.556167 0.399802 0.562225 0.392609 0.562775 0.385169
0 0.501652 0.386161 0.494493 0.386409 0.485132 0.387649 0.476872 0.392609 0.471916 0.397817 0.471366 0.402778 0.473568 0.406746 0.481828 0.411210 0.490088 0.412698 0.500551 0.412450 0.515419 0.410714 0.519273 0.409226 0.522577 0.405010 0.520925 0.392609 0.511564 0.387897
0 0.435573 0.402282 0.432269 0.405506 0.428965 0.411458 0.428965 0.415675 0.434471 0.419395 0.448238 0.422123 0.456498 0.421131 0.464758 0.419147 0.473018 0.418403 0.482930 0.418651 0.486233 0.416667 0.486233 0.415179 0.484581 0.413690 0.477423 0.410962 0.470815 0.405754 0.461454 0.402034 0.457048 0.400794 0.446586 0.399802
0 0.388767 0.423115 0.383260 0.425347 0.380507 0.427827 0.379405 0.431548 0.379956 0.435516 0.389317 0.436260 0.403634 0.439484 0.411344 0.443204 0.414648 0.443204 0.419604 0.441220 0.427863 0.434772 0.429515 0.431548 0.426211 0.426339 0.421256 0.423859 0.408040 0.421627 0.396476 0.421875
0 0.455947 0.435268 0.447687 0.431796 0.438877 0.431052 0.431167 0.432788 0.414648 0.444196 0.412445 0.447173 0.411894 0.451389 0.415749 0.451637 0.442181 0.448661 0.455396 0.443204 0.459802 0.439980
0 0.373899 0.436508 0.364537 0.439980 0.360683 0.443204 0.361233 0.448165 0.363436 0.450893 0.378855 0.457093 0.388767 0.458085 0.395925 0.459821 0.405286 0.461062 0.408590 0.459325 0.408040 0.455109 0.409692 0.452133 0.409141 0.442460 0.403634 0.438988 0.392070 0.436012 0.386564 0.435268 0.377753 0.435764
0 0.340859 0.451637 0.332048 0.455357 0.330396 0.457341 0.330947 0.463294 0.334802 0.467262 0.339207 0.468502 0.350771 0.470238 0.362335 0.469990 0.366740 0.469246 0.375000 0.465278 0.378304 0.462550 0.378304 0.458581 0.376101 0.456101 0.368392 0.453125 0.361233 0.451637 0.352974 0.450893 0.346916 0.450893
0 0.334251 0.468254 0.324339 0.474206 0.323238 0.479663 0.328744 0.486855 0.335352 0.490079 0.352423 0.487847 0.356828 0.486607 0.362335 0.482887 0.363436 0.475942 0.362885 0.474702 0.355727 0.471230 0.342511 0.468750
0 0.432269 0.471726 0.425661 0.472966 0.417952 0.476687 0.416300 0.478423 0.416850 0.483879 0.421256 0.487847 0.425661 0.489087 0.438877 0.490327 0.447687 0.489335 0.454295 0.486359 0.459251 0.482639 0.457048 0.477431 0.449339 0.472966 0.439427 0.471478
0 0.388216 0.461806 0.371696 0.466766 0.367291 0.470238 0.367841 0.473710 0.374449 0.477431 0.386564 0.481895 0.394273 0.483631 0.403084 0.483631 0.412996 0.479663 0.419604 0.474702 0.419604 0.470486 0.414097 0.465278 0.409692 0.463294 0.405837 0.462302 0.398678 0.461558
0 0.453744 0.452629 0.448238 0.451389 0.438877 0.450645 0.425661 0.452877 0.414097 0.457589 0.411894 0.459325 0.409692 0.463294 0.415749 0.468254 0.421806 0.471478 0.448789 0.471726 0.455947 0.469494 0.460352 0.466766 0.462004 0.464038 0.462004 0.461310 0.460903 0.458829
0 0.482379 0.441964 0.472467 0.443204 0.466410 0.445188 0.457599 0.450645 0.457599 0.454613 0.463106 0.460069 0.467511 0.462054 0.475220 0.464038 0.480727 0.464782 0.486233 0.464782 0.495595 0.463046 0.496145 0.457837 0.495044 0.454861 0.497247 0.446429 0.496145 0.444196 0.493943 0.443204
0 0.465308 0.419147 0.456498 0.420635 0.446586 0.424107 0.443282 0.427083 0.443833 0.430804 0.455947 0.436012 0.460352 0.439484 0.464207 0.441220 0.473018 0.442460 0.486233 0.441468 0.489537 0.439980 0.496696 0.432292 0.495044 0.427579 0.488987 0.422619 0.483480 0.420387 0.474670 0.418899
0 0.496696 0.413194 0.491740 0.415923 0.488987 0.420635 0.498899 0.433284 0.508811 0.436260 0.519273 0.436012 0.526432 0.436756 0.533040 0.433532 0.536344 0.430556 0.539648 0.424603 0.539648 0.419395 0.534692 0.413690 0.529185 0.411706 0.517621 0.410714
0 0.508260 0.437004 0.502753 0.439236 0.497247 0.443204 0.495044 0.454613 0.496145 0.461062 0.497797 0.462798 0.503304 0.464534 0.512115 0.464782 0.520925 0.464286 0.525881 0.463046 0.530837 0.458085 0.531388 0.453621 0.529185 0.447421 0.522577 0.437996 0.519273 0.437004
0 0.543282 0.429390 0.536784 0.431300 0.534031 0.433532 0.532104 0.435441 0.529075 0.440055 0.533590 0.443452 0.543502 0.447421 0.551211 0.448165 0.558425 0.448313 0.561068 0.442535 0.567181 0.435516 0.565419 0.434053 0.560573 0.432490 0.559251 0.431771 0.555562 0.430655 0.550826 0.428894
0 0.594548 0.434846 0.577808 0.433879 0.568557 0.434995 0.562775 0.442138 0.560022 0.447669 0.563326 0.452629 0.569383 0.455853 0.573789 0.456349 0.585352 0.456101 0.599119 0.452877 0.602974 0.451141 0.606278 0.446677 0.606278 0.442708 0.603524 0.438988
0 0.578194 0.413194 0.571035 0.415923 0.564427 0.420139 0.558921 0.425347 0.558921 0.429315 0.561674 0.431796 0.568833 0.434276 0.574890 0.433780 0.598568 0.434028 0.602974 0.432292 0.604626 0.430556 0.607104 0.423884 0.601322 0.418403 0.591960 0.413938 0.588106 0.413194
0 0.568833 0.384425 0.566630 0.384673 0.564427 0.386161 0.561674 0.392361 0.558370 0.395833 0.557819 0.400546 0.568833 0.404018 0.577093 0.404018 0.589758 0.401042 0.592511 0.397321 0.592511 0.392609 0.586454 0.387401 0.578194 0.384673
0 0.558921 0.366567 0.554515 0.369048 0.552313 0.372520 0.552863 0.377232 0.555617 0.379960 0.562225 0.383185 0.588106 0.385913 0.591410 0.384673 0.598018 0.383433 0.604626 0.380952 0.607379 0.377728 0.607930 0.373016 0.606828 0.370536 0.602974 0.366815 0.596916 0.364335 0.592511 0.363839 0.568833 0.364335
0 0.568833 0.349454 0.561674 0.353423 0.560573 0.356895 0.563877 0.362351 0.568282 0.364335 0.581498 0.364335 0.593062 0.363343 0.602974 0.359871 0.606828 0.357639 0.607379 0.353423 0.595815 0.349206 0.577643 0.348462
0 0.553414 0.335317 0.543502 0.335317 0.534692 0.337798 0.529736 0.341518 0.530286 0.343502 0.537445 0.351935 0.537996 0.357391 0.542952 0.359375 0.551762 0.358631 0.556167 0.357639 0.566630 0.351190 0.572137 0.349206 0.574339 0.346726 0.573789 0.342510 0.569934 0.339286 0.566079 0.337798
0 0.561123 0.318700 0.552863 0.321925 0.548458 0.325149 0.546806 0.328373 0.546806 0.331349 0.548458 0.333581 0.567181 0.337798 0.575441 0.340774 0.579846 0.341022 0.587004 0.339782 0.592511 0.337302 0.596366 0.330357 0.596366 0.325893 0.591960 0.322669 0.587555 0.320685 0.582599 0.319444 0.570485 0.318204
0 0.637115 0.325149 0.631057 0.324157 0.621145 0.324157 0.601872 0.326885 0.598568 0.328125 0.595815 0.333333 0.596366 0.338294 0.598568 0.340278 0.605727 0.343502 0.610132 0.344246 0.615639 0.344246 0.623899 0.343006 0.641520 0.333829 0.643172 0.331597 0.643172 0.329117 0.640969 0.326885
0 0.599670 0.347718 0.597467 0.349702 0.600771 0.350446 0.607379 0.353671 0.608480 0.358383 0.616740 0.361607 0.629405 0.364583 0.632709 0.364583 0.639317 0.363591 0.645374 0.360119 0.647577 0.357887 0.647026 0.352679 0.642621 0.349950 0.632159 0.346726 0.622797 0.345486 0.611784 0.345486 0.604626 0.346230
0 0.604075 0.359623 0.601322 0.361111 0.600771 0.365327 0.604075 0.367312 0.606828 0.371032 0.610132 0.380456 0.615639 0.383185 0.620595 0.384673 0.630507 0.384921 0.635463 0.382937 0.644824 0.377232 0.645925 0.372768 0.639317 0.368304 0.628304 0.364087 0.613436 0.360367
0 0.603524 0.382440 0.594163 0.384425 0.589758 0.388145 0.592511 0.392609 0.593062 0.397073 0.591960 0.400546 0.593612 0.402282 0.600220 0.405258 0.604075 0.406002 0.610683 0.404266 0.621145 0.402778 0.629956 0.396825 0.632709 0.393105 0.631057 0.388641 0.626101 0.385913 0.613436 0.382937
0 0.620595 0.402778 0.608480 0.404514 0.601322 0.406746 0.599119 0.410466 0.599119 0.413442 0.601322 0.416419 0.610683 0.420635 0.615088 0.421627 0.623899 0.422123 0.630507 0.421627 0.636564 0.419891 0.642070 0.415179 0.643722 0.411210 0.642621 0.407738 0.638767 0.405754 0.631057 0.403522
0 0.648128 0.423363 0.638216 0.421379 0.629350 0.421825 0.623899 0.422371 0.618392 0.422619 0.610132 0.424851 0.606828 0.427331 0.601322 0.434772 0.601322 0.436012 0.604626 0.439484 0.608480 0.442212 0.614537 0.444196 0.620044 0.444940 0.638767 0.445188 0.642070 0.443948 0.646476 0.441220 0.649229 0.437500 0.651432 0.427331
0 0.683370 0.420635 0.676211 0.421379 0.661894 0.424603 0.653084 0.429067 0.650881 0.431052 0.649229 0.436012 0.650330 0.439484 0.655286 0.441716 0.664648 0.443700 0.675110 0.444692 0.686123 0.443452 0.693282 0.439980 0.696586 0.435764 0.694934 0.428075 0.688326 0.422123
0 0.647577 0.399802 0.644824 0.401042 0.642621 0.403522 0.643722 0.415923 0.648678 0.421131 0.652533 0.422867 0.655837 0.423611 0.666300 0.424107 0.683370 0.419643 0.687225 0.417411 0.691079 0.412946 0.689427 0.408234 0.681167 0.403026 0.674009 0.400546 0.666300 0.399802
0 0.655286 0.373512 0.650330 0.374008 0.647026 0.375000 0.633260 0.384673 0.632709 0.389633 0.633811 0.393105 0.635463 0.395337 0.643172 0.398313 0.647577 0.399306 0.655837 0.399802 0.664648 0.399554 0.671256 0.398313 0.678965 0.393849 0.682819 0.389137 0.684471 0.384673 0.681718 0.379464 0.675110 0.374752 0.670705 0.374008
0 0.654185 0.353423 0.650330 0.355159 0.638767 0.365079 0.641520 0.369296 0.648128 0.372768 0.650881 0.373264 0.672357 0.374256 0.677863 0.373760 0.685573 0.370784 0.687775 0.369296 0.688877 0.366567 0.687775 0.361607 0.682269 0.354663 0.676211 0.353175 0.664648 0.352927
0 0.634361 0.337798 0.630507 0.342014 0.630507 0.345734 0.647577 0.351687 0.669604 0.351935 0.674009 0.351687 0.677313 0.350446 0.676762 0.346974 0.671806 0.341766 0.663546 0.336310 0.657489 0.333829 0.656938 0.332837 0.647577 0.332589
0 0.683370 0.311756 0.677863 0.311260 0.664097 0.311508 0.656938 0.314236 0.650881 0.318204 0.648128 0.321181 0.645925 0.325397 0.647577 0.330605 0.654185 0.334325 0.663546 0.336558 0.666300 0.336558 0.676211 0.334077 0.682819 0.330357 0.689978 0.324405 0.693833 0.318204 0.690529 0.314236
0 0.708150 0.315724 0.694383 0.317956 0.685573 0.329117 0.685573 0.330605 0.689427 0.335317 0.697137 0.340278 0.699890 0.341022 0.709251 0.341022 0.718062 0.342510 0.726322 0.341022 0.735132 0.337302 0.737335 0.334325 0.735132 0.326389 0.726322 0.318700 0.717511 0.315724
0 0.751652 0.314732 0.743943 0.317212 0.739537 0.321181 0.737885 0.324901 0.738987 0.330357 0.741740 0.332589 0.748348 0.334821 0.761013 0.334821 0.765419 0.334077 0.775330 0.330109 0.779736 0.326389 0.778634 0.321925 0.774780 0.319444 0.766520 0.315972 0.762115 0.314980
0 0.692181 0.343750 0.687775 0.345982 0.683921 0.349206 0.682269 0.353175 0.684471 0.357391 0.687775 0.359871 0.696586 0.362847 0.707048 0.363839 0.725220 0.362599 0.729626 0.361607 0.732379 0.358135 0.731278 0.352183 0.729075 0.347966 0.723018 0.343750 0.718612 0.342510 0.709802 0.341270 0.700441 0.341518
0 0.699890 0.363343 0.695485 0.364583 0.681167 0.375000 0.680617 0.377480 0.686123 0.385169 0.691079 0.386409 0.697687 0.386905 0.710903 0.386905 0.715308 0.386409 0.724119 0.382688 0.725771 0.381200 0.726322 0.376984 0.718612 0.368800 0.706498 0.364831
0 0.686123 0.387897 0.682269 0.390129 0.681718 0.392113 0.677863 0.396081 0.678965 0.400546 0.688877 0.407738 0.691630 0.410714 0.694934 0.412450 0.703744 0.413442 0.710352 0.413442 0.718612 0.411954 0.729626 0.407242 0.732930 0.404514 0.732930 0.400050 0.729075 0.396081 0.724670 0.393353 0.717511 0.390377 0.709802 0.388393 0.692181 0.387153
0 0.764868 0.359623 0.761013 0.358631 0.740639 0.359127 0.735132 0.360119 0.725220 0.363839 0.720815 0.368304 0.720815 0.369792 0.725771 0.375744 0.728524 0.377480 0.732930 0.378472 0.754956 0.377976 0.760463 0.377232 0.767621 0.374256 0.774780 0.369048 0.774229 0.364831 0.770374 0.362103
0 0.772577 0.337054 0.768172 0.335813 0.761013 0.334821 0.748899 0.335317 0.740639 0.337054 0.732930 0.340774 0.729626 0.343750 0.728524 0.346230 0.731278 0.354415 0.734581 0.358631 0.761013 0.358383 0.770374 0.356151 0.778634 0.353175 0.783040 0.349702 0.783040 0.344990 0.778084 0.339782
0 0.786344 0.325645 0.780837 0.326637 0.775881 0.329861 0.774229 0.333085 0.775330 0.337302 0.785242 0.347470 0.787996 0.348710 0.795705 0.350446 0.803414 0.349950 0.814978 0.345982 0.821035 0.341766 0.821586 0.336558 0.820485 0.333829 0.810022 0.327133 0.800661 0.325645
0 0.825991 0.326885 0.823789 0.332093 0.823789 0.334821 0.825441 0.337054 0.828744 0.339286 0.837004 0.341518 0.848018 0.342510 0.856828 0.340526 0.873348 0.339534 0.883260 0.336806 0.884361 0.333829 0.879956 0.326141 0.870044 0.322173 0.859031 0.319692 0.845815 0.319196 0.840308 0.319940 0.832599 0.322421
0 0.866189 0.340278 0.856828 0.340774 0.846916 0.343502 0.842511 0.346726 0.839207 0.350694 0.838106 0.353671 0.841960 0.357887 0.848568 0.361607 0.856278 0.362847 0.865639 0.362351 0.868943 0.361607 0.879405 0.357143 0.883811 0.354167 0.884361 0.349206 0.881057 0.344990 0.874449 0.341766
0 0.813326 0.347470 0.799559 0.351438 0.796806 0.352927 0.791850 0.361111 0.791850 0.365575 0.794604 0.366319 0.804515 0.365575 0.812775 0.369296 0.822137 0.371032 0.831498 0.369048 0.840859 0.365575 0.844163 0.361359 0.843062 0.357143 0.838106 0.351935 0.833700 0.349206 0.822687 0.347222
0 0.794053 0.366319 0.786894 0.367312 0.783040 0.368552 0.775330 0.373016 0.772577 0.376240 0.772577 0.380952 0.776982 0.383185 0.781388 0.387897 0.784692 0.389385 0.796256 0.390129 0.803414 0.387897 0.813326 0.382688 0.818833 0.377480 0.819383 0.372768 0.816630 0.370536 0.811674 0.368552 0.799559 0.366567
0 0.729075 0.380208 0.722467 0.385169 0.719714 0.388889 0.721916 0.392361 0.734581 0.398810 0.742841 0.400050 0.767621 0.398810 0.772026 0.398065 0.777533 0.395337 0.780286 0.392857 0.781388 0.388145 0.777533 0.383185 0.772026 0.380456 0.760463 0.378224 0.739537 0.378224 0.732379 0.378968
0 0.782489 0.401042 0.776982 0.400050 0.767621 0.399554 0.751652 0.400050 0.739537 0.402778 0.731278 0.405506 0.726872 0.408482 0.724119 0.412450 0.728524 0.417659 0.732379 0.420387 0.738987 0.423115 0.749449 0.424603 0.754405 0.424603 0.761564 0.423363 0.776982 0.416419 0.783590 0.411954 0.786344 0.407242 0.786344 0.403522
0 0.708700 0.421131 0.702093 0.423859 0.696586 0.427331 0.696035 0.432788 0.697687 0.436012 0.710903 0.439732 0.731278 0.441220 0.734581 0.441964 0.741740 0.440972 0.743943 0.439732 0.743392 0.434772 0.741740 0.431300 0.736233 0.425595 0.728524 0.421627 0.721366 0.419643 0.715859 0.419395
0 0.611233 0.448661 0.607930 0.451141 0.606278 0.455357 0.623348 0.462302 0.630507 0.467262 0.647026 0.465278 0.651432 0.465526 0.655837 0.466518 0.659692 0.465774 0.661894 0.463790 0.661894 0.462550 0.656938 0.457341 0.653634 0.451885 0.650330 0.450149 0.638767 0.446429 0.633260 0.445437 0.620595 0.445437 0.616740 0.446181
0 0.656388 0.445437 0.654736 0.446925 0.656388 0.455853 0.665198 0.464038 0.669604 0.465774 0.681718 0.467014 0.688326 0.466270 0.692181 0.465278 0.696586 0.462550 0.704846 0.459077 0.707599 0.454613 0.705947 0.451389 0.699339 0.447173 0.690529 0.444940 0.683370 0.444196 0.674009 0.445437 0.667952 0.444940
0 0.716960 0.451637 0.711454 0.453125 0.708150 0.454861 0.703744 0.461310 0.704846 0.466270 0.711454 0.473214 0.719163 0.477431 0.725220 0.478919 0.735132 0.478423 0.752203 0.473214 0.757159 0.470734 0.757709 0.466518 0.756057 0.462798 0.752203 0.459821 0.743943 0.456101 0.726322 0.452133
0 0.745044 0.439732 0.747797 0.442956 0.753855 0.445685 0.758811 0.446677 0.764868 0.446429 0.778084 0.443452 0.794604 0.437252 0.800661 0.435764 0.801211 0.431548 0.795705 0.430308 0.788546 0.430060 0.780286 0.428323 0.771476 0.427331 0.760463 0.427083 0.752753 0.428075 0.748899 0.429315 0.746145 0.431548 0.744493 0.435268
0 0.823789 0.432788 0.810573 0.433284 0.801211 0.436012 0.796256 0.440972 0.790198 0.444196 0.786344 0.447421 0.790198 0.448661 0.800661 0.450397 0.807269 0.452877 0.811674 0.453621 0.825441 0.453373 0.833150 0.451389 0.837004 0.448909 0.838656 0.442212 0.837555 0.439236 0.833700 0.435516 0.829846 0.433780
0 0.843062 0.448661 0.837555 0.449901 0.827643 0.453869 0.825441 0.455853 0.824890 0.459573 0.829846 0.464534 0.839758 0.468254 0.847467 0.469990 0.857930 0.469990 0.866740 0.468006 0.878304 0.462798 0.880507 0.459821 0.879956 0.454861 0.872797 0.450645 0.866189 0.448909 0.857930 0.448165
0 0.368943 0.476190 0.367291 0.478175 0.362555 0.481597 0.361894 0.485913 0.366189 0.490327 0.370595 0.492808 0.377974 0.495759 0.387665 0.495288 0.396476 0.493552 0.402533 0.490079 0.403634 0.487351 0.402533 0.484127 0.399229 0.483383 0.384912 0.482639
0 0.037445 0.471230 0.024780 0.476687 0.021476 0.479663 0.019824 0.483631 0.019824 0.486607 0.021476 0.489335 0.029185 0.493552 0.034141 0.494544 0.050661 0.495040 0.059471 0.494048 0.064427 0.492312 0.066079 0.490575 0.066630 0.485615 0.063326 0.478919 0.057269 0.475446 0.048458 0.471974 0.042952 0.471230
0 0.074890 0.482887 0.068833 0.485119 0.067181 0.486855 0.066630 0.491567 0.068282 0.494792 0.078194 0.500248 0.090859 0.502976 0.098018 0.501984 0.107930 0.498264 0.110132 0.496528 0.111784 0.491319 0.110683 0.489087 0.105176 0.485367 0.099119 0.483383 0.091410 0.482143 0.080396 0.482143
0 0.133260 0.486111 0.126652 0.486607 0.117841 0.489583 0.113436 0.493304 0.112885 0.498016 0.116189 0.502232 0.123348 0.507440 0.133811 0.508929 0.137665 0.508929 0.144824 0.508185 0.156388 0.504464 0.158590 0.501488 0.159692 0.493800 0.158590 0.490079 0.153634 0.487599 0.145925 0.486607
0 0.178965 0.485367 0.168502 0.486111 0.159141 0.490079 0.159141 0.502976 0.162445 0.507688 0.164097 0.508681 0.169053 0.509673 0.189978 0.504960 0.193282 0.502728 0.196035 0.497272 0.198789 0.494544 0.198238 0.490079 0.191630 0.487599
0 0.224670 0.489087 0.213656 0.489087 0.207048 0.490575 0.200991 0.493056 0.196035 0.497768 0.194934 0.502232 0.199339 0.504960 0.205947 0.507688 0.212004 0.508433 0.230176 0.507688 0.244493 0.501984 0.241189 0.498264 0.238436 0.496776 0.234581 0.491815 0.231278 0.490327
0 0.247247 0.478671 0.242291 0.480407 0.235683 0.490079 0.237335 0.493304 0.241189 0.497768 0.248899 0.502480 0.256608 0.504960 0.264868 0.504712 0.274229 0.501984 0.279185 0.501240 0.281388 0.499752 0.282489 0.493552 0.280837 0.489583 0.272026 0.483135 0.268722 0.481647 0.256608 0.478919
0 0.205947 0.508929 0.196586 0.511657 0.192731 0.513889 0.190529 0.517113 0.192731 0.525546 0.197687 0.529266 0.202643 0.531498 0.221366 0.534474 0.228524 0.533978 0.230727 0.533482 0.231828 0.531746 0.238436 0.527778 0.239537 0.526290 0.238987 0.517857 0.237335 0.513393 0.229075 0.508929 0.225220 0.508185 0.215859 0.508185
0 0.074339 0.501488 0.064978 0.502232 0.058370 0.504464 0.051762 0.505704 0.038546 0.511161 0.035793 0.513889 0.034141 0.517857 0.038546 0.523065 0.043502 0.525050 0.066079 0.527530 0.074890 0.524058 0.077093 0.521081 0.078194 0.513393 0.075441 0.501984
0 0.022026 0.525298 0.024229 0.529514 0.023678 0.533482 0.021476 0.537450 0.023678 0.541667 0.030286 0.545635 0.039097 0.547371 0.048458 0.546875 0.062225 0.543155 0.068282 0.540675 0.071586 0.536706 0.071586 0.532986 0.062225 0.527778 0.048458 0.525546 0.040749 0.525298 0.031938 0.523810
0 0.137665 0.509673 0.126101 0.508433 0.119493 0.508681 0.106828 0.510169 0.102423 0.511409 0.099670 0.512897 0.095815 0.517609 0.094714 0.521825 0.096916 0.525298 0.108480 0.529018 0.116740 0.530258 0.132709 0.530258 0.140419 0.528770 0.147026 0.525794 0.148128 0.517113 0.146476 0.513393 0.142621 0.511161
0 0.178965 0.510913 0.165749 0.512153 0.156388 0.514633 0.150330 0.517113 0.148128 0.520089 0.148678 0.524554 0.149780 0.526042 0.155837 0.528522 0.159692 0.529266 0.178414 0.529266 0.184471 0.527778 0.188877 0.525794 0.191630 0.522073 0.190529 0.518105 0.183370 0.512649
0 0.342511 0.503472 0.338106 0.504464 0.333700 0.506448 0.329846 0.509425 0.329846 0.515377 0.331498 0.516865 0.343062 0.521825 0.353524 0.523065 0.360683 0.521577 0.363987 0.519593 0.366740 0.515873 0.366189 0.512153 0.362885 0.507937 0.357379 0.505456 0.352423 0.504216
0 0.286344 0.486359 0.281938 0.489087 0.283590 0.497272 0.285242 0.499008 0.310573 0.501488 0.316630 0.503224 0.321035 0.502976 0.327643 0.500992 0.332599 0.495040 0.332048 0.489831 0.325991 0.486607 0.318282 0.485119 0.308370 0.485119 0.300110 0.486111 0.289097 0.485863
0 0.284141 0.500496 0.279185 0.503720 0.275330 0.509921 0.281938 0.516617 0.291300 0.521329 0.297907 0.522321 0.307269 0.522073 0.317731 0.520585 0.327643 0.516865 0.328744 0.515129 0.327643 0.509673 0.319383 0.504464 0.312225 0.501984 0.302313 0.500000 0.288546 0.499752
0 0.263767 0.508185 0.254956 0.507688 0.248899 0.508929 0.243943 0.510913 0.240088 0.514137 0.238987 0.516369 0.238987 0.522569 0.240639 0.525298 0.240088 0.529514 0.247247 0.533730 0.256608 0.532242 0.268722 0.527530 0.274780 0.523562 0.280286 0.517857 0.279185 0.513393 0.274780 0.510665
0 0.301762 0.522817 0.289648 0.522321 0.285793 0.523313 0.277533 0.527034 0.275330 0.529266 0.274780 0.533482 0.279185 0.537202 0.282489 0.538442 0.292401 0.539683 0.302313 0.537202 0.307269 0.534226 0.311123 0.530010 0.311123 0.528522 0.307269 0.524554
0 0.325991 0.518353 0.318833 0.521329 0.319383 0.530506 0.321586 0.535466 0.324339 0.536954 0.330947 0.538194 0.334251 0.539683 0.344163 0.539435 0.359581 0.533234 0.357379 0.530010 0.351872 0.525298 0.347467 0.523065 0.334251 0.519097
0 0.386564 0.501984 0.381057 0.502728 0.369493 0.505704 0.366189 0.507440 0.365088 0.510169 0.367841 0.514881 0.377753 0.521577 0.385463 0.523065 0.395925 0.523562 0.398678 0.523065 0.409692 0.517361 0.412445 0.514137 0.412445 0.507688 0.410793 0.505704 0.403634 0.503224
0 0.435573 0.490079 0.427313 0.489583 0.418502 0.490327 0.410793 0.493056 0.408040 0.495784 0.406388 0.499256 0.406388 0.502480 0.414097 0.507688 0.420705 0.509425 0.428965 0.508681 0.435022 0.506696 0.446586 0.505456 0.450991 0.503720 0.452643 0.497768 0.448238 0.493800 0.443282 0.491815
0 0.473018 0.494792 0.464758 0.496032 0.454846 0.498512 0.452643 0.500992 0.453194 0.503968 0.463656 0.509921 0.468612 0.514633 0.472467 0.516369 0.481828 0.517609 0.492291 0.516865 0.497797 0.515129 0.503304 0.510665 0.506608 0.502728 0.506057 0.500744 0.501652 0.497520 0.494493 0.495784 0.483480 0.494544
0 0.507709 0.502232 0.504956 0.504464 0.503855 0.509425 0.499449 0.513393 0.498348 0.517857 0.501652 0.521577 0.505507 0.523810 0.514868 0.525298 0.529185 0.524802 0.534141 0.523562 0.537445 0.521577 0.536344 0.516617 0.532489 0.510169 0.525330 0.505456 0.517070 0.503472
0 0.489537 0.466518 0.474119 0.464286 0.464758 0.465278 0.459251 0.468750 0.454846 0.474206 0.458700 0.479415 0.462004 0.480655 0.474670 0.481399 0.485132 0.479415 0.494493 0.470982
0 0.557269 0.457093 0.549009 0.456597 0.535242 0.457093 0.530286 0.458829 0.528084 0.461062 0.527533 0.466766 0.528634 0.469494 0.531938 0.473214 0.535793 0.474950 0.536894 0.479663 0.540198 0.481151 0.544053 0.481399 0.547357 0.480655 0.550110 0.479415 0.555066 0.475198 0.570485 0.471974 0.574890 0.468502 0.574890 0.465030 0.571035 0.460565 0.563877 0.458085
0 0.591960 0.456597 0.589207 0.457837 0.584251 0.462054 0.583150 0.464782 0.584251 0.469742 0.589207 0.474702 0.594714 0.477183 0.602423 0.478423 0.618392 0.476687 0.625000 0.473958 0.628855 0.470734 0.628855 0.466270 0.623899 0.461806 0.615088 0.458333 0.604626 0.455853 0.595815 0.455853
0 0.499449 0.470238 0.493392 0.472222 0.488436 0.477679 0.488987 0.480655 0.493392 0.486359 0.498348 0.489583 0.504956 0.492063 0.508260 0.492808 0.518172 0.492312 0.526432 0.490327 0.530286 0.487847 0.533040 0.483135 0.533040 0.481151 0.530286 0.476687 0.525330 0.472966 0.520925 0.471478 0.509912 0.470238
0 0.544604 0.488343 0.532489 0.488343 0.514868 0.493056 0.512115 0.495288 0.511013 0.498264 0.513216 0.501736 0.516520 0.503224 0.525330 0.505456 0.534692 0.510665 0.550661 0.507440 0.555066 0.505952 0.556167 0.493800 0.551211 0.490079 0.549009 0.489087
0 0.598018 0.478423 0.589207 0.476687 0.580396 0.473958 0.573238 0.472718 0.568282 0.472470 0.560573 0.473958 0.553965 0.476935 0.549559 0.481895 0.554515 0.490327 0.560022 0.493056 0.567181 0.493304 0.571035 0.493056 0.582048 0.490823 0.590859 0.487103 0.595815 0.482639
0 0.564427 0.494048 0.558921 0.496528 0.556167 0.499752 0.555617 0.503224 0.557819 0.506696 0.563326 0.508681 0.567731 0.509425 0.587004 0.510913 0.593062 0.507688 0.597467 0.502976 0.599670 0.501984 0.598568 0.497768 0.593062 0.494544 0.587004 0.492312 0.577643 0.491815
0 0.622797 0.477679 0.611784 0.477679 0.606278 0.478423 0.599670 0.480655 0.594714 0.484127 0.591960 0.488839 0.591960 0.491319 0.593612 0.493800 0.598018 0.496280 0.605727 0.498760 0.615088 0.499256 0.625000 0.498264 0.629956 0.496776 0.634912 0.494048 0.637115 0.490575 0.636564 0.486607 0.630507 0.480159
0 0.644824 0.465526 0.636013 0.466766 0.632709 0.468750 0.631608 0.470486 0.631057 0.478919 0.633260 0.482639 0.636564 0.485367 0.639868 0.486359 0.648128 0.487103 0.659692 0.484871 0.664097 0.482639 0.665198 0.472222 0.664648 0.469494 0.661894 0.467510 0.649780 0.465526
0 0.677313 0.468006 0.670705 0.471726 0.667952 0.474206 0.667401 0.478671 0.670154 0.481399 0.674009 0.483135 0.682819 0.483879 0.698789 0.486855 0.701542 0.486607 0.716960 0.478671 0.714758 0.476935 0.714207 0.474454 0.708150 0.470238 0.699890 0.467262 0.690529 0.466022
0 0.760463 0.470982 0.754956 0.471974 0.746696 0.474702 0.738987 0.478423 0.739537 0.482887 0.741740 0.485863 0.745044 0.488095 0.757709 0.492312 0.767070 0.494048 0.772026 0.496280 0.778634 0.497520 0.782489 0.496528 0.784141 0.494296 0.781938 0.490823 0.783040 0.487351 0.782489 0.481399 0.776432 0.474454 0.769824 0.471726
0 0.735132 0.480903 0.727423 0.480159 0.716960 0.480407 0.700991 0.487599 0.696035 0.492063 0.694934 0.498264 0.704846 0.502728 0.715859 0.504464 0.719163 0.504464 0.729626 0.501736 0.733480 0.499752 0.736233 0.496776 0.737335 0.493800 0.741740 0.490327 0.741189 0.485863 0.738436 0.482639
0 0.688877 0.485119 0.683370 0.484127 0.668502 0.483879 0.650881 0.486607 0.643172 0.489583 0.638216 0.493800 0.637665 0.498264 0.638767 0.499256 0.646476 0.501240 0.652533 0.503968 0.663546 0.505208 0.683370 0.502976 0.692731 0.498760 0.694383 0.496528 0.694934 0.488839 0.693282 0.487103
0 0.632159 0.499752 0.622797 0.498760 0.609581 0.499504 0.602974 0.500496 0.598568 0.502480 0.594714 0.505704 0.593612 0.510913 0.595815 0.514137 0.601872 0.517361 0.612335 0.519841 0.622247 0.519841 0.628855 0.518601 0.639317 0.515377 0.643172 0.511657 0.646476 0.509921 0.648128 0.505704 0.644824 0.503720 0.639317 0.502728
0 0.656388 0.505952 0.654185 0.506944 0.652533 0.508929 0.654736 0.515625 0.661344 0.520585 0.672357 0.524802 0.682819 0.526538 0.692731 0.524554 0.701542 0.521081 0.705396 0.517609 0.705947 0.513641 0.704846 0.512153 0.697137 0.507937 0.687225 0.504464 0.682269 0.503472 0.673458 0.504216 0.665749 0.505704
0 0.735132 0.499504 0.721916 0.504712 0.716960 0.508681 0.715308 0.513145 0.716960 0.516121 0.722467 0.518105 0.741740 0.519345 0.752753 0.519097 0.761564 0.517361 0.764317 0.516121 0.765969 0.514137 0.765419 0.505704 0.763216 0.502976 0.757159 0.500000 0.753304 0.499008 0.739537 0.499008
0 0.778084 0.500744 0.770925 0.502728 0.767070 0.504712 0.765969 0.506944 0.765969 0.513641 0.767070 0.515129 0.778084 0.521329 0.787445 0.523065 0.801762 0.517361 0.802863 0.514385 0.802313 0.508929 0.800661 0.505704 0.795705 0.502232 0.787445 0.500496
0 0.432819 0.507192 0.425110 0.510169 0.421806 0.513641 0.421806 0.518353 0.424559 0.521081 0.436674 0.525546 0.443282 0.527034 0.449339 0.527778 0.457599 0.527778 0.460352 0.527282 0.466410 0.524554 0.469163 0.518601 0.468062 0.513393 0.465308 0.510665 0.454846 0.505952 0.447137 0.505456
0 0.415198 0.525298 0.413546 0.530010 0.417401 0.534226 0.430617 0.538442 0.439978 0.540179 0.454846 0.536458 0.460352 0.529762 0.459251 0.528522 0.456498 0.528026 0.447687 0.528026 0.435022 0.524554 0.430617 0.522321 0.421806 0.522073
0 0.491740 0.517609 0.479626 0.519593 0.470264 0.524306 0.463656 0.529266 0.462004 0.532242 0.463106 0.535714 0.467511 0.537946 0.472467 0.539187 0.482930 0.539931 0.497797 0.538194 0.501652 0.537202 0.505507 0.533482 0.506057 0.528770 0.498348 0.520089
0 0.544604 0.525546 0.540198 0.524058 0.534692 0.523562 0.523678 0.525794 0.507159 0.532490 0.502203 0.537202 0.507709 0.539683 0.516520 0.540427 0.526982 0.540179 0.545154 0.538194 0.548458 0.537202 0.549559 0.532490 0.547907 0.528770
0 0.531388 0.543403 0.527533 0.541915 0.510463 0.540179 0.500551 0.538194 0.487335 0.539435 0.481828 0.540675 0.474670 0.544643 0.478524 0.553571 0.483480 0.556548 0.489537 0.557540 0.500000 0.557292 0.508260 0.556300 0.523678 0.552083 0.532489 0.545139
0 0.453744 0.537450 0.446586 0.538194 0.437225 0.541915 0.433921 0.545139 0.430066 0.553075 0.430617 0.556548 0.432269 0.557292 0.447137 0.560516 0.457048 0.561756 0.469714 0.559276 0.471916 0.558284 0.475771 0.554067 0.475771 0.549603 0.474119 0.544643 0.468612 0.540179 0.464207 0.538442 0.458150 0.537450
0 0.363436 0.525298 0.361233 0.528522 0.361784 0.533234 0.365088 0.536210 0.376101 0.540923 0.387665 0.544147 0.396476 0.544643 0.408040 0.541667 0.411894 0.539683 0.414648 0.537202 0.415198 0.533234 0.409141 0.528026 0.398128 0.524306 0.389868 0.523313 0.376101 0.522817
0 0.351872 0.536210 0.348568 0.537698 0.345815 0.540179 0.343062 0.544643 0.343612 0.549107 0.346916 0.553075 0.351872 0.554812 0.371145 0.556796 0.378855 0.557044 0.387115 0.553819 0.390969 0.548859 0.391520 0.544891 0.376101 0.540675 0.361233 0.534474
0 0.412996 0.541915 0.403634 0.542411 0.394273 0.545635 0.392070 0.547123 0.388216 0.552331 0.387115 0.558036 0.388767 0.561508 0.395374 0.564484 0.406388 0.564980 0.415198 0.563988 0.424559 0.561260 0.428414 0.557788 0.428965 0.554812 0.427313 0.551091 0.417401 0.545883
0 0.295154 0.538938 0.290198 0.541419 0.289648 0.545635 0.294053 0.549603 0.300110 0.552827 0.307819 0.554812 0.316630 0.556052 0.326542 0.555556 0.333700 0.553075 0.338106 0.549355 0.339207 0.544395 0.337004 0.540923 0.331498 0.538194 0.326542 0.536954 0.320485 0.536458 0.307819 0.536458
0 0.228524 0.556548 0.227974 0.561508 0.230176 0.566716 0.235132 0.570437 0.242291 0.571677 0.253855 0.571925 0.265419 0.570933 0.271476 0.569444 0.278634 0.566468 0.287996 0.564484 0.291300 0.560764 0.287996 0.559276 0.280286 0.557540 0.273128 0.554067 0.268722 0.552827 0.255507 0.551091 0.247247 0.550843 0.238436 0.551835 0.232379 0.553819
0 0.192731 0.548115 0.193282 0.550099 0.197137 0.553571 0.199890 0.554812 0.207048 0.556300 0.223568 0.557044 0.229075 0.556300 0.237885 0.552331 0.250551 0.550595 0.253855 0.548859 0.250000 0.540923 0.238987 0.536706 0.230176 0.534970 0.214207 0.534226 0.205947 0.535218 0.200991 0.536954 0.195485 0.542659
0 0.160242 0.529762 0.155286 0.531746 0.153634 0.533978 0.155286 0.536706 0.160793 0.541171 0.161344 0.548859 0.169604 0.551339 0.178414 0.551339 0.183921 0.550347 0.191079 0.547867 0.193282 0.545883 0.195485 0.541915 0.195485 0.537946 0.193833 0.535714 0.185573 0.532490 0.170154 0.529266
0 0.133811 0.530258 0.129405 0.531994 0.124449 0.539683 0.123899 0.545139 0.126101 0.548859 0.134361 0.552827 0.143722 0.553075 0.153084 0.551835 0.159141 0.549355 0.161344 0.545635 0.160793 0.540923 0.157489 0.536706 0.153634 0.533978 0.148128 0.531994 0.141520 0.530754
0 0.075991 0.531498 0.071586 0.535962 0.071586 0.538442 0.074890 0.541915 0.078744 0.543899 0.088656 0.546627 0.105176 0.549851 0.118392 0.550099 0.125000 0.548859 0.125000 0.543403 0.123348 0.538442 0.112885 0.531498 0.105176 0.528274 0.100220 0.526786 0.090308 0.526786 0.082599 0.528522
0 0.094714 0.561012 0.079295 0.560764 0.073789 0.561756 0.072137 0.563492 0.069383 0.572173 0.070485 0.576141 0.075441 0.579613 0.082599 0.582093 0.092511 0.580853 0.096916 0.579117 0.100771 0.576389 0.099119 0.563988 0.098018 0.562004
0 0.055066 0.544891 0.052313 0.548363 0.054515 0.552579 0.073789 0.559772 0.082599 0.560516 0.094163 0.560020 0.100220 0.557788 0.105727 0.553075 0.104626 0.550099 0.102423 0.549107 0.074339 0.542907 0.064978 0.542659
0 0.803965 0.516865 0.795705 0.519097 0.786894 0.523065 0.784692 0.525050 0.784692 0.529514 0.787445 0.531498 0.799559 0.535218 0.810573 0.536458 0.822137 0.536706 0.825991 0.533730 0.824339 0.529812 0.827148 0.525645 0.826817 0.522470 0.823899 0.519816 0.820485 0.517361 0.814978 0.516617
0 0.101322 0.886657 0.091410 0.883433 0.081498 0.883433 0.071035 0.885665 0.061123 0.889385 0.057819 0.891617 0.051211 0.899554 0.052863 0.902778 0.057269 0.904514 0.073238 0.906250 0.091410 0.904018 0.100220 0.900546 0.104075 0.896825 0.104626 0.890129
0 0.047907 0.865823 0.039097 0.870288 0.030837 0.876736 0.029736 0.881944 0.031388 0.885169 0.039097 0.888641 0.046806 0.889633 0.057269 0.890129 0.065529 0.888145 0.073238 0.884673 0.077093 0.880952 0.078194 0.872272 0.075991 0.870040 0.072687 0.868800 0.057269 0.865327
0 0.078744 0.872768 0.079295 0.877976 0.078194 0.880952 0.082599 0.882192 0.091960 0.882937 0.099670 0.886409 0.109031 0.886409 0.110683 0.879712 0.112335 0.877728 0.112335 0.873760 0.109031 0.871032 0.098568 0.869544 0.090308 0.870288
0 0.073789 0.851687 0.070485 0.856647 0.062775 0.862103 0.061674 0.865327 0.072687 0.868304 0.083150 0.869048 0.089207 0.870288 0.100220 0.869296 0.102974 0.867808 0.104626 0.863839 0.104626 0.861111 0.100220 0.857391 0.090859 0.854663 0.083150 0.851438
0 0.136013 0.868056 0.128304 0.868056 0.124449 0.868800 0.121696 0.871528 0.116740 0.873512 0.111784 0.880208 0.110132 0.884177 0.111233 0.888641 0.118392 0.891865 0.123899 0.893105 0.138216 0.892609 0.147026 0.888889 0.140419 0.880704 0.139868 0.875496 0.140969 0.871776 0.139868 0.869048
0 0.144824 0.872520 0.140419 0.876240 0.139317 0.881200 0.142070 0.885417 0.146476 0.888641 0.151432 0.889881 0.163546 0.891121 0.166300 0.892609 0.169053 0.893105 0.178965 0.892857 0.182599 0.890947 0.187445 0.886409 0.188271 0.884499 0.187225 0.879464 0.184471 0.877232 0.181718 0.876488 0.173458 0.875744 0.153084 0.871776
0 0.177313 0.849206 0.169604 0.849950 0.162996 0.851687 0.153084 0.856895 0.148678 0.861111 0.148128 0.868304 0.149780 0.870536 0.157489 0.872768 0.172357 0.875496 0.183370 0.875744 0.186674 0.875496 0.197137 0.870536 0.199339 0.868800 0.203744 0.861855 0.203744 0.856647 0.200441 0.853919 0.193282 0.850446 0.187225 0.849454
0 0.221916 0.856895 0.212555 0.858135 0.204295 0.861359 0.199890 0.868800 0.200441 0.873264 0.203744 0.877728 0.210903 0.880952 0.215308 0.881448 0.223018 0.881448 0.235683 0.878472 0.245595 0.874256 0.248899 0.869296 0.246145 0.863095 0.230727 0.861111
0 0.257709 0.842262 0.248899 0.841766 0.238436 0.842014 0.221366 0.845238 0.219714 0.848214 0.220264 0.854911 0.222467 0.857639 0.228524 0.860615 0.237335 0.862103 0.248348 0.862103 0.261564 0.855407 0.266520 0.849702 0.266520 0.845486
0 0.290749 0.853175 0.284141 0.851687 0.276432 0.850942 0.268172 0.851190 0.264868 0.851935 0.259912 0.856399 0.250000 0.861359 0.250000 0.868800 0.253855 0.871528 0.257159 0.872024 0.265969 0.871280 0.272577 0.872024 0.283040 0.872272 0.287445 0.871280 0.295154 0.868056 0.296806 0.866319 0.296256 0.858383 0.294053 0.855407
0 0.274229 0.872024 0.264868 0.871528 0.256057 0.872768 0.250000 0.875248 0.245595 0.878224 0.240088 0.884673 0.240088 0.889385 0.243392 0.892361 0.247797 0.894097 0.254405 0.895089 0.266520 0.894841 0.276982 0.892857 0.280286 0.891369 0.282489 0.889137 0.284141 0.876488 0.281388 0.874256
0 0.299009 0.869792 0.292401 0.871528 0.289097 0.873016 0.287996 0.875000 0.281938 0.877232 0.280837 0.887897 0.284141 0.892361 0.291300 0.894841 0.301211 0.895833 0.304515 0.895337 0.307269 0.893105 0.301762 0.887649 0.301211 0.880456 0.307819 0.873016 0.300661 0.869792
0 0.336454 0.868800 0.332048 0.869048 0.321586 0.871528 0.308811 0.872743 0.301707 0.880233 0.302588 0.886186 0.304130 0.888889 0.307269 0.892609 0.316630 0.896577 0.326542 0.897569 0.329846 0.896329 0.334802 0.895585 0.339207 0.893849 0.344163 0.892857 0.347467 0.890625 0.352974 0.888889 0.355176 0.886905 0.359581 0.884921 0.361233 0.880456 0.357379 0.876488 0.353524 0.874008 0.343612 0.869792
0 0.386013 0.887649 0.382159 0.885913 0.377203 0.884921 0.367841 0.884425 0.362335 0.885169 0.352974 0.888641 0.345815 0.892857 0.334251 0.896081 0.329846 0.898065 0.327093 0.900546 0.335352 0.905258 0.343612 0.906498 0.367291 0.906002 0.379956 0.904762 0.387115 0.902034 0.389317 0.898562 0.389868 0.891865
0 0.308370 0.848462 0.304515 0.850694 0.297907 0.860119 0.298458 0.867560 0.300661 0.869296 0.308370 0.872272 0.317731 0.871280 0.325441 0.869296 0.335903 0.867560 0.338656 0.865575 0.339758 0.863095 0.338656 0.857639 0.329295 0.854415 0.317731 0.848710
0 0.349119 0.837302 0.341410 0.837302 0.324890 0.840278 0.321035 0.842510 0.318833 0.844990 0.319934 0.850198 0.328194 0.854415 0.335352 0.856647 0.343612 0.856895 0.350220 0.855655 0.357930 0.853423 0.361233 0.850446 0.363436 0.846726 0.362885 0.841766 0.355176 0.838294
0 0.386013 0.858383 0.372247 0.857639 0.360132 0.858383 0.352974 0.860615 0.346366 0.864583 0.345264 0.869296 0.354626 0.874008 0.358480 0.876984 0.360683 0.880952 0.365088 0.882688 0.370595 0.883185 0.376101 0.882440 0.379956 0.880208 0.389868 0.877232 0.394273 0.874752 0.395374 0.872768 0.393722 0.869544 0.392621 0.862103 0.389868 0.859375
0 0.377203 0.884921 0.384912 0.887649 0.390419 0.891369 0.400881 0.893601 0.415198 0.894593 0.422907 0.893849 0.426762 0.892609 0.433370 0.888393 0.438106 0.886756 0.445650 0.882044 0.431718 0.877480 0.395374 0.875248 0.377753 0.880704
0 0.404736 0.856399 0.397026 0.859375 0.393722 0.863839 0.394273 0.869792 0.397577 0.874008 0.402533 0.875744 0.410242 0.876488 0.422907 0.876488 0.431167 0.875248 0.436123 0.872520 0.438326 0.869544 0.439978 0.865079 0.437225 0.861111 0.433370 0.859623 0.420705 0.856647 0.413546 0.855655
0 0.456498 0.880952 0.450441 0.880952 0.445540 0.882490 0.442346 0.884375 0.435242 0.888418 0.426762 0.892361 0.426762 0.897073 0.430617 0.902034 0.437775 0.905258 0.447137 0.906994 0.456498 0.906498 0.464207 0.904762 0.471916 0.900546 0.475220 0.896825 0.475220 0.890625 0.472467 0.886905 0.462555 0.882440
0 0.495595 0.879464 0.486233 0.883185 0.479075 0.888641 0.477423 0.891865 0.476872 0.897073 0.479626 0.900546 0.485132 0.903274 0.499449 0.906994 0.506057 0.907490 0.517070 0.906746 0.528084 0.907242 0.531938 0.906498 0.535242 0.904762 0.535242 0.901042 0.531938 0.896577 0.531388 0.892609 0.526982 0.888641 0.513767 0.881448 0.501101 0.878968
0 0.473568 0.862351 0.464758 0.863095 0.454846 0.866071 0.453194 0.868552 0.452643 0.874008 0.455947 0.879216 0.473568 0.886905 0.481278 0.885665 0.491189 0.880952 0.494493 0.877976 0.495044 0.875744 0.493943 0.871776 0.489537 0.866567 0.482379 0.863839
0 0.494493 0.859623 0.491189 0.861359 0.488987 0.865575 0.491740 0.867808 0.495044 0.875000 0.497247 0.876984 0.506608 0.880208 0.517070 0.881944 0.528084 0.880704 0.534692 0.877728 0.540749 0.873016 0.541300 0.867808 0.538546 0.864335 0.526432 0.861359 0.522026 0.859127 0.518172 0.858135
0 0.537445 0.875248 0.529736 0.880952 0.528634 0.884177 0.529736 0.889137 0.535242 0.893105 0.549559 0.894593 0.555066 0.894593 0.570485 0.891865 0.579846 0.888393 0.582599 0.884921 0.581498 0.881944 0.569934 0.875000 0.542952 0.873264
0 0.560573 0.852679 0.547907 0.862351 0.545705 0.867808 0.546256 0.871528 0.548458 0.873264 0.556167 0.874752 0.569934 0.875000 0.571035 0.873016 0.579295 0.866319 0.583700 0.860863 0.580396 0.857391 0.574339 0.856399 0.569934 0.854663
0 0.605176 0.869792 0.599670 0.871776 0.594163 0.876488 0.587004 0.880456 0.586454 0.884921 0.588106 0.887153 0.594163 0.891369 0.599119 0.893105 0.620044 0.894593 0.630507 0.894345 0.633260 0.892609 0.632709 0.889137 0.626101 0.873016 0.619493 0.870536 0.613987 0.869296
0 0.126652 0.550595 0.115639 0.551091 0.109581 0.552331 0.103524 0.555060 0.100771 0.558532 0.098018 0.560268 0.100220 0.568700 0.101872 0.570933 0.106828 0.573165 0.115639 0.574901 0.127203 0.574405 0.132709 0.573413 0.143722 0.568452 0.148128 0.564732 0.148128 0.560268 0.144824 0.555556 0.142070 0.554315 0.131057 0.552083
0 0.596366 0.857639 0.590859 0.858135 0.585903 0.859375 0.574339 0.869544 0.572137 0.873016 0.572687 0.876984 0.578194 0.879960 0.586454 0.881944 0.596531 0.874058 0.606278 0.867560 0.606828 0.864831 0.604075 0.860119 0.600771 0.858383
0 0.632709 0.873016 0.628855 0.875000 0.627753 0.877976 0.629405 0.884673 0.634361 0.890873 0.637665 0.892857 0.648128 0.895833 0.654185 0.896577 0.665198 0.896081 0.672907 0.892609 0.676211 0.888641 0.676762 0.885665 0.673458 0.880952 0.666850 0.875496 0.660242 0.872768 0.648678 0.870784
0 0.651432 0.848462 0.643172 0.846974 0.624449 0.845734 0.614537 0.845982 0.608480 0.847222 0.604626 0.849702 0.600220 0.857639 0.602423 0.858631 0.609581 0.865823 0.615088 0.867560 0.622247 0.868304 0.632709 0.866815 0.639868 0.864831 0.642621 0.863343 0.649229 0.855903 0.652533 0.853671 0.653634 0.849454
0 0.657489 0.850942 0.654185 0.852183 0.647026 0.858383 0.641520 0.865575 0.645925 0.869544 0.648678 0.870784 0.655837 0.872272 0.665749 0.872768 0.674559 0.869048 0.680617 0.865327 0.680617 0.858135 0.677313 0.854415 0.673458 0.852431 0.666300 0.850942
0 0.638216 0.824901 0.627203 0.827133 0.624449 0.828373 0.612335 0.838294 0.611233 0.842014 0.616189 0.844494 0.620595 0.845486 0.638216 0.846974 0.648678 0.846726 0.656388 0.845486 0.660793 0.842262 0.660242 0.837798 0.651432 0.827877 0.648678 0.826637
0 0.569383 0.840774 0.566079 0.842758 0.563326 0.849206 0.564978 0.853175 0.572137 0.855903 0.585903 0.858631 0.598018 0.856895 0.600771 0.855159 0.607930 0.845734 0.606278 0.841766 0.603524 0.841022 0.589207 0.842014 0.573789 0.841766
0 0.562555 0.840923 0.551762 0.843006 0.542952 0.844246 0.525881 0.843998 0.517676 0.845511 0.514317 0.849454 0.511784 0.853398 0.518722 0.857887 0.528634 0.861855 0.534141 0.863095 0.544604 0.862847 0.552313 0.859871 0.558921 0.854415 0.562225 0.847966 0.564813 0.844345
0 0.507709 0.837302 0.500551 0.836062 0.493943 0.836806 0.478524 0.841766 0.473568 0.844494 0.471916 0.848462 0.473018 0.851687 0.474670 0.853423 0.481278 0.856151 0.492291 0.857143 0.505507 0.853919 0.511564 0.851438 0.516520 0.845486 0.513767 0.840526
0 0.447687 0.840526 0.445485 0.845982 0.438877 0.855159 0.438326 0.859127 0.439427 0.861607 0.442731 0.863839 0.447137 0.864831 0.456498 0.865327 0.466960 0.863095 0.471366 0.861359 0.473018 0.858631 0.473018 0.852431 0.470815 0.847718 0.466960 0.843998 0.458150 0.841022
0 0.395374 0.834573 0.391520 0.837302 0.392621 0.841518 0.395374 0.845486 0.406388 0.853919 0.409141 0.854911 0.412996 0.855159 0.419604 0.856647 0.430066 0.857639 0.436123 0.856399 0.442731 0.850446 0.447467 0.840575 0.444383 0.838294 0.437775 0.834325 0.431167 0.832341 0.420154 0.832093
0 0.367841 0.838790 0.363987 0.841270 0.363436 0.845734 0.361233 0.848958 0.361233 0.853919 0.362885 0.855655 0.367291 0.857391 0.376101 0.858135 0.395925 0.858383 0.400881 0.857391 0.403634 0.855655 0.404736 0.853423 0.390969 0.840774 0.379405 0.838046
0 0.441079 0.820437 0.437775 0.823413 0.432819 0.826141 0.432819 0.830853 0.435022 0.833333 0.447137 0.839534 0.460352 0.841022 0.464758 0.842510 0.474119 0.843006 0.480176 0.838542 0.480727 0.830853 0.479626 0.825645 0.474119 0.819692 0.464207 0.819444 0.456498 0.820188 0.446586 0.819940
0 0.533590 0.820437 0.514868 0.826637 0.513216 0.828869 0.514317 0.834077 0.518172 0.838542 0.525330 0.843006 0.533040 0.844246 0.545705 0.844246 0.556167 0.841518 0.562775 0.838046 0.564427 0.834573 0.563877 0.832341 0.559471 0.827877 0.550110 0.823661 0.540749 0.821181
0 0.709251 0.863591 0.699890 0.862847 0.686674 0.863591 0.682819 0.864583 0.675661 0.867808 0.667952 0.872768 0.668502 0.876984 0.673458 0.881696 0.680617 0.886161 0.688326 0.888145 0.693833 0.888393 0.700441 0.887401 0.710352 0.882440 0.715308 0.877976 0.716410 0.875248 0.715308 0.867560 0.713656 0.865079
0 0.691079 0.839038 0.682269 0.841518 0.676211 0.845734 0.675661 0.851190 0.676762 0.853919 0.682269 0.859127 0.691079 0.860367 0.712555 0.860119 0.721916 0.856399 0.724119 0.854167 0.724119 0.848958 0.722467 0.846478 0.719163 0.843998 0.708150 0.839782 0.700991 0.838790
0 0.707048 0.818204 0.736233 0.821925 0.744493 0.824405 0.748899 0.826637 0.751652 0.829365 0.752753 0.834325 0.750551 0.838046 0.743943 0.841022 0.730727 0.843750 0.723568 0.844246 0.716960 0.843006 0.708700 0.839782 0.705947 0.838046 0.704295 0.834573 0.706553 0.825521 0.701267 0.819246 0.704570 0.818180
0 0.684471 0.814236 0.674009 0.814732 0.667401 0.816220 0.658590 0.820933 0.655286 0.825893 0.654736 0.830357 0.659141 0.835565 0.663546 0.837798 0.672357 0.839534 0.683921 0.839782 0.697687 0.836806 0.702643 0.834573 0.704846 0.831349 0.705396 0.826141 0.698238 0.817956 0.691630 0.815228
0 0.620044 0.826141 0.612885 0.823413 0.604075 0.822917 0.595264 0.825893 0.588106 0.827133 0.568282 0.827629 0.564427 0.829613 0.565529 0.836062 0.568833 0.840278 0.571035 0.841270 0.577643 0.842262 0.589207 0.842262 0.606828 0.840774 0.612885 0.838542 0.622797 0.830109
0 0.595815 0.802331 0.586454 0.802579 0.568833 0.809028 0.557489 0.820685 0.559471 0.823909 0.564427 0.826637 0.572687 0.827629 0.587004 0.827629 0.591410 0.827133 0.598568 0.825397 0.607379 0.821677 0.608480 0.817460 0.605727 0.809772 0.602423 0.805804
0 0.621145 0.800099 0.611784 0.802083 0.607930 0.806300 0.607379 0.811260 0.609306 0.821974 0.620595 0.825645 0.631057 0.825645 0.640419 0.823413 0.645374 0.818948 0.650330 0.811508 0.649780 0.808036 0.647577 0.805308 0.642070 0.802083 0.632709 0.800595
0 0.725771 0.859375 0.721916 0.860863 0.715859 0.866071 0.715308 0.870288 0.716410 0.873016 0.715308 0.877976 0.713106 0.880704 0.713656 0.882192 0.718612 0.886409 0.726322 0.888889 0.733480 0.889633 0.746696 0.888889 0.754956 0.886905 0.762665 0.882688 0.764868 0.877480 0.763216 0.873016 0.758811 0.868056 0.750551 0.863343
0 0.827643 0.868056 0.815529 0.870784 0.807269 0.876488 0.802863 0.880456 0.804515 0.884673 0.812225 0.887649 0.821035 0.889633 0.831498 0.890129 0.848568 0.887649 0.853524 0.885913 0.856828 0.881944 0.858480 0.876736 0.854075 0.873264 0.846366 0.870040 0.837555 0.868304
0 0.758811 0.860863 0.757159 0.861855 0.756608 0.865823 0.764868 0.875248 0.777533 0.880704 0.784692 0.882440 0.797907 0.882688 0.800661 0.882192 0.803965 0.880456 0.813877 0.872520 0.814978 0.869048 0.808370 0.864583 0.802863 0.862599 0.795705 0.861607 0.778634 0.857887 0.769273 0.858135
0 0.873899 0.849950 0.867841 0.851438 0.854020 0.854812 0.843612 0.863269 0.842456 0.867956 0.856278 0.875248 0.862335 0.876488 0.871696 0.877232 0.876101 0.876984 0.883260 0.874752 0.886564 0.870040 0.887665 0.865575 0.886564 0.861111 0.881057 0.856151 0.878855 0.852679
0 0.813326 0.834573 0.800110 0.836806 0.791300 0.839038 0.778084 0.844742 0.776432 0.847470 0.775881 0.853671 0.779185 0.856647 0.786894 0.859623 0.794604 0.861359 0.803965 0.862351 0.814427 0.859375 0.821035 0.854167 0.824890 0.849454 0.825441 0.842758 0.822137 0.836558 0.819934 0.835565
0 0.767070 0.839782 0.752203 0.838046 0.724670 0.845486 0.725220 0.855159 0.727423 0.857887 0.730176 0.859375 0.742841 0.862103 0.753304 0.862351 0.764868 0.859623 0.773678 0.856151 0.775330 0.854415 0.776982 0.845486 0.773678 0.841766
0 0.753304 0.820437 0.751101 0.822669 0.750551 0.826885 0.754405 0.835813 0.757709 0.837798 0.772577 0.838790 0.779185 0.837798 0.787996 0.837550 0.799559 0.835813 0.806718 0.833829 0.807819 0.832093 0.807819 0.825397 0.802313 0.820437 0.797907 0.818204 0.787445 0.816468 0.773678 0.816220 0.762115 0.816964
0 0.829846 0.787698 0.818833 0.787202 0.810573 0.787946 0.804515 0.789683 0.798458 0.794147 0.798458 0.799355 0.803965 0.807044 0.807819 0.808532 0.811123 0.809028 0.822687 0.809028 0.834802 0.805060 0.840859 0.801835 0.843062 0.799355 0.843062 0.794891 0.839207 0.790923
0 0.734581 0.794395 0.711454 0.801091 0.705396 0.806796 0.703194 0.811012 0.707599 0.815972 0.711454 0.817708 0.729075 0.821181 0.739537 0.821677 0.746145 0.820933 0.757709 0.816220 0.762665 0.811012 0.763216 0.805804 0.761013 0.802827 0.751101 0.796875 0.743943 0.794891
0 0.663546 0.789187 0.660242 0.790923 0.656388 0.794891 0.655837 0.799603 0.657489 0.803075 0.660242 0.805060 0.666850 0.807788 0.675110 0.809524 0.694383 0.810020 0.700991 0.809028 0.703744 0.807540 0.706498 0.804563 0.707048 0.798611 0.699890 0.792411 0.691630 0.789187 0.683370 0.787698 0.671806 0.787450
0 0.534692 0.797619 0.522577 0.803571 0.521476 0.806796 0.524229 0.811012 0.535793 0.817708 0.543502 0.819692 0.552863 0.819940 0.558921 0.817956 0.564427 0.814980 0.566630 0.811012 0.565529 0.808532 0.563326 0.806796 0.551211 0.800843 0.543502 0.797867
0 0.491189 0.804067 0.488436 0.805556 0.484581 0.812004 0.484581 0.816964 0.486784 0.820933 0.489537 0.823413 0.497247 0.826141 0.506608 0.827133 0.514317 0.826637 0.528084 0.822173 0.531938 0.819196 0.533095 0.816939 0.525881 0.813492 0.520925 0.808780 0.513216 0.805308 0.501652 0.803819
0 0.476322 0.796627 0.465308 0.795139 0.455396 0.795883 0.451542 0.796627 0.442731 0.801587 0.437225 0.807044 0.441079 0.817708 0.443282 0.819444 0.449890 0.820188 0.470264 0.819444 0.474670 0.818204 0.482930 0.813492 0.487335 0.807044 0.487335 0.802579
0 0.430617 0.805060 0.414097 0.807788 0.404185 0.807292 0.398678 0.809276 0.397026 0.811260 0.397577 0.818948 0.400330 0.825397 0.404736 0.827629 0.412445 0.828869 0.426211 0.827877 0.433370 0.825893 0.436674 0.823909 0.438877 0.819196 0.438326 0.815476 0.435573 0.809772
0 0.386013 0.808532 0.378304 0.808036 0.357930 0.814484 0.354626 0.816468 0.351322 0.820685 0.349670 0.825149 0.350771 0.828621 0.359581 0.834573 0.368943 0.837054 0.379956 0.836558 0.388767 0.834573 0.394273 0.831845 0.399780 0.826637 0.399229 0.821925 0.396476 0.817212 0.389317 0.813988 0.388767 0.810516
0 0.324339 0.807788 0.313877 0.809028 0.306167 0.812500 0.304515 0.814732 0.303965 0.822917 0.305617 0.826141 0.316630 0.831597 0.321586 0.835069 0.326542 0.836062 0.332048 0.832589 0.345815 0.827381 0.351872 0.818948 0.351872 0.814236 0.344163 0.809772 0.336454 0.808284
0 0.274229 0.826637 0.269273 0.830109 0.268172 0.837798 0.271476 0.844494 0.277533 0.847718 0.283040 0.849206 0.290198 0.849702 0.300661 0.849454 0.311674 0.846726 0.316630 0.844742 0.320485 0.840774 0.320485 0.834325 0.316079 0.831101 0.307269 0.826885 0.301762 0.826141 0.280286 0.826141
0 0.257159 0.812500 0.251652 0.814236 0.236233 0.823413 0.232379 0.829117 0.232379 0.835565 0.235683 0.839534 0.240088 0.841022 0.248899 0.841518 0.255507 0.840774 0.264868 0.837798 0.267621 0.835069 0.272026 0.825149 0.270374 0.822421 0.266520 0.819692 0.261013 0.813740
0 0.264868 0.798611 0.263767 0.801835 0.264317 0.814484 0.265969 0.818452 0.269273 0.821677 0.274780 0.824653 0.278084 0.825397 0.284141 0.825893 0.295154 0.825149 0.301211 0.823165 0.303414 0.820685 0.303965 0.816716 0.301762 0.812500 0.291850 0.805308 0.281938 0.801091
0 0.368943 0.777778 0.356828 0.780754 0.345264 0.786458 0.340859 0.790427 0.340859 0.794891 0.343612 0.798363 0.349670 0.801339 0.360683 0.804315 0.370595 0.805060 0.379405 0.804067 0.388767 0.799107 0.391520 0.794395 0.393172 0.786210 0.390969 0.783482 0.385463 0.780754 0.377753 0.778770
0 0.422357 0.785962 0.410793 0.787202 0.404736 0.788690 0.397577 0.792907 0.395374 0.795387 0.394273 0.799355 0.397577 0.803819 0.403634 0.806548 0.412445 0.808036 0.422907 0.806796 0.428414 0.805556 0.430617 0.804563 0.436674 0.798115 0.437775 0.794395 0.436674 0.790427 0.435022 0.788938 0.431167 0.787450
0 0.481828 0.787450 0.479626 0.790675 0.479626 0.796627 0.483480 0.800843 0.490639 0.803323 0.504956 0.803819 0.518172 0.803571 0.526432 0.801587 0.533040 0.798611 0.534141 0.794395 0.532489 0.792659 0.520925 0.788442 0.509361 0.785714 0.488436 0.785714 0.483480 0.786458
0 0.560022 0.785466 0.551211 0.786954 0.545705 0.794147 0.547357 0.798859 0.553414 0.802331 0.561123 0.805804 0.569934 0.807540 0.579295 0.806052 0.586454 0.802827 0.590859 0.799107 0.590859 0.794643 0.588106 0.790675 0.584802 0.788938 0.572687 0.786706
0 0.623348 0.775298 0.614537 0.775298 0.603524 0.776290 0.599670 0.778274 0.590308 0.785962 0.589207 0.791419 0.590859 0.795139 0.593062 0.797619 0.598018 0.799603 0.604075 0.800347 0.613436 0.800347 0.621145 0.798363 0.628304 0.795139 0.634912 0.790675 0.638216 0.784226 0.637115 0.780506 0.627753 0.776290
0 0.714758 0.778026 0.710352 0.778522 0.701542 0.780754 0.696586 0.783234 0.693282 0.787698 0.694934 0.790923 0.700991 0.793403 0.705947 0.797371 0.708700 0.798611 0.718062 0.799107 0.727974 0.796379 0.736784 0.792163 0.738436 0.790179 0.738987 0.785466 0.737885 0.783482 0.732379 0.779266 0.723568 0.778274
0 0.123899 0.843750 0.113987 0.845734 0.108480 0.847966 0.104626 0.852679 0.102974 0.857887 0.105727 0.863343 0.109581 0.865575 0.115639 0.866815 0.127203 0.867312 0.135463 0.866567 0.144824 0.862103 0.146476 0.859871 0.147026 0.856151 0.145925 0.851190 0.143722 0.848214 0.132709 0.846230 0.126652 0.843750
0 0.178414 0.823661 0.171806 0.826389 0.167952 0.829613 0.166850 0.834077 0.169053 0.838046 0.166850 0.842014 0.171256 0.843006 0.186674 0.844494 0.194934 0.843750 0.204295 0.841518 0.208700 0.838294 0.209802 0.833581 0.208150 0.829861 0.205947 0.827877 0.201542 0.825893 0.196035 0.824653 0.187225 0.823413
0 0.145925 0.823661 0.136013 0.824405 0.126101 0.827381 0.121145 0.830109 0.118943 0.833085 0.120044 0.838294 0.123899 0.843006 0.132709 0.846230 0.143172 0.847966 0.156938 0.844742 0.162445 0.842262 0.166300 0.838294 0.165749 0.833581 0.161894 0.829613 0.152533 0.824653
0 0.069934 0.829613 0.066079 0.833581 0.063326 0.838294 0.067181 0.841518 0.071586 0.843006 0.090859 0.845734 0.108480 0.846974 0.117841 0.844990 0.120595 0.843750 0.122247 0.841270 0.120044 0.836310 0.116189 0.833333 0.109581 0.831101 0.095264 0.828621 0.083700 0.827381 0.073789 0.827877
0 0.065529 0.841022 0.056167 0.840774 0.050110 0.842510 0.034692 0.845238 0.030286 0.846726 0.024229 0.851687 0.023678 0.854663 0.025330 0.857639 0.030837 0.860615 0.039097 0.862847 0.046256 0.863839 0.051211 0.863839 0.058921 0.862847 0.064978 0.860119 0.072137 0.853919 0.073238 0.851190 0.073238 0.848214 0.071586 0.844990
0 0.064427 0.820685 0.060022 0.819940 0.041850 0.819940 0.036344 0.820437 0.031938 0.821925 0.024229 0.829117 0.022577 0.833085 0.024229 0.841518 0.025881 0.843254 0.029736 0.844990 0.040749 0.844494 0.061674 0.839534 0.070485 0.828373 0.070485 0.825645
0 0.078194 0.803819 0.072137 0.801091 0.065529 0.799603 0.056718 0.800099 0.051211 0.801091 0.042401 0.804563 0.030837 0.814732 0.021476 0.818452 0.029736 0.819940 0.039648 0.820437 0.063877 0.820188 0.073789 0.817956 0.080947 0.814484 0.082048 0.809524
0 0.107930 0.803571 0.100771 0.805804 0.098018 0.808036 0.094714 0.813492 0.094163 0.820933 0.097467 0.827381 0.100220 0.828869 0.108480 0.829861 0.117841 0.829365 0.123899 0.828125 0.132709 0.824653 0.139317 0.819196 0.138216 0.813492 0.136013 0.810516 0.126652 0.805804 0.118943 0.803819
0 0.143172 0.798859 0.140969 0.801339 0.142070 0.806796 0.138767 0.810020 0.138767 0.814980 0.140969 0.818452 0.147577 0.822421 0.153634 0.824405 0.159141 0.825149 0.170154 0.824901 0.181718 0.821429 0.186674 0.818204 0.188326 0.813988 0.185022 0.810020 0.181167 0.807540 0.165198 0.802579
0 0.222467 0.803819 0.212555 0.803571 0.197137 0.806548 0.193282 0.808036 0.188877 0.811012 0.190529 0.817436 0.184471 0.820437 0.188877 0.822421 0.202643 0.825149 0.216960 0.825149 0.227974 0.824157 0.234031 0.822173 0.236233 0.819692 0.235132 0.813492 0.229075 0.806548
0 0.190529 0.781498 0.185573 0.781498 0.174009 0.783730 0.167401 0.786458 0.164097 0.790427 0.164097 0.795387 0.166300 0.802827 0.175110 0.805804 0.186674 0.807292 0.202643 0.805804 0.214207 0.803323 0.220264 0.799107 0.223568 0.795635 0.223568 0.794643 0.220264 0.793155 0.211454 0.790675 0.205396 0.788194 0.197137 0.782242
0 0.135463 0.772817 0.123899 0.777530 0.115639 0.782986 0.114537 0.791171 0.116189 0.795635 0.118392 0.797123 0.124449 0.798363 0.145925 0.796627 0.156938 0.792163 0.159141 0.789931 0.159692 0.784722 0.156938 0.780010 0.154185 0.779018 0.148128 0.778274 0.145374 0.777282 0.140419 0.773810
0 0.111784 0.782986 0.099670 0.781250 0.083700 0.786458 0.067181 0.789435 0.064427 0.791171 0.062775 0.794643 0.064978 0.798859 0.082048 0.804563 0.100220 0.804812 0.107379 0.802827 0.113987 0.799107 0.115088 0.795635 0.113436 0.791419 0.113987 0.786210
0 0.029736 0.767361 0.021476 0.769345 0.016520 0.771577 0.014317 0.774554 0.014317 0.777530 0.017070 0.783234 0.019824 0.785466 0.028084 0.787450 0.033590 0.789683 0.039648 0.790675 0.045154 0.789187 0.051762 0.785218 0.056718 0.776538 0.056718 0.773562 0.055617 0.771329 0.047907 0.768353 0.040749 0.766865
0 0.091410 0.769593 0.082048 0.769593 0.072687 0.772817 0.063326 0.773313 0.059471 0.774058 0.057819 0.775298 0.053414 0.783234 0.063877 0.787946 0.068833 0.788194 0.080396 0.787202 0.093612 0.782738 0.098018 0.779514 0.097467 0.775298
0 0.117841 0.753720 0.109581 0.755208 0.102974 0.757192 0.096916 0.760169 0.093062 0.763641 0.091960 0.767609 0.099670 0.777034 0.102423 0.778770 0.107930 0.780010 0.117841 0.779018 0.127753 0.774802 0.132709 0.771825 0.137115 0.767857 0.139317 0.764137 0.137665 0.759673 0.126652 0.754960
0 0.186674 0.762401 0.175661 0.760665 0.168502 0.758681 0.160242 0.758185 0.153634 0.760169 0.144273 0.761409 0.141520 0.763393 0.139317 0.767609 0.139868 0.772073 0.143722 0.775546 0.149229 0.777778 0.157489 0.778770 0.164097 0.778522 0.176762 0.775546 0.187225 0.770585 0.188877 0.768105 0.188877 0.765625
0 0.242291 0.765377 0.240088 0.767113 0.240088 0.771329 0.245044 0.775546 0.259361 0.781498 0.272026 0.783978 0.283590 0.784226 0.289097 0.783234 0.295154 0.780506 0.298458 0.776786 0.300661 0.772073 0.300110 0.767361 0.298458 0.765377 0.296256 0.764385 0.289097 0.763393 0.280286 0.761161 0.264868 0.760417 0.257159 0.761409
0 0.316630 0.767857 0.305617 0.770089 0.303414 0.771081 0.299559 0.775298 0.297907 0.779762 0.301211 0.783730 0.312225 0.788938 0.317181 0.790427 0.325991 0.790923 0.339758 0.788442 0.344163 0.786706 0.349670 0.782986 0.347467 0.778770 0.339207 0.773065 0.328744 0.768601 0.323238 0.767857
0 0.432269 0.779514 0.432819 0.774802 0.431718 0.773065 0.428965 0.771329 0.421256 0.769097 0.417401 0.768601 0.386564 0.769345 0.375000 0.772073 0.371696 0.774554 0.371696 0.775546 0.376101 0.777530 0.381057 0.778770 0.394273 0.784474 0.403084 0.786954 0.414097 0.786954 0.425110 0.784722
0 0.435573 0.772817 0.433370 0.774802 0.434471 0.783482 0.441630 0.790923 0.446035 0.792907 0.455396 0.795139 0.464758 0.794643 0.473568 0.792411 0.476872 0.790923 0.484031 0.783978 0.483756 0.780481 0.470815 0.781498 0.455947 0.780258 0.449890 0.778274 0.441079 0.772569 0.438326 0.772073
0 0.460352 0.760913 0.456498 0.761657 0.451542 0.763641 0.442181 0.771577 0.448789 0.777034 0.456498 0.780258 0.462004 0.781002 0.474119 0.780754 0.483480 0.778522 0.489537 0.775546 0.487335 0.771577 0.487335 0.767361 0.481278 0.762401 0.477423 0.760913 0.474670 0.760417
0 0.516520 0.768849 0.501101 0.775298 0.502203 0.779762 0.514868 0.785962 0.525881 0.789931 0.535242 0.791667 0.542952 0.792411 0.548458 0.791419 0.549009 0.786954 0.542952 0.777778 0.536894 0.772817 0.525881 0.768849
0 0.538546 0.771329 0.545705 0.779514 0.548458 0.781002 0.557269 0.782490 0.560022 0.783730 0.569659 0.785218 0.578194 0.787450 0.586454 0.785714 0.589758 0.783978 0.592511 0.775050 0.590308 0.771825 0.587555 0.770337 0.573789 0.767361 0.564978 0.766865 0.557819 0.767857 0.549009 0.770833
0 0.874449 0.761161 0.863436 0.760913 0.857379 0.761657 0.851322 0.764137 0.848018 0.766865 0.847467 0.772569 0.849670 0.775546 0.849670 0.779266 0.856278 0.783234 0.866189 0.783978 0.883260 0.781994 0.893722 0.779514 0.898678 0.776538 0.898678 0.771081 0.891520 0.765377 0.885463 0.763145
0 0.746531 0.775918 0.740143 0.777307 0.737335 0.781597 0.740088 0.791915 0.745595 0.794891 0.750551 0.796379 0.761013 0.796875 0.770925 0.794643 0.777533 0.791419 0.780286 0.787698 0.779736 0.782986 0.778634 0.781498 0.773128 0.778770 0.761564 0.776786 0.753855 0.775149
0 0.760463 0.754960 0.751652 0.757192 0.746696 0.759425 0.745595 0.764137 0.748348 0.771329 0.752203 0.773562 0.761564 0.776538 0.769273 0.777778 0.778634 0.777282 0.784692 0.775546 0.796256 0.770337 0.797907 0.768353 0.797357 0.766121 0.786894 0.760665 0.777533 0.757440 0.768722 0.755208
0 0.708700 0.756696 0.703194 0.759425 0.700441 0.763889 0.702643 0.767361 0.709802 0.773810 0.716410 0.776786 0.723568 0.777778 0.733480 0.777530 0.741740 0.775546 0.746145 0.772321 0.746696 0.766865 0.745044 0.762401 0.741189 0.758681 0.735132 0.756200 0.726322 0.754960 0.716410 0.755208
0 0.682269 0.760665 0.668502 0.765129 0.662996 0.771329 0.664648 0.775050 0.667952 0.777530 0.675661 0.780258 0.691079 0.781994 0.698789 0.781498 0.709251 0.778770 0.710903 0.775050 0.697687 0.763145 0.692181 0.761161
0 0.763216 0.740823 0.758700 0.744097 0.758590 0.748338 0.765419 0.752976 0.767621 0.754464 0.786344 0.760913 0.794604 0.762897 0.804515 0.761905 0.811123 0.759673 0.818833 0.752232 0.817731 0.747768 0.812775 0.744792 0.801211 0.742560 0.795705 0.740823 0.786894 0.739583 0.771476 0.739335 0.765969 0.739831
0 0.794604 0.725446 0.790198 0.732391 0.790198 0.736855 0.791850 0.739335 0.798458 0.741815 0.805066 0.743304 0.813877 0.743552 0.830396 0.739831 0.833700 0.738591 0.835352 0.735863 0.827643 0.728671 0.823789 0.727183 0.813877 0.724950 0.807269 0.724206 0.797907 0.724454
0 0.753855 0.717758 0.742841 0.724454 0.743392 0.728919 0.751652 0.733879 0.765419 0.737847 0.769824 0.738343 0.782489 0.738343 0.787445 0.737599 0.792401 0.729167 0.791300 0.724206 0.785793 0.719742 0.780286 0.717510 0.771476 0.716022 0.761564 0.716270
0 0.715859 0.730407 0.712555 0.732639 0.709251 0.741567 0.709251 0.744544 0.712555 0.748512 0.721366 0.753472 0.725771 0.754216 0.735683 0.754960 0.747797 0.753224 0.752203 0.751488 0.756608 0.748264 0.757709 0.744048 0.755507 0.741319 0.745595 0.735367 0.726872 0.729911
0 0.700441 0.727431 0.675661 0.730407 0.673458 0.731647 0.669604 0.736111 0.669604 0.740327 0.681167 0.745536 0.685573 0.749008 0.691079 0.750248 0.700991 0.749504 0.703194 0.747768 0.704846 0.744544 0.709251 0.740823 0.710352 0.737351 0.709802 0.732143 0.707048 0.729911
0 0.649780 0.740575 0.642070 0.742312 0.638767 0.744048 0.634361 0.751488 0.635463 0.755704 0.638216 0.757937 0.648678 0.761905 0.655837 0.763641 0.660793 0.763889 0.665749 0.764881 0.667952 0.763889 0.674559 0.762897 0.681167 0.759921 0.683921 0.752976 0.683921 0.748016 0.678965 0.744048 0.671256 0.741071 0.665198 0.740079
0 0.589758 0.758433 0.586454 0.763393 0.585352 0.767609 0.589207 0.770337 0.596366 0.773562 0.603524 0.775050 0.615639 0.775546 0.625000 0.774554 0.627753 0.772817 0.628304 0.767113 0.626101 0.762897 0.622797 0.759673 0.618392 0.757440 0.612335 0.756200 0.605727 0.755456 0.595815 0.755456
0 0.629956 0.757440 0.623899 0.759673 0.627753 0.767361 0.627203 0.775546 0.638767 0.780506 0.647577 0.779514 0.661344 0.773562 0.664648 0.768601 0.664097 0.765873 0.661344 0.764385 0.651982 0.762649 0.646476 0.760913 0.639317 0.757688
0 0.622247 0.732887 0.612335 0.733631 0.604075 0.736111 0.600220 0.738343 0.590419 0.745536 0.593612 0.751984 0.596916 0.754464 0.602974 0.755456 0.614537 0.756200 0.622797 0.755704 0.632159 0.752976 0.635463 0.749504 0.637665 0.744296 0.636564 0.740079 0.634361 0.737847
0 0.577643 0.740575 0.569383 0.741319 0.561123 0.743304 0.554515 0.747768 0.554515 0.749504 0.557269 0.755456 0.564978 0.764137 0.567731 0.765129 0.579295 0.766369 0.584251 0.765625 0.586454 0.764137 0.590308 0.756448 0.590308 0.751984 0.586454 0.744048 0.582048 0.741567
0 0.534692 0.744544 0.526432 0.749504 0.518722 0.752728 0.514868 0.756448 0.514868 0.759921 0.517621 0.765625 0.521476 0.767857 0.534692 0.770833 0.544604 0.770585 0.550661 0.769841 0.556718 0.768105 0.561674 0.765625 0.563326 0.763145 0.556718 0.753224 0.552313 0.748512 0.543502 0.744544
0 0.490088 0.754960 0.485683 0.755704 0.480727 0.758433 0.475771 0.759921 0.479075 0.761409 0.486233 0.766865 0.487335 0.772817 0.490088 0.775546 0.496696 0.775546 0.500000 0.775050 0.504405 0.772569 0.509361 0.771329 0.514317 0.767609 0.515419 0.762649 0.514317 0.759673 0.510463 0.757440 0.502753 0.755704
0 0.519824 0.733383 0.507709 0.732391 0.500551 0.733383 0.494493 0.735863 0.492841 0.746528 0.486233 0.751736 0.486784 0.753224 0.489537 0.754712 0.497797 0.755704 0.509361 0.754712 0.520925 0.751736 0.528084 0.748264 0.531938 0.744296 0.531388 0.740575 0.528084 0.737103
0 0.476322 0.730655 0.465308 0.731647 0.457048 0.733631 0.452093 0.736359 0.450441 0.739087 0.450441 0.744296 0.455947 0.750000 0.463106 0.752976 0.473568 0.754712 0.482930 0.754216 0.485683 0.753224 0.491740 0.748760 0.493943 0.744544 0.493943 0.737847 0.492291 0.735615 0.485683 0.731647
0 0.448789 0.744792 0.439427 0.746280 0.432819 0.749256 0.426211 0.753472 0.422907 0.762153 0.422907 0.766369 0.425110 0.768849 0.430617 0.770833 0.439978 0.771081 0.441630 0.770585 0.452093 0.763889 0.461454 0.759673 0.463106 0.756200 0.462004 0.752480 0.456498 0.750248 0.453744 0.747024
0 0.419053 0.750248 0.412445 0.748760 0.400881 0.750248 0.384912 0.750000 0.378304 0.751488 0.375551 0.755456 0.376101 0.760913 0.378304 0.763889 0.387115 0.768601 0.392070 0.769097 0.404736 0.769097 0.415198 0.767857 0.419604 0.766617 0.422357 0.764137 0.425110 0.755456 0.423458 0.752232
0 0.374449 0.731399 0.369493 0.733383 0.367841 0.735119 0.367841 0.740327 0.371696 0.744048 0.378304 0.747272 0.386013 0.749504 0.394824 0.750496 0.405837 0.750000 0.413546 0.748512 0.420154 0.744296 0.422907 0.740327 0.421806 0.735863 0.415749 0.732143 0.404736 0.728919 0.396476 0.727927 0.387665 0.728919
0 0.465308 0.712798 0.455947 0.713046 0.447687 0.716766 0.433921 0.718750 0.427863 0.721230 0.424009 0.724206 0.425110 0.729415 0.431167 0.733135 0.438326 0.734871 0.452093 0.734871 0.467511 0.730903 0.476322 0.726438 0.478524 0.724702 0.478524 0.719990 0.476872 0.718502 0.469714 0.715526
0 0.526432 0.709077 0.517070 0.709077 0.506057 0.713542 0.490639 0.716766 0.490088 0.721230 0.493392 0.724702 0.500551 0.730159 0.505507 0.731647 0.518172 0.732887 0.526982 0.731151 0.534692 0.728671 0.539648 0.724454 0.541300 0.719990 0.539097 0.715526 0.535242 0.712550
0 0.537996 0.725942 0.533040 0.731895 0.533040 0.736855 0.537996 0.741071 0.541850 0.742560 0.549009 0.743552 0.562225 0.743304 0.578194 0.740079 0.582048 0.738343 0.583700 0.736855 0.584251 0.732391 0.578194 0.727431 0.575441 0.726190 0.571035 0.725446 0.560022 0.725198 0.544604 0.722966
0 0.570485 0.701637 0.560022 0.702381 0.553965 0.703621 0.549559 0.705605 0.545705 0.708581 0.544053 0.713790 0.544053 0.717758 0.545705 0.721230 0.549559 0.723462 0.561123 0.725446 0.570485 0.725446 0.578744 0.723710 0.585352 0.720734 0.586454 0.710317 0.585352 0.708085 0.580396 0.704613
0 0.594163 0.713046 0.587555 0.715278 0.585903 0.720486 0.583150 0.722470 0.577643 0.724702 0.579846 0.728671 0.588106 0.733383 0.595264 0.734871 0.604626 0.735367 0.614537 0.733383 0.617841 0.732143 0.622247 0.726687 0.624449 0.720238 0.620595 0.717262 0.616189 0.715526 0.605176 0.713542
0 0.637665 0.718502 0.627753 0.721230 0.623899 0.723462 0.622247 0.726935 0.623348 0.732639 0.631608 0.736607 0.640419 0.738839 0.646476 0.739583 0.657489 0.739583 0.664648 0.738343 0.667401 0.737103 0.672907 0.732639 0.672907 0.728423 0.670705 0.726438 0.664097 0.722470 0.655286 0.718998 0.648128 0.718006
0 0.723568 0.698413 0.721366 0.698909 0.720815 0.701141 0.717511 0.702381 0.709802 0.708829 0.711454 0.717262 0.714207 0.720486 0.720264 0.723958 0.725771 0.725198 0.736784 0.724950 0.743392 0.723462 0.748899 0.720982 0.754405 0.717014 0.755507 0.714286 0.754956 0.711062 0.751101 0.706845 0.743392 0.703125 0.731278 0.700893 0.726322 0.698413
0 0.708150 0.708581 0.689978 0.706349 0.682819 0.706845 0.674009 0.709821 0.663546 0.711062 0.659141 0.715774 0.659692 0.720982 0.667401 0.724454 0.674009 0.729167 0.682819 0.729911 0.697137 0.727431 0.700991 0.725694 0.707599 0.720982 0.709802 0.717510 0.709802 0.713046
0 0.278634 0.750992 0.278634 0.756448 0.280837 0.759425 0.286894 0.762153 0.291300 0.763145 0.299559 0.763889 0.318833 0.762401 0.325441 0.760913 0.330396 0.758929 0.338106 0.757688 0.340859 0.755952 0.338656 0.752728 0.326542 0.747024 0.312225 0.743552 0.300661 0.741815 0.291300 0.742560 0.287445 0.743552 0.281388 0.747520
0 0.345815 0.731399 0.341960 0.728423 0.335903 0.727183 0.324890 0.727679 0.314978 0.729167 0.302863 0.734623 0.298458 0.737599 0.296256 0.740575 0.301762 0.742063 0.311674 0.743304 0.324890 0.746032 0.334251 0.745536 0.343612 0.742808 0.346916 0.740327 0.348018 0.735615
0 0.388767 0.707093 0.385463 0.707093 0.373899 0.709573 0.360683 0.715278 0.355176 0.716766 0.351872 0.719246 0.351322 0.721230 0.354075 0.724702 0.360683 0.727679 0.370044 0.730159 0.378855 0.730407 0.386013 0.729415 0.389868 0.728423 0.392621 0.726687 0.395374 0.721230 0.394824 0.713046 0.393172 0.708829
0 0.245595 0.724950 0.243943 0.726935 0.243943 0.729415 0.246145 0.731647 0.253855 0.735615 0.262665 0.738591 0.274780 0.740079 0.283590 0.740079 0.292952 0.738591 0.298458 0.735615 0.299559 0.730655 0.297907 0.724702 0.296256 0.722966 0.291850 0.721478 0.283040 0.720486 0.263767 0.720982 0.252203 0.722718
0 0.270925 0.744792 0.263767 0.741815 0.256608 0.740079 0.247247 0.739831 0.235132 0.741815 0.231828 0.743800 0.231828 0.748016 0.229626 0.751736 0.221366 0.756696 0.220264 0.758185 0.221366 0.761657 0.239537 0.763889 0.247797 0.763393 0.264317 0.759921 0.271476 0.756200 0.275881 0.751984 0.274780 0.748264
0 0.212004 0.734127 0.200991 0.737103 0.197137 0.739583 0.194934 0.743552 0.194934 0.749752 0.197687 0.753472 0.202643 0.756200 0.208700 0.756944 0.216960 0.756944 0.222467 0.756200 0.227974 0.753720 0.230727 0.751240 0.231828 0.747024 0.230727 0.744296 0.224670 0.740079 0.213656 0.734127
0 0.185573 0.737847 0.179515 0.738839 0.175661 0.741319 0.172357 0.748760 0.166300 0.756448 0.171256 0.759921 0.187775 0.761657 0.195485 0.759921 0.199890 0.757937 0.201542 0.755208 0.196035 0.751736 0.194934 0.739831 0.190529 0.738095
0 0.221916 0.702629 0.215859 0.708085 0.214207 0.712302 0.215308 0.715030 0.218612 0.718254 0.225220 0.721478 0.230727 0.722966 0.240639 0.723462 0.248899 0.721974 0.257159 0.718998 0.265419 0.713046 0.267070 0.708581 0.264317 0.706101 0.261013 0.704861 0.247797 0.702629
0 0.326542 0.702629 0.323238 0.701637 0.316079 0.701389 0.300110 0.703373 0.289097 0.703125 0.268722 0.711558 0.267621 0.713294 0.273678 0.716270 0.281388 0.717758 0.286894 0.719990 0.300110 0.722718 0.311123 0.722718 0.318833 0.721726 0.326542 0.718750 0.330947 0.713294 0.330396 0.709821
0 0.658590 0.686756 0.654736 0.688244 0.650330 0.697173 0.653084 0.704861 0.655286 0.707093 0.663546 0.710317 0.673458 0.710317 0.677313 0.709573 0.687775 0.705109 0.688326 0.700149 0.687225 0.696677 0.682819 0.691220 0.674009 0.687004 0.666850 0.686260
0 0.645925 0.696181 0.640969 0.693700 0.631608 0.691716 0.626101 0.691964 0.621145 0.692956 0.601872 0.699405 0.600771 0.701389 0.591960 0.708829 0.593612 0.710813 0.599670 0.713046 0.605727 0.713542 0.621145 0.716270 0.636013 0.716022 0.642621 0.715030 0.649229 0.712550 0.653084 0.709325 0.653084 0.704861 0.651432 0.700893
0 0.500551 0.696925 0.491189 0.696429 0.477423 0.698909 0.470264 0.702877 0.466410 0.709573 0.467511 0.713046 0.473568 0.716518 0.480176 0.717758 0.488987 0.717262 0.507709 0.713294 0.518172 0.709077 0.518172 0.703621 0.506057 0.698413
0 0.523128 0.684772 0.517070 0.686012 0.508260 0.689236 0.504956 0.692956 0.504956 0.694444 0.508811 0.699653 0.517070 0.702381 0.525881 0.702381 0.533040 0.703373 0.535793 0.703373 0.545154 0.701637 0.548458 0.700397 0.551211 0.697917 0.550661 0.692460 0.547907 0.689484 0.542401 0.686508 0.535242 0.684524
0 0.614537 0.675843 0.602423 0.675347 0.595815 0.676091 0.589207 0.677579 0.583700 0.680308 0.578194 0.685268 0.576542 0.689732 0.580396 0.693452 0.587004 0.697173 0.594714 0.698413 0.604075 0.698165 0.613436 0.695933 0.624449 0.691468 0.628855 0.685764 0.627753 0.681548 0.621696 0.677827
0 0.638767 0.666419 0.628304 0.670387 0.624449 0.673363 0.623899 0.678075 0.626101 0.680060 0.636564 0.684772 0.645374 0.686756 0.656938 0.687004 0.664648 0.685764 0.667401 0.684276 0.669604 0.680556 0.669604 0.673611 0.665198 0.669147 0.656938 0.666419 0.648128 0.665675
0 0.563877 0.665179 0.558921 0.665179 0.545705 0.667659 0.543502 0.668651 0.540198 0.672619 0.533590 0.677331 0.533590 0.681796 0.536344 0.684524 0.545154 0.687996 0.551762 0.689236 0.562225 0.688988 0.571090 0.687500 0.577093 0.686012 0.582048 0.681796 0.583700 0.677331 0.580947 0.671627 0.573789 0.667411
0 0.517070 0.683780 0.514317 0.682292 0.501652 0.678075 0.493392 0.676835 0.480727 0.676587 0.467511 0.677579 0.462004 0.679067 0.457599 0.681300 0.456498 0.685764 0.460903 0.691220 0.466410 0.695685 0.472467 0.697173 0.483480 0.697173 0.494493 0.695685 0.499449 0.694444 0.505507 0.691716 0.508260 0.688988 0.512665 0.687004 0.518722 0.685516
0 0.464207 0.696429 0.457048 0.695685 0.441630 0.695933 0.430617 0.697917 0.423458 0.701141 0.422357 0.703125 0.422907 0.709325 0.430617 0.716022 0.434471 0.718006 0.440529 0.718502 0.444383 0.717758 0.461454 0.710813 0.467511 0.702133 0.466410 0.697173
0 0.445485 0.671875 0.437775 0.671379 0.421256 0.672371 0.416850 0.673859 0.415198 0.675347 0.411894 0.681052 0.412445 0.686260 0.417952 0.689484 0.429515 0.692212 0.439427 0.692460 0.448238 0.689236 0.451542 0.686508 0.454295 0.682540 0.453744 0.677579 0.451542 0.675099
0 0.436674 0.693204 0.430066 0.692708 0.416850 0.689484 0.412996 0.687996 0.403634 0.688244 0.393722 0.690228 0.383260 0.691220 0.380507 0.692460 0.382159 0.698661 0.386013 0.703125 0.388216 0.704365 0.395925 0.706101 0.404185 0.705357 0.419604 0.702629 0.433921 0.696181 0.436674 0.694196
0 0.408040 0.667907 0.403084 0.667411 0.395374 0.668155 0.390419 0.669891 0.377203 0.672619 0.369493 0.676835 0.366740 0.681052 0.367841 0.684524 0.371696 0.687996 0.377753 0.690724 0.387665 0.690972 0.400881 0.688988 0.407489 0.686508 0.410793 0.683036 0.414648 0.674851 0.413546 0.671627
0 0.352423 0.664931 0.343612 0.665675 0.340859 0.666419 0.333700 0.671131 0.328194 0.673611 0.324339 0.674355 0.321035 0.676587 0.321035 0.681796 0.330947 0.687748 0.342511 0.690228 0.352974 0.688740 0.363987 0.683780 0.370595 0.674355 0.368392 0.670883
0 0.322137 0.683284 0.317181 0.682044 0.309471 0.681300 0.290749 0.682292 0.281938 0.685020 0.273678 0.690476 0.270925 0.693452 0.280286 0.696925 0.287445 0.701637 0.291300 0.702877 0.302863 0.703373 0.312775 0.702133 0.319934 0.700397 0.323789 0.698661 0.328744 0.693700 0.329295 0.688740 0.326542 0.685268
0 0.351322 0.691468 0.340859 0.692460 0.332599 0.694692 0.328194 0.700893 0.327643 0.705109 0.332048 0.710813 0.338106 0.713542 0.348018 0.715774 0.353524 0.716270 0.362335 0.714782 0.375000 0.709077 0.376101 0.704861 0.373348 0.699653 0.366740 0.695188 0.361784 0.693204
0 0.204846 0.700645 0.185573 0.698165 0.175661 0.698661 0.165198 0.701141 0.158590 0.704365 0.155837 0.708581 0.156938 0.712798 0.164097 0.718006 0.169053 0.719494 0.178965 0.720486 0.196586 0.716766 0.200991 0.714038 0.208150 0.705357 0.207048 0.702381
0 0.237885 0.666419 0.229075 0.667659 0.218062 0.671627 0.209251 0.677827 0.207599 0.681796 0.210903 0.685516 0.220264 0.688988 0.230727 0.689980 0.238987 0.691468 0.248348 0.691220 0.257159 0.687996 0.259912 0.685764 0.261013 0.682540 0.260463 0.678571 0.252203 0.670635 0.241740 0.666915
0 0.160793 0.733631 0.145374 0.733135 0.139317 0.733879 0.131057 0.737103 0.123348 0.744172 0.121696 0.749504 0.116630 0.752307 0.135463 0.758929 0.143172 0.760417 0.152533 0.759921 0.166300 0.755456 0.169053 0.753720 0.172357 0.749504 0.174009 0.745536 0.174009 0.739583 0.167401 0.735367
0 0.064978 0.751488 0.056167 0.754960 0.051211 0.757937 0.045154 0.759673 0.044604 0.764633 0.046806 0.767361 0.052313 0.768849 0.057269 0.771329 0.060573 0.772073 0.067181 0.772321 0.074339 0.771825 0.086454 0.767857 0.088106 0.765625 0.091410 0.763889 0.091410 0.759673 0.087004 0.758929 0.078194 0.755704 0.069383 0.754216
0 0.060573 0.741319 0.049559 0.739831 0.039648 0.739335 0.030837 0.741319 0.021476 0.747024 0.018722 0.751488 0.020374 0.754960 0.023128 0.756944 0.029185 0.759177 0.036894 0.760169 0.040749 0.760169 0.046806 0.758929 0.062225 0.750248 0.063326 0.748760 0.063326 0.743552
0 0.088656 0.732639 0.083150 0.733383 0.077093 0.736607 0.065529 0.740327 0.064427 0.742312 0.064427 0.748016 0.067731 0.751736 0.070485 0.752976 0.078194 0.754960 0.090859 0.759425 0.097467 0.758681 0.100220 0.757440 0.109581 0.750248 0.110683 0.748264 0.110132 0.740079 0.102974 0.734623 0.098018 0.733135
0 0.126652 0.735863 0.114537 0.737351 0.110683 0.740079 0.110683 0.749008 0.112885 0.751240 0.115584 0.753249 0.119053 0.751091 0.122797 0.747520 0.123899 0.744296 0.130837 0.737500 0.129405 0.736359
0 0.147577 0.712302 0.138216 0.712054 0.128855 0.712798 0.124449 0.714534 0.120044 0.718254 0.118392 0.723710 0.119493 0.728175 0.125551 0.731895 0.133811 0.734623 0.142621 0.733383 0.156938 0.732639 0.160793 0.731399 0.162996 0.726935 0.165198 0.724702 0.164097 0.720238 0.158040 0.714782 0.154736 0.713542
0 0.109031 0.712054 0.100771 0.712798 0.087004 0.715030 0.082048 0.716518 0.080947 0.718254 0.080396 0.724702 0.087004 0.729911 0.099670 0.733631 0.104075 0.732887 0.116189 0.728671 0.118392 0.726438 0.120044 0.716518 0.115088 0.713790
0 0.021476 0.730903 0.021476 0.736607 0.036344 0.738591 0.057819 0.740079 0.066079 0.739335 0.077093 0.736359 0.077643 0.732391 0.071586 0.730655 0.067731 0.728423 0.047907 0.725446 0.040749 0.724950 0.030837 0.725446 0.025881 0.727431
0 0.056167 0.708085 0.050661 0.709573 0.043502 0.713542 0.034692 0.716518 0.034141 0.721974 0.035242 0.723214 0.038546 0.724206 0.066079 0.727183 0.078194 0.722470 0.079846 0.716766 0.075991 0.715278 0.065529 0.713294 0.062225 0.710565
0 0.047907 0.690972 0.033040 0.690228 0.021476 0.690972 0.011013 0.694940 0.007159 0.697917 0.004405 0.705357 0.005507 0.709077 0.012665 0.713294 0.020925 0.715278 0.031938 0.715774 0.045705 0.712302 0.051762 0.709573 0.055617 0.705357 0.056167 0.700893 0.053414 0.693204
0 0.107379 0.700893 0.100771 0.697669 0.092511 0.696429 0.081498 0.696677 0.068833 0.697917 0.063877 0.699157 0.060573 0.701141 0.058370 0.704861 0.059471 0.708581 0.065529 0.713046 0.081498 0.715526 0.102974 0.712550 0.107930 0.710813 0.110132 0.708829 0.110132 0.704861
0 0.144273 0.690972 0.137665 0.690228 0.125000 0.690724 0.118392 0.692212 0.114537 0.694444 0.109581 0.702133 0.111233 0.708829 0.115088 0.711062 0.126652 0.712798 0.145374 0.711310 0.150881 0.709325 0.156388 0.704613 0.156938 0.700645 0.153084 0.694444
0 0.081498 0.677331 0.073238 0.676835 0.061123 0.680556 0.056167 0.684028 0.050661 0.689732 0.057269 0.696677 0.063326 0.697917 0.074890 0.697173 0.080947 0.695933 0.084251 0.693948 0.087004 0.690228 0.084802 0.679315
0 0.010463 0.673859 0.008260 0.675347 0.007159 0.677827 0.011013 0.679812 0.013216 0.684524 0.021476 0.688244 0.027533 0.689732 0.040749 0.689980 0.044604 0.689484 0.053414 0.685764 0.057819 0.680060 0.057819 0.677083 0.052313 0.673611 0.039097 0.670635 0.029736 0.670635 0.021476 0.671627 0.013767 0.673611
0 0.096366 0.667163 0.094714 0.662946 0.090308 0.658482 0.085352 0.656746 0.075991 0.656002 0.067731 0.656746 0.055066 0.659722 0.033040 0.661954 0.030837 0.663194 0.030286 0.664931 0.030837 0.667163 0.034141 0.669395 0.044604 0.671379 0.056718 0.675347 0.063326 0.676339 0.082599 0.676339 0.088656 0.675099 0.091960 0.673859 0.095815 0.670635
0 0.143722 0.653026 0.134361 0.653522 0.123899 0.656498 0.112885 0.658482 0.109581 0.659722 0.107379 0.661706 0.106828 0.666171 0.109581 0.669643 0.113436 0.671379 0.121145 0.672867 0.127753 0.673363 0.134912 0.672371 0.142621 0.669643 0.145925 0.665675 0.147026 0.659970 0.147026 0.654018
0 0.198789 0.652530 0.192181 0.649802 0.187225 0.648562 0.170154 0.651538 0.160242 0.651538 0.154736 0.652530 0.150330 0.654514 0.148128 0.657242 0.147577 0.662450 0.149780 0.665427 0.155286 0.667907 0.168502 0.669395 0.177863 0.671379 0.187225 0.670635 0.194934 0.669147 0.201542 0.666171 0.200441 0.654514
0 0.213106 0.645585 0.201542 0.653274 0.200441 0.657986 0.200991 0.662202 0.203194 0.664683 0.209251 0.667907 0.213106 0.668899 0.223018 0.669147 0.238987 0.666171 0.243943 0.664187 0.246696 0.661954 0.248348 0.658730 0.247797 0.654514 0.245044 0.651042 0.238987 0.648065 0.222467 0.645337
0 0.077643 0.639633 0.064978 0.636905 0.046256 0.640625 0.037445 0.643601 0.033040 0.646577 0.031388 0.651042 0.033040 0.654514 0.042401 0.659474 0.047357 0.660218 0.056718 0.659474 0.066079 0.657242 0.071035 0.655258 0.082048 0.646577 0.082599 0.642361
0 0.107379 0.634425 0.099670 0.634921 0.094714 0.638145 0.086454 0.641121 0.083700 0.644345 0.083150 0.647569 0.087004 0.654018 0.091410 0.656746 0.110132 0.658482 0.120595 0.657490 0.129956 0.655010 0.132159 0.653770 0.132709 0.649554 0.129956 0.644097 0.123348 0.637897 0.118943 0.636409
0 0.283590 0.654514 0.270925 0.654762 0.263767 0.655754 0.259912 0.657242 0.253855 0.661954 0.252203 0.665675 0.252753 0.670139 0.259361 0.676091 0.263767 0.678075 0.269824 0.679067 0.275330 0.679315 0.285793 0.678075 0.295154 0.673859 0.300661 0.669395 0.301762 0.661954 0.299559 0.659474 0.292952 0.656250
0 0.236233 0.642361 0.234581 0.646577 0.247797 0.652778 0.264868 0.655258 0.273678 0.654762 0.282489 0.653274 0.285793 0.650794 0.285793 0.646329 0.278084 0.638393 0.274780 0.637401 0.259912 0.637153 0.251101 0.637897 0.242841 0.639633
0 0.325991 0.647321 0.317181 0.648065 0.307269 0.652282 0.302863 0.659226 0.302863 0.669643 0.307269 0.672371 0.317181 0.674851 0.325441 0.674107 0.331498 0.672371 0.335352 0.670139 0.337555 0.666171 0.336454 0.657738 0.331498 0.651290
0 0.350826 0.649256 0.347522 0.649926 0.342181 0.655159 0.341905 0.660392 0.353800 0.665625 0.362775 0.668899 0.368447 0.670784 0.376872 0.671503 0.387665 0.670387 0.396476 0.666667 0.398128 0.661954 0.396641 0.656126 0.380727 0.650843 0.371861 0.647917 0.355782 0.647445
0 0.439427 0.648562 0.428965 0.648313 0.416850 0.650794 0.410242 0.654266 0.408590 0.656994 0.410242 0.665179 0.414097 0.670635 0.417952 0.671875 0.431718 0.672123 0.441630 0.670883 0.450441 0.666915 0.454295 0.664187 0.456498 0.659474 0.455396 0.656250 0.447137 0.651042
0 0.480176 0.651786 0.471366 0.653026 0.462004 0.656002 0.459802 0.658482 0.458700 0.662946 0.460903 0.666419 0.465859 0.669147 0.473018 0.670635 0.484581 0.671131 0.493943 0.669891 0.500000 0.668155 0.501652 0.664782 0.502919 0.660466 0.500551 0.655878 0.494493 0.653274 0.484581 0.651786
0 0.516520 0.653522 0.512665 0.654266 0.509361 0.655754 0.504956 0.659970 0.500551 0.665923 0.500000 0.670635 0.503855 0.675099 0.507159 0.676835 0.518172 0.678075 0.530837 0.676587 0.534141 0.675843 0.539648 0.673363 0.542401 0.669891 0.542952 0.665923 0.539648 0.662946 0.522577 0.655258
0 0.545705 0.640129 0.542952 0.640625 0.534692 0.644345 0.526432 0.650050 0.525330 0.654514 0.530286 0.658978 0.536344 0.662202 0.542952 0.664435 0.549009 0.665179 0.561674 0.664683 0.567731 0.663194 0.573789 0.659474 0.577093 0.655010 0.576542 0.648810 0.574339 0.646329 0.569934 0.643601 0.561674 0.640625 0.555066 0.639881
0 0.585352 0.652034 0.577643 0.655754 0.572687 0.661706 0.573789 0.663938 0.578744 0.667411 0.583700 0.669147 0.601322 0.672371 0.612335 0.673115 0.622797 0.672619 0.627753 0.669891 0.627753 0.666915 0.626101 0.662202 0.620044 0.657490 0.605176 0.650794 0.594163 0.650298
0 0.617291 0.640873 0.608480 0.644097 0.605727 0.646329 0.606828 0.650546 0.621696 0.658730 0.623899 0.661210 0.627753 0.663194 0.635463 0.664187 0.641520 0.664187 0.647577 0.663194 0.650881 0.658482 0.651982 0.652034 0.651432 0.649554 0.646476 0.644345 0.642070 0.642361 0.630507 0.640129 0.621145 0.640129
0 0.598018 0.621032 0.594163 0.621032 0.588106 0.622024 0.579295 0.624504 0.564978 0.631696 0.562775 0.634425 0.562775 0.639137 0.564978 0.641121 0.577093 0.647073 0.586454 0.649306 0.596916 0.649058 0.601322 0.648065 0.615088 0.640873 0.620595 0.635417 0.620044 0.630704 0.616740 0.624752 0.611784 0.623016
0 0.528634 0.629216 0.517070 0.627728 0.509361 0.629464 0.495595 0.634921 0.486784 0.641865 0.487335 0.646329 0.495595 0.651290 0.504956 0.652530 0.517621 0.652034 0.526432 0.649306 0.531938 0.646081 0.540749 0.642361 0.543502 0.639137 0.541850 0.636161 0.536894 0.632440
0 0.455947 0.632688 0.450441 0.633681 0.442181 0.638889 0.441079 0.642857 0.444383 0.649554 0.449890 0.652530 0.455947 0.654018 0.465859 0.654266 0.473018 0.652282 0.479075 0.649306 0.484031 0.645089 0.485132 0.641121 0.481828 0.637401 0.476322 0.634921 0.465859 0.632688
0 0.390419 0.647569 0.393722 0.651042 0.396476 0.652282 0.401982 0.653274 0.410793 0.653026 0.417401 0.650794 0.427313 0.648810 0.432269 0.646825 0.437225 0.642609 0.436674 0.641121 0.432819 0.639633 0.421256 0.640129 0.408590 0.637649 0.404736 0.636161 0.395374 0.635913 0.389317 0.641865
0 0.436674 0.617312 0.428965 0.616815 0.422907 0.617808 0.415198 0.620288 0.405286 0.624752 0.402533 0.626736 0.399780 0.630704 0.400881 0.634673 0.407489 0.637401 0.419604 0.640129 0.432819 0.639633 0.443833 0.636409 0.450441 0.632937 0.451542 0.631448 0.451542 0.626240 0.443833 0.619544 0.440529 0.618056
0 0.466410 0.613343 0.459251 0.616319 0.457048 0.620784 0.457048 0.623264 0.463656 0.629712 0.471366 0.632937 0.482379 0.634673 0.493392 0.634673 0.500000 0.633433 0.512115 0.626984 0.512665 0.623016 0.508260 0.617808 0.504405 0.616319 0.485132 0.612599 0.472467 0.612103
0 0.543502 0.611111 0.536344 0.613343 0.521476 0.622520 0.522026 0.626984 0.534141 0.630208 0.541850 0.631448 0.561674 0.631448 0.569383 0.629712 0.573789 0.626984 0.574890 0.622768 0.569934 0.616319 0.563326 0.612599 0.552863 0.610615
0 0.390969 0.625496 0.385463 0.624752 0.376101 0.625992 0.360132 0.628968 0.353524 0.630952 0.344714 0.634673 0.341960 0.637153 0.341410 0.639385 0.344714 0.642609 0.355176 0.646577 0.369493 0.647569 0.375000 0.646825 0.385463 0.643601 0.392070 0.638641 0.392070 0.629960 0.393722 0.626736
0 0.309471 0.627728 0.299009 0.627976 0.285242 0.629464 0.282489 0.630952 0.280286 0.634921 0.279185 0.639633 0.280837 0.642609 0.286894 0.647817 0.299009 0.650546 0.309471 0.650298 0.314427 0.649306 0.326542 0.645089 0.330947 0.641121 0.330947 0.635913 0.327093 0.632440 0.317731 0.629216
0 0.212555 0.617312 0.208700 0.619048 0.205396 0.622768 0.205396 0.627728 0.207599 0.630704 0.213106 0.635169 0.220815 0.637897 0.229075 0.638641 0.240088 0.638393 0.248899 0.636657 0.254405 0.633681 0.257709 0.629464 0.261564 0.626984 0.260463 0.623264 0.247797 0.617560 0.239537 0.615823 0.224670 0.615575 0.218612 0.616071
0 0.178965 0.629960 0.168502 0.629712 0.160242 0.631448 0.154185 0.634921 0.151982 0.639137 0.151982 0.646577 0.154185 0.649306 0.158590 0.651290 0.171256 0.651538 0.186674 0.648810 0.192181 0.645337 0.194383 0.642609 0.193282 0.637897 0.187225 0.632688
0 0.134361 0.612847 0.125000 0.612599 0.117291 0.613839 0.107930 0.617808 0.102974 0.621528 0.102423 0.623760 0.105727 0.632192 0.110683 0.634921 0.115639 0.635913 0.126652 0.636657 0.137115 0.633929 0.148128 0.629216 0.154736 0.623264 0.154736 0.619048 0.153084 0.617063 0.148128 0.615327
0 0.073238 0.620536 0.064427 0.622272 0.061123 0.623512 0.058370 0.626736 0.061123 0.631448 0.068282 0.636905 0.072687 0.638393 0.083700 0.640625 0.091410 0.639385 0.098568 0.635417 0.103524 0.633681 0.105176 0.631200 0.104075 0.627232 0.100771 0.623760 0.093612 0.621280 0.083700 0.620536
0 0.121145 0.611111 0.116189 0.608383 0.105176 0.605903 0.095264 0.605655 0.077643 0.606399 0.072137 0.607391 0.068282 0.609871 0.067181 0.611359 0.067181 0.616071 0.070485 0.618800 0.074339 0.620040 0.089758 0.620784 0.100220 0.620536 0.114537 0.615575
0 0.207048 0.611607 0.202643 0.610119 0.194383 0.609375 0.185573 0.609871 0.169053 0.612351 0.158040 0.615575 0.156388 0.618800 0.156938 0.620040 0.162996 0.624504 0.166850 0.626240 0.172907 0.627728 0.181718 0.628720 0.189427 0.628720 0.199339 0.627728 0.203744 0.626488 0.209251 0.619296 0.209802 0.614831
0 0.143172 0.590774 0.135463 0.592758 0.129405 0.599206 0.131057 0.610367 0.133811 0.612103 0.138767 0.613343 0.153084 0.615575 0.168502 0.611607 0.171806 0.609127 0.174009 0.602927 0.169604 0.592758 0.167401 0.592014
0 0.019273 0.599950 0.017070 0.602679 0.019273 0.607391 0.021476 0.609871 0.030837 0.614087 0.046806 0.618056 0.056718 0.617560 0.063326 0.615327 0.071586 0.607143 0.062775 0.601438 0.047907 0.598710 0.028634 0.598214
0 0.062225 0.599950 0.064978 0.602679 0.073238 0.606399 0.108480 0.605407 0.112335 0.603919 0.111784 0.601438 0.107930 0.598958 0.101872 0.596974 0.089758 0.594742 0.070485 0.594246 0.064427 0.595982
0 0.246696 0.593006 0.239537 0.591022 0.229626 0.591022 0.221366 0.593006 0.216960 0.594990 0.211454 0.599454 0.211454 0.603423 0.205947 0.607143 0.206498 0.609375 0.209251 0.611359 0.232379 0.612847 0.239537 0.612351 0.247247 0.610615 0.251652 0.608631 0.256608 0.603671 0.256057 0.601190 0.252203 0.595982
0 0.273128 0.607143 0.266520 0.609871 0.264317 0.611607 0.263767 0.615575 0.269824 0.623016 0.282489 0.627976 0.284692 0.628224 0.299559 0.627728 0.308921 0.625248 0.312775 0.622768 0.315529 0.619544 0.314978 0.615575 0.312225 0.612103 0.300661 0.608135 0.291850 0.606647 0.279736 0.606151
0 0.334802 0.608879 0.330396 0.615079 0.330947 0.620040 0.334251 0.624752 0.340308 0.627480 0.352423 0.629712 0.361233 0.628720 0.366740 0.627480 0.377753 0.623264 0.378855 0.619048 0.372247 0.614335 0.362885 0.610119 0.356828 0.608631 0.346366 0.607639 0.340859 0.607639
0 0.422357 0.601190 0.412445 0.601687 0.381057 0.609375 0.378855 0.611111 0.376652 0.615327 0.379956 0.619048 0.385463 0.622024 0.394824 0.624008 0.404736 0.624008 0.421806 0.617560 0.423458 0.615823 0.422357 0.607391 0.424009 0.604167
0 0.447687 0.592510 0.439978 0.593998 0.435022 0.595982 0.431718 0.599206 0.431718 0.604167 0.434471 0.607639 0.438877 0.610367 0.448789 0.614583 0.457048 0.616319 0.465308 0.614087 0.475220 0.609127 0.480727 0.604167 0.480176 0.598958 0.477974 0.596478 0.470815 0.593750 0.464207 0.593006
0 0.526432 0.590526 0.516520 0.590774 0.506057 0.593254 0.498348 0.597470 0.492841 0.603671 0.491189 0.608135 0.493392 0.612847 0.498899 0.615327 0.503304 0.615823 0.508811 0.617560 0.526982 0.618304 0.534141 0.615575 0.539097 0.611607 0.540198 0.604415 0.539097 0.597470 0.537996 0.596230 0.530837 0.593254
0 0.576542 0.591766 0.569934 0.592262 0.562775 0.594742 0.557269 0.595734 0.554515 0.599702 0.556167 0.603175 0.563877 0.608383 0.572137 0.610119 0.579846 0.610615 0.592511 0.608383 0.598018 0.606151 0.601872 0.603423 0.604075 0.598958 0.602423 0.596478 0.592511 0.593006 0.587004 0.592014
0 0.326542 0.588294 0.317731 0.589038 0.299559 0.593750 0.294053 0.599454 0.296806 0.606647 0.308921 0.611111 0.318282 0.613095 0.327093 0.613095 0.330396 0.612351 0.334802 0.609127 0.341960 0.606151 0.344163 0.603671 0.344714 0.599206 0.341410 0.595486 0.335352 0.591766 0.332048 0.591022
0 0.067181 0.575893 0.064427 0.575645 0.048458 0.578869 0.038546 0.578125 0.034141 0.580605 0.031388 0.583333 0.031388 0.587798 0.034141 0.590774 0.043502 0.594246 0.055066 0.595982 0.058921 0.595982 0.073789 0.593006 0.077643 0.590526 0.079846 0.587798 0.079846 0.583581 0.078194 0.581597 0.073789 0.579613 0.072137 0.577629
0 0.099670 0.577381 0.085903 0.583333 0.083700 0.585813 0.083150 0.588294 0.088106 0.593750 0.091960 0.594990 0.102974 0.596974 0.109031 0.598958 0.117841 0.599206 0.126101 0.598214 0.131608 0.595982 0.135463 0.590278 0.135463 0.587302 0.131608 0.582589 0.123899 0.579117 0.117841 0.577629 0.112335 0.577133
0 0.611784 0.596726 0.607379 0.597470 0.605176 0.598462 0.600771 0.603919 0.593612 0.609127 0.593062 0.612103 0.595264 0.615575 0.598568 0.618552 0.602423 0.620536 0.610132 0.621528 0.621145 0.621280 0.637115 0.617312 0.640969 0.615823 0.643722 0.610863 0.632709 0.602431 0.626101 0.599454
0 0.529185 0.577877 0.524229 0.580605 0.522026 0.585069 0.524780 0.589534 0.534692 0.594742 0.541850 0.595734 0.552313 0.595982 0.561674 0.594990 0.571035 0.591766 0.574339 0.588542 0.575441 0.583829 0.566630 0.578621 0.560022 0.577133 0.545705 0.575893 0.534141 0.576637
0 0.512665 0.580853 0.501652 0.578869 0.491740 0.578125 0.481278 0.578373 0.477974 0.579117 0.470815 0.583581 0.469714 0.586310 0.470815 0.589782 0.476872 0.594742 0.482379 0.596974 0.490639 0.596478 0.498348 0.594742 0.511564 0.590526 0.515419 0.588046 0.516520 0.585317 0.515969 0.582837
0 0.399780 0.586806 0.389868 0.585565 0.382709 0.585813 0.379405 0.587054 0.375000 0.590030 0.363987 0.592510 0.361784 0.593502 0.360132 0.595734 0.360132 0.600446 0.368392 0.607887 0.376652 0.608631 0.387665 0.607887 0.397577 0.605903 0.408590 0.601687 0.412445 0.596478 0.411344 0.592510 0.409141 0.590526
0 0.186674 0.581597 0.174009 0.588046 0.170705 0.591022 0.170705 0.595982 0.172357 0.600446 0.174559 0.603671 0.177863 0.605407 0.186123 0.606647 0.198238 0.606647 0.203194 0.604663 0.205396 0.599950 0.204846 0.595238 0.202093 0.591518
0 0.208700 0.718502 0.204846 0.717510 0.194383 0.717510 0.171256 0.722718 0.165749 0.725198 0.159581 0.731275 0.162996 0.732391 0.169604 0.735615 0.177863 0.737599 0.187225 0.737351 0.196035 0.737847 0.205396 0.735615 0.211454 0.732639 0.215308 0.728175 0.214758 0.722470 0.212555 0.720238
0 0.672907 0.685020 0.674559 0.687252 0.677863 0.688740 0.684471 0.689980 0.691079 0.690476 0.718062 0.689980 0.721366 0.689236 0.724119 0.686260 0.720264 0.680556 0.714758 0.676091 0.709251 0.673611 0.702093 0.672619 0.689978 0.673115 0.685573 0.675347 0.681718 0.680060 0.675661 0.682788
0 0.747247 0.687996 0.741740 0.689732 0.735297 0.695585 0.742181 0.702753 0.758811 0.711310 0.768172 0.713542 0.772026 0.713542 0.780837 0.712054 0.785242 0.710069 0.791300 0.705853 0.794053 0.701885 0.793502 0.697173 0.789648 0.693700 0.781938 0.689732 0.770374 0.687004 0.759361 0.686756
0 0.772026 0.665923 0.746145 0.664187 0.727974 0.665179 0.719163 0.669891 0.715308 0.675521 0.719659 0.680382 0.725771 0.685020 0.733480 0.687004 0.743392 0.687004 0.752753 0.683532 0.761013 0.678819 0.764868 0.673115 0.772026 0.670139
0 0.721916 0.649058 0.715859 0.648313 0.704295 0.649554 0.693833 0.652282 0.682269 0.657242 0.678965 0.661458 0.680066 0.666419 0.681718 0.667907 0.691079 0.671379 0.698789 0.672619 0.710903 0.672867 0.714207 0.672123 0.723018 0.667659 0.727423 0.662450 0.727423 0.654266 0.725771 0.650546
0 0.725771 0.626984 0.717511 0.628968 0.712004 0.631448 0.709251 0.634673 0.710903 0.640377 0.717511 0.646329 0.729626 0.651538 0.741189 0.652778 0.751652 0.652282 0.761013 0.648313 0.763216 0.646577 0.763767 0.642609 0.758811 0.634425 0.751101 0.629464 0.746145 0.627480 0.736784 0.626240
0 0.707599 0.634673 0.691079 0.634177 0.683370 0.632688 0.677313 0.632440 0.671256 0.632688 0.662996 0.634425 0.658040 0.636657 0.651432 0.641865 0.651432 0.644345 0.653634 0.647817 0.660242 0.652034 0.666850 0.654762 0.673458 0.656002 0.682819 0.656250 0.690529 0.653770 0.698238 0.650298 0.700991 0.647321 0.703194 0.642609 0.708700 0.638889
0 0.797357 0.612847 0.780286 0.608631 0.772026 0.608631 0.764317 0.609375 0.757709 0.610863 0.747247 0.615079 0.743943 0.618800 0.744493 0.624752 0.746696 0.626984 0.759912 0.634177 0.770925 0.634177 0.777533 0.633185 0.786894 0.630208 0.795705 0.626240 0.799559 0.623512 0.801211 0.620288 0.800661 0.615079
0 0.638216 0.616815 0.630507 0.618552 0.626101 0.620288 0.620595 0.626736 0.620595 0.630952 0.622247 0.635169 0.626101 0.638641 0.634912 0.641121 0.641520 0.641617 0.648678 0.640873 0.655837 0.638393 0.660242 0.634921 0.658590 0.626984 0.654736 0.623016 0.647026 0.620288 0.640419 0.616815
0 0.674559 0.602927 0.663546 0.603671 0.654185 0.606399 0.645374 0.610119 0.642621 0.614583 0.643722 0.619296 0.653634 0.623512 0.658590 0.627976 0.664097 0.629464 0.671256 0.628720 0.679515 0.626240 0.688326 0.622272 0.696586 0.616071 0.696586 0.614335 0.694383 0.611359 0.688877 0.607143 0.682819 0.604911
0 0.703744 0.595734 0.698789 0.598462 0.694383 0.603175 0.692731 0.606895 0.694383 0.611855 0.697687 0.615327 0.708700 0.619792 0.715308 0.620536 0.726322 0.620040 0.742291 0.616815 0.746145 0.614831 0.748899 0.611607 0.746696 0.605655 0.742291 0.601935 0.732379 0.597470 0.726322 0.595982 0.713106 0.594742 0.707599 0.594742
0 0.779185 0.574653 0.760463 0.574157 0.747247 0.576885 0.743392 0.579861 0.741740 0.584325 0.745044 0.592510 0.760463 0.601190 0.768172 0.600198 0.773678 0.597966 0.778084 0.596974 0.783040 0.594246 0.787445 0.589286 0.789648 0.584573 0.789097 0.579117 0.787445 0.576885
0 0.700441 0.572173 0.696035 0.576389 0.688877 0.580109 0.686674 0.584325 0.694934 0.589038 0.707599 0.591022 0.719714 0.591022 0.727423 0.590030 0.737885 0.586310 0.739537 0.584821 0.740088 0.579861 0.737335 0.576141 0.721366 0.574901 0.709251 0.571429 0.704846 0.571429
0 0.710352 0.558532 0.703194 0.564484 0.703744 0.569444 0.705396 0.570933 0.718612 0.574653 0.731828 0.575645 0.752753 0.575149 0.757159 0.574405 0.759912 0.573165 0.760463 0.571925 0.742841 0.560268 0.733480 0.556300 0.725771 0.554315 0.717511 0.555556
0 0.699890 0.565228 0.696035 0.564236 0.688877 0.563988 0.661344 0.566220 0.655286 0.568700 0.654736 0.573413 0.662445 0.578621 0.672907 0.581101 0.682819 0.582341 0.686674 0.581349 0.697687 0.575893 0.701542 0.568452
0 0.602423 0.561260 0.598018 0.566716 0.597467 0.570188 0.598568 0.573165 0.604075 0.576885 0.622797 0.580357 0.628855 0.580853 0.639868 0.580605 0.648678 0.581349 0.654736 0.579861 0.656388 0.575893 0.654185 0.574653 0.651982 0.567460 0.644824 0.562748 0.631057 0.557292 0.621145 0.556300 0.611784 0.558036
0 0.587555 0.578621 0.584802 0.580109 0.582599 0.584077 0.585903 0.589038 0.588656 0.591270 0.604075 0.596974 0.614537 0.595734 0.622797 0.591766 0.625551 0.589286 0.626101 0.585317 0.624449 0.580605 0.615639 0.578621 0.605727 0.577381 0.596916 0.577381
0 0.752203 0.539683 0.743943 0.540923 0.730727 0.544147 0.727423 0.547867 0.727423 0.553323 0.729075 0.555060 0.734031 0.556548 0.743392 0.560764 0.745044 0.562500 0.752753 0.565476 0.761013 0.565972 0.769273 0.563740 0.774229 0.560268 0.775330 0.558036 0.774229 0.549851 0.772026 0.545139 0.768172 0.541667 0.761564 0.539931
0 0.795705 0.536458 0.786894 0.538690 0.783590 0.540923 0.782489 0.545635 0.785242 0.550595 0.791300 0.556796 0.798458 0.561012 0.803965 0.563492 0.813326 0.562748 0.818282 0.559276 0.829295 0.553571 0.833150 0.548115 0.833150 0.543899 0.830947 0.541171 0.821586 0.537450 0.805066 0.536210
0 0.712555 0.536210 0.702093 0.534970 0.692181 0.535218 0.685573 0.536954 0.680066 0.540923 0.677863 0.544643 0.678965 0.547123 0.684471 0.552579 0.686674 0.557540 0.691079 0.559524 0.702093 0.559276 0.708700 0.558284 0.720815 0.553819 0.726322 0.549603 0.728524 0.545635 0.727423 0.542163 0.725771 0.540675 0.720264 0.538194
0 0.636013 0.546627 0.633811 0.548859 0.634912 0.556548 0.648128 0.563740 0.655837 0.565972 0.675110 0.564980 0.682819 0.562004 0.685573 0.558284 0.684471 0.553075 0.680617 0.549107 0.674559 0.546131 0.666850 0.543899 0.659692 0.543155 0.649229 0.543155 0.643722 0.544147
0 0.717511 0.519345 0.712555 0.521825 0.710352 0.524554 0.710352 0.529514 0.712555 0.534226 0.714758 0.536210 0.727423 0.541419 0.732379 0.542411 0.735683 0.542411 0.748899 0.539931 0.761013 0.533234 0.763216 0.529762 0.761013 0.525050 0.747797 0.520089 0.736784 0.518849
0 0.627753 0.523562 0.625551 0.525546 0.629956 0.534722 0.633811 0.537698 0.647026 0.542411 0.662996 0.543403 0.673458 0.542907 0.682269 0.538938 0.686674 0.535714 0.687775 0.532490 0.683370 0.527282 0.670705 0.524306 0.656938 0.518849 0.647577 0.518849
0 0.587555 0.517361 0.581498 0.522073 0.574890 0.525298 0.573238 0.529762 0.577643 0.533482 0.582599 0.535218 0.595264 0.537698 0.611784 0.537450 0.623348 0.538442 0.627753 0.537450 0.629405 0.533234 0.622797 0.524058 0.614537 0.520585 0.600771 0.517857 0.595815 0.516121
0 0.612885 0.537450 0.601872 0.537450 0.591960 0.538938 0.586454 0.541171 0.583700 0.544147 0.583700 0.549851 0.585352 0.553571 0.595264 0.559028 0.604075 0.560516 0.612885 0.557788 0.625000 0.555556 0.627203 0.554067 0.630507 0.549107 0.629956 0.544643 0.625000 0.539931
0 0.571035 0.533978 0.557819 0.535714 0.545705 0.539683 0.537445 0.544643 0.536344 0.549355 0.538546 0.553075 0.541850 0.554315 0.560022 0.558284 0.571035 0.557788 0.574890 0.556796 0.582599 0.552827 0.583700 0.548363 0.583150 0.540675 0.577643 0.535466
0 0.523128 0.557292 0.516520 0.562996 0.514868 0.568700 0.518722 0.572421 0.524229 0.574653 0.533040 0.575893 0.552863 0.575893 0.562225 0.574157 0.568833 0.572173 0.569934 0.567708 0.567181 0.563988 0.562225 0.560268 0.555617 0.557540 0.543502 0.554563 0.537445 0.554315 0.530837 0.554812
0 0.471366 0.560516 0.467511 0.562500 0.465859 0.564484 0.470264 0.566468 0.476872 0.572917 0.480176 0.574157 0.484581 0.574901 0.491189 0.577133 0.501101 0.576885 0.507709 0.575149 0.513216 0.572173 0.515419 0.563492 0.513767 0.560268 0.509361 0.558036 0.505507 0.557540 0.482930 0.557788
0 0.447687 0.562996 0.436123 0.565476 0.432819 0.566716 0.427313 0.571677 0.426762 0.577629 0.428414 0.580605 0.432269 0.583829 0.439427 0.587054 0.448789 0.589038 0.459251 0.588294 0.464758 0.587054 0.468062 0.585565 0.475771 0.578373 0.476322 0.573413 0.470264 0.566964 0.466960 0.565228 0.458700 0.563492
0 0.395925 0.565228 0.392070 0.566716 0.390419 0.568204 0.388767 0.572173 0.392070 0.577877 0.400330 0.581101 0.406388 0.582589 0.413546 0.586806 0.421806 0.588294 0.422907 0.585069 0.426762 0.580357 0.427313 0.572173 0.431167 0.568452 0.428965 0.564732 0.421256 0.562996 0.409692 0.564732
0 0.378855 0.568204 0.350771 0.575893 0.346916 0.577877 0.344714 0.580109 0.343612 0.584573 0.347467 0.587550 0.351872 0.589286 0.360683 0.591270 0.370044 0.591270 0.379405 0.586806 0.383260 0.580853 0.383260 0.577133 0.381608 0.571677
0 0.383811 0.559524 0.381608 0.558532 0.373348 0.556796 0.351872 0.554315 0.325991 0.556300 0.322137 0.557540 0.319934 0.560764 0.321586 0.565476 0.328744 0.571925 0.334802 0.574405 0.340859 0.575149 0.347467 0.575149 0.354075 0.574405 0.366189 0.571677 0.372247 0.569692 0.376101 0.567708 0.378304 0.564484 0.383811 0.561508
0 0.271476 0.583581 0.272577 0.587550 0.274780 0.589286 0.282489 0.591766 0.290198 0.592510 0.301211 0.592758 0.324339 0.588046 0.324890 0.583333 0.320485 0.579117 0.313326 0.575149 0.300661 0.571925 0.290198 0.571925 0.283590 0.573661 0.276982 0.577381
0 0.192181 0.568452 0.188877 0.570933 0.187775 0.579613 0.189978 0.583581 0.197137 0.588542 0.204846 0.592262 0.210352 0.593254 0.221366 0.592758 0.232379 0.589534 0.242291 0.584077 0.244493 0.580853 0.243943 0.578869 0.239537 0.574653 0.229626 0.570685 0.214207 0.567212 0.203744 0.566468
0 0.039097 0.553819 0.030837 0.555060 0.026432 0.556548 0.021476 0.559772 0.020374 0.563492 0.021476 0.568452 0.030286 0.574653 0.042952 0.578125 0.049559 0.578621 0.055617 0.577629 0.067181 0.573661 0.071035 0.568700 0.071586 0.560268 0.063877 0.556300 0.055617 0.553819
0 0.218612 0.768601 0.213106 0.769345 0.202093 0.775050 0.199339 0.778770 0.199339 0.783482 0.204295 0.788442 0.222467 0.794395 0.230727 0.792907 0.238987 0.787202 0.240088 0.783482 0.242841 0.779762 0.242841 0.775298 0.240639 0.773313 0.235132 0.770833 0.223018 0.768601