0 0.427313 0.182044 0.425110 0.184028 0.425110 0.186756 0.430617 0.191716 0.435573 0.194444 0.443282 0.196181 0.455396 0.197421 0.460903 0.196925 0.464758 0.195437 0.466960 0.193204 0.463656 0.190476 0.448238 0.182540 0.440529 0.181300 0.433370 0.181300
0 0.117841 0.394841 0.107379 0.394841 0.102423 0.396081 0.096366 0.399058 0.089207 0.407738 0.091410 0.412946 0.093612 0.415179 0.097467 0.416667 0.107930 0.418403 0.117841 0.417907 0.126652 0.416419 0.131057 0.414187 0.135463 0.408482 0.129956 0.400298 0.125551 0.397321 0.121696 0.395585
0 0.118943 0.390625 0.116189 0.392609 0.128304 0.398810 0.132709 0.402778 0.135463 0.407490 0.143172 0.409722 0.151982 0.408234 0.157489 0.405506 0.159692 0.403274 0.160242 0.399554 0.158040 0.397073 0.146476 0.391369 0.143172 0.390625 0.127203 0.389385
0 0.162445 0.355407 0.159141 0.358631 0.156388 0.365327 0.158590 0.367808 0.162996 0.370040 0.169053 0.371280 0.173458 0.371528 0.187775 0.371280 0.199890 0.369544 0.205947 0.367560 0.208150 0.365327 0.207048 0.363591 0.200991 0.359871 0.191079 0.355655 0.178414 0.353175 0.169053 0.353423
0 0.213656 0.338294 0.205396 0.338790 0.191630 0.341270 0.187225 0.343254 0.186123 0.345734 0.191630 0.351190 0.199890 0.354663 0.203744 0.355407 0.214758 0.354911 0.219714 0.352679 0.224119 0.349206 0.225771 0.345238 0.223568 0.341766 0.218612 0.339534
0 0.247467 0.328026 0.244493 0.327381 0.237335 0.328373 0.229626 0.331845 0.226872 0.334821 0.225771 0.337798 0.226322 0.342510 0.230176 0.345982 0.232379 0.346974 0.237885 0.347966 0.247797 0.347966 0.255507 0.346726 0.259912 0.344742 0.263216 0.341518 0.263216 0.337054 0.262115 0.335317 0.255507 0.330357
0 0.253304 0.317460 0.243943 0.322173 0.243392 0.326389 0.255562 0.330605 0.264317 0.336558 0.272577 0.337550 0.281938 0.337302 0.284141 0.335069 0.285242 0.329861 0.282489 0.327877 0.280286 0.324653 0.267070 0.317460 0.262115 0.316964 0.255507 0.316964
0 0.298458 0.314732 0.292401 0.315724 0.284802 0.319544 0.283260 0.322693 0.284692 0.326885 0.287390 0.332168 0.289317 0.334251 0.294934 0.334970 0.301211 0.334325 0.308921 0.332341 0.317731 0.328125 0.318833 0.326637 0.318833 0.321925 0.312775 0.317708 0.308370 0.315724
0 0.291850 0.338542 0.286894 0.338046 0.277533 0.338294 0.265419 0.340278 0.262665 0.341766 0.260463 0.344742 0.261564 0.349206 0.266520 0.352183 0.269273 0.354911 0.273678 0.356647 0.280837 0.356151 0.287445 0.354663 0.299009 0.349702 0.297907 0.343006 0.295154 0.340278
0 0.235132 0.348958 0.228524 0.350446 0.224119 0.353175 0.223018 0.358135 0.226322 0.362351 0.232930 0.365823 0.238436 0.367312 0.250000 0.367312 0.255507 0.366319 0.261013 0.363095 0.266520 0.357887 0.266520 0.353423 0.264868 0.351687 0.259361 0.349950 0.252203 0.348958
0 0.199339 0.383929 0.196035 0.382688 0.185573 0.382192 0.169604 0.383185 0.159692 0.384673 0.154185 0.386161 0.150330 0.388145 0.148678 0.392857 0.161894 0.399802 0.171256 0.400298 0.183370 0.399058 0.192731 0.395089 0.197687 0.391121 0.199890 0.387153
0 0.226872 0.390129 0.220815 0.389137 0.212555 0.388889 0.206498 0.389633 0.200441 0.391617 0.197137 0.395585 0.196586 0.400546 0.198238 0.404762 0.203744 0.407242 0.213656 0.407242 0.221916 0.405258 0.231278 0.404762 0.240088 0.401786 0.241189 0.400546 0.240088 0.396329
0 0.229075 0.384425 0.229626 0.386409 0.234581 0.389385 0.245595 0.393601 0.253855 0.395089 0.265419 0.395089 0.267621 0.394345 0.276432 0.388889 0.279185 0.385417 0.278634 0.382937 0.276432 0.380456 0.269824 0.377976 0.259361 0.376488 0.254405 0.376488 0.246696 0.377480 0.240088 0.379464
0 0.267070 0.360119 0.261564 0.362351 0.258811 0.365079 0.259912 0.366567 0.270374 0.374008 0.274229 0.375744 0.280837 0.377728 0.286344 0.377480 0.291300 0.375744 0.299009 0.370784 0.299009 0.364831 0.293502 0.360863 0.290198 0.359623 0.280286 0.359127
0 0.299559 0.349702 0.295705 0.350694 0.291850 0.353175 0.291300 0.357887 0.292401 0.359871 0.299559 0.366815 0.307269 0.369792 0.313326 0.369544 0.317731 0.368056 0.319934 0.363591 0.324339 0.359623 0.324890 0.356647 0.323238 0.353671 0.317181 0.350446 0.310573 0.349702
0 0.325991 0.360119 0.323238 0.361607 0.317731 0.369296 0.320485 0.373016 0.332048 0.379216 0.334802 0.379960 0.342511 0.379712 0.352423 0.377728 0.358480 0.373264 0.360132 0.368800 0.357930 0.365079 0.351872 0.362103 0.345815 0.360367 0.335352 0.359127
0 0.317731 0.371032 0.307819 0.370784 0.301762 0.371280 0.292401 0.374256 0.288546 0.376736 0.287996 0.379216 0.288546 0.384177 0.291300 0.386161 0.299559 0.388393 0.307819 0.389633 0.322687 0.387649 0.324890 0.386657 0.328744 0.383185 0.329846 0.380208 0.324339 0.375000
0 0.281938 0.387401 0.275330 0.389633 0.266520 0.396329 0.265419 0.400546 0.270374 0.401042 0.285242 0.405010 0.291850 0.405754 0.300110 0.403522 0.304515 0.391121 0.301762 0.388641 0.292401 0.386409
0 0.362885 0.379960 0.351872 0.378968 0.341410 0.380456 0.333700 0.382192 0.329846 0.383929 0.325991 0.388641 0.333150 0.392113 0.335903 0.394345 0.339207 0.395337 0.344163 0.395833 0.353524 0.393601 0.363987 0.392609 0.367841 0.391617 0.370044 0.389137 0.368943 0.383929 0.366740 0.381696
0 0.326542 0.388889 0.319383 0.388393 0.313877 0.388641 0.307269 0.389881 0.304515 0.391617 0.300661 0.399802 0.300661 0.404514 0.302313 0.406002 0.307819 0.407986 0.317731 0.408234 0.326542 0.406994 0.333150 0.404018 0.335903 0.401538 0.336454 0.396825 0.334251 0.392361
0 0.299009 0.406250 0.290749 0.408482 0.288546 0.410218 0.285793 0.415675 0.286894 0.418651 0.289097 0.420635 0.296256 0.422619 0.299559 0.423115 0.308921 0.422867 0.312775 0.421379 0.321035 0.419891 0.322137 0.418651 0.321586 0.414187 0.319383 0.411458 0.316630 0.410218
0 0.265969 0.401042 0.256608 0.401786 0.251652 0.403274 0.245595 0.408234 0.245044 0.413442 0.247247 0.418651 0.248899 0.420635 0.254956 0.422619 0.267070 0.422371 0.273678 0.421379 0.283590 0.417163 0.287445 0.412202 0.286894 0.407738 0.283040 0.404762 0.272577 0.402034
0 0.222467 0.405010 0.213656 0.406746 0.207048 0.409474 0.204846 0.413442 0.204846 0.417907 0.205947 0.420139 0.217511 0.425595 0.222467 0.426835 0.231278 0.427331 0.243943 0.422371 0.245595 0.419395 0.244493 0.412202 0.242291 0.409226 0.234581 0.405506 0.231278 0.404762
0 0.186674 0.400794 0.177313 0.399802 0.166300 0.401042 0.160793 0.402778 0.154185 0.407986 0.155286 0.413194 0.158590 0.415923 0.165749 0.416667 0.169053 0.417659 0.178414 0.417411 0.181167 0.415923 0.189427 0.414187 0.192181 0.411706 0.193833 0.407986 0.192181 0.404018
0 0.171806 0.418403 0.161894 0.416419 0.152533 0.417163 0.147026 0.420139 0.143172 0.423611 0.142621 0.427827 0.144824 0.429315 0.152533 0.431548 0.177313 0.428571 0.179515 0.426339 0.179515 0.423363 0.176762 0.420635
0 0.181718 0.415923 0.179515 0.417411 0.178965 0.420635 0.183370 0.427331 0.189427 0.430060 0.203744 0.433284 0.212555 0.431796 0.218062 0.428075 0.215308 0.424603 0.199890 0.417659 0.187225 0.415179
0 0.137665 0.426587 0.126101 0.426339 0.119493 0.430308 0.114537 0.435268 0.113436 0.437748 0.113436 0.443700 0.117291 0.446925 0.126652 0.447421 0.137115 0.444692 0.141520 0.442460 0.145925 0.436012 0.147577 0.431300 0.144273 0.428819
0 0.158040 0.448165 0.150330 0.445437 0.144273 0.444444 0.135463 0.444940 0.129405 0.446677 0.122797 0.450149 0.120044 0.454861 0.125000 0.460069 0.154185 0.459573 0.159692 0.455357 0.160242 0.450893
0 0.176211 0.429563 0.172907 0.429067 0.165749 0.429315 0.154736 0.431300 0.147577 0.433532 0.144273 0.438492 0.144273 0.440972 0.145925 0.443452 0.151982 0.446429 0.161894 0.447173 0.166850 0.445437 0.171256 0.438492 0.175661 0.435764 0.178965 0.431796
0 0.202093 0.433036 0.196035 0.431300 0.187775 0.430308 0.182819 0.431052 0.177863 0.432788 0.170705 0.438244 0.167401 0.444692 0.163546 0.447173 0.163546 0.451389 0.170154 0.452133 0.180066 0.449901 0.192181 0.448909 0.197137 0.447917 0.202093 0.445685 0.208150 0.439732 0.207048 0.435516
0 0.240639 0.441964 0.236233 0.439732 0.227423 0.437004 0.219714 0.436508 0.210903 0.437500 0.206498 0.440476 0.202093 0.446925 0.202093 0.451389 0.204295 0.453373 0.213106 0.453869 0.220815 0.452133 0.230727 0.451389 0.238987 0.447421 0.241740 0.443700
0 0.248348 0.422619 0.240088 0.424355 0.231828 0.427579 0.229626 0.430060 0.228524 0.435268 0.232379 0.438492 0.239537 0.440724 0.248348 0.441468 0.262115 0.438244 0.268722 0.435516 0.269824 0.432540 0.267621 0.427083 0.258260 0.423611
0 0.281388 0.422619 0.272577 0.424851 0.268172 0.427083 0.270925 0.435764 0.280286 0.438740 0.286894 0.442212 0.291850 0.442708 0.299559 0.441716 0.302863 0.440228 0.308921 0.435268 0.308921 0.430804 0.306167 0.425843 0.302863 0.424107 0.291300 0.422123
0 0.283040 0.439484 0.273678 0.436508 0.264868 0.437252 0.248899 0.441716 0.243943 0.442460 0.240639 0.444692 0.239537 0.446677 0.241740 0.451389 0.247797 0.454117 0.263216 0.452629 0.269273 0.450645 0.280286 0.445685 0.282489 0.443948
0 0.343612 0.312748 0.340859 0.314236 0.338656 0.319444 0.338656 0.322917 0.341960 0.326389 0.351322 0.329117 0.362335 0.329365 0.368943 0.328373 0.375000 0.326141 0.379405 0.322421 0.379405 0.316964 0.375551 0.313740 0.370044 0.312252 0.363436 0.311508 0.350771 0.311508
0 0.405286 0.308532 0.395925 0.309276 0.392070 0.310268 0.383260 0.313740 0.380507 0.316716 0.379956 0.319196 0.382159 0.323909 0.384361 0.325645 0.395374 0.330357 0.404185 0.330357 0.409692 0.327381 0.416850 0.325645 0.422357 0.322421 0.422357 0.317212 0.419053 0.312500
0 0.497247 0.312252 0.492291 0.311260 0.481828 0.311508 0.476322 0.313740 0.473018 0.316964 0.469163 0.325149 0.469163 0.327381 0.471916 0.329613 0.479626 0.330605 0.493943 0.329861 0.502203 0.328869 0.507709 0.326389 0.509912 0.322669 0.508811 0.319444 0.504956 0.316220
0 0.512115 0.317708 0.509912 0.323165 0.509912 0.326885 0.511564 0.328621 0.514868 0.330109 0.530286 0.331349 0.542952 0.333581 0.552313 0.330853 0.563326 0.330109 0.562225 0.326141 0.559471 0.324405 0.557269 0.320437 0.550661 0.316964 0.542401 0.315476 0.525881 0.314484 0.517070 0.315228
0 0.596366 0.320188 0.588106 0.320437 0.577643 0.322421 0.570485 0.322917 0.567181 0.324157 0.565529 0.325893 0.567181 0.329613 0.570485 0.333333 0.577093 0.335317 0.586454 0.340278 0.595815 0.340278 0.602974 0.337302 0.606278 0.333333 0.607930 0.325893 0.605727 0.322917 0.602974 0.321429
0 0.691630 0.320685 0.681718 0.321181 0.674009 0.322917 0.667952 0.325893 0.665198 0.328869 0.661894 0.330109 0.660793 0.332589 0.661344 0.338046 0.664648 0.340030 0.671256 0.342014 0.682819 0.343502 0.690529 0.341766 0.694934 0.340030 0.698238 0.334325 0.698789 0.326389
0 0.743943 0.311508 0.734581 0.309524 0.725220 0.310764 0.719163 0.312252 0.713106 0.312748 0.708700 0.314236 0.708150 0.318700 0.709802 0.321925 0.716960 0.327133 0.726872 0.326141 0.742841 0.323165 0.748348 0.317708 0.748348 0.313988
0 0.760463 0.310764 0.756057 0.311756 0.752753 0.313492 0.749449 0.316964 0.746696 0.322917 0.748348 0.325645 0.753855 0.328869 0.757159 0.334077 0.760463 0.335069 0.770374 0.335317 0.785793 0.328125 0.786894 0.326637 0.786344 0.321677 0.782489 0.317212 0.778634 0.315228
0 0.805066 0.311508 0.794053 0.315972 0.792401 0.317708 0.791300 0.322421 0.795154 0.326389 0.799009 0.328373 0.813877 0.331845 0.824890 0.329613 0.826542 0.328621 0.827093 0.324901 0.825991 0.321925 0.828744 0.314236 0.823238 0.312500 0.816079 0.311508
0 0.838106 0.312996 0.830396 0.314236 0.825991 0.317956 0.825441 0.322917 0.827093 0.328125 0.828744 0.329861 0.834251 0.332341 0.840859 0.333085 0.849119 0.332093 0.854075 0.330109 0.854075 0.329117 0.852423 0.327381 0.845264 0.325397 0.840308 0.322421 0.839758 0.313244
0 0.869493 0.307292 0.864537 0.306796 0.851322 0.308284 0.840859 0.312500 0.839207 0.314236 0.839758 0.322421 0.841960 0.324157 0.848018 0.326637 0.855727 0.327629 0.865639 0.327381 0.872247 0.325645 0.879956 0.320933 0.882159 0.318700 0.882159 0.314236 0.881057 0.312748 0.876652 0.309524
0 0.380507 0.352679 0.367841 0.352679 0.363987 0.353175 0.358480 0.354911 0.354626 0.357887 0.354075 0.362351 0.359031 0.366567 0.360683 0.369296 0.368943 0.374504 0.380507 0.373264 0.388767 0.371032 0.393722 0.367808 0.398678 0.361855 0.398678 0.360367 0.395374 0.357143 0.387115 0.353919
0 0.421256 0.323909 0.409692 0.326885 0.404185 0.329365 0.403084 0.330605 0.403634 0.335565 0.406938 0.338294 0.418502 0.341022 0.426211 0.341270 0.435573 0.340278 0.439427 0.338046 0.441079 0.334077 0.440529 0.329613 0.436123 0.325893 0.430617 0.324405
0 0.404736 0.338294 0.395925 0.340030 0.391520 0.341518 0.386564 0.343998 0.383811 0.347470 0.383260 0.350694 0.384912 0.353175 0.393172 0.356151 0.397026 0.356895 0.404736 0.357143 0.406388 0.356399 0.407269 0.353274 0.410132 0.349727 0.417401 0.346230 0.420154 0.345734 0.419053 0.341766
0 0.421256 0.344990 0.412996 0.348313 0.411068 0.349504 0.406388 0.352927 0.406388 0.357391 0.411894 0.359871 0.431167 0.360119 0.437225 0.358383 0.441079 0.355903 0.442181 0.349454 0.436123 0.346478 0.430617 0.345238
0 0.404736 0.359871 0.396476 0.363839 0.393172 0.370040 0.395925 0.373264 0.401432 0.375992 0.404185 0.376736 0.413546 0.377232 0.425716 0.368874 0.431718 0.365327 0.429515 0.361111 0.414648 0.359623
0 0.370595 0.374752 0.368392 0.376488 0.368943 0.379960 0.371696 0.385417 0.376652 0.389881 0.381057 0.391617 0.386013 0.392609 0.395925 0.392609 0.400881 0.391369 0.405837 0.388889 0.409692 0.384921 0.409141 0.380456 0.406938 0.378224 0.395374 0.374008 0.377753 0.373512
0 0.383260 0.396329 0.377203 0.393849 0.369493 0.392361 0.359581 0.392609 0.350771 0.393849 0.342511 0.396577 0.340859 0.400546 0.343062 0.403026 0.345264 0.404018 0.361784 0.406994 0.375000 0.405010 0.380507 0.403274 0.384912 0.400546
0 0.329295 0.405506 0.323789 0.408482 0.321586 0.411210 0.324339 0.417907 0.330947 0.419891 0.337004 0.420387 0.343062 0.421875 0.353524 0.421379 0.360683 0.417411 0.363987 0.412946 0.363987 0.411706 0.360683 0.408482 0.352974 0.405010 0.344163 0.404018 0.334251 0.404514
0 0.351322 0.423363 0.346366 0.421875 0.335903 0.420139 0.323789 0.419891 0.314427 0.420883 0.308921 0.423115 0.307269 0.425099 0.307269 0.428323 0.311123 0.434772 0.316079 0.436012 0.326542 0.437004 0.343062 0.433284 0.347467 0.432788 0.356278 0.427827
0 0.402533 0.415923 0.395374 0.413690 0.386564 0.414435 0.375551 0.417163 0.367291 0.420139 0.361784 0.423859 0.361233 0.427827 0.366740 0.430804 0.377753 0.432540 0.383260 0.431300 0.390969 0.426835 0.400330 0.422867 0.402533 0.420387
0 0.416300 0.392113 0.410242 0.392113 0.400881 0.393601 0.394824 0.395337 0.387115 0.399058 0.381608 0.404018 0.384912 0.408978 0.394273 0.412698 0.403634 0.414435 0.417401 0.412202 0.417952 0.404266 0.420705 0.400546 0.425110 0.397073 0.425110 0.396081 0.421806 0.393353
0 0.453744 0.396825 0.448238 0.395833 0.438877 0.395337 0.426211 0.397569 0.421256 0.399554 0.417401 0.403770 0.417952 0.412202 0.428965 0.416171 0.434471 0.416667 0.446586 0.416419 0.455947 0.412202 0.459802 0.408234 0.459802 0.404266 0.458150 0.399058
0 0.455947 0.378720 0.449339 0.380456 0.442731 0.383433 0.437775 0.388393 0.438877 0.393105 0.443282 0.395089 0.447687 0.395585 0.458150 0.398313 0.466960 0.398810 0.474119 0.398065 0.479626 0.396329 0.481828 0.392113 0.479626 0.386657 0.474670 0.382688 0.470264 0.380704 0.465308 0.379464
0 0.452093 0.367560 0.448238 0.365823 0.440529 0.364831 0.436123 0.365079 0.428965 0.366815 0.415749 0.375000 0.414097 0.376736 0.415749 0.378720 0.421256 0.379960 0.438326 0.380208 0.452093 0.378472 0.454846 0.377232 0.457048 0.374504 0.457048 0.372272
0 0.449449 0.347024 0.442401 0.348115 0.442015 0.355655 0.437225 0.358879 0.435022 0.361855 0.437225 0.363839 0.441079 0.365079 0.456498 0.367063 0.459251 0.365327 0.460903 0.362351 0.462004 0.353175 0.459802 0.349454 0.457048 0.347718
0 0.443282 0.329861 0.441079 0.332341 0.439427 0.338294 0.441079 0.342014 0.444383 0.344742 0.448238 0.346230 0.455396 0.347222 0.466410 0.347470 0.469163 0.346974 0.471916 0.345734 0.479626 0.338046 0.473568 0.332093 0.469714 0.330357 0.459251 0.328373 0.453194 0.328373
0 0.501101 0.336310 0.490088 0.335317 0.482930 0.336558 0.479626 0.337798 0.470815 0.345486 0.470815 0.350198 0.474670 0.353423 0.481828 0.355655 0.491740 0.355407 0.501101 0.353671 0.506057 0.351687 0.509361 0.349206 0.509912 0.344494 0.508811 0.341766 0.504956 0.337550
0 0.510463 0.332341 0.508260 0.333829 0.505507 0.338046 0.510463 0.346478 0.513767 0.348462 0.525330 0.350198 0.533590 0.349950 0.540749 0.348710 0.548458 0.345982 0.549009 0.341766 0.546256 0.337302 0.543502 0.334821 0.539097 0.333085 0.526982 0.330853 0.515969 0.330853
0 0.571586 0.334325 0.565529 0.335069 0.558921 0.338046 0.549559 0.345486 0.548458 0.349206 0.550110 0.351190 0.553414 0.352431 0.562225 0.354167 0.568833 0.354663 0.583700 0.352183 0.587004 0.349950 0.590308 0.345734 0.589207 0.343006 0.584251 0.338542 0.577643 0.335069
0 0.556718 0.353175 0.552313 0.352183 0.542952 0.352431 0.534141 0.356895 0.530837 0.360863 0.530286 0.365823 0.533205 0.369494 0.541960 0.368849 0.561123 0.364335 0.563877 0.361855 0.563877 0.357143
0 0.561123 0.366319 0.551762 0.366567 0.540584 0.369345 0.533370 0.369742 0.534141 0.373760 0.540198 0.380208 0.551762 0.385417 0.560132 0.384598 0.569659 0.382068 0.574890 0.381200 0.576542 0.378720 0.577093 0.372520 0.575441 0.370784 0.571586 0.368552
0 0.579846 0.381944 0.569383 0.382440 0.557269 0.385417 0.551762 0.387649 0.549009 0.389881 0.547907 0.393601 0.549559 0.397073 0.555617 0.400546 0.561674 0.402034 0.571586 0.402778 0.584802 0.401786 0.596366 0.396577 0.598018 0.391865 0.592511 0.384921 0.589758 0.383681
0 0.604075 0.337550 0.598568 0.339286 0.591410 0.343254 0.587555 0.349206 0.587004 0.354415 0.591410 0.357887 0.596916 0.358879 0.606828 0.359623 0.616740 0.358631 0.619493 0.356895 0.621696 0.353175 0.620595 0.349950 0.612335 0.342262 0.610683 0.338294
0 0.639868 0.323413 0.629956 0.323661 0.622797 0.324901 0.616740 0.327381 0.613436 0.330109 0.615088 0.345238 0.621696 0.351687 0.631608 0.351935 0.639317 0.350694 0.650881 0.344990 0.659692 0.337550 0.660793 0.334573 0.659692 0.331101 0.649229 0.325645
0 0.657489 0.345982 0.648128 0.346230 0.636013 0.351190 0.624449 0.352927 0.621696 0.354167 0.618392 0.357391 0.619493 0.361359 0.629405 0.365327 0.638216 0.367560 0.648128 0.367560 0.654185 0.366319 0.659692 0.364335 0.663546 0.361607 0.666850 0.357639 0.667401 0.353423 0.666300 0.349454 0.662996 0.347470
0 0.611784 0.371032 0.604626 0.373512 0.601322 0.376488 0.595595 0.380432 0.598568 0.385417 0.601322 0.388145 0.605176 0.389881 0.610683 0.391121 0.617291 0.391121 0.622797 0.390377 0.626101 0.388889 0.634912 0.382192 0.635463 0.380208 0.632159 0.375496 0.627753 0.372768 0.620595 0.371280
0 0.622247 0.394097 0.611784 0.393353 0.602423 0.394841 0.595264 0.397073 0.588656 0.400298 0.588656 0.404514 0.596366 0.408978 0.604075 0.410962 0.614537 0.411210 0.623348 0.409722 0.631608 0.406250 0.633811 0.404266 0.632709 0.400298 0.630507 0.399306 0.627753 0.396329
0 0.647577 0.382192 0.639317 0.382688 0.629956 0.384673 0.625551 0.392609 0.628855 0.397569 0.635463 0.400794 0.648128 0.402034 0.654185 0.401042 0.656938 0.399802 0.662445 0.393353 0.662445 0.388393 0.660242 0.384921 0.656938 0.383185
0 0.668502 0.357887 0.665749 0.359127 0.660242 0.365079 0.662445 0.369296 0.666300 0.371776 0.672907 0.373760 0.680617 0.374504 0.694383 0.374504 0.700441 0.373512 0.705396 0.371776 0.708700 0.369048 0.708700 0.364583 0.703194 0.360119 0.692731 0.357639 0.683370 0.356647
0 0.691079 0.341518 0.687225 0.343006 0.685022 0.345238 0.685022 0.349702 0.690529 0.355159 0.698238 0.356895 0.709251 0.356647 0.714207 0.355407 0.722467 0.349702 0.723018 0.345486 0.717511 0.342014 0.709251 0.340526 0.699339 0.340526
0 0.743943 0.324901 0.734581 0.324405 0.719163 0.327381 0.715859 0.328869 0.710903 0.332837 0.708700 0.337302 0.709251 0.339534 0.712004 0.341270 0.716410 0.342014 0.725220 0.346230 0.734581 0.345238 0.737335 0.343254 0.749449 0.337798 0.753304 0.334821 0.753304 0.328373 0.749449 0.326141
0 0.764868 0.336062 0.759361 0.335813 0.752203 0.336806 0.740639 0.341270 0.735132 0.345238 0.735132 0.350198 0.737885 0.352927 0.744493 0.355407 0.752203 0.357143 0.763767 0.356895 0.773678 0.353919 0.777533 0.351438 0.779185 0.345238 0.769824 0.337054
0 0.796806 0.328125 0.790749 0.328125 0.784692 0.328869 0.778084 0.331101 0.773128 0.334325 0.772026 0.338294 0.774780 0.341518 0.779736 0.344494 0.786344 0.345238 0.795705 0.344990 0.805617 0.340774 0.818833 0.338046 0.816630 0.335069 0.803965 0.329613
0 0.882159 0.318948 0.874449 0.324653 0.868392 0.326389 0.866740 0.328373 0.866740 0.330605 0.870044 0.333333 0.876652 0.336558 0.885463 0.338790 0.891520 0.339286 0.898128 0.338046 0.903084 0.336310 0.910242 0.327381 0.910242 0.325645 0.903634 0.321925 0.892070 0.319444
0 0.935573 0.320188 0.926211 0.319940 0.922357 0.320437 0.916300 0.322173 0.912445 0.324405 0.909692 0.329861 0.904736 0.333581 0.906388 0.337054 0.910242 0.339534 0.916850 0.341518 0.927313 0.342510 0.936123 0.341518 0.941630 0.339038 0.941630 0.331845 0.944934 0.325397 0.942731 0.322421
0 0.971366 0.324157 0.962555 0.322917 0.958150 0.322917 0.950991 0.323661 0.946035 0.325397 0.941630 0.329613 0.941079 0.334077 0.943282 0.337550 0.949890 0.340030 0.952643 0.340278 0.958150 0.338542 0.971366 0.336806 0.975220 0.335565 0.978524 0.331597 0.978524 0.328373 0.976872 0.326141
0 0.533040 0.406002 0.526432 0.407242 0.518172 0.411706 0.518172 0.416419 0.519824 0.420139 0.522577 0.422371 0.529185 0.424603 0.534141 0.425347 0.544053 0.425347 0.553414 0.421627 0.561123 0.414683 0.562225 0.412450 0.561674 0.410466 0.557819 0.407986 0.550661 0.406498 0.544604 0.405754
0 0.482930 0.403770 0.473568 0.405010 0.462555 0.408978 0.452643 0.415675 0.453194 0.419891 0.454846 0.421379 0.458700 0.423363 0.463106 0.424603 0.474670 0.425843 0.481278 0.424603 0.485132 0.422123 0.488987 0.415427 0.488436 0.412450 0.484581 0.407986
0 0.416850 0.420635 0.414648 0.423611 0.416300 0.426835 0.420705 0.430060 0.426211 0.432540 0.437775 0.434772 0.449890 0.435268 0.455396 0.436260 0.459802 0.435764 0.460903 0.431300 0.458700 0.428323 0.458700 0.423859 0.452643 0.418651 0.448789 0.416915 0.430066 0.416419 0.424559 0.417411
0 0.412445 0.424603 0.405286 0.423115 0.395374 0.424355 0.383811 0.430556 0.380507 0.434028 0.379956 0.439484 0.381608 0.441468 0.384361 0.442708 0.392621 0.443700 0.405286 0.443452 0.414097 0.442212 0.419053 0.440476 0.423458 0.436012 0.422907 0.432044 0.419053 0.428323
0 0.343062 0.433284 0.330947 0.436012 0.327093 0.437500 0.320485 0.442956 0.321035 0.447421 0.324339 0.450645 0.330396 0.452629 0.341410 0.454117 0.352423 0.454365 0.365088 0.450397 0.366189 0.448909 0.366189 0.443452 0.358480 0.437500 0.351322 0.434276
0 0.316630 0.443948 0.310022 0.442708 0.303965 0.442708 0.290749 0.443948 0.285793 0.444940 0.279736 0.447173 0.272577 0.451141 0.273678 0.454861 0.279736 0.456845 0.284692 0.460069 0.287996 0.460813 0.303965 0.461310 0.317181 0.459821 0.321586 0.457093 0.323789 0.450893 0.319934 0.445933
0 0.523128 0.547867 0.518172 0.546131 0.499449 0.546379 0.483480 0.548859 0.477258 0.551786 0.478855 0.556597 0.485132 0.560764 0.492841 0.561260 0.500551 0.560020 0.511013 0.556796 0.517070 0.553571 0.521476 0.552331 0.523678 0.549603
0 0.427863 0.442460 0.421806 0.447173 0.421256 0.449405 0.421806 0.452381 0.426211 0.455109 0.430617 0.456349 0.437225 0.457093 0.458700 0.456597 0.462555 0.455605 0.461454 0.450893 0.458150 0.446429 0.449890 0.441716 0.446035 0.440724 0.436674 0.440228 0.431718 0.440972
0 0.468612 0.440724 0.462555 0.443452 0.459802 0.446429 0.461454 0.454117 0.464758 0.458085 0.469163 0.460069 0.480727 0.462302 0.491189 0.462302 0.494493 0.461558 0.503304 0.458333 0.506057 0.455853 0.507159 0.450645 0.504956 0.447917 0.493943 0.442956 0.487335 0.441220 0.477974 0.440228
0 0.548458 0.431548 0.536894 0.429067 0.528084 0.429067 0.519824 0.430060 0.508811 0.433036 0.504956 0.435516 0.504405 0.440228 0.509361 0.445437 0.516520 0.448165 0.525881 0.447917 0.536894 0.442708 0.549009 0.439236 0.551211 0.436508 0.551211 0.434276
0 0.542401 0.440724 0.534141 0.443452 0.526432 0.447173 0.527533 0.450149 0.530286 0.452381 0.537996 0.455605 0.543502 0.456597 0.552863 0.457093 0.557819 0.455853 0.563326 0.453373 0.565529 0.451389 0.566079 0.446677 0.563326 0.443452 0.558921 0.441468 0.552313 0.440228
0 0.568833 0.425595 0.560022 0.427083 0.555617 0.431300 0.553414 0.435764 0.554515 0.439732 0.561123 0.442708 0.564427 0.445685 0.569383 0.447917 0.578194 0.447421 0.583150 0.446429 0.594714 0.442212 0.598568 0.439236 0.598568 0.434276 0.593062 0.429315 0.587555 0.427331
0 0.626652 0.414187 0.615088 0.413194 0.606278 0.413442 0.600220 0.414435 0.594163 0.416419 0.589758 0.420139 0.588656 0.426339 0.589207 0.427827 0.596366 0.431300 0.603524 0.432788 0.611784 0.431548 0.622247 0.431548 0.632709 0.429315 0.636564 0.427579 0.639317 0.424355 0.638216 0.420883 0.632709 0.416915
0 0.633811 0.411954 0.632709 0.416171 0.637115 0.418403 0.640419 0.421627 0.647577 0.425099 0.653084 0.425595 0.667401 0.425099 0.674559 0.422123 0.676762 0.420139 0.678965 0.415427 0.675661 0.412202 0.665198 0.410218 0.645374 0.410218
0 0.610132 0.431548 0.602974 0.433284 0.601322 0.434524 0.599119 0.438988 0.600771 0.443204 0.607930 0.446181 0.611233 0.446677 0.621696 0.446677 0.631057 0.439732 0.629405 0.435516 0.627203 0.433532 0.622247 0.431796
0 0.614537 0.448165 0.596366 0.444444 0.587004 0.445437 0.577643 0.447421 0.573238 0.449157 0.571586 0.450893 0.571035 0.456597 0.572687 0.459325 0.578194 0.462054 0.586454 0.463294 0.595815 0.462302 0.607930 0.457589 0.617291 0.451389
0 0.648128 0.436756 0.638216 0.437004 0.634912 0.437748 0.623348 0.444692 0.620044 0.449405 0.620044 0.452133 0.622797 0.455357 0.629956 0.457589 0.638767 0.458333 0.649780 0.457589 0.653634 0.456349 0.659141 0.453125 0.660242 0.451389 0.659141 0.446429 0.657489 0.444444 0.650330 0.439732
0 0.642621 0.427083 0.641520 0.428819 0.643722 0.434276 0.653634 0.441220 0.660242 0.444692 0.665198 0.445437 0.674009 0.445437 0.686674 0.439732 0.687775 0.435516 0.686123 0.432292 0.677863 0.428819 0.666300 0.426091 0.647577 0.426091
0 0.678414 0.412202 0.681718 0.416419 0.685573 0.418155 0.691630 0.419395 0.703194 0.417411 0.714758 0.416171 0.721916 0.412946 0.727974 0.407986 0.723568 0.405010 0.713106 0.402778 0.707048 0.402034 0.691079 0.402034 0.682269 0.405010 0.679515 0.407986
0 0.716410 0.386657 0.707048 0.390129 0.704295 0.392361 0.704295 0.397073 0.707599 0.400546 0.713656 0.402778 0.721916 0.404762 0.727423 0.406994 0.732930 0.407738 0.743943 0.407242 0.748899 0.400794 0.749449 0.396329 0.743392 0.389881 0.734031 0.385665 0.725220 0.385169
0 0.784692 0.375992 0.778084 0.374752 0.759361 0.374008 0.748899 0.376240 0.742841 0.378472 0.739537 0.380704 0.737335 0.384921 0.744493 0.391617 0.750000 0.394841 0.756057 0.395585 0.764317 0.395337 0.772577 0.393601 0.779185 0.390625 0.784141 0.387153 0.787445 0.381944 0.786894 0.376984
0 0.795705 0.353919 0.789648 0.352927 0.777533 0.353175 0.758811 0.358135 0.755507 0.359623 0.751652 0.364087 0.751652 0.366567 0.753855 0.369544 0.760463 0.373016 0.776982 0.374752 0.786894 0.374504 0.798458 0.370784 0.804515 0.365575 0.804515 0.361111 0.801762 0.357391
0 0.805066 0.341270 0.792952 0.345734 0.792401 0.350942 0.794053 0.353175 0.807269 0.361359 0.819383 0.362847 0.830396 0.362103 0.837004 0.357887 0.839207 0.354167 0.837004 0.347718 0.834251 0.344742 0.822137 0.339782 0.811674 0.340030
0 0.846366 0.337550 0.840308 0.339534 0.836454 0.344742 0.837004 0.349950 0.843612 0.355903 0.856278 0.357143 0.863436 0.356399 0.869493 0.354415 0.873899 0.350446 0.873899 0.344990 0.867841 0.340278 0.862335 0.338046 0.856828 0.337302
0 0.909141 0.340030 0.902533 0.339286 0.889868 0.339782 0.883260 0.341022 0.876101 0.343998 0.873899 0.348214 0.874449 0.352927 0.882159 0.356895 0.901432 0.356151 0.906388 0.354663 0.911344 0.350198 0.912996 0.344742 0.912996 0.341518
0 0.944934 0.343998 0.937225 0.343006 0.926762 0.343502 0.921806 0.344246 0.915198 0.346974 0.912445 0.349950 0.911344 0.354663 0.913546 0.358135 0.918502 0.360615 0.924559 0.362103 0.935573 0.362103 0.944934 0.360615 0.952093 0.357639 0.948789 0.350694 0.948238 0.345486
0 0.968062 0.336558 0.957048 0.338790 0.951542 0.341518 0.948789 0.345486 0.948789 0.350694 0.949890 0.353423 0.953744 0.357391 0.963656 0.361359 0.968062 0.362351 0.970815 0.362351 0.975220 0.361111 0.984581 0.354663 0.989537 0.349454 0.990639 0.345486 0.987885 0.340774 0.984031 0.338790 0.976322 0.337054
0 0.830396 0.389633 0.827093 0.391865 0.824890 0.395833 0.825991 0.400050 0.829846 0.403274 0.837004 0.405754 0.848568 0.406994 0.858480 0.404514 0.862885 0.402034 0.867291 0.397569 0.867291 0.395833 0.864537 0.392609 0.857930 0.389881 0.848568 0.388393 0.839207 0.388641
0 0.861233 0.368800 0.856278 0.365575 0.849119 0.364583 0.838106 0.364831 0.822687 0.366567 0.817731 0.367808 0.811674 0.371280 0.809471 0.376984 0.817181 0.380208 0.823238 0.381696 0.840308 0.382192 0.848018 0.381448 0.853524 0.379712 0.861233 0.374256
0 0.890419 0.356647 0.882159 0.358879 0.879405 0.361111 0.878855 0.366815 0.879956 0.368800 0.882709 0.370040 0.890969 0.371032 0.899229 0.373016 0.904736 0.372520 0.908590 0.371280 0.918502 0.365327 0.916300 0.361607 0.909141 0.358383 0.903084 0.356647
0 0.899229 0.372768 0.891520 0.370536 0.885463 0.370040 0.879956 0.370288 0.870595 0.372520 0.863436 0.375496 0.861784 0.376984 0.861233 0.381448 0.867291 0.384921 0.873899 0.386409 0.883811 0.386409 0.894824 0.384177 0.899229 0.381944 0.901982 0.377480 0.901432 0.374504
0 0.935022 0.367063 0.930066 0.366319 0.926762 0.365079 0.924009 0.365079 0.917952 0.366071 0.913546 0.368304 0.909141 0.369048 0.905837 0.373016 0.904736 0.377232 0.901982 0.380208 0.900275 0.384871 0.905286 0.384921 0.909141 0.385417 0.917401 0.384425 0.924559 0.382688 0.928414 0.380952 0.931718 0.377976 0.940529 0.373264 0.939978 0.369048
0 0.934471 0.380456 0.926211 0.382440 0.919604 0.385665 0.917401 0.388145 0.917401 0.392609 0.928414 0.399554 0.935022 0.400794 0.944934 0.401042 0.952093 0.399554 0.956498 0.396577 0.957599 0.391121 0.955947 0.386409 0.953194 0.383433 0.948789 0.381696 0.943833 0.380704
0 0.887665 0.387897 0.882709 0.392361 0.883811 0.395585 0.889868 0.401042 0.895925 0.404514 0.900330 0.406250 0.908590 0.407738 0.917952 0.407490 0.926211 0.404514 0.929515 0.400050 0.924559 0.396081 0.915749 0.392113 0.914097 0.390625 0.909141 0.388641 0.900330 0.387401 0.890419 0.387153
0 0.874449 0.398313 0.870595 0.400050 0.866740 0.404514 0.870044 0.406746 0.879405 0.410714 0.882709 0.415179 0.890419 0.416667 0.901432 0.415675 0.909692 0.412202 0.911344 0.408234 0.903634 0.406746 0.894824 0.403522 0.884912 0.397321 0.882159 0.396825
0 0.865639 0.405754 0.855727 0.405754 0.849119 0.408234 0.845815 0.411954 0.845264 0.416171 0.846366 0.419395 0.856278 0.425347 0.865088 0.421875 0.876652 0.418651 0.881608 0.415923 0.881057 0.411706 0.878855 0.409970
0 0.821035 0.405754 0.814978 0.408234 0.808921 0.416171 0.811123 0.420635 0.813877 0.421875 0.820485 0.422619 0.838656 0.423363 0.842511 0.422867 0.847467 0.420387 0.845815 0.408482 0.830947 0.405010
0 0.794053 0.400298 0.787996 0.399554 0.777533 0.400298 0.768172 0.402282 0.762115 0.404266 0.759361 0.407242 0.759912 0.411210 0.762665 0.413690 0.769273 0.417411 0.773678 0.418155 0.786894 0.418155 0.791300 0.417163 0.798458 0.413442 0.800661 0.410962 0.801762 0.407490 0.799559 0.404018
0 0.737335 0.409970 0.729075 0.412698 0.725220 0.417659 0.724670 0.420387 0.725771 0.423859 0.729075 0.427331 0.734031 0.429563 0.742291 0.431548 0.754405 0.431548 0.761564 0.430556 0.769824 0.427331 0.770925 0.419147 0.768172 0.416171 0.756057 0.410466 0.743943 0.408978
0 0.707048 0.416915 0.699890 0.417659 0.692731 0.420139 0.690529 0.422867 0.691079 0.427827 0.698238 0.433780 0.704846 0.436756 0.709802 0.437500 0.717511 0.436260 0.722467 0.433780 0.725771 0.428075 0.725771 0.423611 0.724119 0.420139 0.720264 0.417907 0.716410 0.417163
0 0.741740 0.432292 0.736784 0.433284 0.729075 0.437996 0.725771 0.442956 0.727423 0.447173 0.730727 0.449157 0.740088 0.451885 0.749449 0.452877 0.754956 0.452877 0.760463 0.452133 0.767621 0.449157 0.770374 0.445685 0.771476 0.442956 0.769273 0.437252 0.765419 0.434772 0.759361 0.433036 0.752203 0.432044
0 0.787996 0.440972 0.771476 0.446429 0.770925 0.447917 0.773128 0.450893 0.778084 0.455357 0.786344 0.458333 0.796806 0.460069 0.806718 0.460069 0.813877 0.457837 0.821586 0.451389 0.821586 0.446925 0.818282 0.445188 0.811123 0.443452 0.803965 0.440476 0.794053 0.440228
0 0.847467 0.426587 0.844163 0.428819 0.841410 0.435020 0.837555 0.439236 0.841960 0.443948 0.844163 0.444940 0.855176 0.445933 0.871696 0.443948 0.872797 0.438244 0.871145 0.436260 0.859581 0.434772 0.854626 0.431796 0.852974 0.427331
0 0.812775 0.422123 0.803965 0.425843 0.800110 0.430060 0.799559 0.433036 0.801211 0.438244 0.802313 0.439484 0.812225 0.443948 0.822687 0.445188 0.833150 0.442956 0.837555 0.440972 0.840859 0.436756 0.843062 0.431300 0.840859 0.427827 0.834802 0.423859 0.827643 0.422619
0 0.883811 0.417411 0.881608 0.417411 0.867291 0.420387 0.857379 0.423859 0.854626 0.427083 0.855176 0.431796 0.856278 0.432788 0.863436 0.435516 0.873899 0.437500 0.882709 0.437004 0.888767 0.435764 0.893172 0.434028 0.895374 0.432044 0.896476 0.426339 0.894824 0.422123 0.887665 0.418155
0 0.947137 0.413442 0.935022 0.411458 0.919053 0.411706 0.908040 0.412946 0.902533 0.415179 0.900881 0.416667 0.900330 0.420635 0.903634 0.425843 0.905837 0.427083 0.915749 0.429812 0.917952 0.430060 0.924559 0.429067 0.929515 0.426835 0.941630 0.423859 0.948238 0.420139 0.951542 0.415923
0 0.919604 0.430804 0.908040 0.428075 0.899780 0.427827 0.898128 0.428571 0.894273 0.433284 0.887665 0.435764 0.879956 0.437500 0.878304 0.438740 0.876101 0.443452 0.882709 0.448165 0.889317 0.449157 0.901432 0.448661 0.905837 0.447669 0.915198 0.443700 0.921256 0.439732 0.921806 0.433036
0 0.927313 0.427579 0.922357 0.431300 0.921806 0.435516 0.924009 0.438740 0.929515 0.441220 0.943282 0.443452 0.953744 0.443452 0.962555 0.442460 0.969163 0.439236 0.971916 0.436012 0.971366 0.431300 0.968612 0.428819 0.964758 0.427083 0.953194 0.425099 0.941630 0.424851 0.935022 0.425595
0 0.904736 0.450893 0.906938 0.456101 0.910242 0.459077 0.917401 0.463790 0.923458 0.464782 0.926762 0.464782 0.933921 0.463542 0.942181 0.463542 0.953744 0.461806 0.963656 0.458085 0.968062 0.455357 0.969163 0.450397 0.965859 0.447421 0.961454 0.445437 0.954846 0.444444 0.937775 0.445188 0.916850 0.444444 0.906938 0.447421
0 0.873899 0.444692 0.864537 0.444444 0.852974 0.445933 0.843612 0.447917 0.840859 0.449901 0.840308 0.451141 0.846366 0.452877 0.854075 0.458333 0.864537 0.461558 0.870595 0.460565 0.875000 0.459077 0.879405 0.454613 0.881057 0.451389 0.880507 0.447173
0 0.824339 0.462798 0.822687 0.467262 0.824890 0.470238 0.838106 0.473214 0.848018 0.472966 0.873348 0.470734 0.871145 0.466518 0.854626 0.458333 0.849119 0.456845 0.838656 0.457341 0.833150 0.458333 0.827093 0.460813
0 0.802863 0.464534 0.795705 0.466022 0.786344 0.470486 0.785242 0.475198 0.788546 0.478175 0.795154 0.480903 0.803414 0.482391 0.812225 0.482391 0.816079 0.481399 0.823238 0.477679 0.824890 0.475446 0.824890 0.470486 0.820485 0.466766 0.817731 0.465774 0.811674 0.464782
0 0.742291 0.453621 0.733480 0.455853 0.727423 0.458581 0.722467 0.462550 0.721916 0.467014 0.724670 0.470238 0.730176 0.473214 0.735683 0.474454 0.745595 0.474950 0.753855 0.473710 0.761564 0.470486 0.765969 0.466766 0.766520 0.462798 0.760463 0.456349 0.753304 0.454117
0 0.714758 0.443700 0.708700 0.440228 0.700441 0.438492 0.697687 0.438740 0.686123 0.441468 0.670705 0.448661 0.667401 0.451141 0.667952 0.452133 0.671806 0.453373 0.684471 0.453125 0.689427 0.453621 0.699890 0.456597 0.708700 0.456101 0.714758 0.453869 0.716960 0.451637 0.716960 0.446925
0 0.670705 0.453621 0.660242 0.456349 0.657489 0.458581 0.656388 0.463294 0.667401 0.471974 0.672357 0.472966 0.683370 0.473214 0.692731 0.470486 0.696586 0.468502 0.700991 0.462798 0.700991 0.457837 0.698789 0.456101 0.687225 0.453621
0 0.812775 0.514881 0.808921 0.516369 0.803965 0.521577 0.802863 0.526538 0.804515 0.529266 0.811123 0.531994 0.819934 0.533482 0.832048 0.533234 0.837555 0.530506 0.843612 0.525050 0.839042 0.524950 0.833150 0.523140 0.824339 0.518353 0.818282 0.514807
0 0.805617 0.494544 0.799559 0.495288 0.792401 0.498512 0.786894 0.501736 0.785242 0.505208 0.786344 0.508681 0.789648 0.512153 0.794604 0.514385 0.803965 0.515625 0.816630 0.513889 0.818833 0.505952 0.824339 0.502232 0.819383 0.497768
0 0.829846 0.501910 0.821586 0.502976 0.817731 0.505704 0.817731 0.513641 0.823293 0.516915 0.828029 0.519841 0.839207 0.524058 0.847467 0.523065 0.852974 0.519345 0.855727 0.514385 0.855727 0.509921 0.849670 0.503720 0.845815 0.501240
0 0.847467 0.490575 0.840859 0.491815 0.833150 0.494296 0.827643 0.497768 0.827643 0.499504 0.829846 0.501240 0.839207 0.500744 0.845264 0.501736 0.850771 0.504712 0.854075 0.508681 0.857379 0.510169 0.865088 0.508681 0.865639 0.506200 0.872797 0.501736 0.873348 0.497520 0.871145 0.494792 0.866189 0.492560 0.858480 0.491071
0 0.882159 0.472470 0.875000 0.470982 0.847467 0.472718 0.842511 0.474454 0.840859 0.478919 0.842511 0.488095 0.845264 0.490327 0.850771 0.490327 0.870044 0.487351 0.879405 0.485119 0.885463 0.482391 0.887115 0.477927 0.885463 0.474206
0 0.892070 0.465278 0.886564 0.466766 0.883260 0.470238 0.888216 0.480655 0.892070 0.482391 0.898678 0.483135 0.908040 0.483135 0.914097 0.481151 0.915749 0.479415 0.919053 0.472222 0.918502 0.467014 0.914097 0.465526 0.907489 0.464782
0 0.943833 0.465030 0.933921 0.463790 0.926211 0.464782 0.921256 0.466518 0.918502 0.470982 0.916850 0.482639 0.928414 0.482143 0.943282 0.480407 0.949339 0.477679 0.952093 0.475446 0.952093 0.470486 0.947687 0.466766
0 0.872247 0.488095 0.870595 0.489583 0.872247 0.493552 0.881057 0.498016 0.890969 0.499752 0.899780 0.503472 0.917401 0.503472 0.919053 0.501736 0.915749 0.498016 0.915198 0.493800 0.904736 0.483879 0.901432 0.483135 0.893722 0.482887 0.886013 0.483383 0.882159 0.484127
0 0.911894 0.484623 0.909141 0.486111 0.910793 0.490327 0.917401 0.497024 0.933921 0.501240 0.943833 0.500992 0.948238 0.498016 0.949890 0.494296 0.948238 0.486111 0.943833 0.481895 0.934471 0.480903 0.917952 0.482887
0 0.878855 0.499256 0.872247 0.501488 0.865639 0.505704 0.863436 0.509425 0.866740 0.513889 0.881608 0.516617 0.892070 0.516865 0.895925 0.516369 0.900881 0.514633 0.903084 0.511657 0.903634 0.509425 0.900881 0.505456 0.897026 0.502232 0.891520 0.500000 0.882709 0.498760
0 0.101872 0.388641 0.100220 0.388145 0.089758 0.388641 0.083150 0.390129 0.072137 0.394345 0.067731 0.400298 0.068282 0.404514 0.080947 0.406746 0.084802 0.406746 0.089758 0.405506 0.104626 0.392609
0 0.883811 0.517361 0.873899 0.514881 0.867291 0.514137 0.861784 0.514137 0.857930 0.514881 0.846366 0.524306 0.846366 0.529762 0.850220 0.531250 0.855727 0.532242 0.865639 0.531746 0.883811 0.521825
0 0.887115 0.520337 0.878855 0.525546 0.878855 0.529514 0.887665 0.535714 0.894824 0.538690 0.899229 0.539683 0.909141 0.539435 0.918502 0.539931 0.922357 0.539187 0.924559 0.537698 0.925110 0.528522 0.922357 0.525298 0.917401 0.522073 0.909141 0.519097 0.901982 0.518353 0.895374 0.518601
0 0.464758 0.464286 0.462004 0.465526 0.457048 0.470982 0.456498 0.475198 0.459802 0.479415 0.465859 0.483135 0.473018 0.485615 0.483480 0.485615 0.490639 0.484375 0.496145 0.481895 0.500551 0.478423 0.501101 0.473958 0.497797 0.470486 0.490639 0.467014 0.484031 0.465278 0.474670 0.464286
0 0.518722 0.456597 0.516520 0.458581 0.517070 0.466766 0.520925 0.470486 0.526432 0.472966 0.533590 0.474950 0.542952 0.474702 0.560022 0.469742 0.562225 0.467510 0.562775 0.462054 0.556167 0.457589 0.535793 0.455109 0.525881 0.455109
0 0.578744 0.472222 0.571586 0.470486 0.560022 0.469990 0.549559 0.472222 0.544053 0.474454 0.541850 0.476687 0.541300 0.482887 0.542401 0.484871 0.551762 0.487351 0.562225 0.487599 0.569934 0.486359 0.575991 0.484623 0.583150 0.481151 0.585903 0.478671 0.584251 0.474950
0 0.648128 0.462798 0.638767 0.463294 0.635463 0.464038 0.631057 0.466270 0.626652 0.471974 0.626652 0.475198 0.631057 0.477679 0.639317 0.479415 0.648678 0.479911 0.656388 0.478423 0.663546 0.474702 0.665198 0.470982 0.662996 0.467262 0.657489 0.464038
0 0.682269 0.473462 0.679515 0.474950 0.677863 0.478175 0.679515 0.482639 0.689978 0.487103 0.699339 0.488839 0.706498 0.488591 0.716410 0.486855 0.719163 0.485615 0.723568 0.482143 0.724670 0.477927 0.722467 0.475198 0.718612 0.473214 0.709251 0.470982 0.698789 0.469742 0.691079 0.470982
0 0.691630 0.488095 0.682269 0.488095 0.674559 0.489087 0.668502 0.491071 0.665749 0.493800 0.666300 0.496528 0.669053 0.500000 0.680066 0.505952 0.682269 0.508433 0.691630 0.506448 0.701542 0.500744 0.704295 0.497768 0.704846 0.493800 0.702643 0.491319 0.699890 0.489831
0 0.621145 0.481151 0.615639 0.482143 0.608480 0.485863 0.607930 0.490327 0.610132 0.494792 0.612335 0.497272 0.614537 0.498016 0.621696 0.499256 0.630507 0.499504 0.639868 0.497520 0.645925 0.494544 0.647577 0.491071 0.646476 0.487351 0.644273 0.485119 0.639317 0.482887 0.631057 0.481399
0 0.595264 0.484871 0.589758 0.486359 0.577093 0.487847 0.573238 0.489335 0.567731 0.493304 0.568833 0.498512 0.571586 0.500000 0.581498 0.503224 0.594714 0.505208 0.601322 0.503968 0.610132 0.498512 0.610132 0.493056 0.607379 0.487103 0.604626 0.485615
0 0.517621 0.479911 0.509361 0.478671 0.502753 0.479167 0.498348 0.480655 0.492291 0.484623 0.486784 0.489831 0.486784 0.495288 0.491189 0.500744 0.500551 0.500000 0.508811 0.497768 0.521476 0.490575 0.524780 0.486855 0.524780 0.482391
0 0.544604 0.485863 0.538546 0.486607 0.534141 0.488095 0.529185 0.491245 0.523403 0.496627 0.524009 0.502207 0.527698 0.506126 0.534692 0.509673 0.543502 0.509673 0.561123 0.505208 0.564427 0.503472 0.567181 0.498760 0.566630 0.494792 0.563326 0.491319 0.556167 0.488095
0 0.567181 0.504216 0.556167 0.506200 0.546256 0.509673 0.545154 0.514633 0.546806 0.517361 0.559471 0.523065 0.560573 0.524306 0.566079 0.525794 0.569934 0.526042 0.573789 0.524554 0.580396 0.519097 0.583150 0.514385 0.583150 0.509425 0.575991 0.504960 0.572137 0.504216
0 0.593612 0.507440 0.587555 0.508681 0.584802 0.510417 0.583150 0.513889 0.582599 0.521825 0.587004 0.525546 0.594714 0.526786 0.602974 0.526538 0.606828 0.525298 0.610132 0.521825 0.611233 0.518105 0.609581 0.509673 0.605176 0.507688
0 0.763767 0.516369 0.757709 0.518105 0.751652 0.521329 0.746145 0.522569 0.744493 0.525298 0.757709 0.530010 0.767621 0.532738 0.778634 0.533234 0.784692 0.531994 0.788546 0.530258 0.791300 0.526538 0.790749 0.521329 0.789097 0.519345 0.784692 0.517113 0.779736 0.516121 0.767070 0.515873
0 0.734031 0.496528 0.724670 0.498016 0.716410 0.501240 0.712004 0.505704 0.713106 0.508433 0.716410 0.511657 0.723018 0.514633 0.732930 0.516865 0.744493 0.518105 0.750551 0.516865 0.753304 0.515625 0.758260 0.508681 0.758811 0.505208 0.757709 0.502728 0.754956 0.500000 0.751101 0.498016 0.743943 0.496528
0 0.671256 0.501984 0.666300 0.501240 0.656388 0.501984 0.650330 0.503968 0.644273 0.507192 0.642070 0.509177 0.641520 0.513889 0.644824 0.516121 0.651432 0.518601 0.655286 0.519345 0.667952 0.519345 0.674009 0.518353 0.681718 0.509177 0.680066 0.505704
0 0.682269 0.510417 0.674559 0.517361 0.675110 0.521329 0.690529 0.528770 0.703744 0.529018 0.709802 0.528770 0.713106 0.528026 0.715859 0.526786 0.720264 0.522321 0.719163 0.518849 0.714758 0.515625 0.700991 0.510417 0.695485 0.509921 0.691630 0.508929
0 0.674009 0.520585 0.664097 0.520089 0.656388 0.520833 0.649780 0.523065 0.643722 0.526042 0.639868 0.529266 0.638767 0.533730 0.644273 0.538194 0.648128 0.539187 0.654736 0.539683 0.671806 0.539187 0.676211 0.538442 0.682819 0.535466 0.687225 0.528770 0.682269 0.524554
0 0.691079 0.529266 0.686674 0.531002 0.685022 0.532738 0.684471 0.537450 0.686674 0.540675 0.693833 0.545883 0.698789 0.548115 0.705396 0.549603 0.709251 0.549851 0.720264 0.544643 0.723568 0.541419 0.724119 0.535714 0.723018 0.532986 0.717511 0.530010 0.709802 0.529018
0 0.551762 0.530754 0.544604 0.532738 0.541300 0.534970 0.540198 0.537450 0.541850 0.541171 0.549009 0.545883 0.551762 0.546875 0.569383 0.547371 0.575991 0.545139 0.578194 0.542907 0.578744 0.539683 0.577093 0.536954 0.573789 0.534722 0.567181 0.531994 0.561123 0.530754
0 0.533040 0.522321 0.525881 0.521577 0.522026 0.522569 0.508811 0.524306 0.504405 0.525298 0.494493 0.530258 0.491189 0.533234 0.490088 0.537698 0.495595 0.541667 0.503855 0.544891 0.511013 0.545883 0.521476 0.545883 0.525330 0.545139 0.531938 0.541171 0.535793 0.534474 0.535242 0.524554
0 0.457048 0.491319 0.447687 0.491319 0.438877 0.493800 0.434471 0.498016 0.433370 0.501240 0.433921 0.508929 0.435573 0.510913 0.438877 0.512153 0.448238 0.511657 0.464758 0.508433 0.469714 0.505952 0.473568 0.502480 0.473568 0.497520 0.466960 0.493800
0 0.412996 0.456597 0.403084 0.459077 0.399229 0.462798 0.398128 0.467014 0.399780 0.469494 0.406388 0.474454 0.412996 0.477183 0.422357 0.479911 0.431718 0.478671 0.438877 0.475942 0.444934 0.470982 0.446586 0.466766 0.444383 0.462798 0.440529 0.460317 0.434471 0.457837 0.426762 0.456597
0 0.418502 0.478671 0.412996 0.476687 0.404736 0.475198 0.389868 0.476935 0.379956 0.480903 0.380892 0.483953 0.381057 0.490079 0.385463 0.491319 0.408040 0.490327 0.413546 0.488839 0.419604 0.484623 0.420705 0.481895
0 0.349119 0.480159 0.340308 0.486111 0.340859 0.490575 0.342511 0.492063 0.348568 0.494296 0.360683 0.496528 0.368392 0.496280 0.376652 0.494296 0.380507 0.487103 0.378855 0.484127 0.361233 0.484127 0.352423 0.479415
0 0.323789 0.494296 0.322687 0.498512 0.324339 0.502232 0.329295 0.507688 0.333700 0.509921 0.343612 0.512897 0.352423 0.512649 0.359581 0.510913 0.366740 0.508185 0.368943 0.506200 0.368943 0.501736 0.366740 0.499752 0.361233 0.497520 0.351872 0.495040 0.344163 0.493800 0.325991 0.493800
0 0.383260 0.454117 0.378304 0.451637 0.370044 0.450397 0.360683 0.451637 0.349670 0.455605 0.342511 0.460565 0.340859 0.463046 0.343612 0.464782 0.350220 0.466270 0.358260 0.466815 0.369824 0.461905 0.379350 0.460838 0.385187 0.461558 0.386564 0.458829
0 0.386013 0.461558 0.376101 0.461062 0.370595 0.461806 0.366740 0.462798 0.357379 0.467510 0.352974 0.473958 0.352974 0.478919 0.360683 0.483383 0.370595 0.483631 0.378304 0.482143 0.386013 0.477927 0.388767 0.474950 0.389868 0.467510 0.388216 0.463542
0 0.344714 0.471478 0.334802 0.470238 0.325441 0.470486 0.319934 0.471974 0.316079 0.474454 0.313877 0.477679 0.313326 0.482887 0.317181 0.487847 0.319934 0.489335 0.323789 0.490079 0.328194 0.490079 0.337555 0.488343 0.341960 0.486359 0.349119 0.479167 0.349119 0.473958
0 0.394273 0.491319 0.389317 0.492808 0.383811 0.497520 0.384361 0.502480 0.387115 0.506200 0.392621 0.509673 0.403634 0.512897 0.411344 0.514137 0.414648 0.514137 0.417401 0.513145 0.425661 0.506696 0.425661 0.502728 0.422357 0.497520 0.419604 0.495040 0.410242 0.491567 0.406388 0.491071
0 0.387665 0.508433 0.376652 0.508433 0.370044 0.509425 0.366740 0.510913 0.364537 0.513889 0.363987 0.517857 0.367841 0.523562 0.373348 0.527034 0.377753 0.531250 0.387665 0.530010 0.398678 0.525050 0.403084 0.521825 0.405837 0.517857 0.404736 0.514385 0.402533 0.512649 0.396476 0.510417
0 0.428965 0.510913 0.422907 0.511905 0.419053 0.513889 0.410242 0.515625 0.407489 0.516865 0.403084 0.521081 0.401982 0.525794 0.405837 0.529762 0.409141 0.531250 0.421256 0.533482 0.432269 0.533978 0.437775 0.532986 0.443282 0.529266 0.445485 0.521081 0.444383 0.517857 0.440529 0.514385 0.431718 0.511161
0 0.457048 0.525794 0.450441 0.526786 0.444383 0.529018 0.436123 0.533730 0.433921 0.536458 0.434471 0.540923 0.438877 0.543651 0.447137 0.545635 0.457048 0.545387 0.464758 0.544395 0.468062 0.542659 0.469163 0.541171 0.469714 0.536954 0.466960 0.532738 0.462004 0.528522
0 0.386013 0.530506 0.377753 0.532242 0.370595 0.536954 0.368943 0.540923 0.369493 0.545883 0.372247 0.549851 0.377203 0.552579 0.384912 0.554067 0.395925 0.554067 0.403084 0.552331 0.409141 0.548859 0.409692 0.540675 0.406388 0.535466 0.400881 0.531994 0.396476 0.531002
0 0.344714 0.524306 0.338656 0.525546 0.334802 0.527034 0.332048 0.530010 0.332048 0.534226 0.334251 0.536706 0.341410 0.541171 0.351872 0.543155 0.357379 0.542659 0.360683 0.541915 0.368943 0.537698 0.373348 0.533234 0.372797 0.528770 0.368943 0.526538 0.362885 0.525050 0.354626 0.524306
0 0.324890 0.529266 0.308921 0.525794 0.298458 0.526290 0.291300 0.527530 0.288546 0.529018 0.285793 0.532986 0.287445 0.537202 0.290749 0.541419 0.298458 0.543899 0.321035 0.542163 0.328744 0.537450 0.328744 0.531746
0 0.313326 0.510169 0.306718 0.511905 0.302863 0.514385 0.301762 0.517857 0.305617 0.524058 0.307819 0.525298 0.318282 0.528026 0.325441 0.529018 0.330396 0.528522 0.334251 0.527530 0.344163 0.523313 0.347467 0.517857 0.346366 0.514881 0.344714 0.513393 0.333700 0.510169 0.327093 0.509673
0 0.309471 0.504464 0.299559 0.504960 0.290749 0.506944 0.281388 0.509673 0.275330 0.512649 0.270925 0.517857 0.278634 0.523065 0.290749 0.526042 0.302313 0.525546 0.303965 0.524802 0.305066 0.521081 0.302313 0.517857 0.302313 0.513393 0.305617 0.511657 0.312775 0.509921 0.311674 0.505704
0 0.246696 0.512401 0.240088 0.513889 0.234031 0.517857 0.231828 0.521081 0.232379 0.525794 0.234031 0.528026 0.247247 0.532986 0.257159 0.533234 0.267621 0.531250 0.273128 0.529514 0.277533 0.525546 0.274780 0.520585 0.268172 0.516617 0.256608 0.513393
0 0.273678 0.480903 0.268172 0.484177 0.260187 0.490873 0.258811 0.494792 0.260463 0.498264 0.264868 0.501736 0.272577 0.503720 0.276432 0.503720 0.281388 0.502976 0.291300 0.497768 0.295154 0.494048 0.296256 0.489583 0.294053 0.486855 0.289097 0.483879
0 0.280837 0.468006 0.276432 0.469494 0.267621 0.474702 0.267070 0.478919 0.269824 0.480407 0.284692 0.482887 0.291850 0.485863 0.300661 0.486607 0.307269 0.484127 0.310022 0.481895 0.311123 0.479911 0.310022 0.475942 0.305617 0.472222 0.297907 0.468750 0.291850 0.467510
0 0.251652 0.476935 0.236784 0.477679 0.230727 0.479167 0.225771 0.482391 0.224119 0.485863 0.225771 0.490575 0.231278 0.494296 0.238436 0.496032 0.248348 0.496280 0.256608 0.494544 0.268722 0.482639 0.263216 0.478671
0 0.265969 0.453125 0.248899 0.454365 0.240639 0.458829 0.239537 0.465526 0.241740 0.469494 0.247247 0.472470 0.256608 0.473958 0.266520 0.473710 0.269824 0.472966 0.276982 0.469246 0.280286 0.466270 0.281938 0.458829 0.276982 0.455853 0.272026 0.454117
0 0.199890 0.450893 0.196035 0.449901 0.186123 0.449405 0.177863 0.450397 0.162996 0.453373 0.159692 0.459325 0.162445 0.463046 0.169604 0.466766 0.174559 0.467510 0.187225 0.467014 0.198238 0.463046 0.203194 0.459325 0.204846 0.455357
0 0.229626 0.452877 0.225220 0.452133 0.220264 0.452133 0.211454 0.454365 0.206498 0.456845 0.202093 0.462798 0.202643 0.468006 0.205947 0.470734 0.224670 0.471726 0.231828 0.470982 0.237335 0.469246 0.239537 0.467262 0.238436 0.459573
0 0.154185 0.475446 0.151432 0.476687 0.150330 0.478671 0.154185 0.483135 0.159692 0.486855 0.169604 0.490823 0.177313 0.491815 0.187225 0.491567 0.193833 0.487599 0.197687 0.483135 0.197687 0.477927 0.194383 0.475446 0.188326 0.473462 0.178965 0.472222 0.169053 0.472470 0.160793 0.474702
0 0.120595 0.462798 0.119493 0.467510 0.121696 0.468750 0.133811 0.469990 0.138216 0.470982 0.143722 0.473710 0.152533 0.475446 0.160793 0.474454 0.165198 0.472222 0.166850 0.466518 0.161344 0.462302 0.155286 0.460317 0.144824 0.459325 0.134361 0.459573 0.127753 0.460565
0 0.097467 0.451637 0.086454 0.454861 0.083700 0.458581 0.090308 0.466022 0.099119 0.468006 0.111784 0.468006 0.117291 0.467262 0.121145 0.462302 0.115639 0.453125 0.109581 0.450893
0 0.124449 0.469246 0.120595 0.469990 0.117291 0.471478 0.114537 0.473958 0.115639 0.484623 0.120044 0.489831 0.126101 0.492560 0.132709 0.493552 0.136564 0.493552 0.140969 0.491815 0.145374 0.485863 0.146476 0.483135 0.145925 0.476190 0.143172 0.472966 0.139868 0.470982 0.134361 0.469742
0 0.112885 0.472966 0.106278 0.472966 0.092511 0.475942 0.087004 0.477927 0.082599 0.481399 0.079295 0.485863 0.079846 0.487351 0.083150 0.489335 0.098018 0.492560 0.107379 0.492312 0.115088 0.490079 0.117291 0.486111 0.115088 0.481151 0.115088 0.473958
0 0.044604 0.460813 0.042952 0.463294 0.045705 0.467014 0.049559 0.469246 0.060573 0.473462 0.067731 0.475446 0.074890 0.476190 0.083150 0.476438 0.088106 0.474950 0.090308 0.466270 0.087555 0.462302 0.080947 0.457837 0.074890 0.456349 0.063326 0.456101 0.050110 0.458581
0 0.039648 0.469246 0.030286 0.471230 0.022577 0.474454 0.020925 0.476935 0.021476 0.482143 0.030286 0.487599 0.039648 0.490823 0.046806 0.492560 0.055617 0.492312 0.061674 0.488839 0.063326 0.486855 0.064427 0.482143 0.062775 0.476935 0.058921 0.472718 0.050661 0.469246 0.048458 0.468750
0 0.064978 0.488839 0.057269 0.491815 0.052863 0.495040 0.051211 0.497768 0.051211 0.502232 0.052313 0.503968 0.054515 0.505208 0.073789 0.508929 0.082599 0.509425 0.090308 0.506944 0.095264 0.502232 0.096366 0.499752 0.095815 0.494048 0.091960 0.491319 0.082048 0.488839 0.077643 0.488343
0 0.150771 0.501240 0.151432 0.498264 0.142621 0.495784 0.117841 0.498016 0.115088 0.498760 0.108480 0.499008 0.105176 0.499752 0.101872 0.501984 0.105727 0.503720 0.112885 0.504712 0.118943 0.506696 0.126652 0.507440 0.134361 0.506200 0.144824 0.505704 0.149780 0.503720
0 0.167952 0.491319 0.160242 0.493304 0.151432 0.497768 0.151432 0.502480 0.153634 0.505952 0.162996 0.511161 0.168502 0.512153 0.178965 0.512153 0.187225 0.509921 0.190529 0.507688 0.192181 0.505704 0.192731 0.500744 0.191079 0.498016 0.187225 0.495040 0.181718 0.492560 0.175110 0.491567
0 0.155286 0.506944 0.152533 0.506200 0.147026 0.505952 0.134361 0.506696 0.128855 0.507688 0.120044 0.510913 0.115639 0.514137 0.115639 0.518105 0.122247 0.523562 0.125551 0.524554 0.133811 0.525298 0.139868 0.524802 0.143172 0.524058 0.147577 0.521825 0.156388 0.519593 0.161344 0.513145 0.160242 0.509673
0 0.044604 0.506696 0.041300 0.508185 0.039648 0.509921 0.039097 0.514633 0.042952 0.519097 0.048458 0.522817 0.056167 0.525050 0.067731 0.525050 0.074339 0.524306 0.077643 0.522817 0.081498 0.518105 0.080947 0.513145 0.077643 0.509921 0.067291 0.508309 0.057269 0.505456
0 0.086454 0.514881 0.082599 0.516617 0.078194 0.521081 0.077093 0.525546 0.083700 0.529762 0.090859 0.532242 0.099670 0.533234 0.109031 0.532738 0.119493 0.528274 0.122247 0.525546 0.113987 0.515129 0.111784 0.514137 0.101872 0.513145
0 0.102974 0.534226 0.091410 0.534970 0.082599 0.538690 0.080947 0.543155 0.081498 0.546627 0.085352 0.550099 0.088656 0.551587 0.099670 0.553323 0.109581 0.551587 0.115088 0.549107 0.118943 0.545387 0.117841 0.540923 0.115088 0.538194 0.108480 0.534722
0 0.125000 0.527530 0.117841 0.529018 0.111233 0.532242 0.110132 0.533482 0.111784 0.537202 0.115088 0.538938 0.117291 0.542411 0.122247 0.546379 0.134912 0.549355 0.139868 0.543155 0.148128 0.536706 0.145925 0.533234 0.142621 0.530258 0.138767 0.528274 0.134361 0.527530
0 0.149229 0.521329 0.142070 0.525050 0.142070 0.529514 0.146476 0.533234 0.151432 0.535218 0.159692 0.536458 0.166850 0.535962 0.171256 0.534970 0.174559 0.533234 0.176211 0.530258 0.176762 0.525298 0.175661 0.524058 0.173458 0.523065 0.160793 0.520585 0.154736 0.520585
0 0.182819 0.520585 0.175661 0.524554 0.176762 0.530258 0.180066 0.533482 0.182819 0.534722 0.193282 0.535714 0.205396 0.535466 0.210903 0.533730 0.218612 0.530010 0.218612 0.525298 0.212555 0.520833 0.204846 0.519345 0.197137 0.519097 0.188326 0.519593
0 0.238987 0.529514 0.229626 0.528770 0.221366 0.529762 0.215859 0.531250 0.208150 0.534474 0.205947 0.536954 0.207048 0.544891 0.213106 0.547619 0.220264 0.548859 0.232930 0.548859 0.238987 0.548115 0.246145 0.544891 0.248899 0.541915 0.249449 0.536210 0.246145 0.532986
0 0.274229 0.530754 0.264868 0.532242 0.254405 0.535466 0.250000 0.540675 0.248899 0.545387 0.252203 0.548363 0.256608 0.550843 0.264868 0.552827 0.275881 0.552579 0.283590 0.551587 0.286894 0.549851 0.291300 0.545139 0.290198 0.540675 0.285793 0.534970 0.279736 0.531994
0 0.236784 0.549107 0.227423 0.549107 0.219163 0.550347 0.216410 0.551587 0.214207 0.555060 0.214207 0.561260 0.216410 0.563740 0.222467 0.566220 0.230176 0.567460 0.243392 0.564980 0.247247 0.562748 0.248899 0.559524 0.249449 0.555804 0.246696 0.552331 0.240639 0.549603
0 0.204295 0.545139 0.194934 0.544891 0.186123 0.546627 0.180617 0.549107 0.176762 0.552331 0.175110 0.555804 0.176211 0.559276 0.180066 0.562252 0.187225 0.564484 0.196586 0.565228 0.207048 0.563988 0.210903 0.562996 0.212555 0.561756 0.214207 0.557788 0.214758 0.551339 0.210903 0.546875
0 0.178414 0.537450 0.154185 0.536954 0.149229 0.537698 0.144824 0.539683 0.138767 0.544147 0.136564 0.548115 0.138216 0.552579 0.143722 0.555556 0.151432 0.557540 0.162445 0.558284 0.168502 0.557292 0.174009 0.555060 0.178965 0.550099 0.181718 0.548859 0.184471 0.545139 0.183370 0.540923
0 0.117291 0.548115 0.109581 0.551587 0.102974 0.552827 0.100771 0.554812 0.100220 0.557044 0.103524 0.561260 0.104075 0.564484 0.106828 0.566468 0.112335 0.568700 0.126652 0.569940 0.133811 0.568452 0.140969 0.565724 0.147026 0.560268 0.144273 0.556052 0.136013 0.551339 0.126652 0.548363
0 0.064978 0.550595 0.064427 0.553819 0.060573 0.559276 0.060573 0.562252 0.061674 0.564484 0.065529 0.566964 0.073789 0.569692 0.082599 0.570188 0.089758 0.569196 0.103524 0.564484 0.104075 0.559524 0.099670 0.556052 0.094714 0.553819 0.081498 0.551091
0 0.154185 0.559772 0.145925 0.562500 0.142070 0.567460 0.145925 0.575149 0.150330 0.576637 0.160793 0.578373 0.170705 0.578869 0.176762 0.577629 0.182269 0.575149 0.186123 0.571925 0.187225 0.567708 0.185022 0.564484 0.177863 0.561012 0.172357 0.559524 0.158040 0.559276
0 0.156938 0.578770 0.146861 0.575794 0.136839 0.577902 0.126652 0.582341 0.114537 0.587798 0.113436 0.592014 0.123899 0.597470 0.127203 0.598462 0.139868 0.599206 0.149229 0.598462 0.164593 0.594444 0.165198 0.587922 0.168557 0.580134
0 0.100220 0.574653 0.091410 0.571181 0.080396 0.570933 0.074339 0.571925 0.062775 0.576141 0.056167 0.580357 0.052863 0.583581 0.053965 0.586062 0.056718 0.587054 0.069934 0.588294 0.090859 0.589286 0.101322 0.587550 0.104075 0.585069 0.104075 0.579861
0 0.125551 0.571181 0.117841 0.570188 0.107930 0.570188 0.104626 0.571925 0.102974 0.584573 0.106278 0.586806 0.111233 0.587054 0.117291 0.586062 0.123348 0.584077 0.125551 0.582341 0.127753 0.577629 0.127203 0.571925
0 0.109031 0.590774 0.098568 0.590774 0.090308 0.592262 0.082599 0.594494 0.073789 0.595486 0.073789 0.599950 0.078744 0.602183 0.087004 0.604167 0.091410 0.606151 0.099670 0.607391 0.112335 0.604167 0.118392 0.603671 0.123899 0.599950 0.123348 0.597718 0.121696 0.595982
0 0.179515 0.579365 0.172357 0.580605 0.169053 0.581845 0.167401 0.583333 0.166850 0.588294 0.165198 0.591270 0.165749 0.593750 0.170154 0.597966 0.173458 0.599702 0.177313 0.600694 0.180066 0.599950 0.186674 0.595734 0.194934 0.593254 0.196586 0.592014 0.196586 0.587054 0.192181 0.581597 0.188326 0.580109
0 0.193282 0.566716 0.191079 0.568204 0.189427 0.571181 0.189978 0.574157 0.192731 0.577629 0.202643 0.582341 0.209251 0.584077 0.218612 0.587798 0.221366 0.588294 0.224670 0.587798 0.227974 0.584077 0.226872 0.568204 0.220815 0.565476 0.213106 0.564236 0.202093 0.564980
0 0.247797 0.565724 0.238987 0.566220 0.231278 0.568204 0.229075 0.569196 0.226872 0.571677 0.227423 0.576637 0.230176 0.581101 0.234031 0.584077 0.234031 0.588046 0.238987 0.589286 0.243392 0.588046 0.250000 0.583581 0.258260 0.580357 0.261564 0.575397 0.261564 0.571925 0.258811 0.568204
0 0.283590 0.570188 0.269824 0.572173 0.263216 0.574157 0.258811 0.576389 0.258260 0.580605 0.262115 0.584325 0.267621 0.586310 0.273678 0.587302 0.283040 0.587302 0.295154 0.584325 0.297357 0.582589 0.297357 0.578373 0.291850 0.575149 0.287996 0.571677
0 0.283040 0.552331 0.273678 0.553323 0.267621 0.559028 0.264868 0.560516 0.259361 0.568204 0.261013 0.570188 0.264868 0.571925 0.275330 0.571181 0.282489 0.569692 0.291300 0.561756 0.294604 0.560020 0.296256 0.556300
0 0.323789 0.543651 0.317731 0.542411 0.312775 0.542907 0.305617 0.544395 0.299009 0.546627 0.295154 0.551835 0.296256 0.556548 0.299009 0.559028 0.307819 0.560020 0.317731 0.560020 0.326542 0.557540 0.328744 0.553819 0.329295 0.548363 0.327643 0.545635
0 0.338656 0.542659 0.334251 0.543403 0.331498 0.544643 0.328744 0.547619 0.327643 0.557292 0.329295 0.560020 0.332048 0.562500 0.334802 0.563244 0.341410 0.563988 0.352423 0.563988 0.360683 0.562252 0.365088 0.559028 0.366189 0.555556 0.364537 0.551835 0.355727 0.544891 0.344163 0.542411
0 0.292952 0.561260 0.285242 0.567956 0.286894 0.572173 0.292401 0.576389 0.301762 0.578869 0.318282 0.579365 0.326542 0.577877 0.330947 0.576141 0.333700 0.573413 0.333700 0.571181 0.328744 0.565724 0.323238 0.562996 0.309471 0.560020 0.299559 0.559772
0 0.880507 0.542907 0.877753 0.545139 0.882159 0.549355 0.882709 0.553075 0.890969 0.558036 0.897026 0.560764 0.903634 0.562004 0.909141 0.562252 0.917401 0.560516 0.923458 0.557044 0.927863 0.553075 0.926211 0.548611 0.923458 0.546379 0.916850 0.543651 0.909692 0.541667 0.898678 0.541667 0.892070 0.542907
0 0.729075 0.540179 0.722467 0.544891 0.723568 0.550347 0.727974 0.554067 0.734031 0.557292 0.743392 0.558284 0.752203 0.557788 0.764868 0.550099 0.765419 0.548363 0.763216 0.544891 0.753855 0.541419 0.745595 0.539931 0.734031 0.539435
0 0.769824 0.551587 0.761013 0.551835 0.753304 0.556548 0.751652 0.559524 0.752203 0.563740 0.755507 0.568700 0.760463 0.571181 0.769824 0.569940 0.779185 0.564732 0.780837 0.556300 0.773678 0.552579
0 0.733480 0.558532 0.730176 0.559276 0.726872 0.561508 0.720815 0.567956 0.721916 0.569940 0.728524 0.576389 0.730727 0.577381 0.733480 0.577877 0.744493 0.577877 0.750551 0.577133 0.758811 0.572669 0.757159 0.568452 0.751101 0.560020 0.746145 0.558780
0 0.699890 0.551835 0.694934 0.553075 0.688877 0.556548 0.687775 0.559276 0.688877 0.562748 0.695485 0.566220 0.699339 0.567212 0.709802 0.567708 0.719163 0.566964 0.724119 0.564980 0.729075 0.560516 0.729075 0.556548 0.724119 0.553819 0.717511 0.552083 0.708700 0.551091
0 0.655837 0.539683 0.651432 0.541171 0.648678 0.544147 0.648678 0.553323 0.651982 0.556796 0.662445 0.561012 0.665749 0.561508 0.676762 0.559028 0.686123 0.554812 0.689427 0.550099 0.689427 0.545139 0.684471 0.542659 0.674559 0.539931 0.667952 0.539435
0 0.613436 0.539435 0.607930 0.544395 0.608480 0.549107 0.612885 0.552331 0.621145 0.555308 0.629956 0.556052 0.639317 0.555308 0.645925 0.553075 0.648678 0.549355 0.648128 0.546627 0.644824 0.543155 0.637665 0.540179 0.620595 0.537946
0 0.449339 0.546379 0.445485 0.548115 0.440529 0.552579 0.440529 0.556548 0.443282 0.559524 0.448789 0.562252 0.454846 0.563492 0.462555 0.564236 0.467511 0.564236 0.471366 0.563492 0.475220 0.561012 0.476322 0.557292 0.475220 0.552579 0.471366 0.547123 0.468612 0.545635 0.465308 0.544891 0.455396 0.545387
0 0.399229 0.554067 0.395374 0.560020 0.395925 0.562252 0.398678 0.563740 0.415198 0.565724 0.430617 0.569444 0.441630 0.568700 0.448238 0.565476 0.448789 0.564236 0.441630 0.558780 0.439427 0.554812 0.435573 0.552579 0.427313 0.550099 0.422357 0.549107 0.412445 0.548859 0.406938 0.550347
0 0.384361 0.562252 0.377203 0.561508 0.362335 0.562996 0.351872 0.567212 0.346916 0.571925 0.348018 0.576141 0.360683 0.581349 0.370595 0.581597 0.378304 0.580853 0.383260 0.579117 0.387115 0.576637 0.387115 0.564236
0 0.391520 0.565724 0.387115 0.568452 0.387115 0.572917 0.389317 0.576885 0.394824 0.579613 0.400881 0.581845 0.411894 0.584077 0.423458 0.584077 0.431167 0.581845 0.436674 0.576389 0.435573 0.572173 0.431718 0.569444 0.421256 0.566220 0.408590 0.564484 0.403084 0.564236
0 0.465859 0.569692 0.457048 0.569692 0.448789 0.570437 0.441079 0.574157 0.431718 0.583085 0.433370 0.587798 0.439978 0.590278 0.447687 0.591766 0.456498 0.592262 0.465308 0.591270 0.470815 0.588046 0.475220 0.582589 0.475771 0.575893 0.473018 0.572173
0 0.378304 0.581349 0.361233 0.582093 0.355727 0.584573 0.353524 0.586806 0.353524 0.592014 0.357930 0.596478 0.365088 0.598710 0.369493 0.601190 0.378304 0.600942 0.387115 0.598214 0.390969 0.595982 0.394273 0.592014 0.394273 0.587302 0.392621 0.585565 0.387115 0.583085
0 0.308921 0.583829 0.298458 0.585069 0.285242 0.587798 0.284692 0.589038 0.280837 0.591518 0.280286 0.596230 0.285793 0.599702 0.297357 0.600694 0.306167 0.600446 0.309471 0.599702 0.316079 0.595734 0.318833 0.592014 0.317731 0.587550
0 0.251101 0.586062 0.244493 0.589286 0.242291 0.591270 0.244493 0.595734 0.250551 0.598214 0.256057 0.601935 0.259361 0.602927 0.264868 0.603423 0.270374 0.603175 0.278084 0.601935 0.282489 0.599702 0.281388 0.591518 0.279185 0.588542 0.264868 0.585069 0.255507 0.585069
0 0.230176 0.594742 0.224670 0.599206 0.225220 0.602679 0.227423 0.605407 0.238436 0.610119 0.247247 0.611607 0.257159 0.611855 0.259361 0.608135 0.257709 0.603423 0.251101 0.598958 0.239537 0.593750
0 0.194383 0.594246 0.187775 0.595734 0.182819 0.599454 0.182819 0.604663 0.184471 0.607391 0.193833 0.611607 0.205396 0.611359 0.212555 0.609127 0.215859 0.607143 0.218062 0.604167 0.216410 0.599702 0.213656 0.597718 0.208700 0.595734
0 0.151982 0.598214 0.142621 0.603175 0.141520 0.607887 0.145925 0.612351 0.151432 0.613839 0.159141 0.613343 0.167952 0.614087 0.171256 0.613839 0.174559 0.611855 0.175661 0.609375 0.177863 0.607639 0.178414 0.603175 0.169604 0.598958 0.161894 0.596974
0 0.116189 0.603919 0.108480 0.604911 0.101322 0.607639 0.098018 0.611111 0.098018 0.615575 0.099670 0.617063 0.105727 0.619048 0.116189 0.621032 0.118943 0.621032 0.126101 0.620040 0.130507 0.618800 0.133260 0.616071 0.132159 0.610863 0.128855 0.607143 0.126101 0.605655
0 0.075441 0.601438 0.063326 0.603175 0.056718 0.605407 0.051211 0.611111 0.051762 0.615575 0.055617 0.619048 0.064978 0.621280 0.072687 0.622024 0.076542 0.621528 0.087555 0.617808 0.090308 0.615575 0.094163 0.607143 0.087004 0.603175
0 0.034141 0.634921 0.030286 0.638145 0.033040 0.642609 0.039648 0.647073 0.049559 0.649554 0.055617 0.650050 0.065529 0.649802 0.073789 0.647569 0.079295 0.644097 0.083150 0.639137 0.083150 0.637649 0.078744 0.634673 0.072137 0.633185 0.064978 0.633185 0.056718 0.631944 0.046256 0.631696 0.039097 0.632937
0 0.100771 0.617560 0.090859 0.617312 0.077093 0.622024 0.072137 0.626488 0.072687 0.630952 0.075991 0.633185 0.083150 0.636161 0.099670 0.635665 0.109581 0.632937 0.112335 0.631200 0.112885 0.625992 0.115088 0.622768 0.111233 0.620784
0 0.126101 0.621528 0.116740 0.623760 0.113987 0.629464 0.113987 0.631944 0.115639 0.634673 0.118943 0.636657 0.124449 0.637897 0.128304 0.637897 0.139868 0.636161 0.144273 0.634673 0.146476 0.632192 0.148678 0.631200 0.148678 0.626488 0.143172 0.623512 0.134912 0.621776
0 0.147577 0.615079 0.142070 0.619296 0.150881 0.629712 0.155837 0.630704 0.169053 0.631200 0.172907 0.630208 0.176762 0.628472 0.183921 0.623512 0.184471 0.619048 0.178965 0.616071 0.169053 0.614335 0.154736 0.614087
0 0.238987 0.611607 0.236233 0.612847 0.230727 0.613591 0.225771 0.615079 0.220264 0.619544 0.218062 0.622768 0.218612 0.625000 0.221366 0.627232 0.247797 0.629464 0.252203 0.627976 0.258811 0.623264 0.257159 0.618800 0.250000 0.613095
0 0.274229 0.603175 0.272026 0.604415 0.269824 0.607887 0.270374 0.613839 0.273678 0.617808 0.278634 0.619544 0.290749 0.621776 0.299559 0.621280 0.303414 0.620288 0.310022 0.617063 0.313326 0.613839 0.314427 0.610615 0.312225 0.607391 0.303965 0.603423 0.294604 0.601935 0.281938 0.601687
0 0.263767 0.623016 0.256057 0.626736 0.256608 0.631448 0.260463 0.633433 0.273678 0.637897 0.281388 0.639137 0.286344 0.638393 0.293502 0.635169 0.294604 0.630208 0.296806 0.627232 0.291850 0.623016 0.281388 0.621528 0.273128 0.621528
0 0.326542 0.627480 0.318282 0.625000 0.308370 0.624008 0.300661 0.625248 0.297357 0.627232 0.294053 0.633929 0.295705 0.638145 0.297357 0.638889 0.301211 0.639137 0.308921 0.637153 0.317731 0.636161 0.323238 0.634921 0.326542 0.633433 0.327643 0.631696
0 0.349670 0.612351 0.348018 0.611607 0.341960 0.611111 0.324890 0.611855 0.318833 0.612847 0.312775 0.615327 0.311123 0.617063 0.310022 0.623016 0.316630 0.625496 0.325991 0.627728 0.335352 0.626240 0.341960 0.623264 0.350771 0.615823
0 0.376101 0.601438 0.369493 0.602431 0.366189 0.604911 0.360683 0.607143 0.359031 0.611111 0.359581 0.615327 0.365639 0.618800 0.376652 0.623016 0.387115 0.623512 0.395374 0.621032 0.398128 0.619296 0.401982 0.615575 0.401982 0.610367 0.399780 0.607143 0.393172 0.603423 0.387665 0.602183
0 0.454846 0.610615 0.448238 0.612103 0.442181 0.615079 0.437775 0.618800 0.436674 0.623512 0.438877 0.625496 0.448789 0.628224 0.455396 0.628968 0.465308 0.628968 0.471366 0.627728 0.476322 0.625248 0.479075 0.622272 0.479626 0.618056 0.476322 0.614335 0.468062 0.611111
0 0.519273 0.621776 0.506608 0.621776 0.497797 0.623016 0.488987 0.626240 0.486784 0.631448 0.489537 0.634425 0.498348 0.639385 0.505507 0.640129 0.515419 0.639633 0.517621 0.638889 0.519273 0.636657 0.523128 0.634177 0.527533 0.632192 0.534692 0.630456 0.536344 0.628720 0.536344 0.626488 0.528634 0.624256 0.526432 0.623016
0 0.569934 0.555556 0.566630 0.551587 0.562225 0.549107 0.551762 0.548363 0.547357 0.549603 0.528084 0.552579 0.524229 0.554563 0.522577 0.556796 0.528084 0.558036 0.535242 0.561260 0.540198 0.561756 0.552863 0.561756 0.561123 0.561260 0.567731 0.559276 0.569934 0.557788
0 0.587004 0.561260 0.577093 0.560764 0.562225 0.562252 0.547357 0.568452 0.542401 0.572173 0.542952 0.576389 0.545154 0.578125 0.551762 0.581101 0.560022 0.583085 0.570485 0.583085 0.579295 0.580109 0.584802 0.576389 0.588106 0.571429 0.589758 0.563988
0 0.543502 0.588294 0.537996 0.591270 0.536344 0.595982 0.541300 0.598462 0.551211 0.601190 0.561674 0.603175 0.570485 0.603175 0.576542 0.600942 0.579295 0.595486 0.576542 0.590526 0.570485 0.586558 0.563877 0.585069 0.560022 0.584821 0.552313 0.585813
0 0.617291 0.564236 0.612885 0.566468 0.611233 0.568204 0.609581 0.573165 0.612885 0.578373 0.621145 0.581845 0.645374 0.581349 0.656938 0.577877 0.661894 0.572421 0.661894 0.568204 0.653084 0.562748 0.641520 0.561508 0.629956 0.561508 0.623348 0.562500
0 0.627203 0.582093 0.623899 0.582589 0.616189 0.586558 0.613987 0.592262 0.616189 0.594742 0.623348 0.598214 0.639868 0.601687 0.648128 0.599454 0.652533 0.597470 0.656388 0.592758 0.654736 0.587798 0.652533 0.586062 0.643172 0.582341
0 0.691630 0.565228 0.672907 0.566220 0.666300 0.568204 0.664648 0.569692 0.661344 0.575645 0.661344 0.580605 0.664097 0.583581 0.673458 0.588790 0.683370 0.587302 0.691630 0.584325 0.696035 0.584077 0.697137 0.583085 0.696586 0.571925 0.698238 0.568204
0 0.699339 0.568204 0.696586 0.572173 0.696586 0.575893 0.693833 0.584077 0.699890 0.586062 0.710352 0.586310 0.717511 0.584821 0.720815 0.582341 0.726322 0.580109 0.727974 0.575645 0.723568 0.572173 0.718612 0.569940 0.710903 0.568204
0 0.699339 0.589038 0.695485 0.587550 0.691079 0.586806 0.682819 0.588790 0.662996 0.590030 0.658590 0.591766 0.655837 0.594990 0.655837 0.596230 0.659141 0.599950 0.664648 0.602431 0.672907 0.604415 0.680617 0.605407 0.685573 0.604911 0.696035 0.601935 0.700441 0.599454 0.702093 0.596478 0.702093 0.593502
0 0.752753 0.583085 0.747247 0.580853 0.739537 0.578869 0.731278 0.578621 0.727423 0.579117 0.714207 0.586310 0.707599 0.587798 0.708700 0.592262 0.711454 0.593750 0.716410 0.594494 0.729626 0.593006 0.747247 0.592262 0.752203 0.590278 0.754405 0.588046
0 0.795705 0.549851 0.792401 0.550843 0.781938 0.556052 0.780286 0.559028 0.780286 0.564732 0.783040 0.565724 0.794604 0.567212 0.805617 0.567708 0.813326 0.566468 0.818833 0.564484 0.819934 0.562252 0.819383 0.555308 0.818282 0.553323 0.814978 0.551339 0.806167 0.549355
0 0.829846 0.546875 0.825441 0.548859 0.820485 0.552579 0.819934 0.558532 0.821586 0.562996 0.825991 0.563740 0.838656 0.564236 0.847467 0.563244 0.854626 0.560268 0.856828 0.558532 0.857930 0.556052 0.856278 0.552579 0.850220 0.549107 0.839758 0.546627
0 0.821586 0.563492 0.819383 0.564732 0.807269 0.568204 0.805066 0.572421 0.813877 0.577877 0.829295 0.581349 0.832048 0.581349 0.842511 0.578621 0.848018 0.576389 0.850771 0.572421 0.849670 0.568452 0.848018 0.566964 0.839758 0.563988
0 0.890969 0.567708 0.882159 0.569444 0.874449 0.572421 0.870044 0.580357 0.876652 0.587054 0.882159 0.587798 0.889868 0.590030 0.900330 0.589782 0.904185 0.588294 0.907489 0.584325 0.908040 0.580109 0.910793 0.577381 0.910793 0.575893 0.907489 0.572173 0.900881 0.568204
0 0.322687 0.591518 0.318282 0.595486 0.310573 0.599702 0.307819 0.603671 0.313326 0.607143 0.325441 0.609375 0.335352 0.608631 0.343612 0.606151 0.346916 0.603919 0.347467 0.599206 0.344714 0.596230 0.334802 0.592014
0 0.834251 0.582341 0.833700 0.585565 0.836454 0.589782 0.842511 0.592510 0.846916 0.593502 0.857379 0.593750 0.868392 0.592262 0.874449 0.590278 0.877753 0.588046 0.874449 0.583829 0.866189 0.580109 0.862335 0.579365 0.846916 0.578373 0.837004 0.580357
0 0.812225 0.579861 0.806167 0.581349 0.800110 0.584077 0.798458 0.587054 0.799009 0.592758 0.802863 0.595486 0.812225 0.598214 0.823789 0.597718 0.830947 0.596230 0.836454 0.592262 0.833150 0.584077 0.830396 0.582093 0.822687 0.580109
0 0.784692 0.580853 0.778634 0.579861 0.769273 0.580605 0.757709 0.585565 0.751652 0.592014 0.753855 0.595486 0.760463 0.600198 0.776982 0.598462 0.792401 0.594742 0.797357 0.592510 0.797357 0.586558
0 0.881608 0.593254 0.879956 0.595734 0.882159 0.600694 0.884912 0.602183 0.899229 0.606399 0.909692 0.606151 0.914648 0.604911 0.914648 0.597718 0.906938 0.592758 0.900881 0.591270 0.888216 0.591270
0 0.916850 0.578373 0.911344 0.582341 0.907489 0.587798 0.907489 0.592014 0.909692 0.594246 0.916850 0.597470 0.926762 0.597222 0.938877 0.595238 0.941630 0.593750 0.942731 0.592014 0.940529 0.587798 0.935022 0.584325
0 0.944383 0.595734 0.932819 0.595982 0.921806 0.597966 0.915419 0.601637 0.914317 0.607812 0.918502 0.611359 0.928965 0.617560 0.934471 0.619792 0.943282 0.618800 0.950441 0.616567 0.956498 0.613343 0.962004 0.607639 0.962004 0.602927 0.958700 0.599454 0.952093 0.596726
0 0.830947 0.608879 0.827093 0.610863 0.823789 0.614831 0.826542 0.619296 0.854626 0.628224 0.856828 0.628472 0.865088 0.627232 0.868392 0.624008 0.867841 0.619048 0.865639 0.615079 0.860683 0.610615 0.857930 0.609375 0.849119 0.607391 0.839207 0.607391
0 0.796256 0.595238 0.786894 0.595982 0.783040 0.596974 0.779736 0.598710 0.775881 0.603175 0.775881 0.607391 0.780286 0.615079 0.786344 0.617808 0.791300 0.617312 0.802863 0.614087 0.810022 0.610615 0.813877 0.606895 0.814978 0.603423 0.812225 0.599454 0.806718 0.597222
0 0.751101 0.593998 0.745044 0.592758 0.724670 0.593254 0.715308 0.594990 0.705947 0.598958 0.704295 0.603671 0.709802 0.607887 0.716960 0.611607 0.735683 0.611359 0.743392 0.609871 0.750551 0.606895 0.755507 0.603423 0.757159 0.600446 0.756057 0.597718
0 0.699339 0.601687 0.691079 0.603175 0.681167 0.608135 0.678965 0.610615 0.677863 0.615327 0.679515 0.617808 0.685573 0.621032 0.700441 0.622768 0.708700 0.621528 0.715308 0.616319 0.715859 0.613591 0.713656 0.610119 0.703194 0.602927
0 0.638767 0.603919 0.636564 0.606399 0.636564 0.607887 0.640969 0.610615 0.643722 0.613591 0.650881 0.616815 0.664648 0.619296 0.674009 0.619048 0.676762 0.618304 0.678965 0.615823 0.679515 0.607143 0.675661 0.605407 0.666300 0.602679 0.658040 0.601190 0.645925 0.602431
0 0.588656 0.603175 0.589758 0.607887 0.595264 0.611111 0.604075 0.611855 0.622797 0.612103 0.631608 0.609871 0.636013 0.607639 0.636013 0.603175 0.633811 0.601438 0.629956 0.599702 0.613436 0.596478 0.602974 0.595982 0.596366 0.596974 0.591960 0.599454
0 0.683370 0.623016 0.680617 0.624256 0.678965 0.626240 0.678965 0.629960 0.680066 0.632440 0.683921 0.635417 0.690529 0.636905 0.707599 0.635913 0.713106 0.631200 0.712004 0.627480 0.709251 0.625248 0.704846 0.623512 0.692731 0.622024 0.688877 0.622024
0 0.726322 0.631944 0.721366 0.633433 0.718062 0.637401 0.718062 0.639881 0.721366 0.645089 0.723568 0.646825 0.733480 0.649554 0.743943 0.651042 0.750000 0.649058 0.756057 0.644841 0.757709 0.638889 0.756608 0.635169 0.754405 0.633681 0.748348 0.632192
0 0.812775 0.636657 0.805066 0.639881 0.802313 0.642361 0.799559 0.649058 0.800110 0.654266 0.804515 0.656746 0.812775 0.659226 0.823238 0.659970 0.834251 0.657986 0.837555 0.656498 0.840308 0.651538 0.839758 0.647073 0.835903 0.641617 0.833150 0.639881
0 0.764317 0.635169 0.759912 0.636657 0.758811 0.638393 0.758260 0.643601 0.759361 0.647073 0.763216 0.650546 0.769273 0.653274 0.772577 0.654018 0.776982 0.656002 0.778084 0.657242 0.787445 0.657490 0.799009 0.651290 0.802863 0.642857 0.802313 0.638889 0.795705 0.634921 0.785242 0.634425
0 0.716960 0.648065 0.710352 0.651042 0.706498 0.655258 0.705947 0.658978 0.709251 0.662450 0.718062 0.665179 0.730176 0.666419 0.734581 0.667411 0.744493 0.665675 0.748348 0.663690 0.750551 0.658482 0.747247 0.653770 0.739537 0.650298 0.726322 0.647321
0 0.759912 0.649554 0.753304 0.652034 0.751101 0.654018 0.748348 0.666419 0.753855 0.670883 0.758811 0.671875 0.771476 0.671627 0.778084 0.670139 0.782489 0.666171 0.782489 0.660466 0.775881 0.655010
0 0.752203 0.672123 0.742841 0.676091 0.741740 0.677579 0.741740 0.681796 0.743943 0.682540 0.751101 0.688740 0.753855 0.689732 0.761013 0.690476 0.772026 0.687500 0.774229 0.681300 0.769824 0.675843 0.763767 0.672371 0.761564 0.671875
0 0.795154 0.656250 0.789648 0.657986 0.784141 0.661706 0.778634 0.669891 0.778634 0.673115 0.780286 0.675099 0.786894 0.678075 0.804515 0.679315 0.813877 0.677331 0.817731 0.675595 0.821586 0.670883 0.821035 0.664931 0.819934 0.662698 0.815529 0.659970 0.805066 0.656746
0 0.700441 0.669643 0.695485 0.670635 0.682819 0.671627 0.678414 0.672619 0.666300 0.678075 0.662996 0.685516 0.673458 0.691716 0.680617 0.693948 0.682819 0.694196 0.692181 0.692956 0.695485 0.691468 0.703194 0.685764 0.705396 0.682292 0.705396 0.675595 0.701542 0.669891
0 0.716960 0.665923 0.708700 0.669891 0.707048 0.673115 0.707599 0.681052 0.711454 0.684524 0.716960 0.687004 0.726322 0.686756 0.731828 0.685516 0.737885 0.682788 0.741189 0.678819 0.741740 0.673363 0.737885 0.669395 0.735132 0.667907 0.727423 0.666171
0 0.828744 0.676339 0.819934 0.678571 0.815529 0.681300 0.813326 0.686012 0.818282 0.693204 0.829295 0.694692 0.840859 0.694940 0.847467 0.693452 0.852974 0.690228 0.852974 0.685516 0.846366 0.679563 0.839758 0.677579 0.832048 0.676339
0 0.786344 0.678819 0.781388 0.681052 0.776982 0.685268 0.778634 0.689484 0.795705 0.699157 0.804515 0.699157 0.816630 0.693700 0.816630 0.688988 0.813326 0.684524 0.808370 0.681548 0.801762 0.679315 0.796256 0.678571
0 0.743943 0.683532 0.735132 0.684028 0.731278 0.685764 0.722467 0.687500 0.719714 0.689236 0.717511 0.693204 0.718612 0.697173 0.723568 0.701389 0.727974 0.702877 0.734031 0.703373 0.744493 0.703125 0.750551 0.701637 0.755507 0.698909 0.756608 0.695437 0.755507 0.690972
0 0.689427 0.694196 0.680066 0.696677 0.674559 0.704861 0.677313 0.709821 0.683921 0.714038 0.690529 0.715278 0.700441 0.715278 0.718612 0.710565 0.724119 0.707341 0.725220 0.704365 0.722467 0.700893 0.717511 0.697421 0.716960 0.696181 0.714207 0.694940 0.709251 0.694196
0 0.766520 0.689484 0.758811 0.691468 0.757159 0.692460 0.755507 0.701637 0.769273 0.707837 0.774780 0.709573 0.787996 0.711558 0.792401 0.709821 0.795705 0.707093 0.799009 0.700893 0.786894 0.692956 0.778634 0.689484 0.772577 0.688988
0 0.847467 0.696925 0.836454 0.698909 0.832048 0.701141 0.828194 0.705357 0.829295 0.711806 0.832599 0.716766 0.843062 0.719990 0.850220 0.720486 0.856828 0.719494 0.864537 0.715774 0.869493 0.712550 0.870595 0.708581 0.867291 0.704117 0.861784 0.699653 0.856828 0.697669
0 0.801211 0.701885 0.798458 0.702629 0.795705 0.706845 0.792401 0.708829 0.792401 0.713294 0.802313 0.718750 0.812225 0.720982 0.819383 0.720486 0.828194 0.716766 0.829295 0.715278 0.829846 0.712054 0.827643 0.706845 0.824339 0.705109 0.813326 0.702133
0 0.740639 0.708829 0.741189 0.712302 0.747797 0.717758 0.752203 0.718502 0.762665 0.718502 0.775330 0.717262 0.786894 0.713046 0.784692 0.710813 0.773678 0.709077 0.764868 0.705357 0.753855 0.702381 0.751101 0.702381 0.747797 0.703621
0 0.789648 0.724454 0.786894 0.722222 0.778084 0.718006 0.759361 0.718254 0.747247 0.720734 0.749449 0.728423 0.756057 0.729911 0.761013 0.731895 0.769273 0.733631 0.780286 0.732887 0.787445 0.728919
0 0.696035 0.720486 0.706498 0.725198 0.714207 0.727679 0.725220 0.729167 0.736233 0.728919 0.744493 0.727679 0.746696 0.724950 0.746696 0.720982 0.744493 0.718502 0.738987 0.715278 0.727423 0.710813 0.716960 0.710813 0.700991 0.716766
0 0.675661 0.723710 0.671806 0.727431 0.672357 0.732639 0.680617 0.736855 0.685573 0.738343 0.700441 0.741319 0.709251 0.740079 0.718612 0.736359 0.720264 0.732639 0.718612 0.729415 0.708700 0.725198 0.692181 0.722470 0.680617 0.722718
0 0.731278 0.729911 0.727974 0.732143 0.726872 0.735119 0.727974 0.740327 0.737335 0.745040 0.741740 0.746280 0.750551 0.747272 0.760463 0.746528 0.771476 0.740575 0.771476 0.735863 0.770374 0.734623 0.765969 0.732887 0.751652 0.729415 0.738436 0.728919
0 0.803965 0.719742 0.794604 0.722966 0.783040 0.732639 0.786894 0.736359 0.791300 0.738343 0.803965 0.741071 0.823789 0.740575 0.825991 0.739583 0.827643 0.737599 0.826542 0.728423 0.816630 0.722222
0 0.822137 0.740575 0.803414 0.741071 0.800110 0.742063 0.798458 0.744048 0.803965 0.754960 0.806718 0.755952 0.814427 0.757192 0.822137 0.757440 0.826542 0.756696 0.831498 0.754960 0.834802 0.752232 0.835903 0.748016 0.834251 0.745288 0.830396 0.742063
0 0.865639 0.729911 0.855727 0.731895 0.850771 0.733879 0.843612 0.738343 0.839758 0.743552 0.840308 0.746776 0.842511 0.749008 0.848018 0.752480 0.855176 0.754216 0.864537 0.754216 0.877203 0.752728 0.884912 0.749752 0.891520 0.744296 0.892070 0.739583 0.887665 0.735863 0.881057 0.733135
0 0.813326 0.758433 0.812775 0.760665 0.817731 0.767609 0.824339 0.772073 0.835352 0.777530 0.838656 0.778274 0.841960 0.778026 0.846916 0.776786 0.857379 0.771577 0.856828 0.767609 0.851872 0.764385 0.844714 0.762649 0.833150 0.760913 0.824890 0.758433
0 0.771476 0.741319 0.764868 0.744048 0.759361 0.748016 0.759361 0.752232 0.762115 0.756696 0.768722 0.760169 0.777533 0.761657 0.787996 0.761161 0.795705 0.759673 0.801211 0.756448 0.802313 0.754960 0.802863 0.751736 0.801762 0.748016 0.799009 0.745040 0.795705 0.743056 0.789097 0.741567 0.780837 0.740823
0 0.761013 0.756200 0.752753 0.756944 0.747247 0.758185 0.743392 0.760417 0.740639 0.764385 0.740088 0.767609 0.746145 0.775050 0.751652 0.776786 0.761013 0.776538 0.771476 0.774058 0.776982 0.771577 0.779736 0.768105 0.779185 0.764881 0.777533 0.762897 0.774229 0.761409 0.770374 0.760665
0 0.716410 0.768105 0.711454 0.770833 0.712004 0.775050 0.714758 0.777778 0.723018 0.781498 0.734031 0.784722 0.743943 0.784722 0.747247 0.783234 0.747797 0.778026 0.743943 0.770585 0.741740 0.768849 0.735132 0.766121 0.726322 0.766121
0 0.699890 0.743552 0.696586 0.747520 0.696586 0.755456 0.707599 0.760665 0.711454 0.765625 0.717511 0.767113 0.728524 0.766369 0.735683 0.764881 0.740639 0.762401 0.743392 0.759921 0.742291 0.755208 0.738436 0.751240 0.729075 0.747272 0.716410 0.744048 0.709251 0.742808
0 0.674559 0.744544 0.666300 0.743552 0.655837 0.744048 0.644273 0.747520 0.642621 0.750000 0.642621 0.754216 0.645925 0.759921 0.655837 0.762153 0.665198 0.762153 0.676762 0.758681 0.682819 0.755952 0.685573 0.752232 0.684471 0.747768
0 0.699339 0.756944 0.682269 0.756944 0.675110 0.758929 0.670705 0.760913 0.667952 0.763393 0.669604 0.772321 0.672907 0.774554 0.682269 0.776042 0.692181 0.776042 0.699339 0.774554 0.705947 0.772073 0.710352 0.767857 0.709802 0.762897 0.707048 0.759673
0 0.678965 0.787202 0.687775 0.790179 0.689978 0.795139 0.698789 0.801339 0.702093 0.802827 0.708150 0.804067 0.717511 0.804067 0.725771 0.795139 0.725771 0.790923 0.718062 0.786458 0.710352 0.785218 0.697687 0.785218 0.691630 0.786210 0.682269 0.785962
0 0.621696 0.716270 0.617841 0.720238 0.618943 0.724702 0.623899 0.729663 0.631057 0.732391 0.642070 0.732639 0.648128 0.732143 0.656388 0.728919 0.663546 0.724702 0.663546 0.723214 0.661894 0.721726 0.644273 0.719742 0.634361 0.716766 0.631057 0.715030
0 0.634361 0.704365 0.629956 0.709077 0.628304 0.713294 0.631608 0.715774 0.639868 0.718998 0.647577 0.720486 0.665749 0.721726 0.680066 0.718998 0.684471 0.717510 0.683921 0.715030 0.673458 0.706597 0.668502 0.705605 0.655837 0.704613 0.648128 0.702629 0.638767 0.702381
0 0.638767 0.689236 0.636564 0.692708 0.637115 0.695933 0.639868 0.698909 0.645925 0.702133 0.653084 0.704117 0.664648 0.705109 0.675110 0.703621 0.677863 0.701389 0.678965 0.696925 0.676762 0.693452 0.669604 0.689236 0.665198 0.687500 0.657489 0.686508 0.643172 0.687996
0 0.638216 0.671379 0.630507 0.673115 0.627753 0.674603 0.625000 0.677083 0.626652 0.681548 0.638767 0.686508 0.648128 0.687500 0.659692 0.686012 0.662445 0.684276 0.664097 0.681796 0.663546 0.677331 0.661894 0.675843 0.652533 0.671627 0.648128 0.670883
0 0.573238 0.628968 0.568833 0.628472 0.556718 0.629712 0.553414 0.630456 0.550661 0.632440 0.549559 0.634921 0.553414 0.642113 0.553965 0.646329 0.555617 0.646825 0.567181 0.647569 0.574339 0.647073 0.579846 0.645833 0.584802 0.643105 0.585903 0.638145 0.583700 0.633433 0.579846 0.630952
0 0.534141 0.630456 0.525330 0.632688 0.521476 0.634921 0.518172 0.638145 0.518722 0.641617 0.523678 0.645585 0.534141 0.649802 0.544053 0.649802 0.553965 0.646329 0.553965 0.640377 0.548458 0.631944 0.545154 0.630704
0 0.654736 0.644097 0.645374 0.643849 0.636564 0.644841 0.632159 0.646577 0.626101 0.650794 0.623899 0.656746 0.625000 0.660466 0.631057 0.663938 0.637665 0.665427 0.648678 0.665675 0.655286 0.664435 0.665198 0.660218 0.667401 0.658482 0.670154 0.654762 0.669053 0.650794 0.663546 0.647073
0 0.587004 0.640377 0.582048 0.646081 0.582048 0.647817 0.585903 0.656746 0.588656 0.659722 0.592511 0.661954 0.598018 0.663194 0.604626 0.663442 0.615088 0.661706 0.624449 0.657490 0.625551 0.652778 0.623899 0.650298 0.621145 0.649306 0.614537 0.644841 0.605727 0.641617 0.597467 0.640377
0 0.567181 0.658482 0.561674 0.659722 0.556718 0.662202 0.553414 0.665923 0.553414 0.670139 0.556167 0.672619 0.566079 0.676835 0.570485 0.677827 0.579846 0.678075 0.587004 0.676339 0.593062 0.672371 0.594714 0.670139 0.593612 0.664435 0.590859 0.661954 0.584802 0.658978 0.580396 0.658234
0 0.562775 0.680308 0.555066 0.685764 0.553414 0.689236 0.554515 0.691220 0.557269 0.692956 0.571035 0.696181 0.585903 0.697669 0.596916 0.697669 0.605176 0.696429 0.607379 0.693204 0.600771 0.685516 0.593062 0.681548 0.587555 0.679563 0.579295 0.678323 0.568833 0.678323
0 0.541300 0.683780 0.534692 0.684772 0.528084 0.687252 0.525881 0.690228 0.525330 0.693700 0.528084 0.697421 0.534141 0.701885 0.544053 0.702629 0.552313 0.700645 0.556167 0.698909 0.557819 0.696677 0.552313 0.689236 0.548458 0.685764 0.544053 0.683780
0 0.558921 0.698165 0.548458 0.701141 0.540749 0.702133 0.537445 0.704117 0.537996 0.709573 0.545705 0.715526 0.553414 0.718750 0.560022 0.720238 0.570485 0.720734 0.573238 0.718750 0.576542 0.713294 0.575441 0.704365 0.571586 0.700149 0.569383 0.699157 0.562775 0.698165
0 0.597467 0.704117 0.592511 0.704365 0.585903 0.706101 0.582599 0.707837 0.580396 0.710565 0.580396 0.716270 0.584251 0.724702 0.587004 0.725942 0.595264 0.725198 0.612885 0.719990 0.618943 0.717014 0.619493 0.712302 0.615088 0.708829 0.606828 0.705605
0 0.613436 0.721974 0.607379 0.722718 0.602423 0.724702 0.595264 0.730407 0.592511 0.735863 0.591410 0.740327 0.593062 0.745040 0.595815 0.746776 0.604075 0.748760 0.614537 0.748760 0.622797 0.747272 0.629405 0.744296 0.631057 0.742063 0.630507 0.735863 0.628304 0.732887 0.617291 0.723958
0 0.578194 0.746528 0.570485 0.751488 0.568833 0.754464 0.570485 0.760417 0.574890 0.764633 0.578194 0.766121 0.585903 0.768105 0.595264 0.767857 0.604075 0.766121 0.609031 0.763889 0.609031 0.760665 0.605727 0.754216 0.601872 0.750248 0.599119 0.748760 0.592511 0.747024 0.587004 0.746280
0 0.631057 0.744296 0.628855 0.744544 0.621145 0.747520 0.609031 0.749504 0.606278 0.751488 0.605727 0.755952 0.609581 0.763145 0.610683 0.763889 0.622247 0.766369 0.631057 0.766369 0.639317 0.763145 0.643172 0.760169 0.642621 0.750992 0.640969 0.748264 0.634912 0.745288
0 0.658040 0.762649 0.649229 0.761409 0.641520 0.762153 0.633811 0.764633 0.628304 0.767609 0.626101 0.770585 0.625000 0.775546 0.630507 0.781994 0.639868 0.782490 0.643172 0.781746 0.664097 0.774554 0.667952 0.772569 0.668502 0.770089 0.667401 0.767113
0 0.594714 0.772073 0.587555 0.775546 0.585903 0.779762 0.588106 0.783730 0.592511 0.786458 0.601322 0.789683 0.615088 0.791667 0.622247 0.791915 0.624449 0.787202 0.629405 0.783234 0.628304 0.778770 0.621696 0.773562 0.613436 0.771081 0.603524 0.770585
0 0.220264 0.628472 0.214207 0.630456 0.210903 0.633929 0.209251 0.637649 0.209802 0.641369 0.212004 0.644097 0.219714 0.648562 0.221366 0.650298 0.231278 0.651290 0.235132 0.649802 0.236233 0.646329 0.240088 0.642857 0.243943 0.641369 0.247247 0.638889 0.246696 0.632440 0.243943 0.630704 0.231278 0.628968
0 0.274780 0.639633 0.267621 0.638889 0.247797 0.639385 0.239537 0.642609 0.236233 0.647073 0.240088 0.652034 0.245595 0.656498 0.250000 0.657490 0.257709 0.657986 0.267070 0.657242 0.273128 0.655754 0.279736 0.649802 0.281938 0.643353 0.281388 0.642113
0 0.192181 0.669891 0.189427 0.668651 0.177863 0.666419 0.158040 0.671131 0.154736 0.673115 0.153084 0.676835 0.154736 0.680308 0.158590 0.682044 0.177863 0.684276 0.190529 0.681300 0.194383 0.678323 0.194383 0.673115
0 0.107379 0.637897 0.100771 0.635913 0.090859 0.636161 0.085352 0.637153 0.074339 0.647569 0.068833 0.650546 0.073238 0.651786 0.082599 0.652530 0.094163 0.652530 0.101322 0.651538 0.107379 0.649306 0.110683 0.646825 0.111233 0.641617
0 0.162445 0.630704 0.151982 0.631448 0.145925 0.634673 0.145374 0.638641 0.141520 0.642857 0.143172 0.646577 0.151432 0.649554 0.161344 0.646577 0.161344 0.638145 0.166300 0.635417 0.169604 0.634921
0 0.187225 0.631696 0.175661 0.631944 0.170705 0.632688 0.161344 0.638641 0.160793 0.643105 0.163546 0.646825 0.166850 0.648562 0.174009 0.650298 0.177863 0.652034 0.187775 0.649554 0.203744 0.648313 0.206498 0.646825 0.205947 0.642361 0.203744 0.640625 0.200991 0.635913 0.196586 0.633681
0 0.196586 0.649554 0.187225 0.650298 0.177313 0.657242 0.177313 0.662202 0.186123 0.666915 0.196035 0.666915 0.203744 0.665675 0.210903 0.662202 0.211454 0.657738 0.208700 0.654266
0 0.148128 0.653274 0.137665 0.657738 0.140419 0.663690 0.147577 0.667907 0.151982 0.669395 0.161344 0.669891 0.169604 0.668651 0.175661 0.665923 0.177863 0.662946 0.178414 0.656994 0.176211 0.654514 0.171256 0.653026 0.164097 0.652530 0.151432 0.652530
0 0.124449 0.639137 0.119493 0.640873 0.113987 0.645337 0.110683 0.650298 0.112335 0.654266 0.117291 0.657986 0.123899 0.658482 0.136564 0.657986 0.149780 0.654018 0.150881 0.650298 0.144824 0.646329 0.140969 0.642361 0.137115 0.640377 0.132709 0.639385
0 0.100220 0.653274 0.093062 0.656250 0.090859 0.659226 0.090859 0.663442 0.094714 0.667659 0.109031 0.669147 0.117291 0.667907 0.120595 0.662450 0.120595 0.660218 0.116740 0.657986 0.111233 0.653026 0.109031 0.652034
0 0.122247 0.659722 0.117841 0.664931 0.117841 0.667163 0.120595 0.670635 0.134361 0.675347 0.143172 0.676835 0.151982 0.675843 0.153084 0.674107 0.151982 0.669891 0.142070 0.662946 0.139868 0.660218 0.136013 0.658978 0.126101 0.658978
0 0.104626 0.668899 0.100220 0.668403 0.093612 0.668899 0.085903 0.670883 0.080396 0.674355 0.078744 0.676835 0.079846 0.681796 0.082599 0.683780 0.090308 0.686508 0.102974 0.686012 0.106828 0.684772 0.110683 0.682044 0.113436 0.678075 0.113436 0.673611 0.110683 0.670883
0 0.126652 0.671875 0.118943 0.671875 0.116189 0.672371 0.109031 0.683284 0.105727 0.685020 0.109031 0.688244 0.111233 0.693204 0.116189 0.694196 0.128304 0.693700 0.139317 0.691716 0.143722 0.689484 0.151982 0.681796 0.148128 0.678571 0.139317 0.675595 0.132159 0.674107
0 0.170154 0.683284 0.161894 0.682292 0.151982 0.682540 0.147026 0.685764 0.144273 0.689236 0.144273 0.698661 0.145925 0.702877 0.150330 0.704613 0.158040 0.704117 0.162445 0.702629 0.169604 0.698165 0.175110 0.693204 0.176762 0.689732 0.176211 0.685268
0 0.209802 0.679812 0.207048 0.679315 0.195485 0.679315 0.183921 0.683284 0.180066 0.685268 0.177313 0.688988 0.176211 0.693204 0.172907 0.697173 0.175661 0.698909 0.177863 0.699405 0.196586 0.699653 0.205947 0.698413 0.217511 0.695188 0.220264 0.693204 0.222467 0.688740 0.219714 0.685516
0 0.257159 0.680060 0.248348 0.678571 0.238987 0.679067 0.227423 0.683036 0.224119 0.686012 0.223018 0.689484 0.224670 0.692212 0.228524 0.694692 0.237335 0.696429 0.247797 0.696677 0.255507 0.695188 0.260463 0.693452 0.263767 0.690476 0.265419 0.685268 0.262115 0.682044
0 0.218062 0.660962 0.211454 0.663194 0.207599 0.665923 0.206498 0.668403 0.207048 0.673859 0.210352 0.677083 0.216960 0.680060 0.221916 0.680804 0.231828 0.681052 0.237885 0.679563 0.243392 0.677331 0.247247 0.673859 0.248899 0.669643 0.243392 0.663938 0.240639 0.662698 0.230727 0.660714
0 0.250000 0.660218 0.245595 0.661954 0.245595 0.666419 0.253855 0.672123 0.264317 0.674603 0.274780 0.675099 0.278084 0.674355 0.284692 0.671379 0.290198 0.666915 0.290749 0.665427 0.287996 0.661954 0.276432 0.658482 0.274229 0.657242 0.256057 0.658730
0 0.299009 0.650546 0.292952 0.653026 0.286894 0.657986 0.287996 0.661706 0.292952 0.666171 0.299559 0.668403 0.307819 0.669395 0.317731 0.668899 0.325441 0.666667 0.329295 0.663938 0.330396 0.661706 0.328744 0.658234 0.322137 0.654266 0.317731 0.652778 0.308921 0.651042
0 0.308370 0.671131 0.299009 0.672619 0.290198 0.676339 0.286894 0.680556 0.286894 0.683036 0.289097 0.685268 0.294053 0.687252 0.308370 0.690724 0.317731 0.690228 0.327093 0.687748 0.330396 0.685268 0.331498 0.680308 0.330396 0.677579 0.324890 0.673363 0.318282 0.671627
0 0.272577 0.684524 0.265969 0.686508 0.264317 0.688492 0.262665 0.693948 0.265969 0.697173 0.273678 0.699901 0.282489 0.704117 0.294604 0.702381 0.304515 0.697173 0.306167 0.692460 0.303965 0.689732 0.286894 0.684524 0.283590 0.684028
0 0.369493 0.635913 0.362335 0.638641 0.357930 0.646081 0.359031 0.649802 0.364537 0.652530 0.369493 0.654018 0.377753 0.654762 0.387115 0.654018 0.394273 0.652282 0.403634 0.648562 0.405837 0.646825 0.405286 0.645337 0.394273 0.638641 0.387665 0.636657 0.382159 0.635913
0 0.350771 0.649058 0.343062 0.650050 0.336454 0.653770 0.334251 0.657490 0.334251 0.661954 0.337555 0.665923 0.342511 0.668155 0.353524 0.668899 0.363987 0.666419 0.378855 0.658482 0.378855 0.657738 0.360132 0.649802
0 0.394824 0.652530 0.384912 0.656498 0.379956 0.661954 0.381608 0.666419 0.389868 0.670387 0.400330 0.673363 0.412445 0.674355 0.421256 0.673859 0.422907 0.672123 0.422907 0.667907 0.421806 0.665427 0.416850 0.660218 0.412445 0.657490 0.404185 0.654018 0.399229 0.652778
0 0.448238 0.633185 0.440529 0.633433 0.433921 0.634673 0.425661 0.638889 0.423458 0.642113 0.424009 0.647073 0.426211 0.649058 0.431718 0.651786 0.438877 0.653522 0.449339 0.653274 0.454295 0.652282 0.463106 0.648810 0.465859 0.646329 0.466410 0.641865 0.463106 0.638145 0.457048 0.634921
0 0.437775 0.658978 0.433370 0.659970 0.427863 0.662698 0.425110 0.665427 0.425110 0.669643 0.426762 0.672867 0.430066 0.674851 0.436123 0.676587 0.443282 0.676835 0.448238 0.676339 0.452093 0.674851 0.458150 0.669891 0.459251 0.665923 0.453744 0.661458 0.449890 0.659722
0 0.464758 0.649058 0.459251 0.651042 0.453744 0.654762 0.452093 0.658482 0.453744 0.662450 0.455396 0.663690 0.462555 0.666915 0.466960 0.667659 0.483480 0.668155 0.490088 0.667163 0.495595 0.663938 0.497247 0.661458 0.496696 0.655506 0.492291 0.651290 0.489537 0.650050 0.482930 0.648562 0.470264 0.648313
0 0.497247 0.671875 0.491740 0.669395 0.486784 0.668651 0.463656 0.668651 0.457048 0.670387 0.452093 0.673611 0.452643 0.678075 0.455947 0.680060 0.465859 0.683284 0.472467 0.684028 0.489537 0.683284 0.497247 0.680804 0.500551 0.677827 0.500000 0.674107
0 0.456498 0.680060 0.448789 0.679563 0.442731 0.680060 0.438326 0.681052 0.427313 0.685268 0.423458 0.688988 0.423458 0.693948 0.425661 0.696181 0.428965 0.697669 0.437775 0.699405 0.448789 0.699157 0.457048 0.697669 0.464207 0.694444 0.470264 0.689484 0.470264 0.685268 0.465859 0.682788
0 0.490088 0.690476 0.482379 0.693204 0.477974 0.696429 0.477423 0.698909 0.478524 0.702133 0.485132 0.706349 0.500000 0.711806 0.509361 0.712302 0.518172 0.705109 0.519273 0.702133 0.518722 0.696677 0.514868 0.693452 0.506608 0.690724 0.501652 0.689980
0 0.514317 0.716518 0.512665 0.718502 0.513767 0.722718 0.525881 0.728671 0.528634 0.730903 0.534692 0.732887 0.543502 0.732391 0.550110 0.729415 0.557819 0.724702 0.557819 0.720486 0.552313 0.718006 0.542401 0.715278 0.538546 0.714782 0.525330 0.714782
0 0.508260 0.723462 0.500000 0.725198 0.493392 0.728175 0.487885 0.732391 0.486233 0.736359 0.489537 0.740327 0.495595 0.743552 0.501101 0.745536 0.507159 0.746528 0.517621 0.746032 0.529185 0.741815 0.531388 0.740327 0.531938 0.732391 0.518172 0.724702 0.513216 0.723710
0 0.539097 0.740823 0.533590 0.740823 0.528634 0.741815 0.521476 0.744792 0.518722 0.748016 0.518722 0.755952 0.521476 0.760665 0.524229 0.762153 0.533590 0.764385 0.543502 0.763641 0.555066 0.761657 0.558370 0.758433 0.562225 0.751984 0.561674 0.747768 0.556718 0.744296 0.549559 0.741815
0 0.533590 0.765873 0.530286 0.767609 0.527533 0.770833 0.530286 0.776290 0.533040 0.778026 0.560022 0.782490 0.569934 0.779018 0.573238 0.776042 0.574339 0.772569 0.573789 0.767609 0.570485 0.765377 0.561123 0.763393 0.550661 0.762897 0.540749 0.764137
0 0.560022 0.782986 0.552863 0.780754 0.536344 0.778274 0.529185 0.778274 0.517070 0.779514 0.513216 0.780754 0.509912 0.783730 0.509361 0.787946 0.511013 0.791915 0.516520 0.795387 0.525881 0.797123 0.535793 0.796875 0.542401 0.795883 0.550661 0.793651 0.555066 0.791419 0.559471 0.787202
0 0.489537 0.765377 0.482930 0.770337 0.481828 0.773810 0.482379 0.776290 0.487335 0.778770 0.496145 0.780506 0.508811 0.781498 0.519273 0.779018 0.523128 0.777530 0.525881 0.774554 0.526432 0.771081 0.520925 0.768105 0.518172 0.767609 0.515419 0.766121 0.508811 0.765129 0.496696 0.764633
0 0.474119 0.759673 0.479075 0.762153 0.486784 0.763393 0.507709 0.764881 0.515969 0.764385 0.518172 0.763641 0.520374 0.760913 0.517070 0.751488 0.513216 0.749256 0.509361 0.748512 0.499449 0.748016 0.493943 0.748760 0.484581 0.751984
0 0.447687 0.705109 0.439427 0.708581 0.435573 0.711806 0.432819 0.715774 0.433370 0.720238 0.438877 0.723214 0.445485 0.724454 0.458150 0.724454 0.466410 0.722966 0.473018 0.720734 0.473568 0.716518 0.468062 0.711062 0.459802 0.706101 0.457048 0.705109
0 0.395374 0.718006 0.390969 0.724702 0.393172 0.729663 0.395374 0.731647 0.400330 0.733879 0.404185 0.734623 0.421256 0.734127 0.430617 0.731647 0.437775 0.728671 0.438877 0.724206 0.427313 0.718998 0.414097 0.716766 0.406388 0.716518 0.400881 0.716766
0 0.364537 0.689236 0.360683 0.690972 0.356828 0.696925 0.359031 0.701141 0.363436 0.703373 0.373348 0.706349 0.386564 0.707341 0.395374 0.706101 0.401982 0.703373 0.409692 0.697173 0.406388 0.693700 0.398678 0.689980 0.389868 0.687996 0.382159 0.687252 0.373348 0.687500
0 0.323789 0.692212 0.317181 0.693948 0.312225 0.696925 0.310022 0.700397 0.311674 0.704117 0.315529 0.707093 0.324890 0.709821 0.333700 0.711062 0.342511 0.710565 0.351322 0.707837 0.354626 0.705109 0.354626 0.701141 0.351872 0.697421 0.344163 0.693948 0.340859 0.693204 0.332048 0.692212
0 0.343062 0.712798 0.341410 0.717014 0.368943 0.725446 0.376101 0.726190 0.383260 0.725694 0.389317 0.723710 0.392621 0.720982 0.393722 0.712302 0.390969 0.709325 0.387115 0.708085 0.368392 0.707589 0.359581 0.708333
0 0.325991 0.716022 0.317181 0.717510 0.312225 0.719742 0.308921 0.723710 0.308921 0.726190 0.310573 0.728919 0.319383 0.734127 0.324339 0.734871 0.333700 0.734623 0.336454 0.734127 0.343062 0.730407 0.344714 0.727679 0.344714 0.722718 0.342511 0.718750 0.339207 0.717014 0.334802 0.716022
0 0.292401 0.704365 0.286344 0.705357 0.283590 0.706597 0.281388 0.709821 0.274229 0.715030 0.271476 0.719990 0.273128 0.724702 0.282489 0.727679 0.294053 0.726935 0.302313 0.725446 0.310573 0.721230 0.313877 0.717758 0.313877 0.716022 0.308921 0.710813 0.299009 0.706101
0 0.273678 0.699901 0.265419 0.698413 0.256057 0.698909 0.248899 0.700397 0.245044 0.702133 0.239537 0.708829 0.240639 0.712798 0.244493 0.714782 0.247797 0.715526 0.258260 0.715526 0.273128 0.714534 0.279185 0.712054 0.281938 0.709573 0.281938 0.704613
0 0.231278 0.695933 0.221366 0.695933 0.206498 0.701389 0.203744 0.705109 0.210903 0.713790 0.218062 0.715774 0.223018 0.716022 0.234031 0.713542 0.238436 0.710565 0.244493 0.701885 0.243392 0.699405 0.239537 0.697669
0 0.189978 0.702629 0.185573 0.702629 0.180617 0.703621 0.170705 0.708829 0.169604 0.713542 0.171806 0.717014 0.178414 0.720238 0.186674 0.722222 0.196586 0.721478 0.203194 0.720238 0.208150 0.716270 0.209251 0.714038 0.208150 0.710069 0.204295 0.706101 0.199339 0.703869
0 0.121145 0.708581 0.122247 0.713294 0.127203 0.717510 0.132709 0.718750 0.144273 0.718502 0.153084 0.717014 0.164648 0.712798 0.165749 0.708829 0.160793 0.706845 0.150881 0.705109 0.135463 0.703621 0.126652 0.705109 0.122247 0.706845
0 0.109581 0.700893 0.099670 0.701141 0.088106 0.705109 0.083150 0.709077 0.082048 0.713790 0.084802 0.716766 0.095264 0.721974 0.099119 0.722966 0.107379 0.721726 0.117841 0.721478 0.121696 0.720238 0.125000 0.717262 0.122137 0.711458 0.122797 0.706597 0.115088 0.702133
0 0.125000 0.723214 0.120044 0.722718 0.106278 0.722718 0.098568 0.724206 0.096366 0.725694 0.094714 0.732143 0.095815 0.735863 0.099670 0.739831 0.108480 0.743056 0.117841 0.735863 0.127203 0.733135 0.133811 0.732391 0.135463 0.731151 0.136013 0.728175 0.129956 0.724702
0 0.160793 0.717014 0.152533 0.718750 0.148128 0.721230 0.144273 0.727431 0.144273 0.730159 0.145374 0.731647 0.150881 0.732887 0.156938 0.735863 0.161894 0.736855 0.170154 0.736855 0.181718 0.733879 0.186674 0.731399 0.189978 0.723958 0.186123 0.721726 0.178965 0.720238 0.170154 0.717014
0 0.161344 0.740327 0.158590 0.741071 0.156388 0.743304 0.155837 0.746280 0.148678 0.750000 0.133260 0.751984 0.133260 0.756448 0.134912 0.757688 0.146476 0.758929 0.152533 0.760169 0.156388 0.758185 0.161344 0.757688 0.167401 0.755952 0.171806 0.752232 0.172357 0.747768 0.169604 0.743552
0 0.145925 0.732391 0.134361 0.731895 0.122797 0.733631 0.116189 0.735615 0.111784 0.739583 0.109581 0.743304 0.111784 0.747768 0.115088 0.749504 0.125551 0.752232 0.143722 0.750992 0.153084 0.748264 0.158040 0.744792 0.158040 0.740079 0.153084 0.734623
0 0.221916 0.717758 0.216960 0.717262 0.208150 0.717758 0.202093 0.720734 0.194934 0.722222 0.192181 0.723462 0.185573 0.732639 0.187775 0.736607 0.194383 0.740079 0.202643 0.741567 0.213656 0.741815 0.222467 0.740823 0.229075 0.737847 0.231828 0.734127 0.231828 0.724454 0.228524 0.721478
0 0.259361 0.721726 0.248899 0.721726 0.242291 0.722718 0.235683 0.725198 0.232930 0.727927 0.231828 0.732391 0.232379 0.737103 0.236233 0.740327 0.247247 0.744792 0.260463 0.739335 0.267070 0.732887 0.267621 0.728423 0.266520 0.724702 0.263216 0.722470
0 0.212004 0.747768 0.211454 0.752480 0.215308 0.757440 0.218612 0.758681 0.221916 0.759177 0.240639 0.758929 0.246696 0.758185 0.248348 0.757440 0.251101 0.753224 0.251101 0.750496 0.247797 0.745288 0.241740 0.742312 0.239537 0.741815 0.230176 0.741815 0.217511 0.745288
0 0.307819 0.727431 0.301762 0.726438 0.290198 0.726935 0.285242 0.727927 0.281388 0.730159 0.276982 0.735863 0.276982 0.741071 0.282489 0.746032 0.291300 0.746776 0.301211 0.745784 0.309471 0.743800 0.313326 0.741815 0.317181 0.736607 0.316630 0.732639 0.313877 0.730407
0 0.468062 0.725942 0.463106 0.724950 0.452643 0.724702 0.444383 0.725446 0.438877 0.727183 0.431718 0.732391 0.432269 0.737351 0.436674 0.741319 0.448789 0.742560 0.460352 0.741071 0.468062 0.739335 0.472467 0.737351 0.474119 0.735367 0.474670 0.731895 0.473018 0.728919
0 0.465859 0.742808 0.457048 0.741567 0.449890 0.742312 0.437225 0.741815 0.430617 0.742808 0.425661 0.748016 0.425110 0.752480 0.430066 0.758433 0.439978 0.758929 0.450441 0.758185 0.459251 0.756696 0.466410 0.753224 0.471366 0.748264 0.470264 0.745784
0 0.468062 0.759921 0.463106 0.758185 0.455396 0.757440 0.435022 0.759177 0.430066 0.760417 0.424559 0.763393 0.424009 0.767857 0.426211 0.771825 0.428965 0.773313 0.438877 0.775794 0.448789 0.775546 0.457048 0.774058 0.463656 0.771329 0.466410 0.769097 0.469714 0.764137
0 0.420705 0.735367 0.415198 0.734375 0.404185 0.734623 0.394824 0.738839 0.390419 0.743552 0.390419 0.745536 0.392621 0.751240 0.395925 0.753472 0.405286 0.753720 0.420705 0.750744 0.425110 0.748760 0.427863 0.745784 0.428414 0.743056 0.426762 0.740079
0 0.394824 0.755704 0.385463 0.763393 0.386013 0.767361 0.391520 0.776042 0.395925 0.778522 0.405286 0.779514 0.413546 0.777778 0.418502 0.775546 0.419604 0.773313 0.422907 0.771825 0.422357 0.764881 0.414097 0.758929 0.404736 0.755952
0 0.351872 0.759177 0.343612 0.761161 0.341410 0.763145 0.340308 0.772321 0.341960 0.775546 0.345815 0.779266 0.355176 0.783234 0.359581 0.783978 0.368392 0.783482 0.379405 0.779514 0.382709 0.776042 0.382709 0.771577 0.381057 0.768105 0.378304 0.765625 0.370044 0.761657 0.361233 0.759425
0 0.370044 0.739335 0.363436 0.740079 0.355727 0.744048 0.351322 0.749008 0.350220 0.752232 0.355176 0.756200 0.360683 0.758681 0.370595 0.758681 0.379956 0.756448 0.388216 0.752232 0.387115 0.747768 0.378855 0.742312 0.373899 0.740079
0 0.334251 0.735367 0.323238 0.738591 0.320485 0.741071 0.319383 0.744792 0.322687 0.747520 0.329295 0.750992 0.331498 0.753224 0.334802 0.754712 0.344163 0.755704 0.347467 0.755208 0.350771 0.753224 0.355727 0.743800 0.355727 0.740079 0.351872 0.737599 0.343612 0.735119
0 0.308370 0.744296 0.303965 0.746032 0.290198 0.748264 0.285242 0.751736 0.285242 0.755952 0.289648 0.759921 0.295154 0.760913 0.303414 0.763889 0.308370 0.764633 0.317731 0.764385 0.327093 0.761905 0.330947 0.756696 0.330947 0.755208 0.326542 0.749752 0.318282 0.746528
0 0.309747 0.766443 0.326156 0.763145 0.334251 0.767361 0.337555 0.770833 0.339207 0.775298 0.338656 0.778770 0.335352 0.781746 0.328194 0.781250 0.315363 0.779812 0.305892 0.775719 0.299725 0.770833 0.302313 0.766691
0 0.291300 0.778770 0.289097 0.781250 0.288546 0.784970 0.289648 0.788938 0.293502 0.791915 0.301762 0.795883 0.308921 0.798115 0.316630 0.799355 0.325991 0.798115 0.332048 0.794891 0.335903 0.791419 0.335352 0.786954 0.333150 0.783978 0.323789 0.780506 0.316630 0.779514 0.308370 0.777282 0.299009 0.776786
0 0.283040 0.757192 0.273128 0.757688 0.267070 0.759177 0.261013 0.763145 0.256608 0.767609 0.255507 0.770337 0.256057 0.775298 0.261564 0.780506 0.266520 0.782738 0.274780 0.783234 0.288546 0.780506 0.296256 0.776290 0.299009 0.773065 0.300661 0.767857 0.299559 0.763641
0 0.186123 0.746776 0.178414 0.747768 0.175661 0.748760 0.173458 0.750744 0.171256 0.756200 0.176211 0.764137 0.182819 0.768601 0.187225 0.770585 0.193282 0.771825 0.196035 0.771825 0.199339 0.768849 0.209802 0.763393 0.212004 0.760169 0.212555 0.754960 0.210352 0.751240 0.203744 0.747768 0.196586 0.746528
0 0.230176 0.759177 0.224670 0.760417 0.221916 0.763145 0.224670 0.772817 0.228524 0.779018 0.230176 0.779762 0.239537 0.780010 0.247797 0.777778 0.252203 0.775546 0.254405 0.771577 0.254405 0.767361 0.252203 0.763641 0.247797 0.759425 0.241740 0.758929
0 0.220264 0.780506 0.210903 0.781250 0.204295 0.782986 0.199339 0.786954 0.198789 0.791171 0.201542 0.792411 0.203744 0.795387 0.208700 0.797619 0.209802 0.798859 0.214758 0.800099 0.217511 0.801339 0.219714 0.804067 0.223018 0.804812 0.227423 0.803323 0.236784 0.794891 0.239537 0.790923 0.239537 0.786458 0.236784 0.782986 0.233480 0.781498 0.230176 0.780754
0 0.160242 0.766865 0.145374 0.779018 0.143172 0.783482 0.147026 0.787450 0.159692 0.789683 0.168502 0.789683 0.178414 0.787202 0.179515 0.784722 0.179515 0.775298 0.170154 0.768601
0 0.143722 0.759425 0.136013 0.759673 0.131608 0.761161 0.125551 0.762153 0.123348 0.763641 0.118943 0.770833 0.118943 0.774802 0.120595 0.776290 0.125551 0.778522 0.134361 0.780506 0.142621 0.779018 0.152533 0.773313 0.153634 0.771825 0.154185 0.765873 0.152533 0.762897 0.147577 0.760417
0 0.100771 0.760665 0.090308 0.760417 0.073789 0.763641 0.068282 0.766369 0.064978 0.769345 0.063877 0.771329 0.064978 0.775794 0.074339 0.780754 0.079846 0.782242 0.084251 0.782490 0.091960 0.781498 0.099670 0.778770 0.106278 0.774306 0.108480 0.771577 0.107930 0.763641
0 0.139868 0.784474 0.129405 0.781498 0.125000 0.781250 0.115639 0.782738 0.109581 0.785218 0.103524 0.790427 0.099670 0.801339 0.099670 0.807044 0.109031 0.807540 0.114537 0.806052 0.117841 0.804315 0.134912 0.800843 0.141520 0.798363 0.144824 0.795387 0.147026 0.790427 0.145374 0.787698
0 0.757159 0.624256 0.754956 0.626736 0.756057 0.630208 0.758260 0.632192 0.762115 0.633681 0.769273 0.634921 0.784692 0.634325 0.791300 0.634425 0.794604 0.633433 0.798458 0.627728 0.797907 0.623512 0.792952 0.620040 0.787996 0.618304 0.779736 0.617312 0.773128 0.618056 0.768172 0.619296
0 0.809471 0.622768 0.801872 0.626240 0.803414 0.631622 0.806553 0.633978 0.813326 0.636161 0.829295 0.639633 0.839758 0.639137 0.848073 0.635069 0.850826 0.631349 0.850165 0.629514 0.847742 0.627282 0.838987 0.623934 0.830947 0.621701 0.823789 0.620536 0.813326 0.621528
0 0.856278 0.629464 0.854075 0.630456 0.850771 0.633929 0.851872 0.638393 0.856278 0.641369 0.859581 0.642857 0.871696 0.644841 0.881608 0.647569 0.891520 0.646577 0.892070 0.642609 0.890143 0.635789 0.889317 0.630332 0.883811 0.627976 0.874449 0.627480
0 0.904185 0.631696 0.897577 0.634921 0.896476 0.638889 0.898678 0.643626 0.904295 0.646528 0.916300 0.648810 0.924559 0.648537 0.931333 0.647272 0.937665 0.643403 0.938711 0.640129 0.937280 0.636409 0.934581 0.633656 0.925661 0.629960 0.920154 0.629712 0.914648 0.629960
0 0.855727 0.643105 0.850220 0.643849 0.842511 0.646081 0.839758 0.652778 0.840308 0.656994 0.844714 0.659722 0.859141 0.663542 0.866189 0.664683 0.873899 0.662946 0.880507 0.658730 0.882159 0.654514 0.880507 0.649058 0.878855 0.647073 0.874449 0.645337 0.867291 0.643849
0 0.838656 0.658730 0.832599 0.660962 0.825991 0.665179 0.825441 0.670883 0.827643 0.673115 0.834251 0.675843 0.839207 0.676835 0.848568 0.677331 0.856278 0.675843 0.862885 0.672619 0.864537 0.670387 0.863987 0.665923 0.858095 0.663690 0.846971 0.660565
0 0.918502 0.653026 0.899229 0.652530 0.889152 0.654216 0.881608 0.657738 0.877093 0.661905 0.878744 0.666915 0.897632 0.674554 0.912996 0.673363 0.919493 0.670040 0.922963 0.666195 0.926377 0.661806 0.926762 0.656994 0.924559 0.655010
0 0.876377 0.666518 0.873899 0.666915 0.865088 0.669147 0.861233 0.673363 0.850220 0.677827 0.848018 0.681796 0.853524 0.687004 0.856278 0.688492 0.865639 0.688988 0.880507 0.687748 0.888216 0.686260 0.895870 0.681498 0.896696 0.678075 0.896035 0.675149 0.889868 0.671825
0 0.881608 0.687252 0.863987 0.689484 0.860683 0.691964 0.859031 0.697421 0.863987 0.700893 0.868392 0.706101 0.872797 0.709325 0.877203 0.710813 0.884912 0.711310 0.891520 0.710565 0.899119 0.704960 0.899670 0.696677 0.898458 0.692634 0.892070 0.687748
0 0.891520 0.711558 0.881608 0.711558 0.868392 0.714038 0.854626 0.720486 0.855176 0.724702 0.874449 0.731399 0.883260 0.732143 0.890969 0.731151 0.900330 0.728175 0.902423 0.724430 0.902258 0.720387 0.898348 0.715055
0 0.918502 0.739583 0.909141 0.740079 0.894934 0.743080 0.889317 0.747768 0.886013 0.752406 0.891575 0.757168 0.896366 0.759747 0.907489 0.760913 0.916300 0.760665 0.920154 0.759921 0.925661 0.757440 0.928084 0.753720 0.927808 0.748686 0.925165 0.744717 0.923458 0.741319
0 0.864537 0.754712 0.855727 0.757440 0.853524 0.759425 0.851322 0.764137 0.856278 0.767857 0.859581 0.771825 0.865088 0.773562 0.874449 0.774802 0.881498 0.773611 0.888601 0.771652 0.892511 0.768477 0.894824 0.766617 0.893172 0.763393 0.886564 0.757937 0.878855 0.754960 0.875551 0.754216
0 0.687225 0.637401 0.691079 0.636657 0.703744 0.636657 0.708700 0.637153 0.716960 0.640625 0.719163 0.642609 0.720815 0.646825 0.708700 0.652282 0.691079 0.652282 0.679846 0.649653 0.686178 0.640724
0 0.656388 0.634921 0.654185 0.635665 0.653084 0.637153 0.653084 0.639881 0.656388 0.644097 0.670705 0.651538 0.673458 0.652282 0.676762 0.651786 0.681663 0.648313 0.684196 0.643651 0.687225 0.638393 0.682048 0.637252 0.676322 0.635069 0.669769 0.634648
0 0.952643 0.209821 0.941630 0.208085 0.935573 0.208333 0.928414 0.210565 0.922357 0.216518 0.919604 0.221478 0.919053 0.224702 0.922357 0.228671 0.926211 0.229663 0.937225 0.229663 0.952643 0.225694 0.960903 0.221974 0.963106 0.219742 0.963656 0.216270 0.960903 0.213046
0 0.907489 0.192956 0.900330 0.194444 0.894824 0.197173 0.891520 0.201885 0.891520 0.206349 0.892621 0.209077 0.896476 0.211310 0.910242 0.212550 0.923458 0.210813 0.931167 0.207589 0.933370 0.205357 0.933370 0.200645 0.929515 0.197421 0.921256 0.194196 0.916300 0.193204
0 0.924559 0.119544 0.917401 0.120784 0.909141 0.124752 0.904736 0.129960 0.904736 0.135417 0.908040 0.138889 0.913546 0.140873 0.925661 0.142609 0.936123 0.142609 0.943282 0.141617 0.952093 0.138641 0.955396 0.138393 0.958150 0.137401 0.959802 0.135169 0.958700 0.128968 0.956498 0.125992 0.949890 0.123016 0.934471 0.119544
0 0.899780 0.159722 0.892070 0.164435 0.888216 0.165923 0.887115 0.170387 0.884912 0.173363 0.886013 0.181300 0.890969 0.185020 0.900881 0.185764 0.909141 0.182292 0.917952 0.175595 0.920154 0.170139 0.919604 0.165923 0.915749 0.162202 0.909692 0.160218
0 0.875000 0.161458 0.872797 0.161458 0.867841 0.162698 0.849119 0.169891 0.845264 0.173363 0.845264 0.177827 0.847467 0.179563 0.873348 0.185020 0.882159 0.181796 0.884361 0.180060 0.885463 0.173611 0.888767 0.166171 0.885463 0.163690
0 0.869493 0.157986 0.856278 0.154762 0.842511 0.153522 0.833700 0.154018 0.829846 0.155010 0.825441 0.158234 0.824339 0.160962 0.825441 0.166667 0.829846 0.170139 0.834802 0.172123 0.838656 0.172867 0.845870 0.171577 0.851101 0.168651 0.869934 0.161830
0 0.865639 0.120784 0.856278 0.120040 0.848568 0.123264 0.839207 0.130704 0.837004 0.134177 0.836454 0.139633 0.838656 0.142857 0.846366 0.140873 0.866740 0.139633 0.872247 0.138145 0.877203 0.135417 0.878855 0.132688 0.877753 0.128472 0.874449 0.125744
0 0.795154 0.126488 0.783590 0.129216 0.775330 0.132937 0.772577 0.135169 0.771476 0.139137 0.774229 0.141865 0.787445 0.146825 0.795705 0.148562 0.804515 0.148562 0.811674 0.147073 0.817731 0.143601 0.819934 0.137897 0.818282 0.134673 0.812225 0.130208 0.805066 0.127232
0 0.750000 0.138641 0.743392 0.139137 0.737885 0.141121 0.735683 0.142857 0.735132 0.147817 0.736233 0.149554 0.736233 0.155258 0.737885 0.157242 0.741740 0.158730 0.752753 0.159722 0.759361 0.158482 0.766520 0.154514 0.769273 0.151042 0.769273 0.147817 0.767621 0.144593 0.762115 0.140873 0.756608 0.139137
0 0.756608 0.109375 0.750000 0.110119 0.742291 0.113095 0.736784 0.119048 0.736233 0.123264 0.740088 0.127232 0.743392 0.133681 0.751101 0.137153 0.761013 0.137649 0.773128 0.128968 0.777533 0.123264 0.778084 0.118056 0.776432 0.114335 0.771476 0.111111 0.762115 0.109375
0 0.664648 0.095238 0.662445 0.098710 0.661894 0.103423 0.659141 0.106647 0.660793 0.114087 0.664097 0.116567 0.670154 0.118800 0.683370 0.119544 0.693833 0.115823 0.701542 0.110367 0.702093 0.106151 0.700441 0.102431 0.696586 0.099950 0.690529 0.097718 0.678414 0.096974 0.672907 0.095734
0 0.716960 0.111111 0.710352 0.109871 0.706498 0.109871 0.699890 0.111359 0.696035 0.114583 0.685573 0.119296 0.681718 0.122024 0.681167 0.126984 0.685022 0.128720 0.690529 0.129960 0.705396 0.128720 0.723018 0.122272 0.725220 0.120040 0.725771 0.115327
0 0.725771 0.122520 0.717511 0.123512 0.708700 0.126984 0.706498 0.129464 0.706498 0.132192 0.708700 0.136161 0.717511 0.142113 0.727423 0.142857 0.734581 0.142361 0.740088 0.139137 0.741740 0.135665 0.741740 0.130704 0.739537 0.126488 0.735132 0.123512
0 0.731828 0.143601 0.727423 0.142857 0.717511 0.143353 0.703194 0.146329 0.697687 0.148065 0.695485 0.150050 0.694934 0.155506 0.696586 0.158730 0.699890 0.160714 0.708150 0.162698 0.718062 0.162946 0.726322 0.161210 0.732379 0.158234 0.735683 0.154762 0.736233 0.149802 0.734581 0.145833
0 0.786894 0.161706 0.778084 0.162450 0.775881 0.164683 0.769824 0.166667 0.763767 0.169891 0.761564 0.173115 0.761013 0.178571 0.763216 0.181796 0.767070 0.184276 0.773678 0.185764 0.787996 0.186012 0.793502 0.185020 0.798458 0.182540 0.803414 0.177827 0.803965 0.172619 0.802313 0.169395 0.789097 0.163442
0 0.839207 0.180060 0.834251 0.181796 0.832048 0.185516 0.830947 0.189732 0.833700 0.193452 0.838656 0.197173 0.846366 0.199901 0.857379 0.199901 0.865639 0.196677 0.873899 0.190228 0.872797 0.185764 0.867291 0.183284 0.860132 0.181548 0.848018 0.179563
0 0.865088 0.198661 0.856278 0.200645 0.848568 0.204365 0.845815 0.208581 0.846366 0.212798 0.852974 0.218254 0.864537 0.221974 0.873899 0.222222 0.879405 0.219990 0.889868 0.213542 0.892621 0.209077 0.891520 0.204365 0.886564 0.201389 0.879405 0.199653
0 0.812775 0.187252 0.804515 0.188988 0.799009 0.191964 0.795705 0.195437 0.795154 0.198909 0.796806 0.201141 0.806718 0.206349 0.813877 0.207589 0.820485 0.209573 0.824890 0.209573 0.828194 0.209077 0.831498 0.203621 0.833700 0.197669 0.832599 0.193204 0.827643 0.188988 0.822687 0.187996
0 0.772026 0.200645 0.766520 0.202381 0.762665 0.205357 0.761013 0.208581 0.761013 0.212798 0.762665 0.216022 0.765419 0.218254 0.787445 0.223462 0.794604 0.220734 0.800661 0.215774 0.803965 0.209821 0.803414 0.204861 0.798458 0.202133 0.792401 0.200645 0.785242 0.200149
0 0.753304 0.186756 0.743943 0.184276 0.734031 0.184276 0.723568 0.186260 0.710903 0.191220 0.707048 0.194692 0.706498 0.198165 0.709251 0.201885 0.716960 0.205853 0.735683 0.206349 0.743943 0.204365 0.752753 0.200149 0.756608 0.197173 0.757709 0.194940 0.757159 0.189236
0 0.716960 0.207341 0.709802 0.210565 0.703194 0.216270 0.703194 0.220734 0.708150 0.226438 0.713106 0.228671 0.717511 0.229663 0.730176 0.230159 0.740088 0.229415 0.745595 0.227183 0.747797 0.224950 0.748899 0.220486 0.742291 0.212798 0.736233 0.208829 0.731278 0.207341 0.727423 0.206845
0 0.700441 0.168651 0.689427 0.168651 0.676211 0.171131 0.671806 0.173115 0.669053 0.175595 0.666850 0.181300 0.668502 0.185516 0.671256 0.187748 0.678414 0.190228 0.689978 0.191468 0.696586 0.190972 0.704846 0.187252 0.709802 0.183532 0.712004 0.179067 0.710352 0.173363 0.706498 0.170387
0 0.664097 0.146577 0.654736 0.149802 0.649780 0.153770 0.649229 0.158482 0.650881 0.163690 0.653634 0.165923 0.664097 0.168155 0.675110 0.167659 0.681718 0.166419 0.685573 0.164931 0.693282 0.158730 0.691630 0.151042 0.689978 0.150050 0.679515 0.147321 0.671806 0.146577
0 0.665749 0.127976 0.659692 0.129960 0.654185 0.134177 0.650330 0.143105 0.652533 0.144345 0.656388 0.145089 0.672357 0.146329 0.683370 0.145833 0.689427 0.143849 0.693282 0.140625 0.694383 0.136905 0.692731 0.133433 0.682819 0.127976 0.678414 0.127480
0 0.621145 0.112351 0.616189 0.115079 0.615639 0.119544 0.618943 0.123264 0.621145 0.128472 0.624449 0.130952 0.631057 0.133681 0.637115 0.134673 0.647026 0.134425 0.652533 0.133433 0.660793 0.128472 0.662996 0.125992 0.663546 0.120536 0.660793 0.116567 0.653634 0.113591 0.640969 0.111111 0.629405 0.110863
0 0.620595 0.132688 0.615639 0.133681 0.605176 0.138641 0.603524 0.140873 0.603524 0.146577 0.613436 0.149802 0.622247 0.154514 0.632709 0.152530 0.636013 0.149058 0.637115 0.144593 0.636564 0.142113 0.631608 0.136409 0.627753 0.134425 0.623348 0.132937
0 0.646476 0.154762 0.640969 0.153770 0.631057 0.153770 0.620595 0.155754 0.614537 0.158482 0.611233 0.161706 0.613987 0.165923 0.621696 0.168651 0.631608 0.169147 0.638767 0.168155 0.647577 0.166171 0.649780 0.163442 0.648678 0.156250
0 0.658590 0.167659 0.645925 0.166667 0.626652 0.169891 0.624449 0.171131 0.623348 0.173363 0.624449 0.176587 0.626652 0.178819 0.633811 0.182044 0.637665 0.183036 0.648128 0.183284 0.655837 0.181796 0.660793 0.177083 0.662996 0.171627 0.662996 0.169643
0 0.606278 0.164187 0.589758 0.165923 0.584251 0.169643 0.586454 0.178571 0.588656 0.181052 0.593062 0.183532 0.604075 0.186756 0.610132 0.185516 0.615088 0.183532 0.620595 0.178819 0.621696 0.172867 0.618943 0.168403 0.612335 0.165179
0 0.603524 0.146577 0.596366 0.145833 0.585352 0.146081 0.577643 0.147321 0.572687 0.149554 0.571586 0.151042 0.572687 0.157986 0.577643 0.163442 0.580396 0.164683 0.587555 0.165923 0.605727 0.164187 0.609581 0.162946 0.618943 0.154762 0.618943 0.153770 0.615088 0.150546
0 0.592511 0.118304 0.585903 0.119792 0.580947 0.122024 0.577093 0.125000 0.572137 0.126736 0.571035 0.130952 0.577643 0.133185 0.580396 0.135417 0.585903 0.137897 0.594163 0.138889 0.604075 0.138641 0.611233 0.136161 0.617841 0.131944 0.619493 0.127976 0.618943 0.123264 0.616740 0.121280 0.611784 0.119544 0.596366 0.118056
0 0.555066 0.106895 0.541850 0.111359 0.540198 0.115575 0.547357 0.122520 0.556167 0.127728 0.560573 0.129712 0.569934 0.129464 0.579295 0.123760 0.582599 0.119296 0.579295 0.113095 0.577093 0.110863 0.569383 0.107639 0.561674 0.106399
0 0.542952 0.122520 0.532489 0.122768 0.525881 0.125248 0.520374 0.129960 0.518172 0.134425 0.519273 0.138393 0.525881 0.142857 0.534141 0.144841 0.543502 0.144097 0.549009 0.142609 0.557269 0.137897 0.560022 0.134921 0.560022 0.130704 0.558370 0.128968 0.550110 0.124256
0 0.485683 0.140129 0.484581 0.141865 0.485132 0.147569 0.489537 0.150298 0.497797 0.152778 0.509361 0.152530 0.517621 0.150546 0.534692 0.150298 0.533590 0.146081 0.525881 0.142857 0.520374 0.139137 0.516520 0.137649 0.505507 0.137153 0.493943 0.137401 0.488987 0.138145
0 0.474670 0.112351 0.466960 0.113839 0.463106 0.115575 0.460352 0.118552 0.459802 0.123512 0.464758 0.128472 0.471366 0.133185 0.474119 0.134177 0.482930 0.134921 0.490088 0.132937 0.496145 0.129960 0.501101 0.123512 0.501101 0.118552 0.497797 0.115327 0.492841 0.113591 0.485132 0.112351
0 0.439427 0.124504 0.430066 0.129216 0.425110 0.134177 0.425110 0.135169 0.430617 0.139881 0.442181 0.143601 0.449890 0.143849 0.458700 0.143105 0.465308 0.144841 0.474119 0.145585 0.475771 0.142361 0.472467 0.139385 0.468612 0.131696 0.463106 0.126736 0.458150 0.124256 0.452093 0.123016 0.447137 0.122768
0 0.470815 0.147073 0.463656 0.144345 0.458150 0.143105 0.454846 0.143105 0.444934 0.144593 0.433370 0.150050 0.431167 0.154018 0.431167 0.158978 0.432819 0.160962 0.447687 0.163442 0.457048 0.163690 0.462004 0.162450 0.469714 0.158234 0.474119 0.154514 0.473018 0.150050
0 0.412445 0.132440 0.408040 0.133185 0.404185 0.134673 0.396476 0.140377 0.394824 0.142857 0.395925 0.146329 0.398678 0.148313 0.403634 0.149306 0.413546 0.150050 0.422357 0.149058 0.428414 0.146329 0.432269 0.142361 0.421806 0.134673 0.417952 0.133185
0 0.384912 0.152034 0.381608 0.154266 0.379405 0.157490 0.379405 0.161954 0.384361 0.165427 0.388216 0.166667 0.400330 0.167163 0.412445 0.168651 0.418502 0.167907 0.424009 0.166171 0.427313 0.162698 0.427313 0.161458 0.423458 0.155754 0.416850 0.151042 0.405837 0.149058 0.395374 0.149058
0 0.517070 0.150794 0.507709 0.152530 0.503855 0.154266 0.501101 0.157490 0.501101 0.162450 0.506057 0.169147 0.513767 0.170635 0.518722 0.170883 0.526432 0.170139 0.534692 0.167907 0.540749 0.163938 0.541850 0.160962 0.541300 0.157986 0.533040 0.152778 0.526982 0.151538
0 0.481828 0.153522 0.470815 0.156746 0.463106 0.161954 0.461454 0.167163 0.463656 0.171131 0.465308 0.172371 0.474670 0.172123 0.483425 0.170213 0.491189 0.172867 0.498623 0.173537 0.503855 0.170139 0.504956 0.166915 0.501101 0.160218 0.491189 0.154266
0 0.560022 0.166915 0.552863 0.170139 0.550661 0.173611 0.550661 0.178075 0.556167 0.183284 0.561123 0.185764 0.571035 0.186260 0.576542 0.185516 0.579846 0.184524 0.585352 0.180804 0.586454 0.177331 0.584251 0.171627 0.579295 0.168651 0.572687 0.167163
0 0.529185 0.171627 0.523128 0.171379 0.516520 0.171875 0.504405 0.178075 0.503304 0.186260 0.505507 0.189484 0.511013 0.191468 0.518172 0.192212 0.527533 0.189732 0.536344 0.188244 0.541300 0.184524 0.542952 0.182292 0.542401 0.177579 0.539097 0.175099 0.533040 0.172371
0 0.482930 0.170387 0.476817 0.171801 0.469714 0.172123 0.462004 0.177083 0.458700 0.181300 0.458700 0.185764 0.460903 0.188244 0.466410 0.192212 0.473568 0.194940 0.482930 0.194444 0.485132 0.192956 0.496696 0.190228 0.501101 0.187748 0.502753 0.185764 0.503304 0.179315 0.500000 0.175347 0.492731 0.172644
0 0.430617 0.161706 0.417952 0.169643 0.418502 0.173859 0.421806 0.178571 0.427313 0.181052 0.448238 0.181548 0.456498 0.179563 0.460352 0.177331 0.463106 0.173611 0.459802 0.169643 0.452093 0.164683 0.448789 0.163442 0.439427 0.161706
0 0.620595 0.186508 0.618392 0.187996 0.617841 0.189980 0.620044 0.193452 0.620595 0.197421 0.623348 0.201389 0.629405 0.204613 0.637115 0.205853 0.646476 0.205357 0.651982 0.204117 0.656938 0.201885 0.662445 0.197421 0.661894 0.192956 0.658590 0.189980 0.648678 0.186508 0.642070 0.186012 0.626101 0.186012
0 0.600220 0.187004 0.594163 0.186012 0.585352 0.185516 0.577093 0.186012 0.563877 0.188740 0.562775 0.193452 0.564978 0.197421 0.569383 0.201637 0.573238 0.203373 0.578744 0.204365 0.587555 0.201885 0.605727 0.198413 0.607930 0.197421 0.606828 0.191220 0.604626 0.188740
0 0.615088 0.199901 0.612885 0.199157 0.603524 0.198909 0.579295 0.203125 0.575441 0.204861 0.574339 0.207093 0.574339 0.210069 0.576542 0.212550 0.582599 0.214286 0.589758 0.214782 0.602974 0.213790 0.610683 0.212054 0.615639 0.209077 0.617841 0.205109 0.617291 0.202133
0 0.534692 0.188988 0.524780 0.190228 0.518172 0.192956 0.515969 0.195437 0.515419 0.205853 0.518172 0.209077 0.525881 0.212054 0.535242 0.213790 0.539648 0.212550 0.544053 0.210317 0.549009 0.205853 0.552313 0.201389 0.553965 0.196925 0.551762 0.193204 0.547907 0.190724
0 0.544604 0.215278 0.531938 0.215278 0.526982 0.215774 0.513767 0.218750 0.510463 0.220486 0.511013 0.224702 0.514317 0.226935 0.521476 0.229911 0.534141 0.233631 0.541520 0.232515 0.552203 0.225198 0.558700 0.222569 0.560022 0.221230 0.558370 0.218750 0.554515 0.216766
0 0.491740 0.206597 0.484581 0.207837 0.470264 0.212550 0.466410 0.216022 0.466410 0.220982 0.474119 0.227679 0.488987 0.228175 0.496696 0.227431 0.500551 0.226438 0.505507 0.222718 0.506608 0.220982 0.506057 0.217262 0.503304 0.212798 0.497797 0.208829
0 0.438326 0.196677 0.435573 0.197669 0.432269 0.200645 0.430617 0.204117 0.431167 0.209077 0.442731 0.216270 0.446586 0.217014 0.456498 0.216766 0.469714 0.210813 0.469714 0.204365 0.465308 0.201389 0.452093 0.197173 0.448789 0.196677
0 0.389317 0.167659 0.383811 0.170883 0.381057 0.173611 0.380507 0.179563 0.381608 0.182044 0.387665 0.185020 0.394824 0.187004 0.405286 0.186756 0.411894 0.185764 0.416300 0.183532 0.420705 0.178075 0.417401 0.171875 0.409692 0.168403 0.405286 0.167411 0.393722 0.166915
0 0.254956 0.103671 0.252753 0.105159 0.252203 0.108383 0.254956 0.111855 0.259912 0.115327 0.275330 0.120040 0.280286 0.120784 0.292401 0.120784 0.297907 0.119296 0.300661 0.115575 0.300661 0.109871 0.297907 0.105903 0.292952 0.103423 0.285242 0.101687 0.273128 0.101190 0.264868 0.101687
0 0.334802 0.142361 0.326542 0.145337 0.321586 0.150298 0.322687 0.156994 0.338656 0.163938 0.342511 0.164683 0.352423 0.164435 0.360132 0.162698 0.362335 0.161458 0.364537 0.156498 0.363436 0.152282 0.359581 0.149306 0.349119 0.144097 0.344714 0.142857
0 0.303414 0.116319 0.297357 0.119544 0.294604 0.122024 0.294604 0.124752 0.296256 0.126736 0.305066 0.129712 0.313326 0.133433 0.317731 0.134425 0.333700 0.135665 0.339758 0.135169 0.340308 0.134425 0.333700 0.126488 0.332599 0.122272 0.329295 0.118800 0.325441 0.117063 0.317181 0.115079 0.308921 0.115079
0 0.285242 0.128224 0.278084 0.131448 0.275881 0.134673 0.275881 0.139137 0.280837 0.144593 0.282489 0.145337 0.287445 0.145833 0.300661 0.145833 0.309471 0.148065 0.318833 0.148065 0.321035 0.146825 0.317731 0.137897 0.312225 0.132688 0.299559 0.127480 0.290198 0.126984
0 0.306718 0.147321 0.305617 0.146329 0.300661 0.145337 0.273128 0.146825 0.264868 0.150298 0.265419 0.154514 0.271476 0.156498 0.287445 0.158482 0.291850 0.159722 0.300110 0.160466 0.306718 0.154762 0.307819 0.151290
0 0.255507 0.161706 0.255507 0.166171 0.264317 0.171379 0.268172 0.172867 0.279185 0.174851 0.283590 0.176835 0.290749 0.177579 0.296256 0.176835 0.301211 0.174603 0.302863 0.171627 0.302313 0.165923 0.300110 0.163194 0.293502 0.159970 0.283590 0.157986 0.273128 0.157242 0.267070 0.159226
0 0.308370 0.158730 0.301762 0.161954 0.304515 0.174355 0.307819 0.176339 0.315529 0.178571 0.327093 0.178323 0.337004 0.173859 0.340308 0.170139 0.339758 0.165923 0.334802 0.161954 0.326542 0.158234 0.314978 0.157986
0 0.398678 0.187748 0.395374 0.189732 0.392070 0.195437 0.392621 0.198909 0.396476 0.202877 0.400881 0.203869 0.415749 0.205109 0.420705 0.206349 0.425110 0.206101 0.429515 0.204861 0.435022 0.196429 0.432819 0.193204 0.427863 0.189236 0.420705 0.187252 0.413546 0.186260
0 0.352423 0.178819 0.346916 0.181548 0.346916 0.187500 0.348568 0.189732 0.361233 0.195188 0.365088 0.198661 0.368392 0.200149 0.378304 0.200397 0.381608 0.199653 0.389317 0.196181 0.394273 0.190228 0.392621 0.186260 0.386564 0.184276 0.380507 0.181300 0.370044 0.178571 0.360132 0.177579
0 0.333700 0.190228 0.328194 0.191964 0.323238 0.195685 0.321035 0.200893 0.322137 0.204117 0.324339 0.207093 0.330396 0.209821 0.333700 0.210565 0.344163 0.210565 0.352423 0.209077 0.361784 0.205357 0.365639 0.201637 0.365088 0.198165 0.361233 0.194444 0.352423 0.191468 0.343612 0.189980
0 0.301762 0.181796 0.295154 0.182044 0.286344 0.183532 0.278084 0.188988 0.275881 0.191716 0.275330 0.193948 0.278084 0.199157 0.284141 0.201637 0.290198 0.202877 0.299009 0.202877 0.307819 0.201141 0.313326 0.198413 0.317181 0.193700 0.317731 0.188740 0.314978 0.185764 0.308921 0.183036
0 0.245595 0.175595 0.242841 0.177331 0.243943 0.181548 0.255507 0.186756 0.258260 0.189236 0.264317 0.191716 0.274229 0.191468 0.279185 0.188988 0.285793 0.183284 0.286344 0.180556 0.283590 0.176587 0.276982 0.174355 0.265969 0.172867 0.256057 0.173363
0 0.240088 0.182540 0.233480 0.183532 0.228524 0.185516 0.224670 0.189236 0.223018 0.192956 0.223018 0.198165 0.224670 0.199901 0.230176 0.202381 0.238436 0.203373 0.247797 0.201885 0.262115 0.195437 0.264868 0.193452 0.261564 0.189980 0.253304 0.185268 0.246696 0.183036
0 0.230727 0.114831 0.224670 0.119048 0.224119 0.123512 0.226872 0.129960 0.232379 0.133681 0.240088 0.135913 0.252753 0.136905 0.259361 0.136657 0.270374 0.134673 0.274780 0.131944 0.278634 0.127232 0.276982 0.122768 0.273678 0.119544 0.265419 0.116319 0.254956 0.113839 0.238436 0.113095
0 0.247797 0.137649 0.232930 0.135169 0.220264 0.135169 0.210352 0.136409 0.204295 0.138393 0.200991 0.142361 0.200991 0.146825 0.214207 0.155754 0.218612 0.156746 0.223018 0.156994 0.230176 0.156498 0.237885 0.154266 0.245044 0.150050 0.248348 0.146825 0.248899 0.144345 0.250551 0.142857 0.250551 0.139137
0 0.203744 0.114583 0.196035 0.116567 0.192181 0.119296 0.194383 0.121032 0.198238 0.129960 0.203744 0.130704 0.205947 0.133929 0.209802 0.135169 0.213106 0.135417 0.222467 0.132937 0.225771 0.131200 0.224119 0.120040 0.221916 0.117808 0.213656 0.114831
0 0.156388 0.119048 0.154185 0.122024 0.154185 0.124504 0.155286 0.126488 0.160793 0.131448 0.162996 0.132440 0.169604 0.133681 0.178965 0.133681 0.189427 0.132192 0.193282 0.130952 0.197137 0.127480 0.194934 0.121528 0.190529 0.118800 0.178965 0.116567 0.167952 0.116319 0.160793 0.117063
0 0.202093 0.131944 0.195485 0.131200 0.191630 0.132192 0.183921 0.132688 0.176762 0.134177 0.166300 0.139385 0.164097 0.142113 0.165198 0.144593 0.169604 0.147817 0.179515 0.148313 0.193833 0.146577 0.197687 0.144841 0.202643 0.138889 0.202643 0.136905 0.204295 0.134921
0 0.172907 0.148810 0.165198 0.153770 0.165749 0.157738 0.167401 0.159474 0.177863 0.164931 0.185022 0.166667 0.193833 0.166915 0.200991 0.165675 0.204295 0.164187 0.210352 0.158234 0.211454 0.154266 0.208700 0.151538 0.202643 0.148562 0.196035 0.147321 0.185573 0.147073
0 0.154736 0.125496 0.152533 0.124752 0.142621 0.125248 0.134912 0.126984 0.125000 0.130208 0.120595 0.133929 0.117841 0.138393 0.116740 0.142609 0.120044 0.144097 0.126101 0.145337 0.152533 0.147569 0.159692 0.144841 0.162445 0.142609 0.163546 0.137401 0.160793 0.130704
0 0.109031 0.123760 0.100220 0.123760 0.095264 0.126736 0.088106 0.134177 0.086454 0.139881 0.087555 0.142857 0.091410 0.146825 0.100771 0.147073 0.112885 0.142609 0.120044 0.136905 0.123899 0.131200 0.122797 0.128720 0.117841 0.125744
0 0.120044 0.148065 0.116189 0.152778 0.116740 0.157986 0.120044 0.162450 0.125000 0.164683 0.137115 0.162698 0.145925 0.162698 0.152533 0.163690 0.161894 0.160466 0.164097 0.158234 0.162445 0.154018 0.153084 0.148065 0.136013 0.146081 0.125551 0.146081
0 0.090308 0.149306 0.080947 0.151290 0.073238 0.154514 0.070485 0.158730 0.069383 0.163194 0.071586 0.165923 0.083150 0.170635 0.090308 0.172123 0.100220 0.172123 0.107930 0.170883 0.114537 0.168155 0.118943 0.162698 0.117841 0.158234 0.114537 0.153770 0.110132 0.151042 0.100771 0.149058
0 0.133811 0.162450 0.126652 0.164931 0.121696 0.168155 0.117841 0.173115 0.118392 0.178323 0.122797 0.180308 0.144273 0.183284 0.148678 0.180804 0.153634 0.175347 0.157489 0.173363 0.158590 0.171131 0.158040 0.167907 0.154736 0.165179 0.148678 0.162946 0.144824 0.162202
0 0.160242 0.173115 0.153634 0.175099 0.151432 0.177331 0.150881 0.182540 0.152533 0.185268 0.156938 0.189236 0.166300 0.194692 0.169053 0.197669 0.178414 0.198165 0.180617 0.193452 0.187775 0.186508 0.188877 0.181548 0.185022 0.177331 0.180066 0.175099 0.171256 0.173611
0 0.119493 0.181548 0.117291 0.182540 0.115088 0.185268 0.115639 0.189484 0.121696 0.190228 0.127203 0.192212 0.134361 0.197669 0.144273 0.197917 0.145925 0.197421 0.148128 0.194196 0.148128 0.189236 0.143722 0.185268 0.132709 0.181548 0.127203 0.180804
0 0.065529 0.181548 0.056167 0.185268 0.052863 0.188492 0.051211 0.192460 0.052863 0.197669 0.056167 0.199901 0.067181 0.201885 0.083150 0.202629 0.093612 0.201141 0.099670 0.198413 0.102974 0.193948 0.101872 0.190724 0.095264 0.185268 0.087555 0.181548 0.082599 0.180556 0.073789 0.180308
0 0.115088 0.189980 0.106828 0.190972 0.104075 0.192708 0.101322 0.197173 0.100220 0.205853 0.102423 0.209077 0.107930 0.211310 0.117291 0.211558 0.129405 0.208581 0.133260 0.205357 0.134361 0.200149 0.133260 0.197173 0.127753 0.193204 0.121145 0.190724
0 0.124449 0.210069 0.115088 0.212798 0.112885 0.216518 0.115639 0.225694 0.118392 0.226935 0.127753 0.228671 0.134361 0.231151 0.143722 0.232391 0.149229 0.229911 0.155837 0.225198 0.155837 0.223958 0.148678 0.215030 0.145374 0.212798 0.135463 0.210069
0 0.182819 0.205605 0.169053 0.205605 0.159692 0.208333 0.152533 0.212302 0.150881 0.214038 0.150330 0.217262 0.153084 0.221230 0.158590 0.223958 0.169053 0.225694 0.178414 0.224950 0.184471 0.222718 0.190529 0.218998 0.192181 0.217262 0.192731 0.212798 0.187775 0.207093
0 0.195485 0.198661 0.188877 0.201141 0.187775 0.204613 0.189978 0.209077 0.195485 0.215278 0.202643 0.217014 0.213656 0.216766 0.223568 0.214038 0.226872 0.212550 0.230176 0.209325 0.230727 0.204861 0.228524 0.202629 0.213106 0.198661 0.204846 0.197421
0 0.257159 0.203621 0.247247 0.203621 0.234031 0.207341 0.230727 0.209077 0.226872 0.212798 0.227974 0.215278 0.231278 0.217014 0.247247 0.222470 0.256608 0.221974 0.259912 0.220238 0.272577 0.217014 0.272577 0.212302 0.269824 0.209325 0.265969 0.206845
0 0.300110 0.208581 0.294604 0.210813 0.290749 0.216766 0.289648 0.221230 0.292401 0.226438 0.297357 0.227927 0.317181 0.228175 0.324339 0.223958 0.335903 0.220734 0.334802 0.216022 0.331498 0.213294 0.324339 0.210565 0.308921 0.208085
0 0.395374 0.203869 0.389317 0.206349 0.386564 0.208333 0.384912 0.212550 0.386013 0.215526 0.388216 0.217014 0.394273 0.218998 0.401432 0.220486 0.404736 0.222718 0.414097 0.223214 0.417952 0.221974 0.423458 0.218502 0.426762 0.213542 0.425661 0.209573 0.419604 0.206349 0.412996 0.204613 0.407489 0.203869
0 0.354626 0.218254 0.353524 0.219494 0.354626 0.224206 0.362335 0.230903 0.368943 0.231895 0.383811 0.231895 0.387115 0.231399 0.393172 0.228423 0.394824 0.225198 0.394273 0.220734 0.392621 0.218998 0.387665 0.216766 0.382159 0.216270 0.367841 0.216270 0.359031 0.216766
0 0.900330 0.225446 0.875000 0.225198 0.868943 0.226190 0.864537 0.228175 0.860132 0.232143 0.860132 0.234871 0.865088 0.241567 0.869493 0.244048 0.876652 0.244544 0.883260 0.243800 0.895925 0.237847 0.900330 0.234127 0.902533 0.229663 0.902533 0.227431
0 0.823238 0.220734 0.816079 0.227679 0.816630 0.232391 0.822137 0.235119 0.828194 0.235615 0.839207 0.235119 0.852423 0.235367 0.855727 0.235119 0.859031 0.233879 0.862885 0.230407 0.863987 0.227927 0.862335 0.224702 0.857379 0.221726 0.849670 0.219494 0.839758 0.218254 0.830947 0.218502
0 0.602423 0.219494 0.601322 0.221726 0.601872 0.226190 0.605727 0.230159 0.611784 0.232143 0.622797 0.232391 0.631057 0.231895 0.644824 0.230159 0.649780 0.228919 0.649780 0.227431 0.647026 0.224454 0.640969 0.222222 0.637665 0.219742 0.629956 0.216022 0.623899 0.214534 0.612885 0.214534
0 0.584802 0.221726 0.581498 0.221230 0.561674 0.221478 0.551762 0.224950 0.542401 0.232143 0.540749 0.236855 0.544053 0.240327 0.551211 0.243304 0.561674 0.243056 0.569934 0.241071 0.579295 0.233383 0.582048 0.228423 0.587555 0.224702
0 0.784141 0.222470 0.770374 0.218750 0.760463 0.218750 0.750551 0.223214 0.742291 0.230903 0.740088 0.236607 0.742291 0.237103 0.757159 0.236855 0.769273 0.235367 0.778084 0.232391 0.783590 0.228671 0.785793 0.225446 0.785793 0.223958
0 0.803414 0.236111 0.801211 0.234127 0.796256 0.231647 0.788546 0.230159 0.785242 0.230159 0.778634 0.231399 0.770374 0.234871 0.761013 0.236359 0.758811 0.237599 0.758811 0.241815 0.762115 0.243552 0.787445 0.247024 0.795154 0.245040 0.801762 0.241071
0 0.715308 0.234871 0.708150 0.237103 0.700441 0.243552 0.700441 0.248512 0.702643 0.250248 0.710903 0.253224 0.715859 0.254464 0.719163 0.254464 0.729626 0.252480 0.732930 0.250992 0.736784 0.247024 0.737335 0.243056 0.734031 0.240079 0.723018 0.235863 0.718612 0.234871
0 0.673458 0.218750 0.658590 0.224206 0.656388 0.229415 0.658040 0.232143 0.661894 0.234127 0.676211 0.239087 0.681167 0.241815 0.685573 0.242063 0.689427 0.241567 0.691630 0.240575 0.693282 0.231399 0.687775 0.220734 0.682819 0.218006
0 0.656938 0.238591 0.647026 0.238343 0.637115 0.240079 0.632709 0.242560 0.629405 0.247024 0.628855 0.251984 0.642070 0.255704 0.644824 0.260417 0.647577 0.261905 0.661344 0.259177 0.665749 0.257688 0.672357 0.249256 0.672357 0.243800 0.671256 0.242312 0.667401 0.240575
0 0.623348 0.232391 0.611784 0.232391 0.604075 0.233135 0.598018 0.235863 0.595264 0.240079 0.597467 0.244792 0.606828 0.249256 0.612885 0.254216 0.624449 0.251736 0.629956 0.246032 0.633260 0.240575 0.630507 0.234127
0 0.569934 0.242312 0.564427 0.244792 0.561674 0.247768 0.560573 0.251984 0.562775 0.256448 0.565529 0.258681 0.574890 0.263145 0.577643 0.263889 0.587555 0.264633 0.593612 0.261905 0.596916 0.258433 0.597467 0.250992 0.596366 0.248512 0.590308 0.244048 0.579295 0.241815
0 0.628304 0.252976 0.620595 0.253720 0.613987 0.255952 0.607379 0.259177 0.604075 0.262897 0.604075 0.266369 0.605727 0.269097 0.609031 0.270585 0.622247 0.273313 0.631057 0.274058 0.634361 0.272817 0.640419 0.267857 0.644273 0.263641 0.642070 0.255952 0.639317 0.254712 0.632709 0.253224
0 0.682819 0.282242 0.674009 0.282986 0.667401 0.286210 0.660242 0.292411 0.656388 0.299107 0.658590 0.302331 0.664648 0.304067 0.685573 0.300347 0.694383 0.296875 0.696586 0.295139 0.698238 0.292163 0.697137 0.287698 0.689427 0.284226
0 0.649229 0.284970 0.639868 0.282242 0.634912 0.282490 0.626101 0.284226 0.611233 0.291171 0.607379 0.296627 0.604075 0.298363 0.604075 0.299355 0.607379 0.300099 0.621696 0.300347 0.629956 0.302579 0.639868 0.302083 0.649780 0.299851 0.653634 0.298115 0.655837 0.295883 0.655837 0.290675
0 0.624449 0.273313 0.613436 0.271081 0.606828 0.271081 0.598568 0.272569 0.593062 0.275546 0.589758 0.278770 0.589758 0.282242 0.592511 0.286954 0.593062 0.291915 0.595264 0.293651 0.600771 0.293155 0.613436 0.290427 0.626101 0.283730 0.628304 0.281002 0.628855 0.277778 0.628304 0.275298
0 0.569934 0.274554 0.564427 0.275050 0.557819 0.276786 0.553414 0.279018 0.551211 0.282490 0.550110 0.290923 0.553414 0.294643 0.560573 0.297371 0.570485 0.297619 0.582599 0.296379 0.589207 0.293899 0.591410 0.290923 0.590859 0.284970 0.585352 0.279018 0.578744 0.276042
0 0.525330 0.276042 0.519824 0.277282 0.511564 0.281002 0.508811 0.282986 0.509912 0.287202 0.522577 0.293651 0.525881 0.294643 0.533040 0.294395 0.539648 0.293155 0.547357 0.290675 0.550661 0.283730 0.550110 0.281002 0.548458 0.279018 0.541300 0.276786 0.536894 0.276042
0 0.490088 0.261657 0.482930 0.263393 0.475771 0.266865 0.475220 0.272073 0.477974 0.275050 0.481828 0.277034 0.486233 0.281746 0.488987 0.283234 0.498899 0.284970 0.505507 0.284722 0.508260 0.283978 0.511013 0.281498 0.520374 0.277034 0.522026 0.275794 0.522026 0.274554 0.514317 0.266121 0.512115 0.264881 0.500000 0.261657
0 0.525881 0.258433 0.516520 0.264881 0.515419 0.267609 0.517070 0.269345 0.522577 0.272569 0.532489 0.275546 0.539648 0.276042 0.542952 0.277034 0.552313 0.277282 0.561123 0.272817 0.561123 0.270337 0.549009 0.263393 0.537996 0.260665 0.535242 0.259425
0 0.508260 0.246776 0.499449 0.249008 0.488436 0.253968 0.486784 0.255456 0.486784 0.259921 0.490639 0.261657 0.500551 0.261905 0.506057 0.263145 0.508260 0.264385 0.514317 0.264633 0.517621 0.265625 0.518722 0.262897 0.529736 0.256696 0.531388 0.251984 0.517070 0.247024
0 0.517070 0.230159 0.512665 0.232887 0.511564 0.235367 0.511564 0.240575 0.513216 0.243304 0.527533 0.250248 0.534692 0.252480 0.544604 0.252480 0.549559 0.250992 0.552863 0.248264 0.551211 0.244048 0.537445 0.236359 0.524229 0.232887
0 0.482379 0.228175 0.473568 0.229911 0.466960 0.232639 0.465859 0.234871 0.465859 0.240575 0.473018 0.246280 0.482379 0.250000 0.491740 0.251240 0.502203 0.246776 0.505507 0.244296 0.505507 0.236607 0.501652 0.231895 0.496696 0.229415 0.491740 0.228175
0 0.446586 0.217262 0.438877 0.218006 0.427863 0.222718 0.420705 0.228175 0.421806 0.234127 0.424009 0.235615 0.427863 0.236359 0.437225 0.236607 0.448238 0.238343 0.458700 0.234375 0.469714 0.228919 0.470264 0.224454 0.465859 0.220982 0.462555 0.219494 0.457048 0.218006
0 0.404736 0.226438 0.394273 0.227927 0.385463 0.232887 0.384912 0.236607 0.387665 0.240327 0.395374 0.243800 0.403634 0.243056 0.417952 0.236359 0.417401 0.231647 0.415198 0.229167 0.412445 0.227927
0 0.334251 0.221478 0.323789 0.223710 0.319934 0.225942 0.316079 0.229911 0.316079 0.236111 0.319383 0.239335 0.330396 0.244792 0.341960 0.245536 0.349670 0.245288 0.357930 0.243056 0.363436 0.240327 0.365088 0.237351 0.363987 0.232639 0.356828 0.225198 0.352423 0.222470
0 0.291300 0.229415 0.278634 0.236607 0.277533 0.240575 0.281938 0.243800 0.284692 0.244544 0.289648 0.244792 0.303414 0.244544 0.316630 0.247520 0.321586 0.246776 0.325441 0.244048 0.321586 0.240327 0.318833 0.239087 0.316630 0.236359 0.316630 0.232391 0.314978 0.229167 0.313326 0.228423 0.297907 0.228175
0 0.264868 0.218254 0.252753 0.224206 0.252753 0.229663 0.258811 0.232639 0.272026 0.235119 0.280286 0.234623 0.283590 0.233383 0.290749 0.228671 0.288546 0.224206 0.285793 0.222222 0.274780 0.218006
0 0.221366 0.215774 0.214758 0.220486 0.214758 0.225198 0.217511 0.233135 0.224670 0.237103 0.228524 0.237847 0.239537 0.238095 0.248348 0.236111 0.254405 0.232639 0.253855 0.227679 0.250000 0.224206 0.235132 0.217510 0.229075 0.216022
0 0.194383 0.218502 0.186674 0.221230 0.182269 0.224206 0.182269 0.229167 0.183921 0.232887 0.186123 0.234623 0.192181 0.236607 0.199890 0.237103 0.208150 0.236855 0.214207 0.234871 0.216960 0.232639 0.215859 0.226190 0.213656 0.221726 0.210352 0.219494 0.205947 0.218502
0 0.153084 0.227679 0.145374 0.232391 0.144824 0.236855 0.147026 0.242808 0.150881 0.244048 0.167401 0.243056 0.178414 0.243552 0.181718 0.241071 0.183921 0.236855 0.183370 0.235367 0.178965 0.231895 0.169604 0.227431 0.159141 0.226687
0 0.082599 0.214286 0.075991 0.215774 0.071586 0.218006 0.069934 0.219990 0.071035 0.224950 0.075441 0.228423 0.083150 0.232391 0.089758 0.233879 0.097467 0.233631 0.100220 0.232887 0.112885 0.226438 0.113987 0.224702 0.113987 0.218502 0.112885 0.216518 0.102974 0.214782 0.092511 0.214038
0 0.110132 0.228423 0.099670 0.233135 0.098018 0.236111 0.098018 0.241319 0.099119 0.242808 0.108480 0.247272 0.115088 0.248760 0.126652 0.249008 0.136013 0.248016 0.139868 0.246528 0.145374 0.240575 0.143172 0.234623 0.138216 0.231895 0.126101 0.228423 0.118392 0.227431
0 0.071586 0.245536 0.066079 0.247768 0.067181 0.251736 0.074890 0.257440 0.081498 0.260417 0.090859 0.261905 0.099670 0.260913 0.103524 0.259177 0.107379 0.255704 0.109031 0.252480 0.108480 0.247768 0.101322 0.244792 0.093612 0.244048 0.081498 0.244296
0 0.140419 0.249008 0.131057 0.248512 0.118943 0.249256 0.113436 0.250248 0.109581 0.252728 0.106828 0.255952 0.105176 0.259425 0.106278 0.261161 0.112335 0.263393 0.125000 0.265625 0.131608 0.265129 0.140969 0.262649 0.147026 0.259673 0.144273 0.251488
0 0.156388 0.244048 0.149229 0.247024 0.147577 0.248760 0.147026 0.252976 0.148678 0.259673 0.151982 0.260913 0.160242 0.261657 0.178414 0.260417 0.188326 0.256200 0.189427 0.251488 0.186674 0.249008 0.176762 0.243552 0.159692 0.243304
0 0.186674 0.237847 0.182819 0.239831 0.180617 0.244296 0.187775 0.250744 0.192181 0.252480 0.204846 0.255208 0.213656 0.255456 0.219714 0.254216 0.222467 0.252976 0.225771 0.249008 0.224670 0.244048 0.222467 0.242063 0.215308 0.239087 0.208150 0.237599 0.193282 0.237103
0 0.258260 0.234375 0.255507 0.234375 0.242841 0.237103 0.239537 0.238839 0.237335 0.241567 0.236233 0.244792 0.237335 0.252480 0.241189 0.255208 0.247247 0.257440 0.267070 0.255704 0.270925 0.253472 0.275881 0.247272 0.276982 0.243800 0.273128 0.239831 0.265419 0.236111
0 0.275330 0.248264 0.273128 0.250744 0.273128 0.256200 0.275881 0.258929 0.282489 0.261409 0.289097 0.262649 0.309471 0.262401 0.313326 0.260665 0.316079 0.257937 0.318282 0.252728 0.317731 0.248760 0.313877 0.246776 0.302863 0.244544 0.293502 0.244544 0.286344 0.245288
0 0.226872 0.257440 0.222467 0.256696 0.215308 0.257192 0.194383 0.256696 0.186674 0.257440 0.181718 0.259921 0.180617 0.264385 0.182819 0.267609 0.189427 0.272321 0.196035 0.274554 0.202643 0.272817 0.213106 0.271825 0.228524 0.261905 0.230176 0.259673
0 0.252753 0.256696 0.248348 0.257688 0.245595 0.259425 0.245044 0.264881 0.247247 0.268849 0.250551 0.271577 0.256057 0.274058 0.266520 0.274306 0.277533 0.271577 0.281388 0.266617 0.286344 0.263393 0.279185 0.259921 0.272026 0.257440 0.260463 0.256448
0 0.328194 0.246528 0.321586 0.248264 0.318833 0.250744 0.317181 0.255208 0.318282 0.261161 0.325991 0.265129 0.345815 0.264881 0.351322 0.262401 0.358480 0.256448 0.356278 0.249256 0.353524 0.247520 0.343612 0.245784 0.334802 0.245784
0 0.364537 0.240823 0.360683 0.242560 0.356828 0.247768 0.357930 0.252480 0.360683 0.255208 0.375551 0.256696 0.380507 0.256696 0.387115 0.255704 0.394273 0.251984 0.395925 0.249008 0.394824 0.243800 0.388767 0.241071 0.382709 0.240079 0.369493 0.239831
0 0.439427 0.237103 0.430066 0.236607 0.413546 0.238343 0.408590 0.239831 0.399780 0.243800 0.396476 0.247024 0.396476 0.252480 0.402533 0.256200 0.412996 0.259177 0.421806 0.258433 0.425110 0.254216 0.430066 0.250248 0.442181 0.244296 0.443282 0.240079 0.441630 0.238095
0 0.360683 0.255456 0.359031 0.258681 0.350771 0.263641 0.355176 0.267609 0.362335 0.271081 0.367841 0.272321 0.376652 0.272321 0.383811 0.271577 0.385463 0.268105 0.384912 0.263889 0.388216 0.259921 0.387115 0.257440 0.375000 0.257440
0 0.395374 0.255456 0.389317 0.257688 0.386564 0.259921 0.385463 0.268849 0.386013 0.271577 0.391520 0.275298 0.394273 0.276290 0.397577 0.276290 0.404185 0.275050 0.412445 0.271825 0.417952 0.267361 0.418502 0.262897 0.414648 0.260169 0.404736 0.257192
0 0.448238 0.242808 0.430066 0.249256 0.424559 0.253968 0.422907 0.260417 0.424559 0.261905 0.430066 0.263889 0.446586 0.263145 0.449890 0.262401 0.452643 0.260913 0.452093 0.250496 0.453194 0.245536 0.452643 0.244048
0 0.458150 0.248512 0.453744 0.250000 0.452093 0.251488 0.452643 0.259921 0.461454 0.263889 0.464207 0.265873 0.474119 0.267113 0.486784 0.261657 0.487885 0.258433 0.486233 0.251984 0.480176 0.248760 0.474670 0.247272
0 0.456498 0.263393 0.447137 0.263145 0.428414 0.264137 0.422357 0.265377 0.416850 0.268601 0.414648 0.270833 0.416300 0.277282 0.428965 0.282986 0.439427 0.283234 0.443833 0.282738 0.447687 0.281498 0.453194 0.276538 0.454846 0.272073 0.458150 0.267609 0.457599 0.264137
0 0.461454 0.274802 0.455396 0.276538 0.449890 0.279018 0.449339 0.283482 0.460352 0.287698 0.465308 0.290427 0.474119 0.290923 0.480727 0.287698 0.485132 0.283730 0.484031 0.278770 0.481828 0.276786 0.474670 0.274058
0 0.430066 0.284474 0.427313 0.286706 0.426762 0.291667 0.429515 0.293403 0.438326 0.295635 0.447137 0.300347 0.457599 0.300843 0.462555 0.300099 0.466960 0.298115 0.469714 0.295387 0.469163 0.290923 0.459251 0.286706 0.448238 0.283730 0.437775 0.283482
0 0.389868 0.280010 0.386564 0.282738 0.388767 0.289187 0.404185 0.296131 0.414097 0.296131 0.423458 0.292659 0.427313 0.287450 0.427863 0.282986 0.421256 0.279514 0.414648 0.278522 0.403084 0.278522
0 0.352423 0.266369 0.345815 0.265377 0.333150 0.265129 0.328744 0.265873 0.322687 0.268601 0.319934 0.274306 0.319383 0.281002 0.321035 0.284226 0.324339 0.285962 0.331498 0.286210 0.341960 0.285218 0.357379 0.278274 0.359581 0.275546 0.360683 0.271329 0.359031 0.269097
0 0.285793 0.264137 0.279736 0.267113 0.278634 0.271577 0.283040 0.273313 0.286894 0.278026 0.300110 0.282490 0.311123 0.282738 0.314978 0.281994 0.318833 0.279762 0.322137 0.272321 0.322137 0.267361 0.314427 0.264385 0.305066 0.262649 0.294053 0.262649
0 0.283040 0.278522 0.270925 0.280010 0.266520 0.282242 0.263767 0.286210 0.263767 0.289683 0.265969 0.294891 0.269824 0.297867 0.281938 0.302579 0.291300 0.300347 0.296256 0.297619 0.302863 0.291915 0.304515 0.287698 0.303414 0.283730 0.301211 0.282490 0.291850 0.279514
0 0.237885 0.271577 0.230176 0.272073 0.223568 0.274554 0.221366 0.279514 0.223018 0.287698 0.224670 0.289683 0.232930 0.293899 0.235132 0.295883 0.238436 0.297371 0.248899 0.296131 0.256608 0.292907 0.260463 0.288442 0.260463 0.284226 0.256608 0.275298 0.250000 0.272817
0 0.213106 0.272569 0.203194 0.272569 0.195485 0.274306 0.188877 0.279018 0.187225 0.282986 0.187775 0.287946 0.192181 0.289435 0.196035 0.289683 0.204846 0.287946 0.219163 0.287202 0.219714 0.283978 0.222467 0.280010 0.222467 0.275298
0 0.171256 0.266617 0.161344 0.262897 0.153084 0.261657 0.143722 0.261905 0.137665 0.263393 0.134361 0.265129 0.131608 0.270089 0.131608 0.272321 0.134361 0.276786 0.134361 0.280010 0.144824 0.280258 0.151432 0.279018 0.159141 0.279018 0.166300 0.278274 0.170154 0.276042 0.173458 0.271577
0 0.107930 0.262649 0.091410 0.264633 0.087004 0.267113 0.085352 0.271825 0.086454 0.275546 0.093062 0.279018 0.096366 0.282242 0.101872 0.285218 0.109031 0.286954 0.117841 0.285218 0.128855 0.281498 0.131057 0.274306 0.128855 0.270337 0.124449 0.267113 0.118943 0.264633
0 0.073789 0.275298 0.065529 0.277530 0.056167 0.281746 0.055066 0.282986 0.055066 0.287202 0.056167 0.288690 0.061123 0.290675 0.073789 0.293403 0.080396 0.294147 0.090308 0.293899 0.095815 0.290923 0.097467 0.287202 0.097467 0.283234 0.093062 0.279018 0.088656 0.276538 0.083150 0.275298
0 0.149780 0.279018 0.142621 0.280754 0.137665 0.283234 0.151982 0.287202 0.154736 0.290675 0.154736 0.295139 0.159141 0.297371 0.161344 0.297619 0.162996 0.294643 0.166300 0.291915 0.168502 0.290923 0.176762 0.289435 0.180066 0.286954 0.176762 0.283234 0.170154 0.280506 0.161894 0.279018
0 0.177863 0.288938 0.168502 0.290923 0.166300 0.291915 0.162445 0.295139 0.161344 0.299355 0.165749 0.305308 0.175661 0.307788 0.177863 0.309028 0.187775 0.311260 0.192731 0.309772 0.194934 0.307044 0.188877 0.302579 0.188326 0.299355 0.189427 0.294643 0.192731 0.290923 0.187225 0.289187
0 0.118392 0.284474 0.113436 0.286954 0.112885 0.291171 0.115639 0.295139 0.131057 0.299107 0.137665 0.301835 0.143172 0.303075 0.152533 0.303571 0.154736 0.300099 0.155286 0.293651 0.154736 0.290923 0.151982 0.287202 0.142621 0.283730 0.125000 0.283234
0 0.657489 0.260665 0.650881 0.262153 0.642621 0.265625 0.636013 0.272073 0.635463 0.275794 0.638216 0.280010 0.640969 0.281498 0.647026 0.282738 0.665749 0.282242 0.671806 0.280506 0.674559 0.277530 0.675110 0.274306 0.672907 0.267113 0.664097 0.261905
0 0.678414 0.266617 0.675661 0.268353 0.674009 0.271825 0.680617 0.281002 0.691079 0.285466 0.694934 0.286458 0.700991 0.286954 0.704295 0.286210 0.712004 0.282738 0.715859 0.279514 0.712004 0.274306 0.698789 0.267609 0.690529 0.266121 0.681718 0.266121
0 0.672357 0.252232 0.668502 0.255704 0.667952 0.260665 0.674559 0.265873 0.682269 0.266617 0.691630 0.266369 0.702093 0.267113 0.709251 0.266369 0.713656 0.264881 0.715859 0.259177 0.714207 0.256696 0.708150 0.253472 0.697687 0.250496 0.689978 0.249256 0.681718 0.249256
0 0.743943 0.252728 0.734581 0.251736 0.725220 0.253472 0.719714 0.255952 0.716410 0.258433 0.714207 0.263393 0.715859 0.267361 0.718062 0.268353 0.725771 0.270337 0.735132 0.270337 0.751101 0.267361 0.753855 0.264385 0.753304 0.260913 0.747137 0.256572
0 0.759912 0.243800 0.751101 0.245288 0.746145 0.247272 0.744493 0.249008 0.743943 0.252480 0.749449 0.258185 0.753304 0.260417 0.769824 0.262153 0.778084 0.259425 0.785242 0.255952 0.786344 0.253224 0.785793 0.249256 0.784692 0.247768 0.779185 0.245536 0.769824 0.244048
0 0.806167 0.251240 0.802863 0.251240 0.798458 0.252976 0.789648 0.254712 0.773678 0.261409 0.770925 0.263393 0.771476 0.267857 0.780837 0.272321 0.787445 0.273562 0.794604 0.271577 0.797907 0.269097 0.801762 0.263641 0.802313 0.259921 0.807819 0.251736
0 0.771476 0.268601 0.751101 0.267609 0.740088 0.268849 0.729626 0.271329 0.726872 0.275298 0.727423 0.276538 0.729626 0.278026 0.737885 0.279266 0.743943 0.281498 0.752753 0.282738 0.762115 0.277778 0.770925 0.275050 0.774229 0.273313 0.775881 0.271081
0 0.725771 0.277778 0.718062 0.279514 0.706498 0.285466 0.702093 0.286954 0.701542 0.291419 0.707048 0.294891 0.716960 0.295635 0.725220 0.298363 0.727974 0.298363 0.734031 0.297123 0.740088 0.294147 0.742841 0.288442 0.749449 0.282986 0.735132 0.278274
0 0.768172 0.276538 0.760463 0.278026 0.752753 0.283234 0.752753 0.287698 0.755507 0.291419 0.769273 0.297371 0.778634 0.296627 0.783590 0.295139 0.790198 0.291667 0.791850 0.289187 0.790749 0.284226 0.784692 0.279018 0.779736 0.277282
0 0.785793 0.275298 0.784692 0.279514 0.791300 0.285218 0.792952 0.291171 0.795705 0.291667 0.805617 0.291667 0.816079 0.289931 0.819383 0.287450 0.818282 0.279018 0.816630 0.275546 0.814427 0.274554 0.805066 0.272569 0.795154 0.272569
0 0.830947 0.262153 0.823789 0.260913 0.818833 0.260913 0.807819 0.262401 0.802313 0.264633 0.800661 0.266121 0.799009 0.271577 0.808921 0.273562 0.812775 0.275050 0.821586 0.274554 0.827093 0.272817 0.834802 0.271825 0.836454 0.270585 0.837555 0.267361 0.834802 0.263641
0 0.827643 0.236359 0.821586 0.239831 0.820485 0.243304 0.821586 0.247024 0.825441 0.250496 0.829846 0.252232 0.838656 0.253720 0.848568 0.253720 0.852974 0.252976 0.859581 0.250248 0.862885 0.247520 0.864537 0.243056 0.863987 0.239831 0.861784 0.237847 0.856278 0.236359 0.842511 0.235367 0.833150 0.235615
0 0.909141 0.238591 0.905286 0.239583 0.898678 0.243304 0.897577 0.245784 0.898678 0.250000 0.903084 0.253472 0.908590 0.256200 0.925661 0.257440 0.927863 0.257192 0.935022 0.254960 0.939427 0.251240 0.941630 0.248264 0.941079 0.244048 0.935022 0.240823 0.926762 0.239087 0.919604 0.238095
0 0.927313 0.257937 0.920154 0.256696 0.908040 0.256696 0.899229 0.258433 0.894273 0.260665 0.890969 0.263641 0.889317 0.269345 0.893172 0.274306 0.899229 0.277778 0.914648 0.273065 0.930617 0.270337 0.932269 0.267609 0.932269 0.262649 0.930066 0.259425
0 0.943833 0.273313 0.935022 0.270833 0.916850 0.272073 0.910793 0.273562 0.903084 0.276538 0.897577 0.282490 0.897577 0.283730 0.901432 0.287202 0.907489 0.289187 0.913546 0.289683 0.926211 0.289435 0.932269 0.287946 0.941079 0.283482 0.946035 0.279514 0.946035 0.275298
0 0.940529 0.296627 0.930066 0.298611 0.926762 0.301339 0.924009 0.310268 0.925110 0.313740 0.928414 0.315228 0.934471 0.316468 0.953194 0.316964 0.959802 0.315972 0.966960 0.313244 0.973018 0.307540 0.973568 0.302579 0.971366 0.299355 0.968062 0.297619 0.962004 0.296627
0 0.829295 0.272569 0.820485 0.274306 0.817731 0.276042 0.817731 0.282242 0.819383 0.287698 0.822687 0.290923 0.830947 0.293155 0.840308 0.293651 0.852423 0.288442 0.854075 0.283730 0.852974 0.280258 0.846366 0.275050 0.839207 0.273313
0 0.883260 0.274802 0.873348 0.274058 0.855176 0.279018 0.855176 0.287450 0.857379 0.289187 0.864537 0.291667 0.866189 0.291419 0.873128 0.285938 0.878029 0.284350 0.883040 0.282986 0.887280 0.281424 0.893007 0.280704 0.892621 0.279266
0 0.873899 0.256200 0.865088 0.256448 0.860132 0.257937 0.850771 0.262897 0.843062 0.269345 0.841410 0.271825 0.843612 0.274554 0.854075 0.278274 0.856828 0.278522 0.865639 0.276290 0.870044 0.274306 0.872247 0.272321 0.877203 0.261905 0.877203 0.259425
0 0.890419 0.281002 0.872247 0.286706 0.867841 0.289435 0.866740 0.291915 0.868943 0.294395 0.877203 0.298611 0.881057 0.299603 0.891520 0.300099 0.900330 0.297371 0.904185 0.290923 0.901982 0.287698 0.895374 0.284226 0.893172 0.281498
0 0.857379 0.291171 0.847467 0.291915 0.837555 0.297867 0.835903 0.302083 0.836454 0.303571 0.843062 0.307788 0.846366 0.308780 0.871145 0.306300 0.874449 0.304067 0.877753 0.299107 0.872247 0.294891
0 0.805066 0.296131 0.797357 0.295139 0.785793 0.295387 0.773128 0.299107 0.770374 0.302083 0.769824 0.307540 0.772026 0.311508 0.776982 0.313988 0.785793 0.315972 0.791300 0.315724 0.799559 0.313492 0.807819 0.310020 0.813326 0.305060 0.814427 0.302331 0.812225 0.298859
0 0.752753 0.292163 0.742841 0.293155 0.729626 0.298611 0.729626 0.302827 0.732379 0.308532 0.736233 0.310268 0.743392 0.311756 0.752203 0.312004 0.762665 0.309276 0.765969 0.307788 0.769273 0.303819 0.768722 0.299107 0.766520 0.297123 0.759912 0.293403
0 0.708700 0.295387 0.694934 0.299107 0.693282 0.303075 0.699339 0.306052 0.703744 0.310020 0.707599 0.312004 0.718062 0.312748 0.728524 0.310516 0.730727 0.309524 0.731828 0.306548 0.730176 0.302579 0.726872 0.299107 0.719714 0.296379
0 0.626101 0.301835 0.622247 0.300843 0.613987 0.301091 0.607379 0.302083 0.604075 0.303819 0.596366 0.311012 0.595264 0.315476 0.597467 0.317460 0.609031 0.318452 0.621696 0.317956 0.627203 0.316716 0.631057 0.314980 0.633811 0.311012 0.632709 0.306796 0.630507 0.304067
0 0.549559 0.293651 0.542952 0.292659 0.530286 0.295139 0.526432 0.296627 0.519824 0.302579 0.518172 0.306300 0.519273 0.311260 0.523128 0.313740 0.534692 0.314980 0.547357 0.315228 0.552313 0.314484 0.555066 0.312748 0.560022 0.307292 0.562225 0.302331 0.560022 0.297867
0 0.508811 0.293899 0.500551 0.292659 0.487885 0.293651 0.477423 0.295883 0.472467 0.298363 0.469714 0.301835 0.471916 0.306796 0.481828 0.310268 0.500551 0.311508 0.511564 0.308284 0.516520 0.303819 0.516520 0.301339 0.514868 0.298115
0 0.431167 0.294147 0.421806 0.293899 0.409141 0.296627 0.406938 0.298115 0.404736 0.301835 0.404736 0.303819 0.408040 0.308532 0.421256 0.312748 0.429515 0.312252 0.435573 0.310764 0.438877 0.308780 0.444383 0.302827 0.443833 0.298611 0.439427 0.295635
0 0.368943 0.289435 0.364537 0.290923 0.361784 0.294891 0.361784 0.301091 0.365088 0.304812 0.370595 0.307044 0.376101 0.308036 0.388216 0.308036 0.398678 0.305308 0.404185 0.302579 0.406938 0.299355 0.406388 0.297123 0.403084 0.294643 0.395374 0.291667 0.386013 0.289931 0.379405 0.289187
0 0.316630 0.298363 0.308921 0.300099 0.303965 0.303075 0.302313 0.305556 0.303414 0.311012 0.305617 0.313244 0.312775 0.316220 0.316630 0.316964 0.327643 0.316964 0.333700 0.315724 0.338656 0.313244 0.341410 0.308532 0.340308 0.303571 0.337555 0.301091 0.331498 0.299355
0 0.238877 0.298636 0.236949 0.302852 0.237830 0.307713 0.244218 0.311657 0.253249 0.316493 0.268557 0.316865 0.277093 0.314732 0.279185 0.310516 0.279736 0.306052 0.275881 0.301835 0.265969 0.298363 0.259416 0.295585 0.250000 0.296602
0 0.199339 0.288690 0.192731 0.290675 0.189978 0.292907 0.187775 0.298115 0.188877 0.303075 0.196035 0.306796 0.197137 0.308284 0.201542 0.309524 0.212004 0.311012 0.218062 0.311260 0.227423 0.310516 0.233480 0.308036 0.235683 0.306300 0.236784 0.298611 0.230727 0.293651 0.225220 0.291419 0.214758 0.288442 0.203744 0.287946
0 0.117841 0.296131 0.108480 0.297619 0.102423 0.300595 0.099119 0.304315 0.098568 0.309028 0.099670 0.311508 0.108480 0.316716 0.117841 0.316220 0.122247 0.315228 0.132709 0.314236 0.135463 0.312996 0.138216 0.308780 0.138216 0.302579 0.130507 0.298611
0 0.104626 0.316716 0.093062 0.315476 0.082048 0.315724 0.071586 0.317956 0.066630 0.320188 0.064978 0.321677 0.066079 0.327381 0.082048 0.334573 0.093062 0.333829 0.109031 0.326637 0.109581 0.320188 0.108480 0.318452
0 0.044604 0.323909 0.042401 0.325645 0.043502 0.333085 0.047357 0.339782 0.050661 0.342510 0.055617 0.344246 0.066630 0.344742 0.074890 0.343006 0.079846 0.340278 0.081498 0.338046 0.080947 0.334573 0.079295 0.333085 0.073789 0.330357 0.062775 0.326637 0.048458 0.323413
0 0.065529 0.346974 0.057819 0.345982 0.047907 0.346726 0.039648 0.349206 0.033590 0.352431 0.029736 0.357391 0.029736 0.362351 0.031938 0.365079 0.034141 0.366071 0.039097 0.367312 0.045705 0.368056 0.057269 0.368304 0.065529 0.367063 0.078194 0.362599 0.080396 0.359871 0.080396 0.356895 0.074339 0.350446
0 0.117841 0.341270 0.105727 0.341518 0.099119 0.342758 0.091410 0.345486 0.088106 0.348462 0.085352 0.354167 0.082599 0.356895 0.083150 0.365575 0.087555 0.367808 0.099670 0.370040 0.115088 0.368304 0.122797 0.366815 0.126652 0.365079 0.133811 0.357639 0.134912 0.353423 0.131608 0.347718 0.128855 0.345238
0 0.069383 0.366071 0.066630 0.368304 0.068833 0.375992 0.082599 0.386657 0.088656 0.387897 0.095264 0.387897 0.102423 0.386905 0.109031 0.383929 0.111784 0.381696 0.110683 0.376984 0.099670 0.370784 0.082599 0.366319 0.075441 0.365575
0 0.148678 0.375198 0.144383 0.373884 0.134802 0.371081 0.124174 0.371900 0.117566 0.375099 0.113767 0.378423 0.112059 0.383929 0.111013 0.392460 0.115198 0.391543 0.126101 0.388889 0.131057 0.389385 0.137885 0.390055 0.142511 0.389782 0.146806 0.389187 0.148458 0.387574 0.152533 0.384921 0.154240 0.381250 0.153084 0.378100
0 0.064978 0.375744 0.056718 0.377232 0.051211 0.381696 0.050661 0.385913 0.053414 0.387897 0.058370 0.388393 0.065529 0.390377 0.074339 0.391865 0.084802 0.388889 0.082599 0.387153 0.080947 0.384673 0.077643 0.383433 0.074339 0.380456 0.070485 0.378968 0.068282 0.376736
0 0.056718 0.387897 0.046806 0.387897 0.030837 0.390129 0.025330 0.392609 0.023678 0.395833 0.024780 0.400298 0.029736 0.403770 0.038546 0.406498 0.050110 0.407242 0.065529 0.404514 0.067731 0.403274 0.071586 0.396577 0.072137 0.392609 0.064427 0.389385
0 0.062225 0.405258 0.054515 0.406746 0.047357 0.410218 0.045154 0.412450 0.044053 0.416915 0.046256 0.419891 0.049009 0.421627 0.062225 0.423611 0.065529 0.424603 0.074890 0.425347 0.080947 0.424107 0.091410 0.420139 0.089207 0.412202 0.087004 0.410218 0.078194 0.406746 0.071586 0.405506
0 0.047907 0.422371 0.036894 0.427331 0.033590 0.431548 0.034141 0.436012 0.037445 0.438740 0.047907 0.442708 0.055617 0.444196 0.066079 0.444196 0.068833 0.443204 0.071586 0.440972 0.073789 0.436508 0.073238 0.431052 0.069383 0.426091 0.067181 0.424851 0.057819 0.422619
0 0.083150 0.431796 0.078744 0.432540 0.075441 0.434276 0.069383 0.443204 0.072687 0.449901 0.075991 0.452629 0.082048 0.454365 0.090859 0.453373 0.102974 0.449653 0.109581 0.443452 0.110683 0.440476 0.109581 0.437004 0.106278 0.434772 0.099670 0.433284
0 0.898678 0.299355 0.891520 0.300595 0.888216 0.301835 0.881608 0.307044 0.880507 0.311012 0.884361 0.317212 0.888216 0.318700 0.901432 0.320437 0.913546 0.317460 0.920705 0.314236 0.924009 0.310516 0.924009 0.305804 0.922357 0.304067 0.912445 0.300595 0.908590 0.299851
0 0.682269 0.302083 0.673458 0.304315 0.668502 0.306548 0.665198 0.309772 0.665198 0.311260 0.667952 0.314484 0.674009 0.317212 0.681718 0.319196 0.691079 0.318700 0.700991 0.314484 0.703194 0.310516 0.698789 0.306548 0.691630 0.303323
0 0.578744 0.301835 0.571586 0.302331 0.565529 0.303819 0.561123 0.306052 0.553965 0.314236 0.554515 0.317708 0.556718 0.319444 0.562225 0.321677 0.569383 0.322421 0.582048 0.321677 0.589758 0.319940 0.593612 0.317956 0.595264 0.315228 0.593612 0.310516 0.584802 0.304067
0 0.134912 0.314980 0.125551 0.314980 0.117291 0.316468 0.112885 0.318204 0.110683 0.320685 0.110683 0.327381 0.116740 0.331349 0.125551 0.334325 0.135463 0.333333 0.143172 0.330357 0.148128 0.326141 0.148128 0.321181 0.145925 0.318204
0 0.159141 0.306300 0.151982 0.307044 0.149780 0.308036 0.147026 0.311508 0.146476 0.317212 0.151982 0.326141 0.162996 0.326885 0.174559 0.325149 0.182819 0.321925 0.186123 0.318948 0.187775 0.314236 0.185022 0.311260 0.174559 0.307540 0.169604 0.306548
0 0.149780 0.327381 0.145925 0.328373 0.131608 0.335069 0.131057 0.338542 0.135463 0.343502 0.143172 0.346726 0.151982 0.347966 0.161894 0.347966 0.174009 0.346230 0.177863 0.344494 0.181167 0.341518 0.181718 0.333581 0.179515 0.331597 0.170154 0.327381
0 0.193833 0.311012 0.192181 0.312748 0.192181 0.314732 0.198238 0.317708 0.202643 0.322173 0.216410 0.325645 0.221916 0.327877 0.230727 0.328373 0.235683 0.326637 0.240639 0.322421 0.242841 0.318948 0.241189 0.315724 0.236784 0.312996 0.232930 0.312004 0.225771 0.311260 0.206498 0.310516 0.195485 0.310516
0 0.171806 0.326141 0.178965 0.330853 0.183921 0.333085 0.194383 0.335813 0.203194 0.337302 0.213106 0.337054 0.218062 0.334573 0.220815 0.330853 0.219714 0.326141 0.205396 0.323165 0.198238 0.322669 0.186123 0.322917
0 0.160793 0.348462 0.151982 0.349454 0.146476 0.351438 0.138767 0.353175 0.134912 0.355159 0.127753 0.364831 0.128855 0.367312 0.132159 0.369048 0.143722 0.370288 0.152533 0.368304 0.155837 0.366815 0.162445 0.354167 0.161894 0.349454
0 0.081498 0.423611 0.081498 0.428075 0.085903 0.430804 0.099670 0.433036 0.106278 0.433284 0.108480 0.434276 0.113436 0.432788 0.117841 0.432292 0.122247 0.428075 0.122247 0.425347 0.121145 0.424355 0.107930 0.422867 0.100220 0.422619 0.091960 0.420387 0.086454 0.421379
0 0.716960 0.616567 0.710903 0.620288 0.708700 0.622768 0.709802 0.625496 0.714758 0.628472 0.729626 0.631696 0.746696 0.631944 0.752203 0.630952 0.750771 0.626761 0.748789 0.624231 0.745650 0.621528 0.742401 0.619023 0.734526 0.615997 0.727423 0.614583
0 0.655286 0.618552 0.651267 0.618948 0.640198 0.621875 0.633095 0.626687 0.640419 0.630952 0.647577 0.633681 0.657489 0.634673 0.674725 0.634177 0.679626 0.633631 0.678414 0.626736 0.675661 0.624008 0.668502 0.620536 0.661894 0.619048
0 0.586454 0.611359 0.580396 0.613839 0.573789 0.619296 0.571035 0.623264 0.571586 0.626984 0.574339 0.629216 0.580396 0.631200 0.588106 0.632440 0.599615 0.630531 0.602863 0.626910 0.601982 0.623016 0.598458 0.616840 0.597467 0.613591 0.591960 0.611855
0 0.639868 0.614831 0.633260 0.613343 0.621696 0.611855 0.610132 0.611607 0.599670 0.612351 0.597467 0.614087 0.597467 0.615575 0.605176 0.627480 0.607930 0.628224 0.613436 0.628472 0.624009 0.625645 0.633040 0.622693 0.639758 0.618304
0 0.761564 0.601935 0.757159 0.602431 0.749449 0.607143 0.740639 0.611111 0.733315 0.614509 0.744163 0.619444 0.748073 0.622743 0.761013 0.621776 0.765969 0.619296 0.769273 0.618552 0.774229 0.616319 0.777533 0.611855 0.777533 0.610863 0.773678 0.607639 0.765419 0.604415
0 0.883260 0.602679 0.878855 0.603423 0.873348 0.605655 0.869493 0.607887 0.865584 0.612550 0.866740 0.615823 0.868392 0.620536 0.870595 0.623264 0.873348 0.623760 0.883260 0.624008 0.890914 0.620040 0.893282 0.615278 0.894273 0.611632 0.895925 0.608879 0.893227 0.604886
0 0.904185 0.610367 0.900330 0.610863 0.895319 0.612574 0.893888 0.615228 0.890804 0.620437 0.886564 0.623264 0.881993 0.626786 0.889593 0.628596 0.909141 0.630704 0.912445 0.629712 0.923458 0.628472 0.927313 0.626984 0.931167 0.623016 0.930617 0.619048 0.925661 0.615079 0.916850 0.611111
0 0.875000 0.593254 0.865088 0.593006 0.854350 0.593403 0.838656 0.593750 0.834802 0.595982 0.833700 0.600198 0.843612 0.606399 0.856278 0.609127 0.865639 0.609127 0.873348 0.605903 0.879405 0.601935 0.879405 0.596230
0 0.134361 0.409226 0.131608 0.412450 0.126652 0.415675 0.115088 0.417411 0.112885 0.418403 0.111784 0.420139 0.117841 0.423611 0.125551 0.425595 0.139317 0.426091 0.143172 0.425347 0.144824 0.422371 0.150330 0.418651 0.151982 0.415675 0.143722 0.410962