0 0.302315 0.102865 0.291667 0.103385 0.283333 0.105729 0.280556 0.107292 0.282407 0.108854 0.283796 0.113021 0.286574 0.117188 0.290278 0.120313 0.294907 0.122656 0.303241 0.122656 0.306944 0.121615 0.311574 0.118490 0.314352 0.115104 0.314815 0.110937 0.312500 0.107031
0 0.310648 0.119010 0.310185 0.125521 0.310648 0.127344 0.312500 0.128646 0.324537 0.130469 0.329167 0.129948 0.333796 0.128125 0.338889 0.127083 0.338426 0.121615 0.335648 0.118750 0.331019 0.116146 0.328241 0.115625 0.318519 0.115885 0.315278 0.116406
0 0.370370 0.095833 0.363889 0.098437 0.359722 0.102344 0.358796 0.105990 0.357407 0.107292 0.357870 0.111458 0.364352 0.115365 0.378704 0.115625 0.380093 0.113542 0.387963 0.107813 0.387500 0.102083 0.385185 0.098958 0.379167 0.095833
0 0.486574 0.071354 0.480556 0.073438 0.476852 0.078646 0.476389 0.083594 0.478241 0.087760 0.481019 0.088802 0.488889 0.090104 0.496759 0.090625 0.501389 0.088281 0.508796 0.086458 0.512037 0.083854 0.514352 0.079948 0.510648 0.079167 0.498611 0.071354 0.496759 0.070833
0 0.461574 0.074479 0.455093 0.076302 0.449537 0.079427 0.447222 0.082812 0.445370 0.088281 0.450463 0.092708 0.457407 0.094531 0.463426 0.095052 0.468519 0.094531 0.471759 0.093490 0.478241 0.087760 0.475463 0.080469 0.473148 0.077865 0.468981 0.075260
0 0.502778 0.067187 0.499074 0.068490 0.498611 0.072396 0.504630 0.075521 0.510185 0.082031 0.517593 0.081250 0.518981 0.078646 0.526389 0.072396 0.523611 0.068229 0.511111 0.066406
0 0.531944 0.073958 0.524074 0.074740 0.520370 0.077083 0.517130 0.080469 0.515741 0.084115 0.524074 0.089844 0.532407 0.089844 0.535185 0.089323 0.542593 0.084115 0.542130 0.079687 0.540741 0.077865
0 0.526852 0.068229 0.526389 0.072656 0.532870 0.073958 0.537963 0.076823 0.542593 0.075781 0.545833 0.070573 0.548611 0.068490 0.546296 0.066927 0.541204 0.066146 0.537500 0.066146 0.534259 0.067187
0 0.547685 0.069271 0.544907 0.071094 0.543056 0.075521 0.543981 0.080208 0.546296 0.082292 0.550000 0.084115 0.556944 0.085417 0.566667 0.084896 0.569907 0.083854 0.575463 0.080208 0.575463 0.075521 0.572685 0.071354 0.566667 0.068490 0.554630 0.068229
0 0.566204 0.067448 0.565278 0.068490 0.568981 0.069792 0.573148 0.072396 0.576389 0.078385 0.577778 0.079167 0.581481 0.079167 0.584259 0.078385 0.585648 0.077344 0.587037 0.073698 0.587037 0.069531 0.586111 0.068229 0.580093 0.068229 0.573611 0.066927
0 0.599537 0.065625 0.593056 0.066406 0.587963 0.068490 0.586111 0.071354 0.586111 0.076563 0.588426 0.079167 0.591667 0.080990 0.601852 0.082292 0.607870 0.081250 0.617130 0.076042 0.619444 0.071875 0.617130 0.068490 0.614815 0.067448 0.609259 0.066146
0 0.639815 0.075781 0.636574 0.075000 0.629167 0.074479 0.622685 0.075000 0.615278 0.076823 0.609722 0.079948 0.607870 0.083333 0.608333 0.086719 0.610185 0.090365 0.613889 0.093229 0.618981 0.094010 0.628241 0.093490 0.639815 0.089583 0.643981 0.087500 0.645370 0.084115 0.645370 0.079948
0 0.662963 0.075521 0.656019 0.076563 0.651852 0.078125 0.648148 0.080208 0.646296 0.084375 0.647222 0.088021 0.656944 0.094792 0.661574 0.099479 0.664352 0.100000 0.670370 0.098177 0.675463 0.092188 0.676389 0.082812 0.675463 0.079687 0.671296 0.076563
0 0.711574 0.066406 0.707407 0.068750 0.704167 0.072135 0.705093 0.076563 0.709259 0.082812 0.712500 0.084115 0.720370 0.084896 0.725000 0.084635 0.735648 0.082552 0.738889 0.080208 0.741667 0.076302 0.742593 0.072917 0.738426 0.068229 0.732870 0.065885 0.723148 0.064323 0.718056 0.064323
0 0.749074 0.073438 0.744907 0.074479 0.739352 0.078646 0.737500 0.083073 0.739352 0.086979 0.744444 0.091146 0.753241 0.095573 0.761111 0.096094 0.765278 0.095312 0.768056 0.094010 0.769444 0.092188 0.769444 0.083854 0.767593 0.079948 0.764352 0.076042 0.760648 0.073438
0 0.788889 0.069010 0.781481 0.069792 0.776852 0.072135 0.773148 0.075781 0.771759 0.079427 0.772222 0.084115 0.777778 0.086198 0.781019 0.086719 0.791667 0.086458 0.796759 0.085156 0.799537 0.082812 0.800926 0.079948 0.798611 0.073698 0.795370 0.070573
0 0.821296 0.083073 0.815741 0.082031 0.810648 0.083854 0.807407 0.086979 0.804167 0.091927 0.808796 0.095833 0.816204 0.096354 0.827315 0.094010 0.830556 0.091927 0.828704 0.088021
0 0.865278 0.068490 0.844907 0.069271 0.841667 0.070052 0.837500 0.072135 0.835648 0.075260 0.837500 0.080469 0.839352 0.082292 0.846296 0.086198 0.850000 0.087240 0.857870 0.087500 0.862963 0.086458 0.867593 0.084115 0.870833 0.079948 0.872222 0.075000 0.869907 0.070573
0 0.885185 0.067187 0.881019 0.069010 0.878241 0.072135 0.877315 0.076563 0.878704 0.079948 0.884722 0.083073 0.893056 0.083594 0.901852 0.080208 0.906944 0.076823 0.908796 0.072135 0.895370 0.067448 0.892593 0.066927
0 0.843519 0.089323 0.835185 0.092708 0.832870 0.094792 0.831019 0.098698 0.832870 0.104427 0.836574 0.107031 0.844907 0.107552 0.857870 0.109896 0.864815 0.107813 0.868981 0.101562 0.869444 0.099479 0.868519 0.097656 0.863889 0.093490 0.858333 0.090365 0.851852 0.088802
0 0.871759 0.113281 0.869444 0.115104 0.868519 0.119792 0.871759 0.124740 0.877778 0.128646 0.887500 0.128646 0.892593 0.126302 0.897222 0.122135 0.898611 0.119792 0.897222 0.115625 0.892130 0.113281 0.886111 0.111979 0.877315 0.111979
0 0.885648 0.129948 0.872685 0.132292 0.868981 0.134635 0.868056 0.136458 0.868056 0.143229 0.870833 0.145573 0.877315 0.147656 0.885185 0.147135 0.888889 0.145833 0.896296 0.141667 0.899074 0.138802 0.898148 0.134635 0.893981 0.132292
0 0.879167 0.149479 0.872222 0.149740 0.869444 0.150521 0.864815 0.152865 0.861574 0.155990 0.858796 0.162500 0.858796 0.167187 0.860185 0.169010 0.862963 0.170052 0.873611 0.170052 0.878241 0.169010 0.882870 0.165885 0.889815 0.158594 0.887963 0.153906 0.883333 0.150781
0 0.843981 0.133854 0.838889 0.136198 0.835185 0.139583 0.833333 0.142448 0.833333 0.146615 0.836574 0.147656 0.840741 0.147135 0.847222 0.147396 0.849537 0.148698 0.850463 0.151042 0.857870 0.150521 0.863426 0.146615 0.866204 0.143229 0.867130 0.138281 0.865278 0.136979 0.856944 0.133854 0.851389 0.133073
0 0.850926 0.108333 0.843981 0.107292 0.835648 0.107552 0.831944 0.108594 0.829630 0.110156 0.825463 0.114844 0.824537 0.119531 0.829630 0.127083 0.837500 0.127083 0.844444 0.125260 0.854167 0.120052 0.855556 0.116927 0.855093 0.111979 0.853704 0.109896
0 0.825926 0.101823 0.820370 0.100260 0.814815 0.100000 0.809722 0.101302 0.804630 0.103646 0.800000 0.107292 0.797685 0.110937 0.797685 0.115885 0.798611 0.117708 0.800463 0.118750 0.811574 0.119010 0.823611 0.118490 0.828704 0.111458 0.829167 0.109375 0.828704 0.104427
0 0.801852 0.091406 0.794907 0.089844 0.783796 0.089844 0.778241 0.090625 0.772222 0.093750 0.770370 0.095833 0.769444 0.100000 0.774537 0.105729 0.777778 0.108073 0.779630 0.108594 0.788889 0.108594 0.797685 0.106250 0.800463 0.104688 0.805556 0.096094
0 0.767130 0.100000 0.759259 0.098958 0.753704 0.100521 0.742593 0.106250 0.738889 0.110937 0.739815 0.115365 0.742593 0.117448 0.750926 0.119271 0.758796 0.119271 0.767593 0.118490 0.772685 0.115625 0.775463 0.111979 0.776852 0.107292 0.773148 0.103646
0 0.700926 0.091927 0.698611 0.095573 0.699537 0.099219 0.701852 0.102344 0.705093 0.104427 0.712963 0.105729 0.726852 0.105990 0.735185 0.103646 0.736574 0.099479 0.734259 0.097917 0.730556 0.091406 0.725926 0.088542 0.719907 0.087500 0.711574 0.087760 0.705556 0.089583
0 0.641667 0.089323 0.631019 0.092188 0.626389 0.095312 0.625000 0.100000 0.627778 0.105990 0.631944 0.109635 0.638889 0.110937 0.647685 0.111198 0.651852 0.110156 0.657407 0.107031 0.659722 0.103646 0.660648 0.098958 0.655093 0.093490 0.648611 0.090365
0 0.607407 0.095052 0.602315 0.096615 0.596759 0.100521 0.596296 0.104688 0.597685 0.107813 0.600926 0.110417 0.612037 0.115365 0.620833 0.115625 0.624537 0.114583 0.629630 0.111458 0.628241 0.106771 0.624074 0.098958 0.622222 0.097135 0.614815 0.094792
0 0.579630 0.081250 0.572685 0.083854 0.572685 0.088542 0.575463 0.091927 0.580093 0.092708 0.588426 0.099479 0.593981 0.100521 0.598148 0.099219 0.602778 0.096094 0.605556 0.091927 0.606481 0.086979 0.601852 0.084115
0 0.568519 0.091667 0.567593 0.093229 0.567593 0.099740 0.571296 0.102083 0.573611 0.105208 0.577778 0.106510 0.581481 0.106510 0.585648 0.105469 0.588426 0.103385 0.590741 0.099479 0.581481 0.093229 0.580093 0.091406 0.572685 0.090625
0 0.560185 0.090104 0.554630 0.091146 0.549537 0.093490 0.547685 0.099479 0.547685 0.104167 0.550463 0.108073 0.558796 0.110417 0.565741 0.109896 0.569907 0.108594 0.572222 0.107292 0.574074 0.103906 0.569907 0.099479 0.569907 0.091667
0 0.538426 0.090625 0.528241 0.090625 0.525926 0.091146 0.523611 0.092969 0.523611 0.102083 0.527315 0.107292 0.531019 0.109375 0.537963 0.108594 0.546296 0.103906 0.547685 0.101562 0.548611 0.095052 0.546759 0.093229 0.541204 0.091927
0 0.518056 0.086719 0.510185 0.086458 0.502315 0.088021 0.497685 0.089844 0.494444 0.093229 0.493519 0.096615 0.495833 0.101042 0.505093 0.104948 0.508333 0.105469 0.514815 0.104948 0.521759 0.101042 0.522222 0.095312 0.524074 0.091406 0.521296 0.087760
0 0.461111 0.096354 0.456944 0.097656 0.454167 0.099479 0.455093 0.105208 0.457870 0.107292 0.462963 0.108073 0.468519 0.109896 0.470833 0.109635 0.474537 0.108073 0.476852 0.105208 0.481944 0.103385 0.483333 0.099219 0.480093 0.097917 0.469444 0.096094
0 0.441667 0.109115 0.438889 0.110937 0.437037 0.116146 0.439815 0.121094 0.448611 0.127083 0.452778 0.128385 0.464815 0.127865 0.468981 0.126823 0.474074 0.123698 0.475926 0.119531 0.470370 0.110937 0.462963 0.108073 0.457870 0.107552 0.446759 0.108073
0 0.482407 0.101823 0.476389 0.105208 0.472685 0.109896 0.472222 0.112240 0.474074 0.116927 0.477315 0.120313 0.480093 0.121615 0.488426 0.122396 0.497222 0.121615 0.501389 0.119531 0.506944 0.115365 0.507407 0.110677 0.506481 0.108594 0.503241 0.105729 0.496759 0.102083 0.491667 0.101562
0 0.510185 0.115104 0.505556 0.115625 0.503241 0.116667 0.500926 0.119271 0.499537 0.125000 0.500926 0.130729 0.502778 0.132812 0.506481 0.134115 0.512037 0.134635 0.517593 0.134115 0.522685 0.132292 0.525463 0.127604 0.525463 0.125781 0.523611 0.121875 0.520833 0.119271 0.515741 0.116667
0 0.481481 0.122656 0.475926 0.123958 0.470833 0.126823 0.469907 0.132552 0.470833 0.134896 0.477778 0.138542 0.482870 0.140365 0.491204 0.139063 0.499537 0.133854 0.501852 0.130729 0.500000 0.127083 0.497685 0.125521 0.491667 0.123958
0 0.453241 0.134375 0.449537 0.136979 0.447222 0.142448 0.450000 0.148177 0.453704 0.150000 0.461574 0.150521 0.469444 0.152604 0.480556 0.146615 0.481481 0.144271 0.481019 0.140885 0.469444 0.133854
0 0.422685 0.123958 0.418056 0.126562 0.416667 0.129167 0.417130 0.135417 0.418981 0.138021 0.425000 0.141927 0.428704 0.142969 0.441204 0.143750 0.445370 0.142448 0.448148 0.140625 0.448611 0.138542 0.451389 0.134896 0.450000 0.128906 0.445833 0.124219 0.440278 0.122135 0.431944 0.122135
0 0.414815 0.146094 0.410648 0.149479 0.410648 0.154688 0.412963 0.158594 0.419444 0.161719 0.435185 0.160677 0.441204 0.162760 0.447685 0.154688 0.448611 0.150260 0.446296 0.148177 0.437963 0.144271 0.428241 0.143229 0.418519 0.144792
0 0.449537 0.155729 0.445833 0.158854 0.443981 0.162240 0.447685 0.167708 0.455093 0.172396 0.461111 0.174219 0.470370 0.174740 0.477315 0.172917 0.482407 0.170052 0.486574 0.165885 0.484259 0.161198 0.479167 0.158073 0.468519 0.154948 0.456481 0.154688
0 0.511111 0.145313 0.502315 0.144531 0.496759 0.145573 0.487963 0.150781 0.484722 0.154167 0.483796 0.158854 0.485648 0.162500 0.489352 0.165365 0.495833 0.166927 0.503704 0.166406 0.513889 0.162760 0.519444 0.159375 0.522685 0.153906 0.519444 0.149219
0 0.531019 0.134635 0.524074 0.136458 0.522222 0.137500 0.520370 0.141927 0.520833 0.145833 0.523611 0.150781 0.527778 0.155208 0.531019 0.157031 0.538889 0.157031 0.546296 0.154167 0.547685 0.152865 0.550000 0.146094 0.550000 0.139583 0.548148 0.137240 0.541667 0.134896
0 0.552778 0.109115 0.538889 0.110156 0.530093 0.112760 0.527315 0.114583 0.523611 0.119271 0.526389 0.122135 0.534259 0.126042 0.545833 0.127865 0.558796 0.125000 0.562037 0.123177 0.563426 0.119792 0.562037 0.114323 0.559722 0.111719
0 0.600463 0.110156 0.587037 0.109375 0.578704 0.110417 0.572685 0.112760 0.569444 0.115104 0.568519 0.119271 0.573611 0.123958 0.579167 0.126042 0.586111 0.127083 0.593519 0.126562 0.602315 0.123958 0.605093 0.121094 0.606481 0.114323 0.604167 0.111719
0 0.650463 0.112500 0.642593 0.111198 0.635185 0.111458 0.628241 0.113021 0.622685 0.115365 0.620833 0.118750 0.621296 0.123438 0.623148 0.126562 0.625926 0.128646 0.631019 0.129427 0.636111 0.129427 0.649537 0.126042 0.654167 0.122917 0.656481 0.119531 0.655093 0.115625
0 0.683796 0.108073 0.676852 0.111458 0.672222 0.112760 0.671296 0.114062 0.671296 0.119271 0.674537 0.121615 0.680556 0.123698 0.683796 0.125781 0.691204 0.126302 0.697222 0.123177 0.700463 0.119531 0.699537 0.115885 0.696759 0.113542 0.690278 0.111458
0 0.704630 0.107292 0.701852 0.109375 0.701389 0.113281 0.703241 0.118229 0.706944 0.121875 0.710185 0.122917 0.718056 0.127344 0.725926 0.127604 0.730556 0.126042 0.734259 0.123958 0.738889 0.119271 0.738889 0.114323 0.737500 0.112760 0.730556 0.109375 0.725000 0.107552 0.716204 0.106510 0.709259 0.106510
0 0.773611 0.116146 0.767593 0.119010 0.767593 0.123438 0.768981 0.125781 0.771296 0.127344 0.775926 0.128385 0.781019 0.130469 0.788426 0.130729 0.794444 0.123438 0.794444 0.118750 0.790741 0.116927 0.787037 0.116146
0 0.823148 0.119271 0.816667 0.118229 0.806019 0.118750 0.800000 0.119531 0.796296 0.121094 0.791204 0.126562 0.790741 0.131250 0.798611 0.136458 0.800926 0.136979 0.816204 0.136979 0.823148 0.134115 0.826389 0.130990 0.827778 0.127604 0.827778 0.122917
0 0.795370 0.139323 0.793056 0.142448 0.793519 0.146354 0.800463 0.151562 0.806019 0.154427 0.815278 0.156250 0.821759 0.155208 0.827778 0.152083 0.832870 0.146875 0.831019 0.142448 0.825926 0.139844 0.818981 0.137760 0.815278 0.137240 0.801852 0.137240
0 0.767593 0.128646 0.762500 0.131510 0.758796 0.134635 0.757870 0.139583 0.759259 0.141667 0.763889 0.144271 0.773611 0.146615 0.781944 0.146615 0.790278 0.145313 0.793056 0.142708 0.792130 0.138802 0.785648 0.131771 0.775000 0.127865
0 0.750463 0.127865 0.747222 0.127083 0.739352 0.127344 0.735185 0.128646 0.723148 0.134635 0.724074 0.139844 0.729167 0.143490 0.731944 0.144010 0.747222 0.143490 0.752778 0.141146 0.755093 0.138281 0.756019 0.133854 0.753704 0.129948
0 0.710185 0.122917 0.705093 0.121615 0.698148 0.122396 0.693056 0.125000 0.689815 0.127604 0.687500 0.133854 0.687500 0.138802 0.690741 0.140625 0.702778 0.139844 0.712037 0.136198 0.715741 0.132031 0.716204 0.128125 0.715741 0.126562
0 0.662963 0.119271 0.656019 0.120833 0.651389 0.124219 0.650000 0.126042 0.650000 0.131510 0.653704 0.136198 0.659722 0.140885 0.662500 0.141667 0.670833 0.142187 0.680093 0.139844 0.682870 0.138542 0.686111 0.135156 0.687037 0.129427 0.686111 0.127604 0.680093 0.123438 0.676852 0.122656 0.670833 0.119792
0 0.649537 0.131510 0.640741 0.131510 0.630556 0.133854 0.625463 0.135937 0.623148 0.138021 0.621759 0.142187 0.625463 0.146354 0.641667 0.151042 0.649537 0.149219 0.655556 0.142448 0.655556 0.138281 0.653241 0.134635
0 0.600000 0.124219 0.593056 0.126823 0.589815 0.133854 0.591204 0.138802 0.592593 0.139844 0.606944 0.143229 0.614815 0.142969 0.618056 0.141146 0.622222 0.134896 0.621759 0.130469 0.618056 0.127865 0.609259 0.124479
0 0.600463 0.141667 0.596759 0.140625 0.593056 0.140365 0.586574 0.142448 0.579630 0.142708 0.577315 0.143490 0.575926 0.145313 0.575926 0.151302 0.576852 0.154427 0.579630 0.156510 0.587500 0.157552 0.596296 0.155990 0.607870 0.150521 0.606481 0.146094
0 0.580556 0.126823 0.564352 0.124479 0.558333 0.124479 0.549537 0.126823 0.548148 0.131771 0.548148 0.134896 0.549537 0.136719 0.552315 0.138542 0.557870 0.139844 0.563889 0.139323 0.573148 0.137240 0.580093 0.133594 0.582407 0.131510 0.582407 0.128646
0 0.573148 0.137500 0.568981 0.139844 0.564352 0.140885 0.560648 0.142708 0.553704 0.144271 0.550000 0.146354 0.549074 0.149479 0.549537 0.153125 0.552778 0.155729 0.558796 0.157812 0.566667 0.157292 0.573611 0.155990 0.576852 0.154427 0.576852 0.142448
0 0.552315 0.155990 0.544444 0.155469 0.538426 0.157292 0.532407 0.157812 0.521759 0.162500 0.518981 0.165885 0.518519 0.170573 0.522685 0.175260 0.537500 0.179427 0.544444 0.178906 0.547685 0.177604 0.551852 0.173958 0.555093 0.172396 0.556019 0.166667 0.559259 0.162240 0.556944 0.158073
0 0.571759 0.156250 0.563889 0.158073 0.561574 0.159896 0.556481 0.165885 0.555556 0.170573 0.556944 0.172656 0.566667 0.175781 0.574074 0.176563 0.578704 0.175260 0.585185 0.172135 0.587500 0.169792 0.588426 0.165365 0.586574 0.161458 0.582407 0.158073 0.577778 0.156510
0 0.600000 0.167448 0.594444 0.168229 0.590278 0.169531 0.585185 0.173958 0.591204 0.177083 0.600926 0.179688 0.603704 0.178385 0.606944 0.177865 0.607870 0.173437 0.606019 0.169010 0.604167 0.167969
0 0.609722 0.147917 0.600463 0.154167 0.600926 0.158594 0.605093 0.162500 0.612500 0.165885 0.620833 0.167187 0.629167 0.166667 0.632870 0.165365 0.638426 0.162500 0.643519 0.154427 0.639352 0.150260 0.629167 0.147135 0.620833 0.146875
0 0.643981 0.155469 0.640278 0.161458 0.640278 0.162760 0.643056 0.165104 0.650463 0.167708 0.656481 0.169010 0.663889 0.169271 0.667593 0.167708 0.669444 0.165885 0.670833 0.161979 0.668981 0.156771 0.666204 0.154688 0.662963 0.153906 0.656019 0.153646
0 0.688426 0.140625 0.685648 0.140104 0.677778 0.140365 0.666667 0.142448 0.662963 0.144792 0.661111 0.147396 0.660648 0.151042 0.662037 0.153125 0.669907 0.155990 0.675926 0.157031 0.683333 0.156510 0.690278 0.154427 0.693519 0.152344 0.693981 0.146094 0.691667 0.141927
0 0.704630 0.140104 0.701389 0.142187 0.695833 0.149740 0.696296 0.152344 0.699537 0.155208 0.704167 0.157031 0.711111 0.157812 0.715741 0.157292 0.719444 0.156250 0.722222 0.154427 0.723148 0.150521 0.722222 0.146354 0.712037 0.140104
0 0.752315 0.143750 0.749537 0.143229 0.735185 0.143490 0.729630 0.144010 0.726389 0.145573 0.723611 0.151042 0.727315 0.156771 0.732407 0.159635 0.739815 0.159896 0.746759 0.154948 0.750463 0.154427 0.754167 0.152865 0.756019 0.150781 0.754630 0.145573
0 0.766204 0.147135 0.759722 0.148698 0.757870 0.149740 0.755556 0.154427 0.759259 0.158073 0.762963 0.167448 0.766204 0.168750 0.774537 0.169792 0.781019 0.168490 0.788889 0.165104 0.791204 0.162240 0.791667 0.158073 0.788889 0.154688 0.776852 0.147917 0.774537 0.147135
0 0.753704 0.153906 0.746296 0.154688 0.737500 0.160156 0.735648 0.163542 0.735185 0.166406 0.737037 0.170313 0.741667 0.172656 0.746296 0.173698 0.754167 0.173437 0.759722 0.170313 0.762037 0.166406 0.759722 0.157812 0.758333 0.156250
0 0.798611 0.167448 0.787037 0.166667 0.777315 0.169531 0.772685 0.172396 0.769444 0.177344 0.769907 0.181510 0.773148 0.184635 0.777778 0.186979 0.782870 0.187760 0.789352 0.187760 0.793981 0.186719 0.797685 0.184635 0.800463 0.181250 0.804167 0.173958 0.803704 0.169792
0 0.838426 0.156771 0.836111 0.155990 0.823148 0.157292 0.810648 0.161458 0.805556 0.165885 0.806481 0.170573 0.813889 0.173958 0.822222 0.175260 0.831019 0.175260 0.837037 0.173958 0.841667 0.170052 0.842593 0.166927 0.842130 0.161198
0 0.834259 0.178125 0.818056 0.176042 0.806481 0.176823 0.800972 0.181823 0.787407 0.189583 0.789074 0.191745 0.807037 0.189766 0.820370 0.191667 0.830556 0.186979 0.835185 0.181771
0 0.817593 0.193490 0.807407 0.189844 0.801852 0.189323 0.794907 0.189583 0.791204 0.190365 0.788889 0.191927 0.786574 0.196875 0.786111 0.202865 0.787037 0.204167 0.791204 0.205990 0.800463 0.206771 0.807870 0.206250 0.817593 0.203125 0.818981 0.200000
0 0.830093 0.190365 0.823611 0.190885 0.819907 0.193229 0.819444 0.202865 0.820370 0.205208 0.822685 0.206771 0.830093 0.205990 0.837500 0.201823 0.840278 0.198698 0.840741 0.196875 0.838426 0.193490 0.835648 0.191927
0 0.765278 0.179948 0.761574 0.178906 0.754630 0.179427 0.747222 0.182812 0.744907 0.185156 0.743056 0.189323 0.743519 0.192708 0.746296 0.195052 0.753704 0.195573 0.768056 0.189583 0.769907 0.184896 0.767593 0.181250
0 0.786111 0.192708 0.781944 0.190104 0.774537 0.188021 0.766667 0.189583 0.750926 0.195573 0.748148 0.199740 0.747685 0.205208 0.752778 0.207031 0.762963 0.207813 0.777315 0.206250 0.783333 0.204687 0.785185 0.203125 0.786111 0.200260
0 0.701389 0.190625 0.699074 0.192448 0.697222 0.197135 0.698148 0.200781 0.705556 0.204427 0.711574 0.206510 0.719907 0.206250 0.728241 0.204948 0.734259 0.202083 0.739815 0.197396 0.743657 0.194922 0.731944 0.189323 0.726389 0.188021 0.711111 0.188021
0 0.677315 0.173437 0.675926 0.177604 0.678704 0.184635 0.681481 0.186719 0.691204 0.190365 0.698611 0.190885 0.706481 0.188542 0.708333 0.185938 0.709259 0.177604 0.703704 0.173437 0.697685 0.171094 0.693056 0.170573 0.684259 0.171354
0 0.720370 0.157031 0.711574 0.157292 0.706019 0.159115 0.703241 0.160677 0.699537 0.165885 0.699074 0.170052 0.700463 0.171615 0.711574 0.179167 0.718981 0.178385 0.725926 0.174219 0.731481 0.169010 0.732407 0.164844 0.731019 0.160677 0.728241 0.158854
0 0.690741 0.153906 0.677778 0.158073 0.676852 0.162240 0.679630 0.165365 0.686111 0.169010 0.690278 0.170313 0.693519 0.170313 0.698148 0.169010 0.700926 0.161458 0.700926 0.157812 0.698148 0.154427
0 0.642130 0.169010 0.634259 0.172917 0.631019 0.177604 0.631944 0.179427 0.638426 0.185156 0.649074 0.189062 0.656481 0.189323 0.667593 0.184115 0.668981 0.181510 0.667130 0.177865 0.657870 0.171615 0.649537 0.169271
0 0.654167 0.190625 0.653241 0.192188 0.654167 0.198437 0.655093 0.200000 0.660648 0.204167 0.668519 0.205729 0.677778 0.205469 0.687037 0.203385 0.690278 0.201302 0.691667 0.197917 0.691667 0.192969 0.689352 0.189583 0.684259 0.187500 0.677315 0.186458 0.662963 0.186198
0 0.628241 0.180990 0.626389 0.183073 0.625926 0.186198 0.626852 0.189062 0.626389 0.193490 0.629167 0.197656 0.634259 0.201823 0.643519 0.202083 0.651852 0.198958 0.652778 0.197396 0.651852 0.190104 0.642130 0.185677 0.638426 0.185156 0.635185 0.183073
0 0.600463 0.179167 0.596296 0.185417 0.599074 0.188802 0.606944 0.191667 0.618056 0.190365 0.623611 0.185938 0.624074 0.181510 0.621759 0.178906 0.616204 0.177865 0.606019 0.177865
0 0.587500 0.175000 0.579630 0.175521 0.575000 0.178125 0.572685 0.184635 0.572685 0.190104 0.573611 0.193229 0.576389 0.194271 0.580556 0.194531 0.587037 0.193490 0.595370 0.186719 0.597685 0.182031 0.596759 0.179167
0 0.552315 0.182812 0.544907 0.185677 0.541667 0.189062 0.540741 0.194531 0.541667 0.197135 0.548148 0.202865 0.551389 0.203906 0.559259 0.204427 0.565741 0.201302 0.569907 0.196615 0.571759 0.193490 0.571759 0.188802 0.569907 0.186198 0.566204 0.183854 0.559722 0.182031
0 0.524074 0.194271 0.518981 0.197135 0.517593 0.199479 0.517130 0.202083 0.518519 0.205208 0.522222 0.207031 0.532870 0.210417 0.538889 0.210938 0.545370 0.209115 0.547222 0.204687 0.545370 0.201042 0.540741 0.197135 0.536574 0.194792 0.531481 0.193490
0 0.525000 0.176302 0.517130 0.176823 0.507870 0.179427 0.503704 0.182031 0.502778 0.185677 0.505556 0.189583 0.511574 0.193750 0.517130 0.196354 0.531481 0.192448 0.537037 0.186198 0.536574 0.181510 0.534259 0.179167 0.531481 0.177865
0 0.493519 0.177344 0.486111 0.181771 0.482407 0.186979 0.478704 0.189323 0.477778 0.193490 0.480556 0.194010 0.490278 0.193750 0.496296 0.194271 0.503704 0.197135 0.506481 0.197396 0.510648 0.198958 0.512500 0.196875 0.509722 0.192708 0.503704 0.187500 0.501852 0.177865 0.497685 0.176823
0 0.475000 0.178906 0.468056 0.178906 0.463426 0.179948 0.461111 0.181510 0.459259 0.185417 0.459722 0.189583 0.462500 0.194271 0.465278 0.196875 0.468519 0.198437 0.472222 0.197656 0.481019 0.193229 0.483333 0.189583 0.483333 0.184896 0.481481 0.181771
0 0.448611 0.171094 0.440741 0.171354 0.430556 0.175260 0.424537 0.179688 0.423611 0.182292 0.424074 0.187240 0.428241 0.191406 0.431019 0.192448 0.439352 0.193750 0.448611 0.192969 0.453704 0.190365 0.457407 0.186979 0.459722 0.182292 0.459259 0.177865 0.454167 0.173437
0 0.462037 0.204167 0.454630 0.203646 0.450463 0.204948 0.443519 0.208854 0.439352 0.212760 0.437500 0.216667 0.437500 0.220833 0.439815 0.222917 0.447685 0.225260 0.455556 0.224740 0.463889 0.222917 0.469907 0.219531 0.472685 0.216927 0.473611 0.212760 0.472222 0.209115 0.470370 0.207292
0 0.497222 0.194271 0.489352 0.194010 0.486574 0.194792 0.483796 0.196354 0.477778 0.202865 0.474537 0.204948 0.475000 0.213281 0.479630 0.215885 0.483796 0.216146 0.493981 0.214323 0.502315 0.211198 0.507870 0.207813 0.509259 0.204687 0.508796 0.199479 0.506481 0.197656
0 0.607407 0.193229 0.604630 0.194792 0.600463 0.201042 0.603241 0.204427 0.607407 0.206771 0.613426 0.208073 0.622222 0.207813 0.629167 0.205208 0.632870 0.201042 0.626389 0.195052 0.615278 0.192448
0 0.635185 0.202604 0.624074 0.207813 0.623148 0.208854 0.623148 0.213021 0.626389 0.214844 0.633333 0.217188 0.636574 0.219271 0.642593 0.220833 0.649537 0.219531 0.651852 0.218229 0.655093 0.213542 0.655093 0.210417 0.653704 0.207031 0.651852 0.205729 0.644907 0.203125
0 0.593519 0.199740 0.589815 0.201042 0.587500 0.203385 0.584722 0.208333 0.584722 0.213021 0.590278 0.217188 0.593519 0.217969 0.600926 0.217708 0.607870 0.214583 0.610648 0.208854 0.606944 0.205208 0.600000 0.201302
0 0.708333 0.205990 0.705093 0.203906 0.699074 0.202083 0.690741 0.202865 0.681481 0.204687 0.674537 0.208073 0.669444 0.212760 0.670370 0.214583 0.673148 0.216406 0.676852 0.217188 0.683333 0.219792 0.692130 0.219792 0.700463 0.219010 0.704630 0.217969 0.708333 0.214844 0.709722 0.209635
0 0.794444 0.338802 0.791667 0.339583 0.787963 0.342448 0.787500 0.346354 0.789352 0.350260 0.794444 0.352604 0.803241 0.352604 0.809722 0.350781 0.816204 0.346094 0.817593 0.341667 0.809722 0.339062 0.804167 0.338542
0 0.857407 0.318229 0.845833 0.316927 0.842130 0.316927 0.833333 0.318229 0.820370 0.322135 0.819444 0.326302 0.823148 0.330208 0.828704 0.334115 0.837037 0.334375 0.850000 0.328906 0.853704 0.326302 0.857407 0.322396
0 0.918056 0.264323 0.912500 0.263802 0.907407 0.264583 0.899074 0.264844 0.897222 0.265885 0.893981 0.271094 0.894444 0.275521 0.899074 0.279167 0.906481 0.280208 0.910648 0.279167 0.918519 0.275260 0.920370 0.270573 0.919444 0.265104
0 0.827778 0.269010 0.826389 0.270573 0.826389 0.275781 0.828241 0.277344 0.835185 0.280208 0.845370 0.283333 0.849074 0.283854 0.859722 0.283333 0.864815 0.281250 0.865741 0.279948 0.864815 0.274479 0.857870 0.268750 0.853704 0.266667 0.842593 0.263802 0.837037 0.264583
0 0.805093 0.229948 0.802778 0.235156 0.803241 0.239583 0.804630 0.241406 0.809259 0.243490 0.817130 0.244010 0.828704 0.242188 0.836111 0.240365 0.840741 0.236458 0.838889 0.232031 0.836574 0.229948 0.832407 0.228125 0.823148 0.226302 0.815741 0.226302
0 0.850463 0.222396 0.846296 0.223698 0.838889 0.228385 0.839815 0.232552 0.843519 0.236458 0.857870 0.237500 0.864352 0.235156 0.867593 0.232552 0.867130 0.228385 0.861111 0.225260 0.857870 0.222656
0 0.835185 0.210156 0.827315 0.211719 0.821759 0.215104 0.820370 0.216667 0.820370 0.224479 0.825926 0.227083 0.837500 0.228385 0.843519 0.225781 0.846759 0.223177 0.847685 0.221615 0.847685 0.216146 0.844444 0.212760 0.839352 0.210677
0 0.792130 0.209115 0.789815 0.209635 0.787963 0.211198 0.786574 0.217448 0.790278 0.223958 0.794907 0.227865 0.800000 0.229427 0.803241 0.229687 0.809259 0.228646 0.817593 0.225781 0.819907 0.222656 0.819907 0.219010 0.818519 0.216406 0.809259 0.210677 0.802778 0.208594
0 0.773611 0.206250 0.767593 0.207031 0.762963 0.209115 0.762963 0.216927 0.768056 0.219531 0.773611 0.225260 0.780093 0.224740 0.781944 0.223958 0.784259 0.221615 0.786574 0.216667 0.787037 0.212500 0.785648 0.208594 0.781944 0.206510
0 0.760648 0.216146 0.754167 0.215625 0.746296 0.216146 0.740741 0.219010 0.737037 0.222396 0.736111 0.225260 0.737500 0.228385 0.741204 0.232813 0.746296 0.236458 0.753704 0.236719 0.763426 0.234635 0.766204 0.233073 0.769907 0.229427 0.772222 0.225260 0.771759 0.223177 0.767593 0.218490
0 0.733333 0.205469 0.724074 0.206250 0.719444 0.208333 0.715278 0.211719 0.711111 0.216667 0.714352 0.219271 0.720833 0.220312 0.725463 0.221875 0.733333 0.221875 0.738889 0.220312 0.743981 0.216927 0.743519 0.212240 0.739815 0.207813 0.737500 0.206510
0 0.693981 0.221354 0.692130 0.223958 0.691667 0.230469 0.692593 0.233594 0.696296 0.236198 0.703704 0.236979 0.708333 0.236719 0.725926 0.232292 0.727315 0.229167 0.726852 0.225000 0.725000 0.222396 0.721759 0.220573 0.712500 0.219010 0.703704 0.218750 0.697685 0.219531
0 0.718519 0.233333 0.713889 0.234896 0.709259 0.237500 0.707407 0.241667 0.707407 0.245833 0.710648 0.249740 0.713889 0.252083 0.724537 0.255729 0.727315 0.255729 0.732870 0.254167 0.736111 0.251563 0.737963 0.245052 0.737963 0.240104 0.734259 0.236719 0.726389 0.233073
0 0.746296 0.238802 0.739352 0.241667 0.737500 0.244010 0.736111 0.248958 0.738426 0.253125 0.741204 0.254688 0.747685 0.255729 0.754630 0.254948 0.759722 0.253125 0.763889 0.250521 0.764815 0.247135 0.760648 0.240885 0.754630 0.239583
0 0.793056 0.232552 0.780556 0.231771 0.776389 0.232813 0.769444 0.236979 0.766667 0.240104 0.768519 0.244271 0.773611 0.246094 0.782870 0.246615 0.790741 0.245312 0.795370 0.243750 0.799074 0.240365 0.799074 0.236198 0.797222 0.234375
0 0.809259 0.248958 0.803241 0.247917 0.797222 0.248177 0.793519 0.248958 0.789815 0.251042 0.787963 0.255990 0.789815 0.259635 0.794907 0.261719 0.802778 0.261979 0.807870 0.260677 0.813426 0.258333 0.815278 0.255990 0.812500 0.250781
0 0.800000 0.265885 0.797222 0.267448 0.794907 0.270052 0.793519 0.275000 0.793981 0.279167 0.801852 0.281771 0.814352 0.283333 0.817130 0.283333 0.819907 0.282552 0.821759 0.281250 0.822685 0.278906 0.825463 0.276042 0.825463 0.270833 0.824074 0.267708 0.816204 0.264844 0.807870 0.264583
0 0.804630 0.284896 0.797685 0.290885 0.796296 0.294010 0.797685 0.298177 0.800463 0.300781 0.804167 0.303125 0.808796 0.304167 0.817593 0.304427 0.829630 0.302865 0.832407 0.301042 0.833333 0.299479 0.833333 0.295312 0.831944 0.291927 0.829167 0.289323 0.820833 0.284635 0.817593 0.283854 0.808333 0.283854
0 0.815741 0.318490 0.809259 0.315885 0.802315 0.314583 0.795370 0.314844 0.788426 0.316406 0.785648 0.318490 0.783796 0.321875 0.787963 0.329167 0.791204 0.330729 0.798148 0.330990 0.803704 0.330208 0.813889 0.326042 0.818056 0.322656
0 0.773611 0.320573 0.767130 0.320312 0.762037 0.321354 0.755556 0.326042 0.756944 0.328906 0.756944 0.334375 0.760185 0.340104 0.765278 0.341927 0.768056 0.341927 0.776852 0.339062 0.781481 0.335677 0.783333 0.332292 0.786111 0.330208 0.784259 0.325260 0.778704 0.321875
0 0.758333 0.311719 0.754630 0.310677 0.745833 0.309635 0.737963 0.310937 0.733333 0.312500 0.729167 0.316146 0.727315 0.320833 0.727778 0.323958 0.732870 0.327865 0.739815 0.328646 0.749074 0.327344 0.753241 0.326302 0.757870 0.323437 0.763426 0.318490 0.762500 0.314844
0 0.793056 0.300000 0.783333 0.297135 0.774074 0.297135 0.766204 0.298438 0.760185 0.300000 0.756019 0.302604 0.755556 0.307552 0.756481 0.309115 0.763889 0.315104 0.765741 0.315625 0.775926 0.315104 0.786111 0.312240 0.794444 0.308073 0.795833 0.305990 0.795833 0.302344
0 0.794444 0.279427 0.786574 0.279167 0.778704 0.280208 0.774537 0.281250 0.770833 0.283333 0.769444 0.288021 0.771759 0.292187 0.775000 0.294010 0.781019 0.295833 0.786111 0.295312 0.793056 0.293490 0.797685 0.290625 0.800463 0.287760 0.801852 0.283073
0 0.760648 0.282813 0.753241 0.282292 0.743519 0.285156 0.735185 0.290885 0.736111 0.295052 0.745833 0.298177 0.754167 0.298438 0.762037 0.297135 0.764815 0.295312 0.767130 0.290625 0.765741 0.286979
0 0.740741 0.280990 0.737500 0.279948 0.730093 0.279687 0.717593 0.281510 0.710185 0.283854 0.707407 0.286979 0.708333 0.291927 0.710185 0.294531 0.717593 0.296615 0.725926 0.296354 0.733796 0.292448 0.740278 0.287240 0.742593 0.283333
0 0.739815 0.259635 0.725463 0.259896 0.720370 0.261458 0.718056 0.265365 0.718519 0.271354 0.720370 0.274219 0.724074 0.276302 0.727315 0.276823 0.733333 0.276823 0.739815 0.274479 0.746759 0.269792 0.747685 0.266406 0.745833 0.262240 0.743056 0.260417
0 0.692593 0.269531 0.689352 0.271354 0.688889 0.275781 0.690278 0.277865 0.693056 0.279427 0.702778 0.282813 0.706481 0.283073 0.712037 0.282292 0.716667 0.278906 0.719444 0.275521 0.717593 0.270573 0.714815 0.269531 0.705093 0.268229 0.697685 0.268490
0 0.706019 0.247917 0.696296 0.247656 0.689352 0.248698 0.683796 0.250781 0.678704 0.251823 0.669907 0.251823 0.669444 0.255990 0.672685 0.258333 0.675000 0.262500 0.679167 0.265365 0.682870 0.266146 0.691204 0.265625 0.697685 0.263542 0.704167 0.259635 0.708333 0.255990 0.708796 0.251823 0.707870 0.249479
0 0.635185 0.243229 0.629630 0.244792 0.625926 0.247396 0.624074 0.251823 0.626389 0.257031 0.629167 0.258333 0.643056 0.259115 0.649537 0.257552 0.654167 0.252604 0.654167 0.250781 0.651852 0.248177 0.643519 0.244010
0 0.670370 0.215625 0.662500 0.216146 0.660185 0.216927 0.656019 0.219792 0.653241 0.223698 0.653704 0.228125 0.656019 0.230990 0.662963 0.234635 0.668981 0.235417 0.674074 0.234896 0.678704 0.232813 0.681944 0.228906 0.682870 0.220573 0.678704 0.218229 0.672685 0.216927
0 0.621296 0.214062 0.612963 0.215104 0.608796 0.216406 0.606019 0.220052 0.605556 0.226302 0.606019 0.228646 0.607407 0.229687 0.610185 0.235156 0.616204 0.237760 0.621759 0.238802 0.630556 0.237500 0.635648 0.234635 0.639815 0.230208 0.640741 0.227083 0.639815 0.221615 0.634722 0.217448 0.628704 0.215365
0 0.600000 0.228125 0.587963 0.232292 0.584722 0.236458 0.586574 0.238802 0.589815 0.240885 0.601389 0.244010 0.606481 0.243490 0.608333 0.242708 0.609722 0.240885 0.610185 0.235937 0.607407 0.229427 0.604167 0.228385
0 0.600463 0.219271 0.594444 0.217969 0.589352 0.218229 0.587037 0.219271 0.581944 0.224479 0.582407 0.228906 0.586574 0.232292 0.593981 0.230729 0.603704 0.227083 0.604630 0.223438 0.603241 0.221094
0 0.578241 0.210938 0.573148 0.211979 0.564815 0.215885 0.563889 0.220833 0.565278 0.222396 0.568519 0.223958 0.580093 0.225781 0.585185 0.222656 0.588889 0.216667 0.583333 0.211458
0 0.571296 0.225260 0.566204 0.226042 0.562500 0.227344 0.559722 0.229167 0.557407 0.232813 0.560648 0.236719 0.564352 0.238802 0.568981 0.240104 0.574537 0.240365 0.582407 0.236979 0.585185 0.233594 0.585185 0.231771 0.579630 0.226302 0.575000 0.225260
0 0.544444 0.209115 0.539352 0.210677 0.534259 0.214062 0.531019 0.221094 0.532407 0.224479 0.537963 0.229427 0.542593 0.230208 0.552778 0.230208 0.561574 0.224740 0.562500 0.216146 0.560648 0.212760 0.556944 0.210677 0.552778 0.209375
0 0.529167 0.208854 0.518981 0.205990 0.516204 0.205990 0.508333 0.208333 0.497685 0.216406 0.497685 0.221094 0.499074 0.224479 0.502315 0.225781 0.512500 0.225781 0.516667 0.225260 0.524074 0.222396 0.527778 0.221615 0.531019 0.219010 0.533796 0.213021 0.532870 0.211458
0 0.476389 0.217708 0.473611 0.219271 0.472222 0.221094 0.472685 0.225000 0.476852 0.229167 0.480556 0.230469 0.483333 0.230729 0.489815 0.230208 0.494444 0.228906 0.499074 0.224740 0.496759 0.218490 0.490741 0.216927 0.481019 0.216927
0 0.462037 0.224219 0.454167 0.224740 0.448611 0.225781 0.445370 0.227344 0.442130 0.230729 0.441204 0.233333 0.441667 0.239844 0.447685 0.244792 0.462963 0.245573 0.466667 0.244792 0.468981 0.243750 0.470833 0.240625 0.475463 0.236458 0.474537 0.232292 0.471759 0.228125 0.467130 0.225781
0 0.421296 0.220573 0.413426 0.224479 0.410648 0.228646 0.416667 0.233594 0.427778 0.236979 0.435648 0.238281 0.438889 0.236979 0.441204 0.233594 0.440741 0.228385 0.435648 0.222135 0.431481 0.220312 0.426389 0.219792
0 0.415741 0.235417 0.413426 0.236719 0.411574 0.239323 0.410648 0.243490 0.412037 0.247396 0.414815 0.250000 0.419444 0.251563 0.424537 0.251563 0.432407 0.250781 0.437963 0.249219 0.443056 0.244271 0.439815 0.240104 0.437500 0.238802 0.420370 0.234375
0 0.442593 0.247917 0.442593 0.251563 0.444444 0.255729 0.447222 0.258333 0.450000 0.259115 0.455093 0.259635 0.461111 0.258594 0.469444 0.255990 0.471296 0.255990 0.474537 0.252865 0.474537 0.251563 0.466667 0.248177 0.464352 0.246354 0.462037 0.245833 0.447685 0.245312
0 0.481481 0.235156 0.475926 0.236458 0.471759 0.239063 0.469907 0.242708 0.470370 0.246875 0.472685 0.250000 0.482407 0.256771 0.489815 0.258073 0.500000 0.253646 0.507407 0.252083 0.509259 0.247917 0.501389 0.239583 0.497685 0.237500 0.489815 0.235156
0 0.510185 0.226562 0.506944 0.227865 0.501852 0.231771 0.499537 0.236458 0.502315 0.241146 0.510185 0.247135 0.517593 0.247917 0.521759 0.246615 0.526389 0.244010 0.528704 0.241667 0.530093 0.237500 0.529630 0.232031 0.524537 0.227865 0.518519 0.226562
0 0.551389 0.230990 0.548148 0.230469 0.538426 0.230990 0.531944 0.234115 0.530093 0.236198 0.528241 0.242448 0.528704 0.246094 0.531944 0.249479 0.537037 0.251563 0.545833 0.251302 0.550463 0.250260 0.557407 0.244792 0.558333 0.236198 0.556019 0.233333
0 0.585185 0.241927 0.581019 0.240885 0.575926 0.240625 0.568981 0.241146 0.554630 0.247917 0.553704 0.250260 0.554630 0.254427 0.562500 0.259635 0.565278 0.260417 0.573611 0.260677 0.581944 0.259635 0.586111 0.258333 0.589815 0.249479 0.589815 0.246875 0.588426 0.243750
0 0.606944 0.244531 0.599537 0.244792 0.596296 0.246354 0.594444 0.248698 0.593056 0.254427 0.593519 0.258073 0.597222 0.260937 0.600000 0.261458 0.611574 0.260156 0.616667 0.258594 0.619907 0.255990 0.620833 0.251823 0.619444 0.250000 0.611574 0.245833
0 0.641667 0.259635 0.627778 0.258333 0.620833 0.259375 0.615278 0.260937 0.612037 0.263542 0.610648 0.267188 0.612963 0.271615 0.614815 0.273177 0.620833 0.275260 0.629630 0.275000 0.639352 0.271094 0.644907 0.267708 0.647222 0.264062 0.645370 0.261719
0 0.663889 0.264062 0.657407 0.264323 0.653704 0.265104 0.650926 0.266927 0.647685 0.273177 0.647222 0.275781 0.652778 0.281250 0.656944 0.282813 0.665741 0.282813 0.673148 0.281510 0.677778 0.278646 0.679630 0.276042 0.680093 0.271094 0.677778 0.268490 0.672222 0.265885
0 0.682407 0.278906 0.675463 0.283073 0.678704 0.297656 0.683796 0.300521 0.689815 0.301042 0.696296 0.300521 0.708333 0.295052 0.708333 0.290625 0.706944 0.286979 0.702315 0.283594 0.695833 0.280208 0.691204 0.278906
0 0.714815 0.296094 0.710185 0.296094 0.704630 0.297135 0.700463 0.298698 0.699074 0.300781 0.699537 0.310156 0.705556 0.316146 0.711111 0.318750 0.717130 0.317448 0.723148 0.313542 0.726389 0.310156 0.727315 0.303906 0.726389 0.300260 0.723148 0.297396
0 0.748611 0.298958 0.740278 0.296615 0.735648 0.296875 0.729630 0.298698 0.727315 0.301823 0.725463 0.311198 0.732870 0.312500 0.748611 0.308854 0.750926 0.307031 0.750926 0.302083
0 0.724537 0.323958 0.717593 0.323177 0.708333 0.324479 0.702778 0.326042 0.701389 0.330729 0.704630 0.336198 0.708333 0.339323 0.711574 0.339844 0.719907 0.339844 0.723148 0.338802 0.728241 0.335417 0.731019 0.330729 0.731019 0.328906 0.729630 0.326042
0 0.750926 0.334115 0.743056 0.333594 0.733333 0.334375 0.731481 0.335156 0.728704 0.338021 0.728704 0.342708 0.730093 0.345833 0.733333 0.348177 0.738889 0.348958 0.746759 0.348698 0.752778 0.345833 0.756944 0.342708 0.757870 0.341406 0.756019 0.337500
0 0.705556 0.341146 0.701389 0.345313 0.700000 0.348698 0.700926 0.351823 0.704630 0.355990 0.707407 0.357552 0.711111 0.358333 0.720833 0.357812 0.725926 0.356771 0.729630 0.353385 0.731019 0.350521 0.731019 0.348177 0.729167 0.345313 0.719444 0.340104 0.711111 0.339844
0 0.683333 0.329688 0.675463 0.331771 0.673148 0.333073 0.669444 0.337240 0.667593 0.342448 0.676852 0.349740 0.683796 0.352344 0.691667 0.352604 0.694444 0.351823 0.697222 0.350000 0.701852 0.341927 0.701389 0.337500 0.699537 0.333854 0.694444 0.330729 0.691667 0.329948
0 0.698148 0.310677 0.689815 0.311198 0.673611 0.316146 0.672222 0.317708 0.673148 0.322917 0.680556 0.328125 0.683333 0.328906 0.692130 0.328906 0.696759 0.327604 0.700926 0.325260 0.702315 0.322656 0.707407 0.317969 0.703241 0.313281
0 0.686111 0.302604 0.681944 0.300000 0.677315 0.298438 0.668981 0.298698 0.665278 0.299479 0.657407 0.302604 0.655093 0.306510 0.655093 0.310677 0.657870 0.312760 0.662500 0.314063 0.670833 0.314583 0.680556 0.313281 0.685185 0.310937 0.687037 0.308854 0.687500 0.305469
0 0.672685 0.284635 0.664815 0.283073 0.656019 0.283854 0.651852 0.286198 0.643056 0.294010 0.642593 0.298958 0.645370 0.301042 0.649074 0.301823 0.656481 0.301823 0.674537 0.297396 0.677315 0.295312 0.677315 0.290365 0.675000 0.286198
0 0.646759 0.278906 0.636111 0.276302 0.627315 0.276562 0.623148 0.278125 0.618519 0.282813 0.617593 0.290625 0.618519 0.294531 0.621296 0.297396 0.630093 0.297656 0.637500 0.296354 0.645833 0.290885 0.649074 0.287500 0.650926 0.283854 0.649537 0.280990
0 0.614352 0.280990 0.607870 0.277604 0.601389 0.277865 0.593519 0.279687 0.582407 0.283854 0.579630 0.286979 0.580556 0.289583 0.586574 0.293750 0.610648 0.294271 0.615278 0.292708 0.617130 0.290365 0.617593 0.285417 0.616667 0.283073
0 0.602315 0.264583 0.594444 0.263281 0.584722 0.263281 0.578241 0.264062 0.573611 0.265625 0.568981 0.268229 0.566667 0.271354 0.567593 0.275521 0.572222 0.279948 0.575000 0.281510 0.578241 0.282292 0.587500 0.282292 0.597222 0.278646 0.600926 0.276562 0.604167 0.275781 0.607870 0.272656 0.608333 0.271354 0.606481 0.269271 0.606019 0.267188
0 0.554167 0.256510 0.551852 0.256250 0.534722 0.257552 0.527778 0.260937 0.525926 0.263021 0.526389 0.266667 0.528241 0.269531 0.537963 0.275521 0.543981 0.276823 0.552315 0.276562 0.560185 0.272135 0.562963 0.267969 0.560648 0.260677 0.558333 0.258073
0 0.523148 0.255729 0.516667 0.253125 0.511111 0.252083 0.503241 0.252865 0.498611 0.254167 0.492130 0.258073 0.488426 0.263281 0.487963 0.267969 0.489352 0.270313 0.496296 0.272917 0.503241 0.273698 0.513889 0.272135 0.516667 0.269531 0.520370 0.267708 0.525463 0.259896
0 0.481019 0.257552 0.478241 0.255990 0.475000 0.255208 0.468056 0.255990 0.457870 0.259115 0.454167 0.259635 0.451389 0.261458 0.449074 0.264323 0.447685 0.267448 0.449074 0.269271 0.453704 0.270833 0.463426 0.271615 0.477778 0.270833 0.481944 0.269792 0.484259 0.267708 0.484722 0.263542
0 0.426852 0.260156 0.418981 0.261979 0.415741 0.263542 0.414815 0.267448 0.415278 0.271615 0.418056 0.275781 0.424074 0.279687 0.426852 0.280469 0.434722 0.280208 0.438889 0.277604 0.444907 0.272135 0.446759 0.267708 0.444907 0.264323 0.439352 0.261979 0.434722 0.260677
0 0.439815 0.285417 0.434722 0.290885 0.434722 0.295312 0.441204 0.300521 0.453704 0.302083 0.463889 0.302083 0.468519 0.300781 0.471759 0.296094 0.471759 0.290885 0.467593 0.285938 0.463889 0.283854 0.462037 0.283333 0.450000 0.283333 0.444907 0.283854
0 0.466204 0.271875 0.462500 0.273958 0.461574 0.280729 0.466667 0.284375 0.471759 0.289844 0.475463 0.291927 0.482870 0.293229 0.486574 0.291406 0.491204 0.287500 0.492130 0.284115 0.491204 0.276302 0.487037 0.272396 0.482870 0.270573 0.474537 0.270833
0 0.500000 0.274219 0.494444 0.277344 0.493056 0.279167 0.494444 0.284635 0.501389 0.288021 0.505093 0.289062 0.513426 0.290104 0.517130 0.291146 0.520833 0.290365 0.524537 0.287500 0.525000 0.282292 0.522685 0.278125 0.515741 0.273958 0.511574 0.272917 0.505556 0.273177
0 0.538426 0.283073 0.529167 0.284635 0.525926 0.286979 0.524537 0.290365 0.525000 0.295573 0.531019 0.299740 0.534722 0.300260 0.538889 0.300260 0.543981 0.297917 0.546296 0.295312 0.547222 0.291406 0.544444 0.286979
0 0.566204 0.272917 0.558796 0.272917 0.553704 0.275521 0.552315 0.278906 0.550000 0.280208 0.542130 0.282031 0.540278 0.283073 0.542130 0.285938 0.546296 0.288802 0.551852 0.290365 0.559259 0.290104 0.566667 0.288802 0.569444 0.287500 0.571759 0.283333 0.571759 0.278906
0 0.574537 0.289323 0.565741 0.288021 0.556944 0.290365 0.553241 0.292448 0.548148 0.298958 0.551852 0.303906 0.553704 0.304948 0.559259 0.305990 0.566204 0.304167 0.573611 0.303125 0.580093 0.300260 0.581481 0.298958 0.581019 0.295312 0.578241 0.291667
0 0.587037 0.295833 0.584259 0.298698 0.586574 0.302344 0.590278 0.303646 0.598148 0.308854 0.600463 0.309375 0.607870 0.309115 0.613426 0.303385 0.612963 0.297917 0.611111 0.295573 0.605556 0.294271 0.596296 0.294010 0.590278 0.294531
0 0.591204 0.303906 0.587500 0.302865 0.578704 0.303125 0.572685 0.304167 0.568056 0.305990 0.565278 0.310156 0.565741 0.314583 0.572685 0.320052 0.577315 0.320573 0.584722 0.320052 0.587500 0.318750 0.595370 0.312760 0.597222 0.310677 0.595833 0.306510
0 0.593519 0.315885 0.587963 0.318750 0.587500 0.323177 0.591204 0.327604 0.593519 0.328906 0.600463 0.328385 0.611111 0.324219 0.612037 0.322917 0.612037 0.318490 0.602778 0.315885
0 0.646296 0.311979 0.642130 0.311719 0.638889 0.312500 0.623611 0.320312 0.622685 0.322917 0.624074 0.326042 0.626389 0.328125 0.633333 0.332031 0.637037 0.332292 0.646759 0.329688 0.652315 0.328906 0.658796 0.326823 0.661111 0.325260 0.662963 0.318229 0.660648 0.316927 0.650463 0.314583 0.649074 0.313021
0 0.637500 0.297135 0.634259 0.296875 0.624537 0.298177 0.614352 0.303125 0.610185 0.306510 0.607870 0.309896 0.608333 0.314583 0.612037 0.316927 0.621759 0.319531 0.628241 0.317969 0.638889 0.312760 0.645833 0.310677 0.647222 0.307812 0.645833 0.303125 0.641204 0.298698
0 0.656019 0.327344 0.648148 0.330208 0.647222 0.334115 0.658333 0.341927 0.662500 0.343490 0.664352 0.343490 0.668519 0.340365 0.672222 0.334375 0.671759 0.331250 0.670833 0.329948 0.663889 0.327344
0 0.657407 0.342187 0.648148 0.342448 0.644444 0.343229 0.640278 0.345052 0.637500 0.349740 0.644444 0.358594 0.648148 0.359896 0.650463 0.359896 0.665278 0.356250 0.667593 0.354167 0.664815 0.345573 0.661574 0.343490
0 0.621759 0.326302 0.614815 0.325781 0.607407 0.326302 0.597685 0.329167 0.593981 0.332552 0.593519 0.338021 0.594907 0.340625 0.601852 0.346354 0.606944 0.348438 0.620833 0.347396 0.624074 0.346094 0.627778 0.342708 0.628241 0.337500 0.630093 0.333333 0.628241 0.329688
0 0.575000 0.321094 0.566667 0.321615 0.560648 0.323177 0.554167 0.326042 0.552315 0.329167 0.553241 0.333594 0.558333 0.336979 0.562963 0.338281 0.572685 0.339583 0.583796 0.337240 0.587037 0.335417 0.590278 0.330729 0.589352 0.326042 0.587500 0.324479 0.580556 0.321615
0 0.079167 0.186198 0.075000 0.188802 0.075463 0.193750 0.086574 0.200260 0.093981 0.200260 0.102315 0.197135 0.102315 0.189844 0.100463 0.187240 0.096296 0.185938 0.090278 0.185156 0.085185 0.185156
0 0.537963 0.308594 0.532870 0.311719 0.530093 0.314583 0.529167 0.318490 0.530556 0.322396 0.535185 0.324479 0.542130 0.326302 0.552315 0.326562 0.555556 0.324479 0.562037 0.322396 0.564352 0.318229 0.562037 0.314583 0.559259 0.311719 0.551389 0.308073 0.543519 0.307812
0 0.526852 0.313281 0.524537 0.312760 0.517130 0.313281 0.503704 0.316146 0.497685 0.318750 0.495370 0.321615 0.496296 0.325260 0.503241 0.330208 0.508796 0.331510 0.517593 0.331510 0.523148 0.329167 0.529630 0.322656 0.529167 0.314844
0 0.494444 0.291406 0.488426 0.297917 0.488889 0.301302 0.492130 0.305208 0.496759 0.307552 0.501389 0.308333 0.515741 0.306771 0.519444 0.305729 0.520833 0.304167 0.522222 0.299479 0.521759 0.296354 0.519444 0.293229 0.515278 0.290885 0.509259 0.289583 0.499537 0.289583
0 0.482870 0.302604 0.475000 0.302604 0.469444 0.304167 0.460185 0.311458 0.458333 0.314583 0.460648 0.318750 0.464815 0.322396 0.468519 0.323958 0.477778 0.324479 0.481944 0.323698 0.487037 0.321615 0.492130 0.317969 0.495833 0.310937 0.494907 0.306510 0.489352 0.304167
0 0.445833 0.309635 0.438889 0.311458 0.435648 0.314063 0.431481 0.321615 0.431481 0.326302 0.433796 0.328906 0.437963 0.330990 0.447685 0.332552 0.457407 0.330469 0.462037 0.327604 0.463426 0.322135 0.460185 0.319271 0.456019 0.310937 0.454630 0.309896
0 0.433333 0.330469 0.425000 0.333854 0.426852 0.338021 0.433796 0.345573 0.441667 0.345573 0.447685 0.343750 0.450463 0.342187 0.451852 0.337500 0.444907 0.332031 0.439815 0.330729
0 0.483333 0.329948 0.475463 0.330208 0.465278 0.332031 0.457870 0.335677 0.456019 0.337500 0.455556 0.342187 0.459722 0.345313 0.467130 0.347656 0.471296 0.347656 0.475926 0.346615 0.481944 0.342187 0.484722 0.338802 0.486111 0.333333
0 0.482870 0.341927 0.478241 0.345313 0.475000 0.350000 0.474537 0.353646 0.483333 0.358333 0.486574 0.359375 0.492130 0.359896 0.500000 0.359635 0.503241 0.358333 0.508333 0.352865 0.509259 0.349479 0.506481 0.344531 0.502315 0.341667 0.497222 0.340625 0.489352 0.340365
0 0.540741 0.327865 0.535648 0.327604 0.529630 0.328125 0.519907 0.330990 0.515741 0.333594 0.514815 0.336719 0.515741 0.339062 0.520370 0.341146 0.530093 0.344010 0.537500 0.343750 0.542593 0.342708 0.547685 0.340104 0.549074 0.338542 0.548611 0.333594 0.546296 0.330729
0 0.585648 0.338281 0.577315 0.340104 0.571759 0.342969 0.569444 0.345573 0.568981 0.350521 0.570833 0.354687 0.575926 0.359115 0.579630 0.360156 0.587963 0.360417 0.593981 0.359115 0.598611 0.356771 0.600463 0.354167 0.600926 0.349219 0.599537 0.345052 0.596296 0.341667 0.592593 0.339583
0 0.560185 0.339323 0.551852 0.340625 0.547685 0.342708 0.545833 0.345833 0.541667 0.349219 0.539352 0.353385 0.540278 0.356510 0.543056 0.358594 0.552315 0.361198 0.558796 0.361719 0.567593 0.360156 0.570833 0.357812 0.568981 0.350000 0.568981 0.341667 0.566204 0.340365
0 0.517593 0.339062 0.510648 0.339844 0.507870 0.341667 0.507407 0.346354 0.510185 0.351302 0.519444 0.349740 0.525926 0.347396 0.527778 0.346094 0.526389 0.343229
0 0.839815 0.361719 0.830093 0.359375 0.825000 0.358854 0.815278 0.359115 0.808796 0.360417 0.802778 0.363281 0.800926 0.365104 0.799537 0.368490 0.800000 0.371875 0.802778 0.374740 0.806019 0.376563 0.810648 0.377865 0.817130 0.378385 0.821296 0.377604 0.831944 0.373698 0.840741 0.368229 0.842593 0.364583
0 0.817130 0.379167 0.815278 0.381250 0.814815 0.385156 0.818056 0.390104 0.823148 0.392708 0.836111 0.394010 0.844444 0.393490 0.848148 0.392708 0.853704 0.388542 0.854630 0.383854 0.851852 0.379427 0.847222 0.376823 0.837037 0.374740 0.829630 0.374740
0 0.801389 0.373698 0.797222 0.372656 0.787963 0.372656 0.776852 0.374740 0.774074 0.376302 0.770833 0.377083 0.767593 0.380208 0.768981 0.384635 0.780093 0.388542 0.788889 0.388802 0.797222 0.387760 0.805093 0.383594 0.807870 0.380990 0.806481 0.377344
0 0.787037 0.391406 0.784722 0.393229 0.784259 0.396875 0.786574 0.401823 0.790741 0.404948 0.793056 0.405469 0.804630 0.405208 0.809259 0.403646 0.813889 0.400260 0.816204 0.397135 0.816204 0.395573 0.812963 0.392188 0.799074 0.389844 0.793519 0.389844
0 0.768056 0.383594 0.759722 0.383854 0.750926 0.386979 0.747685 0.392448 0.748148 0.396615 0.749537 0.398438 0.753241 0.400260 0.759259 0.400781 0.767593 0.400260 0.772222 0.399219 0.778704 0.396094 0.780093 0.393490 0.779167 0.389844 0.774074 0.386198
0 0.721759 0.379427 0.723611 0.382812 0.727778 0.384896 0.731019 0.385417 0.741667 0.384896 0.751389 0.382812 0.758796 0.379948 0.762500 0.377083 0.762037 0.372396 0.760648 0.370833 0.753241 0.370833 0.742593 0.367969 0.732407 0.367708 0.728241 0.368229 0.725463 0.369271 0.722222 0.373437
0 0.705093 0.370833 0.695370 0.372396 0.691204 0.375000 0.686111 0.380729 0.693981 0.388021 0.697685 0.389323 0.706481 0.388281 0.720370 0.380990 0.720370 0.376823 0.713426 0.372917 0.708333 0.372135
0 0.700000 0.352865 0.697222 0.352344 0.690741 0.353125 0.682407 0.356771 0.679167 0.360938 0.677778 0.364844 0.678241 0.369010 0.679630 0.370052 0.690278 0.372135 0.698611 0.371875 0.704167 0.370052 0.706481 0.365365 0.706481 0.358854 0.705093 0.355990
0 0.662963 0.357031 0.655556 0.358594 0.648148 0.361198 0.644907 0.365104 0.643519 0.369271 0.656019 0.373177 0.662037 0.376042 0.665741 0.376302 0.670370 0.375521 0.676389 0.369531 0.677315 0.364583 0.675463 0.360677 0.671759 0.358073
0 0.641204 0.364063 0.636574 0.362240 0.634259 0.362240 0.621296 0.364844 0.618519 0.368490 0.619907 0.371615 0.621759 0.372656 0.627778 0.373958 0.638889 0.372396 0.643056 0.369531
0 0.605556 0.349479 0.603704 0.352865 0.604630 0.356771 0.614352 0.361198 0.616667 0.363021 0.620833 0.364063 0.628241 0.363802 0.636574 0.362240 0.639815 0.360677 0.641667 0.357552 0.640741 0.353385 0.637500 0.350260 0.633333 0.348177 0.626852 0.346875 0.614352 0.346875
0 0.607407 0.358333 0.598148 0.358333 0.593981 0.359375 0.590278 0.361458 0.589352 0.369531 0.592130 0.373958 0.593519 0.379948 0.600926 0.379688 0.607870 0.377083 0.610648 0.375521 0.615741 0.369271 0.616667 0.364583 0.613889 0.360938
0 0.572685 0.360677 0.566667 0.364844 0.563426 0.368750 0.565278 0.380990 0.568056 0.383073 0.572685 0.384375 0.583796 0.383854 0.587500 0.383073 0.590741 0.380990 0.591204 0.376823 0.590278 0.372656 0.581944 0.361198 0.580093 0.360677
0 0.538426 0.364323 0.531481 0.369010 0.529167 0.372396 0.529167 0.373437 0.540278 0.381771 0.543981 0.383073 0.559722 0.382552 0.562037 0.382031 0.563889 0.380469 0.563889 0.375521 0.562963 0.371354 0.560648 0.368490 0.551852 0.363542 0.544444 0.363281
0 0.530093 0.354948 0.525000 0.353646 0.518519 0.353646 0.510185 0.354948 0.505556 0.356771 0.500463 0.361198 0.502315 0.365104 0.504630 0.367188 0.511111 0.370052 0.525000 0.370052 0.531481 0.368750 0.535648 0.365885 0.536111 0.364063 0.534722 0.359635
0 0.472222 0.361198 0.474537 0.370573 0.478704 0.375781 0.481481 0.377604 0.487500 0.378646 0.493519 0.378125 0.504167 0.372917 0.506481 0.369010 0.500926 0.363802 0.497685 0.362240 0.490278 0.360156 0.478241 0.360156
0 0.469444 0.362760 0.461574 0.363021 0.452315 0.365625 0.450463 0.366667 0.449074 0.368750 0.449074 0.373437 0.451389 0.375781 0.455093 0.377344 0.462963 0.378385 0.468056 0.377083 0.470833 0.375521 0.472685 0.373177 0.473611 0.368490 0.472222 0.364844
0 0.445833 0.346094 0.439352 0.347135 0.436111 0.348958 0.434722 0.354948 0.436111 0.359635 0.439815 0.364323 0.442130 0.365625 0.448611 0.366927 0.466667 0.362500 0.468056 0.361458 0.468519 0.356771 0.465741 0.351823 0.461111 0.348438 0.453241 0.346615
0 0.401852 0.365885 0.399074 0.368750 0.400926 0.373177 0.406019 0.376302 0.412963 0.378125 0.420370 0.378646 0.427315 0.375781 0.430556 0.373177 0.431019 0.368750 0.427315 0.365625 0.420833 0.363542 0.411574 0.363542
0 0.433333 0.372135 0.423148 0.377865 0.421296 0.380208 0.420833 0.385417 0.424537 0.388281 0.428704 0.389583 0.434722 0.390365 0.440278 0.392188 0.448148 0.392448 0.455093 0.388021 0.455556 0.383333 0.451389 0.376823 0.444907 0.372917 0.441204 0.372135
0 0.468056 0.377344 0.458333 0.382812 0.456481 0.389323 0.457870 0.391146 0.461111 0.392969 0.468519 0.395052 0.474074 0.395052 0.490741 0.388802 0.490741 0.384635 0.487037 0.379948 0.484259 0.378385 0.478241 0.377344
0 0.509722 0.370833 0.498148 0.376823 0.494907 0.380208 0.494444 0.385156 0.497222 0.387500 0.509722 0.390885 0.517593 0.390625 0.528704 0.384635 0.530556 0.381771 0.530093 0.376563 0.527315 0.374479 0.520833 0.371615 0.517593 0.370833
0 0.538426 0.383333 0.531944 0.383594 0.518981 0.388802 0.518981 0.392969 0.519907 0.394010 0.530556 0.398438 0.542593 0.396615 0.543981 0.392188 0.541204 0.384896
0 0.544907 0.383854 0.543056 0.385417 0.542130 0.388802 0.545370 0.394010 0.549537 0.396615 0.559259 0.398177 0.564815 0.392708 0.567130 0.388802 0.565278 0.384115 0.562500 0.383073 0.551389 0.382552
0 0.587037 0.385937 0.581481 0.384896 0.578241 0.384896 0.573611 0.385677 0.569907 0.387240 0.561574 0.396094 0.561111 0.400521 0.563889 0.402604 0.570833 0.403385 0.581944 0.402865 0.590741 0.400260 0.594907 0.398177 0.595833 0.396875 0.595370 0.392188 0.593981 0.390365
0 0.606944 0.377604 0.596759 0.381250 0.594907 0.383854 0.594444 0.389062 0.597685 0.397917 0.600926 0.399479 0.606481 0.400521 0.609722 0.400521 0.617593 0.399219 0.623611 0.395313 0.625926 0.391667 0.626852 0.384375 0.625463 0.381510 0.623148 0.379948 0.615278 0.378125
0 0.631944 0.375521 0.629167 0.377083 0.626389 0.380469 0.628241 0.385156 0.630093 0.386719 0.637963 0.390885 0.640741 0.391667 0.648148 0.392448 0.656019 0.391667 0.658333 0.389583 0.660185 0.384635 0.654167 0.375260 0.649537 0.373437 0.640741 0.373177
0 0.675926 0.380208 0.666667 0.383594 0.662500 0.386979 0.660185 0.392188 0.662500 0.396615 0.669444 0.401562 0.677778 0.401823 0.689352 0.400781 0.691667 0.399479 0.693056 0.396354 0.693056 0.388281 0.690741 0.384635 0.685185 0.381771 0.678241 0.380208
0 0.726389 0.389062 0.718519 0.388542 0.712037 0.389583 0.707407 0.391667 0.702315 0.396094 0.700463 0.399740 0.700463 0.401042 0.704630 0.404687 0.709259 0.405729 0.719907 0.405729 0.728241 0.404948 0.735185 0.403125 0.737037 0.400000 0.731019 0.391927
0 0.747685 0.407292 0.744907 0.407552 0.734259 0.411719 0.729630 0.415365 0.729630 0.417448 0.731944 0.420573 0.735648 0.421875 0.746296 0.423438 0.752778 0.421615 0.756481 0.416927 0.753704 0.408854 0.752778 0.408073
0 0.766204 0.404427 0.762500 0.406510 0.758796 0.411458 0.759722 0.415365 0.762500 0.417969 0.768056 0.419531 0.776852 0.420312 0.788426 0.419010 0.791667 0.417448 0.793056 0.416146 0.792593 0.411458 0.783333 0.404948 0.775926 0.403125 0.772222 0.403125
0 0.819907 0.415885 0.816667 0.414583 0.810648 0.413802 0.804630 0.414062 0.795833 0.415885 0.790278 0.419531 0.787963 0.423438 0.788889 0.427865 0.794907 0.429948 0.801389 0.430469 0.811574 0.429948 0.818519 0.428906 0.821296 0.427083 0.823611 0.424219 0.823148 0.420052
0 0.772685 0.423438 0.764815 0.424740 0.761111 0.427604 0.759259 0.431510 0.759259 0.439583 0.761574 0.441667 0.768056 0.444792 0.775000 0.446094 0.784259 0.443490 0.789352 0.440885 0.791667 0.436198 0.791667 0.431510 0.788889 0.426823 0.786574 0.425000 0.783333 0.424219
0 0.829630 0.433333 0.824074 0.430729 0.817130 0.429427 0.800926 0.430729 0.793056 0.435156 0.790741 0.439323 0.790278 0.443490 0.796296 0.447917 0.808333 0.449479 0.814352 0.448698 0.824537 0.446094 0.826852 0.445052 0.831944 0.439844 0.831019 0.435156
0 0.858333 0.436979 0.851852 0.436198 0.843981 0.436979 0.837037 0.438802 0.834722 0.440104 0.832407 0.442969 0.832407 0.447396 0.843519 0.452865 0.852315 0.452083 0.859722 0.449219 0.862500 0.445312 0.862963 0.442448 0.861574 0.439323
0 0.875463 0.422917 0.871296 0.421875 0.863426 0.421615 0.856944 0.422396 0.853704 0.423958 0.850926 0.428646 0.852315 0.434115 0.855093 0.436458 0.857407 0.437240 0.868519 0.436979 0.875000 0.435677 0.881019 0.433333 0.882870 0.431250 0.882870 0.427604
0 0.864352 0.444010 0.861574 0.446354 0.860185 0.451562 0.863426 0.456250 0.866204 0.457813 0.871296 0.459115 0.880093 0.458594 0.883333 0.457031 0.887500 0.453125 0.888426 0.451562 0.887500 0.447396 0.883333 0.444792 0.878704 0.442969 0.870370 0.442708
0 0.885185 0.456510 0.880556 0.458854 0.879167 0.460417 0.876389 0.466927 0.880556 0.470573 0.885185 0.472917 0.892593 0.473698 0.899074 0.472396 0.903241 0.470833 0.906481 0.468229 0.906944 0.465104 0.906019 0.462760 0.904167 0.460938 0.898148 0.457813 0.893056 0.456510
0 0.832870 0.470052 0.833796 0.472396 0.841204 0.476823 0.855556 0.479427 0.864352 0.478906 0.871296 0.477083 0.876389 0.470833 0.875000 0.467187 0.872222 0.465104 0.867593 0.463802 0.859722 0.462760 0.848611 0.462760 0.844444 0.463542 0.839352 0.465365
0 0.858333 0.481510 0.848148 0.482812 0.844907 0.483854 0.841667 0.485938 0.841667 0.494792 0.843056 0.498177 0.844907 0.498958 0.850000 0.499740 0.859722 0.499740 0.864815 0.498958 0.868056 0.497396 0.868981 0.492188 0.867593 0.488281 0.863426 0.483594
0 0.830093 0.479948 0.820370 0.480208 0.815278 0.480990 0.811111 0.482812 0.809722 0.484375 0.809259 0.488542 0.810648 0.492448 0.813426 0.495312 0.817593 0.497135 0.827778 0.498177 0.831019 0.497917 0.834722 0.495573 0.838426 0.491146 0.838426 0.487760 0.835648 0.482292
0 0.801852 0.464323 0.797685 0.465365 0.793981 0.468490 0.791667 0.475521 0.792593 0.477344 0.794907 0.478646 0.802778 0.480208 0.808796 0.479167 0.814352 0.477083 0.815741 0.475521 0.815741 0.472396 0.812963 0.468490 0.807407 0.465625
0 0.831481 0.447396 0.822685 0.446615 0.815741 0.448437 0.812500 0.450521 0.806944 0.458333 0.806944 0.463281 0.811574 0.466667 0.816204 0.467708 0.823611 0.466406 0.830556 0.463802 0.837500 0.459635 0.841204 0.455208 0.840278 0.452083 0.838426 0.450521
0 0.794907 0.453125 0.788426 0.451823 0.784259 0.452083 0.779167 0.453125 0.772222 0.455729 0.769444 0.458854 0.770833 0.464323 0.781019 0.467969 0.787963 0.467187 0.790278 0.466406 0.795833 0.462500 0.797685 0.459635 0.797685 0.454688
0 0.773611 0.465365 0.767130 0.466406 0.762500 0.470833 0.764815 0.474219 0.768056 0.476562 0.773148 0.478385 0.775926 0.478385 0.781481 0.477344 0.782870 0.476562 0.784722 0.470313 0.784259 0.468750 0.782407 0.467448 0.777315 0.466667
0 0.775463 0.478385 0.769444 0.482292 0.770833 0.486719 0.775463 0.490104 0.781944 0.493229 0.790741 0.493750 0.795370 0.492969 0.798611 0.490365 0.800463 0.486719 0.800000 0.481771 0.798611 0.480208 0.795370 0.478646 0.789815 0.477344 0.780093 0.477604
0 0.729630 0.474479 0.728241 0.478125 0.729167 0.481510 0.742130 0.488802 0.747222 0.489583 0.755093 0.488281 0.763426 0.484635 0.764815 0.482552 0.763426 0.479167 0.760648 0.475260 0.757870 0.473698 0.739352 0.471615
0 0.747222 0.450781 0.741204 0.452344 0.738426 0.454167 0.737037 0.457552 0.737037 0.465104 0.740278 0.469531 0.743519 0.471615 0.747685 0.472656 0.753704 0.472917 0.758796 0.471615 0.765741 0.467187 0.768519 0.462760 0.768519 0.458073 0.765278 0.454427 0.760185 0.451823 0.754630 0.450781
0 0.724074 0.447656 0.718056 0.448437 0.710185 0.453125 0.707407 0.458594 0.706944 0.463542 0.708333 0.465104 0.712963 0.467187 0.725926 0.469531 0.734259 0.465104 0.735648 0.463542 0.737037 0.454948 0.733333 0.450260 0.730556 0.448698
0 0.714815 0.427604 0.712500 0.431771 0.715278 0.434896 0.719907 0.438281 0.722685 0.441927 0.731944 0.445833 0.738426 0.447135 0.745370 0.446354 0.751389 0.443490 0.755093 0.440365 0.755556 0.434896 0.751852 0.431250 0.746759 0.428646 0.726852 0.424219 0.721296 0.425000
0 0.711111 0.407813 0.704167 0.409115 0.696759 0.412240 0.693981 0.415885 0.694444 0.420052 0.696759 0.422135 0.702778 0.425260 0.707870 0.426302 0.713426 0.426563 0.723611 0.423958 0.725000 0.420833 0.725000 0.415365 0.723148 0.412760 0.718519 0.409896
0 0.690278 0.401823 0.686574 0.401302 0.676389 0.401823 0.670833 0.402604 0.665741 0.404167 0.662963 0.405729 0.660185 0.408594 0.658796 0.411979 0.660185 0.414323 0.668056 0.417187 0.676852 0.419271 0.684259 0.419010 0.690741 0.417448 0.693056 0.416146 0.696296 0.412500 0.693981 0.404167
0 0.692130 0.421094 0.681944 0.420833 0.679167 0.421354 0.675926 0.424479 0.675926 0.433333 0.677315 0.435417 0.683796 0.437760 0.692593 0.435677 0.700463 0.430990 0.702315 0.428646 0.702315 0.426563 0.700463 0.424219 0.695833 0.421875
0 0.704167 0.433854 0.696296 0.443750 0.698611 0.446094 0.701852 0.447656 0.712500 0.448698 0.717593 0.446615 0.720370 0.443490 0.720833 0.439323 0.717130 0.435677 0.712037 0.432031
0 0.704167 0.448958 0.691204 0.452083 0.688426 0.453646 0.687500 0.455469 0.691204 0.459375 0.697685 0.462240 0.705093 0.464062 0.707870 0.461198 0.711111 0.451042 0.708796 0.449740
0 0.668981 0.437760 0.662963 0.439063 0.658333 0.442969 0.658333 0.451302 0.660648 0.453646 0.669444 0.457552 0.676852 0.457292 0.683333 0.455469 0.688889 0.451302 0.690278 0.448437 0.689815 0.443229 0.683796 0.439323 0.678241 0.437760
0 0.656019 0.420052 0.647685 0.424479 0.646296 0.428125 0.646296 0.432552 0.648148 0.435156 0.650926 0.436979 0.656019 0.438021 0.663426 0.438542 0.671296 0.436719 0.673611 0.435417 0.675000 0.432031 0.674074 0.425781 0.669444 0.421615 0.667593 0.420833
0 0.623148 0.410938 0.618519 0.416146 0.621759 0.419271 0.622685 0.421354 0.625463 0.423177 0.632870 0.424479 0.640741 0.424479 0.650000 0.422656 0.655556 0.420052 0.656944 0.415625 0.654630 0.413281 0.648148 0.410417 0.634722 0.407552 0.627778 0.408594
0 0.635185 0.392188 0.631481 0.393490 0.626852 0.396354 0.627778 0.400521 0.632407 0.405729 0.639815 0.408333 0.648148 0.409635 0.650463 0.409635 0.656944 0.407552 0.661574 0.403906 0.662500 0.401042 0.660185 0.395573 0.656944 0.393750 0.651852 0.392708 0.643981 0.391927
0 0.621296 0.398958 0.617130 0.403125 0.617593 0.409115 0.621296 0.411198 0.628241 0.408594 0.630556 0.406771 0.631019 0.404167 0.629167 0.402083 0.628704 0.399479
0 0.584722 0.403125 0.583796 0.405208 0.585185 0.408073 0.588426 0.410677 0.597222 0.415625 0.599537 0.416406 0.608333 0.416406 0.612037 0.415625 0.614352 0.414323 0.617130 0.409635 0.616667 0.404427 0.613426 0.402865 0.601852 0.400000 0.593519 0.399740
0 0.576852 0.405469 0.573148 0.404427 0.568056 0.404167 0.562963 0.404427 0.560185 0.405469 0.555093 0.415365 0.555093 0.419010 0.556481 0.420833 0.559722 0.421354 0.571759 0.420312 0.577315 0.419271 0.582870 0.417187 0.585648 0.411979 0.583333 0.408854
0 0.547685 0.397396 0.537963 0.397396 0.534722 0.398177 0.531944 0.399740 0.530093 0.402865 0.530093 0.412240 0.531944 0.416146 0.537963 0.419792 0.545833 0.419531 0.549074 0.418490 0.556019 0.413542 0.558796 0.407031 0.558333 0.402344 0.556944 0.400521 0.554167 0.398958
0 0.524537 0.398177 0.518519 0.397656 0.510648 0.397917 0.504167 0.400000 0.496296 0.404167 0.495370 0.408594 0.499074 0.411719 0.505556 0.415365 0.509722 0.416406 0.514815 0.416406 0.519907 0.415625 0.522685 0.414062 0.524074 0.411719 0.527315 0.409115 0.529167 0.404427 0.527778 0.400521
0 0.507870 0.391667 0.497685 0.389583 0.489352 0.389844 0.474537 0.395052 0.472222 0.396354 0.469907 0.400000 0.470370 0.402865 0.473611 0.408333 0.481944 0.410417 0.484722 0.410417 0.491204 0.409115 0.496759 0.404167 0.508796 0.397396 0.509259 0.392448
0 0.435185 0.397396 0.432870 0.400260 0.431944 0.404687 0.433333 0.407813 0.437963 0.410417 0.446759 0.411719 0.455093 0.411458 0.466667 0.408073 0.468519 0.405208 0.468056 0.402083 0.465741 0.397396 0.461574 0.394792 0.453241 0.393750 0.440741 0.394010
0 0.412963 0.389323 0.405093 0.390885 0.402778 0.392448 0.395833 0.400000 0.395370 0.404687 0.398148 0.409375 0.403241 0.412240 0.406944 0.413021 0.421296 0.413281 0.424537 0.412240 0.430093 0.407813 0.431481 0.401302 0.431019 0.397656 0.426852 0.391406
0 0.428704 0.416146 0.426852 0.419271 0.427315 0.422917 0.429167 0.425781 0.432407 0.427865 0.441204 0.429427 0.447222 0.431250 0.457407 0.430729 0.460185 0.429948 0.463426 0.427865 0.461111 0.423438 0.449537 0.414062 0.442593 0.412240 0.439352 0.412240 0.434722 0.413281
0 0.454167 0.411979 0.453704 0.416406 0.456019 0.419010 0.463426 0.424479 0.468519 0.426823 0.475926 0.426563 0.478241 0.425781 0.486111 0.419792 0.487037 0.416927 0.486111 0.413281 0.484722 0.411719 0.476852 0.409375 0.471296 0.408854 0.461574 0.409635
0 0.499074 0.414062 0.495833 0.414062 0.487500 0.418229 0.482407 0.423698 0.482407 0.427865 0.484259 0.429948 0.488426 0.431771 0.495370 0.432292 0.504630 0.431250 0.507870 0.428646 0.508333 0.423698 0.505093 0.416146 0.503704 0.415104
0 0.518981 0.416667 0.509722 0.417708 0.506944 0.419531 0.509722 0.428125 0.512500 0.430729 0.517130 0.433073 0.525000 0.429167 0.531944 0.423958 0.528241 0.418229 0.524537 0.417187
0 0.538889 0.422917 0.530556 0.424479 0.525000 0.427344 0.519907 0.431250 0.519444 0.436979 0.520833 0.439063 0.524074 0.441146 0.543519 0.438542 0.548148 0.437240 0.550463 0.435677 0.551389 0.431510 0.547685 0.426302
0 0.583796 0.421615 0.580556 0.420833 0.572685 0.420312 0.564352 0.420833 0.556019 0.422135 0.550463 0.427344 0.552778 0.433594 0.556019 0.436198 0.561111 0.438021 0.570370 0.439063 0.579630 0.438281 0.585185 0.436979 0.590278 0.432031 0.590278 0.430729 0.587037 0.424219
0 0.711574 0.480208 0.706019 0.483854 0.704167 0.487760 0.704167 0.490365 0.709259 0.495052 0.712500 0.496615 0.725463 0.499740 0.732407 0.498958 0.737037 0.497135 0.740741 0.493750 0.742130 0.490365 0.738889 0.486198 0.732870 0.483333 0.727778 0.481771 0.719907 0.480208
0 0.720833 0.470573 0.712963 0.468750 0.704167 0.468490 0.688889 0.470833 0.686111 0.473438 0.686111 0.476823 0.687500 0.480990 0.690278 0.484635 0.699537 0.485156 0.704630 0.484375 0.712963 0.479167
0 0.673148 0.459115 0.672222 0.467969 0.673611 0.469531 0.683796 0.470573 0.691667 0.470313 0.698148 0.469531 0.701852 0.467708 0.701389 0.462760 0.689352 0.457552 0.682870 0.456771 0.676389 0.457813
0 0.663889 0.456510 0.649074 0.457552 0.643981 0.458854 0.641204 0.462240 0.645370 0.468229 0.655556 0.472135 0.667130 0.470573 0.671759 0.467969 0.672685 0.463802 0.671759 0.459896 0.670370 0.458594
0 0.621296 0.424479 0.615741 0.427604 0.615741 0.435156 0.619444 0.441667 0.622222 0.443229 0.629167 0.444531 0.643981 0.439323 0.645833 0.436458 0.644907 0.427344 0.643056 0.426042 0.638889 0.425000 0.630556 0.424219
0 0.650000 0.439844 0.642130 0.440365 0.631944 0.443490 0.629167 0.445052 0.627778 0.446875 0.628704 0.450781 0.632407 0.454948 0.636111 0.456771 0.642130 0.458333 0.649537 0.456771 0.657870 0.451302 0.656944 0.444271 0.654630 0.441927
0 0.625000 0.446094 0.621296 0.444531 0.614352 0.444010 0.603241 0.446354 0.593056 0.450000 0.588889 0.454948 0.589815 0.456771 0.592593 0.458594 0.600463 0.460938 0.606481 0.461979 0.614815 0.461979 0.624537 0.458333 0.628704 0.455469 0.628241 0.450781
0 0.601852 0.432292 0.592593 0.432031 0.587500 0.434896 0.584722 0.439063 0.584722 0.443490 0.587963 0.447135 0.593519 0.449479 0.607870 0.445833 0.612963 0.443750 0.613889 0.442708 0.614815 0.439063 0.612963 0.436458 0.609722 0.434635
0 0.621296 0.419792 0.614815 0.416927 0.607870 0.416406 0.599537 0.416927 0.591667 0.418490 0.588889 0.420052 0.586574 0.423438 0.590278 0.429688 0.593056 0.430990 0.600463 0.431771 0.608796 0.430729 0.620833 0.423958
0 0.557870 0.440885 0.554630 0.439844 0.540741 0.439583 0.524074 0.441146 0.521759 0.442969 0.520833 0.447656 0.525000 0.452865 0.529167 0.454427 0.537037 0.454427 0.550000 0.450260 0.554630 0.448177 0.558333 0.444531 0.558796 0.442188
0 0.563426 0.440104 0.559722 0.442708 0.558796 0.448177 0.560185 0.452083 0.565741 0.457031 0.581019 0.458073 0.587500 0.455469 0.588426 0.450260 0.583796 0.444010 0.578241 0.441146 0.573148 0.439583 0.565741 0.439583
0 0.481944 0.435417 0.479630 0.439323 0.479167 0.444010 0.482407 0.447656 0.487963 0.449479 0.495370 0.450260 0.503241 0.449740 0.513426 0.446875 0.518519 0.443490 0.518056 0.439583 0.509259 0.434115 0.505556 0.432812 0.500926 0.432292 0.488426 0.432552
0 0.475926 0.430729 0.466667 0.429948 0.451852 0.431771 0.450000 0.433073 0.449074 0.435417 0.451389 0.443229 0.461111 0.446875 0.469444 0.446094 0.472685 0.445052 0.477315 0.441406 0.480556 0.435677 0.478704 0.432552
0 0.435648 0.428646 0.431019 0.428906 0.424074 0.430469 0.420833 0.432031 0.417593 0.435417 0.418981 0.438281 0.423148 0.442969 0.433796 0.448437 0.441204 0.447396 0.448148 0.443490 0.449074 0.439583 0.448148 0.434896 0.446296 0.431510 0.441667 0.429427
0 0.447685 0.444531 0.438889 0.448437 0.437037 0.450781 0.437963 0.454688 0.440278 0.456510 0.447222 0.458073 0.457870 0.458073 0.462037 0.455469 0.463889 0.451823 0.463426 0.450000 0.461111 0.447396 0.455093 0.444531
0 0.490741 0.451042 0.481481 0.449219 0.468519 0.451302 0.463426 0.453385 0.458333 0.459115 0.461574 0.463802 0.466204 0.467187 0.468519 0.467969 0.476389 0.468229 0.487037 0.465625 0.492130 0.462760 0.493519 0.456510 0.492593 0.452604
0 0.517593 0.446094 0.498148 0.451042 0.495370 0.454688 0.495370 0.459635 0.497685 0.462760 0.503241 0.465365 0.510648 0.465885 0.518981 0.463021 0.521296 0.461458 0.524074 0.455729 0.523611 0.451042 0.521759 0.448698
0 0.516204 0.463542 0.510185 0.466667 0.510185 0.470833 0.518056 0.475781 0.523611 0.478125 0.531481 0.479167 0.534722 0.475260 0.534722 0.470573 0.531944 0.468229 0.530093 0.465104 0.524537 0.462760
0 0.554167 0.451302 0.551389 0.451042 0.544907 0.451823 0.534722 0.456250 0.531481 0.461198 0.529167 0.463021 0.531481 0.467448 0.535185 0.470052 0.544907 0.471875 0.550000 0.471615 0.556481 0.470052 0.559259 0.468490 0.563889 0.463021 0.564815 0.458594 0.562037 0.454948 0.557870 0.452344
0 0.573148 0.459896 0.565741 0.460938 0.559259 0.468490 0.555556 0.470833 0.554167 0.474740 0.555093 0.476302 0.557407 0.477604 0.565278 0.479948 0.573148 0.478906 0.581944 0.474740 0.580093 0.472135 0.577315 0.463542 0.575926 0.461458
0 0.548611 0.472656 0.542593 0.472135 0.537963 0.472917 0.534259 0.478385 0.537500 0.482031 0.545370 0.480990 0.550463 0.478646 0.550463 0.473958
0 0.537963 0.483073 0.536111 0.486458 0.537500 0.490104 0.539352 0.491927 0.550926 0.494010 0.560185 0.494010 0.563426 0.492708 0.566667 0.486979 0.566667 0.484375 0.565278 0.482292 0.555556 0.479948 0.550463 0.479687 0.542130 0.481250
0 0.579630 0.476302 0.570833 0.480208 0.568056 0.483073 0.564815 0.489583 0.564352 0.494531 0.567593 0.498177 0.571296 0.499479 0.578704 0.500521 0.587500 0.500781 0.592130 0.498698 0.597222 0.493750 0.599074 0.487500 0.598611 0.483333 0.594907 0.480208 0.587037 0.477083
0 0.582870 0.464062 0.580093 0.466406 0.580556 0.471615 0.582870 0.474479 0.593056 0.479687 0.600463 0.482031 0.608333 0.481771 0.611574 0.479427 0.614352 0.474479 0.613426 0.470573 0.607870 0.464583 0.600926 0.461719 0.592593 0.461458
0 0.629167 0.458333 0.620370 0.459375 0.615741 0.462240 0.612500 0.466406 0.614815 0.472396 0.621296 0.475000 0.638889 0.472656 0.643519 0.470573 0.643981 0.466406 0.642130 0.464062 0.637500 0.460938
0 0.634722 0.472656 0.625926 0.474219 0.622685 0.475781 0.621296 0.477865 0.621296 0.482031 0.625000 0.486198 0.631019 0.488802 0.636574 0.489844 0.645833 0.487760 0.652778 0.482812 0.652778 0.477865 0.649537 0.475781 0.639352 0.473177
0 0.660648 0.472917 0.654630 0.477865 0.654630 0.478906 0.659259 0.483594 0.669907 0.488802 0.678704 0.488281 0.683796 0.487240 0.686111 0.485417 0.687037 0.483073 0.686111 0.477865 0.683796 0.472917 0.678241 0.470833 0.667130 0.471094
0 0.603704 0.482812 0.601852 0.483594 0.600000 0.485938 0.598611 0.489844 0.599537 0.494271 0.603241 0.498437 0.607407 0.500781 0.612963 0.501563 0.618056 0.501302 0.631019 0.495573 0.632407 0.492708 0.632407 0.489844 0.619907 0.483073 0.613426 0.482292
0 0.516667 0.478646 0.507407 0.481510 0.500463 0.484896 0.497222 0.489583 0.497685 0.493750 0.500463 0.496875 0.507407 0.500521 0.514815 0.501302 0.524074 0.501042 0.535185 0.491927 0.535185 0.485677 0.533333 0.482552 0.528241 0.479687 0.524537 0.478646
0 0.479167 0.468229 0.475463 0.470313 0.475000 0.474740 0.476852 0.477344 0.483796 0.480990 0.491204 0.483073 0.496759 0.483854 0.502778 0.482031 0.506019 0.480208 0.510185 0.474740 0.508796 0.472135 0.506944 0.470833 0.499537 0.468229 0.489815 0.466406
0 0.460648 0.473177 0.454167 0.474740 0.447222 0.478906 0.448148 0.482552 0.450000 0.484375 0.459259 0.487500 0.461574 0.489323 0.464352 0.489323 0.468981 0.488542 0.472685 0.485156 0.474074 0.482552 0.473611 0.478125 0.468981 0.474740 0.465741 0.473698
0 0.456019 0.461979 0.448148 0.460677 0.441667 0.460938 0.430093 0.464062 0.427315 0.465625 0.426389 0.467187 0.427778 0.470833 0.432870 0.476302 0.439815 0.478385 0.448148 0.478125 0.461574 0.471094 0.461574 0.466406 0.458333 0.463021
0 0.412037 0.441146 0.406944 0.443490 0.404167 0.446615 0.402778 0.451302 0.407407 0.457031 0.411111 0.459896 0.420370 0.464062 0.427315 0.465104 0.434259 0.456771 0.433796 0.450521 0.431019 0.447656 0.423611 0.442969 0.420370 0.441667
0 0.400463 0.468750 0.398611 0.470313 0.399537 0.474740 0.411574 0.480208 0.418981 0.481771 0.422685 0.481771 0.427315 0.480990 0.429630 0.479427 0.431019 0.474479 0.427778 0.471354 0.425926 0.467969 0.421296 0.465365 0.412963 0.464062 0.407407 0.465365
0 0.443056 0.482552 0.436574 0.481771 0.426852 0.482031 0.419907 0.483594 0.411111 0.489583 0.407407 0.493750 0.408333 0.497135 0.413889 0.501042 0.419907 0.503125 0.427778 0.503646 0.437963 0.499219 0.440741 0.496354 0.446296 0.486979 0.445833 0.484635
0 0.466667 0.489583 0.463889 0.494271 0.466667 0.498958 0.471759 0.501042 0.484259 0.502344 0.494444 0.501042 0.498148 0.500000 0.500463 0.498437 0.493981 0.489323 0.482870 0.485156 0.475000 0.485156 0.470370 0.486979
0 0.656019 0.481510 0.647222 0.486198 0.647685 0.488021 0.650926 0.490365 0.656019 0.492448 0.663426 0.492969 0.667130 0.490365 0.666204 0.486198
0 0.475463 0.502604 0.471759 0.504427 0.466667 0.508594 0.465278 0.510677 0.464815 0.514062 0.470370 0.516667 0.481019 0.518750 0.489815 0.517969 0.492130 0.515885 0.493056 0.513281 0.492130 0.509896 0.487500 0.504427 0.482870 0.502604
0 0.487037 0.501823 0.487500 0.505990 0.492593 0.510938 0.496296 0.512500 0.501852 0.511458 0.506944 0.505990 0.506481 0.504167 0.503704 0.501563 0.499537 0.500781 0.495370 0.500781
0 0.453241 0.486458 0.449074 0.487500 0.446296 0.489063 0.443056 0.492448 0.439352 0.497917 0.439815 0.502344 0.443519 0.504948 0.452778 0.506771 0.457870 0.506771 0.461574 0.505990 0.464815 0.503385 0.465741 0.497656 0.463889 0.494792 0.462963 0.490365 0.458796 0.487240 0.456019 0.486458
0 0.545370 0.493229 0.537963 0.492969 0.531481 0.495052 0.527778 0.498177 0.525463 0.501563 0.526389 0.506771 0.533796 0.511719 0.537963 0.512760 0.545370 0.511979 0.550926 0.509896 0.556944 0.505729 0.557870 0.503906 0.557870 0.501042 0.553704 0.496354 0.549537 0.494010
0 0.641204 0.489323 0.636574 0.490365 0.635185 0.494271 0.637500 0.501563 0.641667 0.506771 0.649537 0.508073 0.662500 0.505729 0.664815 0.501823 0.659259 0.493490 0.654167 0.490625 0.649537 0.489063
0 0.684259 0.488542 0.671296 0.489063 0.666204 0.491146 0.664352 0.493490 0.663889 0.498177 0.665741 0.502083 0.668056 0.503646 0.677315 0.504687 0.691667 0.500781 0.698148 0.498177 0.694907 0.493490
0 0.778241 0.491146 0.775463 0.490104 0.767130 0.489844 0.763889 0.490885 0.757870 0.491406 0.743519 0.494792 0.741204 0.496354 0.740741 0.498177 0.747222 0.503125 0.753704 0.504427 0.772685 0.500000 0.775926 0.498177 0.780093 0.494271
0 0.781481 0.508854 0.776389 0.507812 0.767593 0.508333 0.760185 0.510417 0.754630 0.513542 0.754167 0.517708 0.760185 0.522656 0.767593 0.522917 0.769444 0.520573 0.773148 0.518490 0.776852 0.517708 0.779167 0.516406 0.781944 0.513021 0.782407 0.509635
0 0.801389 0.496615 0.795370 0.498177 0.791204 0.500260 0.789352 0.501823 0.787500 0.505990 0.789352 0.510417 0.792130 0.513021 0.796296 0.514844 0.803241 0.516146 0.810648 0.515104 0.817130 0.512500 0.819444 0.509896 0.820370 0.505469 0.817593 0.501042 0.815278 0.499219 0.808796 0.496875
0 0.851389 0.503646 0.844444 0.502344 0.835648 0.503385 0.830556 0.505729 0.828704 0.509635 0.829630 0.513281 0.831481 0.515885 0.834259 0.517708 0.836111 0.518229 0.845370 0.518490 0.851389 0.517188 0.855093 0.514583 0.854167 0.505729
0 0.878704 0.512500 0.874074 0.511719 0.868981 0.511719 0.862037 0.512500 0.858333 0.513802 0.855556 0.517708 0.856481 0.521094 0.860648 0.524219 0.863889 0.525000 0.870833 0.524740 0.882870 0.521875 0.883796 0.517448
0 0.923611 0.515365 0.919444 0.513021 0.914352 0.511719 0.906019 0.511719 0.898148 0.513802 0.887500 0.519271 0.885648 0.521094 0.885648 0.526042 0.886574 0.527083 0.891204 0.528906 0.912037 0.528385 0.920370 0.527344 0.925000 0.525521 0.927315 0.522135 0.925463 0.517188
0 0.906019 0.536979 0.900000 0.538802 0.896759 0.540885 0.897222 0.545052 0.907870 0.550260 0.913426 0.551302 0.921296 0.546875 0.923148 0.545052 0.924537 0.540885 0.920370 0.538281 0.914352 0.537240
0 0.896759 0.547656 0.892593 0.546354 0.885185 0.546615 0.869444 0.551823 0.866667 0.553385 0.864815 0.556250 0.864815 0.560937 0.866204 0.562240 0.871296 0.564323 0.876852 0.565104 0.888426 0.564583 0.899537 0.563021 0.902315 0.560937 0.902778 0.555990 0.900926 0.551302
0 0.871296 0.568750 0.867130 0.570052 0.860648 0.573958 0.856019 0.579948 0.856481 0.584115 0.864352 0.588542 0.868056 0.589063 0.879630 0.589063 0.884722 0.586719 0.886111 0.585156 0.886574 0.578385 0.883796 0.572396 0.878704 0.569010
0 0.871296 0.589063 0.865278 0.589844 0.861111 0.592187 0.859259 0.595833 0.860185 0.603646 0.861111 0.604688 0.868056 0.608594 0.872685 0.609115 0.881944 0.606771 0.885648 0.605208 0.888889 0.600000 0.888889 0.595573 0.885648 0.591667 0.883796 0.590625 0.879630 0.589583
0 0.920370 0.597917 0.913426 0.595573 0.905093 0.594792 0.898611 0.595573 0.891204 0.598177 0.887963 0.602344 0.886574 0.607552 0.892130 0.614323 0.895833 0.615365 0.906481 0.615885 0.913426 0.614583 0.920833 0.611198 0.924537 0.607292 0.925000 0.602604 0.923148 0.599740
0 0.862963 0.607292 0.857870 0.604688 0.850000 0.603646 0.843519 0.603385 0.836574 0.603906 0.830556 0.605729 0.825000 0.608594 0.823148 0.610938 0.827778 0.620052 0.830556 0.621354 0.837963 0.622135 0.852778 0.619531 0.856944 0.616146
0 0.851389 0.588021 0.844444 0.586458 0.834259 0.586979 0.826852 0.588542 0.823148 0.591667 0.823611 0.596094 0.826389 0.599479 0.831944 0.602083 0.836111 0.602865 0.840278 0.602344 0.846759 0.600260 0.852778 0.596875 0.856481 0.592187 0.855093 0.590365
0 0.857870 0.569531 0.853241 0.568750 0.842130 0.569010 0.836111 0.569792 0.830556 0.572135 0.831944 0.575781 0.837500 0.581250 0.839815 0.582552 0.843519 0.583333 0.845833 0.582812 0.858333 0.576302 0.860185 0.572396
0 0.845833 0.544271 0.838889 0.543229 0.829630 0.543490 0.821296 0.548177 0.819444 0.550781 0.818981 0.554167 0.822685 0.565885 0.837037 0.565104 0.843519 0.562760 0.850926 0.558854 0.854167 0.554167 0.854167 0.550521 0.852315 0.547396
0 0.856481 0.530729 0.850463 0.527604 0.844444 0.526563 0.828241 0.527083 0.819444 0.528646 0.818056 0.529687 0.816667 0.533333 0.819907 0.538542 0.824074 0.541406 0.829630 0.542969 0.839352 0.542708 0.843056 0.542188 0.855093 0.538281 0.858333 0.533854
0 0.857407 0.535677 0.855093 0.541406 0.856944 0.544792 0.862500 0.547396 0.873148 0.547656 0.879167 0.547135 0.886111 0.545052 0.888426 0.543229 0.889352 0.540885 0.884259 0.537760 0.880093 0.536458 0.864815 0.534375 0.860648 0.534635
0 0.816204 0.516927 0.809722 0.516146 0.802778 0.516927 0.794907 0.519010 0.789352 0.521354 0.787037 0.525521 0.794907 0.532292 0.802315 0.533594 0.810648 0.531510 0.816204 0.528125 0.819444 0.522656 0.819444 0.520052
0 0.815278 0.534375 0.809722 0.533073 0.800926 0.534375 0.798611 0.535677 0.794907 0.540625 0.796296 0.544531 0.803241 0.546094 0.810185 0.545833 0.816667 0.544010 0.820833 0.541406 0.819444 0.536979
0 0.807870 0.546875 0.803704 0.547917 0.795370 0.554167 0.790741 0.556510 0.788889 0.560677 0.800926 0.564844 0.811111 0.565625 0.815278 0.564844 0.818981 0.563281 0.820370 0.561458 0.820370 0.559375 0.817593 0.551562 0.810648 0.547135
0 0.774074 0.540625 0.768981 0.542448 0.765278 0.544792 0.763889 0.547656 0.764352 0.552865 0.767593 0.555208 0.773148 0.557031 0.778704 0.557813 0.788426 0.557813 0.798148 0.552604 0.799537 0.548438 0.797685 0.546615 0.791204 0.542969 0.781944 0.540365
0 0.762500 0.525521 0.761111 0.529948 0.762963 0.532552 0.767130 0.535937 0.774074 0.539062 0.781481 0.539062 0.790741 0.534896 0.792130 0.533333 0.791204 0.529167 0.787037 0.526563 0.769444 0.524479 0.765741 0.524479
0 0.801852 0.566667 0.798148 0.571615 0.797685 0.576302 0.799074 0.579688 0.806019 0.586198 0.808796 0.587760 0.815278 0.589063 0.823148 0.588802 0.829167 0.586979 0.833333 0.584375 0.835648 0.580208 0.833333 0.575260 0.830556 0.572396 0.823148 0.568490 0.818056 0.566927 0.810648 0.566146
0 0.818981 0.590625 0.816204 0.589323 0.808796 0.588281 0.803241 0.590104 0.795833 0.591406 0.789352 0.595573 0.788426 0.600000 0.789815 0.601823 0.794444 0.603646 0.801389 0.604427 0.809259 0.604688 0.819444 0.602865 0.821759 0.601562 0.823148 0.598958 0.822685 0.595313
0 0.789815 0.582552 0.781944 0.580208 0.774074 0.580208 0.768056 0.581510 0.760648 0.584635 0.756019 0.588021 0.755093 0.592187 0.756944 0.594792 0.763426 0.597917 0.770370 0.598958 0.779167 0.598437 0.787963 0.595313 0.793519 0.591927 0.793519 0.586458 0.791667 0.583594
0 0.732407 0.592969 0.728241 0.595573 0.729630 0.600781 0.738889 0.605729 0.747222 0.606250 0.752315 0.603646 0.754167 0.600000 0.752778 0.595052 0.751389 0.593490 0.746759 0.592187 0.738426 0.592187
0 0.766204 0.598958 0.756944 0.600521 0.749537 0.604948 0.747685 0.607031 0.748611 0.613281 0.750463 0.616146 0.758333 0.620052 0.767593 0.621094 0.773611 0.619531 0.782407 0.615365 0.786111 0.611458 0.786111 0.607031 0.779167 0.600781 0.775463 0.599479
0 0.790278 0.606250 0.788426 0.607812 0.788889 0.615365 0.797685 0.625521 0.801852 0.627344 0.812037 0.627604 0.819444 0.626042 0.821296 0.625000 0.825000 0.620052 0.824537 0.615104 0.820833 0.610677 0.811111 0.606771 0.804167 0.605208 0.794907 0.604948
0 0.771759 0.558594 0.765278 0.561719 0.763426 0.564063 0.762963 0.569010 0.764815 0.571875 0.775926 0.578125 0.780556 0.579688 0.787963 0.580469 0.794444 0.579688 0.796759 0.576562 0.796759 0.571094 0.791667 0.562240 0.785185 0.559115 0.781944 0.558333 0.774074 0.558073
0 0.728241 0.540625 0.728241 0.545052 0.729630 0.547656 0.731944 0.550000 0.739352 0.553385 0.751852 0.553125 0.760185 0.550521 0.762500 0.549219 0.762963 0.544531 0.752778 0.538281 0.747222 0.536719 0.737500 0.536458 0.732870 0.537240
0 0.731481 0.517708 0.725463 0.520573 0.720833 0.525000 0.720833 0.529687 0.722685 0.532292 0.725926 0.534375 0.731944 0.535677 0.747222 0.535937 0.750926 0.535156 0.756019 0.532292 0.758796 0.529687 0.759259 0.524479 0.757407 0.521615 0.752315 0.518750 0.739352 0.516667
0 0.716667 0.505729 0.715278 0.508594 0.715741 0.511458 0.719444 0.514323 0.724074 0.515885 0.731944 0.516667 0.740741 0.516406 0.745370 0.514844 0.747685 0.512240 0.749074 0.505729 0.743056 0.503125 0.733333 0.502083 0.725000 0.502865
0 0.711574 0.500000 0.705093 0.498958 0.696759 0.498698 0.681019 0.503906 0.677778 0.505729 0.676852 0.508854 0.677315 0.511198 0.680556 0.515365 0.682870 0.516667 0.689815 0.518490 0.697685 0.518229 0.704630 0.515625 0.711111 0.511198 0.715278 0.505990 0.714352 0.502083
0 0.571296 0.505990 0.566667 0.504948 0.558796 0.505990 0.548148 0.511458 0.540278 0.513281 0.537963 0.514583 0.536574 0.517188 0.537037 0.519010 0.539352 0.522135 0.543981 0.525260 0.552315 0.527083 0.563889 0.524740 0.569907 0.521615 0.575000 0.516927 0.576389 0.514323 0.575926 0.509635
0 0.593056 0.499740 0.586111 0.501823 0.580556 0.505729 0.581019 0.510156 0.585648 0.514844 0.593981 0.520052 0.598611 0.521094 0.602315 0.521094 0.610648 0.518750 0.614352 0.515625 0.617593 0.514062 0.617593 0.509635 0.616204 0.507812 0.608796 0.503125 0.602315 0.500781
0 0.623611 0.498698 0.620370 0.501563 0.618981 0.504687 0.618519 0.509896 0.620833 0.514323 0.624537 0.516406 0.628241 0.517448 0.639352 0.516667 0.643519 0.515625 0.645370 0.514323 0.648611 0.509635 0.646296 0.508073 0.642130 0.506771 0.635648 0.498437 0.627778 0.497656
0 0.662500 0.504687 0.655556 0.506510 0.652315 0.508333 0.650000 0.513542 0.651852 0.517708 0.656944 0.520052 0.660648 0.520573 0.670370 0.520573 0.675463 0.518229 0.677315 0.513542 0.675463 0.505729 0.670833 0.504427
0 0.718981 0.514583 0.713889 0.513802 0.707870 0.514323 0.693981 0.519531 0.693056 0.521875 0.699074 0.527344 0.702778 0.529427 0.711111 0.529427 0.718981 0.525260 0.722222 0.520052 0.722222 0.517188
0 0.740741 0.568229 0.738889 0.571875 0.739352 0.579688 0.742130 0.583073 0.744907 0.584635 0.754167 0.586458 0.760185 0.584635 0.768981 0.580208 0.768519 0.576042 0.764815 0.572396 0.762037 0.570833 0.754630 0.568490 0.745370 0.567448
0 0.724074 0.569010 0.714815 0.570052 0.711111 0.571875 0.704167 0.580469 0.703704 0.585156 0.705093 0.588021 0.709722 0.590365 0.718056 0.592448 0.726389 0.593490 0.733796 0.589323 0.738889 0.584115 0.739352 0.579948 0.737963 0.575781 0.736111 0.573698 0.729167 0.570052
0 0.739352 0.554427 0.736574 0.556771 0.735648 0.560156 0.737963 0.561979 0.743981 0.563021 0.753704 0.563021 0.758333 0.560677 0.757870 0.556510 0.754630 0.553906 0.745370 0.553385
0 0.719444 0.546094 0.712500 0.546615 0.708796 0.547917 0.704167 0.550781 0.698148 0.556510 0.696759 0.561198 0.699537 0.564583 0.711574 0.569271 0.719907 0.569010 0.725926 0.567448 0.733796 0.560677 0.735185 0.557031 0.734259 0.552604 0.726852 0.547656
0 0.711111 0.532292 0.706481 0.534896 0.703241 0.538281 0.701852 0.541667 0.703704 0.544271 0.708796 0.545833 0.716204 0.545833 0.724074 0.545052 0.725926 0.543229 0.727315 0.536979 0.719444 0.532813
0 0.676852 0.519010 0.671296 0.521354 0.669907 0.529427 0.671759 0.535417 0.674537 0.537500 0.679630 0.539583 0.686111 0.540104 0.691667 0.539323 0.698148 0.535937 0.701389 0.529167 0.691204 0.520833 0.684722 0.519271
0 0.656019 0.520312 0.652315 0.522135 0.650926 0.523698 0.648611 0.530208 0.652315 0.532813 0.656019 0.534115 0.662500 0.534896 0.665278 0.534635 0.668519 0.533333 0.669444 0.531510 0.669444 0.521354
0 0.648611 0.517708 0.643056 0.516406 0.633796 0.516667 0.625926 0.517969 0.620370 0.520573 0.617130 0.523698 0.616204 0.526563 0.616667 0.529427 0.621296 0.534896 0.627778 0.536198 0.636111 0.536198 0.646759 0.531510 0.649537 0.528385 0.652315 0.521875
0 0.635185 0.537500 0.632407 0.540885 0.632870 0.552865 0.634722 0.554167 0.640741 0.555469 0.647222 0.554948 0.651852 0.552865 0.653704 0.540885 0.650926 0.539062 0.643519 0.537240
0 0.675000 0.537760 0.670370 0.536458 0.663426 0.536458 0.656481 0.539323 0.654630 0.541406 0.652778 0.547396 0.652778 0.550521 0.654630 0.553125 0.663426 0.553906 0.669907 0.552344 0.671759 0.549740 0.678241 0.545573 0.679167 0.544271 0.679630 0.540885
0 0.699074 0.543490 0.692130 0.542188 0.688426 0.542188 0.680093 0.543750 0.672222 0.549479 0.671296 0.553906 0.672685 0.555729 0.678241 0.558333 0.683796 0.559896 0.694907 0.558854 0.701852 0.553125 0.704167 0.549479 0.701389 0.544792
0 0.698611 0.565625 0.690741 0.565625 0.687037 0.566667 0.677315 0.572135 0.676852 0.576302 0.681019 0.580990 0.685185 0.583073 0.691667 0.583854 0.699074 0.582292 0.706019 0.578385 0.708333 0.576042 0.710185 0.572656 0.708796 0.569792
0 0.655093 0.593750 0.652778 0.596875 0.652315 0.601042 0.653704 0.603385 0.656481 0.604948 0.662037 0.606250 0.670370 0.606771 0.680093 0.605469 0.684259 0.603646 0.683796 0.599479 0.682407 0.597917 0.674537 0.593490 0.662500 0.590885
0 0.684722 0.591667 0.681944 0.595052 0.684722 0.600521 0.687963 0.602865 0.702778 0.608594 0.712500 0.608333 0.716204 0.607552 0.723611 0.601823 0.724537 0.600260 0.724537 0.595573 0.722222 0.593750 0.716204 0.591667 0.705556 0.589063 0.698611 0.588281 0.693056 0.588802
0 0.725000 0.603646 0.720833 0.605729 0.717593 0.609635 0.714352 0.615104 0.713426 0.619271 0.720833 0.625260 0.725000 0.626302 0.733796 0.626563 0.737963 0.625260 0.743056 0.621354 0.743981 0.614583 0.742130 0.609115 0.738426 0.605729 0.732870 0.603385
0 0.695370 0.607031 0.688426 0.605729 0.678241 0.605990 0.672222 0.607031 0.667130 0.609115 0.664815 0.612240 0.664815 0.619271 0.669907 0.624219 0.676389 0.625521 0.684722 0.625260 0.689815 0.623437 0.699537 0.617969 0.701852 0.615625 0.701852 0.611458
0 0.649074 0.604948 0.638426 0.607552 0.635648 0.608854 0.631481 0.614583 0.631481 0.619531 0.635185 0.621875 0.642130 0.624219 0.650000 0.625000 0.656019 0.624219 0.659722 0.622135 0.662500 0.619271 0.663426 0.615104 0.662037 0.611198 0.656019 0.605469
0 0.634722 0.584115 0.630556 0.585156 0.626852 0.587240 0.626389 0.591146 0.629167 0.596875 0.630093 0.601302 0.632407 0.603125 0.635648 0.603906 0.643056 0.602344 0.646759 0.600260 0.650926 0.595573 0.652778 0.591667 0.650463 0.588021 0.647222 0.586458 0.642593 0.585156
0 0.642130 0.569271 0.633796 0.572917 0.631019 0.575260 0.631019 0.580469 0.632870 0.582812 0.637037 0.584375 0.649074 0.587240 0.656019 0.590104 0.663889 0.590365 0.667593 0.585156 0.668056 0.583073 0.667593 0.579948 0.662963 0.575000 0.651389 0.569271
0 0.643981 0.556510 0.643981 0.560677 0.647685 0.565104 0.651852 0.568490 0.657870 0.571615 0.662963 0.573177 0.673148 0.572396 0.677315 0.571354 0.681481 0.568229 0.682407 0.565885 0.681481 0.560417 0.676389 0.557292 0.670833 0.555208 0.656019 0.553906 0.649074 0.554948
0 0.621296 0.554427 0.615278 0.556510 0.613426 0.559896 0.614815 0.565104 0.618981 0.570833 0.621296 0.572135 0.629167 0.573698 0.637037 0.571354 0.641667 0.568229 0.644907 0.565104 0.643981 0.560937 0.640278 0.557292 0.636111 0.555208 0.630556 0.554167
0 0.616204 0.538802 0.613426 0.539062 0.599537 0.543750 0.596296 0.546094 0.595370 0.548698 0.596759 0.550781 0.600463 0.552865 0.606481 0.554427 0.614352 0.555469 0.630093 0.552865 0.632407 0.549479 0.631481 0.544010 0.622685 0.539844
0 0.594444 0.526302 0.591204 0.529427 0.589815 0.532292 0.591204 0.535677 0.594444 0.538281 0.600000 0.540104 0.608796 0.540365 0.616204 0.538021 0.618056 0.535937 0.618981 0.532552 0.614815 0.526042 0.598611 0.525521
0 0.586111 0.516406 0.579630 0.515885 0.575926 0.516927 0.569907 0.521354 0.567593 0.525521 0.568981 0.529687 0.571759 0.531510 0.580093 0.532031 0.585185 0.531250 0.595370 0.525521 0.595370 0.521354
0 0.556481 0.534115 0.554167 0.541146 0.555556 0.544531 0.556944 0.545312 0.574074 0.547917 0.582407 0.547917 0.590278 0.546875 0.594907 0.545052 0.596759 0.540885 0.589352 0.535156 0.575926 0.532292 0.569907 0.531771 0.563426 0.532031 0.558333 0.533073
0 0.558333 0.547135 0.556019 0.548698 0.555093 0.553385 0.556481 0.555469 0.566667 0.562240 0.570833 0.563281 0.574074 0.563281 0.583333 0.559375 0.585648 0.556771 0.584722 0.554688 0.582870 0.552865 0.573611 0.547917 0.568056 0.546615
0 0.586574 0.558073 0.574074 0.564323 0.571296 0.567969 0.572222 0.569271 0.577778 0.572396 0.588889 0.575000 0.593519 0.575521 0.600926 0.575260 0.606481 0.573698 0.611111 0.571094 0.613426 0.568750 0.613426 0.564063 0.611574 0.561979 0.605556 0.558333 0.603241 0.557813 0.592593 0.557031
0 0.524074 0.504687 0.518981 0.504167 0.511574 0.504687 0.505093 0.507812 0.501852 0.513802 0.502778 0.517969 0.506944 0.520312 0.510185 0.521094 0.520370 0.520573 0.526389 0.519010 0.531944 0.516146 0.533333 0.514323 0.532870 0.512500 0.531019 0.509896
0 0.537500 0.521094 0.532407 0.519271 0.523611 0.518750 0.509722 0.521875 0.504630 0.524740 0.503704 0.526042 0.503704 0.530208 0.505093 0.532031 0.511111 0.535156 0.517130 0.536198 0.523148 0.535417 0.534722 0.527604 0.536574 0.525521
0 0.497685 0.524219 0.491667 0.523438 0.482870 0.524219 0.471759 0.529427 0.470370 0.533333 0.473148 0.535677 0.480556 0.539844 0.482407 0.540365 0.490278 0.539844 0.495370 0.537500 0.501389 0.533333 0.502315 0.528906 0.500000 0.525781
0 0.461574 0.515885 0.456019 0.517708 0.450463 0.520573 0.449074 0.522396 0.448611 0.525781 0.450926 0.528646 0.454630 0.530729 0.457870 0.531250 0.468056 0.531250 0.471759 0.529427 0.474537 0.525521 0.472222 0.517708 0.469907 0.516667
0 0.414815 0.524740 0.414815 0.529687 0.419907 0.534375 0.425926 0.535677 0.439815 0.534896 0.447222 0.532292 0.450463 0.529687 0.447222 0.525521 0.443519 0.523438 0.435648 0.520833 0.425926 0.519792 0.419907 0.520833
0 0.427315 0.504948 0.423148 0.507812 0.421296 0.512760 0.422222 0.515885 0.425926 0.518490 0.435185 0.520312 0.440278 0.520833 0.445370 0.520573 0.450000 0.519792 0.457870 0.515885 0.459259 0.514062 0.458796 0.510938 0.457407 0.508594 0.455556 0.507552 0.441204 0.504167 0.433333 0.503906
0 0.455556 0.533854 0.451852 0.536198 0.449537 0.539844 0.449537 0.542188 0.451852 0.545052 0.461574 0.547917 0.468519 0.548958 0.475926 0.548698 0.481944 0.545052 0.481944 0.540885 0.476852 0.537240 0.468981 0.533073 0.466667 0.532552 0.460185 0.532292
0 0.491667 0.540625 0.491204 0.545573 0.493056 0.548958 0.496296 0.550781 0.502315 0.552083 0.518519 0.550521 0.524537 0.548438 0.529167 0.545312 0.528241 0.541667 0.523148 0.538021 0.509259 0.535417 0.502778 0.534896 0.498148 0.535937 0.495370 0.537240
0 0.531481 0.529687 0.525463 0.533594 0.524537 0.537760 0.525926 0.539323 0.534259 0.543229 0.537963 0.544271 0.546759 0.544271 0.551389 0.543490 0.552778 0.542448 0.555093 0.537240 0.554167 0.533073 0.548611 0.529948 0.541667 0.528385 0.537500 0.528125
0 0.525000 0.548698 0.524537 0.552865 0.529630 0.555469 0.538426 0.558333 0.545370 0.558594 0.549537 0.557813 0.555093 0.552865 0.554630 0.547656 0.551852 0.545833 0.548148 0.545052 0.536574 0.545052 0.530093 0.546354
0 0.534259 0.559896 0.529167 0.562760 0.526852 0.568229 0.528704 0.572135 0.532870 0.575260 0.539352 0.577344 0.553241 0.578125 0.558796 0.577083 0.566667 0.572656 0.567593 0.567708 0.561574 0.563542 0.547685 0.558854 0.537500 0.558854
0 0.614352 0.586198 0.604167 0.595573 0.603704 0.600260 0.605556 0.602865 0.608796 0.604427 0.614352 0.605208 0.622685 0.605208 0.625926 0.604427 0.628241 0.602604 0.629630 0.600000 0.629167 0.595313 0.627315 0.591667 0.624074 0.588281 0.621296 0.586719
0 0.588426 0.577344 0.583796 0.579948 0.584722 0.586979 0.587500 0.592448 0.593519 0.595052 0.601389 0.594792 0.606944 0.592969 0.612037 0.588542 0.615741 0.584115 0.613426 0.579948 0.607870 0.577604 0.601852 0.576562 0.593056 0.576562
0 0.565741 0.577083 0.561111 0.578125 0.555093 0.580990 0.552778 0.583594 0.553241 0.585417 0.557870 0.590625 0.566204 0.594271 0.571296 0.595313 0.574537 0.595313 0.579630 0.594010 0.582870 0.591146 0.584259 0.588802 0.583796 0.583854 0.581944 0.581250 0.573611 0.577083
0 0.527315 0.579427 0.523611 0.580990 0.520833 0.583594 0.518519 0.587240 0.518519 0.591927 0.520833 0.595573 0.523611 0.597656 0.528241 0.598177 0.537500 0.597917 0.544444 0.595052 0.548611 0.592448 0.550463 0.588281 0.550000 0.584115 0.546759 0.582031 0.541204 0.580208 0.534722 0.579167
0 0.518981 0.572917 0.502778 0.571875 0.499537 0.573438 0.497685 0.575260 0.494907 0.584375 0.497685 0.588021 0.503241 0.592448 0.510648 0.591927 0.517593 0.588802 0.525000 0.580208 0.524537 0.575521
0 0.510185 0.552344 0.500926 0.554688 0.499074 0.555729 0.495833 0.559896 0.495833 0.561719 0.497685 0.565625 0.501852 0.570052 0.504167 0.571354 0.510185 0.572917 0.518056 0.572656 0.522222 0.571094 0.525463 0.568490 0.526852 0.565625 0.527315 0.560156 0.523148 0.554948 0.517593 0.552344
0 0.493056 0.549219 0.488426 0.547656 0.481944 0.546615 0.471296 0.550781 0.468056 0.554167 0.464352 0.560156 0.465278 0.564063 0.468519 0.566146 0.475926 0.566146 0.479630 0.565104 0.487037 0.564583 0.493519 0.562500 0.497685 0.557031 0.498148 0.552604
0 0.433333 0.549479 0.430093 0.552344 0.430093 0.553906 0.431944 0.557031 0.436574 0.559896 0.449074 0.563021 0.457870 0.562760 0.462037 0.561458 0.465741 0.557292 0.466667 0.554167 0.466204 0.550781 0.463889 0.548438 0.455093 0.545833 0.447222 0.545573 0.439352 0.546875
0 0.433796 0.535156 0.426852 0.536198 0.426389 0.538802 0.426852 0.541146 0.431019 0.545833 0.433796 0.547656 0.441204 0.546875 0.446759 0.545052 0.448148 0.543229 0.448148 0.540365 0.444444 0.537760 0.441204 0.537240 0.438426 0.535677
0 0.460185 0.565365 0.454167 0.563802 0.447222 0.563281 0.441204 0.565625 0.430556 0.572917 0.429167 0.576302 0.431944 0.578906 0.435185 0.580729 0.440278 0.582031 0.449537 0.581771 0.453704 0.580990 0.463889 0.572396 0.464352 0.568229
0 0.489815 0.564323 0.479167 0.565104 0.474074 0.566406 0.472222 0.567708 0.471296 0.572396 0.476389 0.575521 0.482407 0.581510 0.488426 0.582812 0.490278 0.582812 0.494444 0.581250 0.500000 0.572396 0.499074 0.568229 0.494444 0.565365
0 0.468519 0.572396 0.461111 0.573698 0.454630 0.580469 0.456944 0.584115 0.462963 0.586719 0.468981 0.588281 0.469444 0.587760 0.476852 0.586458 0.483796 0.583854 0.477315 0.575521 0.474537 0.573958
0 0.455093 0.582812 0.446296 0.582292 0.441667 0.583073 0.438426 0.584635 0.429167 0.591927 0.427778 0.595833 0.429630 0.599479 0.431944 0.601302 0.440741 0.603385 0.448148 0.603125 0.462963 0.596875 0.466204 0.592187 0.465741 0.589844 0.462037 0.586198
0 0.482407 0.584635 0.476389 0.586198 0.471759 0.588281 0.468056 0.591667 0.467130 0.595833 0.470370 0.599479 0.482407 0.606250 0.490278 0.606250 0.496759 0.604167 0.500463 0.600781 0.502315 0.596094 0.501852 0.591927 0.494444 0.585417 0.491204 0.584635
0 0.506019 0.596875 0.504167 0.597917 0.500463 0.602865 0.501389 0.609115 0.502778 0.611198 0.507870 0.615885 0.514352 0.618750 0.518981 0.619010 0.526852 0.617708 0.530556 0.615885 0.535185 0.611458 0.534722 0.607292 0.533333 0.604948 0.529167 0.601302 0.523148 0.597656 0.518981 0.596615 0.511574 0.596094
0 0.567593 0.595573 0.560185 0.592969 0.552315 0.592969 0.543519 0.595052 0.539815 0.598177 0.537037 0.603385 0.537963 0.608594 0.544444 0.609635 0.559722 0.609896 0.565278 0.608333 0.568981 0.600260
0 0.571759 0.596875 0.568056 0.601562 0.566667 0.607812 0.569444 0.610156 0.572222 0.610938 0.578704 0.611458 0.587963 0.610938 0.593056 0.609635 0.596759 0.607552 0.598148 0.603125 0.594907 0.597917 0.592130 0.596094 0.587963 0.595052 0.579630 0.595052
0 0.591667 0.611198 0.594444 0.615365 0.597685 0.617188 0.601389 0.618490 0.606481 0.619010 0.612037 0.620833 0.615741 0.621354 0.621759 0.621094 0.628241 0.619271 0.633796 0.611719 0.633796 0.610417 0.630556 0.607812 0.624537 0.606250 0.605556 0.605469 0.598148 0.606771
0 0.562500 0.610417 0.555556 0.609375 0.538426 0.609896 0.533796 0.612760 0.531944 0.614844 0.531944 0.619792 0.533796 0.621875 0.538426 0.623958 0.544907 0.625260 0.556019 0.622917 0.559259 0.620573 0.559722 0.618229 0.562500 0.615365 0.563889 0.611719
0 0.489815 0.610938 0.481481 0.611979 0.476852 0.614844 0.474074 0.619010 0.473148 0.630990 0.475000 0.633333 0.481944 0.636198 0.483796 0.636198 0.489352 0.634375 0.496296 0.630469 0.499537 0.626563 0.501852 0.619531 0.500926 0.614323 0.498148 0.612760
0 0.461111 0.598958 0.454630 0.600000 0.450463 0.602083 0.449074 0.603385 0.447685 0.607552 0.448611 0.611979 0.450926 0.615104 0.454167 0.616667 0.462037 0.617448 0.470370 0.616406 0.477315 0.614323 0.483333 0.611458 0.484259 0.607292 0.470833 0.600521
0 0.434259 0.601562 0.427315 0.602865 0.424537 0.604427 0.418519 0.610156 0.416204 0.615104 0.418056 0.618750 0.426852 0.622135 0.434259 0.622135 0.444907 0.616146 0.447222 0.612240 0.446296 0.607292 0.443981 0.604948
0 0.670370 0.582031 0.668056 0.583594 0.668056 0.584375 0.671759 0.586719 0.676852 0.592708 0.684259 0.592448 0.687963 0.588542 0.687963 0.587240 0.684259 0.582552 0.679167 0.581510
0 0.420370 0.619531 0.411574 0.620833 0.404630 0.624219 0.401389 0.627083 0.400463 0.631771 0.401852 0.634115 0.407870 0.637240 0.412500 0.638281 0.420370 0.638281 0.422685 0.637760 0.429167 0.634375 0.431019 0.631510 0.430093 0.623958 0.429167 0.622917
0 0.433333 0.622917 0.432407 0.627344 0.435185 0.632031 0.437963 0.633594 0.447685 0.635677 0.454630 0.635156 0.462037 0.633854 0.464815 0.632812 0.470833 0.627604 0.471759 0.623698 0.470370 0.621615 0.464352 0.617969 0.452778 0.616667 0.447222 0.616667 0.443519 0.617448
0 0.531481 0.621354 0.523611 0.620833 0.510185 0.622396 0.506019 0.624479 0.500926 0.629687 0.500463 0.631250 0.502315 0.633073 0.507870 0.635938 0.517130 0.638021 0.524537 0.638021 0.532870 0.636458 0.535648 0.634635 0.537963 0.631510 0.537963 0.626302 0.535185 0.622917
0 0.538889 0.630990 0.537500 0.634375 0.538889 0.636198 0.544907 0.638542 0.549537 0.639062 0.558333 0.638542 0.566204 0.636979 0.569444 0.631250 0.566204 0.628125 0.561574 0.625781 0.555556 0.624740 0.551389 0.624740 0.542593 0.628125
0 0.593519 0.614844 0.589352 0.613542 0.581481 0.612500 0.574537 0.612760 0.565278 0.614062 0.562037 0.615885 0.560185 0.618490 0.560185 0.622135 0.562037 0.625000 0.567130 0.628385 0.571759 0.629687 0.587037 0.628125 0.594907 0.623958 0.597685 0.619271
0 0.608796 0.626302 0.609259 0.630208 0.611574 0.633073 0.617130 0.635938 0.627315 0.636719 0.637037 0.635417 0.642593 0.633594 0.648148 0.630729 0.650463 0.627083 0.646296 0.624740 0.630093 0.621354 0.618519 0.621354 0.614352 0.621875 0.610648 0.623698
0 0.678704 0.627083 0.676852 0.626302 0.668519 0.625521 0.662963 0.626302 0.652778 0.628906 0.645370 0.632292 0.642593 0.634375 0.642593 0.635677 0.645370 0.639323 0.650926 0.641927 0.656481 0.643229 0.662963 0.643750 0.670370 0.643490 0.677778 0.641927 0.681944 0.639062 0.683333 0.635156 0.682407 0.631250
0 0.706019 0.619010 0.697222 0.619792 0.684722 0.626823 0.683796 0.631510 0.685648 0.634896 0.688889 0.637240 0.697222 0.639062 0.706019 0.638542 0.710648 0.636719 0.718056 0.630990 0.718056 0.626302 0.716667 0.622917 0.711574 0.620313
0 0.736111 0.630208 0.731481 0.629167 0.725463 0.628906 0.721759 0.629687 0.718519 0.631510 0.710185 0.638542 0.710648 0.643229 0.713426 0.645833 0.718519 0.646875 0.728241 0.646615 0.735648 0.644792 0.741204 0.641406 0.742593 0.639323 0.742593 0.634635
0 0.735648 0.626823 0.736574 0.630990 0.744444 0.635677 0.752778 0.638281 0.761111 0.638281 0.765741 0.636979 0.769444 0.634896 0.771759 0.631510 0.769907 0.625521 0.767593 0.623958 0.760185 0.622135 0.744907 0.622135 0.739815 0.623958
0 0.795833 0.626563 0.787037 0.626823 0.778241 0.630729 0.772222 0.634896 0.771759 0.639323 0.775000 0.642969 0.781019 0.645573 0.786574 0.646615 0.793519 0.646094 0.796759 0.644531 0.799537 0.641146 0.801389 0.637500 0.801389 0.631771 0.799537 0.628906
0 0.815278 0.630208 0.806019 0.632812 0.801852 0.638021 0.800463 0.642448 0.806019 0.647917 0.814815 0.650000 0.823611 0.648698 0.835648 0.642708 0.835648 0.638281 0.832870 0.634375 0.827315 0.631771 0.823148 0.630469
0 0.843056 0.621875 0.837500 0.624740 0.835648 0.627083 0.834722 0.631250 0.839815 0.633854 0.857870 0.638281 0.861574 0.636458 0.866667 0.631250 0.867130 0.625521 0.865741 0.623177 0.858796 0.620573 0.849074 0.620573
0 0.870370 0.622917 0.867593 0.626042 0.867593 0.631771 0.873611 0.634896 0.877778 0.636198 0.885185 0.635417 0.888426 0.628125 0.888426 0.626302 0.886574 0.623437 0.882407 0.622656
0 0.843981 0.652865 0.841204 0.658073 0.841667 0.659375 0.844907 0.662240 0.853241 0.664583 0.861574 0.665365 0.875463 0.665104 0.881019 0.663542 0.885648 0.659896 0.886111 0.653385 0.884722 0.650260 0.879167 0.647135 0.874074 0.646094 0.863889 0.645833 0.861111 0.646354 0.847222 0.650781
0 0.869444 0.665625 0.864352 0.667448 0.861111 0.669271 0.860185 0.670833 0.859722 0.674219 0.864815 0.679167 0.873611 0.685156 0.878241 0.686458 0.886574 0.686719 0.890278 0.685677 0.895370 0.681771 0.896296 0.678385 0.892130 0.671615 0.885648 0.667448 0.878704 0.665625
0 0.858796 0.674740 0.852315 0.673438 0.843519 0.672917 0.837037 0.675781 0.828704 0.678125 0.828704 0.684375 0.836574 0.697135 0.843981 0.695833 0.846296 0.693750 0.867130 0.685677 0.866667 0.681510 0.864815 0.679948 0.863889 0.677604
0 0.856944 0.689323 0.851852 0.692969 0.853241 0.698698 0.856944 0.702604 0.861574 0.704167 0.869907 0.704948 0.880093 0.704427 0.883333 0.702604 0.886111 0.697917 0.886111 0.692969 0.878704 0.687500 0.869907 0.686719
0 0.885185 0.702604 0.881481 0.704948 0.879167 0.708333 0.880093 0.712240 0.881481 0.713802 0.891204 0.718490 0.906944 0.718750 0.909259 0.717448 0.912500 0.713542 0.911574 0.709115 0.903241 0.702865 0.899074 0.701823 0.890741 0.701302
0 0.912963 0.682813 0.906481 0.685677 0.905093 0.687500 0.902778 0.694531 0.903241 0.699740 0.905556 0.701823 0.909722 0.703125 0.918519 0.704167 0.926389 0.703646 0.928704 0.702604 0.931019 0.698438 0.929630 0.692708 0.925463 0.687500 0.920370 0.683333
0 0.890278 0.719531 0.882407 0.724479 0.882407 0.728646 0.889815 0.734115 0.895833 0.735938 0.900463 0.736458 0.909722 0.735677 0.912500 0.734115 0.914815 0.729167 0.913889 0.725260 0.911574 0.722135 0.906944 0.719531 0.904167 0.719010 0.894907 0.718750
0 0.865278 0.737500 0.863426 0.739583 0.863426 0.746094 0.862500 0.748177 0.868981 0.752865 0.878241 0.755208 0.888426 0.755208 0.893519 0.754167 0.899537 0.751563 0.901389 0.748698 0.901389 0.743750 0.898611 0.741406 0.890278 0.738281 0.878704 0.735677 0.870833 0.735417
0 0.836111 0.734896 0.832407 0.739062 0.832407 0.743750 0.834259 0.746615 0.838889 0.749219 0.845370 0.750781 0.851852 0.751042 0.859722 0.749219 0.862037 0.747656 0.862963 0.744792 0.862037 0.739583 0.860648 0.737500 0.851852 0.734375 0.846296 0.733333 0.840741 0.733594
0 0.850463 0.718229 0.847222 0.719792 0.845370 0.723958 0.847222 0.732552 0.850463 0.734375 0.863426 0.736719 0.865278 0.736719 0.871759 0.734635 0.876852 0.728906 0.875926 0.724479 0.870370 0.720313 0.864815 0.718490 0.860185 0.717969
0 0.836574 0.701302 0.831019 0.704688 0.830556 0.709375 0.834259 0.713802 0.836574 0.715104 0.843056 0.716406 0.851852 0.715625 0.856481 0.713281 0.857870 0.708594 0.855556 0.704948 0.851852 0.702865 0.843981 0.700521
0 0.808796 0.684375 0.800463 0.686979 0.798148 0.688281 0.794907 0.692708 0.794907 0.694010 0.796759 0.697135 0.799537 0.699219 0.808796 0.702083 0.817130 0.702865 0.824074 0.700781 0.828241 0.697396 0.829167 0.694531 0.828241 0.689844 0.825000 0.687240 0.817593 0.684896
0 0.808796 0.667969 0.802778 0.666927 0.795833 0.667448 0.787963 0.669531 0.783796 0.672135 0.781019 0.677865 0.790741 0.684375 0.794907 0.685417 0.802778 0.684896 0.809259 0.683854 0.812037 0.682292 0.815278 0.677865 0.814815 0.675000 0.812037 0.670312
0 0.789815 0.653906 0.786574 0.658333 0.791204 0.662760 0.800463 0.664583 0.805556 0.664323 0.809259 0.663021 0.810185 0.658073 0.806019 0.653385 0.802778 0.652344 0.794907 0.652083
0 0.821759 0.657031 0.818056 0.658073 0.814815 0.660677 0.812500 0.665885 0.812500 0.670573 0.814815 0.674740 0.816667 0.676302 0.821296 0.677344 0.831944 0.677344 0.837037 0.676302 0.841667 0.673958 0.841204 0.665885 0.838889 0.661979 0.830093 0.657031
0 0.779630 0.656250 0.775463 0.655208 0.768519 0.655469 0.764352 0.656510 0.757407 0.660156 0.752315 0.665625 0.750926 0.669271 0.752315 0.674479 0.754167 0.676302 0.759259 0.677344 0.768056 0.677083 0.774537 0.674479 0.781019 0.672917 0.786574 0.670052 0.789352 0.666667 0.788889 0.661719 0.787037 0.659896
0 0.745370 0.641146 0.740278 0.642188 0.736111 0.646094 0.736111 0.654687 0.742130 0.659896 0.747685 0.660937 0.754630 0.659635 0.762500 0.655990 0.764352 0.654167 0.765278 0.649740 0.764352 0.646354 0.760648 0.643750 0.752778 0.641667
0 0.717130 0.649479 0.712037 0.650781 0.706019 0.655208 0.703241 0.658073 0.702778 0.663021 0.705093 0.666667 0.707870 0.668750 0.715741 0.669792 0.725000 0.669531 0.731019 0.668229 0.733333 0.666667 0.736111 0.663021 0.735648 0.658073 0.727315 0.652865 0.719444 0.649479
0 0.683796 0.639844 0.679630 0.641927 0.676852 0.645312 0.677315 0.650521 0.683333 0.654167 0.689352 0.655469 0.698611 0.655729 0.706944 0.653385 0.711574 0.650781 0.710648 0.645312 0.705556 0.640885 0.691204 0.638542
0 0.698148 0.662500 0.693981 0.663281 0.691667 0.664583 0.688889 0.668229 0.681944 0.673698 0.682870 0.676562 0.690741 0.682292 0.695370 0.679688 0.697222 0.673698 0.700926 0.671094 0.704630 0.670052 0.703241 0.665885
0 0.687037 0.655208 0.685648 0.656771 0.685648 0.659115 0.687963 0.664844 0.691204 0.665885 0.699074 0.664583 0.700926 0.662500 0.699537 0.656510 0.697222 0.655469 0.693056 0.654948
0 0.662500 0.650000 0.654167 0.654427 0.652315 0.657552 0.653241 0.663021 0.659722 0.670312 0.661574 0.671354 0.668981 0.672917 0.679167 0.673177 0.683796 0.671094 0.687037 0.666406 0.685648 0.656250 0.683796 0.654427 0.676389 0.650260 0.673148 0.649740
0 0.642130 0.640625 0.636574 0.643490 0.634722 0.646094 0.636111 0.652083 0.638889 0.654687 0.649537 0.657031 0.654630 0.654687 0.660185 0.650521 0.659722 0.646094 0.656019 0.643490 0.649537 0.641146
0 0.642130 0.637760 0.635648 0.636198 0.630556 0.636719 0.617593 0.636458 0.615278 0.636979 0.612037 0.639062 0.610648 0.642708 0.612963 0.645573 0.616667 0.648177 0.621296 0.649740 0.630093 0.648438 0.633796 0.646875 0.636111 0.644271 0.639815 0.642448 0.643056 0.638802
0 0.607870 0.626563 0.600926 0.625260 0.593519 0.625260 0.586574 0.627865 0.571759 0.630469 0.568519 0.632812 0.567130 0.638021 0.571296 0.643229 0.578704 0.645312 0.587500 0.645573 0.601389 0.640885 0.608333 0.639323 0.611111 0.636979 0.612037 0.634375 0.609722 0.631771
0 0.566204 0.638281 0.558796 0.638281 0.547222 0.639844 0.543981 0.642448 0.546296 0.646615 0.552315 0.649740 0.554630 0.650260 0.560648 0.650521 0.565741 0.649219 0.568056 0.647396 0.569444 0.644010 0.569444 0.641667
0 0.519907 0.647396 0.517593 0.649740 0.517130 0.654427 0.525463 0.660156 0.537500 0.663542 0.546296 0.663021 0.551389 0.661979 0.552778 0.657292 0.551852 0.650260 0.542593 0.644792 0.539352 0.644010 0.529630 0.644010 0.523148 0.645573
0 0.502778 0.635677 0.493056 0.639323 0.491667 0.641927 0.492593 0.646354 0.495833 0.648438 0.500463 0.649740 0.509722 0.651302 0.512963 0.651042 0.517130 0.649479 0.519444 0.646875 0.519444 0.640625 0.517130 0.638542 0.512500 0.636979
0 0.458333 0.634635 0.454167 0.638021 0.453704 0.642969 0.456481 0.646615 0.462500 0.649479 0.468519 0.650781 0.475926 0.650781 0.481944 0.648958 0.490278 0.642969 0.489352 0.640365 0.487037 0.638021 0.483796 0.636458 0.476852 0.634896 0.474074 0.633594 0.466667 0.633073
0 0.441667 0.634635 0.433796 0.633854 0.418981 0.638802 0.415741 0.640625 0.414352 0.642448 0.415741 0.646615 0.421759 0.648958 0.433333 0.650260 0.440278 0.649740 0.443981 0.648438 0.446759 0.646094 0.447685 0.641146 0.444907 0.636719
0 0.456481 0.647396 0.451389 0.647396 0.446296 0.648177 0.437037 0.652083 0.432870 0.654948 0.432407 0.658854 0.441667 0.663021 0.447222 0.664583 0.462963 0.663281 0.466667 0.662240 0.469444 0.658594 0.468056 0.653125 0.466204 0.650781
0 0.412963 0.647135 0.408333 0.648698 0.397685 0.654167 0.398148 0.658854 0.401389 0.661458 0.404167 0.661979 0.408333 0.664062 0.411111 0.664583 0.419907 0.664583 0.427778 0.662240 0.430093 0.658854 0.428704 0.653385 0.425000 0.650260 0.418519 0.647917
0 0.443981 0.667188 0.439352 0.664062 0.435185 0.663021 0.426389 0.662760 0.417593 0.664583 0.410648 0.667188 0.407870 0.671615 0.404167 0.674219 0.402778 0.677865 0.406944 0.679427 0.420370 0.681250 0.427778 0.681510 0.437500 0.679948 0.442593 0.678125 0.444444 0.676042 0.444907 0.669792
0 0.479630 0.665365 0.475463 0.663542 0.469444 0.662760 0.453704 0.664062 0.450000 0.664844 0.446296 0.666927 0.444444 0.669792 0.444444 0.674740 0.446296 0.677344 0.454630 0.680469 0.462963 0.680469 0.471759 0.678125 0.479630 0.673958 0.481481 0.670573 0.481019 0.666667
0 0.500463 0.649740 0.494907 0.648438 0.488426 0.648177 0.479167 0.650521 0.474537 0.653906 0.471759 0.657813 0.473148 0.662240 0.482407 0.666406 0.495370 0.665885 0.504630 0.662240 0.506481 0.659115 0.506019 0.654167 0.503241 0.651042
0 0.530556 0.661979 0.525000 0.660937 0.516667 0.660677 0.504167 0.662500 0.498148 0.665625 0.498611 0.670312 0.501852 0.673177 0.509259 0.677344 0.517593 0.677865 0.527315 0.672656 0.533333 0.666146
0 0.583333 0.650260 0.565741 0.649479 0.556481 0.651042 0.553704 0.652865 0.552778 0.658594 0.555556 0.662500 0.558796 0.664323 0.566667 0.664583 0.572222 0.663021 0.585185 0.654427 0.584722 0.651563
0 0.608796 0.644792 0.600463 0.644792 0.591667 0.647135 0.588889 0.648698 0.582407 0.655990 0.581481 0.659896 0.583796 0.664583 0.593981 0.668490 0.602315 0.669271 0.607870 0.667969 0.615278 0.663281 0.618981 0.658333 0.617593 0.650521 0.613889 0.646875
0 0.633333 0.654948 0.624537 0.656250 0.621296 0.657552 0.617130 0.661979 0.616204 0.666146 0.621759 0.670052 0.628241 0.671615 0.636574 0.672396 0.640741 0.671354 0.646296 0.668490 0.648611 0.665365 0.649074 0.661458 0.646296 0.658073 0.643056 0.655990 0.637963 0.654948
0 0.804630 0.707812 0.802778 0.708854 0.800926 0.712240 0.800926 0.713542 0.804630 0.718750 0.815741 0.725521 0.823148 0.726302 0.824537 0.723958 0.828704 0.720833 0.826852 0.711719 0.825000 0.708594 0.822685 0.707031 0.818056 0.706250 0.810185 0.706771
0 0.802778 0.718750 0.794444 0.718750 0.791204 0.719792 0.779630 0.728385 0.777778 0.732031 0.778704 0.736198 0.782870 0.739323 0.787963 0.740885 0.795370 0.740104 0.799074 0.738802 0.810185 0.732552 0.812963 0.728646 0.812037 0.724219 0.808796 0.721094
0 0.795370 0.701302 0.787963 0.700000 0.781481 0.701562 0.776852 0.703906 0.771759 0.708333 0.772222 0.711979 0.774537 0.714844 0.780556 0.716146 0.788426 0.716146 0.795370 0.715104 0.799537 0.713281 0.802315 0.708594 0.800000 0.704167
0 0.768981 0.678385 0.764352 0.678646 0.760648 0.679948 0.755093 0.685417 0.754167 0.688281 0.754167 0.694010 0.756481 0.697396 0.760648 0.700260 0.767130 0.702083 0.774537 0.701302 0.781481 0.699479 0.784722 0.697135 0.786111 0.694010 0.784722 0.689063 0.779630 0.680729 0.775000 0.678906
0 0.747222 0.668229 0.738889 0.668229 0.731944 0.671875 0.726389 0.677344 0.724537 0.680469 0.724537 0.682292 0.728704 0.686198 0.731944 0.687760 0.738889 0.688802 0.748148 0.687760 0.751389 0.685937 0.752778 0.677344 0.750000 0.670312
0 0.704167 0.677865 0.699074 0.679688 0.695370 0.683333 0.694907 0.685937 0.697685 0.690365 0.705556 0.698177 0.711574 0.699740 0.719444 0.699740 0.723611 0.698177 0.726852 0.693750 0.727778 0.690365 0.726852 0.685937 0.723148 0.680729 0.719444 0.678646 0.712037 0.677083
0 0.728241 0.688802 0.726852 0.691667 0.726389 0.698177 0.727315 0.701302 0.731944 0.707031 0.739352 0.709896 0.746759 0.709115 0.754630 0.707031 0.756944 0.705469 0.759259 0.701042 0.753704 0.695052 0.747222 0.690625 0.743519 0.689063 0.734259 0.688281
0 0.754630 0.708333 0.741204 0.709896 0.737963 0.710938 0.736574 0.712760 0.737500 0.717708 0.739815 0.720833 0.747685 0.725000 0.753241 0.726823 0.763426 0.725260 0.768519 0.723698 0.770833 0.721875 0.773611 0.717448 0.773148 0.714063 0.769907 0.711198 0.765278 0.709635
0 0.774537 0.725781 0.767130 0.723958 0.757870 0.726042 0.754630 0.728125 0.754630 0.733333 0.756019 0.735156 0.760185 0.736719 0.768981 0.736458 0.774537 0.734896 0.776852 0.733333 0.778241 0.728125
0 0.725463 0.721094 0.723148 0.723177 0.721759 0.726562 0.723611 0.736198 0.730093 0.739844 0.738426 0.741927 0.742130 0.741667 0.749537 0.739583 0.751389 0.738542 0.752778 0.736458 0.753241 0.731510 0.749074 0.726302 0.739815 0.721875 0.735185 0.721094
0 0.725926 0.701823 0.717593 0.702604 0.713889 0.704688 0.709259 0.708854 0.707870 0.713021 0.710185 0.716667 0.713426 0.718750 0.718981 0.720052 0.727315 0.720052 0.731944 0.719010 0.735648 0.716927 0.736111 0.712760 0.734722 0.708854 0.732870 0.707812 0.729630 0.703646
0 0.705093 0.698958 0.700926 0.698177 0.694444 0.698177 0.689815 0.698698 0.686574 0.700000 0.681944 0.704948 0.682870 0.710677 0.685185 0.713802 0.688426 0.714844 0.692130 0.715104 0.701852 0.713542 0.706944 0.711458 0.708796 0.709375 0.709722 0.704688 0.707870 0.701042
0 0.698148 0.717187 0.693981 0.718490 0.691667 0.720573 0.692593 0.724740 0.697222 0.730729 0.698611 0.731510 0.705093 0.732031 0.710648 0.730990 0.716204 0.728906 0.718056 0.726302 0.718056 0.723698 0.716204 0.721094 0.710185 0.717708 0.705093 0.716927
0 0.684259 0.720313 0.672222 0.721354 0.668981 0.722917 0.668056 0.724219 0.667593 0.729167 0.668981 0.731771 0.671759 0.734115 0.676389 0.735938 0.684722 0.735938 0.693056 0.733854 0.695370 0.732552 0.695370 0.727865 0.690278 0.722396
0 0.654167 0.704167 0.652315 0.705208 0.650000 0.708854 0.650926 0.712500 0.653241 0.716146 0.658796 0.718490 0.669907 0.721354 0.679630 0.720313 0.682870 0.717708 0.683333 0.712500 0.680556 0.707292 0.672685 0.702083 0.668981 0.701302 0.662500 0.701823
0 0.643981 0.686458 0.639815 0.688281 0.637500 0.691927 0.637500 0.694010 0.642130 0.700781 0.647685 0.702865 0.656944 0.703646 0.661574 0.702083 0.668056 0.701042 0.669907 0.698698 0.669907 0.695312 0.667130 0.687760 0.664815 0.686458 0.659722 0.685677 0.651852 0.685677
0 0.656944 0.672396 0.650926 0.671094 0.644444 0.671354 0.641667 0.671875 0.633333 0.675260 0.629630 0.677604 0.629630 0.681771 0.631481 0.684375 0.635185 0.686458 0.641204 0.686979 0.658796 0.685156 0.661111 0.682813 0.661574 0.677344 0.659259 0.673958
0 0.675926 0.675521 0.672685 0.676562 0.669444 0.678906 0.667593 0.682031 0.666667 0.685677 0.670370 0.695052 0.672222 0.696615 0.683333 0.698698 0.690278 0.697917 0.694444 0.695833 0.697222 0.693490 0.697222 0.689063 0.694907 0.686458 0.693519 0.683073 0.689352 0.679427 0.684259 0.676823 0.680093 0.675781
0 0.589352 0.674479 0.587037 0.677083 0.585648 0.681771 0.589815 0.687240 0.593981 0.689063 0.609259 0.689063 0.622222 0.687240 0.623148 0.684375 0.619907 0.677604 0.614815 0.674219 0.607870 0.671615 0.600000 0.670833
0 0.566204 0.666927 0.564352 0.669010 0.564815 0.673177 0.566204 0.675260 0.569444 0.676823 0.579167 0.678125 0.587037 0.676562 0.591667 0.673698 0.594907 0.670052 0.590278 0.667188 0.580556 0.665104 0.572222 0.664844
0 0.556481 0.664062 0.553241 0.663281 0.546759 0.663281 0.538426 0.664062 0.534722 0.665365 0.529630 0.669531 0.527778 0.673438 0.529630 0.676302 0.532870 0.678385 0.537963 0.680208 0.552315 0.680469 0.558796 0.677865 0.562037 0.675000 0.562500 0.671875 0.561574 0.668490 0.558796 0.665365
0 0.497222 0.671094 0.488889 0.671354 0.482870 0.672917 0.475000 0.680990 0.475000 0.684635 0.476852 0.686458 0.482407 0.687240 0.488889 0.689063 0.497222 0.689063 0.502778 0.685677 0.506019 0.682031 0.507870 0.677344 0.503241 0.673698
0 0.523611 0.679427 0.518981 0.678646 0.510185 0.678906 0.507407 0.680469 0.497222 0.689323 0.496759 0.693750 0.499074 0.697656 0.501389 0.699219 0.506944 0.700521 0.512037 0.700781 0.516204 0.699740 0.521759 0.696094 0.530093 0.685677 0.528704 0.681510
0 0.537963 0.680469 0.535648 0.681510 0.533333 0.684115 0.531481 0.687500 0.529167 0.689583 0.527778 0.693490 0.529167 0.695312 0.533333 0.697396 0.537963 0.698698 0.545370 0.698958 0.553241 0.695833 0.555556 0.694010 0.556481 0.685156 0.554167 0.682292 0.551389 0.681250
0 0.565741 0.677865 0.560648 0.679948 0.557870 0.683073 0.556944 0.687760 0.557407 0.694531 0.560648 0.696875 0.566667 0.698438 0.572222 0.699219 0.579630 0.698438 0.584722 0.695833 0.588889 0.689323 0.581481 0.680208 0.578704 0.678646 0.574537 0.677604
0 0.559259 0.696875 0.549537 0.698177 0.543981 0.701562 0.542130 0.708854 0.542593 0.710417 0.546759 0.714844 0.551852 0.717448 0.559722 0.716406 0.570370 0.713021 0.574074 0.710417 0.575926 0.704688 0.574074 0.701562 0.569444 0.698958
0 0.581944 0.699219 0.578704 0.701042 0.576852 0.703906 0.576852 0.709896 0.578704 0.713021 0.586574 0.715885 0.594444 0.715365 0.600926 0.713802 0.603704 0.711719 0.605093 0.708594 0.605556 0.704427 0.603704 0.701302 0.595370 0.698698 0.586574 0.698438
0 0.610648 0.689323 0.609259 0.691406 0.609259 0.694531 0.611574 0.698438 0.617130 0.700521 0.628704 0.701302 0.632407 0.698438 0.633796 0.693229 0.631481 0.688802 0.629167 0.687500 0.621296 0.687240
0 0.611111 0.702083 0.608333 0.704427 0.607407 0.709375 0.612037 0.714323 0.614815 0.716146 0.616667 0.719010 0.621296 0.721615 0.629167 0.721875 0.638889 0.719792 0.642130 0.718229 0.645370 0.713542 0.644907 0.708594 0.643056 0.706510 0.638889 0.703906 0.630556 0.701823 0.625463 0.701302 0.613889 0.701302
0 0.649074 0.716146 0.642593 0.718229 0.638426 0.720833 0.638426 0.729427 0.640741 0.731250 0.649074 0.733594 0.656481 0.734635 0.662500 0.732812 0.663889 0.731771 0.665278 0.728646 0.664815 0.724479 0.662500 0.720573 0.656944 0.717448
0 0.586111 0.718750 0.584722 0.721354 0.584259 0.726042 0.585185 0.728906 0.589352 0.731771 0.598611 0.733594 0.603241 0.733594 0.610185 0.732031 0.614815 0.729688 0.619444 0.728646 0.618056 0.723698 0.612500 0.718750 0.603704 0.717187 0.596296 0.716667 0.590278 0.716927
0 0.577315 0.713542 0.572222 0.713021 0.566667 0.714063 0.556019 0.717448 0.552315 0.719531 0.550463 0.723958 0.550926 0.726823 0.552778 0.729167 0.557870 0.731771 0.566667 0.733073 0.581481 0.728646 0.582870 0.716667
0 0.521759 0.711719 0.517130 0.713542 0.513889 0.717448 0.513889 0.721094 0.515278 0.723437 0.521296 0.729167 0.525000 0.730990 0.530556 0.732031 0.538426 0.731771 0.546759 0.728906 0.548611 0.727344 0.550000 0.723437 0.550000 0.720052 0.548148 0.717969 0.535185 0.712500 0.525463 0.711458
0 0.515278 0.701042 0.514352 0.705469 0.521759 0.710417 0.532870 0.711719 0.537037 0.711198 0.539815 0.709896 0.542593 0.705729 0.542130 0.701042 0.539815 0.699219 0.530093 0.697396 0.524074 0.698438
0 0.510648 0.702604 0.504630 0.701302 0.496759 0.701823 0.482407 0.706771 0.479167 0.709115 0.478241 0.713542 0.480556 0.716406 0.488426 0.720052 0.498148 0.720052 0.511574 0.717448 0.514352 0.715625 0.516204 0.713021 0.516204 0.708333 0.512963 0.704167
0 0.494444 0.690885 0.484259 0.687500 0.475000 0.686979 0.466204 0.689323 0.457870 0.693490 0.452315 0.697135 0.450000 0.701562 0.456481 0.705729 0.459722 0.706510 0.475926 0.706510 0.488426 0.703906 0.494907 0.701042 0.497222 0.697917 0.496296 0.692969
0 0.454630 0.681510 0.448611 0.679688 0.444907 0.679688 0.430556 0.681510 0.423611 0.683333 0.421759 0.685417 0.420833 0.690365 0.423148 0.694531 0.428704 0.698698 0.432870 0.699740 0.443056 0.699219 0.446296 0.698438 0.452778 0.694792 0.457407 0.689583
0 0.420833 0.694271 0.411574 0.694271 0.400463 0.697135 0.394907 0.699219 0.391667 0.705469 0.394444 0.709115 0.399537 0.711979 0.404630 0.713021 0.409722 0.712760 0.417130 0.710417 0.420370 0.708594 0.424074 0.704948 0.425926 0.701562 0.425463 0.697396 0.424074 0.695833
0 0.445833 0.700521 0.441667 0.699740 0.431481 0.700521 0.426852 0.702083 0.424074 0.704427 0.421296 0.708594 0.422222 0.713021 0.424074 0.715104 0.428241 0.717708 0.433333 0.718750 0.443981 0.717969 0.453241 0.713021 0.455556 0.709635 0.454167 0.704948
0 0.433333 0.719531 0.430093 0.720833 0.427778 0.724219 0.428241 0.733073 0.433796 0.736198 0.441667 0.736458 0.447685 0.735156 0.452315 0.732552 0.452778 0.727083 0.451852 0.725260 0.447685 0.721615 0.442130 0.719271
0 0.400926 0.714063 0.398148 0.716146 0.397222 0.721875 0.398148 0.724740 0.400000 0.726562 0.404630 0.728385 0.414352 0.728646 0.417130 0.727865 0.428704 0.720833 0.426389 0.716927 0.420833 0.714323 0.413889 0.713542 0.403704 0.713542
0 0.471296 0.707031 0.464352 0.706771 0.459259 0.707552 0.453704 0.712240 0.446759 0.716667 0.446759 0.720833 0.454630 0.726562 0.462037 0.727083 0.477315 0.717187 0.476852 0.712760 0.474074 0.708594
0 0.482870 0.717969 0.475463 0.718229 0.465278 0.724479 0.462963 0.728125 0.463426 0.732552 0.475463 0.736198 0.485185 0.734375 0.494907 0.728646 0.495370 0.723958 0.491204 0.721354 0.487500 0.720313
0 0.512963 0.722135 0.510648 0.721615 0.503241 0.722135 0.498148 0.724219 0.495370 0.728385 0.490741 0.732292 0.488426 0.736198 0.490278 0.738802 0.498611 0.739062 0.510648 0.738281 0.519907 0.734115 0.521759 0.732552 0.520833 0.728385
0 0.558333 0.732292 0.552315 0.729948 0.544907 0.730208 0.541667 0.731510 0.534259 0.732812 0.531019 0.734635 0.525463 0.739844 0.527778 0.744792 0.532407 0.747135 0.537963 0.748437 0.545370 0.747656 0.550000 0.746354 0.556481 0.742969 0.558796 0.740625 0.560648 0.735677
0 0.647685 0.732552 0.642593 0.731250 0.635185 0.730729 0.623611 0.732031 0.622222 0.734375 0.622222 0.741146 0.623611 0.744271 0.628241 0.748698 0.635648 0.748698 0.643056 0.747396 0.650463 0.744792 0.653704 0.742969 0.655556 0.740365 0.655093 0.736198
0 0.926389 0.707292 0.919444 0.709375 0.913889 0.712240 0.910185 0.717448 0.910648 0.720833 0.916204 0.726042 0.923611 0.729167 0.927778 0.729948 0.935648 0.728125 0.940741 0.725000 0.942593 0.721875 0.943056 0.716667 0.941204 0.711979 0.937963 0.708854 0.933796 0.707552
0 0.916667 0.734896 0.915741 0.736719 0.921296 0.742969 0.925000 0.745052 0.933796 0.747917 0.941204 0.747396 0.944907 0.741146 0.943981 0.736198 0.940278 0.733594 0.934259 0.731510 0.926389 0.731510
0 0.906019 0.746354 0.902315 0.752083 0.902315 0.757031 0.903704 0.759375 0.909722 0.762760 0.914352 0.764062 0.919444 0.764583 0.934722 0.763281 0.940741 0.759635 0.942593 0.756250 0.941204 0.753385 0.936574 0.749479 0.927778 0.746094 0.921296 0.744531 0.912500 0.744271
0 0.918519 0.765625 0.916204 0.767448 0.916667 0.773177 0.923611 0.779167 0.928241 0.781771 0.940741 0.782031 0.943056 0.779687 0.941204 0.773958 0.941204 0.767188 0.934259 0.764062 0.926389 0.764323
0 0.906019 0.773438 0.901852 0.775521 0.900463 0.777865 0.902778 0.788802 0.905556 0.790885 0.912037 0.792448 0.919444 0.792188 0.927778 0.788021 0.929167 0.782813 0.924074 0.778385 0.918519 0.775000 0.913426 0.773438
0 0.926852 0.789062 0.918056 0.793750 0.915278 0.796354 0.912500 0.802604 0.915741 0.807552 0.920833 0.809896 0.933333 0.811198 0.938889 0.810937 0.941204 0.810417 0.943056 0.806771 0.943981 0.798698 0.941204 0.792708 0.938426 0.790885 0.934259 0.789583
0 0.920370 0.811198 0.917130 0.813802 0.916204 0.819271 0.918056 0.822656 0.926852 0.828646 0.934259 0.829167 0.941204 0.824479 0.942130 0.822917 0.943056 0.816927 0.941204 0.812760 0.938889 0.811458 0.934722 0.810677 0.926389 0.810417
0 0.893981 0.819010 0.889815 0.820573 0.888426 0.822135 0.887500 0.826302 0.889815 0.828906 0.897222 0.834115 0.899074 0.836458 0.906481 0.836719 0.908796 0.836198 0.912037 0.834375 0.915741 0.829688 0.916667 0.827344 0.916204 0.822135 0.913426 0.820312 0.906944 0.818750 0.898148 0.818490
0 0.894907 0.803646 0.892130 0.804427 0.889352 0.806250 0.890278 0.814063 0.892130 0.817448 0.895833 0.818490 0.899537 0.818750 0.906019 0.818490 0.911111 0.817187 0.914352 0.815365 0.917593 0.810937 0.916204 0.809115 0.911111 0.805729 0.906019 0.803906 0.901389 0.803125
0 0.890741 0.784635 0.886574 0.785677 0.879630 0.790885 0.878704 0.799740 0.880556 0.802344 0.883333 0.803385 0.892593 0.804167 0.900000 0.802604 0.902778 0.801302 0.904167 0.799740 0.905093 0.794792 0.904167 0.792448 0.898148 0.786719 0.894444 0.784896
0 0.899537 0.758333 0.889815 0.758333 0.884722 0.759896 0.881481 0.761979 0.875926 0.768490 0.875926 0.771875 0.878704 0.775521 0.881019 0.776823 0.885185 0.777865 0.892130 0.778385 0.896296 0.777865 0.906944 0.773177 0.911574 0.770312 0.913889 0.767708 0.911574 0.763802 0.904167 0.759896
0 0.864352 0.753906 0.860185 0.755208 0.857407 0.757031 0.856481 0.759375 0.857407 0.763281 0.861111 0.766927 0.865278 0.768490 0.871759 0.769531 0.879630 0.764583 0.882407 0.759375 0.879167 0.755990 0.872222 0.753646
0 0.856019 0.770052 0.852315 0.772917 0.848611 0.779167 0.850000 0.780990 0.854167 0.783854 0.858333 0.784896 0.868056 0.785156 0.871759 0.784635 0.875463 0.782292 0.876852 0.780208 0.876389 0.775260 0.875000 0.773438 0.871759 0.771354 0.864815 0.769792
0 0.864815 0.785677 0.856481 0.785677 0.850926 0.787500 0.846759 0.789583 0.842130 0.793750 0.841667 0.799479 0.843519 0.802865 0.846759 0.805208 0.850463 0.806510 0.857870 0.807031 0.872685 0.802865 0.877778 0.799740 0.879167 0.796094 0.877778 0.790885 0.871759 0.787500
0 0.843519 0.805208 0.837037 0.809896 0.833796 0.814583 0.843519 0.817187 0.850926 0.817969 0.854167 0.814583 0.852778 0.809115 0.850926 0.807292
0 0.855556 0.809115 0.855093 0.811198 0.859722 0.815104 0.869444 0.818750 0.880093 0.820833 0.885648 0.820052 0.888889 0.817969 0.889815 0.816146 0.889815 0.809375 0.888426 0.807292 0.883796 0.805469 0.870833 0.803385 0.859722 0.806510
0 0.861574 0.819010 0.857870 0.821875 0.856944 0.825000 0.858333 0.830208 0.860648 0.832292 0.864352 0.834115 0.877315 0.836719 0.882870 0.836458 0.884722 0.834635 0.886111 0.828385 0.885648 0.825781 0.882407 0.822656 0.872222 0.819010 0.865741 0.818229
0 0.885185 0.837500 0.880093 0.840104 0.875000 0.845313 0.873611 0.849740 0.876389 0.851823 0.891667 0.854427 0.899537 0.854167 0.905556 0.850781 0.906019 0.845052 0.900463 0.839844 0.897222 0.838021 0.893981 0.837240
0 0.907870 0.845573 0.903704 0.853125 0.903704 0.857552 0.905093 0.859115 0.909722 0.860677 0.919444 0.862240 0.927315 0.861719 0.935648 0.860156 0.938426 0.857552 0.937963 0.853646 0.935648 0.850781 0.928704 0.847396 0.914815 0.842969 0.912500 0.842708
0 0.915741 0.833594 0.913426 0.837500 0.913889 0.842187 0.918056 0.844271 0.926852 0.846875 0.933796 0.848177 0.942593 0.847135 0.945833 0.845833 0.945833 0.841146 0.943056 0.834635 0.941204 0.832552 0.934722 0.830469 0.926852 0.830208 0.918519 0.832031
0 0.906019 0.866146 0.902778 0.867708 0.898611 0.873958 0.895370 0.876823 0.897222 0.881250 0.906481 0.886979 0.917130 0.887500 0.925000 0.886458 0.927315 0.885156 0.928241 0.882031 0.930556 0.880469 0.932407 0.877604 0.933796 0.872656 0.931944 0.868490 0.927778 0.866406 0.921759 0.865625
0 0.878241 0.882292 0.877315 0.889323 0.880093 0.892708 0.885185 0.894271 0.892593 0.893750 0.899537 0.892448 0.907870 0.888802 0.904630 0.884635 0.898611 0.881250 0.893519 0.879687 0.885185 0.879687 0.880093 0.880990
0 0.918981 0.891927 0.915741 0.894010 0.912963 0.904427 0.916204 0.907813 0.918981 0.909115 0.927778 0.909635 0.931944 0.908594 0.936111 0.905208 0.936111 0.899740 0.933333 0.894792 0.930556 0.892969 0.927315 0.892188
0 0.846296 0.890365 0.842593 0.893229 0.840741 0.900000 0.843981 0.902865 0.848148 0.904427 0.857407 0.905469 0.867130 0.903906 0.870370 0.902083 0.871759 0.900260 0.864815 0.893229 0.858333 0.889844 0.850000 0.889323
0 0.810185 0.880729 0.806019 0.886719 0.806019 0.892448 0.812963 0.899479 0.817130 0.901563 0.822685 0.902865 0.830556 0.902865 0.838426 0.900521 0.841204 0.898438 0.843056 0.892969 0.839352 0.888021 0.834259 0.884896 0.823148 0.880208 0.814815 0.879948
0 0.832407 0.867708 0.825926 0.872917 0.826389 0.879687 0.830093 0.883073 0.836574 0.886198 0.842593 0.887760 0.850000 0.888802 0.857870 0.888542 0.862963 0.886979 0.865741 0.885156 0.865741 0.879687 0.864352 0.876823 0.858796 0.871875 0.852778 0.868750 0.844444 0.866667 0.836111 0.866667
0 0.843981 0.842708 0.836111 0.842708 0.826852 0.845052 0.824537 0.846875 0.823611 0.853646 0.825000 0.858854 0.826852 0.861719 0.830093 0.863802 0.837037 0.864323 0.846759 0.862760 0.852315 0.861198 0.856019 0.858333 0.857870 0.853646 0.856944 0.849740 0.851389 0.845313
0 0.866204 0.835938 0.857407 0.836719 0.855093 0.838021 0.854167 0.839583 0.852778 0.846094 0.857407 0.850781 0.865278 0.851302 0.868519 0.850521 0.871759 0.848958 0.874537 0.846094 0.874537 0.841406 0.872685 0.838281 0.870833 0.836979
0 0.864815 0.857292 0.862037 0.859375 0.861574 0.863281 0.862963 0.867708 0.867130 0.871354 0.872222 0.873698 0.878704 0.875521 0.885185 0.875781 0.892130 0.877344 0.896759 0.876042 0.899537 0.873958 0.902315 0.868490 0.902778 0.864844 0.900463 0.860938 0.894907 0.857031 0.887963 0.854948 0.878241 0.854167 0.872222 0.854948
0 0.848148 0.817187 0.837037 0.814844 0.829167 0.817187 0.825463 0.822135 0.824537 0.826823 0.825926 0.830208 0.829630 0.834635 0.837037 0.834375 0.839815 0.833333 0.843981 0.832812 0.852315 0.829427 0.856481 0.826302 0.856019 0.822135
0 0.813426 0.824740 0.807870 0.825521 0.803241 0.827604 0.795833 0.834115 0.793519 0.838021 0.798611 0.841146 0.802778 0.842708 0.816204 0.843750 0.821296 0.842708 0.825463 0.840625 0.827778 0.838021 0.828704 0.833333 0.823611 0.826302 0.818056 0.824740
0 0.801852 0.842187 0.798611 0.845573 0.798611 0.853906 0.800000 0.855469 0.802315 0.856510 0.806944 0.857292 0.815741 0.857031 0.820370 0.855729 0.823148 0.853906 0.823148 0.849479 0.818056 0.844271 0.813426 0.842969
0 0.823148 0.859896 0.817593 0.859375 0.813889 0.859896 0.812037 0.860938 0.807870 0.866146 0.806481 0.871094 0.808796 0.881250 0.816204 0.879427 0.818056 0.876302 0.826389 0.871875 0.828241 0.870052 0.829167 0.865104 0.826389 0.861719
0 0.798148 0.859896 0.787963 0.858594 0.781019 0.862500 0.772685 0.865885 0.768519 0.868490 0.766204 0.872656 0.766667 0.877083 0.774074 0.879948 0.781944 0.880729 0.791204 0.879167 0.798611 0.876042 0.803704 0.873177 0.805556 0.868750 0.804167 0.864323
0 0.774074 0.883854 0.772222 0.889583 0.773148 0.891406 0.777778 0.894271 0.786574 0.896615 0.792130 0.897135 0.799537 0.896875 0.803704 0.895573 0.805093 0.893229 0.805093 0.888542 0.798611 0.882031 0.792593 0.880208 0.787963 0.879687 0.780093 0.880990
0 0.753241 0.888281 0.749537 0.890885 0.748148 0.892969 0.747685 0.897917 0.748148 0.900000 0.750000 0.902083 0.752778 0.903385 0.759259 0.904948 0.770370 0.905208 0.776852 0.904427 0.776389 0.898958 0.771759 0.892969 0.760648 0.889062
0 0.740278 0.878125 0.732407 0.878646 0.727778 0.880469 0.726389 0.882031 0.725926 0.888802 0.728704 0.894271 0.732407 0.895833 0.738889 0.895573 0.744444 0.894531 0.752778 0.888802 0.751389 0.883333 0.750000 0.881510 0.745370 0.879427
0 0.713889 0.866146 0.710185 0.868750 0.710648 0.874219 0.713426 0.877604 0.718519 0.880990 0.725926 0.881771 0.736111 0.877083 0.737500 0.873177 0.736111 0.869010 0.734259 0.867708 0.725463 0.865885 0.716667 0.865625
0 0.720370 0.851302 0.717130 0.854948 0.716667 0.858073 0.719444 0.863542 0.722222 0.865365 0.731019 0.866667 0.739815 0.866667 0.748148 0.863802 0.752315 0.861458 0.748148 0.855469 0.739815 0.850521 0.733333 0.848698 0.725463 0.848698
0 0.789815 0.842969 0.781944 0.842448 0.770833 0.842969 0.763889 0.844792 0.760185 0.846875 0.757870 0.849219 0.756944 0.854427 0.759259 0.858073 0.769907 0.863542 0.774537 0.864583 0.781019 0.863021 0.788889 0.857552 0.790741 0.853906 0.794907 0.849740 0.794444 0.845573
0 0.752315 0.862760 0.743519 0.865104 0.740278 0.867188 0.739352 0.870052 0.741667 0.875000 0.744444 0.877604 0.748148 0.879687 0.754167 0.880469 0.763426 0.878646 0.765741 0.877083 0.767130 0.868750 0.763889 0.865625 0.755556 0.863021
0 0.746296 0.827083 0.737500 0.830208 0.733333 0.832812 0.732407 0.834635 0.734259 0.838281 0.736111 0.839583 0.742593 0.841667 0.746296 0.844010 0.759259 0.843490 0.761111 0.842708 0.764352 0.838542 0.765278 0.834375 0.764352 0.832552 0.761111 0.829427 0.757407 0.827604 0.754167 0.826823
0 0.729630 0.833854 0.729167 0.845833 0.737963 0.847656 0.740278 0.847656 0.747685 0.845833 0.745370 0.841667 0.743056 0.841146 0.735648 0.837500 0.732870 0.833333
0 0.725000 0.831771 0.717130 0.830990 0.706019 0.832552 0.700926 0.834375 0.698611 0.836458 0.695833 0.841406 0.696759 0.844792 0.703704 0.848177 0.709722 0.849219 0.719907 0.848437 0.725926 0.847135 0.730093 0.844271 0.731019 0.839844 0.728704 0.834375
0 0.685185 0.827083 0.675926 0.827083 0.666667 0.829427 0.662963 0.833594 0.662963 0.837760 0.664815 0.843229 0.669444 0.846875 0.675926 0.848958 0.684259 0.848177 0.691667 0.845313 0.694444 0.843490 0.696759 0.838802 0.697222 0.833594 0.695370 0.830990 0.690278 0.828125
0 0.705556 0.806771 0.689815 0.807552 0.686574 0.808333 0.684722 0.809896 0.684722 0.819531 0.691667 0.827344 0.696759 0.829427 0.704630 0.828646 0.710185 0.825521 0.713426 0.822656 0.714815 0.810417 0.711574 0.808073
0 0.717130 0.811719 0.715741 0.813542 0.714815 0.817708 0.715278 0.822917 0.717593 0.825781 0.721296 0.828125 0.725463 0.829427 0.737037 0.828646 0.744907 0.826823 0.749537 0.824740 0.752315 0.819792 0.752315 0.817187 0.750463 0.815104 0.746759 0.814323 0.739815 0.811198 0.731944 0.810156 0.724537 0.809896 0.719444 0.810677
0 0.749074 0.799479 0.746296 0.800260 0.744444 0.802083 0.741667 0.810156 0.746296 0.814323 0.752778 0.815625 0.761111 0.815104 0.773148 0.810677 0.774537 0.806250 0.771296 0.804427 0.765278 0.802344 0.759722 0.799479 0.754630 0.798958
0 0.788426 0.798438 0.783333 0.800781 0.777315 0.804948 0.776389 0.807552 0.777778 0.810156 0.788426 0.816146 0.794907 0.818490 0.800000 0.819531 0.809259 0.819271 0.811111 0.817969 0.812037 0.814844 0.811574 0.810417 0.809259 0.808333 0.806019 0.803125 0.801852 0.799740 0.795833 0.797396
0 0.817130 0.793490 0.812037 0.796354 0.810185 0.798698 0.809722 0.803385 0.811574 0.808594 0.812963 0.810156 0.822685 0.814844 0.831481 0.814063 0.836574 0.811979 0.841204 0.806771 0.841667 0.801823 0.840741 0.799219 0.837963 0.796875 0.830093 0.793490
0 0.758796 0.820052 0.756944 0.822135 0.756481 0.826302 0.762500 0.831250 0.767593 0.834115 0.774074 0.835938 0.782870 0.836458 0.791204 0.835677 0.794444 0.834375 0.800000 0.829688 0.801389 0.825781 0.799074 0.821615 0.794907 0.818750 0.788889 0.816667 0.784722 0.816146 0.766667 0.816667 0.764352 0.817187
0 0.725463 0.848958 0.719907 0.851823 0.716667 0.856771 0.719444 0.863281 0.722222 0.865365 0.731019 0.866667 0.740278 0.866667 0.751852 0.861979 0.752315 0.861198 0.748611 0.855990 0.740741 0.851042 0.732870 0.848698
0 0.679167 0.850000 0.677315 0.852083 0.675926 0.856250 0.675926 0.861719 0.680093 0.864583 0.690278 0.866406 0.704630 0.866146 0.710648 0.864583 0.713426 0.863021 0.714815 0.861198 0.714352 0.855990 0.708333 0.851042 0.705093 0.849479 0.698148 0.847396 0.690278 0.846875
0 0.682870 0.866406 0.680556 0.867188 0.678704 0.869531 0.678241 0.873958 0.679167 0.876042 0.683796 0.880208 0.691204 0.881510 0.703241 0.876302 0.706019 0.873177 0.705093 0.869792 0.703704 0.868490 0.699074 0.867188
0 0.669907 0.876823 0.660648 0.878646 0.656481 0.880729 0.654167 0.884375 0.653241 0.889062 0.653704 0.892448 0.656944 0.897917 0.660185 0.899479 0.669444 0.901563 0.677315 0.901042 0.679630 0.900260 0.684722 0.896615 0.687037 0.890104 0.687037 0.883594 0.685648 0.880990 0.681481 0.878125 0.677315 0.877083
0 0.698611 0.910156 0.689815 0.910417 0.683333 0.911979 0.676852 0.915885 0.675000 0.919531 0.676852 0.924479 0.684259 0.930729 0.689815 0.932292 0.695370 0.932031 0.700000 0.930990 0.709259 0.926562 0.712037 0.923958 0.712963 0.919271 0.710185 0.915104 0.705556 0.911979
0 0.643519 0.888281 0.638426 0.888281 0.632870 0.889323 0.629167 0.891406 0.624537 0.896094 0.625463 0.903906 0.628241 0.906510 0.635185 0.910417 0.642593 0.910156 0.643056 0.909115 0.653704 0.903646 0.656944 0.900521 0.654167 0.894792 0.651389 0.891667
0 0.615278 0.874740 0.608796 0.876042 0.600463 0.880729 0.597685 0.884635 0.596759 0.887760 0.597685 0.892708 0.600926 0.894792 0.606944 0.896615 0.616204 0.896354 0.622222 0.895312 0.625463 0.893750 0.627315 0.891406 0.627778 0.883594 0.625926 0.879427 0.622222 0.876302
0 0.601389 0.863802 0.593056 0.863281 0.587500 0.864323 0.584259 0.865625 0.582407 0.867448 0.581481 0.874479 0.583333 0.879167 0.586574 0.881771 0.594907 0.882292 0.599074 0.881250 0.608796 0.876302 0.611574 0.873437 0.610185 0.867448 0.606944 0.865625
0 0.620833 0.855729 0.618056 0.857031 0.614352 0.861719 0.612963 0.864844 0.613426 0.869792 0.614815 0.872917 0.618056 0.875000 0.620833 0.875781 0.629630 0.875781 0.633333 0.874740 0.636574 0.872917 0.640278 0.869531 0.642130 0.866146 0.642130 0.861198 0.640278 0.858854 0.635648 0.855729
0 0.663426 0.855990 0.656944 0.856510 0.651389 0.858073 0.646759 0.860417 0.644444 0.863542 0.643981 0.866667 0.645370 0.871094 0.647685 0.873177 0.655556 0.876042 0.664352 0.876302 0.668981 0.875260 0.677315 0.869271 0.676389 0.864844 0.674074 0.861979
0 0.656944 0.838802 0.643519 0.838802 0.637963 0.840104 0.635648 0.844792 0.635648 0.850260 0.637500 0.853385 0.639815 0.854688 0.649537 0.855469 0.655556 0.854948 0.659259 0.853646 0.660648 0.851302 0.661574 0.845573 0.660185 0.841146
0 0.628704 0.834896 0.618981 0.836979 0.611111 0.841927 0.608333 0.845313 0.611111 0.850260 0.618519 0.855208 0.621296 0.855729 0.629630 0.855729 0.632407 0.855208 0.634722 0.853906 0.637037 0.841667 0.634722 0.837500
0 0.635185 0.819271 0.625463 0.826042 0.625000 0.830990 0.626389 0.833854 0.635185 0.836719 0.641667 0.837500 0.649537 0.837240 0.654630 0.836198 0.657870 0.834115 0.658796 0.830729 0.655556 0.826302 0.646296 0.820833 0.642593 0.819792
0 0.681944 0.808333 0.678241 0.807552 0.668056 0.808333 0.663889 0.810156 0.657870 0.814323 0.655093 0.817187 0.653241 0.821615 0.653704 0.823438 0.657407 0.826562 0.662963 0.828385 0.670833 0.828646 0.676852 0.826042 0.681481 0.820312 0.683796 0.815104 0.683796 0.809896
0 0.705556 0.787760 0.697222 0.787500 0.687500 0.791406 0.684259 0.794792 0.682870 0.797656 0.682870 0.800000 0.686574 0.803125 0.690278 0.804167 0.699074 0.804167 0.709259 0.801823 0.712037 0.800260 0.713426 0.798177 0.713889 0.794531 0.710185 0.790625
0 0.725463 0.786719 0.716204 0.791927 0.713889 0.798177 0.714352 0.802865 0.715741 0.804688 0.722685 0.808073 0.734722 0.807813 0.739352 0.806510 0.742130 0.803906 0.743056 0.800781 0.742130 0.795573 0.740741 0.793229 0.732870 0.787760
0 0.762963 0.787500 0.759722 0.788802 0.756944 0.791146 0.756019 0.795573 0.757407 0.798698 0.764352 0.802865 0.774537 0.805990 0.781019 0.803385 0.787963 0.798958 0.786574 0.792708 0.783796 0.789583 0.780093 0.788021 0.775463 0.787240
0 0.661574 0.784896 0.658333 0.785677 0.650463 0.791146 0.649074 0.795052 0.652778 0.801562 0.662037 0.805729 0.663889 0.805990 0.669907 0.805469 0.679167 0.801823 0.681481 0.799219 0.682870 0.794531 0.681481 0.790885 0.678241 0.788021 0.669907 0.785417
0 0.645370 0.794792 0.636574 0.792969 0.627778 0.792969 0.625463 0.793750 0.622222 0.796094 0.618981 0.802604 0.621296 0.806771 0.628241 0.809635 0.638889 0.807813 0.647222 0.802083 0.648611 0.798698 0.647685 0.796615
0 0.625463 0.809115 0.621759 0.808073 0.613426 0.808333 0.606019 0.809375 0.601389 0.810937 0.596759 0.814063 0.596296 0.818750 0.598148 0.821354 0.607870 0.825781 0.622685 0.825781 0.627778 0.824479 0.631944 0.821354 0.633333 0.817708 0.629167 0.810937
0 0.594444 0.800521 0.580093 0.801562 0.576852 0.802604 0.576389 0.806771 0.578241 0.811198 0.581019 0.815104 0.583796 0.816406 0.588426 0.816667 0.594444 0.815365 0.601389 0.809635 0.602315 0.807813 0.601389 0.803646
0 0.615278 0.783333 0.607407 0.783333 0.597222 0.788802 0.595370 0.790885 0.594444 0.794271 0.595370 0.798698 0.599537 0.802083 0.606944 0.804167 0.616204 0.803125 0.619444 0.800781 0.622222 0.795573 0.621759 0.791406 0.618981 0.786458
0 0.580093 0.782031 0.570833 0.784635 0.565741 0.788021 0.563889 0.790625 0.565741 0.797135 0.572685 0.801562 0.588426 0.801042 0.593519 0.798958 0.595833 0.791927 0.595370 0.789844 0.592130 0.788281 0.587500 0.787240
0 0.551852 0.796615 0.547222 0.800260 0.542130 0.806510 0.541667 0.811719 0.542593 0.813281 0.547222 0.815625 0.551852 0.816406 0.559722 0.816667 0.565741 0.815365 0.570833 0.811979 0.573148 0.807292 0.572222 0.803125 0.569907 0.800000 0.566204 0.797656
0 0.593056 0.821615 0.587037 0.823177 0.582870 0.826302 0.581019 0.829948 0.582407 0.836719 0.585185 0.841146 0.588889 0.843229 0.595370 0.844792 0.600000 0.845313 0.603704 0.845052 0.607870 0.843750 0.613426 0.839063 0.613889 0.833854 0.611574 0.828906 0.608796 0.826562 0.600926 0.822656
0 0.600000 0.845573 0.598148 0.846354 0.595833 0.848958 0.595833 0.859635 0.597222 0.861719 0.600463 0.863281 0.607870 0.863542 0.610648 0.862760 0.613889 0.860417 0.615278 0.857552 0.615278 0.853385 0.607407 0.845833
0 0.562037 0.843490 0.559722 0.845313 0.560185 0.852344 0.562037 0.855469 0.566204 0.857552 0.568056 0.860677 0.573148 0.863021 0.575926 0.863542 0.582407 0.863802 0.587037 0.863281 0.594907 0.857812 0.595833 0.853385 0.593981 0.848437 0.584259 0.843490 0.581019 0.842708 0.569444 0.842448
0 0.558796 0.861719 0.554167 0.863542 0.550926 0.866146 0.550000 0.869271 0.550000 0.877344 0.552778 0.880990 0.558796 0.883594 0.566204 0.883594 0.575000 0.880990 0.576389 0.879687 0.577315 0.877344 0.576389 0.869271 0.572222 0.864583 0.568981 0.862500 0.566667 0.861719
0 0.562963 0.884635 0.560648 0.888021 0.560648 0.892969 0.563889 0.896615 0.567130 0.898698 0.573611 0.900260 0.579630 0.900781 0.584259 0.900521 0.590741 0.899479 0.596296 0.896615 0.596296 0.892708 0.593981 0.889844 0.586111 0.883594 0.581481 0.881510 0.572222 0.881250
0 0.557407 0.820312 0.552315 0.822135 0.549537 0.825521 0.549537 0.830469 0.551852 0.833854 0.559259 0.840625 0.564352 0.841927 0.573611 0.841406 0.576852 0.839323 0.579167 0.836198 0.580093 0.832292 0.579167 0.825781 0.575463 0.822656 0.569907 0.820052 0.562963 0.819531
0 0.656481 0.802604 0.648611 0.802865 0.641204 0.806250 0.642593 0.812240 0.643981 0.813802 0.648148 0.815625 0.656481 0.815365 0.663889 0.810677 0.664815 0.806510
0 0.773611 0.737240 0.767593 0.736458 0.760185 0.737500 0.756019 0.740365 0.754167 0.752083 0.755556 0.753646 0.759259 0.755208 0.767593 0.754687 0.775000 0.752865 0.782870 0.748437 0.784259 0.745313 0.783333 0.741927 0.779630 0.739583
0 0.785648 0.754948 0.781481 0.753906 0.773148 0.754167 0.760648 0.756771 0.759259 0.757552 0.756481 0.763021 0.757407 0.765885 0.764352 0.769010 0.767593 0.769792 0.781481 0.770573 0.788426 0.769010 0.791204 0.767708 0.793056 0.763542 0.788426 0.756510
0 0.819444 0.747135 0.807870 0.745833 0.793981 0.747656 0.789815 0.749479 0.787500 0.751823 0.787500 0.756250 0.791667 0.761458 0.796296 0.765104 0.800926 0.765885 0.808796 0.765104 0.814815 0.763542 0.819444 0.761198 0.823148 0.756771 0.824537 0.752604 0.823611 0.749479
0 0.823148 0.765885 0.818056 0.764323 0.813889 0.764323 0.796296 0.767448 0.791204 0.771354 0.789815 0.775781 0.791667 0.777865 0.795370 0.779427 0.804167 0.780990 0.810185 0.780990 0.825463 0.778385 0.828704 0.776042 0.827778 0.771094
0 0.825926 0.759375 0.823611 0.761719 0.823148 0.764323 0.830556 0.776563 0.832870 0.778125 0.836111 0.778906 0.843981 0.778906 0.846759 0.778125 0.850463 0.776302 0.852778 0.771875 0.851389 0.767448 0.849074 0.765104 0.843519 0.761458 0.838889 0.759635 0.831019 0.758854
0 0.814352 0.781771 0.812963 0.787240 0.816204 0.791406 0.818981 0.792448 0.827778 0.792969 0.837037 0.792448 0.843981 0.790885 0.848611 0.787240 0.847222 0.782031 0.844907 0.780208 0.841667 0.779427 0.833796 0.778906 0.821759 0.779427 0.816667 0.780469
0 0.790741 0.780208 0.788889 0.782552 0.788889 0.788542 0.789815 0.791927 0.792593 0.795573 0.800926 0.797917 0.809259 0.797135 0.813426 0.795052 0.814815 0.791667 0.811111 0.785937 0.803241 0.781250 0.795370 0.779427
0 0.767130 0.770052 0.759722 0.772656 0.754630 0.775260 0.753704 0.779427 0.760185 0.785417 0.766667 0.786719 0.775000 0.786979 0.781481 0.785417 0.786574 0.781771 0.787963 0.779687 0.787037 0.775260 0.777778 0.770573 0.775000 0.770052
0 0.732870 0.748958 0.726389 0.751823 0.724537 0.754687 0.724537 0.756250 0.728704 0.760938 0.742593 0.766927 0.744907 0.767448 0.750926 0.766927 0.754167 0.765104 0.755556 0.760938 0.755093 0.756510 0.751852 0.752083 0.744444 0.748437 0.738889 0.747917
0 0.718056 0.736198 0.713889 0.738021 0.711111 0.741667 0.710185 0.744010 0.711111 0.748177 0.718056 0.751042 0.725926 0.751302 0.736574 0.747917 0.738426 0.744010 0.735185 0.741406 0.725926 0.737240
0 0.753241 0.739062 0.750926 0.739844 0.746296 0.740104 0.741204 0.741667 0.738426 0.743229 0.737963 0.745052 0.740741 0.747396 0.745370 0.748698 0.752778 0.752083 0.753704 0.754167 0.753704 0.752604 0.756481 0.748958 0.755093 0.741667
0 0.699074 0.734896 0.689352 0.734896 0.683796 0.736458 0.681019 0.738281 0.679630 0.740365 0.679167 0.744792 0.682870 0.750260 0.690741 0.754427 0.702778 0.750781 0.707870 0.747917 0.710185 0.744531 0.710648 0.739844 0.709259 0.738021 0.707407 0.736979
0 0.662963 0.733073 0.660185 0.733854 0.657407 0.735938 0.656019 0.739844 0.657407 0.744792 0.658796 0.746875 0.661574 0.748437 0.670370 0.748958 0.677778 0.744792 0.678241 0.739583 0.670370 0.734375
0 0.635185 0.748958 0.630093 0.750260 0.624074 0.753385 0.622685 0.755208 0.622685 0.758594 0.624074 0.761979 0.626852 0.764844 0.632407 0.765885 0.638426 0.765885 0.643056 0.765365 0.648148 0.763802 0.650463 0.760938 0.650926 0.754687 0.649074 0.751823 0.642593 0.749479
0 0.630556 0.770312 0.625463 0.771875 0.621296 0.775260 0.621296 0.780208 0.622685 0.783333 0.632407 0.791927 0.639815 0.793490 0.644907 0.793490 0.647685 0.792708 0.655093 0.786719 0.656019 0.782552 0.654167 0.778906 0.650000 0.775521 0.642130 0.771094 0.636111 0.769792
0 0.676852 0.770052 0.673148 0.771094 0.671296 0.772396 0.668981 0.778906 0.668981 0.783333 0.676389 0.787500 0.684259 0.787240 0.690278 0.783333 0.690278 0.778906 0.685648 0.773177
0 0.697685 0.764323 0.693056 0.766927 0.687500 0.771354 0.687963 0.775521 0.692130 0.780469 0.695833 0.781250 0.700463 0.781250 0.705093 0.780469 0.708796 0.778385 0.711111 0.776042 0.711111 0.774479 0.708796 0.769271 0.705556 0.765885 0.702778 0.764844
0 0.662500 0.751042 0.652778 0.753906 0.650463 0.758333 0.650463 0.763802 0.656481 0.769271 0.662500 0.770312 0.670833 0.770573 0.677315 0.769010 0.684722 0.764844 0.689352 0.759896 0.687963 0.755990 0.681944 0.753125 0.668981 0.751302
0 0.704630 0.750260 0.696296 0.754167 0.693981 0.755990 0.696759 0.760156 0.700463 0.763542 0.705093 0.765365 0.712037 0.766146 0.719907 0.763802 0.722222 0.762240 0.723611 0.760156 0.723611 0.754687 0.721296 0.751823 0.712500 0.749479
0 0.732407 0.763021 0.723611 0.763021 0.716204 0.764844 0.709259 0.767448 0.709722 0.771875 0.711574 0.775521 0.718519 0.780990 0.725926 0.781771 0.732870 0.779427 0.739815 0.775000 0.741667 0.772135 0.741667 0.767708 0.737037 0.764323
0 0.735648 0.777083 0.733333 0.779167 0.734722 0.783073 0.734259 0.787240 0.737500 0.790625 0.739815 0.791927 0.743981 0.792708 0.753241 0.792448 0.756944 0.791146 0.758796 0.789323 0.759722 0.786458 0.758333 0.783333 0.755093 0.780208 0.752778 0.778906 0.740278 0.776042
0 0.599537 0.760938 0.596759 0.761719 0.585648 0.767969 0.583796 0.771094 0.584722 0.775521 0.587963 0.777344 0.594444 0.779167 0.599074 0.779687 0.609259 0.779167 0.614352 0.777604 0.617130 0.775521 0.618981 0.771615 0.617130 0.767188 0.612963 0.763021 0.608796 0.761198
0 0.600000 0.735677 0.593056 0.737760 0.591204 0.739062 0.588889 0.743229 0.589352 0.747917 0.594444 0.753646 0.599537 0.756771 0.606944 0.758073 0.615278 0.757031 0.618981 0.755990 0.624074 0.752083 0.624537 0.747135 0.623148 0.744010 0.618519 0.739583 0.607870 0.735417
0 0.585648 0.748958 0.580093 0.750260 0.572685 0.753125 0.568519 0.755729 0.569444 0.760156 0.572222 0.761979 0.579167 0.765104 0.587037 0.766667 0.593981 0.763281 0.598148 0.759896 0.597685 0.755729 0.592593 0.751042 0.588889 0.749219
0 0.581944 0.734375 0.575926 0.733333 0.571296 0.733333 0.567130 0.734375 0.561111 0.738281 0.555093 0.744531 0.554167 0.747135 0.554167 0.754167 0.555093 0.755729 0.557870 0.757292 0.559259 0.757552 0.566667 0.756510 0.578241 0.751302 0.586574 0.746615 0.589815 0.739583 0.587963 0.737240
0 0.574537 0.764323 0.566204 0.763281 0.557407 0.763802 0.553704 0.764583 0.543519 0.769010 0.541667 0.771094 0.542130 0.776042 0.547222 0.781771 0.558333 0.784635 0.566204 0.783854 0.576389 0.780729 0.581481 0.775521 0.581944 0.771094 0.578704 0.766667
0 0.550000 0.782813 0.547222 0.783333 0.544907 0.784896 0.543519 0.791146 0.547685 0.793229 0.552315 0.794531 0.556944 0.791406 0.560648 0.786719 0.559259 0.784896 0.555093 0.783073
0 0.542130 0.789323 0.537500 0.789323 0.532870 0.790885 0.520833 0.792708 0.518056 0.795052 0.517593 0.799479 0.522685 0.803646 0.532870 0.808333 0.538889 0.808594 0.541667 0.807292 0.549074 0.798958 0.550463 0.795312 0.550000 0.794010 0.545370 0.790104
0 0.523611 0.770312 0.520370 0.771354 0.517130 0.773698 0.516667 0.775781 0.512037 0.782292 0.512037 0.784375 0.513426 0.787760 0.517593 0.790885 0.521759 0.792188 0.526389 0.792188 0.532870 0.791146 0.539352 0.789062 0.542130 0.787240 0.543519 0.782813 0.542130 0.778906 0.538889 0.774479 0.532407 0.771354
0 0.495370 0.758594 0.492593 0.764323 0.497685 0.768750 0.510185 0.771615 0.520370 0.772135 0.525926 0.771094 0.526389 0.767448 0.523611 0.765104 0.518056 0.762240 0.513426 0.757031 0.510648 0.756250 0.502778 0.755990 0.497685 0.757292
0 0.518981 0.755208 0.516667 0.758854 0.517593 0.762240 0.519907 0.764062 0.527778 0.766927 0.537037 0.767969 0.545833 0.767448 0.555093 0.763802 0.555093 0.759115 0.552778 0.755729 0.549074 0.754167 0.531019 0.750521 0.524074 0.751823
0 0.510648 0.738802 0.503241 0.738021 0.492130 0.739062 0.486111 0.740885 0.481481 0.743229 0.479630 0.748177 0.482407 0.751302 0.486574 0.754167 0.495370 0.755469 0.510648 0.755208 0.512037 0.754427 0.514815 0.749479 0.514815 0.744010
0 0.443056 0.737760 0.442130 0.739583 0.443056 0.744271 0.454167 0.747656 0.469907 0.747917 0.478241 0.745833 0.480093 0.744531 0.479630 0.739844 0.478704 0.738802 0.468519 0.733854 0.462037 0.732031 0.452778 0.732812 0.444907 0.736198
0 0.458796 0.748437 0.455556 0.749740 0.454630 0.751042 0.453704 0.760156 0.459259 0.765625 0.462500 0.766406 0.468981 0.766667 0.477315 0.763281 0.479630 0.761719 0.482870 0.755990 0.482407 0.754687 0.479167 0.751823 0.469907 0.748437
0 0.440278 0.744792 0.431944 0.746875 0.429167 0.751302 0.429167 0.753646 0.430556 0.758073 0.433333 0.762500 0.437037 0.764844 0.442130 0.765625 0.444907 0.764844 0.451852 0.760417 0.453704 0.757292 0.454630 0.751563 0.453704 0.748437 0.452315 0.747396 0.447222 0.745313
0 0.419907 0.750781 0.412963 0.752083 0.404630 0.758333 0.403704 0.760677 0.410185 0.766406 0.415278 0.767708 0.423611 0.771615 0.427315 0.772396 0.431019 0.769271 0.432870 0.764062 0.430556 0.755208 0.429167 0.753125 0.427315 0.752083
0 0.406019 0.730208 0.403704 0.732292 0.401852 0.735938 0.404630 0.745313 0.412963 0.749479 0.420370 0.749219 0.427778 0.746094 0.431019 0.744010 0.433796 0.740365 0.432870 0.736198 0.426852 0.733333 0.414352 0.729688
0 0.397685 0.726042 0.393519 0.725000 0.382870 0.724740 0.378241 0.725260 0.375463 0.726302 0.374074 0.729167 0.374074 0.735938 0.375926 0.740885 0.378241 0.742448 0.382407 0.741406 0.386111 0.739323 0.392593 0.738021 0.399074 0.735677 0.402315 0.732552 0.401852 0.728385
0 0.367130 0.708073 0.364815 0.709375 0.362500 0.713021 0.366667 0.719010 0.369907 0.721875 0.377778 0.724740 0.385648 0.724479 0.388889 0.723437 0.393981 0.719271 0.395833 0.716667 0.397222 0.712760 0.394444 0.709375 0.392593 0.708333 0.376389 0.708073 0.372685 0.707552
0 0.385185 0.744271 0.378704 0.747917 0.375926 0.752083 0.382407 0.758333 0.385185 0.759115 0.393056 0.758854 0.398148 0.756771 0.401852 0.752344 0.401389 0.747917 0.393981 0.744792
0 0.403704 0.762760 0.399074 0.761719 0.391204 0.763281 0.384722 0.765625 0.380556 0.769271 0.377315 0.770833 0.376852 0.772135 0.378241 0.776302 0.381019 0.779427 0.384722 0.781771 0.393981 0.782031 0.398611 0.780990 0.405556 0.775521 0.407870 0.772135 0.408333 0.767188 0.406481 0.764323
0 0.377778 0.752604 0.372685 0.750521 0.365741 0.750781 0.356944 0.752604 0.348611 0.755208 0.343981 0.757812 0.342593 0.759896 0.341667 0.763802 0.343056 0.765625 0.348611 0.767448 0.365278 0.768490 0.374537 0.766146 0.377778 0.764323 0.381481 0.760156 0.380556 0.755729
0 0.369444 0.735677 0.365278 0.734635 0.357407 0.734375 0.347222 0.737760 0.342593 0.740365 0.332870 0.744010 0.332407 0.748698 0.343519 0.754948 0.350926 0.753906 0.367130 0.749219 0.372685 0.746615 0.374537 0.744792 0.375000 0.740104
0 0.361111 0.713802 0.356019 0.713021 0.341667 0.715885 0.335185 0.719271 0.328704 0.724479 0.328241 0.729427 0.329167 0.731510 0.331481 0.733854 0.336574 0.736198 0.343056 0.736979 0.351389 0.736198 0.355556 0.734375 0.360185 0.730729 0.365741 0.724479 0.367130 0.720833 0.364815 0.716667
0 0.348611 0.693490 0.342130 0.693490 0.335185 0.694792 0.331019 0.697396 0.328704 0.701042 0.331481 0.709115 0.336574 0.713281 0.342130 0.715104 0.344907 0.715104 0.354630 0.713021 0.358333 0.710938 0.362963 0.705990 0.360648 0.697656 0.355093 0.694792
0 0.378241 0.689063 0.370833 0.690885 0.367593 0.692708 0.362500 0.697396 0.362037 0.701562 0.364352 0.705469 0.368056 0.706771 0.376389 0.708073 0.386111 0.707812 0.388889 0.706771 0.391204 0.703385 0.391667 0.696615 0.385648 0.689583
0 0.308796 0.704948 0.302315 0.707292 0.298611 0.709375 0.295833 0.712500 0.297222 0.716927 0.311111 0.723177 0.315741 0.724219 0.322685 0.723437 0.325463 0.722656 0.333796 0.718229 0.335185 0.716927 0.335648 0.712500 0.329630 0.707031 0.316204 0.705208
0 0.310648 0.726302 0.305093 0.728906 0.303241 0.730990 0.302315 0.733594 0.302778 0.737500 0.305556 0.739323 0.308796 0.740104 0.315741 0.743229 0.321296 0.743750 0.330093 0.743490 0.333333 0.740625 0.334259 0.735938 0.331019 0.733333 0.326852 0.726302 0.324074 0.725260 0.315741 0.725000
0 0.295833 0.722396 0.287500 0.721615 0.276389 0.724479 0.268981 0.727604 0.265278 0.731771 0.265278 0.736198 0.266667 0.738281 0.270370 0.740365 0.281019 0.741927 0.288426 0.741667 0.296759 0.739323 0.299074 0.738021 0.302315 0.733073 0.302315 0.728385 0.298148 0.723698
0 0.308333 0.740104 0.302315 0.738281 0.295370 0.739844 0.286574 0.742708 0.277778 0.747917 0.275926 0.752604 0.275926 0.756250 0.278241 0.758333 0.280556 0.759115 0.298611 0.758594 0.305556 0.756510 0.312037 0.753385 0.314815 0.749479 0.314815 0.745573 0.313426 0.743229
0 0.307870 0.761719 0.303241 0.760417 0.296759 0.760938 0.293981 0.761719 0.286111 0.766146 0.279630 0.772396 0.277778 0.775260 0.280093 0.779948 0.287963 0.782031 0.295370 0.781510 0.306019 0.778646 0.314352 0.774740 0.317593 0.771875 0.317130 0.767969 0.312500 0.764062
0 0.321296 0.773177 0.317593 0.774479 0.312500 0.777604 0.308333 0.782813 0.308796 0.787240 0.315741 0.791146 0.315741 0.791927 0.321759 0.791406 0.329630 0.791667 0.337037 0.793750 0.338889 0.791667 0.337500 0.787760 0.337500 0.778646 0.331481 0.774219 0.323611 0.772917
0 0.344444 0.771875 0.340278 0.774219 0.338889 0.776302 0.338889 0.779427 0.342593 0.783073 0.347222 0.785677 0.356944 0.788802 0.365741 0.789323 0.368981 0.788542 0.374074 0.785417 0.378241 0.779948 0.376852 0.775000 0.374074 0.771875 0.372222 0.770833 0.365741 0.769531 0.351852 0.769792
0 0.329167 0.749740 0.321296 0.751823 0.318056 0.753385 0.312500 0.759896 0.313426 0.763802 0.318519 0.768490 0.327778 0.772656 0.331481 0.773177 0.336111 0.772135 0.339815 0.768490 0.342130 0.760938 0.342130 0.757031 0.341204 0.754687 0.338426 0.752083 0.331944 0.750000
0 0.306019 0.785677 0.302778 0.785156 0.293519 0.785677 0.288426 0.787500 0.284722 0.790104 0.281944 0.794531 0.280556 0.802865 0.281944 0.807031 0.286574 0.809115 0.293981 0.808854 0.297685 0.807813 0.305093 0.803906 0.313426 0.798698 0.315741 0.795312 0.314815 0.790885
0 0.274074 0.809115 0.267130 0.811198 0.264352 0.812760 0.263426 0.815365 0.267593 0.820312 0.268519 0.822656 0.274074 0.825521 0.281944 0.826562 0.288889 0.825260 0.292130 0.823958 0.295833 0.819010 0.295833 0.815365 0.294907 0.813021 0.292130 0.810677 0.284722 0.809635 0.281481 0.808073
0 0.309722 0.809896 0.304167 0.809896 0.300000 0.810937 0.297222 0.813802 0.293981 0.821615 0.293519 0.826302 0.294907 0.828906 0.301852 0.833073 0.322222 0.826302 0.325000 0.822656 0.324074 0.814323 0.320833 0.812760
0 0.322685 0.796094 0.317130 0.797135 0.309259 0.800781 0.305093 0.804427 0.304167 0.807552 0.305556 0.809635 0.323148 0.813281 0.328704 0.810937 0.332407 0.806510 0.333796 0.802604 0.331481 0.798177 0.327315 0.796615
0 0.370370 0.792188 0.365741 0.790365 0.356944 0.790365 0.352315 0.792448 0.340278 0.795573 0.335648 0.798177 0.334722 0.799479 0.334259 0.803125 0.335648 0.804688 0.341667 0.807292 0.357407 0.809115 0.365741 0.807292 0.370833 0.804688 0.375463 0.798958 0.373148 0.794792
0 0.400000 0.781510 0.386574 0.782552 0.377778 0.787240 0.374074 0.790625 0.375463 0.795573 0.378704 0.798438 0.382407 0.799219 0.400000 0.800260 0.403241 0.798438 0.407407 0.795052 0.408333 0.789323 0.407870 0.787240 0.405556 0.784635
0 0.427778 0.770052 0.419444 0.769531 0.411111 0.772135 0.407407 0.773958 0.401389 0.779167 0.403704 0.783073 0.407407 0.785677 0.412500 0.786979 0.419907 0.786719 0.427778 0.784896 0.432407 0.782813 0.434259 0.780208 0.434259 0.778646 0.431944 0.772917
0 0.440741 0.766146 0.434722 0.768490 0.431944 0.771354 0.433796 0.778385 0.435185 0.780729 0.439352 0.782552 0.448148 0.782292 0.454630 0.780469 0.461111 0.777344 0.462963 0.775521 0.462037 0.771875 0.458333 0.769271 0.455093 0.768229
0 0.481019 0.763802 0.475926 0.764323 0.468981 0.767708 0.464352 0.771354 0.464352 0.775521 0.467130 0.779167 0.475463 0.782552 0.480556 0.783073 0.482870 0.784115 0.485185 0.783073 0.491204 0.782031 0.496759 0.779427 0.498611 0.779427 0.498611 0.770573 0.494907 0.766667 0.488889 0.764323
0 0.501389 0.778646 0.496296 0.779427 0.488426 0.782292 0.484259 0.783073 0.481944 0.787240 0.486574 0.792708 0.491204 0.796615 0.493981 0.798177 0.500000 0.799740 0.503704 0.801562 0.510648 0.800781 0.514815 0.794531 0.514352 0.790365 0.510648 0.783333 0.504167 0.778646
0 0.488426 0.799219 0.484259 0.800521 0.480093 0.803385 0.475463 0.809375 0.473148 0.814844 0.476389 0.817187 0.484259 0.820052 0.496296 0.820573 0.501852 0.818229 0.504630 0.814583 0.506019 0.805729 0.504167 0.802865 0.498611 0.799479 0.496759 0.798958
0 0.510648 0.814323 0.507870 0.817448 0.507407 0.819531 0.508333 0.824219 0.511111 0.826302 0.524537 0.830469 0.528704 0.830729 0.537037 0.830208 0.542593 0.829167 0.547685 0.826823 0.549537 0.821615 0.543981 0.816667 0.541204 0.815365 0.531944 0.812500 0.524537 0.811458 0.515741 0.811719
0 0.524074 0.832292 0.521759 0.836979 0.522685 0.840365 0.534259 0.846615 0.537500 0.847656 0.545370 0.847656 0.556481 0.845573 0.558333 0.843229 0.557407 0.839063 0.551852 0.833073 0.548611 0.830990 0.545833 0.830208 0.534259 0.830208 0.526852 0.830990
0 0.496759 0.826302 0.490741 0.829948 0.487963 0.833854 0.487500 0.838021 0.491204 0.841927 0.496296 0.844010 0.503704 0.845052 0.509259 0.843750 0.515741 0.839844 0.518056 0.835677 0.519444 0.829948 0.516667 0.828125 0.511574 0.826562
0 0.524074 0.840885 0.516204 0.840885 0.505556 0.846354 0.502315 0.849479 0.500463 0.853125 0.501389 0.854948 0.503704 0.856250 0.511111 0.858073 0.520370 0.858073 0.529167 0.855990 0.532870 0.854167 0.534722 0.850521 0.533796 0.846354
0 0.482407 0.839844 0.477778 0.841667 0.476389 0.845833 0.479167 0.850260 0.482407 0.853385 0.489815 0.853646 0.494907 0.851302 0.499537 0.845573 0.490741 0.841146
0 0.468056 0.820312 0.462037 0.822135 0.459722 0.825521 0.458796 0.830208 0.460648 0.837500 0.462963 0.839323 0.467130 0.840625 0.476389 0.840885 0.481481 0.838542 0.485185 0.835677 0.488889 0.829948 0.484722 0.823958 0.481019 0.821615 0.476389 0.820312
0 0.445833 0.801562 0.444444 0.802344 0.443981 0.810677 0.444907 0.812760 0.447222 0.814583 0.460185 0.816927 0.468981 0.816146 0.472222 0.814583 0.474537 0.808333 0.474537 0.805990 0.472222 0.802865 0.457407 0.800260 0.453241 0.800260
0 0.456019 0.781250 0.447685 0.786979 0.447685 0.791667 0.452315 0.797396 0.457870 0.800260 0.468519 0.802083 0.476389 0.802344 0.482870 0.801042 0.486111 0.798958 0.487037 0.794271 0.479630 0.784375 0.468981 0.780208 0.460185 0.780208
0 0.445370 0.785937 0.441204 0.783333 0.433796 0.782552 0.415278 0.787760 0.410648 0.790885 0.412037 0.794010 0.413889 0.795312 0.420370 0.797135 0.426389 0.797396 0.432870 0.798698 0.441204 0.798698 0.446296 0.795573 0.447222 0.794010 0.447222 0.789583
0 0.419907 0.797396 0.409722 0.802604 0.409722 0.806771 0.413889 0.811979 0.417593 0.814063 0.426852 0.817187 0.434259 0.816406 0.437963 0.814323 0.443519 0.808073 0.443519 0.802604 0.441204 0.800521 0.436574 0.798958 0.428241 0.797396
0 0.378704 0.800000 0.373611 0.802604 0.370370 0.806510 0.370833 0.810937 0.373148 0.813542 0.378241 0.815625 0.385185 0.816927 0.396759 0.817969 0.400926 0.817448 0.407407 0.814063 0.409259 0.811198 0.406944 0.805729 0.404630 0.803646 0.400000 0.801302 0.393981 0.800000 0.385648 0.799219
0 0.331019 0.810156 0.328704 0.813802 0.327778 0.818750 0.329167 0.821094 0.331481 0.822656 0.344907 0.824479 0.360185 0.821875 0.363426 0.820573 0.364815 0.818750 0.363889 0.813802 0.358796 0.809375 0.350463 0.808073 0.336111 0.807813
0 0.364352 0.820312 0.345833 0.824219 0.342130 0.825781 0.339815 0.830469 0.345370 0.836458 0.348611 0.837240 0.352315 0.837240 0.356481 0.835938 0.364815 0.830990 0.368056 0.825781 0.368519 0.822135
0 0.392130 0.817969 0.385185 0.817187 0.381019 0.819271 0.371759 0.822135 0.367593 0.825521 0.365741 0.829167 0.367130 0.833594 0.371296 0.836198 0.378241 0.838542 0.385648 0.838021 0.390278 0.836458 0.392593 0.834896 0.396296 0.830208 0.397222 0.827083 0.396759 0.822135
0 0.399074 0.827865 0.393981 0.833594 0.393519 0.838542 0.395370 0.842448 0.398611 0.844271 0.405556 0.845573 0.414352 0.844792 0.418981 0.843750 0.421759 0.842187 0.424074 0.838281 0.424537 0.833594 0.422222 0.830990 0.420370 0.829948 0.414352 0.830729 0.410185 0.830469
0 0.454167 0.817187 0.447222 0.815625 0.439815 0.815365 0.434259 0.816927 0.430093 0.819271 0.424537 0.825781 0.424074 0.830729 0.426852 0.835156 0.436574 0.835417 0.441204 0.834896 0.456944 0.828125 0.458796 0.826302 0.459259 0.822135 0.456944 0.819010
0 0.412037 0.813542 0.404167 0.815885 0.401852 0.818229 0.401389 0.822396 0.402315 0.825781 0.404167 0.827865 0.410648 0.830208 0.414815 0.830469 0.422222 0.828646 0.424074 0.827344 0.427315 0.822656 0.427778 0.818229 0.420370 0.814583
0 0.454630 0.842187 0.449537 0.844010 0.444444 0.848958 0.445370 0.854167 0.447222 0.856250 0.451852 0.859115 0.461574 0.861458 0.468981 0.861979 0.478704 0.857552 0.480093 0.856250 0.481481 0.853385 0.479630 0.849479 0.475463 0.844792 0.472685 0.842969 0.462963 0.841406
0 0.380093 0.842187 0.371296 0.840104 0.359722 0.841406 0.355556 0.843229 0.352778 0.845573 0.350463 0.849740 0.351852 0.853646 0.357407 0.858333 0.371759 0.859115 0.376389 0.858073 0.381481 0.855208 0.383796 0.853125 0.384722 0.848958 0.383796 0.845052
0 0.319907 0.826823 0.304167 0.832552 0.302778 0.833854 0.302315 0.838021 0.303241 0.839844 0.306944 0.842969 0.314815 0.845573 0.323148 0.846094 0.332870 0.845052 0.337500 0.843490 0.338889 0.841927 0.339815 0.838281 0.339352 0.833073 0.336574 0.829688 0.332870 0.827604 0.326389 0.826562
0 0.287500 0.829948 0.277778 0.830990 0.270370 0.833854 0.268056 0.837760 0.267593 0.842187 0.270833 0.845833 0.276389 0.849219 0.279630 0.850260 0.288426 0.851562 0.294907 0.850260 0.298148 0.848958 0.305093 0.841667 0.300463 0.834115 0.294444 0.830990
0 0.559259 0.846354 0.550926 0.846354 0.545370 0.847396 0.537500 0.847396 0.535648 0.848698 0.533796 0.853385 0.535185 0.858854 0.544907 0.862500 0.552315 0.860156 0.560185 0.853906
0 0.549074 0.864844 0.543519 0.861458 0.538889 0.859896 0.531019 0.859635 0.526389 0.860677 0.521296 0.862500 0.511574 0.868490 0.508796 0.872656 0.510648 0.877083 0.517130 0.878646 0.531944 0.879167 0.538889 0.878385 0.544907 0.876823 0.548148 0.875000 0.549074 0.873177
0 0.548611 0.878906 0.544907 0.878646 0.536111 0.880469 0.529167 0.883854 0.525463 0.887760 0.525463 0.889844 0.528704 0.895052 0.537500 0.899219 0.546296 0.899479 0.548611 0.898958 0.556481 0.894531 0.559259 0.891146 0.560648 0.884635 0.551852 0.879687
0 0.503241 0.883333 0.500000 0.886458 0.497685 0.891406 0.498611 0.900781 0.503704 0.904948 0.508796 0.905729 0.513889 0.905469 0.520370 0.903906 0.524074 0.900781 0.523148 0.892448 0.520370 0.888281 0.514815 0.884375 0.510648 0.883073
0 0.475926 0.880729 0.469907 0.882031 0.464352 0.884635 0.461574 0.888542 0.462500 0.891667 0.464815 0.895573 0.468519 0.898698 0.477778 0.902604 0.483796 0.903646 0.488426 0.902344 0.492593 0.898177 0.493981 0.894271 0.493981 0.888021 0.490278 0.883073 0.487963 0.881771 0.483333 0.880469
0 0.497222 0.855729 0.488889 0.855729 0.485185 0.856510 0.479167 0.859115 0.476389 0.863281 0.476389 0.869271 0.479630 0.874740 0.483333 0.878385 0.487963 0.879948 0.491204 0.879687 0.500000 0.876302 0.503704 0.872917 0.506481 0.866146 0.505556 0.860156 0.501389 0.857292
0 0.447685 0.859635 0.442130 0.861979 0.437963 0.864844 0.437500 0.869271 0.443519 0.874479 0.454630 0.877865 0.462037 0.877344 0.465278 0.876563 0.469907 0.873958 0.472685 0.869271 0.471759 0.865104 0.470370 0.863542 0.466667 0.861979 0.455093 0.859635
0 0.426852 0.846094 0.418519 0.848698 0.409722 0.853385 0.410185 0.857812 0.413426 0.861458 0.417593 0.863542 0.426852 0.864844 0.434259 0.865104 0.442130 0.861198 0.444444 0.860677 0.448148 0.857292 0.442593 0.849479 0.438426 0.847135 0.435185 0.846094
0 0.414352 0.864844 0.409259 0.866146 0.406019 0.868229 0.402315 0.872917 0.402778 0.877344 0.406944 0.880208 0.416667 0.884896 0.419444 0.885677 0.427315 0.885156 0.435648 0.880469 0.438426 0.872656 0.434722 0.868229 0.431481 0.866406 0.421759 0.864583
0 0.412963 0.885417 0.405556 0.888281 0.405093 0.898177 0.406019 0.901042 0.411574 0.902604 0.419444 0.903125 0.427315 0.902865 0.433333 0.897135 0.432407 0.893750 0.429167 0.890625 0.422685 0.886719
0 0.438426 0.881250 0.435648 0.882292 0.432407 0.887240 0.432870 0.892708 0.435648 0.896094 0.439815 0.898698 0.445833 0.899479 0.450926 0.898958 0.457870 0.896094 0.461111 0.892708 0.460648 0.887760 0.459259 0.886198 0.451852 0.882812 0.444444 0.881250
0 0.407407 0.903385 0.406019 0.903906 0.403241 0.908073 0.404167 0.912500 0.406944 0.916146 0.412963 0.920052 0.420370 0.921354 0.426389 0.920052 0.431944 0.916927 0.435648 0.913021 0.435648 0.909115 0.434259 0.906771 0.425926 0.903385 0.414352 0.902604
0 0.371759 0.889583 0.357407 0.890104 0.351852 0.893229 0.349074 0.895833 0.348611 0.901563 0.353704 0.908073 0.357407 0.909896 0.362963 0.910677 0.368981 0.910156 0.371759 0.908854 0.376852 0.904427 0.379167 0.900000 0.379630 0.895312 0.377778 0.892448
0 0.393519 0.877083 0.387037 0.877344 0.383333 0.878125 0.376852 0.880469 0.371759 0.884375 0.370370 0.888021 0.370833 0.889323 0.380556 0.893750 0.393056 0.894531 0.400463 0.892969 0.402778 0.890885 0.404167 0.886198 0.403241 0.882812 0.401389 0.880469
0 0.406019 0.853385 0.400463 0.852083 0.391667 0.852344 0.387500 0.853385 0.381481 0.857031 0.380556 0.869531 0.382407 0.872135 0.385185 0.873958 0.393056 0.874219 0.400463 0.872396 0.403704 0.870833 0.410185 0.865365 0.412037 0.860938 0.409259 0.855990
0 0.356944 0.858073 0.354630 0.859375 0.349074 0.864844 0.350463 0.868750 0.359722 0.874219 0.362963 0.875000 0.372222 0.875000 0.375000 0.873437 0.378241 0.868750 0.378704 0.865104 0.375926 0.859896 0.372222 0.858333
0 0.346296 0.846094 0.337037 0.843229 0.327778 0.845313 0.315741 0.845573 0.313426 0.847917 0.312037 0.854167 0.316667 0.860417 0.319907 0.861719 0.324537 0.861979 0.330556 0.861198 0.343519 0.857552 0.347222 0.854948 0.349074 0.850521 0.348611 0.848177
0 0.302315 0.850521 0.294907 0.851042 0.287963 0.853906 0.283796 0.858073 0.282407 0.860677 0.282407 0.865885 0.285648 0.869271 0.291204 0.872396 0.294907 0.873437 0.300926 0.873958 0.305093 0.873177 0.313426 0.869271 0.315278 0.865885 0.314815 0.861458 0.312500 0.857031 0.308333 0.853646
0 0.267593 0.843750 0.259259 0.843229 0.253704 0.844010 0.249074 0.846094 0.244907 0.850000 0.243519 0.853646 0.245833 0.860156 0.248148 0.862760 0.251389 0.864062 0.254630 0.864323 0.265278 0.862500 0.276389 0.855990 0.277315 0.854167 0.277315 0.849479
0 0.268056 0.823177 0.258796 0.822917 0.250926 0.824219 0.239352 0.828125 0.236574 0.829948 0.236574 0.834635 0.239352 0.839323 0.246296 0.842708 0.254630 0.843750 0.260648 0.842187 0.262500 0.840885 0.271759 0.830729 0.272685 0.826042
0 0.220370 0.810417 0.221296 0.814844 0.224537 0.818490 0.235648 0.821615 0.243056 0.821875 0.247685 0.821354 0.253704 0.819271 0.258333 0.818490 0.261111 0.815885 0.261111 0.812760 0.258333 0.809115 0.247685 0.804167 0.241204 0.802865 0.232407 0.803125 0.225926 0.805469
0 0.274537 0.782552 0.264815 0.782292 0.262037 0.782813 0.255556 0.785937 0.251852 0.790625 0.249074 0.797396 0.249537 0.803385 0.253704 0.807031 0.259722 0.808594 0.268056 0.808594 0.276389 0.805990 0.279167 0.803906 0.281019 0.799479 0.282407 0.790625 0.280093 0.786458
0 0.230556 0.778646 0.226389 0.779687 0.222685 0.782813 0.222222 0.788802 0.223148 0.795573 0.225926 0.797656 0.231481 0.799479 0.239815 0.800260 0.247685 0.796875 0.251389 0.791406 0.253241 0.785417 0.255556 0.783073 0.250463 0.780208 0.241204 0.778646
0 0.219444 0.797396 0.210185 0.794792 0.197685 0.794792 0.187037 0.799740 0.185185 0.802083 0.186111 0.805469 0.191204 0.808854 0.197222 0.811458 0.206944 0.810937 0.214352 0.807813 0.219907 0.803125 0.221759 0.798698
0 0.150926 0.786719 0.148611 0.791667 0.151389 0.796094 0.154630 0.798958 0.162963 0.801823 0.168519 0.802865 0.178241 0.802344 0.181481 0.800781 0.183796 0.796094 0.183333 0.791146 0.178704 0.786198 0.176389 0.784896 0.170370 0.783073 0.162963 0.783073 0.155556 0.784635
0 0.145833 0.787760 0.143519 0.787240 0.134722 0.787760 0.129630 0.790104 0.124537 0.794792 0.125463 0.798438 0.127778 0.800260 0.134259 0.801302 0.144907 0.801302 0.149537 0.800781 0.153704 0.798958 0.149537 0.790625
0 0.128704 0.803385 0.118519 0.803385 0.110648 0.804167 0.106944 0.805729 0.100463 0.814323 0.100463 0.818490 0.107407 0.824479 0.111574 0.826302 0.121759 0.827604 0.125463 0.826562 0.130093 0.823958 0.132407 0.821615 0.135185 0.815365 0.135185 0.806510 0.132407 0.804167
0 0.138426 0.820312 0.137037 0.821875 0.137037 0.826302 0.141204 0.829167 0.148611 0.830990 0.163889 0.830990 0.168519 0.829688 0.169907 0.826302 0.168519 0.821875 0.164352 0.819010 0.156019 0.815625 0.148611 0.815104 0.145370 0.816146
0 0.176389 0.807292 0.170370 0.810417 0.167593 0.818490 0.170370 0.823177 0.174537 0.825781 0.176852 0.826562 0.184259 0.827344 0.189815 0.825521 0.193519 0.822656 0.196296 0.817448 0.196759 0.812760 0.195370 0.810417 0.187500 0.807292
0 0.218981 0.810937 0.210185 0.811198 0.202315 0.812760 0.197685 0.815885 0.195833 0.818750 0.194907 0.822656 0.196296 0.824740 0.200463 0.827083 0.211111 0.829688 0.214352 0.829427 0.218519 0.827604 0.223148 0.822396 0.224074 0.817969
0 0.234259 0.830208 0.230093 0.829688 0.222222 0.830208 0.212963 0.832552 0.207870 0.835677 0.206019 0.837500 0.206019 0.842187 0.211574 0.846615 0.226389 0.847917 0.232870 0.846615 0.236111 0.844792 0.238426 0.842448 0.238426 0.837240 0.236111 0.831771
0 0.193056 0.827344 0.188889 0.827083 0.183333 0.827865 0.177778 0.832552 0.175926 0.838021 0.177778 0.839844 0.181944 0.841406 0.193056 0.841406 0.200463 0.839844 0.202778 0.838281 0.201852 0.832812 0.196296 0.828646
0 0.205093 0.840625 0.197685 0.839844 0.177315 0.844010 0.173611 0.848958 0.174074 0.853646 0.176389 0.854948 0.183796 0.856771 0.190278 0.859375 0.198148 0.859635 0.203704 0.857552 0.207407 0.854167 0.209722 0.849740 0.209722 0.845573 0.206019 0.842448
0 0.166667 0.835417 0.163426 0.834375 0.156019 0.833333 0.147685 0.834375 0.143519 0.835938 0.139352 0.841146 0.142130 0.854167 0.156944 0.854688 0.163426 0.853385 0.168056 0.851042 0.173148 0.845573 0.173148 0.841667 0.171759 0.839323
0 0.136111 0.827865 0.128241 0.827865 0.126389 0.828385 0.118056 0.833333 0.117593 0.837500 0.121296 0.842187 0.126852 0.843229 0.133333 0.842708 0.138426 0.840885 0.142130 0.838021 0.145370 0.834375 0.144907 0.832292 0.142130 0.829948
0 0.139815 0.851302 0.134722 0.850781 0.127315 0.852604 0.114815 0.857031 0.109722 0.860156 0.108796 0.862240 0.110185 0.865365 0.120370 0.870833 0.122685 0.871094 0.129167 0.869792 0.137037 0.865365 0.138426 0.860938 0.141667 0.856771 0.141667 0.853125
0 0.150463 0.864583 0.140278 0.864323 0.136574 0.864844 0.128241 0.869531 0.123611 0.871354 0.119444 0.876823 0.119907 0.881250 0.121296 0.883073 0.127315 0.886458 0.132870 0.887240 0.141204 0.886979 0.144444 0.885938 0.146759 0.884115 0.151389 0.878646 0.154167 0.873437 0.153704 0.867969 0.151852 0.865104
0 0.162037 0.855208 0.156019 0.856771 0.151852 0.865365 0.154167 0.869792 0.156019 0.871875 0.158796 0.873177 0.161574 0.873698 0.170833 0.873437 0.174537 0.872135 0.181944 0.867448 0.183796 0.865365 0.184722 0.861198 0.181481 0.858333 0.175000 0.856250 0.170833 0.855469
0 0.232870 0.848958 0.225463 0.850000 0.218519 0.853125 0.216204 0.853385 0.213426 0.855729 0.213426 0.863021 0.218519 0.866927 0.224074 0.868490 0.226389 0.868490 0.242130 0.865104 0.243981 0.862760 0.244444 0.857031 0.242593 0.853385 0.237500 0.850260
0 0.280093 0.865365 0.273611 0.864844 0.268056 0.865885 0.257870 0.869010 0.256481 0.870052 0.255556 0.872135 0.256019 0.881250 0.258333 0.884375 0.262963 0.886458 0.265741 0.886979 0.275000 0.886719 0.288426 0.878125 0.290741 0.872656 0.284722 0.867708
0 0.315278 0.879948 0.309259 0.878906 0.301389 0.878906 0.297685 0.880469 0.293981 0.884896 0.285185 0.892188 0.285648 0.896615 0.289352 0.900521 0.293981 0.902604 0.303241 0.902604 0.308796 0.901042 0.313426 0.898698 0.317130 0.892708 0.318519 0.885677 0.317130 0.881510
0 0.342130 0.892969 0.337037 0.890104 0.328704 0.891146 0.318056 0.896094 0.312963 0.900260 0.313889 0.904427 0.322685 0.906771 0.328704 0.907552 0.337963 0.906771 0.342593 0.904427 0.345370 0.900781 0.344907 0.895833
0 0.357407 0.874740 0.350000 0.874479 0.342593 0.877083 0.335648 0.884375 0.335648 0.888802 0.338426 0.890625 0.343056 0.891667 0.351389 0.891927 0.355556 0.890625 0.359259 0.888542 0.361111 0.884896 0.361574 0.879948 0.360185 0.876823
0 0.275000 0.890885 0.269907 0.892188 0.266204 0.894531 0.263889 0.898958 0.263889 0.908333 0.267593 0.911979 0.271759 0.912500 0.276389 0.912240 0.288426 0.907292 0.291667 0.904427 0.290278 0.900521 0.283796 0.894010 0.280093 0.892188
0 0.237500 0.888542 0.232407 0.890365 0.230093 0.892188 0.230093 0.898698 0.238426 0.904687 0.246759 0.904948 0.250000 0.904427 0.253704 0.903125 0.261111 0.897396 0.262963 0.892188 0.260185 0.890365 0.247222 0.888281
0 0.245833 0.865365 0.238426 0.865365 0.227778 0.867969 0.223611 0.870052 0.222222 0.872135 0.223148 0.877604 0.228241 0.883333 0.232870 0.885938 0.237963 0.886979 0.242593 0.886719 0.246759 0.885677 0.251852 0.882812 0.255093 0.878125 0.255093 0.871094 0.254167 0.869271 0.249537 0.866146
0 0.211111 0.864583 0.203241 0.864323 0.200463 0.864844 0.194444 0.867448 0.189815 0.871615 0.187500 0.876563 0.188426 0.884115 0.190278 0.886719 0.197685 0.889844 0.206481 0.888542 0.210648 0.886458 0.211574 0.884896 0.215741 0.882292 0.220370 0.876563 0.220833 0.871615 0.217130 0.867188
0 0.225000 0.887500 0.220833 0.886458 0.216667 0.886458 0.198148 0.890885 0.193981 0.895833 0.194444 0.900260 0.201852 0.904167 0.204630 0.904687 0.218519 0.904427 0.225926 0.903125 0.229167 0.900521 0.229167 0.893229 0.226852 0.888802
0 0.156481 0.886198 0.154630 0.888542 0.155556 0.893229 0.159259 0.898177 0.162963 0.901302 0.169907 0.904687 0.178241 0.904687 0.180093 0.904167 0.186574 0.900000 0.189352 0.896615 0.187500 0.890885 0.184722 0.887240 0.179167 0.885417 0.160185 0.885677
0 0.226852 0.771875 0.218056 0.771615 0.206944 0.773177 0.204167 0.774740 0.204167 0.779167 0.208796 0.783333 0.211574 0.784375 0.218981 0.784896 0.222685 0.783333 0.228704 0.776823 0.228704 0.773438
0 0.121759 0.769792 0.114352 0.769792 0.111111 0.771354 0.109259 0.774219 0.109259 0.781510 0.110648 0.786458 0.114352 0.789844 0.121759 0.789323 0.125000 0.788281 0.132870 0.784375 0.136574 0.779687 0.135185 0.775260 0.128704 0.772135
0 0.109259 0.759635 0.109722 0.763802 0.120833 0.768750 0.125463 0.769531 0.135648 0.769531 0.140741 0.767969 0.143519 0.765104 0.143981 0.759635 0.142593 0.757031 0.140278 0.755208 0.135648 0.754167 0.128241 0.753906 0.122222 0.754948 0.115278 0.757292 0.112037 0.759115
0 0.154630 0.749740 0.149074 0.751042 0.143056 0.755729 0.143981 0.764323 0.145833 0.767708 0.149074 0.769792 0.153704 0.770573 0.159722 0.770573 0.163426 0.770052 0.172685 0.764062 0.174074 0.760417 0.173611 0.755729 0.163426 0.749740
0 0.175000 0.764583 0.170370 0.765625 0.163426 0.769531 0.159722 0.773177 0.159259 0.776302 0.161111 0.779167 0.165741 0.782031 0.176389 0.784896 0.187500 0.783333 0.196759 0.779427 0.200000 0.775521 0.200000 0.771094 0.196296 0.768490 0.189352 0.766927 0.184259 0.764844
0 0.197222 0.749740 0.191204 0.752344 0.185648 0.755729 0.184259 0.759115 0.184259 0.764062 0.187500 0.766406 0.197685 0.769271 0.206481 0.769271 0.212963 0.768229 0.220833 0.763802 0.221759 0.759635 0.220370 0.754948 0.217130 0.752865 0.209259 0.750521 0.203704 0.749740
0 0.661111 0.068229 0.656481 0.067187 0.648611 0.067187 0.643519 0.069010 0.641204 0.072656 0.642593 0.076823 0.644907 0.078646 0.650000 0.079427 0.656481 0.076823 0.661111 0.075781 0.662963 0.073438 0.662963 0.071094
0 0.225463 0.750260 0.221759 0.751823 0.220833 0.753906 0.222685 0.763021 0.231481 0.769531 0.239352 0.770833 0.244907 0.769531 0.252778 0.765365 0.254630 0.763802 0.256019 0.759635 0.249074 0.754167 0.239352 0.750781 0.233333 0.749479
0 0.281019 0.760417 0.275000 0.757552 0.268519 0.757031 0.264352 0.757552 0.256481 0.760938 0.254167 0.763802 0.246759 0.768229 0.244907 0.771094 0.246296 0.775781 0.250926 0.777344 0.260648 0.777604 0.264352 0.776563 0.271759 0.775781 0.275000 0.774479 0.279630 0.771615 0.284259 0.766927 0.284259 0.763542
0 0.259259 0.744271 0.255556 0.746615 0.250926 0.751823 0.251389 0.756250 0.253241 0.758073 0.260648 0.758854 0.266667 0.757031 0.274537 0.757031 0.275926 0.754687 0.275926 0.750521 0.272685 0.746875 0.268056 0.744792 0.261574 0.744010
0 0.254167 0.719010 0.247222 0.719271 0.239815 0.720573 0.236574 0.723958 0.236111 0.728385 0.234259 0.731510 0.234722 0.734896 0.235648 0.736458 0.240741 0.740365 0.246296 0.742969 0.258796 0.741146 0.262500 0.739062 0.264352 0.736198 0.264352 0.731771 0.265741 0.728906 0.264815 0.725521 0.258333 0.720833
0 0.259722 0.709115 0.256944 0.712500 0.256019 0.717187 0.257407 0.720313 0.261111 0.723177 0.266204 0.724479 0.274537 0.724479 0.283333 0.722917 0.290278 0.720052 0.292130 0.717448 0.291667 0.712500 0.290278 0.710677 0.285185 0.708333 0.274537 0.706510 0.266667 0.706510
0 0.302315 0.691406 0.295833 0.687760 0.287037 0.687500 0.282870 0.688542 0.263426 0.696875 0.262037 0.699740 0.262963 0.702865 0.265278 0.704167 0.273148 0.705990 0.281481 0.706250 0.285648 0.704948 0.299537 0.702344 0.301389 0.701302 0.303241 0.698698 0.303704 0.693229
0 0.329167 0.686979 0.314815 0.686198 0.309259 0.687240 0.305093 0.692187 0.304167 0.696875 0.305093 0.700000 0.307870 0.702083 0.316204 0.703385 0.325926 0.701302 0.329167 0.699479 0.334722 0.693750 0.333333 0.689323
0 0.345833 0.684896 0.346296 0.687500 0.348611 0.690885 0.351389 0.692187 0.356481 0.692969 0.365278 0.692708 0.380556 0.688542 0.382870 0.686198 0.382407 0.683333 0.380556 0.680729 0.375926 0.678125 0.371759 0.677083 0.355093 0.677083 0.351852 0.677865 0.348148 0.680469
0 0.388426 0.679688 0.385185 0.685156 0.385648 0.689063 0.392130 0.696354 0.399537 0.696875 0.406944 0.695312 0.415278 0.692448 0.418981 0.689844 0.419444 0.684896 0.417593 0.682552 0.415278 0.681510 0.400463 0.678125 0.391667 0.678125
0 0.275000 0.676302 0.268519 0.676302 0.263426 0.677344 0.251389 0.683594 0.246296 0.689323 0.247685 0.693490 0.260185 0.696094 0.262963 0.695833 0.274074 0.692448 0.282870 0.688281 0.285185 0.685417 0.279167 0.678906
0 0.340278 0.674479 0.334722 0.671354 0.330556 0.670312 0.316204 0.671615 0.312037 0.673438 0.307870 0.678646 0.306481 0.682031 0.308796 0.684635 0.312037 0.686198 0.329167 0.687240 0.333333 0.686719 0.337500 0.685417 0.341667 0.681250 0.342130 0.677083
0 0.295370 0.670052 0.286574 0.670312 0.282407 0.671615 0.278241 0.674219 0.277315 0.677865 0.281019 0.682292 0.287500 0.686979 0.295370 0.686458 0.301389 0.682552 0.303704 0.679688 0.304167 0.676823 0.302778 0.672917 0.300000 0.671094
0 0.246759 0.673438 0.240278 0.671875 0.234259 0.672396 0.229630 0.673438 0.223148 0.676302 0.218519 0.680990 0.217593 0.686979 0.219444 0.689583 0.224537 0.691927 0.227315 0.692448 0.237500 0.692187 0.241204 0.691406 0.246296 0.688281 0.251852 0.681771 0.250926 0.677083
0 0.246296 0.692969 0.238889 0.694271 0.232870 0.697396 0.230093 0.700260 0.229630 0.702865 0.230093 0.705208 0.235185 0.713542 0.239352 0.715104 0.248611 0.715625 0.253704 0.715104 0.259259 0.709635 0.261111 0.701042 0.258796 0.697135 0.256481 0.695833
0 0.211111 0.688281 0.206944 0.689323 0.204630 0.690885 0.200926 0.701302 0.202315 0.705208 0.204630 0.707031 0.210185 0.708073 0.213889 0.708073 0.220370 0.707031 0.225000 0.705208 0.228704 0.702604 0.231019 0.697135 0.228704 0.694531 0.224537 0.692187 0.214352 0.688802
0 0.205093 0.685156 0.198611 0.683854 0.191667 0.684115 0.183333 0.685937 0.179167 0.689063 0.179630 0.694271 0.187500 0.699479 0.190278 0.700260 0.198148 0.699740 0.200926 0.698177 0.207407 0.689583
0 0.180556 0.684115 0.176852 0.681771 0.169907 0.681250 0.163426 0.679948 0.152778 0.680990 0.149074 0.682031 0.143519 0.685677 0.141667 0.689063 0.143056 0.693229 0.146296 0.695573 0.149537 0.696354 0.157407 0.696875 0.162500 0.696094 0.170833 0.693490 0.174537 0.691406 0.181019 0.685937
0 0.156481 0.664844 0.141204 0.667448 0.137963 0.668490 0.135648 0.670573 0.134722 0.673958 0.148611 0.679948 0.156481 0.680208 0.159722 0.679167 0.161111 0.677865 0.162500 0.673177 0.158333 0.665885
0 0.177315 0.659635 0.169444 0.663021 0.165278 0.666146 0.162500 0.669792 0.163889 0.674219 0.165278 0.675521 0.178241 0.678906 0.182407 0.679427 0.191667 0.679688 0.199074 0.677865 0.201389 0.676562 0.203241 0.673958 0.201852 0.669531 0.199074 0.665625 0.188889 0.659635 0.185185 0.659115
0 0.184722 0.698958 0.180556 0.696615 0.175000 0.694792 0.169444 0.694271 0.163889 0.695573 0.156481 0.699219 0.150926 0.703646 0.150000 0.705469 0.152315 0.710677 0.155093 0.711979 0.170833 0.711979 0.184259 0.707292 0.186574 0.705208 0.187037 0.701042
0 0.142593 0.699479 0.131019 0.705729 0.123611 0.712760 0.121759 0.717969 0.123148 0.719792 0.125463 0.720833 0.133796 0.721875 0.143056 0.721094 0.147222 0.719010 0.150463 0.714583 0.153241 0.713021 0.150000 0.704167
0 0.193056 0.709635 0.189815 0.709635 0.184722 0.711979 0.182870 0.716667 0.179630 0.718229 0.175926 0.723698 0.176852 0.729167 0.178704 0.730990 0.183333 0.732292 0.192130 0.732292 0.194907 0.731771 0.200926 0.728646 0.199074 0.721094 0.200463 0.717448 0.200000 0.714844 0.197222 0.711198
0 0.229630 0.711198 0.223148 0.709635 0.218056 0.709115 0.209722 0.711719 0.201852 0.715885 0.199537 0.721354 0.200463 0.724479 0.202778 0.726823 0.206019 0.727604 0.219444 0.728125 0.231944 0.726302 0.235185 0.724740 0.235648 0.720573 0.232407 0.713542
0 0.195833 0.733594 0.194444 0.736458 0.197222 0.742188 0.207870 0.748177 0.217130 0.750521 0.226852 0.750260 0.232407 0.749219 0.234259 0.748177 0.236111 0.745052 0.237037 0.739583 0.233333 0.735417 0.224537 0.730208 0.218981 0.728646 0.209722 0.728385 0.202315 0.729948
0 0.186111 0.732552 0.176852 0.732812 0.168981 0.734375 0.164815 0.736198 0.161111 0.739844 0.161111 0.744792 0.164815 0.750260 0.171296 0.754427 0.176852 0.755729 0.184722 0.755208 0.187037 0.754427 0.197685 0.748437 0.193981 0.741667 0.192130 0.735156 0.189815 0.733333
0 0.148611 0.645573 0.150000 0.648698 0.156019 0.652344 0.162963 0.653646 0.171296 0.653385 0.180093 0.651302 0.188426 0.646615 0.188426 0.644010 0.187500 0.642188 0.179167 0.639583 0.162963 0.637500 0.152778 0.639844 0.150000 0.642188
0 0.197222 0.644271 0.192593 0.645312 0.188889 0.649219 0.189815 0.658073 0.191667 0.660937 0.193981 0.662500 0.198148 0.664062 0.205093 0.664323 0.211111 0.662500 0.220370 0.657552 0.222222 0.654687 0.221759 0.651302 0.217593 0.647135 0.212500 0.644792 0.206944 0.644010
0 0.218519 0.636458 0.214352 0.639844 0.213426 0.643750 0.215278 0.646615 0.221759 0.650521 0.224537 0.651563 0.233333 0.651563 0.239815 0.649740 0.243519 0.647917 0.244907 0.646615 0.244907 0.642448 0.243519 0.640365 0.238889 0.637760 0.232870 0.636198 0.226852 0.635677
0 0.280093 0.623437 0.272222 0.621875 0.260185 0.622135 0.251389 0.625521 0.246759 0.630729 0.247222 0.634896 0.255093 0.640365 0.260185 0.641406 0.267593 0.640885 0.274074 0.638802 0.278704 0.636458 0.284259 0.631250 0.282407 0.625000
0 0.270370 0.640885 0.268519 0.642448 0.269907 0.646615 0.278704 0.651563 0.287500 0.653906 0.295833 0.654167 0.300463 0.652083 0.303704 0.647656 0.303704 0.642969 0.301852 0.640365 0.295833 0.636979 0.288889 0.635938 0.281481 0.636458
0 0.309259 0.618229 0.302778 0.617448 0.293981 0.617969 0.284722 0.622917 0.283333 0.626042 0.284259 0.629948 0.287037 0.633333 0.290278 0.634896 0.293981 0.635677 0.302778 0.635417 0.316204 0.630990 0.319444 0.627344 0.318981 0.622917
0 0.329630 0.605469 0.321759 0.608073 0.318981 0.610156 0.317593 0.613802 0.318056 0.619792 0.323611 0.625000 0.328704 0.625781 0.339815 0.625781 0.344444 0.624219 0.346759 0.619271 0.347222 0.614323 0.344907 0.610417 0.338426 0.606510
0 0.369907 0.616146 0.364352 0.614844 0.359722 0.614583 0.354167 0.614844 0.349074 0.616146 0.346759 0.618490 0.346296 0.623698 0.347685 0.627083 0.350463 0.629167 0.362037 0.629167 0.365278 0.628646 0.371296 0.624219 0.372685 0.621354 0.372685 0.618490
0 0.409259 0.601823 0.404630 0.601302 0.393519 0.601562 0.384722 0.603646 0.379630 0.606771 0.376852 0.610677 0.376852 0.611979 0.381019 0.618229 0.383333 0.620313 0.387500 0.622396 0.392130 0.623437 0.400000 0.622396 0.403704 0.621354 0.413426 0.615885 0.416667 0.611719 0.416667 0.607031
0 0.391204 0.586198 0.388426 0.587760 0.383796 0.595573 0.386574 0.598437 0.393056 0.601042 0.408796 0.601302 0.412963 0.600521 0.418056 0.596094 0.416667 0.592969 0.403704 0.585677 0.395833 0.585417
0 0.412963 0.573177 0.409722 0.574740 0.406019 0.580469 0.405093 0.584115 0.406944 0.588021 0.413889 0.591667 0.419444 0.593229 0.427315 0.592708 0.432407 0.589323 0.435185 0.584896 0.435185 0.583073 0.433333 0.580208 0.426852 0.575260 0.420370 0.573438
0 0.350463 0.579688 0.343056 0.584896 0.341204 0.587760 0.341667 0.591927 0.346759 0.594792 0.354167 0.597135 0.363889 0.598177 0.372222 0.598177 0.376389 0.597135 0.383796 0.591927 0.383796 0.587500 0.380556 0.583333 0.373148 0.580469 0.365278 0.579167 0.355556 0.578906
0 0.394444 0.566406 0.390278 0.566667 0.387037 0.568229 0.381944 0.579688 0.383333 0.584115 0.385648 0.585156 0.391667 0.585938 0.403704 0.584635 0.405093 0.583594 0.406481 0.579427 0.406481 0.573958 0.404630 0.570052 0.399537 0.567187
0 0.356481 0.568229 0.357870 0.572396 0.370833 0.577083 0.378704 0.576823 0.383796 0.574740 0.385648 0.567969 0.382407 0.565625 0.379630 0.564844 0.376389 0.564583 0.371296 0.563021 0.362037 0.565625
0 0.336111 0.564063 0.326852 0.565625 0.321296 0.567448 0.318519 0.569531 0.317593 0.573698 0.322685 0.582552 0.330093 0.583594 0.335648 0.585677 0.337963 0.585938 0.342593 0.584896 0.349074 0.580208 0.350463 0.571615 0.348611 0.567708 0.343981 0.564844
0 0.322685 0.582812 0.318056 0.585417 0.316204 0.587760 0.316204 0.592448 0.318981 0.594271 0.330093 0.597396 0.340741 0.591927 0.340741 0.586979 0.339352 0.585938 0.330556 0.583594
0 0.336574 0.591667 0.331944 0.597135 0.331481 0.600000 0.332870 0.601823 0.337037 0.603125 0.343981 0.603385 0.348148 0.602604 0.350463 0.600521 0.350463 0.595573 0.347685 0.594792 0.343981 0.592448
0 0.350926 0.598177 0.348148 0.603906 0.349074 0.608073 0.352778 0.613281 0.356481 0.614844 0.362500 0.615104 0.366204 0.614844 0.371759 0.613281 0.377778 0.608073 0.380556 0.603646 0.375926 0.600000 0.371759 0.598437 0.355093 0.597396
0 0.392130 0.624219 0.385185 0.623177 0.376389 0.625000 0.372685 0.626823 0.371296 0.630990 0.375463 0.636198 0.377778 0.637760 0.386111 0.638281 0.393519 0.635938 0.396759 0.634115 0.398611 0.631771 0.397685 0.627344
0 0.384722 0.639844 0.381944 0.641667 0.379630 0.646354 0.380556 0.650521 0.381944 0.652344 0.386111 0.653906 0.399537 0.654427 0.407870 0.649740 0.410185 0.646354 0.407870 0.642708 0.404167 0.640104 0.400000 0.639062 0.389815 0.639062
0 0.351852 0.648698 0.350926 0.650260 0.350926 0.655208 0.353241 0.658073 0.357407 0.660677 0.375463 0.658594 0.381481 0.657292 0.383333 0.656250 0.384259 0.654167 0.381019 0.648177 0.377778 0.646354 0.373148 0.645573 0.362037 0.645573 0.355093 0.646615
0 0.378241 0.659115 0.374537 0.661719 0.374537 0.666406 0.379167 0.674219 0.385185 0.676823 0.392130 0.677604 0.400463 0.676562 0.402778 0.675260 0.407870 0.670052 0.408333 0.665885 0.405556 0.663021 0.399074 0.660677 0.385648 0.658594
0 0.371759 0.663021 0.362500 0.662500 0.357407 0.663542 0.348148 0.670573 0.345833 0.673438 0.346296 0.674740 0.350000 0.676562 0.355556 0.677083 0.369907 0.677083 0.374537 0.676042 0.376852 0.674219 0.376389 0.669271 0.374074 0.664844
0 0.335648 0.649219 0.329630 0.650521 0.325463 0.653125 0.322222 0.657552 0.323148 0.661198 0.327315 0.667448 0.331481 0.669792 0.336574 0.671354 0.344444 0.671354 0.350000 0.669271 0.354630 0.666146 0.356481 0.661719 0.348611 0.652344 0.344444 0.650260
0 0.301389 0.655469 0.297222 0.657552 0.294907 0.660417 0.293056 0.665885 0.294907 0.668229 0.303704 0.669792 0.316204 0.669792 0.325463 0.666406 0.324074 0.661979 0.318981 0.657031 0.310185 0.654948
0 0.288426 0.654687 0.281481 0.653125 0.275000 0.653385 0.267593 0.654948 0.264815 0.656510 0.258796 0.662240 0.258333 0.666146 0.259259 0.670052 0.261574 0.672396 0.267130 0.673698 0.274537 0.673958 0.279630 0.672656 0.289815 0.667448 0.292130 0.665104 0.293519 0.661979 0.292130 0.658073
0 0.254167 0.645052 0.248148 0.646354 0.238889 0.650000 0.236111 0.651563 0.234259 0.654167 0.235648 0.658854 0.242593 0.663281 0.246296 0.664323 0.253704 0.663802 0.256944 0.663021 0.267593 0.654427 0.266204 0.648698 0.263889 0.647396
0 0.232870 0.656771 0.225000 0.656771 0.218981 0.658073 0.209722 0.663542 0.207407 0.665625 0.206481 0.670052 0.210185 0.672656 0.218056 0.674479 0.220833 0.674479 0.235185 0.672396 0.238426 0.671094 0.243056 0.666927 0.243056 0.663802 0.241667 0.661979
0 0.224537 0.608333 0.218056 0.609896 0.216204 0.611198 0.214352 0.614323 0.214815 0.618490 0.217593 0.623437 0.223611 0.628906 0.226389 0.630208 0.233796 0.630729 0.237963 0.629427 0.242130 0.624219 0.244444 0.619792 0.244444 0.612500 0.243056 0.610677 0.237963 0.608854
0 0.197685 0.597917 0.189815 0.600521 0.185648 0.603125 0.181481 0.611979 0.181481 0.615625 0.184722 0.618229 0.188889 0.619531 0.194907 0.620573 0.201389 0.620573 0.205556 0.620052 0.210648 0.617969 0.214352 0.611719 0.214352 0.608594 0.211574 0.603385 0.208333 0.601042 0.204630 0.599219
0 0.184259 0.597656 0.176389 0.596875 0.163426 0.600000 0.159259 0.601562 0.157870 0.603125 0.156944 0.607812 0.162037 0.612760 0.164815 0.614062 0.170370 0.615625 0.178704 0.613281 0.181481 0.611719 0.187500 0.600000
0 0.171296 0.580729 0.162963 0.580208 0.159259 0.581250 0.147222 0.588021 0.145833 0.592448 0.148148 0.598958 0.149537 0.600260 0.156019 0.601302 0.162963 0.600260 0.178704 0.594792 0.181944 0.592708 0.182870 0.590104 0.182407 0.586458 0.177778 0.583073
0 0.105556 0.591406 0.106019 0.594531 0.107407 0.595833 0.115741 0.595313 0.128704 0.595833 0.135648 0.595052 0.143056 0.592969 0.144907 0.591927 0.143981 0.587760 0.138889 0.585677 0.125463 0.581510 0.119907 0.580729 0.114352 0.580990 0.111111 0.582552 0.106944 0.587500
0 0.121296 0.551562 0.114815 0.553125 0.106944 0.558594 0.102778 0.560417 0.101389 0.565365 0.103241 0.568490 0.107407 0.569271 0.114815 0.571875 0.123148 0.572396 0.131019 0.571094 0.136111 0.568490 0.137963 0.563542 0.136574 0.559896 0.132407 0.555469 0.126852 0.552865
0 0.184259 0.549740 0.176852 0.548958 0.170370 0.550781 0.164352 0.551562 0.157407 0.554688 0.156019 0.557813 0.156481 0.564063 0.158796 0.566667 0.162963 0.569010 0.168056 0.569792 0.176852 0.569271 0.187037 0.565365 0.189352 0.562500 0.189815 0.559375 0.188426 0.555208
0 0.190741 0.564323 0.193056 0.568490 0.201389 0.571094 0.211111 0.572656 0.219907 0.572656 0.225926 0.571875 0.229630 0.568750 0.230093 0.564323 0.226852 0.558854 0.224537 0.556250 0.220370 0.554688 0.212037 0.554688 0.194444 0.561198
0 0.233333 0.576562 0.221296 0.573698 0.210648 0.574219 0.206019 0.575521 0.203704 0.577344 0.201389 0.582812 0.201389 0.584375 0.205093 0.591146 0.209722 0.592708 0.218056 0.592448 0.223611 0.590885 0.232870 0.586458 0.235648 0.584375 0.236574 0.582292 0.236574 0.579427
0 0.196759 0.570052 0.190278 0.569271 0.182870 0.570573 0.178241 0.572656 0.176389 0.575000 0.176389 0.579167 0.179630 0.584115 0.183796 0.585417 0.190741 0.585156 0.195833 0.584375 0.200000 0.582812 0.202778 0.579427 0.204167 0.575521 0.201852 0.572396
0 0.169907 0.615625 0.162037 0.610938 0.156944 0.606250 0.151852 0.605208 0.140741 0.605990 0.135648 0.607031 0.127778 0.611719 0.125926 0.614583 0.128241 0.619792 0.130093 0.621354 0.148148 0.624219 0.154167 0.623698 0.168519 0.620313 0.170370 0.619271
0 0.675000 0.065365 0.669907 0.066406 0.667130 0.068229 0.666204 0.072396 0.667130 0.074740 0.669444 0.076302 0.677315 0.078385 0.686574 0.073177 0.689815 0.072396 0.691204 0.068229 0.678241 0.065365
0 0.206944 0.621875 0.199074 0.621875 0.190278 0.623437 0.183796 0.626302 0.178704 0.630729 0.179167 0.634896 0.181944 0.640104 0.190741 0.643490 0.199537 0.642188 0.202778 0.641146 0.207870 0.638021 0.213426 0.632292 0.213889 0.627865 0.211574 0.623958
0 0.129630 0.626823 0.121296 0.627083 0.115741 0.628385 0.110648 0.630729 0.111111 0.639062 0.113889 0.641146 0.120370 0.643490 0.121296 0.645052 0.128704 0.644010 0.129630 0.642188 0.133796 0.639062 0.137500 0.634896 0.138889 0.630729 0.135648 0.628125
0 0.123611 0.613021 0.113889 0.612240 0.108333 0.613021 0.100926 0.618229 0.097222 0.622917 0.098611 0.625521 0.101389 0.627344 0.106944 0.628646 0.114815 0.628906 0.125000 0.626563 0.127315 0.625260 0.128241 0.623698 0.128241 0.619010
0 0.134259 0.598177 0.129167 0.596094 0.122222 0.595313 0.112963 0.595833 0.107407 0.597396 0.105093 0.602604 0.105093 0.607812 0.107407 0.611458 0.121759 0.611719 0.128704 0.610156 0.135648 0.606771 0.137963 0.603646
0 0.243981 0.559375 0.242130 0.560937 0.240741 0.564063 0.240741 0.568750 0.246296 0.573958 0.259722 0.575781 0.267593 0.575000 0.272222 0.571875 0.274074 0.568750 0.274074 0.564063 0.271759 0.561458 0.262963 0.558073 0.254630 0.556771 0.249537 0.557552
0 0.287500 0.557552 0.277315 0.560937 0.275926 0.563802 0.278241 0.570052 0.282407 0.572917 0.287963 0.575781 0.295370 0.576562 0.301852 0.572917 0.305093 0.568750 0.306481 0.564323 0.302778 0.560417 0.298148 0.558333 0.293981 0.557552
0 0.350463 0.552083 0.348148 0.553646 0.345833 0.557031 0.344907 0.564844 0.350463 0.567708 0.358333 0.567448 0.367593 0.564583 0.371759 0.562240 0.372685 0.560156 0.369907 0.556510 0.364815 0.553906 0.358333 0.552083
0 0.426852 0.557292 0.420370 0.558333 0.412963 0.561979 0.410648 0.564323 0.411111 0.568490 0.416667 0.572656 0.427315 0.575000 0.430556 0.573438 0.432870 0.570833 0.434722 0.565104 0.434722 0.560417 0.431481 0.558333
0 0.414352 0.552604 0.406019 0.552344 0.403241 0.554167 0.396759 0.564323 0.399074 0.566667 0.405093 0.567708 0.408333 0.567187 0.412500 0.562240 0.417130 0.559635 0.418981 0.556250 0.417593 0.553906
0 0.385185 0.544010 0.380093 0.546354 0.375463 0.550781 0.372685 0.555990 0.373611 0.561198 0.376852 0.564063 0.384259 0.565885 0.387037 0.565885 0.394907 0.564844 0.397222 0.563802 0.401389 0.556771 0.401852 0.552344 0.398611 0.547917 0.392593 0.544531
0 0.305556 0.600000 0.301389 0.599740 0.292593 0.601823 0.290278 0.603646 0.289352 0.607292 0.284722 0.609896 0.284259 0.612500 0.285648 0.614583 0.292593 0.617708 0.306019 0.617708 0.309722 0.616667 0.311111 0.610677 0.312963 0.607292 0.309259 0.601562
0 0.314352 0.593490 0.310185 0.595313 0.307407 0.599479 0.310185 0.604427 0.314352 0.606771 0.323611 0.606771 0.331019 0.603646 0.331481 0.599479 0.330556 0.597396 0.326389 0.595052 0.316204 0.593229
0 0.301389 0.574479 0.297685 0.576562 0.295833 0.579688 0.297685 0.583333 0.304167 0.586979 0.308333 0.588281 0.315741 0.586979 0.320370 0.583594 0.320833 0.579427 0.319444 0.576823 0.316204 0.575260
0 0.281944 0.572656 0.272222 0.573438 0.265278 0.577604 0.263426 0.581510 0.263426 0.585156 0.265741 0.587760 0.274537 0.589063 0.286111 0.586198 0.289815 0.584375 0.292130 0.580469 0.291204 0.577604 0.289352 0.576042
0 0.301852 0.585938 0.294444 0.584896 0.287963 0.585938 0.284722 0.587500 0.282407 0.590365 0.281944 0.593229 0.283333 0.598177 0.286574 0.601042 0.290741 0.601562 0.296759 0.601302 0.306019 0.598177 0.308796 0.596354 0.308796 0.591146 0.306481 0.588542
0 0.267130 0.588542 0.262037 0.589583 0.256019 0.592448 0.250463 0.600260 0.251389 0.601823 0.253704 0.603125 0.260185 0.605208 0.266667 0.605990 0.275000 0.605729 0.279630 0.604167 0.284259 0.599479 0.281481 0.594010 0.278241 0.590625 0.275000 0.589323
0 0.246759 0.585156 0.238426 0.585417 0.234259 0.586458 0.222685 0.592708 0.218981 0.598698 0.218981 0.600521 0.220833 0.603125 0.223611 0.604948 0.231481 0.607031 0.239352 0.606771 0.248611 0.602344 0.252315 0.595833 0.253241 0.590885 0.251852 0.587500
0 0.281019 0.609115 0.274537 0.606510 0.261111 0.605990 0.250000 0.608333 0.244907 0.611198 0.244907 0.615365 0.246296 0.619271 0.253241 0.622135 0.261111 0.621875 0.274074 0.620313 0.279167 0.617448 0.281944 0.614323 0.282870 0.611198
0 0.287037 0.540625 0.282407 0.539844 0.273148 0.540104 0.266667 0.542448 0.262500 0.544792 0.260185 0.546875 0.258796 0.550781 0.258796 0.553906 0.262500 0.557292 0.269907 0.559635 0.276389 0.560156 0.281944 0.559375 0.290278 0.554948 0.292130 0.553125 0.292130 0.548438 0.289352 0.542188
0 0.331019 0.550000 0.325000 0.549219 0.319907 0.549479 0.316204 0.550521 0.312037 0.553125 0.306944 0.559896 0.307870 0.562500 0.310185 0.564844 0.315278 0.566406 0.321296 0.566406 0.334722 0.564583 0.339352 0.563281 0.340741 0.561719 0.339815 0.556510 0.336111 0.552604
0 0.307870 0.529948 0.299537 0.530990 0.293056 0.533333 0.290741 0.536458 0.289815 0.541406 0.291204 0.546354 0.293981 0.550260 0.300463 0.553646 0.309259 0.554688 0.318056 0.549219 0.322222 0.540104 0.320833 0.536719 0.317130 0.532552 0.313889 0.530990
0 0.353241 0.530729 0.343981 0.526823 0.336574 0.526823 0.331944 0.529687 0.330556 0.531510 0.327315 0.540625 0.328241 0.542188 0.329630 0.542969 0.337037 0.542969 0.348611 0.541146 0.351852 0.540104 0.356944 0.537240 0.356019 0.533073
0 0.371759 0.536458 0.366667 0.535417 0.361574 0.535677 0.350926 0.541146 0.349074 0.544271 0.350463 0.550000 0.355556 0.550781 0.364815 0.551042 0.374537 0.549219 0.377778 0.547656 0.379630 0.544271 0.376852 0.540625
0 0.386111 0.525000 0.381944 0.527865 0.378704 0.533073 0.383333 0.538542 0.391667 0.541927 0.398148 0.543229 0.406481 0.543490 0.413426 0.541406 0.416667 0.538281 0.417593 0.533073 0.413426 0.528125 0.400000 0.523438 0.391667 0.523438
0 0.419444 0.540885 0.412500 0.542188 0.406944 0.544531 0.404630 0.549219 0.406481 0.552604 0.412963 0.552865 0.421296 0.554948 0.427315 0.554167 0.432407 0.548438 0.431019 0.544792 0.427315 0.541927
0 0.378241 0.505208 0.375000 0.506250 0.370370 0.509635 0.370370 0.514583 0.374537 0.516927 0.380093 0.517188 0.386574 0.516406 0.388889 0.515104 0.389815 0.513542 0.389815 0.508594 0.387037 0.506510
0 0.404630 0.500000 0.399074 0.500781 0.393981 0.503646 0.390278 0.508333 0.388889 0.513802 0.390741 0.517448 0.395370 0.520312 0.399537 0.521875 0.406944 0.522135 0.412037 0.521354 0.415741 0.519792 0.420370 0.514062 0.421759 0.510156 0.421759 0.505469 0.418519 0.502865 0.412963 0.500781
0 0.395370 0.490104 0.392593 0.489583 0.385648 0.489844 0.377778 0.492448 0.375926 0.494010 0.375926 0.498177 0.378704 0.501302 0.385648 0.502865 0.394907 0.501823 0.400000 0.500260 0.401852 0.498437 0.400463 0.493750 0.398611 0.491667
0 0.392130 0.474479 0.381019 0.478906 0.380093 0.483073 0.385648 0.488021 0.392130 0.489583 0.400463 0.489844 0.403241 0.489063 0.409259 0.485156 0.411111 0.483073 0.411111 0.481771 0.409722 0.479948 0.399537 0.474740
0 0.384722 0.463802 0.370370 0.463281 0.364352 0.464062 0.356944 0.466406 0.354630 0.471354 0.359722 0.477604 0.366667 0.480729 0.370833 0.481510 0.378241 0.480729 0.387500 0.477604 0.394907 0.473698 0.396296 0.470573 0.394444 0.468490 0.390741 0.466146
0 0.390278 0.451823 0.387500 0.453125 0.384722 0.458854 0.385648 0.462500 0.387500 0.464062 0.391667 0.465625 0.399537 0.465625 0.404630 0.463542 0.408796 0.459375 0.406019 0.453906 0.403241 0.451823 0.400926 0.451302
0 0.378704 0.431510 0.372222 0.435417 0.372685 0.440104 0.376852 0.445312 0.387500 0.451042 0.393981 0.451562 0.400000 0.450260 0.401852 0.449219 0.408796 0.439583 0.407870 0.438281 0.400463 0.434115 0.395370 0.432552 0.386111 0.431250
0 0.403704 0.413021 0.399074 0.414323 0.395833 0.418229 0.394444 0.423958 0.396296 0.429427 0.397685 0.431510 0.404630 0.435156 0.413889 0.436458 0.418519 0.434115 0.425463 0.428125 0.426389 0.419792 0.424074 0.415885 0.421296 0.414323 0.413889 0.413021
0 0.388426 0.403906 0.383796 0.403646 0.375926 0.405208 0.368981 0.409375 0.365278 0.415365 0.366204 0.420052 0.367593 0.421615 0.370370 0.423177 0.377315 0.425000 0.389352 0.423958 0.393056 0.422135 0.394907 0.419792 0.397685 0.411719 0.393056 0.405469
0 0.329630 0.407292 0.320833 0.409896 0.316667 0.411979 0.316204 0.416667 0.318056 0.419271 0.322222 0.421094 0.327315 0.425781 0.337037 0.427083 0.340278 0.426302 0.342130 0.425000 0.344444 0.415625 0.343056 0.413021 0.339352 0.409635 0.335185 0.407813
0 0.282870 0.406510 0.281019 0.407552 0.277778 0.412240 0.280556 0.416146 0.287037 0.420312 0.292130 0.421094 0.297222 0.421094 0.300926 0.420312 0.312037 0.416146 0.313889 0.411719 0.311111 0.408594 0.307407 0.406771 0.295833 0.405208
0 0.242130 0.396094 0.242130 0.400521 0.243056 0.401562 0.256481 0.410156 0.259259 0.410938 0.275000 0.410938 0.280556 0.408333 0.282870 0.404427 0.281944 0.402344 0.279630 0.399740 0.271759 0.395313 0.259722 0.393750 0.251389 0.393490 0.247685 0.394010
0 0.225463 0.404427 0.221296 0.408594 0.220833 0.412240 0.221759 0.415885 0.225926 0.418229 0.231481 0.419792 0.240741 0.420052 0.248611 0.419010 0.252315 0.416146 0.254167 0.412500 0.252778 0.408073 0.246759 0.405469 0.238426 0.404948 0.233796 0.403906
0 0.221296 0.405990 0.217130 0.403385 0.212963 0.402344 0.201852 0.403385 0.194444 0.405990 0.191204 0.409375 0.187500 0.411719 0.187963 0.413281 0.193519 0.415885 0.202315 0.417969 0.212500 0.417708 0.220370 0.416146 0.221759 0.413542 0.222222 0.408073
0 0.193981 0.394010 0.183796 0.391406 0.175926 0.392969 0.166204 0.396875 0.164815 0.399219 0.164815 0.404687 0.166667 0.408333 0.169907 0.409375 0.173611 0.409635 0.184722 0.409375 0.196296 0.404687 0.199537 0.401823 0.200000 0.399740 0.197685 0.396354
0 0.156019 0.415365 0.149074 0.414323 0.138426 0.417969 0.132870 0.423438 0.133333 0.425521 0.135648 0.427865 0.140278 0.428906 0.150463 0.428906 0.158796 0.427865 0.161574 0.426563 0.163426 0.424219 0.162037 0.419792 0.160185 0.417708
0 0.181481 0.414844 0.178241 0.414062 0.169444 0.414583 0.165741 0.415885 0.162963 0.419271 0.163426 0.424479 0.165278 0.426302 0.168519 0.427083 0.177778 0.427344 0.184259 0.425781 0.187037 0.423177 0.187500 0.419271 0.185648 0.416927
0 0.100926 0.407031 0.096759 0.410156 0.095833 0.413281 0.097222 0.416406 0.102778 0.421094 0.106481 0.422917 0.113889 0.424479 0.120833 0.424479 0.127315 0.422917 0.132407 0.420312 0.134722 0.416927 0.134259 0.411979 0.129167 0.407813 0.121759 0.405208 0.108796 0.404948
0 0.114352 0.429688 0.110185 0.431771 0.106481 0.435156 0.106944 0.440104 0.115278 0.443750 0.120833 0.445312 0.129167 0.445052 0.134259 0.443750 0.137500 0.441406 0.139352 0.436719 0.139352 0.434375 0.136574 0.430469 0.129630 0.428125 0.121296 0.428125
0 0.149074 0.440625 0.134259 0.444010 0.131944 0.447396 0.134722 0.450000 0.137500 0.451302 0.149537 0.454427 0.154630 0.453125 0.159259 0.451042 0.160185 0.446615 0.159722 0.443229 0.156019 0.441146
0 0.176389 0.458073 0.168056 0.452865 0.165278 0.452083 0.160648 0.451823 0.155556 0.452344 0.149074 0.454688 0.144444 0.457813 0.139815 0.459375 0.135648 0.461719 0.132870 0.465885 0.133333 0.469010 0.135185 0.470573 0.148611 0.473958 0.163889 0.472917 0.172222 0.470052 0.176852 0.466927 0.178704 0.461979
0 0.182407 0.472917 0.178704 0.472135 0.170370 0.472396 0.161111 0.474479 0.159259 0.477083 0.159259 0.479687 0.160648 0.482292 0.169907 0.486198 0.177778 0.486198 0.186111 0.484115 0.188426 0.481771 0.189352 0.478125 0.187037 0.475260
0 0.151389 0.482292 0.143519 0.482552 0.135648 0.485156 0.127315 0.491146 0.125000 0.493750 0.125926 0.496875 0.128704 0.499219 0.135185 0.501563 0.142130 0.503125 0.146759 0.502604 0.151852 0.500781 0.154630 0.498698 0.157407 0.494792 0.158796 0.490885 0.158333 0.486198 0.156944 0.484635
0 0.156944 0.503646 0.154167 0.504167 0.149537 0.506771 0.140741 0.509635 0.136111 0.513542 0.135185 0.517708 0.138889 0.521615 0.144907 0.525260 0.150463 0.526302 0.156481 0.526563 0.165741 0.524479 0.169444 0.522396 0.172685 0.518750 0.172685 0.513281 0.171296 0.511458 0.162963 0.504687
0 0.127778 0.526823 0.121296 0.527344 0.114352 0.529948 0.111574 0.532813 0.111111 0.537500 0.113889 0.540365 0.121296 0.544010 0.128704 0.544792 0.136574 0.540885 0.138426 0.536458 0.134259 0.529167 0.131944 0.527604
0 0.147685 0.536979 0.138889 0.540365 0.137963 0.541927 0.137963 0.545573 0.138889 0.546875 0.142130 0.548958 0.148611 0.551562 0.153704 0.552083 0.158333 0.551823 0.166204 0.547917 0.169444 0.540885 0.166667 0.538542 0.159259 0.536979
0 0.175926 0.521875 0.169907 0.523177 0.167130 0.525260 0.166204 0.527604 0.166204 0.534115 0.169907 0.538802 0.172685 0.540104 0.177315 0.540625 0.182870 0.539583 0.189352 0.536458 0.193981 0.529948 0.193981 0.528385 0.192130 0.526302 0.187963 0.523698 0.183796 0.522656
0 0.180093 0.507292 0.175926 0.509115 0.174074 0.511458 0.173611 0.514844 0.175000 0.520052 0.177315 0.521615 0.181481 0.522656 0.191204 0.523698 0.205093 0.515625 0.206944 0.513802 0.206019 0.511719 0.202778 0.509115 0.194444 0.507031 0.185185 0.506771
0 0.182870 0.486458 0.177778 0.488802 0.172685 0.493229 0.171296 0.497396 0.171759 0.502083 0.174074 0.504427 0.178704 0.506250 0.183333 0.506771 0.191667 0.506510 0.196296 0.504948 0.200000 0.502083 0.199074 0.500260 0.199074 0.492448 0.198148 0.490365 0.191204 0.486719
0 0.205093 0.472396 0.197685 0.473438 0.191204 0.478385 0.190278 0.482812 0.191667 0.486458 0.198611 0.489844 0.205556 0.490104 0.211574 0.488802 0.217130 0.485677 0.219907 0.482812 0.216204 0.477083
0 0.218519 0.455990 0.211574 0.462760 0.211574 0.467708 0.213889 0.471094 0.215741 0.472135 0.221759 0.473177 0.227778 0.473177 0.232407 0.471354 0.235648 0.466406 0.232407 0.462240 0.226389 0.457031
0 0.177315 0.451302 0.175000 0.455208 0.179630 0.459896 0.187037 0.463021 0.196759 0.465365 0.209259 0.464323 0.214352 0.460677 0.217593 0.455729 0.216204 0.450781 0.213426 0.448177 0.199074 0.445833 0.190741 0.446354
0 0.190741 0.435937 0.188426 0.439583 0.190741 0.442448 0.196296 0.445312 0.210648 0.447656 0.215741 0.447656 0.224074 0.446615 0.228241 0.443490 0.226852 0.439323 0.217593 0.431510 0.212500 0.428906 0.204167 0.429167 0.199537 0.430469
0 0.214352 0.423698 0.213889 0.428125 0.216667 0.432031 0.226389 0.439323 0.232407 0.441406 0.242130 0.440885 0.246759 0.439583 0.252778 0.434115 0.253241 0.430729 0.251389 0.427604 0.245370 0.425260 0.232870 0.422135 0.221296 0.422135 0.217130 0.422656
0 0.261574 0.411458 0.256944 0.413021 0.253704 0.415104 0.249537 0.419792 0.248611 0.422396 0.249074 0.425521 0.252315 0.427865 0.257407 0.429167 0.264815 0.429948 0.273148 0.429427 0.281944 0.423958 0.282870 0.419531 0.279167 0.415365 0.275000 0.412500 0.269444 0.411198
0 0.338889 0.402604 0.337037 0.403906 0.337500 0.408333 0.342593 0.413542 0.344907 0.418490 0.348611 0.419271 0.352778 0.419271 0.361574 0.417969 0.363889 0.416667 0.367130 0.412240 0.366667 0.408594 0.362500 0.404687 0.358333 0.402604 0.352315 0.401302 0.342593 0.401562
0 0.344444 0.427604 0.343981 0.431771 0.348148 0.436979 0.357407 0.441146 0.368519 0.438802 0.371296 0.437240 0.375926 0.432031 0.375926 0.430729 0.374074 0.428646 0.368519 0.427083 0.359259 0.425781 0.350463 0.425781 0.346296 0.426563
0 0.373148 0.446354 0.364352 0.446615 0.360648 0.450000 0.357870 0.454688 0.357870 0.459375 0.362037 0.463542 0.363889 0.464323 0.379167 0.462760 0.381944 0.461979 0.384259 0.459896 0.386111 0.455729 0.384722 0.451302 0.381944 0.449219
0 0.343056 0.478385 0.336574 0.481250 0.335185 0.485677 0.335648 0.488021 0.340278 0.494010 0.343981 0.496354 0.349537 0.497656 0.358333 0.498437 0.363889 0.497135 0.370833 0.493490 0.374074 0.490625 0.373148 0.485677 0.368056 0.482552 0.357870 0.478906 0.350926 0.478125
0 0.372222 0.501823 0.364815 0.499479 0.357407 0.499740 0.347222 0.503125 0.339352 0.507292 0.337500 0.510156 0.339815 0.514062 0.344907 0.516667 0.350000 0.517708 0.358333 0.517448 0.362500 0.516406 0.369444 0.511979 0.371759 0.507552 0.374074 0.505990
0 0.690741 0.070833 0.677778 0.078125 0.676852 0.079427 0.677778 0.084375 0.680093 0.087760 0.683796 0.090104 0.698148 0.090365 0.707407 0.084375 0.708333 0.079948 0.706481 0.077865 0.705093 0.073958 0.702315 0.071615 0.698148 0.070833
0 0.355556 0.518750 0.352315 0.521094 0.350463 0.525260 0.352315 0.529948 0.359722 0.534115 0.363426 0.534896 0.372685 0.534896 0.378704 0.532031 0.383796 0.525781 0.379167 0.519531 0.375463 0.517969 0.363889 0.517188
0 0.333796 0.511979 0.329167 0.511458 0.320833 0.513802 0.312500 0.518750 0.309722 0.521354 0.307407 0.525260 0.308333 0.527344 0.317130 0.531771 0.324537 0.532292 0.329630 0.531510 0.334722 0.528646 0.338426 0.525521 0.338889 0.517188 0.336111 0.513281
0 0.306019 0.517448 0.303704 0.516146 0.299537 0.515625 0.287963 0.516146 0.282870 0.517448 0.277315 0.521094 0.277315 0.525000 0.281481 0.527604 0.287500 0.528906 0.303241 0.527865 0.306019 0.526823 0.308796 0.522396 0.308796 0.520833
0 0.271296 0.507031 0.267593 0.505990 0.259259 0.506250 0.254630 0.507292 0.250926 0.509115 0.245833 0.513281 0.245833 0.518750 0.248611 0.521875 0.253241 0.523698 0.261111 0.524740 0.270833 0.523177 0.275926 0.520573 0.279630 0.517448 0.276389 0.509896
0 0.287500 0.489063 0.282870 0.488542 0.275000 0.488802 0.262963 0.492969 0.260648 0.498698 0.262037 0.503125 0.265278 0.505729 0.273611 0.507552 0.276852 0.507552 0.283333 0.506510 0.288426 0.503906 0.293519 0.498698 0.293981 0.493750 0.290741 0.490365
0 0.255556 0.483594 0.248611 0.484375 0.243056 0.486198 0.238889 0.488802 0.234722 0.494010 0.233796 0.496615 0.234259 0.500260 0.236574 0.501823 0.247222 0.503906 0.253241 0.506250 0.256019 0.505469 0.261111 0.502083 0.260648 0.497917 0.262037 0.489583 0.260648 0.485156 0.259722 0.484375
0 0.237963 0.484375 0.233796 0.482812 0.225463 0.483073 0.218981 0.484375 0.213426 0.486979 0.212500 0.488802 0.212963 0.491667 0.215278 0.493229 0.225926 0.495312 0.232870 0.495573 0.238426 0.490365 0.238889 0.485677
0 0.201852 0.491927 0.199537 0.493750 0.199074 0.498698 0.203241 0.504687 0.211574 0.509115 0.219444 0.509635 0.225926 0.508594 0.229630 0.505990 0.231481 0.502865 0.231481 0.500000 0.229630 0.496875 0.223148 0.494531 0.215278 0.492708 0.212037 0.491146
0 0.242593 0.510156 0.236574 0.508073 0.231944 0.507292 0.226852 0.508073 0.212037 0.512240 0.208796 0.514323 0.206944 0.516667 0.208333 0.522396 0.210185 0.525000 0.218056 0.527344 0.225926 0.527865 0.238889 0.523958 0.243519 0.521615 0.244444 0.512760
0 0.219907 0.528646 0.213889 0.526042 0.207407 0.524479 0.204630 0.524219 0.198148 0.525781 0.195833 0.527083 0.191667 0.533073 0.193056 0.537760 0.197222 0.540104 0.207407 0.539844 0.213889 0.538802 0.221296 0.533333
0 0.212500 0.539844 0.202778 0.539844 0.200000 0.540365 0.193981 0.542448 0.186111 0.547917 0.186111 0.550260 0.188889 0.553385 0.197685 0.557552 0.205556 0.557292 0.213889 0.553125 0.216667 0.545312 0.216204 0.541146
0 0.231944 0.535156 0.224074 0.538021 0.219907 0.540365 0.217130 0.544010 0.215741 0.548698 0.216204 0.550260 0.219907 0.552865 0.233796 0.555990 0.239352 0.557813 0.246759 0.557031 0.253241 0.554948 0.256019 0.552865 0.258333 0.547917 0.258333 0.543750 0.254630 0.539323 0.249074 0.536458 0.239815 0.535156
0 0.233333 0.470573 0.233333 0.475000 0.237963 0.480990 0.242593 0.483594 0.245370 0.484375 0.257870 0.483333 0.265278 0.481250 0.270370 0.478906 0.272685 0.474740 0.269444 0.472135 0.261111 0.468750 0.254167 0.467448 0.247222 0.466927 0.239352 0.467448
0 0.225463 0.447135 0.227778 0.451302 0.240278 0.455208 0.252778 0.455208 0.262037 0.453385 0.265278 0.451562 0.264815 0.447396 0.258333 0.446094 0.246759 0.441146 0.232407 0.442188
0 0.267130 0.430990 0.259259 0.431771 0.254630 0.433073 0.249537 0.436198 0.247685 0.439844 0.250463 0.443229 0.256019 0.445573 0.261111 0.446875 0.268056 0.447396 0.273148 0.446354 0.276389 0.444010 0.277778 0.439063 0.274537 0.432292
0 0.281481 0.425000 0.277315 0.427604 0.275000 0.431510 0.275463 0.435937 0.278704 0.439063 0.283333 0.441667 0.287500 0.442708 0.300000 0.443750 0.309259 0.443229 0.312037 0.439583 0.310185 0.432552 0.302778 0.426563 0.299074 0.425000 0.287500 0.423958
0 0.316204 0.418229 0.308796 0.417708 0.300926 0.419792 0.299537 0.421354 0.299074 0.424219 0.306481 0.429688 0.308796 0.432292 0.315741 0.430469 0.322685 0.426302 0.325000 0.423958 0.323148 0.421094
0 0.322685 0.426302 0.317593 0.428125 0.312037 0.431771 0.311111 0.436198 0.313889 0.440885 0.317593 0.443229 0.324074 0.444531 0.331481 0.445052 0.336111 0.444271 0.345833 0.439583 0.346759 0.435417 0.341204 0.429948 0.337963 0.428385 0.330093 0.426302
0 0.351852 0.439583 0.343519 0.440365 0.333796 0.445833 0.332870 0.451823 0.335648 0.454688 0.339352 0.456250 0.346759 0.456771 0.353704 0.455990 0.358333 0.453906 0.359722 0.452344 0.362037 0.446615 0.358796 0.442448 0.355556 0.440625
0 0.313426 0.443750 0.309722 0.445312 0.307407 0.448698 0.305556 0.454948 0.306481 0.459115 0.309259 0.460938 0.312500 0.461719 0.323148 0.461979 0.329630 0.459115 0.332407 0.455729 0.330556 0.451042 0.323148 0.444792 0.316667 0.443490
0 0.286574 0.443229 0.278704 0.444271 0.275000 0.445833 0.273611 0.447135 0.273611 0.451302 0.277315 0.458073 0.282870 0.460677 0.288889 0.461198 0.297685 0.459635 0.303241 0.456771 0.305093 0.454427 0.306019 0.450260 0.303704 0.446875 0.299537 0.445052 0.293981 0.443750
0 0.267130 0.459115 0.259722 0.461198 0.257407 0.462500 0.257870 0.466406 0.262500 0.469792 0.273148 0.473177 0.275000 0.473177 0.281019 0.471615 0.282870 0.470313 0.284259 0.462500 0.279167 0.459375 0.275000 0.458594
0 0.294907 0.459896 0.289815 0.460938 0.285648 0.462760 0.284259 0.465104 0.283333 0.471094 0.285648 0.473438 0.296759 0.479687 0.302315 0.481250 0.309259 0.479687 0.313889 0.477344 0.317130 0.474740 0.320370 0.470313 0.319444 0.469010 0.315741 0.467448 0.313426 0.462760 0.302315 0.459635
0 0.344444 0.457292 0.336111 0.457292 0.331481 0.458333 0.325463 0.462760 0.324537 0.470313 0.325463 0.472656 0.330556 0.476302 0.336574 0.478646 0.345370 0.477083 0.348611 0.475521 0.350926 0.471094 0.355093 0.467187 0.355093 0.462760 0.354167 0.461719 0.348148 0.458073
0 0.331481 0.478906 0.330093 0.478385 0.323611 0.478125 0.315741 0.478646 0.305093 0.480990 0.298611 0.483333 0.295370 0.485677 0.293519 0.489063 0.293519 0.490625 0.298148 0.495573 0.301852 0.497396 0.307870 0.498698 0.310648 0.498698 0.317593 0.497135 0.332870 0.486458 0.333796 0.481771
0 0.312500 0.501563 0.305556 0.498958 0.300926 0.498437 0.291204 0.501823 0.285648 0.505729 0.285185 0.509896 0.287500 0.512500 0.293056 0.513802 0.302778 0.514062 0.312963 0.511719 0.315278 0.510156 0.316667 0.505729
0 0.329630 0.489063 0.318519 0.497396 0.316667 0.503125 0.317593 0.505729 0.319907 0.507292 0.329167 0.509115 0.337037 0.508854 0.342130 0.505990 0.345370 0.502344 0.344907 0.498698 0.341204 0.493750 0.337037 0.490365 0.333333 0.489323
0 0.281019 0.471875 0.274074 0.474219 0.270833 0.478125 0.269907 0.482552 0.274537 0.487500 0.279630 0.488542 0.288426 0.488281 0.290741 0.487760 0.294444 0.485677 0.298611 0.482292 0.295370 0.478646 0.289352 0.475000
0 0.258796 0.526823 0.256944 0.529948 0.257870 0.535417 0.263426 0.539323 0.267130 0.540365 0.275463 0.539844 0.281944 0.538542 0.285648 0.536719 0.289815 0.533333 0.287500 0.529948 0.278241 0.526563 0.265741 0.525521 0.260648 0.526042
0 0.258333 0.525260 0.250926 0.522656 0.248148 0.522135 0.243981 0.522396 0.225463 0.529167 0.225926 0.533333 0.229630 0.534375 0.244907 0.535677 0.253704 0.535417 0.256019 0.533854 0.256944 0.527604
0 0.431481 0.281250 0.425463 0.280729 0.416667 0.281771 0.409722 0.283854 0.406481 0.286458 0.407407 0.291406 0.411574 0.295833 0.415278 0.297656 0.419907 0.298438 0.429167 0.297396 0.431944 0.296094 0.435185 0.290104 0.438426 0.287240 0.437037 0.283073
0 0.426389 0.297656 0.419907 0.299479 0.410185 0.304948 0.409259 0.308073 0.411111 0.310937 0.420833 0.314844 0.428704 0.316146 0.434259 0.315104 0.438426 0.310417 0.439815 0.306250 0.439815 0.302083 0.438426 0.300521 0.433796 0.298177
0 0.405556 0.309635 0.401389 0.310677 0.397685 0.314063 0.396759 0.317188 0.397222 0.322396 0.402778 0.328906 0.406481 0.329948 0.413426 0.330729 0.420370 0.328906 0.425463 0.326302 0.426389 0.321615 0.422685 0.315625 0.412963 0.311198
0 0.407407 0.336979 0.403241 0.339323 0.401389 0.341667 0.403704 0.346615 0.410648 0.350781 0.420370 0.352865 0.427315 0.353125 0.430093 0.352604 0.432407 0.350781 0.432870 0.344792 0.427315 0.336198 0.424537 0.335156 0.418981 0.334896 0.413426 0.335417
0 0.399537 0.348958 0.390278 0.349479 0.381481 0.353646 0.375000 0.358333 0.374074 0.360417 0.375000 0.363802 0.376389 0.365365 0.385185 0.369792 0.392130 0.370573 0.395370 0.369792 0.399074 0.367969 0.403241 0.364583 0.406944 0.357552 0.406944 0.353385 0.405093 0.351302
0 0.387500 0.375260 0.385185 0.376823 0.384722 0.381250 0.387500 0.384375 0.395370 0.389062 0.399074 0.390365 0.406944 0.390104 0.414815 0.386458 0.416204 0.384896 0.416667 0.380469 0.415741 0.379167 0.412500 0.377604 0.400463 0.373958 0.391204 0.374219
0 0.371296 0.383073 0.369444 0.384375 0.367593 0.388021 0.369907 0.392448 0.382870 0.402344 0.385185 0.402865 0.392593 0.402344 0.396759 0.398958 0.401389 0.392448 0.395370 0.388542 0.386111 0.384375 0.380093 0.383073
0 0.364352 0.391146 0.358333 0.392708 0.352778 0.396354 0.353704 0.399740 0.364352 0.406510 0.371759 0.407552 0.378241 0.404167 0.380093 0.400000 0.375926 0.395313 0.371296 0.392708
0 0.326389 0.381771 0.322685 0.384375 0.323148 0.388281 0.325000 0.390365 0.332407 0.395052 0.337500 0.397135 0.343056 0.397917 0.351852 0.397135 0.357407 0.392969 0.359722 0.389062 0.355556 0.382031 0.352315 0.380729 0.343981 0.379427 0.332407 0.379948
0 0.338889 0.362500 0.324537 0.363021 0.321759 0.364063 0.318981 0.368490 0.318981 0.373958 0.322222 0.376042 0.329167 0.378906 0.339815 0.378125 0.344444 0.377083 0.346296 0.375781 0.347222 0.373958 0.346759 0.367188 0.344907 0.364844
0 0.353241 0.362760 0.348148 0.367708 0.348148 0.371615 0.350000 0.374740 0.355556 0.376823 0.363426 0.378646 0.372222 0.378906 0.377778 0.377865 0.379167 0.377083 0.380556 0.374219 0.380556 0.369010 0.376389 0.365365 0.371759 0.362760 0.365741 0.361198 0.356944 0.361719
0 0.357870 0.339583 0.352315 0.343229 0.345370 0.352865 0.345370 0.357552 0.346759 0.359115 0.350000 0.360677 0.356481 0.360677 0.367593 0.359115 0.373611 0.356771 0.376389 0.354167 0.374537 0.346875 0.372685 0.344792 0.368056 0.342187
0 0.373148 0.334375 0.369907 0.336458 0.368981 0.338542 0.370370 0.341667 0.374074 0.344531 0.382870 0.346875 0.392130 0.348177 0.398148 0.346615 0.400000 0.344531 0.401852 0.337500 0.396759 0.333333 0.393519 0.332552 0.384722 0.332292
0 0.378241 0.311458 0.373611 0.313542 0.369444 0.317708 0.369444 0.322917 0.372685 0.327865 0.376389 0.328906 0.385648 0.329167 0.389815 0.327083 0.394444 0.322656 0.395833 0.319010 0.395370 0.316406 0.393981 0.314583 0.389352 0.312240 0.386574 0.311458
0 0.357407 0.316927 0.345833 0.321094 0.342593 0.325000 0.342593 0.327604 0.344444 0.329427 0.347685 0.330990 0.357407 0.333073 0.364815 0.332813 0.369444 0.330208 0.370833 0.325781 0.368981 0.321354 0.365278 0.318490
0 0.375926 0.285156 0.363889 0.283854 0.357407 0.285156 0.352778 0.288021 0.350463 0.290625 0.349074 0.294271 0.349537 0.297656 0.351389 0.301042 0.356944 0.303646 0.369907 0.303125 0.377778 0.301563 0.380093 0.300521 0.381944 0.297135 0.381944 0.293490 0.378241 0.286458
0 0.378241 0.264323 0.371296 0.265104 0.366667 0.267188 0.356944 0.275260 0.356019 0.279948 0.359259 0.282292 0.364352 0.283854 0.379630 0.285417 0.383333 0.282292 0.384259 0.273177 0.382407 0.266406 0.380556 0.264844
0 0.413426 0.272135 0.406944 0.270833 0.399074 0.270833 0.396296 0.271615 0.388889 0.272135 0.385185 0.273438 0.384259 0.283854 0.388889 0.288281 0.390741 0.288802 0.402778 0.288542 0.409722 0.284115 0.414352 0.282292 0.416667 0.279687 0.416204 0.275000
0 0.391204 0.289323 0.387963 0.290365 0.384722 0.294010 0.384259 0.298958 0.385648 0.302344 0.392593 0.307031 0.400000 0.308333 0.403704 0.306771 0.406481 0.304167 0.410648 0.294531 0.406481 0.290365 0.404167 0.289583
0 0.330093 0.284635 0.321759 0.284635 0.316667 0.285938 0.309259 0.290104 0.306019 0.294271 0.307407 0.299479 0.312037 0.302083 0.322685 0.305208 0.333333 0.303385 0.337037 0.301563 0.338889 0.299219 0.339815 0.293750 0.337963 0.289062 0.336574 0.287500
0 0.318981 0.279167 0.312963 0.275260 0.305556 0.272396 0.301852 0.271875 0.294907 0.272917 0.284722 0.278385 0.280093 0.282292 0.280093 0.287760 0.285185 0.289844 0.295370 0.290885 0.308333 0.289844 0.314352 0.287240 0.319907 0.283333
0 0.266204 0.294531 0.268981 0.299219 0.278241 0.305208 0.287963 0.307812 0.294907 0.307292 0.299537 0.305729 0.300926 0.304167 0.302778 0.298438 0.299537 0.295052 0.296296 0.293229 0.288426 0.291406 0.280556 0.291146 0.269907 0.292969
0 0.294444 0.307292 0.288426 0.309115 0.285185 0.310937 0.282407 0.314844 0.286111 0.318490 0.294444 0.322135 0.302315 0.322656 0.307407 0.320312 0.311111 0.314063 0.306944 0.309896 0.302315 0.307552
0 0.315741 0.311979 0.312037 0.313281 0.308333 0.317708 0.306481 0.322135 0.311111 0.326823 0.315741 0.329427 0.322685 0.331510 0.330093 0.331510 0.339815 0.328646 0.342130 0.326562 0.343519 0.322917 0.342130 0.318229 0.333796 0.313281 0.324074 0.311458
0 0.340278 0.304688 0.337037 0.305990 0.333796 0.310156 0.335648 0.314323 0.343519 0.318229 0.351389 0.318750 0.358796 0.316406 0.361111 0.314844 0.362500 0.310156 0.359259 0.307292 0.356481 0.305729 0.351852 0.304427 0.343056 0.304167
0 0.336574 0.331510 0.329167 0.334896 0.327778 0.336719 0.328241 0.341927 0.329630 0.344792 0.332407 0.346875 0.336574 0.348177 0.345370 0.348438 0.348148 0.347917 0.350926 0.346615 0.355556 0.341667 0.358333 0.340104 0.362500 0.339323 0.363426 0.337760 0.362037 0.334375 0.361111 0.333594 0.352315 0.331510
0 0.323148 0.333594 0.317130 0.333854 0.313426 0.334635 0.306944 0.338021 0.304630 0.340365 0.303704 0.345833 0.305556 0.347656 0.310648 0.350000 0.314815 0.350781 0.323148 0.350260 0.328241 0.345833 0.326852 0.338542
0 0.305093 0.380208 0.302778 0.381510 0.301389 0.383594 0.301389 0.385677 0.303241 0.388542 0.305093 0.389583 0.308796 0.390365 0.318981 0.389583 0.320833 0.388281 0.320833 0.384635 0.316667 0.381771 0.309722 0.379688
0 0.330093 0.393229 0.323148 0.390885 0.315278 0.391146 0.303704 0.395573 0.302778 0.396354 0.302778 0.400781 0.308796 0.407031 0.317130 0.407292 0.323611 0.406771 0.332407 0.404427 0.334259 0.400781 0.333796 0.396354
0 0.281481 0.378906 0.276852 0.380990 0.274074 0.384635 0.274537 0.388542 0.273611 0.392969 0.275000 0.396094 0.281481 0.400000 0.289352 0.400521 0.295833 0.399479 0.300463 0.397396 0.303704 0.392708 0.298611 0.383594 0.296759 0.382031 0.289815 0.378906
0 0.238889 0.376302 0.235185 0.378385 0.233333 0.380469 0.233333 0.384896 0.235648 0.388802 0.239352 0.390625 0.245833 0.391927 0.254630 0.391406 0.259259 0.390365 0.261574 0.389062 0.264352 0.385677 0.264352 0.382552 0.262500 0.379948 0.258333 0.377865 0.247685 0.375260
0 0.217593 0.376823 0.209722 0.379167 0.202778 0.385417 0.200463 0.389062 0.201852 0.390625 0.205093 0.391927 0.211574 0.392708 0.218056 0.394531 0.227315 0.394792 0.229630 0.394010 0.234722 0.388802 0.233333 0.384635 0.224074 0.378125 0.219907 0.376823
0 0.172222 0.370833 0.168981 0.372917 0.168056 0.380990 0.173611 0.385677 0.182407 0.389583 0.188889 0.391146 0.191667 0.391406 0.199537 0.390104 0.207407 0.380990 0.204167 0.376302 0.194907 0.371875 0.184722 0.369010 0.176852 0.369271
0 0.148611 0.381510 0.142593 0.383333 0.132870 0.388542 0.133333 0.392708 0.137963 0.396615 0.143981 0.399219 0.148611 0.400260 0.156481 0.400000 0.160185 0.398698 0.163426 0.396615 0.165741 0.392969 0.165741 0.387500 0.164352 0.384896 0.161111 0.382812 0.157407 0.381771
0 0.141667 0.357292 0.142593 0.361458 0.155556 0.367448 0.163889 0.367188 0.167130 0.365625 0.169907 0.361719 0.169444 0.356771 0.167130 0.354948 0.157407 0.353646 0.149074 0.353646
0 0.104167 0.355729 0.100463 0.359115 0.099537 0.361198 0.100463 0.362760 0.105093 0.365365 0.114815 0.367969 0.120370 0.368750 0.131481 0.367969 0.135185 0.366927 0.138426 0.365104 0.141204 0.361458 0.140741 0.357292 0.136574 0.353385 0.129630 0.351302 0.121296 0.351042 0.116667 0.352344 0.110648 0.353125
0 0.103704 0.338281 0.100463 0.340104 0.096296 0.345313 0.096759 0.349479 0.100463 0.352344 0.107407 0.353646 0.122222 0.351823 0.125463 0.349740 0.125463 0.345573 0.121759 0.341667 0.114815 0.338021 0.106481 0.337500
0 0.127315 0.316146 0.123148 0.315104 0.114352 0.315104 0.109259 0.317448 0.100463 0.324740 0.098611 0.327604 0.098148 0.331510 0.100463 0.336719 0.105556 0.337500 0.114815 0.337500 0.125000 0.333073 0.135185 0.326562 0.135185 0.322135
0 0.081944 0.303906 0.081019 0.307031 0.083333 0.310677 0.088889 0.313542 0.094907 0.315104 0.107870 0.315885 0.115741 0.313802 0.122685 0.310677 0.122685 0.306510 0.117593 0.302083 0.110648 0.298958 0.101389 0.297135 0.092130 0.297135 0.087037 0.298438
0 0.149537 0.269010 0.141667 0.269531 0.137037 0.271094 0.131481 0.276042 0.130556 0.279427 0.132870 0.282292 0.136574 0.285156 0.142130 0.287500 0.150463 0.287240 0.156481 0.285677 0.161111 0.283073 0.163889 0.279427 0.163889 0.274740 0.162500 0.272917 0.159722 0.271354
0 0.196296 0.244010 0.187963 0.244010 0.181019 0.245312 0.178704 0.246354 0.174074 0.250521 0.171296 0.255729 0.171296 0.260156 0.178704 0.265104 0.183333 0.266667 0.191667 0.267188 0.197685 0.266146 0.205093 0.261719 0.210185 0.255990 0.210185 0.251563 0.207407 0.247135 0.205093 0.245573
0 0.211574 0.232813 0.204630 0.235937 0.204630 0.244010 0.212037 0.254427 0.220833 0.260937 0.225926 0.261979 0.227778 0.260937 0.233796 0.253906 0.234259 0.249740 0.232870 0.243750 0.224537 0.238542 0.218519 0.233594
0 0.241204 0.248958 0.236574 0.250781 0.235185 0.254948 0.238889 0.263281 0.241667 0.265365 0.245833 0.266927 0.253704 0.266667 0.266204 0.259635 0.267130 0.255729 0.265741 0.252604 0.262500 0.250781 0.254630 0.248438 0.245833 0.248177
0 0.293519 0.252083 0.286111 0.253646 0.281944 0.255729 0.280556 0.258073 0.280556 0.261979 0.282407 0.265885 0.285185 0.268750 0.289815 0.270833 0.295833 0.272396 0.303241 0.271615 0.307870 0.269792 0.310185 0.267969 0.312037 0.263542 0.310648 0.259375 0.305093 0.254948 0.300000 0.252604
0 0.312500 0.264583 0.310648 0.267448 0.311574 0.271094 0.324537 0.280729 0.327778 0.281510 0.339815 0.281250 0.343981 0.280208 0.349537 0.276042 0.350926 0.271094 0.347685 0.266927 0.344444 0.265104 0.330093 0.262240 0.317593 0.262760 0.314815 0.263281
0 0.397685 0.249219 0.393056 0.249740 0.388426 0.251563 0.387037 0.255990 0.393981 0.265885 0.399537 0.268490 0.404630 0.265885 0.410185 0.261198 0.413426 0.255208 0.412037 0.252083 0.409722 0.250781 0.402778 0.249479
0 0.357407 0.251302 0.350926 0.255729 0.350000 0.259635 0.354630 0.263802 0.361111 0.264583 0.368519 0.264323 0.372685 0.263281 0.379167 0.259896 0.379167 0.255469 0.374537 0.253125 0.365741 0.251042
0 0.312037 0.244010 0.314815 0.252344 0.318981 0.255729 0.324537 0.258073 0.333796 0.259115 0.343056 0.258594 0.350463 0.255208 0.355093 0.252083 0.351389 0.247917 0.344444 0.245312 0.332407 0.243490 0.317130 0.242188 0.314815 0.242448
0 0.275926 0.269531 0.268519 0.267969 0.256944 0.268229 0.248148 0.270052 0.242593 0.272917 0.240741 0.275000 0.241204 0.280208 0.243519 0.282813 0.250926 0.287760 0.261574 0.288281 0.266667 0.287500 0.276389 0.284635 0.283333 0.279687 0.284722 0.275260
0 0.204630 0.264062 0.200000 0.265625 0.194907 0.271354 0.195370 0.275521 0.199537 0.283333 0.204630 0.286458 0.211574 0.288021 0.217593 0.287760 0.223148 0.285938 0.227315 0.282813 0.228704 0.280208 0.229167 0.275781 0.226389 0.269792 0.218519 0.265365 0.212037 0.264062
0 0.168519 0.270573 0.165741 0.271615 0.163889 0.275000 0.163426 0.279687 0.165278 0.283333 0.170370 0.286979 0.176852 0.290104 0.184722 0.290365 0.187963 0.289583 0.194907 0.285938 0.197685 0.283333 0.197222 0.278646 0.194907 0.274740 0.193056 0.273438 0.183796 0.270313 0.175926 0.269792
0 0.176852 0.303646 0.171759 0.306510 0.169444 0.310156 0.170370 0.314323 0.172685 0.316667 0.183333 0.322656 0.189352 0.323437 0.197685 0.323177 0.199537 0.322656 0.203241 0.320312 0.206019 0.315625 0.206019 0.313802 0.201389 0.308333 0.193981 0.303906 0.190741 0.302865 0.183333 0.302344
0 0.174074 0.326562 0.172222 0.324219 0.166204 0.320833 0.164352 0.320312 0.155556 0.320833 0.137500 0.325521 0.130556 0.329948 0.131019 0.334115 0.137963 0.336719 0.150000 0.339323 0.156944 0.339583 0.166667 0.338802 0.171759 0.336979 0.174074 0.335156 0.175463 0.330469
0 0.198611 0.336719 0.190278 0.336979 0.182407 0.338281 0.176389 0.340104 0.174537 0.341667 0.174537 0.346354 0.176852 0.350000 0.183796 0.355469 0.190278 0.357292 0.198148 0.357031 0.201389 0.355990 0.206019 0.353385 0.208333 0.346875 0.208333 0.341667 0.205093 0.338021
0 0.225926 0.336979 0.219907 0.337240 0.215741 0.338281 0.211574 0.340885 0.208333 0.345313 0.207407 0.348177 0.207870 0.353646 0.210648 0.355729 0.218056 0.357552 0.226389 0.357812 0.232870 0.356250 0.234259 0.354427 0.235648 0.350521 0.234259 0.343229 0.231481 0.339583 0.228704 0.337760
0 0.231481 0.357292 0.229167 0.359115 0.228241 0.361458 0.230093 0.363542 0.231944 0.371354 0.240741 0.371615 0.244444 0.370833 0.251389 0.366667 0.251852 0.364323 0.250463 0.362500 0.244907 0.359375 0.241667 0.358333
0 0.196296 0.357812 0.194444 0.359896 0.194444 0.366667 0.197222 0.369531 0.202315 0.372396 0.209259 0.375000 0.217593 0.375781 0.224537 0.375000 0.230093 0.372917 0.231481 0.370312 0.230556 0.364583 0.228241 0.361979 0.223148 0.358594 0.219907 0.357812 0.205093 0.356510
0 0.264815 0.339583 0.252778 0.339062 0.249074 0.340104 0.245833 0.341927 0.243981 0.344792 0.243519 0.357552 0.246296 0.360156 0.253241 0.361979 0.259722 0.360156 0.263889 0.357552 0.271759 0.346094 0.269907 0.341927 0.267130 0.340104
0 0.238889 0.314583 0.231019 0.313542 0.224537 0.314063 0.220833 0.315365 0.209722 0.322135 0.211111 0.326562 0.225000 0.332292 0.232870 0.332292 0.237500 0.330208 0.241667 0.326302 0.242130 0.321094 0.243981 0.318229 0.242130 0.316146
0 0.211574 0.293490 0.205556 0.298438 0.204167 0.301563 0.205093 0.306250 0.207407 0.308594 0.214815 0.312760 0.218056 0.313802 0.227778 0.313802 0.234722 0.312760 0.238889 0.307292 0.237963 0.303385 0.236111 0.301042 0.226852 0.297135 0.219907 0.292708 0.218056 0.292448
0 0.231944 0.281250 0.228241 0.282031 0.219907 0.286979 0.220833 0.291406 0.224074 0.294271 0.230093 0.296875 0.234722 0.297135 0.241204 0.295833 0.247222 0.293229 0.250000 0.286979 0.241204 0.282031
0 0.237963 0.297656 0.237037 0.299740 0.239352 0.304167 0.242593 0.307031 0.251852 0.312500 0.255556 0.313542 0.261574 0.314063 0.267593 0.313281 0.270833 0.311719 0.273611 0.307552 0.273611 0.302865 0.265741 0.297656 0.248148 0.295573 0.242130 0.296094
0 0.276389 0.315365 0.268981 0.313542 0.264815 0.313542 0.257407 0.314323 0.245833 0.317188 0.243519 0.319010 0.242130 0.321875 0.241667 0.326302 0.242593 0.327344 0.247685 0.329948 0.253241 0.331771 0.261111 0.332292 0.266204 0.331250 0.275000 0.327083 0.278704 0.323177 0.279630 0.317969
0 0.275463 0.333854 0.273148 0.337500 0.275000 0.342448 0.277315 0.345573 0.284722 0.350000 0.291204 0.350000 0.301852 0.345313 0.303241 0.342187 0.300463 0.337500 0.295370 0.334115 0.288426 0.333073
0 0.287963 0.348438 0.273611 0.354948 0.269907 0.357552 0.277778 0.360156 0.285648 0.364063 0.289815 0.364583 0.295370 0.363021 0.298611 0.359635 0.299537 0.357292 0.295370 0.351562
0 0.309259 0.357292 0.300926 0.358854 0.297222 0.360938 0.293981 0.363542 0.289815 0.368750 0.289815 0.373698 0.294444 0.376302 0.301852 0.378125 0.311111 0.378125 0.317593 0.374740 0.320833 0.365365 0.319907 0.361719
0 0.274537 0.357552 0.266204 0.358073 0.262500 0.359115 0.256019 0.362500 0.253704 0.365104 0.252315 0.369010 0.249074 0.372396 0.249537 0.374219 0.252778 0.377083 0.255556 0.377344 0.260185 0.378906 0.274537 0.379948 0.281481 0.376823 0.286111 0.370052 0.285185 0.365104 0.281481 0.361198
0 0.193981 0.193229 0.181944 0.193229 0.177315 0.194531 0.167593 0.201042 0.167130 0.205208 0.171296 0.208333 0.176852 0.209896 0.184722 0.210677 0.191204 0.208594 0.196296 0.205208 0.197222 0.202604 0.197222 0.196875 0.196296 0.194792
0 0.142130 0.201823 0.134722 0.203646 0.126852 0.207552 0.125463 0.208854 0.124074 0.213021 0.127778 0.216667 0.132407 0.219010 0.142130 0.220573 0.149537 0.220312 0.153241 0.218750 0.158333 0.213021 0.160185 0.204948 0.157407 0.203125 0.154167 0.202344
0 0.107870 0.197917 0.100000 0.197656 0.089352 0.201042 0.087963 0.202865 0.087500 0.205729 0.088889 0.209115 0.100463 0.215625 0.106944 0.215104 0.111574 0.213021 0.115741 0.212240 0.118056 0.210938 0.118981 0.209375 0.117593 0.201042 0.114352 0.199479
0 0.105556 0.215365 0.103241 0.217708 0.102778 0.221094 0.104630 0.224740 0.107407 0.227604 0.110648 0.229427 0.113889 0.230469 0.121759 0.230729 0.133796 0.227865 0.135185 0.225781 0.134259 0.221094 0.129167 0.217188 0.121759 0.213542 0.113889 0.212500
0 0.118056 0.234115 0.116204 0.236198 0.117593 0.240885 0.118981 0.242448 0.125463 0.245573 0.142130 0.247656 0.149537 0.247135 0.154630 0.244010 0.156019 0.240104 0.153241 0.236198 0.150000 0.234375 0.135648 0.229167 0.127778 0.229427
0 0.097685 0.241406 0.095833 0.242969 0.095833 0.248438 0.100463 0.253646 0.104167 0.255990 0.107870 0.257292 0.114815 0.257552 0.118981 0.256250 0.124537 0.252083 0.125000 0.247656 0.122685 0.244792 0.118519 0.242708 0.112500 0.241667 0.104167 0.240885
0 0.156019 0.225521 0.152778 0.229167 0.151852 0.233854 0.157407 0.244271 0.162963 0.247135 0.170833 0.246875 0.181019 0.244010 0.183796 0.241406 0.182870 0.236198 0.180093 0.233594 0.170833 0.228125 0.163426 0.226042
0 0.160648 0.210938 0.155556 0.215104 0.153704 0.217708 0.153241 0.220833 0.156481 0.224479 0.160648 0.226302 0.169907 0.227865 0.181019 0.227344 0.185648 0.226302 0.187963 0.224479 0.188889 0.219792 0.187500 0.215885 0.183796 0.211719 0.179167 0.209635 0.171296 0.208854
0 0.222222 0.209115 0.212963 0.206250 0.209722 0.206250 0.206019 0.207292 0.200000 0.211979 0.194444 0.220312 0.196759 0.223958 0.205093 0.224219 0.211574 0.222656 0.216667 0.220833 0.223611 0.216927 0.225926 0.212500
0 0.267593 0.195052 0.260648 0.195573 0.255093 0.197135 0.246296 0.197656 0.243519 0.199479 0.242593 0.205729 0.246296 0.211719 0.253241 0.214844 0.266667 0.214583 0.275463 0.209375 0.278241 0.201302 0.275926 0.198177
0 0.281944 0.197656 0.279630 0.198437 0.277778 0.201042 0.276389 0.206510 0.276852 0.210156 0.280093 0.212500 0.283796 0.213542 0.295370 0.214323 0.304167 0.210677 0.305093 0.208333 0.303704 0.202865 0.301852 0.201042 0.295370 0.197917 0.290278 0.197135
0 0.322685 0.192969 0.315741 0.194531 0.312037 0.196615 0.306944 0.202344 0.306019 0.209635 0.307407 0.211979 0.309259 0.213021 0.323148 0.215365 0.328704 0.213802 0.336574 0.204948 0.333796 0.201563 0.333333 0.197135 0.331944 0.195312 0.328241 0.193750
0 0.351389 0.202604 0.343056 0.203385 0.339815 0.204427 0.335648 0.206771 0.329630 0.212760 0.328241 0.217448 0.330556 0.220312 0.333796 0.222135 0.339352 0.223438 0.345370 0.223958 0.351389 0.223177 0.356944 0.220833 0.360648 0.216667 0.361574 0.212500 0.359722 0.208854 0.355556 0.204687
0 0.343981 0.193750 0.336111 0.193750 0.333333 0.194271 0.332407 0.195052 0.332407 0.202344 0.336574 0.206771 0.339815 0.204948 0.347685 0.203385 0.350926 0.201563 0.348611 0.197135
0 0.349074 0.181510 0.345370 0.182812 0.343981 0.184635 0.343519 0.190625 0.344444 0.193750 0.351389 0.201563 0.355556 0.203646 0.358796 0.203906 0.362963 0.202865 0.366204 0.201042 0.368981 0.198177 0.370833 0.194271 0.370833 0.186198 0.369444 0.184115 0.364815 0.181771 0.357870 0.180990
0 0.345370 0.180729 0.336574 0.179948 0.330556 0.182812 0.323148 0.185156 0.320833 0.188542 0.320833 0.190365 0.322222 0.192188 0.329167 0.194271 0.341667 0.193229 0.343519 0.191667 0.344444 0.185156 0.346759 0.182031
0 0.300463 0.166146 0.295833 0.167708 0.293981 0.170573 0.289815 0.173698 0.290741 0.177344 0.294907 0.182031 0.298148 0.184115 0.301852 0.185417 0.309722 0.186198 0.319444 0.183333 0.324074 0.177865 0.323611 0.173437 0.319907 0.170052 0.314352 0.167708 0.309259 0.166406
0 0.351852 0.160156 0.343056 0.160417 0.339352 0.161198 0.329630 0.165885 0.328704 0.170052 0.330556 0.173958 0.336574 0.177604 0.342593 0.179427 0.345833 0.179167 0.350926 0.177604 0.356944 0.174219 0.359259 0.171094 0.359259 0.165365 0.356481 0.161719
0 0.308796 0.136458 0.303241 0.138542 0.300463 0.142187 0.301389 0.146875 0.305093 0.150260 0.310648 0.152344 0.314352 0.153125 0.323148 0.152865 0.327778 0.150521 0.329630 0.147396 0.329167 0.142708 0.326852 0.139323 0.323611 0.136979 0.317593 0.135937
0 0.350926 0.127344 0.336574 0.127344 0.331019 0.128646 0.327315 0.130990 0.325926 0.134375 0.326852 0.138542 0.329630 0.141927 0.332407 0.143750 0.339352 0.144010 0.343981 0.143490 0.352778 0.141146 0.356019 0.139323 0.359722 0.134896 0.358333 0.130729
0 0.356944 0.140625 0.348148 0.144531 0.345370 0.147917 0.341667 0.150260 0.342593 0.153385 0.350463 0.158073 0.356944 0.159115 0.365278 0.159115 0.371296 0.157552 0.375463 0.154427 0.375926 0.150260 0.373148 0.146094 0.363426 0.141146
0 0.376389 0.146354 0.376389 0.151042 0.378241 0.153385 0.381019 0.154427 0.391667 0.156250 0.399537 0.155729 0.407407 0.154427 0.407870 0.149740 0.403704 0.144271 0.401852 0.142969 0.392593 0.140104 0.385185 0.139844
0 0.399074 0.155208 0.394907 0.156771 0.390741 0.161458 0.391667 0.169010 0.397222 0.174740 0.400926 0.177083 0.405093 0.178385 0.414815 0.177865 0.421759 0.175521 0.424074 0.173958 0.425000 0.169010 0.423148 0.165365 0.410648 0.155990 0.407870 0.155208
0 0.380093 0.156771 0.373148 0.157031 0.368519 0.158594 0.365741 0.160417 0.364815 0.162240 0.361111 0.165365 0.360185 0.169531 0.360648 0.174219 0.363889 0.176302 0.372222 0.176563 0.382870 0.172656 0.388889 0.169531 0.389815 0.167708 0.389352 0.161719 0.387037 0.159635
0 0.385648 0.184896 0.377315 0.186458 0.374537 0.188021 0.372222 0.190625 0.370833 0.197917 0.372685 0.201042 0.375926 0.202083 0.386111 0.202083 0.392593 0.200260 0.398148 0.197396 0.399074 0.193229 0.393519 0.188281
0 0.386574 0.204948 0.384722 0.209115 0.392130 0.212500 0.399074 0.216927 0.406481 0.216667 0.412963 0.214323 0.420833 0.213021 0.422685 0.208854 0.418981 0.203125 0.415278 0.200781 0.406481 0.197656 0.398148 0.197656 0.393056 0.200000
0 0.364352 0.211198 0.362500 0.212240 0.360648 0.214844 0.358796 0.220833 0.364815 0.225521 0.371296 0.229167 0.378704 0.229427 0.387963 0.226562 0.390741 0.225000 0.392593 0.221875 0.392593 0.219792 0.389815 0.215104 0.387037 0.213802 0.372685 0.211198
0 0.357870 0.230469 0.353241 0.232552 0.350926 0.236198 0.352315 0.240104 0.358333 0.245573 0.362500 0.247135 0.365278 0.247396 0.368519 0.246354 0.376389 0.241406 0.377778 0.236198 0.375463 0.233594 0.371296 0.230990 0.366204 0.230208
0 0.400463 0.225260 0.391667 0.226042 0.387963 0.228906 0.385185 0.240365 0.387037 0.244531 0.391667 0.247135 0.408796 0.245573 0.410185 0.244531 0.410648 0.240365 0.413889 0.235677 0.413889 0.232292 0.411111 0.229427 0.408333 0.227604
0 0.292593 0.234635 0.289815 0.234115 0.278704 0.234375 0.266204 0.239844 0.262037 0.243750 0.262500 0.248698 0.265741 0.251302 0.270833 0.253125 0.277778 0.253385 0.292130 0.251042 0.298148 0.248698 0.300463 0.245052 0.300463 0.243229 0.298148 0.239323
0 0.288426 0.215365 0.280093 0.216146 0.274537 0.218490 0.272222 0.221094 0.271759 0.228906 0.278241 0.233073 0.281019 0.233854 0.295370 0.233594 0.298148 0.232031 0.300463 0.229167 0.300000 0.224740 0.298148 0.220833 0.294907 0.218229
0 0.252778 0.215104 0.246759 0.217708 0.243056 0.220312 0.243981 0.224740 0.258333 0.232813 0.265278 0.232813 0.268981 0.231250 0.270833 0.229167 0.270833 0.220573 0.269444 0.219010 0.263889 0.215885 0.258333 0.215104
0 0.308796 0.213802 0.300463 0.219010 0.299074 0.220573 0.300000 0.225000 0.301852 0.227083 0.306481 0.229687 0.315741 0.232552 0.327315 0.232031 0.329630 0.230469 0.331019 0.225260 0.327778 0.218750 0.324074 0.216146 0.318519 0.214583
0 0.322685 0.626042 0.319907 0.627604 0.317130 0.630729 0.319444 0.636198 0.329630 0.643750 0.337037 0.642969 0.340741 0.641667 0.343056 0.639844 0.344907 0.634896 0.347685 0.630990 0.346759 0.628906 0.343519 0.626563 0.331019 0.625781
0 0.350463 0.629167 0.346296 0.633333 0.344444 0.637760 0.346296 0.642188 0.350926 0.644792 0.356019 0.645833 0.369444 0.644792 0.371296 0.643490 0.374074 0.639323 0.374074 0.634375 0.371759 0.631510 0.368981 0.629948 0.364352 0.628906 0.353704 0.628646
0 0.308796 0.635156 0.305093 0.638542 0.304167 0.640885 0.304167 0.646615 0.305556 0.650000 0.306944 0.651563 0.309722 0.652604 0.317130 0.652865 0.321296 0.652083 0.325926 0.650521 0.329167 0.646875 0.328241 0.642448 0.322685 0.638281 0.316204 0.635417
0 0.170370 0.092969 0.163426 0.093490 0.157870 0.095312 0.151852 0.099740 0.148611 0.103385 0.148148 0.107552 0.160648 0.111458 0.169444 0.111458 0.176852 0.110156 0.181944 0.106771 0.182407 0.102604 0.181019 0.099740 0.176389 0.095573
0 0.221296 0.068229 0.219907 0.069792 0.219444 0.073438 0.221759 0.077604 0.227315 0.081250 0.230556 0.082292 0.239815 0.082552 0.243519 0.079167 0.244907 0.076563 0.245833 0.071094 0.244444 0.068229 0.239352 0.066406 0.231481 0.066146
0 0.250000 0.068229 0.248611 0.070833 0.248611 0.072917 0.250000 0.075000 0.260185 0.079167 0.264815 0.078646 0.266204 0.077344 0.267130 0.071875 0.265741 0.070312 0.262500 0.068750 0.253704 0.067708
0 0.274074 0.066146 0.269444 0.068490 0.265741 0.072135 0.264815 0.075000 0.265741 0.078906 0.269907 0.081771 0.280556 0.084896 0.288426 0.085677 0.293056 0.083594 0.295833 0.080208 0.295833 0.072135 0.293519 0.068229 0.287963 0.066667
0 0.323148 0.065885 0.316667 0.064844 0.311111 0.065104 0.306019 0.066146 0.302315 0.067969 0.298611 0.072656 0.297685 0.080469 0.299074 0.082031 0.304167 0.084375 0.310185 0.085156 0.321296 0.083854 0.325926 0.082552 0.331944 0.079167 0.332870 0.077604 0.332407 0.071875 0.328241 0.068229
0 0.339815 0.064323 0.337037 0.067448 0.334722 0.068750 0.332870 0.071615 0.332870 0.077083 0.334722 0.080469 0.340741 0.082292 0.342593 0.084115 0.350463 0.086458 0.357407 0.087500 0.367130 0.086719 0.368981 0.084896 0.368981 0.079687 0.366204 0.074740 0.360185 0.070052 0.352778 0.067448 0.348611 0.064323 0.345370 0.063542 0.342593 0.063542
0 0.405093 0.072135 0.388889 0.066146 0.385185 0.065625 0.381019 0.066406 0.375926 0.068750 0.373148 0.071354 0.370370 0.076042 0.371296 0.080469 0.375000 0.082292 0.377778 0.082812 0.387037 0.082812 0.390278 0.082292 0.393981 0.080729 0.399537 0.076823 0.406944 0.076302
0 0.418981 0.070052 0.416667 0.072135 0.416667 0.076302 0.418056 0.079948 0.420833 0.082292 0.429167 0.086719 0.436574 0.087500 0.441667 0.087500 0.444444 0.086719 0.447685 0.084115 0.450000 0.078906 0.450463 0.075521 0.449074 0.071354 0.442593 0.069010 0.436111 0.068229 0.425926 0.068490
0 0.441667 0.087760 0.435185 0.087240 0.430093 0.087760 0.427315 0.088542 0.422685 0.091406 0.424074 0.097396 0.425926 0.100521 0.427778 0.101823 0.434722 0.102604 0.441667 0.099479 0.445833 0.092448 0.445370 0.090365
0 0.427315 0.102083 0.418056 0.103385 0.412500 0.107292 0.411111 0.110677 0.411111 0.114062 0.412500 0.116927 0.415278 0.118229 0.418519 0.118750 0.427778 0.118750 0.430556 0.117969 0.437963 0.111458 0.437037 0.107813 0.434259 0.104948
0 0.397222 0.123958 0.393056 0.125000 0.384722 0.130729 0.382407 0.133854 0.382407 0.135417 0.384259 0.137760 0.388426 0.139844 0.392130 0.140365 0.398611 0.142448 0.406481 0.142448 0.411111 0.139844 0.414352 0.136719 0.415278 0.134635 0.414815 0.128646 0.412963 0.126562 0.407870 0.124219
0 0.378704 0.115885 0.369444 0.115885 0.367130 0.116406 0.365278 0.117708 0.363426 0.121354 0.359722 0.125260 0.359259 0.130990 0.362037 0.136198 0.364352 0.137240 0.372685 0.137500 0.376852 0.136719 0.379630 0.135156 0.387500 0.127865 0.389352 0.122917 0.383333 0.118229
0 0.400000 0.106510 0.391204 0.106510 0.387963 0.107552 0.381944 0.111719 0.380093 0.114323 0.380093 0.115625 0.382870 0.118490 0.392130 0.123958 0.401852 0.122656 0.408333 0.119010 0.409259 0.115104 0.407407 0.110677 0.405556 0.108594
0 0.405556 0.090365 0.400000 0.090885 0.396296 0.092708 0.393981 0.095312 0.393981 0.099479 0.398148 0.105729 0.403241 0.107031 0.406944 0.107292 0.412037 0.105729 0.415741 0.103646 0.417130 0.098958 0.414815 0.093229 0.411574 0.091667
0 0.399074 0.076563 0.393519 0.080990 0.393056 0.085156 0.395370 0.089063 0.399074 0.090625 0.406944 0.090885 0.412963 0.092448 0.420833 0.091927 0.425000 0.087500 0.422685 0.083854 0.419444 0.081510 0.411111 0.077083 0.406481 0.075781
0 0.342130 0.084896 0.334259 0.086198 0.329167 0.087760 0.326852 0.089583 0.326389 0.092448 0.328704 0.096354 0.333333 0.101042 0.337500 0.102604 0.345370 0.103385 0.350463 0.101562 0.355556 0.097135 0.356944 0.093750 0.356944 0.089583 0.356019 0.087760 0.344444 0.084896
0 0.306481 0.084896 0.302778 0.086458 0.296759 0.091406 0.298611 0.095833 0.302778 0.098958 0.306944 0.100260 0.314352 0.101562 0.323148 0.100781 0.326852 0.096094 0.325463 0.092188 0.325926 0.087500 0.322685 0.085156 0.316667 0.084115
0 0.267130 0.082812 0.263889 0.084635 0.260185 0.085677 0.258333 0.087760 0.257407 0.090885 0.258333 0.097135 0.260185 0.099219 0.262963 0.100000 0.269907 0.100521 0.274074 0.101823 0.281481 0.101042 0.287963 0.098698 0.292593 0.095833 0.292130 0.091406 0.288426 0.086719 0.285648 0.085417 0.274537 0.082812
0 0.233796 0.082292 0.225463 0.082031 0.220833 0.086719 0.218519 0.095833 0.226389 0.097135 0.236111 0.093750 0.243519 0.091927 0.241667 0.087500 0.237963 0.084375
0 0.238889 0.092188 0.228241 0.095833 0.227315 0.098177 0.227778 0.101042 0.231019 0.103906 0.238889 0.106771 0.246759 0.107292 0.254167 0.103125 0.257870 0.099740 0.256481 0.095573 0.251389 0.092708 0.247222 0.091927
0 0.260648 0.100260 0.256481 0.101562 0.248611 0.106250 0.245833 0.109896 0.245833 0.111719 0.254167 0.115365 0.262963 0.116146 0.270833 0.115625 0.275000 0.113802 0.277315 0.111719 0.278241 0.106771 0.276852 0.103906 0.273148 0.101302 0.270370 0.100521