0 0.273611 0.360938 0.268519 0.365104 0.268519 0.369531 0.272685 0.373177 0.277315 0.376042 0.280556 0.377083 0.288426 0.377865 0.294907 0.376563 0.297685 0.375000 0.300926 0.369792 0.301389 0.364583 0.300000 0.363021 0.289352 0.359896 0.280093 0.359896
0 0.288889 0.342448 0.280556 0.342448 0.274074 0.343229 0.268056 0.345313 0.265741 0.347135 0.264352 0.349219 0.265278 0.355208 0.266204 0.356510 0.271759 0.359635 0.273611 0.360156 0.287500 0.359635 0.292130 0.358594 0.296296 0.356250 0.298148 0.353646 0.297685 0.347656 0.296296 0.345833
0 0.224074 0.353646 0.223148 0.356250 0.223611 0.364844 0.231481 0.368750 0.239815 0.371094 0.242593 0.369792 0.256019 0.366406 0.258796 0.364583 0.260648 0.360938 0.258333 0.357292 0.254167 0.355208 0.234259 0.352865 0.225463 0.352865
0 0.208796 0.365104 0.204630 0.367708 0.202778 0.371615 0.202778 0.374479 0.204630 0.378125 0.208333 0.379948 0.217593 0.381510 0.225926 0.381250 0.232407 0.380208 0.236111 0.377865 0.237037 0.375781 0.237037 0.372135 0.235648 0.370312 0.223148 0.365104 0.219907 0.364583 0.211111 0.364583
0 0.174074 0.384375 0.174074 0.389323 0.175463 0.391146 0.179630 0.393490 0.183796 0.394531 0.193056 0.394531 0.198148 0.393750 0.204167 0.390885 0.206019 0.388802 0.204630 0.383333 0.199074 0.381250 0.183796 0.380729 0.177315 0.382031
0 0.148611 0.342708 0.145833 0.345052 0.146296 0.350000 0.149074 0.353125 0.153241 0.355729 0.163889 0.359375 0.170833 0.359375 0.176389 0.357292 0.179630 0.353646 0.181019 0.349740 0.179167 0.345833 0.176389 0.343750 0.171759 0.342187 0.166204 0.341406 0.155556 0.341406
0 0.254167 0.326302 0.247222 0.324740 0.239352 0.324740 0.225463 0.326562 0.218519 0.328646 0.216204 0.330469 0.215278 0.334635 0.218519 0.339844 0.225000 0.343229 0.231019 0.344271 0.238889 0.343490 0.244907 0.341927 0.251389 0.338281 0.256481 0.333073 0.257870 0.329948
0 0.261111 0.301563 0.256019 0.303125 0.250463 0.307031 0.249537 0.311198 0.251852 0.314844 0.260648 0.319271 0.267130 0.320833 0.275926 0.320833 0.280093 0.319792 0.284259 0.317708 0.286574 0.314323 0.286574 0.309115 0.284722 0.305469 0.280093 0.302604 0.275000 0.301042 0.267130 0.300521
0 0.302315 0.366146 0.297685 0.376563 0.298148 0.381510 0.300000 0.384896 0.305093 0.387240 0.309722 0.388281 0.317593 0.388281 0.323148 0.387500 0.328704 0.384896 0.331944 0.381510 0.331481 0.376823 0.330093 0.375000 0.326852 0.372656 0.318981 0.369792 0.312963 0.366667 0.309259 0.365625
0 0.344907 0.362240 0.337500 0.363021 0.334259 0.364063 0.331944 0.365885 0.330093 0.369010 0.330093 0.373177 0.333333 0.381250 0.335648 0.382812 0.341204 0.383594 0.344444 0.383594 0.355093 0.378906 0.358333 0.374479 0.359722 0.370052 0.359259 0.367708 0.354167 0.364063 0.351389 0.363021
0 0.420370 0.371094 0.412963 0.371875 0.412500 0.372917 0.405093 0.376823 0.402778 0.380729 0.408333 0.385156 0.412037 0.386719 0.422222 0.386979 0.427315 0.386198 0.430093 0.385156 0.431944 0.382812 0.432407 0.379167 0.431481 0.376563 0.426389 0.373177
0 0.425463 0.355729 0.419907 0.358073 0.413426 0.362760 0.411574 0.364844 0.412963 0.369531 0.418056 0.371354 0.425463 0.372917 0.435648 0.373177 0.443519 0.372135 0.446296 0.370573 0.448611 0.366667 0.448611 0.364323 0.445370 0.358854 0.441667 0.356771 0.435185 0.354948
0 0.361574 0.365104 0.358796 0.371354 0.357870 0.377344 0.361111 0.380729 0.364815 0.382812 0.370370 0.384115 0.378704 0.383594 0.386111 0.379948 0.392593 0.377865 0.392130 0.372396 0.380093 0.365625 0.372222 0.364063
0 0.364815 0.344271 0.357407 0.344010 0.351389 0.345052 0.349074 0.346094 0.346296 0.349219 0.344907 0.353906 0.347222 0.360417 0.350463 0.362500 0.356481 0.363802 0.364815 0.362760 0.371759 0.359896 0.375000 0.357292 0.376389 0.354687 0.376389 0.352344 0.374074 0.347917
0 0.310185 0.346615 0.304630 0.347917 0.300000 0.350521 0.298148 0.353646 0.297685 0.357552 0.301852 0.363802 0.304167 0.365104 0.316667 0.366406 0.324074 0.363802 0.326389 0.361719 0.328241 0.358333 0.327778 0.353385 0.320370 0.347656 0.316667 0.346615
0 0.294907 0.327344 0.287963 0.329688 0.284259 0.332292 0.283333 0.335677 0.285185 0.340365 0.287963 0.342187 0.295833 0.345313 0.300926 0.346354 0.309259 0.346094 0.312500 0.344792 0.315278 0.341667 0.316204 0.337500 0.314815 0.333333 0.310648 0.329167 0.308796 0.328385 0.302778 0.327083
0 0.300000 0.311979 0.292593 0.315885 0.290741 0.318229 0.290741 0.322396 0.298148 0.326302 0.308333 0.328125 0.316204 0.327604 0.320370 0.326302 0.322222 0.324219 0.322685 0.321615 0.319907 0.314583 0.315278 0.312240 0.310185 0.310677
0 0.322685 0.293750 0.313889 0.296094 0.310648 0.297656 0.309259 0.300521 0.309722 0.304427 0.313426 0.310156 0.318056 0.313281 0.322685 0.314063 0.329167 0.316146 0.335185 0.315365 0.337037 0.314323 0.338889 0.306771 0.337963 0.303125 0.335648 0.298958 0.332870 0.296615 0.329167 0.294792
0 0.370833 0.326042 0.366667 0.327865 0.362500 0.333073 0.361574 0.338021 0.363426 0.342708 0.366667 0.345052 0.371296 0.346615 0.379630 0.346615 0.384722 0.345833 0.387963 0.344531 0.391204 0.341667 0.393056 0.337760 0.390741 0.334115 0.387500 0.331510 0.380556 0.328646
0 0.397685 0.336979 0.390741 0.341146 0.388889 0.346094 0.393981 0.351562 0.398148 0.353906 0.405093 0.355208 0.414352 0.354687 0.421296 0.352344 0.424074 0.349479 0.425463 0.344531 0.423148 0.341146 0.418981 0.338281 0.415278 0.336719 0.407870 0.335938
0 0.365278 0.383333 0.357870 0.384896 0.348611 0.389062 0.348148 0.398438 0.351852 0.401302 0.356481 0.402604 0.362037 0.401823 0.370370 0.397396 0.375926 0.392969 0.375000 0.388281 0.373148 0.386198
0 0.572685 0.333073 0.568056 0.337500 0.568981 0.341927 0.572222 0.346094 0.586574 0.351302 0.593981 0.351302 0.596296 0.350521 0.599537 0.347917 0.602315 0.342448 0.600926 0.337760 0.597685 0.333854 0.593981 0.332031 0.587963 0.331250 0.575926 0.332292
0 0.613889 0.324219 0.607407 0.326042 0.602315 0.333854 0.602315 0.338802 0.605556 0.342448 0.612500 0.344271 0.615741 0.344531 0.624074 0.342969 0.627778 0.341406 0.629630 0.338542 0.630093 0.332292 0.628704 0.328906 0.625463 0.326302 0.621296 0.324740
0 0.517130 0.339583 0.506019 0.339062 0.501852 0.339583 0.494444 0.342187 0.489815 0.345833 0.488889 0.349479 0.493519 0.354427 0.503241 0.357292 0.511574 0.356771 0.515741 0.355469 0.521296 0.352344 0.524537 0.345052 0.524074 0.341667
0 0.567130 0.337760 0.561111 0.336458 0.556944 0.336458 0.550926 0.337240 0.540741 0.340625 0.532870 0.345573 0.529630 0.350000 0.534722 0.352344 0.545833 0.353646 0.555093 0.353385 0.565741 0.351562 0.571296 0.346354 0.569907 0.341406
0 0.515741 0.325781 0.513426 0.326823 0.512500 0.329948 0.510185 0.333073 0.511574 0.337760 0.513426 0.338802 0.522685 0.341146 0.526389 0.344010 0.529167 0.344792 0.531944 0.344792 0.541667 0.340625 0.543519 0.338281 0.542593 0.333594 0.533796 0.328646 0.524537 0.325781
0 0.495370 0.320833 0.489352 0.321354 0.484722 0.323698 0.480093 0.328125 0.479167 0.330729 0.480093 0.334375 0.483333 0.338021 0.488889 0.340365 0.496759 0.340885 0.508333 0.336719 0.509722 0.334896 0.509722 0.328906 0.507407 0.325521 0.503241 0.323177
0 0.451852 0.335938 0.448148 0.341406 0.450463 0.345573 0.461574 0.351562 0.467593 0.352344 0.475926 0.352344 0.479167 0.349740 0.479167 0.345313 0.477315 0.340365 0.473611 0.335417 0.469444 0.332813 0.462037 0.332813
0 0.433796 0.326042 0.427315 0.327344 0.421759 0.330469 0.418981 0.333333 0.418981 0.337240 0.422685 0.341146 0.426852 0.344010 0.441204 0.347917 0.444907 0.347135 0.447222 0.345573 0.449537 0.338281 0.449537 0.333594 0.447222 0.329688 0.443981 0.327083 0.441204 0.326042
0 0.413889 0.314583 0.404630 0.314063 0.394444 0.314844 0.384722 0.317708 0.383333 0.320052 0.383333 0.323437 0.387037 0.327865 0.389815 0.329688 0.394907 0.331250 0.400000 0.331510 0.405093 0.330208 0.411574 0.326823 0.416667 0.322396 0.416204 0.316927
0 0.382870 0.297135 0.380093 0.298958 0.378241 0.303646 0.380093 0.308333 0.384259 0.311979 0.391667 0.315104 0.400000 0.314583 0.406944 0.312240 0.412037 0.307031 0.412037 0.302344 0.409259 0.300000 0.402778 0.297396 0.393519 0.296094
0 0.410648 0.289583 0.408333 0.291146 0.407870 0.297656 0.408333 0.299219 0.412037 0.303125 0.419907 0.305990 0.427315 0.305990 0.432870 0.303906 0.438889 0.299219 0.441667 0.295312 0.439352 0.290885 0.434722 0.289583 0.427315 0.288542 0.418056 0.288542
0 0.426389 0.306250 0.423148 0.308073 0.416667 0.314323 0.417130 0.319792 0.419444 0.321875 0.427778 0.325781 0.440278 0.325781 0.447685 0.322396 0.449537 0.319792 0.450000 0.313802 0.448611 0.310417 0.442130 0.307552 0.434259 0.305208
0 0.476389 0.312760 0.466667 0.312500 0.460185 0.313542 0.451852 0.317448 0.450000 0.322656 0.453704 0.326562 0.459722 0.329688 0.468981 0.330729 0.475926 0.328906 0.481481 0.326302 0.483796 0.322917 0.483333 0.314323
0 0.519444 0.304427 0.509259 0.304688 0.500463 0.306510 0.493519 0.310417 0.491667 0.314323 0.494907 0.319792 0.509722 0.325521 0.512500 0.325260 0.519444 0.322917 0.523148 0.319792 0.525926 0.315104 0.525463 0.310417 0.523148 0.306250
0 0.559259 0.298698 0.552778 0.296094 0.543981 0.294271 0.537500 0.294010 0.529167 0.295833 0.525000 0.298177 0.521759 0.302604 0.522685 0.307031 0.525926 0.311719 0.527778 0.312760 0.532407 0.313542 0.537963 0.313021 0.547685 0.310156 0.551852 0.308073 0.557870 0.303385
0 0.540278 0.311979 0.534259 0.315104 0.531944 0.318490 0.534722 0.323437 0.541667 0.327083 0.549074 0.328906 0.553241 0.329427 0.559722 0.328385 0.561574 0.327344 0.562963 0.324740 0.564352 0.319271 0.563426 0.314323 0.557870 0.311979 0.552778 0.310937 0.544444 0.310937
0 0.572685 0.311719 0.568056 0.314323 0.564815 0.317708 0.563426 0.321354 0.563426 0.326823 0.567130 0.330208 0.572685 0.332552 0.586574 0.331510 0.589352 0.330208 0.593981 0.326302 0.594444 0.322135 0.589815 0.318229 0.581944 0.313281
0 0.596759 0.306510 0.590278 0.310417 0.587500 0.314063 0.589352 0.318490 0.594444 0.321615 0.598611 0.322656 0.608796 0.323437 0.616667 0.322396 0.618519 0.320573 0.619444 0.317708 0.618056 0.312500 0.616204 0.309635 0.608796 0.305990 0.600000 0.305729
0 0.627315 0.299479 0.619907 0.301302 0.618056 0.302344 0.617593 0.311198 0.618981 0.314844 0.620370 0.316406 0.625000 0.319010 0.632407 0.320312 0.637963 0.320312 0.643056 0.319010 0.649537 0.314844 0.650926 0.310937 0.650000 0.305729 0.646759 0.302604 0.641204 0.300260 0.636111 0.299219
0 0.676389 0.329688 0.672222 0.323437 0.667593 0.320312 0.663426 0.319271 0.656019 0.319531 0.647222 0.322135 0.642130 0.325521 0.637963 0.329688 0.637963 0.334115 0.662037 0.336979 0.670370 0.336719 0.675463 0.334115
0 0.732870 0.329167 0.717130 0.328646 0.706944 0.330729 0.704630 0.331771 0.702778 0.333854 0.703241 0.338281 0.704630 0.340365 0.712500 0.344271 0.721296 0.344531 0.725926 0.343750 0.732870 0.339583 0.734259 0.337240 0.735185 0.332292 0.734259 0.329948
0 0.760185 0.345833 0.756944 0.348177 0.752315 0.354427 0.751852 0.357552 0.756019 0.361198 0.758796 0.362760 0.766667 0.364323 0.774537 0.363802 0.782870 0.361458 0.785185 0.360156 0.787037 0.357812 0.786111 0.353385 0.783796 0.351302 0.779167 0.348698 0.768519 0.345573
0 0.788426 0.371354 0.782870 0.370573 0.778704 0.370833 0.769907 0.372917 0.760648 0.376042 0.759259 0.377083 0.757407 0.380990 0.761111 0.384896 0.766204 0.387500 0.773148 0.389062 0.781481 0.388802 0.783796 0.388021 0.787963 0.384375 0.790741 0.377604 0.790278 0.373698
0 0.808333 0.385677 0.800000 0.384896 0.793056 0.385937 0.789815 0.387240 0.786574 0.389844 0.782407 0.396094 0.781944 0.400521 0.784259 0.402865 0.787963 0.404948 0.794444 0.405990 0.800463 0.405208 0.812037 0.401562 0.819907 0.396615 0.818981 0.391667 0.815741 0.388802
0 0.837037 0.392188 0.834259 0.392448 0.820833 0.396354 0.817593 0.397917 0.814352 0.401042 0.813426 0.404427 0.817130 0.408073 0.822685 0.410677 0.829630 0.411979 0.837500 0.411979 0.843056 0.410938 0.848611 0.408333 0.849074 0.403646 0.846759 0.398438 0.842593 0.394531 0.838889 0.392448
0 0.892130 0.432552 0.889352 0.435417 0.889815 0.439844 0.892593 0.442708 0.900463 0.447135 0.905093 0.448177 0.910185 0.447917 0.916667 0.446094 0.921759 0.443490 0.923148 0.439323 0.920370 0.437240 0.915741 0.435417 0.906481 0.432812 0.899537 0.432031
0 0.940278 0.475521 0.935648 0.476823 0.928704 0.481510 0.926389 0.485417 0.925463 0.491146 0.928241 0.494271 0.935648 0.495052 0.941204 0.496354 0.948611 0.496615 0.954630 0.495052 0.960185 0.491406 0.962963 0.486719 0.962500 0.482812 0.958796 0.478646 0.955093 0.476823 0.949537 0.475521
0 0.878704 0.517448 0.870833 0.517969 0.867130 0.519271 0.859259 0.529167 0.861111 0.533333 0.870833 0.536979 0.879167 0.537240 0.885648 0.534896 0.893056 0.529427 0.894907 0.526563 0.894907 0.524479 0.893056 0.521875 0.885648 0.518490
0 0.847685 0.536198 0.843056 0.538542 0.837500 0.544531 0.838426 0.548958 0.844444 0.551562 0.856944 0.553385 0.864815 0.553125 0.871759 0.551042 0.874537 0.548958 0.874537 0.544271 0.867130 0.537760 0.862500 0.535677 0.858796 0.534896 0.850463 0.535417
0 0.847222 0.553906 0.841667 0.553646 0.837037 0.554167 0.831481 0.555990 0.824537 0.559896 0.824537 0.564583 0.831944 0.569531 0.836574 0.570573 0.844907 0.570573 0.849074 0.568750 0.851852 0.566146 0.853241 0.563021 0.852778 0.557552 0.850926 0.555208
0 0.842130 0.574219 0.834722 0.579688 0.834259 0.585417 0.835648 0.587500 0.839815 0.589844 0.844444 0.591406 0.855556 0.591667 0.862500 0.590365 0.865741 0.588021 0.866667 0.583594 0.862037 0.578125 0.854167 0.573698 0.849074 0.573177
0 0.822685 0.588542 0.818519 0.589583 0.816667 0.591146 0.816204 0.599740 0.818056 0.602083 0.821296 0.603646 0.828704 0.604427 0.837037 0.603125 0.844444 0.599479 0.846296 0.596354 0.844907 0.592708 0.842130 0.590625 0.836574 0.588542 0.831019 0.588021
0 0.850000 0.597135 0.846759 0.598177 0.838426 0.603385 0.837500 0.606250 0.838426 0.611458 0.844444 0.615625 0.847685 0.616406 0.853241 0.616927 0.865741 0.616406 0.868981 0.615365 0.872685 0.611198 0.873611 0.606771 0.872222 0.602865 0.868519 0.599740 0.862037 0.597135 0.859259 0.596615
0 0.893519 0.599740 0.885648 0.598437 0.877315 0.598437 0.872222 0.599479 0.871296 0.602083 0.872685 0.607552 0.871759 0.613281 0.872222 0.615365 0.875463 0.617448 0.879167 0.617969 0.886111 0.616667 0.895833 0.612500 0.899537 0.610156 0.900926 0.608073 0.900463 0.603125 0.897222 0.601042
0 0.870833 0.551562 0.862037 0.553385 0.858796 0.555208 0.856019 0.559375 0.856019 0.565104 0.860648 0.568750 0.870370 0.570833 0.878241 0.570312 0.884259 0.568490 0.887037 0.565885 0.888889 0.559896 0.885648 0.555469 0.883333 0.553906 0.875926 0.552083
0 0.886574 0.536458 0.881019 0.538281 0.877778 0.541406 0.877315 0.545573 0.881944 0.550000 0.890741 0.553385 0.901389 0.553385 0.906481 0.551562 0.917593 0.545052 0.918519 0.540885 0.913426 0.539062 0.900000 0.536198 0.892130 0.535677
0 0.918981 0.559115 0.913889 0.556510 0.906481 0.555729 0.898611 0.557031 0.893981 0.558854 0.888889 0.561979 0.887500 0.563802 0.887500 0.569010 0.892593 0.571354 0.901389 0.572656 0.907870 0.572917 0.917130 0.571615 0.920370 0.570052 0.921759 0.568490 0.922222 0.563802
0 0.956019 0.555729 0.949537 0.560417 0.950926 0.564323 0.956019 0.569531 0.958796 0.571094 0.962037 0.571875 0.969444 0.572135 0.975463 0.570833 0.979630 0.568229 0.981944 0.564583 0.981019 0.560417 0.974537 0.556250 0.968981 0.554427 0.961111 0.554427
0 0.934259 0.559896 0.926389 0.563021 0.924074 0.564844 0.922685 0.568229 0.923148 0.571354 0.926852 0.576042 0.933796 0.578646 0.939815 0.579167 0.947222 0.578646 0.955093 0.576823 0.957407 0.575000 0.959259 0.571875 0.956944 0.567969 0.950463 0.562500 0.943519 0.559896
0 0.863889 0.632552 0.860185 0.634635 0.857407 0.638542 0.858333 0.642708 0.870833 0.649219 0.877315 0.650000 0.888426 0.649740 0.890741 0.647656 0.891204 0.641406 0.890278 0.638542 0.885648 0.634375 0.878704 0.631250 0.869907 0.630990
0 0.832870 0.639844 0.829167 0.639323 0.821759 0.640625 0.818519 0.642188 0.816204 0.644792 0.813889 0.650000 0.813889 0.652344 0.815278 0.656510 0.818056 0.658073 0.824537 0.658333 0.830093 0.657292 0.843519 0.652604 0.846759 0.650521 0.847222 0.646354 0.840278 0.642448
0 0.829167 0.669531 0.822685 0.672656 0.821296 0.674219 0.820833 0.678646 0.822222 0.681771 0.825926 0.685417 0.830093 0.688021 0.836574 0.689063 0.843519 0.688542 0.848148 0.686458 0.850926 0.682292 0.850926 0.677604 0.849537 0.673698 0.842593 0.669792 0.837500 0.669010
0 0.916204 0.694271 0.913426 0.695312 0.908796 0.701562 0.907407 0.704948 0.908333 0.709896 0.911111 0.713021 0.914815 0.715104 0.919907 0.716146 0.927778 0.715885 0.937037 0.712760 0.938889 0.710156 0.937963 0.705469 0.934259 0.701302 0.929167 0.697656 0.920370 0.694010
0 0.704630 0.713021 0.700000 0.714323 0.695833 0.717187 0.693981 0.722135 0.694907 0.728646 0.698611 0.732552 0.703241 0.734375 0.713426 0.734896 0.718519 0.733333 0.721296 0.730208 0.722685 0.721354 0.721296 0.716667 0.716667 0.714323 0.712037 0.713281
0 0.724537 0.717708 0.722685 0.719010 0.721296 0.723177 0.721759 0.726823 0.723611 0.729167 0.730556 0.732031 0.739352 0.734635 0.747222 0.734635 0.750463 0.733333 0.754630 0.729948 0.756019 0.725260 0.754630 0.721354 0.752778 0.719271 0.749074 0.717448 0.740278 0.715625 0.733333 0.715625
0 0.731944 0.733333 0.725000 0.734115 0.720833 0.735417 0.716667 0.740885 0.716204 0.745313 0.718519 0.749479 0.722685 0.752083 0.729167 0.753906 0.734259 0.754167 0.739352 0.753385 0.743519 0.751563 0.746759 0.744792 0.746759 0.740104 0.737963 0.734375
0 0.787500 0.729427 0.773611 0.734896 0.771759 0.736979 0.771296 0.741146 0.772685 0.744271 0.781019 0.751042 0.784259 0.752083 0.789352 0.752344 0.794444 0.750260 0.800463 0.744531 0.802315 0.741146 0.802315 0.735417 0.800463 0.732552 0.796759 0.730469
0 0.825463 0.729427 0.820833 0.728646 0.813426 0.728646 0.808796 0.729427 0.803241 0.732292 0.802315 0.734375 0.802315 0.741146 0.806481 0.748177 0.808796 0.749479 0.816204 0.749740 0.824537 0.748698 0.829630 0.747135 0.834722 0.743490 0.836574 0.740885 0.836111 0.735677 0.832407 0.732292
0 0.793056 0.709375 0.790741 0.711198 0.790278 0.713281 0.793519 0.717448 0.800926 0.723958 0.808796 0.727604 0.816667 0.728125 0.822685 0.727083 0.826852 0.718490 0.826852 0.715625 0.825000 0.712240 0.818519 0.708854 0.809259 0.707552 0.801852 0.707552
0 0.843519 0.689844 0.837500 0.689063 0.831019 0.689583 0.823611 0.693490 0.822222 0.696354 0.822222 0.701562 0.825463 0.705990 0.829167 0.708073 0.837500 0.708073 0.843981 0.707292 0.850463 0.704427 0.853241 0.701562 0.853241 0.696875 0.850926 0.694010
0 0.769907 0.694531 0.766667 0.697135 0.767593 0.700521 0.771759 0.704948 0.780556 0.709375 0.787037 0.710677 0.791667 0.710156 0.796296 0.708333 0.800000 0.702083 0.799537 0.698177 0.798148 0.696615 0.793056 0.694531 0.782870 0.692969 0.774074 0.692969
0 0.739352 0.697135 0.736111 0.697917 0.732870 0.700260 0.731944 0.709375 0.735185 0.712760 0.737963 0.714323 0.747685 0.715885 0.752778 0.714583 0.758333 0.710677 0.762963 0.705469 0.762963 0.703646 0.761574 0.701302 0.757407 0.698958 0.753704 0.697917 0.747222 0.696875
0 0.704167 0.695312 0.699537 0.700260 0.699537 0.701823 0.701852 0.704688 0.712963 0.709896 0.718519 0.711719 0.725926 0.711458 0.727315 0.710938 0.730093 0.708594 0.732407 0.703385 0.732407 0.700521 0.729630 0.695573 0.725926 0.693750 0.719444 0.693490 0.710648 0.695052
0 0.685648 0.686198 0.676389 0.685937 0.667130 0.694531 0.666204 0.696094 0.666667 0.701302 0.670370 0.704167 0.674074 0.705208 0.681019 0.705208 0.688889 0.703646 0.693056 0.701562 0.697222 0.697917 0.697222 0.692187 0.688889 0.686979
0 0.594444 0.689844 0.586574 0.690625 0.582870 0.692187 0.581019 0.694271 0.578704 0.700260 0.579630 0.706771 0.587037 0.710156 0.589815 0.710417 0.600463 0.709635 0.606944 0.705208 0.610185 0.701562 0.609722 0.696875 0.606481 0.693229
0 0.612963 0.687760 0.611111 0.688802 0.608333 0.692969 0.611574 0.701042 0.616204 0.703646 0.620370 0.704948 0.628704 0.704948 0.633796 0.703125 0.638426 0.697396 0.638889 0.692448 0.637037 0.690104 0.634259 0.689063 0.622222 0.687240
0 0.545370 0.686458 0.542130 0.689063 0.539815 0.693490 0.543519 0.696094 0.546296 0.701302 0.549074 0.704167 0.553241 0.706250 0.558796 0.707292 0.566667 0.706250 0.573148 0.704167 0.576389 0.702083 0.577778 0.696875 0.575926 0.692448 0.571296 0.688542 0.566204 0.686458 0.559259 0.685417 0.551389 0.684896
0 0.453704 0.681510 0.446296 0.682552 0.440741 0.684896 0.437500 0.689063 0.437963 0.692969 0.441667 0.696094 0.448148 0.698958 0.453241 0.700000 0.457870 0.700000 0.462500 0.699219 0.465278 0.697656 0.467593 0.694271 0.468981 0.689323 0.467593 0.685937 0.463426 0.683073
0 0.473148 0.688021 0.470370 0.689583 0.467593 0.692969 0.466667 0.696354 0.467593 0.698958 0.470370 0.701562 0.473611 0.702865 0.482407 0.704427 0.489815 0.704167 0.496296 0.697917 0.496296 0.692708 0.494907 0.690885 0.488889 0.686979 0.481944 0.686458
0 0.503241 0.692708 0.496759 0.700781 0.496759 0.705208 0.495370 0.707552 0.496759 0.714063 0.498148 0.715885 0.501389 0.716927 0.514352 0.716667 0.518519 0.715365 0.521759 0.709635 0.520370 0.700521 0.516667 0.696875 0.510648 0.692708
0 0.468519 0.703125 0.461574 0.708854 0.461111 0.713281 0.464352 0.716927 0.468519 0.718750 0.474537 0.720313 0.482870 0.720833 0.488889 0.719271 0.493056 0.716927 0.494907 0.713542 0.493981 0.710938 0.491204 0.707812 0.484259 0.704427 0.475926 0.702865
0 0.431481 0.698177 0.429167 0.700781 0.427778 0.706250 0.428704 0.709375 0.434259 0.712500 0.439815 0.713542 0.443056 0.713542 0.455556 0.711458 0.461574 0.708854 0.465741 0.705208 0.465278 0.703646 0.462500 0.701562 0.452778 0.700260 0.441204 0.696354 0.434722 0.696875
0 0.397222 0.691146 0.389352 0.695573 0.388426 0.697135 0.388426 0.701562 0.389815 0.703385 0.398611 0.708333 0.402315 0.709375 0.411574 0.710156 0.418981 0.709375 0.419907 0.708854 0.420833 0.705208 0.419907 0.700521 0.417593 0.695833 0.415278 0.693490 0.406481 0.690104
0 0.370833 0.691667 0.361574 0.695312 0.359722 0.697135 0.357870 0.701562 0.359722 0.705208 0.364352 0.708333 0.368519 0.709115 0.379167 0.709375 0.382870 0.707552 0.387500 0.702083 0.386574 0.697135 0.378241 0.692969
0 0.343519 0.686979 0.333333 0.687240 0.322685 0.691146 0.320370 0.692969 0.319907 0.697396 0.323148 0.701823 0.327315 0.704427 0.335185 0.706771 0.343519 0.705990 0.352778 0.702083 0.361574 0.693750 0.359259 0.691146 0.352778 0.689583 0.347685 0.687500
0 0.304630 0.696354 0.296759 0.704688 0.296759 0.707552 0.298148 0.710156 0.302315 0.711979 0.307870 0.712760 0.331481 0.713021 0.333333 0.711198 0.333796 0.708854 0.331944 0.707031 0.324537 0.703125 0.318519 0.696354 0.316667 0.695312 0.308333 0.695573
0 0.268519 0.691406 0.258796 0.692708 0.253241 0.694531 0.247685 0.697135 0.245833 0.700521 0.246759 0.705729 0.254630 0.709115 0.261574 0.710417 0.267593 0.710677 0.273611 0.709115 0.277778 0.705208 0.280093 0.701562 0.279630 0.697135 0.274537 0.692187
0 0.126852 0.701042 0.121759 0.700260 0.112037 0.700260 0.103241 0.701823 0.099537 0.704427 0.099537 0.709115 0.102778 0.713021 0.106944 0.714844 0.114815 0.714323 0.121296 0.712240 0.127315 0.709115 0.129630 0.705208
0 0.142130 0.689323 0.135648 0.690885 0.131944 0.693229 0.130556 0.695833 0.131019 0.700521 0.133796 0.703906 0.142130 0.708333 0.149537 0.708594 0.160185 0.703125 0.162500 0.700521 0.163426 0.697135 0.160648 0.692708 0.156019 0.690104 0.149537 0.689063
0 0.516204 0.785417 0.512500 0.786719 0.507407 0.791146 0.505556 0.794531 0.505556 0.798958 0.510185 0.799740 0.514352 0.802865 0.518519 0.804167 0.525926 0.804688 0.531481 0.803906 0.534722 0.802865 0.539352 0.798958 0.540278 0.794792 0.538889 0.790104 0.537500 0.788542 0.531481 0.785937 0.525926 0.784896
0 0.544444 0.770052 0.539815 0.771354 0.534259 0.775260 0.531481 0.778906 0.530556 0.782292 0.531944 0.785156 0.534722 0.786979 0.538889 0.788281 0.550463 0.789323 0.558333 0.788542 0.562963 0.787240 0.567130 0.783594 0.567130 0.779167 0.564352 0.775260 0.559259 0.771615 0.552778 0.769792
0 0.578241 0.766927 0.574074 0.767969 0.571296 0.769792 0.567593 0.775000 0.568519 0.779948 0.570370 0.782292 0.576852 0.785417 0.579630 0.786198 0.587500 0.786719 0.593056 0.785156 0.595370 0.783073 0.595370 0.771615 0.593056 0.769531 0.587037 0.767188
0 0.579630 0.747396 0.572222 0.749479 0.562500 0.753906 0.560185 0.755729 0.558796 0.759896 0.569444 0.765885 0.572685 0.766667 0.580093 0.767188 0.587037 0.766667 0.590278 0.765104 0.592593 0.760417 0.592593 0.755208 0.591667 0.752083 0.587037 0.748698
0 0.587500 0.734115 0.581481 0.736458 0.578241 0.739583 0.580093 0.745833 0.582407 0.747656 0.586111 0.748437 0.593519 0.752865 0.600926 0.753125 0.607870 0.750260 0.609722 0.747135 0.610648 0.742708 0.609259 0.737760 0.607407 0.736198 0.600926 0.734115 0.595833 0.733594
0 0.608796 0.750260 0.599537 0.755729 0.601389 0.759896 0.621296 0.767188 0.629167 0.767448 0.630556 0.766927 0.633796 0.764062 0.635185 0.760156 0.635648 0.755208 0.633796 0.751302 0.630556 0.749740 0.622685 0.748698
0 0.664815 0.743490 0.654630 0.749219 0.653704 0.752344 0.655556 0.755990 0.662500 0.759375 0.668981 0.760677 0.678241 0.760938 0.683333 0.759896 0.685648 0.754427 0.685648 0.751042 0.683333 0.746354 0.680093 0.744010 0.676389 0.742969 0.668981 0.742448
0 0.635648 0.732552 0.631019 0.736198 0.630556 0.740625 0.633333 0.745052 0.638889 0.748698 0.641667 0.749479 0.652315 0.748958 0.657870 0.747396 0.664352 0.744010 0.666204 0.741667 0.665741 0.736198 0.663889 0.733854 0.660185 0.732031 0.655556 0.731250 0.641667 0.730990
0 0.650000 0.695573 0.640278 0.696354 0.637037 0.698438 0.631944 0.704688 0.634722 0.709635 0.639815 0.714063 0.642130 0.714844 0.657870 0.713021 0.663889 0.710156 0.667593 0.705469 0.667130 0.703646 0.662963 0.700260 0.658333 0.697656
0 0.637963 0.716667 0.635185 0.720573 0.636574 0.724479 0.644444 0.730208 0.650000 0.730990 0.659259 0.731250 0.663426 0.730729 0.667130 0.728385 0.669907 0.725000 0.669907 0.720573 0.667130 0.716667 0.662963 0.714583 0.655093 0.713542 0.644907 0.714583
0 0.634259 0.724479 0.629167 0.720833 0.621759 0.719010 0.607870 0.721615 0.602315 0.723698 0.596296 0.727604 0.595833 0.732552 0.604630 0.734635 0.610185 0.737240 0.620370 0.738281 0.626852 0.737760 0.631944 0.735417 0.634259 0.732812 0.635185 0.729427
0 0.614815 0.702865 0.607870 0.703646 0.603241 0.708073 0.596759 0.710677 0.592130 0.713802 0.591204 0.716927 0.593519 0.720573 0.596759 0.722656 0.600463 0.723698 0.606019 0.722135 0.622685 0.719271 0.626389 0.717708 0.627778 0.716146 0.628704 0.712500 0.624537 0.707812 0.619444 0.704688
0 0.572685 0.710417 0.564815 0.712760 0.559722 0.716146 0.560185 0.720833 0.562963 0.725000 0.573611 0.733333 0.576852 0.734896 0.581019 0.735156 0.585648 0.733854 0.588889 0.731250 0.592130 0.725521 0.592130 0.720313 0.587963 0.715104 0.583796 0.712500 0.579167 0.710677
0 0.552315 0.721615 0.543981 0.721615 0.539352 0.722396 0.535185 0.723958 0.531944 0.728646 0.531944 0.733073 0.534259 0.735677 0.537963 0.737240 0.545370 0.738281 0.552315 0.734635 0.560648 0.732292 0.562963 0.729167 0.560648 0.724479
0 0.530556 0.703906 0.523148 0.708594 0.520370 0.716927 0.525000 0.719792 0.531019 0.722135 0.540278 0.722396 0.552315 0.720833 0.554167 0.718750 0.554630 0.716146 0.552778 0.713021 0.540741 0.704427 0.538889 0.703906
0 0.497222 0.717448 0.494444 0.718750 0.493056 0.720313 0.491667 0.728646 0.495370 0.731510 0.503241 0.735156 0.511574 0.735156 0.522222 0.732292 0.531019 0.725521 0.534722 0.724740 0.531944 0.723958 0.530093 0.722135 0.519907 0.717187 0.504630 0.716927
0 0.524537 0.732031 0.517130 0.733073 0.508796 0.735677 0.507407 0.736719 0.506481 0.739323 0.507407 0.746615 0.509259 0.747917 0.518056 0.750000 0.525463 0.750260 0.529167 0.749219 0.535648 0.744271 0.535648 0.739583 0.533796 0.736979 0.528704 0.733073
0 0.557407 0.733073 0.552315 0.734115 0.547222 0.736979 0.545833 0.738542 0.544444 0.741927 0.544444 0.748177 0.546759 0.750260 0.551852 0.751042 0.556481 0.753125 0.559722 0.753646 0.567130 0.752083 0.576852 0.748437 0.578241 0.747396 0.578704 0.743229 0.575926 0.738542 0.569907 0.735156 0.560185 0.733073
0 0.544907 0.752083 0.536111 0.751823 0.529167 0.752604 0.525463 0.754167 0.522222 0.758333 0.522222 0.764062 0.523611 0.766927 0.537963 0.771094 0.546296 0.769271 0.548611 0.767969 0.553241 0.763542 0.555093 0.760156 0.553241 0.755990 0.549537 0.753646
0 0.521759 0.766667 0.516667 0.766146 0.510185 0.767188 0.504630 0.770052 0.502778 0.771875 0.501389 0.774479 0.501389 0.779427 0.504167 0.781771 0.510185 0.784635 0.518056 0.784896 0.524537 0.783333 0.530093 0.779687 0.533333 0.775781 0.532870 0.770833 0.530093 0.769271
0 0.479630 0.776823 0.477315 0.778125 0.473148 0.782813 0.472222 0.787240 0.474074 0.789583 0.477778 0.791667 0.481481 0.792448 0.487500 0.792969 0.503704 0.792448 0.507407 0.789583 0.508333 0.786979 0.506481 0.783854 0.499537 0.778906 0.489352 0.776042 0.482407 0.776042
0 0.482870 0.760677 0.469907 0.760677 0.461574 0.762500 0.459259 0.763802 0.457407 0.766667 0.457407 0.768750 0.459259 0.773438 0.462037 0.775521 0.467130 0.776823 0.475926 0.777604 0.479630 0.776302 0.487963 0.774740 0.495370 0.770833 0.497685 0.768229 0.497685 0.766927 0.491667 0.762760
0 0.488426 0.744010 0.481019 0.745052 0.478241 0.746354 0.475000 0.751563 0.476389 0.757031 0.479630 0.759896 0.490741 0.761458 0.496296 0.760677 0.506019 0.755990 0.506944 0.751563 0.502315 0.747135 0.496759 0.744531
0 0.468981 0.738021 0.461574 0.737760 0.455093 0.738802 0.450463 0.740885 0.448148 0.743229 0.448611 0.748698 0.452778 0.753385 0.461574 0.758073 0.468056 0.757292 0.470370 0.756250 0.476852 0.748437 0.477778 0.744010 0.474537 0.740365
0 0.475463 0.724740 0.472685 0.727083 0.469907 0.732292 0.469907 0.736979 0.475463 0.741927 0.480556 0.744271 0.490741 0.744271 0.493981 0.743490 0.501389 0.738802 0.502315 0.736198 0.500926 0.734635 0.486111 0.726302 0.482870 0.725260
0 0.424537 0.715885 0.421759 0.716667 0.421296 0.722396 0.419444 0.727865 0.423611 0.734375 0.430556 0.737500 0.441667 0.737760 0.449537 0.735156 0.455093 0.732292 0.456944 0.728906 0.455093 0.724740 0.450000 0.720833 0.443519 0.717708 0.433796 0.715625
0 0.377315 0.723958 0.372685 0.725521 0.367593 0.729427 0.365741 0.731771 0.366204 0.736458 0.369907 0.741927 0.371759 0.742969 0.378704 0.744531 0.385648 0.747135 0.388889 0.745573 0.393519 0.741927 0.396296 0.736979 0.395833 0.732812 0.391204 0.727604 0.385648 0.724219
0 0.399074 0.715365 0.393519 0.718490 0.388889 0.724740 0.392130 0.729167 0.399074 0.734635 0.407870 0.735156 0.413426 0.733594 0.417130 0.730729 0.420370 0.725000 0.420833 0.718750 0.419907 0.717448 0.416667 0.716146 0.409722 0.715365
0 0.421759 0.735156 0.412963 0.733333 0.400000 0.736979 0.389815 0.745573 0.388889 0.748698 0.390278 0.750000 0.397222 0.753125 0.406019 0.754427 0.413426 0.753385 0.421759 0.750521 0.425463 0.748177 0.427778 0.744792 0.427315 0.740104 0.424074 0.736458
0 0.425463 0.754167 0.420833 0.759375 0.420370 0.763802 0.422685 0.766406 0.427315 0.768750 0.441204 0.769271 0.454630 0.766406 0.458333 0.764062 0.457407 0.759375 0.450000 0.754687 0.443519 0.753385 0.436574 0.752865 0.430093 0.753125
0 0.322685 0.748698 0.318519 0.751823 0.316667 0.754948 0.317130 0.759115 0.319444 0.761719 0.323611 0.763802 0.328704 0.764844 0.337500 0.764583 0.346296 0.762760 0.348611 0.760677 0.348148 0.751823 0.343056 0.748437 0.337500 0.746875 0.328704 0.746875
0 0.309259 0.737760 0.303241 0.738021 0.298611 0.739583 0.293981 0.742188 0.290741 0.746875 0.291667 0.751563 0.296759 0.755729 0.300926 0.757031 0.308333 0.756250 0.316204 0.753385 0.319444 0.751563 0.321759 0.748698 0.321296 0.744010 0.319907 0.742188 0.314815 0.739323
0 0.282407 0.749219 0.273611 0.749479 0.271759 0.750000 0.269907 0.751563 0.268056 0.755729 0.262037 0.759635 0.262037 0.764062 0.268519 0.768490 0.272222 0.769531 0.281481 0.769531 0.288426 0.767708 0.292593 0.765104 0.295833 0.760156 0.294907 0.755208 0.293056 0.753125 0.288889 0.750781
0 0.249537 0.738281 0.242593 0.740625 0.236574 0.744010 0.234259 0.747135 0.235648 0.751823 0.239352 0.754427 0.248148 0.757552 0.260185 0.759375 0.264815 0.758854 0.267593 0.757812 0.269907 0.753125 0.269444 0.747917 0.267593 0.742969 0.264815 0.740365 0.261111 0.738542 0.255093 0.737760
0 0.243981 0.712500 0.238889 0.710938 0.231019 0.710417 0.226389 0.711198 0.222685 0.712760 0.218981 0.715625 0.214815 0.720833 0.214352 0.726042 0.216204 0.728906 0.218056 0.729427 0.232870 0.729688 0.241204 0.727604 0.246296 0.725260 0.250000 0.720573 0.249074 0.716667 0.246759 0.714063
0 0.261111 0.723958 0.261574 0.728125 0.264352 0.731771 0.267593 0.733333 0.273148 0.734115 0.280093 0.733594 0.287037 0.732292 0.297222 0.728385 0.301389 0.725260 0.301389 0.724219 0.299074 0.722396 0.292593 0.719271 0.281481 0.716146 0.273148 0.715885 0.267593 0.717448 0.263426 0.720052
0 0.329167 0.717448 0.326852 0.720833 0.329630 0.723698 0.343519 0.731510 0.351852 0.731771 0.353704 0.731250 0.362963 0.725000 0.364352 0.721094 0.362037 0.717448 0.356481 0.715104 0.351389 0.714323 0.342130 0.714583 0.337963 0.715625 0.336574 0.716927
0 0.344444 0.732812 0.342593 0.734375 0.340278 0.739323 0.341204 0.745573 0.348148 0.750521 0.350000 0.751042 0.357870 0.750521 0.368519 0.744010 0.368981 0.740104 0.365278 0.735156 0.360648 0.733333 0.351389 0.732031
0 0.358796 0.751042 0.357870 0.753646 0.358333 0.758073 0.360185 0.759635 0.367593 0.762240 0.385648 0.762500 0.387037 0.761458 0.394444 0.759896 0.393519 0.755990 0.389352 0.751042 0.385648 0.748437 0.377778 0.745052 0.370833 0.744531 0.366204 0.745833 0.361111 0.748698
0 0.371296 0.762760 0.364352 0.764583 0.361111 0.766927 0.359259 0.770573 0.359722 0.774479 0.364815 0.780469 0.372685 0.784115 0.379167 0.785677 0.384259 0.784375 0.387963 0.780990 0.390741 0.776042 0.390278 0.767708 0.387500 0.765104 0.382870 0.763021 0.379630 0.762500
0 0.393981 0.767969 0.393056 0.770312 0.393981 0.775521 0.396759 0.778125 0.399537 0.779427 0.405556 0.780208 0.412500 0.779687 0.419907 0.778385 0.429167 0.775521 0.429167 0.770573 0.420370 0.764583 0.414815 0.762240 0.406481 0.761719 0.400463 0.763021
0 0.454167 0.774219 0.443519 0.776563 0.439352 0.778646 0.436111 0.783073 0.436111 0.787500 0.439352 0.790625 0.444444 0.792969 0.447685 0.793750 0.456019 0.794271 0.461111 0.793490 0.464815 0.791667 0.466667 0.789583 0.467593 0.786458 0.466667 0.782552 0.462963 0.776302 0.459722 0.774740
0 0.871296 0.770833 0.865278 0.773958 0.862963 0.777083 0.862963 0.780990 0.866204 0.785156 0.871759 0.788281 0.878241 0.789583 0.886574 0.789062 0.893056 0.787240 0.895370 0.785156 0.899074 0.783333 0.899074 0.779167 0.895370 0.777083 0.893981 0.775260 0.890278 0.773177 0.883796 0.771094 0.879630 0.770312
0 0.475463 0.792708 0.467130 0.796875 0.467130 0.802865 0.474074 0.810417 0.479167 0.813281 0.483333 0.814323 0.489815 0.811719 0.494444 0.807552 0.496296 0.803385 0.496296 0.798438 0.493981 0.796094 0.488889 0.793490 0.484259 0.792708
0 0.399074 0.785677 0.393519 0.784375 0.385185 0.784375 0.378241 0.786979 0.373611 0.794010 0.373611 0.799219 0.377778 0.803125 0.387963 0.802865 0.395833 0.800781 0.403704 0.797135 0.405556 0.795052 0.405556 0.790885 0.402315 0.787240
0 0.307870 0.776042 0.303241 0.777344 0.300000 0.779427 0.298148 0.782552 0.298611 0.786198 0.306019 0.794531 0.309722 0.796354 0.316204 0.796875 0.321296 0.795312 0.323148 0.793750 0.324537 0.788281 0.324537 0.781250 0.323148 0.778906 0.317593 0.776302
0 0.352778 0.817969 0.349537 0.819531 0.346759 0.822135 0.346759 0.826562 0.350000 0.829948 0.356481 0.833073 0.361111 0.834115 0.367593 0.834115 0.373611 0.833073 0.376389 0.830729 0.377315 0.825781 0.375463 0.821875 0.372222 0.819271 0.364815 0.816667 0.358333 0.816667
0 0.730556 0.781510 0.721759 0.783073 0.718981 0.786198 0.718981 0.788802 0.721296 0.794010 0.725463 0.798438 0.732870 0.799219 0.747685 0.793229 0.750000 0.791406 0.750000 0.786979 0.746296 0.784635 0.742130 0.783073 0.734259 0.781510
0 0.808796 0.846354 0.803704 0.847656 0.794907 0.852344 0.787963 0.854688 0.784722 0.857552 0.787963 0.859896 0.791667 0.860417 0.802315 0.864323 0.808333 0.865365 0.815741 0.865104 0.819907 0.863802 0.822222 0.861458 0.822685 0.853906 0.821759 0.850000 0.817130 0.847656
0 0.828241 0.528125 0.822685 0.529167 0.816667 0.532031 0.810648 0.533073 0.809259 0.534115 0.808333 0.537240 0.814352 0.541927 0.818519 0.543750 0.822685 0.544792 0.831481 0.545312 0.835648 0.544531 0.837963 0.543229 0.840741 0.540104 0.841667 0.536458 0.838889 0.530729 0.832407 0.528385
0 0.824537 0.519271 0.817130 0.515625 0.813426 0.514844 0.807870 0.514583 0.799074 0.516406 0.793519 0.519792 0.792130 0.522396 0.791667 0.529687 0.793981 0.533333 0.797222 0.534115 0.809259 0.534115 0.815741 0.532813 0.825463 0.528646 0.827315 0.525521
0 0.734259 0.532292 0.732870 0.537240 0.736111 0.539583 0.753241 0.542188 0.760648 0.541667 0.764815 0.537500 0.765278 0.533073 0.763426 0.530208 0.760185 0.527604 0.756481 0.526563 0.751852 0.526302 0.739352 0.528906
0 0.787963 0.515104 0.780556 0.514323 0.771296 0.515365 0.760185 0.518490 0.756481 0.521094 0.756019 0.525521 0.766667 0.532813 0.774537 0.533594 0.780556 0.532552 0.783796 0.531510 0.789815 0.527865 0.791667 0.525521 0.792130 0.519271 0.790741 0.516667
0 0.780556 0.534375 0.767130 0.536719 0.762500 0.540625 0.761574 0.545312 0.765741 0.549740 0.768519 0.551302 0.775463 0.553385 0.782407 0.554167 0.788426 0.553646 0.793519 0.551042 0.796296 0.548438 0.798611 0.544271 0.796759 0.539844 0.792130 0.536198
0 0.801389 0.545052 0.798148 0.546615 0.792130 0.552604 0.793981 0.556510 0.803241 0.561979 0.809722 0.562760 0.818056 0.561458 0.821296 0.558854 0.822685 0.555990 0.822685 0.552083 0.821296 0.550000 0.816667 0.547135 0.810185 0.544792
0 0.828704 0.567708 0.821296 0.563281 0.818519 0.562500 0.814815 0.562240 0.806944 0.563281 0.798148 0.568229 0.794907 0.572135 0.793519 0.576302 0.797222 0.578125 0.803241 0.579427 0.811574 0.579688 0.816204 0.579167 0.826852 0.575521 0.828704 0.573177
0 0.776852 0.555729 0.768981 0.560417 0.770833 0.568490 0.773611 0.570312 0.777315 0.571354 0.788889 0.573177 0.794444 0.571615 0.797222 0.569531 0.800926 0.564844 0.800000 0.560677 0.790278 0.555469 0.780093 0.555208
0 0.760648 0.558854 0.753241 0.559115 0.743056 0.560937 0.739815 0.563281 0.739815 0.568750 0.741667 0.570833 0.745833 0.573698 0.752315 0.576042 0.755556 0.576042 0.762037 0.574740 0.770370 0.568750 0.769444 0.563802 0.767593 0.561458
0 0.756481 0.543490 0.752778 0.542969 0.745833 0.543229 0.741667 0.544010 0.734722 0.547917 0.732407 0.552604 0.734259 0.556771 0.739352 0.559635 0.746759 0.560417 0.757407 0.559375 0.761111 0.558333 0.765278 0.552865 0.764352 0.548958 0.760648 0.545312
0 0.704167 0.546354 0.694907 0.552604 0.695833 0.556250 0.702778 0.560937 0.712500 0.563542 0.718981 0.563802 0.724537 0.562500 0.731944 0.556771 0.731944 0.552083 0.730093 0.549740 0.725463 0.547135 0.719444 0.545833 0.710185 0.545573
0 0.670833 0.556250 0.667593 0.559635 0.667130 0.561458 0.668056 0.565365 0.672222 0.568229 0.682870 0.570573 0.692130 0.570573 0.698611 0.569010 0.700463 0.564844 0.700000 0.561198 0.693519 0.554688 0.687963 0.553385 0.681944 0.553125 0.676389 0.553906
0 0.636574 0.543490 0.636111 0.545833 0.637963 0.548958 0.651852 0.557292 0.655556 0.558594 0.663889 0.559115 0.667593 0.557813 0.672685 0.552865 0.673148 0.551302 0.672685 0.547396 0.668056 0.543750 0.663889 0.542708 0.645370 0.542188 0.638889 0.542448
0 0.654630 0.525000 0.648148 0.524219 0.642130 0.525000 0.638426 0.526823 0.635185 0.530729 0.631019 0.533073 0.629167 0.537500 0.631944 0.540625 0.637500 0.542188 0.650463 0.542708 0.657407 0.541406 0.661574 0.539323 0.662963 0.537760 0.662963 0.532292 0.661111 0.529427
0 0.681481 0.534115 0.677778 0.535156 0.675463 0.537240 0.674537 0.539844 0.675000 0.544010 0.677778 0.548958 0.681944 0.551823 0.691667 0.553125 0.697222 0.551042 0.700463 0.548698 0.702315 0.545573 0.701852 0.542969 0.698148 0.537760 0.691667 0.533594
0 0.694444 0.532552 0.693981 0.533594 0.700463 0.541406 0.704630 0.543490 0.717593 0.546094 0.723148 0.545573 0.726852 0.544010 0.730093 0.541667 0.732870 0.537240 0.730093 0.533073 0.725463 0.530729 0.721759 0.529948 0.714815 0.529427 0.702778 0.529687 0.698611 0.530469
0 0.693981 0.517969 0.691667 0.520833 0.691667 0.524479 0.693056 0.526563 0.698148 0.528906 0.702778 0.529427 0.722222 0.529167 0.725463 0.528646 0.728704 0.525521 0.724074 0.517969 0.721759 0.516667 0.712500 0.514062 0.702315 0.514062 0.698148 0.515365
0 0.752778 0.509115 0.746296 0.508333 0.743519 0.509375 0.739352 0.509635 0.731944 0.511198 0.725000 0.513802 0.722685 0.517969 0.728704 0.524219 0.733333 0.526563 0.738889 0.527865 0.746296 0.526823 0.749537 0.525521 0.753704 0.522135 0.755093 0.519010 0.757870 0.516406 0.761574 0.514844 0.762500 0.513542
0 0.767593 0.496615 0.758333 0.497917 0.755556 0.500260 0.754630 0.502344 0.749074 0.505729 0.748611 0.510156 0.755093 0.516667 0.758796 0.518229 0.763889 0.517708 0.768981 0.515885 0.777778 0.514583 0.783333 0.511979 0.785185 0.505990 0.784259 0.502344 0.776852 0.498698
0 0.802315 0.495312 0.798611 0.496094 0.787037 0.502604 0.786111 0.504167 0.785648 0.511719 0.789352 0.514062 0.794907 0.515365 0.802778 0.515104 0.812037 0.513021 0.813426 0.511198 0.813889 0.505208 0.812500 0.502604 0.807407 0.497396
0 0.815741 0.503906 0.814352 0.505729 0.813889 0.511458 0.815278 0.513542 0.820370 0.516667 0.828241 0.518229 0.831019 0.518229 0.836574 0.517188 0.846296 0.513281 0.847685 0.510417 0.847222 0.508854 0.844907 0.506510 0.838889 0.503646 0.822685 0.500521
0 0.850463 0.512240 0.843056 0.514062 0.833796 0.517969 0.831944 0.520573 0.831944 0.522396 0.833796 0.526302 0.835648 0.527604 0.842593 0.530208 0.851852 0.531250 0.857407 0.530469 0.860185 0.528385 0.865278 0.521615 0.865278 0.517448 0.861111 0.514062
0 0.863889 0.497396 0.856019 0.501042 0.850000 0.505729 0.849074 0.510156 0.851389 0.511979 0.860648 0.514062 0.864352 0.515885 0.872222 0.515885 0.876389 0.514062 0.879167 0.511719 0.880093 0.510156 0.879167 0.505469 0.876389 0.501823 0.871759 0.498437
0 0.774074 0.481510 0.767593 0.483854 0.763889 0.486198 0.763889 0.491146 0.765278 0.494010 0.767130 0.495573 0.775000 0.497917 0.781481 0.500781 0.788426 0.501563 0.795370 0.498437 0.798148 0.494531 0.798148 0.490104 0.793981 0.483854 0.788426 0.481250 0.777778 0.480990
0 0.816204 0.479687 0.800463 0.482292 0.797685 0.484896 0.797222 0.486458 0.800463 0.493229 0.809722 0.496615 0.818519 0.496615 0.821296 0.496094 0.827315 0.493229 0.828704 0.491406 0.829167 0.485938 0.827315 0.483594
0 0.843519 0.474740 0.836574 0.476042 0.832407 0.478385 0.829167 0.482292 0.829167 0.490625 0.832407 0.494531 0.843981 0.496615 0.851389 0.495833 0.854630 0.494792 0.859722 0.491406 0.860185 0.489583 0.855556 0.481510 0.850463 0.478646 0.849074 0.476823
0 0.859259 0.473438 0.856481 0.474740 0.853241 0.478385 0.858333 0.486719 0.859259 0.490625 0.863426 0.492708 0.872222 0.492708 0.878704 0.490365 0.884722 0.486719 0.884722 0.482292 0.881481 0.478646 0.877778 0.476302 0.864815 0.472917
0 0.817593 0.466406 0.817593 0.471094 0.820833 0.475000 0.828704 0.477083 0.835185 0.476562 0.850926 0.472917 0.858333 0.466927 0.857407 0.464583 0.855556 0.463281 0.850926 0.462500 0.845833 0.460417 0.838889 0.459635 0.830093 0.459635 0.826389 0.460677 0.820370 0.463542
0 0.811111 0.465885 0.802778 0.464583 0.797222 0.465104 0.788889 0.468229 0.785185 0.470573 0.783333 0.474740 0.792593 0.481250 0.798611 0.482031 0.809259 0.481250 0.814815 0.479427 0.817593 0.477604 0.819907 0.474219 0.816667 0.469531
0 0.762963 0.456771 0.760648 0.458854 0.759722 0.463021 0.763889 0.468229 0.767130 0.470052 0.770370 0.470833 0.774074 0.473177 0.781481 0.473958 0.791204 0.463542 0.791204 0.458854 0.789815 0.457031 0.788426 0.456250 0.781481 0.455208 0.772685 0.455208
0 0.809259 0.446615 0.802315 0.447135 0.798148 0.448437 0.791204 0.454688 0.791204 0.460417 0.793056 0.462240 0.796759 0.463802 0.799537 0.464323 0.810648 0.464323 0.817593 0.462240 0.819907 0.460417 0.822222 0.456250 0.821296 0.452083 0.818519 0.450000
0 0.663889 0.515625 0.659259 0.517448 0.655093 0.521094 0.656019 0.525521 0.663426 0.531250 0.668519 0.532292 0.677778 0.532031 0.682407 0.529687 0.686574 0.525521 0.685648 0.520312 0.682870 0.517448 0.677778 0.515365 0.669907 0.514583
0 0.639815 0.502604 0.632870 0.504427 0.626389 0.509375 0.626852 0.513802 0.637963 0.520052 0.649537 0.522135 0.651852 0.521615 0.655093 0.519010 0.656481 0.514323 0.656481 0.509375 0.653704 0.505469 0.650926 0.503906 0.644907 0.502604
0 0.596759 0.485938 0.593981 0.482292 0.587500 0.479948 0.577315 0.480469 0.571296 0.481771 0.561574 0.486198 0.561111 0.490365 0.576389 0.495833 0.587963 0.496354 0.593056 0.495052 0.596759 0.491406
0 0.607407 0.482812 0.604167 0.485938 0.603241 0.490885 0.604630 0.492969 0.607870 0.495312 0.613889 0.497135 0.621759 0.497396 0.631481 0.493490 0.633796 0.490365 0.631944 0.486198 0.625000 0.483594 0.615278 0.481771
0 0.648611 0.479948 0.644907 0.480990 0.638426 0.484635 0.637037 0.485938 0.636111 0.490365 0.638426 0.494531 0.642130 0.496615 0.650463 0.497396 0.661111 0.495052 0.670833 0.490365 0.671296 0.486198 0.656019 0.481510
0 0.665741 0.495573 0.661111 0.497917 0.657407 0.501563 0.656944 0.506250 0.660648 0.510156 0.663889 0.511719 0.669444 0.513021 0.677315 0.512500 0.685185 0.510156 0.689352 0.506250 0.688889 0.501823 0.686111 0.497917 0.677778 0.495312 0.668981 0.495052
0 0.697685 0.483594 0.693981 0.485677 0.690741 0.490104 0.688426 0.495052 0.687963 0.498698 0.689815 0.502344 0.693519 0.504948 0.699537 0.505990 0.706019 0.505990 0.713426 0.504427 0.719907 0.501823 0.722685 0.498177 0.719907 0.492708 0.713426 0.488281 0.705093 0.484896
0 0.728704 0.483333 0.725926 0.484896 0.722685 0.490104 0.724537 0.493490 0.727315 0.496094 0.737500 0.502604 0.746296 0.504948 0.753241 0.503646 0.757870 0.497917 0.757407 0.493750 0.752315 0.484375 0.749074 0.482812 0.741204 0.481510
0 0.753241 0.469010 0.748611 0.470833 0.745370 0.474219 0.745833 0.477604 0.747222 0.479427 0.755556 0.483854 0.760185 0.484896 0.767593 0.484375 0.775000 0.481510 0.776852 0.479167 0.776852 0.476042 0.775463 0.473438 0.771296 0.471094 0.764815 0.469010 0.761111 0.468490
0 0.736574 0.450781 0.729630 0.452604 0.727315 0.453906 0.725926 0.456510 0.725926 0.459375 0.730093 0.464062 0.732407 0.465365 0.746759 0.469792 0.752315 0.467708 0.758333 0.463021 0.757870 0.457031 0.753704 0.452604 0.751389 0.451302 0.746759 0.450000
0 0.732870 0.465365 0.724537 0.465625 0.716204 0.467969 0.713889 0.470052 0.712037 0.478646 0.716667 0.482292 0.725463 0.484375 0.735648 0.482292 0.741204 0.479948 0.743519 0.477865 0.744444 0.470313
0 0.704630 0.445052 0.694444 0.451042 0.693056 0.455208 0.695370 0.458854 0.706019 0.461198 0.710185 0.461458 0.719907 0.460156 0.722222 0.459115 0.725000 0.455208 0.723611 0.450781 0.713889 0.445312
0 0.686111 0.463021 0.683796 0.464323 0.682407 0.466406 0.681481 0.471615 0.682870 0.474740 0.686574 0.476823 0.690278 0.477865 0.700463 0.477865 0.705093 0.477344 0.706944 0.476562 0.711111 0.472917 0.712037 0.470313 0.709259 0.466406 0.705556 0.463542 0.698148 0.461198 0.690741 0.461458
0 0.689815 0.452604 0.687037 0.451562 0.678241 0.450000 0.672685 0.450521 0.667593 0.451823 0.663889 0.454688 0.663889 0.463021 0.669444 0.465365 0.677778 0.465365 0.681481 0.464844 0.687963 0.462760 0.692593 0.459375 0.691667 0.454427
0 0.656481 0.464062 0.652315 0.465104 0.647222 0.467969 0.643981 0.473698 0.644444 0.477344 0.647222 0.479427 0.656481 0.482031 0.663426 0.483073 0.665278 0.482292 0.669907 0.481771 0.675000 0.479948 0.676852 0.478385 0.678704 0.474219 0.675926 0.470313 0.667130 0.465365 0.663889 0.464062
0 0.626389 0.459375 0.621296 0.460156 0.617130 0.462500 0.614352 0.465365 0.611111 0.467187 0.610185 0.471875 0.611574 0.475260 0.618981 0.479687 0.624537 0.480729 0.630093 0.480990 0.637963 0.479427 0.641204 0.477083 0.643056 0.474740 0.644444 0.470052 0.644444 0.465885 0.642593 0.463021 0.635648 0.459635
0 0.627315 0.448177 0.624537 0.449479 0.622222 0.452344 0.621296 0.454688 0.622222 0.459115 0.633796 0.459635 0.642130 0.462760 0.647685 0.461458 0.650463 0.460156 0.654630 0.455729 0.654630 0.454427 0.651852 0.451823 0.642593 0.448177 0.636111 0.447396
0 0.609722 0.452344 0.604167 0.451042 0.599537 0.450781 0.593519 0.452083 0.584722 0.458854 0.581944 0.466927 0.586574 0.470833 0.595833 0.470833 0.609259 0.467448 0.613426 0.465104 0.615741 0.463021 0.617130 0.458854 0.612963 0.454427
0 0.441667 0.476562 0.439352 0.476823 0.430556 0.482292 0.427778 0.484896 0.426389 0.487760 0.425926 0.494271 0.428704 0.495833 0.433796 0.497396 0.441667 0.497656 0.446296 0.496615 0.450463 0.494010 0.452778 0.490625 0.453241 0.486198 0.449537 0.480208
0 0.612037 0.553125 0.610185 0.556771 0.614815 0.562760 0.617130 0.564063 0.626852 0.565625 0.642593 0.565885 0.644907 0.555990 0.641667 0.551302 0.636111 0.547917 0.627778 0.547396 0.623148 0.548177 0.618981 0.549479
0 0.608333 0.533854 0.594907 0.538802 0.592130 0.540885 0.591204 0.544531 0.593056 0.549219 0.598148 0.551823 0.606944 0.554427 0.612500 0.552865 0.626389 0.546354 0.629167 0.541146 0.627315 0.538802 0.622685 0.536458 0.615278 0.534635
0 0.565741 0.525260 0.560185 0.528646 0.556481 0.532552 0.556944 0.537240 0.565741 0.541406 0.577778 0.540885 0.582407 0.538802 0.583333 0.536458 0.575926 0.529427 0.573148 0.525521
0 0.580556 0.520573 0.576852 0.522135 0.573611 0.525260 0.575463 0.529427 0.584722 0.537760 0.593981 0.539062 0.600926 0.536719 0.606481 0.532813 0.606481 0.528906 0.605093 0.525260 0.600000 0.521875 0.594444 0.520052 0.586574 0.519531
0 0.621296 0.514062 0.615278 0.515625 0.609259 0.519271 0.606019 0.522656 0.605556 0.526042 0.606944 0.530208 0.608796 0.532031 0.612500 0.533073 0.624537 0.533854 0.630093 0.533073 0.635648 0.530729 0.637500 0.528125 0.638426 0.524479 0.632870 0.517969 0.627778 0.515104
0 0.627778 0.501302 0.621759 0.498177 0.607870 0.496094 0.598148 0.497135 0.593056 0.500260 0.589352 0.505729 0.593519 0.512240 0.600000 0.513281 0.606481 0.512760 0.622222 0.508854 0.627315 0.505729
0 0.568056 0.505990 0.563426 0.509635 0.563889 0.515365 0.566204 0.519010 0.570833 0.520573 0.577315 0.520573 0.588426 0.518750 0.593519 0.513802 0.592593 0.509896 0.590278 0.507552 0.587037 0.505729 0.580556 0.504687 0.571759 0.504948
0 0.564352 0.491146 0.559259 0.490104 0.550926 0.490365 0.544444 0.492969 0.540741 0.497917 0.540278 0.506250 0.544907 0.509375 0.553704 0.509896 0.562963 0.509115 0.566204 0.507812 0.573611 0.502865 0.575000 0.497656 0.573148 0.495833
0 0.523148 0.501302 0.514815 0.505729 0.513889 0.508594 0.514352 0.515104 0.520370 0.520573 0.525000 0.522135 0.531944 0.522917 0.538426 0.521354 0.544907 0.517969 0.546759 0.515625 0.546759 0.512240 0.545370 0.510156 0.537963 0.504948 0.527315 0.501563
0 0.564352 0.517708 0.559259 0.516667 0.552315 0.516406 0.545833 0.517448 0.541204 0.519792 0.536111 0.523698 0.535185 0.525521 0.537037 0.528385 0.541667 0.531250 0.544444 0.532031 0.554167 0.532292 0.558333 0.531250 0.561111 0.528385 0.565278 0.525781 0.566667 0.523698 0.567130 0.520833
0 0.531944 0.527344 0.524074 0.527344 0.520370 0.528906 0.515741 0.534896 0.514815 0.541146 0.517130 0.543229 0.519907 0.544271 0.525926 0.544792 0.529630 0.544010 0.532407 0.541146 0.540278 0.536719 0.541204 0.534375 0.540278 0.530990 0.537500 0.528646
0 0.492130 0.519792 0.490741 0.520312 0.487963 0.524479 0.488889 0.528906 0.491667 0.532813 0.497685 0.535417 0.509259 0.536979 0.512963 0.536458 0.516204 0.534635 0.521296 0.529427 0.521759 0.525000 0.519444 0.521875 0.515741 0.519531 0.511574 0.518490
0 0.503704 0.485156 0.496759 0.486458 0.489815 0.488802 0.487037 0.490365 0.485648 0.493490 0.487500 0.496875 0.492593 0.500521 0.502315 0.502083 0.510648 0.501302 0.512963 0.500521 0.514815 0.499219 0.516204 0.495312 0.515741 0.492188 0.513426 0.488802 0.510185 0.486719
0 0.454167 0.491667 0.443056 0.497917 0.441204 0.501563 0.441667 0.502865 0.444907 0.505990 0.449074 0.507552 0.454167 0.508333 0.457870 0.507552 0.462037 0.504427 0.468056 0.501823 0.468519 0.497917 0.464352 0.493229 0.462037 0.491927
0 0.481019 0.500000 0.476852 0.499479 0.471296 0.500000 0.459722 0.505729 0.458333 0.508333 0.458333 0.514323 0.460185 0.515885 0.469444 0.517969 0.475463 0.517448 0.479167 0.515625 0.483333 0.511979 0.487963 0.505990 0.486574 0.502083
0 0.462037 0.521094 0.460185 0.524479 0.460648 0.528646 0.462500 0.530729 0.466204 0.532813 0.475463 0.534635 0.482870 0.534115 0.485648 0.532813 0.487500 0.530729 0.487963 0.528646 0.487037 0.520833 0.484722 0.519010 0.475000 0.518490 0.467593 0.519531
0 0.467130 0.534635 0.463426 0.535677 0.460648 0.537760 0.458333 0.540625 0.456944 0.545052 0.461111 0.549219 0.468519 0.553125 0.475926 0.553125 0.485185 0.548958 0.484722 0.544271 0.480556 0.538021 0.477778 0.535417 0.473148 0.534635
0 0.481481 0.534896 0.479167 0.537240 0.486574 0.548177 0.495833 0.552344 0.504630 0.552604 0.508333 0.551562 0.516204 0.545052 0.513426 0.540885 0.511111 0.539583 0.492593 0.534375 0.489352 0.533854
0 0.517130 0.545573 0.511111 0.548698 0.508796 0.552344 0.511111 0.556771 0.515741 0.561719 0.522222 0.563542 0.528704 0.563542 0.532870 0.563021 0.537963 0.561458 0.542593 0.556771 0.539815 0.552604 0.528704 0.546094 0.525926 0.545312
0 0.537963 0.537760 0.532407 0.540885 0.531481 0.542708 0.528241 0.545052 0.531944 0.546875 0.533796 0.548958 0.543519 0.554948 0.552778 0.554948 0.558796 0.553646 0.564815 0.547656 0.565741 0.545573 0.565278 0.540885 0.559259 0.537500 0.542130 0.537240
0 0.580556 0.540885 0.572685 0.541406 0.567130 0.543490 0.560648 0.552344 0.561574 0.554167 0.565278 0.556250 0.572685 0.557813 0.579630 0.557813 0.587963 0.552865 0.589815 0.549479 0.589352 0.544531 0.587037 0.542708
0 0.593519 0.550781 0.588426 0.552344 0.581019 0.556510 0.578241 0.560156 0.578241 0.564844 0.583333 0.569271 0.586574 0.570312 0.594444 0.571354 0.602778 0.570573 0.609722 0.567969 0.612500 0.565104 0.612500 0.560156 0.604630 0.554167 0.601852 0.552865
0 0.544907 0.578125 0.543056 0.579948 0.542593 0.584115 0.548611 0.592187 0.551852 0.594271 0.557870 0.595052 0.565741 0.593750 0.570370 0.590625 0.572685 0.588021 0.572222 0.583594 0.569907 0.580208 0.564815 0.577865 0.560185 0.576823 0.551389 0.576562
0 0.559722 0.554427 0.550926 0.554688 0.545370 0.555729 0.539352 0.560417 0.539352 0.564583 0.545833 0.570573 0.551852 0.573438 0.554167 0.572135 0.559259 0.571354 0.566204 0.569010 0.570833 0.564844 0.570833 0.560156 0.569444 0.558073
0 0.502315 0.568229 0.504630 0.573698 0.507870 0.575521 0.514815 0.577344 0.525926 0.577344 0.531481 0.575000 0.533796 0.572396 0.532407 0.567187 0.528704 0.565365 0.524537 0.564583 0.510185 0.564063
0 0.482407 0.551042 0.474537 0.553125 0.472685 0.554167 0.471296 0.556250 0.470833 0.559896 0.471759 0.561979 0.476852 0.566406 0.483333 0.570052 0.488889 0.571354 0.498148 0.570312 0.500926 0.569271 0.506944 0.564583 0.506019 0.558594 0.502315 0.554427 0.500000 0.553125 0.492130 0.551823 0.489815 0.550781
0 0.400463 0.554688 0.388889 0.555990 0.382870 0.560156 0.382870 0.564844 0.387500 0.570833 0.392130 0.573698 0.405556 0.570833 0.411111 0.564583 0.410185 0.559896 0.403704 0.555469
0 0.427315 0.547135 0.413889 0.549219 0.406944 0.552604 0.406481 0.556771 0.411574 0.561719 0.419444 0.565365 0.424537 0.566146 0.434259 0.565625 0.436574 0.564583 0.439352 0.556771 0.437963 0.552604 0.435648 0.550000
0 0.443519 0.546615 0.438889 0.551562 0.438889 0.553646 0.441667 0.557813 0.450000 0.562240 0.454630 0.563542 0.462500 0.562760 0.466667 0.561458 0.470370 0.557292 0.469907 0.554427 0.468519 0.552865 0.461111 0.549219 0.459259 0.546875 0.455556 0.545312 0.447685 0.545573
0 0.461111 0.531250 0.456944 0.530208 0.451389 0.530208 0.439815 0.531250 0.435648 0.532813 0.432870 0.536979 0.435648 0.542708 0.440741 0.546094 0.452315 0.545573 0.456481 0.544271 0.463426 0.533333
0 0.433796 0.510938 0.430556 0.513021 0.427315 0.517448 0.428241 0.523438 0.433796 0.530469 0.440278 0.531250 0.448148 0.530469 0.456944 0.527865 0.459722 0.525781 0.460185 0.520833 0.455556 0.515625 0.448148 0.512240 0.442130 0.511198
0 0.418981 0.494531 0.412037 0.495833 0.406019 0.500000 0.404630 0.506771 0.407870 0.509896 0.411111 0.511458 0.420833 0.512760 0.426852 0.512240 0.433333 0.509896 0.435185 0.506510 0.435185 0.501563 0.432407 0.498177 0.428241 0.495573
0 0.406019 0.511719 0.399074 0.513802 0.394907 0.517448 0.393981 0.521875 0.399074 0.526823 0.407407 0.529167 0.414352 0.529427 0.418056 0.528646 0.424537 0.524479 0.425926 0.522396 0.425463 0.516927 0.423148 0.514844 0.419907 0.513542 0.413426 0.512240
0 0.403241 0.530208 0.400463 0.532292 0.400463 0.537500 0.402315 0.539583 0.408333 0.543490 0.412963 0.547917 0.420833 0.547656 0.424537 0.545833 0.430556 0.540885 0.431944 0.536458 0.429630 0.533073 0.425463 0.530990 0.420370 0.529687 0.412500 0.529167
0 0.399537 0.538542 0.391204 0.537760 0.384722 0.538542 0.381481 0.540104 0.379630 0.544010 0.378704 0.549479 0.379630 0.552865 0.383796 0.555208 0.392593 0.554948 0.402315 0.553646 0.406481 0.552344 0.411111 0.549479 0.411574 0.548177 0.409722 0.544792
0 0.358333 0.550781 0.352315 0.550781 0.348148 0.551823 0.343981 0.554427 0.339352 0.559896 0.339815 0.562240 0.343056 0.566406 0.350000 0.570312 0.357870 0.569792 0.362963 0.568229 0.365741 0.566406 0.370370 0.560677 0.369444 0.555990 0.365741 0.552344
0 0.336574 0.561719 0.328704 0.561198 0.322685 0.562240 0.318519 0.563542 0.313426 0.566406 0.311574 0.568750 0.311111 0.572396 0.315278 0.576562 0.318056 0.578125 0.322222 0.579167 0.331481 0.579427 0.340741 0.577604 0.343981 0.575521 0.347222 0.572396 0.346296 0.568490
0 0.535185 0.472656 0.531481 0.471615 0.523611 0.471354 0.509259 0.474479 0.504630 0.482292 0.506481 0.485677 0.512963 0.488802 0.517130 0.489844 0.531481 0.489063 0.538889 0.487240 0.541667 0.485417 0.543981 0.482292 0.540278 0.475260
0 0.572685 0.448177 0.560648 0.451562 0.553704 0.455208 0.550926 0.458333 0.550926 0.462760 0.553704 0.466146 0.565278 0.469531 0.573148 0.468750 0.576852 0.466927 0.579167 0.464583 0.581019 0.460417 0.580556 0.450781 0.578704 0.449219
0 0.538426 0.467969 0.537037 0.469010 0.536574 0.471094 0.538889 0.474740 0.541204 0.476562 0.543519 0.482292 0.546759 0.484635 0.551852 0.486198 0.559722 0.486198 0.563889 0.485156 0.570370 0.481771 0.572685 0.479427 0.573148 0.474219 0.567593 0.470052 0.559259 0.467448 0.549074 0.467187
0 0.500000 0.462240 0.500000 0.466927 0.503704 0.470052 0.509722 0.472656 0.517593 0.472396 0.528704 0.470052 0.536111 0.466406 0.537963 0.463802 0.537500 0.462240 0.529167 0.457552 0.518056 0.455729 0.510185 0.455729 0.505093 0.457031 0.502778 0.458333
0 0.482407 0.463281 0.478704 0.466667 0.476389 0.474740 0.479167 0.480990 0.482407 0.483333 0.493981 0.483594 0.499537 0.482812 0.503241 0.481510 0.506481 0.478906 0.506019 0.474219 0.502778 0.469271 0.498611 0.465885 0.489815 0.463281
0 0.468519 0.472656 0.458333 0.475260 0.452778 0.478646 0.451852 0.482812 0.454167 0.486979 0.463889 0.492188 0.468056 0.493229 0.476852 0.494010 0.479630 0.492969 0.480556 0.491146 0.479630 0.486458 0.480093 0.482031 0.475926 0.473698
0 0.418981 0.463281 0.412963 0.464844 0.409722 0.467448 0.408333 0.470052 0.408333 0.475521 0.409259 0.478125 0.412963 0.481771 0.421296 0.482292 0.429630 0.480990 0.432870 0.479427 0.436574 0.475781 0.437500 0.470313 0.435185 0.467448 0.431944 0.465625 0.427778 0.464062
0 0.468981 0.458594 0.463889 0.457292 0.456481 0.457292 0.448148 0.458854 0.443519 0.461979 0.441204 0.466146 0.441667 0.471094 0.443519 0.472656 0.447685 0.474219 0.455093 0.474219 0.471296 0.470052 0.474537 0.467187 0.474074 0.463802 0.472222 0.460677
0 0.468981 0.444271 0.464815 0.447396 0.463889 0.450260 0.465278 0.456250 0.467593 0.458333 0.474537 0.460938 0.483796 0.460677 0.490741 0.458854 0.494444 0.456771 0.496296 0.454167 0.496296 0.450521 0.494444 0.448177 0.488889 0.445312 0.483796 0.444010 0.475463 0.443490
0 0.401389 0.448177 0.399074 0.448958 0.397222 0.450781 0.395833 0.453906 0.396759 0.458854 0.398611 0.461198 0.406019 0.464062 0.412037 0.464583 0.422685 0.461719 0.428704 0.455208 0.434167 0.449609 0.428287 0.447500 0.409259 0.447656
0 0.843981 0.441406 0.836111 0.443229 0.828704 0.446094 0.825926 0.448177 0.824074 0.451042 0.825000 0.455469 0.828241 0.457813 0.831944 0.459115 0.842130 0.460417 0.847222 0.459896 0.850926 0.457813 0.854167 0.451823 0.853241 0.447396 0.850926 0.443750
0 0.823148 0.426302 0.817593 0.427604 0.812500 0.431250 0.814352 0.440885 0.816204 0.443229 0.822685 0.445833 0.830093 0.445833 0.838426 0.443229 0.843981 0.440625 0.846759 0.436458 0.846296 0.432552 0.843981 0.429948 0.837500 0.427344 0.831019 0.426302
0 0.810185 0.430990 0.801389 0.429688 0.794907 0.430729 0.788426 0.432812 0.783796 0.435417 0.781944 0.438802 0.781944 0.440104 0.784722 0.443490 0.794444 0.447135 0.803704 0.447396 0.809259 0.446354 0.812963 0.443229 0.813426 0.441406 0.812963 0.434375 0.812037 0.432292
0 0.755556 0.441146 0.752778 0.443229 0.750463 0.446615 0.750463 0.448177 0.754630 0.452865 0.756944 0.454167 0.763889 0.455729 0.768056 0.455990 0.775926 0.454948 0.780093 0.453125 0.784259 0.447656 0.783796 0.443229 0.780556 0.441146 0.775463 0.439583 0.763426 0.439583
0 0.532407 0.434375 0.529630 0.434635 0.523148 0.437240 0.516667 0.441146 0.513889 0.444271 0.513889 0.448437 0.515741 0.451302 0.517593 0.452344 0.524074 0.453906 0.533333 0.454167 0.538889 0.453385 0.543056 0.451302 0.544444 0.448958 0.544907 0.445833 0.543981 0.442448 0.539815 0.439323 0.538426 0.436458
0 0.656019 0.436979 0.645370 0.439063 0.643056 0.441406 0.642593 0.444010 0.643981 0.447656 0.645833 0.449219 0.653704 0.453125 0.657407 0.453906 0.663426 0.453385 0.668519 0.451302 0.673611 0.447917 0.677778 0.443229 0.669907 0.439323 0.663426 0.437760
0 0.690278 0.430208 0.681019 0.433073 0.675926 0.439583 0.679167 0.443750 0.681481 0.445312 0.689815 0.448177 0.698148 0.448177 0.704167 0.445833 0.707870 0.443490 0.708796 0.440365 0.708333 0.435156 0.705093 0.432812 0.700000 0.431250
0 0.697685 0.416667 0.692130 0.424479 0.691667 0.427865 0.693056 0.429427 0.704630 0.433333 0.712963 0.433594 0.716204 0.432812 0.718519 0.430990 0.721759 0.424219 0.718981 0.419010 0.715741 0.416927 0.712500 0.416146 0.702778 0.415885
0 0.720833 0.432552 0.718981 0.433594 0.717593 0.435677 0.719444 0.439844 0.724074 0.444531 0.728704 0.447135 0.733796 0.448958 0.741204 0.449479 0.746296 0.448437 0.750000 0.445573 0.752778 0.441146 0.752778 0.438281 0.750463 0.435677 0.740741 0.433073 0.732870 0.432031 0.724074 0.432031
0 0.780093 0.423177 0.774074 0.421094 0.766204 0.420573 0.757870 0.423438 0.752778 0.427604 0.750926 0.431250 0.751389 0.435156 0.754630 0.438542 0.759259 0.439323 0.769444 0.439323 0.775926 0.438542 0.781481 0.436719 0.786111 0.431250 0.785185 0.428385
0 0.777315 0.408073 0.768519 0.411979 0.767130 0.416667 0.769444 0.419792 0.773148 0.421354 0.779167 0.422656 0.788426 0.427865 0.793519 0.428906 0.796296 0.428646 0.799537 0.425521 0.803704 0.416146 0.802315 0.411719 0.796759 0.408073 0.790741 0.406510 0.787500 0.406250
0 0.756481 0.410417 0.746759 0.407552 0.740741 0.407031 0.731481 0.407292 0.721759 0.409375 0.718981 0.410938 0.715741 0.416146 0.723611 0.424740 0.733333 0.425521 0.748611 0.420833 0.754167 0.417708 0.757870 0.412240
0 0.704630 0.374219 0.695833 0.377344 0.693519 0.380208 0.697685 0.391146 0.700000 0.392188 0.706944 0.392448 0.711111 0.393229 0.718981 0.391927 0.725463 0.384896 0.725926 0.380729 0.723148 0.377344 0.719907 0.375781 0.712037 0.374479
0 0.742130 0.382292 0.732407 0.382031 0.728704 0.382812 0.721296 0.388542 0.718056 0.394271 0.717593 0.397917 0.719444 0.402604 0.723148 0.404948 0.733333 0.404948 0.741204 0.403125 0.744907 0.401562 0.751852 0.396094 0.753704 0.392969 0.752778 0.388542 0.746759 0.384115
0 0.732870 0.365365 0.730556 0.366927 0.725926 0.372656 0.724074 0.376823 0.727315 0.379427 0.731944 0.381250 0.747222 0.382031 0.754630 0.380469 0.758333 0.377604 0.758333 0.372917 0.754630 0.369010 0.747685 0.365625 0.743056 0.364323 0.738426 0.364063
0 0.692593 0.359375 0.691667 0.360677 0.692593 0.364844 0.696759 0.369531 0.706481 0.373437 0.712037 0.374740 0.721296 0.375260 0.725926 0.373698 0.729630 0.369271 0.730556 0.364323 0.728241 0.361198 0.723611 0.358854 0.718519 0.357552 0.704167 0.357031 0.695370 0.358073
0 0.608796 0.433594 0.604630 0.435156 0.603241 0.437500 0.603241 0.440365 0.605556 0.444792 0.610648 0.448958 0.613426 0.449740 0.621759 0.449740 0.627315 0.447396 0.629167 0.445312 0.629630 0.443229 0.627778 0.438802 0.624537 0.435417 0.621296 0.433594 0.615278 0.432812
0 0.632870 0.425521 0.631481 0.427083 0.631944 0.431250 0.633333 0.433073 0.638889 0.435677 0.643056 0.436979 0.650463 0.437240 0.655093 0.436458 0.657870 0.435156 0.660185 0.432031 0.661574 0.427344 0.656944 0.423438 0.650926 0.422656 0.642130 0.422656 0.635185 0.424219
0 0.693981 0.415104 0.690278 0.414062 0.683796 0.413542 0.671759 0.414844 0.666204 0.416406 0.661574 0.419010 0.659259 0.423438 0.661574 0.427344 0.664815 0.429948 0.669444 0.432031 0.677778 0.432292 0.685185 0.429948 0.691204 0.426302 0.695370 0.420833 0.695833 0.416667
0 0.697685 0.396094 0.691204 0.399219 0.689352 0.401042 0.689352 0.410417 0.693056 0.413542 0.697685 0.415365 0.713426 0.414323 0.716667 0.413021 0.720370 0.408594 0.718981 0.402604 0.713426 0.398438 0.705556 0.396354
0 0.671759 0.394792 0.669444 0.394792 0.660648 0.399219 0.656944 0.405469 0.656944 0.408594 0.658796 0.411458 0.662500 0.413281 0.669907 0.415104 0.677778 0.414323 0.684722 0.411719 0.687500 0.409635 0.688426 0.405208 0.687963 0.400781 0.686111 0.398438 0.680556 0.396094
0 0.639815 0.403385 0.632407 0.404687 0.627778 0.406771 0.625000 0.412500 0.627315 0.416146 0.630556 0.418490 0.636111 0.420312 0.642593 0.421094 0.650000 0.419271 0.653241 0.417708 0.654630 0.416146 0.655556 0.411198 0.653704 0.407292 0.650926 0.405208 0.643981 0.403385
0 0.600463 0.415625 0.595833 0.420312 0.603241 0.429167 0.606481 0.430469 0.612500 0.431510 0.616204 0.431510 0.621296 0.430208 0.624537 0.428125 0.627778 0.423958 0.627778 0.419010 0.625926 0.416667 0.622222 0.415104 0.615278 0.414323 0.606944 0.414583
0 0.567130 0.427083 0.567593 0.431510 0.574074 0.435156 0.586111 0.438021 0.591204 0.438021 0.597222 0.436979 0.600000 0.435417 0.601852 0.431771 0.601389 0.427344 0.598611 0.423438 0.593981 0.421354 0.585185 0.421354 0.579630 0.422135 0.570833 0.425000
0 0.545370 0.432031 0.540278 0.434896 0.539815 0.436979 0.540278 0.439583 0.546759 0.444010 0.559722 0.445573 0.565741 0.444792 0.568981 0.443490 0.572222 0.439844 0.573148 0.435677 0.571296 0.433333 0.566667 0.431250 0.560648 0.430729 0.550000 0.431250
0 0.524537 0.426042 0.517130 0.425521 0.505093 0.427083 0.500463 0.428125 0.497222 0.429948 0.495370 0.431771 0.494444 0.435677 0.497685 0.439844 0.500463 0.441406 0.504167 0.442708 0.511111 0.443229 0.515741 0.442188 0.520370 0.439583 0.524537 0.436198 0.527315 0.432031 0.526852 0.427604
0 0.468056 0.421094 0.462963 0.423177 0.459259 0.426302 0.459259 0.433073 0.460185 0.434375 0.466667 0.437760 0.470833 0.438542 0.476852 0.438542 0.483333 0.436719 0.488889 0.433073 0.491204 0.429167 0.490741 0.425781 0.488426 0.422917 0.484722 0.421615 0.477315 0.420573
0 0.424537 0.430469 0.419444 0.429948 0.409722 0.432812 0.404167 0.436719 0.401389 0.440104 0.401389 0.444271 0.403241 0.446875 0.411574 0.448177 0.420833 0.448437 0.428241 0.446354 0.431944 0.439063 0.430093 0.435156 0.427315 0.432031
0 0.439815 0.422917 0.433333 0.424219 0.430556 0.425781 0.428704 0.428385 0.428241 0.432292 0.433333 0.439844 0.441204 0.443490 0.448611 0.445312 0.452315 0.443750 0.458796 0.435677 0.457870 0.427604 0.454167 0.424740 0.450463 0.423698
0 0.402315 0.413542 0.400463 0.414583 0.396759 0.419792 0.402315 0.431250 0.406481 0.432812 0.425463 0.429688 0.428241 0.427604 0.429167 0.423698 0.425000 0.419792 0.414352 0.414062 0.406944 0.413021
0 0.426389 0.404948 0.421759 0.405990 0.418056 0.407813 0.415741 0.412240 0.418981 0.416146 0.426389 0.420573 0.426852 0.421875 0.429167 0.422917 0.434722 0.423438 0.440741 0.421094 0.444444 0.416146 0.444444 0.408854 0.443519 0.407552 0.439815 0.406250
0 0.497222 0.501563 0.488889 0.503125 0.485185 0.509115 0.485185 0.514062 0.489352 0.520312 0.497222 0.520052 0.506481 0.518750 0.512037 0.516406 0.513889 0.514323 0.513889 0.509375 0.512963 0.507812 0.503241 0.503125
0 0.433796 0.388281 0.425926 0.390885 0.419907 0.396094 0.419907 0.400521 0.421759 0.402604 0.425926 0.404687 0.442593 0.406510 0.445833 0.405729 0.448611 0.404167 0.449074 0.394792 0.446296 0.390625 0.443519 0.389323
0 0.476852 0.404948 0.472685 0.404167 0.462500 0.403646 0.451389 0.404167 0.448148 0.405469 0.445833 0.407813 0.445370 0.412240 0.454630 0.418750 0.461111 0.420312 0.468519 0.419271 0.472685 0.417187 0.475463 0.414583 0.479630 0.408594 0.479167 0.406510
0 0.492593 0.412240 0.490741 0.415365 0.490741 0.421094 0.492593 0.423958 0.495370 0.425521 0.502315 0.427344 0.512500 0.426563 0.519444 0.424740 0.522685 0.421354 0.523148 0.417969 0.522685 0.415885 0.517593 0.411979 0.510648 0.410677 0.498148 0.410677
0 0.544907 0.405469 0.540278 0.407552 0.534259 0.411979 0.530093 0.416146 0.529630 0.420052 0.534722 0.422656 0.543519 0.425000 0.552315 0.425000 0.554630 0.424479 0.556481 0.423177 0.557870 0.420312 0.557870 0.415625 0.555093 0.411719 0.555093 0.409115 0.553241 0.405990 0.552315 0.405469
0 0.557870 0.409896 0.556481 0.412240 0.560185 0.415625 0.565741 0.418750 0.573148 0.420573 0.583333 0.421094 0.591204 0.420312 0.593981 0.419531 0.598611 0.416146 0.598148 0.411458 0.595833 0.407552 0.593056 0.405469 0.587500 0.403646 0.578241 0.402865 0.570370 0.403906 0.562500 0.406510
0 0.616204 0.394792 0.606481 0.394792 0.603704 0.396094 0.596759 0.401562 0.595370 0.403906 0.595833 0.408333 0.598611 0.413542 0.600463 0.414844 0.616204 0.413542 0.623611 0.410938 0.626852 0.408333 0.625926 0.400260
0 0.622222 0.384375 0.616667 0.388542 0.617130 0.393490 0.618981 0.396354 0.621759 0.398438 0.625926 0.400000 0.635648 0.401302 0.643981 0.401562 0.649074 0.400781 0.651389 0.396094 0.644444 0.385937 0.640278 0.383594 0.635648 0.382552
0 0.663426 0.378385 0.657407 0.379167 0.650926 0.380990 0.645833 0.384635 0.646296 0.389062 0.649074 0.393490 0.655556 0.396094 0.662500 0.397135 0.670370 0.392708 0.673611 0.385417 0.672685 0.380469 0.670370 0.379167
0 0.683796 0.378125 0.677315 0.380729 0.675000 0.382552 0.671759 0.388542 0.671759 0.392708 0.675463 0.395052 0.683796 0.397396 0.691667 0.397917 0.695833 0.396094 0.697222 0.394010 0.697685 0.388281 0.696296 0.384375 0.691204 0.378125
0 0.659259 0.361719 0.654630 0.364063 0.653704 0.365365 0.657870 0.369271 0.659259 0.373958 0.662037 0.376042 0.669907 0.378646 0.677778 0.379427 0.686574 0.377083 0.688889 0.375781 0.693981 0.369271 0.691204 0.363281 0.681481 0.360677 0.674537 0.359896 0.668519 0.359896
0 0.636574 0.364583 0.630556 0.367969 0.626852 0.372135 0.626852 0.373698 0.628704 0.375781 0.635185 0.379167 0.642130 0.380729 0.650926 0.380469 0.655556 0.379167 0.658333 0.375781 0.657870 0.369531 0.655556 0.366146 0.652315 0.364063 0.650000 0.363542 0.640741 0.363542
0 0.621759 0.369271 0.614352 0.368750 0.604167 0.371615 0.597222 0.375521 0.595833 0.380990 0.599537 0.384115 0.607407 0.387760 0.614815 0.387760 0.622222 0.383333 0.625463 0.377083 0.625463 0.372656
0 0.579630 0.364583 0.574074 0.366406 0.568519 0.370052 0.566204 0.372656 0.566204 0.377083 0.570833 0.380990 0.579630 0.384115 0.587500 0.383854 0.591204 0.382812 0.594444 0.380990 0.595370 0.378385 0.594444 0.369792 0.587963 0.366146
0 0.594444 0.383073 0.581944 0.384896 0.575926 0.388542 0.576852 0.396615 0.578241 0.400000 0.580093 0.401302 0.585648 0.402865 0.591204 0.402865 0.595370 0.402083 0.600463 0.398958 0.603241 0.396094 0.604167 0.388542 0.600926 0.385677
0 0.552315 0.384896 0.547222 0.386979 0.546296 0.388542 0.542593 0.391146 0.541204 0.395833 0.542130 0.398177 0.549537 0.401823 0.552778 0.402604 0.566204 0.402604 0.569907 0.401823 0.574074 0.400000 0.575926 0.397396 0.575463 0.390885 0.574074 0.388281 0.566204 0.384896 0.560185 0.383854
0 0.531944 0.385417 0.524537 0.385937 0.521296 0.386719 0.514815 0.389844 0.512037 0.392708 0.511111 0.397135 0.513889 0.400781 0.524074 0.404167 0.531481 0.404167 0.534259 0.403385 0.538889 0.400000 0.541204 0.396615 0.541667 0.392188 0.540278 0.389583 0.537963 0.387760
0 0.482870 0.394271 0.480556 0.396875 0.480093 0.400781 0.481019 0.403125 0.484259 0.404948 0.493981 0.407292 0.500000 0.407813 0.510648 0.407552 0.512500 0.406510 0.513889 0.404687 0.512963 0.400260 0.508796 0.395052 0.503704 0.391927 0.497222 0.390365 0.491667 0.390625 0.487963 0.391667
0 0.489815 0.376823 0.482407 0.375781 0.470833 0.378906 0.465278 0.381250 0.462037 0.383854 0.458796 0.388542 0.462500 0.392708 0.468519 0.394792 0.475926 0.395833 0.483333 0.394531 0.489815 0.391146 0.491667 0.389062 0.491667 0.383333
0 0.455556 0.370573 0.447685 0.370833 0.438889 0.374219 0.432870 0.380208 0.433333 0.384115 0.436574 0.387240 0.439352 0.388542 0.447685 0.390625 0.457407 0.388802 0.462500 0.381771 0.461111 0.373698
0 0.461111 0.351823 0.450926 0.354687 0.448148 0.357292 0.447222 0.361458 0.450926 0.367969 0.459259 0.371094 0.462963 0.371615 0.468981 0.370833 0.477315 0.366927 0.480093 0.361979 0.480093 0.357031 0.478241 0.355208 0.474074 0.353125
0 0.516667 0.369792 0.509722 0.370833 0.503241 0.373698 0.501389 0.376302 0.500926 0.381510 0.502778 0.383854 0.505093 0.384896 0.517593 0.386979 0.529630 0.384896 0.531481 0.382812 0.531944 0.380208 0.531019 0.376042 0.527778 0.371875 0.524537 0.370573
0 0.552315 0.365885 0.544907 0.365625 0.541204 0.366667 0.536111 0.369271 0.534259 0.371094 0.532870 0.375000 0.533333 0.384896 0.537963 0.386458 0.544907 0.386198 0.554167 0.384115 0.558333 0.382292 0.563889 0.377344 0.564815 0.374219 0.563889 0.371615 0.558796 0.368229
0 0.504630 0.358594 0.496759 0.356250 0.489815 0.356510 0.482407 0.359375 0.478704 0.365104 0.477778 0.368229 0.480556 0.373958 0.482407 0.375000 0.500463 0.374479 0.507407 0.371615 0.509722 0.369531 0.511574 0.365104 0.506944 0.359896
0 0.537963 0.354427 0.532870 0.353646 0.523611 0.353906 0.517130 0.354948 0.512963 0.357292 0.513426 0.362240 0.516204 0.366667 0.519444 0.369271 0.523611 0.370312 0.531944 0.370312 0.538426 0.368229 0.541667 0.364844 0.544491 0.358802
0 0.578241 0.354948 0.574074 0.353646 0.566204 0.352604 0.556481 0.353125 0.551389 0.354167 0.549074 0.355990 0.547685 0.360417 0.549537 0.365365 0.558796 0.367969 0.566204 0.367969 0.573148 0.367188 0.578704 0.364583 0.581019 0.361719 0.581481 0.357292
0 0.599074 0.351562 0.591667 0.352865 0.584722 0.356510 0.581481 0.360938 0.581481 0.363281 0.582407 0.365365 0.587500 0.366406 0.593056 0.368750 0.600926 0.369271 0.611574 0.366927 0.614815 0.364323 0.616204 0.360677 0.614352 0.357292 0.609722 0.353385 0.601389 0.351562
0 0.613426 0.345313 0.611574 0.350260 0.612963 0.353906 0.618981 0.358333 0.626852 0.361198 0.635648 0.361979 0.640278 0.357552 0.641204 0.354167 0.640741 0.348177 0.637963 0.344271 0.635185 0.342969 0.627778 0.342187 0.619907 0.343229
0 0.649074 0.342448 0.644444 0.345833 0.641204 0.349479 0.641204 0.353646 0.642593 0.355208 0.644907 0.356510 0.656944 0.359635 0.664815 0.359896 0.670370 0.358854 0.672685 0.357552 0.674537 0.352865 0.671759 0.348698 0.667130 0.345052 0.663426 0.342969 0.657870 0.341406 0.654167 0.341406
0 0.704167 0.340625 0.690741 0.340625 0.681481 0.343490 0.678704 0.346094 0.676852 0.350000 0.678704 0.353646 0.682407 0.355990 0.690278 0.357812 0.703704 0.356510 0.709259 0.354167 0.712963 0.350260 0.712500 0.345573 0.710648 0.343490
0 0.729167 0.343229 0.722685 0.345573 0.718056 0.348438 0.716667 0.351302 0.717130 0.354687 0.720370 0.357552 0.732407 0.363281 0.743981 0.363021 0.746759 0.361719 0.748611 0.358073 0.747685 0.352865 0.744444 0.345573 0.739815 0.343750 0.732870 0.342708
0 0.371296 0.396875 0.368056 0.400000 0.368056 0.403646 0.376389 0.413802 0.378704 0.414844 0.383333 0.415365 0.392593 0.415365 0.396759 0.414323 0.400926 0.411198 0.403241 0.407031 0.403704 0.404167 0.400926 0.401823 0.395370 0.399219 0.386111 0.397396
0 0.391204 0.378906 0.376852 0.384349 0.375093 0.387396 0.377176 0.393620 0.390741 0.398177 0.399537 0.398177 0.405556 0.394792 0.409722 0.389323 0.409259 0.385677 0.406944 0.382812 0.404167 0.380990 0.401852 0.380208
0 0.343981 0.385677 0.335185 0.385417 0.329630 0.385937 0.323148 0.387760 0.319907 0.389583 0.317130 0.392188 0.316667 0.396615 0.320833 0.400000 0.327778 0.402083 0.337500 0.403125 0.347222 0.400260 0.348611 0.398438 0.349074 0.388542
0 0.294907 0.391146 0.286574 0.393750 0.284722 0.395573 0.282870 0.400781 0.284722 0.404427 0.287963 0.407292 0.293981 0.408854 0.302778 0.409375 0.306019 0.408073 0.309722 0.407552 0.316204 0.404687 0.318981 0.400260 0.315741 0.395573 0.312037 0.393490 0.303704 0.391406
0 0.286111 0.407813 0.281944 0.402865 0.279630 0.401562 0.274074 0.400260 0.266667 0.400781 0.256481 0.403385 0.250463 0.406250 0.249074 0.408594 0.250000 0.412240 0.256944 0.415365 0.261111 0.416406 0.275000 0.416927 0.282870 0.414583 0.285185 0.411719
0 0.218519 0.401823 0.215278 0.407552 0.218519 0.414844 0.221759 0.416667 0.224537 0.417187 0.234259 0.417708 0.237500 0.416927 0.244444 0.412500 0.244444 0.407552 0.242593 0.404687 0.239815 0.403125 0.232870 0.401302
0 0.398611 0.477865 0.389815 0.479948 0.387037 0.481510 0.384259 0.485938 0.384259 0.490365 0.388426 0.494010 0.392130 0.495573 0.398148 0.496615 0.406481 0.496354 0.412037 0.493490 0.414352 0.491146 0.415741 0.486458 0.415278 0.484896 0.412037 0.480990 0.410185 0.479948
0 0.328704 0.538542 0.324537 0.539583 0.319907 0.542969 0.319444 0.550000 0.321759 0.553385 0.329630 0.559375 0.337037 0.559115 0.343056 0.555990 0.348611 0.551042 0.349537 0.547656 0.346759 0.540625 0.343056 0.539062
0 0.357407 0.533594 0.350000 0.536979 0.348611 0.538281 0.347685 0.541667 0.350463 0.547135 0.355556 0.550000 0.364815 0.551562 0.374074 0.549479 0.376852 0.547917 0.379167 0.545573 0.380093 0.540625 0.377778 0.537760 0.370370 0.534635 0.364815 0.533333
0 0.336574 0.519792 0.329630 0.521875 0.325926 0.525000 0.325463 0.529427 0.327315 0.533594 0.332407 0.537500 0.335185 0.538281 0.344444 0.539062 0.348611 0.538021 0.356944 0.533594 0.357870 0.530729 0.357407 0.527604 0.355556 0.524219 0.350926 0.521354 0.343981 0.519531
0 0.377778 0.520573 0.369907 0.525000 0.366204 0.528385 0.366667 0.533333 0.381481 0.537500 0.394907 0.537500 0.397685 0.536979 0.399074 0.534896 0.399537 0.528906 0.396759 0.524479 0.392130 0.521615 0.387500 0.520052
0 0.393056 0.504427 0.386111 0.503125 0.377778 0.503646 0.371296 0.506250 0.370370 0.507812 0.370370 0.514844 0.372222 0.516927 0.378241 0.519531 0.385648 0.519531 0.391667 0.518750 0.400463 0.513542 0.402778 0.509635
0 0.362963 0.491667 0.359259 0.494010 0.358333 0.496875 0.359259 0.500260 0.362037 0.502083 0.367130 0.503385 0.373148 0.503906 0.378704 0.503385 0.384259 0.501823 0.387500 0.498698 0.387500 0.494010 0.382407 0.490885 0.379167 0.489844 0.371296 0.489583
0 0.299537 0.484375 0.292130 0.489063 0.291667 0.494531 0.292593 0.495833 0.308333 0.501302 0.316204 0.501302 0.320370 0.500521 0.323148 0.498437 0.323148 0.493490 0.320833 0.489844 0.314815 0.485156 0.310185 0.483594 0.301852 0.483594
0 0.339815 0.475000 0.337037 0.474219 0.329630 0.474740 0.321296 0.476562 0.317593 0.478385 0.314352 0.482292 0.315278 0.485677 0.316667 0.487500 0.322685 0.491667 0.330556 0.490885 0.342130 0.488021 0.344444 0.486719 0.346759 0.482812 0.346296 0.480729 0.343519 0.477083
0 0.355093 0.474479 0.351389 0.477604 0.349537 0.482552 0.356019 0.487240 0.364352 0.489323 0.378704 0.488802 0.381019 0.487500 0.384259 0.482812 0.384259 0.481250 0.382870 0.478646 0.377315 0.475781 0.371759 0.473698 0.367593 0.473177 0.357407 0.473438
0 0.397222 0.460677 0.386574 0.459896 0.377315 0.460677 0.373611 0.462760 0.370833 0.466406 0.371296 0.470833 0.373611 0.474740 0.378704 0.477344 0.385185 0.478646 0.393056 0.477344 0.402315 0.474219 0.406944 0.471615 0.408796 0.466406 0.406481 0.464583
0 0.378241 0.416146 0.369444 0.420052 0.367593 0.423958 0.372222 0.432292 0.374537 0.433854 0.378241 0.434635 0.392593 0.434896 0.397685 0.432812 0.400463 0.429948 0.401389 0.427604 0.399537 0.423698 0.396759 0.420833 0.392130 0.417969 0.386111 0.416406
0 0.373611 0.436458 0.371296 0.438802 0.372222 0.443490 0.383796 0.452344 0.393056 0.453385 0.400463 0.447135 0.401389 0.442188 0.400000 0.438021 0.394444 0.435677 0.387500 0.434896 0.380556 0.435156
0 0.354167 0.442969 0.350463 0.445573 0.348148 0.450260 0.348148 0.452083 0.349537 0.453906 0.354167 0.456771 0.362963 0.459896 0.371759 0.459896 0.373611 0.459375 0.375926 0.457552 0.376852 0.454688 0.379630 0.451302 0.376852 0.446615 0.371759 0.442969 0.368056 0.441927 0.362037 0.441667
0 0.350926 0.455990 0.340278 0.456771 0.335648 0.458333 0.332870 0.460938 0.332407 0.471875 0.336111 0.474479 0.340741 0.475000 0.343519 0.476042 0.352778 0.473438 0.360648 0.468750 0.362500 0.466927 0.362500 0.462240 0.359722 0.459115
0 0.331019 0.458333 0.325000 0.457292 0.318519 0.457292 0.300000 0.460417 0.296759 0.462760 0.295833 0.467448 0.297685 0.470052 0.303704 0.473958 0.308796 0.475781 0.317130 0.475781 0.325926 0.473438 0.330093 0.471354 0.332870 0.467187 0.332407 0.459115
0 0.295370 0.469010 0.285185 0.471094 0.282407 0.472396 0.280556 0.474479 0.281944 0.480208 0.285648 0.483073 0.289352 0.484635 0.295370 0.484896 0.302778 0.482552 0.307870 0.482031 0.309259 0.481510 0.311111 0.479167 0.309722 0.476042
0 0.274074 0.484375 0.268519 0.485938 0.266667 0.488542 0.267130 0.498177 0.274074 0.500521 0.281481 0.500781 0.290278 0.496615 0.291667 0.492188 0.291204 0.486458 0.286574 0.484635
0 0.197685 0.476562 0.193056 0.479167 0.190278 0.482031 0.190741 0.486458 0.192593 0.488281 0.204630 0.494271 0.209259 0.494792 0.218981 0.494271 0.223148 0.490625 0.225000 0.486979 0.225000 0.482292 0.223148 0.479687 0.218056 0.476562 0.214815 0.476042 0.201389 0.476042
0 0.247685 0.483333 0.241667 0.482292 0.237037 0.482552 0.231944 0.484115 0.224537 0.488542 0.220370 0.494010 0.221296 0.499219 0.223611 0.501042 0.231481 0.501563 0.241667 0.501302 0.253704 0.497917 0.254630 0.496875 0.255556 0.489844 0.252778 0.486198
0 0.251389 0.471094 0.247222 0.472396 0.243981 0.474479 0.244907 0.481771 0.255093 0.487500 0.262037 0.488021 0.268981 0.485677 0.273611 0.482552 0.274537 0.478125 0.272685 0.474219 0.267130 0.471094 0.261574 0.470573
0 0.280093 0.453646 0.274537 0.454427 0.263889 0.458854 0.262500 0.463802 0.265741 0.468229 0.268519 0.469792 0.274074 0.471875 0.281481 0.472656 0.290741 0.469531 0.293981 0.467708 0.296759 0.463281 0.296759 0.458594 0.291667 0.455208 0.285185 0.453906
0 0.308333 0.440365 0.302315 0.442448 0.297685 0.446094 0.296296 0.455208 0.302315 0.457813 0.309722 0.458854 0.318056 0.456510 0.321296 0.451302 0.321296 0.446875 0.319444 0.443750 0.316204 0.441667
0 0.274537 0.431510 0.273148 0.436198 0.275463 0.440625 0.282870 0.446354 0.287500 0.448177 0.295370 0.447135 0.306481 0.439583 0.303704 0.434635 0.292130 0.430469 0.288889 0.429948 0.280556 0.429948
0 0.322222 0.420052 0.314815 0.420052 0.310185 0.421094 0.306019 0.423177 0.304167 0.426823 0.303704 0.432292 0.304630 0.436198 0.308333 0.439063 0.315278 0.440625 0.323148 0.439844 0.328241 0.436979 0.333796 0.432552 0.336111 0.427604 0.333796 0.423438 0.331481 0.422135
0 0.336574 0.431510 0.330093 0.435156 0.325926 0.439844 0.322685 0.445052 0.322222 0.448177 0.323611 0.450781 0.325926 0.452344 0.335648 0.454688 0.338889 0.454688 0.344907 0.453646 0.346759 0.452344 0.350000 0.446875 0.350463 0.440625 0.349074 0.437760 0.343981 0.433333
0 0.345833 0.421354 0.340278 0.424219 0.338426 0.426823 0.339815 0.431771 0.352778 0.440104 0.356481 0.440885 0.365278 0.440885 0.369444 0.438021 0.371296 0.434115 0.370370 0.428385 0.366667 0.422917 0.364815 0.421615 0.359722 0.420312 0.350463 0.420312
0 0.350926 0.404167 0.347222 0.405729 0.344907 0.408073 0.346759 0.415104 0.348148 0.416927 0.356481 0.419792 0.364352 0.421354 0.371759 0.419531 0.375926 0.416146 0.376389 0.411979 0.370833 0.406250 0.367593 0.404948 0.358333 0.403385
0 0.305093 0.408854 0.303241 0.412240 0.317593 0.419271 0.329167 0.421615 0.337037 0.421094 0.343981 0.418229 0.346759 0.416146 0.346296 0.411458 0.344444 0.408073 0.339352 0.404948 0.336111 0.403906 0.329630 0.403125 0.323611 0.404427 0.315741 0.404948
0 0.287963 0.413021 0.282870 0.414323 0.276389 0.417187 0.274537 0.419271 0.274537 0.423958 0.281019 0.428906 0.283796 0.429688 0.296296 0.429688 0.302315 0.428125 0.305093 0.424479 0.304167 0.419531 0.301852 0.417708 0.300000 0.414323 0.298148 0.413281
0 0.245833 0.413281 0.239352 0.415885 0.237037 0.418750 0.237037 0.422917 0.238426 0.426302 0.242130 0.428385 0.248148 0.430469 0.253704 0.430990 0.261111 0.429948 0.266204 0.427604 0.267593 0.423958 0.264352 0.418229 0.262037 0.416667 0.253241 0.413802
0 0.232407 0.427604 0.223148 0.432292 0.222222 0.436458 0.223611 0.438542 0.233796 0.442448 0.240278 0.442969 0.247685 0.441927 0.251389 0.439583 0.253241 0.435937 0.251389 0.431510 0.240278 0.427083
0 0.247685 0.441406 0.243519 0.443750 0.242593 0.447917 0.245833 0.453125 0.250463 0.455729 0.253704 0.456771 0.262037 0.457552 0.267593 0.457031 0.272685 0.454948 0.275926 0.451823 0.275463 0.447917 0.273148 0.445052 0.268981 0.442188 0.259259 0.440365 0.251852 0.440365
0 0.250926 0.457552 0.246759 0.456510 0.232870 0.457813 0.228704 0.460156 0.226852 0.462240 0.225463 0.468229 0.226389 0.471094 0.229630 0.473438 0.232407 0.474219 0.240741 0.475000 0.245370 0.473958 0.254630 0.470052 0.256481 0.467448 0.256944 0.462500 0.255093 0.459896
0 0.219444 0.461198 0.214352 0.460156 0.209259 0.460156 0.202315 0.461198 0.195833 0.463281 0.193056 0.465104 0.189815 0.469271 0.189352 0.471094 0.190278 0.472135 0.199074 0.476042 0.211111 0.476302 0.218981 0.475781 0.224074 0.472656 0.225463 0.470833 0.225463 0.466667 0.224537 0.465104
0 0.189352 0.446615 0.183333 0.447917 0.176389 0.451042 0.174074 0.454427 0.174074 0.459635 0.177315 0.463021 0.181944 0.464062 0.191204 0.464844 0.198611 0.462760 0.201389 0.461198 0.202778 0.459375 0.202778 0.454688 0.199537 0.449219 0.195370 0.447396
0 0.225926 0.439844 0.218056 0.439583 0.206944 0.443490 0.204167 0.447656 0.204167 0.451562 0.210185 0.455469 0.211574 0.457031 0.218519 0.459635 0.225463 0.458073 0.233333 0.452865 0.234722 0.450521 0.235185 0.446875 0.233796 0.443750 0.229630 0.441146
0 0.184722 0.431250 0.182870 0.435156 0.184259 0.439323 0.187037 0.442188 0.191667 0.444531 0.196759 0.445052 0.204630 0.444792 0.212037 0.442708 0.220833 0.438802 0.221759 0.436198 0.220833 0.434115 0.215278 0.431510 0.208333 0.429688 0.197685 0.428385 0.191667 0.429167
0 0.198611 0.406771 0.193056 0.409115 0.189352 0.411719 0.188426 0.416146 0.191667 0.419531 0.197685 0.423438 0.202778 0.424479 0.212500 0.425260 0.218981 0.423958 0.219907 0.420573 0.219444 0.415885 0.214352 0.408073 0.206481 0.406250
0 0.158796 0.421615 0.158333 0.425521 0.159722 0.427865 0.168056 0.430469 0.184722 0.430990 0.196759 0.427865 0.196759 0.423698 0.193056 0.420312 0.184259 0.415625 0.177778 0.414062 0.169907 0.414062 0.164815 0.415625
0 0.162500 0.434375 0.158333 0.435417 0.154167 0.440104 0.152778 0.442969 0.154167 0.447656 0.156944 0.450260 0.162500 0.452344 0.170833 0.452083 0.178241 0.450260 0.182407 0.447656 0.183333 0.445052 0.182407 0.440104 0.179167 0.436458 0.171296 0.434896
0 0.150000 0.451562 0.144907 0.455729 0.142130 0.462500 0.143056 0.466927 0.144444 0.468490 0.147685 0.470573 0.155556 0.472656 0.163889 0.472396 0.170370 0.470833 0.173148 0.469271 0.175463 0.466667 0.175926 0.462500 0.172685 0.457552 0.165741 0.453125 0.156481 0.451302
0 0.163426 0.479427 0.155556 0.483594 0.153241 0.485938 0.153704 0.490365 0.156019 0.492448 0.162963 0.495573 0.173611 0.496875 0.178704 0.498177 0.186111 0.498177 0.187500 0.495833 0.187037 0.489063 0.186111 0.485938 0.183333 0.482552 0.179167 0.479948 0.174074 0.478385 0.168981 0.478125
0 0.094444 0.469271 0.089352 0.470313 0.079630 0.475260 0.076389 0.481250 0.076389 0.486458 0.079630 0.489323 0.083333 0.490625 0.091667 0.491667 0.094907 0.491667 0.102315 0.490365 0.107870 0.487240 0.111111 0.483073 0.110648 0.477865 0.109259 0.476042 0.099074 0.470052
0 0.101852 0.459896 0.099537 0.461719 0.100463 0.464323 0.111574 0.472396 0.121759 0.474740 0.128704 0.473958 0.134722 0.470833 0.137500 0.467708 0.137037 0.462500 0.131944 0.457813 0.130093 0.457031 0.120833 0.456250 0.105093 0.458854
0 0.147685 0.439323 0.134722 0.438281 0.128241 0.438802 0.117130 0.441667 0.113889 0.443229 0.111111 0.446615 0.112963 0.451302 0.119444 0.455729 0.123148 0.457031 0.128241 0.458073 0.136111 0.457292 0.143519 0.454688 0.148611 0.451042 0.149537 0.442708
0 0.134722 0.418490 0.126852 0.420573 0.123148 0.423177 0.123148 0.428125 0.125926 0.431510 0.129167 0.433854 0.135185 0.435677 0.142593 0.435417 0.150926 0.432812 0.154167 0.430729 0.157407 0.427604 0.157407 0.423177 0.155093 0.420833 0.149537 0.419271
0 0.167130 0.547917 0.164352 0.548698 0.159259 0.552344 0.158333 0.557292 0.159722 0.560417 0.162963 0.562760 0.165278 0.563281 0.175463 0.564063 0.179167 0.563802 0.185648 0.561458 0.188426 0.559115 0.188426 0.552344 0.183796 0.548958 0.177778 0.547396
0 0.194907 0.558854 0.192130 0.561198 0.191667 0.564844 0.193981 0.570312 0.195833 0.571875 0.203241 0.573698 0.210648 0.573698 0.213889 0.572917 0.219444 0.570312 0.220833 0.568490 0.220833 0.563802 0.218519 0.561979 0.205556 0.557813 0.197685 0.558073
0 0.209722 0.546094 0.206481 0.548438 0.205093 0.551823 0.205556 0.557031 0.208796 0.558854 0.218519 0.562240 0.229630 0.561979 0.235648 0.559635 0.237500 0.557292 0.238889 0.552604 0.232407 0.545833 0.225926 0.544271 0.217593 0.544010
0 0.267130 0.549479 0.260185 0.551302 0.254630 0.556771 0.260648 0.559115 0.262500 0.560937 0.263426 0.563542 0.265278 0.564844 0.274537 0.566146 0.281481 0.564323 0.283796 0.562760 0.285185 0.560156 0.285185 0.556510 0.282870 0.553385 0.278241 0.550521 0.274537 0.549479
0 0.273148 0.566406 0.271759 0.568750 0.275000 0.573438 0.282870 0.578125 0.286574 0.579167 0.295833 0.579167 0.298611 0.578385 0.305093 0.572917 0.306019 0.567969 0.304167 0.565104 0.301852 0.564063 0.295833 0.563021 0.287037 0.563021 0.277778 0.564844
0 0.294444 0.546094 0.287500 0.548698 0.283796 0.551823 0.283333 0.552865 0.285185 0.557031 0.287963 0.559375 0.296296 0.563021 0.300463 0.564063 0.303241 0.564063 0.307870 0.562760 0.312500 0.559896 0.314352 0.557292 0.313889 0.552344 0.304167 0.547396
0 0.169907 0.538021 0.168519 0.541146 0.175463 0.544531 0.180093 0.547917 0.190741 0.551562 0.200000 0.550260 0.206944 0.545052 0.204630 0.540885 0.196759 0.537500 0.183796 0.536198 0.172222 0.536979
0 0.225926 0.522656 0.218519 0.522396 0.213426 0.523958 0.208333 0.526823 0.205093 0.530729 0.204167 0.534375 0.202315 0.536979 0.206019 0.541146 0.211574 0.542448 0.219907 0.541927 0.227778 0.539583 0.237037 0.533333 0.235185 0.528125 0.230093 0.524479
0 0.234722 0.534896 0.231019 0.536979 0.229167 0.540104 0.230556 0.544792 0.236111 0.549479 0.245370 0.554167 0.253704 0.554688 0.262037 0.548958 0.261574 0.540625 0.259722 0.538281 0.255556 0.535417 0.247685 0.533594 0.239352 0.533854
0 0.288426 0.532031 0.274074 0.532552 0.263889 0.536719 0.262963 0.541406 0.264815 0.545833 0.267130 0.547656 0.272685 0.548958 0.282407 0.548698 0.288426 0.547656 0.294444 0.545052 0.297685 0.541146 0.296759 0.537500 0.294444 0.535156
0 0.253241 0.515365 0.246296 0.517188 0.243056 0.519271 0.239352 0.525000 0.239815 0.529687 0.243981 0.532292 0.254167 0.534375 0.258333 0.533854 0.264352 0.532031 0.267130 0.529948 0.267130 0.527083 0.265741 0.521615 0.263889 0.518750 0.262037 0.517448
0 0.266667 0.520833 0.266667 0.525781 0.268519 0.529427 0.273611 0.531771 0.283333 0.531771 0.289815 0.530729 0.300463 0.525521 0.305370 0.523698 0.294907 0.517708 0.286574 0.515625 0.274074 0.515104 0.269444 0.517448
0 0.307870 0.523698 0.299537 0.526302 0.294907 0.528906 0.293981 0.533594 0.299074 0.539062 0.308796 0.541146 0.316204 0.540885 0.321759 0.538802 0.324537 0.535677 0.325463 0.533073 0.324074 0.528385 0.321759 0.525260 0.316667 0.523698
0 0.356019 0.494010 0.352315 0.491667 0.344444 0.488542 0.337037 0.489063 0.331481 0.490104 0.327315 0.491667 0.325926 0.494010 0.326389 0.498958 0.328241 0.501302 0.333333 0.502865 0.340741 0.503646 0.350926 0.502865 0.354630 0.501823 0.357407 0.499219 0.357870 0.497917
0 0.367593 0.505729 0.364352 0.504427 0.357870 0.503385 0.351389 0.503646 0.340278 0.505729 0.331296 0.508854 0.330046 0.512422 0.334722 0.514062 0.337963 0.517448 0.340278 0.518490 0.350926 0.520573 0.359259 0.520833 0.364352 0.519792 0.368056 0.517448 0.368981 0.515365 0.369444 0.509375
0 0.322222 0.502604 0.313426 0.504167 0.309722 0.506771 0.303241 0.513281 0.303241 0.517969 0.305093 0.520312 0.308796 0.522396 0.314352 0.523438 0.323148 0.523958 0.328241 0.522396 0.331944 0.520312 0.333796 0.517448 0.329630 0.510156 0.330093 0.505729 0.326852 0.503646
0 0.294444 0.497396 0.287963 0.498177 0.283333 0.500521 0.281944 0.501823 0.282407 0.510156 0.285648 0.514323 0.289352 0.516146 0.297222 0.516667 0.301389 0.515625 0.303241 0.514323 0.310648 0.506250 0.310648 0.504948 0.308796 0.501823 0.301389 0.498437
0 0.252778 0.497656 0.248611 0.500000 0.247222 0.504948 0.248148 0.508073 0.252778 0.513802 0.257870 0.516146 0.262963 0.516927 0.268056 0.516927 0.273611 0.514844 0.281019 0.509896 0.281019 0.505208 0.280093 0.503646 0.275463 0.500521 0.268981 0.498437 0.260648 0.497396
0 0.221296 0.501563 0.217593 0.504427 0.215741 0.509375 0.218519 0.515885 0.221759 0.518229 0.225463 0.519271 0.234259 0.519271 0.238426 0.518490 0.242593 0.516406 0.243981 0.514062 0.244444 0.509375 0.242593 0.506771 0.233796 0.501563 0.226389 0.500781
0 0.198611 0.505729 0.190741 0.509375 0.187500 0.513542 0.188889 0.517188 0.195370 0.521875 0.204630 0.524219 0.212500 0.524479 0.218981 0.521354 0.219444 0.517448 0.216204 0.510677 0.213426 0.508594 0.206481 0.505729
0 0.175926 0.512500 0.171296 0.513542 0.162963 0.518750 0.159722 0.521875 0.158333 0.526042 0.159722 0.529167 0.163889 0.532292 0.168519 0.534115 0.178704 0.535156 0.185648 0.534375 0.190278 0.532031 0.192593 0.528125 0.193519 0.523958 0.193056 0.521354 0.188889 0.517708 0.181944 0.513542
0 0.116204 0.513542 0.105556 0.513542 0.100463 0.514323 0.093981 0.516927 0.091667 0.519792 0.091204 0.522396 0.093981 0.527083 0.097222 0.529427 0.106944 0.534115 0.113889 0.533073 0.122685 0.527865 0.125463 0.523698 0.126389 0.521094 0.124537 0.516927 0.120833 0.514844
0 0.134722 0.515104 0.130093 0.516667 0.127315 0.519531 0.125926 0.524479 0.126389 0.528125 0.130093 0.534115 0.132407 0.535937 0.134722 0.536719 0.143056 0.536719 0.153704 0.533073 0.156019 0.530208 0.155556 0.526302 0.152315 0.522656 0.146759 0.519271 0.137500 0.515625
0 0.165741 0.537500 0.158333 0.534896 0.152778 0.534635 0.149074 0.534896 0.140278 0.537760 0.137500 0.539323 0.133333 0.544792 0.134722 0.548698 0.137963 0.550260 0.143519 0.551042 0.156481 0.551302 0.160648 0.550521 0.165278 0.548438 0.167130 0.545833 0.167593 0.539844
0 0.136111 0.550521 0.131019 0.550000 0.121296 0.550521 0.112500 0.552604 0.104630 0.556250 0.100463 0.559115 0.100000 0.562240 0.100926 0.564583 0.107407 0.568490 0.113889 0.570312 0.121296 0.569792 0.125463 0.568490 0.131944 0.565365 0.136574 0.560937 0.138426 0.557292 0.138426 0.552344
0 0.773611 0.576562 0.768981 0.577865 0.764815 0.580729 0.763426 0.583333 0.763889 0.588281 0.767130 0.593229 0.771296 0.596094 0.773611 0.596875 0.781944 0.596875 0.785185 0.595313 0.789352 0.591406 0.794444 0.588281 0.797222 0.583594 0.794444 0.579427 0.789815 0.577083 0.784259 0.576302
0 0.756019 0.577604 0.752778 0.577344 0.745370 0.578125 0.734722 0.580729 0.730093 0.582812 0.726852 0.586198 0.726389 0.589583 0.727778 0.592448 0.732870 0.595573 0.739815 0.598177 0.745370 0.598958 0.750463 0.598177 0.752778 0.596875 0.757407 0.591927 0.761111 0.585417 0.761111 0.580990 0.759259 0.578646
0 0.717130 0.564323 0.712500 0.568490 0.713426 0.572135 0.716667 0.573958 0.719444 0.577344 0.725463 0.579948 0.732870 0.579948 0.736574 0.578906 0.738889 0.577604 0.741667 0.573177 0.737963 0.565625 0.733796 0.563802 0.726389 0.562760
0 0.696759 0.570573 0.688889 0.576302 0.688889 0.581250 0.690741 0.584115 0.694444 0.585938 0.706481 0.588542 0.718981 0.588802 0.722222 0.587760 0.725463 0.584115 0.724074 0.580469 0.712037 0.570833 0.705093 0.569531
0 0.663426 0.568750 0.660648 0.570052 0.654630 0.575781 0.655556 0.581250 0.661111 0.585156 0.668981 0.586719 0.677315 0.586458 0.685185 0.583594 0.687500 0.581771 0.687963 0.576042 0.686574 0.573438 0.681481 0.570052 0.678241 0.569010 0.671296 0.567708
0 0.556019 0.596615 0.552315 0.598437 0.547222 0.602865 0.547222 0.604427 0.550926 0.608333 0.556019 0.610938 0.565278 0.613281 0.573148 0.613021 0.578241 0.611719 0.581019 0.609896 0.582407 0.607812 0.582407 0.603385 0.580093 0.598437 0.574537 0.596094 0.568056 0.595313 0.558796 0.595833
0 0.607407 0.592969 0.600926 0.591146 0.593981 0.590104 0.583333 0.591927 0.581481 0.592969 0.580093 0.595052 0.580556 0.600000 0.583333 0.605729 0.585648 0.606771 0.587500 0.606771 0.608333 0.601302 0.610185 0.600000 0.610648 0.595573
0 0.595370 0.574740 0.589815 0.573698 0.584259 0.573698 0.578241 0.575000 0.574537 0.577604 0.572685 0.580469 0.572222 0.584635 0.573148 0.588021 0.577315 0.590885 0.579167 0.591406 0.589352 0.590885 0.595370 0.589063 0.599074 0.586198 0.600463 0.583854 0.600926 0.579167 0.599074 0.576562
0 0.607407 0.575000 0.603704 0.575781 0.601852 0.576823 0.598148 0.588281 0.601389 0.590365 0.607870 0.592708 0.616667 0.592969 0.624537 0.590365 0.626389 0.586979 0.626389 0.582552 0.625000 0.580729 0.617593 0.576562 0.613426 0.575260
0 0.614352 0.565625 0.611111 0.568229 0.611574 0.572656 0.612963 0.574479 0.621759 0.579427 0.629167 0.581250 0.635648 0.580208 0.640278 0.578385 0.643981 0.575260 0.645833 0.570312 0.645833 0.567969 0.643056 0.565885 0.624537 0.565104
0 0.643056 0.574219 0.639815 0.577865 0.629167 0.582812 0.627315 0.588281 0.628241 0.589844 0.631481 0.591927 0.636574 0.592448 0.642130 0.594271 0.649537 0.594792 0.652778 0.593750 0.656481 0.591406 0.656944 0.584115 0.654630 0.579167 0.649537 0.574219
0 0.620833 0.593490 0.618056 0.597135 0.617593 0.601042 0.618981 0.603646 0.623611 0.606250 0.627315 0.607292 0.638889 0.607292 0.647222 0.606250 0.651389 0.604688 0.652315 0.603385 0.648611 0.598437 0.645833 0.595833 0.640278 0.593229 0.635648 0.592187 0.627778 0.591927 0.623611 0.592448
0 0.662500 0.590104 0.656481 0.591146 0.647685 0.596094 0.654630 0.605990 0.659259 0.607812 0.664352 0.608333 0.672222 0.606510 0.675926 0.604688 0.677315 0.602865 0.677778 0.599479 0.675463 0.594531 0.673148 0.592187 0.669444 0.590885
0 0.683333 0.586719 0.678704 0.587760 0.675463 0.590365 0.674537 0.592448 0.679630 0.603385 0.685185 0.606771 0.691204 0.608333 0.704630 0.600781 0.706019 0.598437 0.705556 0.593229 0.703704 0.590625 0.699537 0.588542 0.692130 0.586719
0 0.718519 0.592448 0.713426 0.595313 0.709722 0.599479 0.713889 0.604948 0.718981 0.607552 0.725463 0.609115 0.735185 0.609375 0.740741 0.608333 0.742130 0.607552 0.741667 0.603906 0.737037 0.598177 0.725926 0.592448
0 0.758796 0.600000 0.754630 0.603385 0.756019 0.606250 0.757407 0.607552 0.760648 0.608333 0.770370 0.613281 0.775000 0.614323 0.781944 0.614583 0.789815 0.612500 0.792130 0.610677 0.794444 0.607552 0.794907 0.602865 0.793519 0.600781 0.788426 0.598177 0.782407 0.597396 0.773611 0.597396
0 0.801389 0.583333 0.796759 0.585417 0.789815 0.590365 0.786111 0.595833 0.788889 0.598698 0.795370 0.601562 0.801852 0.602865 0.809722 0.602604 0.812963 0.601823 0.815741 0.599740 0.817130 0.595833 0.816204 0.591667 0.809259 0.584896
0 0.816204 0.602604 0.802778 0.602865 0.800463 0.603385 0.794907 0.606510 0.792130 0.610938 0.793981 0.615365 0.796296 0.617188 0.808333 0.621094 0.819444 0.619792 0.824537 0.618229 0.827778 0.615625 0.830093 0.611719 0.829167 0.609375 0.825926 0.606250
0 0.809722 0.621354 0.807870 0.622656 0.809259 0.627083 0.812500 0.630469 0.822222 0.635677 0.830093 0.636979 0.837037 0.635417 0.843981 0.632031 0.846759 0.627344 0.845833 0.623698 0.843981 0.621354 0.838889 0.619010 0.828241 0.617708
0 0.794907 0.630208 0.784259 0.634896 0.782870 0.636458 0.782407 0.639062 0.792130 0.647135 0.806019 0.650000 0.808796 0.651823 0.811574 0.651563 0.815278 0.648958 0.817593 0.643229 0.817593 0.638281 0.815278 0.634375 0.811574 0.632031 0.806019 0.630208
0 0.553241 0.635677 0.548611 0.638802 0.551852 0.643750 0.556019 0.646615 0.572685 0.651823 0.580093 0.652344 0.582870 0.651042 0.587963 0.646354 0.588889 0.643750 0.588426 0.638542 0.584259 0.635677 0.575000 0.633073 0.566204 0.632552 0.556944 0.634375
0 0.551852 0.648958 0.545833 0.654167 0.543981 0.657813 0.547685 0.662500 0.550463 0.663802 0.564352 0.665365 0.568519 0.665104 0.574074 0.663802 0.576852 0.662240 0.578704 0.658854 0.578241 0.656771 0.575463 0.653125 0.567130 0.649740 0.559259 0.647656
0 0.548611 0.664844 0.544444 0.666927 0.541204 0.669792 0.540278 0.674219 0.541667 0.676302 0.549074 0.682813 0.551852 0.684115 0.557407 0.685417 0.566204 0.685156 0.570370 0.682031 0.571759 0.678385 0.571759 0.670833 0.570370 0.667969 0.565278 0.665365 0.554167 0.664323
0 0.531944 0.676562 0.525000 0.676823 0.521759 0.678125 0.518056 0.681510 0.516204 0.685156 0.520833 0.696615 0.524074 0.699479 0.532870 0.696354 0.538426 0.693490 0.544907 0.686198 0.544907 0.681510 0.543056 0.679688
0 0.523611 0.655208 0.516204 0.657031 0.513426 0.658594 0.510185 0.661979 0.511111 0.665104 0.517593 0.672135 0.524074 0.675521 0.531481 0.676562 0.536111 0.675000 0.543981 0.666406 0.543519 0.661979 0.537963 0.656771 0.530093 0.655469
0 0.529167 0.639583 0.522685 0.642188 0.519444 0.645573 0.518981 0.646875 0.520370 0.650521 0.526389 0.654427 0.529630 0.655469 0.537963 0.656510 0.545370 0.654687 0.550463 0.650260 0.552315 0.646615 0.550463 0.642448 0.548148 0.640625 0.543519 0.639323 0.533796 0.639062
0 0.517130 0.627083 0.513889 0.630990 0.516667 0.634896 0.522222 0.640104 0.525000 0.640625 0.531019 0.639583 0.541667 0.639062 0.545370 0.637760 0.546759 0.635156 0.547222 0.630729 0.540278 0.626563 0.533796 0.624740 0.525926 0.624479 0.523611 0.624740
0 0.551852 0.611198 0.544907 0.611979 0.534722 0.615365 0.532407 0.618229 0.532407 0.621094 0.533333 0.623698 0.537500 0.626302 0.546296 0.629948 0.550463 0.630729 0.554630 0.630729 0.560185 0.629687 0.562500 0.628125 0.565278 0.623958 0.566204 0.618490 0.563426 0.614583 0.560648 0.612760
0 0.580093 0.614323 0.569907 0.616927 0.566667 0.619010 0.563889 0.626563 0.564352 0.628906 0.568056 0.632031 0.572222 0.633073 0.580556 0.633333 0.584259 0.632292 0.593519 0.627865 0.595833 0.625000 0.596296 0.622656 0.594907 0.621094 0.585648 0.615885
0 0.613426 0.602604 0.608796 0.601823 0.600463 0.602604 0.588889 0.606510 0.581481 0.611198 0.581944 0.615104 0.586574 0.616146 0.593981 0.620052 0.599537 0.621354 0.605556 0.620833 0.610185 0.619531 0.618981 0.615365 0.619907 0.613542 0.619444 0.606510 0.617130 0.603906
0 0.622685 0.614583 0.620370 0.614583 0.614815 0.616146 0.602315 0.622917 0.601389 0.625781 0.602315 0.628385 0.605556 0.630208 0.614352 0.632552 0.621759 0.632812 0.630093 0.630990 0.633333 0.627865 0.631944 0.622656 0.628704 0.617708 0.625463 0.615365
0 0.651852 0.606250 0.642130 0.606510 0.636574 0.607552 0.630556 0.607812 0.628241 0.608854 0.626852 0.615625 0.630556 0.620313 0.635185 0.629167 0.638426 0.626823 0.642593 0.626042 0.651852 0.622396 0.655556 0.619531 0.657407 0.615365 0.657407 0.609635 0.656019 0.607812
0 0.677315 0.605990 0.661574 0.608854 0.659722 0.609896 0.658333 0.612240 0.656944 0.619792 0.662037 0.622396 0.669444 0.624219 0.678704 0.623958 0.684722 0.622656 0.689352 0.619531 0.689815 0.614583 0.685185 0.608854
0 0.751852 0.608333 0.746759 0.609115 0.736111 0.614583 0.733796 0.619531 0.737037 0.624479 0.740741 0.626302 0.747222 0.627865 0.754167 0.628385 0.760648 0.627083 0.764815 0.624479 0.769444 0.618750 0.769907 0.614583 0.767593 0.611458 0.761111 0.608594
0 0.781944 0.617188 0.774074 0.617448 0.771296 0.618229 0.761574 0.626823 0.762037 0.630729 0.763889 0.634115 0.768056 0.636458 0.774074 0.637500 0.781019 0.636719 0.788426 0.633854 0.797222 0.628646 0.797685 0.626563 0.795833 0.623177 0.787963 0.619010
0 0.780093 0.639844 0.776389 0.638281 0.768056 0.636719 0.760648 0.637240 0.756019 0.638281 0.753241 0.639844 0.747222 0.646094 0.748148 0.650781 0.749537 0.652344 0.753241 0.654167 0.758796 0.654687 0.775000 0.653646 0.780093 0.652344 0.783333 0.650260 0.784259 0.647396 0.783796 0.644792
0 0.750926 0.657292 0.748148 0.660937 0.748148 0.663281 0.749537 0.666406 0.753241 0.669792 0.759259 0.670833 0.768056 0.670573 0.775000 0.669792 0.778241 0.668490 0.780556 0.666146 0.781019 0.661458 0.776852 0.657031 0.767593 0.655208 0.758796 0.655208 0.753704 0.655990
0 0.700926 0.661458 0.698148 0.665365 0.698148 0.667969 0.699537 0.670573 0.702778 0.672396 0.710185 0.673698 0.718981 0.673958 0.727778 0.673177 0.732870 0.671354 0.733333 0.665104 0.732407 0.663802 0.721296 0.659115 0.711574 0.657552 0.704167 0.659635
0 0.725000 0.647135 0.720833 0.649219 0.718981 0.652083 0.712454 0.656719 0.725463 0.661458 0.731944 0.663542 0.740278 0.663021 0.743519 0.662240 0.748148 0.658073 0.749074 0.654948 0.744907 0.649219 0.741667 0.647656 0.734259 0.646094 0.730556 0.646094
0 0.727315 0.628385 0.721759 0.631250 0.720370 0.632812 0.719907 0.638802 0.722222 0.641146 0.728241 0.644792 0.733333 0.645833 0.741667 0.645833 0.750000 0.642448 0.753241 0.639583 0.754630 0.634375 0.752778 0.631250 0.749537 0.628906 0.740741 0.627344
0 0.725000 0.614583 0.720370 0.613281 0.711111 0.613021 0.707407 0.613802 0.704630 0.615365 0.696759 0.622917 0.695833 0.626042 0.697222 0.629427 0.700463 0.631510 0.710648 0.632292 0.717593 0.632031 0.724074 0.629167 0.730093 0.623698 0.731019 0.619531 0.728704 0.616667
0 0.663889 0.623177 0.655556 0.621094 0.648148 0.622917 0.642130 0.625781 0.637963 0.626823 0.633796 0.630729 0.637037 0.636198 0.640741 0.638281 0.643981 0.638802 0.650926 0.638281 0.658796 0.635938 0.663426 0.633073 0.667593 0.627344 0.666667 0.625000
0 0.674537 0.625781 0.668981 0.627604 0.664352 0.630729 0.662500 0.634635 0.663426 0.639062 0.665741 0.641146 0.670370 0.643229 0.675926 0.643750 0.688889 0.643490 0.692130 0.641667 0.696296 0.635677 0.695370 0.630729 0.691204 0.627865 0.684259 0.625521
0 0.704167 0.632031 0.700000 0.633073 0.697685 0.634375 0.692130 0.642188 0.690741 0.646615 0.693056 0.650521 0.695833 0.652604 0.702315 0.653906 0.712500 0.653906 0.717593 0.652344 0.721296 0.649219 0.722685 0.647135 0.722222 0.642188 0.716204 0.633854 0.712037 0.632031
0 0.669907 0.644271 0.664352 0.646875 0.662500 0.652083 0.663426 0.657552 0.669444 0.661719 0.678241 0.661979 0.683333 0.660677 0.687963 0.657552 0.690741 0.654427 0.691667 0.649740 0.687037 0.644531 0.684259 0.644010
0 0.642130 0.639062 0.634722 0.640885 0.631944 0.642448 0.629167 0.646094 0.630093 0.651563 0.634259 0.655208 0.637963 0.656771 0.641667 0.657552 0.651389 0.657031 0.656944 0.655729 0.659259 0.654167 0.660648 0.651042 0.660648 0.646094 0.658333 0.642708 0.656019 0.641146 0.650463 0.639583
0 0.601389 0.629948 0.595370 0.631771 0.591204 0.634115 0.589815 0.636719 0.589815 0.643490 0.591204 0.646875 0.593519 0.648698 0.598148 0.649740 0.607407 0.648958 0.614352 0.647396 0.621759 0.642969 0.622222 0.640365 0.621759 0.637500 0.616204 0.633073 0.608333 0.630729
0 0.593519 0.651302 0.585185 0.661458 0.584259 0.666667 0.585648 0.670573 0.589352 0.672396 0.600463 0.674219 0.609259 0.673177 0.612500 0.671875 0.613889 0.670052 0.613426 0.666146 0.609722 0.657813 0.600926 0.651302
0 0.598148 0.674219 0.586574 0.672135 0.577315 0.674219 0.573611 0.676042 0.570833 0.680729 0.569907 0.685937 0.576852 0.690885 0.580093 0.691667 0.587037 0.690625 0.595833 0.688542 0.598148 0.687240 0.603241 0.682031 0.602315 0.677344
0 0.615741 0.673438 0.613426 0.675781 0.608611 0.682109 0.611574 0.687943 0.627315 0.688802 0.633796 0.689323 0.637500 0.688802 0.641204 0.685417 0.641667 0.680729 0.639352 0.675521 0.636574 0.672656 0.633796 0.671875 0.627778 0.671615
0 0.615741 0.653646 0.612963 0.654948 0.611111 0.657813 0.611574 0.663021 0.614352 0.671354 0.621296 0.672396 0.630556 0.671615 0.633796 0.670052 0.637500 0.666406 0.638426 0.662500 0.637963 0.658073 0.632870 0.654687 0.628241 0.653125 0.620370 0.652865
0 0.641204 0.659896 0.638426 0.662500 0.637963 0.666406 0.638889 0.669792 0.649074 0.675521 0.664815 0.676823 0.670370 0.674740 0.672685 0.670312 0.672685 0.665104 0.669444 0.661979 0.665741 0.659896 0.657870 0.657031 0.649074 0.657552
0 0.649074 0.676823 0.644907 0.680208 0.642593 0.684635 0.643519 0.690104 0.649074 0.694792 0.656019 0.696615 0.663426 0.695833 0.670370 0.692448 0.673148 0.689583 0.675000 0.686198 0.674074 0.683073 0.671296 0.680469 0.667593 0.678385 0.663889 0.677344 0.657870 0.676562
0 0.677315 0.662760 0.675000 0.664323 0.669444 0.677865 0.673148 0.681510 0.677315 0.683073 0.683333 0.684115 0.691667 0.683854 0.695370 0.682552 0.702315 0.677865 0.701389 0.673438 0.696759 0.668229 0.692593 0.665365 0.684722 0.662500
0 0.704630 0.676302 0.698148 0.681250 0.694907 0.682813 0.692593 0.685417 0.694444 0.689323 0.701852 0.694010 0.705093 0.695052 0.712500 0.695312 0.720833 0.693490 0.722685 0.692448 0.725463 0.684635 0.723148 0.681510 0.718981 0.679167 0.712500 0.676823
0 0.746759 0.677604 0.743056 0.680469 0.742130 0.685937 0.744907 0.689063 0.753241 0.693229 0.759722 0.695052 0.765278 0.694531 0.769907 0.693229 0.773611 0.689844 0.775000 0.686979 0.774074 0.682031 0.770370 0.678646 0.761574 0.676042 0.752315 0.676302
0 0.788889 0.648438 0.786111 0.649219 0.778704 0.653646 0.778241 0.654687 0.779630 0.657031 0.785185 0.663021 0.796759 0.668490 0.800463 0.669531 0.802778 0.669531 0.806944 0.667448 0.810648 0.662240 0.812500 0.658333 0.811111 0.653385 0.807870 0.650521 0.803704 0.648958 0.795833 0.647656
0 0.290278 0.671615 0.280556 0.670833 0.275463 0.671875 0.267130 0.675000 0.262963 0.677865 0.261574 0.680729 0.262500 0.684115 0.264815 0.686458 0.274074 0.690885 0.283796 0.690104 0.287500 0.689063 0.290741 0.686979 0.295833 0.681771 0.295833 0.677865 0.293519 0.673177
0 0.315741 0.679167 0.306944 0.678646 0.300000 0.679688 0.291204 0.686198 0.289352 0.689063 0.289815 0.693490 0.301852 0.696094 0.311111 0.695833 0.318519 0.694531 0.323148 0.689583 0.322685 0.685937 0.320370 0.682292
0 0.372222 0.672917 0.364352 0.672396 0.357407 0.673698 0.350000 0.677604 0.348148 0.681510 0.350000 0.686458 0.354167 0.689583 0.360648 0.690885 0.367130 0.690885 0.376389 0.688542 0.380556 0.685677 0.380556 0.680469 0.379167 0.677083 0.377778 0.675521
0 0.378241 0.666146 0.377315 0.672396 0.383333 0.685417 0.386111 0.686719 0.390278 0.687500 0.393981 0.687500 0.402315 0.685677 0.407870 0.682031 0.408333 0.677604 0.399074 0.673958 0.396759 0.670573 0.393981 0.668750 0.386111 0.666927
0 0.427778 0.676042 0.411574 0.679167 0.404630 0.685417 0.408333 0.690625 0.414815 0.693750 0.419444 0.695052 0.428241 0.695573 0.432870 0.694531 0.435648 0.692448 0.439352 0.686198 0.438889 0.681250 0.434259 0.678385
0 0.406019 0.660677 0.401389 0.663542 0.396759 0.669531 0.398611 0.673958 0.406019 0.677344 0.411111 0.678385 0.419907 0.677604 0.427778 0.675781 0.430556 0.674219 0.431481 0.671875 0.431481 0.669271 0.428704 0.666667 0.422685 0.663802 0.414352 0.661719
0 0.420833 0.638542 0.421759 0.642448 0.423148 0.644010 0.434259 0.648958 0.440278 0.650781 0.447685 0.650000 0.453704 0.646354 0.456944 0.642969 0.454167 0.637500 0.445833 0.635156 0.433796 0.634896
0 0.419444 0.645312 0.410185 0.647656 0.407407 0.649479 0.405556 0.653646 0.406019 0.658333 0.409259 0.660937 0.419907 0.664062 0.427315 0.665104 0.431019 0.663021 0.435185 0.659115 0.437037 0.655208 0.437037 0.650260 0.430556 0.646875 0.425926 0.645833
0 0.375000 0.650000 0.370833 0.654167 0.371296 0.658594 0.373148 0.660417 0.377778 0.662760 0.390741 0.665625 0.399537 0.665365 0.405093 0.658594 0.405093 0.654167 0.403704 0.652604 0.400463 0.651042 0.391204 0.650000 0.385648 0.648438 0.378241 0.648958
0 0.356944 0.652865 0.349074 0.654167 0.343981 0.656771 0.341204 0.660156 0.339352 0.666146 0.345370 0.671615 0.349074 0.672656 0.357870 0.673698 0.366667 0.671875 0.369444 0.670312 0.372685 0.666667 0.372685 0.661198 0.370370 0.657813 0.367130 0.655469 0.363889 0.654167
0 0.336111 0.666406 0.331481 0.667448 0.322685 0.670833 0.318056 0.673698 0.317593 0.678385 0.320370 0.681771 0.328704 0.684375 0.337037 0.685417 0.344444 0.684375 0.346296 0.683594 0.347685 0.681771 0.347222 0.673698 0.339815 0.667448
0 0.331944 0.655469 0.324537 0.653125 0.317130 0.652344 0.309722 0.653125 0.306944 0.654427 0.304167 0.657292 0.302778 0.664583 0.303241 0.670573 0.306019 0.672917 0.308796 0.673698 0.316204 0.673698 0.321296 0.671875 0.331019 0.666927 0.333796 0.664583 0.334722 0.662500 0.334722 0.658073
0 0.281019 0.647917 0.275463 0.648958 0.269907 0.651042 0.267593 0.653906 0.268056 0.658594 0.270370 0.663021 0.274074 0.666667 0.280556 0.670052 0.289352 0.671615 0.293519 0.670573 0.295833 0.667188 0.296296 0.657813 0.295370 0.654427 0.293056 0.651302 0.289815 0.649219
0 0.307407 0.631771 0.302778 0.632812 0.296759 0.636458 0.294907 0.638542 0.294444 0.642708 0.300463 0.647917 0.306019 0.650781 0.310185 0.651563 0.316204 0.650781 0.319907 0.648958 0.322222 0.646875 0.323611 0.642448 0.318981 0.635417 0.312963 0.632552 0.310185 0.631771
0 0.343981 0.635677 0.333333 0.636458 0.329167 0.638542 0.327315 0.641406 0.326852 0.646875 0.329630 0.651823 0.332407 0.654167 0.336574 0.655990 0.343981 0.656250 0.347685 0.654687 0.355093 0.652865 0.359722 0.647135 0.358333 0.642708 0.350000 0.637240
0 0.352315 0.630469 0.350000 0.632812 0.349537 0.635417 0.351852 0.638802 0.359722 0.644010 0.363889 0.645052 0.372685 0.644792 0.377315 0.642969 0.381481 0.638802 0.382870 0.635156 0.377778 0.630469 0.373611 0.629687 0.365278 0.629427 0.356944 0.629687
0 0.387500 0.634635 0.383333 0.636979 0.379630 0.641927 0.381944 0.646875 0.384722 0.648698 0.392130 0.650000 0.400000 0.649479 0.403704 0.647656 0.406944 0.644271 0.406944 0.640104 0.405093 0.638542 0.397685 0.635156 0.393056 0.634115
0 0.422222 0.620573 0.412500 0.619792 0.398148 0.623177 0.395833 0.625000 0.394907 0.627344 0.396759 0.634896 0.406481 0.639844 0.414815 0.640104 0.419907 0.639062 0.425463 0.634375 0.427315 0.630990 0.427315 0.623177
0 0.441204 0.607292 0.437037 0.606510 0.431019 0.606510 0.418981 0.607552 0.416204 0.610156 0.416204 0.616667 0.417593 0.619010 0.426852 0.621615 0.434259 0.621615 0.440278 0.619792 0.443056 0.618229 0.445370 0.615365 0.444907 0.610938
0 0.392130 0.602865 0.386574 0.604427 0.381944 0.607292 0.379630 0.610417 0.380093 0.615365 0.384259 0.619271 0.388426 0.621615 0.391667 0.622396 0.400463 0.622396 0.409259 0.620313 0.414352 0.617708 0.415741 0.616146 0.415741 0.611198 0.412037 0.607812 0.405093 0.604688 0.400000 0.603385
0 0.357407 0.614583 0.356481 0.616146 0.352315 0.619010 0.350000 0.622656 0.350000 0.627865 0.350926 0.628906 0.357407 0.629948 0.378704 0.629687 0.385648 0.627083 0.385185 0.622656 0.382870 0.619010 0.380093 0.616406 0.375926 0.614062 0.364352 0.613021
0 0.322222 0.617448 0.315741 0.619271 0.310185 0.623177 0.308796 0.627604 0.310648 0.630990 0.315741 0.633854 0.330093 0.636979 0.337500 0.635677 0.342130 0.633854 0.344907 0.630469 0.345833 0.626302 0.343056 0.621615 0.339352 0.619010 0.331019 0.616927
0 0.296296 0.616927 0.290278 0.617969 0.284259 0.620573 0.281019 0.626823 0.284259 0.631771 0.294907 0.634115 0.302315 0.633073 0.306481 0.630729 0.308333 0.627083 0.308333 0.622917 0.306944 0.621354 0.302315 0.618750
0 0.316204 0.600260 0.306944 0.602083 0.299074 0.607292 0.298611 0.611458 0.300463 0.615365 0.304167 0.617969 0.307407 0.618750 0.318519 0.618229 0.322685 0.616927 0.325463 0.615365 0.326389 0.613802 0.326852 0.609635 0.325463 0.605208 0.320833 0.601562
0 0.336574 0.600000 0.333796 0.600781 0.328241 0.604167 0.327315 0.605990 0.327778 0.611719 0.336111 0.617188 0.341667 0.618490 0.350926 0.619531 0.356019 0.616927 0.360648 0.611719 0.360185 0.607292 0.355556 0.601823 0.353241 0.600521 0.345370 0.599219
0 0.375926 0.592187 0.370370 0.592187 0.364352 0.593490 0.358333 0.596094 0.355093 0.599219 0.356019 0.603646 0.362037 0.609375 0.370833 0.612500 0.375000 0.612240 0.378704 0.610677 0.380556 0.608073 0.387500 0.603646 0.387963 0.599219 0.385648 0.595573 0.380556 0.592969
0 0.391667 0.587240 0.387963 0.588802 0.386111 0.591406 0.386111 0.595573 0.389352 0.600781 0.391204 0.601823 0.397222 0.603125 0.406481 0.603125 0.412037 0.601302 0.414815 0.599740 0.417130 0.595833 0.416667 0.590885 0.410648 0.588542 0.400463 0.586719
0 0.443056 0.587760 0.431944 0.586458 0.425926 0.587500 0.421759 0.589583 0.418519 0.593750 0.417593 0.598437 0.418519 0.603646 0.420370 0.606250 0.425926 0.607031 0.437037 0.606510 0.441204 0.605469 0.442593 0.603646 0.446296 0.601562 0.449537 0.598437 0.450926 0.595052 0.448148 0.590365
0 0.485185 0.589323 0.481019 0.591667 0.479630 0.594792 0.480093 0.599740 0.484259 0.603906 0.487500 0.605729 0.493981 0.606771 0.504167 0.606250 0.510185 0.604167 0.513889 0.600521 0.514815 0.595313 0.512037 0.592448 0.506019 0.589583 0.499537 0.588281 0.488889 0.588281
0 0.455093 0.580990 0.450000 0.583854 0.448148 0.587240 0.451389 0.594010 0.455093 0.596094 0.461574 0.597917 0.468981 0.598177 0.475926 0.596615 0.480556 0.591927 0.482407 0.588542 0.480556 0.583854 0.475463 0.582031 0.468981 0.580729 0.461111 0.580469
0 0.454630 0.598698 0.447685 0.600781 0.443519 0.603385 0.442130 0.607552 0.446296 0.612240 0.451389 0.615625 0.454630 0.616667 0.462500 0.616406 0.467130 0.614583 0.471759 0.611198 0.474537 0.607292 0.475000 0.602865 0.469907 0.600000 0.463426 0.598958
0 0.482407 0.606250 0.480556 0.607552 0.471759 0.610938 0.468981 0.613802 0.465741 0.615365 0.464815 0.619531 0.468519 0.623698 0.472685 0.625521 0.480093 0.626563 0.490278 0.626302 0.493056 0.625521 0.495370 0.623698 0.497222 0.615625 0.496296 0.611719 0.494444 0.608854 0.489815 0.606250
0 0.456019 0.617969 0.447685 0.617708 0.431019 0.622917 0.428241 0.627083 0.430556 0.631250 0.434259 0.633594 0.439352 0.634896 0.449537 0.635417 0.455093 0.633594 0.460185 0.627083 0.459259 0.620573 0.458333 0.619010
0 0.462963 0.626302 0.458796 0.628906 0.455556 0.634115 0.458333 0.640365 0.462037 0.642708 0.468056 0.644531 0.475926 0.644010 0.480093 0.642969 0.484722 0.640365 0.488426 0.635156 0.488426 0.633594 0.486111 0.629948 0.481481 0.627344 0.476852 0.626042 0.467130 0.625521
0 0.571296 0.916667 0.564815 0.917969 0.559259 0.920833 0.556019 0.926302 0.556019 0.931250 0.559259 0.935677 0.562963 0.937760 0.567130 0.939323 0.574537 0.940104 0.580093 0.939583 0.587037 0.936719 0.591204 0.931771 0.591667 0.927344 0.589815 0.923177 0.587037 0.920312 0.583796 0.918490 0.579167 0.916927
0 0.454630 0.645573 0.445370 0.650260 0.444444 0.654427 0.445833 0.656510 0.452315 0.660156 0.462037 0.663281 0.468981 0.663542 0.473148 0.662760 0.474537 0.661979 0.475926 0.659115 0.475926 0.654167 0.473148 0.648698 0.471296 0.647396 0.462963 0.644792
0 0.456019 0.663542 0.447685 0.663542 0.438889 0.665885 0.433796 0.669010 0.432407 0.672396 0.432870 0.676042 0.434259 0.677865 0.439815 0.680729 0.446296 0.681510 0.456019 0.680729 0.459722 0.679688 0.463889 0.676823 0.465741 0.673958 0.465278 0.669792 0.462500 0.666406
0 0.480093 0.668490 0.478241 0.669531 0.478241 0.671354 0.480556 0.677865 0.483333 0.682292 0.487037 0.684896 0.493519 0.687240 0.499537 0.687500 0.505556 0.686458 0.513889 0.683073 0.516204 0.679427 0.516204 0.676302 0.515278 0.674219 0.512037 0.671354 0.504630 0.668490 0.498148 0.667448 0.483333 0.667708
0 0.476852 0.650000 0.475926 0.652344 0.476852 0.659375 0.479167 0.662500 0.485185 0.666406 0.489352 0.667448 0.500000 0.667188 0.505556 0.665104 0.510648 0.661979 0.512500 0.657813 0.509722 0.653646 0.502778 0.649479 0.497685 0.648177 0.489352 0.647396
0 0.496296 0.629167 0.492593 0.630990 0.486574 0.638542 0.485185 0.642708 0.492593 0.646875 0.503241 0.649219 0.510648 0.648438 0.515278 0.646354 0.517593 0.642969 0.514815 0.636458 0.512037 0.633594 0.503704 0.629427
0 0.502778 0.610938 0.499537 0.611719 0.496759 0.614062 0.495833 0.623958 0.498148 0.626563 0.503241 0.628385 0.511574 0.628906 0.520370 0.626042 0.525000 0.623177 0.525463 0.618490 0.523148 0.615625 0.517593 0.612760 0.511574 0.611458
0 0.524074 0.594792 0.518981 0.596615 0.516667 0.599219 0.515741 0.603125 0.516667 0.608854 0.519444 0.611979 0.523148 0.614062 0.529630 0.615625 0.532407 0.615625 0.538889 0.614062 0.544444 0.611458 0.545370 0.608594 0.544907 0.605469 0.543056 0.602344 0.535648 0.597656 0.531019 0.596094
0 0.511574 0.579167 0.507870 0.583854 0.507407 0.588021 0.517130 0.594271 0.531481 0.594531 0.537500 0.592969 0.544907 0.591927 0.539815 0.583854 0.535648 0.580990 0.525926 0.577865 0.517593 0.577865
0 0.486574 0.572135 0.479630 0.576042 0.479167 0.580729 0.483333 0.585677 0.487500 0.587240 0.498148 0.588021 0.505093 0.587240 0.508333 0.584896 0.510648 0.580208 0.507407 0.575521 0.501389 0.571615 0.497222 0.570573
0 0.468981 0.561979 0.454630 0.564063 0.449537 0.567969 0.450000 0.572396 0.453704 0.577083 0.457407 0.579427 0.460648 0.580208 0.468981 0.580469 0.474537 0.578125 0.480093 0.572917 0.480093 0.571094 0.478241 0.567969 0.473148 0.563802
0 0.425000 0.566927 0.417130 0.572135 0.418519 0.576562 0.425463 0.582031 0.431481 0.585417 0.439815 0.587240 0.446759 0.586458 0.448148 0.585677 0.451852 0.580208 0.451852 0.575781 0.448148 0.570312 0.444444 0.567969 0.437037 0.566146 0.432407 0.565885
0 0.396296 0.573438 0.393981 0.574740 0.390278 0.579948 0.394907 0.585156 0.398611 0.586719 0.412963 0.589323 0.420370 0.588281 0.423148 0.586198 0.424074 0.583594 0.421759 0.579688 0.416667 0.574479 0.414352 0.573177 0.406944 0.571354
0 0.371296 0.559375 0.365741 0.565625 0.361111 0.568490 0.359722 0.577344 0.361111 0.579948 0.366204 0.582812 0.369907 0.583594 0.379630 0.583333 0.384259 0.582552 0.388426 0.580990 0.389815 0.578906 0.390278 0.575260 0.388426 0.571354 0.381019 0.562240 0.378704 0.560937
0 0.336574 0.587500 0.339815 0.592969 0.341667 0.594010 0.345833 0.594792 0.359722 0.595052 0.375926 0.591927 0.374537 0.587240 0.361574 0.580469 0.356944 0.578906 0.350463 0.578646 0.345833 0.579427 0.339815 0.583333
0 0.315741 0.579688 0.308796 0.584635 0.306481 0.590885 0.307870 0.595313 0.312037 0.597917 0.315741 0.598958 0.324537 0.598958 0.333796 0.597135 0.336111 0.595313 0.337963 0.591406 0.335648 0.586719 0.331481 0.582031 0.329630 0.580729 0.327315 0.580208
0 0.287500 0.580729 0.284259 0.581250 0.282407 0.582292 0.281481 0.584635 0.278704 0.587500 0.278704 0.592187 0.287037 0.602344 0.288889 0.603125 0.295370 0.603906 0.300463 0.598698 0.306019 0.595573 0.308333 0.588021 0.307870 0.583854 0.305093 0.582031 0.296296 0.580469
0 0.260185 0.575000 0.254630 0.576302 0.252778 0.577344 0.251389 0.579427 0.251389 0.584115 0.262963 0.591927 0.267130 0.593750 0.272685 0.592708 0.278241 0.589323 0.282407 0.584375 0.283796 0.579948 0.279630 0.576823 0.274537 0.575521
0 0.246296 0.557031 0.235185 0.561458 0.232870 0.563802 0.232407 0.568750 0.235185 0.572135 0.239815 0.574219 0.245833 0.575781 0.254167 0.575521 0.260648 0.572656 0.263889 0.568229 0.264352 0.564063 0.260648 0.559375 0.253241 0.557292
0 0.223148 0.572396 0.219444 0.574479 0.217593 0.579427 0.218981 0.583854 0.221759 0.587760 0.226852 0.590365 0.231019 0.591146 0.234722 0.591146 0.240741 0.589844 0.245370 0.587240 0.248611 0.584375 0.249537 0.580469 0.248611 0.576823 0.240278 0.573958 0.232870 0.572396
0 0.204167 0.616146 0.199537 0.618229 0.197685 0.622656 0.198148 0.627865 0.200000 0.632031 0.203704 0.635677 0.206481 0.637240 0.210648 0.638281 0.218056 0.638021 0.229630 0.633073 0.233333 0.627865 0.232870 0.625260 0.231481 0.623177 0.227315 0.620573 0.218981 0.617708 0.212963 0.616406
0 0.231944 0.633333 0.220370 0.637240 0.217593 0.639323 0.216204 0.642708 0.218981 0.646875 0.223148 0.650521 0.231944 0.655208 0.239815 0.656250 0.247685 0.649219 0.249074 0.642708 0.246296 0.636719 0.242593 0.633854 0.240741 0.633333
0 0.259722 0.623698 0.252778 0.626302 0.250000 0.627865 0.247222 0.630729 0.250000 0.638802 0.259722 0.642708 0.263426 0.643490 0.269907 0.643750 0.274537 0.642969 0.281944 0.638542 0.283796 0.634896 0.283333 0.630729 0.279630 0.627344 0.275926 0.625521 0.268056 0.623698
0 0.267130 0.603125 0.263426 0.605729 0.261111 0.610938 0.261574 0.615625 0.262963 0.616927 0.268981 0.619531 0.279167 0.620833 0.281944 0.620833 0.289815 0.618490 0.293981 0.615625 0.293981 0.610938 0.292593 0.609375 0.285185 0.605208 0.278241 0.603125 0.274537 0.602604
0 0.260648 0.614583 0.255556 0.613542 0.246296 0.613021 0.240278 0.614062 0.237500 0.615365 0.233796 0.619010 0.232870 0.623437 0.234722 0.627604 0.237963 0.629687 0.246759 0.630469 0.253241 0.626302 0.264815 0.622917 0.265741 0.619010
0 0.237500 0.592708 0.232870 0.593750 0.231019 0.595313 0.229630 0.598698 0.230093 0.603385 0.234259 0.608854 0.239352 0.611719 0.247222 0.611979 0.256019 0.606771 0.258333 0.604427 0.257870 0.599479 0.251389 0.595313 0.246759 0.593490
0 0.204630 0.593750 0.199074 0.596875 0.195370 0.600260 0.193056 0.603906 0.192593 0.607812 0.194907 0.610938 0.199537 0.613021 0.205556 0.614583 0.213426 0.615104 0.218519 0.614062 0.223611 0.611458 0.226389 0.607812 0.225926 0.604167 0.222685 0.600000 0.218981 0.597135 0.212037 0.593750
0 0.175463 0.590885 0.173611 0.591927 0.171759 0.595313 0.172222 0.599740 0.174537 0.603385 0.176852 0.604688 0.183333 0.605729 0.191204 0.605208 0.194444 0.603125 0.196759 0.600260 0.198148 0.595833 0.197222 0.594271 0.190278 0.590365 0.187037 0.589583 0.183333 0.589323
0 0.190741 0.576562 0.187500 0.579948 0.185648 0.583854 0.187500 0.588542 0.189352 0.590365 0.197222 0.593229 0.206019 0.592969 0.213889 0.591406 0.218519 0.588281 0.219444 0.584635 0.215278 0.577865 0.210185 0.575260 0.206481 0.574219 0.198148 0.572943 0.192361 0.571016
0 0.181944 0.566927 0.178704 0.566406 0.171296 0.566927 0.167593 0.567708 0.164352 0.569531 0.160185 0.573958 0.159259 0.576823 0.162963 0.581771 0.165741 0.583073 0.168981 0.583854 0.184259 0.583073 0.187500 0.580729 0.190278 0.576302 0.190278 0.571875 0.187963 0.569792
0 0.151852 0.558073 0.142593 0.558073 0.138889 0.558854 0.132407 0.564583 0.131019 0.568490 0.132870 0.572135 0.133333 0.576302 0.136574 0.578125 0.141667 0.579427 0.147222 0.578125 0.156944 0.574219 0.160648 0.572135 0.162963 0.569010 0.162963 0.564844 0.161574 0.562240 0.156944 0.559375
0 0.108333 0.577865 0.106944 0.579948 0.106944 0.585938 0.108333 0.588281 0.112963 0.591146 0.120833 0.592969 0.129630 0.592969 0.132870 0.592187 0.137037 0.590104 0.139815 0.586198 0.140278 0.582031 0.139352 0.579948 0.134722 0.577083 0.129630 0.576042 0.120833 0.575781 0.112037 0.576823
0 0.154167 0.582552 0.150463 0.583333 0.147685 0.584896 0.145833 0.588281 0.145370 0.596354 0.148611 0.600000 0.156019 0.601562 0.163889 0.600260 0.168056 0.597656 0.172222 0.592448 0.172222 0.589323 0.170833 0.586458 0.168056 0.584635 0.163426 0.582812
0 0.115741 0.603125 0.110185 0.606250 0.108333 0.608333 0.107407 0.611979 0.110185 0.615365 0.119444 0.620573 0.129167 0.623177 0.137037 0.623437 0.140741 0.616406 0.140741 0.609635 0.138889 0.605469 0.136111 0.603385 0.128704 0.601562 0.121759 0.601823
0 0.157870 0.610156 0.149074 0.610677 0.143056 0.614062 0.139815 0.618750 0.139352 0.623437 0.142130 0.627344 0.143981 0.628125 0.150926 0.628906 0.156019 0.627865 0.161111 0.626042 0.166667 0.622396 0.169444 0.619271 0.168981 0.614844 0.164815 0.611979
0 0.188889 0.632812 0.180093 0.631510 0.169907 0.631771 0.160648 0.635417 0.157407 0.638542 0.156944 0.643229 0.158796 0.646354 0.163889 0.649479 0.169907 0.651302 0.178241 0.651042 0.187037 0.647656 0.192593 0.643229 0.194444 0.639583 0.192593 0.635156
0 0.218981 0.657552 0.203241 0.658073 0.199074 0.660156 0.193519 0.665365 0.194444 0.669792 0.195833 0.671354 0.202315 0.674740 0.211574 0.676823 0.218981 0.676302 0.225000 0.674219 0.227315 0.672396 0.229167 0.669271 0.230093 0.665885 0.228704 0.662500 0.223611 0.658594
0 0.193981 0.641146 0.187963 0.646354 0.187963 0.650781 0.195833 0.655990 0.205556 0.658073 0.219444 0.658073 0.224074 0.656771 0.225000 0.653646 0.223611 0.650521 0.213889 0.640625 0.204630 0.639062 0.197685 0.639844
0 0.151389 0.658854 0.148611 0.661458 0.149074 0.666667 0.155093 0.669792 0.162963 0.671615 0.169907 0.672656 0.177315 0.672917 0.181944 0.672396 0.186111 0.670833 0.191204 0.666146 0.190741 0.661458 0.188889 0.658073 0.187037 0.656771 0.178241 0.654948 0.162500 0.655469 0.155556 0.656771
0 0.193056 0.673958 0.186111 0.673177 0.176852 0.673177 0.168519 0.675260 0.163426 0.677865 0.161574 0.681250 0.162500 0.684635 0.168981 0.691146 0.171759 0.692187 0.178241 0.692969 0.184259 0.691927 0.189815 0.689063 0.196759 0.681771 0.196759 0.676302 0.195833 0.675000
0 0.232407 0.680208 0.227315 0.682292 0.225000 0.684635 0.223148 0.688281 0.224537 0.693490 0.231019 0.696875 0.238426 0.698958 0.245370 0.698698 0.251852 0.696094 0.256019 0.693490 0.255556 0.688542 0.254167 0.685417 0.250463 0.682813 0.244907 0.680990 0.240741 0.680208
0 0.142130 0.379167 0.137037 0.380469 0.134259 0.382812 0.132870 0.388281 0.135185 0.393750 0.140741 0.397917 0.149537 0.398958 0.156019 0.397656 0.160648 0.395052 0.164815 0.389844 0.164815 0.384896 0.162037 0.382292 0.156944 0.380208 0.150926 0.379167
0 0.142130 0.398438 0.128241 0.402083 0.126389 0.404167 0.125926 0.409115 0.128241 0.413802 0.131944 0.416667 0.135185 0.417969 0.142593 0.419010 0.149537 0.418490 0.156944 0.414583 0.158796 0.412240 0.159722 0.408073 0.157407 0.404167 0.151389 0.399740
0 0.176852 0.394531 0.168519 0.396354 0.166204 0.397917 0.164815 0.399740 0.164352 0.404427 0.166204 0.406771 0.173611 0.412240 0.176389 0.413021 0.184259 0.413542 0.187500 0.412500 0.193519 0.408854 0.198148 0.407292 0.200000 0.404948 0.200926 0.400000 0.198611 0.397656 0.193981 0.395833
0 0.214352 0.383594 0.212037 0.387760 0.213889 0.391667 0.217593 0.394010 0.225000 0.395833 0.231019 0.396615 0.239815 0.396615 0.246759 0.392188 0.249074 0.388802 0.241667 0.383073 0.232870 0.380469 0.221296 0.381510 0.216204 0.382552
0 0.273148 0.392448 0.267130 0.389583 0.261111 0.388021 0.252315 0.388802 0.248148 0.389844 0.242593 0.396094 0.242593 0.400521 0.244444 0.403385 0.246296 0.404167 0.253241 0.403906 0.271296 0.400260 0.274074 0.397917
0 0.253241 0.366406 0.243519 0.369271 0.238889 0.371875 0.238426 0.376563 0.243981 0.380990 0.249537 0.384115 0.254630 0.385937 0.261111 0.386458 0.262963 0.385677 0.267130 0.379688 0.272685 0.376823 0.270370 0.373177 0.263426 0.367708 0.260648 0.366927
0 0.274537 0.377604 0.265741 0.380469 0.263426 0.384635 0.264815 0.388021 0.274074 0.394010 0.283333 0.394271 0.286574 0.393750 0.293056 0.391667 0.295833 0.390104 0.298148 0.385937 0.297685 0.383073 0.294444 0.379688 0.291204 0.378385 0.283333 0.377344