0 0.662963 0.202604 0.654630 0.201563 0.648148 0.203125 0.642593 0.206250 0.640741 0.209896 0.644444 0.215625 0.659259 0.216146 0.662963 0.214583 0.668519 0.209375
0 0.335185 0.111458 0.322222 0.117708 0.320370 0.122917 0.328704 0.127083 0.338889 0.127604 0.348148 0.125521 0.350000 0.123438 0.350000 0.117188 0.344444 0.112500
0 0.288889 0.115104 0.288889 0.119792 0.297222 0.125000 0.311111 0.126562 0.317593 0.123958 0.319444 0.117708 0.316667 0.113542 0.307407 0.111979 0.298148 0.111979
0 0.260185 0.116146 0.255556 0.119271 0.253704 0.122917 0.255556 0.127604 0.266667 0.131250 0.281481 0.129688 0.285185 0.126562 0.278704 0.119271 0.268519 0.115104
0 0.600926 0.876563 0.599074 0.884896 0.602778 0.889062 0.606481 0.890104 0.619444 0.890104 0.625926 0.888542 0.628704 0.885938 0.628704 0.882292 0.623148 0.876563 0.615741 0.874479 0.606481 0.874479
0 0.655556 0.871875 0.649074 0.875000 0.644444 0.881250 0.647222 0.884375 0.652778 0.887500 0.659259 0.889062 0.672222 0.888542 0.678704 0.884375 0.679630 0.880729 0.676852 0.875000 0.669444 0.871354 0.662037 0.870833
0 0.614815 0.863021 0.612037 0.867188 0.612037 0.873437 0.613889 0.874479 0.623148 0.876042 0.640741 0.873437 0.642593 0.868750 0.637963 0.864062 0.632407 0.861458 0.621296 0.859896
0 0.645370 0.857292 0.643519 0.866146 0.647222 0.869271 0.652778 0.870833 0.660185 0.870833 0.672222 0.867708 0.674074 0.865625 0.673148 0.860938 0.666667 0.856250 0.659259 0.854167 0.651852 0.854167
0 0.698148 0.852604 0.692593 0.856250 0.691667 0.860417 0.695370 0.865625 0.703704 0.868750 0.712963 0.868229 0.719444 0.866146 0.722222 0.863542 0.722222 0.860417 0.719444 0.857812 0.705556 0.852083
0 0.684259 0.839583 0.676852 0.839063 0.666667 0.843229 0.663889 0.851042 0.669444 0.855208 0.681481 0.854688 0.690741 0.851562 0.690741 0.844792
0 0.640741 0.839063 0.631481 0.841667 0.625000 0.845313 0.623148 0.850000 0.625000 0.852604 0.631481 0.855729 0.643519 0.857292 0.649074 0.855208 0.650926 0.852604 0.651852 0.842708 0.648148 0.839583
0 0.497222 0.871354 0.481481 0.870833 0.475000 0.873437 0.471296 0.882812 0.475926 0.888021 0.483333 0.888542 0.488889 0.887500 0.501852 0.881250 0.502778 0.876042
0 0.498148 0.860417 0.490741 0.868750 0.491667 0.871354 0.502778 0.876042 0.515741 0.876042 0.522222 0.873958 0.523148 0.868750 0.515741 0.862500 0.504630 0.859375
0 0.524074 0.847396 0.517593 0.849479 0.516667 0.854688 0.526852 0.866146 0.537037 0.866146 0.540741 0.864583 0.545370 0.858854 0.545370 0.851562 0.539815 0.847917
0 0.551852 0.852604 0.548148 0.854688 0.542593 0.861979 0.541667 0.866146 0.545370 0.869271 0.553704 0.870313 0.561111 0.869271 0.566667 0.866667 0.569444 0.860938 0.562037 0.854167
0 0.565741 0.852083 0.566667 0.859375 0.570370 0.861458 0.577778 0.862500 0.589815 0.860417 0.597222 0.856771 0.599074 0.854167 0.593519 0.850000 0.581481 0.846875 0.571296 0.847396
0 0.553704 0.829688 0.549074 0.832812 0.548148 0.844271 0.557407 0.848958 0.566667 0.849479 0.573148 0.847917 0.576852 0.843750 0.576852 0.838542 0.574074 0.834375 0.560185 0.829167
0 0.545370 0.828646 0.537963 0.828646 0.522222 0.834896 0.521296 0.842187 0.527778 0.845313 0.538889 0.846875 0.547222 0.843750 0.550000 0.831250
0 0.538889 0.818229 0.522222 0.817187 0.514815 0.819271 0.512963 0.827604 0.514815 0.832292 0.517593 0.833854 0.525000 0.834896 0.536111 0.830208 0.540741 0.823438
0 0.408333 0.850000 0.405556 0.851042 0.403704 0.855208 0.405556 0.860417 0.412963 0.866146 0.421296 0.866146 0.430556 0.861979 0.430556 0.855208 0.422222 0.850521
0 0.415741 0.867188 0.407407 0.871354 0.402778 0.877083 0.405556 0.882812 0.409259 0.885417 0.415741 0.886979 0.423148 0.886979 0.435185 0.882812 0.437963 0.876563 0.432407 0.870313 0.427778 0.867708
0 0.440741 0.857812 0.433333 0.861458 0.431481 0.869271 0.437037 0.875521 0.449074 0.876563 0.455556 0.875000 0.460185 0.871354 0.459259 0.863542 0.451852 0.858333
0 0.455556 0.847917 0.451852 0.851562 0.451852 0.855208 0.455556 0.859896 0.464815 0.863542 0.469444 0.864062 0.474074 0.863021 0.479630 0.857812 0.480556 0.853125 0.478704 0.849479 0.471296 0.846875
0 0.480556 0.837500 0.480556 0.842708 0.488889 0.848958 0.495370 0.851042 0.503704 0.850000 0.507407 0.842708 0.506481 0.838021 0.503704 0.835938 0.489815 0.835938
0 0.439815 0.831771 0.430556 0.835938 0.426852 0.843750 0.432407 0.848437 0.440741 0.850521 0.449074 0.851042 0.452778 0.850000 0.455556 0.846875 0.455556 0.837500 0.450000 0.832812
0 0.350926 0.872917 0.342593 0.876563 0.340741 0.880729 0.342593 0.885417 0.349074 0.890104 0.359259 0.890625 0.368519 0.884896 0.370370 0.876042 0.364815 0.873437
0 0.402778 0.875000 0.400000 0.873437 0.384259 0.873958 0.373148 0.879687 0.372222 0.885938 0.387037 0.889062 0.400000 0.888021 0.405556 0.884896 0.405556 0.879687
0 0.391667 0.855729 0.380556 0.860938 0.379630 0.866667 0.385185 0.872917 0.397222 0.873958 0.404630 0.870833 0.408333 0.866667 0.408333 0.864062 0.404630 0.858333 0.400926 0.856250
0 0.374074 0.843229 0.367593 0.847396 0.367593 0.856250 0.375000 0.860417 0.380556 0.860938 0.395370 0.854688 0.394444 0.849479 0.391667 0.846354 0.386111 0.843750
0 0.358333 0.856771 0.350926 0.863021 0.351852 0.870833 0.355556 0.872917 0.372222 0.875000 0.378704 0.869792 0.377778 0.861458 0.365741 0.856250
0 0.334259 0.853646 0.328704 0.854688 0.324074 0.857292 0.322222 0.865625 0.329630 0.870313 0.337963 0.871354 0.347222 0.868750 0.349074 0.860417 0.343519 0.854688
0 0.286111 0.862500 0.285185 0.871354 0.288889 0.873958 0.294444 0.875000 0.310185 0.872917 0.312963 0.870833 0.313889 0.865104 0.308333 0.860417 0.302778 0.858854 0.294444 0.858854
0 0.294444 0.874479 0.290741 0.878646 0.290741 0.884896 0.292593 0.886979 0.300000 0.890104 0.311111 0.889583 0.319444 0.883333 0.320370 0.880208 0.318519 0.876563 0.311111 0.873437
0 0.272222 0.871875 0.265741 0.872917 0.262037 0.875000 0.260185 0.881771 0.266667 0.887500 0.275000 0.890104 0.282407 0.886458 0.286111 0.881771 0.287037 0.876563 0.283333 0.872917
0 0.238889 0.873958 0.232407 0.879687 0.231481 0.888021 0.237037 0.891146 0.246296 0.891146 0.250926 0.890104 0.257407 0.885938 0.259259 0.879167 0.257407 0.876042 0.254630 0.875000
0 0.222222 0.858854 0.208333 0.864062 0.207407 0.869271 0.212037 0.872396 0.225926 0.873958 0.233333 0.871875 0.236111 0.864062 0.235185 0.861458 0.230556 0.859375
0 0.237963 0.861979 0.235185 0.865104 0.235185 0.870313 0.240741 0.874479 0.255556 0.876042 0.265741 0.871875 0.267593 0.869792 0.266667 0.865104 0.257407 0.861458 0.245370 0.859896
0 0.247222 0.849479 0.245370 0.853646 0.250000 0.859896 0.261111 0.864062 0.268519 0.865104 0.277778 0.858854 0.278704 0.852604 0.276852 0.851042 0.268519 0.847917 0.254630 0.847917
0 0.268519 0.833333 0.260185 0.831771 0.252778 0.833854 0.246296 0.837500 0.245370 0.843750 0.250000 0.847917 0.262963 0.848437 0.271296 0.846875 0.273148 0.844271 0.273148 0.836458
0 0.293519 0.842187 0.287037 0.846875 0.288889 0.853646 0.300000 0.858854 0.310185 0.858333 0.315741 0.853125 0.313889 0.844792 0.309259 0.842187 0.303704 0.841146
0 0.329630 0.829167 0.325000 0.830208 0.323148 0.832292 0.322222 0.841146 0.324074 0.845313 0.328704 0.847396 0.332407 0.847396 0.346296 0.844792 0.350926 0.842187 0.350926 0.837500 0.346296 0.833333
0 0.377778 0.823438 0.366667 0.829688 0.364815 0.837500 0.373148 0.842708 0.385185 0.843229 0.390741 0.839063 0.390741 0.830208 0.382407 0.824479
0 0.413889 0.829167 0.401852 0.830729 0.395370 0.833854 0.393519 0.836458 0.394444 0.845833 0.404630 0.850521 0.413889 0.849479 0.422222 0.841146 0.421296 0.833333
0 0.419444 0.818229 0.420370 0.823438 0.425000 0.828646 0.433333 0.830729 0.447222 0.826562 0.451852 0.822396 0.448148 0.819271 0.435185 0.815625 0.424074 0.815625
0 0.475000 0.820312 0.470370 0.826562 0.470370 0.832292 0.474074 0.835938 0.480556 0.837500 0.498148 0.836458 0.503704 0.833854 0.505556 0.826562 0.500926 0.822917 0.489815 0.819792 0.482407 0.819271
0 0.444444 0.790104 0.440741 0.793750 0.440741 0.799479 0.447222 0.809375 0.455556 0.809375 0.465741 0.802604 0.466667 0.794792 0.463889 0.791667 0.456481 0.789583
0 0.383333 0.803646 0.377778 0.810417 0.375926 0.818750 0.378704 0.822917 0.387963 0.823958 0.396296 0.822396 0.403704 0.818750 0.404630 0.813021 0.392593 0.804167
0 0.367593 0.815625 0.352778 0.815625 0.343519 0.818229 0.341667 0.821875 0.342593 0.826042 0.350000 0.832812 0.362037 0.832812 0.370370 0.827604 0.372222 0.818229
0 0.340741 0.807813 0.327778 0.807813 0.320370 0.812500 0.319444 0.818750 0.322222 0.821354 0.330556 0.823958 0.339815 0.823438 0.346296 0.817708 0.347222 0.812500 0.345370 0.809896
0 0.299074 0.819271 0.284259 0.823958 0.283333 0.829688 0.291667 0.835417 0.302778 0.836979 0.309259 0.834375 0.311111 0.822917 0.306481 0.819792
0 0.265741 0.816667 0.256481 0.820833 0.255556 0.827083 0.261111 0.832292 0.275000 0.835938 0.282407 0.831771 0.282407 0.823438 0.277778 0.817708 0.275000 0.816667
0 0.237963 0.820312 0.226852 0.820312 0.220370 0.823958 0.218519 0.831771 0.220370 0.835938 0.225000 0.839063 0.237963 0.834375 0.245370 0.830208 0.245370 0.824479
0 0.193519 0.815625 0.187963 0.817708 0.183333 0.826562 0.192593 0.832812 0.206481 0.832812 0.212963 0.830729 0.216667 0.827604 0.216667 0.820833 0.212037 0.816667 0.208333 0.815625
0 0.204630 0.837500 0.192593 0.841667 0.191667 0.847396 0.192593 0.849479 0.200000 0.853646 0.212037 0.854167 0.219444 0.850521 0.220370 0.843750 0.214815 0.838542
0 0.173148 0.847917 0.170370 0.849479 0.170370 0.854688 0.175926 0.861979 0.181481 0.864062 0.193519 0.863542 0.199074 0.858854 0.196296 0.850521 0.188889 0.847396
0 0.128704 0.873958 0.120370 0.873958 0.112963 0.878646 0.112037 0.886979 0.115741 0.891146 0.124074 0.891667 0.128704 0.890625 0.137963 0.881250 0.137037 0.876563
0 0.158333 0.858854 0.153704 0.859375 0.146296 0.863542 0.139815 0.871875 0.138889 0.877604 0.146296 0.881250 0.160185 0.881250 0.164815 0.879687 0.168519 0.875521 0.168519 0.868229 0.165741 0.862500
0 0.133333 0.858333 0.122222 0.860417 0.117593 0.863542 0.117593 0.867188 0.121296 0.873437 0.127778 0.875521 0.137037 0.876563 0.141667 0.872396 0.143519 0.865104 0.137963 0.859375
0 0.148148 0.843750 0.132407 0.843229 0.123148 0.846354 0.121296 0.847917 0.121296 0.854167 0.126852 0.859375 0.136111 0.858854 0.148148 0.853125 0.150926 0.850521 0.150926 0.845313
0 0.160185 0.822917 0.152778 0.823438 0.148148 0.828646 0.149074 0.838021 0.155556 0.840104 0.165741 0.838542 0.173148 0.833854 0.172222 0.827604 0.163889 0.823438
0 0.184259 0.810937 0.169444 0.810937 0.162963 0.811979 0.161111 0.813542 0.161111 0.821875 0.170370 0.828125 0.178704 0.828125 0.185185 0.822396 0.187037 0.813021
0 0.229630 0.802604 0.228704 0.809375 0.236111 0.818229 0.238889 0.819792 0.250926 0.818750 0.255556 0.816146 0.258333 0.811458 0.256481 0.805208 0.248148 0.801562 0.234259 0.801562
0 0.308333 0.797917 0.296296 0.802604 0.294444 0.807813 0.301852 0.813542 0.312963 0.814063 0.321296 0.810937 0.325000 0.806771 0.325926 0.802604 0.320370 0.799479
0 0.331481 0.785417 0.322222 0.785417 0.317593 0.787500 0.310185 0.794271 0.311111 0.798958 0.323148 0.802083 0.337037 0.798438 0.339815 0.795833 0.340741 0.790104
0 0.353704 0.789583 0.345370 0.789583 0.340741 0.792708 0.338889 0.800521 0.343519 0.806250 0.351852 0.805729 0.361111 0.798958 0.361111 0.794792 0.358333 0.790625
0 0.437963 0.797396 0.433333 0.796875 0.425000 0.798958 0.418519 0.804688 0.418519 0.811458 0.425926 0.815104 0.437037 0.814063 0.444444 0.810417 0.444444 0.801562
0 0.425926 0.783854 0.416667 0.787500 0.415741 0.791667 0.421296 0.797917 0.428704 0.798438 0.437037 0.795833 0.441667 0.790104 0.438889 0.785937
0 0.412963 0.777604 0.402778 0.776563 0.392593 0.780729 0.390741 0.786979 0.396296 0.790625 0.407407 0.791146 0.418519 0.786458 0.418519 0.781250
0 0.362037 0.785417 0.359259 0.788542 0.361111 0.796354 0.370370 0.801042 0.380556 0.800521 0.387037 0.795312 0.386111 0.788542 0.378704 0.784375
0 0.375926 0.768750 0.371296 0.768229 0.359259 0.773438 0.356481 0.777604 0.356481 0.782292 0.359259 0.784896 0.365741 0.785937 0.378704 0.783333 0.380556 0.776563 0.378704 0.770312
0 0.408333 0.766146 0.400926 0.764583 0.387037 0.765104 0.382407 0.767708 0.380556 0.770833 0.382407 0.779687 0.392593 0.780729 0.401852 0.777083 0.408333 0.771354
0 0.397222 0.750521 0.391667 0.753646 0.393519 0.761458 0.398148 0.764062 0.407407 0.765625 0.413889 0.762500 0.416667 0.759375 0.416667 0.752604 0.412963 0.750521
0 0.430556 0.769271 0.425000 0.772917 0.426852 0.782813 0.432407 0.784896 0.440741 0.785937 0.453704 0.777083 0.453704 0.771354 0.443519 0.769271
0 0.461111 0.775000 0.455556 0.778125 0.455556 0.788021 0.458333 0.790625 0.470370 0.792188 0.478704 0.787500 0.480556 0.782813 0.477778 0.778646 0.472222 0.775521
0 0.568519 0.791667 0.556481 0.790104 0.549074 0.792188 0.544444 0.800000 0.545370 0.807813 0.551852 0.808854 0.560185 0.808333 0.571296 0.803125 0.573148 0.795833
0 0.581481 0.801562 0.575926 0.803646 0.571296 0.808333 0.570370 0.815625 0.572222 0.819792 0.576852 0.822396 0.587037 0.822917 0.595370 0.819271 0.595370 0.811979 0.589815 0.803125 0.587037 0.801562
0 0.587037 0.777083 0.578704 0.777083 0.570370 0.782813 0.570370 0.791146 0.577778 0.795833 0.588889 0.794271 0.597222 0.788021 0.597222 0.782813
0 0.585185 0.744271 0.578704 0.748437 0.578704 0.756250 0.585185 0.758854 0.594444 0.759375 0.601852 0.756250 0.601852 0.749479 0.597222 0.744792
0 0.451852 0.745313 0.450000 0.749479 0.456481 0.754167 0.468519 0.757812 0.475926 0.757812 0.482407 0.756250 0.477778 0.748958 0.467593 0.743229 0.460185 0.742188 0.454630 0.743229
0 0.510185 0.737500 0.500000 0.742708 0.500000 0.747917 0.510185 0.752083 0.519444 0.752083 0.524074 0.749479 0.524074 0.742188 0.517593 0.737500
0 0.468519 0.732812 0.464815 0.736458 0.465741 0.743229 0.475000 0.747917 0.483333 0.747917 0.488889 0.746354 0.492593 0.743750 0.492593 0.738542 0.489815 0.734896 0.484259 0.732812
0 0.455556 0.737500 0.438889 0.736458 0.432407 0.737500 0.425000 0.740625 0.424074 0.746875 0.431481 0.752604 0.441667 0.752604 0.447222 0.750000 0.458333 0.740625
0 0.404630 0.735417 0.394444 0.739583 0.392593 0.742188 0.393519 0.747917 0.397222 0.750521 0.414815 0.751042 0.423148 0.745833 0.423148 0.741146 0.415741 0.736458
0 0.386111 0.737500 0.376852 0.737500 0.362037 0.743750 0.363889 0.748437 0.367593 0.750521 0.376852 0.752604 0.389815 0.750521 0.391667 0.748437 0.391667 0.741146
0 0.362963 0.750000 0.350926 0.754167 0.347222 0.760417 0.349074 0.763021 0.353704 0.765104 0.367593 0.766146 0.371296 0.765625 0.376852 0.761979 0.377778 0.757292 0.374074 0.752083
0 0.341667 0.768750 0.334259 0.771875 0.333333 0.780208 0.342593 0.786458 0.350926 0.786979 0.355556 0.783333 0.357407 0.772917 0.350926 0.768750
0 0.319444 0.768750 0.310185 0.771354 0.308333 0.775521 0.317593 0.783333 0.323148 0.785417 0.326852 0.784896 0.332407 0.780208 0.333333 0.772917 0.329630 0.769792
0 0.300926 0.772396 0.291667 0.775000 0.289815 0.781250 0.293519 0.788542 0.303704 0.790104 0.314815 0.787500 0.318519 0.782813 0.307407 0.773438
0 0.274074 0.769792 0.265741 0.774479 0.265741 0.781250 0.274074 0.787500 0.282407 0.789062 0.289815 0.784375 0.290741 0.774479 0.282407 0.770312
0 0.281481 0.788542 0.273148 0.787500 0.262963 0.793229 0.262037 0.800000 0.266667 0.803125 0.275926 0.803125 0.283333 0.801042 0.286111 0.798958 0.286111 0.794271
0 0.236111 0.786458 0.233333 0.789583 0.233333 0.793229 0.237963 0.796354 0.255556 0.797396 0.259259 0.796875 0.264815 0.792708 0.265741 0.790625 0.262963 0.786458 0.257407 0.783854 0.244444 0.783333
0 0.187963 0.797917 0.181481 0.802604 0.183333 0.809375 0.186111 0.811979 0.194444 0.814583 0.206481 0.814583 0.211111 0.813021 0.213889 0.808854 0.213889 0.803125 0.210185 0.798958 0.203704 0.796875
0 0.178704 0.789583 0.166667 0.788542 0.159259 0.791146 0.154630 0.797396 0.153704 0.802604 0.155556 0.804688 0.162963 0.805729 0.170370 0.805208 0.180556 0.801042 0.183333 0.794271
0 0.200000 0.774479 0.189815 0.774479 0.180556 0.779167 0.178704 0.783854 0.184259 0.789062 0.190741 0.790625 0.197222 0.790104 0.205556 0.784896 0.206481 0.779167 0.204630 0.776563
0 0.148148 0.775521 0.139815 0.777083 0.132407 0.782292 0.132407 0.787500 0.141667 0.791667 0.152778 0.791146 0.157407 0.788542 0.159259 0.781250 0.156481 0.777083
0 0.143519 0.754687 0.139815 0.760417 0.141667 0.766146 0.144444 0.767708 0.155556 0.768229 0.168519 0.763542 0.170370 0.759375 0.164815 0.755729 0.156481 0.753646
0 0.180556 0.765104 0.168519 0.764062 0.159259 0.767708 0.156481 0.776563 0.161111 0.781771 0.173148 0.782292 0.182407 0.778646 0.186111 0.774479 0.186111 0.770312
0 0.212037 0.760417 0.202778 0.759896 0.193519 0.761979 0.187037 0.766667 0.187963 0.772917 0.193519 0.774479 0.205556 0.774479 0.212037 0.771875 0.214815 0.768750 0.214815 0.763021
0 0.218519 0.776042 0.213889 0.779167 0.214815 0.785937 0.218519 0.790104 0.228704 0.791146 0.237037 0.787500 0.239815 0.784375 0.239815 0.779687 0.231481 0.776042
0 0.226852 0.765104 0.223148 0.767188 0.225926 0.774479 0.237963 0.779167 0.247222 0.778646 0.251852 0.773958 0.251852 0.767188 0.250000 0.765104 0.241667 0.763542
0 0.246296 0.753646 0.245370 0.759896 0.253704 0.766667 0.261111 0.768229 0.271296 0.765104 0.275000 0.759375 0.270370 0.753646 0.264815 0.752604 0.250926 0.752604
0 0.285185 0.755729 0.276852 0.758333 0.274074 0.764062 0.277778 0.769792 0.288889 0.772396 0.296296 0.770312 0.300000 0.765625 0.300000 0.760938 0.295370 0.756771
0 0.309259 0.752083 0.299074 0.758333 0.300926 0.764062 0.312037 0.767188 0.324074 0.766667 0.327778 0.764062 0.327778 0.759375 0.323148 0.754687 0.317593 0.752083
0 0.336111 0.746354 0.326852 0.748437 0.321296 0.751563 0.323148 0.756771 0.330556 0.761458 0.340741 0.762500 0.347222 0.760417 0.350926 0.756250 0.351852 0.751563 0.346296 0.747917
0 0.259259 0.738021 0.254630 0.743229 0.255556 0.751563 0.269444 0.753125 0.278704 0.750521 0.282407 0.747917 0.279630 0.741146 0.270370 0.737500
0 0.204630 0.738021 0.193519 0.743750 0.192593 0.747917 0.195370 0.750521 0.203704 0.753125 0.216667 0.753125 0.219444 0.752083 0.219444 0.743229 0.217593 0.740104 0.213889 0.738021
0 0.154630 0.738021 0.148148 0.737500 0.142593 0.738542 0.134259 0.743229 0.133333 0.749479 0.141667 0.754167 0.153704 0.752604 0.157407 0.749479 0.158333 0.741146
0 0.606481 0.817708 0.598148 0.821875 0.600000 0.831250 0.607407 0.836458 0.619444 0.836458 0.626852 0.831771 0.628704 0.828125 0.627778 0.822396 0.620370 0.818229
0 0.759259 0.818229 0.755556 0.820833 0.755556 0.834375 0.762963 0.839583 0.775000 0.840104 0.779630 0.838021 0.781481 0.835417 0.780556 0.828646 0.768519 0.820833
0 0.729630 0.821354 0.726852 0.823958 0.726852 0.827083 0.732407 0.833333 0.738889 0.836458 0.744444 0.837500 0.750926 0.836979 0.754630 0.834375 0.755556 0.826042 0.750000 0.820833 0.744444 0.819271 0.737037 0.819271
0 0.671296 0.827083 0.660185 0.827083 0.654630 0.830729 0.654630 0.838542 0.662963 0.842708 0.671296 0.841667 0.679630 0.836458 0.679630 0.830729 0.675926 0.828125
0 0.683333 0.813542 0.675000 0.817708 0.675000 0.827083 0.681481 0.831250 0.695370 0.830729 0.704630 0.826562 0.705556 0.821354 0.701852 0.817187 0.693519 0.813542
0 0.717593 0.808854 0.711111 0.809896 0.706481 0.812500 0.703704 0.818750 0.707407 0.822917 0.720370 0.825000 0.725000 0.824479 0.730556 0.821875 0.731481 0.815625 0.725926 0.810417
0 0.760185 0.800521 0.749074 0.800521 0.744444 0.802604 0.738889 0.810417 0.739815 0.818750 0.753704 0.819792 0.762963 0.816667 0.767593 0.811979 0.768519 0.806250
0 0.714815 0.794792 0.714815 0.803646 0.721296 0.808854 0.725000 0.809896 0.734259 0.809375 0.741667 0.806771 0.744444 0.803125 0.743519 0.799479 0.734259 0.793229 0.725000 0.792708
0 0.697222 0.791667 0.687963 0.794792 0.686111 0.803125 0.691667 0.807292 0.701852 0.808333 0.707407 0.807292 0.712963 0.804167 0.712963 0.797396 0.708333 0.793229
0 0.659259 0.791667 0.653704 0.797917 0.655556 0.803646 0.665741 0.806250 0.679630 0.805208 0.683333 0.802604 0.680556 0.795833 0.669444 0.791146 0.662037 0.790625
0 0.675926 0.778125 0.664815 0.782813 0.666667 0.790104 0.676852 0.794271 0.685185 0.794271 0.694444 0.791146 0.694444 0.783333 0.685185 0.778646
0 0.703704 0.777604 0.693519 0.782813 0.695370 0.790104 0.703704 0.793229 0.713889 0.793750 0.721296 0.788542 0.720370 0.782292 0.712037 0.777604
0 0.725926 0.777083 0.721296 0.780729 0.722222 0.786979 0.728704 0.792188 0.739815 0.792708 0.743519 0.789583 0.746296 0.779167 0.740741 0.776563
0 0.746296 0.778646 0.741667 0.791146 0.749074 0.794271 0.761111 0.795312 0.769444 0.790104 0.768519 0.784375 0.762037 0.780208
0 0.767593 0.791146 0.761111 0.795833 0.760185 0.800000 0.762037 0.802604 0.771296 0.805729 0.787963 0.804688 0.790741 0.803125 0.789815 0.796875 0.775000 0.790104
0 0.795370 0.777083 0.781481 0.779687 0.776852 0.784896 0.777778 0.791667 0.787963 0.795833 0.802778 0.794271 0.807407 0.789583 0.805556 0.781250 0.802778 0.779167
0 0.774074 0.761979 0.763889 0.767188 0.769444 0.776563 0.780556 0.779687 0.790741 0.778125 0.795370 0.773958 0.794444 0.766146 0.784259 0.762500
0 0.745370 0.767188 0.742593 0.770312 0.741667 0.776042 0.753704 0.780208 0.764815 0.780208 0.768519 0.776563 0.764815 0.767708 0.761111 0.765625
0 0.717593 0.760417 0.706481 0.764583 0.704630 0.772917 0.708333 0.775521 0.717593 0.778646 0.721296 0.778646 0.729630 0.776042 0.730556 0.767708 0.727778 0.761979 0.724074 0.760417
0 0.691667 0.762500 0.682407 0.763542 0.674074 0.769792 0.676852 0.776042 0.683333 0.778125 0.691667 0.778125 0.700926 0.773958 0.700926 0.769271 0.697222 0.765104
0 0.663889 0.764583 0.657407 0.764583 0.653704 0.767188 0.650926 0.779167 0.655556 0.783333 0.664815 0.782813 0.672222 0.779687 0.675000 0.776563 0.674074 0.769792
0 0.612963 0.748437 0.611111 0.752604 0.622222 0.759375 0.634259 0.759375 0.640741 0.755729 0.641667 0.751563 0.639815 0.748437 0.631481 0.744792 0.622222 0.744792
0 0.687963 0.744792 0.683333 0.744271 0.667593 0.747396 0.662963 0.750000 0.663889 0.756250 0.675926 0.761979 0.683333 0.761979 0.689815 0.758333 0.692593 0.747917
0 0.700000 0.747917 0.691667 0.752604 0.690741 0.756250 0.692593 0.759896 0.698148 0.763021 0.711111 0.763542 0.719444 0.759896 0.720370 0.755208 0.712963 0.747917
0 0.724074 0.742188 0.716667 0.743750 0.712963 0.748437 0.720370 0.757812 0.727778 0.759375 0.737963 0.752604 0.737963 0.747917 0.732407 0.743229
0 0.734259 0.755208 0.733333 0.760417 0.735185 0.764062 0.738889 0.766146 0.750000 0.767188 0.760185 0.765625 0.763889 0.759375 0.751852 0.753125 0.738889 0.752604
0 0.764815 0.747396 0.762037 0.750000 0.762037 0.756250 0.763889 0.758333 0.774074 0.761979 0.788889 0.761979 0.795370 0.756250 0.797222 0.752083 0.795370 0.748958 0.787963 0.746354 0.776852 0.745313
0 0.797222 0.765104 0.795370 0.767188 0.795370 0.776042 0.799074 0.778125 0.812037 0.778125 0.824074 0.775521 0.825000 0.770312 0.819444 0.766667 0.810185 0.764062 0.801852 0.763542
0 0.829630 0.754167 0.823148 0.759375 0.824074 0.766667 0.827778 0.768750 0.850926 0.771875 0.853704 0.767188 0.852778 0.761979 0.849074 0.756771 0.839815 0.753125
0 0.813889 0.782292 0.813889 0.788542 0.825926 0.795312 0.835185 0.795833 0.843519 0.793229 0.845370 0.785937 0.837037 0.779687 0.825926 0.778125
0 0.875000 0.795833 0.873148 0.797917 0.874074 0.802604 0.880556 0.805729 0.890741 0.806771 0.900000 0.806250 0.905556 0.803125 0.905556 0.795833 0.899074 0.791667 0.884259 0.791667
0 0.867593 0.763542 0.864815 0.766667 0.866667 0.770312 0.877778 0.777604 0.886111 0.779167 0.895370 0.776042 0.898148 0.769792 0.894444 0.765104 0.886111 0.763021
0 0.885185 0.748958 0.881481 0.751563 0.880556 0.754687 0.884259 0.761979 0.894444 0.765625 0.910185 0.765625 0.913889 0.762500 0.913889 0.756771 0.910185 0.752604 0.899074 0.748437
0 0.881481 0.710417 0.880556 0.717187 0.888889 0.725521 0.891667 0.726562 0.899074 0.726562 0.908333 0.722396 0.910185 0.716146 0.903704 0.710938 0.897222 0.709375
0 0.851852 0.714583 0.846296 0.719792 0.847222 0.725000 0.850926 0.728646 0.858333 0.731250 0.867593 0.730729 0.876852 0.725521 0.875926 0.718229 0.865741 0.714063
0 0.856481 0.696875 0.847222 0.701042 0.847222 0.711458 0.854630 0.714063 0.865741 0.713542 0.877778 0.707812 0.879630 0.702604 0.876852 0.700521 0.865741 0.696875
0 0.844444 0.698958 0.837037 0.698438 0.825000 0.703125 0.823148 0.705208 0.823148 0.710938 0.825000 0.713021 0.837963 0.715625 0.846296 0.710938 0.847222 0.701042
0 0.812037 0.715104 0.811111 0.721354 0.820370 0.726562 0.834259 0.726562 0.841667 0.725000 0.844444 0.722396 0.844444 0.720313 0.828704 0.713021 0.821296 0.711979
0 0.871296 0.685417 0.866667 0.688542 0.865741 0.694271 0.867593 0.697396 0.878704 0.702083 0.892593 0.701042 0.894444 0.697396 0.893519 0.694271 0.885185 0.686458 0.879630 0.684375
0 0.890741 0.675000 0.885185 0.677604 0.882407 0.680729 0.883333 0.685937 0.892593 0.692708 0.906481 0.691667 0.911111 0.689583 0.912037 0.686979 0.909259 0.681250 0.900926 0.677083
0 0.888889 0.669271 0.870370 0.668229 0.861111 0.669792 0.858333 0.674479 0.862037 0.680208 0.870370 0.683854 0.880556 0.682292 0.890741 0.674479 0.890741 0.670312
0 0.877778 0.639583 0.872222 0.644271 0.875000 0.652083 0.884259 0.655729 0.898148 0.654687 0.903704 0.651042 0.904630 0.647396 0.900926 0.641667 0.892593 0.638542
0 0.852778 0.655208 0.850926 0.657292 0.850926 0.663021 0.857407 0.668229 0.862963 0.669271 0.876852 0.668229 0.883333 0.664583 0.884259 0.658333 0.880556 0.655729 0.867593 0.653125 0.857407 0.653646
0 0.833333 0.667708 0.827778 0.671354 0.829630 0.679167 0.836111 0.682292 0.844444 0.682813 0.850926 0.681771 0.854630 0.678646 0.852778 0.670833 0.844444 0.666667
0 0.845370 0.652604 0.834259 0.651042 0.827778 0.653646 0.824074 0.666146 0.828704 0.669271 0.840741 0.666667 0.848148 0.662500 0.850926 0.657813 0.849074 0.654167
0 0.823148 0.632292 0.816667 0.638021 0.819444 0.644271 0.830556 0.648958 0.841667 0.647917 0.850000 0.642708 0.850926 0.638542 0.848148 0.635417 0.837963 0.631250
0 0.834259 0.622917 0.834259 0.629687 0.842593 0.633854 0.853704 0.634375 0.860185 0.632292 0.862963 0.625000 0.862037 0.622917 0.858333 0.621354 0.848148 0.619792
0 0.863889 0.623958 0.859259 0.630729 0.860185 0.637500 0.867593 0.640625 0.875000 0.640625 0.881481 0.638542 0.883333 0.635417 0.882407 0.629687 0.874074 0.625000
0 0.904630 0.627083 0.897222 0.625000 0.889815 0.625000 0.884259 0.630208 0.885185 0.637500 0.893519 0.638021 0.903704 0.635938 0.906481 0.634375 0.906481 0.628646
0 0.873148 0.613542 0.872222 0.615625 0.876852 0.621354 0.885185 0.625521 0.894444 0.624479 0.900926 0.619271 0.898148 0.614062 0.879630 0.611979
0 0.834259 0.606250 0.825000 0.609896 0.825000 0.615104 0.827778 0.619792 0.834259 0.622396 0.837963 0.622396 0.851852 0.618750 0.852778 0.611979 0.844444 0.606771
0 0.882407 0.598958 0.874074 0.604167 0.875000 0.610938 0.880556 0.613021 0.890741 0.614062 0.900000 0.613542 0.903704 0.608333 0.900926 0.603125 0.893519 0.598958
0 0.863889 0.589583 0.860185 0.594271 0.851852 0.598958 0.851852 0.602083 0.853704 0.603646 0.873148 0.604688 0.880556 0.600521 0.879630 0.594792 0.873148 0.589583
0 0.836111 0.585417 0.834259 0.592187 0.839815 0.596875 0.851852 0.598437 0.861111 0.595313 0.862037 0.588021 0.851852 0.584375 0.839815 0.584375
0 0.894444 0.576042 0.886111 0.573438 0.875000 0.575521 0.870370 0.581771 0.871296 0.586979 0.875926 0.589063 0.885185 0.589063 0.897222 0.586979 0.899074 0.585417 0.899074 0.579688
0 0.839815 0.556771 0.829630 0.555208 0.816667 0.557813 0.812963 0.561979 0.812963 0.564583 0.815741 0.567187 0.822222 0.569271 0.833333 0.568750 0.840741 0.564063 0.841667 0.559375
0 0.856481 0.563542 0.845370 0.563021 0.833333 0.567708 0.831481 0.569792 0.832407 0.575000 0.842593 0.578646 0.856481 0.576562 0.860185 0.572917 0.859259 0.566667
0 0.861111 0.565104 0.860185 0.572396 0.862037 0.574479 0.875000 0.575521 0.886111 0.572917 0.887037 0.566667 0.878704 0.561458 0.870370 0.561458
0 0.876852 0.542188 0.873148 0.544792 0.874074 0.550521 0.876852 0.553646 0.883333 0.555729 0.894444 0.555208 0.898148 0.552604 0.897222 0.544271 0.892593 0.541667 0.887963 0.541146
0 0.853704 0.543750 0.850000 0.549479 0.855556 0.555729 0.865741 0.558854 0.875926 0.558854 0.877778 0.557813 0.877778 0.553646 0.874074 0.544792 0.864815 0.541667
0 0.828704 0.540104 0.825000 0.543750 0.825000 0.549479 0.836111 0.556250 0.843519 0.555729 0.850000 0.550000 0.850926 0.543750 0.849074 0.540625 0.844444 0.539062
0 0.682407 0.732292 0.674074 0.731250 0.666667 0.732812 0.656481 0.740104 0.656481 0.744792 0.660185 0.747396 0.663889 0.748437 0.675000 0.746875 0.687037 0.743229 0.687037 0.735938
0 0.627778 0.648438 0.617593 0.654167 0.617593 0.658854 0.624074 0.663021 0.638889 0.663542 0.641667 0.661979 0.640741 0.653125 0.637037 0.650000
0 0.611111 0.655208 0.596296 0.655729 0.591667 0.659375 0.591667 0.665104 0.600000 0.669792 0.609259 0.669271 0.618519 0.664583 0.619444 0.661458 0.615741 0.657292
0 0.565741 0.653125 0.558333 0.656771 0.556481 0.663542 0.562963 0.668750 0.575000 0.669271 0.584259 0.665625 0.586111 0.657813 0.580556 0.654687 0.573148 0.653125
0 0.591667 0.665625 0.585185 0.665625 0.571296 0.670312 0.570370 0.674479 0.573148 0.678125 0.586111 0.680729 0.593519 0.679688 0.596296 0.678125 0.599074 0.674479 0.598148 0.669271
0 0.515741 0.685417 0.509259 0.684375 0.494444 0.685417 0.489815 0.688542 0.490741 0.695833 0.495370 0.698438 0.502778 0.700000 0.511111 0.698438 0.518519 0.692187 0.518519 0.686979
0 0.533333 0.683854 0.526852 0.684375 0.519444 0.687500 0.519444 0.694792 0.525000 0.701042 0.530556 0.702604 0.538889 0.700521 0.545370 0.693750 0.542593 0.686458
0 0.510185 0.666146 0.502778 0.670312 0.501852 0.673958 0.503704 0.676042 0.513889 0.680729 0.525000 0.680208 0.529630 0.673958 0.527778 0.667188 0.522222 0.665625
0 0.533333 0.669271 0.534259 0.673958 0.541667 0.678125 0.548148 0.679688 0.555556 0.679688 0.560185 0.677604 0.562963 0.669792 0.558333 0.666667 0.540741 0.665625
0 0.547222 0.648438 0.537963 0.648438 0.529630 0.653125 0.527778 0.656771 0.527778 0.662500 0.529630 0.663542 0.537037 0.664583 0.549074 0.664583 0.551852 0.663542 0.555556 0.656771 0.552778 0.652083
0 0.524074 0.634375 0.519444 0.638021 0.521296 0.646875 0.529630 0.650000 0.537963 0.649479 0.544444 0.644271 0.542593 0.639062 0.531481 0.633854
0 0.571296 0.633333 0.558333 0.633333 0.548148 0.638542 0.548148 0.645312 0.550926 0.648438 0.558333 0.652083 0.567593 0.649479 0.575000 0.641146 0.575926 0.637500
0 0.571296 0.630729 0.573148 0.634896 0.583333 0.636979 0.594444 0.636979 0.601852 0.634896 0.602778 0.631771 0.600926 0.627083 0.595370 0.624479 0.588889 0.623437 0.579630 0.623958
0 0.583333 0.639062 0.575000 0.641146 0.569444 0.645833 0.569444 0.647917 0.575000 0.654167 0.588889 0.656250 0.597222 0.653125 0.600000 0.645312 0.599074 0.642708 0.593519 0.639583
0 0.622222 0.640104 0.612963 0.639062 0.600926 0.644271 0.599074 0.652604 0.601852 0.654687 0.612037 0.655208 0.625926 0.650521 0.627778 0.645833
0 0.618519 0.626042 0.613889 0.629167 0.613889 0.635417 0.616667 0.639062 0.627778 0.641667 0.634259 0.640625 0.641667 0.634896 0.639815 0.629687 0.633333 0.626563 0.627778 0.625521
0 0.646296 0.609896 0.644444 0.610938 0.644444 0.616146 0.647222 0.620833 0.655556 0.625000 0.663889 0.624479 0.670370 0.619792 0.671296 0.615104 0.668519 0.611979 0.657407 0.609375
0 0.621296 0.615625 0.618519 0.619792 0.625000 0.625521 0.636111 0.627604 0.644444 0.624479 0.646296 0.617708 0.642593 0.614062
0 0.591667 0.608854 0.583333 0.615104 0.586111 0.621875 0.589815 0.623958 0.597222 0.625521 0.607407 0.624479 0.612963 0.619792 0.612963 0.615104 0.609259 0.609896 0.604630 0.608333
0 0.565741 0.611979 0.553704 0.616146 0.551852 0.618750 0.552778 0.623958 0.560185 0.628125 0.572222 0.628125 0.580556 0.622917 0.581481 0.617188 0.576852 0.612500
0 0.533333 0.622396 0.529630 0.628125 0.529630 0.632812 0.533333 0.634896 0.546296 0.636458 0.559259 0.632292 0.558333 0.627083 0.549074 0.621875 0.537037 0.620833
0 0.508333 0.622396 0.500000 0.625000 0.498148 0.632292 0.506481 0.638542 0.517593 0.640104 0.524074 0.634896 0.524074 0.627083 0.520370 0.623958
0 0.501852 0.644792 0.498148 0.646354 0.496296 0.649479 0.495370 0.657292 0.499074 0.661979 0.501852 0.663542 0.505556 0.663542 0.514815 0.660937 0.520370 0.657813 0.522222 0.653646 0.520370 0.650000 0.513889 0.646354 0.508333 0.644792
0 0.499074 0.661979 0.493519 0.659375 0.477778 0.658854 0.470370 0.664062 0.470370 0.669271 0.475926 0.672396 0.489815 0.671354 0.499074 0.667188
0 0.474074 0.672396 0.465741 0.680729 0.464815 0.685417 0.470370 0.689063 0.478704 0.689583 0.487037 0.688542 0.491667 0.686458 0.489815 0.678646 0.483333 0.673438
0 0.293519 0.697396 0.282407 0.701562 0.280556 0.705208 0.283333 0.709375 0.289815 0.713021 0.301852 0.714063 0.308333 0.709896 0.308333 0.704167 0.302778 0.697917
0 0.346296 0.682292 0.345370 0.686979 0.350000 0.691146 0.355556 0.692708 0.365741 0.692708 0.369444 0.691667 0.372222 0.687500 0.370370 0.680729 0.365741 0.679167 0.358333 0.679167
0 0.252778 0.689583 0.246296 0.690625 0.240741 0.693750 0.238889 0.698958 0.240741 0.702083 0.245370 0.704688 0.254630 0.706250 0.265741 0.702083 0.267593 0.696354 0.265741 0.692187 0.262963 0.690625
0 0.225000 0.676562 0.215741 0.676562 0.207407 0.681771 0.205556 0.690625 0.208333 0.692708 0.219444 0.693229 0.226852 0.691146 0.233333 0.687500 0.233333 0.680729
0 0.207407 0.668229 0.197222 0.668229 0.188889 0.671354 0.186111 0.675521 0.186111 0.681250 0.189815 0.684375 0.198148 0.684896 0.203704 0.683854 0.215741 0.677604 0.215741 0.673438 0.212037 0.669792
0 0.234259 0.658854 0.220370 0.658854 0.210185 0.664583 0.210185 0.668750 0.212963 0.671875 0.218519 0.674479 0.229630 0.672917 0.237037 0.666667 0.237963 0.660937
0 0.253704 0.660937 0.246296 0.660417 0.238889 0.663021 0.232407 0.669792 0.233333 0.673958 0.239815 0.676562 0.247222 0.676042 0.258333 0.672917 0.260185 0.665625
0 0.270370 0.675000 0.260185 0.672917 0.251852 0.673958 0.244444 0.677083 0.244444 0.682292 0.250000 0.688542 0.262963 0.689063 0.271296 0.685417 0.273148 0.676562
0 0.276852 0.667708 0.272222 0.672917 0.275000 0.679167 0.286111 0.682813 0.294444 0.682292 0.300926 0.678125 0.300926 0.671875 0.298148 0.668750 0.290741 0.666667
0 0.274074 0.684375 0.269444 0.685937 0.267593 0.688542 0.268519 0.694271 0.271296 0.697396 0.279630 0.699479 0.292593 0.697396 0.297222 0.692187 0.295370 0.686458 0.287037 0.684375
0 0.303704 0.676042 0.296296 0.681250 0.295370 0.686458 0.301852 0.692187 0.307407 0.693750 0.317593 0.693229 0.325000 0.688542 0.325000 0.680729 0.316667 0.675521
0 0.326852 0.664583 0.314815 0.669271 0.314815 0.675000 0.327778 0.682292 0.331481 0.682813 0.337963 0.680729 0.337963 0.669271 0.335185 0.665625
0 0.356481 0.663542 0.350000 0.663021 0.346296 0.664062 0.338889 0.669792 0.337963 0.677604 0.341667 0.680729 0.352778 0.681250 0.362037 0.678125 0.362963 0.669792
0 0.363889 0.653646 0.359259 0.659896 0.359259 0.663542 0.362963 0.668750 0.366667 0.670833 0.381481 0.670833 0.386111 0.666667 0.387037 0.661458 0.374074 0.653125 0.368519 0.652604
0 0.363889 0.672396 0.364815 0.678125 0.375000 0.683854 0.386111 0.684896 0.391667 0.682292 0.393519 0.675000 0.388889 0.671354 0.368519 0.670833
0 0.446296 0.667708 0.442593 0.669792 0.442593 0.675000 0.450000 0.683333 0.454630 0.684896 0.464815 0.683333 0.469444 0.676042 0.467593 0.669792 0.458333 0.667188
0 0.425926 0.677604 0.423148 0.682292 0.427778 0.687500 0.440741 0.690625 0.453704 0.689583 0.452778 0.684896 0.444444 0.676042 0.441667 0.675000 0.432407 0.675000
0 0.403704 0.671354 0.400000 0.673438 0.400926 0.681250 0.404630 0.683333 0.413889 0.684896 0.422222 0.681250 0.425000 0.678125 0.424074 0.674479 0.420370 0.670833
0 0.389815 0.661979 0.388889 0.667708 0.392593 0.670312 0.398148 0.671875 0.411111 0.671875 0.418519 0.670312 0.418519 0.665104 0.414815 0.659896 0.411111 0.657813 0.400926 0.657292
0 0.442593 0.655729 0.432407 0.655208 0.424074 0.659375 0.421296 0.667708 0.425000 0.671875 0.439815 0.671354 0.448148 0.666667 0.449074 0.660937
0 0.450926 0.651563 0.449074 0.653125 0.449074 0.657292 0.454630 0.663542 0.469444 0.664583 0.474074 0.662500 0.476852 0.657813 0.471296 0.651042 0.460185 0.650000
0 0.486111 0.632292 0.473148 0.632812 0.461111 0.638021 0.460185 0.643750 0.464815 0.648438 0.476852 0.650000 0.487963 0.646354 0.490741 0.642188
0 0.417593 0.626563 0.418519 0.631250 0.425000 0.633333 0.433333 0.634375 0.441667 0.633854 0.447222 0.631250 0.447222 0.626563 0.444444 0.623437 0.437963 0.620313 0.425000 0.621354
0 0.403704 0.640625 0.404630 0.647917 0.410185 0.650521 0.421296 0.651042 0.431481 0.647396 0.431481 0.641667 0.429630 0.639583 0.420370 0.635938 0.412963 0.635938
0 0.376852 0.640625 0.374074 0.642188 0.374074 0.645833 0.382407 0.653125 0.394444 0.654167 0.402778 0.650521 0.404630 0.645833 0.400000 0.641146 0.393519 0.640104
0 0.363889 0.642708 0.355556 0.641667 0.344444 0.644271 0.340741 0.647917 0.342593 0.653646 0.350926 0.655729 0.362037 0.654687 0.367593 0.651563 0.368519 0.645833
0 0.312963 0.651563 0.301852 0.654167 0.300000 0.662500 0.306481 0.666667 0.316667 0.668750 0.325000 0.665104 0.327778 0.656771 0.324074 0.653125 0.318519 0.651563
0 0.290741 0.651563 0.283333 0.651563 0.276852 0.653646 0.274074 0.663542 0.279630 0.667708 0.293519 0.666667 0.298148 0.663021 0.297222 0.655208
0 0.262037 0.650521 0.251852 0.654687 0.250000 0.658333 0.260185 0.665625 0.269444 0.665625 0.274074 0.663542 0.275926 0.653646 0.268519 0.650521
0 0.218519 0.652083 0.217593 0.655208 0.220370 0.657813 0.232407 0.658854 0.238889 0.660937 0.250000 0.657813 0.249074 0.650521 0.240741 0.646875 0.231481 0.646354 0.225926 0.647396
0 0.219444 0.633854 0.212037 0.637500 0.210185 0.642708 0.216667 0.648438 0.225926 0.648958 0.233333 0.646354 0.236111 0.642708 0.236111 0.637500 0.231481 0.634375
0 0.237037 0.638021 0.237037 0.644271 0.244444 0.648438 0.254630 0.648958 0.262963 0.646875 0.265741 0.641667 0.264815 0.638542 0.261111 0.635938 0.246296 0.634896
0 0.374074 0.626563 0.377778 0.635417 0.385185 0.639583 0.394444 0.640104 0.402778 0.637500 0.404630 0.634896 0.403704 0.630208 0.400000 0.627083 0.392593 0.625521 0.378704 0.625521
0 0.403704 0.611458 0.399074 0.612500 0.394444 0.615625 0.392593 0.621875 0.395370 0.626042 0.407407 0.628125 0.415741 0.626563 0.419444 0.624479 0.420370 0.618229 0.418519 0.615104 0.412963 0.611979
0 0.386111 0.599479 0.380556 0.604688 0.379630 0.607812 0.381481 0.611458 0.387963 0.614062 0.399074 0.613542 0.404630 0.611458 0.407407 0.608333 0.405556 0.603125 0.400000 0.600000 0.394444 0.598958
0 0.358333 0.593229 0.353704 0.597917 0.354630 0.603125 0.362037 0.606250 0.377778 0.605729 0.383333 0.600521 0.381481 0.594792 0.371296 0.591667 0.364815 0.591667
0 0.367593 0.606250 0.357407 0.609375 0.356481 0.614062 0.362037 0.619271 0.362963 0.622917 0.372222 0.626042 0.375926 0.623958 0.381481 0.616146 0.381481 0.613542 0.378704 0.608854 0.375000 0.606771
0 0.337037 0.614583 0.333333 0.618229 0.337037 0.625000 0.343519 0.628646 0.349074 0.629687 0.358333 0.628646 0.362963 0.623958 0.362963 0.620313 0.357407 0.614062 0.342593 0.613021
0 0.305556 0.612500 0.300000 0.617188 0.300000 0.621354 0.302778 0.625000 0.312037 0.627604 0.323148 0.627083 0.331481 0.620833 0.331481 0.618229 0.327778 0.614062 0.317593 0.610938
0 0.312037 0.637500 0.303704 0.637500 0.296296 0.641146 0.292593 0.650000 0.295370 0.653125 0.302778 0.654167 0.316667 0.651042 0.321296 0.646354 0.320370 0.641667
0 0.288889 0.636979 0.279630 0.636979 0.265741 0.641667 0.263889 0.647396 0.267593 0.650521 0.274074 0.652083 0.282407 0.652083 0.293519 0.648958 0.294444 0.641146
0 0.271296 0.623958 0.268519 0.626042 0.270370 0.632812 0.275000 0.635938 0.288889 0.636458 0.294444 0.631771 0.295370 0.627083 0.292593 0.623958 0.286111 0.621875 0.278704 0.621875
0 0.246296 0.620313 0.239815 0.623958 0.238889 0.627083 0.241667 0.632812 0.248148 0.634896 0.260185 0.633854 0.264815 0.629167 0.262963 0.622917 0.256481 0.620313
0 0.248148 0.608333 0.236111 0.607812 0.225926 0.609375 0.222222 0.616667 0.229630 0.623437 0.239815 0.623958 0.250000 0.619271 0.250926 0.610938
0 0.388889 0.578125 0.383333 0.580208 0.382407 0.588542 0.387037 0.592708 0.394444 0.593229 0.400926 0.591667 0.407407 0.586979 0.400926 0.580729 0.394444 0.578125
0 0.426852 0.593229 0.417593 0.596875 0.415741 0.603646 0.424074 0.608333 0.437037 0.608854 0.442593 0.606771 0.445370 0.599479 0.443519 0.597396 0.435185 0.594271
0 0.455556 0.596354 0.445370 0.597917 0.441667 0.607812 0.446296 0.609896 0.456481 0.609896 0.464815 0.605208 0.465741 0.603125
0 0.464815 0.615104 0.465741 0.623958 0.468519 0.627083 0.477778 0.627604 0.491667 0.623437 0.494444 0.618750 0.492593 0.616667 0.483333 0.613542 0.471296 0.613021
0 0.516667 0.577604 0.506481 0.580729 0.504630 0.582812 0.504630 0.588542 0.512037 0.594271 0.518519 0.595313 0.527778 0.591146 0.529630 0.583854 0.523148 0.578646
0 0.482407 0.591667 0.481481 0.598437 0.488889 0.602604 0.507407 0.601042 0.511111 0.600000 0.513889 0.596875 0.510185 0.591667 0.500000 0.587500 0.490741 0.588021
0 0.466667 0.585417 0.457407 0.588542 0.455556 0.592708 0.459259 0.599479 0.463889 0.602083 0.469444 0.603125 0.479630 0.600521 0.482407 0.591146 0.476852 0.586458
0 0.431481 0.581771 0.428704 0.585417 0.428704 0.589583 0.434259 0.594271 0.439815 0.595833 0.446296 0.595833 0.455556 0.592187 0.458333 0.587500 0.452778 0.583854 0.444444 0.581250
0 0.469444 0.571875 0.461111 0.571354 0.451852 0.572917 0.449074 0.574479 0.444444 0.580208 0.454630 0.586458 0.462963 0.586979 0.471296 0.584375 0.473148 0.575000
0 0.477778 0.575000 0.474074 0.578125 0.474074 0.581771 0.478704 0.585938 0.491667 0.587500 0.501852 0.585417 0.504630 0.579688 0.500926 0.574479 0.487037 0.572917
0 0.445370 0.561458 0.443519 0.563542 0.443519 0.569271 0.448148 0.571875 0.466667 0.571875 0.474074 0.568750 0.473148 0.564583 0.462963 0.559896 0.453704 0.558854
0 0.405556 0.572396 0.404630 0.577083 0.412037 0.581250 0.428704 0.582292 0.437037 0.580208 0.437963 0.576042 0.428704 0.569792 0.421296 0.568229 0.412037 0.568229
0 0.504630 0.601562 0.491667 0.601562 0.480556 0.605729 0.480556 0.611458 0.484259 0.614583 0.488889 0.616146 0.498148 0.616146 0.501852 0.614062 0.507407 0.607812 0.507407 0.603646
0 0.518519 0.605729 0.510185 0.605208 0.505556 0.608333 0.500000 0.614583 0.500000 0.617708 0.502778 0.620833 0.509259 0.621875 0.515741 0.621354 0.525926 0.616146 0.525000 0.608854
0 0.537037 0.601562 0.530556 0.602604 0.525000 0.607292 0.525926 0.612500 0.528704 0.615104 0.536111 0.617188 0.540741 0.617188 0.549074 0.614583 0.551852 0.611458 0.551852 0.606250 0.547222 0.602604
0 0.567593 0.591667 0.560185 0.592708 0.551852 0.597396 0.550000 0.603646 0.556481 0.607292 0.566667 0.607292 0.577778 0.603646 0.578704 0.597396
0 0.585185 0.592708 0.579630 0.597917 0.581481 0.603646 0.591667 0.607812 0.607407 0.607292 0.610185 0.602604 0.606481 0.594792 0.601852 0.592187 0.594444 0.591146
0 0.613889 0.582812 0.612037 0.583854 0.612963 0.593229 0.624074 0.598437 0.630556 0.598958 0.634259 0.597917 0.639815 0.592708 0.637963 0.586979 0.626852 0.582812
0 0.620370 0.565625 0.613889 0.569792 0.612963 0.576562 0.618519 0.580729 0.628704 0.581250 0.637037 0.576562 0.636111 0.571875 0.629630 0.566667
0 0.587963 0.577083 0.578704 0.577083 0.569444 0.581250 0.566667 0.583854 0.566667 0.588542 0.569444 0.590104 0.587037 0.589583 0.592593 0.588021 0.594444 0.582812
0 0.550926 0.578125 0.541667 0.580208 0.537963 0.582292 0.536111 0.589063 0.545370 0.594792 0.555556 0.595313 0.562963 0.591146 0.562963 0.585938 0.559259 0.580208
0 0.593519 0.565625 0.586111 0.568750 0.587037 0.576042 0.594444 0.583333 0.600000 0.584375 0.607407 0.583333 0.612963 0.577604 0.612037 0.571875 0.602778 0.566667
0 0.573148 0.562500 0.564815 0.563021 0.560185 0.567187 0.560185 0.576562 0.565741 0.578646 0.573148 0.578646 0.582407 0.576042 0.585185 0.573438 0.584259 0.566667
0 0.536111 0.564583 0.534259 0.566146 0.533333 0.575000 0.537963 0.579688 0.545370 0.579688 0.560185 0.576562 0.561111 0.571875 0.555556 0.566146 0.546296 0.563542
0 0.547222 0.553646 0.541667 0.550000 0.530556 0.550000 0.524074 0.552083 0.516667 0.559375 0.516667 0.561979 0.522222 0.564063 0.532407 0.564583 0.538889 0.563542 0.548148 0.558333
0 0.495370 0.543229 0.492593 0.547917 0.492593 0.553646 0.494444 0.555729 0.501852 0.559896 0.511111 0.560417 0.515741 0.559375 0.522222 0.554688 0.519444 0.546875 0.507407 0.543229
0 0.450926 0.545312 0.448148 0.548438 0.449074 0.552083 0.454630 0.556250 0.461111 0.558333 0.473148 0.556771 0.475000 0.554688 0.475000 0.548438 0.469444 0.544792 0.461111 0.543750
0 0.437037 0.553125 0.429630 0.554167 0.421296 0.558333 0.416667 0.564583 0.418519 0.568750 0.425000 0.570312 0.435185 0.570312 0.441667 0.567187 0.443519 0.559896 0.440741 0.554688
0 0.376852 0.563021 0.370370 0.567187 0.368519 0.571875 0.370370 0.575521 0.382407 0.579167 0.394444 0.577604 0.399074 0.572917 0.395370 0.567708 0.385185 0.563542
0 0.359259 0.575521 0.353704 0.579167 0.357407 0.585938 0.362963 0.590104 0.371296 0.589583 0.378704 0.585938 0.380556 0.579688 0.373148 0.576042 0.366667 0.575000
0 0.350926 0.579688 0.342593 0.580208 0.332407 0.584896 0.330556 0.586979 0.330556 0.592187 0.339815 0.594792 0.348148 0.594792 0.355556 0.592708 0.357407 0.585417 0.355556 0.582292
0 0.307407 0.589583 0.303704 0.592187 0.309259 0.601562 0.315741 0.603646 0.324074 0.602604 0.328704 0.600000 0.331481 0.595833 0.328704 0.590625 0.324074 0.589063
0 0.265741 0.608854 0.263889 0.616146 0.272222 0.620833 0.287037 0.620313 0.295370 0.615625 0.295370 0.610417 0.288889 0.606771 0.275000 0.606250
0 0.248148 0.595313 0.243519 0.598437 0.244444 0.605729 0.250926 0.608333 0.265741 0.607292 0.268519 0.604688 0.266667 0.597396 0.261111 0.594792 0.251852 0.594271
0 0.264815 0.580208 0.262037 0.584896 0.262963 0.588021 0.267593 0.591667 0.273148 0.594271 0.282407 0.593750 0.288889 0.589063 0.287963 0.582812 0.275000 0.578646
0 0.275926 0.571875 0.276852 0.579167 0.287037 0.582812 0.299074 0.581771 0.303704 0.578125 0.303704 0.572917 0.297222 0.568750 0.285185 0.568750
0 0.326852 0.569792 0.313889 0.568229 0.306481 0.571354 0.304630 0.581250 0.308333 0.583854 0.319444 0.583854 0.331481 0.577083 0.330556 0.572396
0 0.341667 0.560937 0.335185 0.563021 0.330556 0.568750 0.330556 0.572917 0.336111 0.576562 0.346296 0.577083 0.355556 0.573958 0.359259 0.569271 0.359259 0.564583 0.351852 0.561458
0 0.343519 0.549479 0.341667 0.555208 0.346296 0.560937 0.355556 0.563021 0.364815 0.562500 0.370370 0.560937 0.371296 0.555729 0.363889 0.550000 0.354630 0.546875 0.349074 0.546875
0 0.293519 0.548958 0.288889 0.552083 0.288889 0.560417 0.295370 0.565625 0.303704 0.566146 0.311111 0.563021 0.312963 0.556250 0.307407 0.551562 0.300926 0.549479
0 0.259259 0.558854 0.250926 0.564063 0.254630 0.570833 0.263889 0.575000 0.274074 0.573958 0.280556 0.568750 0.278704 0.561458 0.269444 0.558333
0 0.321296 0.536458 0.314815 0.535937 0.309259 0.536979 0.300926 0.540625 0.299074 0.543750 0.299074 0.548958 0.310185 0.552604 0.316667 0.551562 0.322222 0.548438 0.325926 0.544792 0.326852 0.539583
0 0.266667 0.536458 0.258333 0.541146 0.256481 0.544271 0.257407 0.547917 0.263889 0.552604 0.275926 0.553125 0.283333 0.548438 0.283333 0.540625 0.275000 0.536458
0 0.233333 0.540104 0.226852 0.544792 0.228704 0.550521 0.236111 0.553646 0.250926 0.552604 0.254630 0.548438 0.249074 0.540104 0.247222 0.539062 0.237037 0.539062
0 0.215741 0.559375 0.213889 0.565625 0.223148 0.572917 0.233333 0.573438 0.241667 0.569792 0.243519 0.563542 0.239815 0.560937 0.227778 0.558333 0.217593 0.558333
0 0.256481 0.572917 0.244444 0.573958 0.237037 0.576562 0.234259 0.579688 0.234259 0.585938 0.237037 0.588542 0.245370 0.590625 0.252778 0.590625 0.259259 0.588021 0.262037 0.584375 0.262037 0.578646 0.259259 0.573958
0 0.194444 0.548958 0.193519 0.553646 0.196296 0.559375 0.209259 0.559896 0.218519 0.557292 0.220370 0.550521 0.217593 0.547917 0.209259 0.545833 0.201852 0.545833
0 0.189815 0.561458 0.183333 0.566146 0.183333 0.572396 0.191667 0.577083 0.199074 0.577604 0.207407 0.573438 0.209259 0.568229 0.204630 0.562500 0.198148 0.560937
0 0.195370 0.578646 0.187037 0.583333 0.187037 0.590625 0.190741 0.595833 0.200000 0.596875 0.209259 0.594792 0.211111 0.587500 0.207407 0.582292 0.201852 0.579167
0 0.212037 0.582812 0.211111 0.589583 0.213889 0.592708 0.217593 0.594271 0.227778 0.593750 0.233333 0.589063 0.232407 0.584375 0.226852 0.581771 0.220370 0.580729
0 0.214815 0.597396 0.214815 0.602604 0.224074 0.606250 0.237037 0.607292 0.242593 0.605729 0.242593 0.597396 0.234259 0.593229 0.224074 0.593750
0 0.197222 0.603646 0.196296 0.608333 0.204630 0.616667 0.212963 0.617708 0.222222 0.615104 0.225926 0.608333 0.223148 0.605208 0.213889 0.602604
0 0.179630 0.612500 0.176852 0.615625 0.178704 0.619271 0.182407 0.621354 0.193519 0.623958 0.202778 0.622917 0.204630 0.619792 0.203704 0.614583 0.197222 0.610417 0.188889 0.609896
0 0.205556 0.627083 0.197222 0.627604 0.190741 0.630208 0.188889 0.635417 0.188889 0.642708 0.190741 0.643750 0.198148 0.643229 0.212037 0.638021 0.214815 0.634896 0.212963 0.630729
0 0.212037 0.651563 0.204630 0.650521 0.191667 0.653646 0.189815 0.660417 0.190741 0.662500 0.196296 0.665625 0.206481 0.665625 0.212037 0.662500 0.214815 0.658333
0 0.174074 0.663542 0.164815 0.664062 0.155556 0.668750 0.156481 0.674479 0.164815 0.679167 0.175000 0.679167 0.182407 0.675521 0.183333 0.667708 0.181481 0.665625
0 0.192593 0.686458 0.182407 0.686979 0.169444 0.689583 0.164815 0.693229 0.167593 0.697917 0.172222 0.700521 0.180556 0.700521 0.194444 0.691146 0.194444 0.687500
0 0.218519 0.695312 0.214815 0.694271 0.204630 0.694271 0.195370 0.697396 0.193519 0.700000 0.193519 0.708854 0.197222 0.711458 0.205556 0.712500 0.214815 0.709375 0.220370 0.705729 0.223148 0.699479
0 0.249074 0.710417 0.240741 0.716146 0.241667 0.721875 0.250000 0.725521 0.259259 0.727083 0.266667 0.726562 0.268519 0.725000 0.268519 0.719271 0.265741 0.713542 0.259259 0.709896 0.252778 0.709375
0 0.169444 0.593750 0.157407 0.598437 0.155556 0.603646 0.162963 0.607812 0.171296 0.608854 0.179630 0.605729 0.181481 0.597917 0.177778 0.594792
0 0.162963 0.616667 0.153704 0.620313 0.151852 0.624479 0.153704 0.627083 0.161111 0.630729 0.171296 0.631771 0.178704 0.627604 0.181481 0.623437 0.180556 0.619271 0.175926 0.616667
0 0.162963 0.640625 0.157407 0.639062 0.148148 0.639062 0.139815 0.642708 0.137963 0.646875 0.141667 0.654167 0.152778 0.654687 0.162963 0.652083 0.166667 0.647396 0.165741 0.642708
0 0.139815 0.658333 0.134259 0.657813 0.128704 0.658854 0.123148 0.662500 0.121296 0.665625 0.122222 0.669792 0.127778 0.672917 0.140741 0.672917 0.149074 0.668229 0.150000 0.665625 0.147222 0.661979
0 0.157407 0.678646 0.145370 0.681771 0.138889 0.685417 0.137963 0.693229 0.144444 0.696354 0.154630 0.696875 0.162037 0.695833 0.167593 0.691146 0.165741 0.684375
0 0.145370 0.697917 0.139815 0.703125 0.139815 0.706771 0.142593 0.709375 0.151852 0.711979 0.158333 0.711979 0.163889 0.710417 0.166667 0.707292 0.166667 0.703125 0.162963 0.697917 0.160185 0.696875 0.148148 0.696875
0 0.159259 0.714583 0.147222 0.713021 0.137963 0.715104 0.133333 0.719792 0.135185 0.726562 0.140741 0.728125 0.149074 0.728125 0.160185 0.726042 0.164815 0.721875 0.164815 0.719271
0 0.178704 0.708333 0.175000 0.711458 0.174074 0.717187 0.176852 0.722396 0.179630 0.723958 0.191667 0.725000 0.203704 0.720833 0.205556 0.715625 0.194444 0.708854 0.189815 0.707812
0 0.183333 0.729167 0.174074 0.732292 0.172222 0.738542 0.179630 0.743750 0.189815 0.744792 0.202778 0.740104 0.204630 0.735938 0.194444 0.729688
0 0.196296 0.724479 0.195370 0.728646 0.198148 0.731771 0.207407 0.735938 0.212037 0.736458 0.223148 0.734896 0.228704 0.731771 0.229630 0.728125 0.227778 0.726042 0.217593 0.721354 0.202778 0.720833
0 0.257407 0.730208 0.244444 0.729167 0.229630 0.732292 0.224074 0.737500 0.224074 0.740625 0.227778 0.743750 0.237037 0.746354 0.240741 0.746354 0.249074 0.743750 0.257407 0.736458 0.259259 0.732812
0 0.287963 0.726562 0.279630 0.732292 0.280556 0.737500 0.289815 0.741667 0.298148 0.742188 0.304630 0.741146 0.306481 0.740104 0.306481 0.732812 0.303704 0.727604 0.298148 0.725521
0 0.342593 0.728646 0.338889 0.730729 0.336111 0.734896 0.336111 0.744792 0.340741 0.746875 0.351852 0.746875 0.360185 0.744271 0.361111 0.737500 0.350926 0.729167
0 0.322222 0.711979 0.314815 0.710417 0.303704 0.712500 0.298148 0.719792 0.299074 0.725000 0.302778 0.726042 0.313889 0.726042 0.320370 0.724479 0.325926 0.720833 0.325926 0.715625
0 0.469444 0.689583 0.464815 0.692708 0.465741 0.698438 0.475000 0.701562 0.483333 0.702083 0.489815 0.696354 0.489815 0.692708 0.481481 0.689583
0 0.462037 0.699479 0.456481 0.701562 0.454630 0.704167 0.454630 0.709375 0.461111 0.714063 0.471296 0.715104 0.484259 0.710417 0.486111 0.705208 0.483333 0.702604 0.469444 0.698958
0 0.440741 0.698958 0.433333 0.701042 0.430556 0.704167 0.431481 0.708333 0.435185 0.712500 0.440741 0.714063 0.449074 0.714063 0.454630 0.710938 0.455556 0.703125 0.451852 0.700000
0 0.437963 0.689063 0.425926 0.686979 0.417593 0.691146 0.415741 0.693229 0.416667 0.701562 0.419444 0.704167 0.428704 0.703646 0.438889 0.699479 0.440741 0.692187
0 0.414815 0.693750 0.405556 0.693750 0.391667 0.699479 0.390741 0.705729 0.398148 0.709896 0.407407 0.709375 0.415741 0.703125 0.416667 0.695312
0 0.384259 0.684896 0.381481 0.688542 0.382407 0.692708 0.385185 0.695312 0.390741 0.696875 0.400000 0.696875 0.411111 0.691667 0.411111 0.685417 0.406481 0.683854 0.391667 0.682813
0 0.356481 0.693229 0.349074 0.697396 0.347222 0.701042 0.349074 0.703646 0.357407 0.708333 0.363889 0.709896 0.375926 0.708333 0.378704 0.705208 0.375926 0.697396 0.364815 0.692708
0 0.343519 0.692708 0.334259 0.691667 0.321296 0.695312 0.317593 0.698438 0.318519 0.702604 0.328704 0.706250 0.337037 0.705729 0.344444 0.703646 0.347222 0.701562 0.348148 0.695833
0 0.352778 0.705729 0.341667 0.707292 0.334259 0.711458 0.334259 0.717708 0.337963 0.719792 0.349074 0.720833 0.358333 0.718229 0.360185 0.711458 0.357407 0.707812
0 0.369444 0.709375 0.360185 0.715625 0.362037 0.720313 0.366667 0.721875 0.386111 0.723437 0.389815 0.720833 0.389815 0.714583 0.386111 0.709896 0.378704 0.707812
0 0.383333 0.723437 0.375000 0.721875 0.363889 0.721875 0.357407 0.723958 0.351852 0.728125 0.356481 0.734896 0.364815 0.737500 0.377778 0.733854 0.385185 0.725000
0 0.403704 0.719792 0.396296 0.719792 0.390741 0.721354 0.382407 0.728125 0.380556 0.731250 0.382407 0.735938 0.391667 0.739583 0.399074 0.737500 0.403704 0.734375 0.405556 0.729167 0.405556 0.721354
0 0.428704 0.706250 0.413889 0.707292 0.408333 0.710417 0.408333 0.717708 0.419444 0.725000 0.425926 0.722917 0.432407 0.716667 0.432407 0.708333
0 0.455556 0.715104 0.440741 0.715104 0.430556 0.718229 0.428704 0.724479 0.433333 0.728646 0.438889 0.730208 0.448148 0.730729 0.456481 0.727604 0.459259 0.723437 0.459259 0.718750
0 0.617593 0.704167 0.611111 0.709375 0.612037 0.715625 0.621296 0.719792 0.628704 0.719271 0.634259 0.717187 0.637963 0.713542 0.637037 0.708854 0.630556 0.703646
0 0.641667 0.695833 0.632407 0.698958 0.632407 0.705729 0.638889 0.712500 0.646296 0.713021 0.650000 0.712500 0.654630 0.708854 0.655556 0.703125 0.650000 0.697917
0 0.669444 0.698958 0.658333 0.703125 0.655556 0.709375 0.662037 0.713542 0.671296 0.714583 0.676852 0.713542 0.681481 0.710938 0.683333 0.704688 0.676852 0.700000
0 0.649074 0.681771 0.639815 0.685937 0.639815 0.690104 0.644444 0.695833 0.655556 0.700521 0.666667 0.700000 0.671296 0.697396 0.667593 0.686458 0.657407 0.681771
0 0.624074 0.663542 0.617593 0.668750 0.619444 0.673958 0.629630 0.678125 0.645370 0.678125 0.648148 0.676042 0.648148 0.672396 0.640741 0.664062 0.636111 0.663021
0 0.620370 0.673438 0.611111 0.672396 0.600926 0.675000 0.597222 0.677604 0.598148 0.685937 0.605556 0.687500 0.615741 0.687500 0.624074 0.685417 0.626852 0.683854 0.627778 0.679167 0.626852 0.677083
0 0.615741 0.686458 0.611111 0.689583 0.611111 0.694271 0.615741 0.696875 0.621296 0.698438 0.630556 0.698958 0.638889 0.696354 0.639815 0.691667 0.636111 0.687500 0.628704 0.684896
0 0.568519 0.681250 0.569444 0.689583 0.573148 0.693229 0.583333 0.694792 0.593519 0.692187 0.595370 0.684896 0.589815 0.681250 0.581481 0.679688 0.571296 0.679688
0 0.594444 0.692708 0.587037 0.693229 0.578704 0.696875 0.577778 0.703646 0.585185 0.707292 0.594444 0.707292 0.599074 0.704167 0.600926 0.695833
0 0.565741 0.705729 0.560185 0.711458 0.561111 0.717187 0.570370 0.720833 0.580556 0.720833 0.584259 0.719792 0.588889 0.715625 0.587963 0.709896 0.578704 0.705729
0 0.544444 0.693229 0.538889 0.700521 0.540741 0.705208 0.543519 0.706771 0.558333 0.707812 0.568519 0.705208 0.568519 0.700521 0.559259 0.694271 0.552778 0.692708
0 0.522222 0.701562 0.517593 0.703646 0.514815 0.707292 0.515741 0.714583 0.522222 0.718229 0.532407 0.717708 0.541667 0.713542 0.541667 0.707812 0.533333 0.702604
0 0.496296 0.701042 0.487037 0.705208 0.487963 0.714583 0.491667 0.717187 0.501852 0.719792 0.510185 0.719271 0.513889 0.717187 0.513889 0.706771 0.507407 0.702083
0 0.473148 0.719271 0.473148 0.725000 0.479630 0.728646 0.491667 0.729167 0.501852 0.725000 0.502778 0.720313 0.490741 0.715625 0.480556 0.715625
0 0.614815 0.731771 0.600000 0.733333 0.595370 0.735938 0.593519 0.739583 0.598148 0.744271 0.612037 0.747396 0.615741 0.747396 0.625000 0.743750 0.625000 0.735417 0.622222 0.733333
0 0.578704 0.725000 0.571296 0.731771 0.572222 0.736979 0.578704 0.740625 0.590741 0.740625 0.599074 0.732812 0.596296 0.728646 0.588889 0.725000
0 0.604630 0.715625 0.600000 0.716146 0.597222 0.718229 0.596296 0.727604 0.600000 0.730208 0.607407 0.730729 0.618519 0.725000 0.621296 0.720833 0.612963 0.716667
0 0.644444 0.718750 0.635185 0.718750 0.622222 0.723958 0.620370 0.729167 0.625000 0.733854 0.634259 0.736458 0.644444 0.734896 0.648148 0.730208 0.648148 0.722396
0 0.467593 0.526563 0.461111 0.529167 0.461111 0.535937 0.473148 0.541667 0.479630 0.541667 0.488889 0.536458 0.488889 0.530729 0.483333 0.527604
0 0.519444 0.521875 0.507407 0.520833 0.501852 0.521875 0.500000 0.523438 0.499074 0.529687 0.502778 0.536458 0.508333 0.535937 0.512037 0.532292 0.521296 0.529687 0.523148 0.525000
0 0.515741 0.531250 0.510185 0.536979 0.512037 0.544271 0.523148 0.546354 0.531481 0.545833 0.537963 0.541667 0.535185 0.533333 0.526852 0.530208
0 0.538889 0.532292 0.537963 0.538021 0.542593 0.540625 0.554630 0.541667 0.566667 0.540104 0.569444 0.538021 0.567593 0.533333 0.557407 0.529167 0.547222 0.528646
0 0.570370 0.540625 0.564815 0.539062 0.550000 0.542188 0.541667 0.547917 0.543519 0.552083 0.549074 0.554167 0.560185 0.553646 0.571296 0.545312
0 0.571296 0.544792 0.566667 0.546875 0.562037 0.551562 0.562963 0.558333 0.569444 0.561979 0.586111 0.561979 0.587963 0.560937 0.587963 0.555208 0.585185 0.548438 0.579630 0.545312
0 0.598148 0.556250 0.592593 0.560417 0.596296 0.565625 0.605556 0.567708 0.615741 0.567708 0.621296 0.564583 0.622222 0.559375 0.617593 0.555208 0.612037 0.553646 0.606481 0.553646
0 0.643519 0.553125 0.635185 0.554688 0.627778 0.559896 0.626852 0.565104 0.635185 0.569792 0.646296 0.569792 0.650926 0.567187 0.650926 0.558854 0.648148 0.555208
0 0.662963 0.564063 0.654630 0.568750 0.655556 0.578125 0.659259 0.579688 0.667593 0.579688 0.680556 0.572917 0.680556 0.569792 0.677778 0.565625 0.670370 0.564063
0 0.684259 0.572917 0.676852 0.573438 0.666667 0.579688 0.666667 0.586458 0.674074 0.589583 0.684259 0.589063 0.688889 0.584375 0.689815 0.576042
0 0.675926 0.590625 0.667593 0.594792 0.667593 0.600521 0.676852 0.606250 0.686111 0.606771 0.690741 0.604167 0.690741 0.593750 0.685185 0.590625
0 0.696296 0.585417 0.691667 0.590625 0.691667 0.596354 0.693519 0.598437 0.700000 0.600000 0.715741 0.598437 0.720370 0.594792 0.720370 0.590104 0.711111 0.585938
0 0.697222 0.572917 0.690741 0.577083 0.692593 0.584375 0.697222 0.586458 0.712963 0.585938 0.717593 0.580729 0.714815 0.575000 0.706481 0.572396
0 0.695370 0.603646 0.695370 0.608333 0.703704 0.611979 0.711111 0.613542 0.718519 0.613542 0.721296 0.611458 0.722222 0.602604 0.719444 0.601042 0.711111 0.599479
0 0.697222 0.612500 0.693519 0.615104 0.693519 0.619271 0.698148 0.625521 0.709259 0.627604 0.715741 0.626563 0.720370 0.623437 0.716667 0.616667 0.706481 0.613021
0 0.674074 0.619792 0.669444 0.627604 0.674074 0.630729 0.680556 0.632292 0.690741 0.632292 0.696296 0.630208 0.699074 0.626563 0.697222 0.621875 0.692593 0.618229 0.680556 0.618229
0 0.654630 0.626563 0.645370 0.630729 0.645370 0.634896 0.650926 0.639062 0.658333 0.641667 0.663889 0.642188 0.672222 0.638021 0.674074 0.630729 0.667593 0.627083
0 0.643519 0.650000 0.640741 0.653125 0.640741 0.657292 0.646296 0.663021 0.661111 0.664062 0.669444 0.661458 0.671296 0.659375 0.670370 0.654167 0.663889 0.648958 0.650926 0.647917
0 0.665741 0.665104 0.665741 0.671354 0.671296 0.675521 0.685185 0.676042 0.691667 0.672917 0.692593 0.667188 0.689815 0.663542 0.686111 0.662500 0.673148 0.662500
0 0.669444 0.675521 0.664815 0.680208 0.666667 0.686979 0.675926 0.689583 0.684259 0.689583 0.690741 0.688021 0.695370 0.683333 0.693519 0.679167 0.687037 0.676042
0 0.691667 0.688542 0.683333 0.689063 0.678704 0.690625 0.677778 0.700000 0.684259 0.705729 0.693519 0.705729 0.703704 0.702083 0.701852 0.693750
0 0.717593 0.697396 0.708333 0.698958 0.703704 0.702604 0.702778 0.705729 0.706481 0.711979 0.714815 0.716667 0.720370 0.717187 0.729630 0.711979 0.732407 0.704688 0.729630 0.700521 0.725926 0.698438
0 0.732407 0.669792 0.721296 0.669792 0.715741 0.673438 0.714815 0.678125 0.718519 0.686458 0.726852 0.686979 0.738889 0.682292 0.741667 0.678646 0.740741 0.674479
0 0.729630 0.630208 0.725926 0.629167 0.710185 0.630208 0.702778 0.633854 0.700926 0.639583 0.712037 0.644792 0.719444 0.644792 0.725000 0.643229 0.729630 0.639062
0 0.737963 0.624479 0.732407 0.627083 0.731481 0.631771 0.733333 0.635417 0.743519 0.640625 0.750926 0.640104 0.759259 0.635938 0.762037 0.630208 0.755556 0.625521 0.748148 0.623958
0 0.364815 0.110937 0.360185 0.114062 0.361111 0.122917 0.370370 0.127604 0.377778 0.127083 0.383333 0.123438 0.383333 0.114583 0.377778 0.110937
0 0.391667 0.110937 0.383333 0.114583 0.383333 0.123438 0.386111 0.125521 0.393519 0.127083 0.401852 0.123958 0.402778 0.116667 0.399074 0.111458
0 0.407407 0.110937 0.402778 0.114062 0.402778 0.122396 0.412037 0.126562 0.420370 0.126562 0.425926 0.120833 0.425000 0.114062 0.422222 0.111979 0.413889 0.109896
0 0.134259 0.115625 0.129630 0.119271 0.129630 0.122396 0.132407 0.125521 0.141667 0.130208 0.153704 0.129688 0.157407 0.126562 0.151852 0.117708 0.144444 0.115104
0 0.157407 0.113021 0.152778 0.117188 0.155556 0.125521 0.167593 0.127604 0.176852 0.126042 0.179630 0.123438 0.176852 0.116146 0.165741 0.111979
0 0.210185 0.118229 0.203704 0.119271 0.200000 0.121354 0.198148 0.127604 0.200000 0.131250 0.203704 0.133333 0.213889 0.134375 0.223148 0.131250 0.224074 0.125521 0.215741 0.118750
0 0.427778 0.110937 0.425926 0.116146 0.429630 0.120833 0.437963 0.122917 0.448148 0.122396 0.451852 0.120833 0.452778 0.113542 0.447222 0.109375 0.434259 0.108333
0 0.460185 0.113021 0.452778 0.115625 0.450000 0.119271 0.459259 0.128125 0.469444 0.128125 0.476852 0.124479 0.478704 0.118750 0.470370 0.113542
0 0.485185 0.113542 0.481481 0.119271 0.488889 0.124479 0.504630 0.125000 0.507407 0.123438 0.509259 0.118750 0.504630 0.114583 0.492593 0.112500
0 0.516667 0.109375 0.508333 0.115104 0.510185 0.119271 0.520370 0.122396 0.530556 0.122396 0.534259 0.121354 0.537037 0.119271 0.537037 0.112500 0.535185 0.109896 0.531481 0.108333
0 0.572222 0.118750 0.565741 0.115625 0.558333 0.116146 0.545370 0.121354 0.543519 0.127604 0.558333 0.130729 0.569444 0.129167 0.573148 0.125521
0 0.587037 0.115625 0.578704 0.117188 0.575000 0.119792 0.573148 0.129167 0.578704 0.132292 0.589815 0.131771 0.596296 0.127083 0.596296 0.120313
0 0.616667 0.107292 0.612037 0.110417 0.612037 0.116146 0.621296 0.119271 0.628704 0.118229 0.635185 0.111979 0.632407 0.107292
0 0.651852 0.111458 0.637963 0.110417 0.630556 0.114062 0.625000 0.119271 0.625000 0.126562 0.627778 0.128125 0.637963 0.127604 0.650926 0.122396 0.654630 0.119792 0.654630 0.113542
0 0.606481 0.115625 0.597222 0.118750 0.598148 0.126042 0.607407 0.129688 0.615741 0.130729 0.624074 0.127083 0.624074 0.119271 0.612963 0.116146
0 0.607407 0.104688 0.600000 0.103646 0.587963 0.105729 0.583333 0.110417 0.584259 0.115104 0.593519 0.118750 0.609259 0.115625 0.612037 0.112500 0.612037 0.107292
0 0.672222 0.105208 0.659259 0.105729 0.655556 0.107292 0.652778 0.110937 0.655556 0.117708 0.662037 0.120313 0.670370 0.119271 0.675926 0.114583 0.675926 0.106771
0 0.673148 0.116667 0.663889 0.121354 0.662037 0.126042 0.662963 0.129688 0.667593 0.132292 0.684259 0.132292 0.690741 0.127604 0.689815 0.121354 0.681481 0.117188
0 0.659259 0.126042 0.648148 0.125521 0.636111 0.133854 0.637037 0.138021 0.645370 0.139063 0.657407 0.136458 0.662037 0.131250
0 0.619444 0.131250 0.614815 0.132812 0.612037 0.139583 0.629630 0.144792 0.635185 0.141146 0.636111 0.138021 0.634259 0.134375 0.628704 0.131771
0 0.599074 0.127604 0.592593 0.130729 0.591667 0.135937 0.597222 0.142187 0.601852 0.143750 0.611111 0.141146 0.613889 0.130208
0 0.593519 0.137500 0.583333 0.138021 0.579630 0.139583 0.583333 0.152083 0.585185 0.154167 0.589815 0.155208 0.596296 0.154688 0.599074 0.150521 0.600000 0.142187
0 0.576852 0.140104 0.570370 0.140104 0.560185 0.143229 0.559259 0.151042 0.565741 0.156771 0.574074 0.156771 0.582407 0.151562 0.582407 0.145833
0 0.581481 0.133854 0.574074 0.130729 0.565741 0.130729 0.557407 0.133854 0.553704 0.138021 0.553704 0.140625 0.559259 0.142708 0.576852 0.139583 0.580556 0.138021
0 0.545370 0.127604 0.537963 0.129167 0.533333 0.134375 0.534259 0.138542 0.538889 0.143750 0.541667 0.144271 0.551852 0.142708 0.556481 0.135937 0.555556 0.130729
0 0.530556 0.136979 0.523148 0.136979 0.520370 0.138021 0.515741 0.142708 0.514815 0.146875 0.517593 0.152083 0.525000 0.152604 0.538889 0.146875 0.538889 0.142187 0.536111 0.139063
0 0.605556 0.142708 0.600000 0.147917 0.600000 0.151042 0.602778 0.154167 0.607407 0.156771 0.612963 0.157812 0.622222 0.157292 0.626852 0.154688 0.628704 0.151562 0.625926 0.143750 0.616667 0.141146
0 0.649074 0.138021 0.640741 0.143229 0.640741 0.148958 0.644444 0.151562 0.658333 0.152604 0.661111 0.151562 0.663889 0.146875 0.661111 0.140625 0.656481 0.137500
0 0.704630 0.105208 0.690741 0.104688 0.685185 0.107292 0.681481 0.110937 0.683333 0.118229 0.691667 0.120833 0.699074 0.119792 0.704630 0.117188 0.711111 0.111458 0.709259 0.107292
0 0.711111 0.111979 0.705556 0.114583 0.700926 0.119271 0.705556 0.125000 0.718519 0.125521 0.728704 0.120313 0.728704 0.118229 0.720370 0.113542
0 0.723148 0.103646 0.713889 0.107292 0.712037 0.111979 0.718519 0.113542 0.726852 0.118229 0.733333 0.115625 0.732407 0.106771 0.726852 0.103646
0 0.752778 0.104688 0.744444 0.103646 0.736111 0.106250 0.732407 0.110417 0.732407 0.114062 0.735185 0.117708 0.739815 0.118750 0.747222 0.117708 0.754630 0.111979 0.755556 0.108333
0 0.766667 0.102083 0.761111 0.107292 0.762963 0.111979 0.766667 0.113542 0.782407 0.113542 0.789815 0.107813 0.787963 0.102604 0.784259 0.100521 0.772222 0.100521
0 0.800000 0.106250 0.792593 0.106250 0.785185 0.110417 0.783333 0.113542 0.785185 0.119792 0.796296 0.120833 0.803704 0.119271 0.807407 0.117188 0.808333 0.110937
0 0.828704 0.102083 0.823148 0.103646 0.820370 0.106250 0.819444 0.114062 0.823148 0.117188 0.831481 0.118229 0.844444 0.112500 0.846296 0.107292 0.838889 0.103125
0 0.856481 0.118750 0.852778 0.116146 0.845370 0.113542 0.841667 0.113542 0.829630 0.118229 0.827778 0.126042 0.828704 0.127083 0.844444 0.128646 0.856481 0.123958
0 0.828704 0.126042 0.823148 0.129688 0.822222 0.134896 0.829630 0.139063 0.838889 0.139063 0.845370 0.135937 0.847222 0.132292 0.846296 0.128125
0 0.846296 0.139583 0.829630 0.139583 0.824074 0.142708 0.825000 0.148958 0.828704 0.151042 0.837963 0.151042 0.841667 0.149479 0.848148 0.143750
0 0.767593 0.113542 0.762963 0.115625 0.761111 0.118229 0.762037 0.126042 0.768519 0.128646 0.779630 0.128646 0.782407 0.127604 0.779630 0.114583 0.775926 0.113021
0 0.746296 0.116146 0.740741 0.119271 0.740741 0.126042 0.742593 0.128125 0.753704 0.129688 0.759259 0.127604 0.761111 0.122396 0.757407 0.118750
0 0.725000 0.121354 0.719444 0.125521 0.718519 0.134896 0.724074 0.136979 0.729630 0.136979 0.735185 0.134896 0.740741 0.126562 0.734259 0.121875
0 0.741667 0.128646 0.738889 0.129167 0.734259 0.134375 0.735185 0.139063 0.741667 0.143750 0.747222 0.144792 0.757407 0.140625 0.759259 0.134375 0.752778 0.129688
0 0.795370 0.127604 0.787037 0.127604 0.775926 0.132812 0.773148 0.139583 0.776852 0.142708 0.788889 0.143750 0.793519 0.141667 0.796296 0.138021
0 0.792593 0.154167 0.785185 0.156771 0.782407 0.161979 0.783333 0.164062 0.789815 0.168750 0.795370 0.170313 0.802778 0.170313 0.806481 0.166146 0.806481 0.157292 0.801852 0.154167
0 0.834259 0.152604 0.828704 0.157292 0.829630 0.161458 0.840741 0.164062 0.847222 0.164062 0.853704 0.162500 0.855556 0.155208 0.851852 0.151562 0.839815 0.151042
0 0.836111 0.163021 0.825000 0.163021 0.817593 0.166667 0.814815 0.169271 0.814815 0.174479 0.818519 0.177083 0.829630 0.177604 0.837963 0.175000 0.840741 0.171354 0.840741 0.166667
0 0.817593 0.179167 0.814815 0.185938 0.821296 0.190104 0.832407 0.190104 0.841667 0.191667 0.846296 0.190625 0.849074 0.187500 0.849074 0.184375 0.841667 0.179167 0.830556 0.176563 0.822222 0.177083
0 0.846296 0.192708 0.835185 0.189583 0.823148 0.189583 0.815741 0.194792 0.815741 0.199479 0.822222 0.203125 0.836111 0.202083 0.846296 0.197396
0 0.802778 0.203125 0.800926 0.209375 0.808333 0.215104 0.818519 0.215625 0.826852 0.213542 0.828704 0.208854 0.823148 0.203125 0.816667 0.201042 0.808333 0.201042
0 0.789815 0.208854 0.786111 0.209896 0.782407 0.217188 0.787963 0.221875 0.795370 0.222917 0.807407 0.218229 0.807407 0.214062 0.800926 0.209896
0 0.783333 0.194792 0.777778 0.198958 0.778704 0.204167 0.787037 0.207813 0.796296 0.207813 0.801852 0.202604 0.800926 0.196354 0.796296 0.194271
0 0.792593 0.175521 0.785185 0.179688 0.782407 0.186979 0.784259 0.189062 0.789815 0.190104 0.800926 0.189583 0.808333 0.184896 0.808333 0.180729 0.802778 0.176042
0 0.766667 0.204167 0.761111 0.208333 0.766667 0.216667 0.772222 0.218229 0.781481 0.217188 0.786111 0.213542 0.787037 0.208854 0.779630 0.205208
0 0.758333 0.170833 0.751852 0.174479 0.750926 0.178125 0.752778 0.181250 0.762037 0.184896 0.773148 0.184375 0.775926 0.181771 0.774074 0.174479 0.767593 0.170833
0 0.739815 0.161458 0.729630 0.163021 0.725926 0.165625 0.726852 0.172917 0.733333 0.177604 0.737037 0.178125 0.743519 0.177083 0.749074 0.172396 0.749074 0.165104 0.745370 0.162500
0 0.726852 0.137500 0.719444 0.135417 0.711111 0.136979 0.702778 0.142708 0.704630 0.148958 0.712037 0.150000 0.725926 0.147396 0.728704 0.143229
0 0.692593 0.127604 0.685185 0.131771 0.687963 0.139583 0.696296 0.141667 0.702778 0.141667 0.714815 0.134896 0.712963 0.129167 0.703704 0.127083
0 0.700000 0.142708 0.693519 0.140625 0.682407 0.141667 0.677778 0.144271 0.674074 0.150000 0.676852 0.154688 0.691667 0.155729 0.701852 0.150521
0 0.704630 0.150000 0.693519 0.154688 0.693519 0.162500 0.700926 0.166667 0.712037 0.167187 0.716667 0.163021 0.716667 0.156771 0.714815 0.153125
0 0.689815 0.157292 0.682407 0.156771 0.674074 0.159896 0.669444 0.166146 0.669444 0.170313 0.671296 0.171354 0.685185 0.172396 0.691667 0.170313 0.694444 0.166667 0.694444 0.160938
0 0.635185 0.154167 0.635185 0.159375 0.642593 0.164062 0.651852 0.164583 0.659259 0.162500 0.662037 0.156771 0.657407 0.151562 0.641667 0.151042
0 0.488889 0.125000 0.485185 0.129688 0.485185 0.136458 0.489815 0.139583 0.500000 0.140104 0.508333 0.135417 0.507407 0.127604 0.500926 0.125000
0 0.490741 0.145833 0.490741 0.151042 0.496296 0.154688 0.504630 0.155729 0.514815 0.154167 0.516667 0.150000 0.512963 0.143229 0.501852 0.141146
0 0.538889 0.146875 0.531481 0.147917 0.523148 0.153646 0.525000 0.158854 0.529630 0.161458 0.541667 0.160938 0.546296 0.159375 0.547222 0.154167 0.545370 0.150000
0 0.536111 0.160417 0.529630 0.167708 0.529630 0.171875 0.532407 0.175000 0.537963 0.176563 0.552778 0.175521 0.556481 0.170313 0.552778 0.163542 0.545370 0.159896
0 0.537037 0.173958 0.535185 0.175521 0.537037 0.181771 0.540741 0.182292 0.548148 0.186458 0.552778 0.186979 0.555556 0.183854 0.555556 0.180208 0.551852 0.173958
0 0.551852 0.187500 0.547222 0.188542 0.541667 0.192188 0.539815 0.198958 0.545370 0.204167 0.558333 0.204687 0.563889 0.201563 0.563889 0.193229 0.557407 0.189062
0 0.530556 0.180729 0.518519 0.184375 0.517593 0.190625 0.524074 0.197396 0.532407 0.198437 0.538889 0.195312 0.544444 0.190104 0.544444 0.185417 0.538889 0.182292
0 0.500000 0.174479 0.497222 0.176042 0.495370 0.181250 0.497222 0.185417 0.502778 0.188542 0.513889 0.188021 0.520370 0.182812 0.518519 0.177604 0.509259 0.174479
0 0.468519 0.145313 0.463889 0.143750 0.450926 0.145313 0.443519 0.150000 0.443519 0.156250 0.450926 0.158333 0.458333 0.158333 0.469444 0.156250 0.472222 0.154688 0.472222 0.149479
0 0.475926 0.129688 0.468519 0.130208 0.462963 0.134896 0.462963 0.139583 0.468519 0.144792 0.480556 0.144271 0.485185 0.139063 0.483333 0.132812
0 0.434259 0.134896 0.433333 0.138542 0.435185 0.140625 0.444444 0.144792 0.456481 0.144271 0.461111 0.141146 0.461111 0.134375 0.457407 0.131771 0.445370 0.130729
0 0.744444 0.611979 0.741667 0.614062 0.741667 0.619792 0.744444 0.622396 0.751852 0.625000 0.761111 0.625000 0.763889 0.623958 0.768519 0.619792 0.769444 0.614062 0.762037 0.609896 0.751852 0.609896
0 0.441667 0.123958 0.431481 0.123438 0.422222 0.126042 0.419444 0.132292 0.423148 0.135937 0.434259 0.136458 0.446296 0.131250 0.444444 0.125521
0 0.670370 0.171354 0.663889 0.173958 0.660185 0.178125 0.666667 0.181771 0.670370 0.186458 0.681481 0.185938 0.684259 0.183854 0.682407 0.173958 0.678704 0.171875
0 0.662037 0.177604 0.651852 0.178125 0.643519 0.181771 0.643519 0.186458 0.651852 0.191146 0.658333 0.191667 0.664815 0.190104 0.669444 0.185938 0.667593 0.181250
0 0.700926 0.185417 0.700926 0.190104 0.704630 0.195833 0.712037 0.195833 0.725926 0.191667 0.728704 0.189583 0.726852 0.184375 0.719444 0.181771 0.707407 0.181771
0 0.769444 0.184896 0.762037 0.185417 0.757407 0.189062 0.754630 0.196354 0.756481 0.202083 0.762037 0.202604 0.771296 0.200000 0.779630 0.195312 0.779630 0.189062
0 0.810185 0.219271 0.800000 0.220312 0.792593 0.223958 0.793519 0.231250 0.800926 0.234375 0.811111 0.232292 0.814815 0.229687 0.816667 0.222917
0 0.819444 0.222396 0.815741 0.228125 0.818519 0.232813 0.825926 0.235937 0.838889 0.234896 0.843519 0.229687 0.841667 0.225000 0.830556 0.221354
0 0.834259 0.211979 0.829630 0.215625 0.830556 0.220833 0.842593 0.226562 0.855556 0.226042 0.857407 0.225000 0.857407 0.220312 0.852778 0.214583 0.845370 0.210938
0 0.829630 0.236458 0.825000 0.240104 0.825926 0.245833 0.830556 0.248958 0.844444 0.248958 0.849074 0.245312 0.849074 0.239583 0.844444 0.236979 0.838889 0.235937
0 0.829630 0.249479 0.827778 0.252083 0.827778 0.260417 0.832407 0.263021 0.838889 0.263542 0.848148 0.259896 0.848148 0.253125 0.843519 0.249479
0 0.857407 0.246875 0.849074 0.252083 0.848148 0.259896 0.855556 0.263021 0.860185 0.263021 0.868519 0.260417 0.869444 0.255729 0.863889 0.248958
0 0.814815 0.245312 0.806481 0.249479 0.804630 0.256250 0.812037 0.259896 0.825000 0.260937 0.827778 0.258333 0.827778 0.247917 0.823148 0.244792
0 0.800926 0.234896 0.799074 0.241146 0.806481 0.246354 0.811111 0.246875 0.823148 0.244792 0.824074 0.238021 0.818519 0.233333 0.806481 0.232813
0 0.802778 0.241667 0.787963 0.242188 0.782407 0.246875 0.784259 0.255208 0.787963 0.259375 0.795370 0.258854 0.803704 0.253646 0.806481 0.246875
0 0.766667 0.248438 0.761111 0.251042 0.760185 0.258333 0.764815 0.261458 0.775000 0.262500 0.783333 0.257812 0.782407 0.251042 0.775926 0.247917
0 0.750000 0.240625 0.749074 0.245833 0.751852 0.248958 0.756481 0.250521 0.762037 0.250521 0.770370 0.248438 0.775926 0.245312 0.775926 0.240625 0.771296 0.238021 0.757407 0.237500
0 0.764815 0.222396 0.756481 0.228125 0.754630 0.234375 0.758333 0.237500 0.773148 0.238021 0.779630 0.233854 0.779630 0.228125 0.775000 0.223438
0 0.761111 0.208854 0.752778 0.208854 0.746296 0.211979 0.744444 0.217708 0.747222 0.220312 0.756481 0.221354 0.766204 0.223021 0.765741 0.212500
0 0.728704 0.206771 0.723148 0.209375 0.722222 0.217188 0.725926 0.221875 0.734259 0.222396 0.744444 0.218229 0.746296 0.211458 0.738889 0.207292
0 0.696296 0.201042 0.694444 0.206771 0.698148 0.209896 0.710185 0.211979 0.716667 0.211979 0.723148 0.210417 0.723148 0.205208 0.716667 0.199479 0.704630 0.197917
0 0.683333 0.186458 0.680556 0.188542 0.679630 0.192188 0.681481 0.195833 0.689815 0.200000 0.698148 0.200521 0.703704 0.197396 0.701852 0.188542 0.696296 0.185417
0 0.670370 0.199479 0.665741 0.203646 0.669444 0.210938 0.686111 0.210938 0.690741 0.206771 0.688889 0.200521 0.681481 0.198437
0 0.691667 0.216146 0.682407 0.210938 0.669444 0.210417 0.660185 0.216146 0.661111 0.223438 0.662963 0.225000 0.671296 0.225000 0.679630 0.223438 0.688889 0.219792
0 0.643519 0.216667 0.637037 0.220312 0.637963 0.226042 0.644444 0.229167 0.652778 0.229167 0.661111 0.225000 0.660185 0.217188 0.655556 0.216146
0 0.724074 0.603125 0.726852 0.609896 0.737963 0.613021 0.750926 0.610938 0.757407 0.607292 0.757407 0.602604 0.748148 0.598437 0.731481 0.598437
0 0.768519 0.580729 0.759259 0.579688 0.749074 0.583854 0.745370 0.590104 0.748148 0.594792 0.751852 0.595833 0.762037 0.595833 0.767593 0.594792 0.773148 0.591667 0.774074 0.585417
0 0.730556 0.573958 0.722222 0.578125 0.723148 0.583333 0.730556 0.588542 0.741667 0.589583 0.748148 0.584896 0.746296 0.577083 0.740741 0.574479
0 0.725926 0.553646 0.717593 0.553646 0.710185 0.556250 0.706481 0.564583 0.708333 0.569271 0.712037 0.572396 0.719444 0.572917 0.728704 0.569271 0.734259 0.559896 0.732407 0.556250
0 0.737037 0.561458 0.731481 0.567187 0.733333 0.571875 0.743519 0.575521 0.751852 0.577083 0.760185 0.577083 0.762037 0.570833 0.756481 0.563542 0.750000 0.560417
0 0.760185 0.558854 0.757407 0.560417 0.757407 0.565104 0.761111 0.570312 0.766667 0.572917 0.774074 0.572396 0.782407 0.565625 0.783333 0.559896 0.776852 0.557813
0 0.776852 0.569271 0.771296 0.572917 0.769444 0.580729 0.773148 0.584375 0.779630 0.586979 0.792593 0.585938 0.798148 0.580729 0.798148 0.576042 0.795370 0.572917 0.787963 0.569792 0.782407 0.568750
0 0.779630 0.587500 0.776852 0.592187 0.781481 0.599479 0.787037 0.602083 0.800000 0.600521 0.803704 0.596354 0.801852 0.590625 0.793519 0.586458 0.787037 0.585938
0 0.761111 0.602083 0.761111 0.607812 0.772222 0.612500 0.790741 0.613021 0.794444 0.611458 0.791667 0.606250 0.780556 0.598437 0.771296 0.597917
0 0.778704 0.613021 0.769444 0.616667 0.767593 0.623437 0.774074 0.628125 0.785185 0.629167 0.795370 0.622917 0.797222 0.618750 0.789815 0.614062
0 0.765741 0.630729 0.761111 0.633854 0.762963 0.640104 0.768519 0.643229 0.782407 0.646875 0.791667 0.642708 0.793519 0.635938 0.787037 0.631250 0.776852 0.629687
0 0.724074 0.654687 0.722222 0.657292 0.723148 0.662500 0.729630 0.666667 0.740741 0.667188 0.748148 0.665625 0.750000 0.663542 0.749074 0.658333 0.741667 0.653125 0.729630 0.652604
0 0.751852 0.663542 0.744444 0.668750 0.744444 0.676562 0.751852 0.680729 0.763889 0.680729 0.771296 0.677604 0.773148 0.674479 0.772222 0.671875 0.763889 0.665625
0 0.768519 0.682813 0.759259 0.684896 0.756481 0.688542 0.760185 0.700000 0.762963 0.701562 0.775926 0.700521 0.785185 0.695833 0.785185 0.691667 0.782407 0.688021 0.777778 0.684896
0 0.751852 0.688542 0.745370 0.690104 0.738889 0.693750 0.737037 0.699479 0.745370 0.704688 0.754630 0.706250 0.759259 0.705208 0.762963 0.700521 0.759259 0.690625 0.755556 0.688542
0 0.732407 0.710417 0.721296 0.716667 0.723148 0.722917 0.732407 0.728646 0.739815 0.728646 0.744444 0.727604 0.751852 0.720833 0.750926 0.716146 0.744444 0.711458
0 0.731481 0.729688 0.727778 0.735417 0.731481 0.743229 0.739815 0.745833 0.753704 0.745313 0.755556 0.741667 0.753704 0.731250 0.746296 0.728125 0.738889 0.728125
0 0.788889 0.711979 0.780556 0.718750 0.778704 0.727604 0.786111 0.731250 0.797222 0.731250 0.805556 0.728125 0.806481 0.721354 0.795370 0.711979
0 0.792593 0.673438 0.787963 0.676562 0.787963 0.681771 0.791667 0.685937 0.799074 0.688542 0.813889 0.687500 0.817593 0.683333 0.817593 0.680729 0.813889 0.676562 0.803704 0.672396
0 0.803704 0.652083 0.798148 0.657292 0.801852 0.664583 0.808333 0.667708 0.821296 0.666667 0.825926 0.661979 0.825926 0.653646 0.816667 0.651042
0 0.796296 0.636458 0.791667 0.642188 0.792593 0.646875 0.795370 0.648958 0.801852 0.651042 0.814815 0.650000 0.819444 0.646875 0.816667 0.639062 0.810185 0.636458
0 0.798148 0.620833 0.787963 0.626563 0.787037 0.631250 0.794444 0.635938 0.804630 0.635938 0.811111 0.631250 0.812037 0.625521 0.803704 0.620833
0 0.812037 0.610417 0.803704 0.613542 0.801852 0.619792 0.814815 0.626563 0.824074 0.626563 0.827778 0.624479 0.825000 0.613542 0.816667 0.609896
0 0.811111 0.592187 0.803704 0.594271 0.802778 0.601042 0.808333 0.608333 0.816667 0.609896 0.822222 0.608854 0.825926 0.605729 0.826852 0.597396 0.823148 0.592708
0 0.815741 0.575521 0.805556 0.581250 0.804630 0.588542 0.812037 0.592187 0.823148 0.592708 0.831481 0.589583 0.834259 0.583333 0.831481 0.579167 0.824074 0.575521
0 0.812037 0.533854 0.802778 0.537500 0.800926 0.543750 0.802778 0.546875 0.807407 0.549479 0.818519 0.549479 0.824074 0.546354 0.825926 0.539583 0.821296 0.534375
0 0.775926 0.544792 0.774074 0.550000 0.782407 0.556250 0.788889 0.557292 0.795370 0.556250 0.801852 0.553125 0.804630 0.548438 0.800000 0.544271 0.790741 0.542708 0.780556 0.542708
0 0.753704 0.534896 0.750926 0.536979 0.755556 0.544792 0.759259 0.546354 0.765741 0.547396 0.775000 0.546875 0.783333 0.541146 0.783333 0.536458 0.778704 0.533333 0.764815 0.532292
0 0.723148 0.545833 0.723148 0.552604 0.731481 0.555729 0.740741 0.554688 0.750000 0.552083 0.752778 0.550000 0.752778 0.546354 0.748148 0.544271 0.731481 0.543229 0.725000 0.544271
0 0.682407 0.542188 0.678704 0.544792 0.677778 0.548958 0.679630 0.552083 0.689815 0.557292 0.701852 0.557292 0.705556 0.553646 0.701852 0.544271 0.691667 0.541146
0 0.725000 0.526563 0.717593 0.530729 0.717593 0.536458 0.719444 0.541146 0.724074 0.543229 0.733333 0.542188 0.737963 0.539583 0.740741 0.532813 0.735185 0.527604
0 0.697222 0.531771 0.693519 0.534896 0.694444 0.540625 0.704630 0.545833 0.712037 0.546875 0.718519 0.541667 0.716667 0.531771 0.707407 0.530208
0 0.651852 0.529167 0.648148 0.532292 0.648148 0.535937 0.650926 0.539583 0.658333 0.542708 0.667593 0.542188 0.675000 0.536979 0.674074 0.532813 0.664815 0.529167
0 0.585185 0.514062 0.580556 0.516146 0.577778 0.521875 0.586111 0.528125 0.594444 0.530208 0.601852 0.523438 0.600926 0.516146 0.597222 0.514062
0 0.520370 0.514583 0.520370 0.521875 0.525926 0.524479 0.545370 0.525000 0.552778 0.522396 0.552778 0.517708 0.539815 0.513021 0.527778 0.511979
0 0.476852 0.515104 0.468519 0.520833 0.468519 0.525521 0.485185 0.527604 0.491667 0.526563 0.499074 0.522917 0.500000 0.519792 0.496296 0.514583 0.481481 0.514062
0 0.435185 0.529687 0.433333 0.534375 0.439815 0.542708 0.444444 0.544271 0.453704 0.543229 0.459259 0.538542 0.457407 0.532292 0.449074 0.529167
0 0.384259 0.548958 0.378704 0.552083 0.375926 0.555729 0.377778 0.560417 0.387037 0.563542 0.400000 0.562500 0.403704 0.560417 0.404630 0.557813 0.401852 0.551562 0.393519 0.548438
0 0.381481 0.534896 0.375926 0.534896 0.364815 0.538542 0.360185 0.543750 0.360185 0.548958 0.369444 0.551562 0.378704 0.551562 0.386111 0.548438 0.387963 0.540104
0 0.341667 0.520833 0.340741 0.525521 0.344444 0.529687 0.356481 0.532813 0.364815 0.530729 0.366667 0.528125 0.364815 0.522396 0.358333 0.519792
0 0.326852 0.526042 0.324074 0.528125 0.323148 0.531771 0.325926 0.538542 0.335185 0.542188 0.343519 0.541146 0.348148 0.538542 0.350000 0.535417 0.348148 0.529687 0.338889 0.526563
0 0.298148 0.522917 0.295370 0.525000 0.295370 0.529687 0.301852 0.534375 0.307407 0.535937 0.314815 0.535937 0.321296 0.533854 0.323148 0.528646 0.320370 0.524479 0.310185 0.521354
0 0.273148 0.519792 0.264815 0.523438 0.264815 0.529687 0.272222 0.535417 0.282407 0.538021 0.288889 0.529687 0.287963 0.524479 0.283333 0.520312
0 0.244444 0.519792 0.237963 0.521875 0.235185 0.529687 0.238889 0.534375 0.246296 0.539062 0.253704 0.539062 0.261111 0.529167 0.261111 0.524479 0.254630 0.519792
0 0.209259 0.525000 0.208333 0.531771 0.212963 0.536979 0.218519 0.538542 0.227778 0.538021 0.234259 0.533854 0.233333 0.528646 0.225000 0.525000
0 0.201852 0.531771 0.191667 0.531771 0.180556 0.536979 0.179630 0.542708 0.182407 0.544792 0.189815 0.546875 0.198148 0.546875 0.206481 0.542708 0.208333 0.536458
0 0.159259 0.534896 0.154630 0.538542 0.154630 0.545312 0.162037 0.548438 0.175926 0.547917 0.180556 0.545312 0.178704 0.538021 0.168519 0.534375
0 0.151852 0.556250 0.152778 0.560937 0.161111 0.564583 0.169444 0.564583 0.175926 0.563021 0.180556 0.558854 0.180556 0.555208 0.171296 0.551562 0.162963 0.551562
0 0.156481 0.571354 0.150926 0.574479 0.148148 0.578646 0.150926 0.584375 0.161111 0.586979 0.175926 0.586979 0.178704 0.585417 0.178704 0.581771 0.174074 0.575000 0.169444 0.571875 0.164815 0.570833
0 0.123148 0.588021 0.122222 0.592187 0.124074 0.594792 0.134259 0.598437 0.142593 0.598958 0.151852 0.597396 0.156481 0.592708 0.153704 0.587500 0.149074 0.585417 0.135185 0.584375 0.126852 0.585938
0 0.129630 0.566667 0.125926 0.568750 0.125000 0.572917 0.133333 0.576562 0.145370 0.577604 0.152778 0.574479 0.154630 0.571354 0.149074 0.565104 0.139815 0.564583
0 0.133333 0.550000 0.127778 0.556250 0.128704 0.560937 0.136111 0.564583 0.145370 0.564583 0.150926 0.560937 0.150926 0.555208 0.145370 0.550521
0 0.128704 0.533854 0.123148 0.539062 0.125000 0.546354 0.133333 0.549479 0.143519 0.549479 0.147222 0.548438 0.150926 0.545833 0.148148 0.537500 0.136111 0.532813
0 0.137037 0.521875 0.132407 0.524479 0.132407 0.527083 0.135185 0.531771 0.138889 0.533854 0.146296 0.535937 0.152778 0.535937 0.162963 0.532292 0.163889 0.527083 0.158333 0.521875 0.151852 0.520312 0.142593 0.520312
0 0.746296 0.518229 0.742593 0.520833 0.743519 0.530729 0.750000 0.531771 0.762037 0.531250 0.771296 0.527604 0.773148 0.520312 0.770370 0.518229 0.760185 0.516667 0.751852 0.516667
0 0.788889 0.512500 0.779630 0.513021 0.774074 0.517188 0.774074 0.526042 0.780556 0.528646 0.788889 0.525521 0.795370 0.525000 0.799074 0.517188
0 0.816667 0.515625 0.805556 0.514062 0.798148 0.516667 0.792593 0.525000 0.794444 0.528646 0.805556 0.529167 0.817593 0.526042 0.820370 0.522917 0.820370 0.518750
0 0.842593 0.519271 0.831481 0.525000 0.830556 0.529687 0.838889 0.534375 0.852778 0.534896 0.857407 0.532292 0.858333 0.528646 0.856481 0.525000 0.850926 0.520833
0 0.888889 0.510938 0.875000 0.511458 0.865741 0.515104 0.862037 0.521875 0.866667 0.525521 0.871296 0.527083 0.878704 0.527083 0.887963 0.523438 0.891667 0.518750 0.891667 0.512500
0 0.862037 0.497917 0.857407 0.498437 0.851852 0.501042 0.849074 0.507812 0.854630 0.511458 0.864815 0.512500 0.874074 0.509896 0.875926 0.507812 0.875926 0.501563 0.872222 0.499479
0 0.871296 0.453125 0.860185 0.457292 0.859259 0.463542 0.870370 0.470313 0.878704 0.470313 0.887037 0.465104 0.887963 0.457813 0.885185 0.454688
0 0.378704 0.509375 0.371296 0.508333 0.361111 0.509896 0.356481 0.513021 0.357407 0.518229 0.367593 0.522396 0.377778 0.521875 0.382407 0.517708 0.382407 0.511979
0 0.444444 0.509896 0.441667 0.513021 0.442593 0.517708 0.453704 0.520833 0.467593 0.519792 0.473148 0.515104 0.470370 0.509375 0.463889 0.506771 0.452778 0.506771
0 0.424074 0.501042 0.416667 0.504687 0.414815 0.510417 0.426852 0.518229 0.434259 0.519271 0.441667 0.513542 0.443519 0.508854 0.437037 0.502604 0.430556 0.501042
0 0.413889 0.493229 0.405556 0.493750 0.400000 0.496875 0.400926 0.505729 0.405556 0.507812 0.413889 0.507812 0.423148 0.500521 0.422222 0.496875
0 0.386111 0.492708 0.375000 0.497917 0.375926 0.503646 0.381481 0.507292 0.392593 0.508333 0.400000 0.504167 0.400000 0.497917 0.397222 0.493750
0 0.359259 0.484375 0.357407 0.485417 0.357407 0.491146 0.364815 0.496875 0.375000 0.497917 0.383333 0.494271 0.384259 0.488542 0.382407 0.485938 0.374074 0.483333
0 0.371296 0.498958 0.364815 0.497396 0.355556 0.497396 0.348148 0.498958 0.344444 0.501563 0.346296 0.508854 0.358333 0.510938 0.368519 0.508333 0.374074 0.502604
0 0.328704 0.497396 0.324074 0.500521 0.322222 0.506250 0.329630 0.511458 0.340741 0.511458 0.345370 0.508854 0.345370 0.501042 0.337963 0.496875
0 0.300000 0.497917 0.300000 0.502083 0.303704 0.506771 0.315741 0.507812 0.321296 0.505729 0.323148 0.503646 0.322222 0.497396 0.308333 0.495833
0 0.293519 0.501042 0.279630 0.501042 0.274074 0.505729 0.271296 0.510938 0.271296 0.514062 0.274074 0.515625 0.287963 0.514062 0.297222 0.509896 0.299074 0.505208
0 0.270370 0.502083 0.264815 0.500521 0.257407 0.500521 0.246296 0.505208 0.248148 0.511979 0.252778 0.514062 0.262037 0.514062 0.268519 0.512500 0.272222 0.510417 0.274074 0.506250
0 0.279630 0.485938 0.275000 0.483333 0.262037 0.484375 0.253704 0.490104 0.251852 0.496875 0.253704 0.497917 0.262963 0.498437 0.276852 0.495833 0.282407 0.491667
0 0.293519 0.481771 0.287037 0.485417 0.286111 0.491667 0.292593 0.495833 0.302778 0.496875 0.310185 0.494271 0.311111 0.489583 0.303704 0.482812
0 0.313889 0.485938 0.313889 0.491146 0.323148 0.494792 0.329630 0.495833 0.337037 0.495312 0.342593 0.491667 0.341667 0.485938 0.335185 0.482292 0.328704 0.481771 0.322222 0.482812
0 0.315741 0.470313 0.315741 0.476562 0.319444 0.479687 0.325000 0.481250 0.337037 0.481250 0.344444 0.475521 0.342593 0.470833 0.337963 0.469792 0.318519 0.469271
0 0.288889 0.465104 0.284259 0.469271 0.284259 0.476042 0.290741 0.480729 0.300926 0.481250 0.310185 0.476562 0.311111 0.469792 0.304630 0.466146 0.295370 0.464583
0 0.259259 0.463542 0.250926 0.466667 0.250926 0.473438 0.257407 0.477083 0.267593 0.477604 0.273148 0.475000 0.274074 0.467187 0.267593 0.463021
0 0.237037 0.466667 0.225926 0.470833 0.223148 0.475521 0.226852 0.478646 0.232407 0.480208 0.245370 0.480729 0.250926 0.478646 0.251852 0.473958 0.250000 0.469271 0.247222 0.467187
0 0.176852 0.468229 0.172222 0.470313 0.169444 0.475000 0.177778 0.479167 0.190741 0.479167 0.194444 0.474479 0.193519 0.468229 0.186111 0.466667
0 0.195370 0.472396 0.191667 0.476562 0.194444 0.482292 0.202778 0.485417 0.213889 0.485417 0.217593 0.482812 0.216667 0.476042 0.206481 0.472396
0 0.208333 0.489063 0.211111 0.497396 0.217593 0.501042 0.229630 0.501042 0.240741 0.495833 0.240741 0.493750 0.237963 0.492188 0.220370 0.486979 0.210185 0.486979
0 0.217593 0.503646 0.213889 0.502604 0.203704 0.502604 0.196296 0.505208 0.193519 0.508333 0.193519 0.511979 0.198148 0.517188 0.211111 0.516146 0.219444 0.511979 0.220370 0.506771
0 0.172222 0.504687 0.160185 0.511458 0.160185 0.515104 0.171296 0.521354 0.179630 0.521875 0.187963 0.517708 0.187963 0.509896 0.183333 0.505208
0 0.166667 0.498437 0.157407 0.496875 0.150000 0.498437 0.139815 0.505729 0.143519 0.510938 0.150000 0.512500 0.162963 0.508854 0.168519 0.505729 0.170370 0.502604
0 0.125000 0.504687 0.122222 0.510938 0.125926 0.517708 0.134259 0.520312 0.144444 0.519271 0.149074 0.515625 0.149074 0.511979 0.141667 0.505208 0.132407 0.503646
0 0.135185 0.488542 0.130556 0.489583 0.125000 0.493750 0.125000 0.500521 0.128704 0.503646 0.142593 0.504167 0.150926 0.498437 0.150926 0.493750 0.145370 0.490104
0 0.153704 0.480208 0.150000 0.480729 0.146296 0.484375 0.145370 0.490625 0.152778 0.496354 0.157407 0.496875 0.162963 0.495312 0.170370 0.490625 0.170370 0.485417 0.164815 0.482292
0 0.126852 0.466667 0.125926 0.471354 0.127778 0.473438 0.135185 0.477083 0.140741 0.478125 0.149074 0.477604 0.152778 0.476042 0.158333 0.467187 0.150000 0.464062 0.135185 0.464062
0 0.135185 0.449479 0.132407 0.455208 0.139815 0.461458 0.149074 0.461979 0.156481 0.459375 0.156481 0.454167 0.143519 0.448437
0 0.280556 0.419792 0.271296 0.427604 0.271296 0.433333 0.276852 0.436458 0.285185 0.436979 0.290741 0.435937 0.295370 0.433333 0.298148 0.427083 0.295370 0.422917 0.290741 0.420312
0 0.256481 0.414583 0.250000 0.419271 0.250000 0.423438 0.256481 0.429688 0.266667 0.430208 0.275926 0.425000 0.277778 0.419792 0.267593 0.414583
0 0.265741 0.433854 0.260185 0.434896 0.254630 0.438021 0.249074 0.443750 0.256481 0.448437 0.269444 0.449479 0.278704 0.444271 0.278704 0.438542 0.271296 0.434375
0 0.246296 0.450000 0.242593 0.453125 0.242593 0.459375 0.250000 0.464583 0.254630 0.465104 0.262963 0.461458 0.263889 0.451562 0.255556 0.449479
0 0.284259 0.450521 0.273148 0.450000 0.266667 0.452083 0.264815 0.457813 0.268519 0.463021 0.275000 0.464583 0.283333 0.463021 0.288889 0.460417 0.290741 0.454167
0 0.288889 0.444792 0.285185 0.451562 0.289815 0.454688 0.302778 0.455729 0.308333 0.453646 0.309259 0.450000 0.302778 0.444271 0.293519 0.443750
0 0.309259 0.454167 0.307407 0.461458 0.312037 0.467708 0.315741 0.469271 0.328704 0.468750 0.334259 0.463021 0.332407 0.459375 0.321296 0.454167
0 0.331481 0.445833 0.322222 0.449479 0.321296 0.454167 0.329630 0.459375 0.337963 0.460417 0.345370 0.457813 0.346296 0.450521 0.340741 0.445833
0 0.379630 0.448958 0.369444 0.448958 0.356481 0.453125 0.354630 0.458854 0.364815 0.464062 0.374074 0.463542 0.379630 0.460938 0.382407 0.455729 0.382407 0.450521
0 0.342593 0.459375 0.338889 0.461458 0.341667 0.469792 0.350926 0.472917 0.359259 0.469792 0.361111 0.462500 0.351852 0.459375
0 0.371296 0.470313 0.362963 0.469271 0.348148 0.474479 0.350000 0.480729 0.357407 0.483333 0.370370 0.482292 0.375926 0.478646 0.376852 0.476042 0.375926 0.472917
0 0.416667 0.467708 0.406481 0.468229 0.397222 0.472396 0.397222 0.479167 0.405556 0.485417 0.412963 0.484375 0.419444 0.480729 0.421296 0.470313
0 0.419444 0.480729 0.410185 0.485938 0.410185 0.492708 0.418519 0.495833 0.427778 0.495833 0.434259 0.492708 0.433333 0.484896 0.429630 0.481771
0 0.441667 0.493750 0.438889 0.495833 0.438889 0.498958 0.445370 0.504167 0.451852 0.505729 0.462037 0.504687 0.467593 0.502083 0.470370 0.498958 0.467593 0.493750 0.462037 0.492188 0.451852 0.492188
0 0.480556 0.497396 0.475000 0.498437 0.470370 0.501042 0.468519 0.507292 0.475000 0.513542 0.485185 0.514062 0.493519 0.511979 0.495370 0.503646 0.494444 0.501563 0.488889 0.498437
0 0.501852 0.499479 0.496296 0.502083 0.494444 0.504687 0.494444 0.513542 0.498148 0.515625 0.504630 0.516146 0.513889 0.514062 0.514815 0.506771 0.511111 0.501042 0.506481 0.499479
0 0.512963 0.491146 0.509259 0.493750 0.508333 0.498437 0.515741 0.505208 0.522222 0.506250 0.531481 0.505729 0.539815 0.502083 0.539815 0.496875 0.533333 0.491667 0.526852 0.490104 0.516667 0.490104
0 0.533333 0.483854 0.532407 0.490625 0.538889 0.494271 0.552778 0.494271 0.561111 0.492188 0.563889 0.490104 0.562963 0.486458 0.556481 0.483854 0.550000 0.482812 0.536111 0.482812
0 0.560185 0.493229 0.548148 0.494792 0.541667 0.499479 0.540741 0.502083 0.543519 0.506250 0.551852 0.509375 0.562963 0.508333 0.568519 0.503125 0.568519 0.497396
0 0.572222 0.502604 0.565741 0.505208 0.563889 0.510417 0.569444 0.515104 0.580556 0.516146 0.589815 0.511458 0.589815 0.505729 0.582407 0.503125
0 0.621296 0.502083 0.614815 0.497917 0.606481 0.498437 0.593519 0.505208 0.593519 0.509896 0.598148 0.511979 0.609259 0.511979 0.620370 0.507812
0 0.627778 0.508854 0.620370 0.512500 0.621296 0.519271 0.635185 0.528125 0.642593 0.527604 0.647222 0.522396 0.646296 0.514062 0.641667 0.510417 0.636111 0.508854
0 0.675000 0.500000 0.664815 0.503646 0.662963 0.505208 0.662963 0.509896 0.668519 0.514062 0.677778 0.515104 0.683333 0.514062 0.685185 0.512500 0.687963 0.505729 0.684259 0.501563
0 0.630556 0.497917 0.627778 0.501563 0.627778 0.505729 0.630556 0.508333 0.646296 0.509896 0.656481 0.508854 0.660185 0.507292 0.660185 0.504167 0.653704 0.498958 0.642593 0.495833
0 0.771296 0.504167 0.755556 0.506250 0.751852 0.509375 0.750926 0.514583 0.765741 0.517708 0.775000 0.516146 0.778704 0.514062 0.778704 0.509375 0.775000 0.505208
0 0.747222 0.500000 0.734259 0.502083 0.728704 0.505729 0.730556 0.511458 0.738889 0.515104 0.749074 0.515104 0.755556 0.506771 0.754630 0.502083
0 0.711111 0.506250 0.705556 0.509375 0.705556 0.514062 0.712037 0.518229 0.721296 0.518750 0.725926 0.517708 0.729630 0.510417 0.727778 0.507812 0.720370 0.505729
0 0.697222 0.497396 0.693519 0.497917 0.687963 0.501563 0.688889 0.506771 0.692593 0.510938 0.697222 0.512500 0.705556 0.511979 0.713889 0.506771 0.713889 0.502604 0.712037 0.499479
0 0.678704 0.486979 0.671296 0.490625 0.670370 0.494271 0.675926 0.500000 0.686111 0.501042 0.693519 0.498437 0.693519 0.492188 0.689815 0.488021
0 0.650000 0.484896 0.641667 0.489583 0.643519 0.495312 0.647222 0.497396 0.654630 0.498958 0.664815 0.497396 0.669444 0.492708 0.668519 0.487500 0.657407 0.484375
0 0.653704 0.477083 0.652778 0.479167 0.655556 0.482292 0.662037 0.484896 0.669444 0.485938 0.676852 0.484375 0.680556 0.479687 0.678704 0.476562 0.670370 0.473438 0.660185 0.473958
0 0.692593 0.472917 0.686111 0.474479 0.679630 0.480729 0.680556 0.485417 0.690741 0.488021 0.700000 0.486458 0.704630 0.482812 0.704630 0.479167 0.699074 0.473958
0 0.719444 0.483854 0.709259 0.488021 0.708333 0.492708 0.712963 0.497396 0.724074 0.498437 0.733333 0.495312 0.735185 0.488021 0.726852 0.483854
0 0.700926 0.470833 0.698148 0.475000 0.703704 0.479687 0.719444 0.482812 0.724074 0.479687 0.724074 0.473438 0.712963 0.468229
0 0.736111 0.469271 0.732407 0.469792 0.726852 0.472917 0.725926 0.479167 0.734259 0.486979 0.741667 0.487500 0.745370 0.486458 0.750000 0.482292 0.750000 0.475000 0.745370 0.470313
0 0.760185 0.468750 0.752778 0.471354 0.750000 0.480208 0.751852 0.482812 0.762037 0.484896 0.772222 0.482292 0.774074 0.477604 0.771296 0.471354 0.768519 0.469792
0 0.783333 0.486979 0.775000 0.483854 0.767593 0.484375 0.757407 0.489583 0.757407 0.494271 0.767593 0.496875 0.780556 0.495833 0.784259 0.494271
0 0.794444 0.482292 0.789815 0.483333 0.786111 0.485938 0.785185 0.494271 0.791667 0.500000 0.797222 0.500521 0.811111 0.494792 0.812037 0.486458 0.804630 0.482812
0 0.808333 0.495833 0.796296 0.501042 0.796296 0.506250 0.799074 0.509375 0.804630 0.511979 0.817593 0.511979 0.821296 0.510417 0.825000 0.506250 0.824074 0.502083 0.817593 0.496875
0 0.828704 0.504167 0.820370 0.510417 0.820370 0.514583 0.825926 0.518750 0.837963 0.519792 0.845370 0.516146 0.846296 0.508333 0.837963 0.504167
0 0.814815 0.473958 0.812037 0.478125 0.812037 0.482812 0.822222 0.489583 0.830556 0.490104 0.835185 0.488542 0.841667 0.483333 0.841667 0.478646 0.837037 0.476042 0.828704 0.473958
0 0.813889 0.474479 0.807407 0.469271 0.800000 0.468229 0.789815 0.469792 0.782407 0.475000 0.783333 0.478646 0.786111 0.480208 0.792593 0.481771 0.805556 0.481771 0.812037 0.479687
0 0.757407 0.452604 0.745370 0.454167 0.739815 0.458333 0.738889 0.464062 0.741667 0.467708 0.745370 0.469271 0.754630 0.469792 0.761111 0.468750 0.765741 0.465104 0.765741 0.457292
0 0.718519 0.454688 0.712037 0.457813 0.710185 0.461979 0.711111 0.466146 0.717593 0.469271 0.730556 0.469792 0.734259 0.468229 0.737037 0.464062 0.736111 0.459375 0.727778 0.454167
0 0.703704 0.452083 0.691667 0.451562 0.687037 0.453646 0.683333 0.457813 0.682407 0.462500 0.685185 0.467187 0.692593 0.468750 0.709259 0.464583 0.711111 0.457813
0 0.646296 0.462500 0.645370 0.466667 0.648148 0.470833 0.654630 0.473438 0.667593 0.472917 0.679630 0.467187 0.677778 0.463021 0.665741 0.459375 0.654630 0.459375
0 0.600926 0.481771 0.602778 0.484896 0.611111 0.487500 0.626852 0.488021 0.629630 0.486458 0.628704 0.479167 0.622222 0.476562 0.611111 0.476562 0.605556 0.478125
0 0.578704 0.489063 0.571296 0.493229 0.571296 0.498958 0.575000 0.501563 0.588889 0.503125 0.597222 0.501042 0.603704 0.496875 0.604630 0.492708 0.601852 0.491146 0.589815 0.488542
0 0.562963 0.478646 0.562037 0.484375 0.563889 0.486979 0.569444 0.489063 0.587037 0.488542 0.590741 0.486979 0.593519 0.483333 0.591667 0.478646 0.582407 0.476042 0.573148 0.476042
0 0.551852 0.457292 0.542593 0.460417 0.540741 0.462500 0.541667 0.467708 0.546296 0.470833 0.559259 0.473958 0.564815 0.471354 0.565741 0.463021 0.560185 0.457813
0 0.533333 0.473958 0.532407 0.480208 0.534259 0.482292 0.552778 0.482812 0.556481 0.482292 0.560185 0.478125 0.557407 0.475000 0.549074 0.471354 0.542593 0.471354
0 0.508333 0.471875 0.504630 0.475000 0.503704 0.479167 0.510185 0.484375 0.524074 0.485417 0.531481 0.482292 0.531481 0.474479 0.526852 0.471354 0.512963 0.470833
0 0.480556 0.484375 0.479630 0.487500 0.481481 0.490104 0.489815 0.493229 0.503704 0.493229 0.508333 0.490625 0.509259 0.485417 0.503704 0.481250 0.495370 0.480208
0 0.470370 0.470313 0.469444 0.475521 0.475000 0.479687 0.481481 0.481250 0.491667 0.481250 0.499074 0.478646 0.498148 0.472917 0.488889 0.468229 0.475000 0.467187
0 0.489815 0.459375 0.487963 0.466667 0.490741 0.469271 0.500000 0.472917 0.508333 0.471875 0.513889 0.467187 0.511111 0.460938 0.505556 0.458854
0 0.538889 0.456771 0.525000 0.454688 0.515741 0.455729 0.511111 0.458854 0.513889 0.466667 0.523148 0.469271 0.533333 0.467708 0.539815 0.462500 0.540741 0.457813
0 0.530556 0.442188 0.523148 0.445833 0.520370 0.451562 0.523148 0.454688 0.538889 0.457292 0.545370 0.455208 0.548148 0.450521 0.541667 0.444271
0 0.490741 0.446354 0.487037 0.451042 0.487037 0.455208 0.489815 0.458854 0.511111 0.457813 0.515741 0.455208 0.516667 0.451042 0.509259 0.446354 0.503704 0.444792 0.494444 0.444792
0 0.485185 0.453646 0.476852 0.450521 0.465741 0.452604 0.459259 0.458333 0.458333 0.463021 0.461111 0.464583 0.472222 0.466146 0.482407 0.465104 0.487963 0.459896
0 0.447222 0.442188 0.437963 0.445833 0.435185 0.451562 0.442593 0.456771 0.450926 0.457292 0.461111 0.452604 0.463889 0.446875 0.459259 0.443750
0 0.434259 0.441146 0.422222 0.440625 0.412963 0.443750 0.409259 0.451042 0.415741 0.455208 0.419444 0.456250 0.427778 0.455729 0.433333 0.452604 0.437037 0.447917 0.437037 0.443229
0 0.385185 0.436979 0.382407 0.438542 0.380556 0.443229 0.382407 0.451042 0.390741 0.455208 0.400000 0.454688 0.408333 0.451042 0.409259 0.446875 0.400926 0.440625
0 0.372222 0.436979 0.357407 0.436458 0.350000 0.437500 0.341667 0.442708 0.342593 0.446875 0.350000 0.451042 0.363889 0.450000 0.369444 0.446875 0.375000 0.440625
0 0.337963 0.429688 0.332407 0.428125 0.325000 0.428125 0.319444 0.429688 0.314815 0.438542 0.315741 0.443750 0.325000 0.444792 0.338889 0.440104 0.341667 0.436979 0.341667 0.432812
0 0.315741 0.414583 0.306481 0.418229 0.303704 0.425000 0.307407 0.428125 0.315741 0.429688 0.324074 0.429688 0.332407 0.426042 0.333333 0.418750 0.329630 0.415104
0 0.329630 0.404687 0.325926 0.408854 0.327778 0.415104 0.334259 0.417708 0.343519 0.417708 0.349074 0.416146 0.352778 0.413021 0.350926 0.406771 0.348148 0.405208 0.337963 0.403646
0 0.346296 0.426563 0.343519 0.431771 0.347222 0.435937 0.362963 0.436458 0.370370 0.434896 0.368519 0.428125 0.360185 0.424479 0.350000 0.424479
0 0.377778 0.421875 0.369444 0.427604 0.370370 0.434896 0.374074 0.436979 0.382407 0.437500 0.393519 0.431771 0.393519 0.427083 0.386111 0.422917
0 0.413889 0.427083 0.401852 0.429167 0.398148 0.431771 0.397222 0.438542 0.405556 0.443229 0.412963 0.443229 0.421296 0.438021 0.421296 0.431771
0 0.449074 0.427604 0.441667 0.427604 0.433333 0.432292 0.433333 0.439583 0.439815 0.442708 0.449074 0.441667 0.455556 0.436458 0.456481 0.431771
0 0.468519 0.432812 0.464815 0.438542 0.465741 0.443229 0.475000 0.447917 0.486111 0.446875 0.490741 0.443750 0.491667 0.439583 0.489815 0.436458 0.476852 0.432812
0 0.492593 0.432812 0.489815 0.434896 0.492593 0.441146 0.503704 0.445833 0.510185 0.446875 0.513889 0.445833 0.517593 0.440625 0.517593 0.434896 0.507407 0.430729 0.500926 0.430729
0 0.509259 0.427604 0.510185 0.431771 0.515741 0.433854 0.522222 0.440104 0.531481 0.441146 0.536111 0.439063 0.538889 0.436458 0.538889 0.431250 0.537037 0.429688 0.525000 0.426042
0 0.551852 0.431771 0.542593 0.435417 0.540741 0.441146 0.545370 0.445312 0.560185 0.448437 0.562963 0.447396 0.563889 0.434896 0.559259 0.431771
0 0.572222 0.433333 0.564815 0.435937 0.562037 0.444271 0.563889 0.446354 0.574074 0.448437 0.585185 0.445833 0.586111 0.439063 0.581481 0.435937
0 0.604630 0.422917 0.591667 0.421875 0.579630 0.425521 0.575926 0.429167 0.577778 0.434896 0.587963 0.437500 0.598148 0.433854 0.605556 0.428125
0 0.591667 0.435417 0.588889 0.438021 0.589815 0.444271 0.594444 0.446875 0.606481 0.450000 0.615741 0.448958 0.616667 0.443229 0.611111 0.436979 0.600926 0.433333
0 0.603704 0.451042 0.593519 0.447396 0.582407 0.447396 0.576852 0.448958 0.573148 0.452083 0.572222 0.455729 0.574074 0.459375 0.578704 0.461979 0.594444 0.460417 0.601852 0.455729
0 0.615741 0.458333 0.603704 0.458333 0.597222 0.460938 0.596296 0.464583 0.600000 0.470833 0.608333 0.471354 0.615741 0.468229 0.619444 0.463542 0.618519 0.459375
0 0.625926 0.452083 0.619444 0.456250 0.618519 0.459375 0.621296 0.462500 0.628704 0.465625 0.642593 0.467187 0.646296 0.461979 0.641667 0.453646 0.636111 0.451042
0 0.658333 0.439063 0.655556 0.441667 0.656481 0.448958 0.664815 0.452604 0.677778 0.452083 0.682407 0.448437 0.680556 0.440104 0.673148 0.436979 0.666667 0.436979
0 0.681481 0.426042 0.670370 0.429167 0.667593 0.432292 0.677778 0.439583 0.685185 0.441146 0.695370 0.438021 0.698148 0.431250 0.694444 0.427604
0 0.701852 0.436458 0.696296 0.442708 0.700000 0.448437 0.708333 0.451042 0.718519 0.450521 0.724074 0.444792 0.721296 0.438021 0.713889 0.435417
0 0.737963 0.440104 0.732407 0.442188 0.728704 0.445833 0.730556 0.453125 0.735185 0.454688 0.748148 0.454167 0.754630 0.451042 0.754630 0.443229 0.748148 0.440104
0 0.788889 0.430729 0.782407 0.434896 0.783333 0.441146 0.789815 0.443750 0.803704 0.442708 0.807407 0.439583 0.805556 0.433333 0.798148 0.430208
0 0.750000 0.435937 0.748148 0.439583 0.758333 0.445833 0.771296 0.446875 0.775926 0.445833 0.779630 0.443229 0.779630 0.435937 0.775000 0.433333 0.762037 0.432812
0 0.777778 0.458333 0.776852 0.463542 0.781481 0.467187 0.787037 0.468750 0.798148 0.468750 0.805556 0.466667 0.805556 0.462500 0.798148 0.455729 0.792593 0.454167 0.786111 0.454167
0 0.808333 0.451562 0.803704 0.453646 0.801852 0.458333 0.806481 0.465104 0.813889 0.468229 0.821296 0.467708 0.829630 0.463021 0.827778 0.453125 0.820370 0.451042
0 0.851852 0.451562 0.836111 0.449479 0.828704 0.452083 0.827778 0.456250 0.831481 0.464583 0.837037 0.465625 0.855556 0.458854 0.856481 0.454167
0 0.850926 0.440104 0.846296 0.443750 0.848148 0.448437 0.852778 0.451562 0.862037 0.452604 0.872222 0.449479 0.873148 0.442708 0.865741 0.439063 0.859259 0.438542
0 0.844444 0.431250 0.836111 0.431771 0.822222 0.436979 0.820370 0.441146 0.824074 0.445312 0.837037 0.447917 0.846296 0.444792 0.849074 0.438021
0 0.839815 0.415625 0.834259 0.419792 0.836111 0.423958 0.847222 0.432292 0.858333 0.432292 0.861111 0.429167 0.861111 0.422917 0.856481 0.415625 0.851852 0.414062
0 0.822222 0.420312 0.812037 0.423438 0.811111 0.429688 0.814815 0.432812 0.825926 0.433854 0.835185 0.431771 0.838889 0.427604 0.833333 0.422396
0 0.803704 0.416146 0.792593 0.415625 0.784259 0.419792 0.781481 0.428125 0.785185 0.430208 0.801852 0.429688 0.809259 0.426042 0.811111 0.423958 0.810185 0.420833
0 0.775926 0.415104 0.766667 0.414062 0.759259 0.416146 0.754630 0.422396 0.754630 0.428125 0.756481 0.430208 0.768519 0.430208 0.779630 0.426563 0.782407 0.419792
0 0.725000 0.423438 0.722222 0.426042 0.724074 0.433333 0.729630 0.436458 0.739815 0.436458 0.749074 0.432292 0.749074 0.428125 0.745370 0.426042 0.734259 0.422917
0 0.721296 0.426563 0.712037 0.423438 0.703704 0.424479 0.698148 0.429167 0.698148 0.434896 0.702778 0.435937 0.719444 0.435417 0.723148 0.432292
0 0.635185 0.408854 0.634259 0.416146 0.637037 0.420312 0.642593 0.423438 0.650000 0.423958 0.655556 0.422396 0.659259 0.419271 0.658333 0.412500 0.650926 0.409375 0.643519 0.408333
0 0.594444 0.409896 0.588889 0.415104 0.589815 0.420833 0.599074 0.422917 0.607407 0.422396 0.613889 0.418750 0.613889 0.414062 0.605556 0.409375 0.599074 0.408854
0 0.552778 0.419792 0.550926 0.423958 0.556481 0.430729 0.566667 0.431250 0.575926 0.428125 0.577778 0.423438 0.572222 0.418750 0.557407 0.417708
0 0.540741 0.415104 0.526852 0.417708 0.523148 0.419792 0.522222 0.422396 0.525000 0.426563 0.537037 0.429688 0.547222 0.427604 0.550000 0.425000 0.550000 0.418750 0.546296 0.416146
0 0.480556 0.416146 0.473148 0.423438 0.475000 0.428125 0.483333 0.430729 0.496296 0.429688 0.499074 0.423438 0.494444 0.417187 0.490741 0.415625
0 0.450926 0.421354 0.450000 0.428125 0.453704 0.430208 0.465741 0.430729 0.473148 0.428125 0.473148 0.422396 0.469444 0.419792 0.459259 0.418750
0 0.434259 0.409896 0.432407 0.411458 0.433333 0.417187 0.440741 0.421354 0.448148 0.421354 0.453704 0.419792 0.455556 0.416667 0.454630 0.410417 0.442593 0.407813
0 0.434259 0.418750 0.425926 0.419271 0.415741 0.422917 0.415741 0.428125 0.424074 0.432812 0.431481 0.432812 0.437963 0.430729 0.440741 0.428125 0.441667 0.422396
0 0.399074 0.415104 0.390741 0.419792 0.391667 0.423958 0.400000 0.427604 0.406481 0.428125 0.413889 0.426563 0.415741 0.425000 0.415741 0.420312 0.412963 0.416667 0.406481 0.414583
0 0.382407 0.406250 0.377778 0.407292 0.372222 0.410938 0.372222 0.416146 0.376852 0.419792 0.386111 0.421354 0.391667 0.419792 0.397222 0.416146 0.397222 0.409375 0.387963 0.406250
0 0.378704 0.396875 0.363889 0.397396 0.357407 0.400000 0.353704 0.403646 0.354630 0.409375 0.357407 0.412500 0.371296 0.412500 0.381481 0.406250 0.382407 0.401562
0 0.358333 0.389062 0.356481 0.392188 0.357407 0.398958 0.379630 0.398958 0.380556 0.392188 0.374074 0.388021 0.363889 0.386979
0 0.337037 0.390104 0.329630 0.395833 0.330556 0.400521 0.341667 0.404167 0.348148 0.404167 0.355556 0.400521 0.355556 0.395833 0.352778 0.391667 0.344444 0.389062
0 0.316667 0.384896 0.310185 0.389062 0.310185 0.396354 0.318519 0.400000 0.327778 0.400000 0.334259 0.392708 0.333333 0.388021 0.326852 0.384896
0 0.287037 0.403125 0.284259 0.409375 0.290741 0.413542 0.298148 0.415104 0.307407 0.415104 0.314815 0.413021 0.314815 0.407813 0.310185 0.403646 0.300926 0.401042 0.292593 0.401042
0 0.250926 0.401042 0.247222 0.403646 0.249074 0.410417 0.253704 0.413021 0.259259 0.414062 0.269444 0.413021 0.274074 0.408854 0.273148 0.402604 0.261111 0.400000
0 0.229630 0.404167 0.224074 0.402604 0.216667 0.402604 0.202778 0.405729 0.200000 0.407292 0.200000 0.409896 0.204630 0.415104 0.212037 0.416146 0.219444 0.413542 0.227778 0.408333
0 0.212037 0.415104 0.204630 0.414583 0.191667 0.419271 0.190741 0.423958 0.197222 0.427604 0.202778 0.428646 0.210185 0.428125 0.218519 0.424479 0.218519 0.418229
0 0.181481 0.439063 0.181481 0.444792 0.187963 0.448958 0.200000 0.450000 0.207407 0.447396 0.209259 0.442708 0.204630 0.436979 0.199074 0.435417 0.190741 0.435417
0 0.170370 0.433854 0.163889 0.434896 0.159259 0.439063 0.156481 0.447917 0.157407 0.450000 0.161111 0.451562 0.174074 0.451042 0.180556 0.446354 0.180556 0.440625
0 0.142593 0.422396 0.137037 0.427083 0.137963 0.431771 0.141667 0.435417 0.154630 0.435937 0.163889 0.432292 0.163889 0.427083 0.156481 0.422396
0 0.150000 0.403125 0.146296 0.407813 0.150000 0.416667 0.153704 0.419271 0.162963 0.419792 0.172222 0.415625 0.173148 0.411458 0.165741 0.404687 0.156481 0.402604
0 0.130556 0.410417 0.128704 0.416667 0.136111 0.421354 0.144444 0.422396 0.151852 0.420312 0.150926 0.415625 0.145370 0.409375 0.133333 0.409375
0 0.127778 0.398958 0.125926 0.400000 0.125926 0.405208 0.134259 0.408854 0.143519 0.408333 0.150926 0.401562 0.150926 0.399479 0.146296 0.397396 0.137037 0.397396
0 0.156481 0.389583 0.151852 0.391667 0.150000 0.394271 0.150000 0.401042 0.153704 0.402604 0.164815 0.403646 0.175926 0.400521 0.176852 0.395313 0.175000 0.391146 0.169444 0.389062
0 0.166667 0.403646 0.169444 0.409375 0.174074 0.412500 0.187963 0.413542 0.193519 0.411979 0.195370 0.407292 0.191667 0.402604 0.186111 0.400521 0.176852 0.400000
0 0.183333 0.386458 0.175926 0.390104 0.176852 0.398438 0.179630 0.400521 0.192593 0.402083 0.202778 0.397917 0.203704 0.392188 0.193519 0.386458
0 0.219444 0.376563 0.217593 0.381250 0.224074 0.385417 0.238889 0.386458 0.248148 0.382812 0.249074 0.380729 0.246296 0.377604 0.237963 0.373437 0.225926 0.373437
0 0.234259 0.394792 0.238889 0.397917 0.256481 0.398438 0.262963 0.396354 0.266667 0.392188 0.253704 0.387500 0.238889 0.386979 0.234259 0.391146
0 0.261111 0.383854 0.258333 0.389062 0.264815 0.394271 0.275000 0.395833 0.280556 0.395313 0.283333 0.393750 0.286111 0.388021 0.279630 0.382812 0.273148 0.381771
0 0.279630 0.377604 0.276852 0.381250 0.288889 0.389583 0.302778 0.390104 0.305556 0.389062 0.306481 0.382292 0.303704 0.376563 0.287037 0.375521
0 0.293519 0.364063 0.287037 0.368750 0.287037 0.373437 0.300926 0.376563 0.311111 0.376563 0.313889 0.375000 0.312037 0.366146 0.303704 0.363021
0 0.340741 0.377083 0.340741 0.382292 0.343519 0.386979 0.347222 0.389062 0.357407 0.389583 0.366667 0.385937 0.366667 0.383333 0.361111 0.377604 0.350926 0.374479
0 0.395370 0.354687 0.384259 0.354687 0.376852 0.358333 0.374074 0.361979 0.374074 0.367188 0.376852 0.369792 0.386111 0.370312 0.400000 0.364583 0.400926 0.359375
0 0.357407 0.363542 0.350000 0.368750 0.350926 0.373958 0.355556 0.376563 0.363889 0.376563 0.370370 0.375000 0.373148 0.372917 0.372222 0.367708 0.364815 0.364063
0 0.319444 0.365104 0.321296 0.372396 0.328704 0.376563 0.337963 0.377083 0.344444 0.375521 0.347222 0.373437 0.348148 0.368750 0.341667 0.363542 0.327778 0.362500
0 0.313889 0.347917 0.303704 0.353125 0.303704 0.360938 0.307407 0.363542 0.316667 0.366146 0.322222 0.365104 0.326852 0.362500 0.328704 0.356771 0.321296 0.348958
0 0.327778 0.342187 0.325000 0.343229 0.322222 0.348438 0.324074 0.353646 0.329630 0.356771 0.337963 0.358333 0.345370 0.353646 0.347222 0.348958 0.337963 0.342187
0 0.347222 0.351562 0.340741 0.357292 0.342593 0.361458 0.352778 0.364063 0.366667 0.363021 0.370370 0.358854 0.370370 0.354687 0.365741 0.349479 0.355556 0.348958
0 0.374074 0.342187 0.372222 0.350000 0.374074 0.352604 0.378704 0.354687 0.395370 0.353125 0.403704 0.346875 0.401852 0.342708 0.393519 0.340625 0.382407 0.340104
0 0.367593 0.326562 0.359259 0.326042 0.344444 0.329688 0.337963 0.333854 0.339815 0.337500 0.350000 0.340625 0.358333 0.340625 0.366667 0.333854
0 0.316667 0.329167 0.311111 0.333333 0.311111 0.339062 0.314815 0.341667 0.320370 0.342708 0.332407 0.341667 0.334259 0.340104 0.334259 0.335417 0.331481 0.332292 0.325000 0.328646
0 0.334259 0.311979 0.321296 0.311979 0.316667 0.314063 0.313889 0.317708 0.313889 0.324479 0.318519 0.328125 0.330556 0.328646 0.339815 0.322917 0.340741 0.318229
0 0.301852 0.329688 0.296296 0.327083 0.289815 0.326042 0.280556 0.327604 0.275000 0.333854 0.275000 0.339583 0.277778 0.340625 0.288889 0.340625 0.298148 0.338542 0.303704 0.334375
0 0.284259 0.347917 0.277778 0.353125 0.281481 0.360938 0.287963 0.363542 0.300000 0.362500 0.303704 0.359896 0.302778 0.354687 0.290741 0.347917
0 0.252778 0.364063 0.247222 0.359896 0.238889 0.359896 0.233333 0.361458 0.222222 0.369271 0.230556 0.371875 0.248148 0.371875 0.253704 0.369271
0 0.187037 0.364583 0.178704 0.367708 0.175926 0.373958 0.183333 0.379688 0.193519 0.379688 0.200000 0.376563 0.200000 0.370833 0.194444 0.365104
0 0.161111 0.372396 0.157407 0.374479 0.155556 0.378125 0.157407 0.384375 0.168519 0.388542 0.178704 0.386979 0.181481 0.384896 0.182407 0.380208 0.177778 0.375000 0.170370 0.372396
0 0.125926 0.376563 0.125926 0.382812 0.128704 0.385417 0.135185 0.387500 0.143519 0.387500 0.153704 0.382292 0.152778 0.378125 0.146296 0.375000 0.133333 0.373958
0 0.147222 0.358333 0.140741 0.362500 0.141667 0.368229 0.149074 0.372396 0.157407 0.371875 0.162037 0.369271 0.162963 0.365104 0.157407 0.358854
0 0.161111 0.348438 0.159259 0.354167 0.169444 0.357812 0.185185 0.358854 0.191667 0.355208 0.192593 0.349479 0.185185 0.345833 0.167593 0.346354
0 0.183333 0.337500 0.183333 0.344271 0.192593 0.348438 0.205556 0.347917 0.211111 0.346354 0.215741 0.342708 0.212037 0.338542 0.200000 0.334896 0.188889 0.334375
0 0.153704 0.337500 0.156481 0.344271 0.162963 0.346875 0.179630 0.345833 0.181481 0.344792 0.180556 0.339062 0.169444 0.333333 0.162963 0.332292
0 0.135185 0.336979 0.126852 0.340625 0.125926 0.346354 0.135185 0.351562 0.144444 0.352604 0.151852 0.349479 0.154630 0.346354 0.154630 0.341667 0.150000 0.337500 0.143519 0.336458
0 0.140741 0.321875 0.134259 0.326562 0.133333 0.330729 0.141667 0.336458 0.150926 0.337500 0.157407 0.333854 0.158333 0.329688 0.150926 0.322917
0 0.163889 0.320833 0.158333 0.325521 0.160185 0.330729 0.167593 0.333333 0.179630 0.332813 0.186111 0.328125 0.186111 0.325000 0.182407 0.321354 0.177778 0.319792 0.167593 0.319792
0 0.190741 0.318750 0.186111 0.321875 0.187963 0.329167 0.195370 0.331771 0.206481 0.331771 0.209259 0.330729 0.212963 0.326562 0.210185 0.322396 0.200000 0.318229
0 0.237037 0.316667 0.232407 0.317188 0.222222 0.322396 0.220370 0.327604 0.230556 0.332813 0.240741 0.333854 0.246296 0.331250 0.249074 0.325521 0.245370 0.318229
0 0.251852 0.311458 0.248148 0.314063 0.247222 0.317188 0.249074 0.322917 0.256481 0.325521 0.268519 0.324479 0.272222 0.321354 0.271296 0.314063 0.263889 0.310937
0 0.162963 0.308333 0.161111 0.312500 0.167593 0.319792 0.180556 0.320312 0.187037 0.316667 0.187037 0.310937 0.181481 0.307292 0.169444 0.306771
0 0.127778 0.303646 0.125926 0.310417 0.132407 0.316146 0.143519 0.317708 0.151852 0.315104 0.152778 0.309896 0.146296 0.305208 0.136111 0.302083
0 0.390741 0.379167 0.381481 0.384375 0.380556 0.391146 0.385185 0.394792 0.392593 0.395313 0.400926 0.394271 0.406481 0.391667 0.408333 0.383854 0.404630 0.380729
0 0.388889 0.395313 0.386111 0.397396 0.386111 0.402604 0.391667 0.407292 0.404630 0.406771 0.412963 0.400521 0.411111 0.397396 0.404630 0.394271
0 0.416667 0.398958 0.407407 0.403646 0.404630 0.408333 0.408333 0.413542 0.413889 0.415104 0.421296 0.415104 0.427778 0.413021 0.430556 0.409375 0.430556 0.405208 0.424074 0.399479
0 0.496296 0.402083 0.488889 0.406771 0.488889 0.414583 0.494444 0.416667 0.505556 0.416146 0.512963 0.411979 0.514815 0.408854 0.513889 0.405208 0.506481 0.402083
0 0.467593 0.401562 0.457407 0.404167 0.455556 0.409375 0.459259 0.415625 0.470370 0.417187 0.480556 0.413021 0.482407 0.406771 0.480556 0.404167 0.475926 0.402083
0 0.440741 0.390625 0.436111 0.392188 0.433333 0.395833 0.433333 0.404687 0.437963 0.407813 0.449074 0.407813 0.452778 0.406771 0.455556 0.402604 0.455556 0.394792 0.451852 0.392188
0 0.428704 0.382292 0.414815 0.383854 0.410185 0.386458 0.410185 0.392708 0.413889 0.396354 0.424074 0.397396 0.434259 0.395313 0.437037 0.388542 0.434259 0.384375
0 0.671296 0.396354 0.659259 0.396875 0.654630 0.400521 0.654630 0.406250 0.658333 0.410417 0.662963 0.412500 0.670370 0.411458 0.676852 0.408333 0.679630 0.404687 0.677778 0.397917
0 0.718519 0.406771 0.712963 0.404167 0.701852 0.404687 0.696296 0.406250 0.687963 0.411979 0.688889 0.414062 0.692593 0.416146 0.701852 0.417708 0.712037 0.417708 0.719444 0.413542
0 0.734259 0.382292 0.725000 0.382812 0.721296 0.385417 0.719444 0.398438 0.720370 0.401562 0.724074 0.403125 0.735185 0.400521 0.741667 0.396875 0.742593 0.388021 0.740741 0.385417
0 0.773148 0.397396 0.771296 0.404687 0.775926 0.409375 0.788889 0.410417 0.798148 0.407292 0.798148 0.401042 0.792593 0.398438 0.782407 0.396354
0 0.831481 0.396354 0.822222 0.395313 0.808333 0.397396 0.806481 0.405729 0.809259 0.409896 0.817593 0.409896 0.832407 0.402604 0.834259 0.400000
0 0.794444 0.385937 0.787963 0.389583 0.787037 0.393229 0.788889 0.396875 0.794444 0.400000 0.806481 0.400000 0.812963 0.395313 0.813889 0.389583 0.808333 0.386458 0.802778 0.385417
0 0.782407 0.378125 0.773148 0.378646 0.766667 0.384375 0.767593 0.391146 0.772222 0.395313 0.780556 0.394271 0.790741 0.386979 0.791667 0.383854 0.789815 0.380729
0 0.752778 0.383854 0.743519 0.389062 0.743519 0.394792 0.751852 0.399479 0.762037 0.401042 0.769444 0.396875 0.767593 0.387500 0.762037 0.383854
0 0.732407 0.373958 0.731481 0.378646 0.737963 0.383854 0.750926 0.384375 0.757407 0.382812 0.759259 0.375000 0.753704 0.370833 0.739815 0.370833
0 0.719444 0.369792 0.707407 0.371354 0.702778 0.376042 0.704630 0.383333 0.712037 0.385937 0.722222 0.384896 0.729630 0.379688 0.730556 0.376563 0.728704 0.373437
0 0.712037 0.390104 0.702778 0.389062 0.694444 0.392708 0.687963 0.399479 0.690741 0.403646 0.705556 0.404167 0.715741 0.400000 0.716667 0.395313
0 0.673148 0.382812 0.663889 0.388021 0.664815 0.394271 0.666667 0.396354 0.678704 0.397917 0.687963 0.395313 0.689815 0.393750 0.689815 0.388542 0.682407 0.383333
0 0.675926 0.364063 0.667593 0.367708 0.664815 0.374479 0.670370 0.379688 0.680556 0.380729 0.689815 0.378125 0.691667 0.370833 0.687037 0.366146
0 0.655556 0.374479 0.650926 0.375521 0.647222 0.379167 0.646296 0.385417 0.649074 0.388542 0.658333 0.389583 0.662037 0.389062 0.669444 0.384896 0.672222 0.380729 0.664815 0.375521
0 0.617593 0.376563 0.617593 0.383854 0.623148 0.389062 0.637037 0.390104 0.645370 0.386979 0.646296 0.380729 0.644444 0.379167 0.625926 0.375521 0.619444 0.375521
0 0.574074 0.401042 0.564815 0.401042 0.556481 0.405208 0.555556 0.408854 0.557407 0.411979 0.565741 0.415104 0.574074 0.414062 0.580556 0.409896 0.581481 0.407813
0 0.557407 0.389583 0.556481 0.396875 0.564815 0.400521 0.574074 0.401042 0.581481 0.399479 0.586111 0.396875 0.586111 0.390104 0.578704 0.385937 0.567593 0.385417
0 0.513889 0.391146 0.509259 0.395313 0.509259 0.398958 0.512037 0.402604 0.529630 0.405729 0.535185 0.404687 0.536111 0.400000 0.533333 0.394271 0.525926 0.390625
0 0.539815 0.386979 0.533333 0.391667 0.534259 0.396875 0.545370 0.404167 0.550926 0.403646 0.556481 0.397396 0.555556 0.389062 0.552778 0.386979
0 0.531481 0.376042 0.529630 0.381250 0.534259 0.384896 0.542593 0.386979 0.553704 0.385937 0.556481 0.379688 0.552778 0.373958 0.542593 0.373437
0 0.525000 0.377083 0.516667 0.376042 0.505556 0.378125 0.500926 0.380729 0.500000 0.385417 0.505556 0.390104 0.518519 0.390625 0.526852 0.386458 0.527778 0.379167
0 0.498148 0.364063 0.487963 0.367188 0.483333 0.371354 0.484259 0.377083 0.489815 0.379688 0.497222 0.380208 0.502778 0.379167 0.509259 0.373958 0.508333 0.367188 0.504630 0.365104
0 0.497222 0.383854 0.484259 0.384375 0.479630 0.385937 0.478704 0.392188 0.483333 0.395313 0.492593 0.396354 0.500926 0.394271 0.503704 0.388542
0 0.452778 0.375521 0.450926 0.381771 0.452778 0.384375 0.457407 0.386458 0.474074 0.386979 0.480556 0.384896 0.481481 0.380729 0.474074 0.373958 0.460185 0.372917
0 0.391667 0.366667 0.387037 0.368750 0.385185 0.371354 0.386111 0.377083 0.391667 0.379688 0.399074 0.380729 0.406481 0.380208 0.409259 0.374479 0.406481 0.367188 0.401852 0.365625
0 0.412963 0.346875 0.404630 0.350000 0.403704 0.355729 0.412037 0.360938 0.420370 0.362500 0.427778 0.357812 0.429630 0.354167 0.428704 0.350000 0.421296 0.346875
0 0.428704 0.363542 0.419444 0.368750 0.420370 0.373958 0.425926 0.377604 0.435185 0.378125 0.443519 0.373437 0.442593 0.368229 0.437963 0.364063
0 0.461111 0.358854 0.457407 0.364583 0.460185 0.370833 0.468519 0.373437 0.481481 0.372396 0.484259 0.368750 0.479630 0.363021 0.470370 0.358333
0 0.470370 0.354687 0.472222 0.359896 0.482407 0.364583 0.492593 0.363021 0.502778 0.357812 0.498148 0.353646 0.486111 0.351042 0.475926 0.350521
0 0.525926 0.348438 0.517593 0.346354 0.509259 0.346875 0.506481 0.348438 0.504630 0.357292 0.510185 0.360938 0.518519 0.360938 0.524074 0.358854 0.528704 0.354687 0.528704 0.350521
0 0.516667 0.361458 0.512963 0.364063 0.512963 0.371354 0.523148 0.376563 0.531481 0.376042 0.535185 0.372917 0.533333 0.363021 0.526852 0.360417
0 0.544444 0.361458 0.541667 0.364063 0.541667 0.370312 0.544444 0.373437 0.550926 0.374479 0.559259 0.373958 0.566667 0.370833 0.567593 0.365104 0.563889 0.362500 0.558333 0.360938
0 0.568519 0.351562 0.558333 0.357292 0.560185 0.361458 0.568519 0.366146 0.582407 0.365104 0.587037 0.361979 0.587037 0.356250 0.584259 0.353125 0.577778 0.351042
0 0.590741 0.360417 0.587963 0.366146 0.589815 0.369271 0.594444 0.370833 0.609259 0.370833 0.617593 0.366667 0.615741 0.361979 0.608333 0.358333 0.599074 0.358333
0 0.618519 0.366146 0.616667 0.371354 0.620370 0.375521 0.635185 0.377604 0.641667 0.376563 0.641667 0.367708 0.636111 0.363542 0.626852 0.363542
0 0.635185 0.350521 0.629630 0.356771 0.632407 0.362500 0.641667 0.365625 0.653704 0.364583 0.658333 0.361458 0.654630 0.356250 0.645370 0.351042
0 0.632407 0.347396 0.620370 0.346354 0.610185 0.347917 0.605556 0.352083 0.608333 0.358333 0.612963 0.360417 0.625926 0.358854 0.634259 0.353125 0.634259 0.348438
0 0.637037 0.332292 0.625000 0.333333 0.619444 0.336979 0.623148 0.344271 0.628704 0.346875 0.636111 0.345313 0.642593 0.338021 0.641667 0.334375
0 0.648148 0.336458 0.643519 0.336979 0.637037 0.341667 0.636111 0.347917 0.637963 0.349479 0.650000 0.352083 0.660185 0.350000 0.662037 0.347917 0.662037 0.340625 0.657407 0.337500
0 0.677778 0.351562 0.669444 0.350521 0.660185 0.353125 0.658333 0.358854 0.662963 0.366667 0.670370 0.366667 0.676852 0.363021 0.680556 0.358333 0.680556 0.353125
0 0.690741 0.354687 0.688889 0.356250 0.689815 0.361979 0.696296 0.367708 0.705556 0.368750 0.715741 0.365104 0.717593 0.359896 0.713889 0.356250 0.699074 0.353646
0 0.720370 0.358854 0.716667 0.364063 0.718519 0.368229 0.727778 0.371354 0.739815 0.370833 0.745370 0.366146 0.742593 0.359896 0.734259 0.357812
0 0.719444 0.347396 0.716667 0.354167 0.721296 0.357812 0.738889 0.359375 0.742593 0.357812 0.744444 0.353125 0.735185 0.347396
0 0.744444 0.355729 0.743519 0.361458 0.747222 0.365625 0.752778 0.366667 0.761111 0.366146 0.769444 0.361458 0.770370 0.356771 0.762037 0.353646 0.749074 0.353646
0 0.775000 0.365104 0.762963 0.366146 0.757407 0.368750 0.758333 0.372917 0.766667 0.377604 0.774074 0.378125 0.780556 0.375521 0.781481 0.369271 0.779630 0.366667
0 0.804630 0.356250 0.796296 0.352083 0.784259 0.353646 0.778704 0.356250 0.775926 0.359896 0.776852 0.365104 0.780556 0.366146 0.799074 0.365625 0.806481 0.361458
0 0.785185 0.366667 0.781481 0.373437 0.782407 0.376563 0.787037 0.379688 0.795370 0.380208 0.804630 0.377083 0.806481 0.370833 0.800926 0.367188 0.797222 0.366146
0 0.853704 0.367188 0.842593 0.367708 0.834259 0.370833 0.831481 0.377604 0.837037 0.382812 0.848148 0.383333 0.855556 0.381771 0.859259 0.379688 0.861111 0.372396
0 0.850926 0.357292 0.844444 0.355729 0.835185 0.357292 0.827778 0.361458 0.826852 0.365625 0.835185 0.368750 0.843519 0.368229 0.851852 0.366146 0.854630 0.360938
0 0.825926 0.343750 0.824074 0.345833 0.824074 0.350000 0.836111 0.356250 0.843519 0.354687 0.848148 0.350521 0.846296 0.345833 0.837037 0.343229 0.829630 0.342708
0 0.823148 0.350521 0.814815 0.351042 0.807407 0.354687 0.806481 0.358854 0.810185 0.363542 0.825926 0.363542 0.833333 0.358854 0.834259 0.356771 0.832407 0.354687
0 0.823148 0.364063 0.812963 0.364583 0.806481 0.368229 0.808333 0.376563 0.814815 0.378125 0.821296 0.378125 0.830556 0.375000 0.833333 0.368750
0 0.813889 0.380208 0.812037 0.382292 0.812963 0.388542 0.822222 0.392708 0.831481 0.392188 0.836111 0.386458 0.835185 0.380729 0.830556 0.379167
0 0.837037 0.384896 0.831481 0.392188 0.834259 0.396354 0.840741 0.399479 0.853704 0.399479 0.857407 0.398438 0.859259 0.392188 0.853704 0.386458 0.846296 0.384375
0 0.850926 0.402604 0.849074 0.404167 0.850926 0.408333 0.860185 0.415625 0.870370 0.416146 0.875926 0.413542 0.879630 0.409375 0.879630 0.405729 0.876852 0.402604 0.872222 0.401042 0.859259 0.401042
0 0.861111 0.379167 0.854630 0.381771 0.852778 0.384375 0.853704 0.387500 0.859259 0.392708 0.867593 0.393229 0.876852 0.389583 0.877778 0.384375 0.872222 0.380729 0.866667 0.379167
0 0.861111 0.361979 0.856481 0.365104 0.856481 0.369792 0.863889 0.374479 0.875926 0.375000 0.879630 0.371354 0.877778 0.365104 0.872222 0.361979
0 0.855556 0.347917 0.847222 0.352604 0.847222 0.355729 0.853704 0.359896 0.864815 0.360938 0.874074 0.356771 0.875926 0.350521 0.872222 0.347917
0 0.843519 0.333854 0.839815 0.336458 0.839815 0.340625 0.845370 0.344271 0.855556 0.347396 0.863889 0.346875 0.870370 0.342187 0.870370 0.337500 0.864815 0.334375 0.853704 0.332292
0 0.850926 0.321875 0.849074 0.323958 0.849074 0.330208 0.851852 0.331771 0.864815 0.332813 0.874074 0.330208 0.873148 0.326042 0.863889 0.320833 0.855556 0.319792
0 0.826852 0.323437 0.824074 0.326042 0.825926 0.329167 0.837037 0.332813 0.843519 0.332292 0.849074 0.328125 0.849074 0.321875 0.836111 0.320312
0 0.811111 0.332813 0.812037 0.338021 0.821296 0.343750 0.834259 0.342187 0.838889 0.338542 0.839815 0.333854 0.832407 0.330729 0.822222 0.330208
0 0.800000 0.335938 0.797222 0.336979 0.797222 0.347917 0.800926 0.351042 0.809259 0.352604 0.817593 0.349479 0.819444 0.342708 0.810185 0.335417
0 0.785185 0.340625 0.771296 0.342187 0.766667 0.345313 0.766667 0.350000 0.773148 0.353125 0.780556 0.354687 0.789815 0.353125 0.795370 0.350521 0.795370 0.344271
0 0.744444 0.339583 0.737037 0.344792 0.738889 0.349479 0.746296 0.353125 0.759259 0.352604 0.762963 0.350521 0.765741 0.345833 0.762963 0.341146 0.757407 0.339062
0 0.712037 0.335938 0.712037 0.341667 0.723148 0.346354 0.733333 0.346354 0.737963 0.342187 0.737963 0.338021 0.733333 0.333333 0.724074 0.333333
0 0.704630 0.340104 0.697222 0.342187 0.695370 0.344271 0.695370 0.350521 0.701852 0.354167 0.712963 0.354687 0.718519 0.351042 0.720370 0.345313 0.711111 0.340625
0 0.685185 0.336458 0.675926 0.338021 0.670370 0.343229 0.671296 0.348958 0.676852 0.351562 0.685185 0.351562 0.693519 0.348958 0.696296 0.341146
0 0.678704 0.323958 0.667593 0.323958 0.659259 0.327083 0.656481 0.329688 0.656481 0.334375 0.660185 0.337500 0.672222 0.339583 0.679630 0.336458 0.683333 0.332292 0.681481 0.325000
0 0.696296 0.326562 0.686111 0.329688 0.683333 0.334375 0.687963 0.338021 0.700000 0.341146 0.710185 0.338021 0.712037 0.333854 0.705556 0.327083
0 0.712037 0.316146 0.705556 0.313021 0.691667 0.314063 0.687963 0.316146 0.683333 0.322396 0.686111 0.324479 0.693519 0.326042 0.707407 0.325000 0.712963 0.322396
0 0.708333 0.324479 0.708333 0.330208 0.712963 0.334375 0.722222 0.334375 0.731481 0.331771 0.732407 0.325000 0.728704 0.322396 0.716667 0.321354
0 0.731481 0.308333 0.724074 0.311979 0.723148 0.320312 0.731481 0.323958 0.742593 0.323437 0.749074 0.319792 0.749074 0.313021 0.740741 0.308854
0 0.739815 0.325000 0.734259 0.329688 0.734259 0.333854 0.738889 0.337500 0.755556 0.337500 0.760185 0.331250 0.758333 0.326042 0.747222 0.323437
0 0.764815 0.314583 0.755556 0.317708 0.753704 0.322917 0.762037 0.329167 0.767593 0.330208 0.776852 0.327604 0.779630 0.323958 0.779630 0.318750 0.775000 0.315625
0 0.787037 0.329167 0.774074 0.328125 0.767593 0.330729 0.762037 0.337500 0.762963 0.341146 0.766667 0.343750 0.787037 0.339062 0.790741 0.334375
0 0.802778 0.319792 0.793519 0.320312 0.787963 0.322396 0.787963 0.330729 0.795370 0.335938 0.802778 0.335938 0.807407 0.333854 0.810185 0.325521 0.807407 0.321875
0 0.795370 0.305729 0.787963 0.306250 0.778704 0.310937 0.776852 0.315625 0.780556 0.319792 0.787037 0.321354 0.800926 0.319792 0.806481 0.316146 0.807407 0.312500 0.805556 0.309375
0 0.815741 0.308854 0.810185 0.311458 0.805556 0.319271 0.810185 0.324479 0.824074 0.325000 0.834259 0.320312 0.834259 0.313542 0.824074 0.308854
0 0.823148 0.303646 0.819444 0.306250 0.820370 0.308333 0.827778 0.310937 0.834259 0.315625 0.839815 0.316146 0.848148 0.313542 0.850000 0.304688 0.847222 0.303125 0.836111 0.302083
0 0.865741 0.301563 0.856481 0.301563 0.850926 0.306250 0.849074 0.314583 0.855556 0.319271 0.863889 0.317708 0.874074 0.310937 0.874074 0.304688
0 0.859259 0.288542 0.849074 0.289062 0.844444 0.291146 0.841667 0.293750 0.842593 0.302083 0.850926 0.303646 0.859259 0.301042 0.864815 0.295833 0.863889 0.291146
0 0.820370 0.288542 0.816667 0.293229 0.816667 0.297396 0.822222 0.303646 0.827778 0.303646 0.839815 0.301563 0.840741 0.293229 0.837037 0.289583 0.833333 0.288021
0 0.800000 0.296354 0.793519 0.301563 0.793519 0.304167 0.809259 0.311458 0.819444 0.305208 0.820370 0.301563 0.816667 0.297396 0.811111 0.295833
0 0.773148 0.291667 0.768519 0.294792 0.767593 0.298958 0.778704 0.305208 0.789815 0.305729 0.793519 0.301563 0.792593 0.294271 0.783333 0.290104
0 0.760185 0.298438 0.753704 0.302604 0.753704 0.310417 0.760185 0.314583 0.769444 0.314583 0.775926 0.310937 0.776852 0.305208 0.770370 0.300000
0 0.729630 0.290625 0.730556 0.297396 0.737963 0.301042 0.746296 0.303125 0.753704 0.303125 0.755556 0.297917 0.749074 0.289062 0.738889 0.287500
0 0.707407 0.300000 0.702778 0.304167 0.702778 0.307812 0.705556 0.311458 0.720370 0.311979 0.727778 0.309375 0.729630 0.304688 0.725926 0.300000 0.720370 0.298438 0.712963 0.298438
0 0.712037 0.291667 0.706481 0.290104 0.690741 0.291146 0.687037 0.293750 0.687037 0.298958 0.697222 0.303125 0.704630 0.302604 0.712963 0.298958
0 0.689815 0.298958 0.683333 0.302083 0.679630 0.306771 0.685185 0.312500 0.691667 0.314583 0.700000 0.313021 0.702778 0.309896 0.699074 0.303646
0 0.677778 0.306771 0.669444 0.306771 0.658333 0.309896 0.654630 0.314583 0.669444 0.320833 0.678704 0.318750 0.683333 0.314583 0.683333 0.309896
0 0.647222 0.316146 0.638889 0.321354 0.639815 0.327083 0.647222 0.329688 0.656481 0.329688 0.665741 0.322917 0.665741 0.320833 0.656481 0.315625
0 0.628704 0.317188 0.622222 0.318750 0.616667 0.323958 0.616667 0.330208 0.620370 0.332813 0.631481 0.332813 0.638889 0.329688 0.639815 0.326042 0.635185 0.319792
0 0.590741 0.329167 0.591667 0.335417 0.599074 0.338021 0.608333 0.338542 0.615741 0.334375 0.614815 0.329167 0.608333 0.326562 0.600000 0.326562
0 0.556481 0.337500 0.556481 0.343229 0.562037 0.348438 0.574074 0.350000 0.582407 0.346875 0.584259 0.339062 0.576852 0.334896 0.569444 0.334375
0 0.585185 0.337500 0.584259 0.349479 0.591667 0.352604 0.603704 0.351562 0.609259 0.346875 0.605556 0.339583 0.595370 0.335938
0 0.569444 0.323958 0.566667 0.326042 0.567593 0.332292 0.580556 0.336979 0.587963 0.336979 0.590741 0.334896 0.590741 0.330729 0.587037 0.323958 0.580556 0.321354
0 0.543519 0.322396 0.532407 0.326562 0.530556 0.330208 0.533333 0.333854 0.543519 0.338542 0.551852 0.338542 0.555556 0.334896 0.554630 0.325521 0.552778 0.322917
0 0.502778 0.322917 0.496296 0.326562 0.498148 0.334375 0.503704 0.338021 0.512037 0.338542 0.520370 0.334375 0.520370 0.327083 0.512037 0.322396
0 0.479630 0.338542 0.472222 0.345313 0.474074 0.350521 0.487037 0.352083 0.496296 0.351562 0.499074 0.348958 0.498148 0.343750 0.489815 0.339062 0.485185 0.338021
0 0.435185 0.345313 0.433333 0.350000 0.436111 0.353125 0.447222 0.357292 0.457407 0.356250 0.463889 0.350521 0.462963 0.345313 0.456481 0.343750 0.442593 0.343750
0 0.435185 0.324479 0.426852 0.323958 0.419444 0.328125 0.417593 0.334375 0.419444 0.339062 0.423148 0.341146 0.430556 0.340625 0.440741 0.333333 0.442593 0.329167 0.439815 0.326042
0 0.440741 0.314063 0.437037 0.318229 0.438889 0.325521 0.445370 0.329167 0.457407 0.328646 0.461111 0.322917 0.459259 0.316146 0.451852 0.313021
0 0.468519 0.316146 0.461111 0.321354 0.460185 0.327604 0.466667 0.331250 0.476852 0.331250 0.483333 0.329167 0.486111 0.326562 0.485185 0.320833 0.478704 0.316667
0 0.497222 0.304167 0.488889 0.304688 0.479630 0.310417 0.476852 0.315104 0.482407 0.319792 0.490741 0.320312 0.499074 0.315625 0.500000 0.309375
0 0.516667 0.309375 0.505556 0.313542 0.508333 0.320312 0.512963 0.322917 0.522222 0.323958 0.530556 0.320312 0.531481 0.313542 0.525000 0.309375
0 0.558333 0.307292 0.554630 0.309896 0.557407 0.321354 0.565741 0.325000 0.572222 0.323958 0.578704 0.319792 0.578704 0.313542 0.572222 0.308854
0 0.597222 0.303646 0.586111 0.301563 0.577778 0.306250 0.576852 0.311458 0.580556 0.317188 0.587963 0.317188 0.600000 0.311458 0.600926 0.306250
0 0.605556 0.311458 0.598148 0.314063 0.597222 0.324479 0.600000 0.326562 0.608333 0.327083 0.617593 0.322917 0.620370 0.317708 0.614815 0.313021
0 0.632407 0.302604 0.625926 0.304167 0.624074 0.310417 0.627778 0.315625 0.636111 0.318750 0.642593 0.317708 0.646296 0.315625 0.649074 0.309375 0.647222 0.306250 0.641667 0.303125
0 0.649074 0.293229 0.642593 0.298438 0.645370 0.305208 0.650926 0.308854 0.655556 0.309896 0.665741 0.308333 0.668519 0.306771 0.668519 0.297917 0.659259 0.293229
0 0.650000 0.275000 0.642593 0.278125 0.641667 0.284896 0.642593 0.286979 0.648148 0.290104 0.656481 0.290625 0.663889 0.285938 0.665741 0.283333 0.664815 0.279687 0.659259 0.275521
0 0.669444 0.281250 0.664815 0.283333 0.662037 0.286979 0.662037 0.292187 0.669444 0.299479 0.677778 0.299479 0.686111 0.295833 0.688889 0.292187 0.687963 0.288021 0.679630 0.282813
0 0.706481 0.277083 0.702778 0.281250 0.704630 0.288542 0.710185 0.291146 0.725926 0.290625 0.728704 0.286458 0.721296 0.278125 0.715741 0.276042
0 0.751852 0.284896 0.749074 0.286979 0.750000 0.291146 0.752778 0.294271 0.758333 0.296875 0.768519 0.296354 0.777778 0.290625 0.778704 0.286458 0.775000 0.284375 0.760185 0.282813
0 0.765741 0.270313 0.759259 0.274479 0.760185 0.281771 0.763889 0.283854 0.775000 0.284896 0.778704 0.283333 0.778704 0.274479 0.768519 0.270313
0 0.802778 0.272396 0.793519 0.271875 0.784259 0.273958 0.777778 0.283333 0.784259 0.285938 0.792593 0.285417 0.803704 0.279687 0.806481 0.276562 0.806481 0.274479
0 0.803704 0.280729 0.796296 0.282813 0.791667 0.286979 0.793519 0.293750 0.800926 0.296354 0.812037 0.294271 0.817593 0.291146 0.819444 0.286458 0.812963 0.282292
0 0.830556 0.274479 0.822222 0.275000 0.812963 0.278646 0.813889 0.283854 0.822222 0.288542 0.831481 0.287500 0.835185 0.284375 0.836111 0.278125
0 0.840741 0.275000 0.837963 0.277083 0.836111 0.286458 0.842593 0.289583 0.858333 0.288542 0.871296 0.280208 0.868519 0.277083 0.855556 0.273958
0 0.851852 0.261979 0.843519 0.261979 0.834259 0.265625 0.831481 0.269792 0.831481 0.272917 0.834259 0.275000 0.845370 0.275000 0.855556 0.272917 0.857407 0.266146
0 0.812037 0.260417 0.808333 0.260937 0.802778 0.264062 0.802778 0.270313 0.807407 0.275521 0.816667 0.277083 0.826852 0.273438 0.829630 0.267188 0.827778 0.263021 0.825000 0.261458
0 0.753704 0.271354 0.745370 0.271354 0.734259 0.276042 0.732407 0.283333 0.736111 0.285938 0.744444 0.286458 0.757407 0.283333 0.760185 0.279687 0.759259 0.275000
0 0.788889 0.259896 0.776852 0.260937 0.769444 0.265625 0.771296 0.270833 0.780556 0.275000 0.788889 0.273958 0.794444 0.271875 0.794444 0.263542
0 0.745370 0.263021 0.744444 0.268750 0.746296 0.270833 0.761111 0.273958 0.770833 0.272292 0.771574 0.262917 0.758333 0.260000
0 0.724074 0.263021 0.718519 0.266146 0.716667 0.272917 0.725000 0.276562 0.734259 0.276562 0.744444 0.271875 0.743519 0.266667 0.738889 0.264583
0 0.713889 0.262500 0.704630 0.261979 0.694444 0.266146 0.693519 0.272396 0.698148 0.275521 0.706481 0.277083 0.714815 0.274479 0.717593 0.265104
0 0.425926 0.294271 0.416667 0.298958 0.416667 0.305208 0.424074 0.307812 0.436111 0.307292 0.440741 0.304167 0.440741 0.298438 0.435185 0.294792
0 0.446296 0.290625 0.441667 0.294792 0.440741 0.299479 0.442593 0.301563 0.454630 0.305208 0.462037 0.304688 0.467593 0.300521 0.467593 0.290625
0 0.497222 0.283854 0.487963 0.283333 0.481481 0.285938 0.478704 0.291146 0.478704 0.297396 0.480556 0.299479 0.496296 0.298438 0.502778 0.294792 0.503704 0.289062
0 0.500926 0.295312 0.497222 0.298438 0.500000 0.304688 0.510185 0.309375 0.520370 0.308333 0.522222 0.306771 0.522222 0.301042 0.517593 0.295833 0.512963 0.293750 0.505556 0.293750
0 0.543519 0.293229 0.540741 0.292187 0.533333 0.292187 0.528704 0.293750 0.522222 0.298438 0.524074 0.306771 0.537963 0.305729 0.547222 0.302083 0.549074 0.298438
0 0.557407 0.280729 0.548148 0.285417 0.547222 0.290104 0.550000 0.294271 0.553704 0.296354 0.560185 0.297396 0.572222 0.294271 0.574074 0.290104 0.571296 0.283854 0.565741 0.281250
0 0.565741 0.294792 0.559259 0.298438 0.559259 0.305208 0.564815 0.307812 0.574074 0.308333 0.585185 0.302604 0.586111 0.297917 0.574074 0.294271
0 0.584259 0.283854 0.579630 0.286458 0.581481 0.294271 0.586111 0.298438 0.594444 0.298958 0.601852 0.294271 0.600926 0.286979 0.594444 0.283854
0 0.617593 0.294792 0.609259 0.294792 0.602778 0.298438 0.600000 0.303646 0.600926 0.307812 0.605556 0.310937 0.614815 0.311458 0.624074 0.307812 0.624074 0.298438
0 0.625926 0.287500 0.621296 0.290625 0.624074 0.297396 0.632407 0.300000 0.642593 0.299479 0.647222 0.292708 0.647222 0.290625 0.643519 0.287500 0.636111 0.285938
0 0.636111 0.272396 0.626852 0.271875 0.618519 0.276042 0.615741 0.284375 0.621296 0.288542 0.629630 0.287500 0.639815 0.284375 0.641667 0.280208 0.640741 0.275521
0 0.593519 0.271875 0.589815 0.274479 0.590741 0.282292 0.600000 0.286458 0.607407 0.286979 0.612963 0.285938 0.615741 0.281250 0.612963 0.275000 0.600926 0.270313
0 0.622222 0.257812 0.612037 0.259896 0.608333 0.262500 0.608333 0.270833 0.614815 0.275000 0.622222 0.274479 0.630556 0.269792 0.629630 0.261458
0 0.601852 0.259896 0.590741 0.258854 0.585185 0.261458 0.581481 0.266146 0.581481 0.269271 0.584259 0.272396 0.591667 0.272917 0.604630 0.268750 0.604630 0.263021
0 0.570370 0.269792 0.561111 0.274479 0.561111 0.279687 0.572222 0.284896 0.579630 0.284375 0.584259 0.282292 0.586111 0.279687 0.585185 0.272396 0.580556 0.269792
0 0.510185 0.270313 0.504630 0.273438 0.501852 0.279687 0.510185 0.284375 0.519444 0.284896 0.525000 0.283854 0.528704 0.281250 0.526852 0.274479 0.518519 0.270313
0 0.483333 0.272396 0.475926 0.272917 0.470370 0.276042 0.467593 0.279167 0.467593 0.283333 0.470370 0.285417 0.480556 0.286458 0.487963 0.283854 0.495370 0.283333 0.493519 0.278125
0 0.433333 0.266667 0.430556 0.269271 0.430556 0.273958 0.439815 0.279167 0.448148 0.279167 0.454630 0.277604 0.462037 0.271875 0.461111 0.267708 0.451852 0.264583 0.442593 0.264583
0 0.425000 0.275521 0.420370 0.277604 0.420370 0.291667 0.425926 0.294271 0.434259 0.294271 0.443519 0.289583 0.444444 0.285938 0.442593 0.281250 0.433333 0.276042
0 0.326852 0.295833 0.321296 0.300521 0.322222 0.305208 0.336111 0.311979 0.347222 0.311979 0.348148 0.302604 0.343519 0.297396 0.338889 0.295312
0 0.377778 0.276042 0.374074 0.278646 0.374074 0.289062 0.377778 0.291667 0.387963 0.291667 0.396296 0.287500 0.398148 0.282813 0.389815 0.276562
0 0.420370 0.271354 0.414815 0.270313 0.402778 0.270833 0.395370 0.273438 0.393519 0.279687 0.399074 0.284896 0.409259 0.285417 0.418519 0.283854 0.422222 0.276042
0 0.218519 0.297396 0.216667 0.304167 0.219444 0.309375 0.227778 0.313021 0.233333 0.313542 0.237963 0.312500 0.245370 0.306771 0.243519 0.301563 0.228704 0.296875
0 0.227778 0.284896 0.225000 0.286458 0.224074 0.291667 0.229630 0.297396 0.237963 0.300000 0.248148 0.298958 0.251852 0.296354 0.251852 0.288542 0.250000 0.285938 0.240741 0.282813
0 0.202778 0.278646 0.198148 0.282292 0.197222 0.287500 0.216667 0.293750 0.220370 0.293750 0.225000 0.288542 0.224074 0.283333 0.212963 0.278646
0 0.195370 0.288542 0.189815 0.291667 0.187963 0.300000 0.197222 0.303125 0.204630 0.303125 0.212037 0.301563 0.215741 0.298958 0.216667 0.295312 0.213889 0.292187 0.205556 0.289062
0 0.155556 0.285938 0.152778 0.291146 0.157407 0.298958 0.168519 0.303125 0.178704 0.302083 0.184259 0.297396 0.184259 0.294271 0.181481 0.291146 0.169444 0.285938
0 0.135185 0.288542 0.129630 0.290625 0.128704 0.292708 0.131481 0.300000 0.138889 0.303646 0.147222 0.303646 0.155556 0.299479 0.154630 0.292187 0.147222 0.289062
0 0.135185 0.271354 0.126852 0.276562 0.126852 0.282292 0.133333 0.285417 0.143519 0.285938 0.150926 0.283333 0.150926 0.278646 0.148148 0.275000 0.142593 0.271875
0 0.152778 0.273958 0.150000 0.275521 0.151852 0.284896 0.154630 0.285938 0.171296 0.285938 0.174074 0.284375 0.173148 0.277083 0.163889 0.272917
0 0.171296 0.266146 0.162963 0.261979 0.152778 0.261979 0.145370 0.265104 0.144444 0.271875 0.149074 0.275000 0.166667 0.273438 0.171296 0.271354
0 0.172222 0.274479 0.171296 0.276042 0.174074 0.279167 0.175000 0.284375 0.180556 0.287500 0.191667 0.288542 0.196296 0.286979 0.198148 0.278646 0.196296 0.275521 0.190741 0.272396 0.182407 0.272396
0 0.188889 0.263542 0.184259 0.267188 0.185185 0.272396 0.197222 0.278125 0.207407 0.278125 0.211111 0.276042 0.212963 0.272396 0.209259 0.265104 0.198148 0.261979
0 0.212037 0.247917 0.212037 0.252083 0.218519 0.256771 0.233333 0.258854 0.239815 0.256250 0.240741 0.251042 0.237963 0.248958 0.229630 0.247396
0 0.218519 0.256771 0.212037 0.259375 0.209259 0.263021 0.211111 0.268229 0.216667 0.271875 0.228704 0.271875 0.237037 0.267188 0.237963 0.263021 0.233333 0.259375
0 0.259259 0.264583 0.252778 0.269271 0.249074 0.276042 0.253704 0.281250 0.263889 0.282292 0.267593 0.281771 0.272222 0.278646 0.273148 0.271354 0.267593 0.265625
0 0.256481 0.286979 0.251852 0.289583 0.251852 0.295833 0.255556 0.298958 0.264815 0.301042 0.274074 0.299479 0.278704 0.295833 0.276852 0.289062 0.267593 0.285938
0 0.283333 0.288021 0.281481 0.290104 0.281481 0.295833 0.285185 0.298958 0.298148 0.300000 0.307407 0.296875 0.308333 0.290625 0.305556 0.288542 0.297222 0.286458 0.287963 0.286458
0 0.319444 0.280208 0.309259 0.283333 0.309259 0.289062 0.312963 0.293229 0.324074 0.295833 0.331481 0.293750 0.333333 0.286458 0.329630 0.281771
0 0.313889 0.266146 0.308333 0.265625 0.302778 0.267188 0.300000 0.269792 0.297222 0.279687 0.302778 0.283333 0.310185 0.283333 0.321296 0.279687 0.323148 0.277604 0.323148 0.271354
0 0.280556 0.261458 0.275926 0.268229 0.276852 0.276562 0.282407 0.279687 0.293519 0.279687 0.298148 0.277083 0.298148 0.269792 0.287963 0.261458
0 0.261111 0.250000 0.255556 0.255208 0.257407 0.260937 0.265741 0.265104 0.275926 0.265104 0.283333 0.260937 0.281481 0.254167 0.273148 0.250000
0 0.246296 0.240625 0.241667 0.243229 0.239815 0.248438 0.245370 0.253646 0.254630 0.254688 0.262037 0.251042 0.263889 0.247396 0.260185 0.242708 0.253704 0.240625
0 0.225926 0.225521 0.222222 0.228125 0.223148 0.234375 0.231481 0.238542 0.242593 0.238542 0.248148 0.233333 0.248148 0.228125 0.240741 0.224479
0 0.234259 0.210938 0.232407 0.217188 0.238889 0.223958 0.247222 0.224479 0.258333 0.220312 0.259259 0.216146 0.250926 0.211458 0.247222 0.210417
0 0.200000 0.184896 0.196296 0.188542 0.198148 0.193750 0.204630 0.196354 0.217593 0.195833 0.220370 0.193229 0.220370 0.189062 0.215741 0.184896 0.212037 0.183333 0.203704 0.183333
0 0.207407 0.195833 0.198148 0.200521 0.195370 0.206250 0.200926 0.211458 0.213889 0.213021 0.222222 0.209375 0.224074 0.205729 0.223148 0.200000 0.216667 0.195833
0 0.169444 0.209896 0.166667 0.212500 0.166667 0.218229 0.169444 0.221354 0.174074 0.222917 0.184259 0.222917 0.192593 0.213542 0.191667 0.211458 0.182407 0.208854
0 0.190741 0.214062 0.185185 0.219792 0.187963 0.225521 0.190741 0.227083 0.210185 0.226042 0.210185 0.220312 0.204630 0.215625 0.198148 0.213542
0 0.183333 0.231771 0.183333 0.236458 0.195370 0.238542 0.212963 0.238021 0.217593 0.234896 0.216667 0.229687 0.209259 0.225521 0.193519 0.226042
0 0.144444 0.248438 0.140741 0.254688 0.141667 0.261979 0.143519 0.263021 0.151852 0.263021 0.161111 0.261458 0.163889 0.256250 0.161111 0.252083 0.152778 0.248438
0 0.134259 0.233854 0.125926 0.238021 0.125000 0.244271 0.130556 0.248438 0.142593 0.248958 0.148148 0.245833 0.148148 0.239063 0.143519 0.234375
0 0.125926 0.222917 0.127778 0.229167 0.135185 0.231771 0.145370 0.232292 0.158333 0.229167 0.157407 0.224479 0.146296 0.218229 0.133333 0.217708
0 0.136111 0.205208 0.129630 0.212500 0.131481 0.216667 0.135185 0.217708 0.150000 0.217708 0.153704 0.216146 0.156481 0.213021 0.153704 0.208854 0.144444 0.204687
0 0.155556 0.189062 0.152778 0.193750 0.157407 0.197396 0.168519 0.201042 0.174074 0.201042 0.178704 0.199479 0.181481 0.191667 0.175926 0.186979 0.165741 0.185938
0 0.138889 0.153646 0.135185 0.155729 0.135185 0.163021 0.141667 0.167708 0.150000 0.168229 0.153704 0.167187 0.160185 0.163021 0.160185 0.157292 0.151852 0.153125
0 0.151852 0.170833 0.147222 0.175521 0.148148 0.179688 0.150926 0.181250 0.161111 0.183333 0.166667 0.183333 0.173148 0.181250 0.175000 0.176042 0.170370 0.170833 0.163889 0.169792
0 0.163889 0.157292 0.161111 0.160417 0.162037 0.167187 0.169444 0.170833 0.178704 0.170833 0.186111 0.166667 0.185185 0.159896 0.177778 0.156250 0.167593 0.156250
0 0.198148 0.153646 0.191667 0.154688 0.187037 0.157812 0.187963 0.166146 0.190741 0.168229 0.196296 0.169271 0.212037 0.163542 0.212037 0.158333 0.206481 0.155208
0 0.204630 0.165104 0.198148 0.168750 0.200926 0.176563 0.208333 0.179688 0.220370 0.178646 0.225926 0.172917 0.225926 0.166146 0.213889 0.164062
0 0.273148 0.173958 0.266667 0.178646 0.266667 0.186458 0.275000 0.191146 0.282407 0.191667 0.289815 0.187500 0.290741 0.181250 0.283333 0.175521
0 0.250000 0.165104 0.251852 0.169271 0.259259 0.174479 0.267593 0.176563 0.276852 0.173958 0.276852 0.166667 0.268519 0.160417 0.259259 0.160417
0 0.300926 0.158854 0.288889 0.159375 0.278704 0.164062 0.277778 0.168229 0.280556 0.171875 0.295370 0.173958 0.305556 0.169792 0.305556 0.163542
0 0.281481 0.141146 0.274074 0.146354 0.275926 0.154688 0.278704 0.156250 0.292593 0.155729 0.297222 0.151042 0.295370 0.145833 0.290741 0.142187
0 0.258333 0.144792 0.253704 0.148958 0.256481 0.156771 0.264815 0.159896 0.274074 0.160938 0.276852 0.157292 0.275000 0.146354 0.269444 0.144271
0 0.237963 0.147917 0.232407 0.151042 0.232407 0.157812 0.238889 0.163542 0.248148 0.165104 0.254630 0.161979 0.255556 0.154167 0.251852 0.148958 0.249074 0.147917
0 0.211111 0.134375 0.205556 0.142187 0.209259 0.147396 0.229630 0.147396 0.234259 0.144271 0.234259 0.138542 0.230556 0.134896 0.222222 0.132292
0 0.185185 0.144792 0.185185 0.148958 0.189815 0.152604 0.200000 0.152604 0.208333 0.150521 0.209259 0.145833 0.204630 0.142708 0.188889 0.142708
0 0.162963 0.139063 0.157407 0.142708 0.157407 0.147396 0.160185 0.151042 0.166667 0.152604 0.178704 0.152604 0.181481 0.151042 0.180556 0.143229 0.170370 0.139063
0 0.129630 0.138542 0.126852 0.142187 0.128704 0.150521 0.135185 0.153125 0.152778 0.152604 0.155556 0.150000 0.154630 0.142187 0.143519 0.138021
0 0.147222 0.130208 0.144444 0.131771 0.143519 0.138021 0.149074 0.141146 0.156481 0.142708 0.165741 0.138542 0.166667 0.134375 0.157407 0.129688
0 0.264815 0.226562 0.252778 0.227604 0.247222 0.232292 0.249074 0.239583 0.260185 0.243229 0.269444 0.241146 0.273148 0.237500 0.273148 0.231250
0 0.226852 0.200000 0.225000 0.205729 0.231481 0.210417 0.237963 0.211458 0.249074 0.210938 0.252778 0.206250 0.252778 0.201042 0.247222 0.197917 0.231481 0.197917
0 0.233333 0.182812 0.226852 0.185417 0.225000 0.192708 0.232407 0.197917 0.245370 0.197917 0.252778 0.193750 0.253704 0.185417 0.247222 0.182292
0 0.257407 0.189583 0.252778 0.194792 0.255556 0.201563 0.265741 0.204687 0.277778 0.203646 0.280556 0.201042 0.278704 0.192708 0.267593 0.189062
0 0.285185 0.195312 0.281481 0.196875 0.279630 0.201042 0.281481 0.207813 0.288889 0.211979 0.297222 0.211979 0.302778 0.209375 0.304630 0.206250 0.303704 0.201042 0.296296 0.195833
0 0.281481 0.219792 0.270370 0.223958 0.270370 0.228646 0.277778 0.232813 0.287963 0.233854 0.294444 0.230208 0.296296 0.224479 0.292593 0.220833
0 0.278704 0.234375 0.275000 0.238542 0.277778 0.245312 0.285185 0.247396 0.295370 0.246354 0.300926 0.241667 0.300000 0.236458 0.291667 0.233854
0 0.314815 0.249479 0.306481 0.251563 0.305556 0.259375 0.309259 0.263021 0.316667 0.264062 0.324074 0.263021 0.330556 0.260417 0.332407 0.255729 0.326852 0.252083
0 0.367593 0.255208 0.362037 0.259375 0.363889 0.267708 0.375000 0.270313 0.385185 0.269271 0.387037 0.268229 0.387037 0.264062 0.384259 0.259896 0.375926 0.255208
0 0.395370 0.257292 0.389815 0.261979 0.390741 0.268229 0.398148 0.271354 0.411111 0.270313 0.413889 0.268750 0.415741 0.264062 0.412963 0.259896 0.406481 0.256771 0.399074 0.256250
0 0.378704 0.233333 0.371296 0.240104 0.370370 0.246875 0.375926 0.251042 0.387037 0.252083 0.397222 0.247917 0.400000 0.245312 0.399074 0.240625 0.386111 0.233333
0 0.377778 0.221875 0.373148 0.226562 0.375000 0.233854 0.378704 0.236458 0.387037 0.235937 0.392593 0.233854 0.395370 0.230729 0.395370 0.227604 0.386111 0.221875
0 0.362963 0.212500 0.356481 0.216146 0.354630 0.221354 0.360185 0.227083 0.372222 0.227604 0.376852 0.225000 0.379630 0.220833 0.377778 0.216667 0.372222 0.213021
0 0.342593 0.220833 0.337037 0.223958 0.337963 0.232292 0.343519 0.235937 0.353704 0.235937 0.359259 0.232292 0.359259 0.226562 0.350926 0.220833
0 0.344444 0.208854 0.336111 0.208333 0.326852 0.211979 0.325000 0.217188 0.327778 0.222917 0.330556 0.224479 0.337037 0.225000 0.350926 0.219792 0.351852 0.213021
0 0.304630 0.221354 0.300926 0.226562 0.303704 0.236458 0.312963 0.238021 0.323148 0.236979 0.325000 0.231771 0.318519 0.222917 0.312963 0.220833
0 0.318519 0.206250 0.311111 0.205729 0.303704 0.208333 0.298148 0.216146 0.301852 0.220312 0.316667 0.219792 0.324074 0.217188 0.325000 0.211979
0 0.305556 0.196875 0.306481 0.202083 0.313889 0.205729 0.322222 0.207292 0.326852 0.206771 0.335185 0.202604 0.335185 0.197917 0.326852 0.192708 0.315741 0.192188
0 0.363889 0.175000 0.363889 0.179167 0.379630 0.186458 0.386111 0.186979 0.388889 0.185938 0.391667 0.182812 0.390741 0.175521 0.381481 0.172396 0.371296 0.171875
0 0.363889 0.180208 0.357407 0.183333 0.350926 0.190104 0.352778 0.193750 0.357407 0.195833 0.368519 0.196354 0.372222 0.194792 0.375926 0.190104 0.375926 0.184896 0.371296 0.181250
0 0.377778 0.190104 0.373148 0.192188 0.370370 0.196354 0.371296 0.203646 0.375926 0.208333 0.385185 0.208854 0.392593 0.206250 0.395370 0.198958 0.393519 0.195833 0.386111 0.191146
0 0.418519 0.230208 0.414815 0.232292 0.413889 0.235937 0.417593 0.241146 0.425926 0.243750 0.437037 0.243229 0.439815 0.240625 0.437037 0.232292 0.428704 0.229167
0 0.493519 0.257292 0.488889 0.267708 0.497222 0.270833 0.504630 0.271354 0.512037 0.270313 0.516667 0.266667 0.514815 0.259375 0.505556 0.256250
0 0.468519 0.227604 0.468519 0.233333 0.475000 0.237500 0.485185 0.239063 0.494444 0.235417 0.494444 0.228646 0.489815 0.225521 0.477778 0.224479
0 0.481481 0.242708 0.480556 0.248438 0.486111 0.255208 0.488889 0.256771 0.499074 0.256771 0.504630 0.250521 0.504630 0.246354 0.501852 0.242708 0.496296 0.241146 0.487963 0.241146
0 0.520370 0.241146 0.514815 0.243750 0.514815 0.248438 0.526852 0.254688 0.534259 0.255208 0.538889 0.254167 0.543519 0.248958 0.543519 0.243229 0.537037 0.240104
0 0.497222 0.228125 0.495370 0.234375 0.502778 0.241146 0.512037 0.241667 0.522222 0.236979 0.524074 0.232292 0.520370 0.229167 0.511111 0.227083 0.500926 0.227083
0 0.516667 0.213021 0.508333 0.215625 0.508333 0.225521 0.513889 0.228646 0.525000 0.229687 0.529630 0.225521 0.529630 0.220312 0.523148 0.214583
0 0.532407 0.221875 0.529630 0.222917 0.527778 0.226562 0.528704 0.232813 0.535185 0.235937 0.544444 0.235417 0.550926 0.229167 0.550000 0.224479 0.544444 0.221875
0 0.550926 0.229167 0.546296 0.232813 0.546296 0.242188 0.554630 0.244271 0.565741 0.243229 0.569444 0.241146 0.569444 0.235417 0.566667 0.231771 0.560185 0.229167
0 0.565741 0.245312 0.561111 0.251563 0.562037 0.255729 0.569444 0.257812 0.585185 0.256771 0.586111 0.251563 0.581481 0.247917 0.574074 0.245312
0 0.597222 0.252604 0.598148 0.258854 0.606481 0.261458 0.619444 0.259375 0.624074 0.256771 0.623148 0.254688 0.616667 0.251042 0.609259 0.248958 0.604630 0.249479
0 0.608333 0.240625 0.599074 0.239583 0.586111 0.240625 0.582407 0.243229 0.582407 0.248958 0.587963 0.253125 0.596296 0.253125 0.601852 0.251563 0.607407 0.248438 0.610185 0.244271
0 0.674074 0.253125 0.669444 0.260417 0.676852 0.265104 0.686111 0.266146 0.693519 0.265625 0.699074 0.263542 0.699074 0.258333 0.691667 0.251042 0.682407 0.251042
0 0.699074 0.247917 0.695370 0.252083 0.698148 0.256771 0.704630 0.260937 0.714815 0.261979 0.724074 0.258333 0.725926 0.256250 0.725000 0.251042 0.720370 0.248438 0.707407 0.246875
0 0.758333 0.252604 0.751852 0.250000 0.742593 0.250000 0.733333 0.252083 0.729630 0.255729 0.728704 0.261979 0.737963 0.264583 0.751852 0.261979 0.759259 0.258333
0 0.742593 0.240104 0.730556 0.240104 0.721296 0.243229 0.720370 0.247917 0.725926 0.252083 0.733333 0.252604 0.744444 0.248438 0.747222 0.242708
0 0.718519 0.233854 0.711111 0.232813 0.699074 0.235417 0.696296 0.240625 0.700926 0.245833 0.712963 0.246875 0.719444 0.245312 0.723148 0.239063
0 0.693519 0.238021 0.683333 0.236458 0.673148 0.239583 0.670370 0.246875 0.673148 0.251563 0.691667 0.252083 0.699074 0.247917 0.700000 0.243750
0 0.642593 0.244271 0.635185 0.243750 0.626852 0.246875 0.624074 0.254688 0.627778 0.258333 0.650000 0.256250 0.650926 0.251563
0 0.636111 0.230729 0.622222 0.231771 0.619444 0.233333 0.614815 0.239583 0.617593 0.243229 0.629630 0.245833 0.640741 0.242708 0.642593 0.241146 0.642593 0.235417
0 0.629630 0.216667 0.622222 0.217708 0.613889 0.224479 0.616667 0.230208 0.621296 0.232292 0.631481 0.231250 0.637963 0.227604 0.637963 0.221354
0 0.600926 0.225000 0.595370 0.228125 0.593519 0.232813 0.604630 0.238542 0.614815 0.238542 0.618519 0.233854 0.614815 0.226562 0.609259 0.224479
0 0.578704 0.226042 0.569444 0.228125 0.566667 0.232813 0.570370 0.239583 0.580556 0.241667 0.587963 0.239583 0.592593 0.230729 0.590741 0.229167
0 0.600000 0.215625 0.593519 0.214583 0.583333 0.218229 0.578704 0.223438 0.581481 0.227604 0.594444 0.228646 0.602778 0.225000 0.604630 0.220312
0 0.573148 0.216146 0.562963 0.216146 0.553704 0.219271 0.552778 0.226042 0.555556 0.228125 0.566667 0.230208 0.576852 0.226562 0.577778 0.219792
0 0.523148 0.212500 0.524074 0.216667 0.532407 0.220312 0.544444 0.220833 0.551852 0.217188 0.550926 0.210938 0.545370 0.207813 0.530556 0.208854
0 0.500926 0.200521 0.494444 0.205208 0.494444 0.211979 0.503704 0.215104 0.517593 0.213021 0.520370 0.210938 0.520370 0.207813 0.516667 0.202604 0.511111 0.200000
0 0.453704 0.185938 0.447222 0.187500 0.440741 0.191146 0.438889 0.197396 0.442593 0.201563 0.455556 0.203646 0.462963 0.200521 0.464815 0.194271 0.460185 0.188021
0 0.417593 0.196354 0.414815 0.198958 0.416667 0.204167 0.426852 0.213021 0.435185 0.213542 0.440741 0.208854 0.442593 0.201042 0.435185 0.196875 0.426852 0.195833
0 0.410185 0.178125 0.404630 0.178125 0.399074 0.179688 0.394444 0.183854 0.396296 0.193229 0.400000 0.196354 0.404630 0.197396 0.409259 0.196875 0.413889 0.194271 0.418519 0.189062 0.418519 0.181771 0.416667 0.179688
0 0.412037 0.164583 0.402778 0.169271 0.402778 0.177083 0.404630 0.178646 0.412037 0.180208 0.420370 0.180208 0.426852 0.175521 0.427778 0.169271 0.424074 0.167187
0 0.425926 0.154167 0.414815 0.158854 0.412963 0.165104 0.422222 0.168229 0.429630 0.168750 0.440741 0.165625 0.441667 0.160938 0.436111 0.155208
0 0.413889 0.148958 0.408333 0.147917 0.399074 0.148958 0.393519 0.155729 0.393519 0.159896 0.399074 0.163021 0.408333 0.163021 0.415741 0.159375 0.418519 0.153646
0 0.399074 0.164062 0.395370 0.162500 0.390741 0.162500 0.375926 0.165104 0.370370 0.168750 0.371296 0.172917 0.393519 0.176563 0.400926 0.170833
0 0.368519 0.152083 0.356481 0.152083 0.343519 0.156771 0.342593 0.160938 0.347222 0.165104 0.360185 0.166667 0.369444 0.164062 0.372222 0.160417 0.372222 0.154688
0 0.321296 0.171354 0.315741 0.172396 0.311111 0.177083 0.309259 0.182292 0.312037 0.185938 0.323148 0.187500 0.331481 0.184896 0.333333 0.180729 0.326852 0.172917
0 0.304630 0.157292 0.303704 0.163021 0.306481 0.168750 0.314815 0.171354 0.325926 0.170833 0.329630 0.166146 0.328704 0.161979 0.320370 0.157812 0.313889 0.156771
0 0.320370 0.149479 0.317593 0.154688 0.323148 0.160417 0.329630 0.164062 0.339815 0.162500 0.341667 0.158333 0.337963 0.152083 0.329630 0.148958 0.323148 0.148438
0 0.335185 0.139583 0.327778 0.142708 0.325000 0.146354 0.325926 0.148438 0.337037 0.152604 0.344444 0.153646 0.348148 0.152083 0.351852 0.147396 0.350926 0.142708 0.345370 0.139583
0 0.364815 0.123958 0.356481 0.123958 0.349074 0.127604 0.344444 0.134896 0.346296 0.138542 0.350000 0.140625 0.356481 0.140104 0.369444 0.135417 0.371296 0.127083
0 0.364815 0.135937 0.353704 0.140104 0.351852 0.142187 0.352778 0.146354 0.362963 0.150521 0.372222 0.150521 0.376852 0.146875 0.378704 0.140625 0.374074 0.136458
0 0.386111 0.124479 0.379630 0.128125 0.376852 0.133333 0.377778 0.139063 0.383333 0.145313 0.390741 0.144271 0.400926 0.135417 0.397222 0.127604
0 0.402778 0.133333 0.396296 0.138542 0.395370 0.143229 0.399074 0.145313 0.405556 0.146354 0.416667 0.145313 0.422222 0.140104 0.421296 0.134375 0.417593 0.132812
0 0.434259 0.139583 0.425000 0.140104 0.419444 0.142187 0.420370 0.147917 0.424074 0.151562 0.428704 0.153125 0.436111 0.153125 0.442593 0.150000 0.442593 0.143229
0 0.571296 0.184896 0.568519 0.187500 0.568519 0.193750 0.570370 0.195833 0.578704 0.198437 0.587963 0.197917 0.592593 0.193750 0.587963 0.187500 0.581481 0.184375
0 0.581481 0.197917 0.577778 0.199479 0.573148 0.205208 0.572222 0.209896 0.579630 0.214062 0.587037 0.214583 0.594444 0.210938 0.596296 0.204167 0.591667 0.198958
0 0.599074 0.205208 0.595370 0.207813 0.597222 0.214062 0.607407 0.219792 0.615741 0.220312 0.618519 0.219271 0.621296 0.212500 0.617593 0.206250 0.608333 0.203646
0 0.642593 0.192708 0.635185 0.191667 0.626852 0.194792 0.623148 0.199479 0.625000 0.205729 0.637963 0.206771 0.646296 0.204167 0.648148 0.202083 0.647222 0.196354