0 0.628704 0.272656 0.623148 0.271615 0.616667 0.271875 0.607407 0.273177 0.603241 0.275521 0.600463 0.279687 0.601852 0.282292 0.606944 0.287240 0.615741 0.287760 0.623611 0.285677 0.625463 0.284635 0.629167 0.280990 0.631481 0.275000
0 0.223611 0.020833 0.218981 0.022396 0.214352 0.025260 0.212963 0.029948 0.214815 0.032813 0.221759 0.037240 0.228241 0.039323 0.231481 0.039844 0.238889 0.039323 0.243056 0.037240 0.246296 0.033333 0.247222 0.028906 0.245370 0.025000 0.241204 0.022135 0.233796 0.020313
0 0.188889 0.040365 0.186111 0.041146 0.181019 0.044792 0.179630 0.048958 0.181944 0.052865 0.196759 0.061198 0.205556 0.061458 0.208796 0.060677 0.212037 0.057292 0.212037 0.054427 0.210185 0.048698 0.203241 0.040885 0.198148 0.039583
0 0.183333 0.067448 0.179630 0.069271 0.176852 0.071875 0.176389 0.076302 0.178704 0.078906 0.184259 0.082292 0.197685 0.086719 0.203241 0.086198 0.205556 0.084375 0.204167 0.081250 0.204167 0.076042 0.205556 0.071875 0.201852 0.068750 0.197685 0.067187 0.190741 0.066146
0 0.211574 0.070833 0.208333 0.071615 0.203704 0.075260 0.204630 0.082292 0.206481 0.084896 0.209722 0.086979 0.218981 0.089063 0.221296 0.087760 0.226852 0.086198 0.231019 0.083854 0.235185 0.079687 0.230556 0.074219 0.227778 0.072656 0.219907 0.070833
0 0.238426 0.055729 0.231481 0.057552 0.226389 0.060417 0.225926 0.064844 0.230556 0.069271 0.238889 0.073958 0.245833 0.075521 0.251389 0.075000 0.254167 0.073438 0.256019 0.068490 0.255556 0.060156 0.251852 0.056510 0.247222 0.055469
0 0.318981 0.044792 0.318056 0.048958 0.322222 0.052865 0.329167 0.055729 0.336574 0.056771 0.346759 0.056771 0.350926 0.055729 0.354167 0.052865 0.355093 0.050000 0.354630 0.044531 0.353241 0.042708 0.349074 0.040625 0.338889 0.039062 0.331481 0.039323 0.325000 0.040885
0 0.356944 0.019010 0.352315 0.021354 0.350000 0.024219 0.350463 0.031250 0.355093 0.035937 0.358796 0.038021 0.364352 0.039062 0.371759 0.038281 0.375000 0.036979 0.377778 0.033594 0.379167 0.029167 0.377315 0.023958 0.373611 0.020833 0.366204 0.018750
0 0.424074 0.025260 0.418981 0.028906 0.418056 0.033073 0.418981 0.037240 0.421759 0.040885 0.426852 0.042969 0.432870 0.043490 0.443519 0.041927 0.448148 0.039323 0.449537 0.037500 0.449537 0.033073 0.446759 0.029427 0.442130 0.026823 0.434259 0.025000 0.426852 0.024740
0 0.482407 0.039844 0.476852 0.038542 0.468056 0.038542 0.455556 0.039323 0.449537 0.040365 0.447222 0.042969 0.446759 0.047396 0.449074 0.052604 0.454167 0.055990 0.461574 0.057292 0.471759 0.055469 0.478241 0.051562 0.483333 0.046354 0.483796 0.041146
0 0.481481 0.051562 0.477315 0.052604 0.473148 0.055990 0.472222 0.065104 0.473611 0.069531 0.475463 0.071094 0.484722 0.071354 0.489815 0.070573 0.498611 0.063021 0.499537 0.058594 0.498611 0.056510 0.492593 0.052865 0.489815 0.052083
0 0.521296 0.054948 0.510185 0.054427 0.500926 0.056510 0.499074 0.058333 0.497222 0.063281 0.495833 0.064062 0.493056 0.064323 0.490741 0.068490 0.493056 0.072396 0.500463 0.076823 0.503241 0.077604 0.510648 0.077344 0.518056 0.075521 0.520370 0.073698 0.521759 0.068750 0.525463 0.061719 0.524074 0.056250
0 0.538426 0.043750 0.531019 0.044792 0.527315 0.048698 0.525463 0.052604 0.526389 0.060156 0.531019 0.062240 0.538426 0.061979 0.553704 0.057031 0.555093 0.055469 0.555556 0.052604 0.547222 0.046615
0 0.578704 0.025260 0.573611 0.023698 0.564815 0.023698 0.557870 0.024479 0.550463 0.026302 0.547685 0.027865 0.546296 0.029687 0.546296 0.033854 0.547685 0.036979 0.550926 0.039844 0.557407 0.041667 0.566667 0.041667 0.574537 0.039323 0.576852 0.038021 0.581481 0.033333 0.581944 0.028906
0 0.593056 0.024740 0.589815 0.026042 0.584722 0.030729 0.583796 0.032292 0.584259 0.035417 0.585648 0.037240 0.588426 0.038281 0.594444 0.039323 0.600926 0.039323 0.604167 0.035677 0.611574 0.032292 0.612500 0.029167 0.610648 0.026823 0.606944 0.025260 0.601389 0.024479
0 0.599074 0.040104 0.593981 0.038802 0.586574 0.038021 0.579167 0.040885 0.572685 0.046094 0.568056 0.052604 0.568519 0.056771 0.571759 0.058594 0.579630 0.059635 0.586111 0.058854 0.590278 0.056510 0.599074 0.054427 0.603241 0.052604 0.604630 0.050521 0.604167 0.045833
0 0.614352 0.032031 0.606019 0.034115 0.602315 0.037240 0.601389 0.041146 0.606019 0.049740 0.607407 0.050781 0.612037 0.051562 0.622685 0.051302 0.634259 0.047396 0.639907 0.046120 0.646713 0.041250 0.636574 0.037240 0.631944 0.034896 0.624074 0.032813
0 0.670370 0.019010 0.662037 0.019010 0.656019 0.020052 0.645833 0.023177 0.640278 0.025781 0.637500 0.028906 0.637500 0.033594 0.639815 0.036458 0.643519 0.038802 0.649074 0.040104 0.656944 0.039583 0.660185 0.038802 0.665741 0.034896 0.672222 0.029167 0.673611 0.025781 0.672222 0.020833
0 0.690741 0.026823 0.685648 0.029167 0.683796 0.031771 0.682407 0.036979 0.682870 0.041406 0.683796 0.043229 0.688426 0.046354 0.690278 0.046875 0.698148 0.046875 0.706019 0.041667 0.714815 0.039323 0.718056 0.037240 0.717130 0.033073 0.707407 0.029167 0.701389 0.027604
0 0.732870 0.040885 0.724537 0.039583 0.717130 0.039323 0.709259 0.040365 0.704630 0.041927 0.700926 0.045052 0.699537 0.048698 0.701389 0.053385 0.704630 0.056510 0.710648 0.058073 0.718981 0.058073 0.731944 0.054427 0.738889 0.048958 0.737037 0.044271
0 0.742593 0.033073 0.740741 0.036719 0.740741 0.041406 0.745370 0.045833 0.754167 0.048177 0.761111 0.048177 0.769907 0.046354 0.773148 0.041406 0.773148 0.036979 0.768056 0.033073 0.761574 0.030990 0.757870 0.030469 0.747222 0.030990
0 0.729630 0.003385 0.727778 0.005208 0.728241 0.010156 0.739352 0.017969 0.745833 0.019531 0.751852 0.019271 0.755093 0.018490 0.760648 0.015104 0.763426 0.010417 0.760648 0.003906 0.754167 0.002344 0.747222 0.002083 0.732407 0.002344
0 0.675926 0.048698 0.669907 0.049479 0.664815 0.052344 0.662963 0.055729 0.662963 0.060677 0.665278 0.064062 0.670370 0.066667 0.677315 0.067448 0.689352 0.064844 0.693056 0.063021 0.694444 0.061458 0.694444 0.055990 0.692593 0.053385 0.688889 0.050781 0.684722 0.049479
0 0.663426 0.039583 0.656019 0.039583 0.646296 0.041406 0.636574 0.048177 0.634722 0.053125 0.637500 0.056771 0.639815 0.058333 0.648611 0.061198 0.656944 0.060677 0.661574 0.058594 0.664352 0.053646 0.668519 0.048958 0.668981 0.044010 0.667130 0.041406
0 0.589352 0.056510 0.590741 0.061458 0.607407 0.069010 0.621759 0.069010 0.628241 0.067448 0.633796 0.064323 0.636111 0.060677 0.635648 0.056771 0.633796 0.054688 0.631944 0.053906 0.622685 0.052604 0.607407 0.052604
0 0.566204 0.065365 0.562500 0.064844 0.551389 0.065104 0.539815 0.067187 0.533333 0.069010 0.531019 0.072135 0.530556 0.076302 0.534259 0.082031 0.537963 0.083594 0.545833 0.084896 0.554630 0.081250 0.563426 0.076302 0.568519 0.071615 0.569907 0.068229
0 0.586574 0.063281 0.578704 0.065365 0.573611 0.067969 0.572685 0.072396 0.575926 0.077865 0.582407 0.083073 0.585185 0.084375 0.593981 0.085677 0.600926 0.083333 0.603241 0.081510 0.605556 0.072135 0.604167 0.068490 0.599537 0.065365 0.593981 0.063802
0 0.607870 0.071094 0.605093 0.074479 0.604167 0.080729 0.606944 0.082812 0.615278 0.084635 0.627778 0.085417 0.635648 0.084115 0.635648 0.080729 0.633333 0.076302 0.623148 0.070312 0.619907 0.069531 0.612963 0.069271
0 0.659722 0.063281 0.654630 0.063281 0.649074 0.064844 0.644444 0.067448 0.642593 0.069792 0.641204 0.076563 0.643981 0.079687 0.649074 0.082031 0.656944 0.082552 0.665741 0.081250 0.672222 0.077344 0.675463 0.072396 0.673148 0.068229 0.667130 0.065104
0 0.672222 0.068229 0.677315 0.070312 0.679630 0.072656 0.683333 0.073438 0.689352 0.077604 0.697685 0.079948 0.706944 0.079167 0.711111 0.077344 0.714815 0.072656 0.715741 0.069271 0.713889 0.064583 0.706481 0.062760 0.693981 0.063281 0.689352 0.064844 0.679167 0.065885
0 0.676389 0.079167 0.672222 0.080729 0.670370 0.082812 0.669907 0.084635 0.671296 0.089323 0.676852 0.094010 0.683796 0.097656 0.691204 0.097917 0.696759 0.095833 0.703241 0.091406 0.704630 0.088542 0.703704 0.082812 0.701389 0.080729 0.691667 0.078125
0 0.666204 0.085938 0.658796 0.084635 0.650000 0.085156 0.639815 0.087760 0.633333 0.091406 0.634259 0.098437 0.641204 0.104167 0.646759 0.104948 0.650463 0.104688 0.652315 0.103646 0.654167 0.099740 0.658333 0.096615 0.663889 0.093490 0.668981 0.091927 0.668519 0.087500
0 0.672685 0.092708 0.668519 0.092448 0.663426 0.093229 0.655556 0.097917 0.651389 0.104688 0.650926 0.108594 0.652778 0.111979 0.656019 0.114062 0.663426 0.114062 0.669444 0.112760 0.681019 0.108854 0.684259 0.106510 0.685648 0.103646 0.684259 0.098698 0.681019 0.096354
0 0.696759 0.102865 0.693056 0.103385 0.687037 0.105990 0.684722 0.110937 0.684259 0.116146 0.686111 0.119271 0.690278 0.122135 0.690741 0.123698 0.695370 0.125521 0.699074 0.125781 0.702778 0.124479 0.708796 0.118750 0.713889 0.111719 0.713889 0.108333 0.711574 0.105729 0.706944 0.103385
0 0.613426 0.086198 0.607870 0.087760 0.604630 0.089583 0.603241 0.091146 0.603241 0.096354 0.606481 0.103385 0.611111 0.108073 0.614352 0.109635 0.621759 0.109635 0.629167 0.105990 0.631481 0.103646 0.631481 0.091406 0.625463 0.086979 0.622222 0.086198
0 0.584722 0.084375 0.580093 0.085156 0.577315 0.086719 0.572685 0.091146 0.570370 0.095833 0.573611 0.100521 0.576852 0.102604 0.579167 0.103385 0.587037 0.103646 0.592130 0.102344 0.594907 0.100781 0.598611 0.095833 0.598611 0.091406 0.593056 0.085677 0.587963 0.084375
0 0.572222 0.078385 0.564352 0.078125 0.558796 0.079427 0.548148 0.083854 0.544907 0.087760 0.545370 0.092448 0.547685 0.095312 0.550000 0.096875 0.558333 0.099479 0.565741 0.098698 0.569907 0.096354 0.575463 0.086979 0.575000 0.080729
0 0.527778 0.077344 0.517130 0.075521 0.505556 0.078125 0.500463 0.080729 0.497685 0.084115 0.499074 0.087760 0.507407 0.090625 0.509722 0.091927 0.510185 0.093229 0.517593 0.093229 0.521759 0.090625 0.526389 0.089063 0.530093 0.086458 0.531019 0.084635 0.531019 0.079427
0 0.489815 0.072656 0.485185 0.071615 0.474537 0.071094 0.468519 0.071354 0.458796 0.073698 0.455093 0.076042 0.454167 0.081771 0.456944 0.086719 0.461574 0.088802 0.469444 0.088542 0.479630 0.087240 0.488426 0.084375 0.493519 0.080990 0.494444 0.076042
0 0.426852 0.056510 0.419907 0.057552 0.414352 0.060417 0.412500 0.065104 0.413889 0.068750 0.417593 0.069792 0.427778 0.071094 0.435648 0.068490 0.438889 0.064323 0.438889 0.059896 0.434259 0.057292
0 0.412037 0.069010 0.405556 0.070573 0.400926 0.073958 0.398148 0.079687 0.399537 0.084635 0.400926 0.086719 0.406019 0.088802 0.412037 0.089323 0.420370 0.089063 0.428241 0.085938 0.430093 0.084375 0.431019 0.079687 0.429167 0.074479 0.426852 0.071354 0.424074 0.070052 0.420370 0.069271
0 0.439815 0.082292 0.433796 0.083333 0.432407 0.084896 0.430556 0.091406 0.430556 0.100000 0.433796 0.101562 0.441204 0.102344 0.446296 0.097135 0.454167 0.092188 0.456019 0.087500 0.451852 0.083854
0 0.409722 0.090365 0.406481 0.091667 0.403704 0.094271 0.402778 0.096875 0.403241 0.100521 0.406019 0.103906 0.410185 0.105990 0.412500 0.106510 0.420370 0.106250 0.428241 0.102604 0.430093 0.100521 0.429630 0.094271 0.427315 0.092448 0.413426 0.089844
0 0.475926 0.088542 0.468056 0.088542 0.462500 0.089583 0.456944 0.091406 0.447685 0.096354 0.443981 0.100260 0.443519 0.104427 0.444444 0.107031 0.448148 0.109635 0.462037 0.112240 0.468056 0.110417 0.473148 0.107552 0.478241 0.099740 0.479167 0.091146
0 0.487037 0.090104 0.484259 0.091667 0.481481 0.095573 0.480556 0.099740 0.482407 0.102344 0.487500 0.104427 0.500926 0.105990 0.503241 0.106771 0.506944 0.105990 0.510185 0.103646 0.511574 0.100521 0.512037 0.095312 0.509259 0.091927 0.504167 0.089323 0.496759 0.088281
0 0.533333 0.089063 0.530093 0.088542 0.524074 0.089323 0.515278 0.094531 0.512500 0.099740 0.513889 0.103385 0.515741 0.104688 0.523611 0.105990 0.530093 0.105990 0.537963 0.104948 0.541204 0.103646 0.543056 0.100521 0.542593 0.095312 0.540278 0.092448
0 0.559722 0.101562 0.551389 0.102083 0.546759 0.103385 0.543519 0.105208 0.540741 0.109635 0.541204 0.116406 0.543519 0.118750 0.552315 0.120313 0.554630 0.119010 0.563426 0.116406 0.566667 0.114583 0.568981 0.111719 0.568981 0.107292 0.566204 0.103385
0 0.517130 0.107031 0.513426 0.108854 0.512037 0.110937 0.511574 0.115625 0.513426 0.117708 0.516204 0.119271 0.524074 0.121615 0.531481 0.121615 0.535185 0.120313 0.539815 0.117708 0.540741 0.116406 0.540278 0.110156 0.538889 0.108073 0.533333 0.106771
0 0.610185 0.106510 0.607407 0.104948 0.600926 0.103646 0.584259 0.104167 0.577315 0.105208 0.574074 0.107292 0.574074 0.112240 0.577778 0.118490 0.581019 0.119792 0.587500 0.120052 0.596759 0.118229 0.604167 0.114323 0.607407 0.110677 0.609722 0.109635 0.611111 0.107813
0 0.640741 0.106771 0.635648 0.105729 0.628704 0.106771 0.625463 0.107813 0.618981 0.111719 0.609259 0.115365 0.608796 0.119271 0.618981 0.126042 0.621759 0.126823 0.628241 0.127344 0.631944 0.126562 0.645370 0.119531 0.646759 0.115365 0.645833 0.111198 0.643981 0.108594
0 0.832407 0.000000 0.821296 0.000000 0.821296 0.001823 0.814352 0.004948 0.807870 0.009635 0.805093 0.013542 0.807407 0.017969 0.813426 0.020573 0.815741 0.021094 0.823611 0.021094 0.831019 0.019531 0.836111 0.016667 0.838426 0.013802 0.838426 0.008594 0.836111 0.004167 0.832407 0.001823
0 0.822685 0.028646 0.817593 0.033073 0.816204 0.036719 0.816667 0.041146 0.818981 0.044271 0.822685 0.046094 0.827778 0.047135 0.837037 0.046875 0.846759 0.044792 0.851852 0.041146 0.852315 0.036979 0.849074 0.034375 0.837963 0.029167 0.830556 0.027083
0 0.773611 0.017188 0.766667 0.018750 0.762963 0.020573 0.759722 0.024740 0.759722 0.026823 0.762963 0.031510 0.770370 0.034635 0.775463 0.038802 0.781481 0.040365 0.788426 0.038542 0.791204 0.036719 0.793056 0.029687 0.792593 0.025000 0.788426 0.019010 0.781944 0.017188
0 0.810185 0.043229 0.800926 0.043490 0.793981 0.045052 0.789815 0.047396 0.787037 0.051823 0.789815 0.057292 0.798148 0.062240 0.801852 0.063542 0.808333 0.063021 0.816204 0.059896 0.820833 0.056771 0.822685 0.053385 0.821759 0.048698 0.819907 0.046354 0.815741 0.044531
0 0.871296 0.034635 0.866204 0.037500 0.859722 0.044010 0.857407 0.048958 0.859722 0.052083 0.862500 0.053906 0.868981 0.055208 0.877778 0.055208 0.883333 0.053646 0.884722 0.052083 0.885185 0.047917 0.883796 0.042448 0.879167 0.035156
0 0.919444 0.026302 0.916204 0.025260 0.905093 0.025000 0.898611 0.025781 0.892130 0.027604 0.887963 0.029427 0.886574 0.032292 0.887037 0.035156 0.888889 0.037760 0.892130 0.039844 0.899074 0.041667 0.907407 0.040365 0.912963 0.038021 0.918519 0.034115 0.920833 0.029948
0 0.921759 0.050521 0.913889 0.049740 0.911111 0.050000 0.906019 0.051823 0.903241 0.054688 0.900000 0.059896 0.898611 0.064583 0.900000 0.069271 0.902315 0.070833 0.905093 0.071615 0.913889 0.071354 0.922685 0.068490 0.930556 0.060937 0.930093 0.055208 0.927778 0.052865
0 0.858333 0.075781 0.856019 0.077083 0.854167 0.080469 0.859722 0.087240 0.867130 0.092448 0.871296 0.094271 0.878704 0.094271 0.887500 0.090625 0.890278 0.088281 0.891204 0.083594 0.887500 0.080469 0.872222 0.076042 0.864815 0.075000
0 0.850926 0.096875 0.843519 0.097135 0.839815 0.098177 0.829167 0.103385 0.830093 0.107292 0.836111 0.111458 0.839815 0.116406 0.842593 0.117448 0.850926 0.117708 0.856019 0.116406 0.858796 0.115104 0.861574 0.111719 0.862037 0.106771 0.860185 0.102604 0.856481 0.098698
0 0.829630 0.072135 0.822685 0.074479 0.819444 0.076823 0.814815 0.084375 0.817593 0.089063 0.820833 0.090885 0.830556 0.092448 0.836574 0.091667 0.845833 0.088281 0.849074 0.083854 0.846296 0.078906 0.843981 0.077604 0.837037 0.076302
0 0.834722 0.059635 0.829630 0.061979 0.825463 0.067708 0.825926 0.072396 0.827778 0.073438 0.835185 0.075000 0.843519 0.078125 0.850000 0.077344 0.857870 0.074479 0.859259 0.072656 0.859722 0.068229 0.856019 0.064323 0.844444 0.059896 0.839352 0.059375
0 0.767593 0.047135 0.757407 0.049219 0.754167 0.051042 0.752778 0.052604 0.751852 0.056250 0.752315 0.060417 0.754630 0.063542 0.758796 0.065104 0.766204 0.066667 0.768056 0.066667 0.772685 0.065104 0.777778 0.062240 0.781944 0.057031 0.781481 0.052604 0.780093 0.050781 0.777315 0.049219
0 0.725463 0.055990 0.721759 0.057552 0.719444 0.059896 0.717130 0.064062 0.718056 0.068229 0.722222 0.070312 0.734259 0.071875 0.740278 0.073958 0.746296 0.071354 0.749074 0.068490 0.748148 0.064323 0.742130 0.058854 0.734722 0.055469 0.731944 0.054948
0 0.725463 0.071094 0.711111 0.079167 0.709259 0.084115 0.712500 0.087240 0.718519 0.089583 0.724537 0.090625 0.733333 0.090365 0.737963 0.089063 0.743519 0.084635 0.742593 0.079167 0.740741 0.075781 0.736574 0.072656 0.732870 0.071094
0 0.760648 0.065885 0.753241 0.066667 0.748148 0.070833 0.743981 0.075781 0.743519 0.080729 0.744444 0.084115 0.750463 0.086458 0.758796 0.086719 0.763426 0.085938 0.768056 0.084115 0.772222 0.080208 0.772222 0.075000 0.767130 0.069531
0 0.788426 0.090104 0.780556 0.090104 0.773611 0.092188 0.757870 0.103385 0.759259 0.105990 0.762500 0.107031 0.766667 0.107292 0.774074 0.112760 0.781019 0.111458 0.784259 0.109635 0.789815 0.103646 0.790278 0.094531
0 0.793056 0.092969 0.790278 0.097396 0.789815 0.101562 0.790741 0.104948 0.793519 0.107031 0.799537 0.108333 0.809259 0.108854 0.825926 0.104427 0.827315 0.102083 0.827315 0.099219 0.821759 0.094010 0.816204 0.092708 0.809259 0.090104 0.802315 0.089323 0.796296 0.090885
0 0.821759 0.105469 0.814815 0.107292 0.812963 0.108333 0.806944 0.115365 0.807870 0.119531 0.812963 0.124219 0.816204 0.125521 0.823611 0.126042 0.835185 0.123177 0.837963 0.119792 0.838889 0.115104 0.833796 0.109375 0.827315 0.105990
0 0.837500 0.123958 0.829167 0.123958 0.824537 0.125260 0.819444 0.127604 0.817593 0.129688 0.817130 0.131771 0.818519 0.134896 0.824074 0.139063 0.827778 0.140365 0.830093 0.140625 0.837963 0.138281 0.844444 0.134375 0.845370 0.130208 0.843981 0.127344
0 0.870370 0.119531 0.862500 0.122396 0.859259 0.125260 0.857407 0.129427 0.858796 0.134375 0.864352 0.139583 0.870370 0.142187 0.874537 0.142708 0.878241 0.144271 0.885648 0.144271 0.889352 0.138281 0.889815 0.135677 0.888426 0.126823 0.886574 0.123177 0.882407 0.120313 0.879630 0.119531
0 0.845370 0.161719 0.844907 0.166146 0.846759 0.169531 0.849537 0.170833 0.868981 0.171354 0.879167 0.170313 0.884259 0.167187 0.887037 0.162760 0.885648 0.159115 0.880556 0.158073 0.868056 0.157292 0.855556 0.157292 0.849537 0.158073 0.846759 0.159635
0 0.833333 0.150781 0.825463 0.152083 0.818519 0.155729 0.816204 0.158333 0.815741 0.162760 0.820370 0.170052 0.824537 0.173698 0.829630 0.175781 0.837037 0.176563 0.841667 0.174479 0.843056 0.172396 0.844444 0.167708 0.844907 0.158073 0.842593 0.152604 0.839352 0.151042
0 0.812500 0.164844 0.810185 0.164323 0.802778 0.164583 0.787963 0.168229 0.786574 0.170573 0.786111 0.174479 0.788426 0.177865 0.791667 0.179688 0.798611 0.181250 0.805093 0.181510 0.811111 0.180990 0.815741 0.178906 0.817593 0.174479 0.817130 0.170313 0.815741 0.166927
0 0.774537 0.150781 0.771296 0.154427 0.773611 0.158073 0.778704 0.161458 0.793981 0.165885 0.798611 0.165625 0.804167 0.163281 0.807870 0.159375 0.809722 0.154948 0.809259 0.152083 0.806944 0.149740 0.802778 0.148438 0.794907 0.147656
0 0.814815 0.133854 0.808796 0.133594 0.800000 0.136198 0.796296 0.138802 0.793981 0.141927 0.795370 0.146615 0.808796 0.150521 0.816204 0.149740 0.821759 0.146615 0.824074 0.143229 0.823611 0.139844 0.821296 0.136719 0.818056 0.134635
0 0.787963 0.113021 0.786111 0.114583 0.785648 0.116927 0.786574 0.122917 0.786111 0.127865 0.787500 0.133594 0.788889 0.135156 0.795833 0.136979 0.804630 0.134635 0.808796 0.132552 0.811574 0.127865 0.811574 0.123958 0.808796 0.120573 0.806944 0.116146 0.804630 0.114323 0.796759 0.113021
0 0.781481 0.117969 0.774074 0.117188 0.763426 0.123958 0.759259 0.128125 0.757870 0.130469 0.757870 0.134896 0.759722 0.136979 0.765741 0.139323 0.770833 0.139844 0.779630 0.139323 0.783796 0.137500 0.786574 0.135156 0.785648 0.121875 0.784259 0.119010
0 0.760648 0.105729 0.751852 0.106510 0.748611 0.107552 0.745370 0.109896 0.742593 0.115365 0.743981 0.120573 0.747685 0.123438 0.753241 0.125000 0.761111 0.125260 0.768056 0.121354 0.772222 0.116667 0.772222 0.110937 0.767130 0.107292 0.764352 0.107031
0 0.725463 0.092969 0.721296 0.094531 0.717130 0.099219 0.715741 0.103646 0.718519 0.107292 0.722222 0.109375 0.729630 0.110677 0.737037 0.110677 0.742593 0.109635 0.748611 0.105208 0.750463 0.099740 0.749537 0.095833 0.746296 0.094010 0.739815 0.092708 0.730093 0.092448
0 0.737500 0.112760 0.734722 0.111719 0.726389 0.110417 0.715278 0.112500 0.711574 0.114583 0.703704 0.122917 0.705093 0.125521 0.708333 0.126823 0.718981 0.127604 0.729167 0.127604 0.736574 0.126302 0.741204 0.123177 0.741204 0.118229
0 0.739815 0.129167 0.732407 0.129688 0.727778 0.132292 0.720833 0.134635 0.716667 0.138021 0.716667 0.142448 0.719444 0.146354 0.721296 0.147396 0.724537 0.148177 0.732407 0.148177 0.741667 0.143490 0.744444 0.139844 0.745370 0.134635 0.743519 0.130990
0 0.750463 0.140625 0.747222 0.142448 0.743981 0.146354 0.745833 0.152344 0.750000 0.154427 0.759259 0.157031 0.768519 0.156250 0.772685 0.150521 0.772222 0.145052 0.769907 0.140625 0.766667 0.139323 0.762037 0.138802
0 0.719907 0.148958 0.712963 0.151562 0.709259 0.155208 0.708796 0.161719 0.711111 0.164062 0.718981 0.167708 0.726389 0.168229 0.730556 0.167187 0.734722 0.163802 0.735648 0.161719 0.735185 0.153385 0.733796 0.151302 0.730556 0.149479 0.726389 0.148698
0 0.698148 0.131771 0.694444 0.134635 0.689352 0.142969 0.688426 0.146875 0.690278 0.150000 0.697222 0.154167 0.706019 0.154427 0.711111 0.152604 0.715278 0.146875 0.714815 0.139063 0.710648 0.133333 0.706481 0.131510
0 0.676389 0.118229 0.668981 0.120052 0.663889 0.122396 0.661574 0.124219 0.660648 0.126562 0.662963 0.132292 0.666204 0.134896 0.677315 0.139323 0.685185 0.140625 0.688426 0.139063 0.692130 0.134375 0.693056 0.130990 0.692593 0.126823 0.690741 0.124479 0.690741 0.122917 0.685648 0.118750 0.684259 0.118229
0 0.648148 0.120052 0.641204 0.121354 0.637500 0.123177 0.631019 0.128906 0.628241 0.135417 0.630556 0.138802 0.632870 0.140104 0.642130 0.141667 0.649537 0.141927 0.653241 0.141146 0.655556 0.139844 0.660648 0.135417 0.661111 0.130469 0.660185 0.125781 0.657870 0.122656 0.653241 0.120573
0 0.600463 0.118490 0.594907 0.121354 0.589815 0.126562 0.589352 0.131510 0.590741 0.133073 0.593519 0.134375 0.604630 0.136198 0.614352 0.140104 0.621759 0.139323 0.624074 0.137240 0.625000 0.134375 0.619907 0.127083 0.607870 0.117969
0 0.554167 0.119010 0.553704 0.123958 0.561111 0.129167 0.571759 0.130990 0.575926 0.130990 0.580556 0.129688 0.582407 0.126302 0.579630 0.121094 0.574537 0.116927 0.568981 0.115885 0.564815 0.115885
0 0.564815 0.129948 0.558796 0.132552 0.554167 0.138542 0.554630 0.141406 0.558333 0.146354 0.559722 0.151562 0.561574 0.153906 0.565278 0.154948 0.573148 0.155469 0.578241 0.153385 0.582870 0.146875 0.583796 0.142708 0.583333 0.138802 0.578704 0.133073 0.576852 0.132031 0.567130 0.129948
0 0.601389 0.135417 0.592130 0.135937 0.588426 0.138021 0.585185 0.141146 0.579630 0.154688 0.586111 0.157552 0.593056 0.157552 0.595833 0.156771 0.605093 0.151562 0.611574 0.146615 0.612500 0.141406 0.611111 0.138542
0 0.176852 0.095312 0.174537 0.096875 0.172685 0.099740 0.174074 0.104167 0.178241 0.108073 0.183333 0.110677 0.190741 0.111719 0.198148 0.110937 0.201389 0.109896 0.203704 0.108073 0.205093 0.103385 0.200463 0.096615 0.197222 0.094792 0.191204 0.093490 0.183333 0.093490
0 0.204630 0.090104 0.200000 0.095833 0.201852 0.099479 0.206019 0.103385 0.210648 0.105208 0.218981 0.104688 0.225463 0.103385 0.227778 0.100260 0.227315 0.096094 0.219907 0.090104 0.212037 0.088281
0 0.247685 0.092448 0.236574 0.093490 0.232407 0.095312 0.229167 0.095833 0.227315 0.097917 0.227778 0.103646 0.234259 0.107552 0.238889 0.108854 0.247222 0.108854 0.250926 0.107552 0.254630 0.104948 0.254167 0.096354 0.252315 0.094271
0 0.255093 0.076563 0.245833 0.075521 0.237963 0.077865 0.234722 0.082552 0.233333 0.087760 0.234259 0.091927 0.235648 0.092708 0.240278 0.093229 0.246296 0.092188 0.259259 0.091146 0.266204 0.088281 0.266667 0.083333 0.265278 0.081771
0 0.294444 0.074219 0.281481 0.073698 0.268519 0.076042 0.264815 0.080208 0.267130 0.084896 0.272685 0.089063 0.278704 0.090365 0.288426 0.089844 0.295370 0.087500 0.301852 0.084115 0.304630 0.079948 0.300000 0.076042
0 0.299537 0.060156 0.296759 0.064583 0.298148 0.072396 0.300463 0.076042 0.303241 0.077865 0.308333 0.078906 0.318519 0.077083 0.323611 0.074740 0.326389 0.072396 0.325926 0.067969 0.324537 0.066406 0.321296 0.064323 0.312037 0.060417 0.306944 0.059635 0.301389 0.059635
0 0.346296 0.067969 0.338889 0.067969 0.332407 0.069531 0.327315 0.072396 0.321759 0.077344 0.321759 0.080990 0.325926 0.083333 0.336111 0.087240 0.344907 0.086979 0.347222 0.085677 0.350463 0.080729 0.353241 0.078385 0.353241 0.071354 0.350000 0.069010
0 0.363426 0.060937 0.357407 0.063542 0.354167 0.067969 0.353704 0.077604 0.354167 0.080208 0.356481 0.081510 0.364815 0.083333 0.370833 0.082031 0.373611 0.079948 0.379630 0.077604 0.381019 0.076563 0.379167 0.070573 0.375463 0.066406 0.368981 0.061979 0.365741 0.060937
0 0.378241 0.077083 0.371759 0.079687 0.369444 0.081771 0.368519 0.084635 0.370370 0.087760 0.376389 0.091667 0.385648 0.094792 0.390741 0.095573 0.392593 0.096875 0.396759 0.094531 0.398611 0.091406 0.399074 0.087500 0.396296 0.082552 0.393981 0.080469 0.388426 0.077604 0.386111 0.077083
0 0.371296 0.096094 0.366204 0.100000 0.364352 0.103125 0.365741 0.109896 0.367593 0.111458 0.377778 0.113542 0.385185 0.113021 0.390741 0.110677 0.393056 0.107552 0.393056 0.099479 0.385648 0.096354 0.381019 0.095833
0 0.350463 0.082031 0.345833 0.087500 0.349074 0.092448 0.350463 0.097135 0.356944 0.100000 0.364815 0.100781 0.366667 0.099740 0.369907 0.095833 0.371296 0.091927 0.368981 0.086458 0.366204 0.084635 0.357870 0.082292
0 0.317130 0.083594 0.315741 0.084375 0.314815 0.087240 0.314815 0.092188 0.321296 0.101302 0.328241 0.102865 0.336574 0.102604 0.342593 0.101042 0.347222 0.098958 0.349537 0.096094 0.348611 0.091667 0.345370 0.089323 0.336111 0.086979 0.323148 0.082031
0 0.290741 0.090365 0.288426 0.091667 0.287500 0.096615 0.288889 0.100260 0.293056 0.104167 0.297222 0.106510 0.301852 0.108073 0.309722 0.107552 0.313889 0.106250 0.318519 0.103646 0.319907 0.100781 0.319907 0.099219 0.314815 0.092188 0.312500 0.090885 0.307407 0.090104 0.294444 0.089583
0 0.256481 0.095573 0.254630 0.099219 0.255093 0.103646 0.256944 0.106510 0.261111 0.109115 0.267593 0.110677 0.275000 0.108594 0.282870 0.107552 0.285185 0.103646 0.284722 0.099479 0.279167 0.095573 0.274074 0.094271 0.261574 0.094010 0.259259 0.094271
0 0.268981 0.111198 0.268981 0.115365 0.272222 0.117708 0.274074 0.121094 0.277778 0.122656 0.281019 0.122917 0.288426 0.125260 0.295370 0.125260 0.300000 0.122917 0.303704 0.119010 0.301389 0.115625 0.300463 0.110937 0.299074 0.109375 0.296759 0.108594 0.281019 0.108333
0 0.304167 0.109375 0.301852 0.111198 0.301852 0.116146 0.306019 0.123438 0.314815 0.128906 0.322685 0.131771 0.327778 0.131250 0.332870 0.129688 0.336111 0.127604 0.338889 0.123177 0.337963 0.119792 0.334259 0.115104 0.325926 0.111458 0.316204 0.108594 0.307870 0.108333
0 0.342593 0.122917 0.338889 0.125781 0.336111 0.130729 0.339352 0.136198 0.343519 0.137760 0.350000 0.138542 0.357870 0.138281 0.362963 0.137240 0.367130 0.133073 0.368056 0.130208 0.361574 0.123438 0.357870 0.122135 0.348611 0.121615
0 0.364352 0.113542 0.361574 0.115625 0.359722 0.118229 0.359722 0.123177 0.369444 0.129427 0.372222 0.129948 0.378704 0.128906 0.381944 0.127083 0.385185 0.123698 0.385185 0.118490 0.380556 0.114583 0.372222 0.112760
0 0.358796 0.102604 0.351389 0.101823 0.342130 0.102865 0.333333 0.105469 0.331944 0.106771 0.332407 0.111979 0.333796 0.114062 0.338889 0.117969 0.342593 0.119010 0.350926 0.118229 0.356481 0.116146 0.362037 0.113021 0.363426 0.111719 0.363426 0.107031
0 0.406481 0.105990 0.398148 0.107292 0.394444 0.109375 0.387963 0.114844 0.387963 0.120052 0.388889 0.121354 0.392130 0.122917 0.403241 0.123958 0.410185 0.123958 0.412500 0.123438 0.416204 0.119271 0.414815 0.111719 0.412963 0.109375
0 0.426389 0.104948 0.418981 0.107031 0.417130 0.108333 0.415741 0.110937 0.417130 0.117188 0.418519 0.119010 0.425926 0.122917 0.434722 0.123438 0.438889 0.121875 0.440741 0.119792 0.441667 0.115104 0.443981 0.111719 0.443519 0.109375 0.442130 0.107552 0.438889 0.106250
0 0.442130 0.115104 0.441667 0.119792 0.443056 0.123177 0.448611 0.127344 0.456019 0.127344 0.464815 0.125000 0.470833 0.122656 0.473611 0.120052 0.473148 0.117969 0.468519 0.114323 0.464815 0.112760 0.458796 0.111719 0.447222 0.111719
0 0.469444 0.110677 0.469907 0.115365 0.475463 0.119792 0.479167 0.120833 0.489352 0.121875 0.496759 0.121094 0.501852 0.119271 0.504630 0.116667 0.504167 0.107292 0.499537 0.105729 0.493519 0.105208 0.482407 0.105469 0.474537 0.107813
0 0.506481 0.118229 0.498148 0.120833 0.495833 0.122917 0.495833 0.127083 0.499537 0.131510 0.502315 0.133073 0.510185 0.135417 0.517593 0.135417 0.521296 0.134375 0.526852 0.131250 0.528241 0.128125 0.527315 0.123698 0.517130 0.119531 0.511111 0.117969
0 0.537963 0.121354 0.532407 0.123177 0.529630 0.125781 0.528241 0.129688 0.528241 0.135156 0.529630 0.138021 0.532870 0.140104 0.537963 0.141146 0.550463 0.140104 0.552315 0.139583 0.556944 0.135417 0.558333 0.131250 0.557407 0.128385 0.551852 0.123438
0 0.551389 0.141146 0.544444 0.140885 0.539815 0.141667 0.536574 0.142708 0.531481 0.146094 0.531481 0.150781 0.532870 0.154948 0.535185 0.157552 0.537963 0.159115 0.545370 0.159635 0.557407 0.153125 0.558333 0.151042 0.557870 0.146094
0 0.500463 0.142448 0.502315 0.150521 0.504167 0.152604 0.507870 0.153385 0.511574 0.153385 0.527778 0.150521 0.529630 0.145573 0.529167 0.142187 0.526852 0.139844 0.517593 0.137760 0.510185 0.137760
0 0.478704 0.140104 0.475926 0.141927 0.473611 0.146354 0.477315 0.150781 0.482407 0.152344 0.494907 0.153385 0.497685 0.153125 0.500926 0.150521 0.500926 0.145573 0.498148 0.142187 0.490278 0.139323 0.482870 0.139323
0 0.476852 0.121615 0.471296 0.124740 0.470370 0.130990 0.476852 0.137240 0.480556 0.139323 0.490278 0.139063 0.493981 0.137500 0.496759 0.134896 0.497222 0.130208 0.493056 0.124219 0.487500 0.121875 0.483796 0.121354
0 0.453704 0.127865 0.450000 0.129427 0.446759 0.133073 0.444907 0.142708 0.448148 0.146615 0.453704 0.148958 0.462963 0.148958 0.471296 0.145833 0.476852 0.138542 0.473611 0.134375 0.466204 0.129427 0.462500 0.127865
0 0.441204 0.127083 0.434259 0.126042 0.426852 0.127083 0.421759 0.128646 0.417130 0.130990 0.415278 0.134635 0.416667 0.138542 0.419907 0.141667 0.424074 0.144010 0.435648 0.144792 0.440278 0.144271 0.443519 0.142969 0.445370 0.140104 0.445833 0.132292 0.444907 0.129427
0 0.428704 0.145833 0.426852 0.147135 0.425926 0.150000 0.426852 0.153906 0.430093 0.157812 0.439815 0.164323 0.443519 0.164844 0.448611 0.164844 0.453704 0.163281 0.456944 0.161198 0.458333 0.159115 0.457407 0.153906 0.455093 0.150521 0.448148 0.146875 0.442130 0.145313
0 0.462500 0.154167 0.461111 0.156510 0.461111 0.158854 0.467593 0.165885 0.469444 0.166927 0.474074 0.168229 0.488426 0.170573 0.494907 0.169531 0.499074 0.167187 0.500926 0.165104 0.501852 0.161198 0.500463 0.156510 0.497685 0.154427 0.492130 0.153125 0.477315 0.151562 0.468519 0.152344
0 0.526389 0.151562 0.516667 0.152083 0.506944 0.155208 0.505093 0.158073 0.504630 0.162500 0.506019 0.164583 0.510185 0.167187 0.516667 0.168490 0.523611 0.168229 0.531944 0.166406 0.534722 0.164583 0.536111 0.162240 0.534722 0.158333 0.531019 0.153385
0 0.552315 0.154948 0.547222 0.158073 0.546759 0.160938 0.547685 0.163802 0.551852 0.168490 0.559259 0.170313 0.567130 0.170313 0.571296 0.169271 0.574537 0.167187 0.577315 0.162500 0.575926 0.158073 0.570833 0.155729 0.565278 0.154688 0.558333 0.154167
0 0.579167 0.161979 0.577315 0.164844 0.576852 0.170573 0.578704 0.174740 0.582407 0.176823 0.586574 0.177344 0.594907 0.177083 0.600000 0.176042 0.606481 0.173958 0.607407 0.172396 0.611574 0.170052 0.611574 0.167969 0.609722 0.166510 0.607870 0.165625 0.598611 0.160938 0.594907 0.159896 0.586574 0.159635 0.581481 0.160677
0 0.622222 0.148698 0.615741 0.147396 0.612037 0.147656 0.600000 0.154167 0.596759 0.158594 0.600926 0.162240 0.605093 0.164062 0.614815 0.164844 0.622685 0.162500 0.625926 0.160677 0.627778 0.158333 0.626852 0.153385 0.624074 0.149479
0 0.629630 0.162500 0.621759 0.162500 0.612037 0.165885 0.608796 0.169531 0.609259 0.173958 0.614815 0.178906 0.621296 0.181250 0.629167 0.180469 0.637500 0.173958 0.636574 0.165885 0.632407 0.163281
0 0.677315 0.154688 0.668981 0.154948 0.661111 0.155990 0.654630 0.159635 0.652778 0.161719 0.654630 0.167448 0.656481 0.169271 0.663426 0.172917 0.669444 0.174219 0.677778 0.173698 0.680556 0.172135 0.681944 0.170313 0.683796 0.163021 0.683333 0.158073
0 0.645370 0.171615 0.640278 0.173958 0.637500 0.177083 0.637037 0.182552 0.637963 0.183594 0.646296 0.185417 0.655556 0.189323 0.663426 0.189323 0.665278 0.188802 0.669907 0.186198 0.673611 0.182031 0.672222 0.179948 0.668519 0.177604 0.667593 0.175781 0.660648 0.171875 0.657407 0.170833 0.648611 0.170833
0 0.672685 0.184115 0.670370 0.185677 0.668519 0.189583 0.673611 0.194531 0.676852 0.196615 0.683796 0.199479 0.690278 0.200521 0.694444 0.199740 0.698148 0.196875 0.702315 0.189844 0.700926 0.185938 0.696759 0.184635 0.686111 0.183333 0.675926 0.183333
0 0.627778 0.184896 0.622222 0.186979 0.620370 0.189062 0.619907 0.193750 0.624074 0.196875 0.635185 0.203125 0.642593 0.204167 0.648611 0.201563 0.653241 0.197396 0.654167 0.189323 0.649537 0.186198 0.642593 0.184375 0.634259 0.183854
0 0.599537 0.180469 0.593519 0.181771 0.590741 0.184115 0.588426 0.188542 0.588426 0.191927 0.591204 0.197656 0.593519 0.198958 0.601852 0.199479 0.607407 0.198698 0.612963 0.196354 0.616204 0.193750 0.616667 0.189323 0.612963 0.184115 0.609259 0.181250
0 0.552778 0.170833 0.547685 0.173698 0.546296 0.177083 0.547685 0.180990 0.550926 0.185417 0.556019 0.189583 0.558796 0.190365 0.566204 0.190625 0.572685 0.186719 0.576389 0.181771 0.577315 0.177083 0.575463 0.173698 0.572685 0.171875 0.566667 0.170573 0.556944 0.170313
0 0.648611 0.142448 0.634259 0.141406 0.626389 0.146354 0.625000 0.150781 0.627315 0.156510 0.630556 0.160938 0.635185 0.163802 0.643981 0.162500 0.647222 0.160938 0.651389 0.157031 0.652778 0.154427 0.652778 0.146615 0.651389 0.143750
0 0.662963 0.135677 0.656944 0.138281 0.653241 0.142187 0.652778 0.147917 0.653704 0.151042 0.656481 0.153125 0.662037 0.154948 0.670833 0.154688 0.676852 0.153646 0.682870 0.150521 0.684722 0.147917 0.685185 0.146094 0.683333 0.142969 0.680556 0.140365 0.671296 0.136198
0 0.024074 0.126823 0.025926 0.129167 0.030556 0.130990 0.043056 0.132292 0.053241 0.132031 0.059259 0.130729 0.062037 0.127344 0.061574 0.123177 0.058796 0.119531 0.055093 0.116927 0.050926 0.115365 0.043519 0.114583 0.037963 0.115885 0.033796 0.117969 0.026389 0.123177
0 0.127315 0.114844 0.125000 0.118229 0.125463 0.123438 0.128241 0.127865 0.131944 0.129688 0.136111 0.130729 0.144444 0.130990 0.150000 0.129948 0.154167 0.127344 0.156019 0.123438 0.155556 0.119010 0.153704 0.116667 0.150000 0.114583 0.143056 0.112500 0.135185 0.112240
0 0.211111 0.109896 0.202778 0.111719 0.200000 0.113021 0.198611 0.114844 0.199074 0.120052 0.200463 0.122135 0.205556 0.125781 0.218981 0.129948 0.225000 0.128646 0.228241 0.125781 0.229167 0.121875 0.227315 0.115104 0.225463 0.112500 0.222685 0.110937 0.218981 0.110156
0 0.252315 0.110677 0.246296 0.111719 0.242130 0.113802 0.237037 0.119010 0.235648 0.123177 0.237963 0.126562 0.247222 0.131250 0.254167 0.132292 0.261111 0.130729 0.265741 0.127865 0.270833 0.122917 0.271296 0.118750 0.267130 0.113802 0.264352 0.112240 0.255556 0.110677
0 0.271759 0.123438 0.267593 0.126302 0.267593 0.132292 0.269444 0.135677 0.278704 0.141406 0.281481 0.141927 0.289815 0.140885 0.293056 0.139063 0.295833 0.134896 0.295370 0.130729 0.293056 0.127083 0.290278 0.125521 0.282407 0.122917 0.274074 0.122917
0 0.297685 0.130469 0.296759 0.132552 0.297222 0.139844 0.305556 0.146354 0.310648 0.147396 0.318056 0.147396 0.323611 0.146094 0.329630 0.142708 0.330093 0.138281 0.329167 0.135677 0.325000 0.132552 0.303704 0.129167 0.300926 0.129167
0 0.332870 0.142448 0.331944 0.144792 0.332407 0.148698 0.334259 0.150260 0.340278 0.152083 0.349537 0.153646 0.358796 0.154427 0.363889 0.153125 0.367593 0.150521 0.369444 0.146354 0.366667 0.140625 0.364815 0.139063 0.361111 0.138542 0.350926 0.139063 0.343519 0.138542
0 0.371759 0.135417 0.367593 0.138281 0.367593 0.142708 0.370833 0.147917 0.376389 0.150260 0.380093 0.150521 0.383333 0.150000 0.400926 0.142708 0.399537 0.139583 0.392593 0.139063 0.390278 0.136458 0.387500 0.135417 0.379630 0.134896
0 0.381019 0.130990 0.393519 0.136458 0.398611 0.137760 0.406944 0.137760 0.410185 0.136979 0.413426 0.135417 0.416204 0.131250 0.412963 0.124479 0.399537 0.123177 0.392130 0.122917 0.388889 0.123698 0.383796 0.127083
0 0.413426 0.139063 0.405093 0.139844 0.395370 0.146354 0.396759 0.150521 0.399537 0.152344 0.401852 0.155208 0.406019 0.156771 0.413426 0.155990 0.419444 0.150521 0.420370 0.147396 0.419444 0.143229 0.417130 0.140625
0 0.419907 0.159115 0.413426 0.157812 0.405093 0.157812 0.395833 0.159115 0.391204 0.161458 0.390278 0.163802 0.390741 0.167448 0.394444 0.171615 0.399537 0.175000 0.407407 0.175521 0.413889 0.173958 0.418981 0.171094 0.424537 0.166146 0.424074 0.161719
0 0.392593 0.149740 0.385185 0.149740 0.378241 0.151302 0.367130 0.156771 0.360648 0.161719 0.359259 0.166667 0.361574 0.168750 0.367593 0.171875 0.374074 0.172396 0.379630 0.171354 0.388426 0.165885 0.394907 0.157812 0.395833 0.154948 0.394907 0.151823
0 0.342593 0.155729 0.337037 0.157031 0.329167 0.160417 0.327315 0.162240 0.327315 0.166406 0.332407 0.173958 0.337500 0.176302 0.345370 0.176823 0.349537 0.175781 0.352778 0.173698 0.356481 0.164844 0.356019 0.161979 0.353704 0.159635 0.348611 0.156771
0 0.307870 0.150000 0.305556 0.151823 0.304630 0.154948 0.306019 0.157292 0.313426 0.164062 0.315741 0.165365 0.323611 0.165104 0.326389 0.164323 0.330556 0.160677 0.334722 0.158333 0.334722 0.154688 0.332870 0.152604 0.330093 0.151042 0.323148 0.149479 0.314815 0.149219
0 0.262037 0.150260 0.263889 0.154427 0.285648 0.157292 0.295370 0.157552 0.299537 0.156510 0.302778 0.154948 0.304167 0.151823 0.303704 0.147656 0.301389 0.145313 0.296296 0.143750 0.280093 0.142708 0.270370 0.144792
0 0.249537 0.132552 0.246296 0.133333 0.243981 0.134896 0.241667 0.139063 0.245833 0.145052 0.252778 0.152344 0.257407 0.154427 0.261111 0.154948 0.263426 0.153646 0.263889 0.150521 0.268981 0.146354 0.271296 0.143229 0.270370 0.139063 0.266667 0.135417 0.262963 0.133594 0.255556 0.132292
0 0.219907 0.137760 0.217593 0.142708 0.223148 0.148958 0.235185 0.150521 0.244907 0.150521 0.246759 0.149740 0.247685 0.146354 0.240278 0.138021 0.238426 0.136979 0.232870 0.135677 0.225463 0.135417
0 0.179630 0.141927 0.180093 0.146615 0.182870 0.150260 0.188426 0.152604 0.193519 0.153646 0.199074 0.156510 0.204630 0.158333 0.211574 0.157031 0.220833 0.151302 0.221296 0.147917 0.219444 0.144531 0.216667 0.143229 0.209722 0.141927 0.205093 0.140365 0.196759 0.140625 0.192130 0.141406 0.182407 0.141146
0 0.208796 0.128125 0.203241 0.125000 0.198148 0.123438 0.190278 0.122917 0.186111 0.124219 0.180093 0.128385 0.175463 0.133854 0.175463 0.137500 0.176852 0.141146 0.182870 0.141927 0.191204 0.141927 0.204630 0.139844 0.210185 0.135156 0.210648 0.130729
0 0.156481 0.140625 0.150000 0.142708 0.147685 0.146094 0.147685 0.150521 0.151389 0.154167 0.162963 0.161979 0.168056 0.161458 0.170370 0.160677 0.172685 0.155469 0.178241 0.150781 0.177778 0.145313 0.172685 0.141927 0.163426 0.140365
0 0.126389 0.153385 0.123611 0.156510 0.123148 0.159375 0.124074 0.162240 0.126852 0.163802 0.136111 0.166667 0.144907 0.167448 0.156019 0.166927 0.159259 0.165104 0.161574 0.161979 0.155093 0.155990 0.149074 0.152344 0.142130 0.150521 0.135185 0.150260 0.131481 0.151042
0 0.113426 0.134635 0.114815 0.136198 0.118519 0.146094 0.124074 0.150000 0.128704 0.151562 0.131019 0.150781 0.137963 0.150260 0.141667 0.148958 0.143056 0.146615 0.143056 0.142448 0.137963 0.138802 0.129630 0.134896 0.123148 0.133333 0.118981 0.133333
0 0.111111 0.134375 0.106481 0.132031 0.102315 0.131250 0.094444 0.131771 0.088889 0.133333 0.086111 0.134896 0.082407 0.138802 0.081019 0.142187 0.081019 0.146875 0.085648 0.148177 0.099074 0.149219 0.111574 0.147656 0.115741 0.145052 0.117130 0.142187 0.114352 0.137500
0 0.107407 0.148698 0.099074 0.150260 0.095833 0.152083 0.092593 0.157292 0.092593 0.162240 0.097222 0.166146 0.104167 0.167969 0.108796 0.168490 0.114815 0.167969 0.118056 0.166406 0.120833 0.162500 0.121296 0.157552 0.117593 0.152344 0.112500 0.149740
0 0.074074 0.147917 0.067593 0.148438 0.062963 0.150521 0.059722 0.153646 0.057407 0.157812 0.059259 0.162500 0.061574 0.164844 0.067593 0.166927 0.072222 0.167708 0.081019 0.166667 0.084722 0.165104 0.086574 0.162240 0.087500 0.154948 0.085185 0.151302 0.080556 0.148698
0 0.044907 0.143490 0.039352 0.144271 0.031481 0.146354 0.030093 0.150521 0.034722 0.157292 0.045833 0.161198 0.051852 0.160156 0.055556 0.158594 0.058796 0.154427 0.058796 0.150260 0.056481 0.146615 0.053704 0.145052
0 0.031019 0.158333 0.024074 0.160156 0.019907 0.161979 0.018056 0.165885 0.018981 0.169271 0.020833 0.171875 0.024537 0.173698 0.030556 0.175521 0.037500 0.175260 0.044444 0.170573 0.047685 0.165625 0.044444 0.160938 0.041667 0.159375 0.038889 0.158594
0 0.059259 0.164062 0.050926 0.165104 0.038889 0.173698 0.037500 0.177344 0.038889 0.182292 0.040741 0.183854 0.043981 0.184896 0.051852 0.184635 0.059722 0.181771 0.066204 0.180729 0.070370 0.179167 0.073611 0.176563 0.074537 0.173177 0.073148 0.171354 0.066204 0.166667
0 0.057407 0.182292 0.050463 0.185417 0.049537 0.189583 0.052778 0.192969 0.056019 0.194531 0.067130 0.197656 0.073611 0.198177 0.077315 0.196875 0.081944 0.193750 0.082407 0.189323 0.078704 0.185417 0.073611 0.182812 0.066204 0.180990
0 0.038426 0.183854 0.028704 0.183594 0.024074 0.184115 0.022222 0.186458 0.021296 0.190104 0.024074 0.200000 0.025926 0.202604 0.031019 0.204687 0.038426 0.203385 0.040278 0.202344 0.042593 0.197656 0.047222 0.192969 0.047685 0.188802 0.046296 0.186979 0.043056 0.185156
0 0.132870 0.169010 0.128241 0.171615 0.126852 0.173958 0.126389 0.178125 0.129167 0.181510 0.137500 0.187760 0.141204 0.188542 0.150463 0.188802 0.156481 0.188021 0.158796 0.185938 0.157870 0.178646 0.151852 0.168490 0.148611 0.167448 0.141667 0.167187
0 0.113426 0.176823 0.109722 0.177865 0.107407 0.180729 0.107407 0.187240 0.109722 0.193490 0.114352 0.195833 0.122222 0.195833 0.126852 0.194271 0.136111 0.189583 0.135185 0.186198 0.128704 0.179688 0.125463 0.177604 0.121759 0.176823
0 0.162500 0.175521 0.158796 0.177865 0.158333 0.181771 0.159722 0.188542 0.163426 0.191146 0.170370 0.191667 0.172222 0.189583 0.176852 0.187240 0.183333 0.185677 0.181944 0.181250 0.179167 0.177604 0.177315 0.176563 0.170833 0.175000
0 0.184259 0.151302 0.175926 0.152604 0.173148 0.154427 0.170833 0.158333 0.169444 0.162500 0.168519 0.172656 0.169907 0.174479 0.175926 0.175781 0.179167 0.175260 0.183796 0.171875 0.193056 0.167187 0.198148 0.163281 0.199537 0.160938 0.200000 0.157812 0.195370 0.154167
0 0.218519 0.152604 0.214352 0.154948 0.212037 0.157812 0.207870 0.159115 0.206481 0.161458 0.206019 0.166667 0.208333 0.168490 0.211574 0.169271 0.224537 0.169792 0.225463 0.168229 0.225926 0.155729 0.225000 0.154167
0 0.231944 0.150781 0.227778 0.152604 0.225000 0.157552 0.224074 0.161979 0.225000 0.169010 0.228704 0.173177 0.232407 0.174479 0.239815 0.174740 0.243981 0.171615 0.250463 0.164323 0.252778 0.159375 0.252315 0.154688 0.247222 0.151823 0.240741 0.150781
0 0.264815 0.159115 0.260648 0.160417 0.256944 0.162500 0.254167 0.165625 0.254630 0.166667 0.257407 0.168229 0.270370 0.172917 0.275463 0.173437 0.281481 0.172396 0.283796 0.170833 0.285648 0.166406 0.285648 0.161719 0.284722 0.160417 0.281019 0.158854 0.274537 0.158073
0 0.293519 0.159375 0.286574 0.161979 0.284259 0.169271 0.285185 0.172917 0.292593 0.176042 0.301389 0.178125 0.308796 0.177604 0.313889 0.170313 0.313426 0.164844 0.309259 0.160417 0.306019 0.159115 0.301852 0.158594
0 0.315741 0.170573 0.312037 0.173177 0.310648 0.176042 0.310648 0.179948 0.312037 0.183854 0.314815 0.186719 0.324074 0.187760 0.328704 0.186719 0.333796 0.184115 0.335648 0.182031 0.336111 0.177344 0.331481 0.173437 0.330093 0.171094
0 0.369444 0.174479 0.361574 0.173698 0.350926 0.174740 0.347685 0.177344 0.347685 0.182292 0.349074 0.185677 0.356481 0.187760 0.364815 0.187500 0.368519 0.186458 0.371759 0.183854 0.372685 0.177083
0 0.384722 0.173177 0.377778 0.176042 0.374537 0.178125 0.372685 0.180729 0.372685 0.185677 0.376389 0.189062 0.379630 0.190365 0.385185 0.191406 0.393056 0.191146 0.400463 0.187760 0.402315 0.185677 0.402315 0.180990 0.400463 0.178646 0.397222 0.176563
0 0.359259 0.194531 0.358333 0.196615 0.358796 0.201302 0.364815 0.204948 0.369444 0.206250 0.382870 0.206250 0.387963 0.205729 0.394444 0.204167 0.398611 0.201302 0.399074 0.196875 0.394444 0.193750 0.390741 0.192448 0.386111 0.192188 0.379167 0.190625 0.371296 0.190365 0.363426 0.191406
0 0.350926 0.186198 0.341667 0.186198 0.334259 0.188281 0.331019 0.190365 0.329167 0.192448 0.329167 0.197917 0.332870 0.201563 0.337500 0.202344 0.346759 0.201302 0.351852 0.200260 0.354630 0.198698 0.356019 0.196875 0.356944 0.192448 0.355556 0.189062
0 0.315741 0.187240 0.309259 0.188281 0.302315 0.190625 0.298611 0.197396 0.300926 0.201563 0.303704 0.203646 0.316204 0.205729 0.323148 0.204687 0.327315 0.202865 0.328704 0.201302 0.328704 0.197917 0.327315 0.193229 0.325463 0.191667
0 0.274537 0.177604 0.275000 0.181771 0.277778 0.185677 0.288426 0.191927 0.293519 0.192448 0.298148 0.192188 0.309259 0.187760 0.312037 0.185677 0.311111 0.181771 0.308796 0.179948 0.301852 0.178385 0.288889 0.174219 0.280556 0.173958
0 0.246759 0.168490 0.242593 0.173437 0.243519 0.178125 0.247685 0.182552 0.251389 0.184115 0.256944 0.184635 0.263426 0.184635 0.269444 0.183594 0.272222 0.182031 0.273148 0.180469 0.273611 0.176302 0.272685 0.173698 0.256019 0.167969 0.250926 0.167708
0 0.225463 0.177083 0.218981 0.178906 0.215741 0.181510 0.216667 0.188281 0.218056 0.189844 0.225463 0.192448 0.232870 0.192708 0.237037 0.189323 0.244907 0.185417 0.245833 0.180990 0.244444 0.179167 0.241204 0.177865
0 0.220833 0.169792 0.206019 0.168229 0.197685 0.167969 0.190278 0.169010 0.185185 0.170833 0.181019 0.173698 0.180093 0.178125 0.184259 0.183594 0.187037 0.185156 0.190278 0.185938 0.198611 0.186198 0.214352 0.182031 0.221296 0.177604
0 0.246759 0.186198 0.239815 0.187500 0.234722 0.190625 0.232407 0.193490 0.231481 0.196615 0.233333 0.201302 0.237500 0.203646 0.243981 0.204687 0.247222 0.204687 0.254167 0.201302 0.256944 0.197396 0.256481 0.192448 0.255093 0.189583
0 0.211111 0.182812 0.206019 0.184375 0.202315 0.187500 0.199537 0.193229 0.199074 0.198177 0.200926 0.201563 0.206019 0.204167 0.212037 0.205469 0.221759 0.203385 0.225926 0.201302 0.226852 0.196875 0.223148 0.191927 0.217130 0.189323 0.215278 0.183854 0.213889 0.183073
0 0.183796 0.185417 0.179167 0.186198 0.171759 0.189323 0.168056 0.192708 0.168056 0.193750 0.172685 0.200000 0.176852 0.201823 0.184259 0.202865 0.190741 0.201823 0.194907 0.200260 0.197222 0.197396 0.197685 0.192969 0.195833 0.189062 0.193519 0.187500 0.189352 0.186198
0 0.277778 0.186198 0.271759 0.185938 0.265741 0.186458 0.260185 0.187500 0.257407 0.189062 0.257407 0.193490 0.259722 0.198177 0.266667 0.201823 0.274074 0.201302 0.280093 0.197656 0.283796 0.196354 0.286111 0.193229 0.284259 0.189583 0.280556 0.186979
0 0.378704 0.041667 0.374537 0.044531 0.372685 0.047917 0.372685 0.051302 0.374074 0.054427 0.384722 0.060677 0.392593 0.060417 0.401389 0.055208 0.402778 0.053125 0.402315 0.048438 0.398611 0.044792 0.393519 0.042448 0.386111 0.040885
0 0.045833 0.195833 0.042593 0.197917 0.041204 0.201563 0.043981 0.206250 0.046759 0.208854 0.052315 0.211198 0.058796 0.211719 0.068056 0.210156 0.070370 0.208854 0.072222 0.205729 0.071296 0.201823 0.068981 0.198958 0.063426 0.196354 0.058333 0.195052 0.050926 0.194531
0 0.107870 0.194271 0.100463 0.194531 0.095833 0.195573 0.091667 0.197656 0.087963 0.201042 0.087963 0.204427 0.090741 0.208073 0.094444 0.210938 0.099537 0.212500 0.106944 0.212240 0.110648 0.211198 0.114352 0.209115 0.117130 0.205469 0.117593 0.200781 0.115741 0.197656 0.112963 0.195573
0 0.121759 0.201042 0.118981 0.203906 0.118519 0.209635 0.122685 0.213542 0.127315 0.215104 0.136574 0.216667 0.142130 0.218490 0.155093 0.216927 0.155556 0.212500 0.154167 0.208594 0.150926 0.205729 0.141204 0.199740 0.136111 0.198698 0.129167 0.198958
0 0.145370 0.190625 0.143056 0.191927 0.140278 0.195833 0.140278 0.198437 0.144907 0.202344 0.152778 0.206250 0.156019 0.207292 0.163426 0.208073 0.168056 0.205469 0.169907 0.201563 0.169444 0.196875 0.167130 0.193229 0.161574 0.190625 0.156481 0.189583 0.149074 0.189844
0 0.177778 0.203385 0.173148 0.203646 0.170370 0.204427 0.164815 0.207031 0.162963 0.208854 0.165278 0.214583 0.169907 0.217969 0.184259 0.217448 0.187037 0.216406 0.187963 0.215104 0.187963 0.208333 0.183796 0.205208
0 0.143056 0.218750 0.139352 0.224219 0.141204 0.228646 0.149074 0.232552 0.157407 0.232813 0.160648 0.231771 0.165741 0.227865 0.165741 0.220573 0.156944 0.217188 0.149074 0.217448
0 0.098148 0.219271 0.094907 0.223958 0.095833 0.227865 0.097222 0.229687 0.100000 0.231250 0.106481 0.233594 0.111111 0.234115 0.121759 0.233594 0.131481 0.230990 0.134722 0.228646 0.132870 0.226042 0.130093 0.224479 0.113426 0.217969 0.109259 0.217188 0.104167 0.217188 0.100463 0.217708
0 0.063426 0.210677 0.062037 0.212500 0.061574 0.217188 0.062963 0.221354 0.066667 0.223958 0.072222 0.226302 0.081019 0.226302 0.089815 0.225260 0.092593 0.224219 0.094907 0.221354 0.094907 0.219792 0.093056 0.216927 0.089815 0.215104 0.073148 0.210156 0.065278 0.209896
0 0.093981 0.226302 0.086574 0.225521 0.074074 0.228125 0.062963 0.233073 0.060185 0.235937 0.061111 0.238281 0.063889 0.239323 0.079167 0.242188 0.085648 0.242969 0.093981 0.242448 0.097222 0.240104 0.098611 0.236458 0.097685 0.232031
0 0.069444 0.224479 0.063426 0.223438 0.054630 0.223438 0.049074 0.225260 0.048148 0.227604 0.049074 0.237240 0.050926 0.238802 0.060648 0.238021 0.063426 0.233594 0.073148 0.228646 0.072222 0.226562
0 0.027315 0.223438 0.024074 0.225521 0.024074 0.233594 0.026852 0.238281 0.031019 0.240104 0.036574 0.240885 0.046296 0.240365 0.048148 0.237760 0.048148 0.228385 0.046759 0.225521 0.038889 0.223177 0.031019 0.222656
0 0.026852 0.208594 0.024537 0.210677 0.024074 0.213802 0.025000 0.216667 0.027315 0.219010 0.036574 0.221875 0.040741 0.222135 0.045370 0.221875 0.051852 0.218750 0.053241 0.217188 0.054167 0.212760 0.050000 0.209896 0.045370 0.208073 0.038889 0.207292 0.031944 0.207552
0 0.173611 0.218229 0.167130 0.224740 0.169444 0.227604 0.175000 0.230208 0.196759 0.235417 0.199074 0.235417 0.201389 0.234635 0.206944 0.230990 0.208333 0.228906 0.208796 0.224219 0.207870 0.222396 0.205556 0.221094 0.192130 0.217708 0.183796 0.217448
0 0.192130 0.206771 0.189815 0.208594 0.189352 0.214583 0.190278 0.216927 0.204630 0.220573 0.212037 0.219792 0.214352 0.215885 0.213426 0.209115 0.211574 0.206771 0.205556 0.205208 0.196296 0.205729
0 0.216667 0.206250 0.215278 0.208594 0.216204 0.213281 0.218981 0.216927 0.220833 0.217969 0.226852 0.218750 0.236574 0.218229 0.239815 0.217448 0.242130 0.213542 0.242130 0.207552 0.240278 0.204948 0.233796 0.202865 0.225000 0.202865
0 0.269907 0.203125 0.266204 0.202083 0.259722 0.201563 0.253241 0.202344 0.243981 0.206250 0.242130 0.211198 0.243056 0.214844 0.244907 0.215365 0.256481 0.215365 0.266204 0.216406 0.268519 0.216146 0.272685 0.213542 0.273611 0.211458 0.273611 0.208594
0 0.281019 0.197135 0.276852 0.198958 0.273148 0.202083 0.272685 0.205729 0.274537 0.209635 0.277315 0.211719 0.287963 0.213281 0.294907 0.213021 0.300463 0.208073 0.301389 0.205729 0.300463 0.201302 0.298148 0.199219 0.293981 0.197656 0.288889 0.196615
0 0.302315 0.205208 0.297222 0.212760 0.301389 0.218750 0.303704 0.220052 0.306944 0.220573 0.313426 0.220052 0.320370 0.216146 0.321296 0.212500 0.319444 0.208594 0.317130 0.206771 0.311111 0.205208
0 0.364352 0.204948 0.358796 0.202344 0.351389 0.201302 0.343056 0.201823 0.332407 0.203385 0.322222 0.207292 0.320833 0.208854 0.322222 0.214062 0.325463 0.216927 0.329630 0.218750 0.339815 0.218229 0.354167 0.214583 0.358333 0.211458 0.363889 0.209115
0 0.369907 0.207292 0.364815 0.208073 0.358796 0.210938 0.356944 0.212760 0.357407 0.216927 0.360648 0.220573 0.363889 0.222396 0.370833 0.224740 0.373611 0.224740 0.378704 0.223958 0.386574 0.219271 0.388426 0.217188 0.389352 0.212500 0.387037 0.209896 0.382870 0.208073 0.376852 0.207292
0 0.412500 0.200781 0.407407 0.203646 0.404630 0.207031 0.404167 0.209896 0.406019 0.213802 0.419907 0.220573 0.428241 0.221354 0.433333 0.220052 0.437037 0.216927 0.437500 0.212500 0.434722 0.208073 0.427315 0.202344 0.423148 0.200521 0.418056 0.200000
0 0.425926 0.180208 0.420370 0.181510 0.416667 0.183333 0.413889 0.185938 0.412963 0.189844 0.415278 0.193750 0.418981 0.195833 0.424537 0.196875 0.429167 0.196875 0.434259 0.195833 0.438426 0.193490 0.440278 0.190365 0.439352 0.185677 0.434259 0.180469
0 0.496759 0.170833 0.489352 0.171094 0.485648 0.175260 0.475463 0.181771 0.474074 0.183333 0.473148 0.185938 0.475000 0.188021 0.482407 0.191406 0.489815 0.192188 0.493519 0.191406 0.496759 0.189583 0.497685 0.173177
0 0.516667 0.169271 0.512037 0.171875 0.508796 0.175781 0.507870 0.177865 0.509722 0.182552 0.515278 0.185938 0.524537 0.188802 0.529630 0.189583 0.538426 0.189323 0.546296 0.185677 0.547222 0.181250 0.545833 0.180208 0.544444 0.176823 0.541204 0.174740 0.528704 0.170573 0.525000 0.168750
0 0.485185 0.197656 0.484722 0.201302 0.486574 0.205990 0.490278 0.208854 0.495833 0.210938 0.502778 0.210156 0.508796 0.208333 0.516204 0.207031 0.525926 0.201302 0.523611 0.196354 0.518056 0.193750 0.512963 0.192708 0.496296 0.192448 0.489352 0.193750 0.486574 0.195312
0 0.468519 0.200781 0.461111 0.200260 0.450000 0.201042 0.443519 0.202344 0.440278 0.203906 0.438889 0.205469 0.438426 0.209635 0.441204 0.213542 0.445833 0.216927 0.455093 0.219010 0.460648 0.218229 0.464352 0.216667 0.471759 0.209115 0.472685 0.205990 0.472222 0.203646 0.470370 0.201563
0 0.470833 0.208854 0.464815 0.216667 0.468519 0.222135 0.475463 0.223698 0.490278 0.224740 0.496759 0.222917 0.499537 0.221094 0.499074 0.215365 0.497685 0.212500 0.493519 0.210156 0.485648 0.207292 0.475463 0.207031
0 0.499537 0.213281 0.499537 0.217448 0.502778 0.222135 0.512500 0.223698 0.521759 0.223438 0.535648 0.221094 0.542593 0.216927 0.543056 0.214323 0.542593 0.212240 0.539352 0.210417 0.529630 0.208073 0.515741 0.208073 0.510648 0.208594 0.500926 0.211719
0 0.528241 0.203906 0.527315 0.205208 0.528704 0.207292 0.530556 0.208333 0.543519 0.212240 0.551852 0.216927 0.559722 0.216667 0.563889 0.213021 0.567130 0.208594 0.568056 0.205729 0.566204 0.202344 0.561111 0.200521 0.550463 0.200521 0.545833 0.201042 0.543981 0.201823 0.532407 0.202344
0 0.582870 0.189583 0.578704 0.189323 0.572222 0.190104 0.568519 0.191146 0.565741 0.193229 0.563889 0.196875 0.563889 0.201042 0.567593 0.203906 0.572222 0.205729 0.581481 0.204687 0.586111 0.202344 0.588426 0.200260 0.589352 0.198437 0.588426 0.193229 0.587037 0.191146
0 0.538889 0.219271 0.533333 0.224479 0.534259 0.228385 0.537500 0.230729 0.546759 0.232031 0.551389 0.233594 0.560185 0.233854 0.566204 0.232031 0.568519 0.228906 0.568519 0.226562 0.566204 0.220833 0.558796 0.217708 0.553704 0.216927 0.544907 0.216927
0 0.527315 0.226823 0.519444 0.225000 0.508796 0.224219 0.503241 0.225260 0.500926 0.227865 0.500926 0.236719 0.503241 0.239844 0.506481 0.240885 0.511111 0.241146 0.523611 0.238021 0.531019 0.232552 0.530556 0.228385
0 0.488426 0.237240 0.483796 0.239063 0.479167 0.244010 0.479167 0.248438 0.480093 0.249740 0.483796 0.251302 0.492593 0.252865 0.496759 0.253125 0.502778 0.252083 0.505556 0.250521 0.506481 0.247135 0.502315 0.238281 0.498148 0.236719
0 0.525000 0.239323 0.514815 0.240625 0.507870 0.242969 0.506481 0.244010 0.507407 0.250000 0.508796 0.251042 0.517130 0.253646 0.531019 0.252344 0.535648 0.248438 0.534259 0.242969 0.531481 0.241406
0 0.551389 0.234896 0.543056 0.236979 0.538889 0.239063 0.537037 0.241146 0.536574 0.244792 0.538426 0.247135 0.541667 0.248958 0.548148 0.251042 0.554167 0.251563 0.558796 0.250521 0.562037 0.247396 0.563426 0.243750 0.559722 0.236979 0.556481 0.235677
0 0.560185 0.248177 0.556944 0.252083 0.560185 0.258594 0.565278 0.261458 0.574074 0.261458 0.583333 0.259896 0.588889 0.255990 0.591204 0.252083 0.589352 0.248958 0.584259 0.246875 0.581019 0.246354 0.566667 0.246354
0 0.593981 0.222135 0.579630 0.223698 0.573148 0.226302 0.568519 0.229427 0.567130 0.232813 0.572685 0.237500 0.579167 0.240104 0.587037 0.241146 0.596296 0.236198 0.597685 0.232552 0.596296 0.224219
0 0.467130 0.223438 0.459722 0.224740 0.454167 0.227083 0.451852 0.230990 0.451852 0.233594 0.454167 0.236719 0.458333 0.239323 0.461111 0.240365 0.468981 0.240885 0.475000 0.239063 0.479630 0.235417 0.481944 0.232552 0.481481 0.227865 0.479630 0.225781 0.476852 0.224479
0 0.419907 0.222917 0.412037 0.222656 0.406944 0.223177 0.402778 0.225000 0.401389 0.227604 0.401389 0.232552 0.403241 0.237240 0.406019 0.239844 0.413426 0.240625 0.420833 0.239063 0.432407 0.232292 0.433796 0.228385 0.427315 0.224479
0 0.442593 0.240104 0.436574 0.237760 0.426852 0.236979 0.422685 0.237760 0.409722 0.242188 0.404167 0.245052 0.401852 0.247396 0.401852 0.251823 0.403241 0.254427 0.406019 0.256771 0.411574 0.258594 0.418056 0.258594 0.427315 0.257552 0.431019 0.256250 0.443056 0.246615 0.443981 0.242708
0 0.460648 0.242188 0.452315 0.244531 0.449074 0.247656 0.448148 0.252083 0.449537 0.255990 0.454630 0.260156 0.459259 0.261979 0.463426 0.262240 0.468519 0.261198 0.475000 0.256250 0.478241 0.252344 0.478241 0.247917 0.477315 0.246615 0.472222 0.243490 0.467593 0.242448
0 0.476389 0.254948 0.470370 0.259375 0.470370 0.263802 0.473611 0.266667 0.478241 0.268229 0.490278 0.268750 0.493519 0.266927 0.496296 0.264062 0.496759 0.259375 0.495370 0.257812 0.490278 0.255208 0.482407 0.253906
0 0.501389 0.261719 0.498611 0.262500 0.496759 0.264062 0.495370 0.267188 0.495833 0.272135 0.500926 0.277865 0.504630 0.278906 0.513889 0.278906 0.516667 0.278125 0.523148 0.274479 0.525000 0.271875 0.525463 0.267448 0.523148 0.265104 0.515278 0.261719 0.512037 0.261198
0 0.516667 0.254688 0.514815 0.260156 0.518981 0.263542 0.524074 0.265365 0.530093 0.266146 0.538889 0.265625 0.541204 0.264323 0.542593 0.259635 0.537500 0.253906 0.531944 0.252604 0.526852 0.252604 0.519907 0.253385
0 0.537500 0.265885 0.532407 0.267188 0.528241 0.269792 0.526389 0.272656 0.525926 0.276042 0.528241 0.280208 0.530556 0.282031 0.537037 0.284375 0.545370 0.284375 0.551389 0.282292 0.555093 0.279167 0.557407 0.275521 0.556019 0.271615 0.550926 0.268229 0.544907 0.266667
0 0.479630 0.268750 0.475463 0.269271 0.473148 0.271094 0.470833 0.279948 0.474074 0.287240 0.480093 0.289323 0.483796 0.289583 0.493519 0.287500 0.495833 0.285938 0.497685 0.282813 0.494444 0.275260 0.490741 0.270052 0.487963 0.269010
0 0.508333 0.280990 0.501852 0.283073 0.499074 0.286979 0.502315 0.292708 0.503704 0.297396 0.505556 0.298958 0.508333 0.299479 0.517593 0.299219 0.521759 0.295833 0.526389 0.287240 0.525000 0.283073 0.516667 0.280990
0 0.527778 0.288281 0.525463 0.289583 0.523148 0.292448 0.519907 0.298698 0.523611 0.302604 0.530093 0.303906 0.542593 0.303125 0.548611 0.301823 0.551852 0.299219 0.550463 0.295052 0.544907 0.291146 0.543519 0.289062 0.538889 0.287500 0.531019 0.287500
0 0.547685 0.283333 0.543056 0.285677 0.542130 0.287500 0.551852 0.295312 0.558796 0.298177 0.567130 0.297656 0.570370 0.295312 0.571759 0.291927 0.572222 0.286458 0.570833 0.282813 0.566667 0.280990 0.558796 0.280990
0 0.496759 0.287500 0.488426 0.288281 0.481481 0.290104 0.476852 0.293229 0.472222 0.295052 0.470370 0.299479 0.473611 0.302083 0.481944 0.303125 0.496759 0.303125 0.502315 0.301563 0.506944 0.298958 0.504167 0.296875 0.501852 0.291927
0 0.465741 0.286458 0.462963 0.285677 0.455093 0.286458 0.447685 0.290365 0.441667 0.291406 0.439352 0.294010 0.439352 0.295833 0.441204 0.298177 0.445833 0.300260 0.455556 0.301042 0.462037 0.299479 0.467130 0.297396 0.470370 0.295052 0.470833 0.290104
0 0.464815 0.264062 0.454167 0.264062 0.447222 0.266146 0.445370 0.267448 0.445833 0.272396 0.447685 0.277344 0.449537 0.279948 0.452778 0.281250 0.456019 0.281510 0.464352 0.280729 0.468981 0.278906 0.470370 0.277083 0.471759 0.272656 0.471296 0.267188 0.468519 0.265104
0 0.433796 0.264062 0.427778 0.267448 0.421759 0.275260 0.422222 0.279687 0.428704 0.284115 0.432407 0.284635 0.441204 0.284375 0.444907 0.283333 0.447685 0.279948 0.445370 0.268229 0.443056 0.265104 0.441204 0.264062
0 0.404167 0.273698 0.401389 0.274740 0.398611 0.279167 0.398148 0.283333 0.400000 0.287240 0.406481 0.293490 0.411574 0.295573 0.421759 0.295312 0.426389 0.293750 0.428241 0.292448 0.429167 0.290625 0.428241 0.284375 0.415741 0.274740 0.411574 0.273698
0 0.399537 0.286979 0.392130 0.288021 0.381019 0.298177 0.381944 0.303646 0.384722 0.305469 0.392130 0.307552 0.402315 0.306510 0.404630 0.305469 0.406944 0.302865 0.407870 0.294792 0.404630 0.290625
0 0.365278 0.278125 0.363426 0.279167 0.361574 0.282292 0.361574 0.284375 0.363889 0.288802 0.375463 0.292969 0.386111 0.292969 0.391667 0.289844 0.394444 0.287240 0.393981 0.283073 0.391667 0.280990 0.388426 0.279167 0.378704 0.277344 0.371296 0.276823
0 0.391204 0.253385 0.382407 0.254688 0.378704 0.255729 0.382407 0.267708 0.385185 0.269010 0.393519 0.270313 0.400463 0.269010 0.403241 0.267448 0.406481 0.264583 0.407870 0.259635 0.405556 0.256771 0.402778 0.254948 0.397685 0.253646
0 0.378241 0.258854 0.372685 0.256510 0.363889 0.256771 0.356481 0.258073 0.348611 0.261198 0.345833 0.263021 0.345833 0.267188 0.350926 0.270052 0.357870 0.271615 0.372685 0.271875 0.375463 0.271094 0.380093 0.268490 0.381019 0.266927 0.381019 0.263021
0 0.350926 0.239323 0.350000 0.239844 0.348148 0.246875 0.350463 0.252865 0.353704 0.255990 0.356481 0.257031 0.364815 0.256771 0.371759 0.253646 0.373148 0.252083 0.373611 0.247396 0.372222 0.245833 0.360648 0.239844 0.358796 0.239323
0 0.378704 0.225260 0.371296 0.225260 0.367130 0.226302 0.363889 0.228385 0.361574 0.232292 0.363426 0.238802 0.366204 0.241667 0.371296 0.244271 0.378704 0.243490 0.386111 0.239063 0.388889 0.235937 0.389815 0.232031 0.387500 0.228385 0.383333 0.226302
0 0.325926 0.221354 0.323611 0.223177 0.323148 0.225521 0.327315 0.232552 0.334722 0.234115 0.343981 0.234896 0.351389 0.232031 0.353704 0.228646 0.353241 0.223698 0.351852 0.221354 0.348611 0.219531 0.345370 0.218750 0.342130 0.218750 0.330093 0.220052
0 0.302315 0.223177 0.299537 0.225781 0.296759 0.232031 0.298148 0.236198 0.301852 0.238021 0.318056 0.238281 0.322222 0.237240 0.326389 0.232552 0.322685 0.226042 0.315741 0.222917 0.306019 0.222656
0 0.281481 0.213542 0.277778 0.214583 0.272222 0.218490 0.271296 0.225781 0.273148 0.229167 0.277315 0.231771 0.288426 0.234896 0.293056 0.233333 0.297222 0.229167 0.300926 0.222135 0.300463 0.217448 0.295370 0.213802 0.288426 0.213281
0 0.242593 0.216667 0.240741 0.221094 0.242130 0.226302 0.243981 0.229167 0.247222 0.230469 0.251852 0.231250 0.260648 0.231771 0.263426 0.230990 0.266204 0.229427 0.268519 0.225260 0.266667 0.217448 0.263889 0.216406 0.256944 0.215625 0.248148 0.215625
0 0.214815 0.220573 0.210648 0.222396 0.209722 0.223698 0.210648 0.229167 0.225463 0.236458 0.232870 0.237500 0.233796 0.235937 0.242130 0.229167 0.242130 0.224479 0.238889 0.220052 0.236574 0.219010 0.231481 0.218490 0.219444 0.219271
0 0.166204 0.235677 0.166204 0.242448 0.168056 0.246615 0.170370 0.247656 0.176389 0.248698 0.184722 0.248698 0.192593 0.247917 0.197222 0.246615 0.200926 0.244010 0.200926 0.239844 0.199537 0.238021 0.196296 0.235937 0.190278 0.233594 0.185648 0.232813 0.175463 0.232813 0.168981 0.234115
0 0.211574 0.230729 0.206019 0.232552 0.201852 0.236198 0.203241 0.242448 0.208333 0.247396 0.213889 0.250781 0.217593 0.251823 0.226389 0.251563 0.233796 0.248177 0.234259 0.243490 0.229630 0.237760 0.222222 0.233854
0 0.239352 0.232552 0.234722 0.234635 0.233333 0.236198 0.233796 0.240365 0.236574 0.244271 0.237500 0.247396 0.246296 0.252083 0.253704 0.251563 0.262037 0.244271 0.260648 0.236198 0.256944 0.232813 0.253704 0.231771 0.244907 0.231771
0 0.262037 0.232813 0.261574 0.239323 0.262500 0.242708 0.265278 0.245312 0.272685 0.247135 0.281019 0.246615 0.288426 0.242708 0.293981 0.240625 0.293519 0.238281 0.290741 0.236198 0.288426 0.235937 0.274537 0.230990 0.266667 0.230990
0 0.305093 0.237760 0.302778 0.239323 0.301389 0.244271 0.305556 0.247396 0.308796 0.251563 0.316204 0.253646 0.323611 0.250781 0.326389 0.248958 0.326852 0.247656 0.318519 0.238281 0.316204 0.237760
0 0.325000 0.234375 0.321296 0.239323 0.321296 0.241146 0.323611 0.244271 0.329630 0.248177 0.337963 0.248438 0.348148 0.246094 0.349537 0.244010 0.349537 0.239844 0.346759 0.237500 0.339352 0.234896 0.330556 0.233073
0 0.347685 0.248698 0.345370 0.248177 0.336111 0.248438 0.323611 0.250260 0.318056 0.252083 0.316667 0.254948 0.317130 0.257031 0.320370 0.261719 0.326852 0.265885 0.328704 0.266406 0.338426 0.266406 0.342593 0.264844 0.348611 0.260417 0.351389 0.255729 0.350000 0.251042
0 0.344444 0.267969 0.336574 0.267188 0.327778 0.269792 0.323148 0.275260 0.322685 0.279687 0.325926 0.281771 0.330556 0.282813 0.343981 0.281250 0.346759 0.279948 0.349074 0.275521 0.349074 0.271094
0 0.296759 0.264062 0.295370 0.265365 0.294907 0.268229 0.298148 0.273438 0.308796 0.278646 0.316204 0.278646 0.320370 0.277344 0.325000 0.272135 0.325000 0.267969 0.322685 0.264323 0.318519 0.262760 0.308333 0.262240
0 0.287037 0.243490 0.282407 0.246094 0.278241 0.250000 0.277315 0.252083 0.279167 0.255990 0.287963 0.260937 0.303704 0.261198 0.307870 0.259896 0.310185 0.256250 0.306944 0.247917 0.298148 0.242969 0.291667 0.242708
0 0.251389 0.251823 0.252778 0.258333 0.255556 0.260417 0.274074 0.264323 0.282870 0.263802 0.284259 0.262760 0.285185 0.259635 0.279167 0.255729 0.275463 0.250000 0.267593 0.247135 0.260185 0.246875
0 0.220370 0.255208 0.221296 0.258073 0.228241 0.262500 0.231019 0.263021 0.239352 0.263021 0.244907 0.262240 0.251852 0.259896 0.250463 0.253906 0.239815 0.250000 0.232407 0.249479 0.228241 0.251302 0.222222 0.252344
0 0.181481 0.248958 0.179167 0.250781 0.179630 0.255469 0.181019 0.258333 0.190741 0.263281 0.198148 0.265885 0.199074 0.263802 0.203704 0.260417 0.212037 0.255990 0.212037 0.251823 0.206944 0.248958 0.201852 0.248177 0.192593 0.247917
0 0.143056 0.255469 0.143519 0.258073 0.145370 0.260677 0.149537 0.263281 0.155556 0.264583 0.163426 0.264844 0.169444 0.264062 0.176852 0.261198 0.179630 0.259115 0.179630 0.254688 0.177778 0.251042 0.175926 0.249740 0.170833 0.248698 0.155556 0.248698 0.152778 0.249219 0.146296 0.252083
0 0.163889 0.234896 0.156481 0.233333 0.151389 0.233594 0.146759 0.234375 0.141204 0.236719 0.139352 0.239063 0.139352 0.244531 0.142593 0.247917 0.148611 0.250000 0.166204 0.247917 0.166204 0.237240
0 0.108333 0.235417 0.098148 0.239844 0.097685 0.244531 0.101389 0.250000 0.104167 0.251302 0.120833 0.253646 0.129167 0.251563 0.131944 0.249740 0.132407 0.246875 0.131019 0.244010 0.126389 0.239844 0.118056 0.235417 0.114815 0.234896
0 0.095833 0.253385 0.093981 0.255469 0.093056 0.261198 0.095370 0.265104 0.100463 0.267969 0.106944 0.269271 0.115278 0.269271 0.124074 0.266927 0.125926 0.265885 0.127315 0.263802 0.126852 0.259635 0.114815 0.253125 0.108333 0.251563 0.099537 0.252083
0 0.072685 0.247396 0.070370 0.249479 0.068981 0.256250 0.070370 0.258854 0.076389 0.262500 0.080093 0.263802 0.084259 0.264323 0.089352 0.263802 0.092593 0.260937 0.094444 0.254427 0.096296 0.251563 0.093056 0.249479 0.086574 0.247656
0 0.058796 0.238281 0.048148 0.240625 0.044444 0.244531 0.045833 0.248698 0.050000 0.254427 0.054630 0.258073 0.059259 0.259375 0.066667 0.258073 0.068981 0.256250 0.072222 0.248177 0.072222 0.243490 0.069907 0.240365
0 0.066204 0.260156 0.058796 0.259635 0.048611 0.263281 0.043519 0.267188 0.044907 0.271354 0.051852 0.277083 0.059259 0.277604 0.063889 0.276823 0.067130 0.275781 0.072685 0.271615 0.075463 0.267708 0.072222 0.262760
0 0.093981 0.266406 0.085648 0.266406 0.073148 0.271354 0.069907 0.273958 0.068981 0.275781 0.071296 0.279687 0.079630 0.284115 0.089352 0.284115 0.097685 0.281771 0.100463 0.279687 0.102778 0.275781 0.101389 0.271094 0.099537 0.268750
0 0.125926 0.267708 0.120370 0.267708 0.112500 0.270052 0.108333 0.275000 0.107870 0.279427 0.109722 0.281250 0.120833 0.284635 0.134259 0.280729 0.139352 0.275521 0.136111 0.271615 0.129167 0.268229
0 0.169444 0.265885 0.163426 0.266667 0.156944 0.271094 0.154167 0.274740 0.154167 0.277865 0.155556 0.280729 0.159259 0.282813 0.162500 0.283854 0.170370 0.284896 0.179167 0.283073 0.183333 0.281250 0.184722 0.275000 0.182870 0.271354 0.173148 0.266667
0 0.190741 0.268750 0.187037 0.271354 0.185185 0.275000 0.184722 0.279427 0.186111 0.281510 0.190741 0.284115 0.201852 0.284115 0.209259 0.283333 0.210648 0.282552 0.212037 0.278385 0.214352 0.275781 0.212963 0.273698 0.209259 0.271354 0.200926 0.269010
0 0.206481 0.258073 0.203241 0.260156 0.200463 0.263542 0.201389 0.268229 0.212037 0.273177 0.217130 0.274219 0.219444 0.274219 0.228241 0.272135 0.229630 0.270573 0.230093 0.266927 0.229167 0.263802 0.225926 0.261198 0.218056 0.257552 0.211574 0.257031
0 0.247685 0.261719 0.243519 0.263542 0.243519 0.268229 0.245833 0.272656 0.249074 0.276302 0.252315 0.277865 0.262500 0.277604 0.267593 0.274740 0.272685 0.269010 0.273611 0.266667 0.272222 0.264062 0.268519 0.262760 0.254167 0.260677
0 0.290741 0.264583 0.281019 0.264583 0.275463 0.265885 0.267130 0.275260 0.269907 0.280469 0.273148 0.282292 0.281019 0.284635 0.288426 0.283854 0.292593 0.281510 0.294444 0.279427 0.296296 0.274219 0.296296 0.271094 0.294444 0.266146
0 0.344444 0.281250 0.337500 0.281510 0.330556 0.282813 0.320370 0.286979 0.320833 0.291406 0.326389 0.295573 0.336111 0.297917 0.343981 0.297917 0.348148 0.295312 0.352778 0.291406 0.353241 0.286458 0.351389 0.284115
0 0.365278 0.290365 0.356944 0.290104 0.354167 0.290625 0.350463 0.292448 0.344444 0.298438 0.344444 0.302865 0.350926 0.308594 0.352778 0.309375 0.359259 0.309635 0.362963 0.308594 0.373148 0.303906 0.376389 0.300521 0.376852 0.297917 0.375000 0.294531 0.371759 0.292187
0 0.293519 0.284896 0.289352 0.286979 0.287963 0.288802 0.287500 0.294792 0.288426 0.296354 0.296759 0.301042 0.303704 0.301563 0.308796 0.300781 0.315741 0.296354 0.317593 0.291146 0.316204 0.289062 0.313426 0.286979 0.304630 0.284635 0.298148 0.284375
0 0.279630 0.284375 0.274074 0.283073 0.266667 0.284635 0.263889 0.286198 0.256481 0.295573 0.256019 0.299479 0.259259 0.301823 0.260648 0.302083 0.277778 0.298438 0.284722 0.295833 0.286111 0.290885 0.283333 0.286458
0 0.260648 0.279167 0.250926 0.278646 0.241667 0.279948 0.232870 0.284375 0.229630 0.286979 0.232407 0.291146 0.237500 0.293229 0.242593 0.296354 0.245833 0.297135 0.253704 0.297135 0.256019 0.296094 0.262963 0.287500 0.263426 0.282031
0 0.236574 0.273438 0.233333 0.272396 0.225463 0.272396 0.216204 0.275000 0.211574 0.278646 0.212037 0.283333 0.218519 0.285677 0.225000 0.286198 0.232870 0.284635 0.241204 0.279427 0.240278 0.275781
0 0.190741 0.284635 0.189352 0.291406 0.192130 0.296354 0.197685 0.298438 0.204167 0.299740 0.206481 0.299479 0.210185 0.297396 0.213426 0.292969 0.215741 0.291406 0.217593 0.286979 0.212037 0.283854 0.199537 0.283854
0 0.226389 0.287760 0.218519 0.288021 0.211574 0.294271 0.208796 0.298438 0.212037 0.304948 0.217593 0.307552 0.219907 0.307292 0.229630 0.303646 0.237037 0.301823 0.241667 0.299479 0.240278 0.295052 0.232407 0.290885 0.229630 0.288542
0 0.184259 0.281771 0.169907 0.286198 0.165278 0.290885 0.162963 0.294792 0.161574 0.298958 0.163426 0.301042 0.167593 0.303385 0.172685 0.304427 0.184722 0.305208 0.189352 0.302344 0.190278 0.299740 0.189815 0.286458 0.187963 0.283594
0 0.123148 0.285156 0.120833 0.288542 0.120370 0.292448 0.122222 0.295052 0.127315 0.297135 0.137037 0.298438 0.155556 0.295052 0.156019 0.290885 0.152315 0.285677 0.146759 0.283073 0.134722 0.281250 0.127778 0.282292
0 0.156019 0.296615 0.149074 0.295573 0.143981 0.296354 0.136574 0.298698 0.132870 0.302865 0.131944 0.307552 0.135185 0.311979 0.140278 0.313281 0.153241 0.311979 0.157407 0.311198 0.163889 0.308073 0.165278 0.306771 0.164815 0.302604 0.158796 0.297917
0 0.099074 0.282292 0.091667 0.284896 0.090278 0.286458 0.089815 0.291146 0.091204 0.292708 0.097685 0.295573 0.104630 0.297135 0.108796 0.297396 0.112500 0.296875 0.118519 0.294792 0.119907 0.292187 0.119907 0.286198 0.116667 0.283333 0.108333 0.281250
0 0.068519 0.277865 0.065278 0.277344 0.056481 0.278385 0.052315 0.279687 0.045833 0.283073 0.043056 0.287240 0.048148 0.292969 0.051852 0.294010 0.061574 0.294531 0.073148 0.293229 0.075463 0.291927 0.077778 0.287760 0.077315 0.283854
0 0.038426 0.244531 0.030093 0.244792 0.027315 0.245573 0.024537 0.247917 0.021759 0.255729 0.022685 0.260156 0.025463 0.263802 0.031019 0.266406 0.038889 0.266406 0.043519 0.265625 0.055556 0.259896 0.044444 0.246354 0.042593 0.245312
0 0.036574 0.268750 0.031019 0.269271 0.025926 0.274219 0.024074 0.279427 0.025463 0.282031 0.028241 0.284115 0.031019 0.285156 0.038426 0.285677 0.043981 0.284375 0.050926 0.280469 0.051852 0.278385 0.050000 0.275260 0.044444 0.270573 0.040278 0.269010
0 0.073611 0.293750 0.059259 0.294531 0.056481 0.295573 0.056019 0.299740 0.057407 0.306771 0.065741 0.309115 0.075000 0.308073 0.082870 0.302865 0.082870 0.297917
0 0.090278 0.299479 0.087963 0.302604 0.089352 0.308333 0.092593 0.310937 0.096759 0.312240 0.109259 0.312240 0.116204 0.310417 0.120833 0.307031 0.120370 0.302344 0.110648 0.298177 0.099537 0.296875 0.093519 0.297656
0 0.045370 0.293229 0.036574 0.293750 0.031019 0.295312 0.026852 0.298438 0.027778 0.307031 0.031019 0.309115 0.037500 0.310677 0.047222 0.310417 0.051389 0.308854 0.056481 0.304948 0.057407 0.302083 0.055093 0.296354
0 0.066667 0.310156 0.063889 0.313802 0.063889 0.321094 0.064815 0.322396 0.077315 0.323698 0.082870 0.323698 0.087037 0.322917 0.090278 0.318750 0.088889 0.313281 0.079167 0.309375 0.071759 0.308854
0 0.053704 0.326042 0.054167 0.331510 0.057870 0.335156 0.062963 0.337240 0.069907 0.338021 0.080093 0.338021 0.087037 0.336458 0.090278 0.334115 0.091667 0.329167 0.090278 0.326042 0.087037 0.324479 0.063889 0.322917 0.057870 0.323698
0 0.034722 0.311979 0.031944 0.314063 0.032407 0.318490 0.034722 0.323437 0.037963 0.325781 0.044907 0.327865 0.051852 0.327344 0.061111 0.320833 0.062037 0.319271 0.061111 0.314583 0.052778 0.311458 0.037037 0.311458
0 0.060648 0.338802 0.055093 0.341667 0.054167 0.343229 0.053704 0.346615 0.055556 0.349479 0.065278 0.353646 0.073148 0.353906 0.080093 0.352344 0.084722 0.349479 0.086574 0.346354 0.086574 0.341667 0.084259 0.339323 0.080093 0.338021 0.064815 0.337760
0 0.032407 0.351823 0.030093 0.353385 0.030093 0.357812 0.034722 0.361979 0.040741 0.364844 0.052315 0.366146 0.058333 0.364063 0.062500 0.361719 0.063889 0.357552 0.063426 0.353385 0.058796 0.350521 0.050926 0.349479 0.038426 0.350521
0 0.089352 0.349479 0.089815 0.353385 0.091667 0.356771 0.093519 0.358073 0.099537 0.359115 0.114815 0.359375 0.118981 0.357552 0.129630 0.354948 0.131481 0.353906 0.129630 0.349479 0.116667 0.344792 0.110648 0.343490 0.098611 0.343490 0.094444 0.344271 0.091667 0.345573
0 0.150000 0.326302 0.142593 0.324479 0.135185 0.324479 0.126852 0.326042 0.123148 0.328385 0.120370 0.331510 0.119444 0.334115 0.121296 0.336198 0.123611 0.337500 0.127778 0.338542 0.135648 0.338802 0.144907 0.338021 0.150000 0.335677 0.151389 0.334115 0.151389 0.328906
0 0.147685 0.312240 0.143519 0.314323 0.143056 0.318229 0.139815 0.322135 0.140278 0.323177 0.142130 0.324219 0.153241 0.326823 0.163889 0.326823 0.168519 0.322917 0.167130 0.318229 0.164815 0.315625 0.159259 0.311979 0.151852 0.311719
0 0.170833 0.305208 0.164352 0.310417 0.163889 0.314844 0.169444 0.322396 0.174074 0.323437 0.180556 0.323437 0.189352 0.321354 0.193056 0.318750 0.193056 0.314323 0.185185 0.306771 0.181944 0.305469 0.178704 0.304948
0 0.207407 0.302865 0.200463 0.302344 0.192130 0.302865 0.186111 0.306250 0.193056 0.315625 0.196759 0.317188 0.201389 0.316406 0.212963 0.310677 0.211574 0.305208
0 0.211574 0.311458 0.202315 0.315365 0.200463 0.317969 0.201389 0.322396 0.211574 0.327083 0.218981 0.328385 0.223148 0.327344 0.229630 0.322656 0.229630 0.318490 0.219907 0.313281 0.218981 0.311979
0 0.246759 0.301823 0.238889 0.300521 0.230556 0.302865 0.220833 0.307031 0.218519 0.310417 0.222685 0.315104 0.231019 0.318750 0.241204 0.318750 0.245833 0.317188 0.247222 0.314583 0.250926 0.310937 0.249537 0.304167
0 0.281944 0.297396 0.269907 0.299740 0.260185 0.302604 0.259259 0.305990 0.259722 0.307812 0.262037 0.309635 0.269907 0.311198 0.275000 0.313802 0.280556 0.314583 0.289815 0.313021 0.292130 0.311719 0.293519 0.309115 0.292593 0.301823 0.288426 0.299219
0 0.300926 0.301823 0.296759 0.302604 0.293981 0.304427 0.292130 0.315365 0.294444 0.322135 0.299537 0.323437 0.303241 0.323698 0.310185 0.322396 0.313426 0.320573 0.314815 0.318490 0.312963 0.306510 0.311574 0.304427 0.308333 0.302865
0 0.291204 0.322396 0.287500 0.321094 0.282407 0.320312 0.277778 0.320573 0.274537 0.321875 0.267130 0.328385 0.265741 0.330990 0.265278 0.335938 0.265741 0.337760 0.267130 0.338802 0.275000 0.339323 0.283796 0.338542 0.295370 0.333333 0.297222 0.330729 0.296759 0.326042
0 0.259259 0.309896 0.251389 0.311458 0.247685 0.313802 0.247222 0.315104 0.250463 0.322396 0.254630 0.326302 0.256019 0.329427 0.261111 0.330208 0.267593 0.327604 0.270833 0.323437 0.273611 0.321354 0.275926 0.318490 0.276389 0.314323 0.267593 0.310417
0 0.289815 0.341667 0.286574 0.339844 0.281481 0.339062 0.275000 0.340104 0.259722 0.341146 0.258333 0.341927 0.257407 0.345833 0.260185 0.350521 0.262963 0.352604 0.266667 0.353906 0.276852 0.352344 0.282870 0.350260 0.287037 0.347656 0.288889 0.345833
0 0.312500 0.342448 0.302315 0.339583 0.296759 0.340104 0.292593 0.341406 0.289352 0.345833 0.283333 0.350260 0.282407 0.352865 0.283333 0.357552 0.287500 0.359375 0.295833 0.359375 0.299074 0.358854 0.305093 0.353125 0.313426 0.349740 0.314815 0.344792
0 0.301389 0.326823 0.298148 0.329167 0.296296 0.333854 0.299074 0.338281 0.308796 0.341667 0.316204 0.342448 0.321759 0.340104 0.326852 0.334375 0.325000 0.332031 0.320370 0.328906 0.316204 0.327604 0.309259 0.326302
0 0.225463 0.326042 0.223611 0.330729 0.228241 0.336719 0.232407 0.339323 0.240278 0.338802 0.249537 0.336198 0.254167 0.334115 0.256481 0.330729 0.253704 0.325781 0.248611 0.323958 0.233333 0.323698
0 0.218056 0.331510 0.206019 0.338021 0.203241 0.341667 0.202778 0.345833 0.206019 0.347656 0.211574 0.349479 0.218519 0.350260 0.225926 0.350260 0.228241 0.349219 0.231481 0.346094 0.232870 0.340885 0.231019 0.338021 0.226852 0.334896 0.225926 0.332813 0.223148 0.331771
0 0.185648 0.322656 0.183333 0.324740 0.183333 0.329167 0.185648 0.333854 0.192593 0.338802 0.197685 0.339583 0.202315 0.339062 0.207407 0.337240 0.212037 0.334115 0.213426 0.330208 0.210648 0.326562 0.204630 0.323437 0.199074 0.322135 0.190741 0.321875
0 0.182870 0.329427 0.179167 0.328385 0.168056 0.328646 0.163889 0.329427 0.156019 0.332292 0.153704 0.333854 0.152315 0.336979 0.152778 0.341927 0.154167 0.344271 0.155556 0.344792 0.171296 0.344531 0.186574 0.342969 0.188889 0.341406 0.190278 0.337240
0 0.166204 0.345313 0.164352 0.347917 0.164352 0.350260 0.167130 0.352865 0.175463 0.357812 0.182870 0.360156 0.191204 0.359896 0.194907 0.358854 0.196296 0.357552 0.198611 0.349479 0.195833 0.346875 0.190278 0.343750 0.185185 0.342708 0.176852 0.342969
0 0.156019 0.371354 0.155556 0.374219 0.156944 0.377344 0.159259 0.378906 0.165741 0.380208 0.175000 0.380990 0.187500 0.380469 0.193981 0.378906 0.196296 0.377604 0.197222 0.376042 0.197685 0.372656 0.195370 0.368490 0.191204 0.366146 0.185185 0.365365 0.175463 0.365365 0.163426 0.366927 0.158333 0.369010
0 0.136574 0.356510 0.127778 0.355469 0.118519 0.357292 0.115278 0.358854 0.112963 0.361198 0.110648 0.365625 0.116204 0.370833 0.121296 0.372135 0.130093 0.372396 0.136574 0.370312 0.142593 0.365625 0.142593 0.361198 0.139815 0.358333
0 0.108333 0.365104 0.092130 0.365625 0.081944 0.370573 0.080556 0.372396 0.081481 0.374740 0.087037 0.377083 0.093519 0.381250 0.101852 0.382552 0.112037 0.378906 0.115741 0.372917 0.112963 0.367969
0 0.087500 0.359635 0.078704 0.359115 0.068519 0.361458 0.054630 0.366406 0.051852 0.369010 0.052778 0.373177 0.059259 0.377083 0.066204 0.379167 0.072222 0.376302 0.078704 0.374219 0.089352 0.367188 0.091204 0.364844 0.089815 0.360938
0 0.052315 0.373958 0.044907 0.374740 0.042130 0.375781 0.040278 0.377083 0.038426 0.380208 0.038889 0.384375 0.041204 0.387500 0.045370 0.390885 0.052778 0.391406 0.057407 0.389844 0.062500 0.386198 0.066204 0.380990 0.065741 0.378646 0.064352 0.377344 0.060185 0.376823
0 0.079630 0.374479 0.073148 0.376563 0.067130 0.379948 0.064815 0.385156 0.066667 0.388802 0.072222 0.391667 0.077778 0.392448 0.087037 0.392448 0.091667 0.391406 0.096296 0.389062 0.099074 0.384635 0.095370 0.381250 0.087037 0.377083
0 0.135648 0.378646 0.127778 0.377865 0.117593 0.379427 0.110185 0.381510 0.105093 0.384375 0.103704 0.388281 0.108333 0.393229 0.112500 0.394792 0.121296 0.396094 0.128704 0.395052 0.133796 0.390885 0.137500 0.385417 0.137500 0.380208
0 0.148148 0.384115 0.144907 0.388542 0.145370 0.392708 0.149074 0.395573 0.156019 0.397135 0.159259 0.396615 0.169907 0.396615 0.176852 0.397656 0.180556 0.397135 0.183333 0.395833 0.183796 0.391927 0.181019 0.388281 0.168519 0.382292 0.163426 0.380729 0.155093 0.380990 0.150926 0.382292
0 0.212037 0.375521 0.203704 0.375521 0.200926 0.376042 0.192130 0.380729 0.189815 0.383854 0.189815 0.388802 0.196296 0.392188 0.205093 0.392448 0.216204 0.388802 0.220833 0.385417 0.221759 0.380729
0 0.241204 0.362500 0.233796 0.362760 0.227315 0.364323 0.221296 0.366406 0.215741 0.369792 0.213889 0.372917 0.215278 0.376042 0.223611 0.380990 0.232870 0.382292 0.240278 0.380990 0.241667 0.379948 0.245370 0.373437 0.246296 0.368750 0.244907 0.364844
0 0.203241 0.350260 0.200000 0.351042 0.198148 0.352604 0.195833 0.357031 0.196296 0.361719 0.199537 0.365885 0.202315 0.367448 0.212500 0.368750 0.216667 0.367708 0.223148 0.363542 0.225000 0.357812 0.223611 0.353646 0.222222 0.351823 0.218056 0.350521 0.213889 0.350000
0 0.264815 0.355729 0.260648 0.357031 0.254167 0.361198 0.251852 0.365885 0.254167 0.368490 0.259722 0.370312 0.275463 0.370052 0.279630 0.368750 0.281944 0.366406 0.281944 0.364063 0.280093 0.360677 0.273611 0.356250 0.269444 0.355469
0 0.257870 0.371094 0.250000 0.374219 0.248148 0.376042 0.248148 0.378385 0.250000 0.380729 0.255556 0.383594 0.267130 0.385937 0.275463 0.383854 0.278704 0.381250 0.279630 0.377344 0.276389 0.373698 0.273148 0.371615 0.269907 0.370833 0.263889 0.370573
0 0.312963 0.366406 0.309259 0.365365 0.302315 0.366406 0.293981 0.369010 0.285185 0.373437 0.282407 0.376302 0.281481 0.380469 0.282407 0.383073 0.285185 0.384896 0.296296 0.386719 0.302315 0.385937 0.305556 0.384375 0.310648 0.380469 0.313889 0.376563 0.315278 0.368750
0 0.288889 0.385156 0.279630 0.384896 0.271296 0.386719 0.268981 0.388542 0.271296 0.396615 0.274537 0.400260 0.277315 0.401823 0.280556 0.402604 0.286574 0.400521 0.294444 0.395833 0.297222 0.393229 0.296296 0.388281
0 0.239352 0.381510 0.236574 0.382292 0.232870 0.384896 0.231944 0.387240 0.231944 0.392708 0.232870 0.394531 0.235648 0.396354 0.238889 0.397135 0.247685 0.397396 0.254167 0.395833 0.257407 0.393750 0.258796 0.389323 0.257870 0.386458 0.256019 0.384635 0.249074 0.381510
0 0.303241 0.353385 0.300926 0.357031 0.301389 0.360938 0.304630 0.363542 0.308796 0.364844 0.318519 0.365104 0.334722 0.363542 0.337037 0.362240 0.337037 0.357292 0.334259 0.352344 0.331944 0.350521 0.325926 0.348698 0.315741 0.348438 0.307870 0.350781
0 0.819444 0.071615 0.815741 0.069792 0.809259 0.068490 0.800926 0.068229 0.794444 0.069010 0.785185 0.072396 0.778704 0.076302 0.776389 0.079948 0.777315 0.082031 0.781019 0.084896 0.788426 0.086458 0.795370 0.086719 0.806944 0.085417 0.810185 0.084375 0.816204 0.080729 0.819907 0.076563
0 0.100926 0.396354 0.099537 0.398698 0.100000 0.402604 0.102778 0.406510 0.106481 0.408854 0.113889 0.410677 0.122222 0.409635 0.130093 0.404687 0.131019 0.400000 0.125463 0.396615 0.108333 0.394010
0 0.093981 0.396875 0.086574 0.396875 0.079630 0.398177 0.072222 0.400781 0.068981 0.404167 0.072685 0.408073 0.083796 0.414323 0.086574 0.415104 0.093981 0.413281 0.097222 0.411198 0.100000 0.408073 0.100926 0.403646 0.099537 0.399740 0.096759 0.397396
0 0.071296 0.417708 0.066204 0.420312 0.065741 0.425000 0.068056 0.428385 0.072222 0.430729 0.078704 0.432812 0.087037 0.433594 0.097222 0.430990 0.102315 0.428125 0.100926 0.421875 0.099074 0.419792 0.093981 0.417187 0.088426 0.415885 0.083796 0.415885
0 0.125000 0.415365 0.119907 0.414844 0.108796 0.415885 0.104167 0.417969 0.101852 0.419792 0.103704 0.427344 0.106019 0.429167 0.111111 0.430469 0.115741 0.430729 0.121759 0.429688 0.125463 0.428385 0.128241 0.424740 0.128241 0.419271 0.127315 0.417187
0 0.130556 0.411198 0.128704 0.412500 0.127778 0.414844 0.128241 0.425260 0.132407 0.428125 0.138889 0.428646 0.149537 0.427344 0.153704 0.426042 0.157407 0.423958 0.157870 0.419792 0.153241 0.414844 0.150463 0.413281 0.142593 0.410417 0.135185 0.410156
0 0.180093 0.397917 0.171296 0.396354 0.159259 0.396354 0.147222 0.397656 0.141667 0.399219 0.139352 0.400781 0.138426 0.404687 0.142130 0.409896 0.148611 0.412760 0.156944 0.412760 0.170370 0.408854 0.175926 0.406250 0.181019 0.401042
0 0.207407 0.403646 0.204630 0.403385 0.195370 0.404687 0.192593 0.406250 0.187963 0.411979 0.188426 0.416406 0.194444 0.420312 0.197222 0.421094 0.205556 0.421354 0.212500 0.419271 0.216204 0.415885 0.217130 0.413542 0.216204 0.409375 0.212037 0.405469
0 0.260185 0.395573 0.250463 0.398958 0.248148 0.401823 0.247222 0.404687 0.248611 0.408073 0.250463 0.409375 0.257870 0.411198 0.262500 0.411458 0.266204 0.410938 0.276389 0.405208 0.276852 0.403125 0.275000 0.399740 0.270833 0.396875 0.267593 0.395833
0 0.221296 0.396094 0.213889 0.400260 0.212500 0.405208 0.214352 0.408333 0.219444 0.410677 0.239815 0.413281 0.243981 0.411198 0.245833 0.408594 0.243519 0.403125 0.239815 0.398698 0.236574 0.396615 0.231481 0.395052 0.225463 0.395052
0 0.237963 0.411979 0.236574 0.415104 0.237500 0.417708 0.240278 0.420052 0.246296 0.422396 0.253704 0.424219 0.260648 0.422917 0.265741 0.420052 0.267130 0.415625 0.264815 0.413021 0.262500 0.411979 0.247685 0.409115 0.243519 0.409635
0 0.271759 0.414844 0.270833 0.415625 0.271759 0.420052 0.279167 0.424740 0.290741 0.428906 0.294907 0.429688 0.300926 0.428906 0.306944 0.424219 0.307407 0.418750 0.305093 0.416667 0.299074 0.414323 0.288426 0.412240 0.280556 0.412240
0 0.306019 0.396875 0.302778 0.395573 0.294907 0.395833 0.280556 0.404167 0.281019 0.409115 0.283796 0.410677 0.287037 0.411458 0.297685 0.411458 0.301852 0.410938 0.308796 0.408854 0.311574 0.407292 0.313426 0.404167 0.310648 0.400000
0 0.322685 0.384896 0.317130 0.386719 0.314815 0.388542 0.311574 0.395833 0.312037 0.400000 0.316204 0.403385 0.330093 0.403646 0.335185 0.402083 0.338426 0.400260 0.341204 0.396615 0.339815 0.392708 0.330556 0.386198
0 0.328704 0.364063 0.322222 0.364583 0.318056 0.365885 0.316204 0.368229 0.315278 0.373177 0.316204 0.377865 0.321759 0.383594 0.330093 0.385417 0.343981 0.377344 0.343981 0.371875 0.343056 0.369010 0.338426 0.365885 0.334722 0.364583
0 0.373611 0.384635 0.362500 0.378125 0.355556 0.377344 0.347222 0.378125 0.343056 0.379167 0.338426 0.381250 0.334259 0.384635 0.335185 0.388542 0.339815 0.391927 0.344444 0.393229 0.351389 0.393750 0.369444 0.391406 0.371759 0.390104
0 0.379167 0.366927 0.372685 0.367188 0.367130 0.368229 0.361111 0.370833 0.359259 0.372917 0.359722 0.377083 0.366667 0.381250 0.371296 0.382812 0.380093 0.382292 0.383796 0.380990 0.385185 0.377865 0.384722 0.369010
0 0.364815 0.346875 0.351852 0.347656 0.347222 0.350000 0.347685 0.356771 0.349537 0.361198 0.353241 0.365885 0.356944 0.367708 0.363426 0.367708 0.365741 0.367188 0.372685 0.362760 0.375000 0.359896 0.375926 0.352865 0.374537 0.350521 0.372222 0.348698
0 0.383333 0.357292 0.381944 0.360156 0.381944 0.365365 0.385648 0.367188 0.392130 0.367969 0.398611 0.367188 0.407407 0.367708 0.412037 0.366667 0.414352 0.365365 0.412500 0.361198 0.405556 0.358333 0.393056 0.355469 0.385185 0.355729
0 0.397685 0.366927 0.393056 0.367708 0.387037 0.371875 0.386111 0.373437 0.387963 0.376823 0.387963 0.380990 0.388889 0.382292 0.393056 0.384375 0.399537 0.385156 0.408333 0.383854 0.414815 0.380990 0.414815 0.375521 0.413426 0.371354 0.409722 0.368490
0 0.373611 0.387760 0.371759 0.392708 0.375000 0.394531 0.380093 0.396094 0.383333 0.398177 0.391667 0.400521 0.400000 0.400260 0.401852 0.399219 0.404167 0.396875 0.406019 0.392708 0.404630 0.387760 0.401852 0.385417 0.392130 0.384375 0.378241 0.385937
0 0.368056 0.393229 0.363889 0.392708 0.356944 0.393750 0.352778 0.395052 0.350463 0.396615 0.349074 0.399219 0.348611 0.404687 0.350926 0.406510 0.357407 0.408594 0.366667 0.408073 0.369907 0.407031 0.371759 0.405469 0.374537 0.399479 0.371759 0.394792
0 0.350926 0.406510 0.343519 0.406771 0.340741 0.407552 0.336574 0.410677 0.335185 0.417187 0.337500 0.420833 0.340278 0.422135 0.345833 0.422396 0.351389 0.421354 0.358796 0.415885 0.359722 0.411458 0.357407 0.409375
0 0.329630 0.404687 0.322222 0.403906 0.317593 0.404687 0.312037 0.406771 0.305093 0.410417 0.303704 0.411979 0.306019 0.416146 0.309259 0.417969 0.315741 0.419531 0.324074 0.419531 0.331481 0.417708 0.334722 0.414062 0.335185 0.410677 0.334259 0.408073
0 0.331481 0.419271 0.329630 0.419010 0.316667 0.421354 0.302778 0.427604 0.301389 0.431771 0.304167 0.435156 0.314815 0.440104 0.323148 0.440365 0.328704 0.437500 0.332870 0.433073 0.337500 0.423698 0.335648 0.420833
0 0.315278 0.440625 0.308796 0.441927 0.306481 0.443229 0.305556 0.447656 0.312963 0.457813 0.316667 0.458854 0.324074 0.457031 0.329167 0.451302 0.329630 0.446094 0.327778 0.442969 0.325463 0.441667 0.322222 0.440885
0 0.277778 0.441146 0.272685 0.443490 0.271759 0.447656 0.274074 0.450000 0.284259 0.457813 0.289352 0.460677 0.294444 0.462760 0.302315 0.462760 0.307870 0.457031 0.308333 0.451823 0.300463 0.443229 0.294907 0.439583 0.287963 0.439063
0 0.267593 0.427604 0.260648 0.423958 0.253241 0.424219 0.247685 0.426042 0.239352 0.430469 0.234722 0.434375 0.233333 0.438281 0.234259 0.441406 0.237963 0.442708 0.248148 0.442969 0.256944 0.441667 0.265741 0.439323 0.270833 0.435937 0.270833 0.431510
0 0.172685 0.431250 0.172222 0.436458 0.173148 0.438021 0.176852 0.440885 0.180093 0.441406 0.190278 0.441406 0.197685 0.440365 0.203704 0.438802 0.207870 0.435677 0.205556 0.432292 0.200926 0.429688 0.193519 0.427344 0.187500 0.426302 0.183333 0.426042 0.177315 0.427344
0 0.141204 0.433073 0.137037 0.433854 0.135185 0.435156 0.133796 0.444010 0.137500 0.448958 0.141204 0.450781 0.144444 0.451042 0.149537 0.450260 0.159259 0.443229 0.160648 0.439323 0.157870 0.435677 0.155556 0.434635 0.150463 0.433594
0 0.132870 0.433333 0.128704 0.431771 0.120833 0.432031 0.108796 0.433333 0.101852 0.435417 0.100000 0.439844 0.104167 0.445312 0.114352 0.448177 0.120370 0.447656 0.124074 0.446615 0.130093 0.443490 0.131481 0.441927 0.134259 0.435937
0 0.100000 0.438281 0.093981 0.437500 0.088426 0.438021 0.080556 0.440104 0.078241 0.441406 0.076852 0.442969 0.078241 0.447396 0.081019 0.449740 0.086574 0.452344 0.095833 0.451042 0.102778 0.447396 0.103241 0.442708
0 0.075000 0.435937 0.070833 0.431510 0.065741 0.429167 0.058796 0.428646 0.051389 0.430469 0.040278 0.435156 0.037963 0.436719 0.036574 0.439844 0.038426 0.441667 0.043519 0.443229 0.060185 0.444531 0.069444 0.442969 0.072685 0.441667 0.075926 0.439583
0 0.057870 0.446354 0.054167 0.450000 0.053704 0.452083 0.054630 0.455208 0.059722 0.460156 0.064815 0.461719 0.074537 0.461979 0.079167 0.460938 0.083333 0.458854 0.086111 0.455208 0.085185 0.451562 0.075463 0.445833 0.073148 0.445052 0.064815 0.444792
0 0.065278 0.472135 0.061574 0.473698 0.056944 0.478125 0.056481 0.483333 0.058796 0.486719 0.061111 0.488281 0.064815 0.489583 0.073611 0.490104 0.079630 0.488802 0.084722 0.486198 0.087500 0.482552 0.084259 0.477865 0.074074 0.472917
0 0.172222 0.456771 0.163426 0.457292 0.156481 0.459635 0.153241 0.462240 0.150000 0.466667 0.150926 0.470833 0.156019 0.474219 0.162500 0.475781 0.172685 0.475781 0.177315 0.474219 0.180093 0.471354 0.180093 0.462500 0.176852 0.458333
0 0.293981 0.468490 0.289352 0.471094 0.287963 0.476042 0.289352 0.479687 0.294444 0.485677 0.297685 0.487500 0.300926 0.488281 0.309259 0.488281 0.317130 0.486719 0.319907 0.485156 0.321759 0.482552 0.320833 0.478906 0.318519 0.476042 0.310185 0.469531 0.306019 0.467708 0.300463 0.467187
0 0.322222 0.457552 0.316204 0.460417 0.314815 0.461979 0.314815 0.464323 0.316667 0.466927 0.327778 0.472917 0.331019 0.473177 0.338426 0.471354 0.341667 0.469531 0.343056 0.467708 0.343056 0.462500 0.336111 0.458594 0.330093 0.457292
0 0.357407 0.452083 0.352778 0.454688 0.349537 0.458073 0.347685 0.461979 0.348148 0.465365 0.350000 0.467708 0.352778 0.469010 0.365741 0.469531 0.369907 0.468490 0.374537 0.465885 0.375463 0.464062 0.375463 0.458073 0.373611 0.455469 0.369444 0.452865 0.366204 0.452083
0 0.360648 0.440104 0.355093 0.438802 0.347222 0.438542 0.343519 0.438802 0.336574 0.440625 0.333333 0.442708 0.334722 0.448177 0.337500 0.450781 0.343056 0.453125 0.351389 0.453125 0.358333 0.450521 0.361111 0.448698 0.363426 0.444271 0.362963 0.441927
0 0.368981 0.429167 0.364815 0.430729 0.361574 0.435417 0.364815 0.440625 0.368519 0.443490 0.371759 0.444531 0.379167 0.444792 0.388889 0.442188 0.393519 0.439583 0.396759 0.435156 0.391667 0.431510 0.385185 0.429427 0.379167 0.428385
0 0.361111 0.414323 0.358796 0.416146 0.356944 0.420312 0.358796 0.423177 0.364815 0.427083 0.368519 0.427865 0.378704 0.427604 0.385648 0.423958 0.387037 0.419531 0.382407 0.415885 0.372685 0.413281 0.363889 0.413542
0 0.340741 0.422135 0.338426 0.423177 0.333796 0.427083 0.334722 0.431771 0.342593 0.436719 0.350000 0.437760 0.352778 0.437500 0.357407 0.435156 0.360648 0.434375 0.362963 0.432812 0.362963 0.426302 0.357870 0.422656 0.355556 0.421875 0.346759 0.421615
0 0.373148 0.402083 0.371759 0.404167 0.372222 0.411719 0.375926 0.414062 0.384259 0.415625 0.393519 0.415625 0.401389 0.414062 0.404630 0.412240 0.405556 0.408594 0.402315 0.404427 0.396759 0.401823 0.386574 0.399740 0.382870 0.399740 0.375463 0.400781
0 0.406481 0.413021 0.397685 0.414844 0.389352 0.419531 0.389815 0.424740 0.399537 0.428646 0.406481 0.428906 0.414815 0.427865 0.419444 0.423958 0.418519 0.419792 0.414815 0.415625 0.412963 0.414583
0 0.378704 0.306510 0.370833 0.306771 0.367130 0.307812 0.362037 0.311198 0.359259 0.314063 0.357870 0.317708 0.358796 0.322135 0.360648 0.324479 0.365278 0.326823 0.372222 0.327344 0.374537 0.326562 0.383796 0.321094 0.388889 0.315104 0.387963 0.309896 0.384259 0.307812
0 0.352778 0.314844 0.350000 0.313802 0.345833 0.313281 0.319444 0.313802 0.317130 0.314844 0.315741 0.316667 0.316667 0.322656 0.322222 0.327344 0.331481 0.327865 0.337500 0.327083 0.345833 0.324219 0.353241 0.320052 0.354630 0.318750 0.354630 0.317448
0 0.316667 0.299740 0.313889 0.302344 0.313426 0.307031 0.315278 0.310417 0.318056 0.312760 0.325926 0.314063 0.343056 0.313802 0.347222 0.312760 0.348611 0.310937 0.343056 0.302865 0.338889 0.299219 0.330556 0.296615 0.322222 0.297396
0 0.358333 0.324479 0.350000 0.325521 0.344907 0.327083 0.341204 0.329688 0.340278 0.334375 0.348148 0.338802 0.351852 0.342708 0.356019 0.344271 0.358796 0.344010 0.360648 0.342708 0.366667 0.333854 0.367130 0.329427 0.365278 0.326562
0 0.328241 0.335677 0.325000 0.337240 0.322222 0.341146 0.322685 0.342969 0.326389 0.346875 0.332407 0.349740 0.335648 0.350521 0.342130 0.350260 0.346296 0.349219 0.350926 0.345833 0.350926 0.341406 0.347222 0.337500 0.343981 0.335677 0.341204 0.335156 0.334722 0.334896
0 0.376852 0.328125 0.374074 0.329427 0.368981 0.333594 0.368981 0.338802 0.373611 0.341927 0.383796 0.343750 0.392130 0.342969 0.395833 0.338802 0.395833 0.337240 0.392593 0.332031 0.389815 0.329688 0.386111 0.328125
0 0.395370 0.343750 0.389815 0.346354 0.387500 0.348698 0.387037 0.354167 0.389352 0.355469 0.406481 0.358594 0.411111 0.355990 0.413889 0.353385 0.414352 0.349479 0.409259 0.345052 0.400926 0.343490
0 0.449074 0.347396 0.441667 0.345052 0.439352 0.345052 0.432870 0.346094 0.425000 0.349219 0.418056 0.353385 0.418056 0.358073 0.419444 0.359635 0.423611 0.362240 0.426389 0.363021 0.434722 0.363802 0.440741 0.362240 0.445833 0.359375 0.451389 0.353646 0.451852 0.349219
0 0.477315 0.345573 0.471759 0.345313 0.461574 0.346615 0.458333 0.347656 0.452315 0.351302 0.446759 0.357031 0.444444 0.361198 0.445833 0.363021 0.450926 0.365625 0.460185 0.367969 0.468056 0.367708 0.471759 0.366146 0.476389 0.358073 0.477778 0.351823
0 0.434259 0.333854 0.434259 0.339062 0.435648 0.342448 0.440278 0.345052 0.450000 0.345313 0.456944 0.344531 0.465741 0.341667 0.470833 0.338021 0.467130 0.334896 0.449537 0.330729 0.439352 0.330729 0.436111 0.332031
0 0.441667 0.317448 0.433796 0.315625 0.415741 0.320833 0.409722 0.324479 0.406019 0.325781 0.405556 0.330729 0.406944 0.332031 0.412963 0.335156 0.417593 0.335938 0.421759 0.335938 0.430093 0.334115 0.439815 0.329427 0.443519 0.326302 0.444444 0.321615
0 0.418519 0.301823 0.412963 0.302865 0.409722 0.304688 0.407870 0.306510 0.406019 0.310677 0.407870 0.314844 0.410648 0.316927 0.414352 0.318750 0.420833 0.319531 0.431944 0.314583 0.433333 0.309115 0.432407 0.306510 0.425463 0.302604
0 0.449537 0.302865 0.443056 0.303906 0.437037 0.306510 0.434259 0.310417 0.435185 0.312760 0.438889 0.315625 0.447685 0.317448 0.460185 0.315104 0.462963 0.313542 0.464815 0.310677 0.463426 0.308073 0.460648 0.305729 0.455093 0.303646
0 0.454630 0.316927 0.446759 0.321354 0.445370 0.326302 0.450463 0.330208 0.461111 0.333594 0.468056 0.333333 0.477778 0.326302 0.475463 0.322917 0.472685 0.320833
0 0.490278 0.303906 0.482407 0.303646 0.476852 0.304948 0.474074 0.306510 0.472222 0.309635 0.474074 0.318229 0.476852 0.323958 0.478704 0.325781 0.481481 0.326562 0.485648 0.326042 0.493981 0.321875 0.499537 0.315104 0.500000 0.310156 0.498148 0.307552 0.494444 0.304948
0 0.550926 0.302865 0.547222 0.306250 0.547222 0.307292 0.550000 0.311719 0.555093 0.315104 0.565278 0.316406 0.580093 0.316667 0.582407 0.315104 0.582870 0.314063 0.580556 0.309115 0.578241 0.306510 0.568519 0.301042 0.564815 0.300000 0.558796 0.299479
0 0.594444 0.292708 0.585185 0.292708 0.581944 0.293229 0.574537 0.296875 0.573148 0.298438 0.573148 0.302604 0.574537 0.304688 0.577315 0.306250 0.580556 0.307292 0.588426 0.307552 0.594444 0.306510 0.597685 0.305208 0.600463 0.299219 0.599074 0.294271
0 0.625463 0.253646 0.614352 0.252083 0.608796 0.252865 0.606019 0.254167 0.602315 0.260417 0.601852 0.268229 0.604167 0.272135 0.606481 0.273438 0.614815 0.272396 0.623611 0.269792 0.630093 0.265104 0.631944 0.259115 0.629630 0.255990
0 0.593519 0.237500 0.588889 0.240104 0.588426 0.244271 0.590278 0.247135 0.596296 0.252344 0.599537 0.253385 0.606944 0.253125 0.617593 0.249479 0.619444 0.247656 0.620833 0.244010 0.614815 0.239323 0.607407 0.236979 0.599074 0.236719
0 0.649537 0.249479 0.643056 0.250521 0.639352 0.251823 0.637037 0.253385 0.634722 0.257031 0.633333 0.262500 0.633796 0.265885 0.637037 0.268490 0.642130 0.270313 0.646296 0.269531 0.654630 0.266406 0.661574 0.259896 0.662037 0.255469 0.660185 0.253385 0.656019 0.250781
0 0.648148 0.236458 0.644907 0.240104 0.646296 0.247917 0.649074 0.249219 0.656019 0.250260 0.664352 0.249740 0.668056 0.248958 0.674074 0.244271 0.670370 0.238802 0.666204 0.236979 0.656481 0.235677
0 0.676389 0.244271 0.671759 0.246354 0.670370 0.247917 0.669444 0.251302 0.670370 0.256771 0.672222 0.259375 0.676852 0.261719 0.684259 0.261458 0.688426 0.259896 0.693519 0.256250 0.694444 0.253125 0.693981 0.250521 0.688889 0.245833 0.684259 0.244792
0 0.699537 0.246094 0.698148 0.247135 0.698148 0.252083 0.700926 0.255469 0.708796 0.260156 0.716667 0.263802 0.725926 0.264583 0.736574 0.256250 0.736574 0.251563 0.733796 0.249219 0.727315 0.246354 0.718981 0.245312 0.702315 0.245573
0 0.748148 0.253906 0.745370 0.253646 0.738889 0.254427 0.732870 0.258333 0.725926 0.264844 0.724537 0.268750 0.725463 0.274219 0.729630 0.277083 0.732407 0.277865 0.741204 0.278125 0.743519 0.277604 0.747685 0.275260 0.750926 0.271875 0.754630 0.265365 0.756481 0.259635 0.754630 0.255990
0 0.745370 0.284635 0.741204 0.287240 0.740278 0.291146 0.746759 0.297656 0.749074 0.298958 0.753241 0.299740 0.766204 0.299740 0.771759 0.297396 0.773611 0.294792 0.774074 0.290365 0.772222 0.287500 0.768981 0.285677 0.765278 0.284375 0.760185 0.283594 0.751389 0.283594
0 0.766667 0.271094 0.763426 0.272917 0.761574 0.275000 0.762500 0.279687 0.764815 0.282292 0.773148 0.286198 0.781481 0.286198 0.791204 0.281250 0.794444 0.275521 0.793519 0.272396 0.791204 0.270573 0.787963 0.269792 0.773611 0.269531
0 0.746296 0.228385 0.739352 0.230208 0.734259 0.232552 0.731481 0.235677 0.731944 0.238542 0.733333 0.240365 0.746296 0.247396 0.754630 0.248177 0.757870 0.247396 0.762500 0.244531 0.762963 0.239063 0.761574 0.230469 0.759259 0.228385
0 0.690278 0.225521 0.685185 0.226823 0.682407 0.228906 0.680093 0.231771 0.681019 0.236198 0.687963 0.241406 0.690741 0.242188 0.697222 0.241927 0.702315 0.239844 0.705093 0.236198 0.704630 0.228385 0.698611 0.225521
0 0.414815 0.367708 0.414815 0.377083 0.418056 0.379167 0.428704 0.379948 0.445370 0.376042 0.450000 0.373437 0.449537 0.371094 0.447685 0.369010 0.443981 0.366927 0.436574 0.365104 0.428704 0.364063 0.423148 0.364063 0.416667 0.365885
0 0.433796 0.391667 0.429630 0.390885 0.417593 0.391146 0.411574 0.392448 0.406019 0.395052 0.403704 0.400521 0.410185 0.405729 0.414352 0.406771 0.421296 0.406771 0.427315 0.404687 0.435185 0.397135 0.435185 0.392448
0 0.466204 0.388021 0.462963 0.387240 0.450463 0.388021 0.442130 0.389583 0.437963 0.391667 0.436574 0.395052 0.437037 0.397917 0.443519 0.403906 0.447222 0.404948 0.455093 0.405208 0.460648 0.402865 0.462500 0.400260 0.463426 0.395313 0.466204 0.391667 0.467130 0.389062
0 0.492130 0.389062 0.484259 0.386979 0.475000 0.387500 0.470833 0.388542 0.467593 0.391406 0.464815 0.395833 0.464815 0.400260 0.468519 0.402865 0.476389 0.403385 0.486111 0.401823 0.493056 0.400000 0.495370 0.398438 0.496296 0.396094 0.493981 0.390885
0 0.487963 0.367448 0.481481 0.366406 0.473611 0.367708 0.468519 0.371094 0.465278 0.374479 0.461111 0.376823 0.461111 0.381771 0.468519 0.384635 0.475463 0.385677 0.482870 0.384896 0.486574 0.383854 0.489815 0.380729 0.491204 0.375781 0.490741 0.370312
0 0.495370 0.371875 0.492593 0.374479 0.490278 0.379948 0.490278 0.382552 0.492130 0.384635 0.496759 0.385677 0.503704 0.384896 0.510185 0.383333 0.517130 0.384115 0.524537 0.383594 0.527778 0.380990 0.525926 0.378125 0.512037 0.371875 0.505556 0.370312 0.499074 0.370573
0 0.538889 0.359115 0.528241 0.359896 0.514815 0.365365 0.514815 0.370833 0.518056 0.373437 0.524074 0.376302 0.539815 0.376823 0.544444 0.376302 0.547685 0.374479 0.548611 0.372656 0.547685 0.364323 0.544907 0.361458
0 0.566667 0.359635 0.557870 0.359375 0.551852 0.359896 0.547222 0.361198 0.547685 0.366406 0.551852 0.377083 0.558796 0.378906 0.562037 0.375260 0.575463 0.369271 0.575926 0.365104 0.574074 0.361198
0 0.564352 0.373437 0.562500 0.377083 0.565741 0.380729 0.579630 0.384375 0.584722 0.384375 0.591204 0.386198 0.598148 0.386198 0.602778 0.384896 0.605556 0.381250 0.605556 0.376042 0.604167 0.373698 0.601389 0.372135 0.595370 0.370833 0.587037 0.370833 0.579167 0.369271 0.572222 0.370312
0 0.576389 0.360938 0.576389 0.365625 0.577315 0.366667 0.581481 0.368750 0.586111 0.369792 0.599537 0.369792 0.603241 0.367969 0.605556 0.365365 0.606019 0.361198 0.604630 0.358854 0.602778 0.358073 0.596759 0.357552 0.585185 0.357812 0.579630 0.358854
0 0.573611 0.341927 0.568519 0.342969 0.564352 0.345313 0.557870 0.353125 0.560185 0.357812 0.565741 0.359896 0.574537 0.360156 0.581481 0.357552 0.582870 0.355729 0.583333 0.348177 0.582407 0.346354 0.577315 0.342708
0 0.552315 0.339844 0.541667 0.341667 0.535648 0.343490 0.531481 0.346615 0.529167 0.349479 0.531481 0.353385 0.535185 0.356510 0.537963 0.358073 0.544444 0.359896 0.553241 0.357812 0.556481 0.355469 0.561574 0.348958 0.562500 0.345313 0.558796 0.341667
0 0.550926 0.329167 0.547222 0.327604 0.543981 0.327604 0.533333 0.329427 0.525000 0.331771 0.519907 0.333854 0.517593 0.337240 0.517593 0.338542 0.519907 0.341406 0.524074 0.342708 0.532870 0.342969 0.549537 0.340104 0.552315 0.338021 0.553704 0.334375
0 0.543519 0.307812 0.538889 0.306771 0.530556 0.307031 0.524074 0.309635 0.517130 0.314844 0.514352 0.318229 0.513426 0.322656 0.516204 0.325260 0.525926 0.325521 0.540741 0.322135 0.546296 0.319792 0.548148 0.317448 0.548611 0.313802 0.546296 0.310156
0 0.560185 0.315885 0.552778 0.316667 0.548148 0.318229 0.547685 0.322656 0.550463 0.329948 0.552778 0.331771 0.559722 0.332031 0.563889 0.330729 0.567130 0.328385 0.568056 0.318229 0.566204 0.317188
0 0.593056 0.310677 0.587963 0.311979 0.585185 0.313542 0.578704 0.319271 0.577778 0.322656 0.581019 0.326562 0.584722 0.328385 0.588426 0.329167 0.595833 0.329427 0.600926 0.328646 0.603704 0.326302 0.605556 0.321354 0.600926 0.312240 0.598611 0.311198
0 0.628704 0.313542 0.623148 0.312760 0.619907 0.313281 0.612500 0.318229 0.607407 0.324740 0.601852 0.329167 0.601389 0.330208 0.603704 0.334375 0.606019 0.335677 0.612500 0.337500 0.621759 0.337500 0.628241 0.334115 0.631019 0.322656 0.630556 0.317969
0 0.623611 0.298177 0.620370 0.297396 0.612500 0.297135 0.606481 0.298438 0.602778 0.300521 0.600463 0.302865 0.598611 0.306510 0.599074 0.310677 0.601852 0.311979 0.607870 0.312760 0.615278 0.312240 0.620833 0.310156 0.626389 0.307031 0.628241 0.303906 0.628241 0.302344
0 0.648611 0.284635 0.643056 0.283854 0.636111 0.284115 0.632407 0.284896 0.629167 0.286979 0.626852 0.299219 0.630556 0.303906 0.634259 0.305469 0.643981 0.304427 0.649074 0.298958 0.654167 0.296354 0.657407 0.292708 0.657870 0.290365 0.656481 0.288281 0.652315 0.285677
0 0.649537 0.299219 0.645833 0.302604 0.649074 0.306771 0.654167 0.310417 0.662037 0.314063 0.670833 0.314583 0.674537 0.311458 0.675926 0.307031 0.675463 0.302344 0.672685 0.298177 0.670370 0.296875 0.661111 0.296615
0 0.691667 0.285677 0.687037 0.286979 0.683796 0.289062 0.681944 0.292187 0.681481 0.295833 0.683796 0.299479 0.690741 0.302865 0.698148 0.302604 0.703241 0.300260 0.705556 0.297656 0.707407 0.290625 0.703704 0.286719 0.699537 0.285677
0 0.649074 0.268229 0.644444 0.271615 0.643519 0.274740 0.643981 0.276823 0.646759 0.280469 0.649537 0.282031 0.658333 0.283854 0.664352 0.283854 0.671759 0.282552 0.675000 0.279948 0.675000 0.274479 0.673148 0.271875 0.664815 0.267708 0.661111 0.266667 0.655556 0.266146
0 0.728241 0.290885 0.718056 0.296354 0.716204 0.298438 0.715278 0.302865 0.720833 0.305469 0.734722 0.309375 0.742593 0.309896 0.745833 0.309115 0.747685 0.307031 0.747685 0.301042 0.744444 0.294792 0.737963 0.290885 0.732870 0.290365
0 0.756019 0.312760 0.751852 0.312500 0.747222 0.313281 0.728241 0.318750 0.723611 0.321875 0.724074 0.326302 0.725926 0.327604 0.734259 0.331250 0.741667 0.331771 0.746759 0.330990 0.751389 0.327604 0.753704 0.322656 0.757407 0.318750 0.758333 0.314063
0 0.711574 0.303906 0.704167 0.303385 0.700926 0.304167 0.699074 0.305208 0.694907 0.310417 0.693519 0.314063 0.693519 0.318750 0.695370 0.321615 0.698148 0.323177 0.705093 0.323177 0.713889 0.319792 0.722685 0.314844 0.720833 0.309115
0 0.725926 0.327865 0.717593 0.327865 0.703704 0.330990 0.700463 0.333073 0.696759 0.337760 0.698148 0.341927 0.703704 0.343750 0.711574 0.344271 0.718981 0.343750 0.723148 0.342448 0.726389 0.340625 0.729630 0.335156 0.729167 0.329948
0 0.670370 0.337760 0.663426 0.335938 0.656019 0.336198 0.648148 0.337500 0.639352 0.339844 0.636111 0.342448 0.635648 0.346354 0.638426 0.350260 0.641667 0.352865 0.649537 0.353906 0.658333 0.352083 0.666204 0.348698 0.671296 0.345573 0.673611 0.342448 0.673148 0.340365
0 0.621296 0.340885 0.615278 0.345052 0.612963 0.349219 0.612037 0.353906 0.613426 0.356250 0.618056 0.358854 0.621296 0.359635 0.629167 0.359896 0.637500 0.357812 0.639815 0.356250 0.641667 0.353385 0.634259 0.342448 0.629167 0.340625
0 0.600926 0.338542 0.593519 0.339062 0.591667 0.341927 0.586111 0.346094 0.584259 0.348698 0.585648 0.354687 0.587500 0.355990 0.591667 0.357031 0.601852 0.357292 0.609722 0.355729 0.611574 0.353906 0.612037 0.349219 0.610648 0.346354 0.604167 0.340104
0 0.579630 0.328385 0.571759 0.330729 0.569444 0.332031 0.568056 0.333854 0.568981 0.338021 0.572685 0.340625 0.579630 0.343490 0.587500 0.345052 0.591204 0.343229 0.597222 0.337760 0.594444 0.333333 0.590278 0.330729 0.585185 0.329167
0 0.635648 0.221875 0.625926 0.223438 0.624074 0.224479 0.621759 0.227604 0.621759 0.233073 0.623611 0.236979 0.627315 0.241146 0.632870 0.242708 0.636574 0.242708 0.642130 0.240365 0.648611 0.233594 0.650926 0.229167 0.650000 0.226302 0.647222 0.224219
0 0.702778 0.344271 0.693981 0.346354 0.691204 0.347917 0.690278 0.349219 0.690278 0.353646 0.693981 0.359635 0.699074 0.361979 0.705556 0.362500 0.712037 0.361198 0.715278 0.359635 0.718519 0.354427 0.719444 0.349479 0.717130 0.346875 0.713889 0.345313 0.707407 0.344271
0 0.746759 0.339844 0.730093 0.340885 0.725926 0.342187 0.723148 0.343750 0.721759 0.345573 0.721759 0.350260 0.724074 0.352865 0.732407 0.357812 0.739352 0.359115 0.742130 0.358333 0.747685 0.355208 0.748611 0.353646 0.753704 0.349740 0.755093 0.346094 0.752778 0.341667
0 0.752315 0.328906 0.749074 0.330729 0.747222 0.333854 0.747685 0.337240 0.749537 0.339844 0.758333 0.344531 0.769444 0.345052 0.773148 0.344271 0.776389 0.341927 0.779167 0.338021 0.777778 0.334115 0.765741 0.328906 0.762500 0.328385 0.755093 0.328385
0 0.767593 0.355729 0.759259 0.355990 0.749537 0.358854 0.744907 0.362240 0.743981 0.364063 0.744907 0.369531 0.753241 0.374219 0.761111 0.373958 0.765741 0.372396 0.778241 0.365625 0.775000 0.359635
0 0.746296 0.373958 0.736574 0.376042 0.731481 0.378646 0.729167 0.381771 0.728704 0.385677 0.731019 0.388802 0.732870 0.389844 0.746759 0.391927 0.752778 0.391146 0.757870 0.388802 0.759259 0.385937 0.759259 0.380469 0.757870 0.377604 0.755093 0.375781
0 0.711574 0.377083 0.705556 0.385417 0.705093 0.389323 0.706019 0.392708 0.711111 0.395573 0.719907 0.395573 0.725463 0.394010 0.727315 0.392708 0.728241 0.388542 0.726389 0.383073 0.723148 0.379688 0.719907 0.377865
0 0.736111 0.359635 0.730093 0.359375 0.721759 0.360156 0.711574 0.363281 0.709722 0.364844 0.709259 0.370052 0.710648 0.372135 0.715741 0.376042 0.725000 0.378906 0.728704 0.378125 0.737963 0.373698 0.742130 0.369271 0.741204 0.361458
0 0.690741 0.370312 0.681019 0.372656 0.678241 0.375000 0.677315 0.377083 0.678704 0.381250 0.683796 0.385677 0.686574 0.387240 0.690278 0.388281 0.699537 0.387500 0.705093 0.385417 0.709259 0.381250 0.709259 0.376823 0.706944 0.374740 0.698148 0.371354
0 0.666204 0.354687 0.663889 0.356250 0.660648 0.360938 0.660648 0.365885 0.662500 0.367708 0.669444 0.369792 0.676852 0.370573 0.684722 0.370573 0.690741 0.369271 0.694907 0.365625 0.694907 0.361198 0.688426 0.357292 0.681481 0.353906 0.678241 0.353125 0.671296 0.353385
0 0.663889 0.371875 0.656019 0.371875 0.650463 0.372656 0.648611 0.373698 0.646759 0.376302 0.649074 0.386458 0.651389 0.388021 0.655556 0.389062 0.663426 0.387760 0.668056 0.386198 0.675000 0.381250 0.675463 0.376823 0.672685 0.374479
0 0.645370 0.378125 0.642130 0.377865 0.632870 0.381250 0.624074 0.385417 0.620833 0.388281 0.620370 0.393490 0.625000 0.396615 0.628704 0.397917 0.633333 0.398438 0.643056 0.398177 0.646296 0.397135 0.650000 0.394531 0.651389 0.392708 0.652315 0.388542 0.648611 0.384115 0.647685 0.379427
0 0.641667 0.371615 0.636111 0.370052 0.626852 0.369010 0.619444 0.369010 0.610648 0.370312 0.608333 0.371615 0.606481 0.373958 0.606481 0.378385 0.608333 0.381771 0.614352 0.384896 0.622222 0.385156 0.628241 0.383594 0.642593 0.377344 0.644444 0.377083 0.643981 0.372917
0 0.613889 0.394531 0.606944 0.396354 0.600463 0.399740 0.598611 0.403125 0.598611 0.404948 0.601852 0.408073 0.606019 0.410156 0.613889 0.411719 0.622222 0.410677 0.625926 0.408594 0.628241 0.404687 0.628241 0.400000 0.627315 0.398177 0.621759 0.394792
0 0.578704 0.386198 0.568981 0.389323 0.563889 0.392188 0.563426 0.396615 0.571296 0.401823 0.580556 0.402604 0.588889 0.398698 0.590278 0.395573 0.588889 0.392188 0.584722 0.387500 0.581019 0.386198
0 0.538889 0.376563 0.530556 0.378646 0.526389 0.383594 0.526852 0.389062 0.528704 0.391406 0.531481 0.393490 0.537037 0.394792 0.545370 0.393750 0.548611 0.392708 0.553241 0.389844 0.556019 0.385417 0.555093 0.381250 0.551389 0.378646 0.546296 0.377344
0 0.497222 0.386979 0.495833 0.389062 0.495833 0.393229 0.497222 0.396615 0.500926 0.399219 0.511574 0.401042 0.523148 0.399479 0.525926 0.398698 0.528241 0.397135 0.530093 0.392448 0.524537 0.385417 0.517593 0.384115 0.509259 0.384115 0.500000 0.385417
0 0.681481 0.392188 0.671296 0.389583 0.663426 0.389062 0.656944 0.389583 0.653241 0.390625 0.651389 0.392708 0.650926 0.396875 0.655093 0.402865 0.663426 0.406510 0.678704 0.402344 0.684259 0.396875 0.683796 0.394531
0 0.636111 0.401042 0.633333 0.402344 0.628241 0.406771 0.624537 0.412240 0.627778 0.415104 0.632407 0.416927 0.638889 0.417708 0.649074 0.417448 0.657407 0.413281 0.660648 0.408333 0.659722 0.406510 0.653704 0.403125 0.650463 0.402083 0.643056 0.400781
0 0.663889 0.201042 0.661111 0.204167 0.659722 0.208854 0.661111 0.211719 0.663426 0.213021 0.669907 0.214323 0.677778 0.214062 0.687500 0.212500 0.692130 0.210417 0.692593 0.208333 0.688426 0.202865 0.681481 0.199479 0.677778 0.198437 0.669907 0.198437
0 0.683796 0.218750 0.678704 0.217969 0.669907 0.218229 0.654167 0.224479 0.652778 0.228125 0.653241 0.229687 0.656944 0.233854 0.660185 0.235677 0.663889 0.236458 0.670370 0.236719 0.681019 0.230990 0.686111 0.225000 0.685648 0.220312
0 0.627315 0.205729 0.617130 0.209635 0.614352 0.212500 0.614815 0.215104 0.616667 0.216667 0.627778 0.220833 0.635648 0.220312 0.639352 0.216146 0.639815 0.212240 0.638889 0.208854 0.636111 0.205990
0 0.599074 0.202083 0.595370 0.201563 0.587963 0.202083 0.576852 0.207031 0.574074 0.211979 0.574074 0.214323 0.576389 0.217188 0.585648 0.220312 0.593519 0.220052 0.596296 0.218750 0.597685 0.216927 0.603241 0.214323 0.605093 0.208854 0.603241 0.204427
0 0.719907 0.209115 0.711111 0.209375 0.704630 0.210938 0.698611 0.213542 0.694444 0.216667 0.694444 0.221875 0.696759 0.224740 0.702778 0.227344 0.705556 0.227865 0.712037 0.227083 0.721296 0.224479 0.725463 0.222135 0.727315 0.220312 0.728241 0.216406 0.725000 0.210938
0 0.794907 0.182812 0.788426 0.184896 0.787037 0.186458 0.784722 0.193229 0.785185 0.201302 0.787037 0.204167 0.790741 0.205990 0.793981 0.206510 0.803241 0.206510 0.809722 0.204687 0.813426 0.201563 0.813889 0.196354 0.810185 0.187240 0.807870 0.184896 0.803241 0.183333
0 0.843056 0.191146 0.838426 0.190625 0.832870 0.191146 0.830093 0.191927 0.820370 0.196875 0.818056 0.201823 0.819907 0.206510 0.822685 0.208854 0.831019 0.210156 0.836574 0.208854 0.842593 0.205208 0.847222 0.197656 0.846296 0.193229
0 0.880093 0.171094 0.877315 0.170833 0.870370 0.171875 0.856481 0.182031 0.849537 0.185417 0.849074 0.189583 0.855556 0.193750 0.859722 0.194531 0.865278 0.194531 0.870370 0.193490 0.881481 0.189323 0.888426 0.185156 0.889815 0.180729 0.885648 0.175000 0.882870 0.172396
0 0.920370 0.178906 0.912500 0.178646 0.903241 0.181510 0.898611 0.184115 0.893056 0.189583 0.890741 0.193229 0.894444 0.197396 0.900000 0.198958 0.907407 0.198958 0.927778 0.193229 0.929630 0.188802 0.925926 0.183333
0 0.863426 0.204427 0.859259 0.203385 0.848148 0.204427 0.840741 0.206510 0.831019 0.210938 0.829167 0.214062 0.829167 0.217448 0.831481 0.220833 0.836574 0.223438 0.842130 0.224479 0.845833 0.224479 0.851852 0.223438 0.856481 0.220833 0.865741 0.210156 0.865741 0.206771
0 0.782407 0.210938 0.781944 0.217188 0.784722 0.220833 0.787963 0.222135 0.796296 0.222135 0.808796 0.219792 0.816204 0.216406 0.818519 0.213542 0.818056 0.211719 0.815278 0.210417 0.806481 0.207813 0.799537 0.207031 0.787963 0.206510 0.784722 0.208333
0 0.824074 0.239583 0.820833 0.240104 0.816667 0.243490 0.813426 0.252083 0.817130 0.255990 0.819907 0.257292 0.830556 0.258073 0.840278 0.255990 0.845833 0.252083 0.846296 0.247917 0.842593 0.244010 0.836574 0.240365 0.831019 0.239323
0 0.844444 0.230208 0.840278 0.232552 0.836574 0.236198 0.836574 0.240365 0.843981 0.246354 0.848611 0.248698 0.856481 0.250781 0.862963 0.251563 0.872685 0.251563 0.874074 0.251042 0.876389 0.248958 0.875926 0.243490 0.867593 0.235156 0.860648 0.231250 0.855556 0.229427 0.850463 0.228906
0 0.893056 0.217708 0.884722 0.218229 0.877315 0.220573 0.873611 0.222917 0.870370 0.228385 0.870833 0.230469 0.874074 0.234375 0.878704 0.236198 0.885648 0.236979 0.893519 0.235677 0.898148 0.233854 0.900926 0.229687 0.900463 0.227083 0.896296 0.220052
0 0.927315 0.228385 0.915741 0.228385 0.901852 0.232552 0.898611 0.236198 0.899537 0.240625 0.904630 0.242969 0.912500 0.244531 0.920370 0.244792 0.922685 0.244271 0.927315 0.242188 0.929630 0.240365 0.930556 0.238281 0.930556 0.232031
0 0.961574 0.215885 0.955556 0.217188 0.950463 0.220312 0.948611 0.224479 0.949537 0.228646 0.952315 0.233854 0.955556 0.236458 0.961574 0.238021 0.968981 0.238021 0.975463 0.232552 0.978241 0.228125 0.979167 0.220573 0.976852 0.217708 0.974537 0.216667 0.968981 0.215885
0 0.804167 0.250521 0.797685 0.250781 0.791667 0.251823 0.787963 0.254167 0.785648 0.259635 0.787037 0.262760 0.789352 0.264844 0.801852 0.268229 0.805556 0.267708 0.809259 0.265625 0.815278 0.260937 0.817130 0.257031 0.817130 0.255469 0.812963 0.252344
0 0.764352 0.228385 0.762037 0.230729 0.761111 0.236719 0.762963 0.244271 0.765741 0.247656 0.768519 0.248958 0.772685 0.249479 0.776852 0.249219 0.783796 0.247656 0.789815 0.244271 0.789352 0.239583 0.781481 0.231250 0.775000 0.228646
0 0.786111 0.284115 0.779630 0.286979 0.776852 0.289062 0.775926 0.291406 0.777315 0.296094 0.780093 0.297396 0.793981 0.299479 0.802315 0.299219 0.804630 0.297135 0.806944 0.291406 0.806019 0.286719 0.804630 0.284635 0.802315 0.283073 0.793056 0.283073
0 0.823148 0.276562 0.815741 0.277344 0.811111 0.279167 0.804630 0.283073 0.805556 0.286719 0.807870 0.289844 0.810648 0.291667 0.814815 0.292969 0.817593 0.292969 0.825463 0.291146 0.831019 0.287240 0.830093 0.279427
0 0.822222 0.263542 0.822222 0.268490 0.825926 0.274740 0.832407 0.278906 0.836111 0.279948 0.844444 0.279948 0.850000 0.278125 0.853241 0.276302 0.856944 0.272135 0.856944 0.267448 0.854630 0.265625 0.845370 0.263542 0.837037 0.262500 0.829167 0.262500
0 0.858796 0.259375 0.855093 0.263802 0.856944 0.267188 0.860648 0.270052 0.877778 0.274219 0.882407 0.273698 0.885648 0.272656 0.889815 0.268750 0.891667 0.263802 0.890278 0.259635 0.888426 0.258594 0.879167 0.256510 0.870370 0.256250 0.864815 0.257031
0 0.929167 0.253125 0.919907 0.252344 0.912037 0.253906 0.902315 0.257552 0.900926 0.259635 0.901389 0.263021 0.903241 0.265625 0.906019 0.267448 0.912963 0.269010 0.920833 0.269271 0.927315 0.266406 0.929630 0.264062 0.931481 0.259635 0.931944 0.255729
0 0.959259 0.249219 0.955556 0.248177 0.946759 0.248438 0.940741 0.249479 0.933333 0.251823 0.930556 0.259635 0.931019 0.263802 0.933796 0.265104 0.944907 0.265104 0.950000 0.264583 0.956481 0.262760 0.959722 0.260677 0.962500 0.256510 0.962037 0.251563
0 0.955093 0.266406 0.939815 0.266146 0.931019 0.268490 0.927778 0.270313 0.925926 0.272396 0.925463 0.276042 0.928704 0.280469 0.932870 0.283073 0.941204 0.284635 0.956944 0.278385 0.960648 0.276302 0.962963 0.271094 0.961574 0.269010
0 0.906019 0.268750 0.894444 0.273177 0.892593 0.274740 0.893519 0.280990 0.896296 0.284896 0.901852 0.287240 0.906944 0.288021 0.912500 0.286458 0.917593 0.283073 0.920833 0.277344 0.921296 0.274479 0.919907 0.271875 0.917593 0.270313 0.913426 0.269271
0 0.860185 0.277083 0.855556 0.279167 0.855556 0.283333 0.861574 0.289844 0.870833 0.292187 0.879167 0.293229 0.884722 0.291927 0.891667 0.287240 0.892130 0.285156 0.893981 0.283073 0.892593 0.279167 0.889815 0.277344 0.884259 0.276302 0.873148 0.275781 0.864352 0.276042
0 0.857407 0.289583 0.848148 0.294531 0.846296 0.299219 0.848148 0.301302 0.852778 0.303646 0.856019 0.304427 0.864815 0.304427 0.868056 0.303646 0.873148 0.300260 0.875000 0.297396 0.875463 0.294271 0.871296 0.291667 0.865278 0.290104
0 0.844444 0.294531 0.837037 0.292708 0.828704 0.292448 0.814815 0.295312 0.809259 0.298177 0.806019 0.300781 0.805093 0.303385 0.807407 0.307552 0.815741 0.311198 0.825000 0.310156 0.841204 0.303125 0.845370 0.299219
0 0.767130 0.302604 0.766204 0.305990 0.767130 0.309896 0.768981 0.311979 0.774074 0.314323 0.781019 0.314063 0.799537 0.311458 0.803241 0.309896 0.805093 0.307812 0.805093 0.305990 0.801852 0.302083 0.796296 0.299740 0.789352 0.298698 0.774074 0.298958 0.770370 0.300260
0 0.930556 0.283594 0.924537 0.283333 0.918056 0.284115 0.911574 0.287760 0.910648 0.289583 0.911111 0.296615 0.912500 0.298958 0.916667 0.300781 0.921296 0.301302 0.930093 0.300000 0.942130 0.294531 0.945370 0.291146 0.940278 0.288802 0.935648 0.285417
0 0.960648 0.287760 0.954630 0.289062 0.951389 0.290885 0.946759 0.295312 0.945370 0.298177 0.944907 0.302865 0.949074 0.307812 0.953241 0.310677 0.957870 0.311719 0.962963 0.311979 0.968056 0.311198 0.973148 0.309115 0.975000 0.306771 0.975000 0.302083 0.967593 0.288802 0.964352 0.287760
0 0.941204 0.304427 0.933796 0.304167 0.930093 0.305208 0.921759 0.309635 0.918056 0.313021 0.917593 0.316146 0.918981 0.318490 0.927778 0.322135 0.931481 0.322656 0.940741 0.322135 0.944907 0.321094 0.948148 0.319010 0.948611 0.313542 0.945370 0.307812
0 0.897222 0.301563 0.893981 0.301042 0.883796 0.301563 0.873148 0.304427 0.870370 0.307292 0.869907 0.311198 0.873148 0.315625 0.875926 0.317448 0.882407 0.319010 0.887500 0.319271 0.892593 0.318490 0.896759 0.316406 0.902778 0.310677 0.904167 0.307031 0.902315 0.303646
0 0.864815 0.305469 0.852778 0.305469 0.842130 0.308854 0.836574 0.312500 0.835185 0.314323 0.836111 0.315625 0.841204 0.319010 0.849537 0.321615 0.858333 0.321875 0.861574 0.321094 0.865741 0.318229 0.868519 0.312500 0.868056 0.307552
0 0.829630 0.321094 0.825926 0.320312 0.820833 0.320312 0.814815 0.321354 0.803704 0.326042 0.798611 0.329948 0.797222 0.334115 0.804167 0.339062 0.808796 0.339844 0.815278 0.339323 0.820370 0.338281 0.822222 0.337240 0.829630 0.328385 0.832407 0.326302 0.831481 0.322656
0 0.806481 0.316146 0.803704 0.315625 0.792130 0.315625 0.787037 0.316146 0.780556 0.317708 0.775000 0.319792 0.771759 0.322135 0.770833 0.326823 0.772222 0.328646 0.781944 0.333594 0.787500 0.334375 0.791667 0.333594 0.800463 0.327604 0.808796 0.318750
0 0.795833 0.335156 0.787500 0.334635 0.782870 0.335677 0.780093 0.337500 0.776389 0.341667 0.773611 0.347396 0.773148 0.353646 0.779167 0.357031 0.782407 0.357292 0.791204 0.355729 0.798148 0.347656 0.800926 0.345573 0.803241 0.341406 0.800926 0.337760
0 0.820370 0.345833 0.809722 0.343229 0.801852 0.343490 0.793056 0.353385 0.793981 0.358073 0.796296 0.360156 0.799537 0.360938 0.804167 0.360938 0.811574 0.359635 0.824074 0.353646 0.824537 0.349219 0.823148 0.347396
0 0.860185 0.341146 0.857870 0.339844 0.848611 0.339583 0.828704 0.341667 0.826389 0.344531 0.826389 0.349219 0.829167 0.352865 0.831481 0.354167 0.836574 0.355208 0.848148 0.353385 0.851389 0.351823 0.857870 0.346875 0.860648 0.342187
0 0.834259 0.325521 0.829630 0.328385 0.825000 0.333594 0.823611 0.338021 0.825463 0.339844 0.829167 0.341406 0.845370 0.340365 0.854167 0.338021 0.853704 0.333073 0.850000 0.328385 0.843981 0.325521
0 0.878241 0.318229 0.867593 0.320052 0.862037 0.323177 0.859722 0.326302 0.861111 0.330208 0.863426 0.332813 0.871296 0.338802 0.875463 0.339844 0.881481 0.339844 0.889352 0.338542 0.892130 0.336198 0.893519 0.333594 0.887500 0.321094 0.884259 0.319531
0 0.899074 0.318229 0.895370 0.319271 0.891667 0.322135 0.891204 0.326562 0.893056 0.329688 0.897685 0.334115 0.905093 0.336198 0.913889 0.335938 0.918981 0.334115 0.925000 0.330208 0.927315 0.326302 0.925926 0.322656 0.920833 0.319271 0.915741 0.317969 0.904167 0.317708
0 0.897222 0.343229 0.896296 0.341927 0.892593 0.339844 0.885185 0.339323 0.870833 0.340104 0.861574 0.344531 0.860648 0.350000 0.867130 0.353125 0.878241 0.356250 0.885648 0.356510 0.893981 0.354427 0.897222 0.351562 0.898148 0.349740
0 0.892130 0.354948 0.884259 0.356510 0.877778 0.359896 0.876852 0.361458 0.876389 0.369271 0.879167 0.372656 0.884722 0.374219 0.894907 0.373698 0.899537 0.372396 0.904167 0.369271 0.906019 0.365365 0.904630 0.361198 0.902315 0.358594 0.898148 0.356250
0 0.864815 0.352083 0.857407 0.352604 0.850463 0.355469 0.847222 0.358333 0.845833 0.360938 0.846759 0.366927 0.849074 0.369271 0.856481 0.370833 0.864815 0.370833 0.873611 0.368490 0.875926 0.366667 0.876389 0.361198 0.874074 0.357292
0 0.829167 0.358854 0.820833 0.360938 0.814815 0.363281 0.812963 0.364844 0.812963 0.365885 0.818056 0.372656 0.825926 0.375000 0.829630 0.377083 0.833333 0.378125 0.837037 0.380990 0.838889 0.378385 0.841204 0.377083 0.842130 0.373437 0.845833 0.369531 0.845833 0.364844 0.843519 0.361198 0.840278 0.359375 0.837037 0.358594
0 0.825926 0.375000 0.821759 0.373958 0.814815 0.373698 0.810185 0.375000 0.806481 0.377083 0.803241 0.380990 0.802315 0.384375 0.802315 0.388802 0.804630 0.390365 0.810185 0.391146 0.817130 0.390104 0.833333 0.384896 0.833333 0.379688
0 0.797685 0.361979 0.791667 0.362240 0.782870 0.364583 0.781481 0.365365 0.781019 0.367969 0.781944 0.373177 0.788426 0.382812 0.790278 0.384375 0.794907 0.385937 0.797685 0.385156 0.801852 0.382031 0.805556 0.376302 0.806481 0.367708 0.804630 0.364844 0.801389 0.362760
0 0.774074 0.372656 0.766667 0.373698 0.762963 0.375521 0.759722 0.379167 0.759259 0.381510 0.760185 0.385417 0.764352 0.388802 0.769444 0.391146 0.775926 0.391667 0.781481 0.391146 0.787037 0.389323 0.788889 0.388021 0.790741 0.384635 0.782407 0.373698 0.780556 0.372917
0 0.692130 0.403385 0.684259 0.402083 0.676852 0.402344 0.666667 0.405208 0.663889 0.406771 0.660185 0.412240 0.661574 0.416667 0.666667 0.420833 0.671296 0.422135 0.678241 0.422396 0.687963 0.418490 0.693981 0.412760 0.695370 0.410156 0.694444 0.404948
0 0.628241 0.422396 0.627778 0.428906 0.630093 0.432031 0.634722 0.433854 0.642593 0.433854 0.658796 0.432292 0.662037 0.430729 0.666204 0.425000 0.666204 0.423438 0.662963 0.421354 0.647685 0.418490 0.634259 0.418229 0.630556 0.420052
0 0.618519 0.435156 0.617130 0.436458 0.616667 0.439583 0.622685 0.447656 0.627315 0.449740 0.637037 0.449479 0.640278 0.447656 0.643056 0.443750 0.642130 0.439323 0.640741 0.438021 0.635648 0.435156 0.628704 0.433594
0 0.647685 0.440885 0.644444 0.443490 0.642593 0.446875 0.644444 0.450260 0.656019 0.455729 0.662963 0.456250 0.671296 0.455990 0.673148 0.453906 0.673148 0.447656 0.672222 0.443229 0.669907 0.441667 0.663426 0.439323 0.655093 0.439323
0 0.662500 0.433073 0.661574 0.436719 0.662963 0.438542 0.670833 0.442448 0.674537 0.443490 0.683333 0.444531 0.690741 0.443490 0.695370 0.439844 0.695370 0.435417 0.692130 0.431510 0.685185 0.429167 0.672685 0.429688 0.666667 0.430990
0 0.704167 0.426302 0.696296 0.430729 0.696759 0.434896 0.700000 0.439323 0.704630 0.441927 0.712500 0.444010 0.719444 0.441406 0.724074 0.438802 0.726852 0.435677 0.724074 0.429427 0.719907 0.427865
0 0.747685 0.418750 0.732407 0.419271 0.729630 0.419792 0.725926 0.421875 0.724537 0.427865 0.729167 0.433854 0.731944 0.435677 0.736111 0.436198 0.742130 0.435937 0.748611 0.432292 0.751852 0.427865 0.753241 0.422917 0.751852 0.420312
0 0.695833 0.411458 0.692593 0.413542 0.688426 0.419792 0.690741 0.422656 0.698148 0.425781 0.711574 0.426823 0.717593 0.427865 0.721759 0.427604 0.724537 0.425000 0.723611 0.419792 0.710185 0.410156 0.706481 0.409375 0.700463 0.409896
0 0.773611 0.406771 0.766667 0.406250 0.759722 0.408073 0.753241 0.411458 0.749074 0.415885 0.750926 0.419792 0.754167 0.421875 0.756944 0.425260 0.760185 0.426563 0.767593 0.426563 0.774074 0.423958 0.778704 0.420052 0.780556 0.415365 0.780556 0.411198 0.778704 0.408854
0 0.797222 0.395052 0.793981 0.395052 0.790741 0.396354 0.787037 0.400521 0.781944 0.404167 0.780093 0.408333 0.783333 0.413281 0.787500 0.415104 0.795833 0.415365 0.802778 0.414062 0.807870 0.412240 0.809259 0.410156 0.809722 0.407813 0.803241 0.400000 0.802315 0.397656 0.799537 0.395573
0 0.829630 0.386198 0.821296 0.389062 0.818056 0.391146 0.817130 0.392969 0.818519 0.396615 0.823148 0.399740 0.833796 0.402083 0.837500 0.402344 0.840278 0.401562 0.845370 0.397917 0.847222 0.393490 0.846759 0.390885 0.843981 0.388542 0.837037 0.385937
0 0.857407 0.388802 0.849074 0.391146 0.846759 0.395573 0.846759 0.400781 0.849537 0.403385 0.856481 0.406771 0.860185 0.406771 0.866667 0.405729 0.875926 0.400521 0.876852 0.395833 0.874074 0.392448 0.870370 0.390625 0.864815 0.389062
0 0.857870 0.372917 0.846759 0.373958 0.840741 0.377344 0.837963 0.380729 0.837037 0.384896 0.842593 0.388021 0.850926 0.389583 0.862500 0.387240 0.868056 0.384375 0.869907 0.380990 0.868519 0.377865 0.862963 0.374219
0 0.900926 0.374479 0.896759 0.374219 0.879630 0.375260 0.873148 0.377865 0.871296 0.379427 0.870833 0.381771 0.873148 0.385156 0.878704 0.389062 0.886111 0.390885 0.894444 0.389844 0.898148 0.388021 0.901852 0.384896 0.903704 0.376563
0 0.928241 0.375521 0.919444 0.375260 0.910648 0.376302 0.906481 0.377344 0.903241 0.380208 0.904167 0.385417 0.906944 0.389323 0.914352 0.394010 0.919444 0.395313 0.928241 0.391146 0.934722 0.385417 0.935185 0.380208 0.934259 0.378385 0.931944 0.376563
0 0.891204 0.390625 0.885185 0.392188 0.879167 0.396094 0.879167 0.400521 0.884722 0.408854 0.892130 0.413281 0.899537 0.413021 0.901389 0.411979 0.908796 0.398177 0.908796 0.394271 0.907870 0.392448 0.903704 0.390885
0 0.912963 0.399479 0.908333 0.401042 0.906481 0.402344 0.904630 0.408333 0.909259 0.414583 0.913889 0.416406 0.920370 0.417448 0.927315 0.415885 0.930093 0.412240 0.930556 0.407813 0.929167 0.405729 0.926852 0.404687 0.925926 0.403125 0.920370 0.399740
0 0.937963 0.404167 0.933333 0.404427 0.929167 0.413281 0.924074 0.418229 0.920833 0.422917 0.921296 0.424740 0.925463 0.427344 0.933796 0.429167 0.941204 0.428125 0.946759 0.424740 0.948611 0.421875 0.949074 0.415365 0.947685 0.411458 0.942130 0.406510 0.941204 0.404687
0 0.937500 0.429688 0.936574 0.431250 0.937037 0.435677 0.946759 0.441146 0.951389 0.442188 0.961574 0.443229 0.967130 0.442969 0.970833 0.442188 0.974537 0.439583 0.973148 0.435417 0.968981 0.433073 0.963426 0.427604 0.955093 0.425000 0.947685 0.425260
0 0.940741 0.441406 0.937500 0.443229 0.937500 0.447917 0.940278 0.452865 0.943981 0.456771 0.949537 0.459896 0.954630 0.461198 0.961574 0.459896 0.967130 0.457031 0.972222 0.452083 0.972685 0.450781 0.970370 0.446615 0.967130 0.444531 0.962963 0.443229 0.948611 0.441667
0 0.915741 0.456771 0.910185 0.459115 0.908796 0.461458 0.908796 0.463802 0.912037 0.468490 0.918519 0.472917 0.924074 0.474479 0.926852 0.476562 0.934259 0.475781 0.936574 0.473698 0.939352 0.468229 0.939352 0.461458 0.937963 0.458854 0.936111 0.457552 0.927315 0.455729
0 0.910648 0.439063 0.903704 0.439063 0.898148 0.440104 0.892130 0.443490 0.889815 0.446094 0.889352 0.450000 0.892130 0.454427 0.898611 0.457292 0.905556 0.458073 0.910185 0.457292 0.917593 0.453646 0.920370 0.450521 0.921759 0.447656 0.920833 0.443229 0.915741 0.440104
0 0.906019 0.419792 0.901852 0.420833 0.899537 0.422135 0.893519 0.428385 0.892130 0.432552 0.893981 0.435677 0.898148 0.437500 0.905093 0.438802 0.912500 0.438802 0.917130 0.437760 0.920370 0.436198 0.922685 0.432552 0.922685 0.430208 0.921759 0.428385 0.918056 0.425260 0.910648 0.421094
0 0.888889 0.411719 0.885185 0.409115 0.881944 0.408333 0.872685 0.407292 0.857407 0.408333 0.849537 0.411198 0.847685 0.416406 0.850463 0.419792 0.856944 0.422396 0.866204 0.422656 0.873148 0.422135 0.880556 0.420573 0.884722 0.418490 0.888426 0.415625
0 0.824537 0.400781 0.822222 0.400781 0.816667 0.402344 0.812037 0.404427 0.810185 0.412240 0.812963 0.415625 0.815741 0.416927 0.822685 0.417969 0.834259 0.416146 0.837500 0.414583 0.839352 0.412500 0.838426 0.409896 0.832870 0.403385 0.830093 0.401823
0 0.816204 0.425260 0.812500 0.427865 0.811574 0.430990 0.812037 0.435937 0.813426 0.439063 0.815741 0.441406 0.822222 0.444271 0.831019 0.444010 0.837500 0.442188 0.842593 0.439583 0.844444 0.437240 0.844907 0.434896 0.842593 0.431510 0.837037 0.428906 0.825000 0.425000
0 0.858796 0.447135 0.850463 0.447656 0.841667 0.450781 0.837963 0.453906 0.837500 0.459375 0.840278 0.462240 0.843519 0.464062 0.850926 0.465625 0.858796 0.464844 0.864815 0.462240 0.868981 0.458594 0.869907 0.454167 0.868519 0.451823 0.864815 0.449219
0 0.772685 0.436458 0.767130 0.437500 0.763426 0.439323 0.761574 0.445052 0.762500 0.447917 0.767130 0.450781 0.775000 0.452083 0.784259 0.448698 0.788889 0.444010 0.788889 0.441406 0.787963 0.439323 0.781481 0.436979
0 0.772685 0.452083 0.770370 0.454427 0.768981 0.459115 0.773148 0.461979 0.780556 0.464323 0.788889 0.464583 0.795370 0.462240 0.799537 0.459115 0.798611 0.454688 0.794907 0.452344 0.786574 0.450521 0.780093 0.450260
0 0.734722 0.451302 0.731481 0.455208 0.736111 0.457292 0.739815 0.460677 0.746759 0.461719 0.753241 0.464323 0.760648 0.463802 0.767593 0.459115 0.769444 0.455469 0.768519 0.451042 0.760648 0.447396 0.756481 0.446875 0.746759 0.447396
0 0.704630 0.448698 0.699074 0.451302 0.698148 0.455469 0.700000 0.459115 0.711574 0.469531 0.718519 0.470833 0.722685 0.470313 0.725926 0.468490 0.728241 0.463021 0.727778 0.454167 0.726389 0.451042 0.721759 0.448177 0.718981 0.447396 0.711574 0.447656
0 0.674074 0.454948 0.672222 0.459375 0.674537 0.462240 0.690741 0.472396 0.698611 0.472656 0.707407 0.470833 0.708333 0.466406 0.697685 0.457552 0.693981 0.452865 0.691667 0.451562 0.682407 0.451562
0 0.672222 0.462760 0.664352 0.457813 0.658796 0.457031 0.654630 0.457292 0.649074 0.459896 0.638426 0.466667 0.635648 0.470573 0.637500 0.474219 0.642130 0.475521 0.649537 0.475521 0.668056 0.470313 0.670833 0.469010 0.672685 0.466927
0 0.635648 0.450521 0.628241 0.450781 0.622685 0.452604 0.616204 0.456250 0.609722 0.462500 0.610185 0.467187 0.612037 0.469531 0.614352 0.470833 0.622685 0.472135 0.634722 0.469271 0.644907 0.462760 0.647222 0.458854 0.641204 0.453125
0 0.739352 0.460938 0.727315 0.466667 0.724537 0.470573 0.726852 0.476042 0.730093 0.477344 0.737500 0.478385 0.746759 0.478125 0.751389 0.476823 0.755093 0.474740 0.755556 0.470313 0.751389 0.462760 0.746759 0.461458
0 0.763426 0.470573 0.762963 0.474740 0.766204 0.478385 0.767593 0.483333 0.770370 0.485938 0.780556 0.490885 0.788426 0.491146 0.795370 0.487760 0.800000 0.482552 0.798611 0.478385 0.793981 0.476302 0.786111 0.474740 0.773148 0.470573 0.768519 0.470052
0 0.899074 0.470052 0.888889 0.474219 0.885185 0.477083 0.884259 0.479427 0.885648 0.482812 0.888889 0.485156 0.892593 0.486458 0.905556 0.488542 0.911111 0.488021 0.915741 0.485417 0.918981 0.482552 0.917593 0.478385 0.908796 0.472396
0 0.941667 0.474219 0.941667 0.478906 0.943981 0.480469 0.961574 0.485938 0.968056 0.486979 0.970370 0.486458 0.972222 0.476302 0.971296 0.473438 0.968056 0.470573 0.962037 0.468750 0.954167 0.469010 0.948148 0.470833
0 0.516667 0.352083 0.510185 0.350521 0.505556 0.351302 0.503241 0.352344 0.493056 0.360938 0.493056 0.365625 0.496296 0.367448 0.503704 0.367708 0.510648 0.366667 0.517593 0.364583 0.522685 0.361458 0.523148 0.357292
0 0.596296 0.413802 0.592130 0.415885 0.591204 0.420052 0.603704 0.430990 0.607870 0.432552 0.614815 0.432812 0.625926 0.428385 0.627315 0.423177 0.624074 0.420312 0.614352 0.416667 0.607870 0.413021 0.600000 0.413021
0 0.600000 0.435417 0.596296 0.436979 0.593981 0.439844 0.593519 0.446094 0.594444 0.451302 0.596759 0.453646 0.600926 0.455208 0.609722 0.455469 0.614815 0.454948 0.619907 0.451823 0.620833 0.446875 0.615278 0.438281 0.612037 0.436198 0.608333 0.434896
0 0.581481 0.420312 0.578704 0.421875 0.575000 0.427604 0.575000 0.432292 0.576389 0.433854 0.579630 0.435417 0.592593 0.436198 0.601852 0.434115 0.604167 0.431510 0.593981 0.421875 0.591667 0.420573 0.587500 0.419531
0 0.565741 0.403646 0.557407 0.408073 0.556481 0.412760 0.558796 0.414844 0.572685 0.420312 0.580093 0.421354 0.585185 0.419271 0.586111 0.417187 0.584722 0.407552 0.582407 0.405208 0.578704 0.403646 0.574537 0.402865
0 0.544907 0.413021 0.543056 0.415625 0.543056 0.420573 0.549074 0.430990 0.551852 0.432292 0.558796 0.433594 0.565278 0.432552 0.573148 0.428906 0.576852 0.423958 0.575463 0.421875 0.566204 0.416927 0.559259 0.414323 0.552315 0.412760
0 0.530556 0.414844 0.523611 0.414844 0.514352 0.417448 0.512037 0.419010 0.511111 0.423958 0.514815 0.427083 0.519907 0.429167 0.526852 0.429688 0.535648 0.427865 0.538889 0.424740 0.538889 0.419531 0.537500 0.417969
0 0.525000 0.402344 0.517130 0.401823 0.510648 0.402865 0.504630 0.406250 0.503704 0.407552 0.503704 0.412500 0.506019 0.414844 0.510185 0.416927 0.517593 0.416927 0.525926 0.414323 0.528241 0.413021 0.530556 0.407813 0.528241 0.404167
0 0.491667 0.408073 0.490278 0.407292 0.483333 0.407813 0.467593 0.411979 0.462963 0.415885 0.464352 0.419792 0.476852 0.424219 0.483333 0.424479 0.485648 0.423698 0.488426 0.421875 0.491667 0.416406 0.492593 0.413021
0 0.454167 0.406771 0.447685 0.405208 0.439815 0.404948 0.431481 0.405990 0.428241 0.407292 0.426389 0.411458 0.427315 0.416146 0.429630 0.419010 0.433333 0.421354 0.442593 0.421354 0.451852 0.418229 0.457870 0.415104 0.460648 0.411979 0.458796 0.409635
0 0.461574 0.421615 0.452778 0.426563 0.450463 0.431250 0.451852 0.434375 0.457407 0.437500 0.467130 0.439844 0.475926 0.440365 0.479630 0.439583 0.482407 0.437760 0.483333 0.435417 0.482407 0.432292 0.477315 0.424740 0.468981 0.421354
0 0.441667 0.423698 0.433796 0.423438 0.429167 0.424479 0.425000 0.426563 0.419907 0.431510 0.420370 0.436198 0.423611 0.439063 0.426852 0.439844 0.436574 0.439323 0.440278 0.438542 0.444444 0.435677 0.447222 0.432031 0.447222 0.429427 0.444907 0.425521
0 0.449074 0.435156 0.447222 0.435156 0.442593 0.437240 0.437963 0.440885 0.436574 0.442969 0.436574 0.447396 0.440278 0.450521 0.447685 0.451823 0.459259 0.450260 0.462037 0.447396 0.460185 0.441927 0.456944 0.438021 0.454630 0.436458
0 0.414352 0.446875 0.411574 0.450781 0.411111 0.455469 0.412963 0.457292 0.419907 0.460417 0.425000 0.459896 0.436574 0.460156 0.440741 0.459375 0.442593 0.454427 0.440741 0.452604 0.439352 0.449219 0.432870 0.444792 0.427315 0.443490 0.420370 0.444010
0 0.399074 0.435677 0.394907 0.439323 0.394444 0.444271 0.395370 0.446615 0.399074 0.450521 0.406481 0.451042 0.410648 0.450000 0.413426 0.447656 0.421759 0.443490 0.422685 0.439323 0.419444 0.437500 0.415741 0.436458 0.406944 0.435417
0 0.385185 0.443229 0.379167 0.444271 0.375000 0.445833 0.371759 0.450521 0.371759 0.452344 0.373148 0.454948 0.376389 0.456771 0.380556 0.458073 0.387037 0.458854 0.392593 0.458073 0.399074 0.455208 0.400000 0.451042 0.395370 0.446094 0.393056 0.444792
0 0.394907 0.457031 0.391204 0.458854 0.389815 0.462240 0.390741 0.465625 0.397222 0.469271 0.406019 0.471354 0.413889 0.471615 0.416204 0.470833 0.417593 0.468490 0.417593 0.465885 0.415741 0.460677 0.412963 0.458854 0.412037 0.456771 0.409259 0.455729 0.404630 0.455469 0.399074 0.455729
0 0.419907 0.460156 0.417593 0.462240 0.418981 0.470833 0.421759 0.473177 0.425000 0.474219 0.434722 0.474740 0.439815 0.473438 0.444444 0.470573 0.447222 0.467448 0.446759 0.463802 0.444444 0.461198 0.440741 0.459635 0.425000 0.459635
0 0.470833 0.450521 0.461111 0.449740 0.452778 0.451823 0.447222 0.454427 0.444444 0.459115 0.450463 0.464583 0.453241 0.465365 0.462500 0.464583 0.472685 0.459896 0.475000 0.456250 0.475000 0.454167 0.473148 0.451823
0 0.509722 0.450000 0.502315 0.449479 0.481944 0.455729 0.477778 0.458854 0.480556 0.464062 0.483796 0.465885 0.488889 0.467448 0.499074 0.465365 0.507870 0.459375 0.510185 0.456250 0.511111 0.451042
0 0.534722 0.445312 0.530556 0.445312 0.524537 0.447135 0.518056 0.450781 0.515741 0.454688 0.516667 0.459115 0.524074 0.461198 0.531944 0.461719 0.539352 0.459375 0.544444 0.455469 0.543519 0.449740 0.541667 0.447656 0.538426 0.445833
0 0.544907 0.433073 0.539352 0.435677 0.537037 0.439323 0.537037 0.444271 0.539352 0.446094 0.549537 0.449740 0.552778 0.450000 0.561111 0.448437 0.566204 0.445312 0.568981 0.439583 0.568519 0.438802 0.561111 0.434115 0.552315 0.432552
0 0.578704 0.435677 0.575000 0.436719 0.568981 0.440625 0.567130 0.442969 0.568056 0.447396 0.569907 0.448698 0.579167 0.452083 0.587500 0.452344 0.590278 0.451823 0.592130 0.450781 0.593519 0.448177 0.593519 0.442969 0.592130 0.438542 0.587500 0.436198
0 0.582407 0.453906 0.578704 0.456771 0.577778 0.460156 0.578704 0.461979 0.586111 0.467708 0.588426 0.468750 0.593056 0.469271 0.600926 0.467708 0.603704 0.466146 0.606481 0.463021 0.601852 0.457031 0.593981 0.453125 0.585648 0.453125
0 0.562500 0.463802 0.559259 0.466406 0.557407 0.469792 0.557407 0.471094 0.567130 0.476302 0.579630 0.479427 0.587037 0.479167 0.589815 0.477865 0.591667 0.475521 0.591204 0.473438 0.584722 0.466146 0.580093 0.463281 0.571759 0.462500 0.565741 0.462760
0 0.566667 0.450000 0.556019 0.450000 0.551389 0.450521 0.547222 0.451823 0.545833 0.454427 0.546296 0.459375 0.549537 0.461979 0.559259 0.464062 0.568981 0.460938 0.570370 0.459635 0.571759 0.454948 0.570370 0.452083
0 0.553241 0.463802 0.545370 0.461198 0.537500 0.461458 0.531944 0.463542 0.525926 0.469010 0.523148 0.473958 0.525000 0.478385 0.526852 0.479948 0.531019 0.480990 0.536111 0.480469 0.540741 0.479427 0.547685 0.476042 0.554630 0.471094 0.556944 0.466927 0.556019 0.465365
0 0.526852 0.462240 0.518519 0.460417 0.509259 0.460417 0.503704 0.461458 0.501852 0.462760 0.499537 0.466406 0.501389 0.471615 0.504167 0.474740 0.510185 0.477865 0.518519 0.476302 0.522685 0.473698 0.526852 0.467448 0.527778 0.463542
0 0.482407 0.466146 0.474537 0.465365 0.467130 0.467187 0.465278 0.468229 0.463889 0.470313 0.463889 0.479167 0.466204 0.481250 0.468056 0.481771 0.476389 0.481250 0.481019 0.479687 0.487963 0.475260 0.487500 0.469792 0.485185 0.467448
0 0.455093 0.469010 0.447685 0.469271 0.443981 0.471354 0.439815 0.475260 0.433333 0.478906 0.432407 0.482031 0.433333 0.484375 0.440741 0.490365 0.448148 0.490365 0.457870 0.484896 0.460185 0.482552 0.462500 0.478646 0.462963 0.474219 0.460185 0.471354
0 0.383333 0.466146 0.377315 0.467187 0.374074 0.468490 0.372685 0.470313 0.373148 0.474740 0.376852 0.478646 0.379167 0.483073 0.381944 0.485677 0.385185 0.487240 0.390741 0.485417 0.397685 0.479167 0.398611 0.476823 0.398148 0.470573 0.392593 0.466406
0 0.353704 0.469792 0.350463 0.470313 0.344907 0.473438 0.342130 0.477604 0.342130 0.481510 0.343056 0.483333 0.350463 0.486979 0.357870 0.486979 0.363426 0.485938 0.373611 0.482812 0.375000 0.481510 0.375926 0.478385 0.371759 0.474219 0.363426 0.470573 0.358796 0.469792
0 0.197685 0.502344 0.178704 0.509635 0.178241 0.513802 0.181481 0.515885 0.191204 0.519271 0.197222 0.520573 0.204167 0.520312 0.209722 0.517188 0.211111 0.514323 0.210648 0.510417 0.205093 0.503385
0 0.108333 0.500000 0.096759 0.501823 0.092593 0.503646 0.090741 0.505469 0.091667 0.509375 0.097222 0.515885 0.101389 0.518490 0.106944 0.519792 0.110648 0.519271 0.116204 0.517188 0.122222 0.513802 0.125000 0.510417 0.124537 0.505990 0.122685 0.504167 0.118056 0.501563
0 0.086574 0.517708 0.080093 0.519010 0.070833 0.521875 0.066204 0.524479 0.065741 0.526302 0.068519 0.528646 0.071759 0.529427 0.076389 0.532031 0.082870 0.533854 0.087963 0.534375 0.093056 0.533333 0.098148 0.529948 0.099537 0.524479 0.096296 0.520052 0.094444 0.519010
0 0.066204 0.527865 0.051852 0.529167 0.047685 0.530469 0.044907 0.532552 0.044907 0.537500 0.053241 0.546094 0.058796 0.548958 0.066667 0.548438 0.072222 0.545052 0.075000 0.540625 0.076852 0.532813 0.072685 0.529427
0 0.079167 0.558073 0.069907 0.560156 0.064352 0.562760 0.062500 0.564323 0.062963 0.567969 0.065278 0.571094 0.069907 0.574219 0.079167 0.577083 0.087500 0.577865 0.091667 0.576302 0.092593 0.574219 0.091667 0.564323 0.086574 0.558594
0 0.043056 0.581510 0.042130 0.583333 0.043056 0.588021 0.045370 0.589323 0.053704 0.590365 0.068056 0.590104 0.073148 0.589583 0.078241 0.587760 0.078241 0.583594 0.074074 0.579688 0.069444 0.577344 0.060185 0.575000 0.053241 0.575260 0.049537 0.576042 0.046759 0.577604
0 0.093519 0.579688 0.090741 0.584896 0.091204 0.589323 0.093056 0.591667 0.100463 0.594792 0.107870 0.594792 0.122685 0.592187 0.128241 0.588802 0.127778 0.583854 0.122222 0.581510 0.110648 0.578385 0.100000 0.577604 0.095370 0.578646
0 0.159259 0.562240 0.156481 0.561458 0.145370 0.561458 0.130093 0.565104 0.127778 0.566146 0.126852 0.567448 0.128241 0.572917 0.133796 0.576302 0.140278 0.577604 0.146296 0.577344 0.154167 0.575000 0.159259 0.572135 0.162500 0.568490 0.162037 0.564323
0 0.141667 0.545052 0.135185 0.546354 0.132870 0.548438 0.135185 0.556771 0.139352 0.560937 0.141667 0.561979 0.143519 0.561979 0.151852 0.560417 0.154167 0.557292 0.154167 0.551823 0.152778 0.548698 0.150463 0.546875
0 0.108333 0.549740 0.105093 0.552344 0.106019 0.556510 0.113426 0.560677 0.120370 0.563281 0.128241 0.563281 0.132407 0.561198 0.135185 0.556510 0.131944 0.548438 0.129630 0.547135 0.120833 0.546615
0 0.168981 0.516927 0.165278 0.516406 0.154167 0.517448 0.150463 0.519531 0.147685 0.524219 0.147222 0.530208 0.149074 0.534375 0.151389 0.535677 0.158333 0.536198 0.168981 0.534375 0.179167 0.525781 0.178241 0.521094
0 0.208333 0.529167 0.204167 0.526302 0.198611 0.524479 0.189352 0.524740 0.180093 0.526302 0.174074 0.529167 0.170833 0.534896 0.168519 0.536979 0.168981 0.538281 0.171296 0.539844 0.181944 0.540885 0.194907 0.540885 0.205556 0.539583 0.208333 0.537240
0 0.178241 0.541667 0.171296 0.540104 0.158796 0.540885 0.155556 0.541927 0.153704 0.544792 0.153704 0.550000 0.156481 0.554948 0.163426 0.555990 0.171296 0.554427 0.179630 0.548698 0.181481 0.545312 0.181019 0.543750
0 0.173611 0.552865 0.172685 0.556771 0.176389 0.561979 0.178241 0.562760 0.198611 0.564063 0.206481 0.563281 0.210648 0.561198 0.209722 0.557031 0.205093 0.555729 0.195370 0.550000 0.191204 0.548698 0.183333 0.548177 0.182407 0.548958 0.179167 0.549479
0 0.187500 0.542969 0.186574 0.545052 0.187963 0.546615 0.204630 0.555729 0.213426 0.555729 0.217130 0.553646 0.222685 0.548958 0.223148 0.544531 0.219907 0.542708 0.212500 0.540625 0.203704 0.540365 0.189815 0.541927
0 0.210185 0.530208 0.208333 0.532813 0.208333 0.537760 0.210648 0.539323 0.225463 0.544010 0.233796 0.544271 0.239352 0.542708 0.240741 0.540625 0.238426 0.533333 0.235648 0.529687 0.232407 0.527604 0.226852 0.526042 0.218519 0.526823
0 0.256944 0.507812 0.254630 0.507292 0.246759 0.507812 0.242130 0.509635 0.239352 0.511719 0.235648 0.516927 0.236574 0.521615 0.238889 0.523438 0.245833 0.524740 0.253704 0.524479 0.261111 0.521875 0.263426 0.518229 0.262963 0.513281 0.260185 0.509635
0 0.288889 0.507812 0.274074 0.507812 0.268981 0.509635 0.266667 0.511198 0.264815 0.513802 0.262500 0.521615 0.263889 0.525000 0.267593 0.527865 0.273611 0.529167 0.281944 0.528906 0.287037 0.527604 0.290741 0.525521 0.293056 0.522396 0.293056 0.515365 0.292130 0.510156 0.291204 0.508854
0 0.289352 0.487760 0.281019 0.487760 0.273148 0.490365 0.267593 0.493750 0.268056 0.498177 0.273611 0.502344 0.280556 0.505469 0.288426 0.504948 0.293056 0.503906 0.295370 0.502604 0.298611 0.498437 0.299074 0.493750 0.294444 0.489583
0 0.316204 0.495573 0.308796 0.495052 0.302778 0.495833 0.299537 0.497135 0.297222 0.499740 0.293981 0.506771 0.293981 0.515104 0.294907 0.519010 0.298148 0.520833 0.302778 0.521094 0.306481 0.519792 0.312037 0.516667 0.316204 0.513021 0.319907 0.504427 0.322685 0.502083 0.321296 0.497917
0 0.322685 0.483594 0.317593 0.486979 0.317130 0.494271 0.322685 0.497135 0.331944 0.497135 0.337963 0.496094 0.340278 0.494531 0.341667 0.490885 0.339815 0.487760 0.333333 0.484115 0.330556 0.483333
0 0.383333 0.487760 0.378704 0.484375 0.373611 0.483594 0.368056 0.484115 0.352778 0.487760 0.347222 0.489844 0.345833 0.491927 0.342593 0.494010 0.342130 0.498177 0.350463 0.498958 0.366204 0.498698 0.370833 0.499219 0.380556 0.498177 0.383333 0.495312 0.384259 0.491667
0 0.337500 0.496875 0.329167 0.497917 0.325926 0.499479 0.324537 0.502083 0.318056 0.509115 0.317593 0.513802 0.319444 0.515625 0.323148 0.517448 0.327778 0.518229 0.332407 0.517969 0.338889 0.516146 0.343056 0.513021 0.347685 0.501302 0.345370 0.499479
0 0.368519 0.500000 0.360648 0.498698 0.355093 0.498698 0.350000 0.500000 0.346759 0.504687 0.343981 0.514062 0.346296 0.516146 0.350463 0.517188 0.357870 0.517188 0.368519 0.512760 0.373611 0.509896 0.375000 0.507552 0.375000 0.505208 0.371759 0.501823
0 0.416204 0.490625 0.409722 0.487760 0.404167 0.486719 0.398148 0.486719 0.388889 0.488802 0.385185 0.491406 0.383796 0.493750 0.383796 0.498698 0.386111 0.501563 0.391204 0.503385 0.393519 0.503385 0.412500 0.499479 0.415278 0.498177 0.418056 0.494271
0 0.412500 0.473438 0.408796 0.475260 0.405093 0.478385 0.405093 0.485417 0.412963 0.491927 0.420370 0.491927 0.425926 0.488802 0.430556 0.484635 0.430556 0.479687 0.428704 0.477083 0.420370 0.473438
0 0.468981 0.484896 0.461111 0.484115 0.449074 0.490104 0.446759 0.494271 0.449537 0.497396 0.455093 0.498958 0.466667 0.497135 0.472685 0.494792 0.474537 0.490104
0 0.500463 0.473698 0.496296 0.473177 0.490741 0.473958 0.483333 0.479687 0.481944 0.482292 0.481944 0.487500 0.483796 0.489323 0.488889 0.491667 0.503704 0.490625 0.510648 0.486458 0.512037 0.483333 0.511111 0.479167 0.507407 0.476302
0 0.489352 0.492448 0.485648 0.495052 0.483796 0.498437 0.487037 0.500521 0.491667 0.502083 0.496296 0.505208 0.502778 0.505990 0.504630 0.505729 0.507870 0.503646 0.510648 0.498958 0.510648 0.494010 0.509259 0.492448 0.503704 0.490625 0.493981 0.491406
0 0.481019 0.499479 0.474537 0.501042 0.472222 0.504687 0.472222 0.507812 0.473611 0.513021 0.475463 0.515885 0.478241 0.517448 0.482870 0.518229 0.490278 0.517188 0.498148 0.513802 0.500000 0.508854 0.498611 0.505990 0.493519 0.502865 0.483333 0.499479
0 0.462500 0.500521 0.459722 0.500781 0.450463 0.503906 0.441667 0.509635 0.441204 0.514062 0.448148 0.518490 0.454630 0.520312 0.462037 0.519531 0.467593 0.515885 0.470833 0.510677 0.471296 0.505729 0.470370 0.503646 0.467593 0.501823
0 0.434259 0.491667 0.425463 0.491927 0.421296 0.494010 0.417130 0.497656 0.417130 0.501563 0.420370 0.506771 0.423148 0.508073 0.427315 0.508594 0.438426 0.505990 0.442593 0.502083 0.437963 0.493490
0 0.413426 0.500260 0.396759 0.502865 0.390278 0.505208 0.389815 0.505990 0.393981 0.512240 0.397685 0.515885 0.406019 0.517188 0.410648 0.516927 0.414815 0.516146 0.418056 0.514062 0.421296 0.509375 0.418981 0.503646 0.416667 0.501563
0 0.391204 0.509375 0.388889 0.508333 0.384259 0.507812 0.377778 0.508594 0.375000 0.509635 0.368056 0.513542 0.362500 0.515104 0.359722 0.516667 0.359259 0.518229 0.361574 0.521354 0.364352 0.522656 0.371759 0.523438 0.376852 0.521094 0.389815 0.518490 0.394444 0.514583 0.394444 0.513281
0 0.385185 0.519010 0.375000 0.521615 0.373148 0.522656 0.370833 0.526042 0.369907 0.529427 0.372685 0.533333 0.378704 0.535677 0.385648 0.536719 0.396296 0.535156 0.399074 0.533594 0.399074 0.532552 0.393056 0.521354 0.391204 0.520052
0 0.427315 0.517188 0.421296 0.515885 0.418519 0.515885 0.411574 0.516927 0.403704 0.517188 0.399537 0.518229 0.396296 0.520573 0.395370 0.522917 0.395370 0.526042 0.399074 0.530208 0.401852 0.531510 0.406944 0.532552 0.413889 0.532552 0.418056 0.531510 0.422222 0.529167 0.427778 0.521875
0 0.459259 0.522396 0.456481 0.521094 0.447685 0.519271 0.440741 0.520052 0.429630 0.522656 0.425463 0.525000 0.422685 0.529167 0.424074 0.533073 0.426389 0.535417 0.432870 0.537500 0.441204 0.537240 0.450926 0.534115 0.459722 0.528385 0.460648 0.525000
0 0.462963 0.519010 0.461111 0.521094 0.461111 0.525521 0.462500 0.527604 0.465278 0.529427 0.474537 0.531250 0.479630 0.531250 0.485648 0.530469 0.489352 0.528385 0.491667 0.525000 0.490278 0.521875 0.487037 0.519271 0.481944 0.518229 0.468981 0.517188
0 0.503704 0.521094 0.495833 0.523177 0.488426 0.529427 0.487500 0.531510 0.487500 0.537500 0.489815 0.539323 0.493981 0.539844 0.503704 0.539323 0.506944 0.537500 0.510648 0.533333 0.519398 0.530078 0.517593 0.524505
0 0.459722 0.529948 0.456481 0.530729 0.453704 0.533073 0.452778 0.537760 0.454167 0.541927 0.456019 0.544531 0.458333 0.545833 0.461574 0.546615 0.467593 0.546094 0.481481 0.540885 0.482870 0.536979 0.479630 0.533854 0.476852 0.532552 0.468519 0.530208
0 0.499074 0.540885 0.489815 0.539583 0.486574 0.540104 0.474537 0.544531 0.467130 0.548698 0.467593 0.553125 0.468519 0.554427 0.473611 0.557552 0.477315 0.558594 0.483333 0.559115 0.487500 0.558073 0.494444 0.554167 0.499074 0.550521 0.501852 0.546094 0.501852 0.544010
0 0.467130 0.551823 0.464352 0.549740 0.462037 0.549219 0.449537 0.550000 0.429167 0.556250 0.428704 0.557292 0.431019 0.560417 0.439352 0.564063 0.446759 0.565104 0.454630 0.564583 0.461574 0.563021 0.467130 0.560156 0.468981 0.557031
0 0.421759 0.539844 0.421296 0.545833 0.424537 0.548698 0.432870 0.551042 0.441667 0.551302 0.448611 0.549219 0.446759 0.542708 0.443981 0.539844 0.441204 0.538281 0.436111 0.537500 0.426852 0.537500
0 0.399074 0.536458 0.395833 0.538021 0.393056 0.541146 0.391667 0.545833 0.393519 0.548177 0.399074 0.550781 0.405093 0.552344 0.412963 0.553385 0.417593 0.552604 0.420370 0.549479 0.420370 0.544010 0.417593 0.537760 0.414352 0.535677 0.411111 0.535156 0.405093 0.535156
0 0.391667 0.548958 0.385648 0.550781 0.383796 0.553125 0.381944 0.558073 0.381481 0.564583 0.385648 0.569271 0.389352 0.570312 0.394907 0.570573 0.400926 0.569792 0.405093 0.567448 0.406944 0.565365 0.406944 0.559635 0.403704 0.552604 0.399537 0.550781
0 0.412037 0.570312 0.405556 0.570312 0.399074 0.572656 0.396759 0.575781 0.396296 0.580469 0.399537 0.584375 0.405556 0.586979 0.413426 0.586198 0.417130 0.584635 0.423611 0.583073 0.426852 0.580469 0.424074 0.575000 0.416667 0.571354
0 0.427315 0.557813 0.419444 0.558073 0.414815 0.559375 0.410185 0.561458 0.407870 0.564323 0.408796 0.568490 0.417130 0.571875 0.419907 0.573698 0.427315 0.574219 0.431481 0.572135 0.435648 0.568490 0.437500 0.564583 0.431944 0.559635
0 0.479630 0.562240 0.475926 0.561198 0.467593 0.561458 0.455093 0.566146 0.453241 0.568229 0.452778 0.573177 0.454630 0.576042 0.456944 0.577604 0.461111 0.578906 0.469444 0.578646 0.472222 0.577865 0.478704 0.574219 0.484722 0.568490 0.483333 0.564583
0 0.517593 0.548958 0.510185 0.548958 0.499074 0.551823 0.492130 0.555208 0.485648 0.560417 0.486574 0.564844 0.489352 0.566667 0.497222 0.566927 0.506944 0.565365 0.511574 0.564063 0.515278 0.561979 0.520370 0.556771 0.521296 0.553385
0 0.517593 0.563542 0.512963 0.564583 0.499537 0.565625 0.493981 0.567969 0.493981 0.573177 0.504630 0.578906 0.507870 0.579427 0.516667 0.578906 0.520370 0.577865 0.523148 0.575260 0.525000 0.572396 0.524537 0.568229 0.522685 0.566146
0 0.489815 0.573438 0.482870 0.574219 0.477778 0.575781 0.475000 0.579427 0.476852 0.585677 0.482407 0.589063 0.489815 0.589583 0.496296 0.588542 0.501852 0.586458 0.504630 0.584115 0.506019 0.579948 0.496296 0.574219
0 0.487037 0.590885 0.480093 0.595573 0.478704 0.599219 0.480093 0.602344 0.482407 0.603646 0.489815 0.604427 0.496296 0.605990 0.503704 0.605729 0.509722 0.599740 0.510648 0.595313 0.505556 0.592187 0.498148 0.589844 0.495833 0.589583
0 0.475926 0.605208 0.471296 0.610417 0.471296 0.615625 0.475463 0.618750 0.480556 0.619792 0.490741 0.619792 0.496759 0.618750 0.500000 0.617188 0.501852 0.614323 0.502315 0.610677 0.500463 0.607812 0.498611 0.606771 0.489815 0.604427 0.481019 0.604167
0 0.479630 0.603385 0.475463 0.601562 0.473611 0.599479 0.462037 0.596875 0.453241 0.596354 0.440741 0.597917 0.436574 0.600521 0.435648 0.603906 0.436574 0.607031 0.439352 0.610156 0.443519 0.612240 0.448148 0.613281 0.455093 0.611979 0.464815 0.608333 0.468981 0.605990
0 0.461574 0.579948 0.454630 0.578385 0.446759 0.579167 0.441204 0.581510 0.436574 0.587760 0.436574 0.592187 0.440741 0.596875 0.448148 0.597135 0.460648 0.593229 0.467593 0.589844 0.469444 0.588021 0.468981 0.584375
0 0.429630 0.584896 0.423148 0.583854 0.418981 0.583854 0.411111 0.586198 0.407870 0.587760 0.405556 0.591406 0.405093 0.595833 0.406019 0.597135 0.413889 0.598437 0.427315 0.596615 0.433796 0.592187 0.433796 0.587760
0 0.413889 0.598437 0.406944 0.602344 0.406944 0.607552 0.411574 0.610156 0.421759 0.613281 0.426389 0.614062 0.431019 0.613542 0.432870 0.612500 0.436574 0.607812 0.434259 0.600260 0.427315 0.597656 0.419444 0.597396
0 0.398148 0.608594 0.394444 0.610156 0.390741 0.615104 0.392593 0.616927 0.394444 0.621094 0.396296 0.622396 0.406944 0.624740 0.416204 0.622917 0.423611 0.620313 0.425000 0.615104 0.418056 0.611198 0.406481 0.608073
0 0.384722 0.597656 0.379167 0.598437 0.373611 0.600260 0.369907 0.602344 0.368981 0.604167 0.369907 0.607812 0.373148 0.610938 0.381019 0.615104 0.386574 0.616146 0.390741 0.615365 0.392593 0.613802 0.395370 0.605990 0.394907 0.603385 0.392593 0.600521 0.388889 0.598437
0 0.392593 0.580208 0.381019 0.580729 0.376389 0.581771 0.371296 0.583854 0.371296 0.588021 0.372685 0.589844 0.378241 0.593750 0.384722 0.595833 0.392593 0.595052 0.395833 0.594010 0.399074 0.592187 0.402778 0.588281 0.397222 0.581510
0 0.379167 0.566146 0.371296 0.566146 0.364352 0.567187 0.361574 0.568229 0.359259 0.571094 0.357870 0.576302 0.359722 0.578646 0.364352 0.581510 0.371759 0.581250 0.381019 0.577344 0.384722 0.572917 0.384259 0.568229
0 0.336574 0.547135 0.331944 0.548958 0.329167 0.552344 0.331481 0.560677 0.335648 0.562760 0.342130 0.563542 0.346759 0.563281 0.351852 0.561198 0.356019 0.557031 0.356019 0.551562 0.352315 0.548958 0.345370 0.546875
0 0.357870 0.519531 0.348611 0.520573 0.340741 0.525000 0.339352 0.530208 0.341204 0.535417 0.343519 0.536979 0.350000 0.536719 0.361574 0.534115 0.366204 0.532552 0.368519 0.530729 0.368981 0.527865 0.367593 0.524740
0 0.330556 0.519271 0.323611 0.519271 0.316204 0.520573 0.313426 0.521615 0.311574 0.524219 0.311574 0.525781 0.315741 0.531510 0.319907 0.534375 0.322222 0.534896 0.330093 0.533594 0.337500 0.529427 0.339352 0.525521 0.335648 0.521354
0 0.300926 0.522656 0.295370 0.523438 0.291667 0.525781 0.289352 0.529167 0.288426 0.534375 0.289815 0.537240 0.291667 0.538542 0.296296 0.539583 0.302315 0.539844 0.312500 0.538021 0.314352 0.536979 0.317593 0.533073 0.311574 0.525781 0.307407 0.523698
0 0.285648 0.532552 0.281944 0.530990 0.276852 0.530208 0.273148 0.530208 0.269907 0.530990 0.259259 0.535937 0.252315 0.540625 0.251389 0.545052 0.253241 0.547135 0.256944 0.548438 0.267593 0.548177 0.285648 0.544271 0.289815 0.541146 0.289815 0.536979
0 0.238426 0.543750 0.231019 0.544531 0.226852 0.545833 0.221759 0.549740 0.219444 0.552344 0.219444 0.553646 0.220833 0.555990 0.226389 0.559115 0.240278 0.560937 0.248148 0.556250 0.249074 0.551562 0.248148 0.548698 0.245833 0.546615 0.241667 0.544271
0 0.280093 0.545312 0.275463 0.546354 0.271759 0.548438 0.268981 0.551823 0.268981 0.554167 0.270370 0.556771 0.276389 0.561458 0.281019 0.564063 0.288426 0.565885 0.293056 0.563281 0.294907 0.561198 0.295370 0.555729 0.293519 0.548958 0.292130 0.546875 0.288426 0.545312
0 0.294444 0.539844 0.292593 0.541927 0.292593 0.545573 0.294444 0.553385 0.296759 0.558073 0.300926 0.559635 0.307407 0.559635 0.317593 0.556771 0.321296 0.552865 0.320833 0.548698 0.318056 0.548177 0.315741 0.546875 0.312963 0.543490 0.309722 0.541406 0.305093 0.540365
0 0.330556 0.534375 0.319907 0.535677 0.312963 0.539583 0.312037 0.540625 0.313889 0.545312 0.317130 0.547917 0.324537 0.548958 0.330556 0.548438 0.333796 0.546875 0.336574 0.541667 0.336111 0.536979
0 0.322685 0.556510 0.315741 0.557552 0.307407 0.560156 0.306019 0.561458 0.305093 0.564583 0.309722 0.568750 0.315741 0.571615 0.323148 0.573177 0.327315 0.572135 0.332407 0.568490 0.333333 0.563802 0.330093 0.558073
0 0.350926 0.562500 0.340741 0.564844 0.334722 0.567969 0.331944 0.571354 0.332870 0.576042 0.336574 0.576562 0.343519 0.579427 0.355556 0.577604 0.357407 0.576823 0.359259 0.573958 0.361111 0.568229 0.358333 0.565365 0.354167 0.563281
0 0.323148 0.577344 0.320833 0.579948 0.319444 0.585677 0.319444 0.589844 0.320833 0.591927 0.332870 0.592448 0.343981 0.591146 0.348611 0.588021 0.348148 0.583854 0.344907 0.579948 0.337037 0.576823 0.333333 0.576562 0.330093 0.575521
0 0.316204 0.582031 0.307870 0.580729 0.301389 0.580729 0.296296 0.581510 0.293519 0.582812 0.290278 0.586979 0.290278 0.589583 0.291204 0.591927 0.296759 0.596354 0.301389 0.597656 0.308796 0.596615 0.315278 0.592969 0.318056 0.589323 0.318056 0.583594
0 0.286111 0.569271 0.284722 0.571094 0.284722 0.573438 0.286574 0.576823 0.289352 0.578385 0.296296 0.579688 0.307407 0.580208 0.315278 0.581250 0.317593 0.580729 0.319444 0.579427 0.321296 0.576302 0.319907 0.572396 0.306944 0.566146 0.303241 0.565365 0.293056 0.566146
0 0.282870 0.570573 0.281019 0.569531 0.275000 0.568750 0.261111 0.569792 0.257870 0.570573 0.251389 0.574219 0.249537 0.576042 0.251389 0.580208 0.254630 0.582031 0.261111 0.583073 0.267130 0.584896 0.273611 0.585677 0.276389 0.585417 0.281944 0.582292 0.284259 0.579688 0.284722 0.575521
0 0.243981 0.560937 0.243519 0.565885 0.244907 0.568229 0.253241 0.571094 0.267593 0.570312 0.277778 0.568490 0.281019 0.564844 0.273611 0.558333 0.266667 0.555729 0.262500 0.554948 0.254630 0.555208 0.250926 0.555990 0.248148 0.557292
0 0.216667 0.562760 0.215741 0.563802 0.216204 0.568750 0.219444 0.571354 0.225000 0.573177 0.234259 0.572917 0.238426 0.571615 0.242593 0.566146 0.242593 0.563021 0.240741 0.561198 0.234722 0.559896 0.225000 0.559375
0 0.212037 0.563281 0.204167 0.563542 0.196759 0.566146 0.192593 0.569271 0.186574 0.576042 0.186574 0.580208 0.187500 0.580990 0.197222 0.584375 0.206481 0.584635 0.212037 0.583333 0.216204 0.580208 0.217130 0.578125 0.217130 0.572656 0.214352 0.565625
0 0.187963 0.564583 0.184722 0.563802 0.176852 0.564063 0.167130 0.567187 0.158796 0.572917 0.157870 0.576562 0.160648 0.579948 0.169907 0.583333 0.177778 0.583594 0.180556 0.582812 0.186574 0.578646 0.187037 0.576302 0.189815 0.573438 0.192593 0.568490
0 0.148611 0.580729 0.138426 0.584375 0.136574 0.585677 0.135185 0.588542 0.137037 0.591667 0.155556 0.595833 0.162963 0.594792 0.165278 0.593750 0.167130 0.591406 0.168056 0.588802 0.167130 0.584115 0.161574 0.581250 0.157407 0.580208
0 0.060185 0.592448 0.058333 0.594271 0.058333 0.597396 0.059722 0.600781 0.061574 0.602604 0.072685 0.608073 0.080093 0.608333 0.087500 0.604948 0.089815 0.602865 0.091204 0.599740 0.089815 0.597396 0.087500 0.595833 0.080093 0.593229 0.073148 0.592187 0.062963 0.591927
0 0.047222 0.602865 0.044907 0.606250 0.044907 0.609896 0.045833 0.612240 0.047685 0.613542 0.066204 0.614323 0.070833 0.611719 0.071296 0.607292 0.064352 0.604427 0.059259 0.601302 0.051852 0.601302
0 0.123148 0.611979 0.113426 0.611719 0.107407 0.613281 0.103241 0.615625 0.099537 0.619271 0.099537 0.623698 0.101389 0.625521 0.107407 0.627344 0.114815 0.627604 0.126389 0.622396 0.128241 0.619792 0.127778 0.615104
0 0.072222 0.615885 0.068981 0.618750 0.069444 0.623437 0.071296 0.625000 0.079630 0.628385 0.087500 0.629167 0.092593 0.627865 0.098611 0.625000 0.099537 0.623437 0.099074 0.618750 0.094907 0.615625 0.090278 0.614583 0.084722 0.614323 0.078704 0.614583
0 0.044907 0.615365 0.042130 0.618750 0.042593 0.622917 0.044907 0.625781 0.050926 0.627604 0.056019 0.627604 0.063426 0.626563 0.067593 0.625260 0.068981 0.623437 0.069907 0.618750 0.068981 0.615365 0.067130 0.614062 0.051852 0.613281
0 0.148148 0.600781 0.145370 0.604167 0.145833 0.607552 0.149074 0.610417 0.156019 0.613021 0.165278 0.612500 0.172222 0.610417 0.174074 0.608073 0.174074 0.603125 0.170370 0.600000 0.163426 0.597917 0.156019 0.597917
0 0.176389 0.584115 0.173148 0.584896 0.170370 0.586719 0.167593 0.591927 0.167130 0.596094 0.170833 0.599740 0.177315 0.601562 0.184722 0.602083 0.191667 0.600000 0.193056 0.595833 0.196759 0.592187 0.196296 0.588021 0.193056 0.585938 0.187963 0.584375 0.184722 0.583854
0 0.197685 0.591406 0.193056 0.595573 0.192130 0.600260 0.195370 0.602604 0.210185 0.608594 0.217130 0.609896 0.223611 0.609115 0.230556 0.606771 0.232407 0.604167 0.230556 0.599740 0.218519 0.592708 0.207407 0.590365 0.201852 0.590365
0 0.218056 0.585677 0.215741 0.587500 0.217130 0.591406 0.229167 0.598437 0.232407 0.601042 0.239815 0.602604 0.244907 0.599219 0.245370 0.595052 0.243056 0.591146 0.226852 0.586979
0 0.225463 0.574219 0.219907 0.577604 0.215741 0.583854 0.218519 0.587500 0.225463 0.587240 0.232407 0.588802 0.240741 0.588542 0.243519 0.586198 0.246759 0.580469 0.244907 0.576302 0.239815 0.573438 0.230556 0.573177
0 0.245370 0.591146 0.245833 0.596354 0.247222 0.597656 0.251852 0.598437 0.267130 0.598437 0.273611 0.596354 0.279630 0.593229 0.281019 0.591927 0.280093 0.587760 0.275463 0.585677 0.261111 0.583073 0.252778 0.583333 0.248611 0.585417
0 0.312963 0.601042 0.309259 0.600000 0.301852 0.599740 0.294444 0.603125 0.291204 0.606510 0.290278 0.609635 0.290741 0.616927 0.293056 0.618750 0.296759 0.618750 0.311111 0.614583 0.318981 0.610417 0.320833 0.607552 0.318056 0.603385
0 0.288426 0.606771 0.280556 0.606510 0.275463 0.607292 0.270370 0.608854 0.266667 0.611198 0.265278 0.614583 0.265741 0.616406 0.270370 0.620313 0.274074 0.622135 0.281944 0.622917 0.287500 0.621354 0.289815 0.619792 0.291204 0.615365 0.289815 0.607812
0 0.246296 0.598958 0.242593 0.600260 0.238889 0.602865 0.237500 0.607552 0.240278 0.611458 0.246296 0.615104 0.253704 0.616146 0.258333 0.614583 0.263889 0.610677 0.266204 0.606771 0.266204 0.602865 0.264815 0.601302 0.260185 0.599219 0.255093 0.598698
0 0.181019 0.603385 0.175926 0.607031 0.177778 0.611458 0.183796 0.613802 0.189815 0.617188 0.201852 0.620573 0.206481 0.620573 0.208333 0.619531 0.208333 0.613542 0.206944 0.609635 0.204167 0.607292 0.196759 0.603125 0.191667 0.601302
0 0.176852 0.614844 0.170370 0.612240 0.156019 0.613802 0.147222 0.619010 0.149537 0.623698 0.156019 0.626302 0.168056 0.625781 0.174074 0.624740 0.177315 0.621875 0.178704 0.619271
0 0.212037 0.615104 0.211111 0.619271 0.213426 0.622135 0.218981 0.625260 0.224537 0.626823 0.231481 0.626563 0.237037 0.625260 0.243519 0.620573 0.245370 0.615365 0.242130 0.613021 0.237500 0.611719 0.223148 0.611719 0.216204 0.613281
0 0.329630 0.610156 0.322222 0.611979 0.319444 0.613281 0.317593 0.615104 0.318519 0.619271 0.325926 0.626042 0.329630 0.627344 0.337037 0.627604 0.341204 0.625521 0.343056 0.623437 0.344444 0.619531 0.344444 0.615104 0.337963 0.612240
0 0.343056 0.596875 0.334259 0.599219 0.331944 0.600521 0.329167 0.603385 0.329630 0.607812 0.333796 0.611198 0.343056 0.613802 0.350926 0.613542 0.356019 0.611198 0.358796 0.607552 0.357870 0.603646 0.355093 0.600000 0.351389 0.597917 0.346296 0.596875
0 0.365278 0.584896 0.356481 0.585677 0.351852 0.586979 0.344907 0.591406 0.344907 0.595573 0.351852 0.598177 0.357407 0.601823 0.362963 0.601823 0.366204 0.600781 0.372222 0.592448 0.369907 0.586979
0 0.548611 0.530729 0.539352 0.535417 0.537963 0.536979 0.538889 0.541146 0.543519 0.544010 0.551389 0.546875 0.558796 0.548438 0.564352 0.547396 0.568519 0.545052 0.568519 0.540885 0.562037 0.533333 0.557870 0.530990 0.553241 0.530208
0 0.521759 0.522917 0.518519 0.525260 0.519907 0.529687 0.522685 0.531250 0.529167 0.533333 0.531019 0.534635 0.538426 0.534896 0.545370 0.530990 0.546759 0.529427 0.547222 0.525260 0.544907 0.523958 0.531481 0.520312
0 0.524537 0.503125 0.517130 0.502865 0.514815 0.503385 0.502778 0.509635 0.500926 0.514062 0.503704 0.518750 0.507870 0.519531 0.511111 0.521094 0.517593 0.521615 0.530093 0.513802 0.532407 0.509115 0.537546 0.503464
0 0.535185 0.490104 0.531944 0.488802 0.525463 0.488021 0.520833 0.488542 0.516667 0.489844 0.513426 0.491927 0.510648 0.498437 0.512037 0.501042 0.515741 0.501823 0.522222 0.502083 0.533333 0.501042 0.535185 0.500000 0.537037 0.495312 0.537037 0.493229
0 0.546759 0.480729 0.544907 0.481771 0.542593 0.485417 0.542593 0.487240 0.544907 0.490365 0.551389 0.491667 0.565278 0.492969 0.569444 0.491406 0.572685 0.486979 0.572685 0.485417 0.570833 0.482292 0.566667 0.479427 0.558333 0.478385
0 0.578241 0.483073 0.574074 0.485417 0.571296 0.489583 0.571759 0.492188 0.579630 0.497917 0.587037 0.497917 0.589815 0.496094 0.593981 0.490365 0.593981 0.485938 0.591667 0.484375 0.586574 0.483073
0 0.606019 0.470833 0.600926 0.471615 0.597222 0.473698 0.594907 0.477604 0.595370 0.482031 0.597685 0.483854 0.604630 0.486198 0.609259 0.486719 0.614352 0.485938 0.616667 0.484115 0.619907 0.478646 0.619907 0.474479 0.617593 0.472656 0.614352 0.471615
0 0.543519 0.491927 0.537963 0.494792 0.536574 0.497135 0.536574 0.499740 0.539815 0.505990 0.541667 0.507031 0.551389 0.508594 0.559259 0.508333 0.561111 0.507031 0.565278 0.498177 0.564352 0.495312 0.562037 0.494010 0.553241 0.491927
0 0.537500 0.507552 0.533796 0.509635 0.532870 0.513542 0.535648 0.517708 0.536111 0.520573 0.538426 0.522135 0.546759 0.523177 0.552778 0.520573 0.560648 0.514062 0.560185 0.509635 0.557407 0.508594
0 0.558796 0.515365 0.551389 0.521354 0.552315 0.525781 0.554630 0.528906 0.559259 0.530729 0.564352 0.531771 0.572685 0.531510 0.578241 0.530469 0.580093 0.529167 0.580556 0.523698 0.576852 0.519010 0.573148 0.516667 0.566204 0.514583
0 0.600463 0.504167 0.593056 0.505208 0.588889 0.507292 0.584722 0.513281 0.584722 0.514844 0.587500 0.519792 0.590278 0.520833 0.599074 0.520833 0.601389 0.520312 0.603241 0.518750 0.606481 0.510417 0.606481 0.505729
0 0.572222 0.495573 0.568519 0.496615 0.565741 0.498698 0.562500 0.505729 0.562500 0.510938 0.564352 0.514323 0.573611 0.515885 0.580093 0.515104 0.583796 0.513542 0.587500 0.505729 0.582407 0.499740 0.576389 0.496354
0 0.600926 0.488281 0.595833 0.490885 0.593056 0.493750 0.593981 0.498437 0.598148 0.501042 0.605556 0.503906 0.613426 0.505729 0.621759 0.508594 0.623611 0.505990 0.628241 0.502344 0.623611 0.495573 0.618981 0.491406 0.613889 0.488542 0.608796 0.487500
0 0.639815 0.475521 0.631944 0.475000 0.624074 0.475781 0.621296 0.476823 0.617593 0.481771 0.617593 0.486458 0.622685 0.492969 0.628241 0.495573 0.636574 0.493229 0.638889 0.491927 0.646296 0.482812 0.645370 0.477865 0.643519 0.476562
0 0.656481 0.481771 0.647222 0.482812 0.644444 0.484375 0.639352 0.490104 0.639352 0.494531 0.643519 0.497396 0.648148 0.498958 0.656944 0.498958 0.659722 0.498437 0.663889 0.496615 0.665741 0.494792 0.664815 0.486719 0.662037 0.483854
0 0.669907 0.470833 0.663889 0.472656 0.659722 0.475260 0.658333 0.478385 0.660185 0.482552 0.665278 0.485156 0.678241 0.487240 0.686111 0.484896 0.687500 0.483073 0.687963 0.477604 0.686111 0.475000 0.681944 0.471875 0.677315 0.470573
0 0.705556 0.473698 0.693519 0.475260 0.689815 0.476823 0.687963 0.481771 0.688426 0.486198 0.693056 0.490365 0.697222 0.492188 0.705093 0.492188 0.709259 0.490365 0.713889 0.485677 0.715278 0.478385 0.711574 0.475521
0 0.725926 0.478385 0.721296 0.479948 0.717130 0.482292 0.715741 0.486979 0.719444 0.490104 0.731481 0.497135 0.739815 0.497135 0.743519 0.495573 0.746296 0.491146 0.746759 0.486198 0.744907 0.482552 0.743056 0.480469 0.737963 0.478385 0.732870 0.477604
0 0.760648 0.485938 0.753241 0.486458 0.750463 0.487240 0.746759 0.490104 0.744907 0.493750 0.743981 0.498177 0.745833 0.502865 0.753241 0.507552 0.761111 0.507812 0.767130 0.506510 0.771759 0.501302 0.771759 0.494010 0.770833 0.491927 0.766667 0.488021
0 0.066667 0.656510 0.059722 0.656771 0.055093 0.657813 0.050926 0.661458 0.049074 0.664844 0.049074 0.668229 0.051852 0.673958 0.059259 0.673177 0.067130 0.671094 0.076852 0.666146 0.076852 0.661979 0.075926 0.660937
0 0.808796 0.504167 0.803241 0.501302 0.796296 0.499479 0.787963 0.499740 0.781944 0.501563 0.779167 0.504167 0.777315 0.509375 0.780556 0.515885 0.782870 0.516667 0.789352 0.516927 0.801852 0.515104 0.806019 0.513542 0.810648 0.509896 0.810185 0.505469
0 0.809722 0.513021 0.804630 0.514583 0.800000 0.518490 0.798611 0.521354 0.800000 0.525000 0.802315 0.527344 0.805556 0.529167 0.814352 0.530990 0.823611 0.530469 0.826852 0.529427 0.831944 0.525781 0.831019 0.521094 0.821296 0.513802 0.816667 0.512500
0 0.863889 0.477344 0.856019 0.479948 0.853241 0.482292 0.852778 0.486979 0.856944 0.494531 0.861111 0.498177 0.865278 0.500260 0.872685 0.501302 0.877315 0.499740 0.880556 0.495052 0.881481 0.482031 0.877778 0.477865 0.873148 0.476823
0 0.890741 0.493490 0.883333 0.496354 0.881019 0.497917 0.881019 0.502083 0.883796 0.503906 0.885185 0.505990 0.895370 0.512760 0.898148 0.513542 0.902315 0.513542 0.909722 0.512240 0.918519 0.507031 0.918981 0.501823 0.908796 0.496615 0.904167 0.495833 0.897685 0.493750
0 0.913426 0.488542 0.911574 0.494531 0.915278 0.499740 0.920833 0.502083 0.931019 0.502344 0.946759 0.501042 0.953704 0.498698 0.956944 0.496354 0.957407 0.493750 0.953241 0.490625 0.948148 0.488021 0.941667 0.486458 0.926389 0.485677 0.916204 0.486979
0 0.962037 0.497656 0.954630 0.498177 0.944907 0.501823 0.930556 0.509635 0.929167 0.514323 0.932870 0.517708 0.940741 0.520312 0.949537 0.521094 0.955093 0.520312 0.960185 0.517448 0.962963 0.513802 0.964815 0.506510 0.963889 0.500260
0 0.912963 0.511979 0.907870 0.513802 0.905556 0.517448 0.906944 0.521615 0.911574 0.529427 0.917593 0.530729 0.922222 0.530729 0.930093 0.529427 0.933796 0.526042 0.933796 0.522396 0.932870 0.519531 0.929630 0.515365 0.927315 0.513542 0.921759 0.511979
0 0.903704 0.518229 0.899537 0.516406 0.892130 0.516667 0.878704 0.521354 0.870370 0.525781 0.869444 0.528125 0.870370 0.532292 0.873148 0.533073 0.878241 0.533333 0.892593 0.533073 0.904167 0.531250 0.908333 0.529427 0.909259 0.525260 0.906944 0.521354
0 0.839352 0.534115 0.836111 0.535937 0.834722 0.540104 0.835648 0.547917 0.837963 0.551562 0.843519 0.553125 0.851852 0.553125 0.858796 0.551823 0.863426 0.549479 0.864815 0.547135 0.865278 0.544271 0.863426 0.541146 0.858333 0.538021 0.844444 0.533333
0 0.879167 0.537500 0.871296 0.537500 0.867130 0.541146 0.867130 0.544271 0.864815 0.548438 0.860185 0.552344 0.861574 0.554948 0.864352 0.556250 0.870833 0.557031 0.879630 0.556250 0.885185 0.554167 0.892130 0.548958 0.894444 0.545312 0.893519 0.543750 0.888889 0.540885
0 0.904630 0.540104 0.898148 0.544531 0.898611 0.548958 0.902778 0.551823 0.912500 0.555208 0.918981 0.556250 0.926852 0.555208 0.931944 0.552865 0.933333 0.549219 0.931944 0.546615 0.928241 0.543229 0.921296 0.539323 0.912963 0.538021
0 0.951852 0.553125 0.950000 0.556771 0.956481 0.560677 0.962037 0.562760 0.968519 0.564063 0.975000 0.563802 0.981019 0.560677 0.982407 0.557552 0.981481 0.553125 0.980093 0.551562 0.975926 0.549740 0.968056 0.549479
0 0.920833 0.560417 0.916667 0.562500 0.913426 0.568229 0.914352 0.576302 0.916667 0.580208 0.919907 0.582812 0.923148 0.583333 0.929630 0.583333 0.937500 0.582292 0.940741 0.580990 0.944907 0.577083 0.945370 0.575781 0.943981 0.573438 0.931944 0.562500 0.927315 0.560156
0 0.938889 0.583594 0.935185 0.582812 0.921759 0.583594 0.912037 0.586719 0.910185 0.588542 0.909722 0.591927 0.912963 0.595573 0.919907 0.598958 0.924537 0.599479 0.933796 0.598698 0.938426 0.597135 0.941204 0.595573 0.943519 0.592187 0.944444 0.588281 0.942593 0.585677
0 0.927778 0.602604 0.919907 0.602604 0.906019 0.608073 0.903241 0.610156 0.900463 0.615625 0.904167 0.619792 0.909259 0.621875 0.913426 0.622917 0.922222 0.623437 0.927778 0.622656 0.933333 0.619271 0.936111 0.615104 0.937037 0.611198 0.934259 0.606510 0.930556 0.603646
0 0.871759 0.608073 0.862963 0.607552 0.855556 0.609375 0.845833 0.615104 0.842593 0.618490 0.842593 0.620052 0.844907 0.623437 0.847685 0.625000 0.857407 0.627604 0.866204 0.627604 0.871296 0.625781 0.875463 0.618750 0.875463 0.611458
0 0.859722 0.602344 0.854167 0.601042 0.849074 0.600781 0.833333 0.603385 0.827778 0.607292 0.828704 0.612240 0.835185 0.616667 0.843981 0.617448 0.848148 0.615365 0.852778 0.611198 0.862963 0.607552 0.861574 0.603646
0 0.870370 0.586198 0.867130 0.588021 0.865278 0.591146 0.864815 0.596615 0.866204 0.598177 0.869444 0.599479 0.879167 0.600781 0.887500 0.600781 0.892130 0.599740 0.893981 0.591146 0.891667 0.587760 0.886111 0.585417 0.881019 0.584635 0.875463 0.584896
0 0.906481 0.570833 0.897685 0.570312 0.890741 0.571615 0.887037 0.573438 0.881481 0.578385 0.880556 0.580469 0.882870 0.584115 0.887500 0.586719 0.892130 0.588281 0.899537 0.588021 0.903241 0.586979 0.907870 0.584375 0.912037 0.580208 0.911574 0.575260
0 0.905556 0.553646 0.900000 0.552344 0.888889 0.554167 0.883333 0.557813 0.877778 0.564063 0.879167 0.568490 0.882870 0.570833 0.886574 0.571354 0.903241 0.569271 0.912037 0.567187 0.913889 0.566146 0.915741 0.563802 0.916204 0.560417 0.912963 0.558594 0.911574 0.556771
0 0.865278 0.570052 0.863426 0.568229 0.857870 0.565625 0.848148 0.566406 0.835648 0.570052 0.830556 0.572656 0.826389 0.576042 0.827315 0.579167 0.828704 0.580208 0.838889 0.580990 0.854630 0.580990 0.862037 0.580208 0.864815 0.579167 0.867593 0.576302
0 0.835648 0.552865 0.829167 0.552865 0.822685 0.554948 0.819907 0.556510 0.817130 0.560156 0.817593 0.564844 0.818981 0.566667 0.823148 0.568750 0.829630 0.570573 0.837037 0.569792 0.841204 0.568490 0.844444 0.566667 0.846759 0.563542 0.847222 0.559635 0.844907 0.556250 0.841204 0.554167
0 0.773611 0.522917 0.766204 0.525000 0.758796 0.528906 0.756944 0.533333 0.760648 0.537240 0.764352 0.539323 0.768056 0.540365 0.775000 0.540885 0.781019 0.539583 0.784259 0.537240 0.785648 0.533594 0.785648 0.530208 0.784722 0.527344 0.782407 0.524740 0.778241 0.523438
0 0.775926 0.511458 0.767130 0.508073 0.759259 0.507812 0.755093 0.508594 0.749537 0.511458 0.745833 0.517188 0.747685 0.520573 0.753241 0.523438 0.761574 0.523438 0.772222 0.521354 0.779167 0.517708 0.778704 0.513542
0 0.706019 0.509375 0.707407 0.513802 0.710185 0.515625 0.716204 0.517708 0.731481 0.520312 0.740278 0.520312 0.744907 0.518229 0.747685 0.514323 0.747222 0.509635 0.744444 0.507292 0.740278 0.505208 0.733333 0.504167 0.723611 0.505208 0.709722 0.508073
0 0.718981 0.490365 0.710648 0.490365 0.706944 0.492188 0.705556 0.493750 0.702778 0.501302 0.703241 0.505990 0.704630 0.507812 0.710648 0.507552 0.718981 0.505990 0.727778 0.503646 0.731019 0.501823 0.731481 0.497656 0.723611 0.492448
0 0.667593 0.494010 0.665741 0.498958 0.667130 0.503906 0.669907 0.505990 0.677778 0.506771 0.699537 0.503906 0.702778 0.502344 0.703704 0.497396 0.701852 0.494271 0.692593 0.491146 0.675463 0.490625 0.670370 0.491927
0 0.682407 0.508854 0.678704 0.510417 0.677315 0.514062 0.679630 0.522656 0.683796 0.527865 0.687037 0.528906 0.693056 0.529167 0.698148 0.528646 0.704167 0.526823 0.706944 0.525521 0.708333 0.520833 0.706481 0.518490 0.699537 0.512760 0.692593 0.508854
0 0.656019 0.507552 0.653241 0.509115 0.650926 0.511719 0.648611 0.517188 0.649537 0.522135 0.651852 0.524479 0.657407 0.526042 0.665741 0.526302 0.673148 0.525000 0.677778 0.523438 0.679630 0.521615 0.677315 0.513021 0.675000 0.511198 0.666667 0.507812 0.663889 0.507292
0 0.635185 0.501823 0.629167 0.503646 0.625000 0.505729 0.623611 0.510156 0.629630 0.515104 0.637037 0.519271 0.641204 0.520312 0.645370 0.520312 0.648148 0.519010 0.649537 0.513542 0.652315 0.510156 0.651389 0.505990 0.642593 0.501563
0 0.613889 0.506510 0.607407 0.507552 0.605093 0.513281 0.604630 0.519010 0.606481 0.520833 0.615278 0.523177 0.624074 0.520833 0.627315 0.518229 0.626852 0.513542 0.621759 0.508594 0.618981 0.507292
0 0.646759 0.521615 0.644444 0.520833 0.634722 0.519792 0.620370 0.521875 0.613889 0.525260 0.612037 0.528906 0.613426 0.532813 0.620370 0.534635 0.636111 0.535156 0.643519 0.533333 0.647222 0.529687 0.649537 0.525521
0 0.586574 0.520052 0.582407 0.522396 0.581019 0.525000 0.582870 0.533073 0.587500 0.535937 0.591204 0.536719 0.596296 0.536979 0.604630 0.536198 0.609722 0.533073 0.611574 0.527865 0.611111 0.524740 0.607870 0.523177 0.600926 0.522917 0.597222 0.521615 0.590741 0.521094
0 0.613426 0.534115 0.607407 0.535417 0.605556 0.537760 0.605093 0.543229 0.605556 0.545312 0.607407 0.547396 0.612963 0.549479 0.615278 0.549479 0.624537 0.547396 0.630093 0.544792 0.631019 0.540365 0.623611 0.536198
0 0.649074 0.532031 0.640278 0.534115 0.633796 0.536979 0.633796 0.541146 0.641667 0.545052 0.650000 0.546875 0.656019 0.546094 0.659722 0.543229 0.661574 0.540625 0.660648 0.536719 0.658333 0.533854 0.656481 0.532813
0 0.658333 0.544271 0.659259 0.548958 0.662037 0.551562 0.672222 0.554948 0.676852 0.555729 0.686574 0.555729 0.692593 0.554427 0.695833 0.552865 0.695370 0.548438 0.685648 0.541406 0.678241 0.538281 0.669907 0.538542 0.666204 0.539583 0.661574 0.541667
0 0.593056 0.541406 0.587037 0.541927 0.581019 0.544792 0.576389 0.545573 0.574074 0.547656 0.574074 0.550000 0.575926 0.552865 0.582407 0.555208 0.593981 0.558073 0.600463 0.556250 0.603241 0.553646 0.604630 0.549740 0.604630 0.544792 0.600926 0.542188
0 0.565278 0.532292 0.563889 0.533073 0.565278 0.536719 0.571296 0.543750 0.573148 0.544531 0.581019 0.544531 0.583333 0.544010 0.586574 0.541406 0.586111 0.536198 0.584259 0.533854 0.580093 0.531510 0.571296 0.531250
0 0.561574 0.555469 0.559722 0.560937 0.568519 0.566146 0.583796 0.570052 0.593981 0.569792 0.598611 0.568490 0.598611 0.564323 0.591204 0.558854 0.581481 0.554427 0.574537 0.552865 0.565741 0.553125
0 0.526389 0.548177 0.525926 0.551823 0.527315 0.554427 0.531019 0.555990 0.544907 0.558594 0.554630 0.558594 0.557407 0.558073 0.562037 0.552865 0.561111 0.551302 0.556944 0.548438 0.550463 0.546094 0.538889 0.543229 0.532870 0.544010
0 0.524537 0.531771 0.517130 0.532031 0.510185 0.535156 0.505556 0.540885 0.508333 0.545052 0.516667 0.548177 0.524537 0.548438 0.531019 0.544010 0.531944 0.541927 0.531944 0.536458 0.530093 0.534115
0 0.524537 0.562240 0.523148 0.564844 0.526389 0.569271 0.534259 0.572135 0.544907 0.574219 0.552315 0.573438 0.556481 0.571354 0.559722 0.568490 0.561111 0.564323 0.557407 0.560417 0.553704 0.559375 0.537500 0.558333 0.533333 0.559115 0.531019 0.560677 0.527778 0.560937
0 0.531019 0.571354 0.522685 0.576042 0.521296 0.580208 0.525926 0.584115 0.538426 0.586458 0.543056 0.584115 0.545833 0.581250 0.546296 0.575781 0.542593 0.573698
0 0.523611 0.584115 0.513426 0.589583 0.511574 0.591667 0.511574 0.595833 0.513889 0.597656 0.521296 0.598958 0.531481 0.602344 0.534259 0.601042 0.539815 0.595833 0.539815 0.591406 0.537500 0.586719 0.535648 0.585156 0.531019 0.584115
0 0.539815 0.586198 0.538889 0.588021 0.540278 0.593229 0.544444 0.596875 0.547685 0.597656 0.554630 0.597917 0.567593 0.596615 0.573148 0.594531 0.575463 0.591927 0.575000 0.587760 0.570370 0.585938 0.559259 0.583073 0.549537 0.582812 0.544907 0.583333
0 0.561574 0.570573 0.555093 0.573698 0.553704 0.575521 0.554167 0.577865 0.556019 0.580208 0.563426 0.584115 0.572222 0.587240 0.580556 0.588542 0.583796 0.586719 0.584722 0.583333 0.581944 0.574219 0.580093 0.571354 0.577778 0.569792 0.573611 0.568750 0.565278 0.569531
0 0.628704 0.558073 0.621296 0.558073 0.618519 0.559635 0.611111 0.561719 0.606481 0.564323 0.603241 0.568490 0.606481 0.572135 0.614815 0.575521 0.619444 0.576302 0.627778 0.576042 0.634259 0.572396 0.635185 0.567969 0.632407 0.564323 0.631944 0.560156
0 0.652778 0.557031 0.641667 0.557813 0.633333 0.560677 0.632407 0.565104 0.634259 0.568229 0.637037 0.571094 0.642130 0.573177 0.649537 0.573958 0.654630 0.572396 0.660185 0.568750 0.661574 0.564844 0.660185 0.560937 0.656481 0.557552
0 0.718519 0.536458 0.715278 0.537760 0.713426 0.540365 0.712963 0.547656 0.715278 0.552865 0.718519 0.555208 0.727315 0.555729 0.737500 0.552865 0.743056 0.548698 0.741204 0.546094 0.736111 0.542448 0.728241 0.540625 0.724074 0.538281
0 0.739815 0.524740 0.731944 0.525260 0.723148 0.527604 0.719907 0.529167 0.720370 0.536979 0.725463 0.539844 0.732407 0.541927 0.739815 0.541927 0.746296 0.540104 0.751389 0.536979 0.753241 0.533854 0.752315 0.531250 0.749074 0.528385 0.744444 0.526042
0 0.802778 0.568750 0.798611 0.570573 0.796759 0.572656 0.795833 0.576562 0.799074 0.581510 0.805093 0.584375 0.807870 0.584896 0.815278 0.584375 0.822685 0.580208 0.824537 0.576562 0.824074 0.574479 0.821296 0.571615 0.818056 0.569792 0.813426 0.568490 0.806944 0.567969
0 0.774074 0.562500 0.766204 0.564323 0.762963 0.565885 0.760648 0.567969 0.760185 0.572656 0.763889 0.576562 0.774074 0.579948 0.781481 0.579948 0.788889 0.577604 0.793519 0.574479 0.794907 0.572656 0.794907 0.567969 0.792593 0.566146 0.788889 0.564844 0.781019 0.563021
0 0.732407 0.566667 0.727778 0.568750 0.725926 0.571354 0.725926 0.577083 0.727778 0.582292 0.730556 0.584635 0.737963 0.586198 0.746759 0.586198 0.752778 0.584115 0.759259 0.580208 0.759259 0.575781 0.756019 0.573438 0.751852 0.571875 0.748148 0.569010 0.743519 0.567187 0.739815 0.566406
0 0.686574 0.579948 0.686574 0.584115 0.689352 0.585677 0.697222 0.588281 0.706019 0.589844 0.713426 0.590365 0.718981 0.589583 0.722685 0.587500 0.725000 0.584375 0.724074 0.579688 0.722222 0.577083 0.718519 0.574740 0.712500 0.573438 0.703704 0.573698 0.697685 0.575000 0.691204 0.577083
0 0.697685 0.602865 0.690278 0.604688 0.684259 0.607292 0.683333 0.611458 0.688889 0.616406 0.693981 0.618229 0.699537 0.621354 0.705556 0.622396 0.710648 0.620313 0.713889 0.615625 0.712500 0.609896 0.709722 0.605469 0.705093 0.602865
0 0.648611 0.601042 0.642130 0.603646 0.640741 0.606771 0.641667 0.611719 0.643519 0.614844 0.649537 0.619792 0.656944 0.620573 0.660185 0.619531 0.665278 0.616406 0.668981 0.611719 0.669907 0.607292 0.657407 0.601823
0 0.602315 0.608854 0.598611 0.609115 0.593056 0.611719 0.589352 0.615625 0.587963 0.618490 0.587963 0.623698 0.591204 0.626302 0.600463 0.628385 0.610185 0.626563 0.614815 0.622917 0.614815 0.618750 0.613426 0.616406 0.607870 0.610938
0 0.552315 0.608854 0.540741 0.610156 0.537037 0.611198 0.533796 0.613802 0.533333 0.615365 0.535648 0.620313 0.537963 0.622917 0.544444 0.625781 0.552315 0.625521 0.557407 0.622917 0.560648 0.619531 0.559722 0.612760 0.558333 0.611198
0 0.514815 0.598437 0.509722 0.600000 0.506019 0.603646 0.503704 0.607292 0.503704 0.612500 0.505093 0.615625 0.508333 0.617969 0.517593 0.618750 0.522685 0.616927 0.524074 0.614583 0.527315 0.612760 0.531019 0.608073 0.530093 0.603125 0.526389 0.600260 0.518519 0.598437
0 0.547222 0.599479 0.545833 0.603646 0.549074 0.606510 0.555093 0.609896 0.565278 0.612760 0.572685 0.610417 0.575000 0.607552 0.575463 0.602865 0.570370 0.597917 0.567593 0.597135 0.562963 0.597135
0 0.765741 0.608333 0.761111 0.607292 0.753241 0.607292 0.744444 0.608854 0.736111 0.611979 0.733333 0.615104 0.733333 0.620313 0.735185 0.624219 0.737963 0.626302 0.744907 0.627865 0.749074 0.627604 0.762037 0.623958 0.770833 0.619531 0.774074 0.615365 0.771759 0.611198
0 0.773611 0.582292 0.767130 0.585677 0.765741 0.587240 0.766204 0.592448 0.769907 0.593750 0.777315 0.594792 0.781944 0.596094 0.788426 0.596354 0.791204 0.595573 0.795370 0.591927 0.795833 0.587500 0.793519 0.584896 0.790278 0.582812 0.782407 0.581250
0 0.822685 0.610938 0.816667 0.609375 0.808333 0.609375 0.800926 0.610156 0.792130 0.611979 0.787500 0.614323 0.786574 0.615885 0.786574 0.620052 0.789352 0.623437 0.793981 0.626302 0.800926 0.627865 0.807407 0.627344 0.814815 0.625521 0.821759 0.621875 0.824537 0.619531 0.825000 0.614323
0 0.065278 0.626823 0.058333 0.628646 0.056019 0.630208 0.054630 0.633594 0.055093 0.642708 0.064815 0.645833 0.068056 0.645833 0.073148 0.645052 0.077778 0.642188 0.081944 0.634896 0.081481 0.630469 0.076389 0.627865 0.073611 0.627083
0 0.051852 0.642969 0.048148 0.644271 0.044444 0.647135 0.042593 0.650260 0.044444 0.654687 0.049537 0.656510 0.054630 0.656771 0.059259 0.656250 0.067130 0.652083 0.068519 0.650521 0.069444 0.646354 0.058796 0.643229
0 0.094444 0.663802 0.085648 0.663802 0.078704 0.665365 0.075463 0.669531 0.074537 0.672917 0.075000 0.677865 0.079630 0.682813 0.087037 0.684115 0.089352 0.683333 0.100000 0.677344 0.101852 0.675260 0.103241 0.670573 0.102778 0.669010 0.100000 0.665885
0 0.078241 0.647656 0.076389 0.650521 0.079630 0.655990 0.093981 0.658594 0.100926 0.657292 0.105093 0.654427 0.104630 0.651042 0.103241 0.648958 0.099074 0.646354 0.094444 0.645052 0.086574 0.644531
0 0.108796 0.629948 0.101852 0.630208 0.094444 0.631510 0.090741 0.632812 0.087500 0.634635 0.085648 0.638542 0.087963 0.642448 0.090278 0.643750 0.100463 0.646615 0.107870 0.646094 0.114815 0.642448 0.115278 0.641406 0.114815 0.633594 0.113426 0.631250
0 0.139815 0.626563 0.129167 0.623958 0.121296 0.624219 0.118056 0.626042 0.114815 0.633073 0.114815 0.637760 0.116667 0.640885 0.120370 0.641667 0.128704 0.641667 0.133333 0.640625 0.135648 0.639323 0.141204 0.634635 0.142593 0.631250 0.142130 0.629167
0 0.150000 0.633854 0.142130 0.634115 0.136574 0.638542 0.135185 0.648698 0.136574 0.651302 0.141204 0.653385 0.143056 0.653385 0.147222 0.652083 0.155556 0.646094 0.162500 0.642708 0.161574 0.638542 0.156019 0.635677
0 0.156019 0.625781 0.151852 0.630729 0.154167 0.634896 0.162963 0.638542 0.170370 0.638281 0.178241 0.634896 0.179630 0.630469 0.177315 0.627604 0.175000 0.626302 0.170370 0.625260
0 0.192593 0.626823 0.193519 0.630729 0.200463 0.637240 0.206019 0.640104 0.209722 0.641146 0.213426 0.641406 0.218981 0.640625 0.224537 0.638281 0.228241 0.634896 0.228704 0.630469 0.227315 0.628385 0.225000 0.627083 0.213426 0.623698 0.203704 0.623437 0.196759 0.625000
0 0.264815 0.619010 0.260185 0.618490 0.248148 0.621615 0.242130 0.623958 0.238889 0.626823 0.241667 0.631510 0.245833 0.633854 0.253241 0.636198 0.261111 0.635677 0.265741 0.634115 0.268056 0.632292 0.269444 0.624219 0.268056 0.621094
0 0.316667 0.616146 0.307407 0.616146 0.300463 0.617448 0.293056 0.619792 0.287963 0.622917 0.284722 0.626823 0.287500 0.631250 0.291204 0.632552 0.301389 0.633594 0.317130 0.632292 0.321296 0.631250 0.325926 0.626823 0.319444 0.618490
0 0.362500 0.623437 0.358796 0.622396 0.349537 0.623177 0.343981 0.624479 0.335648 0.628125 0.332870 0.630729 0.335185 0.635677 0.338889 0.637760 0.343056 0.639062 0.351852 0.639323 0.358333 0.638021 0.365741 0.634115 0.367593 0.631510 0.365278 0.625260
0 0.382870 0.633333 0.378241 0.632292 0.368981 0.633333 0.366204 0.634635 0.364815 0.638281 0.362963 0.640104 0.361574 0.645312 0.361574 0.649219 0.363426 0.651563 0.372222 0.651302 0.380093 0.648698 0.389815 0.642708 0.388889 0.638281 0.386574 0.635677
0 0.392130 0.622135 0.385648 0.623698 0.381944 0.626563 0.382870 0.630729 0.392130 0.641927 0.399537 0.641667 0.407870 0.635938 0.409722 0.626823 0.407870 0.625000 0.404167 0.623958
0 0.419907 0.622396 0.413426 0.623958 0.411111 0.625260 0.408796 0.630990 0.409722 0.635156 0.411111 0.636719 0.413426 0.638021 0.420833 0.639844 0.430093 0.638542 0.433333 0.636979 0.434722 0.635417 0.434722 0.631771 0.432870 0.628646 0.427778 0.624479 0.425463 0.623437
0 0.443981 0.615625 0.439352 0.615625 0.435185 0.616667 0.429630 0.619531 0.427778 0.622135 0.428704 0.625260 0.433333 0.629948 0.435648 0.631510 0.440278 0.632552 0.444907 0.632031 0.448611 0.630469 0.450926 0.624740 0.450926 0.618750 0.448148 0.616406
0 0.457870 0.614323 0.452778 0.616406 0.451389 0.618229 0.451389 0.623958 0.454630 0.630469 0.463426 0.630469 0.468981 0.631250 0.473611 0.627344 0.474074 0.621094 0.472685 0.617188 0.468981 0.614062 0.461574 0.613802
0 0.492130 0.620833 0.489815 0.620052 0.481944 0.620313 0.478704 0.621354 0.470370 0.630729 0.472685 0.633594 0.478704 0.635156 0.484722 0.635417 0.489815 0.634635 0.494907 0.632552 0.496296 0.630208 0.494444 0.623958
0 0.531481 0.619010 0.525926 0.618229 0.517593 0.619010 0.510185 0.618750 0.505093 0.620833 0.498611 0.622135 0.497222 0.622917 0.497222 0.627083 0.499537 0.631771 0.504167 0.633594 0.512037 0.634115 0.516667 0.633073 0.523611 0.627604 0.529167 0.625781 0.534259 0.623177
0 0.545370 0.627083 0.537963 0.623958 0.531019 0.624740 0.524074 0.627344 0.519907 0.630469 0.517593 0.633594 0.517130 0.635417 0.518519 0.639323 0.523611 0.640885 0.531481 0.640885 0.538426 0.639323 0.542130 0.637760 0.545833 0.635417 0.546759 0.633594 0.546759 0.629427
0 0.566204 0.621354 0.559259 0.622135 0.554167 0.624479 0.550000 0.627865 0.549074 0.629687 0.549074 0.634896 0.550463 0.636719 0.555093 0.638802 0.558333 0.639323 0.566667 0.639323 0.572222 0.637760 0.577315 0.634635 0.578241 0.629948 0.576852 0.627083 0.571759 0.623437
0 0.593981 0.630208 0.586574 0.630469 0.583796 0.631510 0.573611 0.639062 0.571759 0.641667 0.572222 0.646615 0.573611 0.648177 0.577315 0.650000 0.586574 0.652083 0.591667 0.651042 0.593981 0.649740 0.598148 0.644792 0.600926 0.639062 0.600926 0.634635 0.597222 0.631250
0 0.565278 0.650521 0.556944 0.654687 0.555093 0.658333 0.558796 0.663281 0.573611 0.666667 0.579167 0.667448 0.581944 0.666927 0.586111 0.662500 0.586111 0.657813 0.584259 0.653385 0.580556 0.650781 0.573148 0.649219
0 0.544907 0.638021 0.537963 0.639844 0.536111 0.642188 0.537037 0.646615 0.540741 0.652344 0.544907 0.655208 0.552778 0.655208 0.559259 0.652865 0.566667 0.648698 0.568056 0.647135 0.566667 0.642708 0.562963 0.640365 0.552315 0.638542
0 0.523611 0.641146 0.516667 0.645573 0.513426 0.650000 0.516204 0.654427 0.521296 0.657031 0.525926 0.658073 0.531481 0.658594 0.539815 0.657031 0.542593 0.655469 0.543519 0.653906 0.538426 0.647135 0.536574 0.642188 0.533333 0.640885
0 0.495370 0.634635 0.491667 0.636458 0.490278 0.638021 0.490278 0.642969 0.492593 0.646094 0.500926 0.650521 0.510648 0.650781 0.516204 0.647135 0.519444 0.642708 0.515741 0.636198 0.512037 0.634635 0.503704 0.633594
0 0.480556 0.645573 0.473611 0.646875 0.470833 0.648438 0.469907 0.649740 0.469907 0.654948 0.471296 0.658594 0.475463 0.662760 0.480093 0.664583 0.483796 0.664844 0.489815 0.663021 0.495370 0.654427 0.496296 0.650000 0.490278 0.646615 0.487500 0.645833
0 0.451852 0.631771 0.449074 0.633594 0.444907 0.638542 0.448611 0.642448 0.450926 0.643750 0.462963 0.646615 0.468056 0.647396 0.472685 0.646615 0.475000 0.644531 0.476852 0.639323 0.473148 0.634375 0.468056 0.631510 0.463426 0.630469 0.457870 0.630469
0 0.113426 0.643750 0.107870 0.646354 0.107407 0.651042 0.109259 0.654167 0.121296 0.659115 0.128704 0.659115 0.133333 0.654948 0.134259 0.652604 0.134722 0.646094 0.133333 0.644010 0.129167 0.642188 0.120833 0.642188
0 0.177315 0.644271 0.170833 0.642969 0.164352 0.643490 0.157870 0.645312 0.153241 0.647396 0.150000 0.650521 0.150000 0.655469 0.155556 0.658333 0.162963 0.658854 0.176852 0.656771 0.179630 0.654687 0.181019 0.651302 0.180556 0.646615
0 0.198148 0.636198 0.184259 0.640365 0.181019 0.642969 0.180556 0.646875 0.182870 0.650000 0.185185 0.651302 0.190278 0.652604 0.198148 0.652083 0.206944 0.649219 0.211574 0.646615 0.212500 0.642448
0 0.246759 0.638021 0.244444 0.639583 0.242593 0.642708 0.247685 0.647135 0.253241 0.650000 0.262037 0.650260 0.265278 0.649479 0.268056 0.646875 0.268056 0.642188 0.262963 0.638021 0.260648 0.636979 0.252315 0.636719
0 0.287963 0.633333 0.277778 0.637500 0.275000 0.641927 0.275463 0.645312 0.276389 0.646875 0.281481 0.648958 0.287037 0.650000 0.295370 0.650260 0.301389 0.646615 0.300000 0.634635 0.295370 0.633333
0 0.328704 0.634635 0.323611 0.632292 0.318519 0.632031 0.309259 0.632812 0.304630 0.633854 0.303241 0.634635 0.301852 0.637500 0.301852 0.643490 0.303241 0.645052 0.306019 0.646615 0.312037 0.647396 0.318056 0.647396 0.321296 0.646615 0.328241 0.641406 0.329630 0.639062
0 0.350463 0.643229 0.344444 0.642188 0.335648 0.642188 0.325926 0.644010 0.322685 0.646094 0.320833 0.646354 0.322222 0.647917 0.322685 0.652344 0.324537 0.654427 0.329630 0.657552 0.336111 0.658594 0.340741 0.658333 0.351389 0.652865 0.354630 0.650260 0.355093 0.646354
0 0.349074 0.660417 0.348148 0.661458 0.348611 0.663021 0.350463 0.664844 0.356019 0.667969 0.370833 0.672135 0.379167 0.671875 0.382870 0.670052 0.386111 0.666406 0.386111 0.659115 0.383333 0.656771 0.379630 0.655729 0.374537 0.655208 0.364352 0.655729 0.353704 0.658333
0 0.391667 0.643229 0.385648 0.646875 0.384722 0.650781 0.387500 0.655208 0.399074 0.659896 0.406481 0.658854 0.412500 0.655729 0.415741 0.650521 0.412963 0.646094 0.410185 0.644531 0.399537 0.642969
0 0.432407 0.638802 0.427778 0.639583 0.423148 0.641406 0.411667 0.643464 0.419907 0.650521 0.426852 0.655729 0.434722 0.656250 0.437500 0.655469 0.443519 0.651563 0.445370 0.647656 0.445370 0.642188 0.440278 0.639323
0 0.447685 0.643490 0.444444 0.650000 0.446296 0.654167 0.449074 0.656250 0.452315 0.657292 0.462500 0.657813 0.465278 0.657031 0.468519 0.654427 0.465741 0.647917 0.455556 0.644531
0 0.419444 0.658594 0.412963 0.659635 0.406019 0.662240 0.405093 0.667188 0.406019 0.669792 0.412037 0.676042 0.420370 0.677604 0.428704 0.676302 0.431481 0.675000 0.433333 0.668750 0.432407 0.665625 0.426389 0.660156 0.422685 0.658854
0 0.447222 0.657292 0.439815 0.660937 0.435185 0.665625 0.434722 0.670052 0.436574 0.671615 0.439352 0.672396 0.450000 0.673177 0.455093 0.672135 0.459722 0.669010 0.462037 0.666146 0.461574 0.661979 0.459722 0.659635 0.456944 0.658333
0 0.468519 0.665885 0.463889 0.667448 0.456481 0.671615 0.455093 0.673958 0.455093 0.678646 0.456481 0.680729 0.459722 0.683073 0.463426 0.684375 0.469907 0.685156 0.475926 0.684375 0.479167 0.682552 0.482407 0.678125 0.483796 0.672656 0.482407 0.669792 0.479630 0.667708 0.475926 0.666406
0 0.487037 0.672135 0.483333 0.675260 0.480093 0.681510 0.481019 0.685677 0.485648 0.688021 0.494444 0.689844 0.500000 0.689844 0.504167 0.689063 0.507870 0.685937 0.508333 0.683854 0.507870 0.678906 0.506019 0.676302 0.502315 0.673177 0.499074 0.671615 0.493519 0.671354
0 0.501852 0.651563 0.496759 0.652604 0.494907 0.654427 0.491667 0.661198 0.491667 0.663281 0.493056 0.666146 0.496296 0.668490 0.504167 0.669010 0.513889 0.665625 0.520370 0.662240 0.521296 0.658073 0.512037 0.652604 0.508333 0.651823
0 0.524537 0.660937 0.517593 0.663021 0.504630 0.669792 0.505556 0.674740 0.512037 0.678906 0.517130 0.680469 0.526852 0.679427 0.528704 0.678385 0.531019 0.674740 0.532870 0.673958 0.530093 0.664062
0 0.543519 0.656771 0.537500 0.657552 0.532407 0.659375 0.530556 0.661979 0.530093 0.666667 0.531944 0.670833 0.533796 0.672656 0.539815 0.675000 0.545370 0.675781 0.553704 0.671615 0.557407 0.666406 0.557407 0.661719 0.552315 0.657813 0.546759 0.656771
0 0.559259 0.665104 0.556481 0.669792 0.556944 0.673177 0.562037 0.679167 0.565741 0.682031 0.574074 0.682031 0.582870 0.679688 0.585648 0.677865 0.587963 0.673958 0.585185 0.669792 0.579167 0.667448 0.571759 0.666406 0.566204 0.664844
0 0.600926 0.679948 0.594444 0.679167 0.586111 0.679167 0.571759 0.683333 0.568981 0.685156 0.568056 0.689063 0.571296 0.695052 0.579630 0.698177 0.587037 0.697656 0.588889 0.696875 0.601852 0.686979 0.602315 0.684115
0 0.583796 0.699219 0.571759 0.697656 0.566204 0.698958 0.563426 0.700521 0.562037 0.704427 0.562500 0.710156 0.563426 0.711719 0.565741 0.713021 0.566667 0.715365 0.573611 0.715625 0.576389 0.715104 0.585648 0.710938 0.587500 0.709115 0.587963 0.704427 0.586574 0.701562
0 0.538426 0.694531 0.531944 0.697135 0.530093 0.700781 0.536111 0.709635 0.539352 0.712500 0.543519 0.714583 0.551389 0.716406 0.554630 0.716146 0.557870 0.714583 0.562037 0.709635 0.561111 0.700781 0.556019 0.696615 0.549537 0.694531 0.546296 0.694010
0 0.544444 0.677083 0.539815 0.678906 0.537500 0.681510 0.537963 0.686719 0.539815 0.688802 0.543981 0.691667 0.551389 0.694271 0.558796 0.697917 0.565278 0.696615 0.567593 0.694271 0.567593 0.689323 0.564352 0.682031 0.560648 0.677865 0.558333 0.676562 0.552778 0.676042
0 0.524074 0.680990 0.521296 0.681510 0.510185 0.686198 0.507870 0.689323 0.507407 0.693490 0.510648 0.695312 0.516667 0.696615 0.524074 0.697396 0.531481 0.696875 0.539352 0.693490 0.539352 0.688542 0.537037 0.684375 0.534259 0.682292 0.529630 0.681250
0 0.505093 0.697135 0.502315 0.697135 0.492593 0.699740 0.484722 0.704948 0.485185 0.709375 0.496296 0.718750 0.503704 0.719010 0.506481 0.717448 0.506944 0.716406 0.505093 0.713281 0.505556 0.711458 0.513426 0.701562 0.513426 0.700521 0.510648 0.698438
0 0.516667 0.700000 0.512963 0.701823 0.510648 0.704948 0.506019 0.708854 0.505556 0.713802 0.508333 0.715885 0.517130 0.718750 0.527315 0.718490 0.532870 0.716667 0.535185 0.714583 0.535648 0.711458 0.534722 0.708854 0.530556 0.703125 0.528241 0.701302 0.525000 0.700000
0 0.475463 0.688021 0.472685 0.688802 0.469444 0.691406 0.467593 0.701823 0.468519 0.703646 0.470833 0.705208 0.479630 0.705729 0.483796 0.704948 0.489352 0.702083 0.491667 0.699740 0.492593 0.696875 0.490278 0.692708 0.486111 0.689583 0.482870 0.688542
0 0.462037 0.689063 0.454630 0.688542 0.442593 0.695052 0.440278 0.697917 0.439352 0.701562 0.441667 0.703646 0.446296 0.705990 0.456019 0.707031 0.459722 0.706250 0.464352 0.703646 0.467130 0.698177 0.467130 0.693229 0.465278 0.690885
0 0.416204 0.678906 0.414815 0.680990 0.413889 0.685677 0.427315 0.692708 0.432870 0.693490 0.441667 0.693750 0.447222 0.692448 0.451389 0.689323 0.452315 0.687240 0.451389 0.681510 0.445833 0.678646 0.434259 0.676562 0.426852 0.676562 0.418981 0.677604
0 0.366204 0.681250 0.367130 0.689323 0.370370 0.691146 0.378241 0.692448 0.385185 0.691927 0.393981 0.690365 0.404167 0.685937 0.406944 0.682031 0.404167 0.678385 0.393519 0.676302 0.385648 0.675521 0.377778 0.675521 0.370833 0.677083 0.368056 0.678646
0 0.355093 0.677344 0.351389 0.673177 0.342593 0.672135 0.325463 0.674479 0.315741 0.676823 0.313889 0.677865 0.316204 0.679688 0.317130 0.681771 0.322222 0.684375 0.334259 0.687500 0.345370 0.688021 0.351389 0.686979 0.353241 0.685677 0.355093 0.682813
0 0.287500 0.665885 0.281019 0.670312 0.278241 0.673698 0.277778 0.678125 0.279630 0.679948 0.281944 0.680990 0.293056 0.682552 0.302778 0.682813 0.311574 0.681771 0.312037 0.677344 0.300926 0.669010 0.295370 0.665885
0 0.263889 0.650260 0.263426 0.654687 0.267130 0.659375 0.272685 0.662240 0.281019 0.664844 0.288889 0.664844 0.291667 0.664062 0.296296 0.661458 0.299537 0.658594 0.299074 0.654167 0.296759 0.651563 0.293981 0.650260 0.275926 0.647917 0.270833 0.648438
0 0.413426 0.685417 0.405556 0.686198 0.400000 0.688802 0.397222 0.691146 0.396759 0.698177 0.399074 0.701302 0.405093 0.703125 0.410185 0.702344 0.425463 0.697396 0.426389 0.693229 0.424537 0.691146 0.420370 0.689583
0 0.425463 0.698177 0.412500 0.701302 0.409722 0.703646 0.409722 0.706771 0.412963 0.711979 0.420370 0.718490 0.425000 0.719792 0.430093 0.719792 0.434722 0.718229 0.437500 0.714323 0.438426 0.704948 0.434722 0.700260 0.430556 0.698698
0 0.441667 0.708333 0.440278 0.708854 0.438426 0.711719 0.437037 0.716667 0.438426 0.719531 0.447685 0.726562 0.454167 0.727865 0.457870 0.727344 0.463889 0.723958 0.467130 0.720833 0.465741 0.717708 0.456481 0.709635 0.448148 0.708073
0 0.463889 0.707552 0.461111 0.708854 0.461111 0.713021 0.467593 0.719792 0.470370 0.721094 0.475463 0.721875 0.482870 0.720573 0.486574 0.713802 0.486111 0.710156 0.484259 0.707552 0.482870 0.706771 0.477315 0.706510 0.468981 0.706771
0 0.482407 0.722135 0.480556 0.726562 0.480556 0.730729 0.481481 0.733854 0.483796 0.736719 0.493056 0.744010 0.495833 0.745313 0.505093 0.745313 0.507407 0.744792 0.515278 0.739323 0.516204 0.735938 0.513889 0.733333 0.505093 0.726823 0.498148 0.723437 0.490278 0.721875
0 0.538889 0.718750 0.530556 0.717708 0.527778 0.718490 0.519444 0.719271 0.510185 0.721875 0.507407 0.723958 0.507407 0.728906 0.511111 0.732292 0.517130 0.734635 0.525000 0.733333 0.539352 0.725260 0.541667 0.720573
0 0.559722 0.717969 0.551389 0.718229 0.544907 0.719792 0.540278 0.723177 0.536111 0.728125 0.535185 0.731250 0.536111 0.734375 0.539352 0.736719 0.544907 0.738281 0.559722 0.738021 0.564352 0.732812 0.564815 0.730990 0.564352 0.723958 0.561574 0.719271
0 0.567593 0.715885 0.564352 0.717448 0.562500 0.720313 0.565278 0.725000 0.571759 0.727604 0.578704 0.728906 0.586574 0.727865 0.588889 0.725521 0.588889 0.718490 0.586574 0.715885 0.580556 0.713802
0 0.566667 0.731250 0.564815 0.732552 0.562963 0.735677 0.563426 0.738802 0.565278 0.741146 0.571296 0.744271 0.578704 0.746094 0.586574 0.747135 0.590278 0.746354 0.592593 0.744792 0.590741 0.738542 0.583796 0.731250 0.580556 0.729688 0.572222 0.729167
0 0.560185 0.747396 0.556944 0.751563 0.557870 0.753906 0.561574 0.756510 0.579630 0.761719 0.588889 0.761979 0.592593 0.760938 0.594907 0.756510 0.595833 0.751563 0.590278 0.748177 0.572222 0.744531 0.565278 0.744531
0 0.565741 0.759115 0.563426 0.761198 0.562963 0.764583 0.568981 0.771094 0.574537 0.774219 0.580093 0.776302 0.584722 0.776823 0.594444 0.776563 0.600000 0.771875 0.601389 0.767448 0.597222 0.765104 0.590278 0.762760 0.579630 0.761979
0 0.543056 0.754948 0.537037 0.756250 0.534259 0.758073 0.532870 0.760417 0.532407 0.765104 0.533796 0.771354 0.536111 0.775521 0.538889 0.777083 0.545833 0.777604 0.556019 0.772135 0.560648 0.763281 0.558333 0.758594 0.556481 0.757292 0.546296 0.754948
0 0.508333 0.767448 0.506481 0.770052 0.506481 0.772135 0.513889 0.778385 0.517593 0.779948 0.523148 0.780469 0.530093 0.778385 0.533333 0.771875 0.532407 0.767708 0.531019 0.766406 0.525463 0.765104 0.517593 0.765365
0 0.512963 0.750260 0.509722 0.750260 0.502778 0.753646 0.500926 0.755729 0.501389 0.759375 0.504167 0.764844 0.506019 0.766146 0.510185 0.766927 0.517593 0.765625 0.522222 0.764062 0.527315 0.759896 0.527315 0.756250 0.526389 0.754948 0.519444 0.751302
0 0.543056 0.738281 0.536111 0.735677 0.531944 0.734896 0.528704 0.735417 0.524537 0.737240 0.517593 0.739062 0.511111 0.742448 0.509259 0.744010 0.510648 0.748177 0.516204 0.750521 0.524074 0.751823 0.539815 0.751042 0.545370 0.748177 0.546296 0.745313 0.545833 0.742188
0 0.482407 0.736198 0.474537 0.736198 0.471296 0.737240 0.459259 0.744271 0.457870 0.746354 0.457870 0.748958 0.460648 0.751823 0.465278 0.752865 0.475926 0.753125 0.484259 0.750781 0.488889 0.748177 0.490278 0.744792 0.488426 0.740104
0 0.457407 0.728125 0.455093 0.727604 0.447685 0.727865 0.436111 0.733333 0.432407 0.736198 0.431481 0.739062 0.431944 0.741146 0.435185 0.743750 0.441204 0.745313 0.448611 0.745833 0.458333 0.744271 0.462037 0.742969 0.465741 0.740104 0.466204 0.735677 0.462037 0.730729
0 0.417130 0.719010 0.410185 0.721615 0.408333 0.724740 0.417593 0.732552 0.419907 0.735417 0.425463 0.736198 0.429630 0.735938 0.434259 0.734375 0.440278 0.728385 0.440741 0.724479 0.437500 0.721875 0.431481 0.720052 0.424537 0.719531 0.420370 0.718490
0 0.385185 0.708594 0.381944 0.709375 0.380556 0.710417 0.376852 0.720833 0.378704 0.724740 0.381481 0.726823 0.384259 0.727604 0.392593 0.727865 0.404167 0.724740 0.406019 0.722917 0.406944 0.720052 0.404630 0.716667 0.395833 0.714063 0.389352 0.709375
0 0.377778 0.707812 0.374537 0.705729 0.366204 0.704427 0.363889 0.704427 0.360648 0.705469 0.348148 0.707552 0.338889 0.712240 0.339352 0.716667 0.344444 0.718229 0.356019 0.719271 0.367130 0.719531 0.374074 0.719010 0.376852 0.717708 0.379167 0.713281
0 0.356481 0.696615 0.357407 0.700521 0.362037 0.703125 0.369907 0.704167 0.379167 0.704427 0.384722 0.703125 0.388889 0.701302 0.388889 0.697135 0.379167 0.692448 0.371759 0.691146 0.363889 0.690625 0.359259 0.692708
0 0.371759 0.746354 0.364352 0.748177 0.357407 0.755729 0.356019 0.759375 0.356481 0.764062 0.359259 0.765885 0.363426 0.766927 0.370833 0.766927 0.378704 0.766146 0.383796 0.763802 0.385185 0.761719 0.385185 0.756771 0.383333 0.753646 0.379630 0.750260
0 0.394907 0.728125 0.389352 0.735417 0.390278 0.738542 0.392593 0.740625 0.399537 0.742448 0.411111 0.742708 0.418519 0.741927 0.421759 0.740365 0.421296 0.736198 0.409722 0.726562 0.405556 0.725521 0.399537 0.726302
0 0.440741 0.748698 0.431019 0.752083 0.430093 0.754427 0.431019 0.759375 0.432870 0.762760 0.435648 0.764583 0.439815 0.765885 0.448148 0.766406 0.456019 0.760156 0.457407 0.755729 0.449074 0.750000
0 0.472222 0.758073 0.469444 0.757292 0.461574 0.757812 0.454630 0.761198 0.448611 0.767188 0.449074 0.771875 0.450463 0.772917 0.457870 0.774219 0.468981 0.774219 0.475463 0.771615 0.478704 0.767708 0.478241 0.763542
0 0.488889 0.749479 0.480093 0.752083 0.476389 0.753906 0.474537 0.755469 0.474537 0.760156 0.480093 0.765885 0.489352 0.769271 0.496759 0.769010 0.500000 0.767188 0.501389 0.765104 0.500463 0.754948 0.498611 0.752083 0.496759 0.751042
0 0.434259 0.766146 0.428241 0.765365 0.424074 0.765885 0.421296 0.766927 0.416204 0.770573 0.411574 0.775000 0.411574 0.779427 0.412963 0.783333 0.420833 0.783854 0.431019 0.782292 0.434259 0.780990 0.441204 0.775521 0.441204 0.771354
0 0.415278 0.761198 0.406481 0.758594 0.400000 0.759115 0.397222 0.760156 0.390741 0.763802 0.390278 0.771875 0.392130 0.773698 0.398148 0.775000 0.406944 0.774740 0.409722 0.773958 0.414815 0.769792 0.418056 0.764844 0.418056 0.763281
0 0.376389 0.767188 0.373148 0.766667 0.364352 0.767188 0.357407 0.771094 0.356481 0.775781 0.358796 0.781250 0.361111 0.784115 0.363889 0.785156 0.371296 0.783594 0.380556 0.779948 0.384259 0.777865 0.386574 0.775521 0.385185 0.771354
0 0.343981 0.758073 0.336574 0.758594 0.332407 0.759635 0.328704 0.761979 0.325463 0.766927 0.324537 0.776042 0.329167 0.780469 0.335185 0.782031 0.337500 0.782031 0.345833 0.777344 0.351389 0.772396 0.354167 0.767969 0.353704 0.763281 0.352315 0.761458 0.349074 0.759375
0 0.283333 0.756510 0.281481 0.758854 0.281481 0.760156 0.292593 0.766406 0.301852 0.769792 0.309722 0.769792 0.318056 0.764583 0.320833 0.759896 0.319444 0.756250 0.317130 0.754167 0.309722 0.751823 0.295833 0.752344 0.291204 0.753385
0 0.338889 0.720313 0.336111 0.719792 0.329167 0.721094 0.322222 0.725521 0.320370 0.728125 0.319907 0.732552 0.323148 0.734896 0.329630 0.735938 0.338426 0.735677 0.343981 0.734635 0.348148 0.732552 0.349074 0.729688 0.348148 0.726042 0.346296 0.723958
0 0.326852 0.712760 0.322222 0.709896 0.319907 0.709375 0.313426 0.709115 0.308333 0.709896 0.303241 0.712240 0.299537 0.715104 0.295833 0.720573 0.294907 0.724740 0.312037 0.725781 0.322222 0.723698 0.328241 0.720833 0.329630 0.716406
0 0.303704 0.689844 0.301852 0.690885 0.300926 0.693750 0.298148 0.697135 0.300926 0.701302 0.313889 0.707552 0.316204 0.707812 0.323148 0.706510 0.330556 0.701562 0.331019 0.697135 0.326389 0.693750 0.316667 0.689844 0.311574 0.689323
0 0.295370 0.698177 0.285648 0.702604 0.280556 0.708333 0.280556 0.709896 0.282870 0.713021 0.289352 0.714583 0.297222 0.714583 0.300000 0.713802 0.308796 0.709115 0.309259 0.704948 0.301852 0.701302 0.299537 0.699479
0 0.278241 0.690104 0.275463 0.689583 0.267130 0.690104 0.259722 0.691406 0.255556 0.692969 0.256481 0.697396 0.262500 0.703385 0.267130 0.705469 0.274537 0.703906 0.281944 0.697396 0.282870 0.692969 0.281481 0.691406
0 0.239352 0.675000 0.231944 0.676823 0.223148 0.680990 0.222685 0.685156 0.229167 0.691146 0.235648 0.694531 0.240278 0.695312 0.247222 0.693750 0.254167 0.690625 0.255093 0.689583 0.255093 0.685156 0.251389 0.680208 0.247685 0.677083 0.244907 0.675781
0 0.218519 0.683333 0.211574 0.685156 0.208796 0.686719 0.206019 0.689323 0.205093 0.693750 0.206944 0.696094 0.209722 0.697396 0.217593 0.698958 0.225926 0.698438 0.229630 0.697135 0.231944 0.695573 0.233333 0.693229 0.226389 0.688281 0.223611 0.684896
0 0.222685 0.659635 0.217130 0.659375 0.209722 0.661198 0.200926 0.666146 0.195833 0.673177 0.196759 0.675521 0.200926 0.678125 0.207407 0.679948 0.212963 0.680469 0.216204 0.679688 0.224537 0.674219 0.227315 0.665885 0.226389 0.661458
0 0.195833 0.657813 0.191667 0.656510 0.183333 0.656771 0.173148 0.658854 0.167593 0.660937 0.166667 0.661979 0.167130 0.666146 0.171296 0.670052 0.175000 0.672135 0.184722 0.673438 0.189815 0.672396 0.195833 0.669531 0.200463 0.666146 0.201389 0.663021 0.200463 0.660937
0 0.136111 0.664062 0.128704 0.665104 0.121296 0.669271 0.116667 0.673438 0.115741 0.677865 0.118981 0.681250 0.122222 0.683073 0.126852 0.683594 0.136111 0.683073 0.142593 0.679948 0.143981 0.677865 0.144444 0.674219 0.143519 0.669792 0.138889 0.665104
0 0.098148 0.679167 0.093981 0.681510 0.090741 0.685417 0.093056 0.688281 0.098611 0.690885 0.106019 0.692448 0.114815 0.692708 0.118056 0.691667 0.119907 0.690104 0.122222 0.684635 0.120370 0.681250 0.114815 0.677083 0.106019 0.677083
0 0.066667 0.671875 0.056019 0.674479 0.051852 0.677083 0.049074 0.681250 0.050463 0.685417 0.054167 0.687760 0.058796 0.689323 0.068056 0.689323 0.070833 0.688802 0.074074 0.687240 0.076852 0.684375 0.077315 0.680990 0.073148 0.675260
0 0.087500 0.686979 0.079630 0.686719 0.075463 0.687760 0.068519 0.690885 0.066667 0.693229 0.068519 0.697135 0.079630 0.702344 0.090278 0.700260 0.092130 0.699219 0.096296 0.693490 0.093519 0.689323
0 0.058333 0.692708 0.055556 0.693229 0.052778 0.695833 0.049074 0.704688 0.049537 0.709375 0.052778 0.712500 0.058796 0.713802 0.066204 0.714063 0.074537 0.711979 0.081019 0.709115 0.081481 0.704167 0.079167 0.702344 0.072685 0.700000 0.065741 0.694271
0 0.102778 0.699740 0.093519 0.699740 0.084722 0.701823 0.082407 0.703646 0.081481 0.708073 0.083333 0.711719 0.086574 0.713281 0.092130 0.714323 0.096759 0.713802 0.100926 0.712240 0.106019 0.708854 0.109259 0.705469 0.108796 0.701302
0 0.125463 0.689323 0.121759 0.692187 0.121296 0.694792 0.121759 0.697396 0.125926 0.700260 0.131019 0.701562 0.137963 0.702083 0.143519 0.701562 0.147222 0.699740 0.149074 0.697396 0.148611 0.692448 0.145370 0.689323 0.139815 0.687500 0.135648 0.686979
0 0.171296 0.686979 0.162963 0.685677 0.154167 0.687760 0.152315 0.688802 0.149074 0.692969 0.149074 0.697396 0.154167 0.700260 0.158796 0.701042 0.164352 0.701042 0.174537 0.697917 0.176389 0.692969 0.175000 0.689844
0 0.195370 0.678125 0.191204 0.677083 0.181019 0.678906 0.175000 0.681771 0.173148 0.685677 0.176852 0.691927 0.178704 0.693490 0.183333 0.694271 0.191204 0.693490 0.195833 0.692187 0.201389 0.689323 0.202778 0.685677 0.199537 0.680990
0 0.212500 0.700260 0.204630 0.700521 0.200463 0.701823 0.196759 0.703906 0.193519 0.708854 0.198148 0.712760 0.199537 0.716146 0.203241 0.717448 0.206019 0.717448 0.216204 0.715625 0.219907 0.713802 0.222685 0.710156 0.222685 0.704167 0.220833 0.702865
0 0.246759 0.696875 0.237037 0.697656 0.232407 0.699219 0.229630 0.701042 0.229630 0.705729 0.231944 0.710156 0.234722 0.712500 0.238889 0.713802 0.246759 0.713802 0.251389 0.711979 0.255556 0.708854 0.256944 0.705469 0.255556 0.701562 0.250463 0.698177
0 0.238426 0.718490 0.234259 0.719531 0.227315 0.722917 0.225926 0.724479 0.224537 0.729167 0.226852 0.732812 0.231944 0.735417 0.240278 0.737500 0.247222 0.737500 0.250463 0.735938 0.253241 0.732552 0.254167 0.729167 0.253704 0.724479 0.251389 0.721615 0.247685 0.719271 0.243056 0.718490
0 0.176389 0.699740 0.169907 0.699219 0.157407 0.702865 0.149074 0.707292 0.148148 0.708854 0.149074 0.713021 0.157407 0.717708 0.161574 0.718750 0.165278 0.718750 0.169444 0.717969 0.172685 0.716146 0.176389 0.709115 0.179630 0.705208 0.177778 0.700781
0 0.177778 0.707812 0.175926 0.708854 0.174074 0.713542 0.174074 0.717187 0.177315 0.721615 0.182407 0.723958 0.187037 0.723958 0.192593 0.722917 0.195370 0.721094 0.199074 0.716927 0.198148 0.712760 0.196296 0.710417 0.190741 0.708073 0.184722 0.707292
0 0.223611 0.716667 0.218056 0.715104 0.211574 0.716667 0.202778 0.717448 0.200000 0.718750 0.199074 0.720313 0.199074 0.726042 0.200000 0.728646 0.202778 0.730469 0.206944 0.730729 0.211574 0.729948 0.215278 0.728385 0.221759 0.726823 0.224074 0.725521 0.226389 0.720313
0 0.211111 0.734896 0.209722 0.736198 0.209722 0.740365 0.218519 0.746354 0.226852 0.746875 0.232870 0.746094 0.235648 0.745052 0.240278 0.740365 0.238426 0.736198 0.232407 0.734896 0.226852 0.732552 0.225926 0.731510 0.219444 0.731771
0 0.218981 0.747917 0.214352 0.751563 0.213889 0.755990 0.219444 0.762760 0.223148 0.765365 0.232407 0.767969 0.239815 0.768229 0.241204 0.764323 0.245370 0.760156 0.245833 0.757812 0.245370 0.754427 0.241204 0.748958 0.238889 0.747396 0.234259 0.746354
0 0.212500 0.757031 0.202778 0.758073 0.199537 0.759635 0.197222 0.762760 0.195833 0.771875 0.198148 0.773438 0.204630 0.775260 0.211574 0.774479 0.220370 0.766667 0.220833 0.763281 0.217130 0.759115
0 0.206481 0.738542 0.199074 0.738802 0.192593 0.740104 0.189815 0.742708 0.189352 0.748698 0.190278 0.754687 0.191667 0.756250 0.197685 0.758333 0.204630 0.757552 0.209259 0.756250 0.212037 0.754687 0.213426 0.751823 0.217130 0.748177 0.215741 0.744271 0.212963 0.742708 0.210185 0.739844
0 0.198148 0.728385 0.183333 0.727083 0.176852 0.727604 0.169907 0.729167 0.165741 0.732031 0.165741 0.736458 0.169444 0.742969 0.177315 0.743229 0.185185 0.742708 0.189352 0.741927 0.193519 0.740104 0.200000 0.736198 0.200926 0.732031
0 0.154630 0.719792 0.148148 0.719271 0.140741 0.720573 0.133796 0.724479 0.136111 0.728385 0.142130 0.734375 0.150926 0.733333 0.160648 0.730469 0.163889 0.728646 0.162963 0.724219
0 0.128704 0.724740 0.121296 0.726042 0.113889 0.728385 0.108796 0.732292 0.114352 0.738021 0.120833 0.740104 0.130093 0.739844 0.133333 0.738021 0.137500 0.732552 0.134722 0.726823
0 0.108333 0.732292 0.098611 0.733854 0.096296 0.735156 0.093056 0.739583 0.093056 0.747396 0.094907 0.750260 0.099074 0.751563 0.107870 0.751563 0.113426 0.750260 0.116667 0.748698 0.120833 0.744271 0.120833 0.739844 0.113889 0.736458 0.111574 0.733854
0 0.066667 0.715104 0.060185 0.720313 0.060185 0.725000 0.064815 0.727604 0.074537 0.730469 0.079630 0.730729 0.086574 0.732292 0.093981 0.731510 0.097222 0.728906 0.097685 0.724479 0.086574 0.715625 0.080093 0.712240 0.072222 0.713021
0 0.072685 0.730990 0.060185 0.736458 0.059722 0.741667 0.061574 0.744010 0.068519 0.748177 0.072685 0.749740 0.080093 0.750521 0.085185 0.748698 0.088426 0.745313 0.090278 0.741406 0.089352 0.736198 0.087963 0.733594 0.086111 0.732292 0.080093 0.730990
0 0.057407 0.744531 0.054630 0.746354 0.053704 0.748958 0.054167 0.752604 0.057870 0.757031 0.063889 0.759375 0.072222 0.760938 0.081019 0.761458 0.083796 0.760677 0.089352 0.755990 0.089815 0.753646 0.091667 0.751823 0.075926 0.749740 0.068981 0.747656 0.064352 0.744792 0.061574 0.744271
0 0.093519 0.753906 0.088889 0.756771 0.086574 0.760156 0.085648 0.764062 0.087963 0.766927 0.090741 0.768490 0.093519 0.769010 0.103241 0.769010 0.114352 0.767969 0.115278 0.765365 0.114815 0.759635 0.111574 0.754687 0.107870 0.753125 0.102778 0.752344 0.099074 0.752344
0 0.137963 0.745573 0.135185 0.745313 0.131481 0.746615 0.122685 0.752344 0.121296 0.755208 0.121759 0.757031 0.127778 0.760417 0.137500 0.760417 0.141204 0.759115 0.146759 0.755469 0.147685 0.751563 0.142593 0.747396
0 0.163426 0.733073 0.155556 0.732031 0.142130 0.734635 0.138426 0.738542 0.137500 0.740365 0.140278 0.746094 0.143056 0.748698 0.148611 0.751302 0.156944 0.750781 0.163426 0.747917 0.164815 0.745833 0.167593 0.744271 0.168056 0.739583
0 0.185185 0.742708 0.170833 0.743229 0.165741 0.745052 0.163426 0.748177 0.158333 0.752083 0.160185 0.754167 0.167130 0.757812 0.169907 0.758594 0.178241 0.758854 0.184259 0.758073 0.189352 0.756250 0.188426 0.746094 0.187037 0.743490
0 0.191667 0.757812 0.176852 0.759115 0.172685 0.760938 0.170833 0.763281 0.170833 0.768490 0.172222 0.772396 0.174074 0.773438 0.184722 0.773698 0.191204 0.772656 0.193981 0.771354 0.196759 0.764844 0.196759 0.759635
0 0.153704 0.754948 0.147685 0.755990 0.143519 0.757812 0.141667 0.759635 0.141667 0.762760 0.145833 0.775521 0.149537 0.777865 0.156481 0.779167 0.163426 0.778125 0.168981 0.776042 0.172685 0.771094 0.167593 0.759375 0.162963 0.756250 0.157407 0.754948
0 0.127778 0.761198 0.124074 0.762760 0.113889 0.771354 0.115741 0.775521 0.126852 0.777344 0.133796 0.777344 0.142130 0.775260 0.144444 0.773438 0.144907 0.771354 0.143519 0.769531 0.142593 0.765104 0.141204 0.762760 0.138426 0.761458
0 0.058333 0.758594 0.056019 0.760156 0.054630 0.762760 0.054630 0.772396 0.056481 0.775521 0.058796 0.776823 0.066204 0.776563 0.073611 0.774479 0.079630 0.771354 0.082407 0.767708 0.080556 0.763802 0.076852 0.761719 0.066204 0.759115
0 0.605093 0.629167 0.602315 0.631510 0.601389 0.634896 0.602778 0.637500 0.605556 0.639844 0.618981 0.643229 0.621296 0.644792 0.628704 0.644531 0.635648 0.640885 0.638889 0.634635 0.637500 0.631771 0.629167 0.628125 0.624074 0.627865 0.616204 0.628646 0.606481 0.628646
0 0.606944 0.639583 0.602315 0.640885 0.598148 0.644271 0.594444 0.649740 0.594444 0.654948 0.598611 0.657813 0.607870 0.659375 0.614815 0.657031 0.620370 0.654167 0.622685 0.650781 0.623611 0.646354 0.618519 0.642708
0 0.635185 0.643490 0.626852 0.647135 0.625463 0.649479 0.626852 0.654427 0.630093 0.656771 0.639352 0.660156 0.649074 0.660417 0.652778 0.658333 0.653704 0.656510 0.653704 0.648958 0.651389 0.647135 0.644907 0.645573 0.642593 0.644271
0 0.648611 0.627083 0.644907 0.628385 0.643056 0.631250 0.639815 0.633854 0.637500 0.638542 0.639815 0.642448 0.647222 0.645573 0.656481 0.645573 0.662037 0.643229 0.663889 0.638281 0.656481 0.627604
0 0.673611 0.618229 0.668519 0.618229 0.664352 0.619010 0.661111 0.621094 0.658796 0.626563 0.660185 0.632292 0.662963 0.636979 0.668519 0.638542 0.672685 0.637760 0.681481 0.633333 0.687500 0.627083 0.685648 0.622917 0.679167 0.619271
0 0.697685 0.630729 0.688889 0.633333 0.686574 0.634635 0.685648 0.639583 0.688889 0.644010 0.695370 0.649219 0.700000 0.651042 0.705556 0.651563 0.711574 0.650260 0.714815 0.646615 0.714352 0.642448 0.712500 0.638021 0.709259 0.633854 0.705093 0.631250
0 0.732870 0.627604 0.725000 0.627865 0.720833 0.629948 0.716204 0.637500 0.716204 0.639583 0.718519 0.642448 0.724074 0.643229 0.727315 0.642969 0.732407 0.641146 0.739815 0.636198 0.740741 0.634896 0.739815 0.630729
0 0.751852 0.639844 0.744907 0.639323 0.738426 0.640885 0.730093 0.645052 0.724537 0.650260 0.726852 0.655208 0.732407 0.658854 0.737963 0.659635 0.741667 0.659375 0.749537 0.657031 0.756019 0.652604 0.757870 0.650260 0.759259 0.645833
0 0.765741 0.629427 0.760185 0.630729 0.755093 0.633333 0.750926 0.638802 0.753704 0.640104 0.759722 0.645312 0.767130 0.648698 0.774537 0.648698 0.781481 0.643229 0.783796 0.639062 0.782870 0.634635 0.781019 0.632812 0.775926 0.630208 0.771759 0.629427
0 0.828241 0.620313 0.823611 0.621094 0.818981 0.622917 0.816667 0.624740 0.815741 0.627344 0.816667 0.630990 0.819444 0.633854 0.825463 0.636458 0.831481 0.636979 0.835648 0.636198 0.840278 0.633333 0.842130 0.630990 0.841667 0.626823 0.840278 0.623177 0.837037 0.621354 0.831944 0.620313
0 0.877315 0.620833 0.873148 0.622135 0.869907 0.626823 0.871296 0.631250 0.874537 0.635417 0.878241 0.637500 0.886111 0.638021 0.891204 0.636458 0.898611 0.631510 0.900000 0.628385 0.899537 0.625260 0.896296 0.622656 0.887037 0.620573
0 0.843519 0.632031 0.841667 0.634115 0.841667 0.639583 0.843519 0.643229 0.847222 0.644792 0.857407 0.646615 0.864815 0.646615 0.873148 0.644271 0.876389 0.642708 0.876389 0.638281 0.871759 0.634635 0.871759 0.633854 0.862963 0.629687 0.859259 0.628906 0.850463 0.629167
0 0.899537 0.633073 0.893056 0.635156 0.887037 0.638542 0.884259 0.642448 0.884259 0.646875 0.885185 0.647917 0.888426 0.649479 0.897685 0.651823 0.907870 0.650521 0.912500 0.647135 0.913426 0.642969 0.912500 0.638542 0.909722 0.635677 0.906019 0.633854
0 0.917593 0.636198 0.915741 0.638542 0.916204 0.642708 0.919907 0.644792 0.930093 0.646615 0.941204 0.646615 0.946759 0.642448 0.946296 0.638021 0.939352 0.633333 0.934722 0.632031 0.926389 0.632552 0.920833 0.634375
0 0.905556 0.651302 0.896296 0.653385 0.893519 0.655990 0.892593 0.659115 0.895833 0.665625 0.902315 0.667969 0.907870 0.668490 0.913426 0.667708 0.920370 0.664323 0.922222 0.662240 0.923148 0.657813 0.920370 0.653646 0.913426 0.651823
0 0.871296 0.648438 0.867130 0.649740 0.862500 0.654167 0.860648 0.657813 0.860648 0.661979 0.863426 0.664844 0.866667 0.666406 0.872222 0.667708 0.879630 0.667969 0.887963 0.664844 0.888889 0.663281 0.888426 0.655990 0.886574 0.653385 0.881481 0.649740 0.878704 0.648958
0 0.860648 0.647656 0.850926 0.645573 0.844907 0.645052 0.834722 0.646354 0.831944 0.647656 0.830093 0.650000 0.831019 0.655208 0.836111 0.658854 0.843981 0.660677 0.855093 0.657292 0.860185 0.654948 0.862500 0.651042 0.862500 0.649479
0 0.826852 0.647656 0.820370 0.645052 0.816204 0.644271 0.806944 0.646354 0.794444 0.653646 0.791204 0.658854 0.795370 0.663281 0.802315 0.663542 0.810648 0.662500 0.816204 0.661198 0.824074 0.658073 0.829630 0.654427 0.829167 0.650260
0 0.757870 0.653125 0.754167 0.655208 0.754167 0.661979 0.763426 0.670573 0.767130 0.672135 0.774537 0.672656 0.781944 0.670052 0.788426 0.666146 0.789352 0.662240 0.788426 0.660937 0.774074 0.654687 0.769444 0.653385 0.761111 0.652604
0 0.754167 0.663802 0.748148 0.663021 0.739352 0.663542 0.735185 0.664583 0.731019 0.667448 0.729167 0.669792 0.729630 0.674219 0.731944 0.676562 0.737963 0.679427 0.740278 0.679948 0.748148 0.679948 0.754630 0.679167 0.758796 0.677604 0.760185 0.675260 0.759722 0.669271 0.757870 0.665625
0 0.709722 0.654687 0.707407 0.655729 0.705093 0.658073 0.704167 0.662240 0.706944 0.665104 0.718519 0.669010 0.725926 0.669531 0.732870 0.666146 0.735185 0.662760 0.734259 0.660677 0.725000 0.654167 0.717593 0.653385
0 0.683333 0.644010 0.679167 0.646094 0.677778 0.649479 0.677315 0.658333 0.678241 0.662240 0.681944 0.665365 0.691667 0.666146 0.699537 0.663542 0.700926 0.662240 0.702315 0.658073 0.700463 0.655990 0.700000 0.653646 0.691204 0.645052 0.687037 0.644010
0 0.676389 0.646354 0.662963 0.645052 0.656019 0.647396 0.654167 0.650260 0.654167 0.655208 0.657407 0.658333 0.662037 0.660156 0.664815 0.660417 0.671296 0.659635 0.675926 0.657813 0.677778 0.653906 0.677778 0.648177
0 0.665741 0.665365 0.657870 0.670052 0.656944 0.675000 0.658796 0.679167 0.662037 0.680990 0.673148 0.684115 0.678704 0.684635 0.682870 0.683854 0.687037 0.681771 0.687963 0.677344 0.685185 0.673698 0.684722 0.669531 0.680556 0.666406 0.677315 0.665104 0.669907 0.664583
0 0.635185 0.675521 0.629167 0.677865 0.628241 0.680990 0.631019 0.686719 0.635185 0.691406 0.641204 0.693229 0.649537 0.692969 0.652778 0.692187 0.655093 0.690365 0.658796 0.682031 0.656019 0.677604 0.653241 0.676042 0.649537 0.675260 0.639815 0.675000
0 0.614352 0.658594 0.611574 0.660156 0.610185 0.662500 0.611574 0.666146 0.618056 0.673698 0.621296 0.675260 0.629167 0.676562 0.634259 0.674740 0.637037 0.672396 0.638426 0.667448 0.637037 0.662500 0.632407 0.659115 0.629167 0.658333 0.620370 0.657552
0 0.592593 0.656510 0.589815 0.657552 0.587037 0.659896 0.584259 0.666667 0.589352 0.672396 0.593981 0.675521 0.599074 0.676302 0.603241 0.676042 0.612500 0.672656 0.613889 0.669271 0.611111 0.665885 0.604630 0.661458 0.595833 0.657031
0 0.609259 0.674479 0.606944 0.675260 0.604167 0.677865 0.603241 0.681510 0.603704 0.686458 0.609259 0.695833 0.614352 0.699219 0.622685 0.699479 0.628241 0.698698 0.632870 0.696875 0.633796 0.691927 0.626852 0.679688 0.619444 0.675000 0.615278 0.673958
0 0.600000 0.691406 0.596759 0.692448 0.590278 0.696875 0.590741 0.704427 0.598148 0.714844 0.601852 0.715885 0.607870 0.716406 0.613426 0.715104 0.618519 0.713021 0.619907 0.708594 0.616667 0.702604 0.610185 0.696875 0.607870 0.693750 0.605093 0.692187
0 0.657407 0.697656 0.655093 0.696615 0.650000 0.695833 0.636111 0.696094 0.629630 0.698698 0.618519 0.700781 0.618056 0.705469 0.621296 0.710677 0.623148 0.711719 0.628241 0.712760 0.635648 0.712500 0.650463 0.708073 0.658796 0.704427 0.659722 0.700781
0 0.660648 0.682292 0.657870 0.684115 0.656019 0.688542 0.656944 0.693490 0.662963 0.695573 0.670370 0.695573 0.677315 0.693490 0.681019 0.690104 0.680556 0.685417 0.663889 0.682031
0 0.665741 0.696094 0.663889 0.697135 0.662500 0.699479 0.662500 0.701562 0.663889 0.702865 0.673611 0.708073 0.676389 0.708854 0.684259 0.708854 0.689352 0.704948 0.690741 0.702083 0.690278 0.697656 0.687963 0.694271 0.684259 0.693229 0.676852 0.693229
0 0.706944 0.683594 0.702778 0.683594 0.695833 0.684896 0.691667 0.689063 0.690278 0.693490 0.692130 0.700781 0.694444 0.702344 0.696759 0.702865 0.710648 0.700000 0.713426 0.698438 0.718519 0.693490 0.717593 0.688542 0.712037 0.684896
0 0.699074 0.665625 0.689352 0.667708 0.687037 0.669531 0.686574 0.674479 0.689352 0.679167 0.692593 0.680469 0.697685 0.681250 0.706944 0.679427 0.711574 0.677604 0.716667 0.674219 0.716204 0.671094 0.713426 0.668750 0.706019 0.666406
0 0.725926 0.672917 0.718981 0.673698 0.712963 0.677865 0.709722 0.681250 0.712963 0.685677 0.718981 0.689063 0.725926 0.689323 0.732407 0.688021 0.737963 0.685156 0.741204 0.682031 0.741204 0.681250 0.737500 0.679167 0.733333 0.677865
0 0.765741 0.678125 0.760185 0.677083 0.758796 0.677865 0.750463 0.679427 0.747222 0.680469 0.738889 0.685156 0.736111 0.687500 0.735185 0.690104 0.738426 0.693229 0.742593 0.695312 0.746759 0.696615 0.754630 0.697135 0.762500 0.694531 0.767593 0.687240 0.769444 0.681771 0.767593 0.679167
0 0.781944 0.678906 0.775000 0.679427 0.771296 0.680990 0.768519 0.685417 0.764815 0.688802 0.764815 0.691406 0.766204 0.694010 0.769444 0.697135 0.774074 0.698438 0.782407 0.698177 0.788426 0.693750 0.789352 0.689583 0.788426 0.681771 0.785648 0.679948
0 0.785185 0.697135 0.784722 0.702344 0.785648 0.704688 0.789815 0.707292 0.794907 0.708854 0.802778 0.709115 0.812500 0.705990 0.820370 0.704948 0.822685 0.703906 0.824074 0.702083 0.823611 0.700000 0.820833 0.697656 0.816667 0.695312 0.809259 0.692969 0.793056 0.692969 0.789352 0.693750
0 0.739352 0.760156 0.733796 0.764062 0.733333 0.767708 0.746296 0.773698 0.754167 0.776042 0.760648 0.776563 0.763426 0.775781 0.766204 0.772917 0.766204 0.767188 0.760648 0.760677 0.753704 0.760677 0.747685 0.759375
0 0.820833 0.677083 0.815741 0.678646 0.815278 0.680208 0.813426 0.681510 0.811111 0.690365 0.813426 0.693750 0.817130 0.695052 0.823148 0.696094 0.837037 0.689844 0.840278 0.687760 0.842130 0.685417 0.840741 0.682552 0.837963 0.680469 0.830093 0.677865
0 0.801389 0.663281 0.795833 0.664583 0.792593 0.666406 0.790278 0.670312 0.796296 0.677604 0.802315 0.681250 0.809259 0.682813 0.814352 0.680990 0.816667 0.678125 0.817130 0.672396 0.814352 0.665885 0.812037 0.664062 0.809259 0.663281
0 0.821759 0.665885 0.820833 0.667969 0.821296 0.671615 0.825926 0.674479 0.829167 0.675521 0.841204 0.676042 0.849537 0.675260 0.855093 0.673958 0.855556 0.669531 0.848148 0.666146 0.841667 0.661979 0.837037 0.660417 0.829630 0.660677 0.824537 0.663281
0 0.865741 0.673958 0.856944 0.674740 0.853704 0.675781 0.847222 0.678906 0.845370 0.680990 0.846759 0.685417 0.850463 0.688802 0.857407 0.691927 0.863889 0.692969 0.867130 0.692187 0.872222 0.689323 0.880093 0.681771 0.878704 0.677604 0.875926 0.675521 0.872685 0.674479
0 0.885185 0.667188 0.880556 0.670312 0.878241 0.673177 0.880093 0.678646 0.883333 0.680469 0.893981 0.683594 0.899074 0.684635 0.907407 0.685156 0.912037 0.682031 0.912963 0.678125 0.911574 0.674740 0.906019 0.669792 0.898611 0.667188 0.893519 0.666406
0 0.891667 0.684115 0.884722 0.686719 0.881481 0.688802 0.879167 0.693229 0.879630 0.694792 0.882407 0.698438 0.887037 0.700260 0.892130 0.703385 0.899537 0.703385 0.903241 0.701042 0.908796 0.693750 0.908333 0.689844 0.904630 0.686979 0.900463 0.685156
0 0.870370 0.699740 0.861574 0.701042 0.859259 0.703125 0.858333 0.705469 0.861574 0.711719 0.864352 0.714844 0.871759 0.716146 0.877315 0.714063 0.883796 0.713021 0.886574 0.711458 0.892593 0.709635 0.892593 0.705208 0.885648 0.703906 0.882407 0.702083 0.875926 0.700260
0 0.877315 0.714583 0.872222 0.716667 0.873148 0.721354 0.878241 0.725260 0.885185 0.727604 0.893519 0.729167 0.900000 0.728385 0.902315 0.727344 0.904630 0.725260 0.906019 0.720573 0.903704 0.717187 0.900463 0.714844 0.893056 0.711719
0 0.835648 0.692448 0.829630 0.694010 0.825926 0.696615 0.825463 0.701562 0.826852 0.703646 0.830093 0.705208 0.833333 0.709115 0.840278 0.712500 0.844907 0.713281 0.850926 0.711979 0.855093 0.709635 0.855093 0.703125 0.854167 0.701302 0.850000 0.698177 0.843056 0.694271 0.837500 0.692448
0 0.841667 0.716667 0.839815 0.720833 0.843519 0.723698 0.850463 0.727604 0.856481 0.729167 0.864815 0.728646 0.868981 0.727083 0.872222 0.724740 0.871759 0.719531 0.868519 0.717187 0.859722 0.714583 0.850463 0.714063 0.843519 0.715625
0 0.845370 0.732031 0.841667 0.735677 0.841667 0.740625 0.844444 0.743750 0.850463 0.746875 0.857407 0.746615 0.868981 0.743750 0.870833 0.739844 0.867593 0.733854 0.863889 0.731250 0.859259 0.730208 0.850000 0.730208
0 0.869444 0.732292 0.869444 0.736458 0.871296 0.739323 0.875463 0.742969 0.879167 0.744531 0.887500 0.744792 0.893981 0.743750 0.899537 0.741927 0.900926 0.740365 0.900463 0.735677 0.899537 0.734115 0.893981 0.730990 0.886574 0.729427 0.883333 0.729427 0.877315 0.730208
0 0.899537 0.742448 0.881019 0.745313 0.878704 0.746615 0.876852 0.750781 0.877315 0.754687 0.880093 0.758333 0.885648 0.761458 0.891204 0.763281 0.898148 0.766667 0.899537 0.766667 0.902778 0.762760 0.906944 0.755208 0.906019 0.747656 0.903704 0.744792
0 0.849537 0.753646 0.845370 0.755208 0.843981 0.757031 0.843056 0.767969 0.844907 0.771354 0.846759 0.772396 0.849074 0.772917 0.857870 0.772917 0.872222 0.767969 0.875926 0.765625 0.877315 0.763281 0.867593 0.756510 0.863426 0.754427 0.858796 0.753385
0 0.887500 0.764583 0.885648 0.764062 0.878241 0.764323 0.866204 0.771094 0.863426 0.775521 0.865741 0.780729 0.868056 0.782031 0.877778 0.783333 0.884722 0.783073 0.894444 0.781510 0.897685 0.780208 0.898611 0.775000 0.895833 0.769792
0 0.856944 0.773698 0.850463 0.773438 0.843981 0.774219 0.836574 0.776563 0.832407 0.779167 0.834259 0.784635 0.839815 0.789323 0.843981 0.791667 0.847222 0.792448 0.850926 0.792708 0.856019 0.790625 0.863889 0.782813 0.864352 0.779167 0.859722 0.774740
0 0.807870 0.762240 0.802315 0.763021 0.799074 0.764323 0.794444 0.767448 0.794907 0.771615 0.799074 0.777865 0.805093 0.781510 0.809722 0.782813 0.815278 0.781250 0.820370 0.776823 0.824537 0.771615 0.825463 0.767448 0.821296 0.764583 0.816667 0.763021
0 0.828241 0.748698 0.823148 0.750000 0.815741 0.753646 0.813889 0.755469 0.813889 0.760156 0.818056 0.763802 0.824074 0.766146 0.829630 0.767448 0.837500 0.767708 0.840278 0.765625 0.843056 0.759896 0.842130 0.752604 0.837500 0.748437
0 0.801389 0.740365 0.793981 0.741927 0.789815 0.743750 0.787963 0.746615 0.787963 0.749479 0.790741 0.753646 0.797685 0.757812 0.801389 0.758854 0.809259 0.758854 0.812037 0.757292 0.814352 0.754427 0.819907 0.751563 0.822222 0.747917 0.819907 0.744271 0.816204 0.741667 0.810185 0.740625
0 0.791667 0.724740 0.789352 0.726562 0.788889 0.729427 0.790278 0.732031 0.793056 0.734375 0.801852 0.739062 0.808333 0.740365 0.813426 0.739323 0.816204 0.737760 0.819907 0.733073 0.817130 0.724479 0.815741 0.723698 0.809722 0.722656 0.803241 0.722656
0 0.805556 0.708854 0.802778 0.711979 0.803704 0.715365 0.806944 0.717969 0.815741 0.720833 0.821759 0.720573 0.831481 0.716927 0.833333 0.713542 0.832407 0.710938 0.824537 0.706510 0.815278 0.706250
0 0.829167 0.719271 0.819907 0.722396 0.818519 0.723958 0.818519 0.727083 0.819907 0.730729 0.825000 0.735417 0.829167 0.736979 0.832870 0.736979 0.840741 0.735417 0.845370 0.732812 0.848148 0.729427 0.848148 0.727865 0.845833 0.725260 0.837037 0.720052
0 0.781019 0.700521 0.767593 0.697135 0.759722 0.697135 0.750926 0.699740 0.748611 0.702344 0.748148 0.705469 0.750926 0.710938 0.754630 0.712760 0.760185 0.714323 0.767593 0.713542 0.774074 0.710417 0.781481 0.705208
0 0.781019 0.706510 0.775463 0.708854 0.772222 0.711458 0.768981 0.712760 0.768981 0.717187 0.784259 0.724219 0.788426 0.725000 0.795370 0.723958 0.799537 0.721094 0.800000 0.716667 0.794907 0.710677 0.789352 0.707552
0 0.762037 0.759115 0.763426 0.764062 0.767130 0.768490 0.771759 0.769531 0.781019 0.769531 0.790741 0.768490 0.798148 0.763802 0.796759 0.759635 0.788889 0.756250 0.783333 0.755729 0.766667 0.755990 0.763426 0.757552
0 0.766667 0.737500 0.763889 0.738542 0.761111 0.742188 0.758333 0.744010 0.757407 0.748177 0.761574 0.753125 0.767593 0.755729 0.781019 0.755729 0.783796 0.754687 0.785648 0.752344 0.786574 0.747656 0.785185 0.744531 0.781944 0.741667 0.776852 0.738802 0.774074 0.738021
0 0.773148 0.721875 0.768519 0.723177 0.765278 0.726302 0.760185 0.728646 0.758333 0.732812 0.760185 0.735156 0.774074 0.737240 0.781481 0.737500 0.786111 0.733073 0.785185 0.727865 0.782407 0.724479 0.778704 0.722917
0 0.738889 0.712760 0.735648 0.716927 0.738426 0.722396 0.743981 0.729167 0.746759 0.730208 0.751852 0.730729 0.759259 0.729948 0.766204 0.724740 0.765278 0.720833 0.762037 0.716406 0.757407 0.713542 0.750463 0.711458 0.745833 0.711198
0 0.731481 0.690885 0.722222 0.692708 0.718981 0.695052 0.718056 0.697656 0.720370 0.703125 0.722685 0.705208 0.723611 0.709115 0.725000 0.709896 0.732870 0.710417 0.735185 0.708594 0.737500 0.704948 0.742130 0.701302 0.744444 0.697135 0.736574 0.691927
0 0.692130 0.704167 0.686574 0.708594 0.686574 0.709896 0.690278 0.712760 0.700926 0.717708 0.704167 0.718490 0.712500 0.718490 0.716667 0.716667 0.720370 0.712760 0.721759 0.709635 0.719907 0.704948 0.717130 0.702865 0.712037 0.701823 0.704167 0.701562
0 0.724537 0.711719 0.718519 0.714323 0.715741 0.717708 0.713889 0.721354 0.713889 0.725521 0.719907 0.734635 0.725463 0.737240 0.733333 0.736198 0.738426 0.734115 0.740741 0.732031 0.742130 0.728385 0.734722 0.715365 0.729630 0.712500
0 0.759722 0.735417 0.755093 0.733073 0.747222 0.730990 0.742593 0.731771 0.731019 0.738281 0.729630 0.740104 0.730556 0.744792 0.737037 0.746354 0.751852 0.745833 0.758796 0.744531 0.760648 0.743490 0.762037 0.740885 0.762037 0.738542
0 0.726389 0.751563 0.727778 0.753906 0.731019 0.755990 0.745833 0.760156 0.753704 0.760417 0.759259 0.757292 0.759259 0.751563 0.753704 0.746354 0.745833 0.746094 0.740741 0.746875 0.737500 0.748177 0.729167 0.750000
0 0.771296 0.770052 0.768981 0.771615 0.767593 0.774740 0.768519 0.779427 0.773148 0.781771 0.782870 0.784115 0.789352 0.784375 0.791667 0.783854 0.793981 0.782292 0.796759 0.776042 0.793519 0.769792 0.789815 0.768750
0 0.721759 0.770833 0.719444 0.774219 0.718981 0.779167 0.721759 0.781771 0.734259 0.784635 0.746296 0.785677 0.753704 0.784896 0.755093 0.783073 0.752315 0.777344 0.750463 0.775260 0.742593 0.771354 0.733333 0.768750 0.725000 0.769531
0 0.711574 0.770052 0.704630 0.770052 0.699537 0.771875 0.691204 0.773438 0.688889 0.774740 0.689815 0.779427 0.691667 0.782031 0.700000 0.786458 0.703241 0.786979 0.706019 0.786719 0.714352 0.783073 0.718519 0.779687 0.718519 0.772396 0.717130 0.771354
0 0.691204 0.751563 0.684722 0.754687 0.680093 0.758333 0.679630 0.761198 0.681481 0.765104 0.683796 0.766406 0.696759 0.767969 0.707870 0.767188 0.710648 0.765365 0.711111 0.762500 0.709259 0.757031 0.706944 0.753906 0.698611 0.750521
0 0.715741 0.734375 0.711111 0.734375 0.708333 0.735156 0.701389 0.738802 0.696759 0.744010 0.696296 0.748177 0.699537 0.750521 0.706019 0.752344 0.711574 0.753125 0.722222 0.751042 0.725926 0.748177 0.726389 0.743490 0.724537 0.739062 0.718981 0.734896
0 0.705093 0.719792 0.693056 0.721875 0.687500 0.724219 0.685648 0.726042 0.684722 0.728646 0.687037 0.731250 0.690741 0.733594 0.696759 0.735677 0.705093 0.735677 0.712500 0.732552 0.713889 0.730990 0.714352 0.727865 0.712500 0.723958
0 0.684259 0.710677 0.676852 0.711458 0.671759 0.716667 0.665278 0.720573 0.670833 0.724219 0.672685 0.726823 0.675926 0.728125 0.680093 0.728125 0.684259 0.727344 0.687037 0.725000 0.695833 0.720833 0.697222 0.716667 0.693519 0.714323
0 0.668981 0.705729 0.663426 0.704948 0.656944 0.705729 0.643981 0.712500 0.644907 0.716927 0.649074 0.720052 0.654630 0.721094 0.658333 0.721094 0.663889 0.720313 0.669444 0.717708 0.673148 0.712760 0.672685 0.709115
0 0.635648 0.713021 0.621296 0.713802 0.616204 0.716667 0.616667 0.720833 0.618981 0.726042 0.622685 0.728906 0.627778 0.731510 0.635648 0.731510 0.638426 0.730729 0.642593 0.727604 0.647222 0.721094 0.643519 0.715885
0 0.595370 0.734635 0.593056 0.736719 0.592593 0.740625 0.600463 0.752604 0.606944 0.754427 0.615741 0.754167 0.618981 0.753125 0.625463 0.748177 0.625926 0.745052 0.625000 0.742188 0.619907 0.737500 0.614815 0.734375 0.608333 0.732552
0 0.613426 0.728385 0.610185 0.732552 0.614352 0.734635 0.621296 0.740104 0.628241 0.742448 0.634259 0.741146 0.639815 0.736719 0.637963 0.733073 0.635648 0.732031 0.627778 0.731510 0.621759 0.727865
0 0.650463 0.721354 0.648148 0.722135 0.643056 0.727083 0.642593 0.732031 0.645370 0.735938 0.649074 0.738021 0.656481 0.739062 0.668056 0.733073 0.671296 0.728385 0.669444 0.724479 0.663426 0.721875
0 0.661111 0.736719 0.659722 0.740625 0.661111 0.741927 0.666204 0.743229 0.680556 0.744531 0.691667 0.744792 0.696296 0.742708 0.697685 0.740885 0.697222 0.736198 0.692593 0.734375 0.684259 0.729167 0.676852 0.728646 0.674537 0.729427
0 0.469907 0.775260 0.469907 0.779687 0.471759 0.782031 0.475463 0.783854 0.483333 0.784635 0.488889 0.785937 0.498148 0.785677 0.502778 0.784896 0.506944 0.783594 0.512500 0.779427 0.508333 0.775260 0.503704 0.773177 0.494907 0.771094 0.487037 0.770052 0.481481 0.769792 0.477778 0.770573 0.472222 0.772917
0 0.463889 0.775260 0.453241 0.774219 0.442593 0.776563 0.436574 0.779427 0.433796 0.782813 0.431019 0.784375 0.429167 0.786719 0.430093 0.789583 0.432407 0.790625 0.440741 0.791667 0.455093 0.790885 0.460648 0.789583 0.465278 0.787240 0.469444 0.783333 0.468056 0.778906
0 0.393056 0.775000 0.390741 0.776302 0.388889 0.778906 0.388889 0.786979 0.399074 0.789062 0.403704 0.788542 0.410185 0.785417 0.411574 0.783854 0.410648 0.779167 0.408796 0.777083 0.404167 0.775260 0.400000 0.774740
0 0.642130 0.736458 0.638889 0.737500 0.630093 0.743750 0.630556 0.748177 0.635648 0.751302 0.641204 0.752604 0.652778 0.752344 0.656019 0.750781 0.659259 0.744531 0.658333 0.742188 0.656481 0.740104
0 0.657870 0.752083 0.659722 0.754427 0.663426 0.756771 0.670833 0.758333 0.677315 0.757552 0.684259 0.755208 0.693519 0.750000 0.694907 0.747917 0.693981 0.746615 0.691204 0.745313 0.662500 0.743490 0.657870 0.747656
0 0.898148 0.781250 0.891667 0.780729 0.887500 0.782031 0.880093 0.783073 0.871759 0.782292 0.864815 0.782552 0.860648 0.787240 0.862037 0.789323 0.866204 0.792448 0.874074 0.796875 0.878241 0.798177 0.884722 0.797656 0.893519 0.794271 0.895370 0.792969 0.897685 0.785937 0.899537 0.783854 0.899537 0.782031
0 0.892130 0.794010 0.885185 0.796615 0.877778 0.797917 0.875926 0.798958 0.873611 0.803125 0.885185 0.810417 0.893519 0.811719 0.900463 0.810417 0.902315 0.807552 0.902315 0.804688 0.899537 0.796615 0.897222 0.795312
0 0.850000 0.805208 0.842593 0.806510 0.835185 0.809375 0.833796 0.814844 0.839352 0.820833 0.846296 0.824479 0.849537 0.825521 0.856019 0.825521 0.860185 0.823958 0.864815 0.820312 0.865741 0.818750 0.865741 0.813281 0.863889 0.810417 0.858333 0.807292
0 0.822685 0.784635 0.818519 0.786979 0.817130 0.791146 0.819444 0.799479 0.823148 0.804688 0.826389 0.806510 0.831019 0.807813 0.837037 0.807813 0.846296 0.805729 0.850463 0.802865 0.850000 0.798438 0.843519 0.793490 0.830093 0.785156
0 0.794907 0.790104 0.788426 0.791927 0.784259 0.794271 0.781944 0.798958 0.789352 0.804948 0.800000 0.808073 0.802778 0.808333 0.809722 0.806510 0.813426 0.804427 0.814815 0.802344 0.814815 0.798438 0.811111 0.794271 0.806944 0.791927 0.802315 0.790365
0 0.779167 0.784896 0.775000 0.783854 0.767130 0.784115 0.759722 0.783594 0.753241 0.785417 0.745833 0.786198 0.744444 0.786979 0.743981 0.792188 0.745370 0.795052 0.753241 0.799219 0.761574 0.798438 0.767593 0.796875 0.776389 0.791927 0.780556 0.787240
0 0.718519 0.780990 0.715741 0.782552 0.711574 0.783594 0.705556 0.786979 0.705556 0.791146 0.708333 0.794531 0.712037 0.796615 0.718056 0.797917 0.726852 0.798438 0.730556 0.797135 0.733333 0.795052 0.734259 0.791146 0.733333 0.786458 0.730093 0.783594
0 0.695833 0.784635 0.690741 0.783333 0.669907 0.784896 0.667130 0.786979 0.666667 0.791667 0.670370 0.796354 0.674537 0.797656 0.684722 0.798438 0.693056 0.795573 0.695833 0.793750 0.697685 0.791146 0.697685 0.786458
0 0.661574 0.770052 0.659259 0.772917 0.658333 0.776042 0.659259 0.779687 0.662500 0.782031 0.669444 0.784896 0.679167 0.784635 0.689352 0.783333 0.689352 0.779167 0.686111 0.773438 0.681944 0.770052 0.676852 0.768229 0.673611 0.767969 0.666667 0.768229
0 0.640278 0.754167 0.632870 0.763281 0.636574 0.767969 0.643056 0.769010 0.658796 0.769531 0.665741 0.767969 0.670833 0.767708 0.670370 0.761979 0.667593 0.758854 0.656481 0.753646 0.648148 0.753125
0 0.637963 0.753646 0.636111 0.752344 0.628241 0.749740 0.619907 0.752865 0.609722 0.754427 0.600463 0.754167 0.598148 0.755469 0.595833 0.759115 0.597222 0.763802 0.601389 0.766146 0.606944 0.767448 0.614815 0.766927 0.631944 0.762760 0.634722 0.761198 0.638889 0.755990
0 0.635185 0.768750 0.630556 0.771354 0.629630 0.774479 0.631944 0.782292 0.637037 0.788802 0.641204 0.790365 0.643519 0.790365 0.647685 0.789323 0.653241 0.785677 0.657407 0.778125 0.657407 0.771094 0.651852 0.769531
0 0.631481 0.764844 0.628704 0.764062 0.621296 0.764844 0.614815 0.767188 0.606481 0.768750 0.603241 0.770312 0.598611 0.775781 0.602315 0.779427 0.607870 0.782552 0.614815 0.783333 0.624074 0.780208 0.627315 0.777083 0.629630 0.772135 0.633796 0.767708
0 0.546759 0.778646 0.548148 0.782813 0.551389 0.784896 0.573148 0.783854 0.577315 0.782292 0.579167 0.779948 0.578704 0.775260 0.575463 0.774479 0.572222 0.772656 0.566204 0.771094 0.558333 0.770573 0.552315 0.773698
0 0.551852 0.784896 0.550926 0.786198 0.550926 0.789844 0.552315 0.795052 0.558796 0.796875 0.566204 0.797396 0.573611 0.791146 0.573148 0.785937 0.570833 0.785156 0.564352 0.784635
0 0.563889 0.797135 0.561111 0.796354 0.550926 0.795312 0.544907 0.796615 0.537037 0.799740 0.535185 0.801302 0.536574 0.808854 0.544907 0.812240 0.552315 0.812500 0.557407 0.811719 0.568056 0.802865 0.565741 0.798438
0 0.600926 0.793750 0.593056 0.793490 0.587037 0.795312 0.579167 0.795312 0.575926 0.796354 0.573611 0.798438 0.573148 0.802865 0.575000 0.804688 0.586574 0.808594 0.593981 0.806510 0.600463 0.798958 0.602315 0.795312
0 0.600926 0.777865 0.592130 0.777604 0.579630 0.781250 0.577778 0.783333 0.576389 0.791667 0.579630 0.794271 0.587500 0.795052 0.593981 0.793229 0.601389 0.792708 0.604167 0.791406 0.606944 0.788542 0.607407 0.784115 0.606019 0.781771
0 0.634259 0.786198 0.628704 0.782552 0.621759 0.782813 0.611111 0.784896 0.609259 0.785937 0.605556 0.790625 0.607407 0.795052 0.613889 0.796354 0.620833 0.798958 0.628704 0.798958 0.632870 0.797656 0.634722 0.795312 0.635185 0.788021
0 0.656481 0.785937 0.649537 0.787500 0.643519 0.791146 0.642593 0.793490 0.639352 0.796094 0.637963 0.798438 0.640741 0.802865 0.643519 0.804688 0.646759 0.805729 0.653241 0.806510 0.657870 0.806510 0.664352 0.805208 0.667593 0.803385 0.669444 0.799740 0.669444 0.798177 0.665278 0.791927
0 0.664815 0.808073 0.661574 0.810417 0.660185 0.813802 0.660648 0.817448 0.662500 0.820312 0.666204 0.821875 0.676389 0.823958 0.685185 0.823177 0.686574 0.822396 0.687037 0.817969 0.685648 0.814323 0.681481 0.808594 0.677778 0.806771 0.669444 0.806510
0 0.695370 0.809635 0.690741 0.811198 0.687500 0.813281 0.687963 0.820312 0.690278 0.823698 0.693056 0.826302 0.697685 0.828125 0.705093 0.827865 0.710648 0.825521 0.715278 0.822396 0.716667 0.818229 0.713889 0.815104 0.708796 0.812240 0.698148 0.809375
0 0.737963 0.795052 0.732407 0.796094 0.723611 0.800781 0.721296 0.803646 0.720370 0.806771 0.723148 0.810937 0.725926 0.812760 0.737037 0.814583 0.742593 0.814583 0.746759 0.813802 0.749537 0.811198 0.750000 0.806510 0.751852 0.802865 0.751389 0.798698 0.745833 0.795573
0 0.759722 0.798958 0.754630 0.800521 0.751852 0.802604 0.749537 0.809635 0.750463 0.813542 0.751389 0.814583 0.756944 0.816146 0.766667 0.820833 0.774537 0.822656 0.782407 0.817969 0.783333 0.815365 0.782407 0.809896 0.777315 0.804688 0.767593 0.798958
0 0.753241 0.816927 0.750926 0.821354 0.750926 0.823958 0.755556 0.835938 0.759259 0.838542 0.764815 0.840104 0.769444 0.840365 0.772222 0.839844 0.780556 0.834896 0.782407 0.832292 0.782870 0.829688 0.780093 0.827083 0.775463 0.824479 0.766204 0.821354 0.760648 0.818750 0.757870 0.818490
0 0.787963 0.821875 0.784259 0.825781 0.784259 0.829948 0.786574 0.833073 0.793519 0.836198 0.801852 0.838021 0.810185 0.837760 0.812500 0.836979 0.813889 0.835938 0.814815 0.833333 0.810648 0.824740 0.806944 0.823177 0.795370 0.820312
0 0.817130 0.804948 0.815278 0.804948 0.801389 0.809375 0.793519 0.813021 0.792593 0.814063 0.793056 0.818750 0.795833 0.820573 0.808796 0.823698 0.812037 0.823698 0.822685 0.822396 0.828241 0.820052 0.830556 0.816927 0.829167 0.809375 0.825926 0.807292
0 0.837037 0.819792 0.829630 0.819010 0.822685 0.822396 0.815278 0.823438 0.812963 0.824479 0.812037 0.826302 0.813889 0.830469 0.815741 0.832552 0.820833 0.835417 0.822685 0.835938 0.837500 0.835417 0.842130 0.832812 0.843981 0.830208 0.841204 0.822135
0 0.822222 0.835938 0.813426 0.841406 0.814352 0.846094 0.829630 0.853646 0.836111 0.855469 0.843519 0.854948 0.845370 0.853906 0.848611 0.849740 0.846759 0.845573 0.835185 0.836198 0.831019 0.835417
0 0.842130 0.834375 0.839815 0.838281 0.845370 0.845313 0.849537 0.847917 0.853704 0.848437 0.862963 0.847917 0.869907 0.846094 0.871759 0.845052 0.873611 0.842448 0.872685 0.838021 0.865741 0.833594 0.859259 0.832292 0.850000 0.832292 0.846296 0.832812
0 0.787963 0.841146 0.781481 0.843229 0.778704 0.845052 0.781481 0.851302 0.784722 0.854948 0.792593 0.860677 0.795833 0.861458 0.803704 0.861458 0.809259 0.858333 0.811111 0.853906 0.810185 0.850521 0.806019 0.846354 0.802315 0.844010 0.796296 0.842187
0 0.753241 0.840104 0.749074 0.845573 0.749537 0.849219 0.751389 0.851042 0.756481 0.852865 0.767130 0.854688 0.778241 0.852344 0.779167 0.849479 0.776389 0.843750 0.773611 0.840885 0.767130 0.840625 0.760648 0.838802 0.756944 0.839063
0 0.749537 0.852083 0.748611 0.854427 0.749537 0.858073 0.751852 0.861719 0.773611 0.867969 0.781481 0.866406 0.784259 0.861979 0.785185 0.857812 0.781481 0.852604 0.765278 0.853385 0.758333 0.852604 0.753704 0.850781
0 0.268981 0.769010 0.266667 0.769010 0.260185 0.771094 0.250926 0.776042 0.246759 0.779167 0.246759 0.783594 0.253241 0.787500 0.260185 0.789323 0.268056 0.789323 0.273148 0.786979 0.275000 0.783333 0.274074 0.772656 0.272222 0.770052
0 0.318981 0.771354 0.315278 0.770573 0.301852 0.772917 0.287963 0.778906 0.286574 0.782813 0.289352 0.787240 0.294907 0.790365 0.302315 0.791146 0.309259 0.789062 0.312500 0.787240 0.320370 0.779687 0.321759 0.775260 0.320833 0.772917
0 0.357870 0.780990 0.349537 0.782292 0.339352 0.785677 0.336111 0.788021 0.335185 0.791406 0.336574 0.793490 0.345370 0.798177 0.351389 0.798958 0.356944 0.796875 0.360185 0.794271 0.361574 0.790365 0.361574 0.785937 0.360648 0.783333
0 0.370833 0.792708 0.362963 0.797656 0.361574 0.799479 0.360648 0.802865 0.362963 0.806250 0.368981 0.808073 0.378241 0.808854 0.390278 0.807292 0.391667 0.805729 0.391667 0.802604 0.385648 0.798177 0.381481 0.793229 0.378704 0.791667
0 0.416204 0.792188 0.413889 0.794010 0.413889 0.795833 0.416667 0.802604 0.426389 0.807292 0.432407 0.808073 0.437963 0.807292 0.444444 0.803385 0.446296 0.798698 0.442130 0.793750 0.437500 0.791927 0.427778 0.790625
0 0.423611 0.806771 0.419444 0.803906 0.415741 0.803125 0.409722 0.803385 0.395370 0.806771 0.390278 0.810417 0.391204 0.814583 0.398611 0.817187 0.406019 0.816927 0.412963 0.817969 0.420370 0.817448 0.424537 0.814583
0 0.381481 0.788542 0.379630 0.790625 0.380093 0.792448 0.385185 0.798958 0.390741 0.802865 0.392130 0.805208 0.400000 0.805208 0.411574 0.802344 0.413426 0.800521 0.413889 0.797656 0.412963 0.794271 0.410185 0.792188 0.406019 0.791146 0.403704 0.789583 0.393056 0.787240 0.385185 0.786979
0 0.416204 0.818229 0.416667 0.822917 0.420370 0.825260 0.435185 0.826562 0.440741 0.825521 0.443056 0.822135 0.441204 0.816927 0.437963 0.815104 0.434259 0.814063 0.426389 0.813281
0 0.413426 0.818229 0.407870 0.817187 0.398148 0.817708 0.393981 0.819271 0.389815 0.821615 0.387037 0.825521 0.388889 0.829948 0.393519 0.832292 0.398611 0.833594 0.405556 0.833594 0.411574 0.831510 0.413889 0.830208 0.416667 0.826302 0.415278 0.820052
0 0.371296 0.810417 0.364352 0.811719 0.358796 0.814323 0.356944 0.816927 0.356944 0.820312 0.359722 0.826302 0.364352 0.830208 0.370370 0.832292 0.378704 0.832031 0.381481 0.830729 0.386111 0.826823 0.387500 0.822656 0.387037 0.817969 0.384259 0.814323 0.379630 0.811458
0 0.357870 0.826302 0.350000 0.827344 0.342130 0.830208 0.336111 0.833854 0.337037 0.838021 0.338889 0.840365 0.342593 0.842448 0.349074 0.844271 0.353704 0.844271 0.362037 0.842969 0.364352 0.841406 0.366204 0.838542 0.367593 0.833594 0.362500 0.828125
0 0.287963 0.808594 0.283333 0.810417 0.282407 0.812500 0.282407 0.814844 0.286111 0.818490 0.292130 0.821094 0.295833 0.823698 0.302315 0.824479 0.308796 0.822396 0.314815 0.818490 0.316667 0.814844 0.314815 0.811979 0.312037 0.810417 0.296296 0.808333
0 0.258333 0.817708 0.253704 0.822396 0.264815 0.827604 0.274537 0.830990 0.280556 0.832292 0.287500 0.831510 0.290278 0.830208 0.293981 0.826302 0.293519 0.822396 0.280093 0.814063 0.275000 0.813021 0.269907 0.813542 0.262500 0.815625
0 0.253241 0.822917 0.248611 0.824219 0.244907 0.826823 0.242130 0.833594 0.243519 0.838021 0.248611 0.839063 0.260648 0.839583 0.264815 0.838542 0.271759 0.834896 0.273148 0.829948
0 0.260185 0.800781 0.253241 0.800521 0.242130 0.805208 0.237037 0.810937 0.235648 0.814583 0.237500 0.816406 0.238889 0.816927 0.245833 0.816667 0.255093 0.814323 0.262037 0.813542 0.268056 0.810677 0.268519 0.806510
0 0.190741 0.777083 0.183333 0.779167 0.181481 0.780469 0.180556 0.783333 0.183796 0.791146 0.186574 0.792969 0.188889 0.793490 0.196759 0.793490 0.203704 0.791406 0.208796 0.788802 0.210648 0.786719 0.211574 0.782813 0.207870 0.779687 0.202315 0.777865 0.196759 0.777083
0 0.179167 0.780208 0.170370 0.780208 0.166667 0.780990 0.164352 0.782292 0.162037 0.786458 0.161111 0.791406 0.162963 0.793490 0.165278 0.794531 0.169907 0.795312 0.176852 0.795052 0.181481 0.794010 0.183796 0.791406 0.181481 0.782292
0 0.143519 0.776042 0.135185 0.777344 0.132870 0.779687 0.131019 0.787240 0.132870 0.791406 0.135185 0.793229 0.142593 0.792188 0.149537 0.788802 0.153704 0.783594 0.154167 0.779167 0.150000 0.778646
0 0.114352 0.775781 0.106481 0.783073 0.109259 0.788281 0.113426 0.791927 0.118981 0.794271 0.128241 0.795833 0.134722 0.795052 0.135185 0.790885 0.132870 0.787760 0.133796 0.779167 0.121759 0.776563
0 0.109722 0.771094 0.103241 0.769792 0.093981 0.769271 0.087963 0.770312 0.084722 0.772396 0.083796 0.773958 0.083796 0.781250 0.084722 0.783854 0.086574 0.784896 0.094444 0.784896 0.100000 0.783594 0.102315 0.782292 0.107407 0.781042 0.111574 0.775521
0 0.075926 0.784635 0.073611 0.784115 0.065741 0.784375 0.062037 0.785677 0.057870 0.788281 0.054630 0.794792 0.054630 0.799479 0.058796 0.802344 0.068981 0.802344 0.074074 0.801302 0.078241 0.798958 0.080556 0.791927 0.080556 0.786979
0 0.131019 0.797135 0.127778 0.795833 0.119444 0.794271 0.114815 0.792708 0.111111 0.793490 0.104630 0.796615 0.100463 0.800000 0.098611 0.802344 0.098148 0.806771 0.106944 0.809635 0.115278 0.809896 0.121759 0.807813 0.127778 0.806771 0.129630 0.805729 0.131019 0.803385
0 0.102778 0.789062 0.097222 0.787760 0.091667 0.787500 0.086574 0.788021 0.081481 0.790365 0.079630 0.794792 0.080556 0.799479 0.082870 0.803125 0.085648 0.804948 0.089815 0.805208 0.094444 0.804688 0.100926 0.800781 0.106944 0.795052 0.106481 0.790885
0 0.081944 0.806771 0.067593 0.806510 0.061574 0.807813 0.059722 0.809896 0.058796 0.815104 0.060185 0.817969 0.062963 0.819792 0.065741 0.820573 0.073148 0.820312 0.081481 0.816406 0.086111 0.811198 0.085185 0.808073
0 0.093056 0.807813 0.087963 0.810417 0.083333 0.814844 0.081481 0.818490 0.084259 0.821875 0.088426 0.823177 0.100926 0.823698 0.107407 0.825260 0.114815 0.825521 0.119444 0.822135 0.112037 0.817187 0.111111 0.815365 0.111574 0.810417 0.106019 0.809115 0.100926 0.807031
0 0.145833 0.814063 0.143981 0.810677 0.140278 0.808594 0.134722 0.807031 0.121296 0.808073 0.116204 0.809635 0.112963 0.811198 0.111574 0.812760 0.111111 0.815625 0.112500 0.817969 0.119444 0.820833 0.136574 0.821875 0.141667 0.819531
0 0.148611 0.789583 0.138426 0.793490 0.137037 0.796094 0.136574 0.802865 0.137500 0.806510 0.139815 0.808333 0.146759 0.811979 0.150463 0.812500 0.154167 0.811719 0.156481 0.810417 0.162500 0.799479 0.163426 0.794792 0.157870 0.790625
0 0.181481 0.795833 0.179167 0.795312 0.167130 0.795312 0.163889 0.796094 0.159722 0.802083 0.153704 0.814063 0.156019 0.816927 0.163426 0.816146 0.166667 0.814323 0.170370 0.813542 0.176852 0.810417 0.180556 0.809375 0.185648 0.806510 0.188426 0.803906 0.188889 0.802083 0.187037 0.799740
0 0.194907 0.794271 0.193519 0.795052 0.192130 0.798698 0.192593 0.802865 0.197685 0.805729 0.203241 0.807292 0.210185 0.807813 0.215278 0.807292 0.217130 0.804948 0.217130 0.800000 0.214352 0.793490 0.212037 0.792188 0.203704 0.791667
0 0.200926 0.807552 0.197685 0.808333 0.193519 0.810937 0.191204 0.814583 0.197222 0.819531 0.205093 0.822656 0.209259 0.826042 0.212037 0.829688 0.218981 0.825000 0.220833 0.822396 0.221296 0.814323 0.218981 0.809635 0.215278 0.808073 0.207407 0.807292
0 0.239815 0.817187 0.232407 0.818490 0.225926 0.821615 0.223148 0.822135 0.215278 0.827604 0.214352 0.829427 0.214352 0.834115 0.217130 0.837240 0.220833 0.839063 0.224537 0.839844 0.232870 0.839323 0.237037 0.837760 0.240278 0.834635 0.242593 0.830208 0.243056 0.825521 0.242130 0.818490
0 0.197222 0.821875 0.183333 0.828906 0.182870 0.834115 0.190278 0.838542 0.197685 0.841146 0.200000 0.842969 0.212037 0.845313 0.215741 0.842969 0.217130 0.838542 0.212500 0.828906 0.210185 0.826042 0.205093 0.822396
0 0.182870 0.817969 0.170833 0.814844 0.164352 0.815885 0.161111 0.819271 0.157870 0.826042 0.158333 0.830469 0.162037 0.831771 0.170370 0.831510 0.176852 0.827865 0.183333 0.826302 0.187037 0.822135
0 0.149074 0.813281 0.143519 0.816667 0.140741 0.819792 0.134259 0.822656 0.133333 0.826562 0.135185 0.828125 0.137963 0.828906 0.149537 0.830208 0.154630 0.829427 0.157407 0.828125 0.160185 0.822656 0.160185 0.817708 0.156944 0.815365
0 0.159722 0.832812 0.158333 0.833594 0.157870 0.838021 0.162500 0.842969 0.169907 0.845833 0.177315 0.846094 0.180093 0.845052 0.183796 0.842187 0.185185 0.838281 0.181944 0.833594 0.177778 0.831771 0.172222 0.831510
0 0.531944 0.780469 0.525000 0.783073 0.523148 0.786719 0.523148 0.792448 0.525926 0.796354 0.531019 0.799219 0.538426 0.799219 0.549537 0.794792 0.549537 0.786719 0.547222 0.783594 0.543519 0.781250 0.539815 0.780469
0 0.510648 0.783854 0.503241 0.784375 0.492593 0.786979 0.491204 0.789583 0.491204 0.794010 0.492130 0.796615 0.493981 0.798177 0.502778 0.800260 0.510648 0.800260 0.514815 0.797656 0.519444 0.791927 0.519444 0.789323 0.517130 0.786458
0 0.488889 0.787240 0.481944 0.785417 0.456019 0.790885 0.454630 0.792448 0.454167 0.795573 0.456481 0.800000 0.460185 0.801302 0.482870 0.800781 0.487037 0.798438 0.488426 0.796615 0.489352 0.793229
0 0.448148 0.802604 0.450463 0.808854 0.460648 0.813021 0.467130 0.814323 0.468519 0.815104 0.475926 0.814323 0.481944 0.810156 0.483333 0.807292 0.482870 0.805208 0.480093 0.802344 0.477315 0.801302 0.453704 0.800521
0 0.488889 0.799219 0.482870 0.802604 0.483333 0.806250 0.485648 0.810417 0.490741 0.814583 0.500463 0.819271 0.510648 0.820573 0.513426 0.817708 0.513426 0.812240 0.506944 0.801823 0.505093 0.800781 0.497685 0.798958
0 0.517130 0.796094 0.508796 0.802083 0.508796 0.804167 0.511111 0.808594 0.514352 0.809896 0.521759 0.810677 0.527315 0.810677 0.532870 0.809896 0.534722 0.808333 0.534722 0.805208 0.532870 0.800781 0.524537 0.795833
0 0.519907 0.811198 0.517593 0.813021 0.515278 0.817969 0.515741 0.819271 0.518519 0.821354 0.526389 0.824740 0.530556 0.825781 0.538426 0.825521 0.542130 0.823177 0.544444 0.818750 0.544907 0.814323 0.543519 0.812760 0.539815 0.810937 0.531944 0.809896
0 0.548611 0.812760 0.544907 0.816406 0.543056 0.821354 0.542593 0.826302 0.544444 0.828646 0.547222 0.829688 0.551389 0.830208 0.568056 0.829167 0.570370 0.826823 0.568981 0.822135 0.556019 0.812760 0.553241 0.812240
0 0.566204 0.805469 0.559259 0.810417 0.559722 0.814583 0.572685 0.824219 0.580093 0.824740 0.585185 0.822396 0.589815 0.819010 0.591667 0.814323 0.588889 0.810677 0.581019 0.806771 0.573148 0.804427
0 0.602778 0.796615 0.596759 0.802604 0.597685 0.807292 0.601852 0.809375 0.620370 0.813802 0.624074 0.813802 0.627778 0.813021 0.629630 0.810677 0.629630 0.806250 0.624074 0.800521 0.614352 0.796354 0.606944 0.795573
0 0.606944 0.811198 0.599537 0.813542 0.596759 0.815104 0.595370 0.818750 0.597685 0.821875 0.606481 0.829688 0.608333 0.830469 0.615278 0.830990 0.626389 0.826823 0.629630 0.822396 0.628241 0.818490 0.625926 0.816146 0.618981 0.813281 0.615278 0.812240
0 0.586574 0.820833 0.579630 0.825000 0.575926 0.826042 0.575000 0.830208 0.579167 0.835417 0.583333 0.837760 0.593519 0.840625 0.600463 0.840104 0.603241 0.837760 0.603704 0.834896 0.603241 0.829948 0.600926 0.826302 0.593981 0.820312
0 0.564815 0.828906 0.554167 0.830729 0.552315 0.832292 0.551389 0.834635 0.552315 0.838021 0.556944 0.841667 0.561111 0.847135 0.565741 0.850260 0.573148 0.849740 0.577315 0.841667 0.578241 0.835677 0.577778 0.833594 0.573148 0.829427
0 0.523148 0.824219 0.516204 0.828125 0.514352 0.832552 0.510185 0.837760 0.510648 0.842187 0.513889 0.844010 0.517130 0.845052 0.525000 0.846094 0.531019 0.844271 0.532407 0.841667 0.536111 0.838281 0.536574 0.831771 0.534722 0.826042 0.528704 0.825521
0 0.511111 0.821094 0.505093 0.821094 0.501389 0.821875 0.494444 0.826042 0.487037 0.834115 0.488889 0.837760 0.496296 0.840885 0.504167 0.841406 0.508333 0.838802 0.513889 0.833073 0.515278 0.830208 0.514815 0.824740 0.513426 0.822396
0 0.483796 0.813542 0.475000 0.815625 0.472685 0.816927 0.470370 0.821615 0.470833 0.826042 0.475463 0.833594 0.483333 0.833854 0.490741 0.828906 0.496296 0.822917 0.496296 0.817708 0.491667 0.815104
0 0.447685 0.810417 0.443056 0.814323 0.442130 0.819531 0.444444 0.825000 0.445833 0.826302 0.450463 0.827083 0.456019 0.827344 0.462500 0.826042 0.464815 0.822917 0.466667 0.818490 0.466667 0.814323 0.455093 0.810156
0 0.441204 0.828125 0.440278 0.830208 0.443981 0.835677 0.447222 0.837760 0.452315 0.839583 0.461111 0.841667 0.466667 0.841667 0.469907 0.841146 0.474074 0.838281 0.475463 0.833333 0.473148 0.829688 0.469907 0.827865 0.462500 0.826562 0.452315 0.826823 0.447685 0.826302 0.443981 0.826823
0 0.418981 0.829167 0.413889 0.830729 0.409259 0.833854 0.408796 0.838021 0.411574 0.845313 0.412963 0.846615 0.417130 0.847396 0.427315 0.847656 0.441204 0.839844 0.446296 0.837760 0.440278 0.831250 0.427315 0.829167
0 0.384722 0.830469 0.377778 0.832812 0.375000 0.834896 0.374074 0.838542 0.375926 0.842187 0.377778 0.844271 0.381944 0.845833 0.390741 0.846875 0.395370 0.846615 0.400926 0.844792 0.402778 0.843490 0.406481 0.838542 0.406019 0.836198 0.403704 0.834635 0.399074 0.833854 0.391667 0.831250
0 0.356944 0.843750 0.345370 0.849479 0.341667 0.853906 0.344444 0.858073 0.349537 0.860938 0.358333 0.862760 0.366204 0.861979 0.374074 0.857552 0.374074 0.852344 0.372685 0.849740 0.362500 0.844531
0 0.329630 0.839844 0.323148 0.845573 0.317593 0.852083 0.316204 0.857812 0.320833 0.860938 0.329167 0.862760 0.331481 0.862760 0.337037 0.861458 0.339815 0.853906 0.339815 0.849219 0.337037 0.842448 0.333796 0.840365
0 0.376389 0.847917 0.375000 0.849219 0.374537 0.853646 0.376389 0.856771 0.380093 0.858854 0.385185 0.860677 0.393981 0.860677 0.399074 0.859375 0.401389 0.855469 0.401852 0.852344 0.397685 0.848177 0.386574 0.846615 0.379630 0.846615
0 0.403241 0.851302 0.401389 0.853385 0.400000 0.857812 0.401389 0.861458 0.403704 0.862760 0.412500 0.864323 0.420833 0.864323 0.430093 0.863542 0.435185 0.861979 0.437037 0.858594 0.437037 0.853385 0.431481 0.850000 0.423148 0.848177 0.412500 0.847396
0 0.447222 0.838281 0.439815 0.839583 0.437037 0.841667 0.433796 0.846094 0.435185 0.849740 0.443981 0.855208 0.448148 0.855990 0.458333 0.853125 0.462037 0.851042 0.465741 0.845313 0.463889 0.842969
0 0.481481 0.836719 0.475463 0.838542 0.470833 0.841927 0.469907 0.844010 0.469907 0.850260 0.473611 0.852865 0.482870 0.854167 0.491667 0.852604 0.494907 0.851042 0.499074 0.846094 0.499074 0.841667 0.496296 0.841146 0.490741 0.838542 0.485185 0.836979
0 0.502778 0.842708 0.500926 0.843490 0.496759 0.849479 0.498148 0.853646 0.506481 0.862500 0.508333 0.863542 0.517130 0.865104 0.520370 0.864583 0.524074 0.863021 0.528241 0.857812 0.520833 0.847135 0.511111 0.842708
0 0.550000 0.835938 0.543981 0.835417 0.538889 0.836719 0.533796 0.840104 0.530556 0.844531 0.527315 0.846094 0.525000 0.850260 0.527315 0.854167 0.531019 0.856771 0.536111 0.855208 0.545370 0.854427 0.557870 0.849219 0.558796 0.846615 0.557870 0.841667
0 0.538426 0.855469 0.530556 0.856771 0.526852 0.859375 0.522222 0.864844 0.525463 0.872917 0.527778 0.874740 0.531481 0.875781 0.541667 0.875781 0.544907 0.875000 0.547222 0.873177 0.547685 0.867708 0.543056 0.858073
0 0.503241 0.865625 0.495370 0.872917 0.494907 0.877083 0.499537 0.879687 0.508333 0.882812 0.518056 0.882812 0.521759 0.880729 0.524074 0.877604 0.525000 0.872656 0.522685 0.867708 0.519907 0.865885 0.511574 0.864583
0 0.488426 0.853385 0.481019 0.855729 0.476389 0.861198 0.475463 0.865365 0.476852 0.867708 0.481019 0.870313 0.485648 0.872135 0.491204 0.872656 0.495833 0.871615 0.501852 0.867448 0.503241 0.865625 0.503241 0.860677 0.500463 0.856771 0.496296 0.853906
0 0.472222 0.853385 0.468981 0.852344 0.461574 0.852604 0.454167 0.854688 0.443981 0.859115 0.441667 0.861719 0.440741 0.865365 0.445833 0.870573 0.449537 0.871615 0.455556 0.872135 0.470370 0.865885 0.473148 0.862760 0.475463 0.857552
0 0.388889 0.867188 0.386574 0.869010 0.385185 0.872656 0.386111 0.877083 0.388889 0.878646 0.405093 0.881771 0.413426 0.881510 0.418056 0.879687 0.420370 0.877083 0.420833 0.872917 0.418056 0.867188 0.415741 0.865625 0.406944 0.863802 0.398611 0.863542
0 0.370370 0.863021 0.363426 0.862500 0.357870 0.863802 0.348148 0.872656 0.346759 0.877865 0.347685 0.879948 0.351389 0.883073 0.356481 0.884115 0.365278 0.884115 0.371296 0.882031 0.375926 0.877344 0.376852 0.869010 0.375000 0.866146
0 0.650926 0.807031 0.642130 0.805469 0.634722 0.806510 0.631019 0.808333 0.628704 0.814323 0.631019 0.822135 0.634259 0.824219 0.642593 0.824479 0.652315 0.819792 0.654167 0.815625 0.654167 0.810417 0.652778 0.808073
0 0.654167 0.823438 0.649074 0.821615 0.642130 0.823958 0.636111 0.824219 0.631481 0.825260 0.628704 0.826823 0.627315 0.829688 0.628704 0.834115 0.635648 0.836458 0.641204 0.837500 0.648148 0.836198 0.653704 0.833594 0.655556 0.830729 0.655556 0.825260
0 0.656019 0.822135 0.655093 0.832031 0.655556 0.834115 0.662963 0.838281 0.669907 0.838021 0.678241 0.835417 0.680093 0.834115 0.681481 0.829688 0.676389 0.825000 0.673611 0.823698 0.663889 0.821094
0 0.677778 0.835417 0.671759 0.837240 0.664815 0.838281 0.662500 0.840104 0.662037 0.846094 0.665741 0.849479 0.668981 0.850781 0.677315 0.850521 0.686574 0.845833 0.687500 0.841667 0.684259 0.838021
0 0.697222 0.830990 0.690278 0.834115 0.687963 0.836458 0.687500 0.838802 0.689815 0.843490 0.692130 0.844271 0.697685 0.844271 0.712500 0.846615 0.719444 0.841927 0.720370 0.838281 0.719444 0.836458 0.714352 0.833073 0.706019 0.830469
0 0.648611 0.849219 0.642593 0.850781 0.638426 0.852865 0.635648 0.857031 0.636574 0.861458 0.648611 0.866667 0.656481 0.866927 0.660648 0.865104 0.662037 0.863281 0.663426 0.858073 0.662963 0.855729 0.661111 0.852865 0.656944 0.850521
0 0.629167 0.834375 0.617593 0.836979 0.612500 0.841667 0.612963 0.846615 0.616204 0.850260 0.621296 0.853125 0.627778 0.853125 0.630556 0.852344 0.638426 0.847135 0.642130 0.842187 0.640278 0.838281 0.636111 0.836198
0 0.579630 0.839583 0.577315 0.841406 0.575000 0.846354 0.574537 0.851042 0.575926 0.853646 0.578241 0.854948 0.587037 0.855990 0.603704 0.850781 0.604630 0.849740 0.604630 0.845573 0.600000 0.842708 0.587037 0.839063
0 0.600463 0.851823 0.593981 0.854167 0.590278 0.856771 0.589352 0.861719 0.600463 0.869531 0.608333 0.870573 0.612963 0.868229 0.614352 0.866667 0.615278 0.863542 0.614815 0.857552 0.613426 0.855469 0.607870 0.851823
0 0.566667 0.858333 0.562500 0.863281 0.561574 0.866146 0.562963 0.869271 0.568981 0.872656 0.576852 0.875260 0.586574 0.876302 0.593981 0.876302 0.599537 0.873177 0.599074 0.869010 0.595833 0.865365 0.591667 0.863021 0.587037 0.861458 0.584259 0.859375 0.574537 0.857552
0 0.559259 0.848958 0.551852 0.850260 0.546296 0.853385 0.544444 0.857812 0.546296 0.862760 0.548611 0.864583 0.551389 0.865365 0.559259 0.865625 0.565741 0.857812 0.564815 0.852344
0 0.619907 0.864583 0.617593 0.869792 0.619444 0.874219 0.620833 0.875781 0.628241 0.878125 0.633333 0.877344 0.643519 0.877604 0.648611 0.877083 0.653241 0.875000 0.654167 0.871875 0.652315 0.868229 0.646759 0.865104 0.636574 0.861979 0.627778 0.861719 0.623148 0.862760
0 0.680093 0.860677 0.676852 0.860417 0.666667 0.862500 0.663889 0.864062 0.658796 0.869271 0.657407 0.872396 0.657870 0.877344 0.662500 0.882031 0.669444 0.884375 0.675463 0.883594 0.677315 0.882812 0.685648 0.876563 0.687963 0.873698 0.688426 0.867708 0.684722 0.862240
0 0.694907 0.855729 0.689815 0.857292 0.687500 0.860417 0.687500 0.865365 0.689352 0.869271 0.689352 0.873177 0.690741 0.875000 0.697685 0.877604 0.705093 0.878385 0.713889 0.873437 0.715278 0.869271 0.713889 0.865885 0.710648 0.861458 0.706481 0.858594 0.698148 0.855469
0 0.732407 0.846875 0.727315 0.848437 0.719907 0.853125 0.718519 0.856250 0.718981 0.860417 0.722685 0.862500 0.739815 0.866146 0.743519 0.865104 0.749074 0.861458 0.748611 0.857292 0.743056 0.850260 0.738889 0.848177
0 0.718519 0.861458 0.715741 0.865625 0.717130 0.869010 0.716667 0.873698 0.718981 0.876823 0.725463 0.879427 0.733796 0.879427 0.736574 0.878646 0.741667 0.876042 0.743981 0.873698 0.743056 0.865885 0.735185 0.864062
0 0.080556 0.847917 0.072685 0.847656 0.066667 0.849479 0.061111 0.852865 0.057407 0.857292 0.058333 0.861458 0.061111 0.863281 0.064352 0.864062 0.073611 0.864062 0.077315 0.863021 0.084722 0.858073 0.087500 0.853125 0.085185 0.850260
0 0.087500 0.872656 0.079167 0.872917 0.071759 0.876302 0.070833 0.877865 0.070370 0.887760 0.071296 0.890625 0.073148 0.892969 0.079630 0.895312 0.087037 0.894792 0.093056 0.892708 0.100000 0.888802 0.104167 0.884896 0.104167 0.880729 0.100000 0.876823
0 0.145833 0.866667 0.141667 0.866146 0.132870 0.869010 0.129167 0.872396 0.126852 0.876563 0.126852 0.881510 0.128241 0.884115 0.135185 0.883073 0.149074 0.882552 0.152778 0.880990 0.157407 0.872917 0.152778 0.871094
0 0.162500 0.850781 0.156019 0.853385 0.154167 0.855469 0.149074 0.858333 0.146759 0.861198 0.146296 0.865625 0.149074 0.868490 0.159769 0.872344 0.167963 0.871484 0.171991 0.864870 0.174491 0.857917 0.171296 0.852865 0.170370 0.851042
0 0.183333 0.854948 0.175463 0.858594 0.173611 0.860938 0.173148 0.865625 0.175463 0.867969 0.181019 0.870573 0.190278 0.872656 0.193056 0.872656 0.197685 0.871094 0.199074 0.869271 0.204167 0.865885 0.204167 0.861198 0.198148 0.860156 0.191667 0.857031 0.190741 0.855729 0.187037 0.854948
0 0.198148 0.844271 0.191204 0.849479 0.187963 0.853125 0.188426 0.855469 0.190278 0.857292 0.197222 0.860417 0.204630 0.861719 0.212500 0.861719 0.217593 0.859635 0.219444 0.857552 0.218981 0.853906 0.214815 0.847396 0.212037 0.845573 0.206481 0.844010
0 0.176852 0.870313 0.173611 0.871354 0.167593 0.875000 0.166667 0.877083 0.168056 0.880729 0.175463 0.887240 0.184259 0.888021 0.194444 0.879167 0.195833 0.876042 0.193519 0.872917 0.184259 0.870833
0 0.154167 0.882552 0.151852 0.881510 0.147685 0.881250 0.134259 0.881771 0.128704 0.882812 0.125000 0.887760 0.124074 0.893490 0.125926 0.896354 0.128241 0.897396 0.136111 0.898177 0.143981 0.896875 0.149074 0.895052 0.151852 0.893490 0.155556 0.889062 0.155556 0.885417
0 0.178704 0.889583 0.169444 0.890365 0.162963 0.892969 0.159722 0.895833 0.158796 0.900781 0.160648 0.905208 0.164815 0.908333 0.169444 0.909635 0.176389 0.908854 0.182870 0.904687 0.187037 0.900260 0.187500 0.895833 0.184259 0.891667
0 0.203241 0.901042 0.199074 0.900521 0.190741 0.900781 0.187037 0.902083 0.181019 0.906250 0.179630 0.908073 0.179630 0.912240 0.183796 0.918750 0.185185 0.919271 0.192130 0.919792 0.200463 0.916927 0.206481 0.912240 0.207407 0.907552 0.205556 0.902344
0 0.205093 0.880469 0.197685 0.879167 0.191667 0.880729 0.184259 0.888021 0.184722 0.892708 0.190741 0.898177 0.200000 0.897917 0.209722 0.895312 0.218056 0.888802 0.215741 0.884896
0 0.236111 0.876302 0.232870 0.873437 0.210648 0.874740 0.206944 0.876563 0.206019 0.880990 0.213426 0.884375 0.218519 0.887760 0.226389 0.888281 0.231019 0.886458 0.236111 0.880729
0 0.211111 0.863802 0.206481 0.869010 0.206481 0.873437 0.207870 0.875000 0.210185 0.875781 0.220370 0.875781 0.231481 0.875000 0.234722 0.873958 0.237500 0.869010 0.236111 0.863542 0.234259 0.861979 0.228241 0.860938 0.218519 0.860677
0 0.222222 0.843490 0.218519 0.844531 0.215741 0.846875 0.215278 0.849740 0.218056 0.853125 0.219444 0.858594 0.220833 0.860156 0.223148 0.860938 0.233333 0.861719 0.237037 0.860677 0.238426 0.859635 0.241667 0.853906 0.241204 0.849740 0.237037 0.845573 0.233796 0.844271 0.227778 0.843229
0 0.164352 0.932031 0.162037 0.932031 0.156019 0.933594 0.152778 0.935677 0.149074 0.940885 0.148611 0.944531 0.150000 0.947135 0.156019 0.950781 0.164815 0.950781 0.169907 0.949740 0.175000 0.946875 0.178241 0.943750 0.178241 0.938802 0.176852 0.937240 0.170370 0.933854
0 0.232870 0.911979 0.226389 0.910156 0.218519 0.910156 0.207870 0.914323 0.204167 0.920052 0.205093 0.923958 0.208796 0.926823 0.211574 0.927865 0.222685 0.927865 0.228241 0.927083 0.233796 0.925000 0.237037 0.919531 0.236574 0.915885
0 0.267130 0.915885 0.263426 0.915104 0.253241 0.915625 0.243056 0.920833 0.237963 0.924740 0.236111 0.927604 0.236574 0.931250 0.239352 0.934115 0.243981 0.934635 0.252315 0.934115 0.268519 0.929948 0.273148 0.927865 0.275926 0.923438
0 0.260648 0.896094 0.246296 0.897135 0.239352 0.898438 0.235648 0.903646 0.235648 0.904687 0.238426 0.907552 0.247222 0.912240 0.250000 0.914583 0.253241 0.915625 0.266204 0.915104 0.267593 0.914583 0.268981 0.912500 0.269907 0.907552 0.264352 0.898438
0 0.227778 0.889583 0.218519 0.888802 0.212037 0.893750 0.207870 0.898958 0.206019 0.903646 0.206944 0.906510 0.210185 0.908594 0.221759 0.908594 0.225000 0.907813 0.228241 0.905469 0.231944 0.900260 0.233333 0.896094 0.231481 0.891927
0 0.239815 0.879948 0.236574 0.880990 0.232870 0.883594 0.229630 0.888281 0.231481 0.891667 0.234722 0.894010 0.244444 0.897135 0.253704 0.897135 0.256944 0.895312 0.259259 0.892448 0.252778 0.884896 0.251852 0.882552 0.247685 0.879687
0 0.260185 0.873177 0.251852 0.876823 0.250463 0.878125 0.249537 0.881250 0.252315 0.885156 0.258333 0.891406 0.265278 0.895833 0.271296 0.897656 0.281481 0.897656 0.285185 0.893490 0.284259 0.884896 0.280093 0.878646 0.277778 0.876302 0.268981 0.873177
0 0.312500 0.884896 0.307407 0.884896 0.300000 0.886458 0.295833 0.888802 0.292593 0.892448 0.293519 0.898177 0.296759 0.901302 0.301852 0.903906 0.309259 0.904167 0.316667 0.900781 0.320370 0.896615 0.320833 0.891146 0.319907 0.888542 0.316204 0.885417
0 0.343981 0.893229 0.333333 0.893750 0.325000 0.895573 0.321759 0.897135 0.319444 0.899740 0.319444 0.904427 0.322685 0.906771 0.331019 0.908594 0.344444 0.908333 0.348611 0.906250 0.350463 0.904167 0.350463 0.899479 0.349074 0.896615
0 0.359722 0.910156 0.351389 0.905990 0.343519 0.908073 0.329167 0.908594 0.327315 0.911458 0.326852 0.915885 0.328704 0.920573 0.334259 0.922656 0.337963 0.922917 0.353704 0.918750 0.359722 0.915625 0.361111 0.912760
0 0.313426 0.904687 0.308796 0.905990 0.307870 0.908073 0.303241 0.911979 0.302315 0.916146 0.303704 0.920312 0.306019 0.922656 0.308796 0.924219 0.316204 0.924479 0.325463 0.921875 0.327315 0.920052 0.326852 0.908594 0.320833 0.905729 0.317130 0.904687
0 0.295370 0.899219 0.287963 0.899479 0.277778 0.903646 0.272685 0.907292 0.268981 0.916146 0.273148 0.920833 0.276389 0.922135 0.281019 0.922656 0.284259 0.922135 0.292130 0.919010 0.298611 0.915625 0.306481 0.908333 0.305093 0.905469 0.298611 0.902344
0 0.287963 0.924219 0.283796 0.925781 0.278241 0.929688 0.277778 0.933854 0.278704 0.936458 0.281481 0.939323 0.293981 0.947396 0.302315 0.947656 0.304630 0.944792 0.306481 0.939583 0.302778 0.931771 0.302315 0.926823 0.300000 0.924740 0.296759 0.923958
0 0.326852 0.924740 0.324074 0.923958 0.308796 0.924479 0.303241 0.927604 0.302778 0.932292 0.305093 0.937760 0.307870 0.940104 0.316667 0.939844 0.323148 0.938021 0.329167 0.931771 0.329630 0.927083
0 0.337500 0.932813 0.330093 0.934635 0.326389 0.936458 0.324537 0.938281 0.322685 0.942969 0.323148 0.947396 0.326852 0.948698 0.332407 0.949219 0.338889 0.948958 0.346296 0.947135 0.352315 0.943490 0.351389 0.939583 0.342593 0.934375
0 0.350463 0.921354 0.345833 0.922917 0.343519 0.924740 0.341667 0.927344 0.340278 0.932031 0.343519 0.935677 0.350463 0.939844 0.357870 0.940104 0.362037 0.938802 0.365741 0.936198 0.368519 0.931771 0.369444 0.927344 0.362963 0.921615 0.360185 0.921094
0 0.376852 0.933333 0.369907 0.934635 0.366204 0.936458 0.364815 0.938021 0.361111 0.939583 0.359722 0.943490 0.361574 0.944792 0.377315 0.948958 0.380556 0.948958 0.383796 0.948177 0.385648 0.946875 0.387500 0.943750 0.387963 0.938542 0.387037 0.936979 0.382407 0.934115
0 0.370370 0.914844 0.365278 0.917188 0.362963 0.920312 0.365278 0.923958 0.369907 0.927865 0.371296 0.933594 0.379167 0.933594 0.381481 0.932552 0.388889 0.923958 0.389815 0.919531 0.388426 0.917708 0.386111 0.916667 0.378241 0.916927
0 0.385648 0.897135 0.378241 0.897396 0.368519 0.903646 0.365278 0.907552 0.365741 0.912240 0.373148 0.915885 0.378241 0.917188 0.387500 0.916146 0.392130 0.912240 0.393056 0.907292 0.390741 0.904167 0.386574 0.901042
0 0.391667 0.886719 0.385185 0.888281 0.382870 0.890104 0.381944 0.891667 0.381944 0.896875 0.383333 0.899740 0.387037 0.904427 0.392130 0.907813 0.402778 0.907292 0.407870 0.905729 0.411111 0.902604 0.412500 0.895573 0.410185 0.892708 0.404167 0.889062 0.400000 0.887500
0 0.356944 0.884375 0.350926 0.885677 0.348148 0.887240 0.346296 0.889323 0.345370 0.892969 0.347685 0.895573 0.356481 0.902083 0.364815 0.903385 0.375000 0.896615 0.376852 0.892708 0.375926 0.889323 0.371759 0.885417 0.364815 0.884115
0 0.330093 0.875521 0.320833 0.877865 0.317130 0.880729 0.317593 0.884896 0.320833 0.889323 0.325463 0.892969 0.329167 0.894271 0.341204 0.892448 0.344907 0.889583 0.347222 0.885156 0.346759 0.880990 0.344907 0.879167 0.336574 0.876302
0 0.312963 0.834635 0.308333 0.832812 0.302778 0.832031 0.296296 0.832292 0.287500 0.833594 0.279630 0.835677 0.276852 0.837240 0.274537 0.841927 0.281019 0.846354 0.284259 0.847656 0.301389 0.849740 0.304167 0.849479 0.310648 0.846875 0.312963 0.844271 0.314815 0.839323 0.314815 0.837240
0 0.312500 0.850000 0.309722 0.849219 0.294907 0.849479 0.290278 0.853385 0.284722 0.855990 0.283333 0.857552 0.283333 0.861719 0.288426 0.866667 0.292593 0.867448 0.301389 0.867448 0.304630 0.866146 0.310648 0.860417 0.314815 0.854688 0.314815 0.851823
0 0.274537 0.841146 0.268519 0.841406 0.261574 0.843229 0.250463 0.847656 0.245370 0.850521 0.243519 0.853125 0.244907 0.858333 0.248148 0.860156 0.253241 0.861198 0.261111 0.860677 0.277778 0.855208 0.281481 0.849219 0.280093 0.845573 0.276852 0.844010
0 0.260648 0.861719 0.246296 0.860156 0.239352 0.861198 0.237037 0.862240 0.236111 0.864323 0.236111 0.873177 0.239352 0.876563 0.244444 0.877083 0.251852 0.876563 0.259722 0.873177 0.262500 0.870313 0.262500 0.864844
0 0.273611 0.857292 0.266204 0.858854 0.261574 0.861198 0.262963 0.871875 0.265278 0.873177 0.267593 0.873177 0.274074 0.875000 0.281481 0.875781 0.284722 0.873698 0.287037 0.869792 0.286111 0.865104 0.283796 0.862760 0.281481 0.857812
0 0.302778 0.867448 0.293981 0.867708 0.290278 0.868490 0.287963 0.869792 0.285185 0.872917 0.283333 0.876823 0.282870 0.881250 0.285648 0.885156 0.287963 0.886458 0.296296 0.886979 0.300000 0.885938 0.308333 0.882031 0.313426 0.877344 0.313889 0.872917
0 0.315741 0.858854 0.308796 0.861979 0.305093 0.864844 0.305556 0.868750 0.317130 0.875000 0.322685 0.876042 0.328704 0.875000 0.331944 0.873177 0.334259 0.869792 0.334259 0.863802 0.332870 0.862760 0.322685 0.861458
0 0.407870 0.882812 0.405093 0.884635 0.405556 0.887500 0.412963 0.895052 0.417130 0.897396 0.427315 0.898177 0.431019 0.895052 0.436111 0.888802 0.431481 0.884115 0.427315 0.880990 0.420370 0.880208
0 0.440278 0.871094 0.433796 0.872917 0.428241 0.877083 0.427778 0.881250 0.439352 0.889062 0.448148 0.889844 0.456481 0.884896 0.458796 0.876823 0.455093 0.872917 0.448148 0.871354
0 0.468056 0.868229 0.465278 0.869010 0.459259 0.872917 0.459259 0.884896 0.468056 0.888542 0.475926 0.888802 0.478704 0.888021 0.481944 0.885417 0.487500 0.877083 0.487037 0.875521 0.484259 0.872135 0.475926 0.868229
0 0.410185 0.910937 0.406019 0.910417 0.398148 0.913542 0.391667 0.919010 0.387500 0.927083 0.389352 0.933333 0.391667 0.935417 0.400926 0.935417 0.405556 0.934635 0.411111 0.930990 0.422222 0.920573 0.421296 0.915885
0 0.413889 0.898177 0.412037 0.900521 0.410185 0.909115 0.412037 0.911198 0.418981 0.914323 0.422222 0.914583 0.426389 0.914062 0.428704 0.912760 0.431944 0.908594 0.431481 0.904687 0.428704 0.900260 0.425926 0.898438 0.423611 0.897917 0.417593 0.897656
0 0.439352 0.889844 0.433796 0.891406 0.428241 0.896354 0.427778 0.901042 0.433796 0.908854 0.441667 0.909635 0.448148 0.907552 0.453704 0.904427 0.456481 0.900000 0.455556 0.896094 0.448611 0.891406 0.444907 0.890365
0 0.469444 0.889323 0.463889 0.890885 0.460648 0.892708 0.458333 0.896094 0.459259 0.900781 0.462037 0.904427 0.468056 0.907552 0.475926 0.908073 0.479630 0.906250 0.482870 0.902344 0.485185 0.896615 0.485185 0.892448 0.478704 0.889583 0.475926 0.889062
0 0.489352 0.875781 0.484722 0.880729 0.480556 0.888802 0.483796 0.891146 0.486574 0.891927 0.500463 0.891927 0.502778 0.890885 0.503704 0.888802 0.502778 0.880729 0.496296 0.877604
0 0.524074 0.878125 0.518981 0.882031 0.509722 0.884375 0.508333 0.887500 0.508333 0.892708 0.512963 0.895573 0.518056 0.897656 0.522685 0.898698 0.526389 0.898698 0.531481 0.897656 0.532870 0.896354 0.537500 0.883854 0.535648 0.880729 0.532870 0.879427
0 0.557870 0.867969 0.551852 0.869792 0.549074 0.871875 0.546759 0.876042 0.546759 0.880990 0.551852 0.883854 0.559259 0.884375 0.572685 0.880208 0.578241 0.876823 0.566204 0.869792 0.560185 0.867969
0 0.587963 0.879167 0.582870 0.877865 0.579167 0.877604 0.565741 0.881250 0.558796 0.884635 0.556944 0.884635 0.556481 0.889062 0.559259 0.891146 0.563426 0.892708 0.563889 0.896615 0.566204 0.897396 0.573611 0.897656 0.576852 0.896615 0.586111 0.895833 0.588889 0.895052 0.592130 0.890625 0.592593 0.886719 0.590741 0.881510
0 0.537963 0.884896 0.535185 0.888542 0.534259 0.896875 0.535185 0.897396 0.544444 0.899219 0.552778 0.899219 0.563889 0.897656 0.566204 0.896615 0.563889 0.892448 0.557407 0.889323 0.556019 0.885938 0.554167 0.884375 0.550000 0.883333 0.543519 0.883073
0 0.513889 0.899740 0.512500 0.904687 0.514815 0.910156 0.518981 0.913281 0.523611 0.914844 0.543519 0.910677 0.548611 0.908333 0.549537 0.905208 0.548611 0.901302 0.547222 0.900000 0.539352 0.898438 0.521759 0.898438 0.516667 0.897917
0 0.565278 0.898698 0.558333 0.898177 0.552315 0.898958 0.548611 0.900260 0.549074 0.904687 0.545370 0.910417 0.543056 0.912240 0.551852 0.917708 0.560185 0.916406 0.574537 0.908333 0.572685 0.903646 0.568056 0.899740
0 0.580093 0.896094 0.571759 0.897917 0.569444 0.899219 0.568981 0.900781 0.572685 0.904427 0.575926 0.909896 0.584259 0.914844 0.587037 0.915625 0.593981 0.908333 0.596296 0.904427 0.596759 0.900000 0.587500 0.895833
0 0.569907 0.913021 0.563426 0.916406 0.562037 0.919792 0.565741 0.923698 0.572685 0.927083 0.577778 0.927865 0.581481 0.927865 0.587037 0.925781 0.588426 0.924219 0.589815 0.920573 0.587037 0.915625 0.582870 0.914062 0.580093 0.911979
0 0.539352 0.911458 0.527315 0.914062 0.524074 0.915885 0.525000 0.928125 0.527315 0.931771 0.531019 0.933333 0.538889 0.932552 0.541204 0.931771 0.543056 0.928906 0.550926 0.923177 0.551852 0.919531 0.550000 0.915885 0.544907 0.912760
0 0.517593 0.912500 0.510185 0.912760 0.507407 0.914323 0.503704 0.918750 0.496296 0.924219 0.493519 0.927604 0.496296 0.935417 0.499074 0.937500 0.502315 0.938542 0.511111 0.938542 0.515741 0.935937 0.522685 0.928125 0.524074 0.924479 0.524074 0.919792 0.522685 0.916406
0 0.490278 0.905208 0.485185 0.905990 0.481019 0.908073 0.472685 0.919531 0.476389 0.925521 0.478241 0.926823 0.482407 0.928125 0.488889 0.927865 0.493981 0.925521 0.505556 0.916406 0.507407 0.912760 0.506944 0.911198 0.504630 0.909896
0 0.488426 0.894531 0.483796 0.899740 0.485185 0.903385 0.495833 0.907552 0.503241 0.909635 0.510648 0.909635 0.512037 0.908333 0.512500 0.903646 0.515278 0.896354 0.510648 0.894010 0.503704 0.892188 0.495370 0.892448
0 0.445370 0.908333 0.442130 0.911458 0.442130 0.915625 0.447222 0.919271 0.459259 0.921354 0.468981 0.921094 0.471759 0.920052 0.474537 0.916146 0.475000 0.912500 0.474537 0.909635 0.473148 0.908073 0.468981 0.907292 0.462037 0.904687 0.454167 0.904687
0 0.433333 0.914583 0.427778 0.915625 0.425463 0.917188 0.423148 0.922396 0.422685 0.928906 0.424537 0.931510 0.426389 0.932552 0.434259 0.934635 0.447222 0.929167 0.449074 0.927083 0.450000 0.922135 0.448611 0.920052 0.443056 0.917448 0.441204 0.915365
0 0.420370 0.929427 0.413426 0.930469 0.406019 0.934896 0.406019 0.939844 0.409259 0.942969 0.412963 0.944792 0.420370 0.945052 0.424537 0.943490 0.431019 0.939583 0.432870 0.936458 0.431944 0.934115
0 0.607870 0.872396 0.605093 0.873177 0.600463 0.873437 0.593056 0.877083 0.591204 0.881250 0.593519 0.887240 0.596296 0.890104 0.600463 0.892188 0.608333 0.891406 0.622685 0.884896 0.622685 0.880729 0.619907 0.876563 0.608796 0.873177
0 0.628704 0.878646 0.626852 0.880469 0.625463 0.884896 0.629167 0.889323 0.635185 0.892188 0.643056 0.892188 0.650926 0.890365 0.654167 0.888802 0.656019 0.885938 0.656019 0.882031 0.655093 0.879687 0.653241 0.878125 0.650463 0.877344 0.633796 0.877344
0 0.671296 0.892448 0.667593 0.890104 0.663426 0.888542 0.656481 0.889062 0.638426 0.893750 0.635185 0.895573 0.631944 0.900260 0.632870 0.902604 0.636574 0.905208 0.640278 0.905990 0.650926 0.905729 0.664352 0.903385 0.669907 0.901563 0.671759 0.900000 0.672685 0.895833
0 0.626852 0.886979 0.620833 0.886198 0.612963 0.888542 0.603241 0.892708 0.601852 0.895573 0.601389 0.900521 0.605093 0.902865 0.607407 0.903646 0.625926 0.902865 0.630556 0.901563 0.634259 0.896875 0.633796 0.892448
0 0.628704 0.902083 0.610185 0.903385 0.607870 0.904167 0.606481 0.908594 0.607870 0.912240 0.616667 0.920052 0.621296 0.922656 0.624537 0.922135 0.627315 0.920052 0.632870 0.908594 0.633333 0.904167
0 0.635185 0.905208 0.631481 0.911719 0.631019 0.916667 0.632407 0.919531 0.634259 0.921354 0.639815 0.923958 0.648148 0.923958 0.651389 0.923438 0.656019 0.921094 0.658333 0.917708 0.658796 0.911979 0.656481 0.908073 0.653704 0.906510 0.650000 0.905729 0.641667 0.905990
0 0.681481 0.902604 0.677778 0.901823 0.670370 0.901823 0.662037 0.904427 0.661111 0.912240 0.662963 0.919010 0.671296 0.919531 0.684259 0.917448 0.688889 0.915625 0.690741 0.913281 0.689815 0.908333 0.687500 0.905729
0 0.691204 0.874219 0.678704 0.880729 0.676389 0.884375 0.676389 0.893229 0.677778 0.894531 0.680556 0.895312 0.684259 0.895573 0.691204 0.892708 0.699537 0.890885 0.701852 0.889583 0.705093 0.885417 0.704630 0.880729 0.703241 0.878906
0 0.697685 0.891406 0.690741 0.892969 0.686574 0.895312 0.684259 0.899219 0.684722 0.903125 0.687037 0.905729 0.692593 0.909375 0.698611 0.911198 0.706481 0.911719 0.708796 0.911198 0.711111 0.909115 0.712500 0.901823 0.712037 0.896354 0.710185 0.894010 0.706019 0.891927
0 0.718519 0.877865 0.712500 0.878646 0.709259 0.880469 0.707407 0.883333 0.706019 0.889323 0.707407 0.892188 0.711574 0.895833 0.719444 0.897135 0.732407 0.895312 0.735185 0.892708 0.735648 0.888542 0.734259 0.884635 0.730556 0.881510 0.726389 0.879687
0 0.731019 0.897396 0.725463 0.896354 0.717130 0.897396 0.714352 0.898698 0.713426 0.900521 0.718519 0.907813 0.725926 0.908333 0.730093 0.906510 0.734259 0.900521 0.732870 0.898177
0 0.738426 0.883594 0.736111 0.884896 0.736111 0.890885 0.737037 0.892708 0.743056 0.897135 0.753241 0.900260 0.760185 0.903646 0.765278 0.902083 0.772222 0.896354 0.774074 0.892708 0.772685 0.888281 0.763426 0.883854 0.754630 0.882031 0.745833 0.881771
0 0.699074 0.914323 0.698148 0.913802 0.692130 0.914062 0.684259 0.916927 0.670833 0.919271 0.662963 0.919792 0.663426 0.923958 0.666204 0.927604 0.669444 0.929948 0.675463 0.931771 0.678241 0.931771 0.683796 0.930208 0.694907 0.924740 0.698148 0.920312 0.699537 0.916667
0 0.702778 0.913542 0.700000 0.915104 0.697222 0.919531 0.697222 0.923958 0.700926 0.927604 0.704630 0.929167 0.711574 0.930469 0.719444 0.930729 0.723611 0.929688 0.727315 0.927604 0.728704 0.924479 0.727778 0.919531 0.724074 0.915885 0.720370 0.914062 0.712963 0.912500 0.709259 0.912500
0 0.729167 0.919010 0.728704 0.920573 0.731481 0.923958 0.736574 0.927604 0.744907 0.931510 0.747222 0.932031 0.754167 0.932031 0.758796 0.929427 0.762037 0.923177 0.760648 0.919271 0.757407 0.917188 0.747685 0.915625 0.738889 0.915625 0.731481 0.917708
0 0.746759 0.897917 0.737500 0.898698 0.734259 0.899740 0.731019 0.903906 0.731481 0.908333 0.733796 0.912240 0.738889 0.915104 0.747685 0.915365 0.754167 0.914062 0.757870 0.911719 0.760185 0.908333 0.759259 0.904167 0.757407 0.902344 0.752778 0.899740
0 0.766667 0.908854 0.762963 0.910417 0.761111 0.912240 0.759722 0.916146 0.761574 0.920833 0.764352 0.923438 0.768981 0.925781 0.774537 0.926823 0.778704 0.926042 0.781481 0.924479 0.784722 0.919531 0.785185 0.915365 0.781019 0.911198 0.775000 0.908333
0 0.797222 0.920573 0.792593 0.923177 0.789815 0.927865 0.792130 0.931771 0.797685 0.934635 0.808796 0.937500 0.814815 0.938281 0.819907 0.937760 0.823148 0.935677 0.823148 0.931510 0.821296 0.927344 0.817593 0.923438 0.809259 0.919531 0.801389 0.919271
0 0.819444 0.938021 0.817130 0.941146 0.816667 0.943750 0.818981 0.947656 0.824537 0.951302 0.830093 0.952604 0.838889 0.952865 0.845370 0.952083 0.850000 0.950000 0.851389 0.947917 0.851389 0.943229 0.848148 0.940104 0.843056 0.937760 0.837037 0.935937 0.829167 0.935677 0.822222 0.936458
0 0.850926 0.860677 0.845370 0.859635 0.836574 0.860156 0.826852 0.862760 0.816667 0.867188 0.815278 0.868750 0.814352 0.873437 0.817593 0.877344 0.823148 0.880990 0.829167 0.882292 0.836111 0.881250 0.846759 0.875000 0.851389 0.870052 0.853704 0.865365 0.852778 0.862500
0 0.788426 0.862760 0.784259 0.865625 0.782870 0.867969 0.782870 0.872135 0.785648 0.875781 0.787963 0.877083 0.793981 0.877604 0.809259 0.876823 0.811574 0.875260 0.813889 0.871875 0.813889 0.868490 0.809259 0.863281 0.805556 0.861979 0.794444 0.861458
0 0.779630 0.874740 0.776389 0.875521 0.772685 0.877604 0.768981 0.880990 0.771296 0.884635 0.776389 0.889323 0.779630 0.891146 0.788426 0.892708 0.792130 0.891667 0.795370 0.889844 0.801389 0.884896 0.803704 0.881250 0.803704 0.878646 0.802315 0.877083 0.789352 0.877083 0.783796 0.875000
0 0.749537 0.863021 0.744444 0.865365 0.743981 0.873177 0.746759 0.877865 0.749537 0.879427 0.753704 0.880469 0.761574 0.880729 0.767130 0.879687 0.773148 0.877083 0.777315 0.873177 0.775000 0.869271 0.771759 0.867188 0.762963 0.864323 0.754167 0.862240