0 0.770370 0.466667 0.768981 0.469010 0.769907 0.474740 0.774537 0.477865 0.780556 0.478646 0.788426 0.478646 0.795833 0.477344 0.801389 0.474740 0.803241 0.471354 0.802778 0.469792 0.798611 0.466927 0.787963 0.463802 0.782870 0.463021 0.776852 0.463281 0.774537 0.463802
0 0.949537 0.657813 0.947222 0.657813 0.938889 0.660417 0.933333 0.663542 0.931481 0.665625 0.931944 0.670052 0.933333 0.671094 0.939352 0.673698 0.947685 0.676042 0.952778 0.674740 0.955093 0.673177 0.958796 0.665104 0.958796 0.661458 0.957407 0.659635 0.955093 0.658333 0.950926 0.658333
0 0.925000 0.677604 0.922222 0.681510 0.922222 0.685937 0.925000 0.689583 0.931019 0.693490 0.940741 0.695573 0.954630 0.694271 0.956944 0.693490 0.959722 0.689583 0.960648 0.685417 0.956481 0.680990 0.952778 0.679688 0.947222 0.675781 0.941667 0.674219 0.933796 0.674479 0.931481 0.675781
0 0.955093 0.695052 0.948148 0.695573 0.945370 0.696875 0.938426 0.701562 0.933796 0.703646 0.931481 0.708854 0.933796 0.713021 0.947222 0.717448 0.954630 0.715885 0.958796 0.713021 0.962037 0.709375 0.962037 0.700000
0 0.940741 0.718750 0.933796 0.723177 0.931944 0.728125 0.932870 0.732812 0.937963 0.736458 0.947685 0.738802 0.955556 0.738542 0.960185 0.736458 0.963426 0.732031 0.963889 0.727865 0.962500 0.724479 0.953704 0.719792 0.948148 0.718750
0 0.921296 0.727083 0.905093 0.727865 0.902778 0.728646 0.897685 0.732292 0.899074 0.736458 0.903704 0.739323 0.907870 0.744010 0.910185 0.744792 0.914352 0.745052 0.922222 0.744271 0.926852 0.742708 0.929630 0.740365 0.931944 0.736458 0.931019 0.733594 0.925463 0.728646
0 0.885185 0.736198 0.877315 0.739844 0.876852 0.744531 0.878241 0.746615 0.881481 0.748698 0.890741 0.752083 0.901389 0.752083 0.905093 0.749219 0.906019 0.745052 0.907407 0.744271 0.899537 0.736719 0.896296 0.735677 0.891204 0.735417
0 0.952778 0.767448 0.950926 0.768490 0.947685 0.769010 0.940741 0.772396 0.937963 0.775260 0.940278 0.779167 0.944444 0.780469 0.949074 0.783333 0.962037 0.785417 0.967593 0.783854 0.971759 0.781510 0.973611 0.776302 0.972685 0.771875 0.969444 0.770052 0.962037 0.767708
0 0.732407 0.718750 0.728704 0.723437 0.727778 0.726042 0.728241 0.732552 0.730093 0.736198 0.739352 0.741406 0.749537 0.740365 0.753241 0.739323 0.756944 0.736719 0.756944 0.732292 0.756019 0.728385 0.751852 0.724219 0.744444 0.720052 0.739815 0.718750
0 0.759259 0.732031 0.760185 0.734375 0.764815 0.736979 0.768519 0.738021 0.770833 0.739323 0.772222 0.741406 0.775000 0.742708 0.781944 0.743750 0.796759 0.742188 0.800000 0.741406 0.801389 0.740365 0.799074 0.738281 0.795833 0.732292 0.786574 0.728385 0.775000 0.725521 0.767130 0.726042 0.763889 0.727865 0.762500 0.729948
0 0.739352 0.745313 0.738426 0.747396 0.738889 0.752344 0.745833 0.756250 0.752778 0.757031 0.767593 0.756250 0.772222 0.753125 0.775463 0.752083 0.774537 0.747917 0.768519 0.744010 0.760648 0.741667 0.753704 0.740885 0.746296 0.741406
0 0.746759 0.755729 0.743981 0.756771 0.739352 0.757031 0.733333 0.759115 0.731481 0.760417 0.730556 0.762500 0.730556 0.768490 0.732407 0.771094 0.739815 0.775521 0.746759 0.775781 0.754167 0.771615 0.757870 0.767708 0.758333 0.765104 0.760648 0.763802 0.756019 0.761719 0.754630 0.759375 0.750000 0.757812
0 0.712037 0.746875 0.704630 0.746875 0.700926 0.747917 0.696296 0.751042 0.692130 0.755729 0.690741 0.759375 0.691667 0.763802 0.693981 0.768490 0.697685 0.770312 0.708333 0.767969 0.713426 0.767448 0.719444 0.765625 0.722685 0.763021 0.724537 0.758073 0.726389 0.755990 0.724074 0.751823 0.719444 0.750521 0.716204 0.747917
0 0.718519 0.797917 0.713426 0.803125 0.714815 0.806771 0.719907 0.810937 0.725000 0.812500 0.732407 0.812760 0.739352 0.814323 0.748148 0.813542 0.751852 0.811719 0.754630 0.807292 0.754630 0.803646 0.752315 0.799219 0.748611 0.796875 0.739815 0.794792 0.731944 0.794792 0.729630 0.795573 0.725000 0.795833
0 0.775000 0.808854 0.769444 0.809375 0.765741 0.810937 0.759259 0.812240 0.756944 0.814063 0.756944 0.818750 0.758333 0.821615 0.762037 0.824479 0.763889 0.827344 0.767130 0.828646 0.786574 0.826302 0.788889 0.824219 0.790278 0.818229 0.788426 0.815625
0 0.787963 0.799479 0.784722 0.801823 0.781944 0.802604 0.778241 0.806510 0.783796 0.811458 0.793981 0.817708 0.799537 0.818750 0.803241 0.818750 0.809259 0.817708 0.812963 0.814583 0.814815 0.806510 0.809722 0.803125 0.805093 0.801823 0.795370 0.800000
0 0.779630 0.786458 0.779167 0.791146 0.788426 0.797135 0.795833 0.799219 0.800926 0.800000 0.808333 0.799740 0.812037 0.798177 0.816667 0.797396 0.820370 0.795052 0.820370 0.790885 0.818056 0.786458 0.802315 0.780990 0.794444 0.780469 0.787963 0.781510 0.783333 0.783333
0 0.789352 0.837500 0.784722 0.841667 0.783333 0.844792 0.784259 0.850260 0.787037 0.854167 0.795833 0.857552 0.806019 0.857812 0.810185 0.857292 0.817130 0.853646 0.818519 0.851562 0.819907 0.846615 0.819907 0.843229 0.818519 0.840365 0.816204 0.838802 0.807407 0.836198 0.800463 0.835938
0 0.739815 0.827344 0.732407 0.827604 0.729630 0.829167 0.718519 0.832292 0.716204 0.833854 0.718056 0.838802 0.725926 0.843750 0.732870 0.844792 0.743056 0.834375 0.743981 0.829948
0 0.699537 0.833854 0.697222 0.833594 0.691667 0.834375 0.683796 0.836979 0.676852 0.842708 0.675926 0.844271 0.676389 0.850781 0.679630 0.854688 0.682407 0.855990 0.691667 0.857031 0.702315 0.855469 0.705093 0.854688 0.712963 0.850000 0.713889 0.844531 0.709259 0.838021 0.706019 0.835938
0 0.662500 0.838802 0.652315 0.841146 0.650000 0.842708 0.647685 0.845833 0.650000 0.849740 0.657870 0.854948 0.662963 0.856771 0.670370 0.857812 0.673611 0.856250 0.675000 0.854427 0.675000 0.845573 0.673148 0.841667 0.670370 0.839844
0 0.670370 0.814323 0.665741 0.818229 0.668056 0.830469 0.669907 0.833854 0.680093 0.835156 0.684259 0.835156 0.688889 0.834115 0.691204 0.833073 0.692593 0.830729 0.694907 0.823177 0.694444 0.818490 0.688889 0.815365 0.688426 0.814323 0.684722 0.813021
0 0.650463 0.806510 0.641204 0.806510 0.639352 0.807813 0.635185 0.808333 0.632407 0.810156 0.630556 0.814323 0.635185 0.822917 0.637963 0.824740 0.642130 0.826042 0.650926 0.824740 0.655556 0.823438 0.659722 0.821615 0.662963 0.818750 0.662500 0.814323 0.659722 0.810417
0 0.629167 0.814323 0.625926 0.815104 0.620370 0.815365 0.614815 0.816927 0.612037 0.818229 0.608796 0.822135 0.611574 0.829167 0.621296 0.833333 0.628704 0.832292 0.631481 0.830208 0.634259 0.825781 0.634722 0.821615 0.631944 0.818229 0.631481 0.816146
0 0.600926 0.797396 0.593056 0.798438 0.584722 0.802604 0.585185 0.814844 0.586574 0.817448 0.589352 0.818490 0.602315 0.818490 0.608333 0.813542 0.610648 0.810417 0.611111 0.805990 0.610185 0.802344
0 0.573148 0.796615 0.565741 0.797135 0.564352 0.798177 0.558796 0.799740 0.555556 0.802604 0.555093 0.806510 0.551389 0.810677 0.551852 0.819010 0.555093 0.820052 0.558333 0.822396 0.565741 0.823958 0.573148 0.823698 0.581019 0.818490 0.582407 0.815625 0.582870 0.802344 0.581019 0.800260
0 0.541204 0.786979 0.537963 0.791406 0.539352 0.795052 0.544444 0.799740 0.551389 0.801302 0.556481 0.800781 0.566204 0.795312 0.564352 0.790885 0.552778 0.786458
0 0.502315 0.806250 0.505093 0.810417 0.511111 0.812500 0.525926 0.812760 0.533333 0.810937 0.538426 0.810677 0.539815 0.808333 0.539815 0.806510 0.538426 0.805729 0.533796 0.805208 0.530093 0.802604 0.509722 0.800000 0.506019 0.801562
0 0.503241 0.790625 0.496296 0.790104 0.493981 0.791406 0.480093 0.795052 0.475000 0.797396 0.473148 0.799740 0.472685 0.803125 0.474074 0.805208 0.477778 0.807552 0.481481 0.808854 0.486574 0.809635 0.494907 0.809375 0.499537 0.807552 0.504167 0.803125 0.506944 0.798958 0.504630 0.792188
0 0.430556 0.798958 0.430093 0.802865 0.433796 0.806510 0.437963 0.808073 0.442130 0.810677 0.450926 0.811719 0.456481 0.811719 0.462500 0.810677 0.466667 0.806771 0.467593 0.801823 0.465741 0.796354 0.462037 0.793750 0.452778 0.793750 0.447222 0.792969 0.440741 0.795573 0.433796 0.796354
0 0.461574 0.811198 0.460185 0.812240 0.458333 0.817969 0.460648 0.821094 0.464815 0.822656 0.475000 0.823958 0.482407 0.826042 0.483796 0.825781 0.487963 0.822396 0.487963 0.818229 0.482870 0.813021 0.475926 0.809635 0.471296 0.809896 0.467593 0.810937
0 0.432870 0.816406 0.431481 0.817708 0.430556 0.822917 0.432407 0.830729 0.434722 0.834115 0.446296 0.839323 0.456019 0.839844 0.463889 0.834375 0.466667 0.830469 0.462500 0.823958 0.456019 0.819792 0.451389 0.818229 0.442130 0.816667
0 0.420370 0.821875 0.414815 0.820833 0.404630 0.821615 0.391667 0.826042 0.388889 0.829167 0.390278 0.834115 0.398148 0.838021 0.404630 0.838802 0.413889 0.838542 0.420370 0.835938 0.423148 0.834115 0.424537 0.830469 0.423611 0.825781
0 0.393056 0.811198 0.378241 0.811458 0.373148 0.814323 0.372685 0.819531 0.375000 0.825260 0.376389 0.826302 0.383333 0.827344 0.385185 0.828646 0.389815 0.827865 0.392130 0.826042 0.398611 0.823698 0.402315 0.821094 0.402778 0.817448 0.400463 0.814323
0 0.413426 0.792448 0.406019 0.792448 0.398611 0.794010 0.390741 0.796354 0.387963 0.798177 0.388889 0.806771 0.390278 0.808333 0.399074 0.813281 0.406481 0.813802 0.408796 0.813021 0.417130 0.807813 0.421759 0.803385 0.422685 0.799479 0.421759 0.797135
0 0.357407 0.790885 0.350926 0.791667 0.343519 0.794271 0.343056 0.795573 0.344444 0.798958 0.344444 0.802865 0.351852 0.806771 0.356944 0.808333 0.365741 0.807552 0.371759 0.804427 0.374074 0.800000 0.374074 0.795312 0.372222 0.792969 0.369907 0.792188
0 0.330556 0.780729 0.319444 0.782813 0.304630 0.790885 0.303704 0.795312 0.305093 0.798438 0.307407 0.800260 0.314352 0.802865 0.323148 0.804167 0.330556 0.802344 0.336574 0.798958 0.339352 0.795052 0.339815 0.792448 0.341204 0.791667 0.343981 0.791406 0.343981 0.790625 0.338889 0.790625 0.337500 0.790104 0.337500 0.787500 0.335648 0.783073
0 0.350926 0.806510 0.342593 0.804167 0.334259 0.804167 0.328241 0.805469 0.322685 0.810417 0.321296 0.815104 0.322685 0.817708 0.329630 0.823177 0.339815 0.820573 0.353704 0.814583 0.354167 0.810156
0 0.357407 0.813542 0.350463 0.817448 0.347685 0.818229 0.346759 0.822917 0.348148 0.826042 0.356944 0.829167 0.362963 0.829688 0.371759 0.829427 0.375000 0.826302 0.374537 0.822135 0.371759 0.816667 0.365278 0.813542
0 0.314352 0.831771 0.309722 0.838021 0.317130 0.844531 0.323148 0.845833 0.336111 0.845833 0.343981 0.844792 0.349074 0.841927 0.351852 0.837240 0.349074 0.829688 0.345370 0.827344 0.337037 0.825781 0.329630 0.825521 0.325000 0.827604 0.318519 0.829427
0 0.365741 0.839844 0.357870 0.840104 0.353704 0.841927 0.349074 0.842708 0.346296 0.845052 0.346296 0.846354 0.349074 0.850000 0.356944 0.854948 0.365278 0.853906 0.367130 0.853125 0.369444 0.850521 0.369907 0.841667
0 0.408333 0.840625 0.399074 0.837760 0.393056 0.836719 0.385185 0.836458 0.377778 0.837240 0.369907 0.841667 0.369907 0.849740 0.373611 0.853385 0.378241 0.855469 0.394444 0.854427 0.397222 0.853646 0.409259 0.847396 0.410648 0.845313
0 0.413426 0.848698 0.402315 0.851042 0.398148 0.853906 0.394907 0.858594 0.388889 0.861198 0.390741 0.865104 0.399537 0.868490 0.407407 0.868490 0.412963 0.865365 0.416204 0.861458 0.416204 0.852083 0.414815 0.849479
0 0.441667 0.840885 0.431944 0.840885 0.426852 0.841667 0.418519 0.845313 0.416667 0.847135 0.415741 0.850000 0.417593 0.857552 0.426852 0.866406 0.433796 0.865365 0.440741 0.861719 0.446296 0.857812 0.450000 0.853646 0.450926 0.849219 0.449537 0.845833
0 0.467593 0.840365 0.459259 0.841667 0.455556 0.843750 0.453241 0.846875 0.453241 0.850521 0.455093 0.852865 0.456944 0.859896 0.458796 0.862500 0.461111 0.863542 0.468981 0.864844 0.475000 0.862760 0.479630 0.857552 0.481481 0.853385 0.481944 0.845313 0.476852 0.841667
0 0.474537 0.827865 0.469907 0.829427 0.467593 0.834115 0.470833 0.836458 0.473611 0.840104 0.476852 0.840885 0.482870 0.839844 0.487037 0.836458 0.488889 0.833854 0.486574 0.830729 0.483796 0.829167 0.479630 0.828125
0 0.503704 0.826302 0.497222 0.829948 0.494907 0.836719 0.495833 0.841406 0.505093 0.844010 0.510648 0.844792 0.515278 0.842969 0.518981 0.840365 0.520833 0.838021 0.520833 0.833594 0.517593 0.828646 0.511574 0.826042
0 0.544907 0.821094 0.543519 0.822135 0.543056 0.830729 0.544907 0.834375 0.547222 0.835677 0.548611 0.837760 0.550926 0.838802 0.559259 0.839583 0.566204 0.837240 0.568981 0.835417 0.572685 0.830208 0.571759 0.828385 0.568981 0.826302 0.562500 0.824740 0.552778 0.821094
0 0.531019 0.838021 0.528704 0.840885 0.527778 0.846094 0.528704 0.849740 0.534259 0.853646 0.541204 0.854688 0.553241 0.854948 0.560185 0.853646 0.566204 0.849740 0.563426 0.845313 0.560648 0.842969 0.549537 0.839583 0.545833 0.837240 0.536574 0.836979
0 0.600926 0.837500 0.595833 0.836719 0.586574 0.836719 0.579630 0.839583 0.575926 0.844531 0.570370 0.849479 0.570370 0.853646 0.573611 0.857292 0.580093 0.858854 0.587500 0.859635 0.600000 0.857552 0.608333 0.853385 0.610648 0.849219 0.610648 0.844271 0.608796 0.841927
0 0.578241 0.822135 0.576852 0.826562 0.578704 0.830208 0.585185 0.833854 0.587500 0.836198 0.601389 0.836719 0.607870 0.833854 0.610185 0.829948 0.607870 0.822656 0.606481 0.821875 0.600000 0.820052 0.587500 0.819792
0 0.643519 0.830729 0.632870 0.831250 0.628704 0.832292 0.624537 0.834635 0.623611 0.837240 0.624074 0.842187 0.628241 0.846094 0.634722 0.847917 0.639815 0.846615 0.642130 0.845052 0.644444 0.841927 0.644907 0.837760 0.649537 0.834635 0.649537 0.833073
0 0.617130 0.849479 0.614352 0.853125 0.615741 0.857292 0.621296 0.863802 0.624074 0.865885 0.627778 0.867448 0.642593 0.867188 0.648148 0.865104 0.650926 0.861719 0.650463 0.857812 0.649537 0.855990 0.644907 0.852604 0.638426 0.850781 0.635648 0.848958 0.628704 0.848177 0.620833 0.848177
0 0.663426 0.863281 0.656944 0.862760 0.650926 0.863021 0.647222 0.864323 0.642130 0.865104 0.642130 0.869010 0.635648 0.876563 0.637037 0.881250 0.641204 0.884896 0.648611 0.886719 0.656481 0.886719 0.661574 0.885156 0.665278 0.882292 0.667130 0.879167 0.668519 0.872656 0.666204 0.865625
0 0.676389 0.857292 0.667130 0.863802 0.666667 0.866146 0.668519 0.870313 0.674074 0.873177 0.678241 0.874219 0.693519 0.874740 0.698148 0.873958 0.700926 0.869792 0.700463 0.865365 0.698611 0.863281 0.689815 0.857292 0.685185 0.856510
0 0.705093 0.860938 0.706481 0.865365 0.711574 0.868490 0.715741 0.869271 0.732870 0.870313 0.736574 0.867708 0.737963 0.865625 0.737037 0.860677 0.729167 0.855729 0.725926 0.854948 0.708796 0.858854
0 0.725463 0.873698 0.723611 0.876563 0.722685 0.880729 0.725463 0.889062 0.728241 0.890625 0.732407 0.896354 0.738889 0.899479 0.746759 0.898698 0.754167 0.892708 0.754167 0.888021 0.749537 0.880729 0.744907 0.876823 0.739815 0.874219
0 0.755093 0.869010 0.750000 0.872656 0.748148 0.877344 0.750000 0.881510 0.758796 0.887240 0.767593 0.887240 0.774537 0.882552 0.776389 0.879948 0.777315 0.876823 0.774537 0.870833 0.772222 0.869010 0.768519 0.868229 0.760185 0.868229
0 0.802315 0.883594 0.794907 0.883854 0.792130 0.884635 0.781019 0.892969 0.779167 0.896094 0.779630 0.897396 0.787963 0.904167 0.795370 0.904427 0.806481 0.900521 0.807407 0.896354 0.804630 0.884635
0 0.704630 0.884115 0.697222 0.891927 0.699074 0.896615 0.705556 0.900260 0.711574 0.901823 0.719444 0.901563 0.726852 0.900521 0.730093 0.896354 0.728704 0.895312 0.726852 0.891406 0.723148 0.888281 0.712037 0.883854
0 0.697685 0.877344 0.685648 0.875521 0.676852 0.876042 0.673148 0.880729 0.671296 0.887760 0.673148 0.895573 0.676852 0.897917 0.688889 0.896615 0.691204 0.895052 0.693519 0.894792 0.696296 0.893490 0.698148 0.889323 0.697222 0.884896 0.702315 0.884115 0.703241 0.880729
0 0.603704 0.876823 0.602778 0.878646 0.600000 0.880729 0.600000 0.885938 0.601852 0.889323 0.606944 0.892708 0.614815 0.892969 0.627778 0.890365 0.631481 0.888802 0.634722 0.885156 0.634722 0.881250 0.628241 0.876042 0.620833 0.874740 0.607407 0.875000
0 0.586111 0.874219 0.581019 0.875521 0.576852 0.878125 0.572685 0.883073 0.572222 0.886719 0.572685 0.888802 0.579630 0.891927 0.588426 0.892708 0.593519 0.891927 0.598611 0.888802 0.599537 0.882031 0.596759 0.877865 0.591667 0.875260
0 0.536111 0.869531 0.533333 0.872917 0.531944 0.877083 0.534259 0.880990 0.537963 0.883333 0.545370 0.883594 0.560648 0.880990 0.562963 0.878385 0.566204 0.877083 0.562500 0.869010 0.551389 0.869010 0.543519 0.868229 0.537500 0.868750
0 0.503241 0.851042 0.496759 0.853385 0.494444 0.855990 0.492593 0.860417 0.492593 0.865625 0.494444 0.869010 0.496296 0.870052 0.503704 0.870833 0.513426 0.869271 0.518056 0.866667 0.521296 0.861458 0.521296 0.857031 0.511574 0.852083
0 0.364352 0.855469 0.356481 0.857812 0.350926 0.860677 0.351389 0.864844 0.354167 0.867448 0.357407 0.873958 0.363426 0.875781 0.372222 0.877083 0.378704 0.875781 0.381019 0.873698 0.383333 0.869531 0.382870 0.865104 0.378704 0.860417 0.371759 0.856510
0 0.322685 0.862240 0.315741 0.867708 0.314352 0.873177 0.316204 0.876823 0.320833 0.879167 0.322222 0.880990 0.324074 0.881771 0.337037 0.882292 0.345370 0.880990 0.350926 0.877344 0.352315 0.873437 0.351852 0.868490 0.348611 0.865104 0.344907 0.863281 0.335185 0.861198 0.328704 0.860938
0 0.315741 0.844010 0.308333 0.849479 0.315741 0.855729 0.327315 0.859896 0.330556 0.860156 0.336574 0.858854 0.340278 0.853125 0.340741 0.848698 0.339352 0.846615 0.337500 0.845573 0.329630 0.845573
0 0.317130 0.814583 0.309722 0.811458 0.300926 0.811719 0.293519 0.813021 0.286111 0.817448 0.283796 0.822135 0.285648 0.826302 0.287963 0.827865 0.295370 0.828125 0.301852 0.829427 0.309722 0.829167 0.315741 0.827865 0.319444 0.826042 0.320370 0.823438 0.320370 0.817969
0 0.251852 0.832292 0.250463 0.833854 0.251389 0.838021 0.257407 0.840104 0.260185 0.841927 0.263426 0.842448 0.277315 0.841927 0.280556 0.841146 0.282407 0.840104 0.284722 0.836719 0.288426 0.835156 0.288889 0.834115 0.288426 0.830729 0.281944 0.826562 0.273148 0.826823 0.267130 0.826042 0.261111 0.827083
0 0.268056 0.808594 0.260185 0.808594 0.246296 0.810677 0.242130 0.814583 0.244444 0.818229 0.250463 0.823177 0.261111 0.825521 0.271759 0.822135 0.275000 0.814323 0.271759 0.810417
0 0.258796 0.789583 0.249537 0.789323 0.239352 0.790885 0.233333 0.794792 0.237500 0.802865 0.239352 0.804948 0.246296 0.809635 0.253704 0.808594 0.261111 0.806510 0.263426 0.805208 0.264815 0.802083 0.268056 0.798958 0.268519 0.794792
0 0.287963 0.790885 0.283796 0.793490 0.281019 0.796354 0.279630 0.803125 0.282407 0.808333 0.284722 0.809896 0.288426 0.810677 0.296759 0.807292 0.303704 0.802865 0.304630 0.798698 0.302315 0.794531 0.294444 0.791927
0 0.204630 0.799479 0.198611 0.802604 0.197685 0.807292 0.200000 0.811458 0.202778 0.814583 0.211111 0.818490 0.218981 0.818490 0.227315 0.814323 0.230093 0.811198 0.230093 0.806510 0.225926 0.803385 0.212500 0.799219
0 0.183796 0.804167 0.179167 0.805469 0.175926 0.807292 0.174537 0.809896 0.174074 0.814583 0.181944 0.817969 0.188889 0.818750 0.191204 0.819531 0.191667 0.818490 0.199074 0.814583 0.196759 0.810677 0.196296 0.806771 0.193519 0.804948
0 0.161111 0.792969 0.159259 0.798438 0.160185 0.803125 0.162500 0.804948 0.169907 0.806250 0.176852 0.805990 0.183333 0.804167 0.196759 0.804167 0.198148 0.803646 0.199537 0.800260 0.203241 0.798958 0.198148 0.795573 0.195370 0.794792 0.183796 0.793750 0.177315 0.789583 0.168056 0.790365
0 0.137500 0.788021 0.132407 0.790104 0.127315 0.794271 0.128241 0.797917 0.130093 0.799219 0.135185 0.800000 0.137500 0.802865 0.144444 0.806771 0.148148 0.807552 0.156481 0.807292 0.160185 0.803125 0.159722 0.794271 0.158333 0.790885 0.153704 0.788021 0.150463 0.787240 0.141204 0.787240
0 0.092130 0.795833 0.090278 0.798177 0.091667 0.802865 0.098148 0.808854 0.113889 0.811458 0.122222 0.810156 0.124537 0.809115 0.126852 0.806771 0.129167 0.800000 0.128241 0.797135 0.125926 0.795312 0.122222 0.794271 0.115278 0.793490 0.104630 0.793490 0.097222 0.794010
0 0.094444 0.811458 0.091204 0.813542 0.086574 0.821875 0.087037 0.827083 0.090741 0.830208 0.099074 0.832552 0.104630 0.832812 0.110185 0.832292 0.115741 0.830208 0.118981 0.826302 0.120370 0.821094 0.119444 0.814323 0.116204 0.812240 0.107407 0.810937
0 0.168519 0.815104 0.163426 0.818490 0.159722 0.823698 0.158796 0.826562 0.161111 0.829427 0.164352 0.830729 0.170370 0.831771 0.184259 0.831771 0.191667 0.829948 0.194907 0.827083 0.194444 0.823698 0.192130 0.820052 0.188426 0.818229 0.171296 0.814583
0 0.142593 0.827344 0.135185 0.827604 0.129630 0.829688 0.121759 0.837760 0.122685 0.841927 0.128704 0.844792 0.135185 0.845833 0.143056 0.845573 0.153241 0.844010 0.158333 0.841927 0.158796 0.837240 0.155093 0.831771 0.150926 0.829167
0 0.105093 0.835417 0.100926 0.836979 0.097222 0.841406 0.100463 0.853385 0.106944 0.858594 0.112963 0.859115 0.122222 0.858594 0.131944 0.853125 0.133333 0.849740 0.131944 0.845573 0.123148 0.842448 0.121759 0.840885 0.120370 0.841927 0.114815 0.842448 0.113426 0.841667 0.114352 0.838802 0.116667 0.837760 0.114815 0.837760 0.110648 0.835417
0 0.156944 0.843490 0.142593 0.845313 0.140278 0.846094 0.137963 0.848437 0.136111 0.855729 0.136111 0.865365 0.141667 0.867708 0.143056 0.867708 0.155093 0.863021 0.164352 0.857552 0.165741 0.852083 0.162963 0.848698 0.162963 0.846354 0.161111 0.844792
0 0.197685 0.826042 0.193981 0.829688 0.194444 0.839063 0.197685 0.846875 0.203241 0.847656 0.213889 0.847135 0.216204 0.846094 0.219444 0.842969 0.221296 0.837760 0.217593 0.834635 0.214815 0.829688 0.212037 0.826823 0.205556 0.825260
0 0.230093 0.816146 0.218519 0.819531 0.214815 0.826562 0.216667 0.828385 0.220370 0.830208 0.219907 0.834635 0.220833 0.835677 0.231944 0.840104 0.233796 0.840104 0.237037 0.839323 0.244907 0.834115 0.246759 0.830208 0.247222 0.825781 0.242593 0.818490 0.239352 0.816667
0 0.289352 0.843490 0.287963 0.842708 0.281019 0.841406 0.263889 0.844010 0.257870 0.849219 0.256481 0.853646 0.261111 0.856771 0.266667 0.858073 0.274074 0.857812 0.281944 0.858594 0.288426 0.857031 0.292130 0.853906 0.291667 0.847135
0 0.227315 0.853385 0.223611 0.857292 0.223611 0.861979 0.227315 0.865365 0.231944 0.867969 0.239352 0.870573 0.244907 0.871615 0.253241 0.871615 0.259259 0.870573 0.261574 0.869531 0.264352 0.866146 0.263889 0.859635 0.261574 0.857552 0.258333 0.856771 0.255093 0.854948 0.251389 0.850781 0.246296 0.849740 0.238426 0.849479 0.232870 0.850781
0 0.198611 0.849219 0.189815 0.853385 0.188889 0.861458 0.190741 0.863802 0.193519 0.865625 0.197222 0.866667 0.212500 0.866667 0.222222 0.861458 0.224537 0.853125 0.221296 0.851302 0.214352 0.848958 0.204167 0.848698
0 0.182870 0.872917 0.181481 0.876042 0.182870 0.880469 0.191667 0.885156 0.197222 0.886458 0.205556 0.885938 0.211574 0.884896 0.221759 0.880729 0.223611 0.877344 0.218981 0.869271 0.199074 0.869010 0.201389 0.870833 0.201852 0.872917 0.198148 0.873437 0.196759 0.872917 0.197685 0.869010 0.190741 0.868490
0 0.273148 0.876563 0.268981 0.873958 0.260648 0.872396 0.245833 0.872917 0.237037 0.874479 0.234722 0.875781 0.229630 0.880990 0.235185 0.885156 0.244444 0.888802 0.252315 0.890365 0.262037 0.890365 0.268056 0.888802 0.270833 0.886458 0.273148 0.880469
0 0.149537 0.865104 0.151389 0.866406 0.152315 0.869792 0.149537 0.873437 0.145833 0.874740 0.144907 0.877083 0.148611 0.878646 0.150000 0.882031 0.154167 0.885156 0.162037 0.886458 0.168519 0.885677 0.178704 0.880469 0.180556 0.873177 0.179167 0.871354 0.170833 0.866927 0.163889 0.865365 0.157870 0.864583
0 0.136574 0.874479 0.128704 0.873177 0.121296 0.873437 0.111111 0.876823 0.107407 0.882812 0.107407 0.886458 0.110648 0.892969 0.113426 0.894792 0.128704 0.895052 0.137963 0.892969 0.143056 0.889844 0.148148 0.888802 0.149537 0.887760 0.150463 0.885156 0.149537 0.883594 0.145833 0.882031 0.142130 0.879427 0.139815 0.876042
0 0.123148 0.862760 0.116204 0.860156 0.107870 0.860417 0.096759 0.862760 0.088889 0.867188 0.087037 0.869531 0.092130 0.873958 0.095833 0.875521 0.106481 0.876302 0.114815 0.875781 0.123611 0.872656 0.124537 0.867188 0.125926 0.865365
0 0.308333 0.853385 0.305556 0.852865 0.295833 0.853385 0.292593 0.854427 0.285185 0.858854 0.282870 0.861458 0.281019 0.862240 0.279167 0.865104 0.278241 0.869531 0.280093 0.873177 0.287037 0.874219 0.302315 0.873698 0.305093 0.873177 0.307407 0.871875 0.313889 0.865625 0.313426 0.857552 0.311574 0.855208
0 0.289815 0.875781 0.287500 0.879687 0.287037 0.885417 0.287963 0.888542 0.291204 0.890104 0.297685 0.890885 0.309722 0.889844 0.316204 0.888021 0.319907 0.885156 0.320370 0.880729 0.316204 0.876823 0.309722 0.874740 0.294444 0.874479
0 0.095370 0.896094 0.086574 0.902083 0.085648 0.904948 0.087037 0.907292 0.088426 0.908333 0.100000 0.912500 0.109722 0.912760 0.113889 0.912240 0.116204 0.910677 0.117130 0.908594 0.116204 0.903646 0.114352 0.900521 0.109259 0.896354 0.106481 0.895312 0.100463 0.894792
0 0.157870 0.896354 0.150000 0.894792 0.145370 0.894792 0.134259 0.896615 0.128241 0.905729 0.125000 0.908073 0.125463 0.912240 0.128241 0.914062 0.134259 0.915365 0.145833 0.915625 0.149537 0.915365 0.159722 0.911979 0.161111 0.910417 0.164815 0.908594 0.165741 0.904167 0.164352 0.900260
0 0.184722 0.888542 0.173611 0.892448 0.171296 0.897656 0.168056 0.901302 0.167593 0.904427 0.169444 0.908073 0.176852 0.911198 0.184259 0.909896 0.190278 0.905990 0.196296 0.903646 0.199074 0.901042 0.197222 0.892448 0.191204 0.889583
0 0.253704 0.896615 0.248148 0.895573 0.240741 0.895833 0.225463 0.900260 0.220833 0.903906 0.218056 0.908073 0.220370 0.912240 0.225463 0.914583 0.231019 0.916146 0.243056 0.916146 0.254167 0.914323 0.259722 0.912240 0.261574 0.908854 0.262037 0.903906 0.259259 0.900260
0 0.286574 0.905729 0.282407 0.904687 0.273148 0.904427 0.267130 0.904687 0.262500 0.906771 0.261111 0.908073 0.260648 0.912240 0.262963 0.915104 0.264815 0.920052 0.266667 0.921094 0.273611 0.921094 0.280556 0.920052 0.285185 0.918490 0.290741 0.915104 0.293981 0.911719
0 0.364352 0.885417 0.355093 0.892448 0.346296 0.896354 0.345370 0.900521 0.350463 0.903125 0.356944 0.905208 0.364815 0.906250 0.367130 0.904427 0.373611 0.890625 0.373148 0.887240 0.371759 0.885677
0 0.393519 0.870573 0.392130 0.870313 0.387963 0.871094 0.377778 0.876563 0.375000 0.877344 0.372685 0.884375 0.373148 0.886198 0.374537 0.886979 0.385648 0.888281 0.392593 0.886979 0.400000 0.884896 0.402315 0.883594 0.403704 0.881510 0.403241 0.876823
0 0.436111 0.870052 0.433333 0.869531 0.420370 0.870573 0.409259 0.874219 0.403704 0.878906 0.403241 0.884896 0.410648 0.888802 0.420370 0.890365 0.427315 0.888281 0.434259 0.883594 0.439352 0.877344 0.439815 0.872656
0 0.426852 0.891406 0.419907 0.894010 0.415741 0.898177 0.412963 0.899479 0.412963 0.901823 0.414815 0.902865 0.419907 0.908594 0.433333 0.912240 0.435185 0.912240 0.442130 0.910677 0.448148 0.908073 0.450926 0.904687 0.449074 0.896354 0.441204 0.891927 0.434722 0.891146
0 0.380093 0.907813 0.379167 0.912240 0.381019 0.913542 0.385185 0.919531 0.391204 0.923958 0.397685 0.925781 0.400000 0.925781 0.405556 0.923958 0.411111 0.917969 0.413889 0.916406 0.413426 0.912240 0.407407 0.909635 0.397685 0.907292 0.384722 0.906771
0 0.462500 0.863802 0.455093 0.864583 0.443056 0.869010 0.442130 0.877344 0.447685 0.881250 0.454630 0.882552 0.462037 0.880990 0.468056 0.876823 0.473148 0.869010 0.468981 0.865104
0 0.453704 0.887760 0.451852 0.888542 0.449074 0.892708 0.454630 0.899479 0.461574 0.903385 0.468981 0.902604 0.471759 0.899219 0.477315 0.896615 0.477778 0.891927 0.475926 0.890625 0.467593 0.887500 0.458333 0.887240
0 0.491667 0.871094 0.488426 0.871094 0.480556 0.872656 0.478241 0.875000 0.473611 0.876823 0.470833 0.880208 0.471296 0.884115 0.473148 0.887240 0.475463 0.888802 0.479630 0.889583 0.482407 0.890885 0.489352 0.890365 0.493519 0.887240 0.498611 0.885938 0.500463 0.884115 0.501852 0.876823 0.497222 0.872656
0 0.480093 0.902865 0.473611 0.906510 0.470833 0.912240 0.473148 0.915625 0.478241 0.920052 0.479630 0.920312 0.492130 0.920052 0.496759 0.919010 0.501852 0.916146 0.503241 0.912240 0.500463 0.907552 0.496759 0.905208 0.489352 0.902604 0.481944 0.902344
0 0.506019 0.883333 0.502315 0.884635 0.501852 0.889323 0.502778 0.892708 0.510185 0.899219 0.518056 0.900781 0.524537 0.897656 0.529167 0.892969 0.529167 0.887760 0.527778 0.884635 0.524537 0.883333 0.518056 0.882292
0 0.531019 0.892708 0.527315 0.897135 0.525463 0.898177 0.515278 0.900781 0.512963 0.904427 0.515278 0.905729 0.517130 0.908333 0.521759 0.910156 0.524074 0.912760 0.531944 0.914323 0.538426 0.912760 0.539815 0.911198 0.545833 0.908333 0.548148 0.904687 0.548148 0.900521 0.545370 0.897135 0.540278 0.895573 0.538426 0.894271
0 0.580556 0.897917 0.572685 0.897135 0.558796 0.898698 0.553704 0.900260 0.554167 0.904167 0.553241 0.908594 0.556944 0.912240 0.563889 0.913281 0.566204 0.915104 0.570833 0.913802 0.575463 0.911198 0.580093 0.910677 0.583333 0.908333 0.584259 0.905469 0.584259 0.900000
0 0.614815 0.894010 0.611111 0.893490 0.602315 0.893750 0.593519 0.895573 0.591667 0.896875 0.588889 0.900781 0.587963 0.909115 0.590741 0.912240 0.594907 0.913542 0.601852 0.914062 0.611111 0.911979 0.621296 0.908333 0.622685 0.905469 0.622222 0.901042 0.617130 0.895312
0 0.646296 0.895833 0.642130 0.895312 0.632407 0.896354 0.626389 0.900781 0.623611 0.904167 0.624074 0.907552 0.628241 0.913542 0.634722 0.916927 0.642593 0.916927 0.644907 0.916146 0.645833 0.914844 0.651389 0.912240 0.653704 0.908594 0.653704 0.904167 0.649537 0.897396
0 0.435648 0.117969 0.433333 0.118750 0.430093 0.123438 0.429630 0.127604 0.431481 0.130729 0.435185 0.133073 0.440278 0.134375 0.448611 0.133854 0.459259 0.129167 0.460648 0.127604 0.459259 0.123177 0.456481 0.120573 0.450926 0.118229 0.441204 0.117188
0 0.107407 0.135937 0.098611 0.141146 0.097222 0.146354 0.097685 0.150781 0.100000 0.153646 0.103241 0.155729 0.107407 0.156771 0.114815 0.156510 0.120370 0.154427 0.123148 0.142448 0.114352 0.136719
0 0.146296 0.137500 0.142130 0.136719 0.136111 0.137760 0.127315 0.144271 0.125926 0.146094 0.127778 0.151042 0.130093 0.152344 0.137037 0.152865 0.152315 0.150521 0.155556 0.148438 0.156481 0.145573 0.154630 0.143229 0.149074 0.138802
0 0.183796 0.131510 0.176852 0.137500 0.176852 0.144010 0.178704 0.146615 0.182870 0.148438 0.192130 0.148698 0.199537 0.146615 0.201389 0.142187 0.198148 0.137500 0.191204 0.132812
0 0.209722 0.142187 0.207870 0.145833 0.208796 0.150781 0.212037 0.152865 0.218519 0.155469 0.234259 0.154688 0.240278 0.151562 0.244444 0.150521 0.243519 0.145833 0.237963 0.142187 0.232870 0.140365 0.225000 0.139063 0.218056 0.139063 0.211574 0.140885
0 0.278241 0.150260 0.272222 0.146354 0.268981 0.145833 0.259259 0.146094 0.247222 0.149219 0.237500 0.154427 0.241204 0.155469 0.245833 0.158333 0.253704 0.157812 0.260185 0.159375 0.267593 0.160156 0.276389 0.158333 0.278704 0.155208
0 0.253704 0.157812 0.246296 0.159375 0.243056 0.163021 0.239352 0.164844 0.238889 0.165885 0.241204 0.169271 0.243519 0.177865 0.246296 0.179688 0.252778 0.179427 0.256944 0.178125 0.263889 0.174219 0.267593 0.170052 0.267593 0.165104 0.264352 0.160938 0.262500 0.159635
0 0.302778 0.145052 0.294444 0.144792 0.291204 0.146094 0.287037 0.150521 0.284722 0.158333 0.286111 0.163281 0.287963 0.165885 0.294907 0.167187 0.300463 0.163802 0.311574 0.161719 0.315741 0.158333 0.316204 0.153906 0.312500 0.148958 0.306019 0.145833
0 0.321759 0.129948 0.317130 0.130729 0.312500 0.133333 0.308796 0.134375 0.307870 0.139583 0.309259 0.142969 0.312037 0.145313 0.317593 0.147135 0.324074 0.147917 0.329167 0.147135 0.332407 0.144271 0.333333 0.142708 0.333333 0.134635 0.328241 0.130729
0 0.350463 0.123177 0.340278 0.130208 0.338889 0.133073 0.334722 0.134635 0.335185 0.138802 0.342593 0.142969 0.350000 0.144271 0.358796 0.144271 0.361574 0.143229 0.362500 0.140625 0.364815 0.138802 0.364815 0.133854 0.362500 0.130469 0.356944 0.125521
0 0.350926 0.144792 0.347222 0.144010 0.343056 0.144010 0.338426 0.146615 0.334259 0.147656 0.331944 0.148958 0.326389 0.154427 0.326389 0.161458 0.328241 0.163281 0.330556 0.163802 0.343981 0.163802 0.356019 0.156510 0.359722 0.155208 0.360648 0.154427 0.359722 0.152344 0.356481 0.149219 0.351389 0.146354
0 0.358333 0.156250 0.354630 0.157031 0.346759 0.161979 0.346296 0.166146 0.343056 0.169792 0.344907 0.173958 0.350463 0.176302 0.355093 0.175521 0.357870 0.173958 0.365278 0.173958 0.372685 0.170052 0.372685 0.165885 0.365741 0.162240 0.361111 0.157552
0 0.380556 0.141146 0.377778 0.141146 0.370833 0.143229 0.366204 0.146094 0.365741 0.150521 0.368056 0.154427 0.371759 0.157292 0.377778 0.159375 0.385648 0.157552 0.393056 0.150781 0.392593 0.146875 0.389352 0.142708
0 0.399537 0.126562 0.385648 0.126562 0.377315 0.130469 0.376389 0.134115 0.377315 0.136458 0.383796 0.140365 0.392593 0.141927 0.400463 0.138802 0.402315 0.135417 0.402778 0.130208 0.401389 0.127344
0 0.412500 0.125000 0.405556 0.126823 0.404630 0.127865 0.403241 0.136719 0.404630 0.139323 0.407870 0.140625 0.413426 0.141406 0.423148 0.139063 0.427315 0.135677 0.427778 0.133854 0.426852 0.130729 0.418981 0.126302
0 0.433333 0.146354 0.427778 0.145052 0.419444 0.144271 0.406019 0.146094 0.404630 0.148438 0.402778 0.149479 0.398611 0.150260 0.397222 0.154427 0.402315 0.157292 0.405556 0.162240 0.410648 0.163021 0.421296 0.163281 0.425000 0.162500 0.431944 0.158073 0.434722 0.154427 0.434722 0.149479
0 0.384722 0.158073 0.377778 0.161719 0.375000 0.165365 0.375000 0.166667 0.377778 0.171615 0.384722 0.177344 0.392593 0.178646 0.400926 0.176042 0.406481 0.171354 0.406481 0.161979 0.399537 0.160938 0.393056 0.158333
0 0.431019 0.141927 0.430556 0.142708 0.433333 0.145052 0.437037 0.147135 0.447222 0.151042 0.454630 0.151823 0.459722 0.151042 0.463426 0.149479 0.467130 0.146615 0.465278 0.139063 0.462500 0.137240 0.447685 0.135937 0.439815 0.137500
0 0.462037 0.155208 0.440741 0.154427 0.437037 0.155990 0.431019 0.161719 0.430556 0.166406 0.432870 0.170573 0.434722 0.171875 0.440741 0.173698 0.448148 0.173437 0.457407 0.171094 0.463426 0.168490 0.466667 0.161719 0.464352 0.156771
0 0.482407 0.136458 0.479167 0.138802 0.477778 0.140885 0.474537 0.142448 0.479630 0.150521 0.482407 0.152344 0.489352 0.154427 0.498611 0.153906 0.506019 0.150000 0.509259 0.146615 0.508333 0.142969 0.505093 0.138542 0.498148 0.136719 0.492130 0.135937
0 0.497222 0.113802 0.489352 0.114583 0.483796 0.119271 0.481481 0.122396 0.480093 0.126562 0.481019 0.130990 0.482407 0.132031 0.489352 0.133854 0.498148 0.132812 0.503241 0.132812 0.509259 0.131250 0.510648 0.130208 0.510648 0.123177 0.508333 0.121094 0.507870 0.119531 0.500926 0.114844
0 0.516667 0.133333 0.514352 0.134635 0.512037 0.138281 0.513426 0.144531 0.510648 0.150781 0.516204 0.154688 0.523611 0.155469 0.530556 0.155208 0.532407 0.154427 0.533796 0.150781 0.533333 0.141927 0.528241 0.138021 0.524537 0.133594
0 0.537037 0.117448 0.530093 0.119010 0.527778 0.120573 0.523611 0.121615 0.521759 0.123177 0.520833 0.127604 0.523148 0.130990 0.525926 0.132552 0.530093 0.133594 0.538426 0.134115 0.544444 0.133594 0.546759 0.132552 0.549074 0.130469 0.550000 0.126042 0.549537 0.122917 0.545370 0.118750 0.541204 0.117708
0 0.544444 0.134375 0.538426 0.138021 0.536111 0.141927 0.536574 0.146875 0.537963 0.149219 0.544444 0.152344 0.553241 0.152604 0.559722 0.151302 0.562037 0.150260 0.565278 0.146615 0.562500 0.140365 0.558796 0.138542 0.557407 0.136458 0.552778 0.134375
0 0.558796 0.119010 0.553704 0.123698 0.553241 0.127083 0.554630 0.130990 0.556944 0.132292 0.565741 0.134375 0.573611 0.134115 0.581481 0.130729 0.581944 0.125781 0.580556 0.122917 0.575463 0.119010 0.573148 0.118229 0.563889 0.118229
0 0.585185 0.118750 0.583796 0.121615 0.584259 0.127083 0.586574 0.129948 0.589352 0.130990 0.593519 0.131510 0.600463 0.131250 0.608796 0.127083 0.610185 0.122656 0.605556 0.119010 0.600926 0.117708 0.595370 0.117448
0 0.586574 0.136198 0.585185 0.139063 0.580093 0.142448 0.578241 0.146094 0.579167 0.150781 0.585648 0.154427 0.595370 0.154427 0.606481 0.150521 0.609722 0.146615 0.610185 0.142187 0.607870 0.138542 0.601852 0.138542 0.595833 0.136979
0 0.618056 0.122917 0.612500 0.125260 0.606019 0.131250 0.608796 0.135156 0.613889 0.139844 0.618981 0.142708 0.622222 0.142969 0.628704 0.140365 0.631944 0.138281 0.633333 0.126823 0.629630 0.124479 0.624074 0.122917
0 0.638426 0.128906 0.636111 0.130729 0.635185 0.135156 0.636574 0.136458 0.637037 0.138802 0.640278 0.140625 0.642130 0.143229 0.648611 0.145573 0.656944 0.145573 0.664815 0.142708 0.666667 0.138802 0.666204 0.134635 0.664352 0.130729 0.656944 0.127344 0.650926 0.126823
0 0.663426 0.107031 0.653704 0.107292 0.650926 0.108333 0.638889 0.110677 0.635185 0.112500 0.635185 0.117188 0.642593 0.122917 0.650000 0.124479 0.656481 0.122396 0.658796 0.119271 0.665278 0.114844 0.666667 0.111198 0.665278 0.108073
0 0.676852 0.126823 0.670833 0.130729 0.669907 0.132812 0.669907 0.136198 0.671759 0.138802 0.676389 0.142448 0.680093 0.144271 0.686111 0.144792 0.692130 0.143750 0.694444 0.142708 0.698148 0.138281 0.699074 0.135417 0.698611 0.130729 0.691204 0.126562 0.681944 0.126302
0 0.706019 0.100000 0.705093 0.099479 0.699537 0.099219 0.683333 0.100000 0.677315 0.101562 0.672685 0.103646 0.671296 0.107552 0.676852 0.111719 0.690741 0.112500 0.695833 0.113542 0.700463 0.113281 0.705556 0.111719 0.707870 0.107813 0.707870 0.103125
0 0.721759 0.122396 0.719444 0.121615 0.711574 0.121615 0.704630 0.122917 0.702778 0.128125 0.702778 0.131510 0.704630 0.133333 0.712037 0.133594 0.716667 0.132812 0.720833 0.131250 0.723148 0.127604 0.723148 0.124219
0 0.739352 0.107292 0.732870 0.105208 0.725926 0.103906 0.723148 0.104948 0.717593 0.105729 0.710185 0.110937 0.711574 0.115625 0.718519 0.119531 0.726852 0.119531 0.735648 0.115625 0.739352 0.111458
0 0.738426 0.128906 0.732407 0.128906 0.727778 0.130208 0.722222 0.133854 0.722685 0.138802 0.726852 0.140885 0.734259 0.140885 0.741667 0.139063 0.745833 0.135156 0.744907 0.130990
0 0.722685 0.140104 0.711574 0.139063 0.704630 0.139844 0.701852 0.141146 0.695833 0.150000 0.696296 0.154948 0.700463 0.158333 0.704630 0.159375 0.712963 0.159896 0.716204 0.159115 0.724074 0.154427 0.727778 0.150521 0.728704 0.144271 0.727778 0.142448
0 0.665741 0.149219 0.662963 0.151562 0.662500 0.157292 0.663889 0.162240 0.668519 0.169010 0.669907 0.169792 0.677778 0.170833 0.683796 0.170313 0.690741 0.168490 0.693981 0.166146 0.693519 0.158594 0.689352 0.155729 0.688426 0.154167 0.683796 0.151042 0.677315 0.148958 0.669444 0.148177
0 0.636111 0.162240 0.633796 0.165885 0.633333 0.170052 0.635185 0.171875 0.640278 0.173958 0.646759 0.174479 0.656481 0.174219 0.661111 0.171615 0.666204 0.169792 0.665741 0.164583 0.663889 0.162240 0.661574 0.160938 0.654630 0.159635 0.647222 0.159375 0.642593 0.159896
0 0.619907 0.144792 0.616204 0.145833 0.610648 0.150000 0.612037 0.153646 0.612037 0.158854 0.613889 0.161458 0.615741 0.162240 0.629167 0.162500 0.635648 0.160938 0.638889 0.158594 0.637500 0.150000 0.635648 0.148438 0.628704 0.145313
0 0.628704 0.161198 0.616204 0.161198 0.610185 0.164323 0.603704 0.165885 0.600463 0.169010 0.600463 0.170052 0.604167 0.171875 0.607407 0.175521 0.621296 0.178906 0.625463 0.177865 0.629630 0.172917 0.630556 0.170573
0 0.593981 0.154948 0.586574 0.155208 0.583333 0.156250 0.577315 0.161458 0.577315 0.165104 0.579630 0.170052 0.586574 0.171875 0.600463 0.170052 0.602315 0.166146 0.602778 0.161719 0.600926 0.158333 0.597685 0.155990
0 0.558796 0.153385 0.550463 0.155469 0.545370 0.158333 0.550000 0.162760 0.559259 0.168490 0.565741 0.170313 0.569907 0.169792 0.572222 0.168750 0.574537 0.164583 0.575000 0.161458 0.573611 0.158073 0.566204 0.153125
0 0.536111 0.165104 0.532870 0.165885 0.527315 0.169531 0.531019 0.182552 0.534722 0.185938 0.543981 0.187500 0.548148 0.187240 0.551389 0.186458 0.557870 0.182292 0.561111 0.177865 0.560185 0.173698 0.556019 0.168229 0.549074 0.165365 0.546296 0.164844
0 0.517593 0.171875 0.509722 0.174219 0.507870 0.176563 0.508333 0.185938 0.512963 0.189583 0.516204 0.190365 0.522685 0.189583 0.529167 0.185677 0.530093 0.181771 0.529630 0.178385 0.527778 0.176042 0.521296 0.172656
0 0.517593 0.157292 0.510185 0.157031 0.502315 0.158594 0.499074 0.160417 0.497685 0.162240 0.500000 0.170313 0.503241 0.173437 0.518519 0.171354 0.521759 0.170052 0.522685 0.166146 0.522222 0.162760
0 0.471296 0.161458 0.469907 0.162240 0.467130 0.169792 0.468519 0.174479 0.475000 0.176823 0.482407 0.176042 0.489815 0.176042 0.494907 0.173698 0.497222 0.169792 0.491204 0.164323 0.486574 0.161979 0.482870 0.160938 0.475000 0.160677
0 0.475463 0.177344 0.468056 0.175781 0.462963 0.176563 0.454167 0.176302 0.449074 0.177865 0.446296 0.180729 0.446296 0.182812 0.451852 0.189323 0.454630 0.191146 0.462037 0.191927 0.469907 0.189583 0.472222 0.185677 0.475926 0.184115 0.477315 0.182031 0.477315 0.179688
0 0.419907 0.173698 0.412963 0.175000 0.408796 0.177344 0.407870 0.181771 0.416667 0.189323 0.421296 0.190625 0.425000 0.189844 0.428704 0.186719 0.434259 0.185677 0.435648 0.184896 0.437037 0.181250 0.436111 0.178125 0.434259 0.176563 0.427778 0.174479
0 0.433796 0.185677 0.426852 0.189062 0.427315 0.190625 0.433796 0.195833 0.440741 0.198958 0.448148 0.200000 0.450926 0.197656 0.450000 0.189323 0.442593 0.185156
0 0.392130 0.182552 0.385648 0.184115 0.382870 0.185417 0.378704 0.189583 0.378241 0.193750 0.385185 0.198958 0.392130 0.200781 0.399537 0.200521 0.400926 0.198958 0.406481 0.195833 0.408333 0.193490 0.408333 0.185417 0.406019 0.184635 0.399074 0.184375
0 0.363889 0.174740 0.357407 0.176042 0.355093 0.179427 0.349537 0.182812 0.347222 0.185677 0.348148 0.186979 0.354167 0.189583 0.362963 0.191146 0.366667 0.191146 0.370833 0.190104 0.372685 0.188281 0.373611 0.183073 0.371759 0.178385 0.368056 0.175781
0 0.337037 0.174479 0.329630 0.173437 0.324074 0.176042 0.318056 0.177604 0.317593 0.178906 0.313889 0.181510 0.314815 0.185677 0.323611 0.187240 0.337037 0.187500 0.340741 0.186719 0.342130 0.185938 0.341667 0.181510
0 0.308333 0.163021 0.301389 0.164583 0.299074 0.165885 0.296759 0.169531 0.296296 0.173958 0.300000 0.178646 0.301852 0.179688 0.309259 0.180469 0.318056 0.177344 0.325000 0.172917 0.325926 0.169792 0.322685 0.165885 0.316204 0.164062
0 0.288426 0.181250 0.280556 0.176823 0.275463 0.176042 0.266204 0.176302 0.262500 0.177604 0.255556 0.182812 0.252778 0.183594 0.246759 0.188802 0.246759 0.193490 0.252778 0.195573 0.260185 0.196354 0.277778 0.193490 0.281481 0.192188 0.284259 0.189844 0.288426 0.189062 0.289815 0.187760 0.290741 0.185156
0 0.204630 0.160417 0.198148 0.166927 0.198148 0.170313 0.200926 0.173958 0.205093 0.176823 0.211574 0.179427 0.225926 0.179427 0.233796 0.173958 0.233796 0.169271 0.231019 0.165885 0.225463 0.161979 0.218519 0.160156 0.210185 0.159375
0 0.168981 0.154167 0.164352 0.158073 0.163889 0.161719 0.167593 0.166927 0.182407 0.170052 0.191667 0.169531 0.196296 0.167448 0.199074 0.162760 0.199074 0.160938 0.196296 0.156510 0.193056 0.154427 0.185185 0.152604
0 0.130093 0.158073 0.128241 0.160417 0.127778 0.166927 0.129167 0.170052 0.134722 0.173958 0.137963 0.175521 0.147222 0.177604 0.150463 0.177604 0.156019 0.176042 0.160648 0.173437 0.165741 0.169010 0.166204 0.165625 0.161574 0.161719 0.150463 0.158073 0.142593 0.157031 0.135185 0.157031
0 0.113889 0.158854 0.107407 0.158073 0.093519 0.162760 0.087963 0.169531 0.089352 0.173958 0.093519 0.177083 0.099537 0.178385 0.105556 0.177865 0.114815 0.175781 0.122685 0.171615 0.124074 0.170052 0.123611 0.165365 0.119444 0.161979
0 0.121296 0.175781 0.113889 0.180990 0.114815 0.185156 0.120833 0.189844 0.132407 0.189583 0.136111 0.188021 0.137963 0.186198 0.139815 0.182031 0.138889 0.179948 0.133796 0.177344
0 0.084259 0.188542 0.079630 0.190104 0.077315 0.192969 0.077315 0.195833 0.080093 0.201563 0.082870 0.202344 0.087963 0.205208 0.093981 0.206250 0.100926 0.203646 0.105093 0.201302 0.106019 0.196875 0.100926 0.189062 0.088889 0.188281
0 0.112963 0.191406 0.110185 0.192969 0.110185 0.197917 0.112500 0.201042 0.121759 0.206771 0.129167 0.207813 0.134722 0.205990 0.137037 0.204687 0.139815 0.201302 0.139352 0.197135 0.137500 0.195312 0.129167 0.191406 0.121759 0.190885
0 0.143981 0.184375 0.142130 0.185417 0.139352 0.189323 0.138889 0.194271 0.139815 0.197396 0.143056 0.199479 0.149074 0.201823 0.161111 0.201302 0.163426 0.199479 0.163889 0.197396 0.169907 0.193490 0.168981 0.189323 0.161574 0.185417 0.156019 0.183594 0.148148 0.183333
0 0.169907 0.192969 0.165278 0.197135 0.163426 0.200781 0.168056 0.204948 0.170370 0.205990 0.176852 0.207292 0.184722 0.207031 0.191204 0.205990 0.192593 0.205208 0.193519 0.201563 0.192130 0.196615 0.187963 0.195312 0.184722 0.193229
0 0.169907 0.181510 0.174537 0.188281 0.180093 0.191406 0.190278 0.194271 0.199537 0.193490 0.204167 0.189583 0.205093 0.185156 0.203704 0.184635 0.201852 0.181510 0.198148 0.180208 0.183333 0.179427 0.175926 0.179948
0 0.225463 0.183333 0.218056 0.182031 0.210185 0.183854 0.206019 0.185677 0.205093 0.187500 0.202778 0.189062 0.202315 0.193490 0.203704 0.194271 0.204630 0.198698 0.211111 0.200000 0.218519 0.198958 0.224074 0.195833 0.232407 0.193229 0.233333 0.191146 0.232870 0.188281
0 0.196296 0.203906 0.190741 0.207292 0.189815 0.208594 0.190741 0.214583 0.195833 0.217448 0.204630 0.220312 0.212500 0.220052 0.219907 0.218750 0.221759 0.217708 0.222685 0.215885 0.222685 0.212760 0.219907 0.208073 0.212963 0.203906 0.205093 0.202083
0 0.224537 0.197135 0.221296 0.201302 0.220833 0.203646 0.222222 0.208073 0.224537 0.209635 0.232407 0.211198 0.238889 0.213281 0.246759 0.213542 0.249074 0.213021 0.256944 0.209115 0.257407 0.204687 0.256019 0.201042 0.250926 0.197396 0.247685 0.196094 0.231944 0.195312
0 0.275463 0.195573 0.264352 0.197135 0.257407 0.200781 0.259722 0.207552 0.261111 0.209115 0.264352 0.210677 0.275926 0.211458 0.281481 0.210417 0.284722 0.205208 0.284259 0.201042 0.279630 0.196875
0 0.281019 0.193229 0.279630 0.197396 0.285185 0.201823 0.287963 0.203125 0.292130 0.203646 0.314815 0.203125 0.320370 0.201302 0.320833 0.197135 0.318519 0.193229 0.307407 0.187760 0.300463 0.187240 0.288889 0.189062
0 0.339352 0.188542 0.329167 0.188542 0.324537 0.191667 0.321296 0.195312 0.321296 0.199479 0.324537 0.202865 0.328704 0.204427 0.331019 0.204427 0.337963 0.202344 0.344444 0.201563 0.350926 0.197396 0.346296 0.191146
0 0.356944 0.193750 0.352778 0.195573 0.351852 0.196615 0.352315 0.198958 0.357407 0.205990 0.364815 0.209375 0.372685 0.207292 0.376852 0.204948 0.379630 0.201563 0.379167 0.197135 0.372222 0.194010
0 0.355093 0.206510 0.352315 0.204687 0.344444 0.202604 0.329167 0.204948 0.322685 0.209115 0.321296 0.211719 0.321759 0.214323 0.325463 0.216927 0.335648 0.219271 0.345833 0.219531 0.351389 0.218750 0.355093 0.216927 0.357407 0.213281
0 0.309722 0.203906 0.301852 0.203906 0.293981 0.204687 0.288426 0.206250 0.285648 0.208594 0.285648 0.213021 0.291667 0.217969 0.300926 0.221094 0.304167 0.221094 0.311111 0.219531 0.313426 0.217969 0.315741 0.214323 0.317593 0.213021 0.314352 0.206250 0.312963 0.204948
0 0.264352 0.212500 0.260648 0.216667 0.261111 0.220833 0.263889 0.226562 0.266204 0.227344 0.275000 0.227344 0.281481 0.226302 0.289815 0.220833 0.288426 0.218490 0.281481 0.216667 0.280556 0.212760 0.267593 0.211719
0 0.247222 0.216667 0.239352 0.216927 0.225463 0.224479 0.223611 0.228385 0.223611 0.232552 0.229167 0.233854 0.231944 0.235417 0.232407 0.236458 0.235185 0.236719 0.238889 0.238021 0.247222 0.236458 0.253704 0.234115 0.256481 0.230208 0.259259 0.228646 0.257870 0.225781 0.254630 0.224479 0.256944 0.220573 0.253704 0.218490
0 0.190741 0.225781 0.187037 0.227344 0.181481 0.232292 0.180093 0.236458 0.187500 0.238281 0.191667 0.241927 0.198611 0.242708 0.205093 0.240365 0.209259 0.234635 0.212037 0.233073 0.212037 0.228125 0.204167 0.225781
0 0.169444 0.214844 0.165741 0.215885 0.156019 0.220833 0.154167 0.223958 0.154630 0.229167 0.156481 0.230469 0.161111 0.231510 0.166204 0.233594 0.177778 0.234375 0.180093 0.233333 0.183796 0.228646 0.186574 0.227083 0.187500 0.225000 0.186574 0.221354 0.185185 0.219531 0.177778 0.216406
0 0.149537 0.206250 0.142593 0.205729 0.135185 0.207031 0.132870 0.208854 0.129167 0.217188 0.131481 0.220833 0.137037 0.224740 0.144907 0.225000 0.149537 0.223958 0.159722 0.216406 0.160185 0.212760 0.156481 0.208854
0 0.118519 0.207813 0.114815 0.207031 0.100463 0.207813 0.091204 0.213021 0.090741 0.217448 0.093519 0.222396 0.100463 0.225521 0.104167 0.224479 0.109722 0.221615 0.121296 0.219271 0.125000 0.217708 0.126389 0.212500 0.124537 0.210677
0 0.122222 0.220312 0.118981 0.220312 0.111111 0.221875 0.103241 0.225000 0.100000 0.232552 0.106481 0.236719 0.109259 0.240365 0.113426 0.241927 0.118981 0.241667 0.122222 0.240625 0.124074 0.238542 0.128704 0.236458 0.135185 0.228646 0.132870 0.224479 0.125000 0.222135
0 0.086574 0.233854 0.081481 0.236458 0.078704 0.240104 0.079630 0.250521 0.081481 0.252344 0.086574 0.253906 0.100463 0.253906 0.107407 0.248177 0.106944 0.244271 0.105556 0.241927 0.098611 0.235937 0.093981 0.234635
0 0.135648 0.251042 0.130556 0.248958 0.121759 0.247135 0.112500 0.247917 0.107870 0.248958 0.104167 0.251563 0.104167 0.255990 0.107407 0.262240 0.113426 0.263542 0.125926 0.262500 0.131944 0.260937 0.137500 0.255990
0 0.170833 0.242708 0.168056 0.244010 0.165278 0.247917 0.169907 0.252604 0.176389 0.255208 0.184259 0.255729 0.187963 0.254427 0.191204 0.252344 0.192593 0.249740 0.192593 0.247135 0.190278 0.244010 0.184259 0.241667 0.175926 0.241667
0 0.140741 0.232292 0.135648 0.235677 0.133796 0.240104 0.135185 0.242969 0.142130 0.248177 0.149074 0.249740 0.156944 0.249740 0.162500 0.248438 0.167130 0.244531 0.167593 0.239583 0.160185 0.232813 0.156481 0.230990 0.148148 0.230990
0 0.296759 0.221875 0.287963 0.222917 0.283796 0.225000 0.280093 0.228385 0.281481 0.236458 0.287500 0.241406 0.294907 0.243229 0.302315 0.241667 0.311574 0.236458 0.310648 0.233333 0.311111 0.227865 0.309722 0.225260 0.307870 0.223958 0.303241 0.222396
0 0.258796 0.229948 0.255556 0.232031 0.255556 0.235417 0.259722 0.240365 0.267130 0.242448 0.274537 0.241927 0.276389 0.241146 0.281481 0.236979 0.281481 0.235937 0.277315 0.231250 0.271759 0.228646 0.268056 0.228125 0.263889 0.228385
0 0.260648 0.241146 0.244444 0.244010 0.243056 0.248438 0.238426 0.251823 0.243981 0.256510 0.246759 0.257292 0.254167 0.257552 0.266667 0.252083 0.267593 0.247917 0.265741 0.244531 0.263889 0.242708
0 0.211574 0.236198 0.208796 0.240104 0.208796 0.244792 0.211574 0.248177 0.218981 0.248958 0.225000 0.250781 0.233333 0.250781 0.235648 0.248958 0.237500 0.244531 0.237963 0.239844 0.232870 0.236719 0.225926 0.234115 0.219444 0.234375
0 0.200463 0.251563 0.197222 0.255729 0.197222 0.259896 0.204167 0.264583 0.208333 0.265104 0.218981 0.264844 0.229167 0.260417 0.232407 0.259896 0.232870 0.255729 0.226389 0.251302 0.218056 0.250781 0.211574 0.249479 0.204630 0.250260
0 0.167130 0.259896 0.166204 0.264062 0.179167 0.271615 0.183333 0.272917 0.188889 0.272917 0.193519 0.272396 0.198148 0.270833 0.199537 0.268490 0.199537 0.266146 0.198611 0.264844 0.194907 0.263542 0.195833 0.261198 0.195370 0.259375 0.184259 0.256510 0.175926 0.255729
0 0.149074 0.254688 0.143056 0.255729 0.137037 0.258073 0.134722 0.260677 0.133796 0.264323 0.135185 0.267969 0.137500 0.270573 0.143981 0.273958 0.149537 0.275521 0.161574 0.271615 0.166667 0.267708 0.166204 0.259635 0.163426 0.259115 0.158333 0.256510 0.155093 0.255469
0 0.273611 0.245052 0.270370 0.247917 0.269907 0.252344 0.273148 0.255729 0.282870 0.260677 0.295370 0.262240 0.303241 0.258594 0.305556 0.255990 0.305556 0.251823 0.301852 0.248177 0.294907 0.244010 0.288426 0.243229 0.280093 0.243490
0 0.330093 0.220833 0.322685 0.221094 0.312963 0.224479 0.313889 0.234375 0.316667 0.237500 0.322222 0.240625 0.329630 0.239844 0.337037 0.237760 0.339352 0.235677 0.339352 0.227344 0.335648 0.223438
0 0.315741 0.242188 0.312500 0.244792 0.310648 0.247917 0.310648 0.252083 0.313889 0.255469 0.322685 0.258073 0.329167 0.258854 0.339815 0.255990 0.344444 0.252344 0.344907 0.247135 0.343981 0.245833 0.334722 0.244531 0.326389 0.242188
0 0.350463 0.222396 0.346759 0.226562 0.343519 0.228646 0.340741 0.236719 0.342130 0.239844 0.343981 0.241146 0.351389 0.242188 0.358333 0.241667 0.362037 0.240365 0.362963 0.235156 0.360648 0.228646 0.357870 0.224740
0 0.363426 0.210417 0.359722 0.212500 0.356944 0.215885 0.356481 0.220833 0.358796 0.223958 0.363426 0.225781 0.383333 0.224740 0.382407 0.216406 0.378704 0.212760 0.371759 0.209115
0 0.380556 0.205208 0.378241 0.206510 0.375926 0.209375 0.378704 0.213021 0.382407 0.215104 0.384722 0.217448 0.389352 0.218229 0.399537 0.217708 0.404167 0.213021 0.404167 0.208854 0.399537 0.204167 0.388426 0.203906
0 0.412963 0.195052 0.410185 0.196354 0.406019 0.197135 0.403241 0.200781 0.402315 0.205469 0.405556 0.209375 0.408333 0.211198 0.412963 0.212240 0.420833 0.212760 0.428704 0.210677 0.434722 0.207292 0.436574 0.204948 0.437037 0.201042 0.434722 0.197135 0.431944 0.197135 0.426852 0.198958 0.422685 0.197656 0.420370 0.195312
0 0.448148 0.203125 0.445833 0.204948 0.445370 0.209375 0.441667 0.213021 0.443981 0.216667 0.452315 0.220833 0.455093 0.221094 0.456944 0.220833 0.459259 0.219271 0.468056 0.216927 0.469907 0.214323 0.470370 0.208854 0.462500 0.204427 0.455556 0.202865
0 0.461574 0.195833 0.458333 0.201042 0.461574 0.204167 0.467130 0.205469 0.471296 0.208594 0.474074 0.209115 0.476852 0.208854 0.481944 0.205208 0.483796 0.201563 0.482870 0.200000 0.474074 0.195573 0.466667 0.195052
0 0.489352 0.179948 0.484259 0.181510 0.488889 0.185677 0.486574 0.186979 0.481944 0.187760 0.479167 0.186979 0.475463 0.184115 0.473611 0.189583 0.480093 0.195833 0.484722 0.198698 0.488426 0.199740 0.496759 0.200000 0.503704 0.198698 0.505093 0.197396 0.504630 0.190104 0.497685 0.181510
0 0.425000 0.212760 0.419444 0.214323 0.416667 0.215885 0.414815 0.220052 0.415278 0.222135 0.417130 0.224740 0.425926 0.230469 0.431944 0.231510 0.435648 0.231510 0.439815 0.229948 0.444444 0.224740 0.443519 0.220833 0.440741 0.216406 0.434722 0.213021
0 0.405556 0.221875 0.399074 0.222656 0.395833 0.224479 0.394444 0.228125 0.394444 0.232552 0.398148 0.236979 0.407407 0.238021 0.413426 0.236458 0.419907 0.232552 0.421759 0.228125 0.416667 0.223438
0 0.371296 0.227344 0.366667 0.228646 0.364352 0.231771 0.366667 0.240104 0.371759 0.245052 0.378704 0.246354 0.386574 0.244271 0.390741 0.240365 0.390741 0.235417 0.388426 0.232813 0.382870 0.229687 0.381481 0.228125
0 0.368056 0.242708 0.363889 0.242188 0.348611 0.244010 0.347222 0.247135 0.346759 0.252083 0.350000 0.255469 0.357870 0.257812 0.364352 0.256510 0.372685 0.251302 0.374537 0.247656 0.372222 0.245052
0 0.406944 0.239583 0.398148 0.239844 0.395370 0.242708 0.388889 0.246094 0.387963 0.252083 0.392130 0.254948 0.395370 0.255990 0.403704 0.255990 0.410185 0.253385 0.416667 0.252083 0.417130 0.247917 0.415741 0.244010
0 0.426852 0.233333 0.418056 0.236458 0.416667 0.240885 0.424537 0.250521 0.427778 0.251823 0.434259 0.253125 0.443981 0.248177 0.445370 0.244792 0.445370 0.240104 0.438889 0.236458 0.436111 0.233854 0.434259 0.233333
0 0.467593 0.223438 0.462037 0.221875 0.454167 0.222135 0.448611 0.224479 0.443981 0.228385 0.445370 0.229948 0.449537 0.230990 0.451389 0.232292 0.450000 0.234375 0.446759 0.235937 0.447685 0.237240 0.455556 0.237500 0.463426 0.236458 0.470370 0.233333 0.472222 0.230208 0.472222 0.227865 0.469907 0.224740
0 0.477315 0.237760 0.473611 0.236979 0.467593 0.236719 0.455556 0.238802 0.452315 0.241667 0.447685 0.243750 0.447685 0.248177 0.461574 0.253646 0.468056 0.252083 0.476389 0.248177 0.478704 0.245833 0.480556 0.240104
0 0.497222 0.235156 0.488426 0.236458 0.481019 0.240104 0.482407 0.252344 0.489352 0.256771 0.492593 0.255990 0.496759 0.253906 0.503704 0.252344 0.506019 0.248177 0.506944 0.239844 0.503241 0.237240
0 0.473611 0.216927 0.471759 0.217969 0.470833 0.220833 0.475000 0.229687 0.478704 0.234115 0.482407 0.236198 0.493519 0.234375 0.498148 0.231771 0.500463 0.228906 0.498611 0.223958 0.490278 0.219531 0.484259 0.217708 0.476852 0.216667
0 0.496296 0.201823 0.492130 0.203906 0.487037 0.208333 0.484259 0.216927 0.490278 0.219010 0.497222 0.219792 0.506944 0.218490 0.510648 0.217188 0.511574 0.208594 0.510648 0.206510 0.507870 0.204687 0.503241 0.202865
0 0.524537 0.190625 0.515741 0.191667 0.510648 0.193229 0.509259 0.201302 0.512037 0.205469 0.517130 0.207552 0.524537 0.207292 0.530093 0.205469 0.531481 0.203646 0.532407 0.196615 0.529630 0.193229
0 0.551389 0.188802 0.544907 0.190625 0.537500 0.194792 0.534722 0.197135 0.534259 0.201563 0.538426 0.205469 0.545370 0.207552 0.553241 0.208333 0.558796 0.207292 0.562500 0.205208 0.562037 0.202604 0.558796 0.201302 0.556944 0.197396 0.559259 0.195833 0.562037 0.195573 0.563426 0.194792 0.563889 0.193229 0.555556 0.189323
0 0.542593 0.205729 0.531019 0.206250 0.524537 0.208594 0.516667 0.216667 0.518056 0.220833 0.531019 0.225781 0.538889 0.226302 0.543519 0.224479 0.548148 0.219010 0.550000 0.213021 0.546296 0.206771
0 0.517130 0.222656 0.515278 0.223698 0.510185 0.224479 0.503241 0.227083 0.501389 0.232813 0.502778 0.236458 0.507870 0.237500 0.514815 0.240625 0.518981 0.240885 0.522222 0.240365 0.525000 0.239063 0.531481 0.238542 0.533333 0.236979 0.536574 0.236458 0.536574 0.232292 0.534259 0.230469 0.533333 0.227604 0.531481 0.225781 0.527315 0.224219
0 0.517130 0.240885 0.513889 0.242448 0.512963 0.244271 0.509259 0.246875 0.505556 0.252604 0.508333 0.255990 0.515278 0.258333 0.518519 0.258594 0.526852 0.255990 0.528704 0.252865 0.527315 0.247396 0.521296 0.244010 0.520833 0.242188
0 0.545370 0.236719 0.537963 0.238021 0.535648 0.239583 0.532870 0.240365 0.530556 0.245573 0.531019 0.252344 0.535185 0.253906 0.536111 0.255990 0.543981 0.257292 0.552778 0.255990 0.559259 0.253385 0.560185 0.252344 0.560185 0.247917 0.556944 0.245312 0.553241 0.240104 0.548148 0.239063
0 0.551852 0.223177 0.547685 0.224479 0.545370 0.227865 0.547685 0.235677 0.555093 0.240625 0.559259 0.241406 0.563889 0.239844 0.572222 0.232552 0.572222 0.229167 0.566204 0.224219 0.560648 0.223438
0 0.566204 0.209635 0.556944 0.211198 0.551852 0.213802 0.550000 0.217969 0.550000 0.221094 0.551852 0.222396 0.567130 0.223698 0.570833 0.221875 0.572685 0.216667 0.570370 0.212240
0 0.585648 0.191667 0.578704 0.192448 0.571296 0.197135 0.570833 0.201302 0.567593 0.205208 0.569444 0.209375 0.572685 0.211979 0.587037 0.214844 0.593056 0.213281 0.596759 0.209635 0.598611 0.205729 0.599074 0.200521 0.597685 0.196875 0.594907 0.193750 0.592130 0.192708
0 0.580556 0.171615 0.572685 0.171875 0.570370 0.173177 0.568981 0.175000 0.565278 0.177083 0.563426 0.181510 0.563889 0.189583 0.565741 0.191146 0.572222 0.192448 0.584259 0.189583 0.587037 0.187240 0.587963 0.183854 0.590278 0.181771 0.589815 0.177604 0.587500 0.173437
0 0.608796 0.177604 0.594907 0.180990 0.591204 0.185156 0.593056 0.189583 0.600463 0.194792 0.606481 0.195833 0.614815 0.195052 0.618519 0.191927 0.623148 0.189583 0.622222 0.184896 0.618519 0.182812 0.614815 0.179427
0 0.635185 0.175521 0.629167 0.177604 0.626852 0.179427 0.625463 0.181510 0.625926 0.186198 0.628241 0.189062 0.635185 0.191667 0.642593 0.191406 0.646296 0.190365 0.649537 0.188281 0.655556 0.181510 0.649537 0.176563 0.643519 0.175521
0 0.619907 0.196615 0.614352 0.195833 0.609259 0.197135 0.600463 0.204167 0.600463 0.209375 0.607407 0.213802 0.615278 0.214062 0.620370 0.213021 0.625926 0.209635 0.628704 0.206510 0.628241 0.201042 0.623148 0.197656
0 0.586111 0.218750 0.580556 0.220312 0.575926 0.224479 0.576852 0.232552 0.586111 0.234375 0.594444 0.234896 0.599074 0.232552 0.602315 0.229167 0.601852 0.224219 0.600926 0.222917 0.593519 0.219271
0 0.573611 0.235417 0.567130 0.240104 0.566667 0.244271 0.568056 0.249479 0.571296 0.253646 0.575463 0.255990 0.578241 0.256510 0.587500 0.256510 0.589352 0.255990 0.594907 0.252083 0.593981 0.244010 0.587963 0.240104 0.589352 0.236198 0.587037 0.235417 0.582407 0.235156
0 0.607407 0.230208 0.600463 0.232813 0.596759 0.236198 0.597222 0.241667 0.599074 0.245573 0.600926 0.246615 0.608796 0.247396 0.612963 0.246615 0.615278 0.245052 0.617593 0.240625 0.617593 0.236198 0.614815 0.232552
0 0.628241 0.216667 0.622685 0.215625 0.612037 0.216406 0.607407 0.217969 0.604167 0.220312 0.604630 0.225521 0.606019 0.228385 0.614352 0.230729 0.621759 0.230469 0.623611 0.229167 0.629630 0.227344 0.634259 0.224740 0.634722 0.220573
0 0.635185 0.227344 0.629630 0.228385 0.624537 0.232552 0.624074 0.236719 0.625463 0.240625 0.627778 0.243229 0.631944 0.245312 0.636574 0.246094 0.641204 0.245312 0.643519 0.242188 0.647685 0.240365 0.649537 0.238021 0.649537 0.235417 0.639352 0.232552 0.639352 0.228385
0 0.656019 0.215625 0.648611 0.216667 0.641667 0.220312 0.640278 0.225260 0.642130 0.227344 0.649074 0.231250 0.655093 0.232292 0.662963 0.231771 0.668056 0.226562 0.672222 0.224740 0.672222 0.220573 0.663426 0.216927
0 0.635185 0.193229 0.634259 0.196094 0.630093 0.201042 0.631944 0.204687 0.631944 0.208594 0.633796 0.211198 0.642130 0.216406 0.650000 0.216927 0.656481 0.215365 0.664352 0.209115 0.664352 0.204427 0.661574 0.201042 0.656019 0.197135 0.649074 0.195052 0.646296 0.194792 0.643519 0.193229
0 0.678241 0.188281 0.670370 0.186198 0.663889 0.185677 0.660185 0.186198 0.657407 0.187500 0.653704 0.192708 0.656019 0.196354 0.662963 0.199219 0.668519 0.197917 0.677778 0.193229 0.679630 0.189844
0 0.676389 0.195052 0.668056 0.198958 0.666204 0.201042 0.667130 0.206771 0.669907 0.209115 0.676389 0.210417 0.684259 0.210938 0.688889 0.209115 0.691667 0.206250 0.691204 0.200781 0.688426 0.197135 0.685648 0.195573
0 0.664815 0.172656 0.662963 0.173698 0.661111 0.176823 0.662500 0.185677 0.669907 0.186458 0.676389 0.188281 0.681019 0.187760 0.684259 0.186719 0.687500 0.182031 0.684259 0.173437 0.681019 0.172135 0.676852 0.171615 0.668981 0.171615
0 0.712037 0.180729 0.699537 0.181250 0.687500 0.185677 0.686111 0.189583 0.691204 0.194010 0.704630 0.197656 0.708796 0.197396 0.712037 0.195833 0.714815 0.193490 0.716204 0.188021 0.716204 0.185156 0.713889 0.181510
0 0.720833 0.164062 0.711574 0.161979 0.707407 0.164062 0.700926 0.165625 0.693519 0.169792 0.691204 0.173958 0.697685 0.179948 0.711111 0.179688 0.718981 0.177344 0.723148 0.173958 0.724537 0.170313 0.723611 0.165885
0 0.684259 0.210938 0.679167 0.216406 0.679630 0.218750 0.681944 0.221094 0.689352 0.222396 0.692593 0.225000 0.697685 0.226562 0.705556 0.226302 0.709722 0.224740 0.712500 0.221354 0.713889 0.217448 0.711574 0.212760 0.702315 0.209896 0.694907 0.208854 0.690278 0.208854 0.687963 0.210156
0 0.694444 0.226042 0.691204 0.224219 0.684259 0.222656 0.677315 0.223438 0.674074 0.224740 0.666667 0.228906 0.663426 0.231771 0.663426 0.237500 0.664815 0.239844 0.669444 0.241406 0.677315 0.241927 0.680556 0.240625 0.693981 0.237500 0.696296 0.235937 0.698148 0.233073 0.697222 0.229167
0 0.726389 0.191927 0.718519 0.193750 0.714352 0.197135 0.709722 0.204948 0.710185 0.208333 0.711574 0.210417 0.715278 0.211979 0.721759 0.213281 0.727315 0.213281 0.732870 0.211979 0.736111 0.209896 0.737500 0.206250 0.735648 0.197135 0.733333 0.194531
0 0.732407 0.182031 0.729167 0.185417 0.728704 0.189844 0.736574 0.195312 0.738889 0.196094 0.747222 0.196615 0.761111 0.194010 0.762037 0.191927 0.761111 0.186198 0.754630 0.180990 0.747685 0.179948 0.739352 0.179688
0 0.736574 0.161198 0.730093 0.165885 0.729630 0.170052 0.732407 0.175000 0.736111 0.177604 0.739352 0.178646 0.754167 0.179427 0.758333 0.176563 0.760185 0.172917 0.758796 0.169792 0.756944 0.168490 0.753704 0.163281 0.750926 0.161458 0.747685 0.160677 0.738889 0.160677
0 0.746759 0.138021 0.740741 0.139844 0.736574 0.141927 0.732407 0.145052 0.728704 0.150260 0.728704 0.154688 0.732407 0.158333 0.736574 0.159635 0.749537 0.159375 0.755093 0.156510 0.756481 0.154427 0.755556 0.151562 0.755556 0.142187 0.751852 0.139323
0 0.697685 0.241146 0.692593 0.240104 0.683796 0.240625 0.676852 0.244010 0.675000 0.247396 0.675463 0.249219 0.677315 0.251563 0.683796 0.254948 0.690278 0.254427 0.700000 0.252344 0.703704 0.248177 0.702778 0.244010
0 0.789352 0.128125 0.781481 0.125260 0.775463 0.124479 0.767593 0.124740 0.760185 0.126302 0.756019 0.129427 0.754630 0.132292 0.751852 0.134635 0.755093 0.139323 0.760185 0.141406 0.766667 0.142448 0.775926 0.140365 0.780556 0.138802 0.788426 0.134635 0.790741 0.131510
0 0.738889 0.115104 0.741204 0.119531 0.745370 0.123177 0.755093 0.123438 0.763889 0.121875 0.768981 0.120313 0.777315 0.115365 0.775000 0.111458 0.768056 0.108594 0.754167 0.106250 0.746759 0.106510 0.744444 0.107552 0.740741 0.111458
0 0.815278 0.089844 0.810185 0.091927 0.807870 0.096354 0.810185 0.100260 0.815741 0.104167 0.819907 0.105208 0.824074 0.105469 0.831019 0.102865 0.837037 0.102344 0.843056 0.099479 0.845370 0.095573 0.838889 0.091667 0.823611 0.089323
0 0.758796 0.150260 0.760185 0.154688 0.767130 0.158333 0.774537 0.158333 0.781019 0.159375 0.788426 0.158073 0.790741 0.154427 0.791667 0.150521 0.785648 0.146354 0.782407 0.145833 0.770833 0.146094 0.763889 0.148958
0 0.781019 0.160417 0.773611 0.160156 0.771296 0.162500 0.765278 0.165625 0.761574 0.170313 0.760648 0.173698 0.763426 0.178125 0.768519 0.178646 0.774537 0.177604 0.781481 0.174479 0.783796 0.172135 0.787500 0.170052 0.785648 0.164844
0 0.781481 0.180208 0.776389 0.180469 0.770833 0.185156 0.770370 0.193490 0.774074 0.194531 0.781481 0.194271 0.786111 0.193490 0.791204 0.189583 0.790741 0.185417
0 0.760648 0.197656 0.753241 0.197656 0.745833 0.200781 0.743056 0.205729 0.742593 0.209635 0.743056 0.212760 0.746296 0.216146 0.754630 0.215104 0.766667 0.210156 0.770833 0.205469 0.768981 0.201042 0.762963 0.199219
0 0.770370 0.208594 0.770370 0.213021 0.774537 0.215625 0.787500 0.219271 0.795370 0.216927 0.796759 0.212500 0.791204 0.208854 0.781481 0.205729 0.775926 0.206250
0 0.753241 0.216667 0.748611 0.218750 0.745833 0.221615 0.744907 0.224219 0.745833 0.227865 0.746759 0.228906 0.750000 0.229948 0.761111 0.231771 0.766667 0.230208 0.769444 0.228646 0.772685 0.225260 0.775000 0.220312 0.772685 0.218750 0.766204 0.218229 0.760648 0.216667
0 0.725463 0.214583 0.719907 0.216406 0.717593 0.219531 0.718056 0.224740 0.729167 0.230990 0.733333 0.232031 0.739352 0.230729 0.743519 0.228646 0.743056 0.220573 0.732407 0.215625
0 0.801389 0.184896 0.793056 0.189844 0.792130 0.193750 0.793981 0.197396 0.798148 0.201302 0.801389 0.202604 0.808333 0.203646 0.813426 0.203385 0.816667 0.202344 0.819907 0.197656 0.818981 0.189844 0.815278 0.185677 0.809259 0.184375
0 0.809722 0.165625 0.799074 0.165885 0.794907 0.167187 0.791667 0.170573 0.791204 0.175000 0.792593 0.178906 0.794907 0.181250 0.802315 0.182552 0.809259 0.181250 0.816204 0.177604 0.818056 0.175000 0.817130 0.170573
0 0.801389 0.148438 0.795833 0.150521 0.792593 0.158333 0.795833 0.164062 0.798148 0.165365 0.800463 0.165885 0.807870 0.165885 0.811111 0.165104 0.816667 0.161719 0.818981 0.158594 0.818519 0.155469 0.809722 0.150260
0 0.803704 0.140104 0.800926 0.142448 0.800926 0.145052 0.802315 0.148698 0.804167 0.150000 0.818981 0.153646 0.824537 0.153646 0.830093 0.151562 0.830556 0.150000 0.827315 0.142448 0.824537 0.140625 0.816204 0.137760 0.808796 0.138281
0 0.808796 0.126823 0.807407 0.128646 0.801852 0.130729 0.801852 0.137760 0.816204 0.136458 0.823148 0.138802 0.825926 0.135417 0.826389 0.130208 0.816204 0.126562
0 0.850463 0.133073 0.840741 0.133333 0.834722 0.134635 0.832407 0.136458 0.829630 0.142187 0.831019 0.151302 0.834259 0.154427 0.842593 0.155729 0.850926 0.155208 0.858333 0.151302 0.860185 0.149479 0.862500 0.143229 0.862500 0.138281 0.857407 0.134635
0 0.868981 0.126562 0.860648 0.130729 0.859722 0.135417 0.862037 0.138021 0.863889 0.139063 0.868056 0.139844 0.874074 0.139844 0.880556 0.138802 0.886111 0.135156 0.885185 0.130990 0.878704 0.127604 0.875000 0.126562
0 0.906019 0.109896 0.898611 0.108594 0.885648 0.112500 0.876389 0.117448 0.875000 0.119010 0.878241 0.121875 0.885185 0.124479 0.900463 0.125260 0.906019 0.123958 0.910648 0.119531 0.910648 0.115104
0 0.864815 0.153906 0.853704 0.155469 0.850000 0.156771 0.845370 0.162500 0.847222 0.164583 0.851389 0.166667 0.854167 0.167448 0.858796 0.167708 0.863889 0.166667 0.867130 0.164583 0.868519 0.162760 0.868519 0.158073
0 0.829630 0.162760 0.823148 0.165885 0.819444 0.169271 0.819444 0.174219 0.821296 0.177604 0.827315 0.182031 0.833333 0.184635 0.837963 0.185156 0.844444 0.184635 0.850000 0.183333 0.852778 0.181771 0.855556 0.178125 0.855093 0.173177 0.850926 0.167187 0.841667 0.162760 0.838426 0.162240
0 0.882870 0.161719 0.876389 0.161979 0.867130 0.166146 0.861574 0.170052 0.860648 0.172135 0.861111 0.177865 0.862500 0.179427 0.867130 0.181250 0.876852 0.182552 0.885648 0.181250 0.888889 0.179427 0.895370 0.170833 0.894444 0.165885 0.891667 0.163802
0 0.882407 0.182292 0.876852 0.185417 0.876852 0.190104 0.878241 0.191927 0.883796 0.195573 0.892130 0.197917 0.900000 0.198958 0.906944 0.196875 0.910185 0.195052 0.913889 0.189844 0.913426 0.185417 0.910648 0.183594 0.901852 0.181510 0.894907 0.180990 0.886574 0.181250
0 0.870370 0.197135 0.869444 0.200260 0.869907 0.204687 0.871296 0.206771 0.875926 0.210417 0.880556 0.211458 0.885185 0.214062 0.892593 0.213542 0.899537 0.210417 0.901852 0.207813 0.902778 0.204167 0.898611 0.199219 0.886111 0.196094 0.879167 0.196094
0 0.878704 0.212240 0.869444 0.212760 0.867130 0.213802 0.864352 0.214062 0.858796 0.217188 0.857407 0.218750 0.857407 0.224740 0.861574 0.226823 0.871296 0.229427 0.878704 0.227865 0.884259 0.224740 0.885648 0.222656 0.885648 0.215625 0.882870 0.215625 0.881481 0.216927 0.879630 0.217188 0.875463 0.216667 0.881019 0.214323 0.881019 0.212760
0 0.837500 0.203906 0.835185 0.205208 0.833796 0.209115 0.835648 0.213021 0.839352 0.216927 0.843519 0.218490 0.852778 0.218490 0.856019 0.217969 0.864352 0.212760 0.866204 0.210156 0.866204 0.207552 0.864815 0.204948 0.850000 0.202083 0.843519 0.202083
0 0.837500 0.186979 0.829167 0.186979 0.822685 0.189323 0.822222 0.199219 0.823611 0.201302 0.826389 0.202604 0.829630 0.205469 0.832870 0.205208 0.837037 0.203646 0.840741 0.201042 0.843981 0.196875 0.844907 0.193750 0.843981 0.190365 0.842130 0.188802
0 0.800463 0.216406 0.802778 0.221094 0.808333 0.224219 0.816204 0.224219 0.818519 0.223177 0.830093 0.220833 0.831019 0.218750 0.833333 0.216927 0.833796 0.212760 0.830556 0.211979 0.823148 0.211979 0.816667 0.210938 0.807870 0.211198 0.803241 0.212760
0 0.843981 0.224219 0.837500 0.222656 0.828704 0.221615 0.820370 0.223177 0.814815 0.225260 0.811111 0.228125 0.809259 0.231510 0.809259 0.233594 0.810648 0.236458 0.815741 0.240104 0.822222 0.241667 0.824537 0.241667 0.829630 0.240365 0.843981 0.232031 0.845833 0.227604
0 0.805556 0.228385 0.795370 0.224479 0.779167 0.227344 0.771759 0.232292 0.769444 0.235937 0.770833 0.240625 0.774074 0.242708 0.777778 0.243229 0.789352 0.242969 0.796759 0.241927 0.806481 0.236458
0 0.849074 0.240104 0.844444 0.238802 0.836574 0.239063 0.829630 0.242708 0.824537 0.248698 0.825463 0.252083 0.827454 0.255990 0.836111 0.256510 0.840741 0.255990 0.848611 0.252083 0.851389 0.248438 0.851389 0.242969
0 0.864352 0.233073 0.854630 0.236198 0.852778 0.240365 0.858796 0.248177 0.863426 0.249219 0.866204 0.249219 0.874074 0.247135 0.876389 0.245573 0.877315 0.243750 0.876389 0.239323 0.873148 0.234635 0.870370 0.233594
0 0.861574 0.254688 0.860648 0.255729 0.861111 0.257031 0.867593 0.263542 0.879630 0.267708 0.884722 0.268750 0.892130 0.267708 0.898148 0.263802 0.900926 0.260417 0.902315 0.256510 0.901389 0.251823 0.899074 0.250260 0.893056 0.248958 0.874537 0.248958 0.871296 0.249740 0.868056 0.252083
0 0.771759 0.245312 0.766204 0.244792 0.760648 0.245833 0.754630 0.246094 0.747685 0.247917 0.748611 0.255729 0.752315 0.258594 0.757870 0.260937 0.760648 0.261458 0.768981 0.259375 0.774074 0.256510 0.776389 0.253646 0.779167 0.252083 0.777315 0.247656
0 0.745833 0.230729 0.737037 0.232292 0.732407 0.235156 0.731944 0.237500 0.732870 0.240365 0.735648 0.241146 0.745370 0.246094 0.747685 0.246354 0.754630 0.244531 0.759259 0.242188 0.761111 0.240365 0.761574 0.235937 0.758796 0.232292 0.753704 0.231250
0 0.718981 0.227344 0.711111 0.226562 0.704167 0.228385 0.700926 0.232292 0.699537 0.236719 0.700463 0.240365 0.703241 0.241667 0.704630 0.244531 0.711574 0.244271 0.721296 0.238542 0.724537 0.234115 0.726852 0.232552 0.725926 0.231250 0.723148 0.229948 0.722222 0.228385
0 0.718056 0.241406 0.713889 0.243490 0.709259 0.247656 0.710648 0.255729 0.717130 0.257812 0.725926 0.258073 0.739815 0.253125 0.740741 0.252083 0.739815 0.244531 0.732407 0.245052 0.724074 0.242188
0 0.643056 0.244271 0.642130 0.248177 0.646296 0.251042 0.654167 0.254167 0.656481 0.254427 0.669444 0.252083 0.675463 0.252083 0.672222 0.251042 0.671759 0.247656 0.668519 0.242188 0.662037 0.239583 0.656019 0.239063 0.650463 0.239844
0 0.652315 0.256771 0.650463 0.259896 0.658796 0.262760 0.664352 0.266406 0.668056 0.267188 0.678241 0.266667 0.681481 0.265625 0.682870 0.263542 0.683333 0.258333 0.681944 0.255729 0.677315 0.253906 0.668981 0.253646 0.658796 0.254688 0.653704 0.255729
0 0.643981 0.258854 0.637037 0.259896 0.629167 0.263542 0.626852 0.267188 0.635185 0.275260 0.641667 0.277083 0.652315 0.275000 0.661111 0.267969 0.660185 0.265365 0.656944 0.263021 0.649537 0.259635
0 0.629630 0.245833 0.627778 0.245833 0.623611 0.247135 0.620833 0.248698 0.619444 0.251563 0.620833 0.259896 0.627778 0.262500 0.640741 0.258073 0.644444 0.255990 0.645370 0.251823 0.638889 0.247656
0 0.607407 0.247917 0.600926 0.250260 0.593056 0.255729 0.593056 0.260156 0.606944 0.264583 0.615741 0.264583 0.618519 0.263542 0.621296 0.259896 0.619444 0.251563 0.614815 0.248438
0 0.747222 0.257292 0.737963 0.256771 0.732407 0.257552 0.729630 0.258854 0.725463 0.259635 0.724537 0.261719 0.725000 0.271354 0.732407 0.276042 0.739815 0.275260 0.748148 0.271354 0.751852 0.267969 0.754630 0.263802 0.753241 0.259896
0 0.697222 0.254427 0.688889 0.255729 0.686111 0.264062 0.692593 0.272396 0.693981 0.273177 0.698148 0.273698 0.706944 0.269792 0.708333 0.268229 0.711111 0.259635 0.706019 0.255469
0 0.773611 0.259896 0.767593 0.261198 0.761574 0.263542 0.759259 0.265885 0.758796 0.268229 0.760648 0.270052 0.766204 0.272135 0.768056 0.275521 0.774074 0.277865 0.781019 0.277344 0.787037 0.275521 0.788426 0.274219 0.790278 0.267188 0.787963 0.264844 0.781481 0.263281 0.776852 0.260677
0 0.802315 0.247396 0.794444 0.247135 0.789815 0.249219 0.782870 0.250781 0.781019 0.251823 0.778241 0.255729 0.779167 0.259896 0.783333 0.261198 0.787963 0.263802 0.795370 0.264583 0.803241 0.262240 0.805556 0.260677 0.808333 0.256250 0.807870 0.251823 0.804630 0.247917
0 0.609722 0.266667 0.604167 0.271354 0.604167 0.275521 0.606944 0.278906 0.614352 0.280990 0.621296 0.279948 0.629167 0.279687 0.631019 0.277344 0.631481 0.274740 0.628704 0.270313 0.623611 0.267708 0.614352 0.265104
0 0.579630 0.263542 0.578241 0.265885 0.575463 0.267448 0.575463 0.271615 0.578241 0.275521 0.582870 0.277344 0.593056 0.279167 0.598148 0.278385 0.601389 0.275521 0.602778 0.267448 0.600926 0.263542 0.591667 0.262500 0.586111 0.262500
0 0.552315 0.257812 0.548148 0.259635 0.546759 0.263021 0.549537 0.267708 0.551852 0.269010 0.557870 0.270573 0.565741 0.271354 0.568981 0.270573 0.572685 0.267708 0.574537 0.263802 0.570833 0.259375 0.567130 0.257812 0.560648 0.256771 0.557407 0.256771
0 0.525000 0.257292 0.518519 0.262500 0.518056 0.265104 0.518981 0.267448 0.521759 0.268490 0.525926 0.269010 0.531019 0.271094 0.538889 0.270833 0.543981 0.267708 0.543519 0.263542 0.540278 0.259635 0.536574 0.257292 0.531944 0.256250
0 0.517130 0.269010 0.512963 0.272396 0.512037 0.275521 0.514352 0.278906 0.517593 0.281510 0.521759 0.283594 0.529167 0.284896 0.532407 0.284896 0.542130 0.283333 0.542130 0.279167 0.537037 0.275260 0.535185 0.271875 0.525000 0.268750
0 0.485185 0.272917 0.483333 0.274740 0.484259 0.276823 0.488426 0.279427 0.492593 0.280208 0.494907 0.281510 0.496296 0.283854 0.503704 0.284635 0.510648 0.279427 0.511574 0.275000 0.509722 0.273177 0.506481 0.271615 0.499537 0.271354 0.496296 0.272135
0 0.496296 0.256510 0.492130 0.259375 0.492130 0.267708 0.496296 0.270313 0.504630 0.271354 0.508333 0.270313 0.512037 0.267708 0.513889 0.264583 0.513426 0.259635 0.510185 0.257812 0.504167 0.256250
0 0.478704 0.252865 0.475000 0.252865 0.471296 0.254167 0.463889 0.259635 0.461574 0.262500 0.461111 0.267708 0.462037 0.268750 0.466667 0.271354 0.475000 0.273177 0.476852 0.273177 0.482870 0.271354 0.487037 0.267708 0.486574 0.263542 0.487500 0.259635 0.482870 0.253646
0 0.457407 0.253125 0.447222 0.250521 0.441667 0.251823 0.438426 0.253385 0.433796 0.257031 0.432870 0.264583 0.434259 0.268229 0.448148 0.268750 0.453241 0.267708 0.457870 0.265365 0.461574 0.259896 0.461574 0.255729
0 0.432870 0.255469 0.428241 0.254167 0.419444 0.253125 0.408796 0.255729 0.406019 0.258594 0.406019 0.263802 0.408796 0.264323 0.411111 0.265885 0.411574 0.267708 0.414352 0.268490 0.420370 0.268490 0.428704 0.266667 0.431481 0.264062
0 0.386574 0.263542 0.385185 0.264583 0.384259 0.271354 0.386111 0.272917 0.392130 0.275521 0.398148 0.275781 0.402315 0.275260 0.406019 0.273438 0.407407 0.271615 0.408333 0.267448 0.405556 0.265365 0.400463 0.263542 0.395833 0.263281 0.392593 0.262240
0 0.379630 0.252344 0.371296 0.252865 0.362963 0.257292 0.360648 0.259375 0.360185 0.264062 0.363426 0.267708 0.371296 0.270052 0.378704 0.270052 0.382407 0.268750 0.384259 0.263542 0.387963 0.260417 0.387500 0.255729 0.385648 0.254167
0 0.364815 0.267969 0.350463 0.270052 0.347222 0.271354 0.345833 0.273698 0.343519 0.275260 0.343519 0.279687 0.350463 0.285938 0.357407 0.288542 0.364815 0.288281 0.366667 0.287240 0.367130 0.285677 0.372222 0.280208 0.373148 0.271354 0.368056 0.269792
0 0.350926 0.255990 0.343056 0.254948 0.333333 0.258073 0.329167 0.260156 0.326389 0.262500 0.324537 0.267708 0.330093 0.269531 0.337963 0.270573 0.343981 0.270573 0.350463 0.267708 0.354630 0.266927 0.356944 0.265365 0.357407 0.263281
0 0.310185 0.271354 0.306944 0.273958 0.307870 0.278385 0.322685 0.287500 0.327315 0.288021 0.331944 0.287760 0.340278 0.283333 0.339815 0.280469 0.337037 0.275260 0.330556 0.272656 0.322222 0.270573 0.315741 0.270313
0 0.316204 0.258594 0.308796 0.258073 0.303241 0.259896 0.302315 0.262500 0.299537 0.265365 0.299537 0.267969 0.302315 0.270573 0.309259 0.272135 0.320833 0.267708 0.319907 0.265104 0.318056 0.263542 0.318056 0.259375
0 0.281019 0.264062 0.275000 0.267448 0.274074 0.272135 0.275463 0.273698 0.281481 0.277604 0.293056 0.279948 0.296296 0.279948 0.297685 0.279427 0.299074 0.277083 0.300463 0.271354 0.295370 0.264062 0.288426 0.263281
0 0.260185 0.255469 0.258333 0.258333 0.255093 0.259635 0.259259 0.267708 0.260648 0.268490 0.268056 0.269531 0.271759 0.269010 0.279167 0.263281 0.277778 0.259635 0.271759 0.255729 0.268056 0.254427
0 0.279630 0.278906 0.273148 0.274740 0.270833 0.274219 0.261111 0.273438 0.257407 0.273958 0.254630 0.275521 0.254167 0.279167 0.251389 0.282813 0.252315 0.286979 0.259722 0.287760 0.267593 0.286979 0.272685 0.284635 0.279167 0.283073
0 0.246759 0.275000 0.239352 0.274740 0.233333 0.275260 0.225926 0.279167 0.230556 0.283333 0.239352 0.289062 0.248148 0.287240 0.250463 0.284896 0.251389 0.279167 0.249074 0.275781
0 0.256019 0.267188 0.253704 0.264062 0.249074 0.262240 0.247685 0.259635 0.240741 0.259635 0.235648 0.261719 0.225000 0.263542 0.220370 0.267188 0.218981 0.271615 0.225463 0.274479 0.231481 0.275260 0.240741 0.274740 0.253704 0.271354
0 0.212500 0.271615 0.204630 0.272135 0.201389 0.273177 0.196759 0.276302 0.194444 0.278906 0.193981 0.283594 0.197685 0.288021 0.204630 0.289062 0.213426 0.287500 0.217130 0.285417 0.223611 0.283333 0.222222 0.278646 0.217130 0.273698
0 0.154167 0.275260 0.152778 0.279427 0.155093 0.283594 0.167130 0.288021 0.169907 0.288542 0.183796 0.288281 0.185648 0.287500 0.187500 0.284896 0.190278 0.283333 0.189815 0.279167 0.184259 0.274740 0.175463 0.273177 0.162963 0.272917
0 0.168519 0.294531 0.167593 0.297396 0.168519 0.301302 0.176852 0.306771 0.190278 0.306771 0.197685 0.305208 0.204167 0.302865 0.206944 0.299219 0.205556 0.294792 0.198148 0.291146 0.177778 0.290104 0.175463 0.290625
0 0.141667 0.290885 0.138426 0.293750 0.138889 0.298958 0.141204 0.301042 0.144444 0.302865 0.149074 0.304167 0.156944 0.304167 0.161574 0.302865 0.165741 0.299740 0.165741 0.296875 0.164815 0.294792 0.160185 0.292448 0.158796 0.290885 0.150463 0.290104
0 0.128241 0.272135 0.123148 0.275521 0.119444 0.279167 0.117130 0.282813 0.117130 0.284375 0.118519 0.287240 0.121296 0.288281 0.127778 0.289323 0.136574 0.289844 0.142593 0.289062 0.144907 0.286719 0.144907 0.282292 0.142593 0.275260 0.135648 0.271354
0 0.109259 0.294792 0.100926 0.289062 0.093519 0.289323 0.086574 0.290885 0.079630 0.294271 0.079630 0.298177 0.080556 0.298958 0.091667 0.301563 0.100926 0.301823 0.108796 0.298958
0 0.086574 0.308073 0.085185 0.310156 0.079630 0.314323 0.077778 0.318490 0.079630 0.322917 0.082870 0.325260 0.087963 0.327344 0.094907 0.328906 0.100926 0.328125 0.105093 0.322656 0.106481 0.317969 0.106019 0.314583 0.104167 0.312500 0.093981 0.306771
0 0.142130 0.313802 0.139352 0.317969 0.140741 0.322396 0.142130 0.323958 0.148148 0.326562 0.162963 0.328646 0.170833 0.327865 0.174074 0.326562 0.176389 0.322396 0.174074 0.318229 0.164815 0.312760 0.155556 0.310417 0.149074 0.310156
0 0.156481 0.328125 0.149074 0.328646 0.143519 0.330208 0.139815 0.330469 0.137037 0.332552 0.137037 0.334375 0.140278 0.337240 0.142130 0.340365 0.149074 0.344271 0.156481 0.344010 0.161111 0.341667 0.165741 0.338021 0.166204 0.333594
0 0.183333 0.329167 0.177778 0.331250 0.174537 0.333333 0.174537 0.337500 0.176852 0.340365 0.179630 0.341927 0.183796 0.342708 0.191204 0.342708 0.195833 0.338281 0.198148 0.333854 0.192593 0.329688 0.190278 0.329167
0 0.206019 0.310937 0.201852 0.310417 0.192593 0.310937 0.183796 0.312500 0.179630 0.314323 0.176852 0.318750 0.179630 0.319792 0.180556 0.322396 0.183796 0.325000 0.191204 0.327344 0.202315 0.323437 0.206019 0.319792 0.209259 0.318229 0.211574 0.314583
0 0.229167 0.288281 0.224537 0.288021 0.218981 0.288802 0.210648 0.295833 0.209259 0.298438 0.210185 0.300781 0.212500 0.302865 0.218519 0.305729 0.222685 0.305208 0.224537 0.304167 0.225926 0.302083 0.228704 0.302083 0.232870 0.303125 0.234259 0.297656 0.234259 0.290885
0 0.245370 0.288802 0.238426 0.294531 0.239352 0.296875 0.244444 0.298958 0.252315 0.299219 0.260185 0.301302 0.265278 0.298958 0.268056 0.295052 0.264815 0.291927 0.263889 0.289844 0.261574 0.288542 0.257407 0.288021 0.250463 0.288021
0 0.239352 0.299219 0.234722 0.302865 0.231481 0.309896 0.232407 0.314583 0.239352 0.319271 0.246759 0.319531 0.252778 0.318750 0.255093 0.317708 0.257870 0.315104 0.260648 0.302604 0.256019 0.301042 0.253241 0.299219
0 0.211574 0.319010 0.204630 0.322656 0.203241 0.326562 0.206019 0.329948 0.217130 0.335417 0.232870 0.337500 0.233796 0.334896 0.232870 0.324740 0.231019 0.322135 0.226389 0.320052 0.218981 0.318229
0 0.211111 0.336979 0.208333 0.338021 0.206481 0.341406 0.209722 0.347135 0.216667 0.353906 0.218519 0.354687 0.226389 0.355208 0.232407 0.353125 0.236111 0.350521 0.236574 0.345573 0.232870 0.341406 0.230093 0.340104 0.219907 0.336979
0 0.245833 0.334375 0.237037 0.337760 0.235185 0.342448 0.236574 0.344010 0.243056 0.347135 0.246296 0.347917 0.254167 0.347917 0.259722 0.345313 0.261111 0.342448 0.260648 0.340365 0.258796 0.337760 0.255556 0.335938
0 0.252778 0.321094 0.244907 0.320052 0.239352 0.320312 0.236111 0.321875 0.233796 0.325521 0.233796 0.330208 0.235185 0.332031 0.239815 0.334375 0.247222 0.334375 0.255556 0.330729 0.258333 0.326042
0 0.260185 0.326562 0.258333 0.330469 0.260185 0.333594 0.262963 0.334115 0.262963 0.338021 0.267130 0.339323 0.274537 0.339323 0.277315 0.337760 0.279167 0.334635 0.276389 0.329688 0.274537 0.328125 0.267593 0.326042
0 0.281481 0.301563 0.274074 0.300521 0.265741 0.302604 0.260185 0.307292 0.259259 0.309896 0.259722 0.315104 0.264352 0.319010 0.267130 0.320312 0.274537 0.320573 0.282407 0.318490 0.287500 0.314583 0.288426 0.306510
0 0.274074 0.284896 0.268981 0.286979 0.266667 0.289844 0.267130 0.292448 0.269907 0.293750 0.276389 0.299219 0.288889 0.303646 0.293056 0.301823 0.295833 0.297656 0.295370 0.291146 0.293519 0.287240 0.288426 0.283854 0.281019 0.283854 0.280093 0.284635
0 0.300000 0.282552 0.298611 0.283073 0.295833 0.286719 0.295833 0.291406 0.300000 0.298698 0.307870 0.300260 0.317593 0.300260 0.320833 0.298958 0.323611 0.295573 0.322685 0.290625 0.319907 0.287500 0.315741 0.285156 0.309259 0.282813 0.305093 0.282292
0 0.294907 0.303906 0.293519 0.306510 0.294444 0.310677 0.295370 0.311458 0.301852 0.313281 0.309722 0.313281 0.323148 0.310417 0.323611 0.306250 0.321759 0.304427 0.316204 0.301563 0.310185 0.300521 0.303241 0.300781
0 0.350926 0.289844 0.336574 0.289844 0.329630 0.292969 0.327778 0.296615 0.325463 0.298698 0.324537 0.303125 0.331481 0.310677 0.338426 0.311198 0.344444 0.310156 0.352778 0.307031 0.357870 0.302604 0.360185 0.299219 0.359722 0.295312
0 0.343519 0.311198 0.341667 0.313802 0.342130 0.319010 0.346759 0.322396 0.350000 0.323698 0.357407 0.325000 0.365741 0.325260 0.368056 0.324479 0.369444 0.322396 0.372685 0.320833 0.374074 0.319010 0.373148 0.315885 0.369444 0.313281 0.364352 0.311458 0.356481 0.310677 0.351389 0.309115
0 0.331019 0.312500 0.316667 0.313021 0.313426 0.314583 0.311574 0.320312 0.309722 0.322396 0.313889 0.326302 0.321759 0.328906 0.331019 0.327865 0.336111 0.326302 0.337963 0.322396 0.337037 0.318750 0.337500 0.314323
0 0.295370 0.314063 0.287963 0.315885 0.277778 0.320833 0.276389 0.322656 0.275926 0.326562 0.278241 0.330208 0.281019 0.332292 0.287500 0.334115 0.302778 0.332292 0.306481 0.330208 0.307407 0.326042 0.304630 0.317969 0.302315 0.315885
0 0.292593 0.332292 0.290278 0.334115 0.287963 0.334635 0.281944 0.341927 0.283796 0.345313 0.286574 0.347135 0.294444 0.349479 0.302315 0.349740 0.309722 0.348438 0.314815 0.345833 0.315741 0.341667 0.312963 0.337500 0.304630 0.334115 0.302315 0.332292 0.295833 0.331771
0 0.267130 0.341667 0.262500 0.345313 0.259722 0.348958 0.260185 0.352604 0.262963 0.354167 0.264352 0.357552 0.267593 0.358594 0.271296 0.355729 0.278704 0.353646 0.278704 0.349740 0.282407 0.345573 0.275000 0.342708
0 0.319444 0.330729 0.316667 0.333073 0.314815 0.338281 0.317593 0.342187 0.325463 0.349479 0.329630 0.351562 0.337963 0.351823 0.345370 0.350521 0.346759 0.348958 0.348611 0.341927 0.348611 0.337760 0.343519 0.332031 0.336111 0.329427 0.331481 0.328906 0.323611 0.329688
0 0.342593 0.326042 0.339352 0.330208 0.343981 0.332813 0.348611 0.338542 0.350463 0.339583 0.353704 0.340104 0.359259 0.340104 0.361111 0.339583 0.366204 0.335417 0.366667 0.329688 0.362500 0.327344 0.359259 0.326562
0 0.368056 0.330208 0.366667 0.334375 0.368519 0.338281 0.372685 0.341406 0.387037 0.346615 0.400000 0.346875 0.404167 0.345573 0.406481 0.342708 0.405093 0.337760 0.400926 0.333073 0.397222 0.331250 0.393981 0.327865 0.390741 0.326042 0.387037 0.325260 0.378241 0.325260
0 0.380556 0.314583 0.378704 0.318750 0.381944 0.322656 0.383796 0.323698 0.399074 0.327865 0.406019 0.327083 0.414352 0.321875 0.414815 0.316927 0.413889 0.314583 0.408796 0.311979 0.400926 0.311198 0.389815 0.311198 0.385648 0.311979
0 0.378241 0.295052 0.364352 0.297135 0.362500 0.299219 0.362037 0.303125 0.366667 0.308333 0.371296 0.311198 0.378704 0.311979 0.380556 0.311198 0.385648 0.310677 0.387037 0.309375 0.387963 0.300781 0.386574 0.298177
0 0.399074 0.277344 0.391204 0.276823 0.385185 0.277604 0.374074 0.282031 0.369907 0.287500 0.372685 0.291146 0.377315 0.293750 0.384722 0.295833 0.393056 0.295573 0.399537 0.294010 0.402315 0.291146 0.406481 0.282813 0.403704 0.279948
0 0.408333 0.282031 0.406481 0.283594 0.404630 0.288281 0.404630 0.295573 0.406019 0.297135 0.412963 0.300000 0.420370 0.298177 0.428704 0.297396 0.431481 0.295833 0.436111 0.291146 0.437037 0.286979 0.434722 0.284896 0.427778 0.281510 0.411574 0.281250
0 0.399074 0.297656 0.390741 0.302344 0.390741 0.309115 0.393056 0.310677 0.406481 0.311458 0.409259 0.310156 0.412037 0.302604 0.407407 0.298698
0 0.427315 0.299219 0.420370 0.299479 0.417593 0.300260 0.414352 0.302604 0.413426 0.307031 0.415741 0.310677 0.418981 0.311719 0.427778 0.311719 0.431944 0.310677 0.432407 0.309115 0.434259 0.307812 0.434259 0.302865
0 0.447685 0.291406 0.435185 0.294792 0.431944 0.298958 0.441204 0.306771 0.448148 0.308333 0.458333 0.307031 0.462037 0.305208 0.463426 0.301302 0.463426 0.297656 0.462037 0.295573 0.455556 0.292708
0 0.440741 0.269531 0.437500 0.270833 0.433796 0.275521 0.427778 0.279427 0.441204 0.286979 0.447222 0.287760 0.454167 0.287240 0.459259 0.284115 0.462963 0.280469 0.462037 0.272656 0.460648 0.271354 0.455093 0.270052
0 0.483333 0.278646 0.478241 0.279427 0.461574 0.284115 0.458796 0.286979 0.459722 0.291406 0.463426 0.294792 0.468056 0.296875 0.475463 0.298438 0.482870 0.297917 0.487037 0.295833 0.491204 0.291927 0.493981 0.287500 0.494444 0.283073 0.489815 0.280469
0 0.475463 0.300260 0.471759 0.302604 0.469444 0.305990 0.471296 0.309635 0.475463 0.312240 0.477778 0.312760 0.483796 0.313021 0.490741 0.312240 0.493056 0.310417 0.493981 0.306510 0.489815 0.301823 0.482870 0.300000
0 0.454167 0.308854 0.448148 0.310937 0.446759 0.313542 0.447685 0.317448 0.453704 0.324219 0.462037 0.325000 0.464352 0.324219 0.466204 0.321875 0.467130 0.318750 0.466667 0.311198 0.465278 0.309896 0.462037 0.308854
0 0.433796 0.311719 0.426389 0.314583 0.424537 0.317448 0.425000 0.321354 0.425926 0.322396 0.432407 0.322917 0.440741 0.325781 0.444444 0.325260 0.448148 0.322917 0.447685 0.319271 0.445370 0.314323 0.442593 0.313281
0 0.403241 0.328906 0.402778 0.330990 0.404167 0.334115 0.406019 0.336198 0.410185 0.338281 0.419444 0.340104 0.428704 0.340104 0.433796 0.339062 0.435648 0.338021 0.438889 0.329427 0.437500 0.326823 0.434259 0.325260 0.427315 0.323437 0.419907 0.323177 0.412500 0.324219
0 0.455556 0.325521 0.446759 0.326302 0.443056 0.327344 0.437963 0.334375 0.437037 0.338021 0.438889 0.341927 0.441667 0.344010 0.447685 0.346094 0.454630 0.345052 0.459259 0.342969 0.465278 0.338281 0.468519 0.334115 0.467593 0.329948 0.466204 0.328385 0.461574 0.326562
0 0.479630 0.313542 0.475463 0.314063 0.469444 0.317448 0.468056 0.320052 0.467593 0.326302 0.468981 0.329688 0.470370 0.330729 0.480093 0.334115 0.483796 0.334375 0.492593 0.332552 0.496759 0.330469 0.502315 0.322396 0.501389 0.318229 0.496759 0.315365 0.490278 0.313802
0 0.503241 0.298177 0.495370 0.302604 0.496296 0.309375 0.498611 0.310677 0.499074 0.315104 0.501389 0.317448 0.503241 0.318490 0.512037 0.318490 0.523611 0.314583 0.525463 0.310417 0.521296 0.306510 0.514352 0.301823 0.510185 0.300000
0 0.499074 0.287500 0.496296 0.289844 0.495833 0.291927 0.497222 0.295312 0.500000 0.297396 0.510185 0.299219 0.517130 0.301302 0.524537 0.300260 0.528704 0.297917 0.530093 0.295833 0.530093 0.291146 0.529167 0.289062 0.527315 0.287760 0.520833 0.286198 0.511574 0.285156 0.503241 0.285938
0 0.551852 0.285677 0.543981 0.284635 0.537500 0.285156 0.534259 0.286458 0.528704 0.291406 0.531481 0.295312 0.535648 0.297917 0.539352 0.298438 0.544907 0.297135 0.550463 0.297656 0.553241 0.297135 0.555093 0.295312 0.556481 0.290625 0.554630 0.286979
0 0.551852 0.271354 0.546759 0.275260 0.546759 0.279167 0.548148 0.280208 0.549537 0.283594 0.555093 0.285938 0.560185 0.286458 0.566204 0.284896 0.574074 0.279427 0.573148 0.275521 0.568056 0.273177 0.561111 0.271354
0 0.548148 0.298698 0.544907 0.298177 0.537963 0.298958 0.531481 0.300781 0.529167 0.302083 0.527315 0.306771 0.531019 0.311458 0.532870 0.312240 0.538426 0.313281 0.547222 0.311979 0.551389 0.310417 0.553241 0.307031 0.552778 0.302344
0 0.549074 0.313021 0.543519 0.313021 0.537037 0.314323 0.534259 0.315625 0.531019 0.315885 0.529630 0.317969 0.530556 0.322396 0.544907 0.326302 0.549074 0.325260 0.552778 0.322396 0.551389 0.318229 0.552315 0.314063
0 0.517593 0.319531 0.510648 0.320052 0.508333 0.320833 0.501852 0.324740 0.499537 0.327344 0.498611 0.330729 0.500000 0.333333 0.502778 0.335417 0.508796 0.338021 0.517130 0.337500 0.521759 0.334375 0.525000 0.329948 0.525926 0.322135
0 0.527315 0.329948 0.522222 0.334896 0.521296 0.338021 0.527315 0.341927 0.531481 0.342708 0.544444 0.342969 0.546296 0.342448 0.550000 0.337760 0.549074 0.333594 0.545370 0.329688 0.537500 0.328385 0.533333 0.329427
0 0.553704 0.325781 0.553704 0.334115 0.555556 0.335938 0.560185 0.338021 0.571759 0.339844 0.585185 0.339323 0.589815 0.338021 0.593519 0.334115 0.589815 0.329948 0.572685 0.321615 0.567593 0.321094 0.562963 0.321354 0.556944 0.323698
0 0.556019 0.308073 0.554167 0.310156 0.554167 0.314844 0.558333 0.319010 0.561574 0.320052 0.574074 0.320573 0.580093 0.319792 0.585185 0.318229 0.591204 0.314583 0.588889 0.310937 0.581481 0.306510 0.573611 0.303906 0.565278 0.303906 0.559722 0.305729
0 0.558796 0.292187 0.555556 0.299219 0.559259 0.301823 0.564815 0.303125 0.573148 0.303385 0.580093 0.299740 0.580556 0.298438 0.576852 0.294271 0.572685 0.291667 0.565741 0.290365
0 0.569907 0.286458 0.569907 0.288281 0.572685 0.291146 0.586574 0.293750 0.600926 0.291146 0.602315 0.287240 0.600926 0.284896 0.595370 0.280729 0.587500 0.278646 0.581019 0.278125 0.578241 0.278646 0.572685 0.282813
0 0.600926 0.293229 0.592130 0.293750 0.587037 0.295312 0.583796 0.298177 0.583796 0.303646 0.585648 0.305469 0.593519 0.309635 0.600926 0.309115 0.606019 0.306771 0.609259 0.302865 0.608333 0.296615 0.605556 0.294531
0 0.610185 0.304688 0.607407 0.305990 0.607407 0.315365 0.609722 0.318490 0.614352 0.322135 0.621759 0.321875 0.630556 0.318229 0.632870 0.314583 0.631944 0.310417 0.628241 0.308073 0.621296 0.305729 0.614815 0.304167
0 0.600463 0.315104 0.593981 0.315625 0.586574 0.318229 0.585648 0.322917 0.588426 0.326562 0.600926 0.330990 0.609722 0.327083 0.613426 0.322135 0.610185 0.317708 0.607870 0.316406
0 0.635648 0.321354 0.627778 0.322135 0.626389 0.324479 0.621296 0.327344 0.620370 0.329427 0.621296 0.333594 0.623148 0.334896 0.628241 0.336198 0.637500 0.336458 0.642130 0.335938 0.646296 0.333854 0.648148 0.330729 0.646296 0.326042 0.638889 0.322135
0 0.607407 0.329948 0.600463 0.332292 0.597685 0.338802 0.600463 0.343229 0.607870 0.344792 0.621759 0.342187 0.624537 0.337240 0.614815 0.331510
0 0.613889 0.282292 0.607407 0.286719 0.606481 0.290625 0.607407 0.292969 0.612037 0.295052 0.617130 0.295833 0.628704 0.295833 0.637037 0.291146 0.635185 0.286979 0.626852 0.282552 0.624074 0.282031
0 0.641667 0.291927 0.628241 0.296354 0.625926 0.303646 0.628704 0.306510 0.632870 0.307292 0.635185 0.308594 0.642593 0.309375 0.648148 0.306771 0.656944 0.299479 0.656481 0.295833 0.654167 0.294792 0.650000 0.294271
0 0.641667 0.278125 0.639352 0.279687 0.638426 0.283333 0.642130 0.288802 0.643981 0.289844 0.650926 0.290885 0.656019 0.292708 0.663426 0.292708 0.666204 0.290885 0.668981 0.287500 0.669444 0.282813 0.666667 0.279427 0.657407 0.277344
0 0.656944 0.305469 0.651852 0.306510 0.646296 0.310417 0.647222 0.313802 0.646296 0.322396 0.649537 0.324740 0.656944 0.325260 0.662963 0.323698 0.669907 0.322917 0.674074 0.318750 0.670370 0.312760 0.663426 0.307031
0 0.669907 0.292448 0.665741 0.294792 0.662500 0.298177 0.662500 0.300000 0.665741 0.306250 0.669907 0.309635 0.675926 0.312760 0.677315 0.313021 0.683796 0.311979 0.686111 0.310677 0.688426 0.306771 0.688889 0.297917 0.684259 0.294271 0.680556 0.294010 0.677315 0.292969
0 0.683796 0.278125 0.677315 0.280729 0.674074 0.283073 0.675463 0.289583 0.683796 0.294010 0.690741 0.296354 0.698148 0.295833 0.705093 0.291146 0.700926 0.283073 0.698148 0.279948 0.692130 0.278125
0 0.685185 0.267448 0.684259 0.266927 0.676852 0.266927 0.670370 0.267708 0.662037 0.269792 0.658796 0.271354 0.658796 0.275521 0.670833 0.277604 0.676852 0.279427 0.679167 0.278906 0.685185 0.275260 0.686111 0.272135
0 0.711574 0.271615 0.706019 0.274740 0.702778 0.279948 0.704630 0.284635 0.712037 0.286719 0.727315 0.283333 0.727315 0.282552 0.724074 0.279167 0.726389 0.275260 0.717593 0.273698
0 0.705556 0.294531 0.707870 0.296354 0.711574 0.297396 0.715278 0.297656 0.718056 0.298958 0.721296 0.298958 0.725463 0.300000 0.733333 0.300000 0.740278 0.298958 0.743056 0.294531 0.743056 0.288542 0.742130 0.286979 0.738889 0.285677 0.732407 0.285156 0.721759 0.285417 0.712037 0.288802 0.707870 0.291667
0 0.746296 0.273177 0.743056 0.275521 0.742593 0.278385 0.739815 0.282031 0.739815 0.283854 0.742130 0.286198 0.746296 0.288542 0.752315 0.289323 0.765278 0.287500 0.768056 0.285417 0.768981 0.281510 0.767593 0.278385 0.764352 0.275521 0.760648 0.273958 0.754630 0.272656
0 0.782870 0.279167 0.778704 0.280990 0.777315 0.282552 0.777778 0.288021 0.781019 0.290885 0.785185 0.291667 0.785648 0.295052 0.787500 0.295573 0.795370 0.295573 0.803704 0.291146 0.800000 0.286979 0.806019 0.284375 0.806944 0.282813 0.803704 0.279167 0.796759 0.278125 0.789352 0.278125
0 0.795370 0.266406 0.792130 0.270833 0.792593 0.274479 0.793981 0.276042 0.814815 0.279167 0.817593 0.278646 0.822222 0.276042 0.822685 0.274740 0.821296 0.272396 0.820370 0.266927 0.816204 0.263542 0.807407 0.263021 0.802778 0.263802
0 0.851389 0.273438 0.841667 0.275260 0.839352 0.277083 0.833333 0.279167 0.837037 0.284635 0.841667 0.287240 0.843981 0.287500 0.850926 0.286458 0.854167 0.283333 0.855093 0.280729 0.856944 0.279427 0.856481 0.275260
0 0.872685 0.271615 0.870370 0.271615 0.859722 0.275260 0.858333 0.279687 0.852315 0.286719 0.853704 0.291667 0.855556 0.294271 0.857870 0.295833 0.864352 0.297396 0.872685 0.297396 0.881019 0.296094 0.885648 0.292708 0.887037 0.290625 0.887500 0.286198 0.885185 0.279687 0.880556 0.274740
0 0.880093 0.296615 0.874537 0.297135 0.869444 0.299219 0.865741 0.306250 0.868981 0.312240 0.872685 0.314844 0.877778 0.316406 0.884259 0.314583 0.887037 0.312760 0.892593 0.306771 0.894444 0.302865 0.892593 0.299479
0 0.851852 0.298177 0.845833 0.296094 0.843981 0.294792 0.836111 0.296094 0.829630 0.299479 0.822222 0.306771 0.825926 0.308854 0.830556 0.309896 0.838426 0.310417 0.844907 0.309375 0.850463 0.307292 0.853241 0.303646
0 0.817130 0.281771 0.811111 0.286198 0.809722 0.291146 0.814815 0.294792 0.817130 0.295833 0.825000 0.296354 0.830093 0.295833 0.837037 0.294010 0.838889 0.289323 0.838889 0.286719 0.837037 0.284375 0.831944 0.282552 0.823148 0.280990
0 0.794907 0.296094 0.793056 0.298177 0.793056 0.303385 0.801389 0.307292 0.809259 0.308073 0.813426 0.307031 0.816667 0.303385 0.817130 0.298698 0.816204 0.296094 0.803704 0.294792
0 0.780556 0.303385 0.773611 0.306510 0.774074 0.312240 0.780556 0.315365 0.788426 0.315885 0.790278 0.314844 0.793981 0.306250 0.788889 0.303385
0 0.750000 0.290625 0.745833 0.293750 0.744444 0.298438 0.749074 0.301823 0.760185 0.305729 0.766667 0.306250 0.773611 0.305729 0.780093 0.302604 0.783333 0.294792 0.776389 0.289844 0.771759 0.288802 0.765278 0.288542
0 0.743056 0.300260 0.735648 0.300521 0.731481 0.301302 0.728704 0.302604 0.729167 0.314323 0.732870 0.316406 0.739352 0.317708 0.754167 0.314583 0.759259 0.310937 0.759259 0.306510 0.751852 0.302604
0 0.694907 0.298958 0.691204 0.301563 0.690278 0.306771 0.693056 0.310417 0.700463 0.314063 0.707407 0.316667 0.712963 0.317708 0.719444 0.316927 0.727778 0.312240 0.729167 0.307031 0.727315 0.302865 0.723148 0.300521 0.705093 0.296615
0 0.689815 0.311979 0.684722 0.313281 0.680556 0.315625 0.677778 0.318490 0.676389 0.322917 0.678241 0.326302 0.683796 0.329427 0.691667 0.329948 0.700463 0.328646 0.704167 0.327083 0.707407 0.322656 0.707870 0.317969 0.701389 0.314323 0.693519 0.312240
0 0.726852 0.315885 0.713889 0.318229 0.709722 0.320833 0.706019 0.325521 0.706481 0.330469 0.718056 0.335417 0.725926 0.334115 0.731019 0.330990 0.733333 0.328125 0.734722 0.323177 0.734259 0.318750 0.731944 0.317188
0 0.760185 0.316146 0.754167 0.315625 0.746296 0.316146 0.738426 0.318229 0.736111 0.319531 0.734722 0.321875 0.734722 0.326302 0.737037 0.328906 0.745370 0.330990 0.753704 0.331250 0.755556 0.330208 0.757407 0.327604 0.761111 0.325781 0.762037 0.324219 0.762500 0.317969
0 0.766667 0.314323 0.765278 0.318750 0.768519 0.322135 0.771296 0.323698 0.782407 0.326823 0.787037 0.327604 0.790278 0.327344 0.795370 0.325521 0.798611 0.322396 0.788426 0.316146 0.781019 0.315104 0.774537 0.311979
0 0.765278 0.325260 0.760185 0.326562 0.757407 0.329948 0.756481 0.334635 0.760185 0.341667 0.762963 0.343490 0.766204 0.344271 0.775463 0.344531 0.780093 0.342708 0.783333 0.338542 0.784259 0.334896 0.783796 0.328646 0.781944 0.326562 0.775463 0.324740
0 0.794444 0.311198 0.791667 0.313802 0.791667 0.315365 0.793519 0.318490 0.798148 0.321354 0.804630 0.323437 0.809259 0.325781 0.813426 0.326562 0.822222 0.326042 0.826852 0.324219 0.830556 0.318229 0.828704 0.313802 0.825926 0.311458 0.814352 0.308594 0.801852 0.308594
0 0.799537 0.329948 0.800463 0.334375 0.813426 0.340625 0.822222 0.343490 0.828704 0.344531 0.832870 0.344271 0.841204 0.342187 0.844444 0.339323 0.845370 0.333594 0.842130 0.328906 0.837500 0.326562 0.829167 0.325781 0.811111 0.327083 0.801852 0.328646
0 0.842593 0.315365 0.836111 0.318490 0.834722 0.321875 0.836111 0.324219 0.843981 0.328646 0.851389 0.329948 0.857870 0.329167 0.864352 0.326302 0.861574 0.317969 0.858796 0.315104 0.846759 0.314844
0 0.863889 0.336458 0.857870 0.334896 0.850000 0.335417 0.847685 0.336458 0.842593 0.341667 0.840741 0.345573 0.842130 0.349219 0.843519 0.350260 0.849074 0.351042 0.856481 0.350260 0.865278 0.345833 0.867593 0.341406 0.866204 0.337760
0 0.903704 0.322135 0.900000 0.321615 0.891204 0.321875 0.877778 0.328125 0.873611 0.333333 0.874537 0.338021 0.879167 0.341927 0.884259 0.343490 0.892593 0.342969 0.901389 0.339323 0.907870 0.333333 0.910185 0.326302 0.908333 0.324219
0 0.933333 0.337760 0.928704 0.336198 0.924537 0.333854 0.920370 0.333073 0.914352 0.333333 0.906944 0.334896 0.903241 0.337760 0.900926 0.341146 0.903704 0.349740 0.906944 0.350781 0.920833 0.350260 0.926852 0.349219 0.931944 0.345833 0.934722 0.342448
0 0.893981 0.345573 0.885185 0.345313 0.877778 0.348958 0.875463 0.351823 0.870370 0.354948 0.868981 0.356771 0.868981 0.359896 0.871296 0.365365 0.879167 0.365625 0.891204 0.363281 0.895370 0.361458 0.895833 0.359896 0.900463 0.358073 0.901389 0.355469 0.900926 0.351302 0.898611 0.348698
0 0.900000 0.362240 0.897685 0.362240 0.893981 0.363281 0.890278 0.365625 0.888426 0.368490 0.887500 0.373437 0.889815 0.380469 0.892130 0.382031 0.899074 0.382031 0.904630 0.380990 0.906944 0.379948 0.908333 0.377865 0.908796 0.370052 0.907407 0.365625 0.906019 0.364323
0 0.871296 0.368490 0.862963 0.367448 0.848148 0.369010 0.847222 0.370312 0.841667 0.373177 0.839352 0.376823 0.840741 0.380990 0.843056 0.383073 0.850000 0.385677 0.857870 0.385677 0.861574 0.384896 0.864815 0.383333 0.868981 0.378906 0.871759 0.377604 0.874074 0.373698 0.873148 0.370312
0 0.837037 0.353385 0.830093 0.351823 0.825000 0.351562 0.806944 0.353385 0.805093 0.355990 0.802778 0.357292 0.805556 0.360417 0.806019 0.365365 0.809259 0.366406 0.830093 0.366927 0.835185 0.365365 0.837500 0.363021 0.839352 0.357812
0 0.802315 0.335156 0.794907 0.335417 0.787037 0.338021 0.783333 0.341667 0.782870 0.346354 0.786111 0.349219 0.794907 0.353385 0.802315 0.353385 0.809722 0.351042 0.815741 0.350521 0.817593 0.349740 0.818056 0.345052 0.815278 0.341667
0 0.773611 0.346354 0.766204 0.347917 0.762500 0.349740 0.760185 0.352604 0.760185 0.354427 0.763889 0.358594 0.775000 0.364844 0.781481 0.364323 0.787963 0.362240 0.791204 0.360417 0.793519 0.357812 0.793981 0.353385 0.788426 0.349740 0.782407 0.347135
0 0.748611 0.357292 0.746296 0.358854 0.743056 0.364844 0.744444 0.369271 0.752778 0.371094 0.761111 0.370833 0.764815 0.370052 0.768056 0.366667 0.771296 0.365365 0.768981 0.363802 0.766667 0.359896 0.760648 0.356771 0.751852 0.356510
0 0.732870 0.349740 0.725463 0.350781 0.721296 0.353385 0.721296 0.365885 0.725000 0.369010 0.733796 0.368229 0.737037 0.366667 0.743981 0.357812 0.742593 0.352865 0.739815 0.351302
0 0.727315 0.333854 0.722222 0.337240 0.721759 0.338281 0.722685 0.341927 0.728704 0.346615 0.731944 0.348438 0.739352 0.350521 0.753704 0.350000 0.757870 0.345833 0.758796 0.341667 0.755093 0.336198 0.752315 0.333854 0.749537 0.332552 0.740278 0.330990 0.732407 0.331771
0 0.718519 0.340365 0.711574 0.339062 0.705093 0.341667 0.701389 0.344792 0.697685 0.345833 0.695370 0.349740 0.700463 0.353646 0.703704 0.354427 0.714815 0.353646 0.718981 0.352604 0.724074 0.349740 0.725463 0.345573
0 0.688426 0.329948 0.683796 0.332031 0.681481 0.337240 0.682870 0.341927 0.690278 0.343750 0.698148 0.344271 0.706481 0.340885 0.709722 0.337500 0.706481 0.334115 0.698148 0.329688
0 0.660185 0.325260 0.655093 0.328385 0.653704 0.332813 0.654167 0.334896 0.662963 0.340365 0.669444 0.342187 0.677315 0.341146 0.680093 0.338281 0.679630 0.334375 0.675926 0.331510 0.673611 0.327865 0.667130 0.325000 0.662963 0.324479
0 0.653704 0.335938 0.648611 0.335417 0.638426 0.337760 0.635185 0.340365 0.635185 0.346875 0.637037 0.350260 0.641667 0.351823 0.646759 0.351562 0.656944 0.349479 0.659722 0.345313 0.659722 0.341406 0.656944 0.337500
0 0.664815 0.344531 0.663889 0.345313 0.663426 0.349740 0.670370 0.358073 0.672222 0.359115 0.676389 0.360417 0.678241 0.360417 0.690278 0.357292 0.693981 0.353646 0.692593 0.349479 0.683796 0.344271 0.678241 0.343229 0.669444 0.343229
0 0.711111 0.357031 0.706944 0.356510 0.697685 0.356771 0.690278 0.359375 0.689352 0.365625 0.694444 0.372917 0.697222 0.374740 0.705556 0.373698 0.713426 0.369271 0.714815 0.367708 0.717130 0.361198 0.714815 0.358854
0 0.670370 0.362760 0.664352 0.365365 0.662500 0.367969 0.662037 0.371615 0.663426 0.377083 0.666667 0.381250 0.669907 0.382552 0.685648 0.382812 0.690278 0.380990 0.692593 0.377344 0.689352 0.367708 0.685648 0.365104 0.680093 0.363021
0 0.660648 0.352344 0.655556 0.351562 0.648148 0.353125 0.643981 0.355990 0.639815 0.357292 0.635648 0.359896 0.635185 0.365365 0.642130 0.369792 0.646296 0.370312 0.652315 0.370052 0.658796 0.368490 0.662037 0.366667 0.662963 0.364844 0.667130 0.361458 0.666204 0.357292
0 0.608796 0.346875 0.606019 0.349479 0.606019 0.353646 0.609722 0.357552 0.614352 0.358854 0.621759 0.359635 0.631481 0.358594 0.634722 0.357292 0.636111 0.354167 0.635648 0.349219 0.631019 0.345052 0.621296 0.344010 0.611574 0.345573
0 0.579630 0.341667 0.577315 0.344531 0.576389 0.350521 0.579167 0.353385 0.592130 0.353646 0.595833 0.353125 0.599537 0.351562 0.601389 0.349479 0.599537 0.345833 0.596296 0.343490 0.587037 0.341146
0 0.558796 0.338281 0.551852 0.340365 0.549074 0.341927 0.546759 0.345573 0.547222 0.350000 0.551389 0.355990 0.554167 0.358073 0.559722 0.359635 0.569444 0.357552 0.573148 0.354687 0.573611 0.352604 0.571296 0.347396 0.573148 0.341667
0 0.545370 0.347135 0.531019 0.346875 0.525463 0.348698 0.518981 0.353385 0.519444 0.357552 0.525926 0.362240 0.531944 0.363542 0.538426 0.363021 0.543056 0.361198 0.547685 0.357292 0.549074 0.353906 0.549074 0.349479
0 0.492593 0.341406 0.493981 0.350000 0.497685 0.352083 0.501852 0.352865 0.513426 0.352865 0.517130 0.352344 0.523148 0.349479 0.526852 0.345833 0.523611 0.342448 0.517593 0.340104 0.503241 0.338802
0 0.474537 0.335417 0.469907 0.336458 0.466667 0.338281 0.465278 0.341146 0.466667 0.346094 0.468981 0.350000 0.475000 0.353646 0.483333 0.353646 0.487037 0.350521 0.491667 0.341406 0.490278 0.339844 0.483333 0.335938
0 0.469444 0.353125 0.467593 0.348958 0.462037 0.345313 0.454630 0.345573 0.444444 0.347135 0.437963 0.350781 0.435185 0.353646 0.437500 0.355208 0.443056 0.356771 0.447685 0.359635 0.452315 0.360417 0.458796 0.360417 0.463889 0.359896 0.466667 0.358594
0 0.410185 0.340365 0.408796 0.341667 0.408333 0.346875 0.409259 0.349740 0.412963 0.352604 0.418519 0.354427 0.430556 0.353646 0.435185 0.349740 0.430556 0.344531 0.423148 0.341406 0.413889 0.339583
0 0.389815 0.348177 0.387500 0.349740 0.385185 0.355990 0.386111 0.361458 0.392130 0.365104 0.400926 0.364583 0.408796 0.363281 0.413426 0.357812 0.412963 0.353125 0.410185 0.350260 0.406481 0.347917 0.397222 0.348177 0.391667 0.347656
0 0.356944 0.340885 0.350000 0.344010 0.349537 0.350521 0.350926 0.352865 0.356944 0.358594 0.360648 0.360417 0.364352 0.361458 0.372222 0.360938 0.375926 0.359896 0.384259 0.355469 0.386111 0.353646 0.385648 0.349479 0.381944 0.346094 0.376852 0.343490 0.371759 0.342187
0 0.336574 0.352083 0.330093 0.357292 0.330093 0.361458 0.339352 0.365365 0.351389 0.366667 0.354630 0.365625 0.357407 0.361198 0.356019 0.357292 0.353241 0.355729 0.350926 0.352604 0.347222 0.351562
0 0.316667 0.348438 0.307407 0.349479 0.301852 0.353385 0.298611 0.357031 0.302315 0.362240 0.308333 0.366667 0.317593 0.366927 0.322222 0.366406 0.324537 0.365365 0.327778 0.361198 0.329167 0.357812 0.327778 0.353385 0.323148 0.350521
0 0.280556 0.354687 0.274074 0.356510 0.267130 0.360938 0.268981 0.365365 0.274074 0.369531 0.280093 0.371094 0.288426 0.371875 0.297685 0.369271 0.301389 0.365104 0.295833 0.357292
0 0.246296 0.349219 0.243056 0.351302 0.235185 0.353385 0.234722 0.357552 0.239352 0.361198 0.243519 0.361719 0.245370 0.362760 0.246296 0.365365 0.253241 0.368490 0.260648 0.368229 0.263426 0.361979 0.261111 0.357552 0.256481 0.354948 0.254630 0.349479
0 0.246759 0.367448 0.239352 0.366927 0.232407 0.369271 0.231019 0.372917 0.232407 0.383854 0.239815 0.383594 0.251852 0.377344 0.251852 0.371094 0.250463 0.369271
0 0.255093 0.376302 0.252778 0.380990 0.256944 0.383073 0.258796 0.384896 0.268519 0.386458 0.275463 0.385677 0.279167 0.384635 0.280556 0.381510 0.280093 0.377604 0.276852 0.372917 0.275000 0.372135 0.266204 0.371875 0.263426 0.372656 0.260185 0.375000
0 0.198148 0.355729 0.193981 0.358333 0.192593 0.361458 0.195370 0.364063 0.198148 0.369271 0.204630 0.372917 0.210648 0.374479 0.218519 0.373958 0.227778 0.369531 0.229630 0.365625 0.228241 0.361458 0.219444 0.355990 0.205093 0.354427
0 0.162963 0.343229 0.160185 0.344792 0.156019 0.349219 0.156019 0.353646 0.176852 0.362760 0.184722 0.362760 0.190741 0.361458 0.194444 0.353125 0.192130 0.349740 0.189352 0.348177 0.186574 0.345052 0.184722 0.344010 0.177778 0.342448
0 0.142130 0.360156 0.135648 0.357552 0.128241 0.358854 0.120833 0.358594 0.112963 0.361198 0.110648 0.365365 0.112963 0.367188 0.114352 0.369792 0.120833 0.372396 0.126389 0.373437 0.133333 0.373177 0.140278 0.369271 0.143519 0.365365
0 0.204630 0.376563 0.197685 0.380729 0.196759 0.384115 0.197685 0.386979 0.199537 0.388802 0.208333 0.392969 0.212963 0.393490 0.218981 0.392708 0.225926 0.389062 0.229630 0.384896 0.230093 0.379948 0.227315 0.377865 0.218519 0.376042
0 0.232870 0.396094 0.232407 0.401302 0.234259 0.404427 0.239352 0.406510 0.246759 0.407292 0.260185 0.405990 0.263889 0.404687 0.270370 0.400521 0.269907 0.396354 0.260648 0.392188 0.244907 0.391146 0.238889 0.392188
0 0.300926 0.369531 0.288426 0.372917 0.287500 0.375260 0.287500 0.381510 0.296759 0.388802 0.301852 0.390365 0.309259 0.390625 0.314352 0.388802 0.319907 0.381250 0.319907 0.379948 0.316667 0.374479 0.313889 0.372656 0.307407 0.370573
0 0.278704 0.400000 0.280556 0.404948 0.285185 0.408333 0.293519 0.412500 0.299074 0.414062 0.309259 0.414583 0.312037 0.413281 0.313889 0.410156 0.316667 0.408333 0.317130 0.403646 0.312500 0.400000 0.296759 0.396354 0.289352 0.395833 0.286111 0.396354 0.283333 0.398438
0 0.330556 0.380208 0.325926 0.380729 0.321296 0.382292 0.318056 0.384635 0.315278 0.390104 0.314815 0.393490 0.316204 0.397917 0.318519 0.400000 0.322685 0.401823 0.331481 0.402083 0.335185 0.401302 0.339352 0.399479 0.343981 0.393750 0.346296 0.388802 0.345370 0.384635 0.334259 0.380729
0 0.323148 0.366927 0.320833 0.369010 0.319444 0.372135 0.319907 0.375260 0.322685 0.378646 0.331019 0.379688 0.339352 0.379688 0.344444 0.379167 0.350000 0.376823 0.351389 0.372917 0.343519 0.368229 0.337963 0.366146 0.329630 0.364323
0 0.350926 0.375521 0.348148 0.377083 0.347222 0.380990 0.350463 0.385937 0.356481 0.386979 0.364815 0.386719 0.372222 0.380990 0.368519 0.376563 0.365278 0.374740 0.356481 0.374740
0 0.372222 0.361719 0.368519 0.364844 0.371296 0.369010 0.369907 0.373177 0.376852 0.375000 0.385648 0.374219 0.389352 0.369531 0.388889 0.365104 0.384722 0.361979 0.379167 0.361198
0 0.392593 0.369010 0.389815 0.373177 0.395833 0.377083 0.402315 0.379167 0.407407 0.382031 0.412963 0.383594 0.420370 0.384375 0.428241 0.381250 0.428704 0.376302 0.427315 0.373177 0.424074 0.371875 0.420833 0.368750 0.417130 0.367969 0.413426 0.366146 0.409259 0.365104 0.398611 0.365104 0.397222 0.366667
0 0.412963 0.360677 0.412963 0.362500 0.414815 0.365365 0.419444 0.367448 0.425000 0.368229 0.440741 0.366667 0.443981 0.365365 0.446296 0.361979 0.445833 0.360417 0.442593 0.358594 0.428704 0.355729 0.419907 0.355469 0.416204 0.357292 0.414815 0.359635
0 0.462037 0.364323 0.454167 0.364844 0.450463 0.365885 0.446759 0.366146 0.440278 0.368750 0.439815 0.373698 0.442130 0.377083 0.447685 0.379688 0.456019 0.379948 0.462037 0.378906 0.464352 0.377865 0.468519 0.369010 0.464815 0.365365
0 0.482870 0.354687 0.475000 0.354948 0.468519 0.357292 0.471296 0.364844 0.475000 0.366667 0.483333 0.365885 0.485648 0.364844 0.486574 0.358594 0.485185 0.355990
0 0.739352 0.910156 0.733796 0.912240 0.731019 0.915885 0.730556 0.920312 0.733333 0.928125 0.737963 0.932292 0.740741 0.933854 0.746759 0.935156 0.753704 0.933854 0.760648 0.930990 0.763426 0.927865 0.763889 0.923438 0.755556 0.915104 0.752315 0.913281 0.746759 0.911198
0 0.495370 0.354427 0.490278 0.357292 0.487963 0.360417 0.487963 0.365365 0.493056 0.368490 0.496296 0.369531 0.510648 0.370052 0.513426 0.369271 0.520370 0.365365 0.521296 0.361198 0.517593 0.357031 0.504630 0.353385
0 0.475463 0.367708 0.468519 0.372917 0.468519 0.378385 0.472685 0.380990 0.483333 0.384896 0.487037 0.385417 0.498611 0.384896 0.503704 0.381510 0.504167 0.376563 0.501389 0.373177 0.488889 0.367188 0.481944 0.366667
0 0.517593 0.369271 0.515278 0.373698 0.517130 0.379427 0.518981 0.380990 0.523148 0.382812 0.524074 0.384115 0.537037 0.388802 0.545370 0.388542 0.550000 0.384896 0.549074 0.376823 0.545370 0.372396 0.541204 0.371354 0.538426 0.368750 0.531481 0.366927 0.525463 0.367448
0 0.546759 0.361198 0.543519 0.364844 0.542130 0.369271 0.545370 0.370833 0.547685 0.374219 0.554630 0.378906 0.557870 0.379688 0.571759 0.377083 0.571296 0.374740 0.568519 0.372917 0.569907 0.372135 0.570833 0.369010 0.567130 0.365365 0.559259 0.360938 0.551389 0.359896
0 0.600000 0.354948 0.593981 0.354167 0.579630 0.354948 0.574537 0.356510 0.572685 0.358073 0.571296 0.360417 0.572685 0.363281 0.581944 0.370312 0.585648 0.371875 0.592130 0.372396 0.600000 0.371875 0.603241 0.370573 0.605556 0.368229 0.608796 0.361198 0.606019 0.357292
0 0.611574 0.362240 0.609259 0.363802 0.606481 0.369010 0.607407 0.373177 0.610185 0.374479 0.612037 0.377344 0.614352 0.378646 0.628241 0.377865 0.631019 0.375000 0.634722 0.373177 0.637037 0.369010 0.629630 0.365885 0.623148 0.364844 0.619907 0.361979 0.613426 0.361719
0 0.602778 0.374479 0.592593 0.373177 0.585648 0.373698 0.579167 0.376563 0.577778 0.380990 0.583333 0.385156 0.586574 0.389062 0.595370 0.388802 0.600926 0.386458 0.604630 0.382552 0.608333 0.380990 0.608796 0.376823
0 0.801389 0.906510 0.796296 0.907552 0.790278 0.910417 0.788889 0.911719 0.787500 0.916146 0.789352 0.920052 0.794907 0.924740 0.801852 0.927344 0.809722 0.927865 0.814815 0.925000 0.819444 0.923438 0.822222 0.920833 0.822222 0.912240 0.818056 0.909115 0.811111 0.907031
0 0.557870 0.380729 0.555093 0.382292 0.553704 0.384375 0.556481 0.389062 0.560648 0.392448 0.566204 0.395052 0.573148 0.396615 0.578241 0.393750 0.582870 0.388802 0.578704 0.382552 0.575000 0.380208 0.570370 0.379427 0.564815 0.379427
0 0.624074 0.379688 0.614352 0.379427 0.607407 0.382812 0.605556 0.384635 0.604630 0.388802 0.608796 0.393229 0.612500 0.394531 0.615278 0.394792 0.622685 0.393229 0.630556 0.388802 0.630093 0.383333 0.627315 0.380729
0 0.649537 0.372135 0.635648 0.374740 0.632870 0.376823 0.633796 0.383594 0.633333 0.389062 0.634722 0.392969 0.636111 0.394271 0.642130 0.396875 0.646759 0.394792 0.651852 0.393490 0.657407 0.390104 0.660185 0.385156 0.659722 0.376302 0.657407 0.374219
0 0.586111 0.391146 0.582870 0.394531 0.582407 0.397656 0.584259 0.400000 0.587963 0.402083 0.593981 0.403646 0.601389 0.403646 0.609259 0.400521 0.610185 0.396354 0.603704 0.390625 0.600926 0.389583 0.593519 0.389583
0 0.571296 0.398438 0.566667 0.400521 0.563426 0.404167 0.563889 0.408333 0.567130 0.409635 0.572685 0.410677 0.580556 0.410417 0.586111 0.408594 0.587963 0.403906 0.585185 0.400260 0.579630 0.398698
0 0.558333 0.392448 0.554167 0.391927 0.545833 0.392448 0.540741 0.395573 0.537963 0.396354 0.534722 0.404167 0.534722 0.408333 0.538426 0.410938 0.543981 0.412760 0.545833 0.412760 0.550463 0.410417 0.557407 0.408333 0.561574 0.404687 0.564352 0.400000 0.562963 0.398438 0.558796 0.396615
0 0.524537 0.386719 0.510185 0.388542 0.509259 0.391146 0.507870 0.392188 0.507870 0.402083 0.509722 0.404167 0.517130 0.407292 0.526852 0.405208 0.530556 0.400781 0.530093 0.393229 0.531944 0.388542
0 0.482870 0.390104 0.481481 0.391927 0.481019 0.398438 0.484259 0.404948 0.489352 0.407031 0.498611 0.405469 0.501389 0.404167 0.504630 0.400260 0.505093 0.395833 0.502778 0.392708 0.489815 0.390104
0 0.457407 0.380729 0.453241 0.384635 0.456019 0.392448 0.460648 0.394792 0.468519 0.397135 0.475926 0.397135 0.483333 0.388802 0.481019 0.384896 0.474537 0.382031 0.467593 0.380208
0 0.461111 0.395573 0.451852 0.399479 0.447685 0.404427 0.449074 0.407292 0.453704 0.411979 0.462037 0.415885 0.468981 0.417708 0.474074 0.415104 0.475926 0.412240 0.476852 0.404687 0.475926 0.400000 0.472685 0.397917 0.464352 0.395833
0 0.432407 0.383854 0.419444 0.386979 0.417130 0.388281 0.414352 0.392708 0.416667 0.396875 0.427315 0.400521 0.434259 0.401562 0.445833 0.396615 0.447222 0.391406 0.446296 0.388802 0.444907 0.387760 0.437500 0.384635
0 0.384722 0.379427 0.377315 0.380729 0.372222 0.384115 0.371759 0.388802 0.378704 0.394531 0.386574 0.396354 0.393981 0.395313 0.400000 0.393490 0.404167 0.388802 0.404167 0.385417 0.402778 0.383594 0.399537 0.381771 0.393056 0.380208
0 0.356019 0.388021 0.350463 0.389583 0.346296 0.392448 0.343981 0.396354 0.344907 0.400781 0.346759 0.404167 0.350926 0.407552 0.357407 0.409375 0.364815 0.409635 0.374074 0.404427 0.374537 0.393229 0.372222 0.390625 0.366667 0.388281
0 0.375926 0.404167 0.371296 0.406771 0.369444 0.410156 0.368981 0.412500 0.371296 0.416927 0.377778 0.420052 0.392130 0.421354 0.396296 0.420312 0.400000 0.415885 0.400463 0.411979 0.396759 0.410938 0.394444 0.409635 0.393981 0.408073 0.386111 0.404427 0.379630 0.403646
0 0.392130 0.396615 0.390278 0.397656 0.389352 0.400260 0.390278 0.404427 0.406481 0.413542 0.412500 0.414583 0.419907 0.413542 0.426389 0.408073 0.426852 0.403906 0.424537 0.400781 0.416204 0.397135 0.412500 0.396354 0.397685 0.395833
0 0.433796 0.403385 0.423611 0.411979 0.425000 0.415365 0.425926 0.416146 0.433796 0.418229 0.443056 0.417448 0.446296 0.416146 0.450926 0.411719 0.447222 0.406510 0.444444 0.404687 0.441204 0.403385
0 0.448611 0.414844 0.444907 0.418490 0.445370 0.427865 0.447685 0.429167 0.453704 0.429948 0.462963 0.428906 0.465278 0.427865 0.465278 0.419792 0.459259 0.415885 0.455093 0.414583
0 0.419907 0.416146 0.412963 0.417187 0.406019 0.419792 0.405556 0.426042 0.406481 0.428125 0.408333 0.428906 0.421759 0.430729 0.435185 0.427865 0.438889 0.423698 0.433796 0.419531
0 0.371296 0.421094 0.368056 0.423177 0.365741 0.427344 0.368056 0.431510 0.378241 0.437240 0.389352 0.437760 0.393981 0.436719 0.398148 0.432292 0.398611 0.427344 0.397222 0.423958 0.385648 0.421094 0.380093 0.420573
0 0.350000 0.412760 0.344444 0.415625 0.343056 0.420052 0.345833 0.424740 0.350463 0.429688 0.357870 0.430729 0.365278 0.427865 0.365741 0.424219 0.368981 0.420312 0.368056 0.416927 0.366667 0.415104 0.364352 0.414062 0.358333 0.412760
0 0.334722 0.402083 0.326852 0.403125 0.322685 0.404687 0.320370 0.408594 0.326389 0.416146 0.329630 0.417969 0.337500 0.419792 0.343981 0.415885 0.346759 0.412240 0.346759 0.408073 0.343981 0.405208 0.337500 0.402083
0 0.335648 0.423177 0.331481 0.422396 0.322222 0.422917 0.316204 0.424479 0.309722 0.427604 0.309722 0.431771 0.313426 0.433854 0.315741 0.436198 0.321296 0.437760 0.330093 0.437760 0.337037 0.435677 0.343519 0.427604
0 0.287500 0.428385 0.281944 0.430990 0.280093 0.433073 0.279630 0.436198 0.281944 0.439583 0.292593 0.445573 0.301852 0.448698 0.309722 0.448958 0.312500 0.447396 0.314352 0.445052 0.315741 0.439323 0.314352 0.435677 0.309722 0.432031 0.308333 0.429688 0.306944 0.428646 0.303241 0.427604 0.295370 0.426823
0 0.273611 0.411198 0.271296 0.411979 0.267130 0.420052 0.274074 0.426302 0.276852 0.426563 0.280556 0.428906 0.286574 0.427865 0.292593 0.423958 0.291667 0.415885 0.287500 0.411979 0.282407 0.410938
0 0.233333 0.415885 0.233796 0.420052 0.236111 0.423958 0.240278 0.428125 0.243056 0.429688 0.245833 0.430469 0.253704 0.430208 0.260648 0.428385 0.265278 0.424219 0.265278 0.422396 0.263889 0.419010 0.259259 0.415885 0.254167 0.414323 0.239815 0.413802
0 0.204630 0.421875 0.201852 0.423698 0.201852 0.428385 0.204630 0.433854 0.209722 0.437500 0.215278 0.439844 0.219907 0.440365 0.226389 0.439583 0.231481 0.435937 0.234259 0.431771 0.235185 0.423438 0.233333 0.421615 0.231019 0.421094 0.215278 0.420573
0 0.184259 0.420573 0.177315 0.416406 0.169907 0.415365 0.164815 0.416667 0.155093 0.422135 0.150000 0.427344 0.152315 0.431771 0.164352 0.433073 0.177315 0.431510 0.185185 0.427865 0.186574 0.423438
0 0.178704 0.405729 0.172222 0.404167 0.167593 0.403906 0.153704 0.404167 0.149074 0.405208 0.144907 0.408073 0.144907 0.412500 0.149074 0.419010 0.156481 0.420052 0.165278 0.416146 0.175000 0.413802 0.178241 0.411719 0.180093 0.409115 0.180093 0.407292
0 0.119444 0.413802 0.116667 0.415885 0.113889 0.420052 0.115278 0.421615 0.127778 0.427865 0.132407 0.428646 0.141667 0.429167 0.146296 0.428646 0.149074 0.427344 0.151389 0.424219 0.150000 0.420312 0.143056 0.416146 0.142130 0.411719 0.137037 0.410938 0.127778 0.411198
0 0.190278 0.436458 0.185185 0.438542 0.177315 0.443229 0.175926 0.447917 0.176852 0.450000 0.179167 0.451562 0.184259 0.452865 0.192593 0.453385 0.197222 0.452344 0.199537 0.451042 0.201852 0.447917 0.201389 0.443229 0.196759 0.438281 0.194444 0.436979
0 0.218519 0.444531 0.209722 0.447135 0.206944 0.451302 0.209722 0.462760 0.216667 0.466927 0.218981 0.467187 0.225926 0.466146 0.230093 0.464062 0.238889 0.454688 0.237037 0.451302 0.231944 0.447135 0.226389 0.445573
0 0.280556 0.439323 0.276389 0.433073 0.271296 0.430990 0.264815 0.430469 0.257870 0.431510 0.255093 0.433594 0.253241 0.433854 0.246759 0.439844 0.248611 0.441927 0.253241 0.443490 0.268981 0.444010 0.274537 0.443490
0 0.281481 0.446615 0.275000 0.445573 0.267593 0.445833 0.260648 0.448177 0.256019 0.450781 0.255093 0.453385 0.255556 0.459375 0.259259 0.463281 0.265741 0.464583 0.271296 0.464323 0.277778 0.463021 0.288889 0.459115 0.291204 0.455469 0.289815 0.451562
0 0.250463 0.465625 0.244444 0.465365 0.238889 0.465885 0.228241 0.468750 0.223611 0.471615 0.221759 0.474479 0.224074 0.478385 0.232407 0.481510 0.237963 0.482552 0.247685 0.482812 0.253704 0.480729 0.256944 0.478646 0.258796 0.475521 0.258333 0.470052 0.257407 0.468490
0 0.179630 0.482292 0.179167 0.486719 0.187037 0.491146 0.194444 0.492708 0.206019 0.492969 0.211574 0.492188 0.218981 0.486458 0.216204 0.480729 0.214352 0.478646 0.212037 0.477604 0.200000 0.477344 0.189815 0.477865 0.184259 0.479687
0 0.174537 0.466667 0.176389 0.474479 0.183796 0.476823 0.206481 0.475781 0.209259 0.474740 0.212963 0.470833 0.212500 0.466667 0.206019 0.465365 0.199537 0.462760 0.183333 0.462240 0.180093 0.462760 0.179630 0.464062
0 0.168056 0.482292 0.157870 0.480469 0.152315 0.480729 0.149074 0.481510 0.144907 0.487500 0.142593 0.493750 0.143519 0.496354 0.145833 0.498177 0.150000 0.498698 0.156944 0.497656 0.171759 0.491146 0.172685 0.490365 0.173148 0.486198 0.172222 0.484635
0 0.118519 0.478385 0.106944 0.473438 0.101389 0.472656 0.093981 0.473438 0.090741 0.474479 0.084722 0.478125 0.084259 0.483854 0.085185 0.486198 0.092593 0.490365 0.100926 0.490365 0.107407 0.488021 0.115278 0.486458 0.120833 0.483073 0.121296 0.482031
0 0.323148 0.452344 0.307407 0.451302 0.300000 0.452344 0.295370 0.454948 0.294444 0.458333 0.298148 0.465365 0.301389 0.467187 0.311111 0.466927 0.315741 0.466146 0.325463 0.463021 0.328704 0.459115 0.327778 0.454948
0 0.352778 0.458073 0.350000 0.457292 0.343519 0.456771 0.332870 0.458594 0.329167 0.465104 0.329167 0.467708 0.331481 0.470833 0.336574 0.471354 0.345370 0.471354 0.350926 0.470313 0.358796 0.466927 0.358796 0.462500
0 0.253241 0.482292 0.258333 0.486458 0.268056 0.489323 0.281944 0.490365 0.286111 0.488542 0.287963 0.486458 0.281481 0.480990 0.280093 0.478385 0.275000 0.476042 0.265741 0.477083 0.258796 0.480990
0 0.295370 0.475000 0.290278 0.481250 0.288426 0.482292 0.288426 0.487240 0.291204 0.488802 0.300000 0.491146 0.301852 0.492188 0.315741 0.494010 0.324074 0.492708 0.327315 0.490365 0.325926 0.486198 0.323148 0.482552 0.317130 0.478385 0.314352 0.477604 0.309259 0.474479 0.302315 0.473177
0 0.329630 0.472656 0.321759 0.478385 0.328241 0.486458 0.329630 0.491927 0.332407 0.493750 0.336574 0.494531 0.345370 0.493490 0.349074 0.492448 0.352778 0.490365 0.354630 0.486979 0.354630 0.482031 0.348148 0.476042 0.343519 0.474740
0 0.357870 0.467969 0.353704 0.470573 0.351389 0.474479 0.351389 0.478646 0.354630 0.482292 0.357870 0.483854 0.371296 0.485417 0.379630 0.484896 0.382870 0.484115 0.387037 0.481510 0.389352 0.478906 0.384722 0.473698 0.374074 0.468750 0.365741 0.467708
0 0.350000 0.439583 0.346759 0.441406 0.343519 0.445833 0.343056 0.448437 0.343519 0.452604 0.350463 0.455208 0.358796 0.453646 0.366667 0.447656 0.364815 0.443229 0.361574 0.441406 0.357870 0.440104
0 0.369444 0.443229 0.370370 0.447396 0.372685 0.451302 0.382870 0.455208 0.386574 0.455208 0.399537 0.451302 0.400000 0.449740 0.402778 0.447396 0.403704 0.443229 0.399074 0.440625 0.393519 0.439063 0.388889 0.438542 0.378241 0.438542 0.376389 0.439323 0.375926 0.440885 0.374537 0.441667 0.371296 0.442188
0 0.384722 0.457292 0.378241 0.459896 0.374537 0.463021 0.378241 0.466927 0.385185 0.470573 0.392593 0.471354 0.400926 0.467187 0.402778 0.464062 0.402778 0.461979 0.401389 0.460156 0.398611 0.458594 0.393056 0.456771
0 0.411111 0.462500 0.406481 0.464583 0.405093 0.466146 0.406019 0.470833 0.412963 0.475781 0.420833 0.475521 0.428241 0.471094 0.427778 0.466667 0.423148 0.465365 0.418519 0.462760
0 0.422685 0.447135 0.412037 0.447135 0.405556 0.450000 0.403241 0.452344 0.402315 0.455208 0.405093 0.458333 0.408796 0.460677 0.412500 0.461979 0.421296 0.461198 0.425926 0.459115 0.430093 0.455469 0.428704 0.450521
0 0.400463 0.431250 0.398611 0.434896 0.400000 0.439583 0.411111 0.446094 0.415278 0.446615 0.421296 0.445833 0.424074 0.443750 0.424074 0.438802 0.422222 0.436198 0.418056 0.433594 0.416667 0.431510 0.407407 0.429948 0.405093 0.429948
0 0.429167 0.431250 0.425926 0.435156 0.425926 0.440104 0.426852 0.441667 0.430556 0.443490 0.434259 0.444010 0.443519 0.444271 0.452315 0.443490 0.457407 0.439583 0.455556 0.435677 0.441204 0.428906 0.434259 0.428906
0 0.463426 0.445573 0.459259 0.444271 0.452315 0.443750 0.443519 0.444531 0.437500 0.446094 0.433333 0.448437 0.431481 0.450521 0.431944 0.455729 0.435648 0.459115 0.440741 0.461719 0.446296 0.462500 0.451852 0.461979 0.456944 0.460156 0.462037 0.457292 0.465741 0.453125 0.466204 0.447135
0 0.472222 0.429688 0.468056 0.431510 0.465278 0.435156 0.466667 0.441667 0.470833 0.445833 0.477315 0.449740 0.481019 0.450781 0.488889 0.450521 0.500000 0.445573 0.500926 0.444010 0.500463 0.439583 0.486111 0.430729 0.477315 0.429427
0 0.475463 0.415885 0.468981 0.419531 0.469907 0.425000 0.472222 0.428125 0.474537 0.429427 0.482870 0.430208 0.489815 0.427865 0.491204 0.425521 0.493519 0.423958 0.493056 0.419792 0.481944 0.416406
0 0.486111 0.406771 0.483333 0.408594 0.481481 0.411979 0.483333 0.416146 0.489352 0.418490 0.495370 0.419531 0.502778 0.418750 0.507870 0.417448 0.511574 0.413021 0.511111 0.410156 0.507870 0.408333 0.502778 0.406510 0.496759 0.405729
0 0.525000 0.407552 0.515278 0.409635 0.512037 0.411458 0.511111 0.414323 0.511574 0.417187 0.517130 0.422917 0.519444 0.424219 0.523148 0.425000 0.526389 0.424479 0.531481 0.421615 0.535648 0.420312 0.540278 0.416406 0.538889 0.411979 0.531944 0.408594
0 0.510648 0.420573 0.502315 0.420312 0.496296 0.421875 0.492130 0.427344 0.491667 0.431771 0.494444 0.435677 0.502778 0.438021 0.510185 0.437240 0.517593 0.435677 0.518056 0.423698 0.514352 0.421615
0 0.517130 0.436198 0.507870 0.439323 0.506944 0.441146 0.507407 0.446875 0.518056 0.454167 0.525000 0.455729 0.527778 0.454688 0.532407 0.451042 0.534259 0.447656 0.532870 0.442969 0.526389 0.437760 0.524537 0.436979
0 0.535185 0.427604 0.534722 0.429948 0.530556 0.431510 0.531481 0.439583 0.536111 0.443750 0.538889 0.445052 0.545370 0.445833 0.556019 0.443490 0.559259 0.441927 0.561111 0.439583 0.560185 0.435417 0.559259 0.434635 0.555093 0.434115 0.552778 0.431510 0.549074 0.430208 0.545833 0.427604 0.538889 0.426563
0 0.551389 0.411458 0.544444 0.414323 0.538889 0.420573 0.542130 0.424740 0.544907 0.426302 0.551389 0.427865 0.559722 0.427344 0.562500 0.426042 0.564352 0.423958 0.565741 0.420052 0.564815 0.415885 0.562037 0.413021 0.559259 0.411458
0 0.579630 0.412760 0.570833 0.414844 0.568981 0.415885 0.566204 0.420052 0.565741 0.423958 0.572685 0.432552 0.580093 0.433594 0.587500 0.432812 0.593981 0.431250 0.596296 0.427865 0.596296 0.423698 0.590278 0.415885 0.587037 0.414062
0 0.586574 0.436458 0.580093 0.437500 0.572222 0.441667 0.570370 0.444010 0.570370 0.448177 0.576389 0.456250 0.587500 0.459375 0.593981 0.457813 0.597222 0.454948 0.599537 0.449479 0.599537 0.442969 0.596296 0.438802 0.593981 0.437500
0 0.531944 0.452344 0.529167 0.454948 0.529630 0.459115 0.538426 0.463542 0.545370 0.465104 0.551389 0.465885 0.562037 0.465104 0.568519 0.462760 0.572222 0.459115 0.572685 0.454688 0.570370 0.451562 0.562037 0.448437 0.550463 0.447917 0.537500 0.450000
0 0.620833 0.422396 0.614815 0.420573 0.607407 0.420833 0.600000 0.426563 0.597685 0.431510 0.600463 0.435937 0.606944 0.436719 0.613889 0.436458 0.621759 0.434115 0.625463 0.431771 0.626389 0.427344
0 0.630093 0.401823 0.623148 0.399740 0.618056 0.399740 0.607407 0.402083 0.603704 0.404427 0.601389 0.408073 0.602315 0.412240 0.606944 0.414583 0.616667 0.414323 0.626389 0.412760 0.632407 0.408333 0.632870 0.403906
0 0.640741 0.411198 0.632870 0.412500 0.628241 0.414062 0.624537 0.419271 0.624537 0.420573 0.629167 0.427604 0.634722 0.432031 0.642593 0.433854 0.649074 0.431771 0.651852 0.429427 0.654167 0.424219 0.654167 0.419531 0.649537 0.413021 0.647685 0.411979
0 0.620833 0.438021 0.606481 0.443229 0.605556 0.447917 0.607407 0.450000 0.610648 0.451302 0.620370 0.453906 0.628704 0.454427 0.633796 0.453125 0.637500 0.451302 0.640278 0.447396 0.639352 0.442969 0.631481 0.438542
0 0.612037 0.457031 0.607870 0.456510 0.599537 0.457031 0.593519 0.458333 0.591667 0.459375 0.590278 0.462500 0.591667 0.466927 0.595370 0.470573 0.600463 0.472917 0.607870 0.472917 0.614352 0.471094 0.617130 0.468490 0.620833 0.466927 0.622222 0.464062 0.621759 0.461458 0.618056 0.459896 0.617593 0.458854
0 0.656481 0.455469 0.650926 0.454427 0.641667 0.454948 0.628241 0.458854 0.625926 0.461719 0.626852 0.466667 0.635648 0.470052 0.640278 0.470833 0.650000 0.470833 0.658796 0.469271 0.662037 0.466927 0.662963 0.461979 0.661111 0.458594
0 0.677778 0.445312 0.669907 0.446875 0.666667 0.449740 0.662963 0.450260 0.661574 0.451042 0.661111 0.455729 0.662963 0.459115 0.668981 0.461458 0.677315 0.461198 0.684259 0.455990 0.687037 0.451302 0.684259 0.447396
0 0.671759 0.434375 0.662500 0.433073 0.656481 0.433854 0.649074 0.433594 0.642593 0.435417 0.639352 0.439583 0.644444 0.447656 0.648611 0.449479 0.658333 0.450260 0.662963 0.449479 0.672685 0.445573 0.676852 0.442969 0.677778 0.439063 0.674537 0.437240
0 0.662963 0.419271 0.660185 0.420833 0.657870 0.423698 0.657870 0.428385 0.662963 0.431771 0.666667 0.432031 0.669907 0.433073 0.676852 0.432292 0.681019 0.430208 0.682407 0.428646 0.681944 0.423958 0.677315 0.421094 0.670833 0.419271
0 0.664352 0.396354 0.655556 0.396615 0.640278 0.399740 0.638889 0.400521 0.637963 0.403906 0.638426 0.408333 0.642130 0.409896 0.647222 0.410677 0.649537 0.412240 0.656944 0.413021 0.664352 0.411979 0.669907 0.408854 0.671759 0.405729 0.671759 0.400000 0.670370 0.398438
0 0.692593 0.411198 0.691204 0.409635 0.669444 0.410938 0.666204 0.412760 0.666204 0.416927 0.673148 0.420052 0.684259 0.422656 0.691204 0.420052 0.693519 0.416927
0 0.696759 0.391667 0.690741 0.393490 0.687037 0.396354 0.689815 0.405990 0.693056 0.409115 0.697685 0.411198 0.704167 0.412500 0.712500 0.412240 0.715278 0.410156 0.720833 0.408333 0.714352 0.404427 0.716667 0.402604 0.719444 0.402083 0.721759 0.400781 0.719907 0.396875 0.705556 0.391146
0 0.717130 0.420052 0.711574 0.417969 0.705093 0.416667 0.697685 0.417448 0.692130 0.419792 0.687963 0.423698 0.687037 0.427865 0.688426 0.431771 0.691204 0.432812 0.697222 0.433333 0.707407 0.432031 0.716667 0.427865 0.718519 0.424219
0 0.712963 0.436198 0.703704 0.434896 0.697685 0.435677 0.691204 0.437500 0.689815 0.438802 0.689352 0.442188 0.690278 0.444792 0.697685 0.447135 0.706481 0.447396 0.711574 0.446615 0.717130 0.443490 0.715278 0.438021
0 0.690741 0.452083 0.681944 0.458854 0.682870 0.463021 0.686574 0.466927 0.690278 0.467969 0.705556 0.468750 0.711111 0.467187 0.713426 0.463021 0.712037 0.453125 0.705556 0.452344 0.696759 0.453125
0 0.739815 0.439063 0.732407 0.438802 0.728241 0.441667 0.722685 0.443229 0.716204 0.447135 0.714815 0.452083 0.716204 0.454948 0.717593 0.455729 0.722685 0.456510 0.732407 0.456250 0.737037 0.453385 0.744444 0.451302 0.743981 0.446354
0 0.731944 0.424219 0.721759 0.427865 0.720370 0.432031 0.723148 0.434115 0.731019 0.436979 0.739815 0.437760 0.744444 0.435677 0.747685 0.432812 0.748148 0.430469 0.745370 0.425781 0.741667 0.424219
0 0.714815 0.415625 0.718519 0.419010 0.731944 0.422656 0.738889 0.423177 0.746296 0.422396 0.752315 0.416146 0.750000 0.411979 0.746759 0.410417 0.725926 0.410417 0.718981 0.412240
0 0.685185 0.383854 0.668981 0.383854 0.665741 0.384635 0.662963 0.386458 0.661574 0.389062 0.664352 0.394010 0.667130 0.396094 0.675463 0.398438 0.680093 0.398177 0.684722 0.396875 0.689352 0.392188 0.690278 0.389323 0.689815 0.388021
0 0.705093 0.376302 0.697685 0.377604 0.690741 0.380729 0.692130 0.385937 0.693981 0.388542 0.696759 0.389583 0.707407 0.389062 0.712037 0.386458 0.712963 0.385156 0.712037 0.381250
0 0.714815 0.371875 0.711111 0.377344 0.713426 0.381510 0.718056 0.384115 0.731481 0.386719 0.737037 0.386719 0.743981 0.385677 0.750463 0.382292 0.752315 0.378125 0.751852 0.372917 0.748611 0.370833 0.741204 0.369531 0.730093 0.369531 0.722685 0.370052
0 0.746759 0.389583 0.738426 0.388281 0.725463 0.390104 0.723148 0.392708 0.722222 0.396875 0.728241 0.402083 0.731944 0.403125 0.737963 0.403385 0.743981 0.403125 0.746759 0.402083 0.750463 0.397135 0.750000 0.391927
0 0.755093 0.388542 0.753241 0.389323 0.751389 0.392188 0.750926 0.396615 0.751852 0.397656 0.757870 0.400521 0.763889 0.400521 0.767130 0.399740 0.773148 0.396615 0.771296 0.392708 0.767593 0.390104 0.765278 0.389844 0.762963 0.388542
0 0.773148 0.372917 0.766204 0.371615 0.758333 0.372917 0.754630 0.375000 0.751389 0.380729 0.751389 0.384896 0.753241 0.386458 0.759722 0.387500 0.767593 0.387500 0.777778 0.380990 0.778704 0.376823
0 0.797222 0.363542 0.787500 0.363021 0.780093 0.365885 0.777315 0.367708 0.776852 0.370312 0.777778 0.373177 0.782870 0.376042 0.784259 0.377604 0.786574 0.378385 0.790741 0.378385 0.797685 0.377083 0.803704 0.373437 0.805093 0.370312 0.804630 0.367188 0.802778 0.365104
0 0.795370 0.379427 0.787963 0.379167 0.774074 0.384375 0.768519 0.388542 0.777315 0.396094 0.780556 0.397656 0.788889 0.396875 0.793519 0.392448 0.799074 0.388802 0.800000 0.384115 0.797685 0.380729
0 0.829167 0.369010 0.815741 0.368229 0.813426 0.368750 0.806944 0.373177 0.805093 0.376302 0.805556 0.388021 0.808796 0.392188 0.811111 0.393229 0.817593 0.393750 0.822222 0.392708 0.827315 0.389323 0.831481 0.384635 0.832870 0.378385 0.835185 0.375781 0.835648 0.372917
0 0.843981 0.386719 0.829630 0.389844 0.826852 0.392188 0.828704 0.401302 0.836574 0.405729 0.843981 0.405729 0.850000 0.404948 0.856944 0.400521 0.856944 0.396354 0.853241 0.391406 0.850463 0.389062
0 0.780556 0.400000 0.775926 0.403906 0.778241 0.409635 0.780556 0.412500 0.790278 0.414844 0.794907 0.417448 0.802315 0.417708 0.807870 0.414323 0.811574 0.413281 0.812963 0.411979 0.813889 0.407552 0.811574 0.404167 0.808796 0.402344 0.803241 0.400260 0.795370 0.398438 0.787963 0.398177
0 0.817130 0.405208 0.813889 0.411198 0.813889 0.413542 0.817593 0.417708 0.820833 0.418490 0.830093 0.418750 0.846759 0.416146 0.848148 0.411979 0.839352 0.408854 0.829630 0.404167 0.822222 0.403385
0 0.768519 0.401562 0.760185 0.401302 0.753704 0.402083 0.747222 0.404167 0.748148 0.408594 0.753241 0.412760 0.765278 0.412240 0.770833 0.409896 0.772222 0.408594 0.772222 0.403906
0 0.756944 0.414583 0.752778 0.419271 0.753241 0.421615 0.759722 0.422917 0.766204 0.427865 0.774074 0.430729 0.781944 0.430990 0.785648 0.429948 0.789352 0.428125 0.793981 0.423958 0.794907 0.419271 0.792130 0.416927 0.788426 0.415365 0.780556 0.413802 0.767593 0.412500 0.759259 0.413542
0 0.808333 0.420573 0.801852 0.420312 0.798148 0.421094 0.795833 0.422396 0.795370 0.423698 0.791204 0.427083 0.793981 0.432552 0.801852 0.437500 0.817593 0.434896 0.821759 0.428125 0.819444 0.423958 0.816204 0.422396
0 0.850926 0.418229 0.845370 0.417187 0.836574 0.417969 0.831481 0.420312 0.822685 0.427604 0.821296 0.430729 0.821296 0.434375 0.823148 0.436979 0.825926 0.438542 0.835648 0.440104 0.843519 0.439323 0.849074 0.437240 0.854630 0.433854 0.860185 0.428125 0.860185 0.423177
0 0.879630 0.395052 0.870833 0.394792 0.865741 0.396354 0.858796 0.400000 0.852778 0.405208 0.852315 0.409896 0.852778 0.411979 0.854167 0.413021 0.869444 0.416927 0.872685 0.416927 0.878241 0.415885 0.884259 0.413542 0.890278 0.408333 0.891204 0.403906 0.890278 0.400781 0.885648 0.397135
0 0.910185 0.388281 0.907407 0.387500 0.897685 0.387500 0.891204 0.388542 0.887963 0.389844 0.886111 0.392448 0.886574 0.396094 0.887963 0.398958 0.892130 0.401562 0.901389 0.401302 0.906481 0.400521 0.910648 0.392708
0 0.933796 0.389062 0.927778 0.387760 0.918981 0.388021 0.914815 0.389062 0.911574 0.392448 0.908796 0.399740 0.912963 0.405208 0.921296 0.405729 0.928241 0.404687 0.934259 0.401042 0.937963 0.397135 0.938426 0.392188
0 0.892593 0.417448 0.886111 0.415365 0.877315 0.416667 0.862963 0.422135 0.861574 0.423438 0.861574 0.424740 0.863426 0.427083 0.867130 0.428646 0.872222 0.429427 0.881019 0.429688 0.892593 0.429167 0.894444 0.427865 0.896296 0.423958 0.894907 0.420052
0 0.849074 0.439063 0.850463 0.443490 0.857407 0.445312 0.864352 0.445833 0.881019 0.444271 0.885648 0.441927 0.892593 0.440625 0.893519 0.439583 0.892593 0.437760 0.887500 0.434635 0.881481 0.432812 0.878241 0.430990 0.873611 0.430208 0.863889 0.430469
0 0.920370 0.418490 0.913426 0.417187 0.907407 0.417448 0.900926 0.419792 0.898611 0.422135 0.896296 0.427344 0.897222 0.432031 0.899537 0.435677 0.905093 0.436458 0.913889 0.436458 0.920370 0.435677 0.921759 0.434896 0.925000 0.428646 0.925000 0.426302 0.922685 0.420052
0 0.934722 0.435417 0.920370 0.436198 0.915741 0.437500 0.912963 0.439063 0.908796 0.442969 0.912963 0.449479 0.925463 0.452344 0.931019 0.451562 0.934259 0.450000 0.940741 0.442448 0.940278 0.438281 0.937500 0.436198
0 0.883333 0.446875 0.876852 0.446094 0.863426 0.447135 0.857407 0.450000 0.857407 0.454427 0.859259 0.459115 0.864352 0.464062 0.869907 0.464583 0.881019 0.464062 0.888426 0.461198 0.890741 0.459635 0.890741 0.454948 0.888889 0.451562 0.885648 0.447917
0 0.852778 0.454688 0.843981 0.453385 0.836574 0.453646 0.829167 0.456510 0.826389 0.459375 0.829630 0.466406 0.836574 0.469010 0.843981 0.469010 0.850926 0.467187 0.856019 0.463021 0.856944 0.459375
0 0.850926 0.475781 0.845833 0.476823 0.836574 0.483333 0.835648 0.484896 0.837037 0.490365 0.838426 0.491406 0.843519 0.492969 0.850926 0.492448 0.861574 0.490365 0.862037 0.485417 0.861111 0.482292 0.858333 0.479427
0 0.879630 0.465885 0.870833 0.466146 0.863426 0.468229 0.859722 0.470573 0.859259 0.476302 0.861111 0.479167 0.864352 0.481250 0.872222 0.482552 0.879630 0.481250 0.885648 0.478646 0.890741 0.470313 0.886111 0.467969
0 0.920370 0.452604 0.912037 0.451042 0.904167 0.452344 0.897685 0.455469 0.893981 0.458594 0.893981 0.463021 0.896296 0.466927 0.909259 0.467187 0.913426 0.466927 0.924074 0.459115 0.922222 0.454427
0 0.920370 0.468229 0.912500 0.468229 0.909259 0.469271 0.906019 0.471094 0.904167 0.473438 0.897222 0.476823 0.895370 0.478646 0.894907 0.482552 0.898148 0.484896 0.903704 0.485677 0.905093 0.486458 0.908796 0.486458 0.920370 0.484635 0.927315 0.482031 0.928704 0.479687 0.927778 0.475000
0 0.934259 0.483333 0.926852 0.483854 0.915741 0.489583 0.915278 0.492969 0.916667 0.498177 0.918981 0.499740 0.925463 0.499740 0.937963 0.498177 0.944444 0.494531 0.945370 0.489844 0.943981 0.487760 0.940741 0.485677
0 0.877315 0.495052 0.871759 0.497917 0.872222 0.502344 0.878241 0.508594 0.881944 0.510938 0.891204 0.513281 0.899537 0.513021 0.906481 0.510156 0.909722 0.506510 0.909722 0.503385 0.908796 0.501302 0.906019 0.499479 0.888889 0.494010 0.881944 0.494010
0 0.851389 0.501823 0.841204 0.505729 0.840741 0.509896 0.843981 0.513802 0.852778 0.518229 0.857407 0.519531 0.864815 0.519792 0.871759 0.517969 0.877315 0.509896 0.876389 0.507292 0.873611 0.504427 0.867130 0.501823 0.858796 0.501042
0 0.796759 0.483333 0.793519 0.485677 0.793981 0.493750 0.795370 0.495052 0.803241 0.496354 0.811111 0.495312 0.816204 0.493490 0.817593 0.489323 0.816204 0.485677 0.814352 0.484115 0.804630 0.482552 0.800463 0.482552
0 0.813426 0.466667 0.808796 0.469792 0.808333 0.471094 0.810185 0.472917 0.810185 0.474479 0.813426 0.477083 0.815741 0.480469 0.818519 0.482552 0.822222 0.483594 0.832407 0.482552 0.837963 0.478906 0.841204 0.474740 0.837963 0.471094 0.830093 0.468229 0.823148 0.466667 0.816204 0.466146
0 0.815741 0.454688 0.809722 0.453646 0.787500 0.454688 0.785648 0.456510 0.785648 0.460156 0.788426 0.463021 0.801389 0.466927 0.809259 0.466406 0.811574 0.465104 0.816667 0.459375 0.816667 0.455729
0 0.809259 0.436979 0.804630 0.438281 0.800926 0.441146 0.800463 0.444271 0.801852 0.447917 0.803704 0.448177 0.806481 0.449740 0.807870 0.451823 0.816204 0.453646 0.823148 0.450000 0.824074 0.447396 0.823611 0.441667 0.820833 0.438542 0.817593 0.436979
0 0.777315 0.438281 0.772222 0.443229 0.772685 0.447396 0.778241 0.450521 0.783333 0.452083 0.789815 0.452604 0.798148 0.451302 0.800000 0.448177 0.800000 0.446094 0.797685 0.440625 0.795370 0.440104 0.792130 0.437760 0.789352 0.436979 0.780556 0.437240
0 0.767130 0.429688 0.760648 0.428906 0.753704 0.429427 0.749074 0.431250 0.748148 0.433594 0.746296 0.435156 0.746296 0.439323 0.748148 0.443490 0.753241 0.447656 0.761111 0.447135 0.767593 0.445573 0.771296 0.441406 0.775000 0.439583 0.774537 0.436458 0.770833 0.431510
0 0.774537 0.450521 0.768981 0.452083 0.759722 0.451823 0.753704 0.450781 0.746296 0.451562 0.744907 0.454167 0.745370 0.458333 0.748611 0.464323 0.751389 0.466667 0.761111 0.467708 0.766667 0.466667 0.772222 0.463021 0.776852 0.455990 0.776852 0.453646
0 0.717130 0.458333 0.713426 0.467708 0.714352 0.470833 0.718056 0.472656 0.735648 0.472396 0.746296 0.466927 0.748148 0.463802 0.746759 0.460417 0.739815 0.460938 0.731019 0.458073 0.718056 0.457813
0 0.732870 0.471875 0.724074 0.472135 0.718981 0.472917 0.717593 0.474479 0.711111 0.478385 0.711111 0.482552 0.713889 0.484375 0.715741 0.486979 0.718056 0.488542 0.725000 0.490365 0.733796 0.488281 0.744907 0.482292 0.744907 0.478385 0.743519 0.476562
0 0.696759 0.470573 0.690741 0.469792 0.684259 0.467969 0.676852 0.468750 0.669907 0.470313 0.668519 0.473698 0.668519 0.478906 0.671759 0.482552 0.675926 0.483854 0.684259 0.484115 0.692593 0.482552 0.697222 0.478906 0.696759 0.477083 0.694444 0.474740
0 0.627315 0.474740 0.626389 0.476562 0.626852 0.479687 0.632407 0.483333 0.636111 0.484375 0.641204 0.484896 0.649537 0.484375 0.655093 0.478906 0.653241 0.474479 0.649537 0.472656 0.637037 0.472396
0 0.655093 0.485417 0.651389 0.486458 0.650463 0.488021 0.647222 0.490104 0.648148 0.494531 0.650000 0.498177 0.653241 0.499740 0.655093 0.502083 0.662037 0.502083 0.665741 0.500260 0.670370 0.499479 0.672222 0.498437 0.675926 0.494531 0.675926 0.493490 0.672222 0.489323 0.662963 0.486458
0 0.614352 0.485938 0.612500 0.489063 0.607407 0.493229 0.607407 0.495312 0.619907 0.502083 0.631019 0.502083 0.637963 0.498177 0.640278 0.493750 0.636111 0.490104 0.632407 0.488802 0.628704 0.486198 0.624074 0.485417
0 0.697685 0.482292 0.689815 0.484115 0.686574 0.485677 0.684722 0.488281 0.684259 0.490885 0.686111 0.494271 0.690741 0.497656 0.700926 0.498177 0.705093 0.497656 0.707407 0.495833 0.711574 0.490885 0.711111 0.485938 0.706944 0.483594
0 0.712500 0.491406 0.708333 0.497396 0.712500 0.503385 0.719444 0.504948 0.724074 0.503646 0.732870 0.502865 0.735185 0.502083 0.737963 0.497656 0.731481 0.494010 0.719444 0.490625
0 0.759722 0.485417 0.754167 0.482812 0.746296 0.483073 0.743519 0.483854 0.738426 0.486458 0.732870 0.488281 0.730093 0.490104 0.731019 0.495573 0.734259 0.497135 0.753704 0.499219 0.761574 0.494271 0.762037 0.489844
0 0.766667 0.482031 0.762963 0.483594 0.760185 0.486198 0.761574 0.489844 0.761574 0.494271 0.767130 0.496354 0.769907 0.498698 0.774074 0.500521 0.781944 0.500781 0.788426 0.500000 0.791667 0.494531 0.791667 0.488802 0.788889 0.484375 0.781944 0.480469 0.774074 0.480729
0 0.774537 0.904948 0.768056 0.905469 0.762037 0.907031 0.759722 0.908073 0.756019 0.911979 0.755556 0.916146 0.760648 0.921875 0.764815 0.923438 0.768056 0.923698 0.773611 0.922917 0.782407 0.920573 0.785185 0.919010 0.787963 0.915885 0.788426 0.911719 0.784722 0.908073
0 0.565278 0.485938 0.562963 0.486979 0.559722 0.490104 0.559259 0.494271 0.560648 0.498177 0.562963 0.501302 0.566667 0.504167 0.573148 0.504948 0.581944 0.502083 0.586111 0.498177 0.588426 0.493750 0.586574 0.492708 0.585185 0.490104 0.579630 0.486458
0 0.616667 0.501823 0.608333 0.498958 0.598611 0.500260 0.593056 0.502865 0.589352 0.507552 0.585648 0.509635 0.586574 0.511979 0.588889 0.513802 0.598148 0.515104 0.606481 0.514583 0.614352 0.512760 0.617593 0.509896 0.618519 0.505990
0 0.525463 0.469010 0.523611 0.470573 0.523611 0.475000 0.537037 0.480729 0.545370 0.481771 0.552315 0.476302 0.553241 0.474740 0.552778 0.469792 0.550926 0.467969 0.545833 0.465885 0.542593 0.465885 0.530093 0.467708
0 0.496296 0.447135 0.488889 0.451302 0.487963 0.455208 0.489352 0.457031 0.499537 0.462760 0.502315 0.463281 0.510648 0.463021 0.512963 0.460417 0.514352 0.455729 0.512500 0.452604 0.503241 0.447396
0 0.475000 0.455990 0.467130 0.459115 0.464352 0.463281 0.467130 0.466406 0.474537 0.469792 0.483333 0.470833 0.489815 0.467448 0.490741 0.464062 0.492130 0.463021 0.489352 0.457552 0.486574 0.456510
0 0.502315 0.465625 0.493519 0.468750 0.492593 0.469792 0.492593 0.473177 0.496296 0.479687 0.500926 0.482552 0.504167 0.483073 0.510648 0.482292 0.517593 0.478385 0.519907 0.474219 0.517593 0.471094 0.510648 0.466927
0 0.511574 0.483333 0.503241 0.483333 0.499074 0.484375 0.494444 0.487760 0.492130 0.492708 0.489815 0.494010 0.490741 0.498177 0.493056 0.499740 0.495833 0.503646 0.497222 0.504167 0.503704 0.504687 0.510648 0.502083 0.512500 0.500260 0.517593 0.497656 0.520833 0.491406 0.519907 0.487240 0.517593 0.484896
0 0.520833 0.498958 0.519907 0.502604 0.521759 0.505729 0.525463 0.507031 0.538889 0.508073 0.542130 0.506771 0.545370 0.503385 0.545833 0.501042 0.543519 0.497656 0.539352 0.496615 0.527778 0.496615
0 0.469444 0.490625 0.461574 0.495312 0.458796 0.498177 0.457407 0.502083 0.461574 0.505990 0.465278 0.507292 0.468056 0.507552 0.475463 0.509896 0.482407 0.508854 0.490741 0.502344 0.489815 0.498177 0.484722 0.494271 0.475926 0.490365
0 0.489815 0.477083 0.483796 0.473958 0.475926 0.472396 0.468519 0.473438 0.465278 0.474479 0.459259 0.478646 0.456944 0.482031 0.456944 0.486458 0.468519 0.489323 0.482870 0.487240 0.486574 0.484375 0.490741 0.478906
0 0.446759 0.463021 0.441204 0.464583 0.438889 0.466667 0.439352 0.471094 0.442593 0.473958 0.448148 0.477083 0.453704 0.478646 0.456019 0.478646 0.460185 0.477083 0.463426 0.472396 0.463426 0.467187 0.462037 0.465885
0 0.443981 0.474219 0.441667 0.473438 0.437037 0.473958 0.426852 0.476302 0.424074 0.477865 0.422222 0.482812 0.425463 0.486719 0.433333 0.488281 0.437500 0.488281 0.445370 0.487500 0.448611 0.486458 0.447222 0.483594 0.440741 0.482292 0.441204 0.481510 0.448148 0.480208 0.449074 0.478646 0.445833 0.476823
0 0.456019 0.494010 0.448148 0.488542 0.443519 0.488802 0.439352 0.490365 0.433796 0.491146 0.424537 0.494010 0.421759 0.496615 0.421296 0.498177 0.430093 0.500781 0.433796 0.502865 0.453704 0.502083 0.455093 0.500781
0 0.455093 0.503646 0.446296 0.502604 0.434259 0.502604 0.425463 0.509635 0.426852 0.512240 0.434259 0.516146 0.440741 0.518490 0.448148 0.516406 0.459259 0.509896 0.459259 0.505729
0 0.405093 0.476823 0.397222 0.478385 0.393981 0.480469 0.388426 0.482292 0.385648 0.486979 0.387963 0.490625 0.399074 0.494271 0.406944 0.495052 0.411574 0.494271 0.415741 0.492188 0.421296 0.486198 0.418981 0.482292 0.412963 0.478646 0.409259 0.477083
0 0.357407 0.489323 0.355556 0.490104 0.350463 0.495573 0.349537 0.497917 0.349537 0.502083 0.350463 0.503646 0.353704 0.506250 0.363889 0.507812 0.371296 0.507292 0.376389 0.500781 0.381019 0.498177 0.380556 0.493750 0.373148 0.489323 0.367130 0.488542
0 0.392130 0.494010 0.390741 0.495573 0.383333 0.499740 0.381944 0.504687 0.381944 0.510156 0.385185 0.513802 0.387963 0.514583 0.394444 0.515104 0.406481 0.513802 0.411574 0.509896 0.410648 0.505729 0.406481 0.500781 0.399074 0.495312
0 0.419907 0.514062 0.410185 0.518490 0.407407 0.521615 0.411574 0.525000 0.412963 0.530208 0.419444 0.531771 0.426852 0.531510 0.433796 0.529948 0.440741 0.525260 0.433333 0.517188 0.427315 0.514583
0 0.388889 0.517188 0.378241 0.519531 0.373611 0.521354 0.369907 0.525000 0.369444 0.529427 0.378241 0.533854 0.393056 0.535417 0.400463 0.533333 0.399537 0.531771 0.395833 0.529167 0.406481 0.525260 0.394907 0.517448
0 0.367130 0.513021 0.359722 0.511719 0.350926 0.511979 0.348148 0.513281 0.343519 0.516927 0.340741 0.521094 0.341667 0.526042 0.343981 0.528906 0.348148 0.529687 0.356944 0.529167 0.365741 0.525521 0.370370 0.521875 0.372222 0.518229 0.371759 0.516927
0 0.344907 0.511719 0.340278 0.509635 0.336574 0.508854 0.331481 0.509635 0.329630 0.510938 0.322685 0.510938 0.313426 0.512760 0.312037 0.513542 0.313426 0.517448 0.318519 0.523177 0.322222 0.524740 0.325000 0.524740 0.336574 0.522135 0.337500 0.520833 0.335648 0.517708 0.337963 0.516927 0.343981 0.516667 0.347222 0.513802
0 0.305556 0.500260 0.305093 0.502344 0.308796 0.505469 0.315741 0.506510 0.322222 0.508594 0.337037 0.508073 0.341204 0.502083 0.340278 0.497917 0.338426 0.496094 0.336574 0.495312 0.330556 0.494531 0.322685 0.494531 0.315741 0.495833 0.308333 0.497917
0 0.287500 0.489583 0.281019 0.491667 0.279630 0.492708 0.276389 0.498437 0.277778 0.502344 0.281019 0.506771 0.288889 0.508073 0.295370 0.505990 0.299537 0.500000 0.301852 0.498177 0.301389 0.494010 0.296296 0.490885
0 0.260648 0.491146 0.251389 0.490885 0.246759 0.491406 0.243056 0.494010 0.243056 0.502083 0.245370 0.506510 0.247222 0.507812 0.252315 0.509115 0.254167 0.509115 0.262037 0.506771 0.267593 0.502604 0.268519 0.499479 0.267593 0.493750
0 0.225463 0.495573 0.218981 0.494010 0.212037 0.495052 0.201389 0.500521 0.200000 0.502344 0.200000 0.506510 0.201389 0.509896 0.205093 0.513802 0.219907 0.514844 0.222685 0.514062 0.232870 0.508073 0.234259 0.505990 0.234259 0.501823 0.230556 0.498177
0 0.183333 0.492969 0.176852 0.494792 0.169907 0.497656 0.166204 0.501563 0.165741 0.505990 0.168981 0.508854 0.171759 0.509896 0.186574 0.511458 0.189815 0.510938 0.194444 0.508594 0.196296 0.506250 0.196759 0.501563 0.194907 0.497917 0.188889 0.496615 0.186574 0.495312 0.185648 0.493750
0 0.247685 0.510677 0.237963 0.511458 0.230556 0.515625 0.230093 0.522396 0.232407 0.526042 0.238889 0.529687 0.247222 0.529167 0.253241 0.526823 0.261574 0.521615 0.260648 0.516667 0.254630 0.512760
0 0.162500 0.525000 0.158796 0.528385 0.153704 0.531250 0.150463 0.537240 0.150000 0.541146 0.151852 0.542969 0.157407 0.545312 0.162963 0.546094 0.169907 0.545833 0.173611 0.545052 0.177778 0.542969 0.179167 0.541406 0.179167 0.536979 0.170370 0.526302
0 0.152315 0.519792 0.150463 0.518750 0.141204 0.519010 0.136111 0.520052 0.131481 0.522135 0.118519 0.524219 0.116667 0.525000 0.116667 0.529427 0.119907 0.533333 0.125000 0.535417 0.129630 0.535937 0.140741 0.534115 0.144907 0.532813 0.150926 0.527083 0.152778 0.522656
0 0.100926 0.539583 0.095370 0.544792 0.095833 0.548958 0.100000 0.552083 0.102778 0.553125 0.109722 0.554167 0.115741 0.554167 0.121296 0.553125 0.125000 0.548958 0.124074 0.546094 0.121759 0.543490 0.118981 0.542708 0.116204 0.540365 0.108796 0.538281
0 0.109722 0.584115 0.101852 0.582552 0.093519 0.582292 0.088426 0.583594 0.084722 0.591406 0.085185 0.595833 0.093519 0.599219 0.101389 0.598437 0.111111 0.591146 0.112037 0.586719
0 0.225463 0.531250 0.218056 0.530208 0.206481 0.533073 0.204630 0.534115 0.200926 0.539323 0.198148 0.540885 0.200926 0.543750 0.204630 0.545573 0.210648 0.546354 0.227315 0.545052 0.232407 0.541667 0.232870 0.539323 0.232407 0.536979
0 0.231944 0.547656 0.224074 0.546094 0.217130 0.546094 0.211574 0.547396 0.204167 0.547656 0.200463 0.548698 0.197685 0.550781 0.197685 0.556771 0.205093 0.561979 0.211574 0.563802 0.218519 0.563021 0.225000 0.560417 0.229630 0.555469 0.233333 0.552865 0.233333 0.548958
0 0.206019 0.572396 0.203704 0.575781 0.204167 0.580208 0.206944 0.581771 0.208796 0.584635 0.211574 0.586719 0.226389 0.586198 0.233333 0.584635 0.236111 0.575781 0.231944 0.572135 0.225926 0.569792 0.217130 0.569792 0.209722 0.570833
0 0.268056 0.568229 0.262037 0.567187 0.253241 0.568229 0.244907 0.571094 0.239352 0.574479 0.234722 0.575000 0.232870 0.576302 0.235648 0.583073 0.237500 0.584115 0.239352 0.584115 0.246296 0.586458 0.252778 0.587240 0.261574 0.585156 0.267593 0.582031 0.270833 0.575521 0.271759 0.572135
0 0.280556 0.573177 0.276389 0.574479 0.270833 0.577344 0.269444 0.579167 0.269444 0.584115 0.278241 0.590365 0.284259 0.592187 0.290278 0.592448 0.293519 0.591667 0.296759 0.588281 0.296759 0.583333 0.294907 0.576042 0.288889 0.573438
0 0.267130 0.547917 0.260185 0.547135 0.250926 0.548177 0.246296 0.549219 0.239352 0.552604 0.235648 0.556250 0.237037 0.560677 0.242130 0.564583 0.246296 0.565625 0.254167 0.565625 0.267593 0.559896 0.270370 0.556771 0.270833 0.552083
0 0.265741 0.533073 0.254167 0.531771 0.246296 0.532813 0.241667 0.536979 0.242130 0.541146 0.250000 0.545833 0.252778 0.546615 0.261111 0.545312 0.267593 0.540625 0.268981 0.537240 0.268056 0.534635
0 0.274074 0.511719 0.267130 0.512500 0.264352 0.513802 0.262963 0.518229 0.266204 0.525260 0.267593 0.526042 0.275000 0.527344 0.279167 0.525521 0.285185 0.519271 0.288889 0.517448 0.284259 0.513542
0 0.309259 0.515625 0.300463 0.515885 0.294907 0.516927 0.289352 0.517188 0.281481 0.521354 0.281481 0.525781 0.284259 0.530729 0.286574 0.532552 0.293981 0.534375 0.302778 0.534635 0.310185 0.531250 0.314815 0.525781 0.314815 0.521354
0 0.273148 0.535156 0.271296 0.536979 0.269907 0.541406 0.270833 0.545052 0.274074 0.546615 0.279630 0.547396 0.288889 0.546615 0.292130 0.545573 0.296759 0.545052 0.302778 0.541406 0.302315 0.536979 0.299074 0.535156 0.293981 0.533594 0.281019 0.532031
0 0.309722 0.546875 0.303241 0.545833 0.294444 0.545833 0.286111 0.548438 0.281019 0.551562 0.277778 0.556510 0.278704 0.560417 0.285185 0.562760 0.287500 0.564583 0.295370 0.566406 0.299537 0.564323 0.300463 0.561979 0.311574 0.555469 0.312500 0.549219
0 0.309722 0.563802 0.303704 0.564323 0.294907 0.572135 0.296296 0.576302 0.301852 0.582552 0.309722 0.582812 0.317593 0.580469 0.323148 0.577083 0.325000 0.572656 0.324537 0.568229 0.323611 0.567448
0 0.308796 0.582292 0.301852 0.584896 0.300463 0.587500 0.300926 0.590885 0.308796 0.599219 0.316204 0.600781 0.325000 0.595833 0.324074 0.587760 0.318519 0.584635 0.316204 0.582292
0 0.334722 0.569271 0.331481 0.570833 0.326852 0.576042 0.330556 0.580990 0.336574 0.585938 0.341667 0.586719 0.352315 0.586458 0.355556 0.584635 0.358796 0.580729 0.358796 0.576042 0.355093 0.571354 0.351852 0.569271 0.345833 0.568229
0 0.337500 0.551302 0.329630 0.551302 0.325000 0.554427 0.318056 0.556510 0.319444 0.560937 0.329630 0.568750 0.344444 0.566406 0.348148 0.564844 0.350926 0.561979 0.350926 0.556510 0.345833 0.552604
0 0.329630 0.529427 0.322685 0.530208 0.316667 0.532292 0.314352 0.534635 0.313889 0.537500 0.315741 0.545312 0.322685 0.548438 0.328241 0.549479 0.336574 0.548958 0.343981 0.546615 0.346759 0.541667 0.346759 0.536458 0.342130 0.531250
0 0.362500 0.540885 0.356481 0.546615 0.355093 0.553125 0.356019 0.560417 0.363426 0.562500 0.377778 0.561719 0.379630 0.560937 0.381019 0.553125 0.380556 0.548438 0.378704 0.545312 0.373148 0.542708 0.371759 0.540885
0 0.356944 0.566406 0.355556 0.568750 0.357407 0.573698 0.361574 0.576302 0.367130 0.577865 0.373148 0.578385 0.382870 0.577083 0.385648 0.576302 0.388889 0.572656 0.388889 0.566406 0.387500 0.564323 0.385185 0.563281 0.381481 0.562760 0.364815 0.563021
0 0.375463 0.579427 0.371296 0.579948 0.362500 0.584896 0.360648 0.591146 0.361111 0.596094 0.362500 0.597917 0.371296 0.601823 0.378704 0.602083 0.382407 0.601042 0.389815 0.597396 0.393519 0.592187 0.392593 0.583854 0.388889 0.581771 0.380093 0.579427
0 0.424074 0.567969 0.416667 0.565625 0.411574 0.565104 0.402315 0.566406 0.397685 0.567708 0.393519 0.570052 0.388889 0.574479 0.387963 0.576562 0.389352 0.580208 0.396759 0.585156 0.399074 0.585938 0.406481 0.585938 0.411574 0.585156 0.424074 0.580208 0.427778 0.578125 0.429630 0.576302 0.428704 0.572135 0.427315 0.570052
0 0.398148 0.546875 0.392130 0.548177 0.387037 0.552344 0.388426 0.560677 0.390278 0.562760 0.393519 0.564583 0.400000 0.565885 0.413426 0.563281 0.415278 0.560937 0.415741 0.556510 0.413889 0.554427 0.407407 0.550260 0.402778 0.548958 0.400463 0.547135
0 0.420370 0.533073 0.412500 0.533594 0.405093 0.535417 0.399074 0.535937 0.397685 0.536979 0.399074 0.542188 0.412963 0.547917 0.420370 0.546354 0.424074 0.541406 0.423148 0.537240
0 0.446296 0.540885 0.441204 0.539844 0.434722 0.540365 0.426852 0.544271 0.424074 0.550781 0.424074 0.557292 0.426389 0.560677 0.434259 0.560937 0.441204 0.559635 0.448148 0.555729 0.450926 0.553125 0.451852 0.550521 0.454167 0.548698 0.451389 0.544531
0 0.446759 0.525000 0.440741 0.527344 0.431944 0.533073 0.431944 0.534115 0.433796 0.536979 0.441204 0.539583 0.446296 0.540365 0.455093 0.539844 0.458333 0.537240 0.459259 0.532552 0.455556 0.528125 0.450463 0.525260
0 0.440278 0.579948 0.434259 0.578646 0.426852 0.579948 0.411574 0.586979 0.411574 0.592969 0.412963 0.594531 0.419907 0.598698 0.427315 0.598958 0.429167 0.597917 0.437037 0.596094 0.442593 0.591667 0.445833 0.588021 0.446296 0.583854
0 0.456019 0.561719 0.447222 0.561198 0.440278 0.561979 0.433796 0.564844 0.429630 0.568229 0.430093 0.572396 0.434259 0.575781 0.439815 0.577604 0.446759 0.577344 0.457870 0.572396 0.462037 0.568229 0.459722 0.563542
0 0.461574 0.571094 0.456019 0.573698 0.455093 0.575781 0.452778 0.577344 0.451389 0.584635 0.453241 0.588021 0.461574 0.590885 0.468981 0.591406 0.477315 0.587760 0.479630 0.583594 0.477315 0.579167 0.470833 0.573177 0.468519 0.571875
0 0.492593 0.560417 0.489815 0.558854 0.481481 0.558594 0.470833 0.563021 0.468056 0.568750 0.469444 0.569792 0.473611 0.570833 0.488426 0.570573 0.493981 0.569531 0.496296 0.568490 0.496296 0.564323
0 0.461574 0.542708 0.457870 0.548177 0.458333 0.553646 0.460185 0.558333 0.461574 0.559635 0.470833 0.559635 0.474074 0.558333 0.475926 0.555990 0.480093 0.554948 0.481481 0.552083 0.479167 0.548698 0.475926 0.547135 0.470370 0.545573 0.467593 0.543750
0 0.468056 0.533333 0.464815 0.536979 0.466204 0.540365 0.481481 0.546615 0.484259 0.548958 0.494444 0.550260 0.497685 0.550260 0.502778 0.548958 0.504630 0.545052 0.503704 0.540885 0.500463 0.539844 0.497685 0.537240 0.493981 0.535937 0.489352 0.532813 0.481019 0.531771 0.470833 0.532552
0 0.454167 0.513542 0.453704 0.517708 0.454630 0.521615 0.456944 0.523177 0.460648 0.524219 0.469444 0.525000 0.476389 0.523958 0.480093 0.522396 0.485185 0.517708 0.482870 0.515885 0.474074 0.512240 0.460648 0.511979
0 0.503241 0.515625 0.495833 0.514583 0.483333 0.517708 0.479167 0.521354 0.480093 0.525260 0.483333 0.528646 0.487500 0.529687 0.494444 0.530208 0.503704 0.529427 0.507870 0.525781 0.507407 0.521094
0 0.510185 0.524740 0.508796 0.525260 0.505556 0.528906 0.506481 0.531250 0.506481 0.534115 0.505093 0.536979 0.506019 0.541406 0.509722 0.543490 0.518056 0.543750 0.524537 0.542969 0.528241 0.541406 0.528704 0.538542 0.528241 0.532552 0.526389 0.529427 0.518981 0.525260
0 0.537037 0.512240 0.531481 0.513802 0.525463 0.517448 0.524074 0.521875 0.530093 0.525781 0.538889 0.526823 0.545370 0.525260 0.552778 0.521354 0.545833 0.514323 0.540741 0.512500
0 0.570833 0.525260 0.570833 0.529687 0.572685 0.531771 0.580093 0.534635 0.583796 0.537240 0.586111 0.538021 0.594444 0.538021 0.597685 0.536979 0.600926 0.534115 0.600926 0.529167 0.596296 0.525260 0.588426 0.523698 0.579167 0.523958
0 0.566204 0.537500 0.558333 0.538542 0.552778 0.540885 0.551389 0.542708 0.550926 0.545833 0.553241 0.549219 0.554167 0.552865 0.557870 0.554427 0.562963 0.553906 0.572222 0.550260 0.577315 0.545573 0.575926 0.541146
0 0.508796 0.551823 0.506944 0.553906 0.506019 0.557292 0.506944 0.560937 0.509259 0.563542 0.515278 0.566406 0.530556 0.569792 0.533333 0.569531 0.538889 0.567708 0.543056 0.564583 0.545370 0.560937 0.545370 0.556510 0.536574 0.551042 0.531481 0.549479 0.523611 0.549479 0.516667 0.550000
0 0.502778 0.567708 0.499074 0.570052 0.497685 0.576302 0.503241 0.581510 0.510648 0.581771 0.514815 0.578906 0.522685 0.576302 0.522685 0.572135 0.520833 0.570833 0.516204 0.569531
0 0.545370 0.582812 0.540741 0.579948 0.532870 0.578125 0.530093 0.577865 0.525926 0.578646 0.522685 0.583073 0.522685 0.588021 0.524074 0.590104 0.531944 0.590365 0.540278 0.588021 0.545370 0.584896
0 0.575463 0.575000 0.573611 0.574219 0.563889 0.574740 0.557870 0.576042 0.548148 0.579948 0.550000 0.583854 0.554630 0.588021 0.558333 0.588802 0.573148 0.588802 0.576389 0.587760 0.580093 0.584375 0.580556 0.579948
0 0.559259 0.556250 0.551852 0.557552 0.548148 0.560156 0.546759 0.564583 0.548611 0.565625 0.551852 0.572135 0.558796 0.571615 0.568056 0.569531 0.570833 0.567708 0.573148 0.564583 0.571296 0.562240
0 0.579630 0.547396 0.576389 0.548698 0.573148 0.552344 0.574537 0.556250 0.574074 0.560677 0.579630 0.565885 0.587037 0.566667 0.590741 0.564583 0.591667 0.562760 0.593981 0.561458 0.598611 0.552344 0.593056 0.548438 0.587500 0.547396
0 0.615278 0.547396 0.607407 0.547917 0.605093 0.548958 0.600463 0.553125 0.596759 0.559896 0.596759 0.560937 0.600000 0.564323 0.607407 0.567187 0.614815 0.567187 0.621759 0.565885 0.624537 0.563802 0.625463 0.559896 0.624074 0.557031 0.624074 0.552344 0.620370 0.548958
0 0.651389 0.531771 0.649074 0.530469 0.643981 0.529167 0.635185 0.529427 0.621759 0.531771 0.618519 0.533073 0.615741 0.535937 0.613889 0.541406 0.620833 0.545573 0.627778 0.547135 0.639352 0.547396 0.647685 0.546094 0.653241 0.543490 0.655556 0.539844 0.656019 0.536719
0 0.649074 0.546875 0.642130 0.549740 0.639352 0.552865 0.637963 0.556771 0.644907 0.561719 0.647222 0.564844 0.656481 0.567969 0.661574 0.564583 0.663889 0.560677 0.663426 0.556250 0.656481 0.547917
0 0.581019 0.571615 0.581019 0.576302 0.587963 0.580208 0.596759 0.582292 0.600463 0.584115 0.607870 0.583594 0.610185 0.580208 0.609259 0.575000 0.607870 0.571615 0.603704 0.568229 0.600926 0.567187 0.593056 0.566667 0.587963 0.568229
0 0.587037 0.594010 0.581481 0.591927 0.576852 0.591146 0.551852 0.591406 0.547685 0.595313 0.548148 0.600260 0.550000 0.603646 0.552778 0.605469 0.558796 0.607812 0.565741 0.607292 0.578704 0.604167 0.587037 0.599740
0 0.497222 0.586458 0.494907 0.587500 0.494907 0.593229 0.496296 0.597656 0.500926 0.601823 0.504167 0.603385 0.510648 0.604167 0.517130 0.603385 0.521296 0.601302 0.526389 0.596354 0.525463 0.591927 0.521296 0.589583 0.518981 0.587240 0.511111 0.584896
0 0.636111 0.590885 0.627315 0.590885 0.621296 0.591927 0.616204 0.595573 0.615741 0.600260 0.618519 0.603646 0.621759 0.605990 0.628241 0.607552 0.635648 0.606771 0.640278 0.603646 0.642130 0.600781 0.644444 0.599219 0.644444 0.594792 0.643056 0.592969
0 0.634722 0.570573 0.632407 0.571875 0.633333 0.574740 0.632870 0.581250 0.635185 0.585156 0.640278 0.587760 0.642593 0.590104 0.648611 0.587760 0.656019 0.586458 0.657870 0.585417 0.659722 0.583333 0.659722 0.578385 0.656481 0.572917 0.654630 0.571875 0.645370 0.570573
0 0.676389 0.504948 0.675926 0.507812 0.677315 0.509896 0.682870 0.512500 0.689815 0.514062 0.696296 0.514583 0.704167 0.514323 0.708796 0.512760 0.712037 0.510156 0.712500 0.505469 0.709722 0.502083 0.705093 0.500000 0.690741 0.498958 0.681481 0.501563
0 0.670370 0.509375 0.667130 0.510417 0.662963 0.510417 0.656019 0.516406 0.654167 0.521094 0.654167 0.525781 0.655556 0.527604 0.663889 0.529427 0.670833 0.529427 0.676852 0.527604 0.681019 0.525521 0.684259 0.522135 0.684259 0.520833 0.680093 0.515365 0.677315 0.513802 0.674537 0.513802 0.672222 0.512500
0 0.706019 0.516406 0.691667 0.516927 0.688426 0.518490 0.685648 0.523958 0.686574 0.529427 0.692593 0.533594 0.697685 0.535417 0.702778 0.534375 0.705093 0.533073 0.709722 0.527604 0.712037 0.526302 0.712963 0.522396 0.712037 0.518750 0.709259 0.517188
0 0.737037 0.505208 0.733333 0.503906 0.719907 0.505729 0.715741 0.508854 0.714352 0.511458 0.711574 0.513021 0.711574 0.514844 0.716667 0.517708 0.724537 0.519010 0.731019 0.518750 0.736111 0.517708 0.741204 0.515104 0.742593 0.510417 0.740741 0.507552
0 0.753241 0.500260 0.749537 0.502604 0.748148 0.505469 0.748148 0.510677 0.746296 0.514062 0.753241 0.515625 0.759722 0.515365 0.767130 0.513281 0.771759 0.510156 0.773148 0.505729 0.767593 0.502604 0.761574 0.501042
0 0.732407 0.519271 0.728704 0.521354 0.726389 0.525781 0.728704 0.529427 0.731944 0.531250 0.739815 0.532813 0.745833 0.531250 0.750000 0.529167 0.752778 0.525260 0.746759 0.519531 0.741204 0.518750
0 0.690741 0.542188 0.689352 0.545052 0.692593 0.548698 0.697685 0.550260 0.702315 0.550781 0.708796 0.552865 0.722222 0.552865 0.726389 0.551823 0.728241 0.550521 0.729167 0.548698 0.725926 0.544271 0.719444 0.543229 0.717130 0.540885 0.705093 0.537500 0.697685 0.537240
0 0.719907 0.555469 0.717593 0.554427 0.710185 0.553646 0.697685 0.555990 0.691204 0.558073 0.688426 0.560417 0.687500 0.564323 0.689815 0.567708 0.693981 0.569531 0.704167 0.571094 0.712500 0.571094 0.722222 0.568750 0.725926 0.565365 0.725463 0.560417
0 0.760648 0.534635 0.755093 0.533854 0.745370 0.533594 0.737963 0.535417 0.732870 0.537500 0.727315 0.540885 0.729630 0.545052 0.738426 0.548177 0.754167 0.547396 0.760648 0.545833 0.763426 0.542188 0.762963 0.538021
0 0.767130 0.516406 0.761111 0.518229 0.758333 0.521094 0.756944 0.525260 0.757407 0.529427 0.759722 0.532292 0.762963 0.534115 0.765741 0.534635 0.774074 0.534375 0.777778 0.533073 0.781019 0.529427 0.780093 0.525521 0.774537 0.519531
0 0.782870 0.509115 0.781019 0.510156 0.780093 0.513542 0.776389 0.516146 0.775463 0.518229 0.777778 0.521615 0.783333 0.526302 0.787963 0.528125 0.794444 0.528646 0.805093 0.527083 0.807870 0.525260 0.809259 0.521875 0.807407 0.516667 0.804167 0.514583 0.795370 0.511198 0.790741 0.508594 0.787037 0.508073
0 0.817593 0.498437 0.813889 0.497396 0.806944 0.497135 0.795370 0.498698 0.793056 0.499479 0.791204 0.500781 0.789815 0.504167 0.790741 0.509635 0.795370 0.511979 0.801389 0.513021 0.811111 0.509896 0.816204 0.507292 0.819907 0.504167 0.820370 0.501042
0 0.819444 0.505469 0.816204 0.507292 0.814352 0.510938 0.814352 0.517708 0.816667 0.521875 0.822222 0.523438 0.830093 0.523958 0.836574 0.522656 0.838889 0.521615 0.841667 0.517969 0.841667 0.513542 0.838426 0.508854 0.834722 0.505990 0.830556 0.504167
0 0.836574 0.519792 0.834722 0.520833 0.823148 0.532813 0.824074 0.536719 0.825463 0.538281 0.829630 0.540104 0.844907 0.540625 0.850926 0.538281 0.856944 0.529167 0.853704 0.525781 0.846296 0.522396 0.843981 0.519792
0 0.818981 0.528906 0.808796 0.527083 0.791667 0.530729 0.788889 0.532813 0.788426 0.537500 0.793056 0.540885 0.801389 0.544271 0.808796 0.543750 0.813889 0.541146 0.818519 0.536719 0.820370 0.533594
0 0.780556 0.547656 0.774537 0.546354 0.763426 0.547396 0.760185 0.548177 0.753241 0.552083 0.752778 0.554427 0.753704 0.556771 0.756481 0.558073 0.759259 0.560677 0.763426 0.561719 0.775463 0.562500 0.781481 0.560417 0.784722 0.556771 0.784259 0.552344
0 0.732870 0.560677 0.729630 0.564063 0.727778 0.567708 0.728704 0.570573 0.732870 0.573958 0.738889 0.575521 0.745833 0.576042 0.759259 0.575521 0.762037 0.574479 0.763889 0.572656 0.764815 0.568229 0.760648 0.562240 0.742130 0.559115 0.738426 0.559115
0 0.787500 0.563542 0.778704 0.565885 0.776389 0.567187 0.775463 0.572396 0.776852 0.574219 0.783333 0.577344 0.789352 0.578385 0.797685 0.576823 0.802315 0.574219 0.803704 0.571354 0.802778 0.568229 0.795833 0.564063
0 0.808796 0.547917 0.800926 0.550521 0.799537 0.552083 0.800463 0.557031 0.806481 0.561458 0.811574 0.563021 0.814352 0.564844 0.817593 0.565104 0.823148 0.562760 0.825000 0.560677 0.826852 0.557031 0.826852 0.552083 0.824074 0.548958 0.822222 0.548177 0.816204 0.547656
0 0.832407 0.548698 0.833796 0.551302 0.843056 0.557031 0.850000 0.558594 0.857870 0.558073 0.864815 0.555990 0.868519 0.553125 0.868981 0.548177 0.866667 0.544792 0.864815 0.543750 0.858333 0.542188 0.843519 0.542188 0.836574 0.545052
0 0.876852 0.544792 0.875000 0.548958 0.878704 0.552865 0.885185 0.556250 0.891667 0.558073 0.900000 0.558073 0.904167 0.556771 0.908796 0.552083 0.909722 0.548698 0.908333 0.546354 0.906019 0.544792 0.893519 0.542969 0.884722 0.542969
0 0.933333 0.579427 0.926389 0.583854 0.925463 0.588542 0.926852 0.590625 0.933796 0.594271 0.940278 0.595573 0.948148 0.595052 0.951389 0.592448 0.950926 0.584896 0.948148 0.578646 0.939815 0.578125
0 0.910648 0.605729 0.907870 0.607292 0.907407 0.612500 0.908333 0.615365 0.912963 0.620573 0.918056 0.623437 0.925463 0.625260 0.931019 0.625000 0.936111 0.623698 0.941204 0.620833 0.943519 0.618229 0.944444 0.614583 0.942593 0.612240 0.934259 0.607552 0.927315 0.604688 0.919444 0.604167
0 0.883796 0.607812 0.879630 0.609115 0.876852 0.611198 0.876852 0.615365 0.878704 0.619271 0.884722 0.621354 0.892593 0.621094 0.900000 0.619271 0.905556 0.615365 0.905556 0.611198 0.900000 0.608594 0.894907 0.607292
0 0.852778 0.594792 0.849074 0.597656 0.844444 0.603646 0.850926 0.607292 0.855556 0.608594 0.869444 0.610417 0.876389 0.609635 0.878241 0.608594 0.879167 0.606771 0.879167 0.599479 0.871759 0.595833 0.864815 0.593750 0.856481 0.593490
0 0.836574 0.610938 0.835648 0.611719 0.835648 0.615625 0.845833 0.623177 0.850463 0.624740 0.858333 0.625781 0.864815 0.622917 0.865741 0.620052 0.864815 0.614062 0.858796 0.610938 0.851389 0.609896
0 0.857407 0.568490 0.853704 0.576042 0.854630 0.585417 0.856481 0.587760 0.864352 0.592187 0.871759 0.594010 0.874074 0.591927 0.875926 0.588542 0.875926 0.579688 0.871759 0.571875 0.864815 0.569010
0 0.843981 0.575781 0.835648 0.576042 0.825926 0.578125 0.822222 0.579948 0.826389 0.591927 0.831481 0.594271 0.835185 0.595052 0.841667 0.594271 0.847685 0.591667 0.854167 0.584115 0.853704 0.579948
0 0.808333 0.580990 0.802315 0.581771 0.795833 0.583854 0.793519 0.588021 0.794907 0.591927 0.802778 0.594010 0.809722 0.594792 0.817593 0.592448 0.819444 0.587240 0.814815 0.583073 0.812500 0.581771
0 0.768981 0.583854 0.770370 0.588542 0.776852 0.592187 0.779630 0.599740 0.782407 0.600000 0.788426 0.598177 0.790741 0.595052 0.791204 0.591667 0.784259 0.583854 0.781944 0.582812 0.776852 0.582812
0 0.783796 0.603125 0.781019 0.601042 0.775000 0.599219 0.753241 0.600781 0.750000 0.603385 0.750463 0.607292 0.756481 0.608854 0.761574 0.611719 0.768056 0.612240 0.774074 0.611458 0.781481 0.608854 0.783333 0.607292
0 0.771759 0.595573 0.764815 0.593750 0.761574 0.591667 0.757870 0.591667 0.753241 0.593229 0.752315 0.594531 0.752315 0.600000 0.753241 0.600521 0.761574 0.600521 0.763889 0.600000 0.767593 0.597917 0.769907 0.597396
0 0.800926 0.614062 0.794907 0.615104 0.791667 0.618750 0.789352 0.623437 0.789815 0.627865 0.792593 0.634635 0.795833 0.635417 0.802315 0.635677 0.808796 0.633594 0.816204 0.628906 0.818056 0.626563 0.818981 0.622396 0.817130 0.619271 0.813426 0.617188 0.806019 0.614583
0 0.774074 0.619271 0.768981 0.622917 0.766204 0.626042 0.765278 0.632292 0.768519 0.635938 0.772685 0.637240 0.781481 0.638542 0.786574 0.637240 0.790741 0.634896 0.792593 0.631250 0.791204 0.626823 0.781481 0.620052
0 0.738426 0.614844 0.735648 0.619531 0.737037 0.623437 0.739352 0.625000 0.748148 0.626302 0.755093 0.626563 0.762037 0.624740 0.763426 0.622917 0.761574 0.620833 0.761111 0.618490 0.755556 0.613281 0.745833 0.612500
0 0.710648 0.591927 0.705093 0.594010 0.702315 0.599479 0.702778 0.610677 0.703704 0.611979 0.708333 0.613802 0.711111 0.614323 0.719444 0.614062 0.723148 0.613021 0.728704 0.609375 0.729630 0.607812 0.729167 0.603125 0.726389 0.599740 0.718056 0.594271 0.714352 0.592448
0 0.732870 0.576302 0.725000 0.572656 0.718519 0.571615 0.710648 0.573958 0.704630 0.574219 0.700463 0.576042 0.700000 0.580208 0.704167 0.585156 0.708796 0.586719 0.725926 0.586719 0.732870 0.583333 0.734259 0.580469
0 0.665741 0.572135 0.662963 0.574479 0.662500 0.576562 0.666204 0.580990 0.669444 0.582812 0.675463 0.584375 0.684722 0.584375 0.689352 0.581250 0.692593 0.580208 0.684259 0.571875 0.681481 0.570573 0.676389 0.569792
0 0.677778 0.591406 0.671296 0.590625 0.662500 0.590885 0.649537 0.592969 0.646759 0.595313 0.648148 0.599740 0.656019 0.604427 0.663426 0.604427 0.667593 0.602344 0.670370 0.601823 0.677315 0.598177 0.678704 0.596354 0.678704 0.592187
0 0.684722 0.601302 0.674074 0.602344 0.671296 0.603385 0.667130 0.607552 0.662963 0.607812 0.661574 0.608594 0.660648 0.611979 0.662963 0.616146 0.668056 0.617188 0.673148 0.619271 0.680093 0.619792 0.684259 0.619010 0.692130 0.615365 0.696759 0.611198 0.692593 0.607292 0.691204 0.603385
0 0.588889 0.611198 0.584722 0.613802 0.583796 0.615885 0.585648 0.619010 0.589352 0.621094 0.593056 0.624740 0.597222 0.627344 0.607407 0.629948 0.614815 0.628646 0.616667 0.623958 0.616204 0.619531 0.607870 0.610677 0.604167 0.609375 0.600000 0.608854 0.593981 0.609635
0 0.564815 0.615104 0.562963 0.616406 0.556944 0.617708 0.554167 0.619271 0.551389 0.623177 0.554630 0.627344 0.558333 0.629427 0.565741 0.631510 0.573148 0.631510 0.581019 0.627344 0.583333 0.623177 0.584259 0.619010 0.578704 0.617188 0.575000 0.615104
0 0.538889 0.600781 0.529630 0.602083 0.523611 0.604948 0.522222 0.606771 0.522222 0.611719 0.524074 0.615365 0.531019 0.619010 0.538889 0.619010 0.546296 0.617448 0.549074 0.615885 0.553241 0.611458 0.552315 0.609115 0.547222 0.603385 0.545370 0.602344
0 0.503241 0.608854 0.497685 0.610677 0.491204 0.615104 0.491667 0.619792 0.494907 0.623177 0.497685 0.623698 0.505556 0.623958 0.512963 0.623437 0.517593 0.621094 0.519444 0.614844 0.513889 0.610156 0.511111 0.609375
0 0.494907 0.599740 0.491667 0.599219 0.480556 0.599479 0.472685 0.601562 0.469907 0.603125 0.467130 0.607552 0.470833 0.613021 0.473611 0.614583 0.479167 0.615365 0.489352 0.615365 0.496296 0.611458 0.498611 0.607812 0.499537 0.603385
0 0.447685 0.590885 0.442130 0.595833 0.441204 0.600000 0.442593 0.602083 0.454167 0.605990 0.462037 0.605729 0.467130 0.604167 0.471759 0.599740 0.468981 0.593750 0.464815 0.591667 0.458333 0.591406 0.455093 0.590625
0 0.440741 0.606250 0.436574 0.611198 0.435648 0.619271 0.440278 0.623177 0.447222 0.624479 0.455093 0.624479 0.461111 0.622656 0.466667 0.619271 0.468056 0.616667 0.468056 0.614062 0.465741 0.609896 0.460648 0.607812 0.455093 0.607292 0.446296 0.607552
0 0.396296 0.597656 0.393981 0.599479 0.393981 0.603646 0.396296 0.607552 0.400463 0.610938 0.406019 0.613542 0.409722 0.614062 0.412963 0.615885 0.420370 0.615885 0.422222 0.615365 0.423611 0.613802 0.427315 0.612240 0.430556 0.607812 0.427315 0.602604 0.421759 0.599479 0.416204 0.598437 0.413426 0.596875 0.407870 0.597396 0.398611 0.596875
0 0.379167 0.603385 0.371296 0.603906 0.369444 0.605208 0.363426 0.607292 0.362037 0.611198 0.362500 0.615625 0.365278 0.619271 0.370833 0.621094 0.380556 0.619271 0.385648 0.616406 0.388889 0.615625 0.394444 0.611458 0.388426 0.605990
0 0.336574 0.587760 0.329167 0.591667 0.330093 0.599740 0.336574 0.603646 0.343056 0.605729 0.350926 0.605469 0.360185 0.599740 0.358333 0.591927 0.351389 0.589063 0.345370 0.587760
0 0.332870 0.603385 0.330093 0.602344 0.321759 0.602604 0.315741 0.604427 0.312963 0.605990 0.310648 0.609896 0.308796 0.611198 0.309722 0.615365 0.314815 0.617448 0.317593 0.617448 0.326852 0.615365 0.334722 0.611198 0.335185 0.605990
0 0.302315 0.597917 0.294444 0.598437 0.292130 0.599479 0.291204 0.601042 0.287963 0.602344 0.282870 0.607031 0.281481 0.611458 0.291667 0.616406 0.303241 0.616667 0.308333 0.615365 0.310185 0.607292 0.306019 0.602865 0.305093 0.600000
0 0.253704 0.591667 0.248611 0.595313 0.248611 0.600781 0.250463 0.604688 0.253241 0.605990 0.268981 0.606250 0.273148 0.605469 0.275463 0.603906 0.277778 0.599740 0.275463 0.593750 0.273611 0.591667 0.268981 0.590625 0.258333 0.590625
0 0.336574 0.610677 0.332407 0.615365 0.335648 0.620833 0.339815 0.623437 0.342593 0.624219 0.351389 0.624219 0.359259 0.622917 0.361111 0.620052 0.360185 0.615885 0.351389 0.608854 0.343519 0.608594
0 0.332407 0.626823 0.332407 0.631510 0.334722 0.636198 0.341204 0.640365 0.351389 0.642708 0.357870 0.641927 0.367130 0.638802 0.369444 0.634896 0.368519 0.630729 0.366667 0.628385 0.362037 0.625781 0.358796 0.625000 0.336574 0.625000
0 0.393056 0.617448 0.390278 0.617448 0.383796 0.618750 0.382407 0.620313 0.376852 0.623177 0.373148 0.627344 0.368981 0.630469 0.369907 0.633073 0.372685 0.635938 0.378241 0.638542 0.386574 0.639323 0.397685 0.634896 0.399537 0.633333 0.402315 0.627083 0.402778 0.622396 0.400463 0.619010
0 0.434259 0.621615 0.431944 0.621094 0.427315 0.618490 0.421296 0.617708 0.412963 0.618490 0.405093 0.622917 0.404167 0.625000 0.401852 0.626823 0.407407 0.634635 0.411574 0.635156 0.420370 0.634635 0.431481 0.631250 0.434259 0.629167 0.435648 0.622917
0 0.445833 0.631510 0.438426 0.631510 0.431481 0.632552 0.427778 0.634375 0.425000 0.638021 0.426852 0.642448 0.430093 0.644271 0.433796 0.650260 0.440278 0.651302 0.443519 0.650781 0.446296 0.648958 0.450000 0.647917 0.452778 0.646354 0.455093 0.643229 0.455093 0.636458 0.449537 0.632292
0 0.478704 0.619010 0.475926 0.617969 0.470833 0.619010 0.459259 0.625521 0.455093 0.630208 0.456481 0.632292 0.460185 0.633333 0.469444 0.633594 0.482407 0.632031 0.485185 0.630990 0.486111 0.628385 0.485648 0.625260 0.483796 0.622656 0.480093 0.620833
0 0.489815 0.632552 0.481481 0.632292 0.475463 0.633073 0.469444 0.634635 0.467593 0.636458 0.468519 0.643750 0.471759 0.646615 0.482407 0.651823 0.485185 0.651563 0.489815 0.650000 0.493519 0.646875 0.493981 0.641927 0.495833 0.638542
0 0.512963 0.624479 0.502778 0.625260 0.498148 0.626823 0.498148 0.635677 0.499074 0.639062 0.502315 0.642708 0.509722 0.644010 0.513889 0.643229 0.517593 0.641406 0.521296 0.638802 0.522222 0.636198 0.522222 0.630729 0.520833 0.627344 0.517593 0.625000
0 0.546296 0.624740 0.530556 0.624740 0.525926 0.626823 0.525463 0.634896 0.526852 0.638542 0.531481 0.643490 0.537500 0.646615 0.545833 0.642708 0.549074 0.638542 0.550926 0.630990 0.550463 0.626823
0 0.406019 0.637500 0.399074 0.639844 0.397685 0.641146 0.394907 0.646354 0.397222 0.650521 0.406481 0.655990 0.412963 0.658333 0.420370 0.658073 0.426389 0.654427 0.428241 0.650781 0.427778 0.645573 0.423148 0.640104 0.420370 0.638542 0.414352 0.637240
0 0.378704 0.639323 0.371296 0.639323 0.364815 0.640365 0.361111 0.641667 0.356481 0.644792 0.356019 0.646875 0.357407 0.650000 0.364352 0.653125 0.371759 0.653125 0.378241 0.651563 0.381019 0.649740 0.382870 0.647135 0.381019 0.641406
0 0.385185 0.648438 0.382407 0.649740 0.376852 0.654167 0.375926 0.655990 0.376389 0.662240 0.378241 0.663802 0.384722 0.665104 0.393056 0.665625 0.399537 0.664583 0.402315 0.662240 0.402778 0.657813 0.401389 0.655208 0.396759 0.651823 0.395833 0.650260 0.392593 0.648438
0 0.336574 0.642188 0.333796 0.643490 0.331944 0.645833 0.331481 0.650781 0.332870 0.652604 0.335648 0.654167 0.343519 0.655990 0.350463 0.654948 0.355093 0.650781 0.352315 0.644792 0.344444 0.641667
0 0.329167 0.638542 0.322222 0.638021 0.311574 0.640885 0.306481 0.643750 0.304630 0.645833 0.304630 0.647917 0.306019 0.650781 0.308796 0.652344 0.314352 0.653385 0.322685 0.653125 0.326389 0.651823 0.331019 0.646615 0.331944 0.643229
0 0.301389 0.623698 0.297685 0.626302 0.297685 0.629687 0.302778 0.636198 0.304630 0.637500 0.308796 0.638802 0.318056 0.636719 0.322222 0.631510 0.319907 0.627865 0.315278 0.625000 0.309259 0.623177
0 0.300000 0.632552 0.296296 0.631510 0.287500 0.632552 0.279630 0.638281 0.279167 0.642969 0.281944 0.644271 0.294444 0.645573 0.301389 0.643490 0.306019 0.638281
0 0.271296 0.617708 0.267593 0.619010 0.267593 0.620833 0.268981 0.623177 0.268981 0.627083 0.271759 0.630990 0.274074 0.631771 0.280556 0.632031 0.286111 0.630990 0.292130 0.627083 0.294444 0.622917 0.291667 0.622135 0.285648 0.618229 0.281944 0.616927
0 0.234259 0.611458 0.233333 0.614583 0.234259 0.619271 0.237037 0.621354 0.246759 0.623437 0.253704 0.624219 0.262037 0.622396 0.264352 0.621094 0.265741 0.619271 0.266204 0.614583 0.260185 0.608854 0.253704 0.607031 0.245833 0.607031 0.238426 0.609115
0 0.211574 0.593750 0.208796 0.596875 0.207407 0.600521 0.208796 0.603906 0.212037 0.606510 0.218519 0.608854 0.224074 0.609896 0.232870 0.609896 0.240741 0.607292 0.241667 0.604948 0.240741 0.600260 0.238426 0.597656 0.233333 0.594531 0.225463 0.591667 0.218056 0.591667
0 0.218519 0.609635 0.212500 0.608073 0.196759 0.607552 0.191204 0.609115 0.188889 0.613021 0.188889 0.620052 0.190741 0.624740 0.198611 0.626042 0.205093 0.623437 0.212963 0.621615 0.220370 0.615625 0.220833 0.611198
0 0.150000 0.599479 0.146296 0.603646 0.147685 0.607552 0.152315 0.611458 0.160185 0.615885 0.162963 0.616667 0.170833 0.616927 0.176389 0.615365 0.181481 0.611458 0.182870 0.607031 0.179630 0.603646 0.166204 0.599479 0.158333 0.598698
0 0.140741 0.606250 0.134722 0.605729 0.128704 0.607292 0.123148 0.609635 0.117593 0.613281 0.116204 0.614844 0.116204 0.619271 0.121759 0.623177 0.126389 0.623958 0.136111 0.623958 0.139815 0.623177 0.145370 0.619531 0.148148 0.615625 0.147685 0.611458 0.146296 0.609115
0 0.188889 0.649740 0.183333 0.652344 0.180556 0.656250 0.180093 0.658854 0.183333 0.665104 0.189815 0.669271 0.197222 0.670833 0.208333 0.669010 0.213426 0.666146 0.214815 0.663021 0.213889 0.658333 0.210185 0.654167 0.201852 0.650260 0.195833 0.649479
0 0.212500 0.623437 0.208796 0.625000 0.204167 0.629427 0.203704 0.631510 0.204630 0.633333 0.215741 0.640625 0.218519 0.641406 0.225926 0.641667 0.229630 0.638802 0.230556 0.636458 0.230556 0.633594 0.227778 0.625521 0.225926 0.623698 0.219907 0.622656
0 0.237963 0.641406 0.239352 0.646615 0.243981 0.647656 0.254167 0.648438 0.265741 0.646354 0.273611 0.642708 0.275000 0.638281 0.268519 0.637500 0.262963 0.635417 0.252315 0.634896 0.245833 0.635677 0.238889 0.638542
0 0.249537 0.650260 0.238889 0.648438 0.227315 0.649740 0.224074 0.650781 0.221296 0.653906 0.221296 0.657813 0.224074 0.663802 0.227315 0.666146 0.231944 0.667188 0.241204 0.666146 0.246759 0.662500 0.254167 0.661979 0.258333 0.658594 0.258333 0.655990 0.256944 0.654687 0.254167 0.654427 0.251389 0.652865
0 0.155093 0.654167 0.149537 0.655729 0.146759 0.657813 0.144444 0.661458 0.141204 0.664062 0.140278 0.666927 0.142130 0.669531 0.145833 0.670573 0.151389 0.671354 0.163426 0.671354 0.170370 0.669271 0.172685 0.665104 0.172685 0.661719 0.164352 0.655729 0.157870 0.654167
0 0.157407 0.671875 0.152778 0.672396 0.148611 0.674219 0.141667 0.675521 0.137037 0.677604 0.132870 0.681250 0.132407 0.685937 0.133796 0.689583 0.135648 0.691146 0.141204 0.693490 0.150463 0.693490 0.156944 0.690885 0.161574 0.685677 0.163889 0.681771 0.164352 0.677604 0.160185 0.672917
0 0.184722 0.681510 0.176389 0.681510 0.173148 0.683594 0.162500 0.686458 0.158796 0.688281 0.156481 0.691927 0.156481 0.694271 0.158796 0.697396 0.169907 0.699740 0.177778 0.698698 0.183796 0.694010 0.184722 0.692448
0 0.232870 0.675521 0.226852 0.673958 0.218519 0.673698 0.211574 0.676302 0.203241 0.680990 0.199537 0.686198 0.199537 0.689583 0.206481 0.693490 0.211111 0.694792 0.218519 0.694531 0.223148 0.693490 0.232870 0.686719 0.236111 0.682031 0.234722 0.677604
0 0.261111 0.665885 0.249537 0.665885 0.239352 0.667708 0.237963 0.668490 0.233333 0.673438 0.233333 0.675521 0.235185 0.679167 0.238889 0.681250 0.245833 0.683594 0.253704 0.683594 0.259722 0.682031 0.263889 0.679688 0.269444 0.674219 0.269444 0.673177 0.266667 0.669531
0 0.301852 0.650260 0.292130 0.646354 0.285648 0.646094 0.273611 0.647135 0.267130 0.649740 0.266204 0.651302 0.264815 0.658594 0.267130 0.662240 0.275000 0.663021 0.281019 0.664323 0.296759 0.662500 0.299074 0.659375 0.302315 0.657292 0.303704 0.654427
0 0.287963 0.665885 0.289352 0.666667 0.289352 0.670052 0.287963 0.670833 0.280093 0.670573 0.277778 0.671094 0.275463 0.672396 0.275000 0.674219 0.276852 0.675521 0.279167 0.679427 0.283796 0.682292 0.295370 0.684375 0.301852 0.682813 0.303704 0.681771 0.307407 0.677865 0.306944 0.673177 0.305093 0.670052 0.301852 0.667969 0.295833 0.665885
0 0.323148 0.656510 0.316204 0.656771 0.312037 0.657813 0.304630 0.662240 0.303704 0.666146 0.305093 0.667969 0.315741 0.673177 0.328241 0.669792 0.333796 0.666406 0.333796 0.661458 0.327778 0.657813
0 0.364815 0.655729 0.357870 0.656510 0.350463 0.656510 0.347685 0.658073 0.344444 0.661979 0.345833 0.665365 0.344444 0.670052 0.348148 0.671875 0.350463 0.674479 0.360185 0.673958 0.368519 0.671615 0.371759 0.669792 0.374074 0.666406 0.373148 0.661979 0.368056 0.657292
0 0.343981 0.671354 0.329630 0.670312 0.320370 0.674219 0.318056 0.676823 0.317593 0.681771 0.322685 0.687240 0.330556 0.689323 0.337037 0.687760 0.338889 0.686458 0.342593 0.685417 0.346759 0.677865 0.346759 0.673698
0 0.371759 0.674479 0.362963 0.673698 0.355093 0.675000 0.349074 0.677604 0.347685 0.680208 0.348148 0.684375 0.351389 0.685937 0.357407 0.690625 0.364815 0.689323 0.371759 0.685677 0.377778 0.678125
0 0.387037 0.677604 0.383333 0.677865 0.378241 0.680469 0.374074 0.685156 0.375926 0.689844 0.378241 0.691927 0.385648 0.692448 0.392593 0.691146 0.401852 0.685937 0.400926 0.681510
0 0.415278 0.664062 0.406019 0.663802 0.398148 0.665885 0.396759 0.667708 0.392130 0.670573 0.390741 0.673438 0.391204 0.676042 0.393056 0.677865 0.400463 0.679688 0.406944 0.680208 0.413426 0.677865 0.419444 0.673958 0.418981 0.665625
0 0.448148 0.656771 0.441667 0.654167 0.433796 0.652865 0.426852 0.655729 0.422685 0.659375 0.421759 0.661198 0.421759 0.666146 0.422685 0.666927 0.425926 0.667969 0.436111 0.667969 0.447222 0.664844 0.450926 0.662240
0 0.450926 0.657031 0.451389 0.658854 0.456019 0.662240 0.460185 0.662760 0.470833 0.662760 0.475463 0.662240 0.479167 0.660156 0.484722 0.658333 0.484722 0.654167 0.479630 0.652604 0.476389 0.650000 0.468519 0.648177 0.461111 0.647656 0.455556 0.650000 0.451852 0.654167
0 0.463426 0.670052 0.454167 0.667448 0.447685 0.668229 0.444444 0.670052 0.441204 0.670573 0.437963 0.673177 0.436111 0.677083 0.437500 0.679688 0.441667 0.681771 0.447685 0.683073 0.457870 0.683073 0.462963 0.682031 0.468519 0.677865 0.466667 0.672396
0 0.427315 0.675000 0.421296 0.675260 0.418519 0.676042 0.414352 0.678125 0.409259 0.682813 0.408796 0.686198 0.411111 0.689323 0.419907 0.694010 0.426389 0.693490 0.428704 0.692708 0.431019 0.690625 0.433796 0.685937 0.435185 0.680990 0.433333 0.677604 0.430556 0.675781
0 0.475463 0.665104 0.472685 0.666146 0.470833 0.668490 0.468519 0.669531 0.471759 0.677083 0.473611 0.679167 0.479167 0.682031 0.484722 0.683594 0.490278 0.683854 0.496759 0.682031 0.500000 0.677604 0.500926 0.674479 0.500926 0.669792 0.494444 0.665625 0.489815 0.664583 0.482407 0.664062
0 0.520833 0.650260 0.517593 0.648958 0.509722 0.648438 0.501389 0.650260 0.498148 0.653906 0.496759 0.657031 0.496759 0.659635 0.498148 0.662240 0.503241 0.663542 0.513426 0.663542 0.518981 0.662760 0.525463 0.658333 0.525926 0.654167 0.521759 0.651823
0 0.510185 0.662500 0.509259 0.666146 0.505556 0.669792 0.506019 0.672917 0.508796 0.677865 0.516667 0.680208 0.532870 0.677865 0.538426 0.673698 0.540278 0.670052 0.535648 0.665885 0.531481 0.664062 0.521759 0.663281 0.517593 0.661979
0 0.538426 0.680729 0.531019 0.680729 0.528704 0.681510 0.531944 0.682552 0.534259 0.684635 0.534259 0.685677 0.531019 0.687240 0.524537 0.687500 0.518056 0.685677 0.515278 0.687240 0.515278 0.693490 0.517130 0.696875 0.524537 0.702344 0.529630 0.703646 0.531944 0.703646 0.538426 0.700260 0.542593 0.693490 0.542130 0.688281
0 0.563426 0.665365 0.558333 0.666667 0.550463 0.669792 0.553241 0.673698 0.552315 0.677865 0.555093 0.681771 0.557407 0.682813 0.565278 0.684896 0.573611 0.684896 0.576852 0.683854 0.581481 0.680469 0.583796 0.674219 0.581481 0.670312 0.578241 0.668750 0.568981 0.665625 0.566204 0.665104
0 0.530093 0.653906 0.529630 0.658854 0.531944 0.662500 0.537963 0.666406 0.544444 0.668490 0.552315 0.667448 0.561111 0.661198 0.562500 0.658073 0.560648 0.656771 0.547685 0.652344 0.537500 0.652344
0 0.564815 0.635938 0.558333 0.636719 0.552315 0.638542 0.548148 0.642188 0.549074 0.647396 0.554630 0.652865 0.562500 0.655990 0.568056 0.656250 0.571759 0.655469 0.577778 0.651042 0.578704 0.646615 0.578241 0.643229 0.576389 0.639844 0.573148 0.636719
0 0.593056 0.651302 0.583796 0.652604 0.579630 0.654948 0.576852 0.655469 0.574537 0.657292 0.575463 0.662760 0.577778 0.665625 0.586574 0.668750 0.594444 0.668229 0.597685 0.666406 0.600000 0.654167 0.598611 0.652083
0 0.599537 0.669010 0.593519 0.668229 0.590278 0.669271 0.586574 0.672396 0.584722 0.678385 0.587037 0.681250 0.588889 0.681771 0.594907 0.681771 0.604630 0.677865 0.607407 0.673698 0.603704 0.670833
0 0.628704 0.652865 0.620833 0.652083 0.613889 0.653646 0.604167 0.657552 0.600463 0.661719 0.600463 0.665625 0.604167 0.667188 0.604630 0.670052 0.608333 0.671615 0.612963 0.672656 0.622685 0.671875 0.627778 0.670312 0.633333 0.666146 0.634722 0.662760 0.634259 0.658073 0.631019 0.654167
0 0.637037 0.665365 0.636111 0.665885 0.636111 0.669792 0.632407 0.670573 0.629630 0.673177 0.630556 0.677865 0.642130 0.682813 0.650000 0.683594 0.657407 0.683594 0.661111 0.682813 0.668519 0.677865 0.667130 0.673698 0.663426 0.669271 0.654630 0.665885 0.650463 0.665104 0.640278 0.664844
0 0.629167 0.689063 0.628704 0.693750 0.633333 0.698177 0.635648 0.699479 0.641667 0.700521 0.656481 0.699740 0.659259 0.698698 0.666667 0.694010 0.669444 0.689844 0.668056 0.688021 0.663889 0.686198 0.657870 0.685677 0.641204 0.685937 0.635648 0.684635 0.631019 0.686979
0 0.111574 0.704948 0.100926 0.699479 0.093519 0.699219 0.090741 0.699740 0.086111 0.701823 0.083796 0.704688 0.083333 0.709375 0.084722 0.711719 0.086574 0.713021 0.093981 0.713021 0.108796 0.709115
0 0.123611 0.705469 0.122222 0.708333 0.122222 0.712500 0.123611 0.714063 0.129167 0.716927 0.134722 0.717448 0.145370 0.717187 0.161111 0.713021 0.160185 0.708854 0.149537 0.703125 0.142593 0.701042 0.135648 0.700260 0.129630 0.700781 0.127778 0.701562
0 0.197685 0.703385 0.195370 0.704948 0.193056 0.711458 0.194907 0.717448 0.197685 0.719792 0.204630 0.719271 0.211111 0.720313 0.218519 0.720313 0.225000 0.716406 0.227315 0.713542 0.227315 0.712500 0.223611 0.709115 0.219907 0.707812 0.210648 0.705990 0.204630 0.703906
0 0.254167 0.689063 0.245370 0.689323 0.239352 0.691927 0.237037 0.705990 0.239352 0.711458 0.246296 0.713281 0.249074 0.711458 0.254167 0.710156 0.256481 0.708854 0.260648 0.704948 0.262037 0.701302 0.256944 0.695573
0 0.267130 0.683594 0.261111 0.685417 0.256019 0.689063 0.256019 0.694010 0.258796 0.696094 0.270833 0.699219 0.275000 0.699740 0.280093 0.698438 0.287963 0.693490 0.287963 0.689063 0.281481 0.684115 0.275000 0.683073
0 0.288426 0.701302 0.281481 0.700521 0.274537 0.701042 0.266667 0.703385 0.260185 0.707031 0.258796 0.708854 0.263426 0.713542 0.266204 0.715104 0.273611 0.716406 0.283333 0.716146 0.288426 0.715365 0.291667 0.713021 0.291667 0.708854 0.289815 0.706510
0 0.317130 0.688542 0.305093 0.689323 0.296296 0.693229 0.294907 0.697396 0.291667 0.701042 0.291667 0.703646 0.293981 0.709115 0.299074 0.711198 0.301852 0.711719 0.310185 0.711458 0.315741 0.710156 0.322685 0.704948 0.325463 0.697396 0.325000 0.692969
0 0.334259 0.689583 0.332407 0.692708 0.332407 0.697135 0.335648 0.699740 0.343056 0.701042 0.351389 0.701042 0.357870 0.699479 0.361574 0.697396 0.358333 0.692448 0.350463 0.686719 0.343519 0.686458
0 0.372222 0.696094 0.365278 0.696354 0.361574 0.697396 0.360185 0.699219 0.356019 0.701823 0.355093 0.705208 0.357407 0.706510 0.365278 0.708333 0.371296 0.707812 0.377315 0.705208 0.377315 0.701562 0.375463 0.699479 0.375000 0.697135
0 0.330093 0.702604 0.325463 0.706771 0.322222 0.708594 0.321759 0.713542 0.322685 0.715365 0.329167 0.721094 0.343981 0.722135 0.350463 0.719531 0.355093 0.716406 0.356481 0.711198 0.355556 0.705990 0.353241 0.704167 0.346759 0.702865 0.337037 0.701823
0 0.300926 0.713021 0.294907 0.714844 0.291204 0.716927 0.287963 0.721615 0.287963 0.727344 0.294907 0.731510 0.298611 0.732552 0.310185 0.733333 0.313426 0.732552 0.316667 0.729688 0.319444 0.720833 0.318056 0.716927 0.312963 0.714583 0.307407 0.713281
0 0.398611 0.690625 0.395833 0.691406 0.387037 0.696354 0.383796 0.700521 0.384259 0.704688 0.385185 0.705729 0.392130 0.708073 0.400000 0.708073 0.402778 0.708854 0.407407 0.709115 0.418056 0.705208 0.418981 0.700781 0.417593 0.697135 0.415278 0.695052 0.411111 0.692969 0.406944 0.691667
0 0.399537 0.714063 0.391667 0.711979 0.378704 0.715365 0.375463 0.716927 0.372685 0.720313 0.373611 0.724479 0.378704 0.726823 0.392593 0.727344 0.396296 0.726302 0.399537 0.724740 0.403241 0.720833 0.402778 0.716667
0 0.356481 0.729948 0.353704 0.732292 0.353241 0.736719 0.356481 0.740625 0.364815 0.744531 0.371296 0.745833 0.379167 0.745833 0.385648 0.745052 0.387037 0.744271 0.387500 0.739844 0.386574 0.735677 0.385648 0.734375 0.380556 0.732292 0.378704 0.728125 0.372222 0.725781 0.364352 0.726302 0.362037 0.727865
0 0.357870 0.741927 0.349074 0.741927 0.343519 0.743229 0.337500 0.747396 0.336111 0.749219 0.334259 0.755990 0.336574 0.760156 0.338889 0.761198 0.343056 0.761979 0.350926 0.761198 0.357407 0.757292 0.361111 0.755990 0.362963 0.753385 0.364815 0.752604 0.364815 0.751042 0.358796 0.748177 0.361574 0.744010
0 0.321759 0.739323 0.306481 0.742448 0.303704 0.744010 0.302315 0.748177 0.308796 0.753385 0.319907 0.759375 0.323148 0.760417 0.331481 0.755729 0.333333 0.751042 0.332407 0.746094 0.330556 0.742708 0.326852 0.740104
0 0.329167 0.722917 0.322685 0.725781 0.319907 0.728385 0.318519 0.732812 0.322222 0.736719 0.329630 0.740365 0.337037 0.740885 0.347685 0.736458 0.350926 0.733073 0.350926 0.731771 0.349074 0.728385 0.343981 0.724219 0.337963 0.723177
0 0.279630 0.759375 0.281019 0.763542 0.287963 0.767448 0.298611 0.768750 0.301852 0.770052 0.317130 0.767708 0.319444 0.764323 0.319444 0.759635 0.316204 0.757552 0.308796 0.754427 0.296296 0.751042 0.287963 0.752344
0 0.295370 0.733594 0.287963 0.734115 0.281944 0.735417 0.272222 0.740104 0.270833 0.742448 0.266667 0.744010 0.268981 0.746094 0.269444 0.747917 0.274537 0.750781 0.277778 0.751302 0.281019 0.753385 0.289815 0.750781 0.295833 0.744271 0.296759 0.735938
0 0.253704 0.719531 0.252778 0.720313 0.253241 0.724740 0.257870 0.728906 0.267593 0.732812 0.274537 0.733333 0.279167 0.730208 0.284259 0.728646 0.284259 0.724219 0.277778 0.722135 0.271759 0.719271 0.268056 0.718229 0.259722 0.717448
0 0.260185 0.732552 0.252778 0.732292 0.246296 0.733333 0.243981 0.734896 0.242130 0.738281 0.239352 0.740104 0.238426 0.748437 0.244907 0.752604 0.249537 0.752344 0.256019 0.750000 0.263889 0.745052 0.265741 0.742448 0.267593 0.741406 0.267593 0.736719
0 0.240278 0.714323 0.230556 0.714844 0.226389 0.716406 0.221296 0.723958 0.220370 0.728646 0.224074 0.732552 0.225463 0.736198 0.232870 0.735417 0.241204 0.731250 0.248611 0.724219 0.250463 0.720833 0.249537 0.718490 0.246296 0.716146
0 0.204630 0.739323 0.203241 0.740104 0.203704 0.741927 0.206944 0.744271 0.202778 0.746615 0.202315 0.748177 0.212037 0.752083 0.225463 0.753646 0.229167 0.752865 0.231481 0.751563 0.234722 0.747917 0.235185 0.744271 0.234259 0.740365 0.232870 0.739062 0.225926 0.736458 0.218981 0.737240 0.211574 0.736979 0.209259 0.738281
0 0.197685 0.720573 0.190278 0.722656 0.188426 0.724219 0.188426 0.726302 0.190741 0.733594 0.194444 0.736719 0.197685 0.738281 0.205093 0.737500 0.212037 0.733594 0.215741 0.727865 0.212037 0.723958 0.205093 0.721615
0 0.177315 0.722656 0.168519 0.722917 0.162037 0.724479 0.161111 0.726302 0.155556 0.728385 0.154630 0.732552 0.156019 0.735417 0.161111 0.740365 0.164815 0.741927 0.168056 0.742448 0.174537 0.741927 0.177315 0.741146 0.185648 0.736458 0.187963 0.732552 0.187037 0.727083 0.182870 0.724479
0 0.142130 0.738021 0.132870 0.744010 0.132407 0.748698 0.134259 0.751563 0.138889 0.753906 0.156481 0.758073 0.164352 0.751563 0.165278 0.748958 0.164815 0.743750 0.162037 0.741667 0.156019 0.739583
0 0.123611 0.730729 0.117593 0.728385 0.107870 0.728385 0.104630 0.730729 0.096296 0.732292 0.089815 0.736198 0.089815 0.741406 0.090741 0.744531 0.092130 0.745833 0.099537 0.747396 0.107870 0.747396 0.110185 0.746354 0.114815 0.745833 0.123148 0.741667 0.126852 0.736719 0.125926 0.733594
0 0.112500 0.747396 0.106944 0.748437 0.102778 0.750521 0.100463 0.752604 0.099074 0.755990 0.100463 0.758073 0.107870 0.761979 0.114815 0.764062 0.120833 0.761719 0.124074 0.758854 0.125463 0.756250 0.125463 0.751563 0.124074 0.749479 0.121759 0.748177
0 0.100463 0.764062 0.093519 0.764844 0.086111 0.769792 0.085648 0.772656 0.087037 0.775521 0.093519 0.778125 0.101389 0.778385 0.107870 0.777344 0.112037 0.774740 0.113426 0.771354 0.107870 0.765885
0 0.154167 0.759375 0.149537 0.757031 0.142593 0.755208 0.135185 0.755208 0.126389 0.759635 0.122222 0.763542 0.121759 0.767708 0.124537 0.771354 0.127315 0.772135 0.142593 0.771875 0.152778 0.767708 0.154167 0.765365
0 0.191204 0.744010 0.184259 0.742708 0.176389 0.743490 0.166667 0.750260 0.164352 0.753646 0.163889 0.757552 0.164352 0.759896 0.168981 0.764062 0.172222 0.764583 0.184722 0.764062 0.192593 0.759896 0.196759 0.756250 0.198148 0.751302 0.195833 0.747396
0 0.215278 0.754687 0.210185 0.755729 0.207870 0.757292 0.200926 0.759635 0.199537 0.761719 0.196759 0.763542 0.197222 0.768229 0.201389 0.771875 0.211111 0.775521 0.220833 0.776563 0.225926 0.775781 0.234259 0.772656 0.235185 0.771615 0.234259 0.763802 0.225926 0.755729 0.220833 0.754687
0 0.275926 0.756771 0.272222 0.754687 0.265278 0.753385 0.258333 0.753125 0.244907 0.754167 0.240741 0.755729 0.236574 0.759635 0.235185 0.762500 0.235648 0.764844 0.238889 0.767708 0.246759 0.770312 0.267593 0.770573 0.273611 0.767708 0.276852 0.764583 0.278241 0.759635
0 0.299074 0.771094 0.295833 0.770052 0.286574 0.768750 0.280093 0.769792 0.275000 0.772135 0.268519 0.773958 0.266667 0.776823 0.266667 0.782292 0.269444 0.785677 0.269444 0.787240 0.271296 0.788281 0.279630 0.789583 0.288426 0.789583 0.295370 0.788021 0.297222 0.786198 0.302778 0.783333 0.304630 0.780208 0.304630 0.775260
0 0.258333 0.775000 0.252778 0.773698 0.239352 0.776042 0.235185 0.779427 0.232870 0.782813 0.237963 0.789062 0.240278 0.789583 0.245370 0.788542 0.255093 0.788802 0.260648 0.787760 0.263889 0.783594 0.262500 0.778646
0 0.204630 0.779167 0.203704 0.787240 0.205556 0.791146 0.208333 0.794010 0.212963 0.796354 0.217593 0.797396 0.225926 0.797135 0.228704 0.796094 0.236574 0.791146 0.236111 0.786979 0.231019 0.780469 0.225463 0.778385 0.215278 0.778385 0.211574 0.779427
0 0.190741 0.777865 0.183796 0.780469 0.181481 0.782031 0.178704 0.785156 0.177778 0.787760 0.179630 0.790625 0.184722 0.793490 0.189815 0.794792 0.193519 0.794792 0.196296 0.794271 0.198611 0.792969 0.203241 0.787240 0.203704 0.783073 0.198611 0.778125
0 0.149074 0.770052 0.146759 0.771615 0.145833 0.774479 0.146759 0.779167 0.149074 0.781771 0.152778 0.783333 0.156481 0.786198 0.161111 0.787240 0.169907 0.788021 0.172222 0.787500 0.177315 0.784635 0.182407 0.779948 0.181944 0.775260 0.180093 0.772135 0.170370 0.769271 0.158796 0.769271
0 0.141204 0.777083 0.137500 0.775260 0.128704 0.773698 0.122222 0.774219 0.118519 0.775260 0.117593 0.776563 0.107407 0.781771 0.107407 0.784375 0.113426 0.790885 0.118981 0.791927 0.126852 0.791667 0.134722 0.787760 0.142593 0.786198 0.144907 0.783594 0.144907 0.781510
0 0.323611 0.766927 0.321759 0.769792 0.321759 0.772135 0.325000 0.775260 0.336574 0.782552 0.351389 0.783333 0.358333 0.782292 0.362037 0.780729 0.367130 0.775781 0.368519 0.771875 0.367593 0.769792 0.365278 0.767448 0.359259 0.764844 0.352778 0.764062 0.334722 0.764062 0.328241 0.764844
0 0.372222 0.751563 0.366204 0.755729 0.364815 0.759375 0.366204 0.763802 0.378241 0.769271 0.385185 0.770312 0.393056 0.769531 0.397222 0.767708 0.400463 0.763802 0.399537 0.759375 0.396296 0.755990 0.386111 0.750260 0.377778 0.750000
0 0.427315 0.740885 0.420370 0.739844 0.407870 0.740104 0.399074 0.742448 0.396296 0.744010 0.393981 0.747656 0.393056 0.752083 0.397222 0.755208 0.401389 0.756771 0.415278 0.757292 0.420833 0.756510 0.429167 0.752344 0.431481 0.748698 0.430556 0.744010
0 0.420370 0.723437 0.412037 0.722396 0.406019 0.723958 0.398148 0.728646 0.393981 0.736458 0.399074 0.739583 0.413889 0.739323 0.423148 0.737240 0.425463 0.733594 0.427315 0.732812 0.427778 0.728385 0.424537 0.726823
0 0.425926 0.704688 0.419907 0.706250 0.416667 0.708333 0.412963 0.708854 0.411574 0.713542 0.412963 0.716667 0.416667 0.720573 0.423148 0.723437 0.427778 0.724219 0.434259 0.722656 0.439352 0.720573 0.441204 0.717708 0.441204 0.715885 0.439815 0.713021 0.434259 0.707812 0.427778 0.704688
0 0.431944 0.693229 0.430093 0.695573 0.426852 0.697396 0.431019 0.698958 0.433796 0.704427 0.440278 0.709896 0.443519 0.710677 0.449074 0.710938 0.455093 0.709635 0.462037 0.705208 0.462963 0.700781 0.459722 0.697396 0.455556 0.695573 0.449074 0.694531 0.445833 0.693229 0.442130 0.692708
0 0.489352 0.689583 0.483333 0.686458 0.468981 0.687500 0.461111 0.689323 0.458796 0.693490 0.461574 0.696094 0.475000 0.700260 0.482870 0.700000 0.489815 0.694792
0 0.483796 0.701562 0.474537 0.701823 0.468519 0.703125 0.467130 0.704688 0.467130 0.709375 0.468981 0.711979 0.473148 0.714844 0.475463 0.718229 0.482870 0.717448 0.489815 0.709115 0.489815 0.704688 0.486574 0.702344
0 0.490741 0.710677 0.487500 0.712760 0.485648 0.716406 0.489352 0.720833 0.500463 0.726823 0.502778 0.727344 0.510648 0.726823 0.515278 0.717187 0.512963 0.713281 0.510185 0.711979 0.502315 0.710156 0.495370 0.709635
0 0.483796 0.723437 0.475463 0.723698 0.469444 0.728385 0.467130 0.732031 0.466667 0.740885 0.468519 0.744792 0.475000 0.748698 0.483796 0.747917 0.488889 0.745833 0.492593 0.742188 0.499074 0.733073 0.498611 0.729948 0.495370 0.726302
0 0.462500 0.709635 0.457870 0.711458 0.451389 0.712760 0.447685 0.714583 0.442593 0.719792 0.442593 0.721094 0.445833 0.725521 0.454167 0.728906 0.462037 0.728906 0.465278 0.728125 0.467130 0.726823 0.468519 0.722135 0.469907 0.721094 0.469907 0.716667 0.467593 0.712500
0 0.454630 0.728906 0.448148 0.726562 0.434259 0.728385 0.429167 0.732031 0.426852 0.736198 0.428704 0.740365 0.433796 0.742448 0.448148 0.742708 0.452778 0.741406 0.459722 0.736458 0.457870 0.730990
0 0.468981 0.747135 0.460648 0.746875 0.450463 0.748958 0.444907 0.748958 0.440741 0.748177 0.437500 0.753385 0.437500 0.759896 0.441204 0.762240 0.447222 0.764062 0.456019 0.763802 0.462037 0.760677 0.468981 0.755208 0.470833 0.752344
0 0.473611 0.751302 0.470370 0.755208 0.470370 0.758854 0.471759 0.761458 0.474074 0.762760 0.486111 0.766146 0.489352 0.767708 0.496296 0.766406 0.503704 0.763281 0.505556 0.759635 0.499537 0.754167 0.490278 0.749740 0.482407 0.749479
0 0.473611 0.765365 0.459259 0.764844 0.450926 0.765885 0.447222 0.766927 0.445370 0.770052 0.445370 0.773177 0.446296 0.775260 0.450926 0.779427 0.461574 0.780990 0.468981 0.779687 0.476389 0.775521 0.478704 0.771615 0.479630 0.767448
0 0.406019 0.763542 0.403704 0.767708 0.412037 0.772135 0.419907 0.774479 0.426852 0.775781 0.435185 0.774219 0.440741 0.767708 0.440278 0.763542 0.436574 0.762240 0.434259 0.759375 0.425926 0.759115 0.418981 0.759635 0.411111 0.762500
0 0.400000 0.770052 0.391667 0.771354 0.389352 0.775521 0.389352 0.780208 0.392130 0.786719 0.398148 0.787760 0.406944 0.786719 0.413426 0.783333 0.412963 0.779427 0.415741 0.776042 0.415741 0.775000 0.412037 0.772656 0.406481 0.771875
0 0.378704 0.771875 0.371296 0.774479 0.370370 0.776563 0.365741 0.779427 0.363889 0.783333 0.366667 0.789844 0.371296 0.792448 0.380556 0.792448 0.387963 0.791146 0.390741 0.787760 0.386574 0.777604 0.381019 0.774219
0 0.442130 0.775260 0.434722 0.775781 0.430556 0.777344 0.423148 0.778906 0.416667 0.783073 0.415278 0.791146 0.421296 0.795052 0.425463 0.795833 0.434259 0.795312 0.446296 0.791146 0.448148 0.789844 0.451389 0.783073 0.449537 0.780729 0.445833 0.778906
0 0.476852 0.778385 0.475000 0.778385 0.467593 0.780990 0.462037 0.786979 0.461574 0.791406 0.465741 0.794792 0.468519 0.795833 0.475926 0.796094 0.482870 0.794271 0.490741 0.791146 0.492130 0.786979 0.488426 0.783073 0.482870 0.779948
0 0.496296 0.769531 0.487963 0.774479 0.486574 0.779948 0.487963 0.782552 0.493519 0.787760 0.497222 0.788802 0.506481 0.787240 0.510648 0.784896 0.512500 0.782552 0.513426 0.778906 0.510648 0.774740 0.507870 0.772917
0 0.517593 0.754167 0.512500 0.755469 0.510185 0.756771 0.508796 0.759375 0.508796 0.768490 0.510185 0.770833 0.514352 0.773698 0.517130 0.774740 0.520833 0.774740 0.524537 0.775521 0.525463 0.772917 0.527778 0.771875 0.531481 0.771615 0.536574 0.767708 0.538889 0.764323 0.538426 0.760938 0.534722 0.756510 0.531944 0.754948 0.525926 0.754167
0 0.503241 0.734375 0.500000 0.735938 0.496296 0.740104 0.494444 0.743490 0.494444 0.748437 0.502778 0.752344 0.511111 0.753125 0.517593 0.749219 0.517130 0.740104 0.513889 0.735677 0.510648 0.734635
0 0.524074 0.731771 0.520833 0.734375 0.516204 0.736198 0.517130 0.743490 0.521759 0.750000 0.524537 0.751823 0.537963 0.753125 0.544907 0.752344 0.548148 0.748177 0.548148 0.743750 0.545370 0.734635 0.538889 0.730729 0.532870 0.730729
0 0.545370 0.708333 0.539815 0.708854 0.532870 0.713021 0.531019 0.715365 0.529630 0.720573 0.530556 0.724219 0.537963 0.728906 0.545833 0.728125 0.551852 0.726562 0.555556 0.724740 0.558796 0.721094 0.559259 0.716146 0.557407 0.712760 0.548611 0.708854
0 0.558333 0.725000 0.554630 0.726823 0.552778 0.728906 0.550926 0.735417 0.552315 0.744010 0.558796 0.747656 0.567130 0.747656 0.573148 0.746875 0.577315 0.744271 0.574074 0.732552 0.570370 0.728385 0.566204 0.725781
0 0.549074 0.755729 0.548611 0.756771 0.543981 0.759375 0.544907 0.763802 0.548611 0.764583 0.559722 0.770573 0.566667 0.771094 0.571759 0.769010 0.576389 0.763802 0.576389 0.759115 0.574074 0.755729 0.571759 0.754948 0.561574 0.753906 0.557870 0.753906
0 0.544907 0.765365 0.541204 0.767188 0.537963 0.770573 0.537963 0.773438 0.540278 0.779167 0.539815 0.783333 0.541667 0.784635 0.543981 0.785156 0.552778 0.785156 0.566204 0.780469 0.566204 0.775781 0.563889 0.772917 0.558796 0.770052
0 0.581481 0.771354 0.571759 0.775260 0.568981 0.778906 0.570370 0.783333 0.575000 0.786979 0.579630 0.789062 0.586574 0.790365 0.594444 0.789844 0.600926 0.787760 0.605093 0.783333 0.602778 0.775260 0.600926 0.773958 0.597222 0.773438 0.593981 0.771354 0.589352 0.770833
0 0.523611 0.779687 0.517130 0.781250 0.509722 0.786979 0.506944 0.790885 0.507870 0.796094 0.509259 0.798698 0.511111 0.799479 0.523611 0.801302 0.531481 0.801302 0.537500 0.795052 0.536111 0.786979 0.531019 0.782031 0.525926 0.779948
0 0.611111 0.744010 0.609259 0.742188 0.604630 0.739844 0.600926 0.738802 0.593519 0.739062 0.578241 0.746354 0.572222 0.752083 0.573611 0.753125 0.583333 0.755990 0.586111 0.756250 0.595833 0.755990 0.604167 0.754427 0.611111 0.752083
0 0.614815 0.722135 0.611574 0.720313 0.607407 0.719531 0.600463 0.719271 0.597222 0.719792 0.583796 0.724479 0.579630 0.726562 0.577778 0.728385 0.579167 0.731771 0.586574 0.734635 0.592593 0.735156 0.603241 0.734635 0.614352 0.733073 0.618056 0.728646
0 0.600926 0.700521 0.586574 0.700521 0.582870 0.701042 0.571759 0.704427 0.569907 0.709896 0.571296 0.713802 0.575463 0.717187 0.579630 0.718750 0.588889 0.719531 0.592593 0.718750 0.605093 0.712760 0.608796 0.709635 0.608796 0.705208
0 0.611574 0.707812 0.610648 0.709375 0.612500 0.711458 0.621759 0.715625 0.626852 0.716927 0.632870 0.717448 0.638889 0.717187 0.642593 0.715885 0.644444 0.713021 0.644444 0.707812 0.642593 0.705208 0.635648 0.702344 0.628241 0.700781 0.624537 0.702604 0.616667 0.704948
0 0.640278 0.726562 0.634722 0.725781 0.627778 0.727344 0.621296 0.730208 0.612963 0.735677 0.612037 0.740625 0.617593 0.744792 0.621296 0.746615 0.627315 0.747396 0.635648 0.747135 0.642593 0.742448 0.644444 0.739062 0.644907 0.733854 0.643519 0.728646
0 0.613889 0.752083 0.606019 0.755729 0.606944 0.762760 0.613889 0.766927 0.621759 0.766667 0.628704 0.763542 0.630093 0.761719 0.633333 0.759896 0.634259 0.755729 0.631019 0.754167 0.621759 0.752083
0 0.636574 0.759635 0.637037 0.763542 0.635185 0.764583 0.631481 0.765365 0.628704 0.767188 0.629167 0.771615 0.635185 0.775000 0.640278 0.775781 0.647685 0.775521 0.656019 0.774219 0.660185 0.771615 0.658796 0.767969 0.656481 0.765365 0.652778 0.763542 0.647222 0.762240 0.644444 0.759635 0.642593 0.759115
0 0.631019 0.780729 0.621296 0.779687 0.616667 0.781250 0.606481 0.786979 0.601852 0.790885 0.601852 0.795052 0.607870 0.798958 0.613426 0.800260 0.621759 0.800260 0.626389 0.798958 0.634259 0.795052 0.636574 0.791406 0.636111 0.787240 0.634259 0.782813
0 0.656019 0.777865 0.646759 0.780469 0.642593 0.783073 0.639352 0.787240 0.642593 0.789323 0.643981 0.791667 0.649074 0.795573 0.663889 0.798177 0.667130 0.797135 0.672685 0.793750 0.679630 0.791146 0.681019 0.786719 0.669907 0.779687 0.664815 0.778385
0 0.668981 0.753125 0.662963 0.754427 0.656481 0.759635 0.656481 0.763802 0.661111 0.767188 0.663889 0.772135 0.667130 0.774479 0.669444 0.775260 0.676852 0.775000 0.682870 0.771615 0.688426 0.763802 0.688426 0.759375 0.687037 0.757292 0.682407 0.754948 0.677315 0.753646
0 0.687963 0.744010 0.684259 0.739844 0.676852 0.738021 0.672685 0.738802 0.657407 0.744010 0.655556 0.745833 0.655093 0.748177 0.656019 0.748958 0.665741 0.750781 0.669907 0.752344 0.677315 0.752083 0.684722 0.750260 0.686574 0.748437
0 0.662963 0.720313 0.655556 0.722135 0.652778 0.725000 0.651852 0.728906 0.653241 0.733073 0.656019 0.736198 0.662500 0.738021 0.666204 0.738021 0.670370 0.737240 0.677778 0.733594 0.680093 0.731250 0.681019 0.728125 0.678241 0.725781 0.670370 0.722135
0 0.690278 0.697135 0.684259 0.696615 0.681019 0.697135 0.675926 0.701042 0.674074 0.704167 0.674074 0.713542 0.676852 0.716146 0.683333 0.715365 0.691204 0.715365 0.700926 0.713021 0.705093 0.709635 0.703704 0.704948
0 0.718981 0.714323 0.710648 0.713281 0.706019 0.714583 0.704630 0.715625 0.697222 0.715365 0.693056 0.716927 0.691667 0.720833 0.696296 0.724740 0.702778 0.728646 0.706481 0.728646 0.713889 0.724740 0.718981 0.720313 0.721296 0.716927
0 0.711574 0.695312 0.709722 0.697135 0.709722 0.703646 0.711574 0.705729 0.718519 0.709375 0.727778 0.709115 0.736574 0.705469 0.739815 0.702865 0.739815 0.700000 0.730556 0.695312 0.720833 0.694010 0.718056 0.694010
0 0.711111 0.671875 0.704630 0.677083 0.701389 0.681510 0.702315 0.685937 0.704630 0.688021 0.711574 0.690365 0.719444 0.691406 0.726389 0.687760 0.728241 0.685417 0.732870 0.682031 0.732870 0.681250 0.729630 0.677604 0.725926 0.675521 0.723611 0.675000 0.718981 0.671875
0 0.669907 0.650260 0.662963 0.654687 0.661574 0.658073 0.662963 0.662760 0.666204 0.664323 0.684722 0.669010 0.690741 0.670052 0.698148 0.669271 0.703241 0.666146 0.704167 0.662240 0.702778 0.658073 0.700463 0.656250 0.693981 0.652865 0.684722 0.649740
0 0.681019 0.624479 0.677315 0.627344 0.676389 0.630990 0.680556 0.634896 0.691667 0.638802 0.695833 0.639323 0.703704 0.638802 0.708796 0.636458 0.710185 0.634896 0.711111 0.630729 0.709259 0.626563 0.705093 0.623437 0.698148 0.622396 0.690278 0.622396 0.683796 0.623437
0 0.740741 0.629948 0.733333 0.626302 0.725926 0.626823 0.721759 0.628125 0.712963 0.635156 0.711111 0.638542 0.711574 0.643229 0.725926 0.645312 0.736111 0.642708 0.743981 0.638802 0.744907 0.635156
0 0.766667 0.641146 0.761574 0.640365 0.747685 0.640365 0.744907 0.640885 0.738426 0.643750 0.736574 0.646354 0.736574 0.650521 0.739352 0.653385 0.746759 0.657031 0.754167 0.657552 0.760648 0.655990 0.768056 0.651302 0.770370 0.646875 0.769907 0.642448
0 0.788426 0.641927 0.779167 0.642708 0.776389 0.643750 0.774537 0.645573 0.775463 0.651823 0.775000 0.654167 0.772685 0.655469 0.772222 0.658333 0.775000 0.662240 0.779630 0.663542 0.789352 0.662240 0.795370 0.659115 0.798611 0.653906 0.799537 0.646354 0.795370 0.643490
0 0.800926 0.700260 0.795370 0.698438 0.787037 0.698698 0.776852 0.700260 0.773611 0.701302 0.767593 0.704688 0.768056 0.709115 0.775000 0.713281 0.779167 0.714583 0.787963 0.715885 0.795370 0.715625 0.801852 0.713021 0.805093 0.709896 0.805093 0.704688
0 0.808796 0.676562 0.801852 0.679427 0.800000 0.681510 0.799074 0.684635 0.794907 0.688021 0.794444 0.690625 0.794907 0.692448 0.796759 0.694010 0.800463 0.695312 0.809722 0.697135 0.816667 0.696615 0.820833 0.694010 0.821296 0.685156 0.816204 0.678906 0.813426 0.677344
0 0.823148 0.664844 0.820370 0.671354 0.820370 0.675260 0.821759 0.677604 0.828241 0.680208 0.833796 0.680208 0.845370 0.678125 0.846759 0.675781 0.847222 0.669792 0.842593 0.665885 0.834722 0.664323 0.827778 0.664062
0 0.835648 0.681510 0.831944 0.685156 0.831944 0.689844 0.834259 0.693229 0.836111 0.694271 0.850463 0.696354 0.857407 0.695052 0.865278 0.694531 0.864815 0.681510 0.857407 0.680990 0.850926 0.678906 0.843519 0.679167
0 0.829630 0.703125 0.822685 0.706510 0.820370 0.708854 0.819907 0.716927 0.822685 0.721094 0.828241 0.724740 0.841204 0.728906 0.850926 0.729427 0.854167 0.728646 0.857870 0.726302 0.860648 0.721354 0.859259 0.713021 0.856019 0.709115 0.851852 0.707031 0.839352 0.702604 0.834259 0.702344
0 0.852778 0.697917 0.850926 0.699479 0.850463 0.701823 0.853241 0.705208 0.857870 0.708333 0.860185 0.711458 0.863426 0.712240 0.871759 0.712240 0.878241 0.710417 0.880556 0.709115 0.882407 0.704688 0.880556 0.701302 0.878704 0.700260 0.864815 0.695833
0 0.887500 0.693229 0.882870 0.697135 0.884722 0.701302 0.891667 0.705208 0.897222 0.705990 0.901852 0.705990 0.906019 0.705208 0.907407 0.702083 0.907407 0.696875 0.904167 0.692708 0.900463 0.691146 0.898148 0.691146 0.891667 0.692969
0 0.913889 0.654948 0.906019 0.654687 0.899074 0.658333 0.897222 0.660417 0.894444 0.666927 0.895370 0.670052 0.899537 0.676042 0.906944 0.676562 0.916204 0.673958 0.928704 0.666146 0.927778 0.661979 0.920370 0.656771
0 0.863889 0.625781 0.859259 0.628385 0.857407 0.630208 0.857407 0.631510 0.859259 0.634635 0.864352 0.639844 0.871759 0.642708 0.878704 0.640104 0.881481 0.635156 0.882407 0.630208 0.879167 0.626823
0 0.919907 0.632552 0.918981 0.633854 0.918981 0.639583 0.919907 0.640885 0.925926 0.644010 0.933333 0.645833 0.944444 0.646875 0.950926 0.646615 0.955093 0.645312 0.959259 0.642708 0.962037 0.639323 0.961574 0.638021 0.954630 0.632552 0.941204 0.629427 0.934722 0.628646 0.926852 0.628906
0 0.927778 0.650521 0.929630 0.654427 0.933796 0.656771 0.943056 0.656771 0.949074 0.655990 0.953241 0.654167 0.956481 0.650521 0.955093 0.648438 0.949074 0.646615 0.933333 0.646875 0.930093 0.647917