0 0.604406 0.940897 0.594828 0.944780 0.591954 0.949525 0.592912 0.955565 0.599617 0.959448 0.602490 0.962899 0.612069 0.965487 0.638889 0.965056 0.643678 0.963762 0.651341 0.959448 0.657088 0.951251 0.656130 0.946506 0.652299 0.941760 0.648467 0.939603 0.642720 0.938740 0.617816 0.938740
0 0.195402 0.253667 0.181992 0.258412 0.175287 0.263158 0.168582 0.270923 0.167625 0.277394 0.170498 0.279120 0.178161 0.279983 0.194444 0.285591 0.204981 0.285591 0.213602 0.282571 0.223180 0.275669 0.222222 0.259707 0.218391 0.255824 0.213602 0.253667
0 0.220307 0.277826 0.205939 0.286022 0.205939 0.295945 0.214559 0.298965 0.223180 0.299396 0.238506 0.301984 0.256705 0.301122 0.260536 0.299396 0.266284 0.293356 0.266284 0.286885 0.256705 0.279551 0.240421 0.275237 0.234674 0.275237
0 0.305556 0.286885 0.290230 0.286885 0.286398 0.289042 0.277778 0.290336 0.260536 0.298533 0.261494 0.306730 0.264368 0.309318 0.281609 0.315789 0.289272 0.315358 0.296935 0.312338 0.309387 0.310613 0.326628 0.302847 0.326628 0.297670 0.318966 0.291631
0 0.325670 0.255393 0.319923 0.262726 0.318966 0.268335 0.321839 0.272649 0.332375 0.277394 0.336207 0.277826 0.350575 0.275669 0.368774 0.276531 0.372605 0.275669 0.373563 0.265315 0.369732 0.260138 0.361111 0.254961 0.352490 0.251941 0.340996 0.251510
0 0.370690 0.278689 0.353448 0.279983 0.341954 0.279551 0.335249 0.280846 0.331418 0.283434 0.328544 0.289042 0.329502 0.299827 0.333333 0.303279 0.342912 0.306299 0.361111 0.307593 0.387931 0.300259 0.394636 0.290768 0.389847 0.286885
0 0.445402 0.267041 0.437739 0.266609 0.429119 0.267472 0.417625 0.271355 0.404215 0.278689 0.402299 0.283003 0.403257 0.291631 0.408046 0.293356 0.415709 0.298965 0.419540 0.299827 0.431034 0.299827 0.439655 0.297239 0.454981 0.295945 0.467433 0.289905 0.470307 0.281708 0.466475 0.273943 0.461686 0.270923
0 0.485632 0.258412 0.478927 0.263589 0.477011 0.267472 0.477011 0.273080 0.479885 0.276531 0.484674 0.277826 0.506705 0.277826 0.516284 0.279983 0.525862 0.278689 0.529693 0.273080 0.529693 0.265746 0.520115 0.258412 0.514368 0.255824 0.508621 0.254961 0.499042 0.255393
0 0.543103 0.255393 0.538314 0.259707 0.539272 0.267472 0.545977 0.271786 0.571839 0.273512 0.578544 0.272217 0.590038 0.267041 0.591954 0.258412 0.589080 0.255824 0.570881 0.253236 0.551724 0.253667
0 0.628352 0.249353 0.616858 0.249353 0.604406 0.250647 0.591954 0.255824 0.593870 0.267472 0.605364 0.277826 0.622605 0.278689 0.632184 0.275669 0.651341 0.264452 0.651341 0.259275 0.648467 0.255393 0.638889 0.251079
0 0.654215 0.265315 0.646552 0.267472 0.636015 0.275237 0.635057 0.281708 0.638889 0.287748 0.651533 0.298361 0.663793 0.296376 0.677203 0.295945 0.690613 0.291199 0.693487 0.287748 0.693487 0.272217 0.682950 0.266609
0 0.543103 0.274374 0.533525 0.278689 0.532567 0.294219 0.534483 0.298102 0.543103 0.303710 0.562261 0.305436 0.574713 0.302847 0.581418 0.299396 0.584291 0.295945 0.583333 0.286454 0.578544 0.280414 0.566092 0.275237 0.556513 0.273943
0 0.482759 0.279983 0.472222 0.286022 0.470307 0.290768 0.471264 0.296808 0.481801 0.300259 0.487548 0.304573 0.499042 0.308024 0.508621 0.308887 0.521073 0.303279 0.524904 0.299827 0.525862 0.289474 0.522989 0.283865 0.511494 0.279120 0.488506 0.279120
0 0.474138 0.298533 0.456897 0.297239 0.438697 0.298533 0.428161 0.302416 0.422414 0.311475 0.431034 0.321398 0.456897 0.324849 0.467433 0.322692 0.475096 0.319241 0.479885 0.311475 0.480843 0.302847
0 0.297893 0.313632 0.289272 0.317947 0.288314 0.327006 0.291188 0.333046 0.317050 0.336928 0.326628 0.336928 0.345785 0.330889 0.345785 0.324849 0.338123 0.318809 0.328544 0.314927 0.314176 0.311907
0 0.204023 0.299827 0.195402 0.303710 0.186782 0.314064 0.190613 0.318809 0.195402 0.322261 0.201149 0.323555 0.211686 0.324418 0.231801 0.323555 0.236590 0.318809 0.236590 0.313632 0.240421 0.311044 0.238506 0.306730 0.229885 0.301984 0.223180 0.300259 0.214559 0.299396
0 0.141762 0.280846 0.132184 0.286454 0.132184 0.291631 0.137931 0.298965 0.146552 0.303279 0.150383 0.307161 0.159962 0.311475 0.183908 0.311475 0.193487 0.303710 0.194444 0.298533 0.188697 0.289042 0.182950 0.283434 0.179119 0.281277 0.172414 0.279983 0.150383 0.279551
0 0.116858 0.299396 0.097701 0.305867 0.093870 0.311044 0.099617 0.319672 0.115900 0.324418 0.128352 0.324418 0.137931 0.322261 0.142720 0.318378 0.142720 0.314927 0.148467 0.310181 0.145594 0.305867 0.135057 0.299396
0 0.082375 0.324849 0.078544 0.328732 0.078544 0.334771 0.085249 0.345988 0.092912 0.350733 0.103448 0.352890 0.115900 0.352890 0.137931 0.346851 0.139847 0.344262 0.138889 0.337360 0.122605 0.328300 0.099617 0.324418
0 0.177203 0.313632 0.172414 0.312770 0.161877 0.313201 0.145594 0.317947 0.141762 0.321398 0.141762 0.330457 0.151341 0.336497 0.166667 0.334340 0.188697 0.333477 0.193487 0.331320 0.196360 0.325712 0.187739 0.318809
0 0.159004 0.336497 0.141762 0.343831 0.136973 0.351596 0.138889 0.355479 0.147510 0.358499 0.162835 0.359362 0.171456 0.361519 0.183908 0.362813 0.195402 0.362381 0.204023 0.360224 0.211686 0.354185 0.211686 0.348576 0.204981 0.339517 0.194444 0.335634 0.179119 0.333909
0 0.242337 0.335634 0.222222 0.337791 0.216475 0.341674 0.213602 0.349439 0.216475 0.361519 0.229885 0.364970 0.239464 0.364538 0.250000 0.361519 0.261494 0.356342 0.265326 0.352028 0.265326 0.341242 0.256705 0.337791
0 0.334291 0.352890 0.318966 0.361087 0.316092 0.368852 0.319923 0.376618 0.325670 0.378775 0.342912 0.382226 0.353448 0.382226 0.363985 0.377481 0.375479 0.369715 0.374521 0.364538 0.365900 0.358499 0.344828 0.353322
0 0.266284 0.358930 0.254789 0.363244 0.250000 0.368421 0.248084 0.373598 0.250958 0.377481 0.257663 0.382226 0.272989 0.386540 0.292146 0.387403 0.300766 0.384383 0.312261 0.377481 0.314176 0.368852 0.301724 0.362381 0.295977 0.361087 0.283525 0.360224 0.275862 0.358499
0 0.194444 0.369715 0.192529 0.379206 0.194444 0.381795 0.208812 0.383952 0.217433 0.386109 0.224138 0.386109 0.247126 0.380932 0.249042 0.376618 0.243295 0.371441 0.226054 0.364970 0.213602 0.363676 0.203065 0.364107
0 0.078544 0.380932 0.076628 0.389560 0.079502 0.396462 0.089080 0.401208 0.098659 0.404228 0.126437 0.405953 0.141762 0.400777 0.146552 0.397325 0.148467 0.391717 0.134100 0.382657 0.120690 0.379206 0.103448 0.376618 0.090996 0.376618
0 0.194444 0.383952 0.188697 0.384814 0.168582 0.391717 0.162835 0.396031 0.159962 0.400777 0.161877 0.404228 0.182950 0.412425 0.197318 0.413719 0.211686 0.411993 0.216475 0.403796 0.211686 0.398188 0.211686 0.387834 0.206897 0.385246
0 0.236590 0.384383 0.216475 0.392580 0.212644 0.396894 0.225096 0.404228 0.236590 0.406816 0.250958 0.408542 0.255747 0.410267 0.262452 0.409836 0.274904 0.406385 0.279693 0.402934 0.280651 0.392580 0.274904 0.388697 0.258621 0.384383
0 0.343870 0.384383 0.325670 0.380932 0.308429 0.383520 0.293103 0.388697 0.282567 0.396031 0.288314 0.404228 0.295019 0.405953 0.298851 0.408542 0.301724 0.408542 0.318008 0.405091 0.342912 0.404659 0.352490 0.402502 0.354406 0.400777 0.352490 0.391717
0 0.391762 0.363244 0.390805 0.369284 0.404215 0.374892 0.413793 0.376618 0.417625 0.379206 0.439655 0.381795 0.447318 0.381363 0.453065 0.378775 0.458812 0.368852 0.454981 0.364970 0.449234 0.362813 0.431992 0.359793 0.411877 0.358067 0.399425 0.360224
0 0.459770 0.337791 0.453065 0.341242 0.450192 0.348576 0.450192 0.354185 0.454981 0.361519 0.470307 0.365401 0.502874 0.364538 0.505747 0.363676 0.512452 0.356773 0.512452 0.352459 0.509579 0.346851 0.502874 0.342105 0.491379 0.336066 0.485632 0.335203 0.464559 0.336497
0 0.542146 0.331752 0.519157 0.332614 0.509579 0.336066 0.507663 0.342968 0.513410 0.349008 0.515326 0.355047 0.518199 0.356773 0.531609 0.358067 0.544061 0.356773 0.562261 0.343831 0.563218 0.340380 0.561303 0.337791 0.553640 0.333909
0 0.580460 0.310181 0.575670 0.312338 0.572797 0.316221 0.572797 0.324418 0.575670 0.328300 0.582375 0.330889 0.597701 0.333909 0.613985 0.335634 0.636015 0.327437 0.638889 0.323555 0.638889 0.319241 0.630268 0.312338 0.613985 0.308456 0.593870 0.308024
0 0.615900 0.335203 0.613985 0.336928 0.613985 0.342537 0.620690 0.346851 0.630268 0.350733 0.664751 0.347714 0.669540 0.345557 0.669540 0.337360 0.663793 0.333909 0.652299 0.330026 0.639847 0.329163 0.629310 0.330026
0 0.586207 0.334771 0.578544 0.335634 0.567050 0.341242 0.568008 0.353753 0.575670 0.358930 0.578544 0.362813 0.586207 0.362813 0.595785 0.364970 0.616858 0.357636 0.618774 0.352459 0.615900 0.345557 0.610153 0.340811 0.609195 0.337791 0.596743 0.334771
0 0.626437 0.354616 0.624521 0.356773 0.624521 0.365401 0.638889 0.374892 0.664751 0.371441 0.669540 0.369715 0.677203 0.361087 0.664751 0.353322 0.651341 0.352028 0.636973 0.352028
0 0.626437 0.368421 0.613027 0.366264 0.601533 0.366695 0.592912 0.367990 0.586207 0.371009 0.582375 0.374029 0.579502 0.380069 0.579502 0.384814 0.584291 0.388697 0.606322 0.391286 0.632184 0.384383 0.636015 0.376186 0.629310 0.372304
0 0.553640 0.363244 0.534483 0.364970 0.524904 0.367990 0.521073 0.372304 0.521073 0.380500 0.523946 0.384814 0.538314 0.387834 0.543103 0.390423 0.555556 0.390423 0.567050 0.389129 0.572797 0.384383 0.573755 0.376186 0.571839 0.372735 0.562261 0.365401
0 0.480843 0.366695 0.473180 0.367990 0.464559 0.373167 0.459770 0.380500 0.460728 0.385246 0.464559 0.387834 0.474138 0.390854 0.480843 0.391717 0.489464 0.395600 0.493295 0.395600 0.500000 0.393874 0.512452 0.388266 0.520115 0.380932 0.519157 0.376618 0.507663 0.367990 0.492337 0.366264
0 0.446360 0.386972 0.435824 0.389991 0.430077 0.396462 0.429119 0.401639 0.434866 0.411993 0.438697 0.413719 0.447318 0.415013 0.455939 0.415013 0.472222 0.411993 0.484674 0.408110 0.488506 0.402071 0.488506 0.397325 0.469349 0.389129
0 0.382184 0.399914 0.375479 0.403796 0.375479 0.412856 0.378352 0.414150 0.388889 0.415444 0.413793 0.426230 0.431034 0.418464 0.432950 0.416307 0.433908 0.410699 0.431034 0.403796 0.421456 0.399914 0.405172 0.397325 0.395594 0.397757
0 0.379310 0.414150 0.357280 0.419758 0.347701 0.427524 0.346743 0.432269 0.360153 0.445211 0.367816 0.447800 0.379310 0.447800 0.398467 0.443054 0.406130 0.439603 0.408046 0.436152 0.408046 0.425798 0.406130 0.422778 0.401341 0.420621 0.389847 0.418464
0 0.345785 0.407679 0.335249 0.405953 0.324713 0.405522 0.306513 0.408973 0.299808 0.415444 0.298851 0.420190 0.302682 0.428387 0.308429 0.432701 0.318008 0.431406 0.324713 0.429249 0.338123 0.428818 0.348659 0.424935 0.353448 0.420621 0.350575 0.411130
0 0.283525 0.409405 0.273946 0.409405 0.264368 0.411562 0.260536 0.416739 0.255747 0.418896 0.248084 0.430975 0.248084 0.436152 0.255747 0.440035 0.263410 0.439172 0.283525 0.439603 0.293103 0.433132 0.296935 0.424504 0.295019 0.415876
0 0.241379 0.408542 0.229885 0.409405 0.226054 0.414582 0.227011 0.426230 0.229885 0.430112 0.238506 0.434426 0.246169 0.432269 0.250958 0.424072 0.253831 0.423210 0.258621 0.417170 0.258621 0.412425 0.249042 0.408973
0 0.186782 0.423641 0.175287 0.427524 0.170498 0.436152 0.169540 0.444349 0.174330 0.447368 0.184866 0.449525 0.206897 0.451251 0.214559 0.449525 0.228927 0.440035 0.228927 0.437446 0.222222 0.431406 0.214559 0.430544 0.204981 0.424504
0 0.142720 0.402502 0.131226 0.405953 0.127395 0.412425 0.132184 0.423641 0.137931 0.427955 0.161877 0.430975 0.175287 0.426230 0.181034 0.421915 0.180077 0.413719 0.160920 0.405091
0 0.081418 0.407679 0.072797 0.411993 0.071839 0.420621 0.073755 0.424072 0.080460 0.427955 0.093870 0.429681 0.099617 0.432269 0.109195 0.433132 0.120690 0.428818 0.125479 0.424935 0.128352 0.416739 0.126437 0.411562 0.119732 0.408110 0.111111 0.406385 0.090996 0.406385
0 0.105364 0.434858 0.092912 0.430544 0.085249 0.429249 0.073755 0.430544 0.065134 0.434858 0.063218 0.440035 0.063218 0.447800 0.065134 0.449957 0.073755 0.448231 0.084291 0.449094 0.100575 0.446074 0.104406 0.443486
0 0.144636 0.430544 0.123563 0.431406 0.113985 0.435289 0.112069 0.438309 0.113985 0.447368 0.116858 0.450820 0.121648 0.452545 0.135057 0.453408 0.148467 0.447800 0.162835 0.443486 0.162835 0.435289 0.151341 0.431406
0 0.157088 0.446074 0.150383 0.446937 0.141762 0.450388 0.137931 0.453408 0.135057 0.459448 0.142720 0.471096 0.162835 0.473684 0.170498 0.472390 0.180077 0.463330 0.181034 0.455997 0.179119 0.452545 0.170498 0.446937
0 0.090996 0.449525 0.085249 0.453408 0.082375 0.457722 0.083333 0.467213 0.090038 0.472821 0.098659 0.474978 0.117816 0.476273 0.136973 0.471096 0.138889 0.468076 0.137931 0.465056 0.118774 0.453408 0.100575 0.448663
0 0.081418 0.478430 0.084291 0.477179 0.078640 0.478473 0.074808 0.481363 0.073755 0.482312 0.070881 0.486195 0.069923 0.490509 0.073755 0.498706 0.077586 0.502157 0.082375 0.503883 0.101533 0.503883 0.108238 0.502588 0.114943 0.499137 0.126437 0.496117 0.130268 0.490509 0.126437 0.483175 0.117816 0.479292 0.117241 0.480069 0.113697 0.476575 0.106992 0.477049 0.097414 0.475022 0.089559 0.474892
0 0.199234 0.453840 0.186782 0.461173 0.183908 0.469802 0.184866 0.474978 0.199234 0.480155 0.231801 0.477998 0.236590 0.476273 0.243295 0.471096 0.241379 0.466782 0.215517 0.453408 0.203065 0.452977
0 0.235632 0.441329 0.225096 0.446074 0.221264 0.446506 0.218391 0.451251 0.228927 0.459879 0.247126 0.466350 0.256705 0.466782 0.259579 0.465919 0.264368 0.459879 0.262452 0.450820 0.256705 0.446074 0.248084 0.441760
0 0.289272 0.440466 0.277778 0.443054 0.274904 0.445643 0.275862 0.460742 0.278736 0.463330 0.299808 0.465056 0.310345 0.461605 0.312261 0.459879 0.312261 0.454702 0.300766 0.440466
0 0.324713 0.430975 0.309387 0.435289 0.308429 0.441329 0.311303 0.449525 0.315134 0.455134 0.322797 0.459016 0.333333 0.460742 0.343870 0.460742 0.347701 0.459016 0.350575 0.454271 0.355364 0.451251 0.353448 0.442623 0.346743 0.435289 0.336207 0.430975
0 0.362069 0.450820 0.351533 0.456428 0.346743 0.462036 0.349617 0.471527 0.362069 0.474978 0.378352 0.475841 0.395594 0.474978 0.396552 0.466350 0.393678 0.465056 0.381226 0.450820 0.373563 0.449957
0 0.386015 0.446937 0.386973 0.455134 0.394636 0.460311 0.406130 0.460742 0.415709 0.459448 0.431034 0.459016 0.432950 0.453408 0.429119 0.446937 0.406130 0.443054 0.401341 0.443486 0.392720 0.446506
0 0.467433 0.421915 0.464559 0.421915 0.456897 0.426230 0.448276 0.428818 0.437739 0.434858 0.433908 0.442623 0.434866 0.445211 0.432950 0.443184 0.434004 0.443745 0.432950 0.446462 0.433046 0.448576 0.432375 0.449439 0.433908 0.449957 0.434866 0.451381 0.435632 0.453192 0.437644 0.455004 0.440230 0.456385 0.443774 0.457420 0.453640 0.458067 0.475096 0.456903 0.488506 0.451682 0.491379 0.447368 0.492337 0.441760 0.489464 0.434426 0.474138 0.424072
0 0.527778 0.422347 0.519157 0.422778 0.509579 0.425367 0.498084 0.432701 0.495211 0.437446 0.496169 0.443917 0.498084 0.446074 0.503831 0.447800 0.517241 0.449525 0.526820 0.449094 0.545977 0.444780 0.550766 0.441760 0.552682 0.434426 0.549808 0.430975 0.538314 0.424504
0 0.560345 0.410699 0.549808 0.413287 0.543103 0.416307 0.541188 0.424504 0.551724 0.432701 0.559387 0.434426 0.569923 0.434426 0.594828 0.424072 0.592912 0.419758 0.592529 0.416264 0.580460 0.411993 0.572797 0.410699
0 0.559387 0.392148 0.552682 0.399914 0.553640 0.404228 0.560345 0.409405 0.584291 0.411562 0.594828 0.415444 0.601533 0.414582 0.614943 0.404659 0.615900 0.400345 0.611111 0.394737 0.602490 0.392148 0.580460 0.389129 0.569923 0.389560
0 0.617816 0.403796 0.609195 0.408542 0.605364 0.413287 0.604406 0.424072 0.608238 0.426661 0.613027 0.428387 0.621648 0.429249 0.637931 0.426661 0.651341 0.427092 0.658046 0.426230 0.661877 0.423641 0.663793 0.417601 0.662835 0.414150 0.653257 0.406385 0.639847 0.401208 0.628352 0.401208
0 0.665709 0.372304 0.655172 0.372735 0.641762 0.376618 0.633142 0.393874 0.635057 0.399914 0.656130 0.404659 0.665709 0.402934 0.681034 0.394737 0.687739 0.389560 0.682950 0.380500 0.675287 0.375324
0 0.675287 0.256255 0.673372 0.258412 0.674330 0.261864 0.699234 0.273080 0.707854 0.273080 0.717433 0.270492 0.736590 0.273512 0.741379 0.271786 0.748084 0.264021 0.748084 0.258412 0.745211 0.254098 0.739464 0.251510 0.708812 0.249784 0.699234 0.250216 0.686782 0.251941
0 0.899425 0.237705 0.890805 0.241156 0.885057 0.247627 0.886015 0.250647 0.904215 0.261001 0.919540 0.262726 0.938697 0.255824 0.943487 0.251941 0.944444 0.245902 0.938697 0.242019 0.926245 0.237705 0.918582 0.236842
0 0.994253 0.248059 0.990421 0.249784 0.977969 0.251941 0.973180 0.254098 0.970307 0.257550 0.970307 0.261001 0.976054 0.264021 0.995211 0.269629 1.000000 0.269629 1.000000 0.248059
0 0.977011 0.266178 0.971264 0.269198 0.969349 0.275237 0.961686 0.282140 0.957567 0.288438 0.961782 0.294392 0.965038 0.297412 0.974138 0.295082 0.978927 0.296808 0.987548 0.295082 0.996169 0.291631 1.000000 0.291631 1.000000 0.270923 0.996169 0.270923 0.989464 0.268335
0 1.000000 0.292925 0.995211 0.292925 0.979885 0.298102 0.976054 0.304573 0.976054 0.308887 0.978927 0.311044 1.000000 0.312338
0 0.942529 0.282571 0.931992 0.282140 0.924330 0.283003 0.915709 0.286022 0.902299 0.294219 0.901341 0.298965 0.903257 0.301984 0.917625 0.311475 0.925287 0.311044 0.943487 0.307593 0.953065 0.301122 0.952107 0.286885
0 0.882184 0.270492 0.863027 0.275237 0.856322 0.280846 0.854406 0.287317 0.858238 0.290768 0.873563 0.296376 0.893678 0.296808 0.904215 0.291199 0.907088 0.287317 0.907088 0.282571 0.909962 0.280414 0.909962 0.275237 0.893678 0.271355
0 0.840038 0.272217 0.812261 0.275237 0.800766 0.279983 0.798851 0.284297 0.800766 0.292925 0.807471 0.296808 0.815134 0.298965 0.839080 0.300259 0.848659 0.292062 0.847701 0.285591 0.851533 0.282571 0.852490 0.279120 0.846743 0.274806
0 0.767241 0.264021 0.759579 0.264884 0.753831 0.267041 0.748084 0.271355 0.746169 0.276100 0.751916 0.284728 0.760536 0.290768 0.769157 0.292925 0.778736 0.292494 0.789272 0.289474 0.797893 0.283865 0.798851 0.272217 0.790230 0.266178 0.778736 0.264021
0 0.716475 0.271355 0.697318 0.279120 0.695402 0.293356 0.696360 0.295082 0.705939 0.299396 0.713602 0.300690 0.721264 0.300690 0.737548 0.298965 0.747126 0.295513 0.747126 0.281277 0.745211 0.278257 0.738506 0.274806 0.725096 0.273512 0.719349 0.271355
0 0.751916 0.294219 0.734674 0.305867 0.734674 0.307161 0.743295 0.311044 0.748084 0.316221 0.758621 0.317947 0.781609 0.317515 0.787356 0.318378 0.792146 0.317515 0.799808 0.314064 0.803640 0.308887 0.804598 0.300690 0.801724 0.296808 0.788314 0.293788
0 0.699234 0.306730 0.681992 0.314927 0.679119 0.317515 0.681034 0.321829 0.690613 0.328300 0.700192 0.330457 0.723180 0.332614 0.734674 0.332183 0.744253 0.325712 0.746169 0.313632 0.744253 0.311475 0.738506 0.310181 0.731801 0.306299 0.715517 0.305004
0 0.769157 0.317084 0.757663 0.318378 0.748084 0.320966 0.743295 0.327006 0.742337 0.334340 0.748084 0.339517 0.771073 0.342105 0.794061 0.338223 0.797893 0.335203 0.797893 0.332614 0.791188 0.321398 0.780651 0.317515
0 0.809387 0.312338 0.800766 0.314495 0.797893 0.317947 0.800766 0.330889 0.812261 0.335203 0.821839 0.335203 0.831418 0.333046 0.850575 0.325712 0.853448 0.321829 0.850575 0.318378 0.837165 0.312770
0 0.877395 0.298533 0.863027 0.300259 0.847701 0.306730 0.842912 0.310181 0.842912 0.314495 0.852490 0.319241 0.855364 0.321829 0.856322 0.326575 0.875479 0.327437 0.883142 0.329163 0.894636 0.326575 0.905172 0.322261 0.910920 0.318378 0.910920 0.311907 0.900383 0.302416 0.891762 0.299827
0 0.936782 0.323555 0.929119 0.321398 0.910920 0.321398 0.895594 0.327437 0.889847 0.333909 0.889847 0.338223 0.897510 0.341674 0.899425 0.343831 0.916667 0.341242 0.934866 0.341242 0.940613 0.336928 0.948276 0.334340 0.946360 0.329594
0 1.000000 0.312338 0.977969 0.311907 0.969349 0.314064 0.953065 0.316221 0.948276 0.317947 0.944444 0.322261 0.945402 0.325712 0.952107 0.331752 0.957854 0.334340 0.971264 0.336497 0.979885 0.335203 0.995211 0.329594 1.000000 0.329594
0 0.994253 0.330457 0.987548 0.332183 0.980843 0.335634 0.978927 0.341674 0.983716 0.344262 0.991379 0.352028 0.995211 0.353753 1.000000 0.353753 1.000000 0.330457
0 0.942529 0.337360 0.936782 0.341674 0.936782 0.350302 0.940613 0.358067 0.946360 0.361519 0.960728 0.362813 0.976054 0.358067 0.979885 0.354616 0.987548 0.353753 0.988506 0.349439 0.976054 0.340811 0.965517 0.337791 0.954023 0.336497
0 0.916667 0.341242 0.905172 0.343399 0.895594 0.347714 0.888889 0.354185 0.886973 0.361950 0.909004 0.371872 0.915709 0.373598 0.927203 0.374461 0.936782 0.370578 0.941571 0.365833 0.942529 0.361087 0.931992 0.343399
0 0.853448 0.327437 0.839080 0.330457 0.832375 0.333477 0.829502 0.338223 0.832375 0.342105 0.842912 0.349439 0.849617 0.358499 0.854406 0.360224 0.865900 0.360656 0.874521 0.359362 0.885057 0.352459 0.889847 0.346419 0.887931 0.337791 0.876437 0.329594 0.866858 0.327437
0 0.803640 0.338223 0.788314 0.349008 0.788314 0.352028 0.795977 0.364107 0.799808 0.367558 0.803640 0.369284 0.823755 0.367127 0.833333 0.364107 0.840038 0.363676 0.843870 0.361519 0.843870 0.359793 0.840038 0.357204 0.840038 0.350733 0.834291 0.342537 0.830460 0.340811
0 0.779693 0.345125 0.772989 0.342968 0.761494 0.341674 0.751916 0.341674 0.743295 0.342968 0.730843 0.350302 0.730843 0.358499 0.733716 0.361087 0.743295 0.358930 0.751916 0.355047 0.781609 0.352028 0.784483 0.349439
0 0.717433 0.333477 0.710728 0.332614 0.690613 0.333477 0.675287 0.341674 0.670498 0.349439 0.672414 0.352890 0.687739 0.357636 0.706897 0.355910 0.717433 0.356342 0.727011 0.353753 0.729885 0.350733 0.730843 0.345557 0.727969 0.343831 0.726054 0.339517
0 0.782567 0.352459 0.776820 0.352028 0.751916 0.354616 0.738506 0.361519 0.734674 0.367127 0.734674 0.374029 0.738506 0.377912 0.750958 0.381363 0.777778 0.382657 0.790230 0.377049 0.795019 0.369715 0.794061 0.363676 0.787356 0.354616
0 0.884100 0.364538 0.864943 0.364970 0.856322 0.367990 0.852490 0.372304 0.856322 0.389129 0.862069 0.394737 0.872605 0.397325 0.900383 0.393874 0.910920 0.389560 0.911877 0.383952 0.909004 0.375755 0.901341 0.369715 0.891762 0.365401
0 0.946360 0.373167 0.931992 0.375755 0.923372 0.378775 0.915709 0.384814 0.914751 0.389560 0.933908 0.397757 0.942529 0.399482 0.952107 0.399914 0.975096 0.392148 0.979885 0.388697 0.980843 0.384383 0.974138 0.379206 0.964559 0.375324 0.954023 0.373167
0 0.977011 0.394305 0.969349 0.396031 0.958812 0.400345 0.954023 0.404659 0.952107 0.411993 0.958812 0.417601 0.977011 0.422778 0.983716 0.426230 0.988506 0.426661 0.996169 0.424504 1.000000 0.424504 1.000000 0.396894
0 0.885057 0.397757 0.881226 0.399914 0.881226 0.414582 0.886973 0.418033 0.909004 0.424072 0.918582 0.424072 0.926245 0.422778 0.939655 0.417170 0.945402 0.412856 0.945402 0.407248 0.939655 0.402071 0.926245 0.396031 0.918582 0.394305 0.906130 0.394305
0 0.838123 0.397325 0.827586 0.403796 0.826628 0.408542 0.829502 0.411130 0.856322 0.418896 0.874521 0.415876 0.879310 0.413287 0.882184 0.404228 0.879310 0.399914 0.858238 0.395600 0.845785 0.395600
0 0.829502 0.368421 0.818008 0.368852 0.801724 0.372735 0.785441 0.380932 0.782567 0.384383 0.784483 0.390854 0.798851 0.397325 0.811303 0.399051 0.831418 0.398188 0.836207 0.397325 0.847701 0.392580 0.851533 0.389560 0.852490 0.382226 0.848659 0.375755 0.842912 0.372304
0 0.688697 0.358499 0.681992 0.360656 0.673372 0.368421 0.672414 0.373167 0.691571 0.387403 0.704023 0.389129 0.717433 0.389129 0.727011 0.384814 0.733716 0.378775 0.734674 0.376618 0.730843 0.365833 0.722222 0.359362 0.716475 0.357636 0.702107 0.357204
0 0.734674 0.382226 0.728927 0.384814 0.725096 0.389129 0.723180 0.396894 0.726054 0.405522 0.729885 0.407679 0.743295 0.408973 0.753831 0.411993 0.761494 0.412856 0.771073 0.408973 0.783525 0.396894 0.782567 0.392580 0.773946 0.384814 0.766284 0.382226
0 0.961686 0.419327 0.934866 0.421484 0.929119 0.424935 0.925287 0.430112 0.926245 0.436152 0.931034 0.440466 0.952107 0.449957 0.961686 0.449525 0.971264 0.445211 0.978927 0.437015 0.977969 0.424504
0 0.901341 0.423210 0.892720 0.421053 0.884100 0.421053 0.863985 0.424935 0.855364 0.430975 0.853448 0.438309 0.855364 0.443054 0.870690 0.446074 0.884100 0.446074 0.908046 0.443054 0.909962 0.441760 0.910920 0.432701 0.909004 0.428387
0 0.840996 0.416739 0.830460 0.417601 0.820881 0.421053 0.812261 0.426661 0.810345 0.430544 0.812261 0.437015 0.821839 0.442623 0.840038 0.443054 0.850575 0.437446 0.855364 0.429249 0.855364 0.423641 0.848659 0.418464
0 0.760536 0.424935 0.755747 0.427092 0.753831 0.433995 0.758621 0.445643 0.762452 0.447368 0.777778 0.449957 0.787356 0.450820 0.796935 0.449525 0.801724 0.447800 0.805556 0.440897 0.804598 0.430975 0.800766 0.427092 0.787356 0.424072
0 0.730843 0.408542 0.722222 0.410267 0.711686 0.415013 0.709770 0.420621 0.726054 0.433563 0.745211 0.433563 0.749042 0.431838 0.751916 0.426230 0.761494 0.421915 0.760536 0.415876 0.757663 0.413287 0.748084 0.409836 0.739464 0.408542
0 0.700192 0.418464 0.680077 0.418896 0.676245 0.419758 0.668582 0.425798 0.665709 0.430544 0.665709 0.436152 0.672414 0.443054 0.689655 0.446074 0.700192 0.445643 0.715517 0.439172 0.721264 0.433563 0.719349 0.427955 0.714559 0.423641 0.705939 0.419327
0 0.642720 0.427524 0.636015 0.427524 0.620690 0.430544 0.611111 0.438740 0.613027 0.447800 0.618774 0.450820 0.628352 0.452545 0.640805 0.452545 0.659962 0.443917 0.662835 0.440897 0.662835 0.435289 0.659962 0.432701
0 0.577586 0.434426 0.564176 0.439172 0.562261 0.447368 0.580460 0.453408 0.591954 0.459448 0.604406 0.462468 0.612069 0.453408 0.610153 0.446937 0.606322 0.443486 0.607280 0.438740 0.602490 0.435289 0.595785 0.433995
0 0.540230 0.446506 0.535441 0.447368 0.529693 0.451251 0.528736 0.455565 0.532567 0.465487 0.543103 0.470233 0.549808 0.471527 0.556513 0.471527 0.561303 0.470233 0.562261 0.468507 0.568008 0.465919 0.578544 0.462899 0.581418 0.459448 0.581418 0.455134 0.573755 0.451251 0.565134 0.449525 0.560345 0.447368
0 0.605364 0.465056 0.585249 0.462468 0.571839 0.465487 0.561303 0.470233 0.559387 0.474116 0.560345 0.482744 0.568008 0.487058 0.576628 0.488352 0.599617 0.487058 0.613027 0.483175 0.621648 0.478861 0.622605 0.474547
0 0.475096 0.459016 0.473180 0.463762 0.477969 0.465919 0.484674 0.471959 0.500958 0.473684 0.508621 0.475841 0.517241 0.475841 0.526820 0.471096 0.529693 0.466782 0.529693 0.460742 0.527778 0.456859 0.522031 0.452545 0.506705 0.451251 0.491379 0.455565 0.482759 0.455997
0 0.470307 0.474978 0.464559 0.477135 0.464559 0.484901 0.472222 0.494392 0.500000 0.497412 0.511494 0.490940 0.515326 0.486626 0.513410 0.484038 0.513985 0.480716 0.509579 0.478430 0.502874 0.477567 0.500000 0.474547 0.483716 0.472821
0 0.404215 0.465487 0.401341 0.476273 0.403257 0.480155 0.408046 0.483175 0.440613 0.487058 0.454023 0.482744 0.459770 0.474978 0.456897 0.471527 0.459770 0.469370 0.459770 0.466350 0.456897 0.464193 0.448276 0.462036 0.436782 0.461605 0.416667 0.462899 0.408046 0.465487
0 0.655172 0.463762 0.651341 0.465056 0.640805 0.474116 0.637931 0.481450 0.638889 0.487489 0.643678 0.490078 0.654215 0.491803 0.682950 0.490940 0.693487 0.487058 0.693487 0.477998 0.685824 0.469802 0.679119 0.467213
0 0.725096 0.459448 0.704023 0.464193 0.697318 0.470664 0.697318 0.474978 0.703065 0.478861 0.712644 0.482744 0.732759 0.486626 0.737548 0.486626 0.745211 0.484901 0.753831 0.477567 0.756705 0.468939 0.752874 0.465487 0.745211 0.462468
0 0.730843 0.434426 0.724138 0.435289 0.702395 0.446204 0.704981 0.451682 0.708812 0.455134 0.726054 0.458585 0.746264 0.459922 0.750000 0.451251 0.752874 0.447368 0.752874 0.441760 0.750000 0.439172 0.750000 0.435289
0 0.774904 0.454702 0.767241 0.459448 0.758238 0.464970 0.767241 0.472821 0.774904 0.475410 0.791188 0.476704 0.803640 0.478861 0.806513 0.478430 0.814176 0.474547 0.817050 0.467645 0.816092 0.462468 0.812261 0.459016 0.795977 0.453840
0 0.857280 0.447368 0.849617 0.446074 0.836207 0.446074 0.830460 0.446937 0.828544 0.449094 0.819923 0.451682 0.817050 0.454702 0.816092 0.459879 0.821839 0.466782 0.826628 0.468076 0.829502 0.471096 0.834291 0.470664 0.839080 0.468507 0.849617 0.468939 0.857280 0.465487 0.866858 0.464625 0.872605 0.462899 0.873563 0.457722 0.869732 0.452977
0 0.929119 0.443486 0.921456 0.443054 0.890805 0.446937 0.878352 0.450820 0.873563 0.455565 0.879310 0.462036 0.890805 0.468076 0.904215 0.468076 0.925287 0.466782 0.934866 0.463330 0.943487 0.454702 0.938697 0.450820 0.938697 0.447368
0 0.987548 0.455997 0.974330 0.449827 0.961686 0.450820 0.956897 0.451251 0.942529 0.457291 0.937739 0.462468 0.942529 0.471096 0.951149 0.474116 0.977969 0.472390 0.987548 0.467213 0.990421 0.463330 0.990421 0.458585
0 0.995211 0.433132 0.986590 0.435289 0.977969 0.439603 0.974138 0.443486 0.973180 0.447800 0.989464 0.452977 0.995211 0.455997 1.000000 0.455997 1.000000 0.433132
0 0.995211 0.431838 0.983716 0.435289 0.977011 0.438740 0.974138 0.442192 0.973180 0.447800 0.986590 0.452114 0.993295 0.455565 0.994253 0.459448 0.988506 0.466350 0.987548 0.471096 0.994253 0.475841 1.000000 0.475841 1.000000 0.431838
0 0.995211 0.477998 0.985632 0.482312 0.981801 0.486626 0.981801 0.498274 0.989464 0.502157 1.000000 0.503451 1.000000 0.477998
0 0.960728 0.474547 0.942529 0.477567 0.933908 0.481018 0.928161 0.491372 0.933908 0.497843 0.943487 0.501726 0.959770 0.503451 0.969349 0.503451 0.981801 0.495255 0.982759 0.485332 0.977969 0.478430 0.971264 0.475841
0 0.889847 0.470233 0.880268 0.472821 0.875479 0.477567 0.882184 0.488783 0.891762 0.493529 0.899425 0.495255 0.909004 0.495255 0.918582 0.493097 0.928161 0.487489 0.929119 0.481881 0.925287 0.479292 0.923372 0.474116 0.918582 0.470233 0.901341 0.469370
0 0.828544 0.471959 0.819923 0.474547 0.812261 0.478861 0.810345 0.481450 0.809387 0.487489 0.812261 0.497412 0.818966 0.499137 0.840996 0.498706 0.857280 0.500000 0.863027 0.498706 0.870690 0.495686 0.874521 0.490509 0.871648 0.477998 0.867816 0.474547 0.849617 0.471527
0 0.762452 0.478861 0.753831 0.482312 0.750958 0.484901 0.750000 0.495686 0.751916 0.497843 0.762452 0.502157 0.772989 0.502157 0.782567 0.503020 0.786398 0.504314 0.795977 0.504314 0.807471 0.498274 0.807471 0.491372 0.804598 0.485332 0.797893 0.481450 0.787356 0.477998 0.770115 0.477567
0 0.638889 0.490940 0.629310 0.493529 0.624521 0.497412 0.618774 0.505608 0.616858 0.514236 0.621648 0.518550 0.630268 0.518982 0.640805 0.521139 0.649425 0.521139 0.671456 0.512511 0.676245 0.506471 0.675287 0.501726 0.671456 0.498274 0.659962 0.493529 0.649425 0.490940
0 0.681034 0.505177 0.680077 0.510785 0.689655 0.515531 0.697318 0.516393 0.704981 0.518982 0.717433 0.520708 0.734674 0.520708 0.744253 0.517688 0.747126 0.505177 0.744253 0.500000 0.736590 0.497843 0.706897 0.497843 0.689655 0.500000
0 0.760536 0.502157 0.754789 0.505177 0.750958 0.509491 0.748084 0.515531 0.749042 0.525884 0.751916 0.529336 0.759579 0.531061 0.770115 0.537101 0.771073 0.535375 0.787356 0.527610 0.792146 0.518550 0.792146 0.509491 0.787356 0.505177 0.771073 0.502157
0 0.847701 0.500863 0.819923 0.500863 0.800766 0.505608 0.797893 0.508197 0.798851 0.522002 0.805556 0.525884 0.822797 0.527610 0.851533 0.523296 0.857280 0.521570 0.862069 0.517688 0.861111 0.510354 0.856322 0.504314
0 0.878352 0.505177 0.867816 0.509060 0.863985 0.515531 0.863985 0.519845 0.868774 0.527179 0.881226 0.530630 0.910920 0.529767 0.916667 0.528473 0.924330 0.521570 0.926245 0.513374 0.919540 0.506040 0.915709 0.504745 0.900383 0.503883
0 0.939655 0.503883 0.935824 0.506471 0.934866 0.509707 0.928831 0.514107 0.927011 0.519154 0.929693 0.525065 0.933333 0.528300 0.944444 0.532312 0.959866 0.531148 0.969923 0.529034 0.987548 0.519845 0.989464 0.518119 0.988506 0.511648 0.980843 0.507765 0.969349 0.504745 0.955939 0.503451
0 0.999904 0.506126 0.989943 0.514107 0.999330 0.525712 1.000000 0.525453 1.000000 0.509060
0 1.000000 0.533218 0.993295 0.533218 0.976054 0.535807 0.965517 0.540552 0.964559 0.544866 0.968391 0.553063 0.976054 0.556946 0.985632 0.559534 1.000000 0.559103
0 0.953065 0.542278 0.945402 0.540984 0.930077 0.540984 0.915709 0.543572 0.907088 0.547023 0.902299 0.551769 0.902299 0.554357 0.909004 0.562554 0.916667 0.564711 0.928161 0.566005 0.944444 0.563417 0.958812 0.558671 0.961686 0.556946 0.964559 0.548749
0 0.916667 0.531924 0.898467 0.531061 0.886973 0.532787 0.880268 0.535375 0.876437 0.540552 0.876437 0.545298 0.879310 0.549180 0.889847 0.553063 0.900383 0.553494 0.905172 0.548318 0.912835 0.544003 0.931034 0.540984 0.929119 0.535807
0 0.856322 0.525884 0.839080 0.525884 0.829502 0.527610 0.820881 0.531493 0.815134 0.540552 0.816092 0.546160 0.820881 0.553494 0.832375 0.554357 0.846743 0.552200 0.857280 0.552200 0.867816 0.548749 0.872605 0.541846 0.872605 0.536670 0.863985 0.528904
0 0.776820 0.537101 0.766284 0.540552 0.760536 0.544866 0.756705 0.553063 0.759579 0.555651 0.772031 0.560828 0.777778 0.565142 0.787356 0.565574 0.815134 0.557377 0.817050 0.553926 0.814176 0.544003 0.803640 0.539258 0.788314 0.537101
0 0.847701 0.556083 0.843870 0.559103 0.843870 0.566005 0.847701 0.574633 0.859195 0.578516 0.874521 0.578947 0.882184 0.578085 0.898467 0.568594 0.902299 0.564711 0.898467 0.556946 0.883142 0.553063 0.863985 0.553063
0 0.952107 0.561260 0.944444 0.564280 0.939655 0.570319 0.939655 0.578085 0.942529 0.581967 0.947318 0.584124 0.979885 0.584987 0.991379 0.582399 0.996169 0.579379 1.000000 0.579379 1.000000 0.572908 0.995211 0.572476 0.985632 0.561260 0.973180 0.559965 0.960728 0.559965
0 0.906130 0.567299 0.899425 0.569456 0.891762 0.575065 0.892720 0.579379 0.899425 0.584124 0.918582 0.588870 0.927203 0.589301 0.937739 0.584124 0.937739 0.572908 0.927203 0.567299
0 0.939655 0.587575 0.930077 0.595341 0.933908 0.603106 0.959770 0.610440 0.978927 0.608714 0.989464 0.603106 0.993295 0.596635 0.992337 0.590595 0.979885 0.585850 0.967433 0.586281 0.955939 0.585418
0 0.995211 0.579810 0.994253 0.583693 0.992720 0.590984 0.995211 0.594909 1.000000 0.594909 1.000000 0.579810
0 0.855364 0.581967 0.850575 0.587575 0.850575 0.592752 0.853448 0.600086 0.856322 0.602243 0.863027 0.603538 0.874521 0.603106 0.902299 0.604832 0.907088 0.603969 0.916667 0.599655 0.915709 0.595341 0.906130 0.588438 0.891762 0.583261 0.885057 0.581967 0.872605 0.581967 0.867816 0.581104
0 0.839080 0.584556 0.832375 0.583693 0.820881 0.584556 0.809387 0.589733 0.803640 0.599655 0.807471 0.601812 0.807471 0.603538 0.812261 0.605263 0.821839 0.606989 0.842912 0.603969 0.850575 0.601812 0.852490 0.599223 0.846743 0.588007
0 0.832375 0.559965 0.822797 0.559103 0.812261 0.559534 0.805556 0.562123 0.795977 0.563848 0.791188 0.566868 0.790230 0.576359 0.798851 0.581536 0.811303 0.584556 0.833333 0.581104 0.841954 0.576790 0.842912 0.571182 0.840038 0.567731 0.840038 0.564280
0 0.788314 0.578516 0.769157 0.578085 0.760536 0.579379 0.749042 0.584556 0.743295 0.591027 0.743295 0.596204 0.751916 0.603969 0.756705 0.605695 0.768199 0.606989 0.788314 0.604400 0.795019 0.600518 0.798851 0.596204 0.798851 0.585850 0.795977 0.581967
0 0.739464 0.554789 0.732759 0.555651 0.724138 0.559534 0.717433 0.564711 0.716475 0.572908 0.720307 0.576359 0.733716 0.583261 0.747126 0.584124 0.756705 0.579810 0.772989 0.576359 0.776820 0.567731 0.771073 0.561691 0.760536 0.556946 0.752874 0.555220
0 0.672414 0.575065 0.667625 0.580673 0.666667 0.587144 0.675287 0.592321 0.684866 0.594478 0.690613 0.597066 0.700192 0.597929 0.708812 0.595341 0.725096 0.593615 0.729885 0.591890 0.731801 0.589733 0.731801 0.583261 0.720307 0.577222 0.701149 0.571182 0.683908 0.571182
0 0.672414 0.543141 0.668582 0.544866 0.666667 0.547886 0.666667 0.564711 0.668582 0.568162 0.673372 0.570751 0.683908 0.570751 0.691571 0.569456 0.701149 0.569456 0.712644 0.566437 0.720307 0.560828 0.717433 0.552632 0.709770 0.548749 0.700192 0.546160 0.681992 0.543141
0 0.664751 0.516393 0.654215 0.521139 0.656130 0.531061 0.659962 0.537532 0.664751 0.540121 0.683908 0.539689 0.697318 0.534081 0.701149 0.529336 0.701149 0.521139 0.693487 0.517688 0.682950 0.515962
0 0.621648 0.519845 0.606322 0.524590 0.599617 0.528904 0.596743 0.532787 0.598659 0.541846 0.606322 0.544435 0.618774 0.546160 0.633142 0.547023 0.648467 0.546160 0.651341 0.544435 0.656130 0.536238 0.653257 0.526316 0.638889 0.521139 0.630268 0.519845
0 0.577586 0.545729 0.568966 0.549180 0.562261 0.556514 0.564176 0.564280 0.573755 0.568594 0.605364 0.573770 0.608238 0.572476 0.614943 0.561260 0.613027 0.552632 0.608238 0.547455 0.604406 0.545298 0.594828 0.545729 0.585249 0.544866
0 0.629310 0.552200 0.619732 0.556514 0.614943 0.564711 0.618774 0.568594 0.632184 0.570319 0.636973 0.572476 0.646552 0.573770 0.657088 0.572045 0.662835 0.569456 0.665709 0.566437 0.665709 0.563417 0.662835 0.560828 0.640805 0.551769
0 0.607280 0.575928 0.604406 0.578947 0.604406 0.584987 0.609195 0.589301 0.634100 0.591458 0.648467 0.591027 0.656130 0.588007 0.656130 0.579810 0.651341 0.576359 0.647797 0.575280 0.642625 0.574763 0.637356 0.572131 0.631226 0.572045 0.624521 0.571182 0.618774 0.571613
0 0.557471 0.513805 0.552682 0.514668 0.543103 0.520276 0.541188 0.534081 0.568008 0.546160 0.579502 0.544866 0.590996 0.537964 0.593870 0.532787 0.593870 0.525884 0.591954 0.522002 0.584291 0.517256 0.568008 0.513805
0 0.515326 0.535807 0.510536 0.537532 0.504789 0.543572 0.500000 0.546160 0.500000 0.553926 0.507663 0.557377 0.524904 0.557808 0.541188 0.559965 0.553640 0.558240 0.561303 0.553926 0.563218 0.547886 0.555556 0.540984 0.539272 0.536238 0.526820 0.534944
0 0.492337 0.562554 0.486590 0.566437 0.485632 0.569025 0.489464 0.575065 0.495211 0.579810 0.505747 0.584556 0.524904 0.586281 0.529693 0.585418 0.537356 0.581104 0.542146 0.576359 0.544061 0.567299 0.539272 0.562554 0.535441 0.560828 0.524904 0.561260 0.510536 0.559965
0 0.589080 0.572045 0.569923 0.569888 0.560345 0.570751 0.543103 0.577653 0.536398 0.583693 0.536398 0.588007 0.543103 0.597929 0.553640 0.599655 0.566092 0.597498 0.578544 0.597498 0.596743 0.591890 0.602490 0.585418 0.602490 0.579810 0.597701 0.575496
0 0.611111 0.591458 0.598659 0.593184 0.589080 0.596204 0.586207 0.602243 0.586207 0.609577 0.588123 0.615617 0.595785 0.620362 0.611111 0.623382 0.619732 0.623382 0.631226 0.619068 0.639847 0.612597 0.641762 0.607852 0.640805 0.598792 0.632184 0.592752 0.625479 0.591458
0 0.656130 0.589733 0.645594 0.594909 0.643678 0.597066 0.643678 0.602675 0.645594 0.604832 0.673372 0.610440 0.681992 0.610009 0.685824 0.604400 0.693487 0.599223 0.669540 0.591458 0.665709 0.589301
0 0.736590 0.600086 0.716475 0.596635 0.698276 0.600518 0.692529 0.602675 0.690613 0.606557 0.684866 0.609146 0.681992 0.612166 0.681992 0.617343 0.686782 0.619500 0.688697 0.623814 0.692529 0.625971 0.699234 0.627696 0.715517 0.628128 0.735632 0.627265 0.744253 0.624245 0.748084 0.616480 0.748084 0.606989
0 0.757663 0.612166 0.750000 0.619068 0.750000 0.623382 0.754789 0.627265 0.767241 0.631148 0.776820 0.632442 0.791188 0.632442 0.807471 0.630285 0.810345 0.628128 0.810345 0.611303 0.807471 0.609577 0.795977 0.606557 0.785441 0.606126 0.775862 0.606989
0 0.858238 0.606126 0.846743 0.604832 0.829502 0.606989 0.821839 0.609146 0.812261 0.614323 0.812261 0.623382 0.818008 0.628128 0.824713 0.631148 0.842912 0.632442 0.850575 0.631579 0.858238 0.628991 0.863027 0.623382 0.863027 0.618637 0.865900 0.614323 0.865900 0.609577
0 0.904215 0.606557 0.885057 0.604400 0.872605 0.604832 0.867816 0.606557 0.867816 0.612166 0.863027 0.623814 0.863985 0.627265 0.868774 0.631148 0.872605 0.632010 0.883142 0.631579 0.888889 0.629422 0.902299 0.626833 0.909004 0.623382 0.911877 0.620362 0.912835 0.612166 0.909004 0.608283
0 0.932950 0.605263 0.925287 0.606557 0.915709 0.611734 0.913793 0.614323 0.913793 0.621657 0.919540 0.627265 0.931034 0.631579 0.936782 0.632442 0.943487 0.632010 0.961686 0.627265 0.967433 0.623814 0.967433 0.619500 0.963602 0.614754 0.954981 0.610440
0 0.995211 0.603969 0.987548 0.606126 0.973180 0.612597 0.971264 0.620362 0.976054 0.625971 0.981801 0.628991 1.000000 0.631148 1.000000 0.603969
0 0.987548 0.634599 0.971264 0.632442 0.958716 0.630155 0.951149 0.634167 0.942529 0.638481 0.938697 0.642364 0.937739 0.650561 0.943487 0.656169 0.950192 0.658326 0.963602 0.659189 0.969349 0.657463 0.986590 0.656169 0.995211 0.650129 1.000000 0.649698 1.000000 0.640638 0.996169 0.640638 0.992337 0.638913
0 0.899425 0.627696 0.889847 0.629853 0.880268 0.634599 0.876437 0.638481 0.875479 0.646678 0.882184 0.652286 0.887931 0.654443 0.898467 0.656601 0.920498 0.657463 0.930077 0.654443 0.934866 0.650561 0.936782 0.642364 0.931992 0.635030 0.927203 0.631148 0.918582 0.628128 0.911877 0.627265
0 0.808429 0.638913 0.806513 0.650992 0.812261 0.653149 0.821839 0.651855 0.836207 0.651855 0.846743 0.654012 0.856322 0.654012 0.869732 0.647110 0.870690 0.641501 0.851533 0.634599 0.818966 0.633305 0.812261 0.635462
0 0.792146 0.634599 0.760536 0.634167 0.747126 0.638913 0.743295 0.642364 0.741379 0.647541 0.751916 0.655306 0.759579 0.658326 0.778736 0.657463 0.787356 0.655306 0.797893 0.650561 0.799808 0.647541 0.797893 0.642796 0.800766 0.638481
0 0.736590 0.629422 0.722222 0.629422 0.708812 0.631579 0.698276 0.631148 0.690613 0.632010 0.687739 0.635893 0.687739 0.640638 0.691571 0.647541 0.695402 0.649698 0.701149 0.650992 0.709770 0.650992 0.727969 0.649267 0.735632 0.647541 0.746169 0.638913 0.745211 0.634599
0 0.686782 0.640638 0.676245 0.637619 0.658046 0.638481 0.638889 0.643227 0.636973 0.650561 0.638889 0.654875 0.642720 0.657463 0.647510 0.659189 0.682950 0.658326 0.692529 0.650561 0.692529 0.646247
0 0.655172 0.609146 0.647510 0.610440 0.638889 0.615617 0.636015 0.620362 0.636015 0.625539 0.638889 0.629422 0.647510 0.634167 0.656130 0.635893 0.665709 0.636324 0.674330 0.635030 0.684866 0.631579 0.687739 0.626833 0.682950 0.619068 0.676245 0.613460 0.663793 0.610009
0 0.594828 0.626402 0.589080 0.630285 0.587165 0.634167 0.587165 0.638481 0.591954 0.644521 0.595785 0.645384 0.600575 0.643227 0.617816 0.641933 0.621648 0.642364 0.625479 0.645815 0.631226 0.647110 0.636973 0.640638 0.640805 0.638913 0.639847 0.632873 0.631226 0.626833 0.622605 0.625108 0.603448 0.625108
0 0.628352 0.646247 0.612069 0.642364 0.590038 0.646678 0.578544 0.661777 0.579502 0.666523 0.586207 0.670406 0.613985 0.671268 0.623563 0.669974 0.633142 0.665660 0.637931 0.661777 0.638889 0.657032 0.633142 0.653149 0.633142 0.650129
0 0.535441 0.634167 0.527778 0.638481 0.522989 0.644090 0.523946 0.648835 0.527778 0.652286 0.559387 0.657895 0.571839 0.657032 0.576628 0.654875 0.582375 0.647972 0.581418 0.638481 0.566092 0.638481 0.557471 0.637187 0.545019 0.632442
0 0.535441 0.619068 0.534483 0.623382 0.551724 0.634599 0.567050 0.638050 0.578544 0.636756 0.590038 0.624676 0.589080 0.618205 0.581418 0.615186 0.572797 0.613891 0.550766 0.614754
0 0.571839 0.599223 0.559387 0.599223 0.547893 0.603106 0.536398 0.611303 0.536398 0.615186 0.539272 0.616480 0.544061 0.616911 0.559387 0.613891 0.579502 0.614323 0.584291 0.613028 0.585249 0.610871 0.581418 0.604832
0 0.498084 0.587575 0.488506 0.591890 0.485632 0.594909 0.486590 0.603969 0.497126 0.608714 0.511494 0.609577 0.522989 0.611734 0.528736 0.611303 0.540230 0.606989 0.543103 0.604400 0.543103 0.598792 0.537356 0.592752 0.523946 0.587575
0 0.474138 0.575928 0.463602 0.575928 0.455939 0.576790 0.447318 0.580673 0.444444 0.583693 0.444444 0.593184 0.447318 0.598792 0.452107 0.601381 0.465517 0.601812 0.482759 0.596635 0.491379 0.584124 0.490421 0.579810
0 0.481801 0.611734 0.474138 0.615186 0.472222 0.618637 0.473180 0.631148 0.481801 0.636324 0.488506 0.637187 0.521073 0.637187 0.529693 0.635030 0.536398 0.631579 0.535441 0.626402 0.530651 0.622951 0.531609 0.619068 0.528736 0.614754 0.525862 0.613460 0.509579 0.610871 0.489464 0.610440
0 0.461686 0.645815 0.464559 0.651855 0.473180 0.655738 0.480843 0.657032 0.503831 0.658326 0.517241 0.656169 0.520115 0.654443 0.520115 0.643658 0.518199 0.641070 0.512452 0.639344 0.480843 0.638913 0.470307 0.640638
0 0.483716 0.658326 0.474138 0.660052 0.462644 0.673425 0.473180 0.683348 0.479885 0.682485 0.496169 0.676445 0.510536 0.673857 0.508621 0.665660 0.507663 0.664927 0.504885 0.663460 0.500000 0.661346 0.496264 0.658844 0.488506 0.659664
0 0.534483 0.660483 0.524904 0.665660 0.522989 0.669974 0.522989 0.678602 0.527778 0.682485 0.534483 0.685505 0.561303 0.686368 0.568966 0.684642 0.573755 0.682053 0.574713 0.674720 0.573755 0.669111 0.569923 0.664797 0.561303 0.660052 0.551724 0.659189
0 0.577586 0.674720 0.575670 0.681622 0.577586 0.683348 0.585249 0.685073 0.596264 0.684901 0.604406 0.686799 0.614943 0.687230 0.623563 0.686368 0.629310 0.687662 0.634100 0.685936 0.636015 0.682053 0.635057 0.678602 0.631226 0.673857 0.626437 0.672131 0.620690 0.671700 0.604406 0.673425 0.585249 0.671700 0.579502 0.672994
0 0.219349 0.532787 0.206897 0.537101 0.203065 0.540984 0.203065 0.550043 0.210728 0.555220 0.226054 0.560828 0.242337 0.561691 0.253831 0.560828 0.257663 0.559103 0.267241 0.548749 0.267241 0.544435 0.264368 0.540984 0.250000 0.534944 0.240421 0.532787
0 0.633142 0.673857 0.638889 0.678602 0.646935 0.683607 0.667241 0.684814 0.673372 0.685505 0.680939 0.687446 0.687835 0.687662 0.693391 0.686238 0.697510 0.684642 0.700192 0.682053 0.701149 0.673425 0.705364 0.671915 0.704502 0.669586 0.704215 0.666997 0.701149 0.663934 0.692529 0.663072 0.693487 0.661777 0.675862 0.659793 0.665709 0.660052 0.654215 0.660483 0.638889 0.666954
0 0.715517 0.650129 0.704023 0.652718 0.700192 0.657463 0.700192 0.662209 0.711686 0.672131 0.724138 0.675151 0.737548 0.674288 0.740421 0.672994 0.741379 0.669543 0.749042 0.662209 0.747126 0.654443 0.742337 0.651855 0.729885 0.649698
0 0.778736 0.659620 0.758621 0.660915 0.747126 0.664797 0.740421 0.668680 0.742337 0.674288 0.762452 0.680759 0.777778 0.681191 0.782567 0.678171 0.781609 0.661346
0 0.848659 0.654012 0.840038 0.652286 0.821839 0.652286 0.795019 0.654875 0.788314 0.657032 0.783525 0.662640 0.783525 0.670837 0.796935 0.679465 0.812261 0.682485 0.826628 0.682053 0.844828 0.679034 0.854406 0.675151 0.858238 0.670837 0.859195 0.664366 0.852490 0.655738
0 0.899425 0.657895 0.882184 0.656169 0.873563 0.658326 0.861111 0.664366 0.857280 0.670837 0.858238 0.679034 0.862069 0.681191 0.865900 0.681622 0.897510 0.678171 0.910920 0.675151 0.914751 0.670406 0.913793 0.666091 0.909004 0.661777
0 0.958812 0.660483 0.941571 0.659189 0.926245 0.660483 0.921456 0.662209 0.916667 0.669543 0.916667 0.673857 0.920498 0.682053 0.927203 0.685936 0.932950 0.686799 0.941571 0.685936 0.963602 0.680759 0.967433 0.678602 0.973180 0.672994 0.973180 0.666523 0.965517 0.662209
0 0.995211 0.654012 0.983716 0.660052 0.977969 0.669974 0.979885 0.673857 0.985632 0.677308 1.000000 0.677739 1.000000 0.654012
0 0.958812 0.683348 0.955939 0.685073 0.958812 0.689819 0.983716 0.696721 1.000000 0.698878 1.000000 0.676877 0.985632 0.677739 0.969349 0.680328
0 0.902299 0.679465 0.889847 0.679465 0.877395 0.681191 0.867816 0.685073 0.868774 0.696290 0.877395 0.701467 0.889847 0.706212 0.901341 0.705349 0.914751 0.702330 0.921456 0.699741 0.929119 0.694133 0.929119 0.688956 0.926245 0.686368 0.918582 0.682916
0 0.972222 0.701035 0.958812 0.699310 0.953065 0.700604 0.940613 0.707075 0.934866 0.715703 0.934866 0.718723 0.937739 0.720880 0.944444 0.721311 0.965517 0.719586 0.972222 0.718292 0.980843 0.713115 0.980843 0.708369 0.977011 0.703624
0 0.995211 0.709664 0.983716 0.712683 0.975096 0.721311 0.985632 0.729077 0.995211 0.731234 1.000000 0.731234 1.000000 0.709664
0 0.961686 0.720449 0.933908 0.722606 0.924330 0.731665 0.925287 0.736411 0.937739 0.740725 0.946360 0.748490 0.957854 0.750216 0.963602 0.750216 0.966475 0.748921 0.975096 0.740725 0.981801 0.729077 0.977011 0.723900 0.972222 0.721743
0 0.986590 0.731234 0.981801 0.732959 0.974138 0.738999 0.968391 0.756687 0.974138 0.760138 0.981801 0.761864 1.000000 0.761864 1.000000 0.731665
0 0.915709 0.735979 0.909004 0.736411 0.897510 0.739862 0.885057 0.747627 0.884100 0.752373 0.891762 0.757981 0.908046 0.762726 0.917625 0.764021 0.926245 0.762726 0.937739 0.758412 0.943487 0.752804 0.943487 0.747627 0.939655 0.744176 0.928161 0.738568
0 0.917625 0.703624 0.907088 0.704487 0.893678 0.707938 0.887931 0.711389 0.885057 0.716566 0.886015 0.720449 0.890805 0.724763 0.900383 0.728645 0.908046 0.730371 0.919540 0.730371 0.927203 0.727783 0.933908 0.721743 0.936782 0.713978 0.935824 0.708369 0.926245 0.706644
0 0.844828 0.696721 0.834291 0.699741 0.826628 0.703624 0.822797 0.708801 0.823755 0.715703 0.831418 0.720017 0.847701 0.724331 0.872605 0.724331 0.884100 0.716566 0.886973 0.709664 0.884100 0.704918 0.870690 0.698016 0.864943 0.696721
0 0.787356 0.680759 0.772989 0.682485 0.765326 0.684642 0.761494 0.686799 0.759579 0.691544 0.759579 0.698447 0.765326 0.705781 0.778736 0.713978 0.785441 0.714409 0.812261 0.710958 0.820881 0.707075 0.828544 0.701898 0.831418 0.698016 0.828544 0.693270 0.817050 0.688093
0 0.805556 0.711389 0.795019 0.712252 0.786398 0.714409 0.777778 0.719586 0.773946 0.723900 0.773946 0.729940 0.777778 0.734254 0.789272 0.736842 0.802682 0.737705 0.816092 0.736842 0.822797 0.734685 0.827586 0.731234 0.829502 0.720449 0.823755 0.716135
0 0.873563 0.725194 0.860153 0.724763 0.847701 0.725626 0.827586 0.732959 0.823755 0.735548 0.823755 0.740293 0.828544 0.745902 0.847701 0.753236 0.871648 0.752804 0.880268 0.750216 0.886015 0.745039 0.887931 0.732528 0.884100 0.728645
0 0.134100 0.477567 0.128352 0.482312 0.136015 0.492666 0.141762 0.495255 0.159004 0.499569 0.169540 0.499137 0.174330 0.497843 0.187739 0.489215 0.191571 0.481881 0.178161 0.474978 0.145594 0.474547
0 0.248084 0.489646 0.237548 0.480155 0.233716 0.479292 0.219349 0.479292 0.203065 0.481018 0.194444 0.483607 0.189655 0.489215 0.186782 0.490078 0.185824 0.494823 0.187739 0.496117 0.207854 0.500431 0.219349 0.500863 0.231801 0.497843 0.243295 0.496549 0.247126 0.494392
0 0.263410 0.467645 0.254789 0.468939 0.240421 0.474547 0.240421 0.479292 0.250000 0.490940 0.257663 0.492666 0.271073 0.492666 0.283525 0.490509 0.288314 0.487489 0.292146 0.487058 0.297893 0.483175 0.297893 0.481450 0.291188 0.474978 0.281609 0.470233 0.273946 0.468076
0 0.336207 0.461605 0.328544 0.460311 0.317050 0.460742 0.295977 0.467213 0.294061 0.473684 0.297893 0.477567 0.304598 0.481018 0.308429 0.481881 0.317050 0.481450 0.329502 0.479292 0.339080 0.475841 0.342912 0.468939 0.340996 0.464193
0 0.316092 0.481881 0.308429 0.482744 0.299808 0.485332 0.291188 0.490078 0.289272 0.493097 0.290230 0.500431 0.295019 0.503883 0.304598 0.506040 0.326628 0.508628 0.347701 0.500863 0.350575 0.491803 0.343870 0.483607 0.340038 0.482744 0.326628 0.483175
0 0.350575 0.474116 0.346743 0.476704 0.344828 0.483175 0.355364 0.496549 0.361111 0.500431 0.375479 0.500000 0.386973 0.495686 0.393678 0.486195 0.387931 0.481881 0.375479 0.477998
0 0.391762 0.489215 0.388889 0.493960 0.390805 0.502588 0.394636 0.506040 0.402299 0.507765 0.415709 0.509491 0.440613 0.510354 0.457854 0.502157 0.458812 0.497843 0.455939 0.496980 0.453065 0.493097 0.441571 0.488783 0.420498 0.486195 0.403257 0.485764
0 0.473180 0.495686 0.466475 0.497843 0.451149 0.506903 0.449234 0.513805 0.458812 0.521570 0.475096 0.523296 0.491379 0.521570 0.500958 0.516825 0.504789 0.510785 0.504789 0.505177 0.494253 0.497843
0 0.403257 0.515099 0.395594 0.521139 0.393678 0.525022 0.393678 0.529767 0.399425 0.533218 0.410920 0.535807 0.422414 0.536238 0.448276 0.533650 0.456897 0.529767 0.457854 0.524590 0.452107 0.518119 0.441571 0.513374 0.430077 0.511217 0.420498 0.510785 0.411877 0.512079
0 0.354406 0.501294 0.342912 0.503020 0.330460 0.509491 0.327586 0.514236 0.338123 0.521570 0.361111 0.525453 0.375479 0.522865 0.381226 0.520708 0.383142 0.517688 0.382184 0.505177 0.378352 0.503020 0.364943 0.501294
0 0.294061 0.506040 0.278736 0.509491 0.275862 0.522002 0.281609 0.530198 0.289272 0.532355 0.300766 0.533650 0.309387 0.531061 0.317050 0.530630 0.320881 0.526747 0.332375 0.522002 0.332375 0.519413 0.327586 0.512942 0.320881 0.509060 0.301724 0.506040
0 0.228927 0.499137 0.218391 0.505608 0.217433 0.519413 0.220307 0.522865 0.247126 0.531493 0.258621 0.531061 0.265326 0.529767 0.273946 0.522002 0.276820 0.509060 0.267241 0.501294 0.263410 0.500000 0.242337 0.498274
0 0.186782 0.498706 0.177203 0.501294 0.171456 0.505177 0.172414 0.514668 0.178161 0.519413 0.190613 0.522865 0.200192 0.528041 0.205939 0.528473 0.216475 0.521570 0.216475 0.503451 0.214559 0.501726 0.196360 0.498706
0 0.132184 0.497412 0.116858 0.499569 0.112069 0.505608 0.104406 0.509491 0.105364 0.513805 0.124521 0.521570 0.136015 0.523727 0.143678 0.522865 0.160920 0.517688 0.167625 0.510354 0.166667 0.505608 0.159962 0.500863 0.152299 0.498706
0 0.117816 0.519413 0.098659 0.518550 0.090038 0.520276 0.081418 0.524159 0.073755 0.529767 0.070881 0.534513 0.071839 0.541415 0.073755 0.544435 0.081418 0.547455 0.100575 0.546160 0.122605 0.535375 0.124521 0.533218 0.123563 0.525453
0 0.138889 0.525453 0.134100 0.532355 0.135057 0.534944 0.139847 0.538827 0.157088 0.545729 0.161877 0.546592 0.177203 0.546160 0.197318 0.540984 0.200192 0.536670 0.196360 0.533218 0.194444 0.527179 0.181992 0.521570 0.170498 0.520276 0.158046 0.520276 0.151341 0.521139
0 0.293103 0.546160 0.278736 0.546592 0.271073 0.547886 0.263410 0.553926 0.263410 0.560397 0.266284 0.564711 0.273946 0.570751 0.282567 0.573770 0.308429 0.569025 0.315134 0.564711 0.317050 0.560828 0.313218 0.551769 0.304598 0.547886
0 0.334291 0.523296 0.324713 0.525453 0.316092 0.533218 0.313218 0.539258 0.313218 0.545729 0.317050 0.548749 0.320019 0.555134 0.332375 0.552200 0.343870 0.553063 0.352490 0.551337 0.356322 0.549180 0.367816 0.536238 0.365900 0.531924 0.362069 0.529336 0.357280 0.528473 0.350575 0.525022
0 0.373563 0.536670 0.363985 0.539689 0.360153 0.544003 0.359195 0.549180 0.363027 0.551769 0.364943 0.555651 0.367816 0.557377 0.378352 0.559965 0.396552 0.561691 0.414751 0.555651 0.416667 0.546592 0.413793 0.542278 0.404215 0.537101 0.398467 0.535807
0 0.459770 0.536238 0.453065 0.537101 0.447318 0.539689 0.440613 0.553063 0.444444 0.560828 0.455939 0.565142 0.463602 0.570319 0.467433 0.570319 0.482759 0.566437 0.492337 0.561260 0.496169 0.553926 0.496169 0.546592 0.488506 0.539689 0.474138 0.536670
0 0.412835 0.559103 0.401341 0.561260 0.395594 0.563848 0.394636 0.576790 0.401341 0.581967 0.410920 0.585418 0.427203 0.585850 0.437739 0.584556 0.443487 0.582830 0.457854 0.573770 0.458812 0.572045 0.454981 0.566868 0.442529 0.561260 0.422414 0.558671
0 0.153257 0.547023 0.146552 0.545298 0.136015 0.539689 0.123563 0.539689 0.114943 0.540984 0.108238 0.544003 0.096743 0.552632 0.095785 0.559103 0.099617 0.563417 0.139847 0.563417 0.149425 0.562123 0.157088 0.558671 0.159004 0.556514 0.159004 0.552632
0 0.173372 0.548318 0.165709 0.551769 0.161877 0.556083 0.162835 0.559103 0.165709 0.560397 0.164751 0.565142 0.169540 0.567731 0.178161 0.567299 0.204981 0.570319 0.209770 0.567731 0.212644 0.561691 0.204981 0.551769 0.195402 0.547455 0.189655 0.546592
0 0.090996 0.571613 0.091954 0.575928 0.100575 0.581104 0.108238 0.581967 0.116858 0.585418 0.134100 0.588870 0.152299 0.588438 0.155172 0.584556 0.160920 0.581536 0.163793 0.576790 0.163793 0.572045 0.152299 0.566005 0.144636 0.564280 0.112069 0.564280 0.100575 0.566868
0 0.174330 0.568162 0.167625 0.572045 0.167625 0.575065 0.159962 0.582399 0.157088 0.589733 0.158046 0.591458 0.169540 0.596204 0.180077 0.596204 0.196360 0.588438 0.205939 0.580242 0.207854 0.575928 0.204981 0.573339 0.198276 0.570751 0.183908 0.568162
0 0.258621 0.562985 0.237548 0.563417 0.230843 0.565142 0.209770 0.574633 0.206897 0.579379 0.206897 0.584987 0.208812 0.587144 0.245211 0.596635 0.255747 0.595341 0.272031 0.589301 0.276820 0.583693 0.278736 0.575928 0.267241 0.565574
0 0.280651 0.579810 0.280651 0.587144 0.292146 0.591890 0.307471 0.595341 0.330460 0.591890 0.335249 0.584556 0.334291 0.579810 0.314176 0.572045 0.296935 0.572045
0 0.337165 0.584124 0.334291 0.587575 0.336207 0.591890 0.344828 0.593615 0.361111 0.600949 0.366858 0.602243 0.394636 0.600949 0.401341 0.596635 0.402299 0.591027 0.396552 0.580673 0.383142 0.575928 0.364943 0.575928 0.350575 0.578947
0 0.099617 0.581967 0.085249 0.583693 0.074713 0.587575 0.069923 0.596204 0.073755 0.604400 0.080460 0.609577 0.097701 0.613028 0.106322 0.613028 0.128352 0.608283 0.131226 0.597498 0.129310 0.593615 0.122605 0.588870 0.112069 0.584556
0 0.137931 0.606557 0.136973 0.612597 0.141762 0.615617 0.152299 0.618637 0.169540 0.621225 0.177203 0.623382 0.187739 0.622088 0.190613 0.618637 0.190613 0.614754 0.178161 0.607852 0.167625 0.605263 0.162835 0.602675 0.151341 0.602675
0 0.292146 0.592752 0.272031 0.591458 0.265326 0.592752 0.255747 0.597066 0.247126 0.608283 0.250958 0.615186 0.256705 0.619068 0.264368 0.620794 0.291188 0.619500 0.300766 0.615186 0.301724 0.597929 0.300766 0.596204
0 0.199234 0.618205 0.194444 0.620794 0.191571 0.625971 0.191571 0.631579 0.194444 0.635030 0.204023 0.638481 0.226054 0.641070 0.241379 0.641501 0.248084 0.640638 0.262452 0.630716 0.262452 0.625108 0.257663 0.621225 0.242337 0.616911 0.230843 0.615617 0.204023 0.616911
0 0.181034 0.629422 0.160920 0.629853 0.138889 0.642364 0.140613 0.651079 0.158046 0.654443 0.169253 0.658412 0.179119 0.659362 0.186494 0.657204 0.190326 0.653149 0.192050 0.647541 0.195115 0.643011 0.198180 0.639991 0.191571 0.634599 0.186782 0.631148
0 0.099617 0.614754 0.096743 0.618205 0.098659 0.627696 0.107280 0.634167 0.117816 0.638913 0.129310 0.639776 0.136015 0.638481 0.141762 0.635893 0.143678 0.633305 0.152299 0.631148 0.153257 0.626402 0.148467 0.622088 0.136015 0.614754 0.125479 0.612597 0.115900 0.612597 0.108238 0.614754
0 0.105364 0.636324 0.098659 0.635893 0.085249 0.638050 0.070881 0.646247 0.069923 0.654443 0.071839 0.658326 0.082375 0.662209 0.098659 0.662209 0.117816 0.659189 0.126437 0.654443 0.127395 0.650129 0.123563 0.642796 0.117816 0.639776 0.109195 0.638913
0 0.127395 0.654875 0.118774 0.658326 0.115900 0.660915 0.104406 0.662209 0.104406 0.669974 0.109195 0.671700 0.116858 0.677308 0.124521 0.679034 0.130268 0.682053 0.139847 0.683348 0.153257 0.682485 0.160920 0.680328 0.172414 0.673857 0.177203 0.669543 0.177203 0.665660 0.172414 0.661346 0.153257 0.654875
0 0.291188 0.623814 0.280651 0.621657 0.272031 0.621657 0.267241 0.623382 0.264368 0.625971 0.264368 0.631148 0.256705 0.635030 0.250958 0.641933 0.256705 0.645384 0.290230 0.644090 0.298851 0.639776 0.301724 0.636756 0.301724 0.630716 0.298851 0.627265
0 0.376437 0.602243 0.364943 0.607420 0.359195 0.614754 0.359195 0.619500 0.377395 0.629422 0.384100 0.629422 0.398467 0.626402 0.413793 0.615617 0.413793 0.613028 0.409004 0.607852 0.395594 0.603106
0 0.375479 0.630285 0.363985 0.622951 0.355364 0.620794 0.313218 0.621225 0.307471 0.622088 0.303640 0.625539 0.302682 0.635462 0.303640 0.637187 0.307471 0.638481 0.329502 0.632571 0.353448 0.633952 0.362261 0.635462 0.369732 0.637187 0.373563 0.635462
0 0.373563 0.641933 0.363027 0.636324 0.353448 0.634599 0.333333 0.633736 0.320881 0.635462 0.313697 0.637705 0.308429 0.638999 0.304598 0.640207 0.304598 0.646678 0.307471 0.653581 0.310345 0.654443 0.332375 0.650992 0.362069 0.651424 0.369732 0.647972
0 0.383142 0.631579 0.379310 0.634167 0.379310 0.638913 0.383142 0.644953 0.393678 0.647972 0.406130 0.647972 0.409962 0.647110 0.418582 0.642796 0.419540 0.638481 0.415709 0.635030 0.404215 0.629853 0.394636 0.629422
0 0.427203 0.641933 0.412835 0.646247 0.411877 0.654875 0.417625 0.667386 0.431034 0.673857 0.444444 0.674720 0.457854 0.674288 0.464559 0.669543 0.469349 0.663072 0.470307 0.656601 0.468391 0.654012 0.456897 0.647110 0.442529 0.641933
0 0.360153 0.654012 0.353448 0.652286 0.333333 0.651424 0.311303 0.654443 0.307471 0.656169 0.303927 0.658585 0.299808 0.661777 0.299808 0.666954 0.303640 0.670406 0.313218 0.673857 0.326628 0.674288 0.342912 0.669974 0.359195 0.662209 0.358238 0.657895
0 0.289272 0.645815 0.277778 0.645384 0.268199 0.646247 0.257663 0.648404 0.245211 0.654012 0.245211 0.663503 0.250958 0.668248 0.264368 0.672994 0.283525 0.671700 0.294061 0.669543 0.299808 0.666523 0.299808 0.658758 0.302682 0.656601 0.302682 0.654012 0.295977 0.651424 0.292146 0.646678
0 0.204023 0.641501 0.200192 0.642364 0.194444 0.646247 0.192529 0.653149 0.187739 0.657895 0.190613 0.661777 0.195402 0.664797 0.203065 0.666954 0.212644 0.666523 0.230843 0.667817 0.243295 0.661346 0.244253 0.651424 0.241379 0.646678 0.231801 0.642364
0 0.235632 0.671268 0.230843 0.669974 0.220115 0.667041 0.204981 0.667817 0.195402 0.668248 0.190613 0.669974 0.179119 0.671268 0.168582 0.676877 0.165709 0.681191 0.166667 0.686368 0.171456 0.690682 0.177203 0.692839 0.188697 0.692407 0.198276 0.693270 0.213602 0.691544 0.222222 0.689387 0.228927 0.685936 0.237548 0.678602 0.238506 0.673857
0 0.241379 0.679034 0.238506 0.681191 0.234100 0.682873 0.229885 0.685936 0.227011 0.687662 0.227969 0.697153 0.231801 0.698447 0.247126 0.698447 0.252874 0.699310 0.265326 0.698878 0.272989 0.697153 0.276820 0.695427 0.280651 0.691113 0.280651 0.687230 0.277778 0.684211 0.268199 0.680328 0.258621 0.678171 0.246169 0.678171
0 0.276820 0.673857 0.275862 0.682053 0.291188 0.691113 0.299808 0.692839 0.318008 0.691113 0.319923 0.688525 0.327586 0.685505 0.328544 0.680328 0.326628 0.678171 0.321839 0.676445 0.307471 0.674288 0.300766 0.670837 0.290230 0.670837
0 0.429119 0.676014 0.425287 0.678171 0.419540 0.685073 0.417625 0.692407 0.419540 0.697584 0.429119 0.701467 0.456897 0.701467 0.464559 0.700173 0.470307 0.696721 0.472222 0.686368 0.466475 0.677308 0.459770 0.675582 0.438697 0.675151
0 0.493295 0.676877 0.484674 0.679465 0.477011 0.685073 0.476054 0.691544 0.477011 0.693701 0.482759 0.695427 0.499042 0.696721 0.509579 0.698878 0.518199 0.697584 0.527778 0.693701 0.529693 0.686799 0.519157 0.677739 0.510536 0.675582
0 0.558429 0.690250 0.553640 0.688956 0.548851 0.688956 0.526820 0.692839 0.518199 0.698447 0.511494 0.707938 0.512452 0.711389 0.516284 0.714409 0.540230 0.717429 0.555556 0.717429 0.568008 0.713115 0.571839 0.709232 0.570881 0.697584
0 0.586207 0.686799 0.578544 0.688956 0.572797 0.699741 0.572797 0.709232 0.576628 0.712683 0.599617 0.715272 0.612069 0.714409 0.627395 0.709232 0.631226 0.706212 0.625479 0.697153 0.618774 0.692839 0.606322 0.687662
0 0.645594 0.685505 0.638889 0.687230 0.632184 0.691544 0.631226 0.698016 0.638889 0.705781 0.645594 0.708801 0.656130 0.710526 0.666667 0.710526 0.675287 0.707075 0.683908 0.701035 0.686782 0.697584 0.685824 0.691544 0.681992 0.688956 0.667625 0.685505
0 0.724138 0.676445 0.702011 0.681967 0.697605 0.691588 0.701149 0.694090 0.715517 0.694996 0.734674 0.702761 0.743295 0.704487 0.749042 0.701898 0.753831 0.697584 0.757663 0.689819 0.755747 0.685073 0.752874 0.682053 0.744253 0.677739
0 0.717433 0.696721 0.700192 0.695858 0.686782 0.701035 0.674330 0.708801 0.672414 0.713115 0.673372 0.718723 0.680077 0.723037 0.689655 0.725626 0.703065 0.726057 0.708812 0.724763 0.728927 0.717429 0.734674 0.713546 0.734674 0.705349 0.728927 0.701035 0.722222 0.699741
0 0.630268 0.709232 0.612069 0.718723 0.610153 0.722174 0.611111 0.734254 0.613027 0.736411 0.617816 0.737274 0.635057 0.736842 0.648467 0.738136 0.656130 0.735548 0.665709 0.729077 0.667625 0.724763 0.666667 0.718292 0.660920 0.713546 0.652299 0.710526 0.640805 0.708801
0 0.682950 0.723900 0.673372 0.724331 0.660920 0.731665 0.656130 0.736842 0.654215 0.745039 0.657088 0.751510 0.663793 0.754530 0.681034 0.753236 0.698276 0.753236 0.708812 0.748921 0.710728 0.743313 0.706897 0.734254 0.704023 0.731665 0.692529 0.726488
0 0.712644 0.724763 0.711686 0.732097 0.723180 0.740293 0.736590 0.742882 0.768199 0.741588 0.771073 0.737705 0.771073 0.728214 0.769157 0.723469 0.762452 0.719154 0.754789 0.717860 0.733716 0.717860 0.722222 0.720017
0 0.994253 0.772217 0.983716 0.774374 0.973180 0.779551 0.970307 0.782571 0.970307 0.787748 0.978927 0.794651 0.994253 0.801122 1.000000 0.801122 1.000000 0.772217
0 0.995211 0.762295 0.983716 0.768766 0.980843 0.773943 0.970307 0.783003 0.970307 0.787748 0.977969 0.794651 0.985632 0.796808 0.993295 0.800690 1.000000 0.801122 1.000000 0.762295
0 0.960728 0.763589 0.940613 0.761432 0.922414 0.764884 0.905172 0.775237 0.906130 0.783865 0.908046 0.785160 0.923372 0.789905 0.930077 0.789905 0.964559 0.784728 0.974138 0.777826 0.975096 0.773943 0.973180 0.770492
0 0.853448 0.760138 0.846743 0.763589 0.848659 0.772217 0.851533 0.774374 0.864943 0.779983 0.883142 0.784297 0.891762 0.782571 0.905172 0.774374 0.905172 0.764021 0.891762 0.759707 0.881226 0.758412 0.863027 0.758412
0 0.818966 0.748059 0.802682 0.750647 0.795977 0.754098 0.792146 0.760138 0.794061 0.764452 0.803640 0.766178 0.818966 0.773512 0.822797 0.773943 0.833333 0.772217 0.840996 0.768335 0.843870 0.764452 0.843870 0.759275 0.840996 0.751941 0.830460 0.748490
0 0.770115 0.743313 0.741379 0.743745 0.733716 0.745902 0.726054 0.750216 0.722222 0.760569 0.728927 0.768766 0.731801 0.770060 0.742337 0.772217 0.757663 0.772217 0.779693 0.766178 0.782567 0.761001 0.781609 0.750216 0.778736 0.746333
0 0.515326 0.716135 0.504789 0.718723 0.498084 0.721743 0.493295 0.728645 0.494253 0.732959 0.498084 0.737705 0.504789 0.740293 0.528736 0.740725 0.539272 0.738136 0.549808 0.732528 0.552682 0.729940 0.552682 0.725626 0.547893 0.720017 0.533525 0.716566
0 0.500958 0.697153 0.479885 0.697153 0.472222 0.698447 0.462644 0.702330 0.458812 0.705781 0.458812 0.709664 0.474138 0.716566 0.480843 0.717860 0.487548 0.717860 0.502874 0.714409 0.509579 0.707938 0.510536 0.700173
0 0.450192 0.718292 0.435824 0.724331 0.432950 0.730371 0.435824 0.738568 0.450192 0.744607 0.463602 0.746764 0.476054 0.746764 0.495211 0.740293 0.490421 0.724331 0.477011 0.718292
0 0.440613 0.702761 0.429119 0.702761 0.421456 0.704055 0.413793 0.708801 0.404215 0.720449 0.411877 0.729422 0.432280 0.731579 0.441571 0.720017 0.453065 0.716997 0.454023 0.712252 0.452107 0.707938
0 0.363027 0.703192 0.354406 0.707506 0.348659 0.712683 0.348659 0.716997 0.360153 0.720880 0.370690 0.723037 0.386015 0.723469 0.395594 0.722606 0.400383 0.719586 0.405172 0.713115 0.405172 0.708801 0.401341 0.706212 0.387931 0.702330 0.366858 0.702330
0 0.326628 0.696290 0.308429 0.694564 0.300766 0.695427 0.290230 0.699741 0.288314 0.701035 0.285441 0.709232 0.288314 0.711821 0.291188 0.720017 0.298851 0.723037 0.318008 0.721743 0.322797 0.719586 0.337165 0.716997 0.340996 0.714409 0.342912 0.710958 0.341954 0.704918 0.336207 0.700173
0 0.243295 0.703624 0.238506 0.707938 0.237548 0.715703 0.239464 0.721311 0.246169 0.725626 0.254789 0.727351 0.282567 0.726057 0.288314 0.721311 0.286398 0.712252 0.283525 0.708801 0.272989 0.703624 0.265326 0.701898 0.255747 0.701467
0 0.178161 0.694996 0.174330 0.700604 0.175287 0.709664 0.178161 0.713978 0.181992 0.715272 0.207854 0.717860 0.222222 0.716997 0.229885 0.710958 0.229885 0.705349 0.223180 0.698447 0.213602 0.694996 0.195402 0.694996 0.188697 0.693270 0.183908 0.693270
0 0.169540 0.699741 0.142720 0.698878 0.123563 0.704055 0.116858 0.707075 0.114943 0.713115 0.118774 0.717429 0.132184 0.720880 0.141762 0.725194 0.150383 0.724763 0.159962 0.722174 0.167625 0.717860 0.173372 0.716566 0.175287 0.714409 0.174330 0.704055 0.172414 0.700604
0 0.091954 0.678171 0.082375 0.681191 0.078544 0.685505 0.078544 0.694996 0.081418 0.699310 0.086207 0.701898 0.099617 0.705781 0.110153 0.707075 0.138889 0.698447 0.141762 0.694996 0.141762 0.689387 0.125479 0.682053 0.108238 0.678602
0 0.099617 0.720449 0.089080 0.723900 0.086207 0.727783 0.085249 0.732528 0.089080 0.740725 0.098659 0.745470 0.111111 0.746764 0.126437 0.746764 0.138889 0.740725 0.143678 0.736411 0.144636 0.729077 0.136973 0.725194 0.117816 0.720880
0 0.128352 0.747627 0.131226 0.751941 0.136015 0.754098 0.151341 0.757550 0.178161 0.756255 0.181034 0.753236 0.181034 0.748921 0.177203 0.745902 0.165709 0.740725 0.154215 0.738136 0.144636 0.738999
0 0.097701 0.747196 0.087165 0.749784 0.078544 0.754961 0.073755 0.762295 0.073755 0.772217 0.082375 0.780414 0.109195 0.783003 0.123563 0.779120 0.128352 0.772217 0.136015 0.767903 0.138889 0.762295 0.138889 0.755824 0.124521 0.748921 0.110153 0.747196
0 0.187739 0.760138 0.179119 0.757981 0.170498 0.757981 0.161877 0.759707 0.159962 0.761432 0.151341 0.762295 0.143678 0.766609 0.138889 0.767472 0.134100 0.770923 0.129789 0.775194 0.130172 0.779379 0.133142 0.780846 0.131226 0.783434 0.140805 0.785160 0.160920 0.785160 0.175287 0.786454 0.191571 0.783865 0.201149 0.779551 0.203065 0.771355
0 0.222222 0.742450 0.213602 0.743313 0.211686 0.745902 0.206897 0.747627 0.195402 0.747627 0.190613 0.751510 0.190613 0.757118 0.195402 0.764021 0.204023 0.767903 0.207854 0.771786 0.215517 0.773080 0.230843 0.772649 0.237548 0.769629 0.248084 0.767903 0.255747 0.764021 0.257663 0.760569 0.257663 0.755824 0.251916 0.750647 0.239464 0.745470
0 0.272989 0.728214 0.257663 0.728645 0.246169 0.732097 0.241379 0.735116 0.243295 0.744176 0.256705 0.751079 0.262452 0.752373 0.286398 0.748490 0.293103 0.743745 0.294061 0.739862 0.289272 0.734254 0.280651 0.729940
0 0.300766 0.749784 0.318870 0.755651 0.305556 0.768335 0.297893 0.772217 0.292146 0.773512 0.275862 0.773512 0.271073 0.772649 0.265326 0.769629 0.260536 0.764452 0.260536 0.758412 0.263410 0.753667 0.269157 0.751510 0.288314 0.749353
0 0.374521 0.754961 0.363985 0.753236 0.349617 0.752804 0.335249 0.754530 0.313218 0.759275 0.309387 0.768335 0.315134 0.774374 0.326628 0.779551 0.333333 0.780846 0.353448 0.779983 0.365900 0.775669 0.377395 0.767903 0.379310 0.758844
0 0.380268 0.735979 0.373563 0.739862 0.372605 0.747627 0.374521 0.750647 0.379310 0.752804 0.380268 0.756687 0.384483 0.760699 0.389655 0.765531 0.404598 0.765142 0.415326 0.763072 0.422414 0.752373 0.420498 0.748059 0.422414 0.746764 0.422414 0.743313 0.419540 0.740293 0.409962 0.735979 0.405172 0.735116 0.385057 0.735116
0 0.421456 0.755824 0.424330 0.760138 0.430077 0.764021 0.441188 0.765272 0.455939 0.767903 0.465517 0.767472 0.479885 0.763158 0.481801 0.760569 0.477011 0.754961 0.469349 0.750216 0.450192 0.747196 0.435824 0.748059 0.427203 0.751510 0.425287 0.754530
0 0.515326 0.742450 0.506705 0.743745 0.504789 0.745902 0.500000 0.747627 0.498084 0.756255 0.508621 0.764884 0.518199 0.768335 0.526820 0.768335 0.540230 0.763158 0.544061 0.755824 0.544061 0.751510 0.540230 0.747627 0.528736 0.742882
0 0.573755 0.738568 0.552682 0.739431 0.545977 0.742019 0.542146 0.747627 0.548851 0.759707 0.555556 0.764021 0.559387 0.764884 0.568966 0.764452 0.580460 0.760138 0.590038 0.754961 0.595785 0.749353 0.592912 0.742882 0.584291 0.739862
0 0.589080 0.758412 0.573755 0.765315 0.569923 0.769198 0.569923 0.773080 0.577586 0.783434 0.590038 0.785591 0.600575 0.785591 0.621648 0.783003 0.624521 0.779551 0.622605 0.775237 0.623563 0.770492 0.618774 0.764452 0.605364 0.757981 0.594828 0.757550
0 0.617816 0.784297 0.613027 0.790336 0.613027 0.793356 0.622605 0.804573 0.639847 0.805004 0.648467 0.804142 0.660920 0.801122 0.672414 0.795082 0.672414 0.790768 0.649425 0.783865 0.641762 0.782571 0.624521 0.782571
0 0.599617 0.788611 0.577586 0.790768 0.569923 0.794651 0.566092 0.798965 0.567050 0.806730 0.577586 0.811044 0.594828 0.813632 0.604406 0.812770 0.611111 0.811044 0.616858 0.807161 0.616858 0.798965 0.613027 0.794651 0.613027 0.790768
0 0.565134 0.771355 0.555556 0.769629 0.540230 0.770492 0.521073 0.777394 0.518199 0.783003 0.519157 0.789042 0.533525 0.795513 0.554598 0.795945 0.570881 0.791199 0.575670 0.782140 0.570881 0.774806
0 0.489464 0.759707 0.472222 0.767472 0.466475 0.780846 0.468391 0.783434 0.481801 0.787317 0.493295 0.788179 0.501916 0.787317 0.506705 0.785160 0.513410 0.778689 0.511494 0.769629 0.508621 0.766178 0.496169 0.761864 0.493295 0.759707
0 0.412835 0.768766 0.404215 0.773943 0.402299 0.777826 0.402299 0.783434 0.408046 0.787317 0.414751 0.790336 0.426245 0.792494 0.454023 0.791199 0.462644 0.785160 0.462644 0.781277 0.458812 0.779120 0.454981 0.770923 0.446360 0.767903 0.434866 0.766178 0.422414 0.766178
0 0.400383 0.783003 0.387931 0.780846 0.367816 0.782140 0.357280 0.786022 0.351533 0.790336 0.350575 0.797239 0.351533 0.799396 0.358238 0.803710 0.366858 0.805004 0.384100 0.805436 0.399425 0.802847 0.405172 0.798965 0.403257 0.795082 0.404215 0.786885
0 0.277778 0.775237 0.265326 0.777826 0.257663 0.781277 0.255747 0.783434 0.256705 0.792062 0.260536 0.795945 0.269157 0.799827 0.281609 0.801553 0.294061 0.801553 0.299808 0.800259 0.303640 0.796808 0.310345 0.793788 0.321839 0.790768 0.325670 0.782140 0.320881 0.779551 0.309387 0.777394 0.288314 0.775237
0 0.239464 0.774806 0.221264 0.776100 0.213602 0.777826 0.194444 0.786454 0.194444 0.792062 0.198276 0.795082 0.209770 0.798965 0.229885 0.803279 0.240421 0.802847 0.248084 0.801122 0.254789 0.795082 0.253831 0.783003 0.248084 0.777826
0 0.146552 0.786885 0.136973 0.791199 0.134100 0.794219 0.140805 0.805436 0.146552 0.808456 0.152299 0.814495 0.159004 0.815789 0.174330 0.815358 0.181992 0.811907 0.183908 0.802416 0.188697 0.799827 0.196360 0.798533 0.189655 0.792925 0.180077 0.789042 0.166667 0.786885
0 0.072797 0.786885 0.069923 0.790336 0.070881 0.798102 0.074713 0.802416 0.083333 0.806730 0.089080 0.807593 0.112069 0.807161 0.135057 0.802847 0.134100 0.795513 0.131226 0.792062 0.113027 0.786022 0.098659 0.784297 0.094828 0.783003 0.082375 0.783003
0 0.143678 0.809318 0.135057 0.805436 0.126437 0.805436 0.118774 0.806299 0.112069 0.808456 0.098659 0.808456 0.090996 0.810181 0.086207 0.812770 0.079502 0.820966 0.082375 0.825712 0.090996 0.828732 0.111111 0.830889 0.116858 0.832614 0.126437 0.832614 0.136015 0.830026 0.142720 0.826575 0.146552 0.822692 0.148467 0.813632
0 0.170498 0.817515 0.159962 0.818809 0.147510 0.824849 0.141762 0.833046 0.142720 0.841674 0.151341 0.847282 0.160920 0.849871 0.176245 0.849871 0.180077 0.849008 0.204981 0.834771 0.204981 0.829163 0.202107 0.827006 0.188697 0.821829
0 0.097701 0.830026 0.090038 0.830026 0.081418 0.833046 0.075670 0.837791 0.072797 0.843399 0.072797 0.853753 0.082375 0.861519 0.098659 0.858067 0.113985 0.852028 0.119732 0.851165 0.127395 0.845988 0.127395 0.840380 0.120690 0.835634
0 0.186782 0.801122 0.184866 0.801984 0.185824 0.812338 0.191571 0.819241 0.204981 0.826143 0.220307 0.829163 0.235632 0.826575 0.244253 0.822261 0.248084 0.817515 0.249042 0.813632 0.246169 0.810181 0.235632 0.805867 0.213602 0.800690 0.198276 0.800259
0 0.272989 0.803710 0.259579 0.806299 0.254789 0.810181 0.255747 0.814927 0.262452 0.822692 0.273946 0.827006 0.283525 0.827437 0.291188 0.825712 0.296935 0.821829 0.306513 0.818378 0.307471 0.814064 0.303640 0.809750 0.295019 0.806299
0 0.248084 0.823986 0.234674 0.830889 0.234674 0.837360 0.249042 0.846851 0.254789 0.848576 0.266284 0.849439 0.276820 0.847282 0.283525 0.842537 0.287356 0.834340 0.285441 0.830026 0.267241 0.826575 0.260536 0.823986
0 0.207854 0.836497 0.195402 0.840811 0.185824 0.846851 0.184866 0.853753 0.186782 0.857204 0.195402 0.860224 0.204023 0.861519 0.227011 0.861519 0.239464 0.858067 0.242337 0.855910 0.240421 0.842537 0.229885 0.836497
0 0.305556 0.796376 0.302682 0.798533 0.303640 0.803710 0.321839 0.814064 0.325670 0.814927 0.334291 0.814064 0.347701 0.810613 0.350575 0.807161 0.350575 0.800259 0.348659 0.797670 0.342912 0.794651 0.317050 0.792925
0 0.116858 0.852459 0.111111 0.853322 0.101533 0.857204 0.099617 0.863244 0.100575 0.872735 0.103448 0.875755 0.115900 0.880932 0.125479 0.883520 0.135057 0.883952 0.147510 0.881363 0.156130 0.876618 0.163793 0.867127 0.161877 0.860224 0.159962 0.858067 0.152299 0.854616 0.138889 0.852890
0 0.088123 0.878775 0.083333 0.879638 0.072797 0.885677 0.070881 0.894737 0.074713 0.899914 0.082375 0.903796 0.090996 0.905522 0.105364 0.905522 0.117816 0.903796 0.127395 0.896894 0.126437 0.887403 0.123563 0.884383 0.117816 0.881795 0.113027 0.881795 0.103448 0.878775
0 0.161877 0.892148 0.151341 0.892148 0.131226 0.896462 0.116858 0.907248 0.122605 0.912425 0.133142 0.916307 0.142720 0.918033 0.160920 0.917601 0.171456 0.915876 0.175287 0.913719 0.178161 0.909405 0.176245 0.896462 0.172414 0.894305
0 0.207854 0.864538 0.196360 0.863244 0.183908 0.863676 0.174330 0.864970 0.165709 0.868421 0.163793 0.871872 0.153257 0.880932 0.153257 0.885246 0.160920 0.889991 0.181992 0.893443 0.202107 0.893011 0.213602 0.889991 0.222222 0.880500 0.216475 0.868852
0 0.235632 0.865833 0.230843 0.867990 0.221264 0.875755 0.223180 0.886540 0.228927 0.893011 0.235632 0.894305 0.242337 0.894305 0.260536 0.892580 0.276820 0.889129 0.280651 0.885677 0.280651 0.882657 0.277778 0.878343 0.270115 0.873598 0.258621 0.868852 0.241379 0.865401
0 0.275862 0.853322 0.269157 0.857204 0.266667 0.859405 0.264368 0.861087 0.261111 0.865186 0.262452 0.867041 0.263123 0.868809 0.264080 0.870017 0.263793 0.871527 0.266858 0.872606 0.271552 0.873814 0.275383 0.875151 0.282280 0.878645 0.292529 0.880457 0.303161 0.877610 0.310345 0.877049 0.312261 0.875324 0.318008 0.875324 0.319923 0.873598 0.318008 0.869715 0.310345 0.867990 0.306513 0.861519 0.311303 0.857636 0.309387 0.854185 0.297893 0.851596 0.287356 0.851596
0 0.373563 0.843831 0.369732 0.842105 0.362069 0.840811 0.347701 0.840811 0.326628 0.844694 0.311303 0.853322 0.311303 0.865401 0.317050 0.867127 0.326628 0.866264 0.334291 0.867558 0.343870 0.867558 0.367816 0.861519 0.377395 0.854616 0.377395 0.848576
0 0.320881 0.817084 0.302682 0.821829 0.291188 0.828300 0.291188 0.834771 0.299808 0.838654 0.326628 0.843399 0.343870 0.838223 0.346743 0.834771 0.347701 0.829163 0.343870 0.821829 0.335249 0.820966 0.328544 0.817084
0 0.359195 0.817084 0.349617 0.822261 0.348659 0.831320 0.359195 0.838654 0.370690 0.840380 0.380268 0.843831 0.388889 0.844262 0.403257 0.837791 0.407088 0.827869 0.405172 0.821829 0.396552 0.817084 0.387931 0.815358 0.370690 0.815358
0 0.451149 0.825712 0.443487 0.824418 0.425287 0.824418 0.409962 0.827869 0.405172 0.834340 0.405172 0.842537 0.411877 0.850733 0.418582 0.852028 0.432950 0.851596 0.453065 0.847282 0.459770 0.844262 0.463602 0.838654 0.463602 0.832614 0.459770 0.828732
0 0.478927 0.793356 0.475096 0.798533 0.477969 0.801122 0.490421 0.801553 0.501916 0.803710 0.516284 0.808456 0.522031 0.806730 0.527778 0.801553 0.527778 0.797670 0.517241 0.790768 0.509579 0.789474 0.492337 0.789905 0.485632 0.790768
0 0.482759 0.802847 0.473180 0.805867 0.466475 0.810613 0.463602 0.816652 0.463602 0.823123 0.465517 0.825280 0.473180 0.828732 0.492337 0.828732 0.500958 0.826575 0.510536 0.826575 0.516284 0.822692 0.516284 0.820966 0.517337 0.816825 0.517241 0.814927 0.518199 0.810181 0.514751 0.809016 0.514751 0.808930 0.510441 0.806859 0.508621 0.807161 0.507663 0.806299 0.498084 0.805436 0.491379 0.802847
0 0.540230 0.803279 0.534483 0.803710 0.522989 0.806730 0.521073 0.823986 0.532567 0.831752 0.545019 0.833046 0.556513 0.830457 0.573755 0.822261 0.575670 0.816221 0.573755 0.811907 0.560345 0.806299
0 0.830460 0.775237 0.825670 0.776963 0.821839 0.780414 0.821839 0.791199 0.829502 0.798102 0.848659 0.801984 0.867816 0.795945 0.874521 0.792494 0.875479 0.785591 0.873563 0.783003 0.861111 0.779983 0.848659 0.775237
0 0.795977 0.766609 0.776820 0.768335 0.766284 0.770923 0.759579 0.775237 0.758621 0.782571 0.762452 0.791631 0.768199 0.796808 0.776820 0.799827 0.795977 0.800690 0.799808 0.799396 0.806513 0.798965 0.820881 0.791631 0.820881 0.785160 0.817050 0.776963 0.812261 0.773512
0 0.750000 0.783003 0.731801 0.782571 0.715517 0.785160 0.713602 0.786885 0.713602 0.791631 0.708812 0.794651 0.704023 0.802416 0.706897 0.806299 0.723180 0.808024 0.738506 0.808024 0.748084 0.807161 0.753831 0.805436 0.763410 0.798533 0.764368 0.794651 0.756705 0.786022
0 0.711686 0.786022 0.699234 0.784728 0.677203 0.790336 0.665709 0.801984 0.666667 0.806730 0.673372 0.810181 0.681992 0.811475 0.688697 0.811044 0.699234 0.807161 0.713602 0.791631 0.713602 0.786885
0 0.624521 0.808887 0.618774 0.816652 0.617816 0.822692 0.638889 0.831320 0.646552 0.832183 0.658046 0.830889 0.676245 0.831320 0.682950 0.829594 0.687739 0.824418 0.687739 0.817947 0.680077 0.812770 0.662835 0.805436 0.657088 0.804573 0.638889 0.805436 0.628352 0.807161
0 0.613985 0.821829 0.600575 0.820966 0.584291 0.821398 0.573755 0.823123 0.566092 0.825712 0.562261 0.829163 0.564176 0.838654 0.569923 0.843831 0.577586 0.847282 0.584291 0.848576 0.596743 0.849008 0.622605 0.844262 0.627395 0.835634 0.632184 0.833909 0.631226 0.830026
0 0.544061 0.836066 0.533525 0.836928 0.525862 0.839948 0.520115 0.848576 0.521073 0.853753 0.519157 0.857636 0.521073 0.861519 0.524904 0.864107 0.534483 0.866264 0.549808 0.865401 0.564176 0.863244 0.571839 0.860656 0.575670 0.857636 0.573755 0.845557 0.568008 0.842537 0.561303 0.841674 0.557471 0.839517
0 0.482759 0.830889 0.474138 0.833046 0.469349 0.835634 0.464559 0.840380 0.464559 0.842968 0.468391 0.845988 0.480843 0.850733 0.496169 0.854185 0.505747 0.853753 0.520115 0.848576 0.524904 0.838223 0.523946 0.835634 0.519157 0.832614 0.509579 0.830026 0.497126 0.830026 0.491379 0.831320
0 0.491379 0.853322 0.484674 0.852890 0.472222 0.849008 0.455939 0.847282 0.437739 0.851596 0.435824 0.853322 0.436782 0.860224 0.447318 0.867990 0.456897 0.868421 0.481801 0.861519
0 0.394636 0.852890 0.385057 0.857204 0.387931 0.864970 0.386015 0.877481 0.394636 0.881363 0.412835 0.881363 0.418582 0.877912 0.421456 0.872304 0.431034 0.869715 0.431034 0.861087 0.412835 0.853322 0.407088 0.852459
0 0.381226 0.860656 0.377395 0.860656 0.357280 0.864970 0.345785 0.869284 0.340038 0.873167 0.339080 0.880932 0.352490 0.888266 0.368774 0.888266 0.377395 0.884814 0.383142 0.880932 0.385057 0.877912 0.385057 0.863244
0 0.333333 0.879206 0.317050 0.878775 0.304598 0.880500 0.301724 0.882226 0.291188 0.883952 0.281609 0.888266 0.279693 0.896462 0.291188 0.905522 0.308429 0.908110 0.317050 0.907248 0.343870 0.900777 0.352490 0.896031 0.353448 0.891717 0.349617 0.886972
0 0.508621 0.861087 0.491379 0.860656 0.482759 0.861519 0.467433 0.867990 0.459770 0.869715 0.455939 0.872735 0.459770 0.875324 0.459770 0.877049 0.473180 0.881363 0.479885 0.882226 0.508621 0.881363 0.517241 0.878775 0.519157 0.877481 0.519157 0.867990
0 0.428161 0.872735 0.423372 0.874461 0.418582 0.880069 0.420498 0.893011 0.428161 0.901639 0.438697 0.903796 0.456897 0.902502 0.465517 0.899914 0.474138 0.889560 0.471264 0.881363 0.456897 0.874892 0.449234 0.872735
0 0.407088 0.883089 0.392720 0.883089 0.382184 0.884383 0.372605 0.889560 0.371648 0.895600 0.378352 0.905522 0.386015 0.909405 0.402299 0.909405 0.417625 0.904659 0.423372 0.901208 0.416667 0.885677 0.413793 0.883952
0 0.367816 0.899914 0.351533 0.899482 0.341954 0.903365 0.334291 0.904659 0.318966 0.911993 0.313218 0.915876 0.311303 0.919327 0.311303 0.924072 0.314176 0.927955 0.334291 0.933132 0.345785 0.933563 0.353448 0.932701 0.370690 0.923641 0.378352 0.912856 0.375479 0.906385 0.366858 0.903796 0.368774 0.901639
0 0.405172 0.910267 0.393678 0.911562 0.380268 0.915444 0.379310 0.919758 0.372605 0.923210 0.377395 0.932269 0.393678 0.937015 0.405172 0.937015 0.422414 0.934426 0.431034 0.930544 0.431992 0.927524 0.428161 0.922778 0.418582 0.918464 0.413793 0.913287
0 0.430077 0.903365 0.422414 0.904228 0.411877 0.907248 0.409962 0.910267 0.415709 0.914150 0.419540 0.921053 0.428161 0.928387 0.432950 0.929681 0.440613 0.929681 0.449234 0.928387 0.454023 0.925798 0.457854 0.915876 0.463602 0.912425 0.463602 0.909405 0.456897 0.904228 0.435824 0.904228
0 0.459770 0.911993 0.455939 0.919758 0.455939 0.927955 0.466475 0.931838 0.482759 0.933995 0.492337 0.933995 0.500958 0.932269 0.506705 0.928818 0.512452 0.920621 0.512452 0.915876 0.509579 0.912856 0.499042 0.909405 0.482759 0.908110
0 0.482759 0.886109 0.476054 0.890423 0.473180 0.895600 0.477969 0.904659 0.484674 0.906816 0.505747 0.908973 0.519157 0.908542 0.522989 0.906816 0.527778 0.900777 0.538314 0.895600 0.541188 0.893011 0.539272 0.890854 0.529693 0.886972 0.519157 0.884814 0.494253 0.884814
0 0.570881 0.865833 0.559387 0.865401 0.534483 0.868852 0.522989 0.876618 0.522989 0.878775 0.526820 0.884814 0.535441 0.888266 0.546935 0.889991 0.561303 0.889991 0.569923 0.888266 0.578544 0.887834 0.585249 0.885246 0.585249 0.880500 0.582375 0.878775 0.579502 0.871441
0 0.640805 0.858499 0.629310 0.857204 0.616858 0.857204 0.595785 0.859362 0.586207 0.858930 0.582375 0.862381 0.575670 0.864970 0.579502 0.873167 0.587165 0.880500 0.593870 0.882226 0.605364 0.882226 0.613985 0.880932 0.622605 0.877912 0.641762 0.867558 0.642720 0.860224
0 0.645594 0.852459 0.636973 0.848145 0.630268 0.846419 0.619732 0.845557 0.613027 0.845988 0.594828 0.849871 0.589080 0.853753 0.586207 0.858499 0.588123 0.859362 0.597701 0.859362 0.604406 0.857204 0.621648 0.855479 0.637931 0.858499 0.648467 0.858067
0 0.680077 0.858499 0.672414 0.857636 0.657088 0.858930 0.645594 0.864107 0.632184 0.877481 0.639847 0.882657 0.647510 0.885677 0.655172 0.886540 0.666667 0.886109 0.674330 0.883089 0.687739 0.873598 0.687739 0.868421 0.683908 0.860656
0 0.717433 0.808024 0.702107 0.808887 0.695402 0.811475 0.688697 0.817947 0.685824 0.827869 0.686782 0.833046 0.698276 0.840380 0.705939 0.842105 0.726054 0.839517 0.741379 0.830026 0.747126 0.822692 0.746169 0.816652 0.739464 0.812338 0.733716 0.810181
0 0.765326 0.802416 0.760536 0.804573 0.756705 0.808456 0.751916 0.809750 0.747126 0.814495 0.749042 0.822692 0.760536 0.827437 0.770115 0.827006 0.786398 0.830889 0.797893 0.830889 0.813218 0.827006 0.813218 0.824418 0.804598 0.821398 0.794061 0.814495 0.792146 0.805867 0.778736 0.801984
0 0.777778 0.830026 0.765230 0.828041 0.742337 0.832183 0.730843 0.837791 0.730843 0.844262 0.744253 0.854185 0.761494 0.855910 0.774904 0.853753 0.787356 0.850302 0.788314 0.840380 0.782567 0.832614
0 0.710728 0.846419 0.704023 0.847714 0.686782 0.856342 0.684866 0.861950 0.691571 0.871009 0.698276 0.873167 0.728927 0.875324 0.744253 0.870578 0.754789 0.869715 0.755747 0.868852 0.747126 0.857204 0.734674 0.848145 0.727969 0.846419
0 0.788314 0.855479 0.784483 0.855479 0.780268 0.855134 0.771073 0.855910 0.760536 0.857204 0.754789 0.861087 0.754789 0.865401 0.760536 0.871872 0.776820 0.878343 0.790230 0.877049 0.806513 0.869715 0.805556 0.863676
0 0.739464 0.872735 0.734674 0.874461 0.729885 0.879638 0.730843 0.889560 0.734674 0.893874 0.739464 0.894737 0.770115 0.894305 0.778736 0.889560 0.778736 0.882657 0.773946 0.880932 0.771073 0.877049 0.761494 0.873598 0.755747 0.872735
0 0.690613 0.874892 0.681992 0.879638 0.681992 0.887834 0.683908 0.888697 0.704023 0.889991 0.717433 0.895168 0.725096 0.893443 0.728927 0.890423 0.727969 0.877049 0.701149 0.874029
0 0.770115 0.899482 0.752874 0.896894 0.745211 0.896894 0.730843 0.899482 0.720307 0.904228 0.716475 0.907679 0.719349 0.915876 0.742337 0.924072 0.754789 0.921484 0.760536 0.918896 0.770115 0.919327 0.779693 0.915876 0.780651 0.914150 0.779693 0.906385
0 0.672414 0.889991 0.666667 0.892580 0.659004 0.899482 0.666667 0.908110 0.677203 0.911130 0.699234 0.913719 0.708812 0.911562 0.718391 0.904228 0.719349 0.897325 0.717433 0.895168 0.702107 0.889991 0.682950 0.888697
0 0.630268 0.879206 0.620690 0.878775 0.605364 0.883089 0.590996 0.884814 0.588123 0.887834 0.589080 0.895168 0.601533 0.903365 0.606322 0.903796 0.621648 0.900777 0.647510 0.898188 0.649425 0.894305 0.648467 0.889129
0 0.641762 0.899482 0.621648 0.900345 0.603448 0.906816 0.595785 0.915444 0.598659 0.920190 0.605364 0.924072 0.618774 0.927955 0.623563 0.927955 0.635057 0.923641 0.651341 0.912856 0.650383 0.903796 0.648467 0.901639
0 0.664751 0.909836 0.653257 0.913287 0.642720 0.919758 0.639847 0.923210 0.638889 0.933132 0.644636 0.937446 0.659962 0.940466 0.682950 0.940466 0.699234 0.932269 0.700192 0.922778 0.698276 0.915444 0.692529 0.913287
0 0.702107 0.916307 0.698276 0.918464 0.698276 0.931406 0.689655 0.935289 0.687739 0.939603 0.697318 0.941760 0.719349 0.941760 0.735632 0.936152 0.740421 0.931838 0.741379 0.926661 0.731801 0.920621 0.717433 0.916307
0 0.186782 0.895168 0.181992 0.896462 0.180077 0.899914 0.180077 0.908110 0.184866 0.915013 0.193487 0.919327 0.213602 0.923210 0.222222 0.919327 0.229885 0.912425 0.229885 0.903365 0.227969 0.899914 0.222222 0.896031 0.205939 0.894737
0 0.240421 0.895600 0.233716 0.900345 0.233716 0.916307 0.238506 0.919327 0.244253 0.920190 0.272989 0.920621 0.282567 0.915876 0.286398 0.910267 0.286398 0.906816 0.281609 0.903796 0.279693 0.899482 0.273946 0.896894 0.262452 0.894737 0.255747 0.894305
0 0.110153 0.915876 0.091954 0.923210 0.088123 0.927524 0.088123 0.933563 0.091954 0.936152 0.099617 0.938309 0.113027 0.940035 0.127395 0.939603 0.136015 0.937446 0.139847 0.935289 0.144636 0.923641 0.140805 0.919758 0.126437 0.915444
0 0.173372 0.919758 0.158046 0.921915 0.147510 0.926230 0.142720 0.930544 0.143678 0.935720 0.160920 0.943917 0.168582 0.944349 0.180077 0.946937 0.189655 0.945643 0.203065 0.939603 0.205939 0.935720 0.204981 0.927524 0.196360 0.921484 0.187739 0.920190
0 0.236590 0.921484 0.229885 0.922778 0.225096 0.926230 0.223180 0.936152 0.227011 0.941329 0.243295 0.947800 0.250000 0.948663 0.271073 0.943917 0.276820 0.940897 0.278736 0.937877 0.278736 0.928818 0.265326 0.922347 0.257663 0.921484
0 0.090996 0.946937 0.090996 0.951251 0.097701 0.955997 0.099617 0.959448 0.110153 0.960311 0.134100 0.964625 0.144636 0.962899 0.152299 0.959879 0.159962 0.952114 0.159004 0.949957 0.153257 0.946506 0.133142 0.942192 0.107280 0.941329 0.099617 0.942623
0 0.170498 0.954271 0.159004 0.956859 0.151341 0.961173 0.147510 0.966350 0.150383 0.979292 0.156130 0.980587 0.186782 0.980587 0.196360 0.977567 0.205939 0.971096 0.208812 0.967213 0.208812 0.962036 0.205939 0.959448 0.193487 0.954702
0 0.116858 0.962468 0.099617 0.960311 0.087165 0.963762 0.073755 0.977135 0.073755 0.979292 0.078544 0.982744 0.082375 0.984038 0.098659 0.984038 0.110153 0.982312 0.115900 0.977567 0.120690 0.967213
0 0.134100 0.968939 0.120690 0.974978 0.118774 0.977567 0.117816 0.983175 0.121648 0.990509 0.135057 0.998274 0.135057 1.000000 0.171456 1.000000 0.171456 0.998274 0.181992 0.993960 0.181992 0.987058 0.180077 0.984469 0.173372 0.982312 0.154215 0.980587 0.149425 0.978430 0.145594 0.968939 0.143678 0.968076
0 0.077586 0.997843 0.077586 1.000000 0.135057 1.000000 0.135057 0.997843 0.128352 0.995686 0.122605 0.991372 0.110153 0.989215 0.097701 0.989646 0.091954 0.990940
0 0.173372 0.997843 0.173372 1.000000 0.227969 1.000000 0.227969 0.997843 0.223180 0.993960 0.205939 0.990940 0.196360 0.990940 0.182950 0.993960
0 0.213602 0.968939 0.202107 0.974547 0.202107 0.976273 0.195402 0.982312 0.195402 0.987489 0.199234 0.989646 0.220307 0.993960 0.234674 0.993097 0.245211 0.988783 0.250958 0.978430 0.240421 0.971527 0.232759 0.968939
0 0.204981 0.943917 0.198276 0.947800 0.196360 0.950388 0.198276 0.954271 0.213602 0.962899 0.220307 0.964625 0.230843 0.964193 0.239464 0.960311 0.242337 0.957291 0.243295 0.952977 0.240421 0.948231 0.228927 0.943054 0.222222 0.942192
0 0.274904 0.945643 0.265326 0.946937 0.251916 0.951251 0.247126 0.955565 0.246169 0.963330 0.248084 0.966782 0.256705 0.971096 0.263410 0.972821 0.284483 0.973684 0.302682 0.970664 0.317050 0.962899 0.317050 0.961173 0.308429 0.950820 0.300766 0.946937
0 0.264368 0.975410 0.252874 0.981018 0.248084 0.986195 0.249042 0.993960 0.253831 0.997843 0.253831 1.000000 0.304598 1.000000 0.304598 0.990078 0.286398 0.976704 0.276820 0.973684 0.272031 0.973684
0 0.306513 0.971096 0.300766 0.974547 0.300766 0.976704 0.295977 0.981450 0.305556 0.990078 0.324713 0.996980 0.336207 0.997282 0.347701 0.996549 0.357280 0.989646 0.359195 0.983175 0.346743 0.972821 0.331418 0.970664
0 0.349617 0.997412 0.343966 0.997843 0.327490 0.997584 0.320881 0.996980 0.318966 1.000000 0.349617 1.000000
0 0.358238 0.959016 0.352490 0.960311 0.349617 0.962468 0.348659 0.974978 0.357280 0.980587 0.363027 0.986626 0.368774 0.988783 0.378352 0.988783 0.382184 0.983175 0.387931 0.979292 0.389847 0.972390 0.388889 0.963330 0.386015 0.961605 0.379310 0.960311
0 0.366858 0.997412 0.366858 1.000000 0.427203 1.000000 0.427203 0.997843 0.422414 0.993960 0.405172 0.991372 0.379310 0.992235
0 0.500958 0.983175 0.474138 0.981018 0.455939 0.982744 0.448276 0.984901 0.438697 0.989646 0.439655 1.000000 0.503831 1.000000 0.504789 0.993529
0 0.457854 0.970664 0.452107 0.969370 0.445402 0.965487 0.431992 0.962468 0.415709 0.962899 0.403257 0.965056 0.393678 0.968939 0.390805 0.972390 0.389847 0.979724 0.395594 0.988783 0.403257 0.990940 0.420498 0.991803 0.436782 0.990509 0.453065 0.981450 0.458812 0.976273
0 0.422414 0.935720 0.412835 0.936152 0.398467 0.939172 0.386015 0.945211 0.386015 0.948663 0.393678 0.956428 0.404215 0.961173 0.411877 0.962899 0.421456 0.961605 0.431992 0.961605 0.437739 0.959016 0.441571 0.953840 0.441571 0.942623 0.431034 0.937015
0 0.370690 0.938309 0.354406 0.934858 0.340996 0.935289 0.334291 0.936583 0.328544 0.939172 0.323755 0.943917 0.322797 0.951251 0.325670 0.956859 0.331418 0.959016 0.354406 0.959448 0.365900 0.957291 0.370690 0.955134 0.378352 0.947368 0.377395 0.943486
0 0.449234 0.935720 0.444444 0.939172 0.444444 0.945643 0.445594 0.954012 0.451533 0.958542 0.460057 0.959016 0.477011 0.952545 0.489464 0.950388 0.497126 0.943486 0.496169 0.938309 0.493295 0.936152 0.465517 0.933132 0.455939 0.933132
0 0.489464 0.952545 0.474138 0.954271 0.470307 0.957291 0.464559 0.958154 0.459770 0.962468 0.459770 0.967645 0.474138 0.978861 0.481801 0.980587 0.491379 0.981018 0.503831 0.979724 0.515326 0.974547 0.520115 0.968076 0.520115 0.962036 0.512452 0.958585 0.506705 0.957722 0.500000 0.953840
0 0.535441 0.931838 0.516284 0.933563 0.507663 0.936583 0.502874 0.942192 0.501916 0.951251 0.508621 0.955997 0.516284 0.957291 0.525862 0.956428 0.549808 0.943917 0.551724 0.940466 0.549808 0.935720
0 0.513410 0.923641 0.515326 0.925798 0.526820 0.930544 0.544061 0.934426 0.561303 0.934858 0.569923 0.931838 0.571839 0.923641 0.543103 0.919327 0.525575 0.917947
0 0.539272 0.896031 0.529693 0.900345 0.525862 0.903796 0.525862 0.908973 0.536398 0.916307 0.552682 0.919758 0.568008 0.921053 0.576628 0.920621 0.588123 0.916739 0.593870 0.908973 0.592912 0.901208 0.588123 0.896031 0.562261 0.893443 0.551724 0.893443
0 0.551724 0.946074 0.529693 0.955997 0.524904 0.962036 0.524904 0.967213 0.534483 0.971527 0.546935 0.971527 0.556513 0.972821 0.569923 0.972390 0.577586 0.970664 0.586207 0.966782 0.590038 0.962468 0.589080 0.955134 0.579502 0.949525 0.569923 0.946937
0 0.588123 0.918896 0.577586 0.923210 0.568966 0.932701 0.567050 0.937015 0.568008 0.943486 0.575670 0.946074 0.582375 0.946074 0.594828 0.943917 0.599617 0.941760 0.612069 0.939603 0.616858 0.936583 0.617816 0.931406 0.613985 0.927955 0.602490 0.924504 0.595785 0.920190
0 0.607280 0.967645 0.588123 0.977998 0.588123 0.980155 0.592912 0.984038 0.595785 0.989215 0.621648 0.996117 0.633142 0.996549 0.652299 0.993529 0.660920 0.987489 0.664751 0.981018 0.664751 0.976273 0.660920 0.972390 0.653257 0.969370 0.639847 0.966350 0.617816 0.966350
0 0.509579 0.978430 0.506705 0.981450 0.505747 0.991372 0.507663 0.995686 0.513410 0.998274 0.513410 1.000000 0.562261 1.000000 0.562261 0.998274 0.568966 0.994823 0.570881 0.992235 0.575670 0.990509 0.573755 0.982312 0.568966 0.977567 0.562261 0.974116 0.531609 0.973253 0.517241 0.975410
0 0.763410 0.922347 0.750000 0.923641 0.744253 0.927092 0.738506 0.933995 0.738506 0.940897 0.741379 0.945211 0.750958 0.949094 0.770115 0.948231 0.782567 0.946074 0.791188 0.942623 0.794061 0.938740 0.794061 0.932701 0.786398 0.927524
0 0.690613 0.942623 0.668582 0.950820 0.663793 0.954271 0.665709 0.958585 0.673372 0.965056 0.681992 0.967645 0.699234 0.968507 0.707854 0.970233 0.717433 0.970233 0.727969 0.966782 0.731801 0.962468 0.734674 0.950820 0.731801 0.947800 0.712644 0.942623
0 0.681034 0.968507 0.673372 0.971527 0.669540 0.974547 0.666092 0.982959 0.669444 0.989474 0.686686 0.993356 0.708812 0.990509 0.725096 0.982312 0.726054 0.977998 0.713602 0.971959 0.705939 0.969802
0 0.708812 0.997412 0.708812 1.000000 0.770115 1.000000 0.771073 0.993529 0.766284 0.989646 0.752874 0.984901 0.725096 0.984038 0.714559 0.988352
0 0.663793 0.997843 0.652299 0.994823 0.643678 0.994823 0.630268 0.997412 0.620690 0.995686 0.618774 1.000000 0.663793 1.000000
0 0.566092 0.997843 0.566092 1.000000 0.617816 1.000000 0.617816 0.997843 0.613027 0.993960 0.597701 0.990509 0.576628 0.991372 0.570881 0.993529
0 0.748084 0.978430 0.749042 0.982312 0.751916 0.983607 0.773946 0.988352 0.790230 0.988352 0.797893 0.987058 0.801724 0.984901 0.803640 0.981450 0.801724 0.974547 0.793103 0.973253 0.762452 0.973253
0 0.788314 0.997843 0.788314 1.000000 0.843870 1.000000 0.843870 0.993529 0.840038 0.990078 0.811303 0.985764 0.803640 0.986626 0.798851 0.988352
0 0.849617 0.962468 0.836207 0.962468 0.817050 0.968076 0.808429 0.977567 0.808429 0.980155 0.812261 0.984469 0.821839 0.986195 0.829502 0.986195 0.836207 0.988352 0.842912 0.987921 0.861111 0.976273 0.864943 0.971096 0.861111 0.966350
0 0.848659 0.997412 0.848659 1.000000 0.905172 1.000000 0.905172 0.997412 0.899425 0.993960 0.867816 0.990940 0.860153 0.991803
0 0.878352 0.965056 0.874521 0.966350 0.864943 0.975841 0.861111 0.984469 0.862069 0.988352 0.864943 0.989646 0.873563 0.989215 0.890805 0.992235 0.909962 0.991372 0.919540 0.986626 0.923372 0.979724 0.920498 0.973253 0.911877 0.968076 0.900383 0.964193
0 0.909962 0.997843 0.909962 1.000000 0.956897 1.000000 0.956897 0.997843 0.953065 0.997412 0.939655 0.991803 0.921456 0.992235
0 1.000000 0.985764 0.996169 0.985764 0.986590 0.981450 0.982759 0.981018 0.959770 0.982312 0.949234 0.985332 0.943487 0.994392 0.951149 0.998274 0.951149 1.000000 0.990421 1.000000 0.990421 0.998274 0.994253 0.995686 1.000000 0.994823
0 0.922414 0.955997 0.917625 0.959448 0.914751 0.967213 0.922414 0.972390 0.927203 0.978430 0.933908 0.981450 0.942529 0.983175 0.953065 0.983175 0.977969 0.980587 0.982759 0.979292 0.988506 0.971096 0.987548 0.966350 0.982759 0.961605 0.975096 0.957291 0.960728 0.952977 0.949234 0.951682 0.933908 0.951682
0 0.995211 0.943486 0.988506 0.946074 0.982759 0.950820 0.982759 0.955997 0.979885 0.959448 0.987548 0.971096 0.994253 0.973684 1.000000 0.973684 1.000000 0.943486
0 0.921456 0.941329 0.912835 0.937877 0.900383 0.936152 0.888889 0.935720 0.871648 0.937446 0.860153 0.944780 0.854406 0.957291 0.855364 0.960742 0.863027 0.963762 0.873563 0.965056 0.898467 0.963762 0.912835 0.960742 0.931034 0.951682 0.930077 0.946937 0.926245 0.945643
0 0.812261 0.926661 0.797893 0.931406 0.796935 0.940035 0.798851 0.943054 0.820881 0.950820 0.828544 0.952114 0.837165 0.951251 0.848659 0.946074 0.848659 0.936152 0.827586 0.927092
0 0.742337 0.954702 0.736590 0.961605 0.735632 0.967213 0.739464 0.974116 0.743295 0.976704 0.751916 0.976273 0.757663 0.974547 0.769157 0.973253 0.799808 0.973253 0.809387 0.967645 0.810345 0.962468 0.802682 0.954702 0.788314 0.950388 0.781609 0.949525 0.760536 0.949525 0.748084 0.952114
0 0.837165 0.915444 0.832375 0.918896 0.831418 0.927955 0.849617 0.936583 0.865900 0.937015 0.877395 0.935720 0.881226 0.932269 0.881226 0.927092 0.876437 0.920190 0.864943 0.914582 0.856322 0.913719 0.846743 0.913719
0 0.898467 0.911130 0.890805 0.915876 0.884100 0.926230 0.884100 0.931406 0.887931 0.933563 0.897510 0.934858 0.920498 0.934858 0.930077 0.931406 0.934866 0.927524 0.932950 0.919758 0.927203 0.915444 0.919540 0.912856 0.911877 0.911562
0 0.944444 0.926230 0.937739 0.927955 0.926245 0.934426 0.922414 0.939172 0.925287 0.943054 0.934866 0.949957 0.959770 0.951251 0.969349 0.950820 0.977011 0.948231 0.980843 0.944349 0.984674 0.936152 0.982759 0.931406 0.974138 0.927524 0.961686 0.925367
0 0.985632 0.910267 0.977969 0.915876 0.976054 0.919327 0.977011 0.924935 0.983716 0.931838 0.995211 0.936583 1.000000 0.936583 1.000000 0.910267
0 0.962644 0.896031 0.950192 0.896894 0.930077 0.905953 0.928161 0.908110 0.928161 0.915876 0.934866 0.921915 0.942529 0.925798 0.963602 0.924504 0.974138 0.919327 0.985632 0.908110 0.984674 0.904228 0.981801 0.902071
0 0.995211 0.883952 0.982759 0.893011 0.980843 0.900777 0.993295 0.905953 1.000000 0.906385 1.000000 0.883952
0 0.942529 0.872735 0.937739 0.875324 0.932950 0.880932 0.941571 0.886540 0.947318 0.893011 0.953065 0.894737 0.968391 0.896031 0.979885 0.893443 0.988506 0.889129 0.987548 0.879638 0.966475 0.871872 0.955939 0.871441
0 0.899425 0.880069 0.892720 0.881795 0.887931 0.887834 0.886973 0.894305 0.890805 0.902934 0.899425 0.908110 0.918582 0.908973 0.931992 0.905091 0.941571 0.900777 0.946360 0.896894 0.946360 0.895168 0.940613 0.887834 0.929119 0.881795 0.922414 0.880500
0 0.829502 0.892148 0.828544 0.896462 0.836207 0.897757 0.843870 0.902934 0.840038 0.912425 0.866858 0.912856 0.878352 0.910699 0.886015 0.904659 0.887931 0.899051 0.886015 0.892580 0.876437 0.886972 0.854406 0.886540 0.841954 0.888266
0 0.829502 0.895600 0.803640 0.894737 0.786398 0.899914 0.782567 0.903796 0.783525 0.913719 0.795019 0.921484 0.811303 0.921915 0.822797 0.920190 0.836207 0.913719 0.842912 0.903796 0.839080 0.902071 0.835249 0.897757
0 0.780651 0.880500 0.782567 0.890423 0.779693 0.892580 0.785441 0.893874 0.798851 0.893874 0.807471 0.892148 0.823755 0.890854 0.830460 0.889560 0.833333 0.887403 0.833333 0.884383 0.827586 0.880932 0.815134 0.877049 0.795019 0.876618
0 0.817050 0.860656 0.808429 0.868421 0.807471 0.874461 0.809387 0.875755 0.820881 0.877912 0.840038 0.886109 0.850575 0.886109 0.858238 0.884814 0.868774 0.879206 0.871648 0.874461 0.871648 0.867558 0.868774 0.863676 0.860153 0.860656 0.849617 0.858930 0.829502 0.859362
0 0.918582 0.858499 0.901341 0.855479 0.889847 0.855047 0.882184 0.857204 0.872605 0.863676 0.873563 0.872735 0.871648 0.877481 0.882184 0.885246 0.887931 0.884383 0.898467 0.879638 0.915709 0.879638 0.925287 0.877481 0.929119 0.874029 0.929119 0.867127 0.927203 0.864107
0 0.963602 0.848145 0.952107 0.846851 0.941571 0.847282 0.931992 0.848576 0.925287 0.851596 0.922414 0.858067 0.935824 0.870147 0.940613 0.871009 0.961686 0.871009 0.966475 0.870147 0.971264 0.866695 0.976054 0.859362 0.976054 0.855479 0.971264 0.851165
0 0.995211 0.852890 0.984674 0.857636 0.975096 0.864970 0.974138 0.870578 0.975096 0.872304 0.987548 0.878343 0.994253 0.880069 1.000000 0.880069 1.000000 0.852890
0 0.970307 0.832614 0.965517 0.839948 0.966475 0.846419 0.969349 0.850302 0.977969 0.854185 0.982759 0.854616 1.000000 0.852890 1.000000 0.831320 0.976054 0.831320
0 0.994253 0.802416 0.980843 0.805004 0.971264 0.808887 0.965517 0.814495 0.965517 0.819672 0.969349 0.823986 0.977011 0.827869 0.992337 0.830457 1.000000 0.830457 1.000000 0.802416
0 0.966475 0.786885 0.952107 0.786885 0.932950 0.790768 0.929119 0.793356 0.925287 0.799396 0.926245 0.805436 0.932950 0.810613 0.942529 0.813201 0.964559 0.811907 0.976054 0.805436 0.977969 0.803279 0.976054 0.795513 0.973180 0.790768
0 0.888889 0.786885 0.869732 0.795082 0.866858 0.807593 0.871648 0.809750 0.877395 0.810613 0.897510 0.811475 0.917625 0.811044 0.923372 0.807161 0.922414 0.801984 0.924330 0.799396 0.918582 0.790336 0.909004 0.786885
0 0.909962 0.814064 0.892720 0.811475 0.881226 0.811475 0.858238 0.817947 0.848659 0.822692 0.844828 0.825712 0.846743 0.830457 0.863027 0.839517 0.874521 0.842105 0.892720 0.839948 0.901341 0.836497 0.912835 0.822692
0 0.943487 0.815789 0.934866 0.815789 0.926245 0.818378 0.910920 0.826143 0.906130 0.832614 0.906130 0.838223 0.909962 0.842105 0.931992 0.847282 0.944444 0.846851 0.954981 0.844262 0.964559 0.839085 0.968391 0.831752 0.968391 0.825712 0.961686 0.819241
0 0.860153 0.853322 0.860153 0.858067 0.864943 0.861950 0.873563 0.861950 0.880268 0.857636 0.887931 0.855479 0.898467 0.855479 0.918582 0.858499 0.922414 0.853753 0.920498 0.848145 0.913793 0.844694 0.893678 0.841674 0.881226 0.841674 0.871648 0.843831
0 0.811303 0.830889 0.802682 0.833909 0.793103 0.840811 0.793103 0.849008 0.795019 0.851165 0.815134 0.858499 0.840996 0.858930 0.848659 0.858067 0.861111 0.850302 0.861111 0.845125 0.857280 0.842105 0.839080 0.833477 0.822797 0.829594
0 0.795977 0.801984 0.798946 0.816135 0.813218 0.823555 0.824713 0.825280 0.835249 0.825280 0.841954 0.824418 0.847701 0.821829 0.852490 0.818378 0.855364 0.811044 0.848659 0.803710 0.831418 0.799396 0.814176 0.798533
0 0.369732 0.651855 0.364943 0.654012 0.360153 0.666091 0.366858 0.670406 0.374521 0.671700 0.378352 0.673857 0.404215 0.672994 0.414751 0.666091 0.413793 0.661777 0.410920 0.660052 0.412261 0.650086 0.399425 0.650129 0.381226 0.649698
0 0.614943 0.278689 0.603448 0.279551 0.589080 0.286022 0.587165 0.299396 0.591954 0.304142 0.604406 0.307161 0.613985 0.307161 0.630556 0.303710 0.637931 0.295513 0.638889 0.290768 0.632184 0.283003 0.628352 0.281277
0 0.386015 0.301984 0.376437 0.305004 0.367816 0.306299 0.358238 0.310181 0.356322 0.312770 0.351533 0.314495 0.346743 0.319370 0.349042 0.324720 0.359004 0.325971 0.371648 0.330457 0.386015 0.333909 0.395594 0.333909 0.404215 0.331752 0.418582 0.325712 0.424330 0.319241 0.423372 0.314495 0.419540 0.312770 0.416667 0.309318 0.408046 0.305436 0.396552 0.302416
0 0.261494 0.313632 0.239464 0.317515 0.237548 0.318378 0.236590 0.324418 0.238506 0.330026 0.242337 0.333477 0.266284 0.338654 0.276149 0.337015 0.286398 0.334340 0.288314 0.329163 0.286973 0.324418 0.284483 0.320104 0.282567 0.318378 0.273946 0.314495
0 0.094253 0.280802 0.090038 0.283003 0.076628 0.286885 0.073755 0.291199 0.081418 0.306730 0.091954 0.310181 0.104406 0.303279 0.128352 0.298965 0.129310 0.290768 0.117816 0.285591 0.100575 0.280414
0 0.278736 0.336928 0.276820 0.337791 0.270115 0.341070 0.270115 0.345557 0.269061 0.348749 0.269157 0.353753 0.275862 0.357636 0.297893 0.359793 0.319923 0.358067 0.327586 0.353322 0.326628 0.345557 0.320881 0.340380 0.314176 0.337791 0.301724 0.335634 0.288314 0.335634
0 0.362356 0.328473 0.351724 0.328343 0.338793 0.337662 0.332375 0.341242 0.332375 0.346419 0.351533 0.353753 0.370690 0.356773 0.381226 0.354185 0.387931 0.351165 0.390805 0.337360 0.382184 0.333477
0 0.448276 0.326143 0.436782 0.323598 0.420498 0.326575 0.412835 0.327869 0.403257 0.332614 0.393678 0.341242 0.392720 0.350302 0.399425 0.353753 0.419540 0.356773 0.430077 0.356342 0.439655 0.354185 0.448276 0.346419 0.451149 0.339517
0 0.135057 0.362813 0.132184 0.364970 0.129310 0.368680 0.125479 0.373598 0.136015 0.381363 0.152299 0.387834 0.159004 0.386972 0.170498 0.387834 0.181034 0.384383 0.190613 0.378343 0.192529 0.373598 0.191571 0.368852 0.185824 0.365401 0.179119 0.362813 0.161877 0.360656 0.149425 0.360656
0 0.396552 0.373167 0.379023 0.371139 0.360153 0.380500 0.357280 0.388697 0.360153 0.400777 0.366858 0.401639 0.376437 0.400777 0.384100 0.398619 0.402299 0.396031 0.409004 0.393011 0.411877 0.389560 0.410920 0.380500 0.406130 0.376618
0 0.490421 0.309750 0.481801 0.312770 0.469061 0.325841 0.472893 0.333434 0.490421 0.334340 0.510536 0.335203 0.521073 0.330889 0.522031 0.322261 0.504789 0.310613 0.501916 0.309750
0 0.533525 0.307593 0.525862 0.310613 0.523946 0.317947 0.525862 0.322692 0.534483 0.328732 0.543103 0.330026 0.550766 0.330500 0.556513 0.333046 0.561303 0.333477 0.569923 0.330889 0.572797 0.328300 0.569923 0.314927 0.561303 0.308024 0.552682 0.306299 0.542146 0.306299
0 0.535441 0.388697 0.509579 0.391717 0.496169 0.396462 0.491284 0.397929 0.490421 0.400345 0.488506 0.408110 0.499042 0.413287 0.521073 0.417170 0.533525 0.416739 0.544061 0.413287 0.549808 0.404659 0.548851 0.399914 0.540230 0.390854
0 0.718391 0.391286 0.710824 0.390552 0.701149 0.390423 0.689655 0.389991 0.675287 0.396462 0.664751 0.403365 0.663793 0.405953 0.664751 0.408973 0.669540 0.410267 0.678161 0.416739 0.698276 0.417170 0.704023 0.416307 0.716475 0.408973 0.721264 0.402934 0.721264 0.396462
0 0.738985 0.244478 0.760536 0.238999 0.778736 0.239862 0.795019 0.243745 0.805556 0.247627 0.796935 0.262295 0.790230 0.264021 0.783525 0.264021 0.751916 0.259707 0.747126 0.254098 0.741092 0.251769
0 0.835249 0.248059 0.819923 0.247627 0.806513 0.252373 0.800766 0.258844 0.799808 0.265315 0.802682 0.269629 0.811303 0.273943 0.829502 0.271786 0.838123 0.271786 0.845785 0.267903 0.840996 0.264884 0.840038 0.260138 0.843391 0.256385 0.845307 0.253796 0.845785 0.251941
0 0.874521 0.248490 0.863985 0.248490 0.849617 0.251941 0.846743 0.254185 0.843870 0.256687 0.841284 0.261821 0.844061 0.265746 0.847414 0.267860 0.850575 0.270060 0.854406 0.272217 0.872605 0.272217 0.883142 0.267903 0.887931 0.261432 0.887931 0.257118 0.884100 0.251510
0 0.934866 0.257981 0.931034 0.259405 0.928352 0.260742 0.926724 0.261303 0.925287 0.262726 0.916667 0.267903 0.914751 0.273943 0.916667 0.279551 0.922414 0.281277 0.951149 0.282140 0.959770 0.281277 0.966475 0.277394 0.970307 0.272217 0.971264 0.266609 0.969349 0.263589 0.956897 0.258412 0.945402 0.257550
0 0.986590 0.355479 0.967433 0.361519 0.964559 0.364970 0.963602 0.370578 0.966475 0.374461 0.977969 0.377912 0.985632 0.383520 0.988314 0.387921 0.995211 0.391717 1.000000 0.391717 1.000000 0.355910
0 0.794061 0.397325 0.781609 0.399914 0.777778 0.402502 0.774904 0.407248 0.772414 0.416350 0.777299 0.421613 0.795019 0.422347 0.805556 0.422347 0.811303 0.420621 0.820881 0.419758 0.827586 0.416739 0.827586 0.411993 0.820881 0.404228 0.810345 0.400345
0 0.646552 0.452114 0.645594 0.455997 0.647510 0.459879 0.653257 0.462899 0.668582 0.464625 0.681034 0.467213 0.686782 0.467213 0.696360 0.465487 0.708812 0.459879 0.705939 0.455134 0.695402 0.449525 0.681034 0.443313 0.659962 0.446074
0 0.735632 0.524590 0.724138 0.524590 0.704981 0.528904 0.702395 0.530242 0.701245 0.531665 0.699425 0.532701 0.694444 0.536670 0.699234 0.542709 0.717433 0.552200 0.727969 0.552632 0.743295 0.549612 0.751916 0.542709 0.752874 0.533218 0.749042 0.529336
0 0.340038 0.554357 0.332375 0.556083 0.321839 0.560397 0.317050 0.563848 0.317050 0.569025 0.319923 0.572476 0.340134 0.579249 0.352490 0.577222 0.360153 0.575928 0.371648 0.570319 0.374521 0.565142 0.372605 0.560397 0.361111 0.556083 0.348659 0.554357
0 0.184866 0.595341 0.183908 0.608714 0.186782 0.611303 0.193487 0.613891 0.198276 0.614754 0.212644 0.614754 0.235632 0.612597 0.241379 0.607852 0.242337 0.600518 0.237548 0.595772 0.231801 0.593184 0.223180 0.591458 0.215517 0.589905 0.203065 0.590595 0.195402 0.591458
0 0.316092 0.594478 0.304789 0.599223 0.304598 0.613028 0.306513 0.615186 0.316092 0.619500 0.323755 0.620362 0.344828 0.619500 0.355364 0.616480 0.363985 0.611303 0.364943 0.605263 0.363027 0.603106 0.349617 0.596635 0.336207 0.593184 0.325670 0.593184
0 0.439080 0.612166 0.450192 0.613891 0.456897 0.615186 0.463123 0.618033 0.465517 0.622951 0.468391 0.627696 0.471935 0.633865 0.464559 0.638913 0.456897 0.640638 0.445115 0.641070 0.432663 0.639991 0.423372 0.638136 0.415709 0.632873 0.406897 0.625194 0.416284 0.619456 0.422414 0.616307 0.426533 0.615272
0 0.357280 0.668248 0.350575 0.668248 0.338123 0.671268 0.329502 0.674288 0.326628 0.676877 0.329406 0.680889 0.329502 0.685505 0.342912 0.691113 0.351533 0.689387 0.368774 0.681622 0.374521 0.677739 0.373563 0.673425
0 0.405172 0.675582 0.393678 0.674720 0.383142 0.676014 0.373563 0.681191 0.372797 0.681191 0.369349 0.681665 0.368103 0.683477 0.368103 0.684211 0.364368 0.685505 0.360153 0.686368 0.357280 0.688956 0.356322 0.693701 0.364943 0.699310 0.369732 0.700604 0.386015 0.700173 0.405172 0.697153 0.413793 0.693270 0.415709 0.690250 0.413793 0.681622
0 0.619732 0.738136 0.613027 0.739862 0.603448 0.745902 0.602490 0.754961 0.603448 0.756687 0.617816 0.762726 0.625479 0.769198 0.635249 0.773382 0.644636 0.772304 0.657088 0.765315 0.659004 0.757118 0.652299 0.750216 0.649425 0.744176 0.643678 0.740293 0.638889 0.738568
0 0.561303 0.716566 0.552107 0.720060 0.554598 0.725194 0.554598 0.732959 0.560345 0.736411 0.580460 0.738136 0.586207 0.739862 0.594828 0.738568 0.607280 0.729508 0.608238 0.724331 0.604406 0.719586 0.596743 0.716566 0.576628 0.714840
0 0.354406 0.720449 0.337165 0.718723 0.325670 0.720017 0.311303 0.732097 0.309962 0.737274 0.302778 0.740984 0.308429 0.744607 0.317050 0.749353 0.325670 0.751510 0.336207 0.751510 0.352490 0.747627 0.371648 0.736842 0.371648 0.728214 0.361111 0.722174
0 0.466475 0.795513 0.456897 0.792494 0.445402 0.792062 0.428161 0.793356 0.413793 0.796808 0.409962 0.798533 0.407088 0.801984 0.388889 0.806040 0.393199 0.811475 0.411877 0.818809 0.417625 0.820966 0.438697 0.823123 0.460728 0.820104 0.472222 0.805004 0.471264 0.799827
0 0.667625 0.830889 0.653257 0.831320 0.641762 0.833046 0.630268 0.836928 0.628352 0.839948 0.630268 0.845125 0.638889 0.848576 0.647510 0.854616 0.656130 0.857636 0.680077 0.855479 0.686782 0.851596 0.689655 0.846419 0.690613 0.839948 0.687739 0.836066 0.677203 0.832183
0 0.700192 0.754961 0.673372 0.755393 0.668103 0.758930 0.664751 0.762295 0.656130 0.773080 0.656130 0.780414 0.660920 0.784728 0.682950 0.788179 0.698276 0.784728 0.708812 0.785160 0.717433 0.781277 0.724138 0.771786 0.724138 0.764884 0.716475 0.759275
0 0.169540 0.719154 0.160920 0.724331 0.159962 0.733822 0.160920 0.735116 0.164272 0.738395 0.168582 0.740293 0.174330 0.742882 0.182950 0.745039 0.202107 0.744607 0.208812 0.742019 0.213602 0.741588 0.222222 0.737705 0.222222 0.730802 0.213602 0.722606 0.206897 0.719586 0.193487 0.717429 0.182950 0.717429