0 0.797222 0.416146 0.790741 0.420312 0.789815 0.423958 0.796296 0.432292 0.809259 0.433333 0.820370 0.427083 0.820370 0.419792 0.811111 0.416146
0 0.770370 0.405729 0.763889 0.408854 0.766667 0.418750 0.773148 0.422917 0.778704 0.424479 0.784259 0.424479 0.794444 0.418229 0.795370 0.410938 0.787037 0.405729
0 0.737037 0.410938 0.731481 0.415625 0.732407 0.418750 0.746296 0.427083 0.757407 0.426563 0.764815 0.424479 0.766667 0.415625 0.762037 0.409896 0.748148 0.408333
0 0.719444 0.419792 0.715741 0.421875 0.713889 0.426042 0.716667 0.431771 0.726852 0.436979 0.734259 0.436979 0.739815 0.435417 0.743519 0.432292 0.744444 0.428646 0.742593 0.423958 0.733333 0.419271
0 0.687037 0.424479 0.685185 0.426563 0.685185 0.432292 0.695370 0.436979 0.705556 0.436979 0.712037 0.435417 0.712963 0.427083 0.706481 0.421354 0.695370 0.421354
0 0.809259 0.334375 0.798148 0.333333 0.787037 0.337500 0.784259 0.341146 0.784259 0.345833 0.787963 0.348958 0.802778 0.350000 0.809259 0.348438 0.814815 0.345313 0.816667 0.342187 0.815741 0.339062
0 0.837963 0.350521 0.830556 0.351562 0.821296 0.356771 0.822222 0.362500 0.829630 0.367188 0.834259 0.368229 0.841667 0.367188 0.848148 0.361458 0.845370 0.352604
0 0.912037 0.346875 0.899074 0.346875 0.889815 0.352083 0.889815 0.357812 0.899074 0.365104 0.906481 0.364583 0.920370 0.358333 0.920370 0.352604
0 0.900926 0.371354 0.894444 0.373958 0.891667 0.381250 0.898148 0.388021 0.908333 0.389062 0.921296 0.383333 0.923148 0.381250 0.922222 0.378125 0.913889 0.372396
0 0.912037 0.391146 0.903704 0.395833 0.900926 0.399479 0.900926 0.403125 0.902778 0.405729 0.910185 0.408333 0.920370 0.408333 0.929630 0.404167 0.929630 0.396875 0.923148 0.391667
0 0.908333 0.409375 0.899074 0.414583 0.899074 0.420833 0.905556 0.425521 0.917593 0.427604 0.926852 0.426042 0.931481 0.420833 0.929630 0.413021 0.917593 0.408854
0 0.905556 0.426042 0.898148 0.430729 0.894444 0.435937 0.908333 0.443750 0.919444 0.444792 0.925926 0.440104 0.925926 0.433333 0.919444 0.428125
0 0.892593 0.436979 0.883333 0.436979 0.876852 0.441146 0.876852 0.448958 0.884259 0.454167 0.892593 0.453125 0.902778 0.447917 0.904630 0.442188
0 0.923148 0.447917 0.912963 0.447396 0.903704 0.452083 0.898148 0.457813 0.899074 0.462500 0.902778 0.465104 0.920370 0.465625 0.927778 0.462500 0.930556 0.454167 0.927778 0.450000
0 0.900000 0.504687 0.889815 0.504167 0.883333 0.505208 0.875000 0.511458 0.874074 0.514583 0.876852 0.520833 0.883333 0.523958 0.895370 0.523438 0.902778 0.518229 0.903704 0.509375
0 0.899074 0.521875 0.896296 0.525000 0.897222 0.527604 0.906481 0.533854 0.912037 0.535417 0.922222 0.535937 0.929630 0.533333 0.931481 0.525000 0.926852 0.520312 0.905556 0.519271
0 0.909259 0.507812 0.904630 0.512500 0.905556 0.517708 0.907407 0.518750 0.927778 0.519792 0.933333 0.516667 0.934259 0.510938 0.929630 0.506771 0.917593 0.506250
0 0.915741 0.484375 0.910185 0.485417 0.901852 0.489583 0.900000 0.494271 0.907407 0.499479 0.921296 0.501563 0.928704 0.499479 0.932407 0.494792 0.932407 0.489583 0.927778 0.484896
0 0.874074 0.492188 0.872222 0.497917 0.879630 0.504167 0.884259 0.505208 0.900926 0.504167 0.901852 0.497917 0.895370 0.491146 0.887963 0.489063 0.883333 0.489063
0 0.846296 0.499479 0.843519 0.501042 0.844444 0.506250 0.858333 0.516146 0.865741 0.516146 0.873148 0.507812 0.872222 0.501042 0.869444 0.499479 0.858333 0.497917
0 0.850000 0.481771 0.844444 0.485417 0.847222 0.493229 0.857407 0.497917 0.869444 0.497917 0.872222 0.496354 0.874074 0.490625 0.872222 0.482292 0.864815 0.480208
0 0.887963 0.471354 0.875926 0.474479 0.874074 0.482812 0.882407 0.488021 0.892593 0.488542 0.897222 0.485417 0.901852 0.478125 0.897222 0.471875
0 0.900926 0.467187 0.897222 0.471354 0.903704 0.481250 0.912037 0.484375 0.926852 0.483854 0.929630 0.479687 0.927778 0.470833 0.915741 0.466146 0.903704 0.466146
0 0.887037 0.455208 0.875926 0.455208 0.867593 0.459896 0.867593 0.467708 0.870370 0.470833 0.876852 0.473438 0.892593 0.470833 0.897222 0.464583 0.896296 0.459896 0.892593 0.456771
0 0.850926 0.470833 0.840741 0.469792 0.826852 0.471354 0.818519 0.474479 0.817593 0.479167 0.828704 0.486458 0.841667 0.486979 0.854630 0.478646 0.854630 0.473438
0 0.790741 0.465625 0.790741 0.471354 0.794444 0.473958 0.799074 0.475000 0.815741 0.474479 0.828704 0.470833 0.829630 0.466667 0.820370 0.461458 0.811111 0.459375 0.800926 0.459375 0.793519 0.462500
0 0.752778 0.460417 0.751852 0.468750 0.759259 0.477083 0.767593 0.478646 0.776852 0.475521 0.781481 0.471354 0.780556 0.466146 0.771296 0.461458
0 0.805556 0.502604 0.799074 0.508854 0.800926 0.515625 0.806481 0.517188 0.819444 0.517188 0.824074 0.516146 0.828704 0.513542 0.828704 0.507812 0.826852 0.505729 0.816667 0.501563
0 0.844444 0.535937 0.833333 0.542188 0.831481 0.544271 0.832407 0.548438 0.848148 0.552083 0.862037 0.550521 0.869444 0.545833 0.868519 0.539062 0.860185 0.534896
0 0.864815 0.522917 0.862037 0.526563 0.862963 0.535417 0.873148 0.541667 0.880556 0.542188 0.886111 0.541146 0.890741 0.538542 0.893519 0.534375 0.890741 0.528125 0.878704 0.522917
0 0.883333 0.541667 0.874074 0.543750 0.872222 0.552083 0.874074 0.555208 0.879630 0.558854 0.887037 0.559896 0.893519 0.555208 0.899074 0.544792 0.892593 0.542188
0 0.902778 0.541146 0.900000 0.544271 0.900926 0.550000 0.910185 0.555208 0.919444 0.556771 0.928704 0.556250 0.931481 0.553646 0.931481 0.544271 0.929630 0.540625 0.921296 0.537500 0.912963 0.536979
0 0.892593 0.556250 0.887963 0.559896 0.887963 0.563021 0.895370 0.569271 0.906481 0.570833 0.920370 0.568229 0.924074 0.564583 0.924074 0.559375 0.921296 0.557292 0.907407 0.554167 0.898148 0.554688
0 0.901852 0.570312 0.895370 0.575000 0.897222 0.582292 0.904630 0.586979 0.911111 0.588021 0.919444 0.587500 0.924074 0.584375 0.925926 0.580208 0.924074 0.572917 0.919444 0.570312 0.913889 0.569271
0 0.857407 0.562500 0.854630 0.566146 0.854630 0.570312 0.857407 0.574479 0.862037 0.577083 0.871296 0.578125 0.880556 0.577604 0.887963 0.573958 0.889815 0.567708 0.883333 0.563021 0.876852 0.561458 0.861111 0.561458
0 0.862037 0.577604 0.855556 0.583854 0.858333 0.590625 0.863889 0.593750 0.874074 0.593750 0.881481 0.591667 0.886111 0.585938 0.886111 0.582812 0.883333 0.579688 0.877778 0.577604
0 0.824074 0.577604 0.822222 0.579688 0.822222 0.585938 0.825000 0.590625 0.835185 0.594792 0.841667 0.594792 0.851852 0.591667 0.854630 0.588021 0.853704 0.585417 0.846296 0.579688 0.837037 0.577083
0 0.794444 0.567187 0.791667 0.570833 0.791667 0.577604 0.797222 0.582812 0.800000 0.583854 0.809259 0.583854 0.822222 0.579167 0.824074 0.576042 0.818519 0.571354 0.804630 0.566146
0 0.787037 0.578125 0.773148 0.578646 0.765741 0.580729 0.763889 0.582812 0.764815 0.588021 0.767593 0.591146 0.773148 0.593750 0.784259 0.593750 0.793519 0.589583 0.795370 0.582812 0.793519 0.580208
0 0.653704 0.538542 0.646296 0.541146 0.646296 0.545833 0.651852 0.557292 0.658333 0.558333 0.670370 0.553125 0.673148 0.548958 0.673148 0.544792 0.667593 0.540625
0 0.643519 0.541667 0.634259 0.542708 0.623148 0.551042 0.622222 0.558854 0.632407 0.564583 0.644444 0.564583 0.650926 0.557292 0.649074 0.547917
0 0.627778 0.536458 0.622222 0.534896 0.613889 0.534896 0.608333 0.536458 0.600926 0.543750 0.603704 0.550521 0.610185 0.552083 0.622222 0.551562 0.631481 0.545312 0.631481 0.540104
0 0.586111 0.531771 0.577778 0.534896 0.575926 0.536979 0.575926 0.543229 0.583333 0.549479 0.594444 0.551042 0.600000 0.547917 0.600000 0.535937 0.596296 0.533333
0 0.581481 0.515104 0.570370 0.517188 0.563889 0.522396 0.563889 0.528646 0.569444 0.531771 0.582407 0.531771 0.591667 0.529167 0.593519 0.525521 0.591667 0.521354
0 0.600000 0.513542 0.596296 0.515625 0.593519 0.520833 0.596296 0.526042 0.606481 0.530208 0.621296 0.528646 0.623148 0.527083 0.623148 0.516667 0.615741 0.513021 0.608333 0.511979
0 0.657407 0.517708 0.644444 0.518229 0.637963 0.519792 0.633333 0.522917 0.632407 0.527604 0.638889 0.532292 0.650000 0.533333 0.656481 0.530729 0.662037 0.524479 0.662037 0.520833
0 0.674074 0.495833 0.669444 0.500521 0.669444 0.506250 0.674074 0.509375 0.685185 0.511458 0.691667 0.510417 0.699074 0.506771 0.700926 0.501042 0.697222 0.496875 0.690741 0.495312
0 0.672222 0.491146 0.655556 0.492708 0.650000 0.496354 0.646296 0.503125 0.651852 0.508854 0.663889 0.510417 0.668519 0.507812 0.670370 0.501042 0.675000 0.495312
0 0.636111 0.473438 0.625926 0.475000 0.618519 0.479167 0.611111 0.485938 0.612037 0.491146 0.620370 0.494792 0.632407 0.495833 0.641667 0.491146 0.642593 0.479687 0.640741 0.475521
0 0.628704 0.498437 0.624074 0.505208 0.625000 0.512500 0.635185 0.519271 0.642593 0.519271 0.651852 0.516146 0.652778 0.509375 0.646296 0.503646 0.637037 0.498437
0 0.600926 0.495312 0.594444 0.496354 0.579630 0.505729 0.578704 0.510417 0.581481 0.513542 0.586111 0.515104 0.596296 0.514583 0.603704 0.510938 0.605556 0.500521
0 0.580556 0.490104 0.571296 0.490104 0.564815 0.493750 0.564815 0.502083 0.567593 0.505208 0.572222 0.506771 0.580556 0.505729 0.587963 0.502083 0.591667 0.498437 0.589815 0.493750
0 0.555556 0.504687 0.544444 0.508854 0.541667 0.512500 0.541667 0.516667 0.551852 0.520312 0.562037 0.520833 0.569444 0.517188 0.569444 0.506771 0.564815 0.504687
0 0.557407 0.528125 0.545370 0.528646 0.538889 0.533333 0.542593 0.542708 0.551852 0.545833 0.562963 0.543229 0.570370 0.537500 0.570370 0.533333
0 0.574074 0.543229 0.562963 0.544271 0.556481 0.549479 0.557407 0.557292 0.564815 0.560417 0.581481 0.557292 0.585185 0.553646 0.584259 0.548958
0 0.530556 0.546354 0.525000 0.552083 0.525926 0.557813 0.537037 0.563542 0.552778 0.562500 0.556481 0.558333 0.554630 0.550521 0.544444 0.545833 0.537963 0.545312
0 0.509259 0.579167 0.511111 0.585938 0.523148 0.588542 0.537037 0.586458 0.544444 0.581771 0.544444 0.579167 0.539815 0.576562 0.531481 0.574479 0.516667 0.574479
0 0.558333 0.560417 0.552778 0.563542 0.552778 0.572917 0.557407 0.576562 0.570370 0.576562 0.579630 0.572396 0.580556 0.567708 0.572222 0.561979 0.565741 0.560417
0 0.599074 0.555729 0.589815 0.555729 0.583333 0.557813 0.579630 0.563021 0.583333 0.569271 0.594444 0.571354 0.605556 0.568229 0.609259 0.563542 0.609259 0.559375
0 0.606481 0.570833 0.603704 0.572917 0.603704 0.580729 0.605556 0.582812 0.611111 0.585417 0.622222 0.584375 0.630556 0.579688 0.629630 0.574479 0.623148 0.571354 0.614815 0.570312
0 0.664815 0.570833 0.657407 0.567708 0.649074 0.568229 0.639815 0.572396 0.634259 0.579688 0.634259 0.584896 0.647222 0.585417 0.661111 0.582812 0.667593 0.577083
0 0.697222 0.565625 0.687037 0.569792 0.686111 0.578125 0.688889 0.580729 0.697222 0.583333 0.706481 0.583333 0.715741 0.579167 0.717593 0.571875 0.711111 0.567187 0.705556 0.565625
0 0.676852 0.549479 0.674074 0.551562 0.671296 0.558854 0.673148 0.564583 0.681481 0.567187 0.692593 0.567187 0.696296 0.566146 0.702778 0.561458 0.702778 0.556771 0.698148 0.554167
0 0.676852 0.531771 0.671296 0.538021 0.674074 0.546875 0.680556 0.550000 0.692593 0.550000 0.700926 0.545312 0.700926 0.539062 0.688889 0.531771
0 0.690741 0.524479 0.694444 0.530729 0.703704 0.534896 0.716667 0.535937 0.724074 0.532292 0.724074 0.523958 0.717593 0.519792 0.700926 0.520312
0 0.712963 0.508854 0.710185 0.514062 0.716667 0.518750 0.720370 0.519792 0.733333 0.519792 0.740741 0.517708 0.741667 0.513021 0.732407 0.504687 0.723148 0.503646
0 0.702778 0.490104 0.698148 0.493229 0.698148 0.498958 0.702778 0.502083 0.710185 0.503646 0.718519 0.503646 0.727778 0.498958 0.730556 0.494792 0.727778 0.491146 0.714815 0.488542
0 0.517593 0.530208 0.512037 0.534375 0.511111 0.538021 0.512963 0.542708 0.522222 0.545833 0.531481 0.546354 0.538889 0.545312 0.541667 0.542708 0.541667 0.539583 0.537037 0.532813 0.526852 0.529687
0 0.391667 0.565625 0.380556 0.570833 0.378704 0.577083 0.380556 0.580729 0.384259 0.582812 0.397222 0.583854 0.402778 0.582292 0.409259 0.575521 0.404630 0.568229 0.400000 0.566146
0 0.382407 0.554688 0.383333 0.559896 0.390741 0.564063 0.401852 0.564583 0.412963 0.560937 0.413889 0.559375 0.412037 0.553646 0.400926 0.549479 0.389815 0.550000 0.385185 0.551562
0 0.416667 0.559896 0.404630 0.564063 0.403704 0.568750 0.410185 0.576562 0.420370 0.577604 0.427778 0.576042 0.431481 0.573958 0.433333 0.565625 0.427778 0.560937
0 0.455556 0.555729 0.441667 0.557292 0.437963 0.561458 0.437963 0.565104 0.440741 0.568750 0.447222 0.572917 0.450926 0.573438 0.459259 0.572396 0.465741 0.565625 0.463889 0.558333
0 0.492593 0.565625 0.488889 0.567708 0.490741 0.575000 0.496296 0.578646 0.509259 0.578646 0.519444 0.572396 0.519444 0.568229 0.514815 0.566146 0.505556 0.564583
0 0.473148 0.579688 0.470370 0.584896 0.477778 0.590104 0.487037 0.592187 0.494444 0.592187 0.500000 0.590625 0.501852 0.583333 0.500000 0.580208 0.490741 0.576042 0.482407 0.576562
0 0.450000 0.573958 0.443519 0.577083 0.442593 0.581771 0.445370 0.584896 0.454630 0.590104 0.462037 0.589583 0.467593 0.586979 0.471296 0.580729 0.469444 0.575521 0.463889 0.573438
0 0.437963 0.589583 0.422222 0.591667 0.420370 0.594271 0.423148 0.600000 0.432407 0.604167 0.441667 0.601562 0.446296 0.596875 0.443519 0.591146
0 0.418519 0.583854 0.405556 0.583333 0.398148 0.585938 0.396296 0.592708 0.400926 0.599479 0.412963 0.599479 0.419444 0.596354 0.423148 0.592187 0.423148 0.587500
0 0.394444 0.590625 0.385185 0.590104 0.378704 0.591667 0.369444 0.597917 0.369444 0.601562 0.372222 0.604167 0.378704 0.606250 0.391667 0.604167 0.397222 0.602083 0.399074 0.597396
0 0.357407 0.591667 0.348148 0.592187 0.343519 0.594792 0.343519 0.604167 0.347222 0.606771 0.359259 0.607292 0.365741 0.603646 0.365741 0.596354
0 0.326852 0.590104 0.314815 0.595833 0.314815 0.600000 0.322222 0.604688 0.337963 0.606771 0.343519 0.603646 0.344444 0.595313 0.339815 0.591667
0 0.296296 0.582812 0.289815 0.591146 0.295370 0.596354 0.312963 0.596354 0.321296 0.592187 0.321296 0.588021 0.312037 0.582812 0.306481 0.581771
0 0.315741 0.576042 0.312963 0.580729 0.313889 0.584375 0.317593 0.586979 0.323148 0.589063 0.336111 0.590625 0.344444 0.590625 0.346296 0.589583 0.346296 0.583333 0.330556 0.574479 0.319444 0.574479
0 0.372222 0.569271 0.360185 0.568750 0.350926 0.569792 0.339815 0.575521 0.340741 0.579688 0.349074 0.585417 0.364815 0.583333 0.375000 0.576562 0.375000 0.572396
0 0.374074 0.558854 0.365741 0.555729 0.350000 0.557292 0.341667 0.560417 0.341667 0.565104 0.350926 0.569792 0.370370 0.568750 0.375926 0.564583
0 0.538889 0.487500 0.530556 0.491667 0.528704 0.498958 0.533333 0.503646 0.548148 0.504687 0.559259 0.498437 0.558333 0.491667 0.552778 0.487500
0 0.577778 0.467708 0.570370 0.467187 0.563889 0.468229 0.550000 0.474479 0.548148 0.479687 0.553704 0.484896 0.567593 0.486979 0.575926 0.483854 0.581481 0.475000 0.580556 0.470313
0 0.609259 0.455729 0.600926 0.453125 0.591667 0.453646 0.586111 0.455208 0.581481 0.459375 0.583333 0.467187 0.591667 0.469271 0.604630 0.467708 0.610185 0.463021
0 0.620370 0.461979 0.620370 0.470833 0.626852 0.473958 0.642593 0.473438 0.651852 0.470313 0.655556 0.467187 0.650926 0.463021 0.637037 0.459375 0.627778 0.458854
0 0.676852 0.464062 0.668519 0.463542 0.655556 0.467187 0.651852 0.472396 0.653704 0.479687 0.661111 0.480729 0.676852 0.480208 0.684259 0.476562 0.685185 0.470313
0 0.691667 0.458333 0.687037 0.466667 0.690741 0.470833 0.708333 0.472396 0.714815 0.471875 0.721296 0.469271 0.721296 0.463021 0.711111 0.458333 0.702778 0.456771 0.695370 0.456771
0 0.719444 0.471875 0.717593 0.474479 0.718519 0.479167 0.723148 0.482292 0.734259 0.483854 0.746296 0.481250 0.748148 0.478646 0.747222 0.473958 0.740741 0.469271 0.729630 0.468750
0 0.708333 0.442708 0.706481 0.446354 0.709259 0.454167 0.712037 0.456250 0.715741 0.456771 0.730556 0.455208 0.736111 0.451562 0.734259 0.444271 0.725000 0.439583 0.716667 0.439063
0 0.691667 0.438021 0.677778 0.440104 0.675926 0.441667 0.680556 0.451042 0.688889 0.454167 0.700000 0.452083 0.704630 0.447917 0.701852 0.441146
0 0.637037 0.434375 0.624074 0.435417 0.615741 0.439583 0.613889 0.442708 0.614815 0.447917 0.623148 0.452604 0.635185 0.453125 0.642593 0.450521 0.645370 0.447917 0.645370 0.440104 0.641667 0.435937
0 0.588889 0.436979 0.585185 0.441667 0.586111 0.446875 0.597222 0.451562 0.607407 0.451562 0.612037 0.448958 0.613889 0.445833 0.612037 0.439583 0.601852 0.435937
0 0.551852 0.443229 0.547222 0.447396 0.547222 0.455208 0.551852 0.458333 0.561111 0.458333 0.571296 0.454688 0.573148 0.452604 0.573148 0.446875 0.564815 0.443229
0 0.506481 0.436979 0.501852 0.442188 0.505556 0.448958 0.521296 0.453125 0.530556 0.452083 0.532407 0.451042 0.532407 0.442188 0.528704 0.438542 0.520370 0.435417 0.512963 0.435417
0 0.520370 0.452604 0.516667 0.458333 0.519444 0.463021 0.529630 0.467187 0.540741 0.467187 0.545370 0.464062 0.547222 0.459896 0.544444 0.455208 0.532407 0.451562
0 0.512037 0.543229 0.496296 0.543229 0.493519 0.544271 0.491667 0.547396 0.492593 0.553646 0.497222 0.558854 0.506481 0.558854 0.513889 0.555208 0.517593 0.547917 0.516667 0.545312
0 0.474074 0.533854 0.469444 0.536458 0.466667 0.540625 0.469444 0.546354 0.480556 0.549479 0.489815 0.548438 0.493519 0.545312 0.493519 0.539062 0.490741 0.534896 0.486111 0.533333
0 0.432407 0.541146 0.430556 0.549479 0.432407 0.552604 0.437963 0.555729 0.449074 0.556771 0.460185 0.554167 0.460185 0.547917 0.454630 0.541146 0.447222 0.538542 0.438889 0.538542
0 0.412037 0.535937 0.405556 0.537500 0.400000 0.540625 0.399074 0.546875 0.413889 0.555208 0.421296 0.555208 0.430556 0.550521 0.431481 0.540625 0.424074 0.536458
0 0.456481 0.524479 0.444444 0.528646 0.440741 0.533854 0.449074 0.539583 0.452778 0.540625 0.463889 0.540625 0.468519 0.539062 0.473148 0.534375 0.474074 0.530208 0.469444 0.526042 0.462963 0.524479
0 0.358333 0.536979 0.360185 0.545833 0.365741 0.548958 0.371296 0.550521 0.380556 0.551042 0.386111 0.550521 0.398796 0.544792 0.393519 0.540104 0.389815 0.536979 0.379630 0.534896 0.363889 0.534896
0 0.425926 0.510938 0.418519 0.514583 0.415741 0.521875 0.424074 0.525521 0.436111 0.525521 0.445370 0.520833 0.446296 0.516667 0.444444 0.513542 0.440741 0.510938
0 0.447222 0.506771 0.444444 0.508854 0.444444 0.512500 0.449074 0.521354 0.454630 0.524479 0.467593 0.523958 0.473148 0.519271 0.473148 0.517188 0.468519 0.512500 0.456481 0.506250
0 0.468519 0.497917 0.462963 0.504687 0.462963 0.507292 0.469444 0.514583 0.474074 0.516667 0.487963 0.515104 0.491667 0.512500 0.489815 0.504167 0.480556 0.498958
0 0.504630 0.515625 0.490741 0.515625 0.478704 0.519792 0.477778 0.526042 0.485185 0.531250 0.495370 0.531771 0.501852 0.529167 0.507407 0.522396 0.507407 0.518750
0 0.516667 0.508854 0.511111 0.513542 0.510185 0.521875 0.519444 0.527083 0.532407 0.527083 0.538889 0.523958 0.538889 0.516667 0.529630 0.509375
0 0.503704 0.505208 0.504630 0.510417 0.509259 0.513021 0.518519 0.509375 0.525000 0.509375 0.530556 0.510938 0.532407 0.509896 0.529630 0.501042 0.523148 0.498437 0.511111 0.499479
0 0.508333 0.477083 0.504630 0.483854 0.505556 0.487500 0.511111 0.492188 0.519444 0.493750 0.529630 0.492708 0.537963 0.487500 0.537037 0.482292 0.525000 0.477604 0.518519 0.476562
0 0.484259 0.486979 0.479630 0.490104 0.479630 0.497396 0.482407 0.500521 0.489815 0.503646 0.504630 0.503646 0.509259 0.500000 0.510185 0.496875 0.508333 0.489583 0.498148 0.485938
0 0.463889 0.486979 0.452778 0.488021 0.445370 0.492188 0.447222 0.499479 0.457407 0.505208 0.462037 0.505208 0.471296 0.497396 0.471296 0.490104
0 0.402778 0.498437 0.399074 0.501563 0.400000 0.507292 0.410185 0.511979 0.419444 0.513021 0.423148 0.511979 0.425926 0.509896 0.425926 0.502604 0.424074 0.500000 0.414815 0.496875
0 0.377778 0.496354 0.370370 0.497917 0.366667 0.500000 0.365741 0.507292 0.372222 0.513021 0.379630 0.514583 0.387963 0.513542 0.394444 0.510938 0.395370 0.504167 0.391667 0.500521
0 0.392593 0.512500 0.388889 0.513542 0.385185 0.520312 0.386111 0.526563 0.388889 0.528646 0.397222 0.530729 0.403704 0.530729 0.411111 0.525521 0.411111 0.517708 0.400926 0.512500
0 0.371296 0.516146 0.364815 0.521354 0.362963 0.526563 0.367593 0.531771 0.379630 0.532813 0.386111 0.529687 0.385185 0.521354 0.378704 0.516146
0 0.337963 0.525000 0.332407 0.529687 0.334259 0.533333 0.341667 0.536979 0.354630 0.538021 0.363889 0.534375 0.364815 0.528125 0.362037 0.523958 0.359259 0.522917 0.350000 0.522396
0 0.305556 0.523438 0.304630 0.528646 0.312037 0.534375 0.327778 0.533333 0.333333 0.529687 0.333333 0.524479 0.328704 0.520833 0.312963 0.519792
0 0.315741 0.503646 0.307407 0.508854 0.307407 0.515625 0.314815 0.519271 0.331481 0.520833 0.336111 0.517708 0.334259 0.510938 0.325000 0.504167
0 0.345370 0.503646 0.337963 0.509375 0.338889 0.517708 0.346296 0.522396 0.358333 0.522917 0.362037 0.520833 0.364815 0.514062 0.362037 0.507812 0.356481 0.503646
0 0.326852 0.501042 0.327778 0.506771 0.336111 0.510938 0.346296 0.504687 0.359259 0.505208 0.362963 0.502604 0.360185 0.498958 0.341667 0.495833 0.335185 0.495833 0.329630 0.497396
0 0.330556 0.474479 0.324074 0.472917 0.313889 0.474479 0.307407 0.479167 0.308333 0.485417 0.315741 0.488021 0.333333 0.486458 0.335185 0.478125
0 0.340741 0.486979 0.328704 0.486458 0.317593 0.488542 0.314815 0.493229 0.315741 0.498437 0.324074 0.500000 0.341667 0.494271
0 0.375000 0.484896 0.370370 0.482812 0.347222 0.484896 0.342593 0.489063 0.342593 0.494792 0.346296 0.496875 0.355556 0.498958 0.366667 0.498958 0.376852 0.493229 0.377778 0.489583
0 0.385185 0.481771 0.377778 0.487500 0.378704 0.494271 0.386111 0.499479 0.398148 0.499479 0.405556 0.495833 0.406481 0.488542 0.404630 0.484896 0.393519 0.481250
0 0.414815 0.481771 0.410185 0.485938 0.410185 0.491146 0.413889 0.496354 0.425000 0.499479 0.434259 0.500000 0.437963 0.493229 0.437037 0.484896 0.428704 0.480729
0 0.325926 0.461458 0.321296 0.465104 0.321296 0.468229 0.325926 0.472917 0.337037 0.477604 0.344444 0.477083 0.350000 0.471875 0.350000 0.466146 0.345370 0.461458 0.342593 0.460417 0.329630 0.460417
0 0.372222 0.474479 0.359259 0.470313 0.350926 0.471354 0.343519 0.476562 0.344444 0.484375 0.350926 0.485417 0.371296 0.482812 0.373148 0.480208
0 0.371296 0.458854 0.362037 0.466146 0.362963 0.468750 0.373148 0.474479 0.387037 0.475000 0.391667 0.471354 0.394444 0.466146 0.384259 0.459375
0 0.398148 0.466146 0.392593 0.469271 0.389815 0.473958 0.390741 0.478646 0.395370 0.482812 0.407407 0.484375 0.414815 0.480729 0.414815 0.471875 0.410185 0.467708
0 0.425000 0.456771 0.420370 0.457813 0.416667 0.460417 0.414815 0.472917 0.418519 0.477604 0.429630 0.479167 0.440741 0.475000 0.442593 0.469271 0.439815 0.463021 0.431481 0.457292
0 0.460185 0.471354 0.451852 0.470313 0.442593 0.473438 0.438889 0.477604 0.438889 0.485938 0.440741 0.486979 0.449074 0.487500 0.465741 0.481771 0.466667 0.478125
0 0.461111 0.457813 0.457407 0.459896 0.456481 0.463542 0.462963 0.471354 0.468519 0.473438 0.481481 0.472396 0.487037 0.468229 0.486111 0.460938 0.477778 0.457813
0 0.500926 0.456771 0.492593 0.462500 0.492593 0.471354 0.501852 0.475521 0.509259 0.476562 0.515741 0.476042 0.521296 0.470833 0.522222 0.466667 0.520370 0.463021 0.512963 0.457813
0 0.482407 0.442188 0.476852 0.445833 0.476852 0.449479 0.480556 0.454167 0.485185 0.456771 0.497222 0.456771 0.503704 0.452083 0.500926 0.444792 0.492593 0.441667
0 0.440741 0.447396 0.434259 0.452083 0.434259 0.458854 0.441667 0.463021 0.454630 0.463021 0.462963 0.455729 0.462037 0.451042 0.454630 0.447396
0 0.417593 0.439583 0.412037 0.442188 0.408333 0.446354 0.408333 0.451562 0.412963 0.456250 0.423148 0.456771 0.434259 0.453125 0.438889 0.446354 0.435185 0.441146 0.427778 0.439583
0 0.386111 0.448437 0.382407 0.451042 0.383333 0.459375 0.393519 0.465104 0.404630 0.465104 0.411111 0.458854 0.409259 0.452083 0.404630 0.448958 0.390741 0.447396
0 0.370370 0.453125 0.364815 0.452083 0.356481 0.452604 0.349074 0.455208 0.345370 0.458333 0.345370 0.460938 0.350926 0.468229 0.358333 0.469271 0.362037 0.467708 0.366667 0.461979 0.373148 0.458854 0.373148 0.455208
0 0.336111 0.443229 0.325000 0.449479 0.323148 0.455729 0.329630 0.459896 0.344444 0.459896 0.348148 0.455729 0.348148 0.447396 0.344444 0.443229
0 0.306481 0.517188 0.294444 0.513542 0.282407 0.514062 0.276852 0.520312 0.277778 0.528646 0.280556 0.530208 0.289815 0.530208 0.300000 0.528125 0.307407 0.521875
0 0.294444 0.529167 0.285185 0.531771 0.284259 0.538021 0.294444 0.545312 0.302778 0.545833 0.309259 0.542708 0.311111 0.534896 0.305556 0.529687
0 0.261111 0.528646 0.254630 0.532813 0.255556 0.538542 0.269444 0.543229 0.280556 0.543750 0.283333 0.541146 0.283333 0.534896 0.280556 0.530729 0.271296 0.527604
0 0.315741 0.557813 0.309259 0.560417 0.309259 0.568229 0.317593 0.573438 0.329630 0.573438 0.336111 0.569271 0.338889 0.563542 0.329630 0.557813
0 0.292593 0.563542 0.286111 0.564583 0.284259 0.566667 0.283333 0.577604 0.287963 0.580208 0.296296 0.582292 0.303704 0.581250 0.312963 0.577604 0.313889 0.571875 0.305556 0.565625
0 0.282407 0.578125 0.267593 0.581771 0.264815 0.583854 0.266667 0.588542 0.276852 0.594271 0.282407 0.594271 0.288889 0.592187 0.294444 0.585417 0.294444 0.582812
0 0.261111 0.561458 0.256481 0.565625 0.256481 0.572917 0.266667 0.581771 0.274074 0.581250 0.282407 0.576562 0.283333 0.565625 0.275926 0.561458
0 0.245370 0.570312 0.236111 0.575521 0.235185 0.584375 0.238889 0.587500 0.250000 0.588021 0.262963 0.584896 0.264815 0.579688 0.255556 0.571875
0 0.257407 0.545833 0.245370 0.545833 0.239815 0.547396 0.232407 0.552083 0.232407 0.557292 0.245370 0.563021 0.257407 0.561458 0.264815 0.556771 0.265741 0.550000 0.263889 0.547917
0 0.222222 0.533854 0.221296 0.539583 0.227778 0.544271 0.237963 0.546875 0.253704 0.544792 0.254630 0.535937 0.250926 0.531771 0.246296 0.530729 0.233333 0.530729
0 0.121296 0.525521 0.114815 0.529167 0.113889 0.533333 0.116667 0.535937 0.127778 0.540104 0.138889 0.538021 0.143519 0.534896 0.143519 0.529167 0.128704 0.525000
0 0.087037 0.526563 0.082407 0.532813 0.087037 0.539062 0.098148 0.543750 0.108333 0.543750 0.112963 0.537500 0.110185 0.531771 0.100926 0.526042 0.090741 0.525521
0 0.107407 0.508333 0.101852 0.507292 0.091667 0.507812 0.082407 0.511979 0.080556 0.515625 0.081481 0.521354 0.087037 0.524479 0.095370 0.525000 0.103704 0.522396 0.111111 0.514583 0.111111 0.511979
0 0.125000 0.512500 0.117593 0.512500 0.108333 0.516667 0.103704 0.522396 0.103704 0.526563 0.107407 0.530729 0.113889 0.530208 0.125926 0.523438 0.128704 0.519792 0.128704 0.514583
0 0.136111 0.511458 0.129630 0.515625 0.128704 0.523438 0.130556 0.525521 0.142593 0.529167 0.150000 0.529167 0.159259 0.522917 0.160185 0.517188 0.142593 0.510417
0 0.149074 0.500521 0.142593 0.505729 0.142593 0.509896 0.154630 0.515625 0.171296 0.516667 0.175926 0.514062 0.175926 0.510938 0.170370 0.504167 0.161111 0.500000
0 0.141667 0.496875 0.133333 0.495312 0.119444 0.498958 0.115741 0.503646 0.118519 0.510938 0.131481 0.511979 0.140741 0.509375 0.147222 0.502083
0 0.086111 0.491146 0.082407 0.496354 0.082407 0.502083 0.092593 0.507292 0.103704 0.507292 0.111111 0.501563 0.109259 0.493750 0.101852 0.490104 0.089815 0.490104
0 0.112037 0.479167 0.103704 0.475521 0.093519 0.476042 0.083333 0.482812 0.081481 0.485938 0.082407 0.489583 0.087963 0.491146 0.101852 0.490104 0.109259 0.488021 0.112963 0.484896
0 0.128704 0.480208 0.120370 0.480729 0.112963 0.485938 0.111111 0.489063 0.112037 0.492708 0.121296 0.496354 0.130556 0.495833 0.137963 0.491667 0.137963 0.485417
0 0.125926 0.465104 0.120370 0.464583 0.112963 0.466146 0.104630 0.470313 0.104630 0.475000 0.114815 0.480208 0.123148 0.480208 0.128704 0.478125 0.132407 0.469792 0.130556 0.467187
0 0.101852 0.456771 0.091667 0.457292 0.080556 0.462500 0.081481 0.467187 0.087037 0.470833 0.095370 0.472396 0.101852 0.471354 0.106481 0.468750 0.108333 0.462500
0 0.086111 0.440104 0.082407 0.446354 0.083333 0.453646 0.090741 0.456771 0.102778 0.456250 0.105556 0.454167 0.107407 0.448437 0.103704 0.441146 0.100000 0.440104
0 0.112963 0.447917 0.107407 0.450000 0.105556 0.458854 0.110185 0.463542 0.115741 0.464583 0.122222 0.463542 0.125926 0.461458 0.128704 0.456771 0.128704 0.452083 0.122222 0.448958
0 0.175926 0.441667 0.173148 0.440104 0.165741 0.440104 0.153704 0.443229 0.146296 0.446875 0.146296 0.451562 0.158333 0.455729 0.169444 0.455208 0.175000 0.448958
0 0.144444 0.450000 0.138889 0.450000 0.133333 0.451562 0.130556 0.454167 0.128704 0.463021 0.130556 0.466667 0.135185 0.469271 0.149074 0.468229 0.153704 0.463542 0.153704 0.455729
0 0.135185 0.469271 0.129630 0.473958 0.129630 0.479687 0.136111 0.483333 0.144444 0.484375 0.157407 0.478125 0.157407 0.472917 0.150000 0.468750
0 0.163889 0.478646 0.153704 0.479167 0.147222 0.482292 0.143519 0.490625 0.144444 0.494271 0.148148 0.496354 0.155556 0.497396 0.162963 0.496875 0.171296 0.493229 0.175000 0.487500 0.174074 0.483333 0.168519 0.479687
0 0.187963 0.458854 0.184259 0.462500 0.186111 0.468229 0.204630 0.474479 0.212963 0.474479 0.215741 0.471875 0.216667 0.466146 0.210185 0.458854 0.199074 0.456250
0 0.172222 0.472396 0.171296 0.479167 0.177778 0.484375 0.191667 0.485938 0.197222 0.485417 0.203704 0.482812 0.204630 0.477083 0.198148 0.471875 0.190741 0.469792 0.183333 0.469271
0 0.191667 0.485938 0.179630 0.486458 0.175000 0.488542 0.173148 0.491146 0.173148 0.494271 0.176852 0.499479 0.183333 0.503125 0.191667 0.501563 0.201852 0.495833 0.199074 0.489063
0 0.256481 0.499479 0.252778 0.504167 0.254630 0.510938 0.263889 0.514583 0.278704 0.513542 0.280556 0.508333 0.273148 0.500521 0.268519 0.498958
0 0.266667 0.452083 0.255556 0.457813 0.254630 0.463021 0.261111 0.467187 0.273148 0.467708 0.281481 0.464583 0.283333 0.457292 0.277778 0.452604
0 0.218519 0.443229 0.214815 0.446354 0.214815 0.450000 0.217593 0.454688 0.222222 0.457292 0.233333 0.458854 0.244444 0.454688 0.245370 0.448437 0.240741 0.443750 0.236111 0.442708
0 0.212037 0.485417 0.211111 0.490625 0.213889 0.494792 0.217593 0.496354 0.231481 0.495833 0.241667 0.492708 0.244444 0.490625 0.243519 0.487500 0.240741 0.485938 0.230556 0.483333 0.218519 0.482812
0 0.204630 0.513021 0.201852 0.518229 0.207407 0.524479 0.213889 0.526563 0.223148 0.526042 0.230556 0.520312 0.229630 0.514062 0.222222 0.511979
0 0.178704 0.514062 0.168519 0.517708 0.165741 0.526563 0.171296 0.531250 0.175000 0.532292 0.186111 0.532292 0.193519 0.528125 0.195370 0.518750 0.192593 0.515104
0 0.156481 0.525521 0.150926 0.529687 0.150000 0.539583 0.155556 0.542708 0.163889 0.543750 0.174074 0.541146 0.177778 0.538021 0.175926 0.532813 0.163889 0.525521
0 0.155556 0.541667 0.150000 0.539062 0.144444 0.538542 0.134259 0.540104 0.126852 0.545833 0.126852 0.554688 0.134259 0.555729 0.142593 0.555208 0.152778 0.551562 0.158333 0.546875 0.158333 0.544271
0 0.136111 0.559375 0.136111 0.565104 0.142593 0.568229 0.156481 0.568750 0.168519 0.565104 0.167593 0.556771 0.162963 0.554167 0.149074 0.553646 0.141667 0.555208
0 0.161111 0.545312 0.159259 0.547917 0.160185 0.552604 0.169444 0.557813 0.185185 0.557813 0.190741 0.555208 0.192593 0.553125 0.190741 0.548438 0.178704 0.542708 0.168519 0.542188
0 0.189815 0.531250 0.180556 0.534375 0.177778 0.541146 0.190741 0.549479 0.198148 0.550000 0.203704 0.544271 0.204630 0.539583 0.200926 0.534896 0.196296 0.532292
0 0.224074 0.541667 0.204630 0.541667 0.200000 0.547396 0.200000 0.550000 0.207407 0.556771 0.212963 0.557292 0.225000 0.550000 0.227778 0.544271
0 0.206481 0.558854 0.198148 0.556250 0.187963 0.557292 0.179630 0.564063 0.180556 0.568229 0.184259 0.570312 0.188889 0.570833 0.205556 0.569271 0.210185 0.565104
0 0.181481 0.567187 0.166667 0.566146 0.154630 0.568750 0.153704 0.577083 0.162037 0.580208 0.171296 0.580208 0.176852 0.578646 0.184259 0.572917 0.184259 0.569792
0 0.231481 0.575000 0.218519 0.573958 0.208333 0.577083 0.206481 0.584375 0.216667 0.590625 0.219444 0.590625 0.235185 0.584896 0.236111 0.578646
0 0.206481 0.583333 0.195370 0.583854 0.187037 0.586979 0.185185 0.592187 0.190741 0.597396 0.196296 0.598437 0.204630 0.597917 0.212037 0.596354 0.216667 0.593229 0.214815 0.588021
0 0.177778 0.579167 0.169444 0.579688 0.160185 0.583854 0.159259 0.592187 0.161111 0.593229 0.171296 0.594792 0.181481 0.593229 0.184259 0.591667 0.186111 0.588542 0.185185 0.583854
0 0.141667 0.575000 0.134259 0.579167 0.132407 0.584375 0.136111 0.593229 0.143519 0.595313 0.158333 0.591667 0.159259 0.583854 0.149074 0.576562
0 0.447222 0.147917 0.433333 0.154167 0.431481 0.158854 0.440741 0.165625 0.449074 0.168229 0.454630 0.167708 0.459259 0.165625 0.461111 0.157812 0.455556 0.150000 0.452778 0.148438
0 0.455556 0.124479 0.447222 0.123958 0.441667 0.127083 0.432407 0.129688 0.428704 0.135937 0.433333 0.140104 0.437963 0.141667 0.446296 0.141667 0.453704 0.138542 0.458333 0.132292
0 0.467593 0.127083 0.458333 0.129688 0.455556 0.139063 0.461111 0.144792 0.472222 0.145313 0.481481 0.141667 0.482407 0.136979 0.479630 0.130729 0.475926 0.128646
0 0.468519 0.122396 0.468519 0.127083 0.476852 0.130208 0.484259 0.131771 0.498148 0.130729 0.498148 0.125000 0.487963 0.116667 0.484259 0.115625 0.478704 0.116146
0 0.482407 0.076563 0.476852 0.078125 0.473148 0.081250 0.471296 0.090104 0.475926 0.094271 0.491667 0.097396 0.497222 0.095833 0.500000 0.091667 0.500000 0.082812 0.495370 0.078125 0.488889 0.076563
0 0.359259 0.890104 0.350926 0.893229 0.339815 0.895312 0.337037 0.897396 0.337963 0.904687 0.349074 0.910937 0.357407 0.910417 0.362963 0.908333 0.367593 0.903646 0.367593 0.893750
0 0.351852 0.878646 0.337037 0.878125 0.332407 0.879167 0.325000 0.883333 0.322222 0.889062 0.336111 0.895312 0.344444 0.894792 0.354630 0.892188 0.359259 0.888021 0.357407 0.883333
0 0.312037 0.882292 0.300926 0.881250 0.287037 0.885938 0.284259 0.889062 0.287037 0.893229 0.293519 0.897396 0.303704 0.897917 0.309259 0.895833 0.314815 0.889062 0.314815 0.883854
0 0.296296 0.876563 0.283333 0.872917 0.265741 0.874479 0.262963 0.879687 0.263889 0.886979 0.267593 0.889583 0.275926 0.889583 0.284259 0.887500 0.298148 0.881250
0 0.261111 0.870833 0.244444 0.870833 0.233333 0.876563 0.233333 0.881771 0.238889 0.888542 0.256481 0.886979 0.262037 0.884896 0.264815 0.872917
0 0.261111 0.885417 0.239815 0.887500 0.237963 0.888542 0.238889 0.895833 0.246296 0.901563 0.259259 0.901563 0.266667 0.897917 0.268519 0.890104
0 0.229630 0.895312 0.225000 0.896354 0.220370 0.899479 0.217593 0.908333 0.224074 0.911979 0.236111 0.912500 0.244444 0.909375 0.246296 0.901563 0.238889 0.895833
0 0.210185 0.887500 0.197222 0.891146 0.195370 0.897396 0.200000 0.902604 0.208333 0.907292 0.215741 0.907813 0.224074 0.896875 0.224074 0.894271 0.218519 0.889062
0 0.196296 0.873437 0.189815 0.875000 0.182407 0.879167 0.180556 0.882292 0.181481 0.884896 0.196296 0.891146 0.200000 0.891146 0.213889 0.887500 0.214815 0.881771 0.206481 0.873958
0 0.205556 0.865104 0.208333 0.873958 0.212037 0.877604 0.217593 0.879687 0.230556 0.879167 0.238889 0.873437 0.237963 0.869271 0.234259 0.865104 0.225926 0.861458 0.217593 0.861458
0 0.475000 0.093229 0.462037 0.096354 0.457407 0.100000 0.462037 0.108333 0.468519 0.110937 0.476852 0.111458 0.485185 0.110417 0.490741 0.107813 0.492593 0.105729 0.492593 0.099479 0.487963 0.095833
0 0.440741 0.104688 0.434259 0.109896 0.434259 0.116146 0.441667 0.121354 0.447222 0.122917 0.456481 0.122396 0.463889 0.118229 0.464815 0.111458 0.459259 0.107292 0.449074 0.104688
0 0.425000 0.104167 0.413889 0.103646 0.406481 0.104688 0.400926 0.107813 0.399074 0.110937 0.400000 0.115625 0.406481 0.121354 0.412963 0.122917 0.419444 0.122396 0.429630 0.117708 0.430556 0.110417
0 0.107407 0.159375 0.103704 0.160938 0.100000 0.165625 0.101852 0.171875 0.107407 0.175000 0.113889 0.176042 0.124074 0.174479 0.127778 0.169792 0.125926 0.162500 0.116667 0.158854
0 0.358333 0.088021 0.350000 0.089063 0.343519 0.095312 0.342593 0.104167 0.345370 0.107292 0.350926 0.107813 0.366667 0.103646 0.371296 0.100000 0.370370 0.094792 0.367593 0.092188
0 0.281481 0.104688 0.274074 0.109375 0.275926 0.117708 0.285185 0.121875 0.299074 0.120833 0.304630 0.117708 0.305556 0.115625 0.303704 0.107813 0.288889 0.104167
0 0.179630 0.081250 0.169444 0.085417 0.166667 0.092708 0.170370 0.097396 0.175926 0.099479 0.184259 0.100000 0.199074 0.095833 0.201852 0.093229 0.201852 0.090625 0.190741 0.082292
0 0.651852 0.082292 0.649074 0.085417 0.649074 0.092708 0.652778 0.097917 0.661111 0.100521 0.671296 0.100000 0.676852 0.097917 0.681481 0.093229 0.680556 0.088021 0.677778 0.085417 0.669444 0.082812
0 0.892593 0.073958 0.875926 0.073958 0.870370 0.075000 0.865741 0.077604 0.863889 0.083854 0.870370 0.089583 0.875926 0.090625 0.885185 0.090104 0.895370 0.085417 0.898148 0.079687 0.896296 0.076042
0 0.904630 0.078646 0.903704 0.084375 0.908333 0.088021 0.914815 0.090104 0.930556 0.089063 0.937963 0.084375 0.937963 0.079167 0.930556 0.076563 0.914815 0.076042
0 0.783333 0.719271 0.769444 0.719271 0.762037 0.723958 0.762963 0.729688 0.766667 0.735417 0.775000 0.736979 0.791667 0.730208 0.793519 0.723437 0.791667 0.721354
0 0.746296 0.706250 0.738889 0.712500 0.739815 0.718229 0.747222 0.723437 0.761111 0.724479 0.767593 0.720313 0.767593 0.714063 0.757407 0.707812
0 0.771296 0.697396 0.767593 0.699479 0.764815 0.703646 0.764815 0.709375 0.768519 0.713542 0.775000 0.715104 0.791667 0.714583 0.793519 0.713542 0.794444 0.706771 0.791667 0.700521 0.782407 0.696875
0 0.764815 0.688021 0.759259 0.687500 0.753704 0.688542 0.738889 0.694792 0.738889 0.700521 0.748148 0.706250 0.758333 0.706771 0.763889 0.703125 0.768519 0.696354 0.768519 0.689583
0 0.810185 0.684896 0.791667 0.681771 0.780556 0.683333 0.775926 0.688021 0.778704 0.695833 0.788889 0.698438 0.803704 0.694792 0.810185 0.690104
0 0.808333 0.691146 0.794444 0.696875 0.793519 0.702083 0.801852 0.706771 0.817593 0.706771 0.822222 0.702083 0.823148 0.696875 0.819444 0.692708
0 0.804630 0.707292 0.801852 0.708333 0.797222 0.714063 0.797222 0.721354 0.804630 0.723958 0.815741 0.723958 0.827778 0.717187 0.827778 0.711979 0.820370 0.707812
0 0.841667 0.695312 0.832407 0.695312 0.825926 0.698438 0.821296 0.703646 0.823148 0.709375 0.832407 0.710938 0.844444 0.709896 0.849074 0.708333 0.850926 0.703646 0.846296 0.697396
0 0.912963 0.709375 0.900000 0.713542 0.899074 0.721354 0.906481 0.727083 0.919444 0.729688 0.926852 0.729167 0.933333 0.725000 0.934259 0.717708 0.932407 0.714063 0.923148 0.709375
0 0.907407 0.692708 0.893519 0.693750 0.887037 0.697396 0.887037 0.705729 0.898148 0.711979 0.906481 0.711979 0.915741 0.709375 0.920370 0.704688 0.920370 0.698438 0.912037 0.693750
0 0.860185 0.683854 0.857407 0.690104 0.866667 0.696875 0.882407 0.697917 0.887963 0.696875 0.891667 0.694271 0.891667 0.689063 0.884259 0.683333 0.870370 0.681250
0 0.928704 0.663542 0.908333 0.664062 0.897222 0.668229 0.897222 0.675000 0.905556 0.681250 0.916667 0.681771 0.926852 0.677083 0.931481 0.670312
0 0.866667 0.669792 0.864815 0.674479 0.873148 0.681250 0.886111 0.683333 0.892593 0.680729 0.896296 0.676562 0.896296 0.669792 0.893519 0.667708 0.876852 0.667188
0 0.821296 0.666146 0.813889 0.668750 0.811111 0.672917 0.811111 0.677604 0.812963 0.680729 0.819444 0.684896 0.830556 0.688021 0.841667 0.681250 0.842593 0.672396 0.835185 0.667188
0 0.792593 0.657292 0.784259 0.661979 0.783333 0.667188 0.785185 0.669792 0.796296 0.674479 0.810185 0.675000 0.813889 0.671354 0.813889 0.665104 0.810185 0.660417 0.803704 0.656771
0 0.704630 0.669792 0.700926 0.677083 0.700926 0.683333 0.703704 0.686979 0.707407 0.688542 0.713889 0.689063 0.727778 0.686458 0.730556 0.682292 0.727778 0.677083 0.712037 0.669271
0 0.707407 0.691667 0.701852 0.693229 0.696296 0.696875 0.694444 0.704688 0.700000 0.710417 0.712963 0.711979 0.720370 0.709375 0.721296 0.698438 0.714815 0.692187
0 0.697222 0.724479 0.693519 0.728646 0.694444 0.732812 0.705556 0.738542 0.712963 0.739062 0.725000 0.736458 0.728704 0.734375 0.728704 0.731250 0.725000 0.727083 0.714815 0.722917 0.703704 0.721875
0 0.725000 0.708333 0.709259 0.713021 0.709259 0.718750 0.715741 0.723437 0.723148 0.725521 0.727778 0.725521 0.733333 0.723958 0.737963 0.720833 0.738889 0.714063 0.734259 0.710417
0 0.538889 0.705208 0.529630 0.708854 0.527778 0.712500 0.528704 0.716146 0.532407 0.720833 0.544444 0.726562 0.548148 0.726562 0.552778 0.725000 0.557407 0.718229 0.557407 0.715104 0.549074 0.705729
0 0.556481 0.701042 0.551852 0.705729 0.551852 0.709896 0.555556 0.714063 0.563889 0.718229 0.569444 0.719271 0.578704 0.718750 0.583333 0.710938 0.580556 0.702083 0.573148 0.698958 0.564815 0.698958
0 0.629630 0.685417 0.619444 0.685937 0.610185 0.689063 0.607407 0.692187 0.607407 0.696875 0.614815 0.702083 0.626852 0.703125 0.636111 0.698438 0.638889 0.694271 0.637963 0.689583
0 0.638889 0.693229 0.637037 0.698958 0.637963 0.701562 0.642593 0.704167 0.652778 0.706771 0.659259 0.706771 0.668519 0.702083 0.667593 0.695833 0.659259 0.691146 0.647222 0.690104
0 0.669444 0.675000 0.662037 0.681250 0.661111 0.685937 0.664815 0.692187 0.670370 0.694792 0.677778 0.695312 0.687963 0.691146 0.689815 0.684896 0.684259 0.678646 0.677778 0.675000
0 0.629630 0.672396 0.625926 0.676562 0.625926 0.679688 0.628704 0.683854 0.632407 0.685937 0.650000 0.688021 0.659259 0.684375 0.661111 0.681771 0.660185 0.677083 0.653704 0.672917 0.645370 0.670833 0.633333 0.670833
0 0.636111 0.652604 0.635185 0.658854 0.642593 0.665625 0.652778 0.666667 0.662037 0.664062 0.664815 0.657813 0.659259 0.652604 0.651852 0.651042 0.640741 0.651042
0 0.686111 0.641667 0.672222 0.640625 0.662037 0.643229 0.659259 0.645833 0.659259 0.651563 0.664815 0.656771 0.677778 0.657292 0.690741 0.650521 0.690741 0.645833
0 0.704630 0.653646 0.698148 0.650000 0.690741 0.649479 0.681481 0.655208 0.672222 0.658333 0.673148 0.665104 0.675000 0.666146 0.687037 0.666146 0.700926 0.663542 0.705556 0.659375
0 0.711111 0.654167 0.705556 0.658333 0.704630 0.662500 0.707407 0.666146 0.714815 0.668229 0.731481 0.667188 0.736111 0.663542 0.736111 0.659896 0.733333 0.656771 0.726852 0.653646 0.721296 0.652604
0 0.761111 0.670833 0.747222 0.666146 0.738889 0.667708 0.734259 0.670312 0.730556 0.676042 0.731481 0.686458 0.740741 0.686458 0.750926 0.682813 0.762037 0.675000
0 0.746296 0.652604 0.742593 0.656771 0.745370 0.664583 0.759259 0.670312 0.767593 0.669271 0.775000 0.663021 0.773148 0.656250 0.762963 0.652083 0.751852 0.651563
0 0.713889 0.633333 0.702778 0.641667 0.703704 0.644271 0.717593 0.650000 0.733333 0.648958 0.737963 0.645312 0.737963 0.641146 0.733333 0.635938 0.723148 0.632812
0 0.698148 0.625521 0.692593 0.624479 0.687037 0.625000 0.675926 0.630208 0.675000 0.636458 0.679630 0.640625 0.683333 0.641667 0.691667 0.641146 0.702778 0.635417 0.703704 0.630208
0 0.654630 0.613542 0.644444 0.617708 0.638889 0.623958 0.642593 0.629687 0.659259 0.632292 0.670370 0.627083 0.670370 0.622917 0.662037 0.616146
0 0.635185 0.632812 0.633333 0.634375 0.633333 0.642708 0.641667 0.648958 0.656481 0.647917 0.667593 0.640625 0.665741 0.635417 0.656481 0.631771 0.641667 0.630729
0 0.633333 0.650000 0.620370 0.647917 0.613889 0.648438 0.609259 0.650521 0.607407 0.659896 0.612963 0.664583 0.622222 0.665104 0.631481 0.660417 0.635185 0.655729 0.635185 0.651563
0 0.607407 0.663542 0.600000 0.667188 0.597222 0.674479 0.600000 0.677604 0.608333 0.680729 0.620370 0.680729 0.625926 0.677083 0.626852 0.673438 0.622222 0.667188 0.616667 0.664583
0 0.579630 0.673438 0.569444 0.677083 0.567593 0.681771 0.571296 0.686979 0.577778 0.690625 0.587037 0.691667 0.594444 0.689583 0.599074 0.685937 0.599074 0.676562 0.593519 0.673958
0 0.544444 0.672396 0.537963 0.677083 0.537037 0.682292 0.540741 0.686458 0.552778 0.690104 0.568519 0.689583 0.570370 0.684375 0.564815 0.676562 0.559259 0.673438
0 0.553704 0.657292 0.545370 0.662500 0.544444 0.668229 0.547222 0.672396 0.559259 0.673958 0.566667 0.671354 0.569444 0.668229 0.569444 0.663542 0.565741 0.658854 0.561111 0.657292
0 0.567593 0.640625 0.551852 0.642188 0.548148 0.644792 0.547222 0.651042 0.555556 0.656250 0.566667 0.657292 0.576852 0.650521 0.575926 0.643750
0 0.612037 0.640625 0.601852 0.636979 0.593519 0.636458 0.582407 0.638021 0.575926 0.642188 0.577778 0.648958 0.584259 0.652604 0.595370 0.652083 0.609259 0.646875 0.612963 0.643750
0 0.558333 0.620313 0.552778 0.625521 0.555556 0.633333 0.565741 0.638021 0.573148 0.638542 0.577778 0.637500 0.583333 0.631771 0.581481 0.623437 0.577778 0.621354 0.570370 0.619792
0 0.535185 0.607292 0.535185 0.612500 0.538889 0.616667 0.543519 0.618750 0.557407 0.620313 0.564815 0.617188 0.566667 0.609375 0.560185 0.605729 0.550926 0.604688
0 0.579630 0.605208 0.570370 0.608854 0.570370 0.616667 0.578704 0.621875 0.588889 0.621354 0.598148 0.616146 0.598148 0.611458 0.593519 0.606771 0.587037 0.605208
0 0.626852 0.615625 0.615741 0.611979 0.600000 0.614583 0.594444 0.620833 0.596296 0.627604 0.600000 0.629687 0.614815 0.630208 0.622222 0.628646 0.627778 0.624479 0.628704 0.619271
0 0.621296 0.601042 0.615741 0.606250 0.617593 0.612500 0.627778 0.616146 0.641667 0.615625 0.645370 0.612500 0.647222 0.607812 0.644444 0.603125 0.634259 0.599479 0.626852 0.599479
0 0.703704 0.601042 0.693519 0.605208 0.690741 0.610417 0.691667 0.616146 0.698148 0.620313 0.712963 0.620833 0.720370 0.616667 0.720370 0.609896 0.712963 0.603646
0 0.766667 0.632812 0.757407 0.638021 0.757407 0.643750 0.770370 0.649479 0.780556 0.649479 0.784259 0.646354 0.786111 0.638021 0.782407 0.634375 0.777778 0.632812
0 0.793519 0.635938 0.786111 0.639583 0.785185 0.646354 0.792593 0.651563 0.803704 0.652083 0.809259 0.650000 0.814815 0.643229 0.814815 0.639583 0.806481 0.635417
0 0.820370 0.641146 0.815741 0.642708 0.809259 0.649479 0.811111 0.655729 0.819444 0.659375 0.834259 0.659896 0.837037 0.658854 0.837963 0.650521 0.829630 0.642708
0 0.804630 0.627604 0.803704 0.631771 0.805556 0.633854 0.818519 0.639583 0.826852 0.641146 0.832407 0.641146 0.837037 0.639583 0.836111 0.629687 0.832407 0.626042 0.825926 0.622917 0.816667 0.622396
0 0.844444 0.630729 0.841667 0.632292 0.839815 0.636979 0.841667 0.642708 0.850926 0.646875 0.861111 0.647396 0.865741 0.646354 0.874074 0.640104 0.874074 0.634375 0.872222 0.632812 0.857407 0.629167 0.850926 0.629167
0 0.862037 0.647917 0.850000 0.647396 0.840741 0.651042 0.837963 0.656250 0.837963 0.663542 0.841667 0.666667 0.853704 0.667708 0.861111 0.665625 0.866667 0.661979 0.866667 0.652604
0 0.877778 0.644271 0.867593 0.651563 0.868519 0.661458 0.875926 0.665625 0.889815 0.665625 0.895370 0.662500 0.893519 0.650000 0.886111 0.644792
0 0.906481 0.648438 0.899074 0.648438 0.893519 0.650000 0.894444 0.662500 0.899074 0.665625 0.908333 0.664583 0.917593 0.658854
0 0.926852 0.639062 0.915741 0.640104 0.905556 0.645312 0.905556 0.651563 0.918519 0.658854 0.927778 0.658333 0.935185 0.654167 0.936111 0.648438 0.934259 0.642708
0 0.886111 0.625521 0.885185 0.631250 0.888889 0.635417 0.896296 0.638021 0.906481 0.637500 0.912037 0.635938 0.921296 0.631250 0.922222 0.629167 0.921296 0.625521 0.914815 0.622917 0.897222 0.622396
0 0.889815 0.609896 0.887963 0.615625 0.894444 0.621875 0.917593 0.623437 0.920370 0.625000 0.925926 0.618750 0.914815 0.608854 0.906481 0.606250 0.898148 0.606250
0 0.863889 0.607812 0.859259 0.610417 0.857407 0.613542 0.857407 0.619271 0.861111 0.623437 0.870370 0.626042 0.883333 0.625521 0.887963 0.623958 0.890741 0.620313 0.887963 0.615104 0.879630 0.610417 0.872222 0.608333
0 0.820370 0.617188 0.819444 0.620313 0.831481 0.625521 0.838889 0.626563 0.850926 0.626042 0.855556 0.623437 0.857407 0.619271 0.855556 0.612500 0.851852 0.610938 0.845370 0.610417 0.835185 0.611979
0 0.795370 0.585938 0.791667 0.592187 0.799074 0.600000 0.806481 0.602604 0.816667 0.602604 0.825926 0.595833 0.826852 0.591667 0.803704 0.585417
0 0.893519 0.589583 0.891667 0.595833 0.894444 0.602083 0.899074 0.605208 0.912037 0.606250 0.922222 0.603646 0.927778 0.600000 0.926852 0.595313 0.920370 0.591146 0.900926 0.588021
0 0.886111 0.593229 0.867593 0.594271 0.861111 0.596875 0.859259 0.600000 0.867593 0.607812 0.879630 0.609896 0.888889 0.606771 0.892593 0.603125 0.893519 0.598958 0.890741 0.595313
0 0.774074 0.595833 0.769444 0.598958 0.771296 0.607812 0.780556 0.616667 0.787963 0.617188 0.798148 0.608854 0.798148 0.600000 0.790741 0.595833
0 0.740741 0.588542 0.725926 0.590625 0.715741 0.596875 0.715741 0.603646 0.720370 0.606771 0.731481 0.609896 0.738889 0.608854 0.745370 0.598958 0.745370 0.591146
0 0.684259 0.581250 0.678704 0.587500 0.678704 0.593229 0.681481 0.597396 0.687963 0.601562 0.699074 0.602604 0.704630 0.600521 0.709259 0.596354 0.709259 0.590104 0.705556 0.586458 0.692593 0.581250
0 0.662037 0.583333 0.656481 0.585417 0.651852 0.591667 0.651852 0.595833 0.655556 0.601562 0.660185 0.604167 0.671296 0.604688 0.677778 0.603125 0.680556 0.601042 0.680556 0.594792 0.675000 0.589063 0.666667 0.584375
0 0.598148 0.586458 0.593519 0.587500 0.588889 0.591146 0.586111 0.597396 0.589815 0.602083 0.601852 0.603646 0.612963 0.601042 0.614815 0.595313 0.603704 0.586979
0 0.575926 0.591146 0.567593 0.591146 0.558333 0.595313 0.556481 0.600521 0.561111 0.605208 0.565741 0.606771 0.575000 0.606250 0.582407 0.602083 0.583333 0.594792
0 0.549074 0.590104 0.537963 0.589583 0.527778 0.592708 0.525926 0.600000 0.534259 0.606250 0.547222 0.605729 0.553704 0.601562 0.557407 0.595313 0.555556 0.592708
0 0.518519 0.587500 0.507407 0.588542 0.499074 0.594271 0.501852 0.602083 0.510185 0.605208 0.519444 0.604167 0.525926 0.601042 0.526852 0.591146
0 0.354630 0.719271 0.347222 0.720313 0.340741 0.723437 0.337963 0.730208 0.338889 0.733854 0.341667 0.735938 0.357407 0.738021 0.365741 0.732812 0.365741 0.727604 0.360185 0.719792
0 0.378704 0.714583 0.365741 0.715625 0.360185 0.720313 0.365741 0.729167 0.369444 0.731250 0.378704 0.731250 0.389815 0.720833
0 0.391667 0.720313 0.383333 0.725000 0.381481 0.733333 0.385185 0.736979 0.388889 0.738021 0.405556 0.737500 0.409259 0.732292 0.398148 0.727083
0 0.400000 0.715104 0.394444 0.720313 0.398148 0.728125 0.411111 0.731771 0.424074 0.731250 0.426852 0.724479 0.423148 0.718750 0.412037 0.714583 0.405556 0.714063
0 0.439815 0.718229 0.428704 0.722396 0.425000 0.732292 0.434259 0.735938 0.448148 0.736979 0.458333 0.733333 0.458333 0.729167 0.453704 0.722396 0.450000 0.720313
0 0.412963 0.702604 0.409259 0.704688 0.409259 0.713542 0.419444 0.717708 0.428704 0.718750 0.432407 0.715104 0.429630 0.703646 0.424074 0.701562
0 0.399074 0.689063 0.389815 0.695312 0.389815 0.701562 0.393519 0.704167 0.398148 0.705208 0.407407 0.704688 0.416667 0.701562 0.418519 0.694792 0.412037 0.689583
0 0.380556 0.703646 0.376852 0.706771 0.378704 0.713542 0.387963 0.719271 0.394444 0.719792 0.401852 0.713542 0.400926 0.707812 0.392593 0.703125
0 0.371296 0.698438 0.363889 0.697396 0.349074 0.701042 0.347222 0.709375 0.351852 0.712500 0.363889 0.713542 0.374074 0.711458 0.376852 0.704167
0 0.325000 0.697396 0.321296 0.700521 0.322222 0.708854 0.329630 0.715625 0.337963 0.715625 0.346296 0.711458 0.347222 0.703125 0.345370 0.701042 0.337963 0.698438
0 0.351852 0.684896 0.343519 0.685937 0.338889 0.688542 0.337037 0.697396 0.342593 0.700000 0.351852 0.700000 0.362963 0.697396 0.363889 0.692187 0.362037 0.689063
0 0.370370 0.675521 0.362037 0.678646 0.358333 0.684896 0.359259 0.687500 0.368519 0.694792 0.375926 0.696354 0.386111 0.696354 0.388889 0.693750 0.386111 0.680729 0.381481 0.677083
0 0.385185 0.663542 0.379630 0.668229 0.380556 0.673438 0.386111 0.679167 0.393519 0.680208 0.404630 0.675000 0.404630 0.669271 0.400000 0.664062
0 0.423148 0.675521 0.413889 0.673438 0.404630 0.675000 0.389815 0.681250 0.389815 0.685937 0.400926 0.689063 0.413889 0.689583 0.419444 0.688021 0.425000 0.682813
0 0.434259 0.653646 0.425000 0.655208 0.414815 0.660937 0.415741 0.666667 0.426852 0.670312 0.435185 0.669271 0.441667 0.665104 0.442593 0.660937 0.440741 0.656771
0 0.454630 0.647917 0.448148 0.650000 0.442593 0.654167 0.443519 0.662500 0.456481 0.667188 0.463889 0.667188 0.468519 0.665104 0.470370 0.662500 0.471296 0.654167 0.464815 0.649479
0 0.452778 0.669792 0.442593 0.667708 0.432407 0.669271 0.428704 0.671354 0.425926 0.676042 0.427778 0.683333 0.432407 0.684896 0.441667 0.684375 0.455556 0.675521 0.455556 0.671875
0 0.429630 0.685937 0.422222 0.692187 0.423148 0.698438 0.430556 0.702604 0.445370 0.701562 0.450000 0.697396 0.450000 0.689063 0.441667 0.685417
0 0.439815 0.702083 0.434259 0.708854 0.436111 0.714063 0.440741 0.716146 0.446296 0.716667 0.460185 0.715104 0.462037 0.708854 0.459259 0.704688 0.451852 0.701562
0 0.482407 0.693229 0.464815 0.692708 0.459259 0.693750 0.453704 0.696875 0.453704 0.702083 0.462037 0.708333 0.469444 0.708854 0.481481 0.702083 0.485185 0.697917
0 0.481481 0.689063 0.483333 0.694271 0.487037 0.697396 0.503704 0.698958 0.522222 0.693229 0.521296 0.689063 0.504630 0.683854 0.487037 0.684896 0.482407 0.686979
0 0.532407 0.688021 0.525926 0.691146 0.525000 0.693750 0.535185 0.703125 0.547222 0.702604 0.552778 0.696875 0.551852 0.690625 0.542593 0.687500
0 0.525000 0.694792 0.515741 0.694792 0.506481 0.697396 0.502778 0.700521 0.504630 0.706771 0.510185 0.713542 0.512963 0.714583 0.521296 0.714063 0.529630 0.708854 0.531481 0.701042
0 0.493519 0.703646 0.482407 0.707292 0.480556 0.714583 0.485185 0.717187 0.498148 0.718750 0.507407 0.716146 0.508333 0.709896 0.502778 0.704167
0 0.461111 0.719271 0.462037 0.726562 0.467593 0.729688 0.481481 0.729688 0.491667 0.722917 0.491667 0.719271 0.481481 0.716146 0.464815 0.716146
0 0.458333 0.677604 0.452778 0.682292 0.452778 0.687500 0.454630 0.689063 0.463889 0.692708 0.478704 0.692708 0.481481 0.684375 0.475926 0.678125 0.472222 0.677083
0 0.497222 0.665625 0.486111 0.666667 0.477778 0.672917 0.476852 0.679167 0.482407 0.683333 0.492593 0.683333 0.502778 0.678646 0.505556 0.672917 0.502778 0.668750
0 0.531481 0.671354 0.509259 0.673438 0.504630 0.677083 0.505556 0.683333 0.521296 0.689063 0.531481 0.688542 0.537037 0.679688 0.536111 0.674479
0 0.502778 0.659896 0.500000 0.666667 0.505556 0.672396 0.517593 0.673438 0.528704 0.671875 0.533333 0.669792 0.536111 0.665625 0.524074 0.656771 0.510185 0.656771
0 0.525926 0.636979 0.517593 0.637500 0.508333 0.641667 0.510185 0.653646 0.512963 0.655729 0.525000 0.655729 0.534259 0.650521 0.534259 0.645312
0 0.496296 0.640104 0.487037 0.649479 0.486111 0.654687 0.496296 0.658333 0.504630 0.658854 0.512037 0.654687 0.510185 0.646354 0.504630 0.640104
0 0.467593 0.638021 0.462963 0.641146 0.462037 0.646875 0.464815 0.650521 0.473148 0.654687 0.485185 0.653646 0.490741 0.647396 0.492593 0.641146 0.485185 0.638021
0 0.433333 0.637500 0.423148 0.640104 0.422222 0.647396 0.426852 0.652083 0.437963 0.653646 0.443519 0.652604 0.450926 0.648958 0.458611 0.644792 0.449074 0.640625
0 0.403704 0.648958 0.396296 0.647917 0.386111 0.650000 0.376852 0.656771 0.377778 0.660417 0.391667 0.664062 0.401852 0.663542 0.407407 0.658854 0.406481 0.652083
0 0.369444 0.663542 0.357407 0.661979 0.348148 0.664583 0.345370 0.671875 0.346296 0.674479 0.350926 0.677604 0.365741 0.677083 0.373148 0.673438 0.373148 0.666146
0 0.322222 0.672917 0.318519 0.677604 0.321296 0.683333 0.334259 0.688021 0.338889 0.688021 0.349074 0.685417 0.350000 0.677604 0.341667 0.671875 0.337037 0.670312 0.327778 0.670312
0 0.307407 0.663021 0.299074 0.666667 0.297222 0.673958 0.301852 0.679167 0.307407 0.680729 0.316667 0.680729 0.325926 0.670312 0.324074 0.665625 0.318519 0.663021
0 0.323148 0.683333 0.311111 0.684375 0.305556 0.689063 0.303704 0.697396 0.309259 0.701042 0.319444 0.700521 0.332407 0.692708 0.333333 0.689063 0.331481 0.686979
0 0.300000 0.679167 0.291667 0.681250 0.285185 0.684896 0.282407 0.691667 0.285185 0.694271 0.290741 0.695833 0.302778 0.696875 0.305556 0.690104 0.310185 0.685937 0.310185 0.682813 0.304630 0.679688
0 0.275926 0.693750 0.270370 0.698438 0.270370 0.705729 0.280556 0.708333 0.296296 0.707812 0.300926 0.705208 0.301852 0.702604 0.300000 0.696875 0.282407 0.692708
0 0.265741 0.658854 0.258333 0.663542 0.256481 0.671875 0.261111 0.675000 0.276852 0.675521 0.282407 0.673438 0.285185 0.670312 0.286111 0.662500 0.280556 0.658854
0 0.266667 0.676042 0.256481 0.680208 0.255556 0.686979 0.257407 0.689583 0.267593 0.694792 0.275000 0.694792 0.280556 0.691146 0.284259 0.681250 0.277778 0.676562
0 0.176852 0.702604 0.163889 0.708333 0.162963 0.713542 0.165741 0.717708 0.175000 0.720313 0.181481 0.720313 0.188889 0.716146 0.190741 0.708333 0.187037 0.704167
0 0.213889 0.700000 0.201852 0.698958 0.192593 0.702604 0.189815 0.705729 0.189815 0.710417 0.192593 0.715104 0.202778 0.715625 0.217593 0.711979 0.219444 0.709896 0.219444 0.703646
0 0.213889 0.680208 0.212963 0.686458 0.217593 0.691146 0.225926 0.691667 0.240741 0.689583 0.242593 0.683333 0.236111 0.678646 0.223148 0.677083
0 0.207407 0.647917 0.198148 0.646875 0.188889 0.652083 0.186111 0.655729 0.186111 0.661979 0.187963 0.663021 0.196296 0.663542 0.204630 0.662500 0.212037 0.659375 0.213889 0.654167
0 0.221296 0.640104 0.214815 0.643229 0.215741 0.651563 0.223148 0.655729 0.233333 0.656250 0.240741 0.651042 0.241667 0.646354 0.239815 0.643750 0.234259 0.641146 0.225926 0.639583
0 0.201852 0.626563 0.199074 0.635938 0.202778 0.640625 0.214815 0.641667 0.223148 0.639583 0.225000 0.638021 0.225000 0.632812 0.220370 0.627604 0.212963 0.625521
0 0.195370 0.634896 0.189815 0.634375 0.183333 0.635938 0.174074 0.642188 0.175000 0.646875 0.183333 0.652083 0.191667 0.650521 0.201852 0.645833 0.201852 0.638542
0 0.147222 0.633333 0.144444 0.638021 0.147222 0.642708 0.156481 0.647396 0.162963 0.648438 0.168519 0.647396 0.171296 0.645833 0.173148 0.641146 0.171296 0.634896 0.162963 0.631250 0.154630 0.631250
0 0.169444 0.616146 0.160185 0.622396 0.160185 0.629167 0.167593 0.633854 0.176852 0.634375 0.187037 0.630208 0.189815 0.627083 0.189815 0.621875 0.185185 0.617708 0.177778 0.616146
0 0.197222 0.610938 0.189815 0.615104 0.187963 0.618229 0.189815 0.623437 0.191667 0.625000 0.197222 0.626042 0.207407 0.625521 0.211111 0.623958 0.214815 0.619792 0.213889 0.614583 0.206481 0.611458
0 0.233333 0.612500 0.224074 0.613542 0.217593 0.618750 0.217593 0.626563 0.225000 0.631250 0.239815 0.630729 0.242593 0.627604 0.239815 0.616146
0 0.261111 0.611458 0.251852 0.611979 0.242593 0.615104 0.242593 0.623958 0.250926 0.628125 0.261111 0.628125 0.273148 0.623437 0.271296 0.616146
0 0.246296 0.628646 0.241667 0.631250 0.237037 0.638542 0.239815 0.644271 0.245370 0.646354 0.262963 0.645312 0.267593 0.642708 0.267593 0.638021 0.264815 0.633854 0.257407 0.629167
0 0.343519 0.643750 0.339815 0.645833 0.337963 0.649479 0.342593 0.655208 0.352778 0.659896 0.359259 0.660417 0.365741 0.659375 0.371296 0.652604 0.371296 0.649479 0.367593 0.645833
0 0.306481 0.635938 0.303704 0.637500 0.302778 0.643229 0.304630 0.646875 0.309259 0.649479 0.322222 0.652083 0.332407 0.649479 0.335185 0.646875 0.335185 0.641667 0.328704 0.636979 0.318519 0.634896
0 0.278704 0.626042 0.271296 0.629687 0.269444 0.639062 0.277778 0.643229 0.286111 0.643229 0.293519 0.641146 0.299074 0.635938 0.299074 0.630729 0.290741 0.626563
0 0.306481 0.619792 0.300000 0.620833 0.298148 0.622396 0.296296 0.628646 0.301852 0.635417 0.309259 0.636458 0.316667 0.634896 0.320370 0.632812 0.322222 0.626563 0.313889 0.620833
0 0.344444 0.617708 0.337037 0.618229 0.327778 0.620833 0.324074 0.623958 0.326852 0.632812 0.335185 0.635417 0.348148 0.634375 0.353704 0.629687 0.354630 0.626563 0.352778 0.622917
0 0.370370 0.630729 0.364815 0.629167 0.360185 0.629687 0.346296 0.634375 0.341667 0.636979 0.343519 0.642188 0.352778 0.644792 0.366667 0.645312 0.370370 0.643229 0.373148 0.637500
0 0.390741 0.641146 0.390741 0.643750 0.394444 0.645833 0.413889 0.646354 0.421296 0.643750 0.422222 0.636979 0.415741 0.631771 0.404630 0.631771 0.395370 0.635938
0 0.375926 0.623958 0.371296 0.626563 0.372222 0.632292 0.384259 0.636979 0.395370 0.636458 0.402778 0.629167 0.402778 0.623437 0.397222 0.621354 0.386111 0.621354
0 0.411111 0.618229 0.406481 0.622396 0.409259 0.629167 0.418519 0.632812 0.432407 0.631250 0.437037 0.627083 0.437037 0.622917 0.434259 0.619792 0.428704 0.617188 0.421296 0.616667
0 0.445370 0.625000 0.433333 0.630729 0.434259 0.635417 0.443519 0.639062 0.455556 0.640104 0.464815 0.635417 0.463889 0.627604 0.462037 0.625521 0.457407 0.624479
0 0.468519 0.614583 0.465741 0.619792 0.467593 0.630729 0.473148 0.634896 0.483333 0.635417 0.491667 0.631771 0.491667 0.623958 0.478704 0.615104
0 0.496296 0.622396 0.493519 0.625000 0.493519 0.631771 0.500926 0.637500 0.513889 0.636979 0.522222 0.632812 0.522222 0.627083 0.519444 0.625521 0.504630 0.621875
0 0.529630 0.622396 0.524074 0.626563 0.524074 0.631771 0.526852 0.634375 0.535185 0.636979 0.548148 0.635938 0.552778 0.631771 0.550926 0.625521 0.544444 0.622396
0 0.510185 0.607812 0.506481 0.609896 0.503704 0.615104 0.505556 0.621354 0.509259 0.623437 0.516667 0.625000 0.523148 0.624479 0.528704 0.621354 0.532407 0.616146 0.531481 0.609896 0.522222 0.607812
0 0.508333 0.605729 0.502778 0.604167 0.496296 0.604167 0.482407 0.607292 0.479630 0.609375 0.480556 0.615625 0.487963 0.618750 0.499074 0.619271 0.502778 0.618229 0.509259 0.607812
0 0.491667 0.592187 0.481481 0.591667 0.473148 0.594271 0.471296 0.601042 0.474074 0.606250 0.483333 0.607292 0.494444 0.604688 0.499074 0.602083 0.499074 0.595833
0 0.456481 0.592187 0.448148 0.596354 0.446296 0.603646 0.450000 0.607292 0.463889 0.609375 0.471296 0.604688 0.470370 0.595833 0.463889 0.592187
0 0.463889 0.609375 0.453704 0.607812 0.441667 0.609896 0.434259 0.615104 0.434259 0.619271 0.437037 0.621875 0.447222 0.625000 0.459259 0.623958 0.466667 0.616667
0 0.431481 0.604167 0.420370 0.601042 0.406481 0.603125 0.401852 0.606771 0.405556 0.616146 0.412037 0.618229 0.426852 0.616146 0.434259 0.608333
0 0.389815 0.604688 0.377778 0.608333 0.372222 0.613542 0.372222 0.615625 0.382407 0.620833 0.393519 0.621354 0.400000 0.619792 0.402778 0.616146 0.402778 0.611979 0.400000 0.607292 0.393519 0.604688
0 0.357407 0.609896 0.347222 0.613542 0.347222 0.619271 0.357407 0.627083 0.366667 0.628646 0.372222 0.624479 0.372222 0.618750 0.368519 0.613021
0 0.341667 0.607292 0.325926 0.605208 0.318519 0.608333 0.315741 0.613542 0.315741 0.619271 0.320370 0.622396 0.323148 0.622917 0.330556 0.621354 0.342593 0.616667 0.343519 0.609375
0 0.311111 0.602083 0.300926 0.603125 0.291667 0.610938 0.291667 0.615625 0.300926 0.619792 0.312963 0.618750 0.317593 0.613542 0.318519 0.607292
0 0.262963 0.603125 0.261111 0.611458 0.268519 0.615625 0.281481 0.615625 0.289815 0.613542 0.293519 0.610938 0.295370 0.607812 0.294444 0.605208 0.287037 0.601562 0.273148 0.600521
0 0.230556 0.602604 0.230556 0.610938 0.237963 0.614583 0.243519 0.614583 0.258333 0.610938 0.261111 0.609375 0.263889 0.604167 0.262037 0.601042 0.255556 0.598958 0.238889 0.598958
0 0.200926 0.598958 0.197222 0.603125 0.200000 0.610417 0.213889 0.613021 0.224074 0.610938 0.227778 0.608854 0.229630 0.602604 0.225000 0.598958 0.216667 0.596875 0.208333 0.596875
0 0.176852 0.593229 0.169444 0.596354 0.166667 0.604167 0.169444 0.609375 0.177778 0.613021 0.183333 0.611979 0.190741 0.607292 0.193519 0.603646 0.193519 0.598958 0.184259 0.593750
0 0.149074 0.605208 0.143519 0.607812 0.141667 0.615625 0.151852 0.622396 0.157407 0.622917 0.167593 0.617188 0.169444 0.615104 0.169444 0.609375 0.165741 0.606250
0 0.134259 0.618750 0.128704 0.622917 0.130556 0.630729 0.141667 0.633854 0.150000 0.633333 0.154630 0.630208 0.152778 0.622917 0.143519 0.617708
0 0.102778 0.612500 0.100926 0.617188 0.112037 0.623437 0.123148 0.623958 0.131481 0.621875 0.134259 0.619792 0.133333 0.612500 0.127778 0.609375 0.123148 0.608333 0.111111 0.608333
0 0.143519 0.645833 0.137963 0.643229 0.128704 0.643229 0.123148 0.644792 0.116667 0.650521 0.116667 0.658333 0.131481 0.658854 0.138889 0.657813 0.144444 0.653125
0 0.169444 0.647396 0.161111 0.648958 0.153704 0.653125 0.151852 0.658333 0.160185 0.663542 0.171296 0.665104 0.182407 0.661979 0.184259 0.653646 0.177778 0.648438
0 0.174074 0.669271 0.165741 0.671354 0.158333 0.675521 0.157407 0.678646 0.164815 0.683854 0.179630 0.685417 0.184259 0.684375 0.188889 0.681250 0.189815 0.672917 0.183333 0.669792
0 0.179630 0.685417 0.162037 0.683854 0.151852 0.688542 0.151852 0.696875 0.162037 0.702604 0.170370 0.701562 0.182407 0.693750 0.184259 0.687500
0 0.123148 0.680208 0.116667 0.684375 0.115741 0.689583 0.117593 0.692187 0.127778 0.695833 0.140741 0.694271 0.149074 0.689063 0.150000 0.685417 0.147222 0.682813 0.138889 0.679167
0 0.127778 0.698438 0.125926 0.707292 0.126852 0.709375 0.133333 0.711979 0.150000 0.711458 0.158333 0.709375 0.162963 0.706771 0.163889 0.704688 0.162037 0.702083 0.150926 0.697396 0.135185 0.695833
0 0.140741 0.713021 0.130556 0.720313 0.129630 0.725000 0.141667 0.730729 0.150926 0.730729 0.161111 0.724479 0.161111 0.718229 0.159259 0.715625 0.151852 0.712500
0 0.324074 0.780729 0.313889 0.781250 0.305556 0.784896 0.303704 0.791146 0.306481 0.794792 0.311111 0.796875 0.323148 0.797396 0.331481 0.794271 0.331481 0.784375
0 0.356481 0.778646 0.345370 0.782292 0.342593 0.786979 0.343519 0.793229 0.352778 0.797917 0.365741 0.798438 0.368519 0.794271 0.368519 0.785417 0.365741 0.780729
0 0.356481 0.761979 0.347222 0.767188 0.348148 0.772396 0.356481 0.778125 0.362963 0.779167 0.368519 0.778646 0.373148 0.775521 0.375000 0.771875 0.374074 0.768750 0.364815 0.762500
0 0.341667 0.765104 0.333333 0.764583 0.328704 0.766146 0.320370 0.775000 0.320370 0.779687 0.322222 0.780729 0.332407 0.782292 0.339815 0.781250 0.347222 0.778125 0.349074 0.772396 0.347222 0.768750
0 0.327778 0.748958 0.323148 0.755208 0.325000 0.762500 0.328704 0.764583 0.343519 0.765104 0.347222 0.760938 0.344444 0.753125 0.335185 0.749479
0 0.288889 0.755208 0.287037 0.760938 0.289815 0.765625 0.293519 0.767708 0.309259 0.768750 0.321296 0.765104 0.322222 0.759375 0.317593 0.754167 0.309259 0.752083 0.300926 0.751563 0.292593 0.753125
0 0.288889 0.769271 0.284259 0.773958 0.287037 0.781250 0.293519 0.783333 0.307407 0.782292 0.313889 0.776042 0.314815 0.769792 0.312963 0.768750 0.301852 0.768229
0 0.293519 0.783854 0.277778 0.783854 0.268519 0.789062 0.266667 0.792188 0.268519 0.795312 0.274074 0.798958 0.286111 0.798958 0.294444 0.795312 0.296296 0.792708 0.296296 0.785937
0 0.260185 0.775000 0.249074 0.776042 0.242593 0.781771 0.243519 0.788021 0.251852 0.793229 0.263889 0.791667 0.270370 0.787500 0.271296 0.782813 0.268519 0.778646
0 0.234259 0.758333 0.221296 0.759375 0.214815 0.765625 0.212963 0.771875 0.218519 0.779687 0.228704 0.779687 0.232407 0.778646 0.239815 0.773438 0.239815 0.761458
0 0.150926 0.751563 0.144444 0.755208 0.144444 0.761458 0.148148 0.769792 0.156481 0.770312 0.169444 0.764062 0.171296 0.757292 0.164815 0.752604
0 0.113889 0.765104 0.110185 0.766667 0.107407 0.770312 0.105556 0.779687 0.110185 0.783333 0.122222 0.784375 0.133333 0.779167 0.136111 0.775521 0.135185 0.771354 0.125000 0.766667
0 0.148148 0.741667 0.140741 0.741146 0.121296 0.744271 0.115741 0.748437 0.114815 0.752083 0.116667 0.754167 0.125926 0.758333 0.135185 0.758333 0.141667 0.756771 0.147222 0.752083 0.149074 0.746354
0 0.212037 0.714583 0.204630 0.719271 0.202778 0.728646 0.205556 0.732292 0.212037 0.735417 0.224074 0.735417 0.229630 0.732292 0.229630 0.721875 0.225000 0.716667 0.219444 0.714583
0 0.239815 0.717708 0.234259 0.720313 0.231481 0.723437 0.232407 0.730729 0.239815 0.734896 0.251852 0.734896 0.259259 0.729167 0.259259 0.722396 0.250926 0.717708
0 0.299074 0.716146 0.294444 0.715625 0.287963 0.717708 0.277778 0.723958 0.276852 0.729688 0.286111 0.734896 0.298148 0.734375 0.303704 0.729688 0.303704 0.719792
0 0.309259 0.715625 0.305556 0.718229 0.302778 0.722396 0.302778 0.727083 0.304630 0.731250 0.308333 0.733854 0.318519 0.734375 0.323148 0.733854 0.329630 0.729167 0.331481 0.721875 0.328704 0.718229 0.317593 0.714583
0 0.296296 0.738021 0.295370 0.741667 0.302778 0.745833 0.313889 0.747396 0.325000 0.746875 0.326852 0.745833 0.327778 0.737500 0.323148 0.733854 0.302778 0.734375
0 0.329630 0.738021 0.327778 0.739583 0.327778 0.745313 0.334259 0.750000 0.344444 0.752604 0.355556 0.747917 0.356481 0.742188 0.351852 0.738021 0.345370 0.736458
0 0.364815 0.734375 0.360185 0.736458 0.358333 0.739062 0.359259 0.744792 0.371296 0.752083 0.379630 0.752083 0.387037 0.740625 0.385185 0.736979 0.380556 0.733854
0 0.357407 0.746875 0.346296 0.752083 0.346296 0.757292 0.350926 0.760938 0.360185 0.761979 0.365741 0.760938 0.369444 0.756250 0.370370 0.751563 0.364815 0.747917
0 0.386111 0.752083 0.371296 0.753646 0.365741 0.759375 0.366667 0.763542 0.376852 0.768750 0.381481 0.768750 0.389815 0.766146 0.395370 0.759896 0.394444 0.755729
0 0.393519 0.771875 0.387037 0.770312 0.379630 0.770312 0.375000 0.772396 0.373148 0.775521 0.367593 0.779167 0.367593 0.783854 0.371296 0.789062 0.380556 0.789062 0.386111 0.787500 0.396296 0.781250 0.398148 0.775000
0 0.413889 0.756771 0.405556 0.755208 0.397222 0.757292 0.392593 0.763542 0.393519 0.771875 0.397222 0.772917 0.409259 0.772917 0.419444 0.769271 0.420370 0.761979
0 0.389815 0.738542 0.383333 0.745313 0.382407 0.750000 0.392593 0.754687 0.400926 0.755729 0.404630 0.753125 0.406481 0.748958 0.405556 0.741146 0.400000 0.738021
0 0.517593 0.721875 0.513889 0.728646 0.520370 0.736458 0.528704 0.739583 0.540741 0.738542 0.544444 0.733854 0.544444 0.727083 0.542593 0.725000 0.531481 0.720313 0.523148 0.720313
0 0.489815 0.723958 0.483333 0.728646 0.482407 0.731250 0.487037 0.738021 0.500000 0.739583 0.513889 0.739062 0.516667 0.735938 0.512963 0.727604 0.503704 0.723437 0.493519 0.722917
0 0.445370 0.736979 0.442593 0.739062 0.442593 0.744271 0.448148 0.750000 0.453704 0.751563 0.464815 0.751563 0.468519 0.750521 0.473148 0.745313 0.470370 0.738542 0.462037 0.734896 0.452778 0.734896
0 0.412963 0.733333 0.408333 0.737500 0.410185 0.746354 0.415741 0.750521 0.424074 0.751042 0.434259 0.746875 0.436111 0.744792 0.435185 0.738542 0.427778 0.733854 0.422222 0.732812
0 0.426852 0.770312 0.419444 0.770833 0.412037 0.772917 0.407407 0.778125 0.408333 0.783333 0.417593 0.790104 0.424074 0.790104 0.434259 0.785937 0.437963 0.779687 0.435185 0.773438
0 0.452778 0.765104 0.440741 0.769792 0.439815 0.777083 0.447222 0.784896 0.456481 0.786979 0.462963 0.781250 0.464815 0.770312 0.458333 0.765625
0 0.448148 0.751042 0.438889 0.751563 0.425926 0.755729 0.423148 0.758854 0.423148 0.764583 0.429630 0.769271 0.440741 0.769792 0.448148 0.767708 0.453704 0.764062 0.455556 0.760938 0.454630 0.755208
0 0.522222 0.753646 0.512037 0.750521 0.502778 0.751042 0.497222 0.752604 0.490741 0.756771 0.491667 0.763542 0.496296 0.766146 0.505556 0.766146 0.519444 0.762500 0.523148 0.758854
0 0.510185 0.741146 0.498148 0.739062 0.486111 0.739583 0.479630 0.743229 0.479630 0.752604 0.483333 0.754687 0.490741 0.755729 0.507407 0.750521 0.512963 0.745313
0 0.459259 0.754687 0.457407 0.756250 0.457407 0.760938 0.463889 0.767708 0.472222 0.769792 0.483333 0.769792 0.488889 0.764062 0.487963 0.756771 0.482407 0.753646 0.475926 0.752083 0.467593 0.752604
0 0.468519 0.768750 0.464815 0.773438 0.463889 0.783854 0.472222 0.786979 0.480556 0.786979 0.487963 0.785417 0.491667 0.783333 0.490741 0.775521 0.487963 0.772396 0.482407 0.769792
0 0.496296 0.770833 0.491667 0.773958 0.492593 0.783854 0.496296 0.785417 0.508333 0.786979 0.515741 0.786458 0.520370 0.783333 0.521296 0.780208 0.520370 0.775521 0.516667 0.771354 0.512037 0.769792
0 0.525000 0.763542 0.521296 0.765625 0.519444 0.770312 0.521296 0.777083 0.526852 0.781771 0.539815 0.782813 0.547222 0.779167 0.549074 0.772917 0.536111 0.764062
0 0.534259 0.739062 0.524074 0.743229 0.522222 0.750521 0.527778 0.756250 0.539815 0.756771 0.543519 0.755208 0.550000 0.748958 0.550000 0.743750 0.542593 0.739583
0 0.556481 0.741146 0.552778 0.743229 0.552778 0.750000 0.554630 0.752604 0.564815 0.756250 0.573148 0.755208 0.578704 0.750000 0.576852 0.743229 0.573148 0.740625
0 0.544444 0.755208 0.539815 0.761979 0.540741 0.767188 0.550000 0.770833 0.565741 0.768750 0.571296 0.763542 0.570370 0.757292 0.557407 0.753646 0.550000 0.753646
0 0.552778 0.771354 0.550926 0.777604 0.555556 0.784896 0.573148 0.785937 0.582407 0.780729 0.582407 0.776563 0.573148 0.770312 0.562037 0.769792
0 0.605556 0.756250 0.593519 0.754687 0.578704 0.759375 0.576852 0.763021 0.577778 0.766667 0.586111 0.773438 0.596296 0.773958 0.608333 0.770833 0.613889 0.763542 0.610185 0.758854
0 0.619444 0.746875 0.609259 0.751563 0.608333 0.756771 0.615741 0.764583 0.626852 0.768229 0.630556 0.768229 0.633333 0.767188 0.637037 0.761979 0.637963 0.754687 0.636111 0.750521 0.629630 0.747396
0 0.600000 0.729688 0.591667 0.732812 0.583333 0.739583 0.583333 0.745833 0.591667 0.751042 0.609259 0.751042 0.615741 0.747396 0.614815 0.736458 0.612037 0.732292 0.608333 0.730208
0 0.614815 0.721875 0.609259 0.728125 0.610185 0.732292 0.614815 0.737500 0.620370 0.740625 0.625926 0.741667 0.633333 0.741146 0.637963 0.737500 0.636111 0.726562 0.625926 0.721875
0 0.641667 0.719271 0.637037 0.723958 0.637963 0.734375 0.648148 0.740104 0.657407 0.739062 0.663889 0.735417 0.663889 0.726562 0.656481 0.721875
0 0.642593 0.743750 0.647222 0.748958 0.653704 0.752083 0.662963 0.754167 0.670370 0.754687 0.677778 0.751563 0.678704 0.743229 0.676852 0.740625 0.670370 0.737500 0.661111 0.737500 0.649074 0.740625
0 0.667593 0.755208 0.663889 0.757812 0.664815 0.764062 0.676852 0.772396 0.685185 0.772917 0.689815 0.768229 0.689815 0.759896 0.686111 0.755729 0.678704 0.753646
0 0.738889 0.739583 0.732407 0.735417 0.724074 0.735938 0.708333 0.739583 0.703704 0.742708 0.703704 0.745313 0.709259 0.748958 0.724074 0.753125 0.736111 0.752604 0.739815 0.748958
0 0.722222 0.754167 0.719444 0.760417 0.723148 0.766146 0.728704 0.767188 0.744444 0.767188 0.753704 0.764062 0.752778 0.758854 0.747222 0.754167 0.741667 0.752604 0.731481 0.752604
0 0.703704 0.754167 0.697222 0.755208 0.689815 0.760417 0.689815 0.765104 0.696296 0.770312 0.705556 0.772396 0.718519 0.767708 0.718519 0.763021 0.714815 0.757812 0.710185 0.755208
0 0.712037 0.768750 0.702778 0.772396 0.702778 0.777083 0.718519 0.786458 0.726852 0.788021 0.731481 0.785937 0.734259 0.782292 0.734259 0.772917 0.726852 0.768229 0.717593 0.767708
0 0.885185 0.756771 0.875000 0.761979 0.875000 0.767708 0.877778 0.770833 0.884259 0.773958 0.898148 0.775000 0.904630 0.768750 0.903704 0.759896 0.897222 0.756250
0 0.841667 0.763542 0.840741 0.768750 0.845370 0.772917 0.853704 0.777083 0.860185 0.778646 0.868519 0.778646 0.875000 0.776563 0.876852 0.768750 0.873148 0.764583 0.868519 0.762500 0.852778 0.760938
0 0.820370 0.765625 0.808333 0.766667 0.802778 0.770833 0.804630 0.781771 0.814815 0.787500 0.824074 0.784896 0.830556 0.776563 0.830556 0.769792 0.826852 0.767188
0 0.787037 0.765625 0.773148 0.769271 0.770370 0.771354 0.769444 0.777083 0.774074 0.783333 0.784259 0.786979 0.793519 0.787500 0.798148 0.786458 0.802778 0.783333 0.803704 0.776042 0.800926 0.770312 0.793519 0.766667
0 0.766667 0.754167 0.766667 0.761458 0.774074 0.765625 0.784259 0.766146 0.795370 0.764062 0.798148 0.759375 0.792593 0.752604 0.779630 0.750521
0 0.792593 0.730729 0.786111 0.731771 0.774074 0.737500 0.773148 0.744792 0.782407 0.750521 0.789815 0.752083 0.797222 0.752083 0.806481 0.748437 0.809259 0.744792 0.809259 0.739583 0.806481 0.735417 0.801852 0.732812
0 0.817593 0.738542 0.813889 0.742188 0.813889 0.746875 0.821296 0.752604 0.837037 0.754687 0.844444 0.752083 0.848148 0.748437 0.848148 0.742708 0.840741 0.738021 0.823148 0.736979
0 0.852778 0.741146 0.848148 0.744271 0.845370 0.751563 0.847222 0.755208 0.855556 0.759896 0.863889 0.761458 0.869444 0.760938 0.876852 0.753125 0.875926 0.748437 0.872222 0.744792 0.863889 0.741146
0 0.875926 0.724479 0.866667 0.727604 0.860185 0.731771 0.860185 0.738021 0.862037 0.740625 0.871296 0.745313 0.881481 0.746354 0.888889 0.743750 0.891667 0.740625 0.891667 0.734896 0.886111 0.725521 0.884259 0.724479
0 0.899074 0.728646 0.892593 0.732812 0.894444 0.741146 0.903704 0.745313 0.920370 0.743750 0.923148 0.742188 0.925000 0.736458 0.922222 0.731250 0.916667 0.728646 0.907407 0.727083
0 0.907407 0.745313 0.902778 0.747396 0.900000 0.751042 0.900000 0.756250 0.902778 0.758854 0.912963 0.761979 0.921296 0.762500 0.928704 0.761458 0.932407 0.758854 0.933333 0.754687 0.931481 0.748437 0.920370 0.744271
0 0.922222 0.763542 0.912037 0.764062 0.905556 0.767188 0.901852 0.771354 0.900926 0.776042 0.908333 0.780729 0.921296 0.780729 0.932407 0.776042 0.932407 0.769271
0 0.857407 0.833333 0.847222 0.837500 0.843519 0.840625 0.843519 0.850000 0.850926 0.856250 0.864815 0.857292 0.868519 0.855729 0.872222 0.851562 0.873148 0.843229 0.864815 0.833854
0 0.912037 0.803646 0.903704 0.807813 0.902778 0.816146 0.905556 0.819792 0.910185 0.821875 0.923148 0.822396 0.928704 0.820833 0.935185 0.816146 0.934259 0.809375 0.927778 0.805208 0.921296 0.803125
0 0.906481 0.780208 0.900926 0.783333 0.899074 0.786458 0.900000 0.792188 0.912963 0.799479 0.920370 0.800000 0.931481 0.793750 0.931481 0.786458 0.922222 0.781250
0 0.875000 0.796354 0.875000 0.804167 0.877778 0.806771 0.884259 0.808333 0.901852 0.807292 0.912037 0.803125 0.908333 0.797396 0.895370 0.791667 0.885185 0.790625
0 0.848148 0.782813 0.847222 0.786979 0.857407 0.792708 0.870370 0.795833 0.878704 0.794792 0.882407 0.791146 0.882407 0.783333 0.878704 0.780208 0.869444 0.778646 0.857407 0.779167
0 0.827778 0.782292 0.817593 0.787500 0.817593 0.795833 0.823148 0.800521 0.837963 0.801562 0.844444 0.797917 0.846296 0.789062 0.842593 0.784896 0.838889 0.783333
0 0.801852 0.797396 0.795370 0.802604 0.795370 0.811979 0.800926 0.817187 0.810185 0.817187 0.816667 0.815625 0.825926 0.810417 0.826852 0.804688 0.825000 0.801562 0.819444 0.798438
0 0.649074 0.859375 0.639815 0.866146 0.639815 0.877083 0.641667 0.879687 0.661111 0.879687 0.669444 0.875521 0.669444 0.867708 0.666667 0.864583 0.658333 0.860938
0 0.671296 0.864583 0.670370 0.870833 0.672222 0.874479 0.675000 0.876563 0.683333 0.878646 0.690741 0.878646 0.700000 0.876042 0.705556 0.873437 0.708333 0.869792 0.704630 0.865104 0.691667 0.861458 0.679630 0.861458
0 0.745370 0.873958 0.731481 0.879167 0.730556 0.885938 0.732407 0.888542 0.738889 0.891146 0.753704 0.891667 0.758333 0.889062 0.758333 0.881250 0.753704 0.875000
0 0.759259 0.866146 0.751852 0.868750 0.750926 0.873437 0.759259 0.886458 0.767593 0.887500 0.775926 0.880208 0.776852 0.873437 0.775000 0.870313 0.769444 0.867188
0 0.731481 0.859896 0.716667 0.863542 0.715741 0.869792 0.719444 0.874479 0.725000 0.877604 0.734259 0.878646 0.750000 0.873437 0.750000 0.868750 0.740741 0.861979
0 0.735185 0.843229 0.733333 0.851042 0.735185 0.855208 0.739815 0.858333 0.743519 0.859375 0.755556 0.858333 0.762963 0.856771 0.769444 0.853646 0.770370 0.849479 0.747222 0.841146
0 0.705556 0.843229 0.703704 0.853125 0.708333 0.861979 0.720370 0.863021 0.728704 0.861458 0.732407 0.857292 0.731481 0.853646 0.725926 0.847917 0.715741 0.842708 0.710185 0.842187
0 0.681481 0.838021 0.676852 0.840625 0.678704 0.850000 0.686111 0.854167 0.692593 0.854688 0.700000 0.853646 0.702778 0.851042 0.702778 0.843750 0.700000 0.839063 0.691667 0.836979
0 0.649074 0.845313 0.646296 0.848437 0.648148 0.857812 0.662037 0.863021 0.671296 0.863542 0.678704 0.858854 0.680556 0.852604 0.677778 0.849479 0.673148 0.847396 0.662963 0.846354 0.656481 0.844271
0 0.623148 0.847917 0.619444 0.852083 0.619444 0.858333 0.621296 0.860417 0.628704 0.863542 0.641667 0.863021 0.648148 0.857812 0.646296 0.850521 0.637037 0.847396
0 0.652778 0.831771 0.650926 0.833333 0.650926 0.838021 0.653704 0.843229 0.657407 0.845313 0.671296 0.846875 0.675000 0.845313 0.681481 0.838542 0.676852 0.831771 0.671296 0.829167
0 0.744444 0.782292 0.736111 0.784375 0.730556 0.787500 0.727778 0.795312 0.731481 0.798438 0.737037 0.800000 0.747222 0.800521 0.754630 0.799479 0.761111 0.796875 0.762037 0.790104 0.759259 0.786458 0.753704 0.783333
0 0.768519 0.790625 0.763889 0.794792 0.767593 0.800000 0.776852 0.804688 0.787037 0.806250 0.792593 0.805729 0.795370 0.804167 0.798148 0.798958 0.795370 0.791667 0.792593 0.790104 0.783333 0.789062
0 0.769444 0.809896 0.767593 0.813542 0.768519 0.819271 0.773148 0.823438 0.788889 0.822917 0.798148 0.819792 0.799074 0.815625 0.793519 0.811458 0.779630 0.807813 0.773148 0.807813
0 0.740741 0.819792 0.731481 0.820312 0.721296 0.824479 0.720370 0.831250 0.730556 0.836979 0.740741 0.836458 0.748148 0.834375 0.751852 0.831250 0.753704 0.825521
0 0.774074 0.823958 0.766667 0.823438 0.753704 0.828646 0.748148 0.833854 0.750926 0.842187 0.762963 0.844271 0.771296 0.843229 0.779630 0.839583 0.781481 0.837500 0.781481 0.831771
0 0.752778 0.805729 0.747222 0.806771 0.740741 0.810417 0.739815 0.818229 0.746296 0.822396 0.755556 0.825000 0.761111 0.823438 0.765741 0.820312 0.767593 0.814063 0.761111 0.807813
0 0.708333 0.808333 0.705556 0.816146 0.706481 0.819792 0.709259 0.821875 0.719444 0.823438 0.735185 0.820312 0.737963 0.818750 0.738889 0.813542 0.733333 0.808854 0.722222 0.806250 0.712037 0.806771
0 0.689815 0.818750 0.678704 0.824479 0.676852 0.829167 0.677778 0.832812 0.683333 0.836979 0.699074 0.837500 0.710185 0.834375 0.712963 0.829688 0.706481 0.822917 0.700000 0.819271
0 0.662407 0.804740 0.658056 0.806615 0.664815 0.815104 0.674074 0.823438 0.677778 0.823958 0.690741 0.818229 0.690741 0.810937 0.687037 0.808333 0.679630 0.806250
0 0.659259 0.812500 0.649074 0.813021 0.638889 0.817708 0.637963 0.826042 0.649074 0.831771 0.656481 0.831771 0.666667 0.829688 0.672222 0.826042 0.673148 0.821875 0.663889 0.814063
0 0.637037 0.826042 0.627778 0.826562 0.622222 0.831250 0.621296 0.843229 0.625000 0.846875 0.638889 0.846354 0.648148 0.839063 0.649074 0.832292
0 0.572222 0.827604 0.561111 0.829688 0.558333 0.835417 0.564815 0.843750 0.571296 0.846354 0.580556 0.845313 0.585185 0.842187 0.587037 0.833333 0.583333 0.829688
0 0.606481 0.826042 0.591667 0.831250 0.589815 0.839063 0.591667 0.842187 0.597222 0.845313 0.608333 0.846875 0.618519 0.841667 0.619444 0.832812 0.613889 0.827083
0 0.635185 0.898958 0.627778 0.904167 0.626852 0.908854 0.629630 0.911979 0.637963 0.915104 0.660185 0.916146 0.662037 0.913021 0.661111 0.905729 0.656481 0.900521 0.645370 0.897396
0 0.704630 0.881250 0.696296 0.882812 0.692593 0.884896 0.687963 0.893750 0.689815 0.896354 0.702778 0.899479 0.712037 0.898958 0.715741 0.896354 0.716667 0.888021 0.712963 0.883854
0 0.669444 0.876042 0.662037 0.880729 0.665741 0.891146 0.676852 0.894271 0.687037 0.893229 0.690741 0.890104 0.692593 0.885417 0.687963 0.879167 0.677778 0.876563
0 0.645370 0.880208 0.637963 0.884375 0.637963 0.891146 0.648148 0.898438 0.657407 0.898958 0.664815 0.893229 0.661111 0.881771 0.657407 0.880208
0 0.621296 0.881771 0.612963 0.884375 0.609259 0.888021 0.609259 0.896354 0.617593 0.901042 0.628704 0.901563 0.634259 0.898438 0.636111 0.887500 0.629630 0.882292
0 0.587037 0.888542 0.581481 0.892188 0.581481 0.900521 0.593519 0.907813 0.600000 0.908854 0.606481 0.908333 0.609259 0.906250 0.611111 0.900000 0.605556 0.890104 0.600926 0.887500
0 0.566667 0.901563 0.562037 0.906250 0.562037 0.908854 0.565741 0.913021 0.579630 0.918229 0.585185 0.919271 0.591667 0.918750 0.594444 0.914062 0.594444 0.909375 0.591667 0.906250 0.580556 0.900000 0.572222 0.900000
0 0.492593 0.894792 0.491667 0.897396 0.505556 0.905208 0.516667 0.905729 0.524074 0.902083 0.525000 0.894792 0.518519 0.889583 0.504630 0.890104
0 0.538889 0.835938 0.533333 0.841667 0.535185 0.850521 0.543519 0.853646 0.552778 0.853646 0.562963 0.846354 0.562037 0.840625 0.554630 0.835938
0 0.566667 0.876042 0.558333 0.877083 0.545370 0.884375 0.544444 0.889583 0.546296 0.893229 0.551852 0.896875 0.562963 0.897917 0.567593 0.896354 0.575926 0.885417 0.575926 0.879167
0 0.602778 0.872396 0.593519 0.870833 0.581481 0.873958 0.579630 0.881771 0.586111 0.888542 0.598148 0.888021 0.603704 0.886458 0.608333 0.881250 0.608333 0.876563
0 0.609259 0.863021 0.603704 0.869271 0.603704 0.873958 0.610185 0.877604 0.629630 0.878646 0.633333 0.875521 0.633333 0.869792 0.630556 0.865625 0.622222 0.862500
0 0.595370 0.846875 0.588889 0.852604 0.588889 0.857812 0.591667 0.860938 0.595370 0.862500 0.608333 0.863021 0.615741 0.860417 0.617593 0.858854 0.615741 0.850521 0.607407 0.846875
0 0.580556 0.846875 0.565741 0.845833 0.556481 0.850521 0.553704 0.853125 0.553704 0.857812 0.558333 0.863542 0.566667 0.862500 0.581481 0.857292 0.584259 0.849479
0 0.581481 0.857812 0.562037 0.862500 0.558333 0.864583 0.562037 0.870833 0.576852 0.874479 0.587963 0.872917 0.591667 0.870833 0.591667 0.861458 0.588889 0.859375
0 0.553704 0.859896 0.550000 0.859896 0.541667 0.863542 0.532407 0.872917 0.533333 0.878125 0.537963 0.880729 0.548148 0.881771 0.557407 0.879167 0.561111 0.876563 0.561111 0.871354 0.556481 0.861458
0 0.511111 0.870833 0.501852 0.871354 0.493519 0.873437 0.491667 0.875521 0.491667 0.883854 0.502778 0.891146 0.514815 0.889583 0.519444 0.887500 0.522222 0.883854 0.521296 0.875521
0 0.511111 0.855208 0.509259 0.857292 0.509259 0.865625 0.512037 0.869271 0.520370 0.873437 0.525000 0.873958 0.533333 0.872396 0.540741 0.865625 0.540741 0.861458 0.531481 0.855729 0.524074 0.855729 0.517593 0.854167
0 0.508333 0.840625 0.507407 0.846354 0.511111 0.852604 0.523148 0.855729 0.530556 0.855208 0.535185 0.850000 0.530556 0.841146 0.524074 0.838021 0.516667 0.838021
0 0.516667 0.819271 0.508333 0.824479 0.507407 0.831771 0.516667 0.836458 0.525926 0.837500 0.537037 0.833854 0.538889 0.832292 0.538889 0.828125 0.536111 0.824479 0.527778 0.819792
0 0.550000 0.811458 0.543519 0.814063 0.539815 0.817708 0.538889 0.827083 0.541667 0.828646 0.549074 0.829688 0.561111 0.829688 0.564815 0.826562 0.564815 0.818229 0.561111 0.815104 0.552778 0.811458
0 0.565741 0.799479 0.555556 0.806250 0.553704 0.811458 0.559259 0.815625 0.570370 0.816667 0.582407 0.810937 0.584259 0.805208 0.583333 0.802604 0.579630 0.801042
0 0.583333 0.811458 0.572222 0.816667 0.574074 0.826562 0.586111 0.830729 0.595370 0.830729 0.605556 0.825521 0.605556 0.818229 0.597222 0.813542 0.588889 0.811458
0 0.622222 0.802604 0.610185 0.805208 0.603704 0.809896 0.603704 0.815104 0.610185 0.820312 0.623148 0.821354 0.631481 0.817187 0.634259 0.814063 0.635185 0.809896 0.632407 0.805729
0 0.617593 0.783854 0.613889 0.785417 0.610185 0.790104 0.612037 0.797396 0.620370 0.802083 0.625926 0.803125 0.635185 0.802083 0.639815 0.798438 0.641667 0.794271 0.639815 0.786979 0.633333 0.783854
0 0.608333 0.771875 0.590741 0.773958 0.584259 0.777604 0.584259 0.783333 0.590741 0.789062 0.603704 0.791146 0.607407 0.790625 0.612963 0.787500 0.616667 0.783854 0.616667 0.775521
0 0.579630 0.790104 0.575926 0.793229 0.575926 0.796354 0.587037 0.804688 0.595370 0.805208 0.607407 0.798958 0.608333 0.794792 0.603704 0.791667 0.588889 0.788542
0 0.574074 0.786458 0.556481 0.785417 0.546296 0.789583 0.543519 0.796354 0.551852 0.805208 0.559259 0.804167 0.574074 0.795312 0.575926 0.792188
0 0.524074 0.799479 0.518519 0.803125 0.519444 0.811458 0.528704 0.817187 0.539815 0.817187 0.548148 0.810417 0.546296 0.802604 0.538889 0.798958
0 0.524074 0.781771 0.514815 0.786979 0.514815 0.794271 0.522222 0.798958 0.534259 0.798958 0.537963 0.797396 0.541667 0.791667 0.541667 0.785937 0.537963 0.783333
0 0.486111 0.785937 0.483333 0.791667 0.489815 0.797917 0.494444 0.800000 0.502778 0.800000 0.507407 0.798438 0.512037 0.793750 0.511111 0.787500 0.492593 0.784896
0 0.499074 0.839583 0.489815 0.841146 0.482407 0.846875 0.481481 0.853646 0.488889 0.858854 0.500926 0.858333 0.506481 0.856771 0.509259 0.854167 0.510185 0.849479 0.503704 0.841146
0 0.505556 0.857812 0.489815 0.858333 0.479444 0.857500 0.471019 0.863073 0.478704 0.869271 0.488889 0.873958 0.496296 0.873437 0.506481 0.869792 0.508333 0.859896
0 0.475000 0.868229 0.464815 0.872396 0.462037 0.876042 0.462037 0.881771 0.471296 0.885938 0.486111 0.886458 0.490741 0.884896 0.490741 0.875000 0.482407 0.869792
0 0.435185 0.868750 0.433333 0.871354 0.434259 0.877083 0.446296 0.885938 0.455556 0.885938 0.460185 0.882292 0.461111 0.872396 0.455556 0.866667 0.448148 0.866667
0 0.434259 0.898438 0.425926 0.898438 0.417593 0.901563 0.415741 0.903646 0.414815 0.908333 0.423148 0.914583 0.432407 0.914583 0.447222 0.908333 0.448148 0.904167
0 0.437963 0.890625 0.433333 0.895833 0.437963 0.901042 0.447222 0.903125 0.455556 0.903125 0.462037 0.901563 0.463889 0.898958 0.462037 0.889583 0.455556 0.887500 0.450000 0.887500
0 0.426852 0.882812 0.419444 0.883854 0.404630 0.888542 0.404630 0.894271 0.408333 0.898958 0.421296 0.900000 0.432407 0.897396 0.435185 0.891146 0.432407 0.886458
0 0.397222 0.885938 0.385185 0.885938 0.377778 0.890625 0.376852 0.899479 0.378704 0.902604 0.383333 0.905208 0.396296 0.904687 0.404630 0.900000 0.406481 0.896875 0.402778 0.888542
0 0.420370 0.866667 0.403704 0.867708 0.397222 0.871354 0.395370 0.881250 0.400926 0.885938 0.404630 0.886979 0.412963 0.886458 0.425000 0.882292 0.425926 0.871875 0.424074 0.868229
0 0.399074 0.855208 0.397222 0.863542 0.400926 0.867188 0.409259 0.867708 0.424074 0.865104 0.425926 0.859896 0.423148 0.858333 0.415741 0.856771 0.407407 0.853125
0 0.415741 0.844271 0.410185 0.848437 0.409259 0.853646 0.417593 0.858854 0.427778 0.860417 0.437037 0.850000 0.435185 0.845833 0.430556 0.843229
0 0.450000 0.852083 0.439815 0.850521 0.433333 0.853125 0.429630 0.858854 0.429630 0.863542 0.434259 0.868229 0.447222 0.867708 0.454630 0.865104 0.453704 0.856771
0 0.437037 0.838542 0.433333 0.841146 0.436111 0.847396 0.447222 0.852083 0.455556 0.852604 0.462037 0.846354 0.459259 0.839583 0.454630 0.838021
0 0.468519 0.841146 0.453704 0.853125 0.455556 0.859375 0.460185 0.860938 0.472222 0.860938 0.477778 0.856771 0.479630 0.847396 0.476852 0.842708
0 0.461111 0.822396 0.455556 0.826042 0.454630 0.831250 0.458333 0.836458 0.467593 0.839063 0.474074 0.838542 0.481481 0.834375 0.481481 0.825521 0.472222 0.822396
0 0.497222 0.818750 0.491667 0.819271 0.486111 0.821875 0.481481 0.829167 0.482407 0.834896 0.488889 0.839063 0.500926 0.837500 0.506481 0.832292 0.505556 0.823958
0 0.500000 0.800521 0.490741 0.801562 0.485185 0.805208 0.485185 0.810417 0.488889 0.816146 0.496296 0.818229 0.504630 0.817187 0.515741 0.810937 0.510185 0.804167 0.504630 0.801042
0 0.481481 0.806250 0.477778 0.805208 0.468519 0.805729 0.455556 0.814063 0.455556 0.818750 0.459259 0.821354 0.478704 0.822396 0.487963 0.819792 0.487963 0.813542
0 0.392593 0.788542 0.385185 0.786979 0.372222 0.789062 0.368519 0.792708 0.369444 0.798958 0.377778 0.802604 0.392593 0.799479 0.394444 0.797917
0 0.425000 0.790625 0.426852 0.796875 0.433333 0.801042 0.449074 0.801562 0.455556 0.800000 0.458333 0.795312 0.458333 0.790104 0.452778 0.786458 0.449074 0.785417 0.438889 0.785417 0.433333 0.786458
0 0.462963 0.789583 0.457407 0.794271 0.457407 0.801562 0.465741 0.805208 0.483333 0.803646 0.487963 0.800521 0.487963 0.795833 0.484259 0.792188 0.474074 0.788021 0.467593 0.788021
0 0.461111 0.803646 0.455556 0.801042 0.438889 0.802083 0.433333 0.803646 0.429630 0.807292 0.429630 0.811979 0.432407 0.815104 0.441667 0.816667 0.455556 0.814063 0.463889 0.806771
0 0.430556 0.820833 0.425926 0.825521 0.426852 0.830208 0.437963 0.836458 0.446296 0.838021 0.451852 0.837500 0.454630 0.835417 0.454630 0.832812 0.450000 0.824479 0.440741 0.820312
0 0.413889 0.827604 0.407407 0.832812 0.404630 0.837500 0.407407 0.842708 0.411111 0.844271 0.430556 0.843229 0.435185 0.838542 0.433333 0.832812 0.425000 0.828125
0 0.385185 0.838021 0.381481 0.841146 0.382407 0.847396 0.387037 0.850000 0.398148 0.853125 0.404630 0.852083 0.407407 0.848437 0.407407 0.844271 0.404630 0.840104 0.396296 0.837500
0 0.400000 0.818229 0.391667 0.819271 0.387037 0.821875 0.384259 0.826042 0.387037 0.836458 0.391667 0.838021 0.400926 0.838021 0.410185 0.830729 0.411111 0.826042
0 0.411111 0.810937 0.404630 0.814063 0.403704 0.820312 0.406481 0.823438 0.412963 0.826562 0.423148 0.827083 0.430556 0.821875 0.431481 0.814583 0.427778 0.810937
0 0.422222 0.792188 0.412963 0.792708 0.403704 0.798438 0.401852 0.804688 0.405556 0.811458 0.423148 0.809896 0.429630 0.806771 0.431481 0.801562
0 0.393519 0.800521 0.383333 0.801562 0.374074 0.807292 0.374074 0.816667 0.384259 0.820312 0.394444 0.818750 0.401852 0.815104 0.403704 0.812500 0.400926 0.803646
0 0.344444 0.793750 0.332407 0.794271 0.321296 0.798438 0.323148 0.804688 0.328704 0.808854 0.337037 0.809896 0.351852 0.803125 0.353704 0.798438
0 0.358333 0.801042 0.350926 0.803125 0.342593 0.808854 0.341667 0.814583 0.343519 0.817708 0.352778 0.822917 0.359259 0.822917 0.370370 0.818750 0.372222 0.815625 0.369444 0.806250 0.364815 0.802604
0 0.377778 0.865104 0.367593 0.871354 0.367593 0.879167 0.377778 0.884375 0.391667 0.883854 0.396296 0.878646 0.394444 0.870313 0.390741 0.866667
0 0.342593 0.859896 0.331481 0.864583 0.330556 0.873437 0.336111 0.878125 0.350926 0.878125 0.361111 0.870833 0.360185 0.864583 0.354630 0.861458
0 0.309259 0.864583 0.303704 0.867188 0.300000 0.871354 0.300000 0.877083 0.304630 0.880208 0.317593 0.882292 0.328704 0.878125 0.330556 0.872396 0.325000 0.866146 0.315741 0.864062
0 0.260185 0.856250 0.255556 0.860938 0.258333 0.869271 0.266667 0.872917 0.277778 0.872917 0.284259 0.863021 0.285185 0.857292 0.268519 0.855208
0 0.302778 0.852083 0.288889 0.854688 0.286111 0.857292 0.282407 0.869271 0.287963 0.871875 0.300926 0.870833 0.311111 0.861979 0.311111 0.857292
0 0.323148 0.847396 0.313889 0.850000 0.311111 0.852604 0.311111 0.857292 0.313889 0.863542 0.321296 0.865625 0.327778 0.865625 0.335185 0.861979 0.336111 0.853125 0.330556 0.847396
0 0.340741 0.843750 0.334259 0.848437 0.336111 0.854167 0.346296 0.860417 0.350000 0.861458 0.358333 0.860938 0.361111 0.858854 0.362037 0.853125 0.355556 0.845833 0.350926 0.843229
0 0.335185 0.827083 0.327778 0.830729 0.327778 0.835417 0.331481 0.839583 0.343519 0.843229 0.350926 0.842708 0.354630 0.838542 0.354630 0.833854 0.350926 0.829167 0.345370 0.827083
0 0.300926 0.799479 0.296296 0.802604 0.299074 0.809896 0.308333 0.816667 0.314815 0.818229 0.318519 0.817708 0.327778 0.811979 0.325000 0.806250 0.317593 0.799479 0.312037 0.798438
0 0.335185 0.812500 0.327778 0.811979 0.314815 0.818229 0.311111 0.825521 0.312963 0.829167 0.325926 0.830208 0.341667 0.825521 0.341667 0.817708
0 0.323148 0.831771 0.312037 0.831250 0.299074 0.835938 0.297222 0.842708 0.301852 0.850000 0.310185 0.851042 0.328704 0.845833 0.331481 0.840104
0 0.294444 0.838542 0.283333 0.839063 0.268519 0.845313 0.266667 0.847396 0.267593 0.855208 0.271296 0.856250 0.287037 0.855729 0.298148 0.851042 0.299074 0.845833
0 0.250000 0.831771 0.242593 0.837500 0.247222 0.845833 0.252778 0.848437 0.267593 0.846875 0.276852 0.841667 0.278704 0.837500 0.275000 0.834896 0.267593 0.835417 0.254630 0.831250
0 0.303704 0.820833 0.296296 0.818750 0.287963 0.818750 0.278704 0.822396 0.277778 0.830208 0.281481 0.836979 0.297222 0.836458 0.310185 0.830208 0.309259 0.825521
0 0.250926 0.819271 0.246296 0.821875 0.246296 0.826562 0.252778 0.831250 0.265741 0.835417 0.270370 0.834896 0.277778 0.831250 0.277778 0.821354 0.273148 0.818750 0.258333 0.817708
0 0.249074 0.793750 0.243519 0.798438 0.243519 0.800521 0.248148 0.805208 0.255556 0.807292 0.269444 0.806771 0.274074 0.803125 0.274074 0.798958 0.267593 0.792708 0.258333 0.792188
0 0.246296 0.803646 0.240741 0.802083 0.231481 0.802083 0.224074 0.803646 0.218519 0.806771 0.216667 0.809896 0.217593 0.814583 0.225000 0.819271 0.238889 0.819271 0.247222 0.814583 0.249074 0.805729
0 0.247222 0.846354 0.237037 0.850521 0.233333 0.855729 0.233333 0.863021 0.238889 0.868750 0.247222 0.867708 0.258333 0.857812 0.258333 0.853646 0.255556 0.850521
0 0.157407 0.897396 0.150000 0.898438 0.137963 0.904167 0.135185 0.907292 0.134259 0.912500 0.149074 0.917708 0.158333 0.916667 0.165741 0.912500 0.167593 0.909375 0.167593 0.901563
0 0.193519 0.902604 0.184259 0.900000 0.172222 0.902083 0.166667 0.907813 0.166667 0.913542 0.173148 0.916667 0.180556 0.917188 0.186111 0.916667 0.199074 0.912500 0.200000 0.907292
0 0.178704 0.882812 0.169444 0.885417 0.164815 0.890104 0.163889 0.896875 0.169444 0.901563 0.178704 0.901042 0.186111 0.898958 0.194444 0.892708 0.192593 0.889583
0 0.155556 0.853646 0.142593 0.853646 0.133333 0.858854 0.133333 0.866146 0.141667 0.870833 0.148148 0.869792 0.162037 0.862500 0.161111 0.856771
0 0.154630 0.866667 0.146296 0.870833 0.144444 0.884896 0.149074 0.888021 0.157407 0.888542 0.167593 0.883854 0.168519 0.880208 0.160185 0.876042 0.157407 0.866667
0 0.168519 0.860938 0.162963 0.861979 0.157407 0.865625 0.156481 0.872396 0.159259 0.877083 0.167593 0.881771 0.171296 0.882292 0.183333 0.876042 0.186111 0.868750 0.183333 0.865104
0 0.185185 0.844792 0.177778 0.848958 0.170370 0.857292 0.171296 0.861979 0.182407 0.867188 0.187037 0.866667 0.195370 0.861458 0.194444 0.848958 0.190741 0.845313
0 0.212963 0.846875 0.203704 0.847396 0.194444 0.853125 0.194444 0.860938 0.203704 0.864062 0.209259 0.864062 0.222222 0.861458 0.225926 0.858333 0.224074 0.851562
0 0.234259 0.836458 0.218519 0.837500 0.212963 0.840104 0.212037 0.845833 0.223148 0.851042 0.236111 0.851042 0.245370 0.846354 0.243519 0.839583
0 0.239815 0.819792 0.231481 0.819271 0.226852 0.820312 0.215741 0.827083 0.212037 0.831771 0.212037 0.835417 0.215741 0.838021 0.234259 0.836979 0.238889 0.835938 0.242593 0.833333 0.246296 0.826042
0 0.211111 0.819792 0.197222 0.819792 0.188889 0.825521 0.187037 0.830208 0.190741 0.834375 0.197222 0.836979 0.205556 0.836979 0.212037 0.833333 0.216667 0.827083 0.216667 0.823438
0 0.177778 0.813542 0.167593 0.814063 0.163889 0.817708 0.163889 0.823958 0.170370 0.833854 0.177778 0.833333 0.186111 0.830208 0.189815 0.825000 0.188889 0.817708
0 0.135185 0.794271 0.132407 0.796354 0.130556 0.802083 0.131481 0.807292 0.135185 0.810937 0.145370 0.814063 0.150926 0.814063 0.159259 0.811979 0.163889 0.807813 0.162037 0.799479 0.151852 0.794792
0 0.099074 0.831771 0.093519 0.830208 0.079630 0.831250 0.072222 0.841146 0.072222 0.845833 0.079630 0.848958 0.087963 0.847917 0.104630 0.842708 0.105556 0.836979
0 0.107407 0.842187 0.100926 0.842708 0.097222 0.844792 0.081481 0.848958 0.083333 0.857812 0.092593 0.860417 0.100926 0.860938 0.108333 0.855208 0.110185 0.850521 0.110185 0.845313
0 0.072222 0.859896 0.067593 0.864062 0.067593 0.869792 0.069444 0.871875 0.077778 0.876563 0.088889 0.876563 0.092593 0.875000 0.098148 0.868750 0.099074 0.864062 0.097222 0.861458 0.087963 0.858333 0.078704 0.858333
0 0.107407 0.856250 0.100000 0.861979 0.100000 0.866667 0.107407 0.872917 0.113889 0.874479 0.125926 0.873437 0.132407 0.868229 0.133333 0.864583 0.131481 0.860938 0.120370 0.857292
0 0.116667 0.875000 0.112037 0.873437 0.092593 0.875000 0.088889 0.877083 0.084259 0.884896 0.086111 0.887500 0.089815 0.889062 0.103704 0.889062 0.111111 0.887500 0.116667 0.881250
0 0.138889 0.875000 0.131481 0.873437 0.123148 0.873437 0.116667 0.875521 0.114815 0.886458 0.115741 0.889062 0.120370 0.892188 0.129630 0.890625 0.141667 0.884375 0.142593 0.878125
0 0.143519 0.884375 0.135185 0.885938 0.122222 0.892708 0.121296 0.897396 0.130556 0.902604 0.142593 0.902604 0.154630 0.896354 0.153704 0.889062
0 0.373148 0.819792 0.365741 0.820312 0.353704 0.824479 0.351852 0.831250 0.356481 0.835938 0.363889 0.837500 0.372222 0.837500 0.381481 0.832812 0.383333 0.830208 0.382407 0.825521
0 0.372222 0.836979 0.359259 0.837500 0.352778 0.841667 0.357407 0.851042 0.362963 0.854167 0.368519 0.853125 0.374074 0.848958 0.380556 0.846875 0.379630 0.840625
0 0.373148 0.849479 0.365741 0.854167 0.365741 0.859375 0.380556 0.865104 0.387963 0.865625 0.392593 0.864583 0.398148 0.857812 0.398148 0.853646 0.386111 0.848958 0.377778 0.848437
0 0.844444 0.415104 0.832407 0.416667 0.824074 0.422917 0.825926 0.431250 0.836111 0.436458 0.847222 0.433854 0.855556 0.428646 0.857407 0.425521 0.855556 0.419271
0 0.869444 0.404167 0.859259 0.404687 0.845370 0.409375 0.843519 0.410938 0.844444 0.415104 0.855556 0.419271 0.862963 0.420312 0.874074 0.418229 0.876852 0.416146 0.877778 0.410938 0.875000 0.406250
0 0.881481 0.401042 0.875926 0.404167 0.878704 0.413021 0.883333 0.415625 0.893519 0.416146 0.903704 0.410938 0.905556 0.407813 0.900000 0.402083 0.887037 0.400521
0 0.867593 0.419792 0.866667 0.424479 0.868519 0.426563 0.881481 0.430729 0.893519 0.430208 0.900000 0.423958 0.897222 0.418229 0.887037 0.415625 0.878704 0.416146
0 0.851852 0.434375 0.847222 0.436458 0.845370 0.439063 0.848148 0.444271 0.862963 0.452083 0.871296 0.452604 0.876852 0.446354 0.876852 0.439063 0.873148 0.434896 0.865741 0.432812
0 0.820370 0.451562 0.818519 0.454167 0.819444 0.459375 0.822222 0.461458 0.827778 0.462500 0.846296 0.461979 0.853704 0.458854 0.856481 0.455208 0.852778 0.448958 0.842593 0.446354 0.829630 0.446875
0 0.788889 0.382812 0.776852 0.383333 0.772222 0.388542 0.772222 0.397396 0.774074 0.400000 0.778704 0.402083 0.783333 0.402083 0.787963 0.400521 0.799074 0.392708 0.800000 0.388021 0.798148 0.385937
0 0.774074 0.355208 0.762037 0.358854 0.760185 0.360938 0.761111 0.365625 0.763889 0.369271 0.775000 0.373958 0.781481 0.373958 0.787963 0.368750 0.788889 0.360938 0.783333 0.355729
0 0.744444 0.339583 0.739815 0.344271 0.741667 0.351042 0.750926 0.354687 0.761111 0.354687 0.768519 0.349479 0.769444 0.344271 0.767593 0.341667 0.761111 0.338542 0.756481 0.338021
0 0.106481 0.283854 0.093519 0.288542 0.089815 0.292708 0.089815 0.297917 0.091667 0.299479 0.100926 0.301563 0.112963 0.301563 0.118519 0.298958 0.121296 0.290625 0.114815 0.284375
0 0.142593 0.292187 0.136111 0.290625 0.126852 0.290625 0.121296 0.292187 0.117593 0.298438 0.117593 0.303125 0.122222 0.307292 0.128704 0.307812 0.148148 0.298958 0.147222 0.294792
0 0.150926 0.299479 0.141667 0.300521 0.125926 0.307812 0.125000 0.311458 0.128704 0.314583 0.141667 0.317708 0.150926 0.317188 0.159259 0.313021 0.160185 0.307812 0.158333 0.303646
0 0.098148 0.301563 0.088889 0.307292 0.088889 0.312500 0.095370 0.316667 0.109259 0.318750 0.114815 0.317188 0.119444 0.312500 0.119444 0.306250 0.112037 0.302083
0 0.092593 0.319792 0.084259 0.323437 0.084259 0.330208 0.090741 0.334896 0.099074 0.337500 0.103704 0.337500 0.107407 0.331771 0.114815 0.326562 0.112963 0.321875 0.102778 0.319271
0 0.113889 0.322917 0.104630 0.333333 0.104630 0.338542 0.111111 0.341146 0.122222 0.341146 0.131481 0.338021 0.131481 0.332292 0.121296 0.325000
0 0.158333 0.326562 0.150000 0.325000 0.141667 0.325521 0.133333 0.330208 0.133333 0.338021 0.140741 0.342187 0.151852 0.342708 0.156481 0.341667 0.162963 0.335417 0.162963 0.330729
0 0.122222 0.345833 0.119444 0.347917 0.119444 0.353646 0.125000 0.358854 0.132407 0.360938 0.143519 0.360417 0.148148 0.355208 0.144444 0.347396 0.136111 0.344271
0 0.088889 0.342708 0.085185 0.345313 0.085185 0.350521 0.091667 0.355729 0.100000 0.357292 0.109259 0.357292 0.116667 0.353646 0.117593 0.346354 0.112963 0.342708 0.101852 0.341146
0 0.093519 0.356771 0.083333 0.360938 0.084259 0.368750 0.088889 0.371875 0.093519 0.372917 0.104630 0.372396 0.115741 0.367708 0.115741 0.360938 0.108333 0.357812
0 0.108333 0.372917 0.108333 0.377604 0.112963 0.381250 0.125926 0.381250 0.133333 0.379688 0.134259 0.375000 0.128704 0.369271 0.112963 0.368750
0 0.135185 0.361458 0.131481 0.367708 0.135185 0.375000 0.140741 0.377604 0.149074 0.377083 0.156481 0.371875 0.156481 0.367188 0.148148 0.362500
0 0.135185 0.379167 0.133333 0.386458 0.139815 0.392188 0.152778 0.393229 0.162963 0.390104 0.163889 0.384375 0.151852 0.378125 0.139815 0.377604
0 0.127778 0.383854 0.111111 0.383854 0.100926 0.389062 0.098148 0.393229 0.100926 0.398438 0.107407 0.402083 0.126852 0.396875 0.129630 0.389583 0.129630 0.384896
0 0.087037 0.373958 0.082407 0.376563 0.080556 0.379688 0.081481 0.386979 0.087963 0.391667 0.097222 0.392188 0.108333 0.384896 0.109259 0.379688 0.107407 0.376563 0.102778 0.374479 0.096296 0.373437
0 0.129630 0.397917 0.120370 0.397917 0.110185 0.400521 0.105556 0.403125 0.104630 0.409375 0.120370 0.414062 0.125000 0.413542 0.136111 0.404687 0.134259 0.400000
0 0.085185 0.401562 0.080556 0.404167 0.080556 0.413021 0.084259 0.417708 0.091667 0.418229 0.099074 0.411458 0.102778 0.404167 0.097222 0.401562
0 0.102778 0.410938 0.092593 0.415625 0.094444 0.420312 0.100000 0.426042 0.106481 0.427604 0.114815 0.426563 0.124074 0.420312 0.122222 0.415625 0.112963 0.411979
0 0.138889 0.403125 0.129630 0.407813 0.126852 0.413021 0.129630 0.417187 0.133333 0.419271 0.142593 0.420833 0.149074 0.415625 0.150000 0.407813 0.145370 0.403646
0 0.149074 0.414583 0.145370 0.420833 0.152778 0.428125 0.165741 0.430208 0.175926 0.427083 0.177778 0.421875 0.172222 0.415625 0.165741 0.413021
0 0.136111 0.419792 0.126852 0.420312 0.121296 0.422396 0.119444 0.425000 0.119444 0.429167 0.127778 0.434896 0.141667 0.431771 0.147222 0.428125 0.145370 0.423438
0 0.082407 0.430208 0.082407 0.435937 0.086111 0.439583 0.101852 0.440104 0.113889 0.435417 0.112037 0.430208 0.101852 0.426563 0.092593 0.426042 0.086111 0.427604
0 0.104630 0.439583 0.107407 0.445833 0.112963 0.447917 0.127778 0.451042 0.134259 0.450521 0.138889 0.448437 0.137037 0.442708 0.129630 0.437500 0.124074 0.435937 0.112963 0.435417
0 0.162963 0.397917 0.155556 0.401562 0.155556 0.406771 0.170370 0.415625 0.177778 0.416667 0.183333 0.414062 0.186111 0.407813 0.177778 0.399479 0.170370 0.397396
0 0.186111 0.384375 0.176852 0.384896 0.165741 0.388542 0.164815 0.394271 0.168519 0.396875 0.178704 0.398958 0.189815 0.395313 0.192593 0.392708 0.191667 0.388542
0 0.179630 0.397917 0.178704 0.401042 0.185185 0.406771 0.192593 0.408854 0.205556 0.409375 0.212963 0.404687 0.212963 0.398958 0.206481 0.395313 0.190741 0.394271
0 0.196296 0.378125 0.190741 0.380729 0.188889 0.384375 0.192593 0.390625 0.198148 0.392188 0.212037 0.392188 0.221296 0.384896 0.218519 0.380208 0.213889 0.378125
0 0.201852 0.366146 0.193519 0.372917 0.196296 0.376563 0.217593 0.378646 0.224074 0.376563 0.224074 0.368750 0.218519 0.364583 0.211111 0.363542
0 0.200000 0.345313 0.201852 0.354687 0.204630 0.356771 0.211111 0.358333 0.222222 0.357292 0.229630 0.354687 0.236111 0.350000 0.231481 0.344792 0.218519 0.342187 0.207407 0.342708
0 0.196296 0.343229 0.190741 0.342708 0.183333 0.344271 0.176852 0.347396 0.174074 0.350521 0.174074 0.357812 0.182407 0.361979 0.192593 0.361979 0.200926 0.357812 0.200000 0.344792
0 0.174074 0.302604 0.166667 0.305729 0.162963 0.309896 0.164815 0.314063 0.175926 0.317708 0.187963 0.317188 0.195370 0.311979 0.193519 0.305208 0.186111 0.302083
0 0.165741 0.288542 0.160185 0.294792 0.162037 0.301042 0.169444 0.304688 0.187963 0.301563 0.189815 0.300000 0.187963 0.292708 0.176852 0.288021 0.168519 0.287500
0 0.203704 0.297917 0.195370 0.301042 0.194444 0.306771 0.204630 0.316667 0.212037 0.317708 0.220370 0.302604 0.213889 0.298438
0 0.237963 0.304167 0.220370 0.304688 0.214815 0.309375 0.215741 0.315104 0.225926 0.320833 0.245370 0.315625 0.245370 0.309896
0 0.262037 0.292187 0.252778 0.292708 0.243519 0.295312 0.237963 0.298438 0.237037 0.303646 0.245370 0.309375 0.257407 0.308854 0.262037 0.305729 0.266667 0.298958 0.264815 0.293750
0 0.226852 0.283333 0.212037 0.284896 0.208333 0.286458 0.204630 0.290625 0.208333 0.296354 0.218519 0.301042 0.229630 0.299479 0.236111 0.295833 0.236111 0.292708 0.231481 0.285417
0 0.287963 0.295833 0.279630 0.294792 0.270370 0.296875 0.264815 0.300000 0.260185 0.305729 0.260185 0.313021 0.268519 0.312500 0.274074 0.309896 0.285185 0.308854 0.291667 0.299479
0 0.291667 0.299479 0.286111 0.305208 0.288889 0.311979 0.298148 0.315104 0.310185 0.315104 0.316667 0.311458 0.316667 0.306250 0.312963 0.303125 0.303704 0.298958
0 0.283333 0.308333 0.274074 0.308854 0.260185 0.311979 0.258333 0.314063 0.259259 0.318750 0.265741 0.323437 0.272222 0.325000 0.281481 0.325000 0.288889 0.321354 0.292593 0.314063
0 0.256481 0.318229 0.244444 0.316146 0.236111 0.317188 0.230556 0.319271 0.227778 0.321875 0.227778 0.324479 0.232407 0.331771 0.240741 0.333333 0.248148 0.331250 0.259259 0.322917
0 0.245370 0.331250 0.237037 0.333854 0.235185 0.342708 0.242593 0.351562 0.247222 0.353646 0.254630 0.351562 0.261111 0.344271 0.262037 0.340625 0.259259 0.335417
0 0.256481 0.327604 0.256481 0.332813 0.260185 0.336458 0.284259 0.336979 0.289815 0.334375 0.286111 0.330208 0.275000 0.325521 0.263889 0.324479 0.260185 0.325000
0 0.288889 0.320312 0.281481 0.326042 0.283333 0.329167 0.291667 0.335417 0.308333 0.339062 0.311111 0.338542 0.312963 0.336979 0.312963 0.330208 0.308333 0.323958 0.300000 0.320312
0 0.316667 0.315104 0.312963 0.316667 0.310185 0.320312 0.309259 0.326562 0.316667 0.331771 0.328704 0.331771 0.335185 0.326562 0.333333 0.318750 0.328704 0.315625
0 0.337037 0.311979 0.333333 0.318750 0.335185 0.322396 0.338889 0.324479 0.349074 0.326562 0.358333 0.326562 0.365741 0.323437 0.368519 0.318229 0.361111 0.311979 0.351852 0.309375 0.344444 0.309896
0 0.328704 0.294792 0.322222 0.296354 0.318519 0.298958 0.316667 0.302083 0.317593 0.306250 0.326852 0.311979 0.337037 0.313021 0.350000 0.308854 0.350000 0.302083 0.340741 0.295312
0 0.370370 0.286979 0.362963 0.290104 0.359259 0.294271 0.358333 0.300000 0.363889 0.305208 0.377778 0.305729 0.384259 0.302083 0.384259 0.293229 0.378704 0.287500
0 0.395370 0.285938 0.389815 0.290625 0.391667 0.296354 0.406481 0.303125 0.418519 0.303125 0.420370 0.302083 0.420370 0.297396 0.413889 0.287500 0.407407 0.284375
0 0.440741 0.302083 0.420370 0.302083 0.414815 0.304167 0.412963 0.311458 0.415741 0.314583 0.426852 0.319271 0.434259 0.318750 0.441667 0.313542 0.444444 0.306250
0 0.464815 0.291146 0.462037 0.293750 0.464815 0.302083 0.475000 0.306250 0.484259 0.305208 0.488889 0.300521 0.487037 0.294271 0.476852 0.290625 0.468519 0.290104
0 0.494444 0.298438 0.488889 0.300000 0.487037 0.302083 0.488889 0.309375 0.494444 0.313542 0.500000 0.315104 0.505556 0.315104 0.512037 0.312500 0.516667 0.307812 0.518519 0.302604 0.512037 0.298958 0.504630 0.297917
0 0.509259 0.280729 0.497222 0.280729 0.487037 0.285417 0.485185 0.291667 0.490741 0.297917 0.497222 0.298958 0.508333 0.296875 0.513889 0.288542
0 0.462037 0.302604 0.453704 0.304167 0.447222 0.309896 0.447222 0.314583 0.450000 0.318229 0.454630 0.320833 0.459259 0.321354 0.468519 0.319792 0.475000 0.315104 0.475926 0.312500 0.473148 0.306250 0.468519 0.303646
0 0.486111 0.312500 0.475926 0.313021 0.469444 0.318229 0.469444 0.327604 0.475000 0.333333 0.484259 0.331771 0.491667 0.327604 0.494444 0.323958 0.495370 0.317708
0 0.514815 0.318750 0.501852 0.318229 0.497222 0.319792 0.492593 0.326042 0.496296 0.335938 0.506481 0.335938 0.517593 0.330208 0.520370 0.324479 0.519444 0.321875
0 0.481481 0.334375 0.476852 0.335417 0.473148 0.338021 0.472222 0.347396 0.477778 0.351562 0.489815 0.354687 0.497222 0.350521 0.499074 0.341667 0.494444 0.336458
0 0.470370 0.333333 0.456481 0.333333 0.450000 0.336979 0.446296 0.342187 0.449074 0.346875 0.454630 0.350000 0.462037 0.350000 0.471296 0.346354 0.473148 0.336458
0 0.447222 0.326042 0.435185 0.326042 0.425000 0.330208 0.421296 0.336979 0.424074 0.341667 0.432407 0.344271 0.445370 0.342708 0.453704 0.334375 0.453704 0.330208
0 0.405556 0.316667 0.400926 0.319792 0.402778 0.328125 0.411111 0.331250 0.420370 0.331771 0.425926 0.330208 0.430556 0.326562 0.428704 0.319792 0.419444 0.316146 0.411111 0.315625
0 0.381481 0.306771 0.379630 0.311458 0.384259 0.316667 0.391667 0.320312 0.400000 0.320312 0.409259 0.314583 0.408333 0.309896 0.402778 0.305208 0.389815 0.304688
0 0.370370 0.317188 0.366667 0.324479 0.371296 0.331771 0.376852 0.333854 0.386111 0.334375 0.393519 0.330208 0.394444 0.322917 0.392593 0.320312 0.383333 0.316667
0 0.383333 0.334375 0.370370 0.333333 0.359259 0.336458 0.354630 0.342708 0.358333 0.347917 0.362963 0.350521 0.377778 0.349479 0.384259 0.346354 0.386111 0.338542
0 0.335185 0.327083 0.330556 0.329688 0.328704 0.332813 0.330556 0.339062 0.337963 0.342187 0.352778 0.342187 0.359259 0.338021 0.360185 0.333333 0.358333 0.330729 0.350000 0.326562 0.340741 0.326042
0 0.328704 0.338542 0.311111 0.339062 0.301852 0.343750 0.301852 0.349479 0.309259 0.354687 0.321296 0.354687 0.328704 0.352083 0.334259 0.346354 0.334259 0.341667
0 0.263889 0.336979 0.262963 0.342187 0.266667 0.346354 0.275926 0.351562 0.287963 0.352604 0.294444 0.350521 0.296296 0.343750 0.288889 0.336979 0.275000 0.335938
0 0.231481 0.356250 0.224074 0.360417 0.222222 0.364583 0.224074 0.368750 0.228704 0.371875 0.242593 0.372396 0.246296 0.370833 0.253704 0.362500 0.253704 0.360417 0.244444 0.356771
0 0.262963 0.359375 0.255556 0.360417 0.247222 0.367708 0.247222 0.373958 0.252778 0.378125 0.268519 0.376563 0.274074 0.371875 0.273148 0.365104
0 0.303704 0.357292 0.295370 0.352083 0.287037 0.352604 0.275000 0.356771 0.271296 0.361979 0.274074 0.365104 0.279630 0.367188 0.297222 0.367188 0.302778 0.363021
0 0.281481 0.368229 0.275000 0.372917 0.275926 0.377604 0.285185 0.381771 0.300000 0.382292 0.302778 0.380208 0.304630 0.373437 0.301852 0.370312 0.297222 0.367708
0 0.284259 0.383333 0.281481 0.387500 0.284259 0.393229 0.293519 0.397917 0.308333 0.397396 0.312963 0.392708 0.309259 0.386458 0.301852 0.383333 0.295370 0.382292
0 0.292593 0.397396 0.288889 0.399479 0.287963 0.404687 0.293519 0.410417 0.300926 0.415104 0.312037 0.414062 0.317593 0.409896 0.317593 0.405729 0.314815 0.402083 0.306481 0.397917
0 0.264815 0.396354 0.260185 0.402604 0.260185 0.404687 0.264815 0.408854 0.274074 0.413542 0.279630 0.414583 0.286111 0.413542 0.291667 0.409375 0.286111 0.400000 0.275926 0.394792
0 0.254630 0.380208 0.250000 0.386979 0.252778 0.392708 0.259259 0.395313 0.268519 0.395313 0.279630 0.392188 0.280556 0.385937 0.275926 0.381250 0.269444 0.378646
0 0.244444 0.374479 0.233333 0.375000 0.226852 0.377083 0.222222 0.380729 0.224074 0.384375 0.237963 0.390104 0.249074 0.387500 0.252778 0.382292 0.251852 0.377604
0 0.225000 0.386458 0.219444 0.387500 0.214815 0.390104 0.212963 0.398438 0.217593 0.404687 0.229630 0.405208 0.240741 0.400000 0.242593 0.395833 0.239815 0.390625
0 0.231481 0.403646 0.231481 0.408854 0.239815 0.413021 0.245370 0.414583 0.254630 0.414583 0.259259 0.412500 0.261111 0.405208 0.257407 0.401042 0.241667 0.399479
0 0.265741 0.413021 0.257407 0.416146 0.257407 0.423958 0.265741 0.430729 0.275926 0.433333 0.281481 0.430729 0.286111 0.423958 0.286111 0.419792 0.278704 0.414062
0 0.249074 0.431250 0.242593 0.435417 0.244444 0.442188 0.254630 0.449479 0.262037 0.451042 0.269444 0.446354 0.271296 0.441667 0.270370 0.433854 0.262037 0.430208
0 0.304630 0.421354 0.298148 0.426563 0.298148 0.432292 0.301852 0.434375 0.309259 0.435937 0.323148 0.434896 0.326852 0.432292 0.326852 0.430208 0.322222 0.423438 0.315741 0.420833
0 0.325000 0.438021 0.314815 0.436458 0.308333 0.438542 0.305556 0.442188 0.305556 0.448437 0.309259 0.453125 0.321296 0.452083 0.328704 0.447396 0.329630 0.441667
0 0.335185 0.418229 0.331481 0.421875 0.331481 0.428646 0.334259 0.431771 0.342593 0.435937 0.353704 0.435417 0.361111 0.431250 0.362963 0.428646 0.360185 0.422396 0.356481 0.420312 0.348148 0.418750
0 0.325926 0.401562 0.325000 0.409896 0.330556 0.415104 0.343519 0.416146 0.355556 0.412500 0.357407 0.407292 0.351852 0.402604 0.337037 0.400521
0 0.363889 0.408333 0.354630 0.412500 0.353704 0.417708 0.361111 0.421354 0.372222 0.421875 0.377778 0.419271 0.377778 0.412500 0.373148 0.409375
0 0.380556 0.406771 0.380556 0.408854 0.400000 0.419271 0.411111 0.419792 0.414815 0.418229 0.416667 0.416146 0.416667 0.409896 0.412037 0.405729 0.390741 0.404167
0 0.425926 0.398958 0.422222 0.400000 0.417593 0.405729 0.416667 0.414583 0.419444 0.418229 0.423148 0.419271 0.434259 0.419271 0.438889 0.415625 0.439815 0.408333 0.433333 0.401042
0 0.462037 0.401042 0.453704 0.402083 0.442593 0.407292 0.440741 0.413021 0.444444 0.416667 0.451852 0.418229 0.459259 0.418229 0.464815 0.416146 0.467593 0.407292
0 0.474074 0.403646 0.467593 0.408854 0.467593 0.416667 0.471296 0.420312 0.480556 0.420833 0.490741 0.417708 0.493519 0.414583 0.493519 0.410938 0.489815 0.407292
0 0.514815 0.393750 0.511111 0.392188 0.502778 0.392708 0.497222 0.395313 0.488889 0.396875 0.486111 0.398958 0.488889 0.405208 0.492593 0.406771 0.503704 0.406771 0.512037 0.403125 0.515741 0.398438
0 0.500926 0.416146 0.492593 0.418750 0.490741 0.427083 0.496296 0.431250 0.503704 0.432292 0.511111 0.430729 0.513889 0.428646 0.515741 0.421875 0.511111 0.417187
0 0.490741 0.426042 0.481481 0.425000 0.475000 0.426563 0.463889 0.435417 0.464815 0.440104 0.468519 0.441146 0.480556 0.441146 0.493519 0.438021 0.495370 0.436458 0.495370 0.430208
0 0.440741 0.428125 0.436111 0.431771 0.437037 0.443750 0.442593 0.447396 0.454630 0.447396 0.461111 0.442708 0.462037 0.439063 0.460185 0.436458 0.448148 0.428125
0 0.412037 0.420833 0.410185 0.428646 0.415741 0.433854 0.427778 0.434896 0.433333 0.433854 0.439815 0.429167 0.439815 0.422917 0.437037 0.420833 0.429630 0.419271 0.417593 0.419271
0 0.398148 0.433333 0.387963 0.438021 0.387963 0.442188 0.392593 0.446875 0.406481 0.448437 0.415741 0.440104 0.415741 0.435417 0.410185 0.433333
0 0.386111 0.416146 0.376852 0.420833 0.376852 0.427604 0.385185 0.431250 0.399074 0.431250 0.402778 0.428125 0.401852 0.419792 0.392593 0.415625
0 0.365741 0.429167 0.361111 0.431771 0.360185 0.435937 0.367593 0.437500 0.375926 0.443750 0.382407 0.443229 0.387037 0.437500 0.386111 0.431771 0.379630 0.428646
0 0.348148 0.436979 0.345370 0.444271 0.349074 0.447917 0.356481 0.450000 0.367593 0.448958 0.376852 0.443750 0.375926 0.440625 0.366667 0.435937
0 0.446296 0.382292 0.439815 0.385937 0.440741 0.394271 0.451852 0.401042 0.462037 0.401042 0.466667 0.395833 0.465741 0.386458 0.459259 0.382292
0 0.468519 0.367188 0.457407 0.372917 0.456481 0.377083 0.465741 0.384375 0.477778 0.385937 0.486111 0.382812 0.488889 0.377604 0.487963 0.374479 0.482407 0.369792
0 0.465741 0.352083 0.462963 0.355208 0.464815 0.360938 0.474074 0.367708 0.483333 0.367708 0.492593 0.361458 0.490741 0.355729 0.476852 0.350521
0 0.508333 0.360417 0.497222 0.360417 0.488889 0.364063 0.486111 0.370833 0.489815 0.375521 0.504630 0.376563 0.512037 0.372917 0.512963 0.364583
0 0.491667 0.381771 0.490741 0.385937 0.498148 0.390104 0.503704 0.391667 0.513889 0.391667 0.518519 0.390104 0.520370 0.382292 0.517593 0.378646 0.513889 0.377604 0.500926 0.377604
0 0.425926 0.365104 0.416667 0.370312 0.416667 0.378125 0.425000 0.382812 0.435185 0.383333 0.442593 0.379688 0.444444 0.372396 0.437037 0.366667
0 0.444444 0.343229 0.437037 0.343750 0.427778 0.350000 0.426852 0.354687 0.433333 0.360417 0.444444 0.360417 0.454630 0.356771 0.453704 0.349479
0 0.455556 0.356250 0.438889 0.361458 0.438889 0.366146 0.442593 0.370833 0.450000 0.373437 0.459259 0.372396 0.466667 0.365625 0.463889 0.359896
0 0.403704 0.330729 0.393519 0.330208 0.387037 0.333333 0.386111 0.345313 0.390741 0.347396 0.393519 0.347396 0.411111 0.340104 0.411111 0.336458
0 0.394444 0.345313 0.392593 0.353646 0.397222 0.356771 0.416667 0.356771 0.423148 0.354167 0.423148 0.347917 0.413889 0.341667 0.405556 0.340625
0 0.370370 0.350000 0.366667 0.353646 0.366667 0.360938 0.371296 0.364583 0.375926 0.366146 0.386111 0.366146 0.395370 0.363021 0.395370 0.356771 0.388889 0.352083 0.378704 0.349479
0 0.337963 0.343750 0.331481 0.347917 0.327778 0.353125 0.330556 0.357812 0.342593 0.360938 0.355556 0.360417 0.361111 0.356250 0.361111 0.349479 0.352778 0.343229
0 0.310185 0.355208 0.302778 0.360417 0.301852 0.366146 0.303704 0.369792 0.308333 0.372917 0.312963 0.373958 0.324074 0.373437 0.329630 0.369271 0.327778 0.360417 0.321296 0.355729
0 0.325926 0.374479 0.312963 0.375521 0.306481 0.380208 0.306481 0.384896 0.314815 0.393750 0.324074 0.392708 0.334259 0.386458 0.335185 0.379688
0 0.350926 0.361979 0.343519 0.361979 0.328704 0.369792 0.326852 0.373437 0.336111 0.379167 0.344444 0.379167 0.350000 0.377083 0.349074 0.370312 0.352778 0.365625
0 0.356481 0.363021 0.349074 0.368750 0.349074 0.374479 0.354630 0.378646 0.365741 0.379167 0.377778 0.373958 0.376852 0.368229 0.365741 0.363021
0 0.387037 0.365104 0.385185 0.368229 0.386111 0.373437 0.400000 0.381250 0.407407 0.381250 0.414815 0.376042 0.415741 0.369792 0.398148 0.364063
0 0.375000 0.375000 0.371296 0.377604 0.370370 0.382292 0.381481 0.388021 0.390741 0.389062 0.400926 0.385417 0.400000 0.380729 0.388889 0.374479 0.384259 0.373437
0 0.399074 0.386458 0.387037 0.390625 0.385185 0.392708 0.386111 0.398438 0.389815 0.402604 0.394444 0.404167 0.410185 0.404687 0.415741 0.401562 0.415741 0.393229 0.408333 0.388021
0 0.369444 0.383854 0.363889 0.386458 0.359259 0.391667 0.359259 0.397917 0.364815 0.402083 0.375926 0.403125 0.384259 0.398958 0.384259 0.391667 0.377778 0.385417
0 0.350000 0.378125 0.338889 0.380208 0.337037 0.385417 0.344444 0.391667 0.352778 0.393229 0.359259 0.392188 0.363889 0.389062 0.365741 0.383333 0.362963 0.380208
0 0.549074 0.290104 0.543519 0.288542 0.536111 0.288542 0.525000 0.290625 0.518519 0.295312 0.517593 0.299479 0.526852 0.304688 0.540741 0.305208 0.544444 0.304167 0.550926 0.299479 0.551852 0.294271
0 0.554630 0.297917 0.548148 0.302083 0.548148 0.308333 0.553704 0.312500 0.565741 0.313542 0.575926 0.308854 0.575000 0.300521 0.568519 0.297396
0 0.557407 0.275000 0.549074 0.280729 0.547222 0.288021 0.553704 0.293229 0.567593 0.293229 0.576852 0.289583 0.580556 0.282292 0.574074 0.277083 0.566667 0.275000
0 0.584259 0.281250 0.578704 0.287500 0.578704 0.292187 0.584259 0.296354 0.601852 0.296354 0.609259 0.292708 0.610185 0.286979 0.604630 0.282292 0.594444 0.279687
0 0.585185 0.296875 0.575926 0.302083 0.577778 0.309375 0.587037 0.313542 0.598148 0.313542 0.607407 0.307812 0.607407 0.302604 0.599074 0.296875
0 0.620370 0.295833 0.618519 0.298958 0.629630 0.306771 0.640741 0.307812 0.649074 0.305208 0.651852 0.297917 0.650000 0.294792 0.644444 0.292187 0.629630 0.292187
0 0.683333 0.283854 0.669444 0.283854 0.659259 0.288021 0.657407 0.295312 0.661111 0.298958 0.669444 0.301042 0.678704 0.301042 0.687963 0.297917 0.689815 0.295833 0.689815 0.288542
0 0.713889 0.285938 0.703704 0.285938 0.695370 0.289062 0.689815 0.299479 0.696296 0.303646 0.707407 0.303125 0.715741 0.301042 0.719444 0.295312 0.719444 0.291146
0 0.739815 0.284375 0.725000 0.283854 0.720370 0.286458 0.719444 0.299479 0.723148 0.301563 0.728704 0.301563 0.741667 0.297396 0.744444 0.289062
0 0.754630 0.272917 0.743519 0.279167 0.741667 0.283854 0.744444 0.288542 0.752778 0.292708 0.760185 0.292708 0.767593 0.291146 0.771296 0.289062 0.772222 0.281250 0.764815 0.273958
0 0.783333 0.290625 0.777778 0.289062 0.771296 0.289062 0.757407 0.292708 0.751852 0.297917 0.752778 0.300521 0.760185 0.304167 0.775000 0.304688 0.784259 0.298958
0 0.787037 0.297917 0.775926 0.302083 0.775000 0.306771 0.778704 0.311979 0.783333 0.314583 0.791667 0.315104 0.800000 0.311458 0.802778 0.305208 0.795370 0.299479
0 0.808333 0.270833 0.794444 0.271875 0.787963 0.276042 0.786111 0.284375 0.787963 0.287500 0.794444 0.290625 0.802778 0.290104 0.812963 0.284375 0.814815 0.276562 0.812963 0.273438
0 0.813889 0.287500 0.811111 0.291146 0.811111 0.296875 0.816667 0.300521 0.833333 0.300521 0.842593 0.294792 0.840741 0.290625 0.829630 0.286979 0.821296 0.285938
0 0.870370 0.293750 0.866667 0.292187 0.857407 0.291667 0.842593 0.294792 0.835185 0.302604 0.837037 0.306250 0.850000 0.308854 0.865741 0.306771 0.871296 0.302604 0.872222 0.296875
0 0.885185 0.288021 0.875000 0.292708 0.873148 0.300000 0.876852 0.304688 0.887963 0.308854 0.894444 0.309375 0.901852 0.306250 0.901852 0.298438 0.897222 0.289583 0.894444 0.288021
0 0.863889 0.314063 0.862037 0.322396 0.865741 0.323958 0.876852 0.325521 0.887963 0.325521 0.899074 0.322396 0.898148 0.317708 0.894444 0.314063 0.883333 0.309375 0.877778 0.308854 0.871296 0.309896
0 0.857407 0.323437 0.852778 0.328646 0.852778 0.333333 0.855556 0.336979 0.862963 0.341146 0.875926 0.341146 0.881481 0.338021 0.884259 0.334375 0.881481 0.327083 0.875926 0.324479
0 0.838889 0.306771 0.827778 0.307812 0.821296 0.310937 0.818519 0.314063 0.818519 0.321875 0.824074 0.325521 0.829630 0.326562 0.837037 0.326042 0.844444 0.323437 0.848148 0.320312 0.848148 0.310417 0.845370 0.308333
0 0.523148 0.304688 0.512037 0.309896 0.511111 0.315104 0.518519 0.320833 0.531481 0.321354 0.541667 0.314583 0.541667 0.307812 0.538889 0.305208
0 0.559259 0.314063 0.550926 0.312500 0.539815 0.314583 0.535185 0.317188 0.532407 0.320833 0.532407 0.324479 0.537037 0.329167 0.542593 0.330729 0.550926 0.330729 0.558333 0.329167 0.564815 0.326042 0.564815 0.318229
0 0.573148 0.310937 0.566667 0.314583 0.565741 0.323437 0.567593 0.326042 0.575926 0.330729 0.580556 0.331771 0.588889 0.326562 0.588889 0.316146 0.584259 0.311979
0 0.603704 0.310937 0.600000 0.311979 0.591667 0.318229 0.590741 0.326042 0.597222 0.328646 0.611111 0.329167 0.614815 0.328125 0.616667 0.324479 0.616667 0.317188 0.612037 0.311979
0 0.613889 0.302604 0.609259 0.305208 0.608333 0.310417 0.617593 0.318229 0.628704 0.318229 0.632407 0.315104 0.632407 0.308333 0.630556 0.306250 0.622222 0.301563
0 0.673148 0.301563 0.663889 0.300000 0.655556 0.300521 0.647222 0.305208 0.647222 0.311458 0.655556 0.318750 0.663889 0.318750 0.675926 0.314063 0.678704 0.309896 0.677778 0.306250
0 0.722222 0.304167 0.712963 0.302083 0.697222 0.303646 0.694444 0.305729 0.692593 0.310937 0.705556 0.316146 0.718519 0.315625 0.725926 0.310937 0.725926 0.306250
0 0.732407 0.300000 0.729630 0.302604 0.729630 0.308854 0.733333 0.312500 0.739815 0.314063 0.751852 0.313021 0.756481 0.307812 0.756481 0.303125 0.753704 0.300521 0.740741 0.298438
0 0.736111 0.314063 0.730556 0.320312 0.732407 0.326042 0.737963 0.329167 0.748148 0.329688 0.752778 0.328646 0.761111 0.322917 0.761111 0.317708 0.747222 0.313542
0 0.710185 0.316667 0.702778 0.321875 0.700000 0.326562 0.709259 0.333333 0.719444 0.333854 0.727778 0.330208 0.730556 0.326562 0.729630 0.321354 0.719444 0.316146
0 0.676852 0.311979 0.674074 0.315625 0.674074 0.319271 0.676852 0.322396 0.686111 0.327604 0.698148 0.327083 0.704630 0.318750 0.702778 0.315104 0.691667 0.310937
0 0.638889 0.308854 0.635185 0.310417 0.630556 0.316667 0.630556 0.322396 0.635185 0.325521 0.651852 0.326042 0.656481 0.323437 0.655556 0.317708 0.644444 0.308854
0 0.628704 0.322396 0.618519 0.322917 0.612037 0.329688 0.612963 0.335417 0.621296 0.339583 0.637037 0.334375 0.636111 0.327604
0 0.607407 0.329688 0.592593 0.328125 0.586111 0.330208 0.581481 0.333333 0.583333 0.340625 0.593519 0.342708 0.601852 0.340625 0.611111 0.334375 0.610185 0.331250
0 0.562037 0.333333 0.555556 0.336458 0.552778 0.342187 0.562963 0.347917 0.566667 0.348438 0.577778 0.346875 0.582407 0.342187 0.580556 0.334375 0.575000 0.332813
0 0.536111 0.343750 0.532407 0.347917 0.534259 0.352083 0.539815 0.356250 0.549074 0.358333 0.554630 0.358333 0.559259 0.354167 0.558333 0.345313 0.551852 0.341146 0.543519 0.341667
0 0.512963 0.334896 0.507407 0.338542 0.507407 0.346354 0.512963 0.350521 0.525000 0.351042 0.533333 0.346354 0.535185 0.340625 0.532407 0.337500 0.525926 0.334375
0 0.512037 0.351562 0.510185 0.357812 0.514815 0.363021 0.534259 0.363542 0.538889 0.361979 0.540741 0.356771 0.532407 0.350521 0.515741 0.350521
0 0.517593 0.362500 0.513889 0.368229 0.514815 0.373437 0.521296 0.378125 0.529630 0.379167 0.538889 0.376563 0.541667 0.374479 0.541667 0.371354 0.533333 0.363542 0.526852 0.361979
0 0.536111 0.377083 0.532407 0.379167 0.529630 0.384375 0.532407 0.388542 0.545370 0.391667 0.555556 0.390625 0.558333 0.384896 0.557407 0.379167 0.547222 0.375521
0 0.551852 0.360938 0.543519 0.365104 0.542593 0.369792 0.546296 0.373958 0.557407 0.378125 0.569444 0.377604 0.572222 0.373958 0.570370 0.365104 0.559259 0.360938
0 0.575926 0.347917 0.564815 0.348958 0.559259 0.355208 0.561111 0.360417 0.572222 0.364583 0.586111 0.361458 0.591667 0.357812 0.588889 0.352083 0.580556 0.348438
0 0.594444 0.343229 0.592593 0.350521 0.600000 0.354167 0.615741 0.354167 0.622222 0.352604 0.625000 0.350000 0.622222 0.343229 0.613889 0.339583 0.605556 0.339062
0 0.629630 0.335938 0.623148 0.340104 0.623148 0.346875 0.626852 0.350521 0.640741 0.353125 0.649074 0.351562 0.654630 0.346875 0.652778 0.341146 0.643519 0.336458 0.636111 0.334896
0 0.656481 0.323958 0.648148 0.327604 0.645370 0.333854 0.646296 0.337500 0.655556 0.342708 0.665741 0.342187 0.673148 0.340104 0.675000 0.332292 0.666667 0.324479
0 0.686111 0.328125 0.675926 0.333854 0.675000 0.338542 0.677778 0.342187 0.687037 0.345313 0.698148 0.345313 0.706481 0.342708 0.710185 0.338542 0.709259 0.333333 0.699074 0.327604
0 0.733333 0.334375 0.724074 0.332813 0.714815 0.333854 0.711111 0.335417 0.708333 0.342187 0.712963 0.347917 0.716667 0.348958 0.727778 0.348958 0.735185 0.345313 0.737037 0.336979
0 0.744444 0.379688 0.742593 0.382292 0.742593 0.389062 0.746296 0.392188 0.761111 0.393750 0.768519 0.392188 0.772222 0.390104 0.775000 0.384896 0.772222 0.380208 0.761111 0.377604 0.752778 0.377604
0 0.745370 0.359375 0.740741 0.360417 0.736111 0.364583 0.737037 0.372396 0.741667 0.376042 0.753704 0.376563 0.758333 0.375000 0.763889 0.368750 0.758333 0.360938
0 0.733333 0.352604 0.721296 0.354167 0.709259 0.360938 0.710185 0.367188 0.718519 0.371354 0.728704 0.370833 0.735185 0.366146 0.737963 0.361979 0.737963 0.357292 0.736111 0.353646
0 0.706481 0.343229 0.691667 0.347396 0.687963 0.351562 0.687963 0.358333 0.695370 0.362500 0.705556 0.362500 0.715741 0.357292 0.714815 0.349479 0.711111 0.345313
0 0.658333 0.344271 0.654630 0.348958 0.657407 0.355729 0.680556 0.356250 0.686111 0.354167 0.687963 0.347917 0.686111 0.345313 0.680556 0.342708 0.669444 0.341667
0 0.659259 0.356250 0.654630 0.360417 0.655556 0.366667 0.662963 0.371354 0.675926 0.369792 0.687037 0.362500 0.687037 0.360417 0.677778 0.356250
0 0.626852 0.356771 0.626852 0.364583 0.634259 0.368229 0.643519 0.369271 0.653704 0.367188 0.654630 0.360417 0.647222 0.354687 0.635185 0.352604
0 0.600926 0.354687 0.597222 0.357292 0.599074 0.364063 0.608333 0.368750 0.616667 0.369271 0.621296 0.367708 0.625926 0.363542 0.625926 0.359375 0.623148 0.356771 0.616667 0.354167 0.606481 0.353646
0 0.594444 0.358333 0.579630 0.363021 0.572222 0.367188 0.572222 0.373437 0.575926 0.376563 0.587037 0.378125 0.594444 0.375000 0.598148 0.367188 0.598148 0.363542
0 0.563889 0.379167 0.558333 0.381771 0.555556 0.388021 0.556481 0.391667 0.562963 0.395313 0.573148 0.395313 0.580556 0.391146 0.580556 0.384375 0.573148 0.379167
0 0.525000 0.395313 0.520370 0.400000 0.522222 0.403125 0.530556 0.408854 0.539815 0.408854 0.549074 0.401562 0.549074 0.396875 0.539815 0.394271 0.528704 0.394271
0 0.512963 0.402604 0.504630 0.405208 0.502778 0.409375 0.505556 0.415104 0.509259 0.417187 0.517593 0.418750 0.525926 0.417187 0.529630 0.415104 0.531481 0.407813 0.525000 0.403646
0 0.544444 0.417708 0.541667 0.419271 0.541667 0.423958 0.546296 0.431771 0.556481 0.435937 0.565741 0.434896 0.572222 0.430729 0.573148 0.427083 0.571296 0.423438 0.562037 0.418750
0 0.604630 0.418750 0.592593 0.418750 0.583333 0.422917 0.581481 0.429688 0.587037 0.434896 0.590741 0.435937 0.602778 0.435937 0.608333 0.433854 0.611111 0.430208 0.611111 0.426042 0.608333 0.420833
0 0.613889 0.405208 0.607407 0.407813 0.604630 0.410938 0.605556 0.418229 0.612963 0.421354 0.625000 0.420312 0.631481 0.416146 0.630556 0.410417 0.623148 0.405729
0 0.607407 0.393750 0.599074 0.392708 0.591667 0.394271 0.583333 0.400000 0.584259 0.404687 0.592593 0.407292 0.608333 0.406771 0.612037 0.404687 0.612037 0.397917
0 0.595370 0.375521 0.592593 0.375521 0.583333 0.380208 0.580556 0.384375 0.581481 0.391667 0.589815 0.393750 0.600926 0.392188 0.606481 0.385937 0.604630 0.379167
0 0.555556 0.398438 0.552778 0.401042 0.552778 0.405729 0.556481 0.409896 0.565741 0.413542 0.574074 0.413021 0.582407 0.407292 0.583333 0.403125 0.581481 0.400521 0.571296 0.396875
0 0.610185 0.370312 0.604630 0.376563 0.607407 0.384375 0.612037 0.386458 0.625000 0.385417 0.629630 0.382292 0.630556 0.378646 0.627778 0.372917 0.622222 0.369792
0 0.656481 0.368229 0.646296 0.368229 0.637963 0.371875 0.635185 0.378125 0.641667 0.384375 0.650926 0.384375 0.659259 0.381771 0.662037 0.372396
0 0.677778 0.370312 0.664815 0.371875 0.662037 0.375000 0.662037 0.381771 0.671296 0.386979 0.682407 0.385937 0.689815 0.381250 0.686111 0.373437
0 0.691667 0.365625 0.686111 0.368750 0.685185 0.373437 0.690741 0.383333 0.699074 0.384375 0.712037 0.378125 0.712963 0.372396 0.707407 0.366667
0 0.719444 0.371875 0.715741 0.375000 0.714815 0.381250 0.721296 0.389062 0.726852 0.390625 0.739815 0.386979 0.742593 0.381250 0.741667 0.376563 0.737037 0.373437 0.730556 0.371875
0 0.731481 0.389062 0.722222 0.393750 0.716667 0.401042 0.719444 0.404167 0.724074 0.405729 0.740741 0.405729 0.750000 0.400521 0.750000 0.394792 0.743519 0.389583
0 0.704630 0.381771 0.696296 0.385417 0.695370 0.389062 0.702778 0.397396 0.706481 0.398958 0.713889 0.399479 0.719444 0.397396 0.722222 0.394271 0.722222 0.389062 0.712963 0.381250
0 0.691667 0.386979 0.683333 0.385937 0.674074 0.388542 0.670370 0.397396 0.675926 0.402083 0.687963 0.402083 0.695370 0.400000 0.697222 0.397917 0.697222 0.391146
0 0.636111 0.388542 0.638889 0.393229 0.648148 0.397396 0.664815 0.396354 0.669444 0.393750 0.669444 0.386458 0.662963 0.383333 0.643519 0.384896
0 0.620370 0.392708 0.614815 0.398958 0.617593 0.404687 0.630556 0.408854 0.644444 0.408333 0.645370 0.400000 0.640741 0.393750 0.635185 0.391146 0.625926 0.391146
0 0.654630 0.396875 0.650926 0.398438 0.647222 0.404167 0.648148 0.408333 0.655556 0.411979 0.664815 0.411979 0.675000 0.407813 0.674074 0.400521 0.665741 0.396354
0 0.690741 0.407813 0.675926 0.407813 0.663889 0.411979 0.663889 0.416667 0.666667 0.419271 0.675926 0.422396 0.687037 0.421354 0.692593 0.417187 0.695370 0.412500 0.694444 0.409896
0 0.668519 0.421875 0.656481 0.427604 0.657407 0.432292 0.665741 0.436979 0.676852 0.437500 0.685185 0.431771 0.685185 0.427604 0.679630 0.422396
0 0.627778 0.420312 0.626852 0.424479 0.635185 0.429688 0.642593 0.431250 0.654630 0.428646 0.652778 0.419792 0.649074 0.415625 0.637963 0.415625
0 0.699074 0.402083 0.695370 0.408333 0.696296 0.411979 0.701852 0.417187 0.708333 0.418750 0.721296 0.417708 0.726852 0.413542 0.724074 0.405729 0.712963 0.401562 0.703704 0.401042
0 0.110185 0.216667 0.103704 0.221875 0.105556 0.228125 0.113889 0.231771 0.121296 0.232292 0.128704 0.230208 0.133333 0.225521 0.130556 0.219271 0.123148 0.216146
0 0.102778 0.235937 0.100000 0.238542 0.100000 0.245833 0.102778 0.248438 0.107407 0.250000 0.117593 0.250000 0.127778 0.246875 0.130556 0.244271 0.130556 0.239063 0.125000 0.234896 0.112037 0.234375
0 0.087037 0.263021 0.087963 0.268750 0.097222 0.273438 0.115741 0.272396 0.121296 0.268229 0.121296 0.262500 0.113889 0.257812 0.097222 0.258854
0 0.134259 0.230208 0.131481 0.236458 0.132407 0.240625 0.137037 0.245833 0.140741 0.247396 0.148148 0.247917 0.153704 0.246875 0.160185 0.242708 0.159259 0.235937 0.149074 0.230729
0 0.152778 0.259375 0.151852 0.264062 0.156481 0.266146 0.167593 0.268229 0.180556 0.268229 0.188889 0.264062 0.187963 0.257812 0.178704 0.254167 0.162963 0.254688
0 0.196296 0.239583 0.187963 0.244271 0.187037 0.248438 0.188889 0.253125 0.194444 0.257292 0.207407 0.258333 0.216667 0.253646 0.217593 0.246875 0.211111 0.241146 0.205556 0.239583
0 0.231481 0.222396 0.222222 0.225521 0.221296 0.236458 0.225926 0.240104 0.233333 0.241146 0.242593 0.239583 0.248148 0.236458 0.250926 0.233333 0.250926 0.228125 0.239815 0.223438
0 0.200926 0.212500 0.200926 0.221354 0.204630 0.225000 0.208333 0.226042 0.220370 0.226562 0.226852 0.223438 0.236111 0.221354 0.233333 0.217188 0.219444 0.210938 0.211111 0.209896 0.203704 0.210938
0 0.175926 0.205208 0.170370 0.210938 0.170370 0.217188 0.177778 0.220833 0.194444 0.220312 0.199074 0.217188 0.199074 0.213021 0.190741 0.206771 0.184259 0.204687
0 0.183333 0.189062 0.179630 0.193750 0.184259 0.201042 0.195370 0.204167 0.203704 0.203646 0.208333 0.201042 0.210185 0.197396 0.207407 0.191667 0.199074 0.187500 0.190741 0.186979
0 0.185185 0.160417 0.176852 0.161458 0.167593 0.166667 0.165741 0.174479 0.167593 0.177604 0.172222 0.179688 0.180556 0.180208 0.187963 0.179167 0.194444 0.173958 0.194444 0.165625
0 0.195370 0.173437 0.190741 0.177083 0.190741 0.181771 0.198148 0.186458 0.203704 0.188021 0.214815 0.188021 0.221296 0.185417 0.221296 0.176563 0.214815 0.171875 0.203704 0.171354
0 0.200000 0.156771 0.193519 0.161979 0.195370 0.165625 0.204630 0.170833 0.210185 0.171875 0.218519 0.171354 0.225000 0.166146 0.226852 0.162500 0.225000 0.158854 0.219444 0.155729
0 0.198148 0.136979 0.187963 0.143750 0.187037 0.148438 0.199074 0.155208 0.212963 0.155208 0.217593 0.151042 0.215741 0.142187 0.210185 0.138021
0 0.219444 0.145833 0.217593 0.146875 0.217593 0.153125 0.222222 0.157812 0.227778 0.160938 0.237037 0.160417 0.240741 0.152604 0.243519 0.150521 0.240741 0.146354 0.235185 0.144271
0 0.252778 0.146875 0.247222 0.148438 0.240741 0.152604 0.238889 0.160417 0.246296 0.165104 0.256481 0.166146 0.265741 0.163542 0.268519 0.157292 0.260185 0.149479
0 0.226852 0.163021 0.221296 0.171354 0.223148 0.174479 0.232407 0.179688 0.246296 0.179688 0.258333 0.174479 0.257407 0.168750 0.245370 0.163542 0.235185 0.161979
0 0.250926 0.187500 0.247222 0.186458 0.239815 0.186979 0.224074 0.192708 0.224074 0.197917 0.228704 0.202083 0.237037 0.204167 0.244444 0.204167 0.251852 0.202604 0.257407 0.198437 0.257407 0.192188
0 0.250926 0.223958 0.250926 0.229167 0.263889 0.234375 0.275000 0.234896 0.283333 0.232292 0.283333 0.227604 0.280556 0.223438 0.273148 0.218229 0.265741 0.218229
0 0.301852 0.224479 0.289815 0.232292 0.287963 0.236979 0.290741 0.240104 0.296296 0.242188 0.310185 0.242708 0.314815 0.240625 0.316667 0.231771 0.311111 0.225000
0 0.326852 0.229687 0.319444 0.231250 0.316667 0.233333 0.313889 0.241667 0.321296 0.247396 0.331481 0.248958 0.337037 0.247396 0.341667 0.243750 0.342593 0.234375 0.337037 0.230208
0 0.344444 0.197396 0.339815 0.198958 0.336111 0.203125 0.335185 0.210938 0.343519 0.215625 0.358333 0.215104 0.366667 0.209896 0.367593 0.203125 0.358333 0.197396
0 0.292593 0.183854 0.286111 0.187500 0.284259 0.196354 0.293519 0.201563 0.304630 0.201563 0.309259 0.199479 0.311111 0.196875 0.309259 0.187500 0.302778 0.183854
0 0.266667 0.171875 0.263889 0.177083 0.266667 0.184896 0.272222 0.186979 0.281481 0.187500 0.286111 0.186458 0.299074 0.178125 0.289815 0.171354 0.272222 0.170833
0 0.269444 0.158854 0.266667 0.161458 0.268519 0.168750 0.273148 0.171354 0.290741 0.172396 0.295370 0.171354 0.301852 0.166146 0.301852 0.161979 0.291667 0.158333 0.275926 0.156771
0 0.274074 0.251042 0.270370 0.258333 0.272222 0.267188 0.274074 0.269271 0.280556 0.271354 0.288889 0.270833 0.294444 0.267188 0.293519 0.259375 0.281481 0.251563
0 0.265741 0.270313 0.261111 0.271875 0.259259 0.275000 0.262037 0.282813 0.271296 0.285938 0.276852 0.285938 0.282407 0.284375 0.287963 0.280208 0.286111 0.273438 0.282407 0.271354 0.275000 0.269792
0 0.230556 0.279167 0.229630 0.283854 0.231481 0.287500 0.238889 0.293750 0.248148 0.294271 0.262963 0.291667 0.262037 0.284375 0.256481 0.281250 0.243519 0.278646
0 0.206481 0.273438 0.191667 0.275521 0.180556 0.282813 0.181481 0.289062 0.190741 0.292708 0.203704 0.291667 0.209259 0.286979 0.209259 0.275000
0 0.313889 0.258333 0.296296 0.262500 0.294444 0.268229 0.302778 0.275000 0.308333 0.277083 0.316667 0.278125 0.321296 0.274479 0.321296 0.269792 0.317593 0.259375
0 0.303704 0.277083 0.294444 0.281250 0.293519 0.286979 0.300000 0.292708 0.311111 0.293750 0.320370 0.290625 0.322222 0.285417 0.314815 0.278646 0.310185 0.277083
0 0.349074 0.273958 0.334259 0.277604 0.331481 0.279167 0.330556 0.283333 0.337963 0.289062 0.351852 0.291146 0.360185 0.288542 0.362963 0.281250 0.356481 0.275521
0 0.338889 0.260417 0.329630 0.261458 0.325000 0.266146 0.323148 0.271875 0.325000 0.275521 0.328704 0.277604 0.337037 0.277083 0.344444 0.275000 0.348148 0.272396 0.347222 0.267188
0 0.378704 0.259896 0.363889 0.260937 0.357407 0.264062 0.354630 0.267188 0.353704 0.273438 0.363889 0.280208 0.373148 0.279687 0.379630 0.277083 0.383333 0.265625 0.382407 0.262500
0 0.394444 0.263021 0.391667 0.263021 0.385185 0.267708 0.380556 0.275521 0.380556 0.279687 0.384259 0.283854 0.391667 0.286458 0.401852 0.284896 0.407407 0.279687 0.405556 0.270833 0.400000 0.265104
0 0.411111 0.259896 0.402778 0.263542 0.401852 0.268229 0.406481 0.273958 0.411111 0.276562 0.421296 0.276562 0.430556 0.271354 0.431481 0.263542 0.426852 0.260417 0.422222 0.259375
0 0.446296 0.257292 0.434259 0.263542 0.432407 0.269271 0.437963 0.273958 0.450926 0.275000 0.458333 0.272396 0.461111 0.266146 0.458333 0.261979 0.451852 0.258333
0 0.469444 0.276042 0.462037 0.275521 0.458333 0.276562 0.449074 0.282813 0.449074 0.288021 0.453704 0.291667 0.462037 0.292708 0.471296 0.289583 0.474074 0.281250
0 0.498148 0.268229 0.487963 0.268229 0.478704 0.272917 0.476852 0.275000 0.476852 0.281771 0.481481 0.285417 0.489815 0.284896 0.497222 0.281250 0.504630 0.279687 0.505556 0.272396
0 0.483333 0.253646 0.471296 0.254688 0.467593 0.256771 0.463889 0.262500 0.468519 0.273438 0.475000 0.275000 0.492593 0.265104 0.492593 0.258333 0.488889 0.255208
0 0.524074 0.257292 0.511111 0.256250 0.502778 0.258854 0.496296 0.263542 0.497222 0.267708 0.508333 0.271875 0.517593 0.271354 0.524074 0.269271 0.527778 0.264583 0.526852 0.259375
0 0.525000 0.238542 0.513889 0.238542 0.502778 0.242188 0.500000 0.248438 0.504630 0.252604 0.509259 0.254167 0.517593 0.254688 0.526852 0.251563 0.529630 0.248958 0.528704 0.240625
0 0.493519 0.217188 0.488889 0.218750 0.486111 0.222917 0.487963 0.229167 0.493519 0.232813 0.503704 0.232813 0.512037 0.227604 0.512963 0.221875 0.505556 0.217708
0 0.497222 0.202083 0.490741 0.200521 0.482407 0.200521 0.474074 0.205208 0.470370 0.215625 0.471296 0.218750 0.474074 0.220312 0.484259 0.219271 0.500000 0.214583 0.502778 0.210938 0.502778 0.207292
0 0.482407 0.181250 0.475926 0.188021 0.475000 0.193750 0.476852 0.196354 0.481481 0.198958 0.487037 0.200000 0.504630 0.200000 0.507407 0.198437 0.507407 0.193229 0.499074 0.185417
0 0.447222 0.195312 0.442593 0.207813 0.444444 0.211979 0.452778 0.216146 0.466667 0.214583 0.471296 0.210938 0.470370 0.205208 0.457407 0.196875
0 0.440741 0.210938 0.425926 0.212500 0.422222 0.216667 0.423148 0.223958 0.426852 0.227604 0.432407 0.229687 0.443519 0.228646 0.449074 0.223958 0.450000 0.216667 0.447222 0.213542
0 0.431481 0.194271 0.425926 0.193750 0.415741 0.195312 0.412963 0.196875 0.411111 0.205208 0.413889 0.208854 0.419444 0.211979 0.434259 0.211458 0.439815 0.208333 0.439815 0.200000 0.437037 0.196875
0 0.404630 0.180208 0.400000 0.185417 0.400000 0.190104 0.404630 0.194271 0.416667 0.195833 0.427778 0.194271 0.431481 0.192188 0.433333 0.184375 0.425926 0.178646 0.411111 0.178125
0 0.374074 0.178646 0.372222 0.180729 0.373148 0.185938 0.378704 0.190625 0.400000 0.190625 0.400926 0.185417 0.404630 0.181771 0.400926 0.178125 0.396296 0.176563 0.380556 0.176563
0 0.358333 0.182292 0.349074 0.182292 0.343519 0.183854 0.332407 0.193229 0.331481 0.197396 0.338889 0.198958 0.348148 0.197396 0.359259 0.197917 0.363889 0.196354 0.366667 0.193750 0.365741 0.189583
0 0.356481 0.161979 0.349074 0.165104 0.349074 0.172917 0.353704 0.180208 0.364815 0.181771 0.372222 0.177604 0.374074 0.174479 0.373148 0.167708 0.367593 0.163021
0 0.328704 0.159896 0.321296 0.165625 0.323148 0.170313 0.329630 0.174479 0.337037 0.177083 0.346296 0.176563 0.349074 0.174479 0.348148 0.165104 0.346296 0.163021 0.338889 0.160417
0 0.308333 0.134375 0.304630 0.136458 0.300926 0.141667 0.301852 0.148438 0.307407 0.151562 0.322222 0.151562 0.329630 0.147396 0.330556 0.141667 0.325926 0.137500
0 0.354630 0.149479 0.349074 0.153646 0.350926 0.160938 0.370370 0.164583 0.375926 0.163021 0.378704 0.159896 0.378704 0.154167 0.365741 0.147917
0 0.396296 0.138542 0.384259 0.136458 0.376852 0.136979 0.369444 0.139063 0.366667 0.141146 0.368519 0.149479 0.379630 0.154167 0.393519 0.153125 0.400926 0.148438 0.400926 0.142708
0 0.399074 0.149479 0.390741 0.154688 0.389815 0.162500 0.398148 0.165104 0.406481 0.165104 0.419444 0.158854 0.420370 0.154167 0.410185 0.150000
0 0.377778 0.162500 0.375000 0.165104 0.375000 0.170313 0.377778 0.175521 0.382407 0.176563 0.394444 0.176563 0.404630 0.171354 0.405556 0.167708 0.402778 0.165104 0.389815 0.161979
0 0.448148 0.170313 0.435185 0.169792 0.425926 0.172917 0.425000 0.178125 0.433333 0.183854 0.440741 0.183333 0.451852 0.177604 0.451852 0.173437
0 0.448148 0.178125 0.441667 0.181250 0.438889 0.185938 0.450926 0.195833 0.462963 0.196354 0.470370 0.192708 0.473148 0.189583 0.473148 0.183333 0.466667 0.179167 0.455556 0.177604
0 0.489815 0.161979 0.481481 0.160938 0.462963 0.163542 0.459259 0.166667 0.461111 0.173958 0.471296 0.178646 0.483333 0.177083 0.494444 0.169792 0.494444 0.165104
0 0.507407 0.144792 0.492593 0.145313 0.484259 0.147917 0.480556 0.150521 0.480556 0.155208 0.484259 0.158854 0.496296 0.163542 0.503704 0.161979 0.511111 0.156250 0.512963 0.148958
0 0.509259 0.168229 0.499074 0.168229 0.487963 0.173437 0.484259 0.177083 0.486111 0.181771 0.496296 0.184896 0.503704 0.184375 0.516667 0.177604 0.515741 0.172917
0 0.385185 0.213542 0.385185 0.218750 0.391667 0.222396 0.415741 0.219792 0.419444 0.217708 0.418519 0.211458 0.400000 0.205208 0.396296 0.205208
0 0.370370 0.196354 0.369444 0.201563 0.381481 0.207292 0.390741 0.207813 0.400926 0.205729 0.402778 0.204167 0.403704 0.195833 0.399074 0.191667 0.382407 0.191146
0 0.413889 0.219792 0.399074 0.221875 0.392593 0.228125 0.392593 0.232813 0.403704 0.236979 0.417593 0.235937 0.421296 0.232813 0.421296 0.225000
0 0.419444 0.235937 0.424074 0.242188 0.437037 0.243750 0.446296 0.243229 0.458333 0.238021 0.456481 0.233854 0.449074 0.230208 0.442593 0.229167 0.430556 0.229687 0.423148 0.231250
0 0.440741 0.244271 0.430556 0.243229 0.425000 0.244792 0.415741 0.251563 0.415741 0.256771 0.425000 0.259896 0.435185 0.259896 0.444444 0.257812 0.447222 0.256250 0.447222 0.250521
0 0.399074 0.237500 0.394444 0.240104 0.393519 0.242708 0.395370 0.250521 0.399074 0.253646 0.405556 0.254688 0.412037 0.254167 0.420370 0.247917 0.419444 0.242708 0.410185 0.238021
0 0.471296 0.240104 0.460185 0.238542 0.443519 0.243750 0.443519 0.248438 0.453704 0.257812 0.462963 0.257812 0.471296 0.253646 0.475000 0.245312
0 0.467593 0.222396 0.459259 0.227604 0.459259 0.234896 0.462963 0.237500 0.469444 0.239063 0.482407 0.238542 0.487037 0.236458 0.488889 0.233854 0.488889 0.229687 0.486111 0.225521 0.477778 0.222396
0 0.514815 0.178646 0.507407 0.181771 0.505556 0.184375 0.506481 0.190104 0.516667 0.200000 0.525000 0.201042 0.525926 0.198958 0.532407 0.195312 0.535185 0.184896 0.530556 0.179688
0 0.529630 0.154688 0.522222 0.157812 0.520370 0.160938 0.521296 0.166667 0.523148 0.169271 0.530556 0.173437 0.539815 0.173958 0.544444 0.168750 0.543519 0.157812 0.538889 0.154688
0 0.336111 0.146354 0.325926 0.150521 0.324074 0.153646 0.325000 0.157812 0.327778 0.159896 0.344444 0.161458 0.348148 0.158854 0.349074 0.152604 0.344444 0.146875
0 0.309259 0.152083 0.303704 0.156771 0.303704 0.163021 0.307407 0.166146 0.316667 0.169271 0.321296 0.167708 0.325000 0.156771 0.321296 0.152083
0 0.285185 0.145833 0.275926 0.153646 0.276852 0.155729 0.295370 0.160417 0.302778 0.159896 0.304630 0.153125 0.300000 0.145313 0.294444 0.144271
0 0.263889 0.139583 0.258333 0.142187 0.256481 0.147917 0.266667 0.155208 0.275000 0.155208 0.281481 0.150000 0.283333 0.145833 0.275000 0.140104 0.269444 0.139063
0 0.306481 0.133333 0.301852 0.131250 0.296296 0.130729 0.281481 0.131771 0.274074 0.134375 0.272222 0.139063 0.282407 0.144271 0.295370 0.144271 0.301852 0.141667 0.307407 0.135417
0 0.305556 0.119271 0.301852 0.122396 0.300926 0.127083 0.302778 0.131250 0.308333 0.133854 0.321296 0.135417 0.325926 0.134896 0.330556 0.132292 0.333333 0.128125 0.330556 0.121354 0.322222 0.118229 0.310185 0.118229
0 0.336111 0.126042 0.330556 0.130729 0.330556 0.138542 0.332407 0.141146 0.339815 0.145313 0.345370 0.145833 0.354630 0.142187 0.356481 0.138021 0.350926 0.128646 0.347222 0.126562
0 0.348148 0.108333 0.343519 0.108854 0.337037 0.113021 0.332407 0.120833 0.336111 0.125521 0.350926 0.127083 0.360185 0.124479 0.362963 0.117708 0.354630 0.109896
0 0.382407 0.125000 0.367593 0.125000 0.361111 0.126562 0.353704 0.130208 0.353704 0.134896 0.356481 0.138542 0.365741 0.141146 0.376852 0.137500 0.384259 0.136458 0.388889 0.131771 0.388889 0.127083
0 0.551852 0.087500 0.540741 0.087500 0.533333 0.091667 0.533333 0.101562 0.537963 0.105729 0.544444 0.107813 0.558333 0.101562 0.560185 0.098437 0.559259 0.091667
0 0.580556 0.136979 0.573148 0.138021 0.569444 0.140104 0.566667 0.144792 0.566667 0.152083 0.573148 0.156771 0.586111 0.155729 0.594444 0.148958 0.594444 0.145313 0.587037 0.138542
0 0.569444 0.162500 0.572222 0.167708 0.586111 0.173437 0.594444 0.173437 0.602778 0.171354 0.607407 0.166146 0.607407 0.161979 0.604630 0.158854 0.594444 0.155729 0.584259 0.155729 0.575926 0.157292
0 0.561111 0.168750 0.557407 0.172396 0.557407 0.179167 0.567593 0.186458 0.575926 0.186979 0.580556 0.185938 0.587963 0.180208 0.586111 0.173437 0.574074 0.168750
0 0.559259 0.179167 0.549074 0.181250 0.542593 0.186458 0.541667 0.190625 0.544444 0.196354 0.561111 0.195312 0.564815 0.193229 0.565741 0.184896
0 0.550000 0.195833 0.546296 0.199479 0.549074 0.208333 0.558333 0.212500 0.566667 0.211979 0.573148 0.209896 0.575926 0.205729 0.575000 0.197917 0.566667 0.194792
0 0.537037 0.196354 0.529630 0.196354 0.525000 0.200000 0.524074 0.211979 0.528704 0.214062 0.541667 0.211979 0.548148 0.209375 0.545370 0.198958
0 0.552778 0.209896 0.546296 0.209896 0.531481 0.213021 0.527778 0.215104 0.528704 0.220833 0.542593 0.226042 0.557407 0.223438 0.561111 0.220833 0.558333 0.212500
0 0.579630 0.209896 0.571296 0.209896 0.562037 0.213542 0.561111 0.221354 0.564815 0.224479 0.571296 0.226562 0.581481 0.224479 0.587037 0.219792 0.586111 0.212500
0 0.568519 0.225000 0.557407 0.222917 0.544444 0.225521 0.538889 0.230729 0.540741 0.238021 0.544444 0.240104 0.550926 0.241146 0.561111 0.239063 0.571296 0.232813 0.572222 0.228125
0 0.613889 0.190104 0.604630 0.194792 0.602778 0.202083 0.607407 0.205729 0.612963 0.207292 0.626852 0.207292 0.630556 0.203125 0.628704 0.194271 0.623148 0.190625
0 0.600000 0.171875 0.589815 0.176563 0.587037 0.187500 0.587963 0.190625 0.592593 0.193229 0.603704 0.194271 0.608333 0.193229 0.612963 0.189583 0.613889 0.179688 0.610185 0.174479 0.605556 0.172396
0 0.626852 0.172396 0.622222 0.173958 0.618519 0.177604 0.615741 0.185938 0.621296 0.190625 0.629630 0.191667 0.640741 0.187500 0.641667 0.179688 0.637037 0.174479
0 0.648148 0.165104 0.642593 0.166667 0.639815 0.169792 0.638889 0.175521 0.640741 0.180729 0.649074 0.186979 0.658333 0.186979 0.668519 0.180729 0.668519 0.172917 0.661111 0.167708
0 0.625926 0.147396 0.619444 0.154167 0.621296 0.164062 0.627778 0.167187 0.639815 0.167708 0.645370 0.166146 0.649074 0.163021 0.649074 0.158333 0.646296 0.153646 0.636111 0.147917
0 0.668519 0.128125 0.658333 0.134375 0.659259 0.141146 0.663889 0.144792 0.677778 0.146875 0.687963 0.143750 0.691667 0.139583 0.691667 0.133854 0.680556 0.128125
0 0.676852 0.145833 0.674074 0.148438 0.674074 0.154167 0.684259 0.160417 0.692593 0.160938 0.700926 0.157292 0.703704 0.151562 0.702778 0.146354 0.691667 0.144271 0.683333 0.144271
0 0.703704 0.156250 0.691667 0.160417 0.688889 0.164583 0.688889 0.168750 0.690741 0.171875 0.695370 0.173958 0.707407 0.175000 0.716667 0.170833 0.720370 0.166146 0.720370 0.161458 0.715741 0.157812
0 0.753704 0.158333 0.748148 0.155208 0.739815 0.153125 0.726852 0.154167 0.720370 0.158854 0.720370 0.166667 0.722222 0.168750 0.727778 0.170833 0.739815 0.170833 0.754630 0.168229 0.758333 0.165625
0 0.766667 0.150000 0.763889 0.153125 0.762963 0.158333 0.768519 0.163021 0.775000 0.165104 0.788889 0.165104 0.798148 0.162500 0.800000 0.159896 0.799074 0.155208 0.786111 0.147917 0.774074 0.146875
0 0.800000 0.171354 0.787963 0.166667 0.775000 0.167187 0.766667 0.172396 0.767593 0.180208 0.772222 0.182812 0.785185 0.182292 0.800000 0.176563 0.801852 0.174479
0 0.742593 0.177604 0.736111 0.181250 0.733333 0.184896 0.735185 0.190625 0.747222 0.195312 0.758333 0.196354 0.766667 0.195312 0.768519 0.193750 0.768519 0.189583 0.762037 0.181250 0.754630 0.177604 0.748148 0.176563
0 0.718519 0.171875 0.709259 0.175521 0.705556 0.180729 0.705556 0.185938 0.710185 0.190625 0.716667 0.192188 0.723148 0.192188 0.731481 0.188542 0.734259 0.180208 0.731481 0.176042 0.725926 0.172396
0 0.698148 0.181250 0.684259 0.182292 0.677778 0.185417 0.675000 0.189062 0.675000 0.193750 0.678704 0.198437 0.690741 0.201563 0.699074 0.200000 0.705556 0.193750 0.705556 0.185417
0 0.531481 0.246875 0.525926 0.253646 0.527778 0.261979 0.530556 0.263542 0.545370 0.263542 0.550926 0.259896 0.551852 0.255208 0.550000 0.252083 0.545370 0.248438
0 0.558333 0.240104 0.550926 0.241146 0.548148 0.242708 0.546296 0.248958 0.552778 0.257292 0.556481 0.258854 0.562037 0.258854 0.575000 0.254167 0.575926 0.247396 0.566667 0.241146
0 0.577778 0.230208 0.570370 0.235417 0.571296 0.243750 0.575000 0.245833 0.582407 0.247396 0.594444 0.246354 0.597222 0.244792 0.598148 0.240625 0.595370 0.236458 0.587037 0.230729
0 0.593519 0.245833 0.588889 0.247917 0.587037 0.251042 0.587963 0.259375 0.594444 0.263542 0.599074 0.264583 0.608333 0.264062 0.615741 0.257812 0.615741 0.252083 0.608333 0.246354 0.602778 0.245312
0 0.562037 0.259375 0.560185 0.267708 0.562963 0.269792 0.571296 0.271875 0.582407 0.271875 0.592593 0.268750 0.593519 0.263542 0.584259 0.257292 0.571296 0.255729
0 0.528704 0.264062 0.525926 0.267708 0.535185 0.277604 0.541667 0.280208 0.550926 0.279167 0.557407 0.274479 0.558333 0.267188 0.546296 0.263542 0.537037 0.263021
0 0.524074 0.269792 0.514815 0.271354 0.512037 0.272917 0.510185 0.280729 0.515741 0.288021 0.523148 0.290104 0.529630 0.290104 0.537963 0.287500 0.538889 0.281771 0.529630 0.272396
0 0.662037 0.188021 0.649074 0.187500 0.637963 0.191667 0.635185 0.197917 0.639815 0.203125 0.650000 0.204687 0.662037 0.201563 0.667593 0.195312 0.667593 0.191667
0 0.731481 0.190625 0.719444 0.194271 0.718519 0.202083 0.724074 0.205729 0.735185 0.206771 0.748148 0.202604 0.749074 0.198437 0.743519 0.193229
0 0.760185 0.197917 0.750000 0.205208 0.750000 0.211979 0.759259 0.217188 0.774074 0.216146 0.779630 0.210417 0.778704 0.204687 0.768519 0.197917
0 0.762963 0.216667 0.756481 0.218750 0.753704 0.226042 0.760185 0.234375 0.763889 0.235937 0.771296 0.235937 0.779630 0.231250 0.781481 0.228125 0.780556 0.220312 0.774074 0.216667
0 0.731481 0.227604 0.728704 0.230729 0.728704 0.236458 0.734259 0.241146 0.737963 0.242188 0.754630 0.242708 0.759259 0.236979 0.759259 0.231771 0.756481 0.227604 0.750000 0.225521 0.737963 0.225521
0 0.730556 0.209375 0.720370 0.211979 0.714815 0.216146 0.714815 0.220833 0.721296 0.226042 0.733333 0.227083 0.742593 0.221875 0.744444 0.212500 0.739815 0.209896
0 0.701852 0.198958 0.692593 0.203646 0.691667 0.210938 0.697222 0.216667 0.704630 0.218229 0.712037 0.218229 0.721296 0.211979 0.721296 0.204687 0.715741 0.200521
0 0.687963 0.201563 0.684259 0.200521 0.665741 0.201563 0.660185 0.207292 0.660185 0.210938 0.662963 0.214583 0.668519 0.216667 0.679630 0.216146 0.686111 0.214583 0.689815 0.210417 0.689815 0.203125
0 0.632407 0.209375 0.629630 0.211979 0.629630 0.217708 0.637037 0.222917 0.643519 0.224479 0.657407 0.222396 0.661111 0.220833 0.662963 0.217708 0.661111 0.213021 0.653704 0.207292 0.641667 0.206250
0 0.684259 0.215625 0.670370 0.216667 0.664815 0.218750 0.662037 0.225521 0.663889 0.229687 0.668519 0.233333 0.675000 0.234896 0.681481 0.234375 0.686111 0.232292 0.692593 0.225521 0.694444 0.219792
0 0.659259 0.222917 0.655556 0.222396 0.637037 0.226562 0.633333 0.228646 0.633333 0.233854 0.643519 0.238021 0.654630 0.237500 0.662037 0.232292 0.662963 0.228125
0 0.676852 0.235417 0.667593 0.233854 0.661111 0.234896 0.653704 0.238021 0.650926 0.242188 0.650926 0.246354 0.655556 0.251042 0.666667 0.251563 0.675926 0.247917 0.681481 0.240625
0 0.616667 0.252083 0.617593 0.259375 0.623148 0.262500 0.643519 0.261979 0.652778 0.258333 0.652778 0.254688 0.645370 0.250521 0.637037 0.247917 0.621296 0.247917
0 0.643519 0.262500 0.632407 0.261458 0.625926 0.262500 0.623148 0.264583 0.621296 0.272396 0.627778 0.277604 0.636111 0.277083 0.647222 0.273438 0.649074 0.266667
0 0.605556 0.264062 0.596296 0.266146 0.593519 0.268229 0.591667 0.276042 0.594444 0.279687 0.602778 0.281771 0.609259 0.281771 0.619444 0.276562 0.621296 0.269792 0.617593 0.266667
0 0.682407 0.270833 0.675000 0.268750 0.667593 0.268750 0.656481 0.270833 0.652778 0.276042 0.657407 0.283333 0.663889 0.285417 0.668519 0.283854 0.683333 0.282292 0.686111 0.278125 0.686111 0.273958
0 0.649074 0.273958 0.642593 0.273958 0.626852 0.280208 0.624074 0.282813 0.624074 0.287500 0.627778 0.290625 0.639815 0.291667 0.650926 0.284896 0.654630 0.278646
0 0.710185 0.218750 0.697222 0.218750 0.693519 0.221875 0.690741 0.229687 0.692593 0.232813 0.697222 0.235417 0.705556 0.234896 0.718519 0.231771 0.718519 0.224479
0 0.787963 0.219792 0.782407 0.224479 0.785185 0.230729 0.795370 0.234896 0.804630 0.235417 0.809259 0.234375 0.812037 0.229687 0.811111 0.225000 0.800926 0.219792
0 0.813889 0.207292 0.803704 0.213021 0.801852 0.219792 0.811111 0.225000 0.819444 0.225521 0.833333 0.221354 0.834259 0.216146 0.833333 0.214062 0.822222 0.208854
0 0.847222 0.208333 0.842593 0.209375 0.835185 0.214062 0.834259 0.221354 0.838889 0.223958 0.851852 0.227083 0.862963 0.220833 0.865741 0.216146 0.857407 0.208854
0 0.864815 0.198958 0.864815 0.205729 0.875926 0.215104 0.882407 0.214583 0.894444 0.209375 0.895370 0.204687 0.889815 0.200521 0.876852 0.198437
0 0.905556 0.191146 0.897222 0.195312 0.892593 0.201042 0.900000 0.206250 0.907407 0.208333 0.914815 0.208854 0.931481 0.202604 0.931481 0.196875 0.914815 0.190625
0 0.911111 0.209375 0.899074 0.207292 0.888889 0.210417 0.880556 0.216146 0.882407 0.225000 0.889815 0.227083 0.900000 0.227083 0.908333 0.224479 0.913889 0.217708
0 0.878704 0.216667 0.867593 0.217188 0.857407 0.222396 0.852778 0.227083 0.854630 0.232813 0.862963 0.235417 0.866667 0.235417 0.875926 0.232292 0.881481 0.225000
0 0.844444 0.225000 0.837963 0.223438 0.828704 0.223438 0.814815 0.226042 0.811111 0.230208 0.811111 0.233333 0.813889 0.236458 0.822222 0.240104 0.830556 0.239583 0.845370 0.234375 0.848148 0.230729 0.848148 0.227604
0 0.788889 0.232292 0.775926 0.233333 0.771296 0.236458 0.771296 0.243750 0.781481 0.249479 0.793519 0.248438 0.799074 0.242708 0.798148 0.235417
0 0.706481 0.233854 0.701852 0.235937 0.702778 0.240104 0.712963 0.245833 0.717593 0.251042 0.725926 0.250521 0.732407 0.244271 0.731481 0.238542 0.725926 0.234896 0.719444 0.232813
0 0.696296 0.239583 0.689815 0.241146 0.683333 0.247917 0.683333 0.253125 0.691667 0.257292 0.704630 0.258333 0.713889 0.255208 0.716667 0.251042 0.709259 0.242708 0.703704 0.240104
0 0.683333 0.254167 0.676852 0.257292 0.673148 0.261979 0.673148 0.267708 0.684259 0.271875 0.693519 0.271875 0.700926 0.270313 0.704630 0.265104 0.702778 0.259896
0 0.728704 0.253125 0.718519 0.252083 0.707407 0.258333 0.704630 0.262500 0.706481 0.270833 0.712963 0.271354 0.719444 0.270313 0.725926 0.267188 0.733333 0.265625 0.737037 0.258854 0.734259 0.255729
0 0.727778 0.247917 0.726852 0.252083 0.738889 0.258854 0.748148 0.259375 0.753704 0.257292 0.762037 0.256250 0.762963 0.251563 0.750926 0.242188 0.737963 0.241667
0 0.850926 0.236979 0.838889 0.236458 0.827778 0.240104 0.825000 0.247917 0.829630 0.251042 0.838889 0.252083 0.846296 0.251563 0.851852 0.249479 0.855556 0.245833 0.855556 0.240104
0 0.877778 0.231771 0.865741 0.235937 0.863889 0.242188 0.870370 0.248438 0.878704 0.250000 0.887037 0.250000 0.894444 0.245833 0.895370 0.236979 0.891667 0.233333 0.886111 0.231771
0 0.931481 0.223958 0.927778 0.222917 0.915741 0.222917 0.909259 0.224479 0.904630 0.227083 0.900926 0.231771 0.902778 0.238021 0.912037 0.241146 0.924074 0.240104 0.932407 0.235417 0.935185 0.228125
0 0.917593 0.250000 0.900000 0.247396 0.890741 0.248438 0.887037 0.251042 0.886111 0.254167 0.887963 0.260417 0.900000 0.262500 0.910185 0.259896 0.917593 0.256250 0.920370 0.253125
0 0.891667 0.261979 0.884259 0.261979 0.870370 0.266667 0.870370 0.275521 0.884259 0.280729 0.899074 0.276042 0.903704 0.271875 0.900926 0.265104
0 0.881481 0.250000 0.870370 0.248438 0.860185 0.252083 0.856481 0.255729 0.857407 0.264583 0.859259 0.265625 0.872222 0.266146 0.883333 0.261979 0.885185 0.254688
0 0.832407 0.252604 0.828704 0.259896 0.836111 0.266667 0.842593 0.268229 0.853704 0.266667 0.857407 0.263542 0.856481 0.256771 0.844444 0.251563
0 0.806481 0.255729 0.804630 0.264062 0.807407 0.269792 0.815741 0.274479 0.823148 0.275000 0.827778 0.273958 0.836111 0.267708 0.834259 0.263542 0.825926 0.258854 0.811111 0.255208
0 0.820370 0.275000 0.816667 0.278125 0.819444 0.284896 0.844444 0.291667 0.852778 0.283854 0.852778 0.277083 0.849074 0.275000 0.839815 0.273438 0.828704 0.273438
0 0.860185 0.276042 0.855556 0.278646 0.851852 0.283333 0.851852 0.287500 0.855556 0.290625 0.865741 0.292187 0.873148 0.292187 0.880556 0.290625 0.885185 0.288021 0.884259 0.282813 0.881481 0.279687 0.872222 0.275521
0 0.919444 0.283333 0.912963 0.282813 0.905556 0.283854 0.898148 0.288021 0.897222 0.291667 0.901852 0.298958 0.905556 0.300521 0.919444 0.300521 0.932407 0.294792 0.932407 0.289583
0 0.729630 0.266146 0.722222 0.268229 0.718519 0.270833 0.718519 0.277083 0.724074 0.282813 0.735185 0.283333 0.738889 0.282813 0.748148 0.277083 0.750000 0.271354 0.740741 0.267188
0 0.687963 0.273958 0.686111 0.280729 0.690741 0.288021 0.699074 0.288021 0.713889 0.284896 0.715741 0.278646 0.709259 0.272917 0.705556 0.271875 0.695370 0.271875
0 0.746296 0.259896 0.743519 0.267708 0.750926 0.272396 0.767593 0.274479 0.777778 0.271875 0.772222 0.263021 0.763889 0.257292 0.754630 0.256771
0 0.932407 0.333854 0.920370 0.331771 0.912037 0.332813 0.902778 0.337500 0.900926 0.340625 0.901852 0.344271 0.912037 0.347396 0.921296 0.347396 0.927778 0.345833 0.934259 0.341146 0.935185 0.337500