0 0.405556 0.767188 0.405093 0.772656 0.406019 0.775000 0.409259 0.777083 0.412963 0.778125 0.425463 0.776302 0.434722 0.771615 0.434722 0.767448 0.425463 0.765365 0.412500 0.764323 0.407870 0.765625
0 0.320370 0.881771 0.316667 0.880729 0.313889 0.880729 0.305093 0.882292 0.298611 0.886719 0.297222 0.889844 0.297222 0.892969 0.302315 0.895052 0.307870 0.895312 0.315741 0.894531 0.320370 0.892969 0.325463 0.888802 0.324537 0.884635
0 0.288889 0.879687 0.280556 0.879427 0.274074 0.881771 0.270370 0.884635 0.269444 0.888802 0.271296 0.891667 0.274074 0.893229 0.281944 0.894010 0.291204 0.891927 0.295833 0.890104 0.297222 0.888281 0.297685 0.884375 0.293519 0.881250
0 0.270833 0.871615 0.268056 0.871094 0.256019 0.871615 0.253704 0.872135 0.247222 0.875781 0.246296 0.876823 0.247222 0.881510 0.248611 0.883073 0.253704 0.885677 0.266667 0.885677 0.272222 0.883854 0.275926 0.879948 0.277315 0.876563
0 0.231944 0.873437 0.227315 0.875781 0.223611 0.880208 0.224074 0.885156 0.227778 0.888021 0.232870 0.890104 0.238426 0.891146 0.246759 0.890625 0.250000 0.888802 0.250000 0.884635 0.246296 0.879427 0.242593 0.875781 0.239815 0.874219
0 0.195370 0.861458 0.190741 0.860417 0.181481 0.862760 0.172685 0.867969 0.168056 0.872917 0.169907 0.875521 0.172685 0.877083 0.183796 0.879167 0.189352 0.878385 0.192130 0.877344 0.196296 0.873698 0.197685 0.869792 0.197685 0.863802
0 0.142593 0.868750 0.138889 0.872135 0.138889 0.873958 0.141667 0.877604 0.149074 0.882812 0.155093 0.883854 0.157870 0.883594 0.162500 0.881510 0.168056 0.877344 0.167593 0.873698 0.166204 0.871615 0.163426 0.870052 0.156481 0.867969 0.148611 0.867448
0 0.161574 0.850000 0.158796 0.852604 0.159259 0.857292 0.162037 0.860938 0.168519 0.864323 0.176852 0.864323 0.181019 0.861979 0.186111 0.857552 0.186574 0.852604 0.183796 0.850781 0.177778 0.849219 0.168056 0.848958
0 0.352315 0.875521 0.340741 0.873177 0.337037 0.871875 0.330556 0.872656 0.325926 0.873958 0.324074 0.875260 0.321296 0.880990 0.324074 0.884375 0.327778 0.885938 0.335185 0.886719 0.341204 0.886198 0.345833 0.885156 0.351852 0.881510 0.353241 0.878385 0.353241 0.876302
0 0.358796 0.859635 0.350000 0.859375 0.344444 0.861198 0.343056 0.862240 0.340741 0.867708 0.340741 0.870573 0.342593 0.873177 0.351852 0.874740 0.359722 0.873698 0.363426 0.872135 0.366204 0.869271 0.366667 0.865104 0.364352 0.862240
0 0.376852 0.854688 0.371296 0.855729 0.367130 0.857552 0.364815 0.861979 0.367130 0.866406 0.370370 0.868750 0.375926 0.870573 0.381481 0.870573 0.385185 0.869792 0.387500 0.868229 0.388889 0.865625 0.388426 0.859635 0.385185 0.855990 0.380093 0.854688
0 0.385648 0.869531 0.371296 0.870313 0.367593 0.872917 0.366667 0.875781 0.367593 0.878906 0.371296 0.882292 0.375926 0.883854 0.379630 0.884115 0.384722 0.883073 0.392593 0.879167 0.394444 0.877344 0.392593 0.872656
0 0.412963 0.861458 0.410185 0.864583 0.410185 0.869792 0.412963 0.873177 0.416204 0.875000 0.419444 0.876042 0.428241 0.875781 0.437963 0.872396 0.439352 0.869531 0.437963 0.865365 0.434722 0.863542 0.427315 0.861719 0.421759 0.861198
0 0.447685 0.861198 0.445833 0.866406 0.440741 0.869010 0.440741 0.873437 0.443519 0.880990 0.447685 0.885156 0.455093 0.885677 0.463426 0.881250 0.464815 0.876563 0.462037 0.872396 0.450926 0.866146
0 0.482870 0.855990 0.475463 0.856250 0.471296 0.857292 0.468519 0.858854 0.466667 0.865365 0.468981 0.869271 0.474074 0.870313 0.482870 0.870313 0.488426 0.867708 0.491204 0.865365 0.491667 0.860938 0.488889 0.858594
0 0.496296 0.848437 0.490278 0.850521 0.485648 0.853385 0.486111 0.857552 0.491204 0.859635 0.494444 0.863021 0.498148 0.864323 0.503241 0.867448 0.510648 0.866927 0.512037 0.865885 0.515741 0.865365 0.513426 0.863281 0.512500 0.857292 0.509722 0.855469 0.507407 0.852344 0.504630 0.850781
0 0.516667 0.864583 0.509722 0.866406 0.507407 0.867708 0.505093 0.873177 0.507407 0.876563 0.516667 0.880990 0.525000 0.880990 0.529167 0.878906 0.531019 0.877083 0.532407 0.873698 0.531481 0.870052 0.530093 0.867969 0.527315 0.866406
0 0.501389 0.873698 0.496759 0.872396 0.488889 0.871615 0.481481 0.874740 0.478241 0.879687 0.477315 0.883854 0.477778 0.886458 0.480093 0.888281 0.482870 0.888802 0.489815 0.887760 0.499537 0.884115 0.503241 0.882031 0.505093 0.880208 0.505556 0.876823
0 0.570833 0.866146 0.567130 0.869010 0.567593 0.873698 0.572222 0.878646 0.575463 0.880990 0.585648 0.884115 0.593519 0.883854 0.595833 0.881510 0.597685 0.877083 0.596759 0.872917 0.593519 0.868750 0.589815 0.866927 0.580556 0.864323
0 0.544444 0.851823 0.540741 0.853125 0.530093 0.859115 0.528704 0.860417 0.528704 0.862240 0.531019 0.864844 0.537500 0.863802 0.543981 0.864062 0.551852 0.869010 0.553241 0.869010 0.558333 0.867188 0.559722 0.865885 0.559722 0.860677 0.558333 0.857292 0.552315 0.852604
0 0.592593 0.850000 0.587037 0.851042 0.582870 0.853385 0.582407 0.861458 0.584259 0.864323 0.586574 0.865625 0.594444 0.866667 0.600926 0.864844 0.604167 0.862240 0.604630 0.857292 0.601389 0.852083 0.597685 0.850521
0 0.607407 0.861719 0.603704 0.862760 0.598148 0.865885 0.596759 0.867969 0.596759 0.870052 0.601852 0.877083 0.607407 0.880208 0.612037 0.879687 0.614815 0.877604 0.619907 0.869792 0.619907 0.867188 0.617593 0.864062 0.614815 0.863021
0 0.634722 0.854427 0.624537 0.857292 0.624537 0.861719 0.623148 0.865625 0.625463 0.869010 0.628241 0.870833 0.636111 0.871615 0.643981 0.869271 0.646759 0.860938 0.643981 0.857031
0 0.648148 0.859635 0.645370 0.861979 0.644444 0.864062 0.644444 0.869531 0.647685 0.872396 0.653704 0.874479 0.663426 0.875260 0.668981 0.874219 0.671759 0.872396 0.674074 0.869531 0.673148 0.865365 0.671296 0.863281 0.660648 0.859635
0 0.688426 0.875000 0.681944 0.875781 0.678704 0.877083 0.675926 0.879687 0.675463 0.882552 0.675926 0.884896 0.678704 0.888542 0.683796 0.891406 0.691204 0.892448 0.698148 0.891406 0.705093 0.888802 0.709259 0.885156 0.709259 0.880990 0.697685 0.876042 0.692130 0.875000
0 0.659722 0.889062 0.653241 0.887240 0.647222 0.886719 0.642593 0.887760 0.637963 0.890104 0.636111 0.892448 0.635185 0.896354 0.635648 0.901042 0.637500 0.902604 0.642593 0.903125 0.656019 0.898698 0.660648 0.896354 0.662963 0.892448
0 0.767593 0.850781 0.759722 0.850781 0.755556 0.852344 0.746296 0.857292 0.744444 0.860417 0.746296 0.865365 0.753241 0.869271 0.759722 0.870833 0.767593 0.869531 0.770370 0.867708 0.772685 0.864583 0.773148 0.857031 0.770833 0.852604
0 0.711574 0.856250 0.704630 0.859896 0.703241 0.865365 0.709259 0.869271 0.717593 0.871354 0.725926 0.870573 0.728704 0.869010 0.731481 0.865365 0.731019 0.860938 0.729630 0.859375 0.724537 0.856510 0.719444 0.855729
0 0.671759 0.852865 0.668981 0.857812 0.673611 0.861458 0.688889 0.863802 0.694907 0.863802 0.698148 0.863281 0.700000 0.861458 0.700000 0.856771 0.697222 0.853125 0.691204 0.850260 0.683333 0.849479 0.675463 0.851042
0 0.669907 0.834635 0.665741 0.837500 0.665741 0.839323 0.667593 0.842708 0.672685 0.846615 0.678704 0.848437 0.685648 0.848698 0.691204 0.848177 0.695833 0.842187 0.695833 0.837500 0.691667 0.834635 0.685648 0.833333 0.675926 0.833073
0 0.644907 0.844531 0.640278 0.849219 0.640741 0.851562 0.643519 0.854688 0.646296 0.856250 0.653704 0.858073 0.663426 0.858073 0.669444 0.853646 0.670370 0.849479 0.668056 0.846615 0.663426 0.844010 0.656481 0.842708
0 0.636574 0.841927 0.627778 0.840625 0.611111 0.846615 0.609722 0.850000 0.612963 0.854427 0.615741 0.856250 0.620370 0.857292 0.626852 0.856771 0.633333 0.854688 0.637037 0.852604 0.640741 0.845052 0.639352 0.843229
0 0.626389 0.836719 0.621759 0.834115 0.614352 0.833594 0.607407 0.832292 0.593519 0.833594 0.590278 0.837500 0.592130 0.842708 0.594444 0.844271 0.600000 0.845573 0.612963 0.845573 0.618519 0.844531 0.625463 0.841927 0.626852 0.839323
0 0.568981 0.840625 0.565741 0.842187 0.563426 0.845573 0.562963 0.849740 0.567593 0.853646 0.572222 0.854948 0.580093 0.854688 0.583333 0.853125 0.585648 0.850260 0.584722 0.845833 0.583333 0.844271 0.575926 0.840885 0.573148 0.840104
0 0.563889 0.835938 0.550463 0.835677 0.544444 0.836458 0.538889 0.838542 0.537500 0.840365 0.537963 0.845833 0.543519 0.850260 0.544907 0.850781 0.552315 0.850521 0.561574 0.846615 0.565278 0.841927 0.565741 0.837240
0 0.524074 0.842969 0.514352 0.845573 0.511574 0.847135 0.509259 0.849740 0.511111 0.854167 0.517130 0.857552 0.525463 0.858854 0.531481 0.857292 0.536574 0.854688 0.540278 0.849479 0.536574 0.845833
0 0.142593 0.103385 0.138426 0.107031 0.137500 0.111458 0.140278 0.114583 0.143981 0.116667 0.149074 0.118490 0.156481 0.119010 0.162963 0.115365 0.162500 0.111979 0.159722 0.107552 0.154630 0.103125 0.149074 0.102344
0 0.163889 0.105469 0.162037 0.107292 0.163426 0.111979 0.164815 0.113802 0.170370 0.116927 0.175463 0.117708 0.183796 0.117708 0.185648 0.116927 0.187037 0.114062 0.187037 0.110937 0.182870 0.107292 0.170833 0.104427
0 0.205093 0.102083 0.200463 0.102604 0.198611 0.103385 0.196296 0.107292 0.195833 0.114844 0.193981 0.119531 0.197685 0.122135 0.205093 0.120573 0.212037 0.116927 0.216667 0.111719 0.216667 0.107292 0.210648 0.103385
0 0.223611 0.110937 0.222222 0.111979 0.221296 0.115365 0.230093 0.120833 0.238426 0.122917 0.242130 0.122656 0.245370 0.121354 0.247222 0.118750 0.246296 0.114844 0.243056 0.111198 0.239815 0.109896 0.232870 0.108854
0 0.259259 0.110937 0.260185 0.112760 0.268056 0.114062 0.274074 0.117708 0.281481 0.117969 0.288426 0.115885 0.292130 0.111458 0.288889 0.107292 0.281481 0.105729 0.272685 0.105729 0.265278 0.107292
0 0.306944 0.087760 0.303704 0.091927 0.304167 0.095833 0.307407 0.099479 0.314815 0.101562 0.318519 0.101302 0.322685 0.100000 0.328241 0.095833 0.329167 0.091667 0.315278 0.087760
0 0.406019 0.088021 0.401389 0.090625 0.399074 0.093229 0.398148 0.095833 0.400463 0.099479 0.406019 0.102344 0.410648 0.103646 0.417130 0.104427 0.423611 0.103906 0.425000 0.102344 0.425463 0.099479 0.419907 0.090625 0.413889 0.087500
0 0.463889 0.101562 0.455556 0.100260 0.447222 0.100521 0.440741 0.102865 0.438426 0.106250 0.438889 0.109635 0.441204 0.112500 0.446759 0.115885 0.455093 0.116146 0.460648 0.112760 0.466204 0.107292 0.466667 0.103385
0 0.480556 0.115625 0.475463 0.116667 0.472685 0.119010 0.471759 0.123958 0.473148 0.127604 0.476852 0.132292 0.480093 0.133854 0.484259 0.134375 0.489352 0.133333 0.492593 0.130990 0.496296 0.123698 0.495833 0.118750 0.493056 0.116927 0.488426 0.115885
0 0.503241 0.120052 0.497685 0.122135 0.494444 0.127083 0.497222 0.131250 0.499537 0.132552 0.502315 0.133333 0.510648 0.132812 0.513889 0.130729 0.515741 0.127604 0.514815 0.123177 0.510648 0.120573
0 0.499074 0.107292 0.497222 0.110937 0.497222 0.116406 0.500000 0.119010 0.516667 0.120833 0.523148 0.119010 0.525000 0.116667 0.525000 0.114583 0.522222 0.111198 0.518056 0.108594 0.510648 0.106250 0.503241 0.105990
0 0.559722 0.124479 0.553241 0.123698 0.545370 0.124219 0.538889 0.125781 0.535648 0.127344 0.534259 0.130208 0.534722 0.132552 0.536574 0.135156 0.540741 0.137760 0.543981 0.138802 0.552315 0.138802 0.559259 0.136198 0.563889 0.131510 0.563426 0.126823
0 0.585185 0.154167 0.587037 0.161979 0.590741 0.167969 0.594444 0.169531 0.601389 0.169792 0.606481 0.168490 0.609259 0.166667 0.612500 0.162240 0.610185 0.157292 0.600926 0.153646 0.592130 0.153125
0 0.629167 0.150521 0.621296 0.151302 0.618056 0.154427 0.617593 0.162500 0.619444 0.166146 0.621296 0.167708 0.628704 0.167708 0.635185 0.164062 0.639815 0.158854 0.638889 0.153646 0.636111 0.152083
0 0.634259 0.166146 0.630556 0.167708 0.629630 0.169010 0.631019 0.177083 0.636111 0.179688 0.643519 0.179688 0.650926 0.177083 0.654167 0.174219 0.653241 0.169792 0.649537 0.167187 0.645370 0.165885 0.638426 0.165625
0 0.679167 0.156510 0.672222 0.154688 0.668519 0.154688 0.660648 0.156250 0.653704 0.159375 0.651852 0.161979 0.653241 0.164323 0.658796 0.167969 0.662037 0.169010 0.677315 0.168490 0.681019 0.165625 0.681944 0.163021 0.681481 0.158854
0 0.685648 0.143490 0.683796 0.143229 0.677778 0.144531 0.671296 0.148438 0.670370 0.150000 0.670833 0.153906 0.676852 0.156510 0.684259 0.157031 0.691204 0.155469 0.693519 0.153906 0.693981 0.150260 0.689815 0.145052
0 0.663426 0.169531 0.656944 0.173437 0.658796 0.177604 0.667593 0.182031 0.669907 0.186198 0.677315 0.185938 0.680556 0.178646 0.680556 0.172917 0.679630 0.171354 0.675926 0.169271 0.667130 0.169010
0 0.663426 0.179688 0.656019 0.179427 0.647685 0.180729 0.644907 0.181771 0.644444 0.185938 0.646759 0.189323 0.650000 0.190885 0.655093 0.192188 0.657870 0.192188 0.663426 0.191146 0.666204 0.189583 0.668981 0.186198 0.668981 0.183594 0.668056 0.181510
0 0.635185 0.178646 0.627315 0.177865 0.621759 0.179167 0.618519 0.181250 0.615741 0.185677 0.615741 0.190885 0.618056 0.193229 0.622222 0.193750 0.628704 0.192708 0.639352 0.187500 0.640741 0.185677 0.638889 0.181771
0 0.597222 0.191146 0.592593 0.193229 0.590741 0.197656 0.592130 0.201823 0.597685 0.205208 0.600463 0.205729 0.607870 0.205208 0.613426 0.201302 0.614352 0.197135 0.612963 0.194531 0.608333 0.191146 0.602778 0.190625
0 0.572685 0.190885 0.567130 0.193229 0.564352 0.195312 0.563426 0.197656 0.564815 0.204167 0.567130 0.205990 0.571296 0.207031 0.580093 0.207292 0.585185 0.205208 0.586111 0.202344 0.585648 0.196875 0.583333 0.194010 0.580093 0.191927
0 0.566667 0.178125 0.557870 0.178906 0.553704 0.181510 0.551389 0.185156 0.551852 0.189323 0.558796 0.193229 0.566204 0.192969 0.571759 0.190104 0.574074 0.187500 0.574537 0.184635 0.573148 0.181250 0.569907 0.178906
0 0.579630 0.170573 0.574537 0.173437 0.571296 0.177344 0.573611 0.182552 0.576389 0.183854 0.587037 0.184375 0.593056 0.181250 0.594444 0.178646 0.593981 0.175260 0.591667 0.172396 0.587500 0.170313
0 0.562500 0.158073 0.556944 0.157812 0.551852 0.158333 0.548611 0.159375 0.545370 0.161458 0.543056 0.166406 0.544444 0.169792 0.548148 0.172135 0.553241 0.172917 0.559722 0.172917 0.564352 0.170573 0.566667 0.166667 0.566667 0.160938 0.565741 0.159375
0 0.535648 0.154167 0.532407 0.153646 0.526852 0.154167 0.524074 0.155208 0.520833 0.158333 0.518981 0.166146 0.520833 0.169010 0.523611 0.170573 0.531481 0.170573 0.540741 0.165885 0.543056 0.162240 0.542130 0.158073 0.539352 0.155729
0 0.543519 0.172396 0.534722 0.172396 0.531944 0.173177 0.529630 0.175000 0.527778 0.178385 0.527315 0.182031 0.528704 0.186458 0.531019 0.188021 0.538889 0.187760 0.543056 0.186719 0.547685 0.184375 0.550000 0.181771 0.550000 0.176823 0.549074 0.175260
0 0.537037 0.193750 0.533796 0.196094 0.533333 0.203385 0.535185 0.209115 0.538426 0.211719 0.546296 0.212240 0.549537 0.211458 0.553241 0.209375 0.553241 0.204167 0.550463 0.199479 0.545833 0.195312 0.539815 0.193750
0 0.510185 0.205729 0.503241 0.207031 0.501389 0.209635 0.500926 0.213802 0.503241 0.219271 0.505556 0.220312 0.511111 0.221094 0.517593 0.220052 0.521759 0.218490 0.523611 0.216146 0.523611 0.211979 0.521759 0.209375 0.519907 0.208333
0 0.498148 0.186979 0.492130 0.187500 0.487037 0.188802 0.482407 0.191146 0.480093 0.193229 0.481019 0.197396 0.484259 0.199219 0.489352 0.200781 0.496759 0.201042 0.499537 0.200521 0.504167 0.198437 0.505556 0.196875 0.506481 0.194010 0.505556 0.191406 0.502778 0.188802
0 0.518519 0.171875 0.509722 0.171615 0.503704 0.173958 0.500000 0.180990 0.500926 0.184115 0.502778 0.185417 0.512037 0.185677 0.519907 0.184115 0.523611 0.182292 0.525000 0.177604
0 0.455093 0.142448 0.452778 0.143490 0.450463 0.146094 0.449537 0.148958 0.450463 0.152604 0.456944 0.156771 0.461574 0.158333 0.468519 0.157552 0.470833 0.154948 0.471759 0.149479 0.468981 0.145313 0.463426 0.142448
0 0.426852 0.129948 0.424074 0.134115 0.423611 0.139844 0.424537 0.142708 0.426389 0.144531 0.431019 0.146615 0.434722 0.147135 0.441667 0.146354 0.444907 0.145052 0.446296 0.143229 0.446759 0.138281 0.444907 0.135156 0.434259 0.129427
0 0.417130 0.113542 0.411111 0.115625 0.408796 0.119271 0.424537 0.128906 0.428241 0.129427 0.433333 0.128385 0.435648 0.126562 0.437037 0.123698 0.436111 0.118229 0.433796 0.115104 0.431944 0.113802 0.427778 0.112760
0 0.344907 0.102344 0.341667 0.103646 0.338426 0.107292 0.337963 0.112500 0.340278 0.115885 0.342593 0.117188 0.351852 0.118229 0.356944 0.116927 0.359259 0.115104 0.360648 0.111979 0.359722 0.107552 0.357870 0.105208 0.354630 0.103125 0.350926 0.102083
0 0.328241 0.123958 0.325926 0.126302 0.326389 0.128646 0.328241 0.130729 0.336111 0.134115 0.346296 0.134375 0.350463 0.133854 0.355556 0.130990 0.356481 0.126562 0.355093 0.124219 0.351852 0.121615 0.344907 0.119792 0.337037 0.120052
0 0.366667 0.124740 0.363426 0.126823 0.363426 0.130990 0.370833 0.134896 0.375926 0.136719 0.385648 0.137240 0.387037 0.135156 0.393981 0.130990 0.392593 0.126042 0.385648 0.123177 0.376852 0.123177
0 0.211574 0.132812 0.210185 0.134896 0.209722 0.139063 0.213889 0.143490 0.217593 0.145573 0.225926 0.146094 0.230556 0.144792 0.233333 0.142708 0.233796 0.138021 0.231481 0.134896 0.225926 0.132031 0.217130 0.131250
0 0.253704 0.115365 0.251852 0.116406 0.250000 0.119010 0.250926 0.122917 0.254167 0.126562 0.258333 0.128906 0.261111 0.129688 0.267593 0.130208 0.274074 0.129427 0.279167 0.127083 0.280093 0.122396 0.275000 0.117448 0.270370 0.114844 0.260185 0.113281
0 0.165278 0.122135 0.165278 0.124219 0.168519 0.126562 0.183333 0.130729 0.191667 0.130208 0.194907 0.127083 0.194907 0.122917 0.193519 0.121354 0.190278 0.119271 0.184259 0.117188 0.172685 0.117448
0 0.116667 0.119010 0.113889 0.122135 0.113889 0.124740 0.115278 0.127865 0.118056 0.130469 0.127778 0.134375 0.136574 0.134635 0.138426 0.134115 0.141204 0.131250 0.140741 0.127083 0.136111 0.120573 0.133333 0.119010 0.128704 0.117708 0.121296 0.117708
0 0.173148 0.143229 0.170833 0.142448 0.165741 0.142708 0.156019 0.145573 0.150000 0.146354 0.150463 0.150260 0.156019 0.154427 0.162963 0.155729 0.170833 0.155729 0.175463 0.153906 0.177778 0.151302 0.177778 0.148177 0.176852 0.145833
0 0.191667 0.141146 0.189815 0.142969 0.189815 0.146615 0.196759 0.150521 0.204167 0.153125 0.212037 0.152865 0.214815 0.151302 0.217130 0.146094 0.209722 0.139844 0.205556 0.138802 0.197685 0.138802
0 0.247222 0.146615 0.237500 0.147656 0.233796 0.148958 0.231481 0.151042 0.230556 0.153646 0.231481 0.158073 0.234259 0.160677 0.239352 0.162760 0.248148 0.162240 0.250926 0.160417 0.251852 0.156771 0.253704 0.154167 0.254167 0.150260 0.251389 0.147656
0 0.256019 0.152083 0.253241 0.153125 0.250463 0.158073 0.251389 0.161719 0.257870 0.165885 0.260185 0.166406 0.267130 0.166406 0.273148 0.162240 0.273611 0.157552 0.271759 0.154427 0.267593 0.152083 0.260648 0.151562
0 0.288426 0.159115 0.283333 0.158594 0.277778 0.158854 0.273611 0.159896 0.270370 0.161979 0.267593 0.166406 0.271759 0.171354 0.274074 0.172656 0.281481 0.172917 0.287037 0.169531 0.292130 0.167448 0.293056 0.166406 0.292593 0.161719
0 0.297222 0.167969 0.288426 0.167969 0.278704 0.174219 0.278704 0.178125 0.282870 0.182031 0.287963 0.183594 0.295370 0.183333 0.300463 0.181510 0.303241 0.178385 0.303241 0.172135 0.300926 0.169271
0 0.305556 0.151823 0.301389 0.154167 0.300926 0.162240 0.303241 0.164583 0.307407 0.166667 0.316667 0.166406 0.320370 0.164844 0.323611 0.162240 0.324074 0.157292 0.322685 0.154427 0.316204 0.151823
0 0.350926 0.148958 0.334722 0.149479 0.330093 0.150521 0.325463 0.153646 0.325000 0.155469 0.326389 0.159896 0.327778 0.161458 0.331944 0.163542 0.335648 0.164323 0.342130 0.163542 0.348148 0.161458 0.352315 0.158854 0.354630 0.155208 0.354630 0.153385 0.353241 0.150781
0 0.329630 0.132812 0.319907 0.135677 0.318519 0.139323 0.319907 0.143229 0.322685 0.146094 0.329167 0.147917 0.337037 0.147135 0.339352 0.145833 0.342130 0.142969 0.342130 0.139583 0.340741 0.136979 0.336574 0.134375
0 0.309259 0.122917 0.302315 0.123698 0.296296 0.126823 0.295370 0.132031 0.297222 0.134375 0.301852 0.136719 0.311111 0.136979 0.315741 0.136198 0.318519 0.134896 0.318981 0.130469 0.315278 0.125781
0 0.285185 0.133854 0.281019 0.134896 0.278241 0.138542 0.280093 0.144792 0.283796 0.149479 0.289815 0.153125 0.295833 0.153906 0.300463 0.151823 0.303241 0.147396 0.302778 0.142187 0.299074 0.135937 0.295370 0.134115 0.290741 0.133594
0 0.260185 0.133073 0.257870 0.134375 0.255093 0.138281 0.254630 0.143229 0.256944 0.147135 0.259722 0.148438 0.267593 0.148698 0.272685 0.146615 0.275000 0.142708 0.273148 0.137500 0.270833 0.134896 0.268519 0.133854
0 0.225926 0.166146 0.222685 0.169531 0.225000 0.174479 0.232407 0.179427 0.239815 0.180990 0.248148 0.176302 0.249074 0.173698 0.247222 0.170052 0.239815 0.166667 0.233796 0.165365
0 0.244907 0.178385 0.242130 0.179948 0.240741 0.182292 0.241667 0.185677 0.246296 0.189583 0.252778 0.190625 0.260185 0.190104 0.266667 0.187500 0.268519 0.185677 0.268981 0.180990 0.264352 0.177604 0.261574 0.176823 0.252315 0.176563
0 0.219444 0.183333 0.212963 0.183594 0.206481 0.184635 0.203241 0.185938 0.202315 0.187240 0.201852 0.193750 0.211111 0.198177 0.218981 0.198437 0.225000 0.196094 0.229167 0.193490 0.229630 0.188802 0.226852 0.185417
0 0.213889 0.168750 0.211111 0.168229 0.200926 0.171615 0.198148 0.173698 0.193519 0.180729 0.193519 0.182812 0.195833 0.185156 0.204630 0.185156 0.216204 0.183073 0.221759 0.180208 0.223611 0.177865 0.223148 0.173698 0.218981 0.170833
0 0.215741 0.158073 0.210648 0.156771 0.204167 0.156250 0.189352 0.158854 0.184259 0.161979 0.184259 0.166146 0.189352 0.169531 0.197685 0.171875 0.206944 0.170313 0.212037 0.167708 0.216204 0.162500
0 0.158796 0.160938 0.157407 0.161979 0.158796 0.166406 0.162963 0.172396 0.165741 0.174740 0.170370 0.176823 0.177778 0.176823 0.184722 0.173958 0.186574 0.169792 0.180556 0.164323 0.170370 0.160677 0.162500 0.159896
0 0.177315 0.189583 0.173611 0.190625 0.170833 0.193229 0.170370 0.198177 0.171759 0.201042 0.175926 0.203385 0.184259 0.204427 0.190741 0.203125 0.195370 0.200781 0.197685 0.198177 0.197222 0.193490 0.194444 0.191927 0.187500 0.189844 0.184259 0.189323
0 0.328704 0.167187 0.326389 0.169271 0.326389 0.173958 0.330093 0.178125 0.336111 0.179427 0.343981 0.179167 0.352315 0.175000 0.353241 0.173958 0.353241 0.169792 0.349537 0.167448 0.345370 0.166406 0.338426 0.165885
0 0.351389 0.176563 0.344907 0.180208 0.344444 0.186198 0.347685 0.188542 0.354167 0.190104 0.358796 0.190365 0.367593 0.187500 0.368519 0.186198 0.367593 0.181510 0.365278 0.179167 0.358796 0.176302
0 0.342130 0.186458 0.337500 0.185417 0.329630 0.185938 0.323611 0.189062 0.321296 0.192188 0.321296 0.194271 0.324537 0.197396 0.328704 0.198437 0.338889 0.198437 0.345833 0.196354 0.347685 0.194010 0.347222 0.190885 0.345833 0.188802
0 0.226389 0.216667 0.221759 0.220312 0.221296 0.224740 0.224537 0.227604 0.231944 0.229948 0.240278 0.229948 0.243519 0.228906 0.247222 0.225260 0.247222 0.220573 0.241667 0.216927 0.236574 0.215885 0.231481 0.215625
0 0.204630 0.226562 0.202778 0.228646 0.201852 0.231771 0.202315 0.236458 0.207407 0.237500 0.223611 0.236458 0.226389 0.232813 0.225463 0.228906 0.223611 0.227604 0.213889 0.225781 0.209259 0.225781
0 0.366667 0.177604 0.370370 0.185677 0.375000 0.191146 0.379167 0.194010 0.385648 0.195312 0.393056 0.194271 0.398148 0.192188 0.400463 0.189062 0.398611 0.185417 0.392593 0.182552 0.387037 0.181771 0.377778 0.177083 0.370833 0.176302
0 0.378241 0.160938 0.376389 0.162760 0.375463 0.165885 0.376389 0.170573 0.379630 0.176563 0.385648 0.179948 0.392593 0.176042 0.397222 0.170313 0.396759 0.164062 0.395370 0.162500 0.385648 0.160677
0 0.385185 0.147135 0.381481 0.150521 0.379630 0.153646 0.380093 0.158073 0.382407 0.159375 0.388426 0.160677 0.391667 0.162240 0.400463 0.161979 0.404630 0.160677 0.406481 0.159375 0.406481 0.157031 0.405093 0.154427 0.401852 0.151562 0.396759 0.148438 0.393056 0.147396
0 0.391667 0.131510 0.387963 0.133594 0.385185 0.138281 0.388889 0.146615 0.396759 0.146875 0.406019 0.145313 0.410648 0.141667 0.411574 0.138281 0.410185 0.136719 0.404167 0.132812 0.400463 0.131771
0 0.372222 0.141406 0.367130 0.142708 0.362963 0.146354 0.364352 0.154167 0.367593 0.156250 0.371296 0.157552 0.376852 0.157031 0.378704 0.156250 0.380093 0.151562 0.384722 0.146615 0.383796 0.144531 0.381481 0.142708 0.378704 0.141927
0 0.363889 0.155208 0.356481 0.158333 0.354167 0.161719 0.355093 0.164062 0.357407 0.166406 0.360648 0.167969 0.363426 0.168490 0.372222 0.167969 0.374537 0.166667 0.375926 0.164323 0.375926 0.157812 0.372685 0.155990
0 0.430093 0.175000 0.428241 0.177604 0.429167 0.181510 0.433796 0.184635 0.440741 0.186458 0.446296 0.186719 0.453241 0.186198 0.459259 0.184635 0.460648 0.182552 0.459259 0.179167 0.457870 0.177604 0.450926 0.173958 0.440278 0.172135 0.434722 0.172917
0 0.455093 0.187500 0.450926 0.192969 0.450926 0.197917 0.451852 0.200000 0.454630 0.202083 0.462500 0.203125 0.467593 0.201823 0.471296 0.199740 0.474074 0.196875 0.474537 0.193229 0.472222 0.190885 0.468519 0.188802 0.462037 0.186719
0 0.441667 0.189844 0.432870 0.189844 0.428704 0.191146 0.425926 0.192969 0.424074 0.197135 0.424074 0.201823 0.426852 0.205208 0.434259 0.206250 0.441204 0.204427 0.444907 0.202344 0.449537 0.197656 0.448611 0.193229 0.444444 0.190625
0 0.411574 0.186979 0.407407 0.188021 0.403704 0.190104 0.401389 0.193229 0.401389 0.197656 0.402778 0.199740 0.405556 0.201563 0.413889 0.202865 0.420370 0.201302 0.422222 0.198177 0.422685 0.193229 0.420370 0.189323 0.415741 0.187240
0 0.413426 0.211198 0.406944 0.212500 0.400926 0.216667 0.400926 0.221875 0.402315 0.224219 0.406481 0.226302 0.412037 0.226823 0.415278 0.226562 0.420370 0.224479 0.422685 0.221354 0.423148 0.217969 0.420833 0.213542 0.418981 0.212500
0 0.380556 0.203385 0.370833 0.202344 0.365278 0.203125 0.363889 0.203906 0.362037 0.208854 0.359259 0.212240 0.359259 0.214323 0.360648 0.216146 0.364815 0.216927 0.369907 0.215625 0.381481 0.214062 0.385185 0.208854 0.383333 0.205469
0 0.353704 0.190885 0.352778 0.194271 0.354630 0.198437 0.364352 0.202604 0.371759 0.202344 0.379167 0.203125 0.382407 0.201563 0.380556 0.195573 0.371759 0.187760 0.364352 0.188021 0.361574 0.189062 0.356019 0.189844
0 0.346759 0.200260 0.343056 0.201302 0.339352 0.204687 0.340741 0.208594 0.345833 0.214583 0.348611 0.215365 0.354630 0.215104 0.357870 0.214323 0.358333 0.213021 0.362963 0.209115 0.362963 0.203646 0.359722 0.201302 0.356944 0.200521 0.352315 0.200000
0 0.329167 0.204427 0.323611 0.205990 0.319907 0.208854 0.319907 0.213542 0.322685 0.216927 0.329630 0.219792 0.336111 0.219531 0.344907 0.216927 0.345833 0.212500 0.342130 0.208073 0.339352 0.206250
0 0.353241 0.216667 0.348148 0.216406 0.343519 0.216927 0.336111 0.219010 0.332407 0.220833 0.331944 0.225000 0.336574 0.228906 0.340278 0.229948 0.345833 0.230208 0.348611 0.229687 0.352315 0.227604 0.353704 0.225781
0 0.370833 0.214844 0.365741 0.216667 0.364815 0.219010 0.364815 0.221875 0.367130 0.226042 0.377315 0.232031 0.380556 0.232292 0.383796 0.231771 0.385648 0.230469 0.385648 0.228646 0.388889 0.224740 0.387500 0.219010 0.383333 0.215365 0.380093 0.214323
0 0.295370 0.226302 0.292130 0.228385 0.293056 0.232552 0.294907 0.234635 0.297685 0.236458 0.304167 0.239063 0.307870 0.239844 0.312500 0.239323 0.314815 0.238021 0.316667 0.233333 0.314815 0.228125 0.309259 0.225260 0.300926 0.225000
0 0.865278 0.091927 0.855556 0.092708 0.851389 0.095052 0.850000 0.096875 0.849074 0.100260 0.850463 0.103646 0.853704 0.105729 0.856944 0.106771 0.865278 0.105990 0.868981 0.103906 0.871759 0.100521 0.871296 0.095312
0 0.774537 0.128125 0.770370 0.130208 0.769444 0.131510 0.768981 0.135677 0.770370 0.138021 0.774074 0.141667 0.781019 0.145313 0.788426 0.145313 0.792593 0.142448 0.795370 0.138281 0.796296 0.134635 0.794907 0.130729 0.791667 0.128646 0.788426 0.127604 0.781019 0.127344
0 0.788426 0.187500 0.781019 0.187760 0.777778 0.189844 0.775000 0.193750 0.773611 0.197135 0.774537 0.201042 0.781019 0.204687 0.788889 0.204427 0.792593 0.203125 0.796759 0.200781 0.800000 0.197396 0.799074 0.192708 0.794444 0.189844
0 0.769907 0.167969 0.768519 0.167448 0.757870 0.167448 0.750463 0.168229 0.746759 0.169271 0.742593 0.173698 0.743519 0.177604 0.745370 0.179167 0.752315 0.181510 0.758796 0.181250 0.762037 0.180469 0.766667 0.177865 0.770370 0.173958 0.771759 0.169792
0 0.709722 0.160156 0.704630 0.160938 0.699537 0.163802 0.698148 0.166406 0.698148 0.170573 0.701389 0.173958 0.704630 0.175000 0.712037 0.175260 0.716667 0.173958 0.720833 0.170313 0.721296 0.165625 0.718519 0.161458 0.712963 0.160156
0 0.169444 0.267448 0.164352 0.265885 0.156019 0.265104 0.148148 0.265104 0.143056 0.266146 0.140278 0.267708 0.139352 0.272396 0.140741 0.275781 0.143981 0.279167 0.147685 0.280208 0.150926 0.280208 0.156481 0.278646 0.167130 0.271615
0 0.231944 0.271094 0.230556 0.273698 0.230556 0.277865 0.232407 0.283333 0.237963 0.284635 0.240741 0.284635 0.249537 0.282813 0.253241 0.279427 0.251389 0.275000 0.244907 0.271354 0.240741 0.270573
0 0.279630 0.249479 0.275000 0.248698 0.268981 0.249219 0.262963 0.252604 0.261574 0.255729 0.261574 0.259896 0.263426 0.263542 0.267130 0.265625 0.275463 0.265625 0.285185 0.260156 0.286574 0.256510 0.284259 0.251563
0 0.294907 0.252865 0.288426 0.255990 0.286111 0.260417 0.289352 0.263281 0.292130 0.264323 0.301389 0.265365 0.303704 0.265104 0.307870 0.262760 0.308796 0.260677 0.308333 0.255208 0.304630 0.252865
0 0.322685 0.247656 0.315741 0.248698 0.310648 0.251042 0.308333 0.255990 0.311111 0.261198 0.315741 0.263021 0.323611 0.264583 0.327778 0.263281 0.331019 0.260417 0.332407 0.256250 0.332407 0.251042 0.330093 0.248958
0 0.350000 0.247917 0.343056 0.251823 0.341667 0.255208 0.342130 0.257812 0.343519 0.259375 0.350463 0.262500 0.359259 0.262500 0.363889 0.260677 0.366204 0.257812 0.366667 0.255208 0.365278 0.252083 0.357870 0.247917
0 0.370833 0.228906 0.362963 0.228125 0.356481 0.228906 0.352315 0.230729 0.350463 0.236979 0.352778 0.240365 0.356944 0.241146 0.368056 0.241146 0.372222 0.239844 0.376389 0.236719 0.375000 0.232031
0 0.347222 0.233854 0.342593 0.232813 0.334722 0.232552 0.329630 0.232813 0.324537 0.234635 0.321759 0.236198 0.321296 0.240625 0.325000 0.244531 0.329630 0.246875 0.337500 0.246875 0.339815 0.246094 0.347222 0.240625 0.348611 0.237240 0.348611 0.235417
0 0.385648 0.232031 0.381019 0.233854 0.370833 0.240104 0.372222 0.244792 0.378241 0.247917 0.384722 0.248698 0.391667 0.246354 0.393519 0.244531 0.394444 0.241667 0.393519 0.236198 0.390278 0.235156
0 0.398611 0.223958 0.391667 0.224740 0.388889 0.225781 0.386574 0.227865 0.386574 0.232552 0.391667 0.236198 0.399537 0.237500 0.404630 0.236198 0.407407 0.234635 0.408796 0.232813 0.408796 0.227865 0.406481 0.225521
0 0.419444 0.227865 0.414815 0.232031 0.414815 0.241146 0.417130 0.242969 0.419444 0.243490 0.427778 0.242969 0.432870 0.241406 0.436574 0.239323 0.438889 0.236458 0.437037 0.232031 0.430093 0.228385 0.427778 0.227865
0 0.447222 0.227344 0.443519 0.228125 0.440741 0.232292 0.441667 0.236719 0.448148 0.241406 0.455093 0.243229 0.462037 0.240365 0.466204 0.236458 0.465278 0.232031 0.462500 0.229427 0.458796 0.227865
0 0.440278 0.204687 0.433796 0.208333 0.432870 0.212500 0.433796 0.214583 0.437037 0.216927 0.440741 0.218229 0.446759 0.219010 0.450000 0.218750 0.455093 0.216146 0.457407 0.212760 0.457870 0.208854 0.455093 0.206510 0.448611 0.204948
0 0.461111 0.209896 0.458333 0.211198 0.455093 0.216406 0.455556 0.221094 0.457407 0.223177 0.461574 0.225000 0.468981 0.225000 0.472685 0.223698 0.476389 0.221094 0.476389 0.216406 0.470370 0.212240 0.468981 0.210417
0 0.482407 0.235156 0.476389 0.234115 0.471296 0.234635 0.456944 0.242188 0.455093 0.244010 0.455093 0.248177 0.460185 0.251302 0.464352 0.252344 0.470833 0.252604 0.475463 0.251563 0.480093 0.248177 0.481481 0.244792 0.481944 0.239844 0.483796 0.236458
0 0.490741 0.225260 0.482870 0.221615 0.475463 0.222135 0.469907 0.224479 0.466667 0.227865 0.467130 0.232552 0.468519 0.234115 0.476852 0.233854 0.483796 0.234635 0.492130 0.232813 0.492130 0.227083
0 0.478704 0.212760 0.477315 0.215365 0.477778 0.218229 0.479167 0.219792 0.485185 0.223177 0.488889 0.224479 0.496759 0.223958 0.502315 0.221094 0.502315 0.216146 0.499074 0.213281 0.489815 0.211458
0 0.502778 0.222135 0.493519 0.224479 0.492130 0.228906 0.493981 0.232813 0.498611 0.235156 0.504167 0.236198 0.510648 0.234896 0.514815 0.230208 0.515741 0.227865 0.514352 0.224479 0.512963 0.223438 0.510648 0.222656
0 0.524537 0.226302 0.516667 0.228125 0.512500 0.232292 0.511574 0.235937 0.514815 0.241406 0.516667 0.242448 0.521759 0.243490 0.525463 0.243490 0.530556 0.241406 0.536111 0.232552 0.532407 0.229427
0 0.552315 0.230729 0.544907 0.230469 0.535648 0.234115 0.533796 0.236719 0.533333 0.240365 0.538889 0.244531 0.545833 0.245573 0.551389 0.244792 0.555556 0.242969 0.558796 0.236198 0.556944 0.232552
0 0.504167 0.236198 0.496296 0.235937 0.487963 0.237500 0.484722 0.239844 0.484722 0.244531 0.487037 0.247396 0.489815 0.249219 0.495370 0.250260 0.499074 0.250000 0.512500 0.244271 0.512963 0.239583 0.509722 0.237500
0 0.504167 0.248177 0.502315 0.252865 0.503704 0.255990 0.510185 0.257812 0.521759 0.258333 0.525000 0.258073 0.530556 0.255990 0.531944 0.251823 0.523148 0.247135 0.518056 0.245833 0.509722 0.245573
0 0.481944 0.249219 0.479167 0.250000 0.476389 0.251823 0.475463 0.254167 0.475926 0.261198 0.480093 0.265625 0.482407 0.266406 0.489815 0.266406 0.495370 0.262760 0.497222 0.259896 0.498148 0.255208 0.495833 0.252083 0.489815 0.249219
0 0.473148 0.270052 0.471296 0.272135 0.470370 0.275781 0.473148 0.278646 0.477778 0.281250 0.481944 0.282292 0.488426 0.282813 0.496759 0.281771 0.498611 0.279687 0.497685 0.275000 0.486111 0.267708 0.482407 0.266406
0 0.454630 0.261979 0.450000 0.264062 0.446759 0.267188 0.447222 0.271875 0.454167 0.275000 0.462500 0.275260 0.466667 0.274479 0.468519 0.273698 0.470370 0.271615 0.469907 0.267448 0.466667 0.263542 0.462500 0.261719
0 0.448611 0.273177 0.440741 0.273698 0.437500 0.275260 0.434722 0.279167 0.434722 0.283594 0.440741 0.286719 0.448148 0.286979 0.455093 0.285417 0.458333 0.283333 0.458333 0.280469 0.456944 0.277604 0.452315 0.274479
0 0.477315 0.285417 0.467593 0.285677 0.464815 0.286979 0.460648 0.290885 0.461574 0.295573 0.468056 0.298177 0.477778 0.297917 0.483796 0.296354 0.486574 0.294531 0.487037 0.290625 0.486111 0.289583 0.480556 0.286458
0 0.384722 0.252604 0.378704 0.253906 0.375926 0.255729 0.375000 0.262760 0.376389 0.265365 0.379167 0.267188 0.382407 0.268229 0.386111 0.268490 0.392593 0.266927 0.398611 0.263542 0.400000 0.259635 0.396296 0.255729 0.392593 0.253906
0 0.361111 0.263802 0.357870 0.265104 0.356944 0.267188 0.356481 0.272917 0.357870 0.276302 0.359259 0.277865 0.362500 0.279427 0.367130 0.279687 0.372222 0.279167 0.376389 0.277344 0.378241 0.275521 0.377778 0.269792 0.375000 0.267188 0.365278 0.263542
0 0.343981 0.259635 0.336574 0.260417 0.332407 0.263021 0.329167 0.269531 0.329630 0.276042 0.331481 0.277083 0.337500 0.277604 0.342593 0.276562 0.348611 0.273698 0.353241 0.267969 0.352778 0.263542 0.348611 0.260937
0 0.304167 0.266146 0.302315 0.268229 0.301852 0.272135 0.308796 0.275521 0.315278 0.277083 0.322222 0.277604 0.325926 0.277344 0.329167 0.276302 0.329630 0.269531 0.326852 0.265885 0.321759 0.264323 0.315278 0.263542 0.308333 0.264323
0 0.287037 0.279167 0.281944 0.281250 0.280556 0.283073 0.281944 0.286719 0.287963 0.290625 0.293981 0.292187 0.295833 0.292187 0.303704 0.289583 0.307407 0.284375 0.306481 0.281250 0.303704 0.279687 0.300000 0.278906
0 0.259722 0.292448 0.256944 0.295052 0.256481 0.299740 0.260185 0.303906 0.265278 0.305208 0.274537 0.305990 0.281481 0.305469 0.286574 0.302865 0.287037 0.298438 0.284259 0.296094 0.268981 0.291667 0.263426 0.291667
0 0.224537 0.291406 0.221759 0.295052 0.221296 0.298438 0.221759 0.301042 0.223611 0.302865 0.230093 0.303906 0.238889 0.303646 0.246759 0.301823 0.251852 0.299219 0.251389 0.294792 0.243056 0.290885 0.237963 0.289844 0.231019 0.289583
0 0.225463 0.303646 0.219444 0.302344 0.210648 0.302604 0.207407 0.304167 0.206019 0.305990 0.206481 0.314063 0.207870 0.316406 0.209722 0.317448 0.212037 0.317969 0.226389 0.314323 0.228704 0.313021 0.230556 0.310677 0.229630 0.306510
0 0.241667 0.304688 0.238426 0.309896 0.239352 0.313021 0.241667 0.314063 0.258796 0.316146 0.261574 0.316146 0.267130 0.314583 0.266667 0.309115 0.259722 0.304167 0.255093 0.303125 0.245833 0.302865
0 0.278704 0.305990 0.276852 0.308073 0.276389 0.311458 0.277315 0.314063 0.279167 0.315365 0.283333 0.316667 0.294444 0.318490 0.299074 0.317969 0.301389 0.316667 0.303241 0.314323 0.302315 0.308854 0.300463 0.306510 0.288426 0.304167 0.281944 0.304948
0 0.306481 0.306771 0.303704 0.310677 0.306944 0.316146 0.312963 0.317708 0.324074 0.318229 0.327778 0.316667 0.329630 0.314583 0.330556 0.310937 0.329167 0.309635 0.316204 0.306771 0.309259 0.305990
0 0.326852 0.290885 0.317593 0.290885 0.312963 0.293490 0.310648 0.297917 0.310648 0.303385 0.315741 0.305990 0.322222 0.305990 0.326389 0.304948 0.330093 0.303385 0.334722 0.299479 0.334259 0.294792 0.330093 0.291927
0 0.314352 0.290885 0.309722 0.289844 0.301852 0.289844 0.293519 0.292969 0.287963 0.298438 0.287963 0.303646 0.290741 0.304688 0.302315 0.305729 0.304630 0.304948 0.308796 0.302344 0.309722 0.298438 0.312963 0.295052
0 0.371296 0.287240 0.364352 0.286719 0.356944 0.288542 0.355093 0.290885 0.355093 0.295573 0.357870 0.300781 0.364815 0.301823 0.373148 0.299219 0.378241 0.295833 0.378704 0.290885 0.375000 0.288542
0 0.332870 0.302344 0.333796 0.307812 0.336574 0.309635 0.339815 0.310677 0.351389 0.312240 0.358333 0.308854 0.359259 0.307031 0.358796 0.303125 0.355556 0.300781 0.348611 0.300000 0.337963 0.300000
0 0.348611 0.311198 0.345370 0.310677 0.334722 0.310937 0.331944 0.311458 0.330093 0.312760 0.328704 0.318490 0.331019 0.319792 0.333333 0.323698 0.336574 0.325521 0.340741 0.324740 0.344907 0.322917 0.350000 0.317448 0.351389 0.313542
0 0.301852 0.317188 0.299537 0.319271 0.299074 0.323698 0.299537 0.326042 0.305556 0.333073 0.308796 0.334375 0.316204 0.334115 0.321759 0.326562 0.322222 0.321875 0.321296 0.320052 0.318981 0.318490 0.309722 0.316406
0 0.283333 0.327344 0.281019 0.328646 0.278704 0.333333 0.280556 0.336198 0.287500 0.339844 0.295370 0.339844 0.300000 0.338021 0.302315 0.334375 0.301852 0.329688 0.300463 0.328125 0.295370 0.326823 0.286111 0.326823
0 0.260185 0.317708 0.257407 0.322396 0.260648 0.329948 0.267130 0.333073 0.274537 0.332813 0.278241 0.330729 0.283333 0.325000 0.283333 0.318229 0.280556 0.317188 0.273611 0.316406 0.266204 0.316406
0 0.255556 0.322135 0.246296 0.321615 0.239352 0.322656 0.232870 0.326042 0.231481 0.330208 0.235648 0.332552 0.240741 0.334115 0.247685 0.334115 0.256481 0.332292 0.259259 0.330469 0.259259 0.325521
0 0.239352 0.335938 0.237963 0.337500 0.237500 0.341927 0.241667 0.344271 0.251852 0.345573 0.261574 0.345573 0.264815 0.344531 0.266667 0.342969 0.266667 0.339323 0.264815 0.336458 0.254630 0.333073 0.246296 0.333854
0 0.271759 0.341406 0.267593 0.342187 0.262963 0.345573 0.261574 0.350000 0.262963 0.353125 0.266204 0.355208 0.272222 0.356510 0.276852 0.356510 0.281019 0.355729 0.283333 0.354167 0.285648 0.350781 0.285648 0.348177 0.284259 0.345573 0.280093 0.342969 0.276852 0.341667
0 0.312500 0.340885 0.301389 0.339323 0.294444 0.340104 0.290278 0.341927 0.287500 0.345052 0.287500 0.349740 0.293981 0.354427 0.296296 0.354948 0.302315 0.354948 0.306481 0.352604 0.309722 0.348438 0.311574 0.343490 0.313426 0.341927
0 0.343981 0.332552 0.336111 0.331771 0.330093 0.332813 0.328241 0.333854 0.321296 0.341667 0.323148 0.344531 0.325926 0.346094 0.329167 0.346875 0.337963 0.347135 0.344907 0.345573 0.346759 0.344531 0.348611 0.342448 0.349074 0.337500 0.346759 0.334115
0 0.349537 0.343490 0.345833 0.345833 0.345833 0.350000 0.349537 0.353906 0.357407 0.357812 0.364352 0.356771 0.367593 0.351302 0.367130 0.345833 0.363889 0.343750 0.361574 0.343229 0.353241 0.342969
0 0.322222 0.347917 0.312500 0.349479 0.310648 0.351302 0.310185 0.354167 0.314815 0.360156 0.316667 0.360938 0.323148 0.361719 0.328704 0.360677 0.331481 0.359375 0.332870 0.357552 0.333333 0.352344 0.330093 0.349740 0.326389 0.348438
0 0.298148 0.355990 0.295833 0.355208 0.287037 0.354948 0.281481 0.356250 0.278704 0.357552 0.276389 0.360417 0.275463 0.365104 0.278241 0.369271 0.280093 0.369792 0.288889 0.369792 0.296759 0.366667 0.300926 0.361719 0.300000 0.357812
0 0.264352 0.358854 0.260648 0.358333 0.253241 0.358854 0.247222 0.361719 0.243981 0.364844 0.243519 0.369271 0.247222 0.371615 0.254167 0.373177 0.263426 0.371875 0.267130 0.370052 0.268981 0.367969 0.269907 0.364844 0.267593 0.360417
0 0.239352 0.345573 0.236574 0.346875 0.234722 0.348958 0.233333 0.352865 0.234722 0.357292 0.238889 0.358594 0.247222 0.358854 0.250463 0.357812 0.256481 0.353646 0.256019 0.350260 0.249074 0.346354
0 0.204630 0.355208 0.199537 0.357552 0.196759 0.360417 0.194907 0.364323 0.195370 0.367188 0.198611 0.369792 0.203241 0.371094 0.212037 0.370833 0.216204 0.369531 0.217593 0.367969 0.218519 0.365104 0.217130 0.361458 0.211111 0.356250
0 0.231481 0.372656 0.225463 0.373437 0.221759 0.376563 0.221759 0.381510 0.225926 0.385937 0.233333 0.386979 0.240278 0.385677 0.244444 0.383333 0.246296 0.379948 0.245370 0.376823 0.242130 0.374740 0.236574 0.373177
0 0.260185 0.372396 0.254630 0.373698 0.251852 0.375260 0.250000 0.377865 0.249074 0.381510 0.250463 0.383073 0.256944 0.386198 0.259722 0.386979 0.267130 0.386719 0.269907 0.385156 0.272222 0.382552 0.272685 0.376823 0.270370 0.374479 0.267593 0.373177
0 0.302315 0.368229 0.300463 0.369271 0.299074 0.373698 0.300000 0.376563 0.302778 0.379167 0.307407 0.380469 0.310648 0.380469 0.316204 0.379688 0.321296 0.377083 0.323148 0.372917 0.320833 0.370052 0.318519 0.368750 0.310648 0.367188 0.307407 0.367188
0 0.332407 0.363021 0.329630 0.364844 0.331019 0.369271 0.337500 0.373698 0.343519 0.376042 0.350926 0.376302 0.355556 0.373958 0.357407 0.369010 0.356019 0.365365 0.353241 0.363802 0.345833 0.361979 0.337037 0.361979
0 0.411111 0.352083 0.406481 0.351042 0.398148 0.351823 0.394444 0.353385 0.390741 0.357552 0.392593 0.362500 0.395370 0.364323 0.399074 0.365104 0.409259 0.364583 0.412963 0.363802 0.416204 0.361458 0.417593 0.357292 0.414815 0.353906
0 0.391204 0.365625 0.385185 0.367188 0.382870 0.368750 0.381019 0.372396 0.381481 0.374740 0.385185 0.378906 0.392130 0.381250 0.399537 0.381771 0.402778 0.380990 0.406944 0.377344 0.406019 0.372917 0.400000 0.366667 0.394907 0.365625
0 0.376852 0.373177 0.372685 0.372135 0.364352 0.372396 0.360185 0.374479 0.358333 0.376563 0.357870 0.381250 0.359722 0.383594 0.362963 0.385417 0.368056 0.385677 0.373148 0.385156 0.377778 0.383594 0.382407 0.380729 0.382407 0.376563
0 0.379167 0.383333 0.377315 0.384896 0.376852 0.389583 0.378704 0.392708 0.384722 0.395313 0.392593 0.394531 0.400463 0.392448 0.402315 0.391146 0.403704 0.388802 0.403241 0.387500 0.399537 0.383594 0.393056 0.381510 0.384259 0.381510
0 0.385648 0.395573 0.378241 0.394271 0.369907 0.395573 0.366667 0.397135 0.365278 0.399219 0.365741 0.404167 0.371296 0.409375 0.378704 0.409635 0.387037 0.404167 0.387500 0.398438
0 0.346296 0.388542 0.341204 0.392188 0.341667 0.397135 0.343519 0.399219 0.348611 0.400781 0.358333 0.401302 0.362500 0.400260 0.366667 0.396875 0.365741 0.392448 0.362500 0.389583 0.358333 0.387760
0 0.322685 0.385937 0.316667 0.388802 0.313889 0.392448 0.317130 0.396875 0.323148 0.400781 0.328704 0.402083 0.337037 0.402083 0.340741 0.400521 0.340741 0.396094 0.338889 0.392188 0.335648 0.388802 0.330093 0.385677
0 0.299537 0.391927 0.294444 0.396354 0.295370 0.400781 0.298148 0.403906 0.304630 0.406510 0.311111 0.406771 0.318519 0.405990 0.320833 0.403646 0.320833 0.400000 0.315278 0.394531 0.309722 0.391927 0.300926 0.391406
0 0.280093 0.382552 0.277315 0.383333 0.274537 0.385417 0.273611 0.389062 0.275000 0.392708 0.278704 0.396354 0.281944 0.397656 0.288889 0.397917 0.292130 0.397396 0.293981 0.396615 0.298148 0.392708 0.298148 0.388281 0.294907 0.384896 0.289352 0.382552
0 0.237963 0.386458 0.229167 0.388021 0.226852 0.389583 0.225000 0.392708 0.228704 0.398958 0.232407 0.400521 0.240278 0.401302 0.246759 0.399740 0.250926 0.396615 0.252315 0.392448 0.245833 0.387760 0.241204 0.386458
0 0.197222 0.396094 0.200463 0.399479 0.203241 0.400521 0.211574 0.401823 0.225926 0.400521 0.227315 0.399479 0.228241 0.396875 0.224537 0.390885 0.220370 0.389323 0.211111 0.389583 0.204630 0.391146 0.200926 0.392708
0 0.241204 0.413542 0.232407 0.413281 0.227778 0.415885 0.226389 0.421354 0.226852 0.427865 0.229167 0.429427 0.231944 0.430208 0.239352 0.428385 0.248148 0.423177 0.250463 0.420573 0.249537 0.416667 0.244907 0.414323
0 0.243519 0.407552 0.245370 0.413542 0.248148 0.415365 0.252778 0.416406 0.268519 0.415625 0.273148 0.414583 0.276389 0.412760 0.275926 0.410417 0.273611 0.408594 0.260648 0.404948 0.252315 0.404167 0.246296 0.405469
0 0.282407 0.405208 0.278241 0.408333 0.276852 0.411719 0.279630 0.414844 0.285648 0.416667 0.293519 0.417708 0.302315 0.418229 0.306019 0.416667 0.304630 0.412240 0.296296 0.405208 0.288889 0.403906
0 0.350926 0.402604 0.342593 0.402083 0.334259 0.403125 0.326389 0.405729 0.325000 0.407813 0.325000 0.412240 0.327315 0.415885 0.330093 0.417708 0.337037 0.418229 0.342593 0.415885 0.351389 0.407292 0.352315 0.403646
0 0.294907 0.417969 0.289815 0.418750 0.285648 0.420833 0.283796 0.423438 0.283796 0.427865 0.289815 0.432031 0.295833 0.432812 0.300000 0.432292 0.306944 0.429948 0.309722 0.427604 0.311111 0.422917 0.310185 0.421615 0.304167 0.419010
0 0.305556 0.432552 0.301852 0.435417 0.304630 0.441406 0.313426 0.444010 0.323148 0.444010 0.326852 0.440365 0.325926 0.435677 0.323148 0.432292 0.320833 0.431510 0.313889 0.430990
0 0.306019 0.444010 0.301852 0.443229 0.297222 0.443490 0.294907 0.444271 0.292130 0.452083 0.290278 0.454688 0.290278 0.457031 0.291667 0.459115 0.306019 0.458073 0.310648 0.456510 0.312500 0.450781 0.308796 0.445573
0 0.288889 0.436979 0.278241 0.438281 0.272685 0.440365 0.269907 0.442708 0.270370 0.447656 0.273148 0.452344 0.281019 0.456510 0.288426 0.456510 0.292593 0.450781 0.294907 0.443750 0.293981 0.439323
0 0.284259 0.428125 0.274537 0.426302 0.265278 0.427344 0.262037 0.429167 0.260185 0.431510 0.259259 0.434115 0.260185 0.438542 0.264352 0.440625 0.268056 0.441406 0.279630 0.438281 0.288426 0.437240 0.289815 0.435937 0.289352 0.431771
0 0.215278 0.437240 0.213426 0.438802 0.213426 0.440625 0.214815 0.443490 0.217593 0.445573 0.222685 0.448177 0.225926 0.448698 0.232407 0.451042 0.239815 0.451302 0.239815 0.442708 0.233796 0.436198 0.231019 0.435156 0.224074 0.434896
0 0.188889 0.419792 0.186574 0.423958 0.189352 0.426823 0.198611 0.430729 0.204630 0.434115 0.212037 0.434635 0.214352 0.431250 0.214815 0.427083 0.210185 0.419792 0.205556 0.417448 0.197685 0.417448
0 0.169907 0.430469 0.165278 0.431250 0.162963 0.432292 0.161111 0.434896 0.161111 0.438021 0.162500 0.441927 0.165741 0.445833 0.169907 0.448698 0.177315 0.447917 0.182407 0.443750 0.184722 0.440104 0.184722 0.434896 0.180556 0.431771 0.176389 0.430729
0 0.204630 0.437760 0.200926 0.439323 0.195833 0.446615 0.196296 0.451042 0.197685 0.453125 0.201389 0.454948 0.212963 0.456250 0.218981 0.454948 0.221759 0.451302 0.221296 0.449740 0.213889 0.442448 0.212037 0.439063 0.208796 0.438021
0 0.186111 0.458854 0.185185 0.463021 0.191204 0.466146 0.195370 0.467187 0.200926 0.467448 0.206481 0.466927 0.211574 0.464583 0.212963 0.463021 0.212500 0.458073 0.209722 0.455990 0.207407 0.455469 0.194444 0.455469 0.190741 0.456250
0 0.232407 0.457552 0.230556 0.458333 0.227778 0.462760 0.227315 0.466927 0.229630 0.470313 0.233796 0.472396 0.239352 0.473698 0.246759 0.472917 0.251389 0.470573 0.252778 0.467969 0.252778 0.465885 0.250000 0.461198 0.248148 0.460156 0.241204 0.458333
0 0.267593 0.459635 0.261574 0.462760 0.262037 0.467708 0.266667 0.470313 0.273611 0.471875 0.280556 0.470833 0.284722 0.467448 0.282407 0.461458 0.275463 0.459375
0 0.263889 0.445312 0.258333 0.445573 0.252315 0.448177 0.248148 0.451042 0.248148 0.455208 0.249537 0.457292 0.252315 0.459375 0.259259 0.461458 0.261574 0.461458 0.267130 0.459896 0.272222 0.455469 0.272222 0.450781 0.267593 0.446094
0 0.302315 0.464323 0.294444 0.464844 0.287500 0.466667 0.281019 0.470833 0.278241 0.471615 0.276852 0.475000 0.280556 0.478125 0.285185 0.479687 0.289815 0.480208 0.295370 0.479687 0.300926 0.477344 0.303704 0.474740 0.304630 0.471094 0.304167 0.466667
0 0.314352 0.451823 0.312500 0.452865 0.311574 0.454948 0.311574 0.459635 0.312963 0.462760 0.317130 0.467187 0.320833 0.468750 0.323611 0.469010 0.329167 0.466667 0.332407 0.463021 0.333796 0.459896 0.332870 0.454427 0.331481 0.452604 0.328704 0.451562 0.319444 0.451302
0 0.349537 0.440625 0.344907 0.439323 0.336574 0.439844 0.333333 0.441146 0.328241 0.444271 0.326389 0.446354 0.326389 0.448177 0.328241 0.450260 0.334259 0.451823 0.344444 0.451823 0.347685 0.451042 0.349537 0.450000 0.351389 0.447396 0.351852 0.442969
0 0.357407 0.427604 0.351852 0.430729 0.349537 0.434635 0.349537 0.439583 0.354630 0.443490 0.364815 0.444531 0.367593 0.443229 0.369907 0.439844 0.368981 0.431250 0.363889 0.428906
0 0.394444 0.430469 0.391667 0.429167 0.386111 0.427865 0.375926 0.429167 0.373611 0.430208 0.368519 0.435156 0.369907 0.439583 0.371759 0.440625 0.377315 0.441667 0.386111 0.441667 0.390278 0.440625 0.393519 0.438542 0.395370 0.435937 0.395370 0.431510
0 0.378241 0.414583 0.371296 0.415365 0.366204 0.419792 0.365278 0.423958 0.368981 0.426302 0.378704 0.428646 0.383796 0.427344 0.387037 0.425521 0.387963 0.424219 0.387963 0.419531 0.382870 0.415625
0 0.353704 0.406510 0.350926 0.407552 0.345833 0.411719 0.346759 0.416146 0.350463 0.419271 0.356019 0.422135 0.364815 0.424219 0.367130 0.419792 0.370370 0.416406 0.371759 0.411719 0.369444 0.408073 0.364815 0.406250
0 0.390278 0.404167 0.387037 0.405990 0.386574 0.408854 0.390741 0.416406 0.394444 0.420052 0.399074 0.422396 0.404167 0.421615 0.406481 0.420833 0.411111 0.413021 0.410185 0.408073 0.406481 0.406250 0.399537 0.404167
0 0.413889 0.422656 0.405556 0.422135 0.399074 0.424740 0.396759 0.427604 0.396296 0.431771 0.397685 0.435677 0.399537 0.436719 0.406481 0.437240 0.414352 0.434635 0.420370 0.431771 0.422222 0.428906 0.421759 0.426563 0.418981 0.424479
0 0.230093 0.482292 0.232407 0.486458 0.240741 0.492188 0.245833 0.493490 0.252778 0.493490 0.258796 0.491146 0.261574 0.485677 0.259722 0.482292 0.257407 0.481510 0.247685 0.479948 0.239352 0.479948 0.232870 0.480990
0 0.169444 0.476562 0.165278 0.477865 0.162037 0.480469 0.161111 0.482031 0.162037 0.486719 0.168056 0.489323 0.174074 0.490104 0.177778 0.490104 0.185648 0.487760 0.187963 0.486458 0.189352 0.483594 0.189352 0.482031 0.187500 0.480208 0.182407 0.477604 0.178704 0.476562
0 0.175000 0.490885 0.171759 0.493750 0.172222 0.498437 0.175926 0.503125 0.178704 0.504948 0.182407 0.505990 0.189815 0.505729 0.198148 0.502344 0.200463 0.497917 0.196296 0.494010 0.191204 0.491927 0.184722 0.490365 0.176852 0.490365
0 0.214352 0.494010 0.213426 0.496094 0.213889 0.498698 0.218056 0.501302 0.225463 0.503906 0.231944 0.504948 0.235185 0.504687 0.240278 0.503385 0.243519 0.501042 0.244907 0.498437 0.244444 0.494531 0.238889 0.491927 0.224537 0.491667
0 0.261111 0.497917 0.259722 0.503385 0.260648 0.505208 0.262963 0.505990 0.272222 0.506250 0.284259 0.505729 0.288889 0.504948 0.292130 0.502083 0.290278 0.499479 0.286574 0.497396 0.275463 0.493229 0.266204 0.494010
0 0.274074 0.485938 0.274074 0.486719 0.277315 0.487500 0.278704 0.490885 0.281944 0.494010 0.287037 0.496354 0.292130 0.497396 0.295833 0.497656 0.302315 0.496615 0.308796 0.490625 0.306944 0.486719 0.297685 0.484115 0.287500 0.484115 0.281481 0.485938
0 0.315741 0.479687 0.309259 0.482292 0.306944 0.486458 0.310185 0.490104 0.318056 0.493750 0.321759 0.494531 0.327315 0.494010 0.330093 0.492969 0.335185 0.487500 0.335648 0.485938 0.330093 0.482292 0.324074 0.480208
0 0.346296 0.488281 0.336574 0.486979 0.331019 0.489844 0.326389 0.494010 0.326389 0.498437 0.329630 0.503385 0.339352 0.503385 0.343981 0.501823 0.348611 0.498958 0.350463 0.493229 0.349537 0.490365
0 0.371296 0.460417 0.368056 0.462240 0.366667 0.465104 0.366667 0.467448 0.370370 0.471615 0.377778 0.473958 0.385648 0.473698 0.389352 0.472917 0.393519 0.467187 0.389815 0.463021 0.379630 0.460156
0 0.395370 0.457031 0.393981 0.458594 0.393981 0.463802 0.396759 0.466146 0.403241 0.467708 0.407407 0.467969 0.415741 0.466146 0.418056 0.464844 0.419444 0.463281 0.419907 0.458854 0.413889 0.455990 0.408796 0.455208 0.399074 0.455469
0 0.381019 0.444792 0.379167 0.447656 0.381944 0.451042 0.392130 0.453906 0.402315 0.453906 0.407407 0.451562 0.409259 0.449479 0.409722 0.446615 0.407870 0.443490 0.405093 0.441667 0.401389 0.440885 0.391667 0.440885 0.384259 0.442969
0 0.434259 0.443750 0.425000 0.443490 0.419907 0.444792 0.415741 0.447917 0.412963 0.455208 0.419444 0.457031 0.427315 0.457031 0.433796 0.455990 0.437500 0.454688 0.441667 0.451042 0.439352 0.446615
0 0.440741 0.424740 0.434259 0.427083 0.427315 0.431250 0.427315 0.435677 0.432407 0.438542 0.439352 0.440104 0.447685 0.439583 0.452315 0.435677 0.453241 0.427604 0.449537 0.425260
0 0.437500 0.415885 0.436574 0.420833 0.439352 0.423177 0.450463 0.423698 0.461111 0.423177 0.462500 0.422656 0.463889 0.420052 0.462963 0.415885 0.456019 0.413021 0.450000 0.412240 0.444444 0.412500 0.440741 0.413281
0 0.455556 0.390885 0.447685 0.391406 0.444444 0.392188 0.440741 0.394792 0.437963 0.400000 0.438426 0.404427 0.442130 0.406510 0.447685 0.408073 0.455093 0.407552 0.458333 0.405208 0.461111 0.401562 0.462500 0.396875 0.462037 0.395052 0.459722 0.392448
0 0.438889 0.388542 0.433796 0.387760 0.423611 0.390885 0.419444 0.392969 0.417130 0.396615 0.421296 0.401302 0.426852 0.403125 0.435185 0.402865 0.438426 0.401562 0.442593 0.392708 0.441667 0.390625
0 0.416204 0.373437 0.415741 0.377604 0.416667 0.379688 0.418981 0.381510 0.422685 0.382292 0.428241 0.382552 0.435648 0.381250 0.444444 0.378906 0.448148 0.377083 0.441204 0.372396 0.434259 0.370312 0.427315 0.369531 0.418981 0.371094
0 0.432870 0.359375 0.425926 0.358594 0.420833 0.359375 0.414815 0.361458 0.412500 0.365365 0.414352 0.367448 0.418981 0.370312 0.431019 0.369531 0.435648 0.367708 0.437500 0.364844
0 0.448148 0.348438 0.440278 0.348177 0.436111 0.348698 0.431019 0.351042 0.429167 0.353125 0.430556 0.357812 0.436111 0.363281 0.440278 0.365625 0.440741 0.367188 0.443056 0.365104 0.450000 0.363021 0.454167 0.356771 0.454630 0.353125
0 0.461574 0.354427 0.458796 0.355208 0.454630 0.358073 0.453704 0.361719 0.456944 0.365365 0.462500 0.367188 0.469444 0.367448 0.475926 0.365365 0.478241 0.361719 0.475926 0.357031 0.469907 0.354167
0 0.473611 0.375521 0.468981 0.374479 0.459722 0.375260 0.454630 0.376823 0.451389 0.380469 0.452315 0.385677 0.455093 0.387240 0.461111 0.388542 0.468056 0.388021 0.471296 0.386979 0.476852 0.383333 0.478241 0.381250 0.477315 0.378125
0 0.482407 0.374740 0.478704 0.376823 0.478704 0.381250 0.481944 0.384115 0.488889 0.386979 0.495370 0.386979 0.501389 0.384635 0.502778 0.381510 0.502315 0.377604 0.499074 0.374479 0.494444 0.373437 0.488426 0.373437
0 0.477778 0.395313 0.473611 0.397656 0.471296 0.400000 0.472685 0.404948 0.475926 0.407292 0.481481 0.408073 0.489352 0.407552 0.494907 0.406250 0.498611 0.404427 0.500463 0.400260 0.496759 0.396615 0.493981 0.395052 0.490741 0.394010 0.482407 0.394010
0 0.468519 0.410156 0.465741 0.411719 0.465278 0.413281 0.465741 0.422135 0.464815 0.423958 0.473148 0.425521 0.477315 0.425521 0.481944 0.424219 0.487500 0.420052 0.487500 0.415885 0.486111 0.414062 0.475926 0.409896
0 0.497222 0.408854 0.494444 0.409635 0.488889 0.413542 0.487963 0.415365 0.488889 0.420052 0.496296 0.422656 0.504630 0.422656 0.509259 0.420052 0.510648 0.416406 0.507870 0.411198 0.504167 0.408854
0 0.496296 0.423177 0.493056 0.424479 0.490741 0.427083 0.491667 0.431771 0.496296 0.435156 0.503704 0.435937 0.507407 0.434635 0.512037 0.431771 0.513426 0.427083 0.511574 0.425000 0.507407 0.423438 0.504630 0.422917
0 0.503704 0.447135 0.496759 0.442969 0.492593 0.442448 0.485185 0.442969 0.478704 0.446094 0.476852 0.448958 0.474074 0.451042 0.472685 0.455208 0.475463 0.457552 0.495833 0.455469 0.500000 0.454167 0.504167 0.451562
0 0.459722 0.450260 0.454630 0.450781 0.446296 0.453385 0.443056 0.455208 0.441204 0.458854 0.442130 0.460938 0.445370 0.463281 0.450463 0.465365 0.454630 0.466146 0.458333 0.465625 0.465278 0.461979 0.468519 0.456250 0.468519 0.453906 0.466667 0.451042
0 0.425926 0.460938 0.423611 0.462240 0.421296 0.465885 0.421759 0.469010 0.424537 0.473177 0.426852 0.474219 0.433333 0.475260 0.444444 0.473177 0.446759 0.470833 0.445370 0.464583 0.437963 0.461458 0.428704 0.460677
0 0.405093 0.470052 0.399074 0.471875 0.395370 0.474479 0.395833 0.478646 0.399537 0.483073 0.401852 0.484375 0.404630 0.484896 0.413889 0.484635 0.418981 0.482552 0.421296 0.478385 0.419444 0.474479 0.417130 0.472135 0.413426 0.470313
0 0.385185 0.473958 0.382407 0.475260 0.377315 0.479427 0.376389 0.481771 0.377315 0.487240 0.379167 0.490365 0.382407 0.491927 0.384722 0.492448 0.392593 0.492188 0.397685 0.490365 0.400463 0.488542 0.401389 0.486979 0.400926 0.483854 0.396759 0.479167 0.394907 0.475260 0.392593 0.473958
0 0.371296 0.478385 0.364352 0.479948 0.360185 0.482292 0.355556 0.486458 0.354167 0.490625 0.355556 0.492188 0.363426 0.495833 0.371759 0.496615 0.377315 0.494271 0.378241 0.491406 0.379630 0.490625 0.378704 0.486719 0.379167 0.482031 0.376389 0.479427
0 0.368981 0.134635 0.364815 0.132292 0.358796 0.131250 0.355556 0.131510 0.350463 0.133073 0.347222 0.135156 0.345370 0.140365 0.340741 0.146615 0.351389 0.147656 0.363889 0.143750 0.367130 0.141927 0.368981 0.139583
0 0.204630 0.704688 0.197685 0.702344 0.190278 0.702604 0.181481 0.704948 0.176389 0.708854 0.176389 0.713021 0.179167 0.715885 0.183796 0.718229 0.191204 0.718490 0.201852 0.714844 0.206481 0.711719 0.208333 0.709115
0 0.193519 0.675000 0.190741 0.674219 0.182407 0.674219 0.175926 0.675000 0.166667 0.677865 0.161574 0.681510 0.163426 0.685937 0.169907 0.690104 0.177778 0.690885 0.182407 0.689583 0.189352 0.685677 0.194444 0.681510 0.196296 0.677604
0 0.187963 0.630729 0.181481 0.627344 0.178704 0.626823 0.170833 0.627344 0.164815 0.629427 0.162500 0.630729 0.160648 0.633854 0.157407 0.634635 0.157407 0.638802 0.162037 0.639062 0.169907 0.641667 0.177315 0.641927 0.181481 0.640365 0.186574 0.636979 0.188426 0.634896
0 0.107870 0.732812 0.100463 0.732292 0.093056 0.733594 0.085185 0.736198 0.080556 0.740365 0.079630 0.743750 0.080556 0.748177 0.086111 0.749479 0.093056 0.749219 0.097685 0.748177 0.104167 0.745573 0.111111 0.740625 0.112037 0.736198
0 0.212963 0.606771 0.208796 0.607031 0.204630 0.608073 0.200926 0.611198 0.199537 0.614583 0.200926 0.618750 0.204630 0.621615 0.211574 0.622656 0.217130 0.622135 0.222222 0.620833 0.225000 0.619271 0.225926 0.616146 0.225463 0.611458 0.224537 0.610417 0.219444 0.607812
0 0.830556 0.244792 0.822685 0.245312 0.818056 0.248177 0.815278 0.251823 0.814352 0.256250 0.815741 0.259375 0.821759 0.262760 0.830556 0.262760 0.837500 0.259896 0.840278 0.256510 0.839815 0.252604 0.837500 0.248958 0.835185 0.246875
0 0.787037 0.249479 0.783333 0.250521 0.779167 0.252865 0.777778 0.254948 0.778241 0.258594 0.779630 0.260417 0.787963 0.264583 0.795833 0.264323 0.804630 0.259375 0.806481 0.256510 0.805556 0.253385 0.803704 0.251563 0.795833 0.249740
0 0.767593 0.253385 0.762037 0.253906 0.760185 0.254948 0.758796 0.258594 0.754630 0.263281 0.755556 0.268490 0.760185 0.271094 0.767593 0.271094 0.771296 0.270052 0.775926 0.266927 0.778241 0.264062 0.777315 0.259115 0.770833 0.254688
0 0.753241 0.247917 0.745833 0.247917 0.738889 0.251302 0.733796 0.255469 0.732870 0.259896 0.737963 0.262500 0.748148 0.263281 0.752778 0.262240 0.756481 0.260156 0.759259 0.256250 0.758796 0.251823
0 0.694444 0.227865 0.693519 0.228646 0.697685 0.234375 0.704630 0.239844 0.712500 0.240104 0.718056 0.236979 0.720370 0.232031 0.715278 0.228906 0.706019 0.226562 0.697685 0.226823
0 0.705093 0.238542 0.697222 0.238021 0.690741 0.240625 0.687963 0.244010 0.687037 0.248698 0.685185 0.251563 0.685648 0.252344 0.690741 0.253385 0.698148 0.252865 0.704630 0.251042 0.709259 0.248438 0.708796 0.241667
0 0.685648 0.233333 0.681944 0.232031 0.676389 0.231250 0.671296 0.232292 0.668519 0.233594 0.664352 0.239844 0.663426 0.244531 0.664815 0.245833 0.670833 0.246354 0.679167 0.244271 0.688889 0.240365 0.689352 0.236198
0 0.663426 0.227865 0.653241 0.226562 0.647222 0.226562 0.642130 0.227344 0.639815 0.228385 0.635648 0.232292 0.636574 0.236979 0.642130 0.240104 0.651389 0.240365 0.656481 0.239063 0.658333 0.236458 0.664352 0.232552
0 0.670833 0.210677 0.662500 0.210417 0.656481 0.211458 0.653704 0.212760 0.652315 0.216927 0.656481 0.221615 0.660185 0.222656 0.663889 0.222917 0.673611 0.220833 0.677778 0.218750 0.679167 0.216927 0.677778 0.214062 0.675926 0.212500
0 0.642593 0.215104 0.633333 0.214844 0.628704 0.215625 0.625463 0.216927 0.624074 0.221875 0.625926 0.225260 0.628704 0.226823 0.635648 0.228125 0.642593 0.226823 0.645833 0.225260 0.647685 0.223438 0.649074 0.220052 0.646759 0.216667
0 0.622222 0.212240 0.613889 0.211458 0.606019 0.213281 0.602315 0.215625 0.599074 0.220573 0.600926 0.223438 0.607407 0.225260 0.614815 0.225000 0.618981 0.224219 0.621296 0.222656 0.624074 0.217188 0.623148 0.212760
0 0.600926 0.223698 0.591667 0.224740 0.586111 0.228125 0.587500 0.234635 0.589352 0.236198 0.593056 0.237240 0.601852 0.237240 0.606481 0.235677 0.609259 0.232552 0.608333 0.228385 0.606481 0.226562
0 0.564815 0.214062 0.561574 0.216667 0.562037 0.219531 0.563426 0.221875 0.566667 0.224219 0.571759 0.226042 0.581019 0.225521 0.584259 0.224219 0.587037 0.220312 0.587500 0.216667 0.586111 0.215625 0.581481 0.214062 0.573148 0.213021
0 0.527778 0.217969 0.525000 0.220573 0.526389 0.224740 0.527778 0.226042 0.537500 0.230469 0.545370 0.230208 0.548148 0.228385 0.550926 0.225000 0.550000 0.220573 0.545370 0.218229 0.538889 0.217188 0.530556 0.217188
0 0.582407 0.231510 0.572222 0.229167 0.565741 0.229948 0.561574 0.232292 0.555556 0.244010 0.558796 0.248958 0.566204 0.247917 0.572222 0.243750 0.575926 0.242188 0.577778 0.240365 0.584722 0.236979 0.584259 0.232552
0 0.566667 0.247917 0.568056 0.252083 0.572685 0.254427 0.578704 0.255729 0.587963 0.255729 0.591204 0.254948 0.593056 0.253646 0.595833 0.247917 0.591204 0.244531 0.581944 0.243229 0.573148 0.244010
0 0.597685 0.238542 0.593981 0.243750 0.595833 0.247135 0.599074 0.248958 0.602315 0.249740 0.609259 0.250000 0.614815 0.249479 0.616204 0.248177 0.617593 0.243750 0.607870 0.237240
0 0.622222 0.225781 0.617593 0.226823 0.612963 0.228906 0.610185 0.231771 0.610185 0.236979 0.611111 0.238281 0.614815 0.240625 0.621296 0.242448 0.629630 0.240104 0.633333 0.236458 0.634259 0.232552 0.631944 0.228646 0.628704 0.226823
0 0.627778 0.241406 0.623611 0.242708 0.618981 0.245573 0.617593 0.247656 0.617593 0.251563 0.622685 0.257812 0.625000 0.258594 0.629630 0.258854 0.633796 0.257552 0.638889 0.251823 0.636574 0.244271 0.629167 0.241406
0 0.645370 0.240625 0.643056 0.241927 0.638426 0.247656 0.640741 0.251823 0.649074 0.254427 0.663426 0.253385 0.663889 0.247396 0.661111 0.242969 0.655093 0.240625 0.649537 0.239844
0 0.656481 0.254427 0.649537 0.254688 0.646296 0.259115 0.647222 0.265365 0.649074 0.269531 0.656944 0.269792 0.658796 0.269271 0.664352 0.264323 0.666204 0.260156 0.665278 0.258073 0.663426 0.256250
0 0.653241 0.271094 0.651852 0.272917 0.651389 0.277604 0.652778 0.282031 0.656481 0.283333 0.662500 0.287760 0.671759 0.286719 0.677315 0.283333 0.676389 0.279167 0.672685 0.274479 0.666667 0.272135 0.657870 0.270573
0 0.698148 0.270052 0.693519 0.268490 0.689352 0.268229 0.682407 0.269010 0.676389 0.271615 0.673611 0.274740 0.675000 0.279427 0.677315 0.280729 0.682407 0.281510 0.690741 0.280990 0.695833 0.279687 0.699537 0.277865 0.701389 0.275521
0 0.700926 0.277604 0.697685 0.278125 0.695370 0.279687 0.693981 0.282552 0.694907 0.287500 0.698148 0.291667 0.705093 0.292969 0.712500 0.290365 0.716204 0.286719 0.717593 0.282552 0.714815 0.279167 0.706019 0.277604
0 0.745370 0.279167 0.739352 0.277604 0.730556 0.277604 0.721759 0.279167 0.719444 0.281510 0.718981 0.284115 0.720370 0.287240 0.725463 0.291146 0.732870 0.291146 0.745370 0.286458 0.748611 0.283854 0.748148 0.282031
0 0.758333 0.284115 0.756019 0.286719 0.756019 0.291667 0.758796 0.293490 0.766204 0.295573 0.776852 0.295312 0.782870 0.294010 0.784722 0.290625 0.781019 0.285677 0.776389 0.283073 0.767130 0.281250 0.761111 0.282552
0 0.795370 0.265885 0.788426 0.266667 0.776852 0.271354 0.775463 0.275781 0.781481 0.280729 0.788426 0.281510 0.793056 0.279948 0.796759 0.277604 0.799074 0.270313 0.798148 0.267448
0 0.803241 0.280990 0.801389 0.283073 0.802315 0.286979 0.806019 0.290104 0.815741 0.292969 0.823148 0.292448 0.828704 0.291146 0.829630 0.286458 0.827315 0.282813 0.821759 0.279167 0.816204 0.277865 0.807870 0.278646
0 0.871759 0.289062 0.865741 0.288021 0.858796 0.287760 0.849074 0.288802 0.846759 0.290104 0.845833 0.291667 0.845833 0.295312 0.847685 0.299479 0.850463 0.301042 0.859722 0.301823 0.863889 0.301302 0.873148 0.298177 0.876852 0.295052 0.876389 0.290885
0 0.879167 0.298177 0.871296 0.298698 0.867130 0.300000 0.862500 0.302865 0.860648 0.306250 0.862500 0.310677 0.870370 0.312760 0.879167 0.312500 0.885185 0.310417 0.887037 0.307292 0.886111 0.302604 0.884722 0.300521
0 0.854630 0.304948 0.850000 0.304167 0.843519 0.304688 0.840278 0.305729 0.837963 0.308073 0.835648 0.313542 0.836111 0.316927 0.837500 0.318229 0.842593 0.319010 0.850000 0.318750 0.854167 0.317448 0.856944 0.315625 0.858796 0.310156 0.857407 0.307031
0 0.837037 0.302604 0.831019 0.301823 0.821759 0.302344 0.818519 0.303125 0.814352 0.305990 0.813426 0.310677 0.814815 0.314844 0.818981 0.318490 0.822685 0.320312 0.830093 0.320052 0.834722 0.316927 0.837963 0.307292
0 0.815278 0.293490 0.813426 0.291927 0.810648 0.291146 0.801389 0.290885 0.781481 0.294792 0.781481 0.299219 0.783333 0.301042 0.789352 0.302083 0.793056 0.303385 0.801389 0.304688 0.807407 0.304427 0.812963 0.301302 0.815741 0.295312
0 0.782407 0.304427 0.780093 0.306771 0.785648 0.314583 0.794907 0.316927 0.803241 0.315625 0.805556 0.314583 0.809259 0.310937 0.808796 0.308073 0.806019 0.305208 0.789815 0.302604 0.787037 0.302604
0 0.811111 0.317188 0.802315 0.314844 0.798148 0.315365 0.793519 0.317188 0.790278 0.321615 0.790278 0.327344 0.792130 0.328906 0.796296 0.329427 0.804167 0.328385 0.813426 0.325781 0.815278 0.323177 0.815278 0.321354 0.813426 0.318490
0 0.778704 0.319010 0.774074 0.320052 0.770833 0.325781 0.770370 0.330469 0.772685 0.332031 0.774074 0.334375 0.781481 0.335156 0.786574 0.334115 0.790741 0.330208 0.790278 0.322135 0.787963 0.320573 0.781944 0.319010
0 0.775463 0.307031 0.766204 0.307031 0.759722 0.308594 0.756944 0.310156 0.755556 0.314583 0.760185 0.318490 0.768981 0.319531 0.772685 0.318750 0.777778 0.316146 0.781019 0.310417 0.779630 0.308854
0 0.745833 0.294792 0.747222 0.299479 0.752778 0.304167 0.757870 0.307031 0.760648 0.307812 0.768056 0.306771 0.771759 0.305469 0.774074 0.302865 0.774074 0.298438 0.771759 0.296875 0.765741 0.295312 0.760185 0.292969 0.752778 0.291927
0 0.750000 0.308854 0.745370 0.308333 0.740741 0.309115 0.730556 0.313542 0.728241 0.318490 0.731481 0.321875 0.740741 0.323177 0.746296 0.322135 0.750926 0.318750 0.752315 0.315625 0.752315 0.310417
0 0.710648 0.298177 0.707870 0.300000 0.706019 0.302604 0.706944 0.306771 0.709722 0.308594 0.714352 0.309375 0.720833 0.309375 0.725926 0.308594 0.730093 0.306771 0.731944 0.302344 0.730093 0.299740 0.728241 0.298698 0.720370 0.296875 0.716667 0.296875
0 0.698148 0.294792 0.693981 0.294010 0.685648 0.294010 0.680556 0.294792 0.678241 0.297396 0.677315 0.301823 0.678241 0.305208 0.680556 0.306771 0.683796 0.307812 0.690741 0.307292 0.701389 0.302083 0.703241 0.298438 0.701389 0.296354
0 0.350926 0.316406 0.349074 0.318229 0.347685 0.322656 0.351389 0.329688 0.353704 0.332031 0.357407 0.333854 0.364352 0.333594 0.369444 0.330729 0.371759 0.327083 0.372685 0.321094 0.371296 0.318490 0.369444 0.317188 0.365741 0.316406
0 0.375463 0.313281 0.374074 0.314323 0.375463 0.318490 0.381481 0.324740 0.385185 0.326823 0.392593 0.327604 0.398148 0.324219 0.399074 0.319531 0.398148 0.316927 0.395370 0.315365 0.387963 0.313281 0.381481 0.312760
0 0.391204 0.295052 0.387963 0.295833 0.385648 0.298177 0.386574 0.305990 0.392130 0.311458 0.400000 0.311719 0.403241 0.310937 0.409259 0.306771 0.409722 0.302344 0.407870 0.299740 0.402315 0.295833 0.399537 0.295052
0 0.404167 0.279167 0.400463 0.280208 0.397685 0.282552 0.397685 0.287500 0.399537 0.289583 0.405093 0.292448 0.413889 0.292708 0.420370 0.289844 0.422222 0.287760 0.422222 0.283073 0.420370 0.281250 0.415741 0.279948
0 0.428241 0.295573 0.422222 0.296354 0.416667 0.297917 0.414815 0.299219 0.413426 0.302344 0.415278 0.305208 0.422685 0.308854 0.426852 0.309635 0.433796 0.308073 0.437037 0.305990 0.438426 0.303646 0.437963 0.299740 0.436111 0.297396 0.434259 0.296354
0 0.412500 0.307552 0.406944 0.309375 0.404630 0.311198 0.404167 0.317448 0.406481 0.320833 0.410648 0.323177 0.412963 0.325521 0.418519 0.325000 0.420370 0.323958 0.422222 0.318490 0.425000 0.314844 0.425463 0.310417 0.419907 0.308073
0 0.418519 0.327604 0.412963 0.328906 0.411111 0.330469 0.409259 0.334375 0.408796 0.338802 0.410648 0.341667 0.413426 0.343229 0.421759 0.344010 0.427778 0.341927 0.431481 0.333333 0.427778 0.329167 0.421296 0.327604
0 0.393981 0.326823 0.391204 0.328385 0.387037 0.333594 0.387963 0.337760 0.389815 0.339062 0.397685 0.340104 0.405093 0.339583 0.406944 0.338802 0.408333 0.336719 0.409722 0.329948 0.401389 0.326562 0.397222 0.326302
0 0.371759 0.331771 0.366667 0.334115 0.362037 0.341927 0.365278 0.344271 0.370833 0.345573 0.379167 0.345052 0.381944 0.344271 0.386574 0.341146 0.387963 0.338802 0.387500 0.334635 0.386574 0.333333 0.382870 0.332031
0 0.448148 0.320573 0.439815 0.320573 0.433796 0.321354 0.430556 0.322396 0.428241 0.326823 0.429630 0.330469 0.433796 0.333333 0.442593 0.333854 0.447685 0.333073 0.450000 0.332031 0.453704 0.326562 0.452778 0.322135
0 0.440741 0.335156 0.432870 0.338802 0.431019 0.341146 0.431481 0.343750 0.433796 0.346615 0.435648 0.347135 0.448611 0.347656 0.454167 0.345313 0.454630 0.340625 0.449074 0.336198
0 0.220833 0.555208 0.217130 0.560677 0.222222 0.563802 0.237037 0.568490 0.246759 0.568490 0.246759 0.564323 0.241204 0.556510 0.236574 0.553385 0.233333 0.552604 0.226389 0.553125
0 0.515278 0.282813 0.510648 0.282031 0.503241 0.282292 0.499537 0.283594 0.496296 0.286719 0.494907 0.290104 0.495833 0.296094 0.497685 0.298958 0.502778 0.300781 0.512037 0.299479 0.517130 0.295312 0.519444 0.291406 0.519907 0.286719 0.518056 0.284115
0 0.529167 0.267448 0.517593 0.264323 0.507870 0.265104 0.504167 0.266667 0.500926 0.270833 0.500926 0.272656 0.502778 0.275781 0.506019 0.277344 0.509722 0.278125 0.517593 0.278125 0.526852 0.274740 0.529630 0.272917 0.530556 0.270833
0 0.543519 0.251563 0.536111 0.252604 0.532870 0.254167 0.531481 0.259896 0.536111 0.266146 0.539815 0.267448 0.545833 0.268229 0.550463 0.266927 0.554167 0.264323 0.555556 0.260937 0.555556 0.256250 0.554167 0.254167 0.551852 0.252865 0.546296 0.251563
0 0.564815 0.252344 0.559722 0.254427 0.557407 0.260156 0.557870 0.263021 0.560648 0.266406 0.563426 0.267448 0.567130 0.267708 0.572685 0.266406 0.577315 0.263802 0.577778 0.259635 0.576389 0.256771 0.573611 0.254167 0.567130 0.252344
0 0.593981 0.252865 0.587963 0.259635 0.591204 0.262240 0.601389 0.263542 0.614815 0.263802 0.621296 0.259896 0.620833 0.255990 0.616204 0.252344 0.614815 0.250000 0.605093 0.250000
0 0.643981 0.259896 0.635185 0.258594 0.626389 0.259115 0.621296 0.260156 0.616204 0.263542 0.618056 0.267708 0.628241 0.271615 0.636574 0.271875 0.644444 0.270313 0.647222 0.267969 0.647222 0.263281 0.645833 0.260937
0 0.643981 0.270313 0.641667 0.270313 0.632870 0.272917 0.630093 0.275000 0.629630 0.279687 0.631481 0.281771 0.634722 0.283073 0.641204 0.284115 0.647222 0.282813 0.649537 0.281510 0.650926 0.278906 0.651389 0.274479 0.650463 0.272656 0.649074 0.271615
0 0.656481 0.283594 0.649074 0.282292 0.635648 0.286198 0.633333 0.287500 0.631944 0.289583 0.631944 0.291406 0.634722 0.293750 0.642130 0.296094 0.650000 0.295833 0.656481 0.292708 0.659259 0.287760
0 0.614352 0.280729 0.603704 0.286979 0.603704 0.291146 0.613426 0.295052 0.621759 0.295573 0.629630 0.290885 0.630556 0.286979 0.622222 0.280990
0 0.587500 0.288021 0.585185 0.289844 0.583796 0.294010 0.584259 0.297135 0.586111 0.300260 0.587963 0.301302 0.592593 0.302344 0.600463 0.302083 0.604167 0.298958 0.605093 0.294792 0.603241 0.292187 0.599537 0.288802 0.597222 0.287760 0.592593 0.287240
0 0.579630 0.270833 0.574537 0.272396 0.570370 0.275260 0.570833 0.279948 0.572685 0.281771 0.579630 0.284896 0.587037 0.284896 0.591204 0.283073 0.594444 0.282552 0.598148 0.279948 0.597685 0.277344 0.595833 0.275260 0.587500 0.271094
0 0.551852 0.273438 0.546296 0.275260 0.544444 0.278646 0.543519 0.287240 0.551389 0.288281 0.559259 0.287760 0.562500 0.285938 0.570370 0.283333 0.570370 0.278906 0.563889 0.275260 0.559259 0.273958
0 0.544907 0.287240 0.538889 0.290104 0.534259 0.294531 0.534259 0.296094 0.537037 0.298958 0.544907 0.301823 0.552778 0.302604 0.555556 0.301823 0.558333 0.299479 0.558333 0.294271 0.555556 0.288802 0.552778 0.287500
0 0.572222 0.283854 0.566204 0.285156 0.562500 0.286979 0.559722 0.290365 0.559722 0.291927 0.562037 0.295312 0.573148 0.297396 0.581019 0.294792 0.583796 0.291406 0.583796 0.289844 0.581019 0.286979 0.575926 0.284635
0 0.524537 0.276042 0.522222 0.277344 0.520833 0.278906 0.519907 0.283594 0.523148 0.293490 0.527315 0.295833 0.531481 0.296875 0.541204 0.287240 0.542593 0.283594 0.542593 0.278906 0.538426 0.276823 0.532407 0.275781
0 0.523148 0.300000 0.520833 0.302604 0.520833 0.306771 0.524537 0.309115 0.537037 0.311719 0.545833 0.311198 0.549074 0.307552 0.549074 0.305208 0.547685 0.303125 0.543981 0.300521 0.532870 0.298438 0.530093 0.298438
0 0.486111 0.304688 0.482407 0.304688 0.477778 0.306771 0.472222 0.314323 0.472222 0.318490 0.473611 0.320312 0.476389 0.321615 0.481481 0.322396 0.491204 0.321094 0.494444 0.319531 0.495833 0.317969 0.496296 0.313802 0.495370 0.310677 0.490278 0.305469
0 0.521759 0.312240 0.516204 0.311719 0.511111 0.312760 0.507407 0.314063 0.499074 0.319010 0.495833 0.322396 0.497685 0.326302 0.501389 0.328646 0.503704 0.329167 0.511111 0.329167 0.514815 0.327865 0.519907 0.323437 0.522685 0.316927 0.523148 0.313802
0 0.536111 0.311979 0.533796 0.313021 0.530556 0.318229 0.529167 0.322656 0.533333 0.325000 0.537963 0.326562 0.545833 0.326562 0.550926 0.325000 0.554167 0.322656 0.552778 0.316667 0.549537 0.313802 0.546296 0.312240 0.541204 0.311719
0 0.564815 0.297396 0.559722 0.299479 0.555556 0.302344 0.554167 0.307292 0.558796 0.312240 0.566204 0.314583 0.571296 0.313542 0.574074 0.312240 0.576389 0.308854 0.577778 0.302344 0.573148 0.297917
0 0.579630 0.303906 0.577778 0.305990 0.575926 0.310677 0.577778 0.313021 0.581019 0.314583 0.587500 0.315625 0.601852 0.312500 0.605093 0.310677 0.604630 0.306510 0.600926 0.303906 0.598148 0.303125 0.586111 0.301823
0 0.588889 0.316406 0.585648 0.322396 0.590278 0.325781 0.593519 0.326823 0.599074 0.327344 0.609259 0.327083 0.612500 0.326302 0.612037 0.322135 0.610185 0.318750 0.607407 0.316406 0.600926 0.314844 0.594444 0.314323 0.591667 0.314844
0 0.612500 0.311198 0.610185 0.313281 0.609259 0.317448 0.612037 0.323958 0.614352 0.325781 0.622222 0.326042 0.626852 0.324479 0.630556 0.321615 0.631019 0.317448 0.629167 0.314063 0.625463 0.311458 0.622685 0.310677
0 0.614352 0.295833 0.606944 0.297135 0.603704 0.300521 0.602778 0.303385 0.607407 0.309375 0.610185 0.310417 0.615741 0.310937 0.621759 0.310156 0.624537 0.308594 0.626852 0.302083 0.625463 0.299479 0.621296 0.296875
0 0.641667 0.299479 0.636574 0.302344 0.636574 0.307292 0.638426 0.309375 0.642593 0.311198 0.648611 0.312240 0.656019 0.310937 0.659259 0.309115 0.661111 0.307031 0.660185 0.302344 0.657407 0.300781 0.651389 0.299479
0 0.705093 0.303125 0.697685 0.303385 0.690278 0.308073 0.684259 0.314063 0.684259 0.315104 0.686574 0.317188 0.697685 0.320573 0.705093 0.319792 0.708333 0.314844
0 0.725926 0.316667 0.718981 0.315104 0.711111 0.315365 0.707870 0.316146 0.705093 0.318229 0.703241 0.322656 0.705556 0.325000 0.711111 0.327344 0.719907 0.327344 0.723611 0.326302 0.727778 0.322656 0.727778 0.319010
0 0.683796 0.315885 0.677315 0.318229 0.675463 0.321354 0.675463 0.323437 0.679167 0.329167 0.684259 0.331771 0.691204 0.330729 0.699074 0.327604 0.700463 0.326562 0.700926 0.322135 0.699074 0.320573
0 0.649074 0.315365 0.645833 0.317969 0.645833 0.319271 0.653704 0.326302 0.663889 0.328125 0.667130 0.327083 0.673148 0.323437 0.674074 0.318229 0.672222 0.316146 0.670370 0.315365 0.660185 0.314583
0 0.643519 0.320312 0.633796 0.320833 0.630093 0.322396 0.625926 0.326042 0.626852 0.331510 0.629630 0.334115 0.635648 0.335417 0.643981 0.333594 0.649074 0.330729 0.652778 0.325781 0.650000 0.322135
0 0.769907 0.330990 0.768056 0.330469 0.759722 0.330469 0.753704 0.333073 0.748611 0.337500 0.749074 0.341406 0.750926 0.342708 0.753241 0.343229 0.762037 0.343229 0.769907 0.341406 0.772222 0.340104 0.774074 0.338021 0.774074 0.333854
0 0.779630 0.345573 0.780093 0.350521 0.786574 0.354948 0.792130 0.356250 0.797222 0.356510 0.804167 0.355469 0.807407 0.353385 0.810185 0.350000 0.808333 0.344531 0.806019 0.342969 0.802778 0.342187 0.793981 0.341927 0.787500 0.342448 0.782870 0.343750
0 0.813426 0.334896 0.810648 0.335677 0.806944 0.338021 0.805556 0.341927 0.811574 0.347135 0.814815 0.347917 0.823148 0.348177 0.829167 0.345573 0.830556 0.341927 0.829167 0.338021 0.827315 0.336198 0.824537 0.335156 0.819907 0.334635
0 0.832407 0.326302 0.826852 0.333333 0.826852 0.334635 0.831019 0.339323 0.834259 0.341146 0.843981 0.342708 0.849074 0.341667 0.854630 0.338281 0.856481 0.333854 0.849537 0.328906 0.845833 0.327344 0.837963 0.325781
0 0.851389 0.325000 0.849537 0.326042 0.850463 0.328125 0.856481 0.330729 0.858796 0.336458 0.864815 0.337500 0.870370 0.336198 0.872222 0.334375 0.872685 0.329427 0.870370 0.325781 0.865278 0.323437 0.857870 0.323437
0 0.879630 0.342708 0.873611 0.341927 0.864352 0.341927 0.858796 0.344010 0.856481 0.348438 0.856481 0.354687 0.858333 0.357031 0.862037 0.357812 0.866204 0.357552 0.871759 0.355469 0.881019 0.350000 0.883333 0.345573
0 0.844444 0.345052 0.835185 0.345052 0.828241 0.347135 0.825463 0.348958 0.823148 0.352865 0.823611 0.357292 0.828704 0.359635 0.830556 0.359896 0.847222 0.357031 0.852315 0.354687 0.852778 0.352344 0.851852 0.349479 0.849537 0.347396
0 0.815741 0.355729 0.810648 0.356771 0.806944 0.358594 0.805093 0.360417 0.804630 0.362500 0.805093 0.365625 0.806944 0.367448 0.809722 0.368490 0.816667 0.369531 0.823148 0.368490 0.827315 0.366667 0.829167 0.361198 0.825000 0.358333 0.820370 0.356510
0 0.781019 0.365885 0.778704 0.367188 0.777778 0.368750 0.778241 0.375000 0.780093 0.378646 0.782870 0.379948 0.789352 0.380729 0.794907 0.379948 0.800463 0.378125 0.802778 0.376823 0.803704 0.372396 0.798611 0.368490 0.795370 0.366927 0.790278 0.365625
0 0.810648 0.376823 0.817130 0.380990 0.822685 0.382031 0.831019 0.382031 0.836111 0.380990 0.840741 0.377083 0.840278 0.372396 0.835648 0.369792 0.822685 0.369271 0.818519 0.370312 0.813889 0.372917
0 0.857407 0.363802 0.849074 0.363281 0.843056 0.365365 0.839815 0.368750 0.840741 0.373437 0.843056 0.375521 0.851852 0.375781 0.857407 0.375000 0.862963 0.373177 0.863426 0.368750
0 0.899537 0.370573 0.893056 0.369010 0.883333 0.370312 0.875926 0.372917 0.873611 0.374479 0.872222 0.376302 0.873611 0.378906 0.876852 0.380729 0.884722 0.382292 0.892593 0.382552 0.895833 0.381771 0.899537 0.379948 0.901852 0.377083 0.901389 0.372396
0 0.731481 0.337760 0.727315 0.339844 0.723148 0.344271 0.722685 0.347396 0.723611 0.349740 0.725463 0.350000 0.731944 0.353125 0.739815 0.353385 0.743519 0.352344 0.745370 0.350781 0.745833 0.346094 0.740278 0.340104 0.734722 0.337760
0 0.738889 0.353646 0.734722 0.354687 0.732407 0.355990 0.728704 0.360156 0.728241 0.361979 0.730093 0.365365 0.732407 0.366667 0.736574 0.367969 0.741204 0.368229 0.746759 0.367448 0.750926 0.365365 0.752778 0.361198 0.751852 0.357292 0.748148 0.354948
0 0.768056 0.353646 0.759259 0.354427 0.753241 0.358073 0.752315 0.361458 0.753704 0.364844 0.760185 0.367448 0.767593 0.367448 0.773611 0.365365 0.775000 0.362760 0.774074 0.357292 0.771296 0.354948
0 0.750463 0.378385 0.746759 0.380208 0.743981 0.384375 0.749074 0.389844 0.751852 0.391406 0.759722 0.393750 0.767593 0.392708 0.770370 0.390365 0.770833 0.384375 0.766667 0.379948 0.760648 0.377344
0 0.780556 0.379427 0.774537 0.383073 0.772222 0.387500 0.771296 0.392708 0.774537 0.394271 0.781481 0.394792 0.786111 0.393750 0.791667 0.390885 0.793981 0.389062 0.793519 0.384115 0.790278 0.381510
0 0.697222 0.376302 0.697222 0.381250 0.701389 0.383854 0.711574 0.385417 0.717593 0.385156 0.720370 0.384375 0.722685 0.382292 0.723148 0.376563 0.721759 0.375000 0.718981 0.373958 0.704630 0.373958 0.700463 0.374740
0 0.718981 0.357031 0.710648 0.356771 0.705556 0.358073 0.701852 0.360156 0.698611 0.364583 0.698611 0.366927 0.700000 0.369271 0.704630 0.370312 0.712963 0.370312 0.719444 0.369010 0.725463 0.365625 0.725463 0.360938
0 0.718981 0.333333 0.711574 0.333854 0.705093 0.338021 0.702778 0.341667 0.703241 0.345833 0.707407 0.349740 0.711111 0.351562 0.718981 0.351302 0.722222 0.349740 0.722685 0.346094 0.725926 0.342187 0.725926 0.338021 0.725000 0.336458 0.722222 0.334375
0 0.708796 0.328385 0.705556 0.327344 0.699074 0.327604 0.694444 0.329688 0.686574 0.331771 0.683333 0.334375 0.683796 0.339844 0.686574 0.341406 0.690741 0.342448 0.698611 0.342969 0.702778 0.341667 0.706019 0.338021 0.711574 0.334115 0.710648 0.329948
0 0.655093 0.333854 0.655556 0.337760 0.656944 0.339062 0.668981 0.343750 0.677778 0.344010 0.681944 0.341927 0.683796 0.338542 0.683333 0.335417 0.681944 0.333073 0.677778 0.330990 0.671296 0.330208 0.662963 0.330469 0.658796 0.331771
0 0.632870 0.337240 0.631019 0.334896 0.627315 0.333073 0.623148 0.332552 0.614352 0.333073 0.602315 0.337760 0.599537 0.339844 0.598611 0.341927 0.600926 0.342969 0.607870 0.343750 0.617130 0.346354 0.625463 0.346354 0.629630 0.345573 0.631944 0.344271 0.632870 0.342708
0 0.637500 0.335677 0.634259 0.338281 0.633796 0.342708 0.637963 0.346875 0.642130 0.348438 0.649074 0.349479 0.656944 0.349219 0.659722 0.346354 0.659722 0.341667 0.654630 0.336979 0.651389 0.335417 0.648611 0.334896 0.641667 0.334635
0 0.684259 0.346615 0.675463 0.345313 0.669907 0.346094 0.664815 0.348958 0.662963 0.352604 0.662963 0.355990 0.664352 0.358594 0.667130 0.360156 0.669907 0.360938 0.673148 0.360417 0.686574 0.355208 0.687500 0.353906 0.687500 0.349479
0 0.690278 0.344010 0.686111 0.345573 0.687963 0.356771 0.693056 0.359635 0.698611 0.360677 0.701852 0.359896 0.708333 0.355208 0.709259 0.353385 0.707870 0.349219 0.705093 0.346615 0.700926 0.344271 0.698611 0.343750
0 0.678704 0.359375 0.674537 0.361458 0.671759 0.364844 0.674074 0.369271 0.681019 0.373177 0.690278 0.375260 0.693519 0.375000 0.696296 0.373177 0.697222 0.370052 0.696296 0.364063 0.694444 0.361198 0.691204 0.359635 0.684259 0.358333
0 0.666667 0.360677 0.663426 0.358594 0.650463 0.359635 0.639815 0.362500 0.636111 0.365365 0.640741 0.369531 0.650926 0.372135 0.657870 0.372396 0.662037 0.371354 0.666204 0.367969 0.667593 0.365365
0 0.621759 0.353385 0.622685 0.355990 0.625926 0.358333 0.634722 0.360417 0.642593 0.361198 0.649537 0.359635 0.652778 0.357812 0.652778 0.352865 0.651389 0.350521 0.649537 0.349479 0.643056 0.348177 0.634722 0.347917 0.628241 0.349219 0.623611 0.351562
0 0.598611 0.343229 0.594444 0.344531 0.591204 0.346615 0.589815 0.349219 0.590278 0.353646 0.592130 0.354948 0.598148 0.356771 0.607870 0.356771 0.611574 0.355469 0.613889 0.353385 0.615278 0.349740 0.613889 0.346354 0.607870 0.343490 0.602778 0.342969
0 0.605556 0.363542 0.600463 0.364583 0.597222 0.366406 0.593981 0.369271 0.592130 0.373437 0.593056 0.376563 0.596759 0.379427 0.600000 0.380729 0.608333 0.380990 0.611574 0.380208 0.614352 0.378125 0.616204 0.375000 0.616204 0.371875 0.613889 0.365365 0.609259 0.363542
0 0.615278 0.365104 0.615278 0.370052 0.618519 0.376563 0.620370 0.377604 0.627315 0.379167 0.629167 0.379167 0.634722 0.377344 0.637963 0.373698 0.638889 0.370052 0.635648 0.365104 0.630556 0.363802 0.619907 0.364323
0 0.620833 0.379167 0.613889 0.381250 0.611574 0.382552 0.608333 0.389062 0.610185 0.391406 0.614352 0.393750 0.618519 0.394531 0.623611 0.394531 0.628704 0.393490 0.632407 0.390365 0.632870 0.387760 0.631944 0.384896 0.629630 0.382552
0 0.683333 0.377604 0.678241 0.378906 0.674537 0.380729 0.672222 0.384635 0.673611 0.389323 0.675463 0.390625 0.682870 0.391927 0.687037 0.391927 0.691204 0.391146 0.695833 0.387760 0.697685 0.385677 0.697222 0.380990 0.695833 0.379427 0.692593 0.378125
0 0.697685 0.386458 0.693056 0.388542 0.692130 0.390104 0.691667 0.394010 0.693056 0.395833 0.703704 0.400260 0.712963 0.400260 0.715741 0.399479 0.720370 0.396615 0.715741 0.388281 0.706019 0.385937
0 0.717593 0.388281 0.718981 0.394792 0.721759 0.396875 0.724074 0.397396 0.729630 0.397135 0.748148 0.392188 0.748148 0.388281 0.743981 0.385937 0.733796 0.383854 0.725463 0.383854 0.721296 0.385156
0 0.731944 0.370052 0.726852 0.372396 0.723611 0.375521 0.723148 0.377604 0.724074 0.379948 0.725926 0.382031 0.730556 0.383594 0.740278 0.384115 0.745833 0.380729 0.746759 0.376563 0.742593 0.371094 0.739815 0.370052
0 0.455093 0.325260 0.452315 0.329427 0.452315 0.331250 0.453241 0.332813 0.461111 0.336719 0.476389 0.336979 0.480093 0.335938 0.481481 0.334115 0.480093 0.330469 0.474074 0.326042 0.468519 0.324219 0.463426 0.323698 0.458796 0.323958
0 0.458796 0.339844 0.456944 0.341667 0.457407 0.345573 0.474537 0.351042 0.478241 0.351042 0.482870 0.350000 0.484259 0.346094 0.484259 0.341667 0.478241 0.336719 0.475926 0.336198 0.466667 0.336458
0 0.481944 0.333854 0.479167 0.338021 0.488889 0.342448 0.504630 0.342969 0.510185 0.341146 0.512500 0.338802 0.512037 0.332292 0.510648 0.330990 0.505093 0.329688 0.496296 0.329688
0 0.483796 0.348177 0.483796 0.350260 0.485648 0.352344 0.491204 0.355208 0.493981 0.355729 0.503241 0.355469 0.508333 0.354687 0.513889 0.352604 0.517130 0.350260 0.516667 0.348698 0.512500 0.346354 0.506481 0.344271 0.497685 0.342969 0.487963 0.343490 0.485648 0.344792
0 0.540278 0.327083 0.531481 0.323958 0.520370 0.326562 0.513889 0.330729 0.513426 0.338542 0.514352 0.339583 0.516204 0.340365 0.525000 0.340104 0.531944 0.338281 0.539815 0.333854 0.541667 0.330469
0 0.537963 0.340885 0.530093 0.345052 0.528704 0.347656 0.528704 0.351042 0.531481 0.353646 0.545370 0.358333 0.552778 0.354687 0.554630 0.349479 0.550000 0.344010 0.545370 0.340625
0 0.566667 0.331771 0.558333 0.331510 0.551852 0.332292 0.550463 0.333854 0.548611 0.338802 0.548611 0.341927 0.552778 0.347135 0.558796 0.349479 0.567593 0.345052 0.572685 0.340625 0.573611 0.338021 0.573148 0.335938 0.570833 0.333333
0 0.566204 0.319271 0.559722 0.322135 0.559259 0.326302 0.561574 0.328906 0.565741 0.331771 0.574074 0.332292 0.579630 0.331510 0.584722 0.326823 0.583333 0.321875 0.580556 0.320312 0.575463 0.319010
0 0.580093 0.334115 0.586111 0.338281 0.592130 0.339062 0.598611 0.338802 0.605556 0.336979 0.612037 0.333854 0.613426 0.331510 0.613426 0.328906 0.609722 0.326823 0.586574 0.326562 0.581019 0.330208
0 0.572222 0.343750 0.566204 0.345313 0.562037 0.349479 0.564352 0.355208 0.565741 0.357031 0.572685 0.359896 0.580093 0.360417 0.582407 0.359375 0.587500 0.353646 0.587963 0.348958 0.586574 0.347135 0.583333 0.345313 0.580556 0.344531
0 0.593981 0.361719 0.587037 0.360938 0.579167 0.361198 0.574074 0.363542 0.571296 0.367708 0.570370 0.372396 0.570833 0.373698 0.573611 0.375521 0.581019 0.377083 0.587500 0.376563 0.590741 0.375000 0.598148 0.365885 0.598148 0.364583
0 0.566204 0.358333 0.552315 0.359115 0.548611 0.362240 0.547685 0.365625 0.549537 0.368750 0.553704 0.371875 0.558796 0.374219 0.566204 0.373698 0.568056 0.372917 0.571759 0.360938 0.568981 0.359115
0 0.515278 0.353646 0.513889 0.356510 0.515278 0.361458 0.517593 0.363802 0.521759 0.366146 0.525463 0.366927 0.531944 0.367188 0.536574 0.366146 0.543056 0.363281 0.544444 0.361458 0.543056 0.357552 0.537963 0.354948 0.531944 0.353385 0.526852 0.352865 0.517130 0.352865
0 0.506481 0.356510 0.494907 0.356510 0.487963 0.358073 0.485185 0.359635 0.483796 0.361198 0.483796 0.365885 0.486111 0.368490 0.489352 0.370052 0.497222 0.371354 0.501852 0.370312 0.505556 0.368229 0.509259 0.361458 0.508796 0.357292
0 0.205093 0.511458 0.195833 0.512240 0.186574 0.517448 0.187963 0.521615 0.192130 0.524219 0.197222 0.526042 0.205556 0.526042 0.208796 0.525000 0.213426 0.521615 0.212963 0.516146 0.211111 0.514062
0 0.171759 0.506250 0.163889 0.503125 0.156019 0.503125 0.151389 0.505729 0.149074 0.509115 0.147222 0.513542 0.148611 0.516667 0.150000 0.517188 0.158333 0.517188 0.163426 0.516667 0.168056 0.515104 0.170833 0.513281 0.173148 0.509896
0 0.177778 0.528385 0.167593 0.528385 0.163426 0.529687 0.160185 0.531771 0.158796 0.537240 0.162963 0.543490 0.167130 0.544271 0.171296 0.544271 0.176389 0.542448 0.182407 0.538542 0.183796 0.536458 0.183796 0.531771 0.182870 0.530469
0 0.188889 0.537240 0.186574 0.540104 0.186574 0.542188 0.187963 0.545052 0.190741 0.546615 0.197222 0.547917 0.205093 0.547656 0.209259 0.546875 0.212037 0.545312 0.214352 0.540365 0.212500 0.537240 0.208796 0.534896 0.206019 0.534115 0.197222 0.534115 0.193056 0.535156
0 0.230556 0.541667 0.225926 0.544531 0.226389 0.547917 0.228241 0.550260 0.230556 0.551823 0.236111 0.553385 0.239352 0.555990 0.246759 0.556510 0.248148 0.554167 0.253704 0.550521 0.254630 0.548958 0.255093 0.544792 0.254167 0.543490 0.250000 0.540885 0.246759 0.539844 0.238426 0.539844
0 0.277778 0.531771 0.275000 0.528906 0.271296 0.527344 0.267593 0.526823 0.259722 0.527344 0.250000 0.529948 0.243519 0.533073 0.244444 0.536979 0.247685 0.539062 0.252315 0.540104 0.268981 0.539583 0.275926 0.536979 0.278241 0.533854
0 0.238889 0.503906 0.234722 0.505990 0.233333 0.508333 0.232407 0.514323 0.233796 0.517708 0.239352 0.520312 0.248148 0.520573 0.254167 0.519792 0.258333 0.517708 0.259722 0.513542 0.246759 0.504687
0 0.280556 0.509115 0.271759 0.510938 0.267130 0.513542 0.264815 0.517708 0.269444 0.521615 0.274074 0.522656 0.281481 0.523177 0.287037 0.521354 0.288889 0.518229 0.287963 0.513021 0.285648 0.510417
0 0.316204 0.495573 0.306944 0.496615 0.300926 0.499219 0.296759 0.502083 0.296759 0.506510 0.299537 0.509896 0.301389 0.511198 0.308796 0.513281 0.316204 0.508854 0.319444 0.502604 0.319444 0.498177
0 0.300926 0.511198 0.294907 0.512500 0.291667 0.514323 0.289815 0.516667 0.289815 0.518750 0.291204 0.521615 0.294907 0.525000 0.297222 0.526302 0.303241 0.527344 0.308333 0.526563 0.312037 0.525000 0.313426 0.522656 0.313426 0.518490 0.309259 0.513542 0.303704 0.511458
0 0.329167 0.515104 0.319907 0.516667 0.314815 0.520573 0.314815 0.523177 0.316204 0.525521 0.322222 0.528385 0.330093 0.529427 0.336574 0.528385 0.339815 0.526823 0.341204 0.523958 0.341204 0.520573 0.338426 0.517708 0.333796 0.515885
0 0.350000 0.505990 0.343056 0.507552 0.339815 0.509635 0.339352 0.514323 0.340741 0.516406 0.343981 0.517708 0.353704 0.518229 0.360185 0.516667 0.366667 0.513802 0.366667 0.509375 0.362037 0.506771
0 0.371296 0.499479 0.367130 0.501823 0.368981 0.513542 0.372222 0.514844 0.378704 0.515365 0.383333 0.514323 0.388889 0.511719 0.392593 0.505469 0.390278 0.503385 0.385185 0.501042
0 0.411111 0.491667 0.407870 0.490365 0.399074 0.490625 0.388426 0.495052 0.384259 0.497917 0.384722 0.502083 0.394444 0.504167 0.403704 0.504167 0.408796 0.503385 0.411574 0.501563 0.413426 0.498437 0.412500 0.493490
0 0.388889 0.514323 0.386111 0.515365 0.384259 0.517448 0.383796 0.522396 0.389352 0.527344 0.392593 0.529167 0.399537 0.530208 0.404167 0.528385 0.408333 0.525781 0.410185 0.521615 0.408333 0.517448 0.404630 0.515365 0.400000 0.514062 0.392130 0.513802
0 0.359259 0.517188 0.356944 0.521354 0.357870 0.525521 0.361574 0.527604 0.363426 0.528125 0.373611 0.528125 0.381481 0.526823 0.385648 0.525521 0.380093 0.517708 0.372222 0.514844 0.364352 0.514844
0 0.379630 0.529427 0.371296 0.528646 0.363426 0.530729 0.362037 0.532552 0.361574 0.538021 0.362500 0.541406 0.364352 0.543490 0.372222 0.543750 0.377778 0.541146 0.384722 0.533854 0.383796 0.531771
0 0.337037 0.529427 0.336111 0.532031 0.336574 0.534115 0.339815 0.537240 0.344907 0.539844 0.351389 0.541146 0.357407 0.540104 0.360185 0.538542 0.361574 0.536979 0.362500 0.533333 0.362037 0.530990 0.360185 0.528906 0.356481 0.527865 0.345833 0.527865
0 0.299537 0.541667 0.297222 0.543490 0.296759 0.545052 0.300926 0.552865 0.309259 0.557813 0.316204 0.558073 0.318056 0.557552 0.325000 0.552865 0.323611 0.548438 0.316204 0.543229 0.310185 0.541667 0.302315 0.541146
0 0.310185 0.533073 0.301852 0.530990 0.296296 0.530469 0.287037 0.530729 0.281019 0.532031 0.279167 0.533073 0.276389 0.536979 0.280556 0.543750 0.281944 0.544271 0.288889 0.544531 0.297685 0.541927 0.309722 0.537240
0 0.281019 0.545573 0.275000 0.548177 0.273148 0.553385 0.275463 0.556771 0.278704 0.559375 0.282870 0.561458 0.288426 0.562240 0.292130 0.560677 0.296296 0.557031 0.297685 0.551823 0.295370 0.548958 0.288426 0.546094
0 0.268519 0.552344 0.262500 0.551302 0.256019 0.551562 0.253704 0.552083 0.248148 0.554948 0.246759 0.556510 0.246759 0.561458 0.250000 0.565625 0.252778 0.566406 0.259722 0.565885 0.268056 0.564323 0.271296 0.563021 0.273148 0.560937 0.273611 0.555990
0 0.194444 0.551302 0.192593 0.552865 0.191667 0.556771 0.195370 0.559896 0.201852 0.561458 0.205556 0.561719 0.214352 0.560677 0.217593 0.559115 0.219444 0.557031 0.219444 0.552604 0.212037 0.548177 0.204167 0.547656 0.200000 0.548698
0 0.159259 0.552604 0.158796 0.556771 0.163889 0.561979 0.169907 0.565104 0.177315 0.565625 0.181944 0.564063 0.187500 0.560677 0.188426 0.556250 0.183796 0.552604 0.177315 0.551302 0.168056 0.551302
0 0.216204 0.561979 0.210648 0.561458 0.200926 0.562760 0.191204 0.568229 0.190741 0.572917 0.198148 0.576302 0.202778 0.577344 0.207407 0.577344 0.212963 0.576042 0.217593 0.573177 0.220833 0.569010 0.220370 0.564063
0 0.284722 0.568229 0.281019 0.565365 0.274537 0.563542 0.263426 0.565104 0.258796 0.566667 0.251852 0.571094 0.251389 0.572917 0.252778 0.576042 0.258333 0.577083 0.264815 0.577083 0.275926 0.575521 0.283333 0.572656
0 0.292593 0.569010 0.289815 0.571615 0.290741 0.576302 0.294907 0.578906 0.300926 0.579948 0.307407 0.579688 0.310185 0.579167 0.315278 0.576302 0.316667 0.572135 0.314352 0.569792 0.310185 0.567708 0.300463 0.566927
0 0.343981 0.551042 0.336574 0.551302 0.333796 0.552083 0.325926 0.556510 0.327315 0.561719 0.329630 0.563802 0.334722 0.565365 0.337500 0.565625 0.343981 0.564583 0.352315 0.560677 0.353704 0.556510 0.350926 0.554167
0 0.381019 0.547396 0.377315 0.547396 0.374074 0.548177 0.370370 0.550000 0.367130 0.552865 0.365741 0.558333 0.366667 0.560417 0.371296 0.563021 0.378704 0.563542 0.386574 0.560677 0.389815 0.558333 0.392130 0.552083 0.389352 0.549740
0 0.376852 0.540885 0.381019 0.543490 0.392130 0.545312 0.400000 0.545052 0.402315 0.544010 0.404630 0.541146 0.400000 0.535937 0.398148 0.534896 0.394444 0.534115 0.385185 0.534115 0.380556 0.536979
0 0.400000 0.532292 0.400000 0.538021 0.402315 0.539844 0.405556 0.540625 0.414815 0.540625 0.427315 0.539062 0.431944 0.537500 0.431019 0.535417 0.424074 0.530469 0.413889 0.528125 0.406019 0.527865 0.401852 0.529948
0 0.375926 0.563802 0.374537 0.566927 0.375000 0.570833 0.376389 0.572135 0.383796 0.574219 0.395370 0.572917 0.399074 0.571875 0.404167 0.568490 0.403704 0.564323 0.393056 0.560677 0.385185 0.560677 0.378241 0.562500
0 0.405093 0.549479 0.399537 0.550781 0.397222 0.552083 0.393981 0.555469 0.393519 0.558073 0.393981 0.560417 0.399537 0.563281 0.406944 0.564844 0.412500 0.563281 0.416667 0.560677 0.418056 0.555729 0.416204 0.552604 0.412963 0.550521
0 0.326389 0.572135 0.327315 0.573438 0.334722 0.577344 0.342130 0.578906 0.350000 0.579427 0.357407 0.578906 0.359722 0.577344 0.362500 0.572917 0.360185 0.568229 0.351852 0.565104 0.344444 0.565365 0.335185 0.566927
0 0.373148 0.571354 0.363889 0.572656 0.359259 0.575781 0.360185 0.579688 0.364352 0.583594 0.370833 0.585156 0.375463 0.584635 0.378704 0.583594 0.382870 0.580208 0.381019 0.574219 0.378704 0.572656
0 0.329630 0.579427 0.325000 0.583854 0.325926 0.587500 0.328704 0.590365 0.335185 0.592969 0.340278 0.593229 0.344444 0.592708 0.351852 0.590104 0.355556 0.588021 0.352315 0.583854 0.347222 0.580990 0.337963 0.578646
0 0.281019 0.583333 0.274537 0.582292 0.265278 0.583854 0.256019 0.587760 0.254167 0.591927 0.256019 0.593490 0.256944 0.595833 0.260185 0.597135 0.267593 0.597396 0.271296 0.596094 0.277315 0.590625 0.281481 0.588021 0.281944 0.583854
0 0.248611 0.584635 0.240278 0.581510 0.232407 0.581771 0.227778 0.584115 0.224537 0.588542 0.223611 0.592187 0.225463 0.594531 0.232407 0.595573 0.239815 0.595052 0.246759 0.592187 0.249074 0.591927 0.250926 0.589844 0.251389 0.587500
0 0.292593 0.584115 0.288889 0.587500 0.289352 0.590885 0.290741 0.592708 0.296759 0.596354 0.301852 0.598177 0.309722 0.597656 0.312963 0.595833 0.315741 0.592448 0.314815 0.587760 0.312963 0.586198 0.308796 0.584115 0.303704 0.582812 0.294907 0.583333
0 0.331481 0.593229 0.329167 0.593229 0.317593 0.596094 0.311574 0.599479 0.313889 0.602865 0.322685 0.606250 0.329630 0.607031 0.335185 0.605990 0.338889 0.603646 0.339815 0.601302 0.338889 0.596094 0.337037 0.594531
0 0.370370 0.585156 0.364352 0.586198 0.361574 0.587760 0.353611 0.591016 0.344861 0.593724 0.352639 0.598203 0.364352 0.600781 0.372222 0.601302 0.380556 0.595833 0.380093 0.591406 0.376389 0.586458 0.373611 0.585417
0 0.385185 0.579688 0.378241 0.583854 0.378241 0.588021 0.381481 0.593750 0.384722 0.595573 0.393981 0.595573 0.396759 0.595052 0.402315 0.591927 0.401852 0.585677 0.398611 0.582812 0.394444 0.580729
0 0.413426 0.566146 0.406019 0.566406 0.397222 0.573958 0.395833 0.580469 0.398611 0.583333 0.403241 0.584896 0.413426 0.584635 0.416667 0.583594 0.418981 0.581510 0.419907 0.577865 0.419444 0.572135 0.414352 0.568229
0 0.509722 0.370052 0.507407 0.370573 0.504167 0.372917 0.503241 0.376302 0.503704 0.382031 0.504630 0.383333 0.507407 0.384375 0.517593 0.384375 0.522685 0.380990 0.522222 0.375000 0.518519 0.371094
0 0.530556 0.369010 0.526389 0.370312 0.523148 0.372917 0.524074 0.379948 0.525463 0.381771 0.531019 0.384115 0.538426 0.383854 0.541667 0.382552 0.545370 0.378385 0.546296 0.372656 0.545370 0.371354 0.540278 0.369271
0 0.524074 0.382812 0.517593 0.384896 0.514815 0.386458 0.512500 0.389844 0.512037 0.394271 0.512963 0.396615 0.516204 0.398958 0.524537 0.399740 0.531944 0.397135 0.537037 0.391927 0.538426 0.388021 0.536574 0.385937 0.534722 0.385156
0 0.559259 0.379167 0.551852 0.379688 0.549074 0.380729 0.543056 0.384635 0.541204 0.386979 0.540741 0.389844 0.542593 0.393229 0.545833 0.395052 0.550463 0.396094 0.552778 0.396094 0.559722 0.394010 0.563889 0.391667 0.565741 0.389323 0.565278 0.383594 0.562963 0.381250
0 0.538889 0.396094 0.536111 0.397917 0.534722 0.400000 0.537500 0.405469 0.540278 0.406771 0.547685 0.407813 0.553704 0.407813 0.556481 0.407031 0.559259 0.404427 0.559259 0.400260 0.553241 0.397135 0.545370 0.395052
0 0.581944 0.392448 0.580093 0.391667 0.574074 0.391146 0.565741 0.391667 0.562500 0.393490 0.560185 0.396094 0.559722 0.400781 0.561574 0.402865 0.566204 0.403906 0.574074 0.403906 0.582407 0.401562 0.583796 0.400521 0.583796 0.395052
0 0.586574 0.376563 0.581019 0.378906 0.578704 0.382292 0.578241 0.385937 0.581481 0.390885 0.585185 0.392448 0.587500 0.392708 0.594444 0.391667 0.600463 0.388802 0.601389 0.384635 0.599537 0.380990 0.593519 0.377083
0 0.601389 0.389583 0.599074 0.389844 0.593981 0.392708 0.586111 0.394792 0.583796 0.396875 0.583796 0.401042 0.587037 0.403125 0.592593 0.404687 0.602315 0.403385 0.605093 0.402344 0.606481 0.400781 0.607407 0.396875 0.604630 0.391146
0 0.583796 0.408073 0.583796 0.412760 0.585185 0.414844 0.588426 0.416146 0.593519 0.416927 0.600926 0.416146 0.606019 0.414844 0.612500 0.412240 0.614352 0.408073 0.608796 0.405729 0.600926 0.404167 0.593519 0.404167 0.587963 0.404948
0 0.608333 0.397917 0.606481 0.400260 0.607407 0.404167 0.613889 0.407552 0.620833 0.408333 0.631481 0.408333 0.635648 0.407292 0.636574 0.403646 0.633333 0.400000 0.625463 0.396094 0.621759 0.395052 0.614352 0.395052
0 0.656944 0.395313 0.648148 0.395313 0.645370 0.395833 0.637500 0.400260 0.636574 0.404427 0.638426 0.407292 0.644444 0.410677 0.649074 0.412240 0.654630 0.411719 0.656944 0.410938 0.661111 0.404167 0.662500 0.400521 0.661574 0.398177 0.659722 0.396354
0 0.635648 0.409896 0.628704 0.409375 0.620833 0.409635 0.615741 0.410677 0.612963 0.411979 0.612037 0.414323 0.612500 0.416927 0.617130 0.420312 0.621296 0.421615 0.628704 0.421875 0.635185 0.420573 0.637500 0.419271 0.639352 0.416667 0.638426 0.411979
0 0.582870 0.422396 0.581944 0.424479 0.583796 0.426823 0.589352 0.429427 0.599074 0.431510 0.606481 0.431250 0.608796 0.430469 0.611574 0.427865 0.610648 0.423177 0.606944 0.421354 0.592130 0.419792 0.586574 0.420312
0 0.581019 0.408073 0.573611 0.406510 0.565278 0.407292 0.561111 0.409635 0.559259 0.411719 0.559722 0.415104 0.561574 0.417448 0.565741 0.419271 0.574074 0.419271 0.577778 0.418229 0.581481 0.416146 0.582870 0.413802 0.582870 0.410677
0 0.516204 0.400521 0.512500 0.403906 0.512500 0.408594 0.514815 0.412760 0.517130 0.414062 0.522685 0.415365 0.529630 0.415104 0.533796 0.414323 0.536574 0.412760 0.538889 0.408594 0.534722 0.403125 0.524537 0.400000
0 0.544907 0.413542 0.542130 0.415885 0.541204 0.420312 0.543056 0.422135 0.546296 0.423958 0.550926 0.425260 0.557870 0.426302 0.564352 0.425781 0.566204 0.424740 0.566667 0.423438 0.558796 0.413281 0.555093 0.412240 0.551389 0.411979
0 0.564352 0.426302 0.557407 0.430729 0.556019 0.435677 0.562037 0.438021 0.574074 0.439063 0.579630 0.438281 0.583333 0.436198 0.585185 0.433333 0.585648 0.430990 0.584259 0.427865 0.578704 0.425521 0.570833 0.425260
0 0.524074 0.420833 0.520370 0.422135 0.518056 0.425000 0.517130 0.427344 0.517593 0.433073 0.519444 0.435417 0.523611 0.436979 0.531481 0.436979 0.537500 0.434896 0.540278 0.431771 0.539815 0.427344 0.537500 0.425000 0.531944 0.421615
0 0.669444 0.391146 0.665278 0.392969 0.662037 0.396094 0.662963 0.400260 0.665741 0.402865 0.668981 0.404427 0.677315 0.405208 0.679167 0.404167 0.682407 0.398958 0.690602 0.395859 0.684259 0.392969 0.677778 0.390885
0 0.686111 0.397917 0.681944 0.400260 0.680093 0.403906 0.680556 0.405729 0.683796 0.409375 0.690278 0.412240 0.705556 0.414062 0.710185 0.412760 0.710648 0.411198 0.709259 0.408073 0.705093 0.404427 0.702315 0.400260 0.698148 0.396875 0.690741 0.396094
0 0.708333 0.403646 0.707407 0.404427 0.713426 0.412240 0.717593 0.414062 0.725463 0.416146 0.732870 0.416146 0.738426 0.413542 0.740741 0.407813 0.737963 0.404427 0.732870 0.402083 0.718519 0.402344
0 0.683796 0.410156 0.680093 0.409115 0.676389 0.408854 0.669907 0.409896 0.664352 0.411979 0.660648 0.415365 0.660185 0.420573 0.662963 0.425260 0.671296 0.425521 0.677315 0.424740 0.683796 0.421615 0.686111 0.419531 0.687500 0.416667 0.687037 0.412760
0 0.642130 0.416667 0.636574 0.419531 0.638426 0.428385 0.641667 0.430469 0.647222 0.431771 0.656481 0.431250 0.662037 0.427865 0.660185 0.422917 0.655556 0.419271 0.651389 0.417187
0 0.621296 0.426563 0.616204 0.427865 0.611574 0.430990 0.612037 0.433594 0.614352 0.436719 0.616667 0.438281 0.621296 0.439583 0.628704 0.440104 0.635648 0.436719 0.637963 0.431250 0.631481 0.427083 0.628704 0.426302
0 0.656481 0.433333 0.648611 0.432031 0.640741 0.433594 0.637037 0.435677 0.636111 0.437240 0.635648 0.443490 0.642130 0.446094 0.651852 0.445573 0.656481 0.444531 0.659722 0.441927 0.661111 0.439583
0 0.666204 0.426823 0.663889 0.427604 0.660185 0.431510 0.659722 0.435937 0.662500 0.440365 0.670370 0.442188 0.674537 0.441146 0.681481 0.437240 0.682407 0.435677 0.682407 0.430990 0.678241 0.428125 0.674537 0.427083
0 0.689815 0.429948 0.687037 0.431510 0.685648 0.436198 0.687500 0.439844 0.692593 0.442188 0.697685 0.442969 0.705093 0.442448 0.709259 0.441146 0.716667 0.436198 0.715278 0.431510 0.709259 0.429427 0.706019 0.428906 0.694907 0.428906
0 0.722222 0.420052 0.720370 0.422917 0.720833 0.424479 0.727778 0.428125 0.738889 0.430469 0.744907 0.429948 0.749537 0.427865 0.751389 0.425521 0.751852 0.419792 0.746759 0.417187 0.743056 0.416667 0.730556 0.417187 0.725926 0.418229
0 0.762963 0.405469 0.757407 0.405208 0.753241 0.405729 0.747222 0.408594 0.744444 0.411198 0.743981 0.412500 0.745370 0.416146 0.753241 0.420052 0.760648 0.419792 0.763426 0.418490 0.766204 0.415885 0.768519 0.411719 0.766667 0.407552
0 0.744907 0.394271 0.736574 0.395833 0.734259 0.397396 0.732870 0.400781 0.734722 0.403646 0.739352 0.407031 0.747222 0.407813 0.750926 0.406771 0.756019 0.404167 0.757870 0.401302 0.757870 0.398958 0.756944 0.396875 0.755093 0.395573 0.748611 0.394271
0 0.774537 0.395833 0.770833 0.396875 0.767593 0.399479 0.765741 0.403906 0.767593 0.407813 0.769907 0.409635 0.774074 0.410677 0.783796 0.410677 0.787500 0.409115 0.792130 0.404427 0.793056 0.400000 0.790741 0.397917 0.787500 0.396615 0.783796 0.395833
0 0.796296 0.401042 0.792593 0.402604 0.787963 0.407813 0.788889 0.411979 0.792593 0.413802 0.802315 0.414844 0.807870 0.413542 0.810648 0.412240 0.813426 0.408594 0.813426 0.407292 0.811574 0.404167 0.802315 0.400781
0 0.832407 0.394271 0.823148 0.392708 0.815278 0.392708 0.812037 0.393490 0.810648 0.395052 0.809722 0.401823 0.811111 0.403646 0.813889 0.405208 0.817130 0.405729 0.822685 0.404948 0.829167 0.403125 0.833796 0.400521 0.835648 0.396354
0 0.837037 0.397917 0.833333 0.400260 0.832870 0.404427 0.845370 0.411458 0.851852 0.412240 0.856481 0.410938 0.858333 0.408594 0.858333 0.403906 0.856019 0.398958 0.853241 0.397656 0.850000 0.397135 0.840741 0.397135
0 0.880093 0.389844 0.871759 0.388021 0.864352 0.388281 0.861111 0.389062 0.856944 0.391927 0.856019 0.396875 0.860185 0.400000 0.864352 0.401302 0.872685 0.401562 0.881019 0.400260 0.884722 0.397917 0.885185 0.395313 0.884259 0.392448
0 0.821759 0.406771 0.817593 0.408333 0.813889 0.411719 0.817130 0.416146 0.821759 0.418229 0.828241 0.419271 0.832870 0.419010 0.837037 0.417969 0.840278 0.413021 0.839352 0.408073 0.836111 0.406771 0.830556 0.405990
0 0.831019 0.420052 0.822685 0.420052 0.816667 0.421615 0.812500 0.423438 0.810648 0.426563 0.810648 0.428906 0.812963 0.432292 0.817130 0.433854 0.824074 0.434896 0.830093 0.433854 0.835185 0.430729 0.837500 0.428125 0.837500 0.423177 0.834259 0.420833
0 0.832407 0.432812 0.830556 0.434896 0.830556 0.436979 0.831944 0.439323 0.834259 0.440625 0.850000 0.443750 0.854167 0.443229 0.856481 0.442188 0.858333 0.439844 0.858796 0.435417 0.856019 0.431771 0.852315 0.429948 0.846759 0.429167 0.840278 0.429427
0 0.885648 0.431250 0.880093 0.429948 0.871296 0.430208 0.866667 0.431250 0.862037 0.433594 0.860185 0.435417 0.861574 0.440885 0.871296 0.444531 0.879167 0.444271 0.881481 0.443490 0.886111 0.440625 0.889352 0.435677 0.888426 0.433594
0 0.787963 0.414844 0.784259 0.420312 0.790278 0.427865 0.792593 0.429167 0.800463 0.430729 0.804167 0.430729 0.807870 0.429948 0.809722 0.428385 0.810185 0.423177 0.808796 0.419792 0.804630 0.415625 0.801852 0.414583 0.796296 0.414062
0 0.765741 0.422396 0.761574 0.427083 0.762963 0.431771 0.767130 0.433854 0.774074 0.435156 0.782407 0.434375 0.786111 0.432031 0.788889 0.427865 0.787037 0.423698 0.781944 0.421615 0.772685 0.421094
0 0.784259 0.435417 0.783796 0.439583 0.792130 0.445833 0.795833 0.446875 0.802778 0.447135 0.810648 0.445312 0.812037 0.443750 0.813426 0.439063 0.808333 0.434115 0.804167 0.432812 0.797685 0.432031 0.791204 0.432292 0.788426 0.432812
0 0.724074 0.438281 0.721759 0.439323 0.719444 0.443490 0.719444 0.448437 0.720370 0.450000 0.725000 0.452083 0.735648 0.452083 0.738426 0.451562 0.741667 0.450000 0.743981 0.447656 0.744444 0.442969 0.739815 0.439844 0.734722 0.438281
0 0.086111 0.870833 0.080093 0.871615 0.076852 0.873698 0.072685 0.881510 0.072222 0.885417 0.073611 0.888802 0.076852 0.890625 0.087500 0.892448 0.093981 0.891146 0.096296 0.889583 0.099074 0.888802 0.097685 0.882292 0.098148 0.876823 0.094444 0.876302 0.088889 0.873177 0.087500 0.871094
0 0.107870 0.859635 0.100000 0.860156 0.093981 0.863021 0.089815 0.866146 0.088426 0.868229 0.087963 0.873437 0.091204 0.876302 0.093056 0.876823 0.102315 0.876563 0.107407 0.875000 0.112500 0.871354 0.114352 0.869010 0.115278 0.865104 0.112963 0.862760
0 0.101852 0.853125 0.093981 0.850781 0.086574 0.850521 0.078241 0.853385 0.074537 0.856771 0.074074 0.861458 0.076852 0.865365 0.079630 0.866927 0.087500 0.867188 0.103241 0.859375 0.104630 0.857292 0.103704 0.854688
0 0.086574 0.834115 0.078704 0.838021 0.075463 0.840885 0.074537 0.845833 0.079630 0.848437 0.087963 0.849479 0.100926 0.848958 0.104167 0.847917 0.107870 0.845833 0.107870 0.841927 0.103241 0.836719 0.099074 0.834635 0.094907 0.833594
0 0.142593 0.829948 0.137037 0.828646 0.133333 0.828646 0.128241 0.829688 0.123148 0.832552 0.119907 0.838281 0.121296 0.843229 0.124074 0.844792 0.126852 0.845573 0.134722 0.845313 0.138426 0.844531 0.142130 0.842708 0.146759 0.838021 0.146759 0.833594
0 0.122685 0.812500 0.113889 0.812240 0.109722 0.813281 0.106481 0.815365 0.104630 0.817969 0.104167 0.822917 0.107870 0.826042 0.114352 0.827344 0.119444 0.826823 0.125926 0.825260 0.131019 0.822656 0.131944 0.820052 0.131481 0.817187 0.125926 0.813281
0 0.184259 0.825521 0.176852 0.826042 0.169907 0.830208 0.165741 0.834115 0.163889 0.837500 0.164352 0.841146 0.165278 0.842448 0.170370 0.844792 0.178704 0.845052 0.183333 0.844271 0.188889 0.840365 0.190278 0.838021 0.189815 0.830469 0.187500 0.827083
0 0.135648 0.848698 0.127315 0.853125 0.126852 0.858073 0.128704 0.859375 0.135648 0.861458 0.142130 0.862500 0.150000 0.862760 0.152778 0.861198 0.155093 0.857552 0.155093 0.852865 0.153241 0.849740 0.148611 0.847656 0.142130 0.847396
0 0.183333 0.880729 0.178704 0.882292 0.175926 0.884115 0.173148 0.888281 0.173611 0.890625 0.175926 0.894271 0.179630 0.896875 0.184722 0.898438 0.191204 0.898438 0.197685 0.896615 0.201852 0.892969 0.201852 0.888021 0.199074 0.884115 0.194907 0.881510 0.191204 0.880469
0 0.212963 0.857812 0.206481 0.859115 0.201852 0.861458 0.199074 0.864583 0.200000 0.868490 0.202315 0.871094 0.206019 0.872656 0.211574 0.873437 0.219907 0.871094 0.222083 0.869635 0.223981 0.867292 0.224537 0.866667 0.220833 0.859896 0.218981 0.858854
0 0.240278 0.850521 0.232870 0.851302 0.228704 0.853125 0.221296 0.859896 0.220833 0.862240 0.222222 0.865365 0.225463 0.867448 0.231481 0.867969 0.239815 0.867708 0.242130 0.865625 0.245370 0.860938 0.246296 0.855469 0.245370 0.853125
0 0.260185 0.854688 0.256019 0.856771 0.251852 0.860156 0.250000 0.862760 0.249537 0.866146 0.253241 0.870313 0.255556 0.871094 0.262963 0.871354 0.268519 0.870833 0.271759 0.869531 0.275000 0.865365 0.274074 0.861198 0.268519 0.854948
0 0.225000 0.838802 0.219444 0.839583 0.216204 0.840885 0.213889 0.843490 0.213426 0.846615 0.215278 0.849740 0.218981 0.851823 0.226389 0.853646 0.233333 0.852083 0.236574 0.850521 0.237963 0.848698 0.238426 0.845573 0.231944 0.839844
0 0.281019 0.841667 0.279630 0.842448 0.277778 0.845573 0.274537 0.848437 0.273611 0.851562 0.275463 0.858854 0.281019 0.863021 0.288426 0.862240 0.296296 0.859375 0.298148 0.857812 0.298148 0.854167 0.294907 0.850781 0.290741 0.843750 0.288426 0.842187
0 0.276852 0.841667 0.274537 0.841667 0.267593 0.839583 0.260185 0.840104 0.257407 0.841146 0.251852 0.845313 0.253241 0.849740 0.256019 0.852344 0.259722 0.854167 0.267593 0.854427 0.270370 0.853385 0.273148 0.851042 0.276389 0.846094
0 0.294907 0.839583 0.289352 0.841667 0.292593 0.848958 0.295370 0.852344 0.299537 0.854427 0.303241 0.854948 0.311574 0.852344 0.313889 0.850260 0.316667 0.845573 0.314352 0.843229 0.309259 0.840625 0.303704 0.839844
0 0.308796 0.864583 0.305093 0.865625 0.302315 0.867448 0.299074 0.873958 0.303241 0.879167 0.306019 0.880469 0.309722 0.880990 0.319444 0.878906 0.325463 0.872917 0.322685 0.869271 0.315741 0.865104
0 0.297222 0.860677 0.294444 0.860417 0.284259 0.863021 0.276852 0.866146 0.273611 0.868229 0.273148 0.870052 0.274537 0.872656 0.280556 0.876302 0.288889 0.877083 0.293519 0.876042 0.296759 0.874479 0.300000 0.870313 0.301852 0.865885 0.300926 0.863021
0 0.316667 0.854167 0.315278 0.854688 0.313426 0.857292 0.312963 0.862240 0.313889 0.864583 0.321759 0.869271 0.324074 0.871615 0.328704 0.873177 0.330556 0.873177 0.338426 0.869792 0.341667 0.865365 0.342593 0.861198 0.337037 0.860417 0.327778 0.854167 0.323611 0.853385
0 0.342593 0.839844 0.338889 0.840885 0.333796 0.844531 0.332407 0.847135 0.331481 0.854427 0.332407 0.857552 0.335185 0.859375 0.343981 0.860677 0.350463 0.859115 0.352315 0.858073 0.354167 0.853125 0.350000 0.845313 0.345370 0.840625
0 0.372222 0.842187 0.363889 0.842187 0.355093 0.844531 0.353241 0.845573 0.352778 0.850260 0.354630 0.854167 0.357407 0.856250 0.362963 0.857292 0.364352 0.858073 0.370833 0.856250 0.376852 0.853646 0.376852 0.849479 0.380093 0.845573
0 0.385648 0.844271 0.383333 0.848698 0.383796 0.853125 0.387500 0.855990 0.395833 0.857292 0.403241 0.857292 0.410185 0.856250 0.415278 0.854167 0.414352 0.849219 0.410185 0.846615 0.399537 0.842708 0.391667 0.842448 0.387500 0.843229
0 0.419907 0.847396 0.416667 0.850000 0.416667 0.854427 0.418981 0.857812 0.420833 0.858854 0.426389 0.860156 0.434259 0.860417 0.437963 0.859635 0.442593 0.857292 0.444444 0.854427 0.444444 0.849479 0.442130 0.847396 0.434259 0.845573 0.426389 0.845573
0 0.423611 0.834635 0.412500 0.834115 0.402778 0.836198 0.400000 0.838021 0.399537 0.842448 0.403241 0.844531 0.412963 0.847917 0.426389 0.845052 0.428241 0.844010 0.429630 0.841667 0.427315 0.836458
0 0.482407 0.837500 0.469907 0.841667 0.463657 0.843802 0.470833 0.849219 0.473148 0.850781 0.477778 0.852604 0.482870 0.853646 0.487963 0.852604 0.492593 0.849740 0.493981 0.845052 0.490741 0.840104
0 0.454167 0.842187 0.449537 0.844531 0.445833 0.850000 0.448148 0.853385 0.451389 0.855208 0.454167 0.855990 0.460648 0.855729 0.462963 0.854948 0.467130 0.849740 0.464352 0.843750 0.462037 0.842448
0 0.143519 0.795573 0.135648 0.796094 0.130093 0.799740 0.128241 0.802604 0.128704 0.807031 0.131019 0.810937 0.135185 0.813021 0.143519 0.812240 0.152315 0.806250 0.154167 0.804167 0.154630 0.802344 0.153704 0.800521 0.149537 0.796615
0 0.142593 0.781250 0.136574 0.779427 0.129167 0.779948 0.120370 0.784115 0.117593 0.786719 0.116204 0.790104 0.117593 0.795052 0.120370 0.796875 0.129167 0.797656 0.133796 0.796094 0.138426 0.793490 0.144907 0.787500 0.144907 0.783073
0 0.112500 0.799740 0.108333 0.797917 0.100463 0.798177 0.084722 0.802865 0.081481 0.804688 0.079630 0.806510 0.081019 0.808854 0.083333 0.810677 0.092593 0.813281 0.100926 0.813542 0.106481 0.812500 0.111574 0.809115 0.113426 0.806771 0.114352 0.802344
0 0.170370 0.765365 0.162500 0.766406 0.156481 0.771354 0.154167 0.775260 0.153704 0.780990 0.156019 0.784635 0.162500 0.785937 0.168056 0.785417 0.175000 0.783333 0.179167 0.779427 0.179630 0.773958 0.178704 0.771354
0 0.155556 0.788021 0.149537 0.790104 0.147222 0.795052 0.155556 0.803385 0.158796 0.804688 0.163426 0.805469 0.168519 0.804167 0.173148 0.801562 0.175000 0.798958 0.175926 0.794792 0.163426 0.788021
0 0.196759 0.780729 0.192130 0.779427 0.189352 0.779427 0.179630 0.781250 0.173611 0.784896 0.167130 0.786979 0.170833 0.791146 0.175926 0.793750 0.180556 0.794531 0.188426 0.794271 0.195833 0.792708 0.199074 0.790365 0.200926 0.787760 0.199537 0.783073
0 0.221759 0.771094 0.216667 0.769010 0.209259 0.767969 0.204167 0.767708 0.200000 0.768750 0.196296 0.770573 0.193519 0.773958 0.193056 0.776302 0.194444 0.779427 0.197685 0.780729 0.205093 0.780729 0.212037 0.779427 0.219444 0.776823 0.220833 0.775781
0 0.209722 0.754687 0.206944 0.755469 0.200000 0.759635 0.199074 0.763802 0.203241 0.766406 0.207407 0.767708 0.219907 0.769010 0.225926 0.766927 0.229630 0.764062 0.229630 0.758333 0.228704 0.756510 0.226389 0.755208 0.219444 0.753906
0 0.239352 0.751823 0.232407 0.753646 0.229630 0.755729 0.229630 0.764583 0.231481 0.766927 0.234722 0.768750 0.246759 0.770052 0.252778 0.766927 0.255093 0.763281 0.253241 0.760156 0.247685 0.754427 0.244444 0.752865
0 0.239815 0.769531 0.231944 0.769792 0.225463 0.772656 0.222222 0.775000 0.221759 0.779427 0.225463 0.782552 0.232407 0.784635 0.239815 0.783073 0.245833 0.778906 0.246296 0.774479 0.243519 0.770833
0 0.211574 0.780469 0.209259 0.782292 0.207407 0.786458 0.208333 0.789583 0.210648 0.791146 0.215741 0.792448 0.219444 0.795052 0.225926 0.797656 0.234722 0.794010 0.236111 0.791406 0.236574 0.786198 0.234722 0.784896 0.230556 0.784115 0.220370 0.780729
0 0.204167 0.791146 0.199074 0.793490 0.194907 0.798177 0.197685 0.805469 0.200463 0.805990 0.213889 0.805469 0.218056 0.803906 0.223148 0.798698 0.215278 0.792188 0.212500 0.791406
0 0.195370 0.800521 0.192130 0.799479 0.183796 0.800000 0.179167 0.801302 0.173611 0.803906 0.172222 0.807292 0.173611 0.811719 0.175463 0.814063 0.176852 0.814583 0.184259 0.814583 0.185648 0.813021 0.190278 0.810417 0.195370 0.809375 0.197222 0.808333 0.198611 0.805990 0.197222 0.802344
0 0.171759 0.805208 0.169907 0.804427 0.167593 0.805208 0.159259 0.805990 0.153241 0.807552 0.147685 0.810417 0.146759 0.814583 0.150463 0.816667 0.156019 0.818490 0.162500 0.819010 0.167593 0.818490 0.174074 0.814323 0.174074 0.809375
0 0.192593 0.810677 0.188889 0.811198 0.181944 0.815625 0.181019 0.817969 0.183333 0.823698 0.188889 0.827083 0.190741 0.829167 0.197685 0.827865 0.204167 0.822656 0.203241 0.820052 0.200926 0.817969 0.199537 0.811979
0 0.218981 0.805729 0.210648 0.806771 0.202778 0.810937 0.200463 0.813542 0.201389 0.818490 0.205093 0.821354 0.210185 0.822656 0.215741 0.822656 0.220370 0.821875 0.222685 0.820573 0.228241 0.810417 0.223611 0.807552
0 0.256944 0.813021 0.246296 0.809115 0.239352 0.808854 0.231944 0.810156 0.227315 0.812760 0.224074 0.817708 0.224537 0.821615 0.226389 0.823958 0.229630 0.825260 0.234259 0.825521 0.242593 0.823438 0.246759 0.821094 0.250926 0.820573 0.257870 0.814844
0 0.203704 0.827604 0.201389 0.829688 0.200463 0.834115 0.204630 0.838281 0.212963 0.840104 0.218981 0.839583 0.225000 0.837500 0.226852 0.835677 0.227778 0.829688 0.225000 0.827604 0.218981 0.825781 0.211574 0.825781
0 0.264352 0.782813 0.260648 0.780990 0.253704 0.779948 0.247222 0.780208 0.243056 0.781250 0.239815 0.783073 0.237963 0.785677 0.237500 0.792188 0.238426 0.794010 0.239352 0.794531 0.247222 0.794531 0.254167 0.793490 0.256944 0.792448 0.263889 0.787500
0 0.281944 0.782031 0.272685 0.782292 0.267130 0.784896 0.265278 0.786979 0.264815 0.791667 0.265741 0.793229 0.270370 0.796354 0.273611 0.797396 0.276389 0.796875 0.280093 0.794792 0.286574 0.793229 0.290741 0.790885 0.291204 0.786458 0.289815 0.784896 0.286574 0.783073
0 0.260648 0.793229 0.248148 0.794792 0.246296 0.796354 0.243981 0.806771 0.245370 0.808333 0.248611 0.809635 0.254167 0.810417 0.260648 0.808854 0.268056 0.803906 0.269907 0.799479 0.269444 0.797656 0.265741 0.794531
0 0.245370 0.795312 0.237963 0.795052 0.233796 0.795573 0.225463 0.799219 0.220370 0.802344 0.221296 0.806771 0.225463 0.808854 0.231481 0.810156 0.241667 0.808333 0.243519 0.806771 0.246296 0.798958
0 0.273611 0.808333 0.266667 0.807813 0.262500 0.809115 0.256481 0.813021 0.255093 0.815885 0.252315 0.818229 0.251852 0.822656 0.259722 0.825521 0.267593 0.825781 0.271296 0.824740 0.277315 0.819792 0.279167 0.815365 0.278241 0.810417
0 0.273611 0.796875 0.271296 0.798438 0.270370 0.800781 0.270370 0.804167 0.272222 0.807552 0.275926 0.809375 0.281343 0.812708 0.287500 0.809896 0.297361 0.809115 0.298750 0.806380 0.294444 0.802604 0.290278 0.798177 0.287963 0.797135 0.282870 0.796354
0 0.236111 0.739583 0.225000 0.737240 0.218981 0.737760 0.214815 0.739844 0.211574 0.743229 0.211574 0.745052 0.214352 0.748958 0.218519 0.751563 0.226852 0.751823 0.230556 0.750781 0.234259 0.748698 0.237500 0.744531 0.237500 0.741146
0 0.231944 0.727604 0.224537 0.730729 0.222222 0.736458 0.228241 0.738542 0.237037 0.739323 0.239028 0.743672 0.251481 0.739740 0.248148 0.732292 0.239815 0.727604
0 0.234722 0.720573 0.226389 0.717969 0.218519 0.717969 0.212963 0.720573 0.210648 0.724479 0.210185 0.735156 0.211574 0.738021 0.220833 0.735938 0.222685 0.734896 0.225926 0.730469 0.234259 0.726302
0 0.239815 0.700781 0.232407 0.701302 0.229630 0.702344 0.220833 0.708854 0.220370 0.714323 0.221759 0.716927 0.232407 0.720052 0.239815 0.720052 0.245833 0.716406 0.247222 0.713021 0.244444 0.708333 0.242593 0.702604
0 0.257870 0.707292 0.254630 0.708333 0.252315 0.710156 0.250926 0.712500 0.252315 0.716406 0.255093 0.718229 0.260185 0.720052 0.267593 0.720573 0.272222 0.719531 0.279167 0.715104 0.279630 0.712240 0.278704 0.710938 0.274537 0.708333 0.267593 0.706510
0 0.299074 0.697135 0.294907 0.696354 0.287963 0.697656 0.281019 0.697917 0.274537 0.700260 0.271759 0.702604 0.270370 0.704948 0.271759 0.707031 0.281019 0.711719 0.288889 0.711458 0.293519 0.710417 0.298611 0.707552 0.300926 0.704427 0.301852 0.700000
0 0.281019 0.684115 0.277778 0.685156 0.275000 0.689063 0.275926 0.693490 0.277778 0.695052 0.281019 0.696615 0.289352 0.697396 0.299074 0.695312 0.305093 0.689844 0.305093 0.689063 0.301389 0.686198 0.296296 0.684375 0.290278 0.683594
0 0.236111 0.693229 0.234722 0.697396 0.239815 0.700521 0.246759 0.702344 0.254630 0.702865 0.260648 0.702083 0.265278 0.700000 0.267593 0.697656 0.267130 0.692187 0.264815 0.690365 0.261574 0.689583 0.251852 0.689323 0.246296 0.689844
0 0.301852 0.678385 0.300000 0.680729 0.300000 0.682813 0.301852 0.686198 0.307870 0.688021 0.315278 0.689323 0.323148 0.689323 0.326389 0.688021 0.327315 0.686198 0.326389 0.681510 0.325000 0.679688 0.320370 0.677604 0.308333 0.675781
0 0.308333 0.688281 0.301852 0.692708 0.301389 0.697656 0.302778 0.701302 0.304630 0.703125 0.307407 0.704167 0.316667 0.704948 0.319444 0.704427 0.322685 0.702083 0.325926 0.696875 0.325926 0.692969 0.324537 0.690885 0.322222 0.689583
0 0.335648 0.695052 0.331019 0.696354 0.325926 0.699479 0.324537 0.701042 0.325463 0.705208 0.332407 0.711458 0.336574 0.712500 0.342593 0.712240 0.350000 0.708594 0.353704 0.705469 0.353704 0.704427 0.349074 0.698438 0.345370 0.696094
0 0.335648 0.675521 0.331019 0.676823 0.328241 0.678906 0.326852 0.681510 0.327778 0.688021 0.328704 0.689323 0.336574 0.693229 0.343981 0.693229 0.351852 0.690365 0.354167 0.685156 0.351389 0.681510 0.343981 0.677344 0.337963 0.675521
0 0.377778 0.693750 0.371759 0.691406 0.364352 0.691146 0.355093 0.693490 0.350000 0.697135 0.350926 0.701042 0.353241 0.703646 0.356944 0.704948 0.366204 0.704948 0.371759 0.704427 0.375463 0.703385 0.378704 0.701302 0.380093 0.696615
0 0.365741 0.706250 0.357407 0.704948 0.350926 0.707292 0.344907 0.710417 0.341667 0.712760 0.342593 0.717708 0.344907 0.719792 0.348611 0.720573 0.357870 0.720573 0.363889 0.719010 0.369444 0.713021 0.368981 0.708854
0 0.338426 0.719792 0.334722 0.719792 0.329630 0.721615 0.323148 0.728125 0.323611 0.732812 0.324537 0.734375 0.327315 0.735417 0.338426 0.735677 0.341204 0.734896 0.348148 0.729167 0.347685 0.725000 0.346296 0.723437
0 0.293981 0.727604 0.290741 0.732552 0.294907 0.737500 0.312963 0.737760 0.315741 0.737500 0.318056 0.736198 0.318981 0.731510 0.317593 0.728906 0.315278 0.727083 0.309722 0.726042 0.300000 0.726042 0.295370 0.726823
0 0.297222 0.710417 0.293519 0.712760 0.292593 0.716927 0.296296 0.719792 0.299537 0.723698 0.303241 0.725000 0.309259 0.725260 0.318519 0.722917 0.320833 0.721354 0.324074 0.716927 0.321759 0.712760 0.308796 0.709635 0.301389 0.709375
0 0.290278 0.714844 0.281019 0.714583 0.274537 0.717969 0.271759 0.721615 0.270833 0.725000 0.272685 0.728125 0.275000 0.729427 0.280556 0.730729 0.288426 0.729688 0.297222 0.724740 0.296296 0.719271 0.293519 0.716146
0 0.246296 0.717448 0.241204 0.720052 0.237963 0.724740 0.241667 0.728646 0.246296 0.730729 0.253704 0.731510 0.259259 0.729688 0.263889 0.727083 0.266204 0.724740 0.265741 0.722656 0.263889 0.720573 0.260648 0.720313 0.253704 0.717448
0 0.268056 0.727083 0.261111 0.728646 0.255093 0.732292 0.251852 0.735938 0.252315 0.740365 0.259722 0.742969 0.265278 0.742188 0.271296 0.739062 0.277778 0.732552 0.273611 0.729427
0 0.288426 0.730990 0.277778 0.733854 0.268519 0.740885 0.267593 0.744271 0.269907 0.748698 0.272222 0.750000 0.280556 0.751823 0.287963 0.751563 0.289815 0.750781 0.291204 0.748958 0.293056 0.734896 0.291667 0.732292
0 0.312037 0.738542 0.306944 0.737760 0.300926 0.737760 0.295370 0.739323 0.293056 0.740885 0.291667 0.743229 0.291667 0.751302 0.294907 0.754427 0.303241 0.754427 0.313426 0.748698 0.316667 0.745573 0.317130 0.743229 0.315278 0.740104
0 0.240278 0.742708 0.235648 0.747656 0.237037 0.750781 0.253241 0.756250 0.261111 0.756250 0.262963 0.755208 0.264352 0.752865 0.264352 0.747396 0.262500 0.744010 0.253704 0.741146 0.244907 0.741406
0 0.232407 0.667708 0.227778 0.669271 0.220370 0.673698 0.220833 0.677865 0.225926 0.680729 0.231481 0.682813 0.240278 0.683333 0.243981 0.681771 0.247222 0.677865 0.246296 0.673698 0.243981 0.670833 0.240278 0.668750
0 0.274537 0.670573 0.267130 0.669792 0.260648 0.671094 0.254630 0.673958 0.250926 0.681510 0.254630 0.684896 0.260648 0.685937 0.268519 0.684375 0.274537 0.681771 0.277778 0.678125 0.278241 0.673958
0 0.281019 0.662500 0.274537 0.665885 0.273148 0.669271 0.273611 0.670573 0.276852 0.672917 0.287963 0.676042 0.295370 0.676302 0.298148 0.671094 0.297685 0.665885 0.293981 0.663542 0.290741 0.662500
0 0.317593 0.661719 0.308796 0.663802 0.304630 0.665885 0.303704 0.670573 0.309259 0.675260 0.318056 0.677083 0.322222 0.678646 0.324074 0.678646 0.329630 0.677083 0.332870 0.673958 0.334259 0.670312 0.333333 0.666667 0.331944 0.664583 0.329167 0.662760 0.325000 0.661719
0 0.328704 0.641146 0.324537 0.640625 0.320833 0.641146 0.315741 0.645052 0.310185 0.647917 0.307407 0.650521 0.305556 0.654427 0.309259 0.657031 0.315741 0.659896 0.323611 0.660156 0.329167 0.656250 0.332407 0.645052 0.331944 0.642448
0 0.301389 0.626302 0.296759 0.627865 0.294444 0.629687 0.293519 0.639323 0.296296 0.645052 0.298148 0.646354 0.303241 0.647656 0.309722 0.647135 0.316667 0.643750 0.317593 0.642188 0.316667 0.636979 0.314352 0.633594 0.308333 0.629167 0.304167 0.626823
0 0.302778 0.647396 0.295370 0.644271 0.283333 0.646354 0.280556 0.649740 0.281944 0.657031 0.285185 0.657813 0.293981 0.658073 0.299074 0.657031 0.302315 0.654948 0.303704 0.652865 0.304167 0.649219
0 0.274537 0.644010 0.266204 0.645052 0.260185 0.650781 0.259259 0.652865 0.259722 0.658073 0.262500 0.659896 0.266667 0.660937 0.276852 0.660156 0.279630 0.659375 0.282407 0.657292 0.282870 0.653646 0.281019 0.646354
0 0.232407 0.636198 0.226852 0.639323 0.225926 0.641406 0.226852 0.646875 0.228704 0.648698 0.238889 0.653646 0.246296 0.653385 0.249074 0.650521 0.250926 0.646615 0.249537 0.641146 0.246296 0.638542 0.239815 0.635938
0 0.238889 0.626302 0.236574 0.629687 0.236574 0.632292 0.237963 0.634896 0.242593 0.637500 0.253241 0.641146 0.262963 0.638802 0.263426 0.634635 0.257407 0.628385 0.251389 0.625000 0.245370 0.624219
0 0.282870 0.622917 0.274537 0.623437 0.264815 0.629948 0.263889 0.631250 0.263889 0.635677 0.265741 0.637760 0.268056 0.638802 0.273611 0.639844 0.280093 0.639844 0.285648 0.638802 0.290278 0.636458 0.292130 0.632292 0.291667 0.628906 0.288426 0.625000
0 0.337037 0.610156 0.330093 0.612240 0.321759 0.616667 0.318519 0.619010 0.316667 0.623177 0.318981 0.626302 0.322222 0.628125 0.329167 0.630208 0.332870 0.629948 0.337963 0.628646 0.340278 0.626302 0.341204 0.614844 0.339352 0.611719
0 0.315278 0.634635 0.323611 0.638802 0.335648 0.642708 0.337963 0.642708 0.341667 0.641667 0.344907 0.639844 0.348611 0.635417 0.346759 0.630990 0.343519 0.629427 0.336111 0.629167 0.322685 0.633594
0 0.365278 0.632292 0.357407 0.632292 0.350926 0.634635 0.349074 0.638021 0.350463 0.645312 0.353241 0.646875 0.357870 0.647656 0.361111 0.645833 0.371759 0.642708 0.374537 0.639062 0.373611 0.634896
0 0.346296 0.644271 0.341204 0.644010 0.336574 0.645052 0.331481 0.648698 0.330556 0.654948 0.331944 0.656510 0.336111 0.658594 0.344444 0.658594 0.354167 0.654427 0.353241 0.648177
0 0.358796 0.646875 0.356019 0.650260 0.356944 0.654687 0.358333 0.655729 0.374537 0.658333 0.378241 0.659635 0.385648 0.657813 0.386574 0.654167 0.381944 0.648438 0.372685 0.644010 0.370370 0.643750 0.364352 0.644792
0 0.359722 0.657292 0.356944 0.658854 0.354630 0.661458 0.355093 0.666146 0.357870 0.667969 0.364352 0.670052 0.372685 0.669792 0.375463 0.669010 0.377778 0.666927 0.379630 0.663021 0.379630 0.660937 0.377778 0.658854 0.367130 0.656771
0 0.362037 0.681250 0.362500 0.685677 0.367593 0.689583 0.374537 0.692708 0.378241 0.695312 0.385648 0.694792 0.387037 0.693490 0.388426 0.688542 0.384259 0.681510 0.381944 0.679688 0.378704 0.678125 0.370833 0.677865
0 0.252778 0.609635 0.249074 0.611719 0.248611 0.623177 0.260648 0.628646 0.263889 0.626823 0.270370 0.625521 0.275463 0.622917 0.275926 0.619010 0.271759 0.614844 0.262963 0.610156 0.260648 0.609375
0 0.236111 0.608333 0.232407 0.608854 0.227315 0.612760 0.226389 0.614583 0.226389 0.619531 0.229630 0.622656 0.232870 0.624219 0.240278 0.625521 0.249537 0.622917 0.249537 0.613281 0.248611 0.611198 0.240741 0.608333
0 0.309722 0.605729 0.302315 0.603385 0.294444 0.603906 0.284259 0.609115 0.282870 0.610677 0.283796 0.615365 0.288426 0.617188 0.294907 0.617969 0.306019 0.617188 0.310648 0.616146 0.312963 0.614323 0.314352 0.611198
0 0.357870 0.599740 0.350463 0.601302 0.347222 0.604167 0.343981 0.610938 0.344907 0.615365 0.350000 0.616927 0.358333 0.615885 0.361574 0.614844 0.367130 0.611719 0.370370 0.607812 0.369444 0.603646 0.366204 0.601823
0 0.379167 0.612240 0.371296 0.612760 0.367593 0.614844 0.362037 0.622656 0.362500 0.626823 0.364352 0.628385 0.373611 0.628385 0.382870 0.626042 0.387037 0.623698 0.389815 0.618750 0.386574 0.615365
0 0.384259 0.596094 0.378704 0.597656 0.375000 0.600260 0.372222 0.603646 0.371759 0.608333 0.375000 0.611198 0.385648 0.614062 0.392593 0.612760 0.395370 0.607292 0.393519 0.605729 0.388889 0.597135 0.386574 0.596094
0 0.418519 0.592969 0.414815 0.592187 0.407407 0.592448 0.401852 0.593229 0.394444 0.595573 0.391204 0.598958 0.394444 0.605208 0.399537 0.607292 0.408333 0.604688 0.418056 0.599479 0.421296 0.595833
0 0.413426 0.604167 0.401852 0.606771 0.397685 0.608854 0.394907 0.615104 0.395370 0.619271 0.396759 0.620052 0.405093 0.621875 0.409259 0.621615 0.412500 0.620052 0.416204 0.616146 0.418519 0.611719 0.414815 0.607292
0 0.376389 0.636198 0.374537 0.638281 0.372685 0.642969 0.374537 0.645052 0.377778 0.646875 0.383796 0.647917 0.391204 0.647656 0.396759 0.646615 0.401852 0.644271 0.402778 0.642188 0.397222 0.635938 0.384722 0.633333
0 0.416204 0.648177 0.406481 0.645833 0.400000 0.646094 0.392130 0.648698 0.387037 0.649479 0.385648 0.651042 0.387500 0.654427 0.389352 0.654687 0.393519 0.657813 0.400000 0.658854 0.406481 0.659115 0.412963 0.658073 0.415278 0.657031 0.417130 0.651042
0 0.399074 0.659635 0.392130 0.658594 0.386574 0.659896 0.383796 0.661198 0.378241 0.665885 0.375463 0.669792 0.378241 0.673958 0.386111 0.674219 0.395833 0.672917 0.399537 0.671615 0.401852 0.669010 0.402778 0.665104 0.402315 0.661979
0 0.765278 0.443229 0.761111 0.441667 0.752778 0.441146 0.748148 0.442448 0.744907 0.445052 0.743056 0.449479 0.741204 0.451042 0.742593 0.454948 0.746759 0.456250 0.760648 0.454167 0.766204 0.452604 0.768519 0.450781 0.769907 0.446875
0 0.781019 0.440104 0.775463 0.443229 0.773148 0.446615 0.771296 0.451042 0.772685 0.454427 0.774537 0.455729 0.785648 0.457813 0.793056 0.457292 0.796296 0.455208 0.795833 0.449479 0.787500 0.442708
0 0.818981 0.450521 0.810185 0.447396 0.801852 0.447656 0.799537 0.448437 0.797222 0.450521 0.795833 0.455990 0.793056 0.458594 0.794907 0.463021 0.802315 0.463542 0.814352 0.457292 0.818519 0.456250 0.819907 0.455469
0 0.815278 0.456771 0.808796 0.459635 0.804167 0.462760 0.804630 0.467187 0.808796 0.470052 0.815278 0.472135 0.823148 0.472135 0.826852 0.470313 0.829167 0.467448 0.827778 0.461198 0.823148 0.456771
0 0.837037 0.443229 0.828241 0.444271 0.823148 0.447135 0.819907 0.450521 0.820833 0.455208 0.829630 0.461458 0.836111 0.461198 0.840741 0.459896 0.847685 0.451823 0.844444 0.445833
0 0.843981 0.454167 0.842130 0.459375 0.847685 0.462500 0.857407 0.464323 0.865278 0.464062 0.870370 0.462760 0.871759 0.458594 0.868519 0.455729 0.861574 0.452083 0.858333 0.451302 0.849537 0.451302
0 0.874074 0.445573 0.872685 0.447656 0.875000 0.452865 0.878704 0.455469 0.884722 0.456771 0.892130 0.455990 0.894444 0.455208 0.897685 0.452865 0.902315 0.447656 0.902315 0.446875 0.899537 0.445312 0.891667 0.444010 0.881019 0.444010 0.876852 0.444531
0 0.748148 0.464583 0.752315 0.466927 0.760648 0.467448 0.773611 0.463021 0.779167 0.461979 0.782870 0.458854 0.768056 0.453646 0.759259 0.453646 0.753704 0.454948 0.750926 0.456250 0.748148 0.460938
0 0.746759 0.469531 0.743519 0.471615 0.742593 0.473438 0.742593 0.477865 0.743981 0.479687 0.746759 0.481250 0.750926 0.482031 0.756019 0.482031 0.762037 0.480729 0.764815 0.478906 0.768056 0.475000 0.766204 0.471094 0.759259 0.469010 0.750000 0.469010
0 0.718056 0.462760 0.717593 0.466927 0.725463 0.469531 0.741667 0.470313 0.745833 0.469271 0.748611 0.467187 0.746759 0.461198 0.739352 0.458073 0.732407 0.457552 0.725926 0.458333
0 0.700000 0.452865 0.699074 0.455729 0.700463 0.458854 0.706019 0.462240 0.716667 0.462240 0.725000 0.459115 0.726389 0.454948 0.725000 0.452865 0.722222 0.451562 0.714352 0.450260 0.704630 0.450260
0 0.677778 0.445833 0.674537 0.447135 0.671296 0.451042 0.672685 0.455208 0.675463 0.457292 0.684259 0.458594 0.693981 0.455990 0.697222 0.454427 0.700000 0.450781 0.698148 0.448437 0.695833 0.447135 0.686574 0.445573
0 0.681019 0.460677 0.680093 0.462240 0.680556 0.465625 0.681944 0.466927 0.687500 0.469271 0.697685 0.471354 0.705556 0.471094 0.707870 0.470313 0.708796 0.468750 0.707870 0.463802 0.705093 0.461198 0.697685 0.456771 0.690741 0.456510
0 0.704167 0.471615 0.702315 0.472656 0.700926 0.474479 0.700000 0.478646 0.701389 0.483333 0.704630 0.487500 0.707870 0.488542 0.712500 0.489063 0.717593 0.488281 0.721296 0.486979 0.721759 0.481510 0.720370 0.478125 0.717130 0.474479 0.712037 0.470833
0 0.726852 0.480208 0.723611 0.481771 0.722222 0.484896 0.722222 0.486979 0.725926 0.491146 0.731944 0.492448 0.740278 0.492188 0.743056 0.491406 0.744907 0.490104 0.745370 0.488021 0.744907 0.483854 0.743056 0.481250 0.739815 0.479427 0.732407 0.478906
0 0.748611 0.491667 0.746759 0.494010 0.748611 0.498698 0.751389 0.500260 0.754630 0.501042 0.762037 0.501302 0.768519 0.500521 0.771296 0.499219 0.773148 0.493750 0.771296 0.491406 0.766204 0.489063 0.762037 0.488021 0.758333 0.488021 0.753704 0.489063
0 0.787963 0.490625 0.778704 0.490625 0.775926 0.491406 0.773148 0.493750 0.771759 0.497135 0.771759 0.502344 0.775000 0.504948 0.780556 0.506250 0.787500 0.505729 0.791204 0.504687 0.796296 0.498958 0.795833 0.494010 0.792130 0.491667
0 0.802778 0.484896 0.799537 0.486719 0.796759 0.489844 0.798148 0.494010 0.800000 0.495052 0.808333 0.497135 0.816204 0.497396 0.820833 0.496354 0.825463 0.494271 0.827778 0.490104 0.824537 0.486979 0.815278 0.484115 0.808796 0.483594
0 0.773148 0.472396 0.771296 0.473698 0.768056 0.478646 0.769907 0.482552 0.773611 0.484375 0.781019 0.485938 0.787963 0.485417 0.798148 0.480469 0.799074 0.478906 0.798148 0.477083 0.787963 0.472656 0.782407 0.471615
0 0.809259 0.504948 0.802778 0.503385 0.793981 0.504167 0.787037 0.508854 0.784722 0.513802 0.787963 0.515885 0.793056 0.516927 0.802778 0.516667 0.806944 0.515625 0.810185 0.513542 0.811574 0.510938 0.811111 0.507552
0 0.809722 0.514062 0.805556 0.517188 0.805093 0.523698 0.806019 0.525521 0.812037 0.530469 0.816204 0.532292 0.822222 0.530208 0.828704 0.525521 0.829630 0.519531 0.828241 0.517188 0.822222 0.514583
0 0.823148 0.502865 0.819907 0.505208 0.821759 0.513802 0.828241 0.517448 0.829630 0.519531 0.837037 0.521094 0.842593 0.510938 0.841667 0.505729 0.837963 0.503125 0.835648 0.502604 0.826852 0.502344
0 0.843981 0.508854 0.840278 0.514062 0.840278 0.517708 0.841667 0.521615 0.843981 0.524219 0.851389 0.524740 0.856944 0.521875 0.862500 0.517708 0.862963 0.513542 0.856944 0.509635 0.851852 0.508594
0 0.818056 0.533333 0.815278 0.537240 0.818056 0.541146 0.820370 0.542708 0.829167 0.545312 0.837500 0.545833 0.843056 0.544271 0.843981 0.543229 0.843981 0.539844 0.842593 0.536719 0.838889 0.533594 0.831019 0.531510 0.822685 0.531771
0 0.793981 0.517448 0.789815 0.520052 0.786111 0.526042 0.782870 0.529167 0.783333 0.531250 0.785185 0.533333 0.790741 0.535156 0.794907 0.535937 0.802315 0.535417 0.807407 0.533073 0.809722 0.528646 0.805093 0.524740 0.802315 0.518229 0.799537 0.517448
0 0.768981 0.514844 0.764815 0.516667 0.762963 0.520052 0.762963 0.522396 0.765278 0.526042 0.774537 0.530469 0.781481 0.531510 0.787037 0.525521 0.788889 0.521875 0.789352 0.517448 0.785648 0.514583 0.782407 0.513802 0.774074 0.514062
0 0.759722 0.527344 0.755556 0.529167 0.754167 0.530990 0.752778 0.537500 0.755093 0.541146 0.759722 0.544010 0.767593 0.544010 0.772222 0.542448 0.776852 0.539583 0.778704 0.537240 0.778704 0.533073 0.777315 0.531510 0.769907 0.528125 0.765278 0.527344
0 0.729630 0.517969 0.727315 0.519010 0.725926 0.520833 0.725926 0.526042 0.728241 0.528385 0.732407 0.530469 0.739815 0.531510 0.743981 0.529687 0.748611 0.525781 0.747222 0.521354 0.740278 0.518229 0.736111 0.517708
0 0.731019 0.497656 0.726852 0.499479 0.721759 0.505990 0.725926 0.511979 0.728241 0.513542 0.732407 0.514844 0.739352 0.514323 0.745370 0.510938 0.748611 0.505469 0.749074 0.501823 0.743981 0.498958 0.740278 0.497917
0 0.767593 0.501042 0.759259 0.501563 0.751852 0.503646 0.749074 0.505208 0.743519 0.513281 0.743981 0.514583 0.745833 0.515625 0.753241 0.515625 0.763426 0.513542 0.769444 0.511198 0.771296 0.508854 0.772222 0.505469
0 0.718056 0.489323 0.711574 0.490104 0.707870 0.491667 0.704167 0.494010 0.704167 0.496615 0.706019 0.499479 0.712037 0.503125 0.718981 0.503906 0.723611 0.502865 0.725463 0.501823 0.727778 0.497135 0.725463 0.491406 0.722685 0.490104
0 0.687037 0.477865 0.680556 0.482292 0.680556 0.487500 0.681944 0.490104 0.687500 0.491927 0.696759 0.493229 0.700926 0.493229 0.705093 0.492448 0.708333 0.489844 0.703241 0.486198 0.701852 0.481510 0.699537 0.478385 0.698148 0.477604 0.694444 0.477083 0.689815 0.477083
0 0.668981 0.470573 0.657870 0.474479 0.656944 0.478646 0.662963 0.482812 0.668981 0.484375 0.671759 0.484375 0.678704 0.482292 0.680556 0.480469 0.681481 0.477604 0.680556 0.474219 0.677778 0.471875 0.671759 0.470573
0 0.662963 0.456771 0.656944 0.459375 0.655093 0.463021 0.662500 0.469010 0.665278 0.469792 0.670833 0.470052 0.675926 0.467969 0.679167 0.464583 0.679630 0.459115 0.670833 0.456510
0 0.664352 0.448437 0.656944 0.446354 0.649074 0.446094 0.644907 0.447135 0.640278 0.451042 0.640741 0.455469 0.638889 0.458333 0.639352 0.462240 0.640741 0.462760 0.649537 0.462760 0.660185 0.458333 0.666204 0.454948 0.667130 0.450781
0 0.610185 0.442448 0.607917 0.449531 0.614907 0.452161 0.630093 0.452865 0.636111 0.452083 0.640278 0.449479 0.640741 0.446875 0.639352 0.445573 0.630556 0.442188 0.622222 0.440625 0.616343 0.438906
0 0.632870 0.453385 0.620833 0.452344 0.617130 0.453906 0.612037 0.459115 0.614352 0.463021 0.615741 0.467708 0.618056 0.469010 0.621759 0.469531 0.623611 0.468750 0.636111 0.459375 0.636111 0.455990 0.635185 0.454427
0 0.611111 0.451042 0.605556 0.447917 0.600926 0.447135 0.593519 0.447656 0.586574 0.450781 0.583796 0.455208 0.586111 0.458073 0.587500 0.458594 0.602778 0.458854 0.606481 0.458333 0.609722 0.457031 0.611111 0.455469
0 0.684259 0.817187 0.676852 0.817708 0.669907 0.821354 0.667593 0.821875 0.666204 0.823438 0.666204 0.827083 0.673148 0.831771 0.677315 0.832812 0.684722 0.833073 0.688426 0.832292 0.694444 0.826302 0.693056 0.822135 0.690741 0.819531 0.687037 0.817708
0 0.676852 0.799479 0.671759 0.802604 0.670833 0.807292 0.676389 0.812500 0.680093 0.814323 0.683796 0.815365 0.691204 0.815104 0.694907 0.813281 0.697222 0.810677 0.695833 0.806771 0.691667 0.801302 0.689352 0.800000 0.685185 0.798958
0 0.656019 0.802865 0.652315 0.804427 0.650463 0.806510 0.650000 0.811198 0.651852 0.814583 0.659722 0.821094 0.662500 0.821875 0.670370 0.821354 0.675000 0.817969 0.675926 0.813542 0.674537 0.810677 0.665741 0.804688
0 0.657407 0.788281 0.652315 0.790625 0.647222 0.794792 0.649074 0.799219 0.652778 0.801302 0.656944 0.802604 0.662963 0.803646 0.669444 0.803125 0.676389 0.798958 0.677778 0.794531 0.675463 0.790625 0.670370 0.788021 0.661111 0.787760
0 0.690278 0.783594 0.680093 0.785937 0.676389 0.788802 0.675926 0.791406 0.679167 0.795833 0.682407 0.797656 0.691204 0.800000 0.699537 0.798698 0.703704 0.795573 0.702778 0.790885 0.697222 0.785937 0.693981 0.784375
0 0.677778 0.767969 0.670370 0.766406 0.667130 0.766667 0.657407 0.768750 0.652778 0.771354 0.651389 0.776042 0.656944 0.780469 0.662500 0.783073 0.672222 0.782552 0.675463 0.781510 0.681019 0.778385 0.682870 0.776042 0.682407 0.772396 0.680556 0.769271
0 0.698148 0.765885 0.692130 0.767188 0.685185 0.771094 0.683796 0.773438 0.683796 0.776302 0.686574 0.779427 0.690741 0.780990 0.695833 0.781510 0.700463 0.781250 0.705093 0.779948 0.710185 0.776563 0.711111 0.774740 0.711111 0.770573 0.709722 0.769010 0.705093 0.766927
0 0.675926 0.752083 0.667130 0.754427 0.664352 0.755729 0.662037 0.760156 0.667593 0.765625 0.673148 0.767188 0.679167 0.767448 0.682870 0.766667 0.685648 0.765104 0.687500 0.761979 0.687963 0.758594 0.686111 0.755469 0.682407 0.753125
0 0.690278 0.739323 0.684722 0.741667 0.683796 0.743229 0.683796 0.748177 0.687963 0.752604 0.690741 0.758594 0.698148 0.758073 0.702315 0.755729 0.706019 0.752083 0.706019 0.744010 0.701852 0.741146 0.698148 0.739844
0 0.677778 0.736719 0.669444 0.735417 0.662037 0.736719 0.659259 0.738542 0.658333 0.740365 0.660648 0.744531 0.662963 0.754687 0.670370 0.754167 0.679167 0.749479 0.682870 0.744010 0.683796 0.740104
0 0.670370 0.723437 0.668519 0.724740 0.674074 0.735417 0.683796 0.739323 0.692130 0.738281 0.699537 0.733073 0.699537 0.730729 0.697685 0.728646 0.690278 0.725260 0.677778 0.723177
0 0.690741 0.706250 0.682870 0.705469 0.677315 0.705990 0.671759 0.707812 0.666667 0.710417 0.663889 0.712760 0.664815 0.716667 0.676852 0.721354 0.684259 0.720833 0.687963 0.718750 0.693056 0.713281 0.693519 0.708854
0 0.690741 0.714583 0.688889 0.716406 0.687037 0.720833 0.692130 0.726042 0.695370 0.727865 0.699537 0.728906 0.705093 0.729167 0.711111 0.727604 0.714815 0.725781 0.719907 0.720833 0.718056 0.718750 0.705093 0.716146 0.698148 0.713802
0 0.697685 0.688021 0.690278 0.686979 0.683333 0.688802 0.676389 0.689323 0.675000 0.690104 0.674537 0.694271 0.680556 0.698958 0.683333 0.700000 0.691204 0.699479 0.699074 0.695052 0.700926 0.693229 0.699537 0.689063
0 0.704167 0.671094 0.696296 0.671354 0.692593 0.673698 0.689352 0.677344 0.690741 0.684375 0.697685 0.688542 0.709259 0.684896 0.712963 0.682813 0.713889 0.681250 0.714352 0.676823 0.712963 0.675000 0.710185 0.673177
0 0.675926 0.674479 0.670370 0.675781 0.667130 0.677604 0.664352 0.680990 0.664815 0.685417 0.669444 0.688021 0.677778 0.690365 0.684259 0.689063 0.687963 0.686979 0.689815 0.683854 0.689815 0.680208 0.688426 0.677604 0.686111 0.676042 0.681019 0.674740
0 0.639815 0.684896 0.639352 0.686458 0.640741 0.689323 0.646759 0.694792 0.654167 0.695833 0.659259 0.695833 0.663426 0.695052 0.667593 0.689583 0.666667 0.686719 0.663889 0.684635 0.656481 0.682813 0.647685 0.682292 0.642593 0.683333
0 0.638889 0.701042 0.643056 0.707031 0.648148 0.708594 0.651389 0.708333 0.659259 0.705469 0.667130 0.704167 0.672685 0.701562 0.671296 0.699219 0.664352 0.696615 0.653704 0.695833 0.648148 0.695833 0.641204 0.698958
0 0.643056 0.709635 0.639352 0.715885 0.639352 0.717448 0.641204 0.720052 0.644444 0.721875 0.647685 0.722656 0.651389 0.722656 0.657407 0.721615 0.663889 0.716927 0.662963 0.712760 0.656481 0.710156 0.650000 0.708854
0 0.690278 0.641667 0.684259 0.640625 0.676389 0.641406 0.673611 0.643229 0.671759 0.645573 0.672222 0.650521 0.676852 0.654167 0.686111 0.654687 0.692593 0.653385 0.694907 0.652083 0.696296 0.649740 0.696759 0.645833 0.694444 0.643490
0 0.665278 0.635677 0.661111 0.635417 0.656019 0.635938 0.651852 0.637240 0.648148 0.639323 0.646759 0.643229 0.648148 0.647135 0.650926 0.648958 0.655093 0.650000 0.663426 0.650000 0.668056 0.648958 0.670370 0.647656 0.672685 0.642969 0.672222 0.640365 0.670833 0.638021
0 0.657407 0.653385 0.649074 0.652344 0.637500 0.655208 0.635185 0.656510 0.634259 0.657813 0.634259 0.662760 0.636111 0.664844 0.641667 0.667708 0.650000 0.667448 0.656481 0.663802 0.660185 0.658594 0.659722 0.655469
0 0.627778 0.668229 0.622685 0.669792 0.621759 0.674219 0.627315 0.681771 0.635648 0.684375 0.641204 0.682813 0.645370 0.680469 0.646759 0.678646 0.646759 0.673438 0.643056 0.670573 0.637037 0.668490
0 0.627778 0.682813 0.624074 0.683854 0.621296 0.686198 0.619907 0.692187 0.620833 0.695312 0.622685 0.697135 0.626389 0.698698 0.634722 0.699740 0.637963 0.699479 0.643056 0.697396 0.643981 0.692969 0.638426 0.689063 0.635185 0.685677 0.631944 0.683854
0 0.698611 0.646875 0.698148 0.651302 0.699537 0.654427 0.704630 0.657552 0.707407 0.658333 0.714352 0.658594 0.719444 0.658073 0.729167 0.654167 0.730556 0.650260 0.728704 0.648177 0.717130 0.645312 0.706481 0.644271 0.701389 0.645052
0 0.696296 0.625781 0.690741 0.626823 0.689352 0.627865 0.685648 0.635417 0.687037 0.638802 0.688889 0.640104 0.698148 0.644010 0.702315 0.642188 0.706481 0.635156 0.707407 0.630729 0.700926 0.626563 0.698611 0.625781
0 0.683796 0.626042 0.678704 0.624740 0.674537 0.624740 0.667130 0.626302 0.660185 0.630469 0.661574 0.634896 0.667593 0.636198 0.669444 0.637240 0.679167 0.636979 0.683796 0.635938 0.685648 0.634896 0.687037 0.631510 0.686111 0.628125
0 0.631944 0.615104 0.632407 0.619792 0.640278 0.622917 0.642593 0.624479 0.648148 0.625521 0.656481 0.625781 0.660185 0.623437 0.662037 0.618750 0.660648 0.615104 0.658333 0.613542 0.650463 0.611458 0.644444 0.611458 0.637500 0.612760
0 0.675000 0.607292 0.674074 0.611719 0.676389 0.615365 0.685185 0.620573 0.689815 0.621615 0.694907 0.621354 0.697685 0.620573 0.701389 0.618229 0.703241 0.614583 0.701852 0.611458 0.699074 0.609115 0.693981 0.607552 0.685185 0.606510
0 0.652315 0.596354 0.647222 0.599479 0.650000 0.604948 0.662500 0.609896 0.665741 0.610417 0.669907 0.612240 0.672222 0.611458 0.672685 0.607292 0.671296 0.601562 0.668981 0.598698 0.663426 0.596094 0.656019 0.595573
0 0.660648 0.582812 0.658333 0.583854 0.656019 0.586198 0.655556 0.592448 0.659259 0.594531 0.670833 0.597396 0.675926 0.595833 0.677315 0.594792 0.679167 0.589323 0.678704 0.586719 0.675463 0.583854 0.670370 0.582292
0 0.685648 0.590365 0.683333 0.591406 0.681944 0.595052 0.682870 0.600000 0.684722 0.603646 0.690278 0.606771 0.698148 0.607031 0.706019 0.603906 0.706019 0.600000 0.704167 0.595313 0.701389 0.593229 0.693056 0.590104 0.689352 0.589844
0 0.646759 0.571094 0.645833 0.572135 0.646759 0.576042 0.649537 0.579167 0.660648 0.581510 0.667593 0.581510 0.671759 0.580729 0.673148 0.578646 0.673148 0.574219 0.672222 0.572656 0.667130 0.569010 0.662963 0.567969 0.655093 0.567969 0.651389 0.568750
0 0.672685 0.561719 0.670833 0.563021 0.668056 0.568490 0.673148 0.572135 0.682407 0.574479 0.691204 0.574219 0.694444 0.572656 0.698611 0.568750 0.698611 0.564323 0.696296 0.562760 0.691204 0.561198 0.676852 0.560937
0 0.662963 0.546354 0.655556 0.548177 0.649537 0.551823 0.648611 0.553125 0.650463 0.556771 0.654630 0.559635 0.657870 0.560677 0.663889 0.561458 0.671759 0.560156 0.674074 0.559115 0.678241 0.552083 0.675926 0.548438 0.670833 0.547135
0 0.683796 0.545052 0.679630 0.548698 0.680556 0.553385 0.682870 0.554688 0.690278 0.556510 0.696296 0.557031 0.701852 0.556510 0.704167 0.554167 0.703704 0.548438 0.700926 0.545833 0.697685 0.544531 0.691204 0.543490
0 0.696296 0.527604 0.691667 0.528646 0.689352 0.530208 0.687500 0.532813 0.687037 0.537500 0.691204 0.540625 0.696759 0.542448 0.699074 0.542448 0.704630 0.540625 0.709259 0.537500 0.710185 0.533073 0.707870 0.529687 0.706019 0.528646
0 0.664352 0.535417 0.657870 0.534635 0.649537 0.535156 0.638889 0.538802 0.636111 0.540885 0.635648 0.543750 0.636111 0.546354 0.637963 0.548698 0.642130 0.550521 0.649537 0.551302 0.656019 0.548438 0.665278 0.542708 0.666667 0.536719
0 0.652315 0.520833 0.648611 0.525521 0.650463 0.528385 0.652778 0.529687 0.659722 0.531771 0.670370 0.532552 0.676389 0.530990 0.677778 0.528906 0.675463 0.525260 0.668056 0.519531 0.663426 0.518490 0.654630 0.519531
0 0.674537 0.504687 0.669907 0.505469 0.662963 0.509375 0.662500 0.513802 0.664352 0.515885 0.668056 0.517969 0.671296 0.519010 0.677778 0.519792 0.684259 0.517969 0.686111 0.514323 0.686111 0.510938 0.683333 0.507031 0.680093 0.505208
0 0.697685 0.497396 0.690741 0.498958 0.685648 0.502083 0.682407 0.505990 0.688426 0.510677 0.691204 0.511458 0.698148 0.511979 0.705093 0.509375 0.709259 0.505469 0.708796 0.501823 0.705556 0.499219
0 0.724074 0.507552 0.722222 0.506510 0.717130 0.505990 0.707407 0.507812 0.701852 0.510938 0.694444 0.513542 0.697222 0.517708 0.710185 0.519271 0.718056 0.519010 0.723148 0.517969 0.727315 0.513802
0 0.649537 0.495312 0.648148 0.497396 0.648611 0.501563 0.653241 0.505208 0.656019 0.505990 0.663889 0.506510 0.671296 0.504167 0.672685 0.502604 0.672685 0.497656 0.670370 0.495312 0.665741 0.494010 0.654630 0.493490 0.651852 0.494010
0 0.623611 0.482292 0.622685 0.487240 0.624537 0.489323 0.629630 0.492188 0.637500 0.493490 0.643981 0.493229 0.649537 0.491406 0.651852 0.488021 0.652315 0.485417 0.650926 0.482812 0.648148 0.481250 0.643056 0.480208 0.633333 0.479948 0.628241 0.480469
0 0.628241 0.465885 0.625463 0.470833 0.628241 0.473698 0.630556 0.474740 0.637500 0.476302 0.644907 0.477083 0.652315 0.476823 0.656944 0.474740 0.656019 0.470313 0.644907 0.464062 0.641204 0.463281 0.635185 0.463021 0.631481 0.464062
0 0.420370 0.658594 0.412500 0.658594 0.403241 0.661719 0.402778 0.667708 0.403704 0.669531 0.407407 0.671875 0.410185 0.672656 0.414352 0.672917 0.421759 0.671354 0.425463 0.668490 0.426389 0.666146 0.425463 0.661979
0 0.380556 0.674219 0.379630 0.677865 0.387500 0.684635 0.392130 0.686198 0.399537 0.686458 0.405556 0.683594 0.406944 0.681771 0.407870 0.677344 0.405556 0.675260 0.400000 0.672917 0.391667 0.672917
0 0.412500 0.675781 0.408796 0.677604 0.406481 0.681510 0.406944 0.685937 0.413889 0.689844 0.420833 0.690885 0.427315 0.688021 0.430093 0.685937 0.430556 0.680469 0.429630 0.679167 0.423148 0.676302 0.420370 0.675781
0 0.412963 0.692448 0.412037 0.697135 0.407407 0.701042 0.408333 0.704688 0.414815 0.708854 0.419444 0.709635 0.424074 0.709115 0.429167 0.707552 0.431944 0.705208 0.433333 0.701823 0.432407 0.698177 0.427315 0.694531 0.420370 0.692448
0 0.399074 0.687500 0.389815 0.691146 0.388426 0.692708 0.389815 0.697396 0.398148 0.700781 0.406481 0.700781 0.411111 0.697396 0.411111 0.690885 0.406481 0.688281
0 0.384259 0.696875 0.380556 0.701042 0.380556 0.709115 0.381944 0.710938 0.384722 0.712500 0.393519 0.712760 0.399537 0.711979 0.405093 0.709115 0.405093 0.705208 0.401852 0.702604 0.385648 0.696615
0 0.419444 0.717969 0.415278 0.717187 0.406019 0.717708 0.400926 0.719010 0.397685 0.720833 0.394907 0.724219 0.398148 0.729688 0.406019 0.731510 0.413426 0.730208 0.418056 0.727604 0.421296 0.724740 0.422685 0.720573
0 0.441204 0.709896 0.432870 0.710156 0.429630 0.711198 0.425000 0.716667 0.425000 0.721094 0.427778 0.722917 0.433796 0.724479 0.441204 0.723958 0.446296 0.721615 0.448611 0.719531 0.449537 0.716406 0.448148 0.712760
0 0.420833 0.732812 0.418056 0.734115 0.416667 0.735938 0.417130 0.740625 0.419444 0.743490 0.422222 0.745052 0.426389 0.746094 0.434259 0.745313 0.438426 0.743229 0.440741 0.740365 0.440278 0.735938 0.438889 0.734115 0.434259 0.732031 0.425000 0.731771
0 0.432870 0.748958 0.429167 0.748437 0.423148 0.748698 0.416667 0.749740 0.411574 0.751563 0.406944 0.755469 0.408333 0.759115 0.411574 0.761719 0.419907 0.764323 0.427778 0.762500 0.435648 0.755990 0.436111 0.751302 0.435185 0.750000
0 0.417593 0.777865 0.412963 0.778646 0.411574 0.779948 0.410648 0.783073 0.407870 0.786979 0.407870 0.789583 0.409259 0.793229 0.412037 0.796354 0.416204 0.797917 0.420833 0.798438 0.425463 0.796615 0.431481 0.791146 0.430093 0.782813 0.427778 0.779948 0.425000 0.778385
0 0.406481 0.776042 0.396296 0.776042 0.393056 0.777344 0.390278 0.782813 0.391204 0.786979 0.395370 0.791927 0.398611 0.792969 0.403704 0.792448 0.406944 0.791146 0.407407 0.786719 0.409722 0.783333 0.410648 0.779167
0 0.382870 0.756510 0.381019 0.758594 0.381019 0.763802 0.384259 0.766667 0.392130 0.769531 0.400000 0.769531 0.403241 0.768750 0.408333 0.763802 0.408333 0.759635 0.405556 0.756771 0.400000 0.755469 0.392130 0.755469
0 0.375463 0.740104 0.376389 0.744531 0.378241 0.746875 0.381019 0.748437 0.390278 0.750000 0.399537 0.750000 0.404167 0.747917 0.406481 0.744271 0.405556 0.740365 0.400926 0.737760 0.393056 0.736198 0.384722 0.736198 0.379630 0.737500
0 0.392593 0.724740 0.386111 0.722396 0.374537 0.723958 0.370833 0.726042 0.368981 0.728125 0.371296 0.733073 0.377778 0.734896 0.386574 0.734375 0.392593 0.733333 0.394444 0.731771 0.395833 0.728646
0 0.378704 0.710938 0.372222 0.712760 0.366667 0.716667 0.371296 0.721875 0.375926 0.723437 0.380093 0.723437 0.386574 0.721875 0.391204 0.716927 0.390278 0.714844 0.387963 0.713021
0 0.447685 0.720833 0.439815 0.724740 0.438889 0.728906 0.441667 0.734115 0.444907 0.735156 0.449074 0.735417 0.453241 0.734375 0.455093 0.732552 0.462037 0.728906 0.461574 0.724479 0.455093 0.721354
0 0.411111 0.803646 0.407870 0.805990 0.407870 0.811458 0.411574 0.814583 0.420370 0.816146 0.427778 0.815365 0.432407 0.813021 0.433796 0.811198 0.432407 0.807031 0.426852 0.804167 0.421296 0.802865 0.413889 0.802865
0 0.435185 0.792708 0.428704 0.794010 0.422222 0.798698 0.422685 0.802865 0.427315 0.805469 0.431019 0.806510 0.433796 0.808594 0.437963 0.807292 0.443519 0.806510 0.447222 0.804948 0.448611 0.803385 0.449074 0.798698 0.440741 0.793229
0 0.409722 0.796094 0.406019 0.795312 0.398148 0.795052 0.392593 0.796094 0.387963 0.798698 0.383796 0.802865 0.385648 0.806771 0.389815 0.809635 0.392130 0.810417 0.400000 0.810417 0.406944 0.807292 0.411574 0.802344 0.412037 0.798698
0 0.399537 0.813021 0.385185 0.813542 0.383333 0.814583 0.374537 0.816927 0.370833 0.818750 0.369444 0.821615 0.369907 0.824740 0.371759 0.827865 0.374537 0.830208 0.380093 0.830990 0.385185 0.830469 0.397685 0.821094 0.400926 0.814583
0 0.399074 0.820052 0.390278 0.826042 0.387037 0.830208 0.393981 0.834375 0.398611 0.836458 0.400463 0.836458 0.411574 0.834115 0.412963 0.829427 0.412500 0.824740 0.411111 0.822396 0.406944 0.820833
0 0.429630 0.816927 0.425000 0.816667 0.419907 0.817448 0.414815 0.822396 0.413426 0.825781 0.412963 0.831250 0.413889 0.832552 0.416667 0.833594 0.421296 0.833854 0.427315 0.832812 0.432870 0.829948 0.435185 0.827865 0.436574 0.822135 0.432870 0.818490
0 0.440278 0.828646 0.431481 0.831250 0.427778 0.833594 0.428704 0.838542 0.432407 0.841146 0.438426 0.842969 0.442130 0.843229 0.450463 0.840365 0.452778 0.838281 0.454630 0.833854 0.453241 0.831250 0.450926 0.829948
0 0.480093 0.827344 0.475463 0.826042 0.466204 0.827865 0.457407 0.832292 0.456019 0.835156 0.456019 0.838542 0.458333 0.840885 0.462500 0.841927 0.469444 0.841927 0.481481 0.837760 0.484259 0.834896 0.483333 0.829688
0 0.476852 0.812240 0.467593 0.811979 0.461574 0.812760 0.459722 0.813542 0.455556 0.817969 0.456019 0.822656 0.458796 0.824740 0.461574 0.825781 0.468981 0.826823 0.475926 0.825521 0.478704 0.823958 0.481481 0.817969 0.480093 0.814063
0 0.448148 0.805990 0.438426 0.808073 0.436111 0.809375 0.431944 0.814323 0.433796 0.819792 0.437500 0.822396 0.440741 0.823177 0.448611 0.822396 0.453241 0.820573 0.458333 0.814844 0.457407 0.810417 0.454167 0.808073
0 0.454630 0.797917 0.450463 0.802604 0.451389 0.806771 0.461111 0.811458 0.475926 0.810937 0.479167 0.808594 0.480556 0.806250 0.478241 0.802865 0.474537 0.800000 0.468981 0.796875 0.463426 0.795573 0.461111 0.795573
0 0.380556 0.805469 0.370833 0.805469 0.367593 0.806510 0.364352 0.808854 0.363426 0.810417 0.364352 0.817448 0.367315 0.820521 0.371296 0.819792 0.372685 0.818229 0.384259 0.814583 0.387037 0.811719 0.387500 0.810417 0.384722 0.807292
0 0.385648 0.786458 0.375000 0.787240 0.370370 0.788542 0.368056 0.790365 0.366667 0.795052 0.369907 0.798177 0.376389 0.800781 0.379630 0.801042 0.384722 0.800000 0.393981 0.795052 0.394444 0.790885 0.392593 0.788802
0 0.335648 0.794792 0.337500 0.799219 0.341667 0.803385 0.346759 0.805469 0.357870 0.805469 0.362037 0.803385 0.365741 0.798958 0.364352 0.794531 0.362500 0.793229 0.358333 0.791927 0.349074 0.791667
0 0.347685 0.806250 0.344444 0.807292 0.340278 0.810156 0.341204 0.815625 0.344444 0.818229 0.349074 0.820052 0.356944 0.819792 0.361111 0.818490 0.362963 0.815885 0.363426 0.810156 0.362500 0.808594 0.358333 0.805990
0 0.335648 0.814323 0.333796 0.813021 0.330556 0.812240 0.323148 0.812500 0.308333 0.816146 0.305093 0.818229 0.306019 0.820573 0.307870 0.822135 0.318056 0.825260 0.322222 0.826042 0.329630 0.825260 0.333333 0.823698 0.336111 0.820573 0.337037 0.817708
0 0.327778 0.795312 0.321759 0.796615 0.319444 0.797917 0.315741 0.802865 0.317593 0.807031 0.322685 0.810156 0.331481 0.811198 0.335648 0.810156 0.340278 0.806771 0.340278 0.802083 0.334722 0.796094 0.331481 0.795312
0 0.294907 0.792969 0.292130 0.794792 0.291204 0.798958 0.296759 0.804688 0.301852 0.807292 0.309259 0.807292 0.313426 0.804948 0.316667 0.798958 0.313426 0.794531 0.309259 0.792708 0.304630 0.792188 0.299537 0.792188
0 0.301389 0.824219 0.295370 0.826042 0.292130 0.828646 0.292130 0.836198 0.293519 0.838281 0.295833 0.839323 0.309259 0.840365 0.312500 0.839323 0.315741 0.835938 0.318056 0.829948 0.313426 0.827083 0.309259 0.825521
0 0.330093 0.827344 0.322685 0.828646 0.319444 0.830469 0.313426 0.837760 0.313426 0.841927 0.317130 0.844271 0.322222 0.845573 0.330093 0.844531 0.334722 0.841927 0.338426 0.837240 0.337500 0.830469 0.335185 0.828646
0 0.343519 0.824479 0.341667 0.825781 0.339352 0.829427 0.339352 0.834115 0.340741 0.836458 0.345833 0.838802 0.350000 0.839583 0.357870 0.838802 0.362037 0.837240 0.366204 0.834375 0.367130 0.830729 0.366204 0.829167 0.353241 0.823958 0.348148 0.823698
0 0.368519 0.833594 0.369444 0.837500 0.373611 0.842969 0.376389 0.844792 0.379630 0.845313 0.385185 0.844531 0.397222 0.840885 0.398611 0.839063 0.398611 0.837240 0.393981 0.833854 0.385648 0.830990 0.371296 0.830990
0 0.254167 0.824219 0.250000 0.824740 0.242593 0.828125 0.236111 0.832812 0.231481 0.837760 0.233333 0.841927 0.239352 0.845313 0.251852 0.844010 0.261574 0.838021 0.261574 0.833073 0.259259 0.826042
0 0.273611 0.825260 0.267593 0.826302 0.263889 0.827865 0.262500 0.829688 0.262500 0.835156 0.263889 0.838021 0.265741 0.839063 0.272685 0.840625 0.277778 0.840625 0.281481 0.840104 0.289352 0.834115 0.289352 0.830729 0.288426 0.829167 0.284259 0.827344
0 0.296759 0.809115 0.291667 0.809375 0.285185 0.810937 0.281944 0.813021 0.278704 0.818229 0.278704 0.822396 0.280093 0.825521 0.288426 0.827865 0.289815 0.826042 0.297222 0.824219 0.301389 0.821615 0.303704 0.819010 0.304630 0.814063 0.302315 0.811458
0 0.343981 0.777865 0.336574 0.776823 0.326389 0.782031 0.321759 0.786458 0.319907 0.790625 0.320370 0.795312 0.322222 0.796875 0.331944 0.795312 0.339352 0.792969 0.343519 0.792448 0.347685 0.790365 0.350000 0.787760 0.350926 0.783073 0.348611 0.780469
0 0.300463 0.779687 0.294907 0.782552 0.293981 0.787500 0.295370 0.789062 0.300000 0.791406 0.309722 0.792708 0.318519 0.787500 0.318981 0.783073 0.317593 0.781510 0.314352 0.779948 0.309722 0.778646
0 0.296296 0.761979 0.287500 0.761458 0.282870 0.763802 0.281019 0.766667 0.278241 0.768750 0.277315 0.771094 0.277315 0.775521 0.280093 0.778125 0.289352 0.778646 0.294907 0.776823 0.300000 0.773698 0.301389 0.771875 0.301852 0.766927 0.300463 0.764844
0 0.256019 0.765885 0.246296 0.771354 0.246296 0.775781 0.248148 0.777865 0.251852 0.779687 0.259722 0.780990 0.267593 0.780729 0.274537 0.778385 0.276852 0.776042 0.277315 0.772917 0.275926 0.768229 0.272685 0.766667 0.267593 0.765625 0.259259 0.765365
0 0.265278 0.750521 0.263889 0.752865 0.263889 0.755990 0.270370 0.761198 0.273148 0.762500 0.281481 0.763542 0.290278 0.761458 0.293056 0.760156 0.293056 0.755729 0.291204 0.753646 0.287963 0.751823 0.280556 0.751563 0.274537 0.749479 0.267130 0.749479
0 0.308333 0.753125 0.302778 0.755469 0.299537 0.758333 0.299074 0.763802 0.305556 0.769531 0.312037 0.770833 0.316204 0.773177 0.321759 0.766927 0.324537 0.759375 0.322685 0.755729 0.320833 0.754167 0.316204 0.752865
0 0.340278 0.763802 0.337500 0.763021 0.328241 0.763802 0.323148 0.765365 0.316667 0.769010 0.314352 0.771615 0.317593 0.775260 0.322222 0.777865 0.330556 0.778646 0.337500 0.775260 0.343981 0.773698 0.345833 0.771615 0.343981 0.765885
0 0.349537 0.770312 0.347222 0.771615 0.346296 0.775781 0.350463 0.782292 0.356019 0.785417 0.365278 0.785937 0.367130 0.784635 0.370370 0.779427 0.367130 0.771094 0.364352 0.770052 0.358333 0.769271
0 0.377778 0.765885 0.371296 0.768229 0.368981 0.771094 0.371296 0.779427 0.377778 0.782031 0.387500 0.781510 0.392593 0.779427 0.394444 0.775260 0.388889 0.769531 0.381019 0.766406
0 0.378241 0.754948 0.371759 0.752604 0.360185 0.753125 0.355556 0.753906 0.353241 0.755208 0.351389 0.758594 0.352315 0.763802 0.356019 0.765885 0.364352 0.767708 0.373611 0.766667 0.377778 0.764323 0.380093 0.760677 0.379630 0.756771
0 0.319907 0.745313 0.322685 0.748177 0.330093 0.748698 0.342130 0.746094 0.350000 0.741667 0.351852 0.739844 0.350463 0.737240 0.348611 0.736198 0.343981 0.735156 0.336574 0.735417 0.329167 0.734896 0.325000 0.735677 0.320833 0.737760 0.318519 0.739844
0 0.345833 0.743750 0.346296 0.747917 0.350926 0.752344 0.355093 0.753385 0.366204 0.753385 0.370833 0.752604 0.374537 0.750781 0.376389 0.748437 0.375463 0.745833 0.372685 0.742969 0.365278 0.739583 0.355556 0.739323 0.352315 0.739844
0 0.318981 0.751823 0.320370 0.754687 0.325463 0.759115 0.336111 0.762500 0.343981 0.762760 0.346296 0.761198 0.350000 0.756510 0.350000 0.751823 0.347685 0.749479 0.343981 0.747656 0.336574 0.747135 0.330093 0.748698 0.325000 0.749219
0 0.725926 0.831771 0.718519 0.833594 0.713426 0.838281 0.712037 0.841146 0.713889 0.845833 0.718519 0.848958 0.724074 0.849479 0.733333 0.848177 0.737037 0.845833 0.738426 0.842187 0.736111 0.837760 0.732870 0.835156
0 0.700926 0.825521 0.695833 0.826823 0.693519 0.828125 0.692130 0.829688 0.692130 0.833854 0.699537 0.840104 0.703704 0.841406 0.708333 0.841406 0.712037 0.840365 0.716667 0.834115 0.716204 0.829688 0.713426 0.827344 0.709722 0.825781 0.706019 0.825260
0 0.662500 0.823438 0.656019 0.822656 0.647685 0.825260 0.635185 0.827604 0.632407 0.829688 0.634259 0.834115 0.643519 0.838542 0.650000 0.839063 0.652778 0.838281 0.657407 0.835156 0.663889 0.827865 0.664352 0.825260
0 0.690741 0.818229 0.693981 0.823177 0.697222 0.824740 0.701389 0.825260 0.709259 0.825260 0.715741 0.823958 0.721296 0.821875 0.723611 0.818750 0.720370 0.815365 0.715741 0.813021 0.710648 0.812500 0.705556 0.811198 0.697685 0.810937
0 0.694444 0.800000 0.693056 0.801042 0.692593 0.802865 0.697685 0.809635 0.700926 0.811198 0.710648 0.813021 0.718056 0.812500 0.725463 0.807031 0.725463 0.802344 0.724074 0.800781 0.713426 0.797396 0.704167 0.797396 0.698148 0.799479
0 0.767130 0.791667 0.760185 0.791406 0.751852 0.793490 0.748611 0.795052 0.745833 0.798698 0.748148 0.802865 0.755556 0.807292 0.759722 0.808333 0.768056 0.807292 0.772222 0.804948 0.775000 0.801562 0.775926 0.798958 0.775000 0.795312
0 0.737037 0.812760 0.732870 0.813281 0.728704 0.816406 0.727315 0.818229 0.727778 0.822396 0.731019 0.826823 0.732870 0.827865 0.740278 0.829167 0.746759 0.827865 0.754167 0.824740 0.757870 0.821875 0.759722 0.817969 0.756019 0.815625 0.752315 0.814323 0.744444 0.813021
0 0.787963 0.797917 0.782407 0.802083 0.783333 0.811979 0.784722 0.814583 0.787500 0.815365 0.795370 0.815104 0.806019 0.810677 0.807870 0.807813 0.807870 0.805469 0.806481 0.803125 0.800463 0.800000 0.794444 0.798438
0 0.709722 0.779948 0.705556 0.780729 0.702778 0.782552 0.700463 0.785156 0.700000 0.787500 0.703241 0.791667 0.706019 0.793750 0.709259 0.795312 0.712963 0.795833 0.720370 0.793490 0.724074 0.787760 0.725000 0.783073 0.718981 0.780729
0 0.726389 0.784896 0.724074 0.786979 0.722685 0.791667 0.726852 0.797396 0.732407 0.799219 0.740278 0.798438 0.744444 0.797396 0.748148 0.795052 0.750000 0.791667 0.748148 0.788542 0.743981 0.786198 0.738426 0.784635 0.730556 0.784115
0 0.767130 0.777865 0.764352 0.779167 0.761111 0.782552 0.761574 0.788021 0.763426 0.790104 0.773611 0.794010 0.780093 0.794792 0.784259 0.794271 0.787500 0.791667 0.787500 0.786719 0.784722 0.782552 0.781019 0.779948 0.775463 0.778125
0 0.801389 0.776302 0.797222 0.777344 0.792593 0.779687 0.790278 0.783333 0.793056 0.787240 0.798611 0.790885 0.804167 0.793750 0.809722 0.794531 0.814352 0.792708 0.818519 0.787500 0.818056 0.782813 0.816204 0.780729 0.809259 0.777344
0 0.829630 0.779167 0.827315 0.784375 0.827315 0.787500 0.829630 0.789583 0.838889 0.794271 0.844444 0.794792 0.847685 0.794010 0.850000 0.792708 0.854630 0.787500 0.853241 0.783073 0.849074 0.780729 0.842130 0.778906 0.834259 0.778646
0 0.840278 0.760417 0.837500 0.762500 0.835648 0.767969 0.838889 0.772396 0.842593 0.774479 0.850463 0.776302 0.860648 0.776563 0.869398 0.777474 0.863889 0.771094 0.857870 0.764323 0.850000 0.760677 0.844444 0.759635
0 0.811111 0.754687 0.808333 0.756510 0.806481 0.759115 0.807407 0.762240 0.810185 0.764844 0.815741 0.767448 0.820833 0.768229 0.826389 0.767969 0.829630 0.766927 0.833796 0.764062 0.833333 0.759635 0.831481 0.757552 0.823611 0.753646 0.814352 0.753906
0 0.795833 0.755469 0.791204 0.754167 0.786574 0.753906 0.778704 0.755729 0.776389 0.757031 0.774074 0.760417 0.768981 0.763802 0.768981 0.767708 0.772685 0.768490 0.788889 0.767969 0.792593 0.766927 0.798148 0.763542 0.799537 0.760938 0.799537 0.759115
0 0.738426 0.756510 0.736574 0.759115 0.737963 0.762760 0.739815 0.764323 0.746296 0.766406 0.755093 0.766667 0.762963 0.764844 0.767130 0.762500 0.769444 0.760156 0.768981 0.758594 0.766667 0.756510 0.754630 0.753385 0.746296 0.752865 0.741204 0.754687
0 0.710648 0.750521 0.707870 0.751563 0.705093 0.755208 0.705556 0.759115 0.707870 0.764323 0.710185 0.766146 0.718056 0.768750 0.723148 0.768229 0.725926 0.767448 0.730093 0.763281 0.731019 0.760938 0.730093 0.755990 0.726852 0.753125 0.718981 0.750000
0 0.733333 0.734896 0.728241 0.734115 0.719444 0.734115 0.708796 0.738802 0.707407 0.740104 0.708796 0.744010 0.715278 0.748437 0.718519 0.749479 0.722222 0.749219 0.732870 0.746094 0.737500 0.740885 0.737037 0.737760
0 0.740741 0.715104 0.731019 0.714323 0.726389 0.715625 0.723148 0.717708 0.719444 0.725000 0.720833 0.729427 0.725000 0.732031 0.732870 0.730990 0.747222 0.722917 0.748611 0.720833 0.748148 0.719792
0 0.725926 0.703125 0.718056 0.703646 0.712037 0.704948 0.705093 0.705208 0.702315 0.705990 0.699537 0.708333 0.700000 0.712760 0.701852 0.714323 0.706944 0.716667 0.712963 0.717969 0.718981 0.718490 0.723611 0.717187 0.726389 0.715625 0.728704 0.713021
0 0.755093 0.714844 0.751389 0.716667 0.750000 0.718750 0.750926 0.725000 0.755556 0.727604 0.760648 0.729427 0.768519 0.729688 0.773148 0.727604 0.775463 0.723698 0.775926 0.720573 0.773611 0.717969 0.768056 0.714844 0.761111 0.714063
0 0.734722 0.729427 0.732870 0.732552 0.739815 0.738542 0.754167 0.741146 0.762963 0.741406 0.770833 0.740365 0.769907 0.736198 0.768056 0.736198 0.766667 0.735417 0.762037 0.730469 0.753241 0.726042 0.745370 0.725521 0.739815 0.726823
0 0.736111 0.744010 0.737037 0.748177 0.739815 0.750000 0.746296 0.752604 0.760648 0.754167 0.768056 0.755990 0.772685 0.754948 0.778241 0.752083 0.772222 0.748177 0.767593 0.747135 0.760648 0.742708 0.748611 0.739583 0.743519 0.739323 0.739815 0.739844
0 0.774074 0.733073 0.770833 0.736458 0.769444 0.739583 0.771759 0.746875 0.775000 0.750000 0.780093 0.752865 0.788889 0.752865 0.796296 0.748177 0.797222 0.745573 0.796759 0.741927 0.793981 0.740365 0.777315 0.734896
0 0.774074 0.728385 0.773611 0.732812 0.774537 0.733854 0.787037 0.739583 0.794907 0.741667 0.802315 0.741146 0.806019 0.739583 0.807870 0.736979 0.808333 0.733073 0.807870 0.731510 0.806019 0.730208 0.802315 0.729688 0.796759 0.727865 0.791204 0.727344
0 0.807407 0.736719 0.804167 0.737500 0.799074 0.741406 0.797222 0.748437 0.801852 0.751563 0.808333 0.753646 0.816204 0.753646 0.821296 0.751823 0.821296 0.744792 0.816204 0.738542 0.810648 0.736719
0 0.834722 0.727604 0.830556 0.727083 0.817130 0.727604 0.813889 0.729427 0.812500 0.731771 0.813426 0.736458 0.815741 0.738021 0.818056 0.741667 0.822685 0.744271 0.830093 0.744271 0.837037 0.740625 0.838426 0.731250 0.837037 0.728646
0 0.841667 0.739323 0.837037 0.740104 0.831944 0.743229 0.830556 0.745313 0.830556 0.748437 0.837037 0.752865 0.843981 0.754427 0.855093 0.752083 0.856944 0.749219 0.856019 0.743229 0.854167 0.741406 0.846759 0.739583
0 0.806944 0.717448 0.805093 0.720313 0.808796 0.726302 0.813426 0.727865 0.837037 0.727604 0.839815 0.725260 0.838426 0.719792 0.831481 0.717187 0.823148 0.716406 0.815741 0.714323
0 0.784722 0.711719 0.779167 0.714844 0.777778 0.716406 0.779630 0.721094 0.790278 0.726302 0.797685 0.728385 0.801852 0.730990 0.804630 0.730729 0.806944 0.729167 0.807407 0.724219 0.803704 0.716927 0.794444 0.711719 0.789815 0.710938
0 0.753241 0.696615 0.748611 0.700781 0.748148 0.705469 0.749537 0.707031 0.756944 0.710156 0.767130 0.713281 0.776389 0.713021 0.778241 0.711719 0.778704 0.708333 0.776852 0.704688 0.771296 0.699479 0.760648 0.695833
0 0.731944 0.697656 0.727315 0.700781 0.727315 0.709115 0.729167 0.713021 0.731481 0.714063 0.734722 0.714063 0.739815 0.713021 0.742130 0.709375 0.746296 0.705990 0.746759 0.703906 0.746296 0.701562 0.744907 0.700521 0.739815 0.698438
0 0.700463 0.696615 0.703241 0.703385 0.704630 0.704427 0.708333 0.704948 0.712963 0.704948 0.724537 0.702604 0.729630 0.700000 0.731481 0.697396 0.719444 0.691927 0.704630 0.692187
0 0.718056 0.675781 0.715741 0.677604 0.714352 0.680729 0.715278 0.685677 0.718981 0.688542 0.724537 0.690365 0.732870 0.689844 0.737963 0.685937 0.737963 0.681250 0.736111 0.678906 0.733796 0.677344 0.727315 0.675521
0 0.746296 0.669271 0.743519 0.672917 0.737500 0.677604 0.738426 0.682031 0.741667 0.685677 0.743981 0.686719 0.752778 0.689063 0.756944 0.688802 0.760185 0.687500 0.762037 0.685156 0.763426 0.681771 0.762037 0.677865 0.756019 0.671615 0.753704 0.670312
0 0.774074 0.680729 0.764352 0.684375 0.759259 0.689583 0.761111 0.693490 0.764815 0.695573 0.773148 0.698177 0.780556 0.697656 0.782870 0.696615 0.784722 0.694010 0.785185 0.689063 0.781481 0.682813
0 0.778704 0.677604 0.777778 0.681771 0.781481 0.684115 0.785648 0.688281 0.794444 0.690885 0.802778 0.690625 0.806944 0.688281 0.808796 0.685937 0.808796 0.681250 0.805556 0.678906 0.795370 0.676562 0.786111 0.676302
0 0.834722 0.685417 0.822685 0.684896 0.813426 0.686198 0.808796 0.687760 0.806944 0.689323 0.806481 0.693750 0.810185 0.697396 0.815741 0.701042 0.823148 0.701823 0.834722 0.695833 0.837500 0.690885 0.837037 0.687240
0 0.775926 0.701562 0.775463 0.705208 0.778241 0.707552 0.781019 0.708333 0.800463 0.708854 0.806019 0.708333 0.808796 0.707031 0.812037 0.701042 0.808333 0.697396 0.803241 0.695312 0.797222 0.694531 0.787963 0.694531
0 0.812963 0.703646 0.810648 0.704948 0.809722 0.709115 0.818056 0.715365 0.822222 0.716667 0.830093 0.716406 0.836574 0.713021 0.838426 0.708333 0.836111 0.704948 0.832870 0.703125 0.830093 0.702344 0.821296 0.701823
0 0.853241 0.692708 0.849074 0.692708 0.840741 0.694792 0.837963 0.696875 0.836574 0.700781 0.837500 0.703646 0.843519 0.709375 0.847222 0.710156 0.850463 0.712240 0.852778 0.709115 0.861574 0.704167 0.863426 0.701823 0.863889 0.696875 0.862500 0.695312 0.860185 0.694010
0 0.857870 0.705729 0.851852 0.708854 0.851852 0.713281 0.854630 0.717448 0.856944 0.719010 0.864352 0.721875 0.872685 0.720313 0.876852 0.717187 0.878241 0.713542 0.876389 0.709115 0.873148 0.707292 0.865278 0.705469
0 0.846296 0.717448 0.843056 0.719010 0.842130 0.722656 0.842593 0.728125 0.845833 0.731250 0.850926 0.734115 0.858333 0.735156 0.868056 0.732292 0.869444 0.731250 0.870370 0.728385 0.866204 0.722917 0.856944 0.718229 0.851389 0.717187
0 0.884722 0.768490 0.878241 0.770052 0.875926 0.771615 0.872685 0.779427 0.874074 0.783333 0.877778 0.786719 0.883333 0.787760 0.891667 0.787240 0.897685 0.784896 0.899074 0.783594 0.900000 0.779167 0.898611 0.775521 0.896296 0.773438 0.889352 0.769792
0 0.895370 0.760938 0.889352 0.763542 0.887037 0.767708 0.890278 0.770833 0.901389 0.777083 0.905556 0.778125 0.909259 0.777865 0.912963 0.776302 0.914352 0.772917 0.913426 0.768229 0.910185 0.763802 0.903704 0.760938 0.900926 0.760417
0 0.891204 0.731510 0.887500 0.734896 0.887037 0.736719 0.889352 0.740885 0.895833 0.744271 0.899074 0.745052 0.907407 0.745052 0.912500 0.743750 0.917593 0.740365 0.917130 0.735938 0.912037 0.732031 0.906481 0.730208 0.899537 0.729427
0 0.859259 0.735938 0.859259 0.740365 0.866204 0.744271 0.877778 0.746354 0.883796 0.745833 0.886574 0.744792 0.887963 0.739844 0.884259 0.735417 0.880556 0.733333 0.870833 0.731250 0.864352 0.732812
0 0.880556 0.704948 0.881481 0.709635 0.884259 0.713021 0.888889 0.715885 0.893056 0.717187 0.898148 0.717969 0.906019 0.717448 0.911111 0.715625 0.914815 0.713021 0.915278 0.708854 0.913426 0.707031 0.898611 0.703385 0.893519 0.702865 0.885185 0.702865 0.882870 0.703385
0 0.879630 0.689323 0.879167 0.693490 0.884259 0.696094 0.889815 0.697135 0.900000 0.697135 0.906944 0.693490 0.906481 0.689063 0.901852 0.686979 0.893519 0.685156 0.885648 0.685417
0 0.881019 0.678906 0.872685 0.677344 0.869907 0.677344 0.864352 0.678646 0.861111 0.682292 0.859722 0.690365 0.860648 0.693490 0.864352 0.695573 0.874074 0.693750 0.885648 0.685677 0.885648 0.681250
0 0.864815 0.663542 0.855556 0.663802 0.851389 0.664844 0.844444 0.669792 0.844444 0.673958 0.847685 0.676562 0.853241 0.679167 0.860185 0.679688 0.863889 0.678906 0.866667 0.677344 0.868056 0.674219 0.872685 0.670312 0.872685 0.665885
0 0.875926 0.653906 0.874537 0.658594 0.876852 0.662240 0.879630 0.663802 0.885648 0.665104 0.893056 0.664323 0.901389 0.661979 0.903704 0.658333 0.901852 0.654427 0.896759 0.652083 0.892130 0.651042 0.884259 0.650781 0.879630 0.651563
0 0.899537 0.630208 0.892130 0.629687 0.885648 0.630990 0.881019 0.633333 0.877778 0.636719 0.876852 0.638802 0.879167 0.642448 0.886111 0.646094 0.891204 0.646875 0.894444 0.646615 0.898611 0.645312 0.901389 0.642708 0.903704 0.638542 0.904167 0.634115 0.902315 0.631510
0 0.826852 0.630208 0.826852 0.632031 0.829630 0.635417 0.833796 0.637500 0.839815 0.639062 0.850926 0.640365 0.858333 0.637240 0.859259 0.635417 0.858333 0.631250 0.856944 0.629427 0.852778 0.627344 0.842130 0.626042 0.832407 0.627865
0 0.836574 0.638802 0.831944 0.639844 0.827315 0.642708 0.826389 0.645573 0.827315 0.649740 0.829630 0.652344 0.837500 0.654687 0.843981 0.655208 0.849537 0.653385 0.850926 0.652344 0.854630 0.646615 0.851852 0.641667 0.850000 0.640625 0.844907 0.639323
0 0.823148 0.644010 0.815741 0.642708 0.811574 0.645573 0.805093 0.647917 0.800926 0.650260 0.799074 0.654427 0.803704 0.657292 0.809722 0.658594 0.818056 0.658854 0.822685 0.658073 0.826389 0.656510 0.828241 0.654687 0.827778 0.649740 0.825463 0.645833
0 0.843519 0.657813 0.837037 0.656510 0.829630 0.656771 0.820833 0.659375 0.818519 0.661719 0.819444 0.666146 0.823148 0.669792 0.825926 0.671354 0.829630 0.672396 0.837500 0.671354 0.849074 0.666146 0.850463 0.661979 0.848611 0.660156
0 0.795833 0.655729 0.787963 0.655729 0.786111 0.656250 0.776852 0.661458 0.776389 0.666146 0.779167 0.669792 0.783796 0.671615 0.788889 0.672135 0.795370 0.670833 0.799074 0.669531 0.803241 0.666667 0.802778 0.661458 0.799074 0.657292
0 0.759722 0.655990 0.754630 0.656771 0.751852 0.658073 0.750000 0.661458 0.750000 0.666667 0.752778 0.669271 0.757870 0.671354 0.761111 0.671875 0.768519 0.669792 0.774074 0.666146 0.774537 0.661719 0.770370 0.658073
0 0.736574 0.642969 0.733333 0.644792 0.731481 0.648177 0.731944 0.652083 0.734722 0.654167 0.744907 0.655469 0.751389 0.655469 0.755093 0.654687 0.760648 0.651823 0.762037 0.646354 0.760648 0.644531 0.755093 0.641927 0.744907 0.640625
0 0.739352 0.628646 0.736111 0.627604 0.731481 0.627083 0.725000 0.628385 0.717130 0.631510 0.715741 0.633854 0.715278 0.639062 0.718519 0.641927 0.724074 0.642969 0.731944 0.642708 0.740278 0.640885 0.744444 0.638802 0.745833 0.636458 0.745833 0.634115
0 0.778704 0.622396 0.774074 0.624479 0.773148 0.625781 0.774074 0.631250 0.781019 0.635156 0.788426 0.635938 0.797222 0.630729 0.799537 0.627865 0.799537 0.626302 0.796759 0.624219 0.788426 0.622135
0 0.802315 0.632552 0.794907 0.632292 0.786574 0.636458 0.783796 0.640885 0.782407 0.645312 0.782870 0.647656 0.785648 0.649740 0.793519 0.651042 0.797222 0.650781 0.802778 0.649479 0.809722 0.646875 0.814815 0.643229 0.815278 0.642188 0.813889 0.638542 0.806944 0.634375
0 0.750463 0.615625 0.744907 0.619010 0.745833 0.623698 0.750926 0.628906 0.760185 0.633594 0.767593 0.634115 0.770370 0.630990 0.772222 0.624479 0.771759 0.621615 0.768981 0.618229 0.766204 0.616667 0.760648 0.615365 0.752778 0.615104
0 0.779167 0.540885 0.776852 0.545312 0.785185 0.552083 0.787500 0.552865 0.795370 0.553125 0.802315 0.551562 0.805556 0.548958 0.806019 0.544792 0.800463 0.540104 0.795370 0.538802 0.787037 0.538542
0 0.760185 0.545312 0.754630 0.547917 0.752315 0.553125 0.756944 0.561458 0.760185 0.563021 0.766204 0.562760 0.769444 0.561719 0.774074 0.558333 0.777315 0.553125 0.777778 0.548438 0.775000 0.546875 0.770370 0.545833
0 0.712037 0.536979 0.706944 0.541146 0.706481 0.545573 0.707870 0.548698 0.711574 0.550260 0.726852 0.550260 0.732870 0.550781 0.735185 0.549219 0.734722 0.544792 0.730556 0.539844 0.726852 0.537760 0.719907 0.536458
0 0.812963 0.548698 0.812037 0.553385 0.816204 0.557031 0.822222 0.558854 0.829167 0.559635 0.835648 0.559115 0.837963 0.558333 0.839352 0.556771 0.840278 0.552604 0.837037 0.549479 0.833796 0.547917 0.830093 0.546875 0.822222 0.546094 0.817130 0.546875
0 0.836574 0.559896 0.832407 0.560937 0.828704 0.563021 0.827315 0.568490 0.834722 0.573177 0.843981 0.574219 0.848611 0.572396 0.852315 0.569010 0.851852 0.564844 0.850000 0.563021 0.845370 0.560937
0 0.808796 0.567708 0.804630 0.570052 0.802778 0.572656 0.802778 0.576562 0.805093 0.579427 0.808796 0.581771 0.816667 0.582552 0.826852 0.580990 0.832407 0.576302 0.828241 0.570573 0.826389 0.569531 0.818519 0.567708
0 0.784259 0.554688 0.782407 0.556510 0.783796 0.560417 0.792130 0.564583 0.801389 0.566406 0.806481 0.565885 0.809722 0.564583 0.812500 0.560937 0.812963 0.556250 0.809259 0.554167 0.800463 0.552865 0.788426 0.553646
0 0.768519 0.562500 0.766204 0.565104 0.766204 0.568750 0.770370 0.571094 0.776389 0.573438 0.784722 0.575260 0.789352 0.575521 0.793056 0.575000 0.794444 0.574219 0.795833 0.571094 0.795833 0.567969 0.793519 0.565365 0.787963 0.561458 0.782870 0.560677 0.777315 0.560677 0.772222 0.561198
0 0.737037 0.566146 0.735185 0.567448 0.733796 0.573177 0.735648 0.575521 0.745370 0.578125 0.752778 0.578125 0.756019 0.577083 0.760185 0.573177 0.760185 0.569792 0.758796 0.566667 0.756019 0.565365 0.746759 0.564323
0 0.732407 0.567187 0.726852 0.565885 0.718056 0.565625 0.710648 0.567448 0.702778 0.572135 0.703704 0.576302 0.706019 0.578385 0.711111 0.580208 0.718519 0.580469 0.724537 0.578646 0.729167 0.576302 0.733333 0.572656 0.733796 0.568229
0 0.705093 0.580990 0.700463 0.583854 0.700463 0.588021 0.701852 0.590104 0.705093 0.592187 0.709722 0.592969 0.716667 0.592708 0.722222 0.591406 0.724074 0.590365 0.725463 0.588281 0.725000 0.585677 0.723611 0.583594 0.717593 0.580990 0.712500 0.580208
0 0.725463 0.587240 0.725926 0.590625 0.727315 0.592708 0.734259 0.596354 0.737500 0.597135 0.741204 0.597135 0.746296 0.595833 0.754167 0.591667 0.757870 0.588021 0.756944 0.586719 0.754167 0.585677 0.740741 0.584375 0.731019 0.584375 0.728241 0.585156
0 0.760185 0.573698 0.757407 0.577083 0.756944 0.582292 0.757407 0.583854 0.761111 0.585938 0.766667 0.587240 0.772685 0.586979 0.779630 0.585417 0.781481 0.584375 0.783333 0.579688 0.776389 0.574479 0.768056 0.572917
0 0.783796 0.581771 0.781481 0.583073 0.778704 0.587240 0.780093 0.589323 0.784259 0.592187 0.793519 0.595833 0.797685 0.596094 0.801852 0.595573 0.804630 0.591927 0.804630 0.587500 0.803704 0.585156 0.800926 0.582552 0.795370 0.580990
0 0.823148 0.582031 0.810648 0.583073 0.806481 0.585156 0.804630 0.588021 0.806481 0.591927 0.815278 0.595052 0.823148 0.595052 0.828241 0.591667 0.830093 0.588021 0.826852 0.583333
0 0.836574 0.585938 0.832870 0.587500 0.830093 0.590885 0.830556 0.595833 0.837037 0.599219 0.844907 0.599740 0.853704 0.595833 0.856019 0.591667 0.848611 0.587760 0.843981 0.586458
0 0.856944 0.611198 0.853241 0.612240 0.850000 0.614062 0.844444 0.619531 0.843519 0.623437 0.844907 0.625260 0.847685 0.626563 0.857870 0.628646 0.864815 0.626302 0.867130 0.623437 0.866667 0.618750 0.863889 0.614844 0.858796 0.611458
0 0.843981 0.607812 0.836574 0.607552 0.830093 0.608333 0.823611 0.610938 0.821759 0.615365 0.826389 0.620833 0.829630 0.623177 0.837037 0.623698 0.843056 0.622135 0.849537 0.615625 0.849537 0.611198 0.847685 0.609375
0 0.802778 0.613281 0.797685 0.618750 0.797685 0.619792 0.800463 0.622396 0.804167 0.624219 0.814352 0.627083 0.830093 0.627083 0.829167 0.626042 0.829167 0.622656 0.824537 0.617188 0.818981 0.612760 0.816204 0.611979 0.807870 0.611458
0 0.787500 0.601302 0.781944 0.603125 0.777315 0.611719 0.781944 0.615365 0.785185 0.616667 0.794444 0.618750 0.796759 0.618750 0.800463 0.617448 0.804630 0.611719 0.800926 0.603646 0.797222 0.601562 0.795370 0.601042
0 0.752315 0.603385 0.754167 0.607292 0.766667 0.612240 0.775926 0.612240 0.780556 0.608073 0.780556 0.603125 0.777315 0.600781 0.768981 0.599219 0.761574 0.599479
0 0.732407 0.607031 0.723148 0.611198 0.722222 0.615885 0.724537 0.618229 0.728704 0.619792 0.731481 0.620313 0.740278 0.620052 0.745370 0.617969 0.748148 0.615365 0.747222 0.610938 0.741667 0.607812
0 0.709722 0.597396 0.707870 0.599740 0.707407 0.603906 0.709259 0.606250 0.713889 0.609375 0.717593 0.610677 0.725000 0.610417 0.732407 0.607292 0.733796 0.603125 0.731944 0.601042 0.727315 0.598698 0.718981 0.596354 0.711574 0.596354
0 0.718981 0.617448 0.709722 0.618229 0.706944 0.619010 0.702778 0.621875 0.702315 0.624740 0.703241 0.627083 0.707407 0.629687 0.710648 0.630729 0.719907 0.630729 0.729630 0.627083 0.726852 0.621615
0 0.528241 0.438802 0.523148 0.439583 0.520370 0.441146 0.518981 0.442969 0.518981 0.447656 0.520370 0.451302 0.523611 0.455729 0.527315 0.457031 0.531944 0.457552 0.535648 0.455729 0.539352 0.451562 0.541204 0.447656 0.541204 0.442969 0.537963 0.440104 0.532870 0.438802
0 0.544907 0.446875 0.542593 0.448177 0.539352 0.453125 0.538889 0.455469 0.540278 0.459375 0.541667 0.460938 0.547222 0.463281 0.551389 0.464062 0.556944 0.463542 0.559722 0.462760 0.564352 0.459375 0.562963 0.453646 0.560185 0.450781 0.553704 0.447135
0 0.585648 0.443750 0.580093 0.442708 0.571296 0.443229 0.565741 0.444271 0.561111 0.447135 0.560185 0.451562 0.563889 0.454948 0.565741 0.459115 0.573148 0.458854 0.577315 0.457031 0.585185 0.455208 0.586111 0.450781 0.590741 0.447396
0 0.580556 0.455729 0.576852 0.456510 0.572685 0.458854 0.566667 0.459896 0.562963 0.462760 0.563426 0.468490 0.567593 0.471615 0.571759 0.473177 0.580556 0.472917 0.585648 0.471094 0.586574 0.470052 0.587037 0.465365 0.585185 0.458854 0.583796 0.457031
0 0.600000 0.459115 0.594907 0.459635 0.590741 0.461458 0.589352 0.463021 0.588426 0.467187 0.590278 0.469792 0.595833 0.472135 0.601389 0.472917 0.607870 0.470833 0.612037 0.470313 0.614352 0.469010 0.615278 0.465885 0.614352 0.462760 0.611111 0.460938 0.607870 0.459896
0 0.620833 0.470313 0.614352 0.469792 0.606481 0.471615 0.601389 0.474479 0.601389 0.479687 0.605556 0.483333 0.615278 0.484896 0.625926 0.480990 0.627315 0.479167 0.627778 0.474479 0.625926 0.472656
0 0.600463 0.483073 0.597222 0.485938 0.597685 0.490885 0.599074 0.492448 0.607407 0.495052 0.614352 0.493229 0.617593 0.490365 0.615741 0.485156 0.608796 0.482812
0 0.621296 0.490365 0.616667 0.492708 0.612500 0.496354 0.611574 0.497917 0.612500 0.502344 0.621296 0.507552 0.628704 0.507292 0.632870 0.505990 0.636574 0.501563 0.633796 0.496094 0.629167 0.491667 0.626852 0.490885
0 0.649537 0.501302 0.639815 0.502083 0.632870 0.506250 0.631481 0.507812 0.631019 0.511198 0.633333 0.515885 0.635648 0.517448 0.641667 0.519010 0.649537 0.518490 0.653704 0.514323 0.655093 0.509115
0 0.643981 0.526302 0.637500 0.525260 0.633333 0.525260 0.624074 0.527083 0.620833 0.528906 0.618519 0.531771 0.618056 0.533854 0.620370 0.536979 0.625463 0.539844 0.628241 0.540625 0.635648 0.540625 0.642593 0.536979 0.647685 0.529427 0.646759 0.527865
0 0.603241 0.510156 0.599074 0.513281 0.601852 0.517188 0.606481 0.519531 0.613426 0.521354 0.621759 0.524740 0.623611 0.522656 0.625000 0.518750 0.624537 0.513281 0.622222 0.509635 0.616667 0.508333 0.612037 0.508333
0 0.600000 0.494010 0.593981 0.495052 0.590278 0.496615 0.587037 0.501563 0.587037 0.503125 0.588426 0.505729 0.593519 0.508333 0.601389 0.509115 0.608796 0.504687 0.611111 0.502344 0.610185 0.497917 0.608333 0.495833 0.604630 0.494531
0 0.595833 0.477865 0.593519 0.477604 0.587500 0.478385 0.579167 0.480208 0.575926 0.482031 0.575463 0.486719 0.577315 0.490365 0.581019 0.492969 0.586574 0.495052 0.593519 0.493750 0.595833 0.491406 0.597685 0.485156 0.600000 0.482552 0.599074 0.479687
0 0.566667 0.473698 0.558796 0.474219 0.553704 0.478385 0.551389 0.482292 0.550926 0.486458 0.552315 0.488542 0.555093 0.489583 0.560185 0.489844 0.567593 0.487760 0.576389 0.482552 0.576389 0.478385
0 0.537500 0.461719 0.531019 0.462500 0.526852 0.464323 0.525000 0.466146 0.524537 0.470833 0.529630 0.476042 0.538889 0.480729 0.544907 0.477344 0.548611 0.472656 0.549537 0.470052 0.547222 0.464583 0.542593 0.462500
0 0.510185 0.457292 0.506019 0.459115 0.501852 0.462500 0.502315 0.469792 0.505093 0.472396 0.507870 0.473438 0.512963 0.473698 0.518519 0.473177 0.524074 0.471094 0.524537 0.466667 0.523148 0.462760 0.517130 0.457552
0 0.479630 0.459635 0.476389 0.462500 0.479630 0.468229 0.482407 0.469792 0.489815 0.470052 0.496296 0.472396 0.499537 0.471875 0.501852 0.470052 0.501852 0.465885 0.500000 0.461458 0.496296 0.458333 0.493056 0.457292 0.488426 0.457031
0 0.457407 0.466667 0.456944 0.471354 0.460185 0.473958 0.466204 0.475521 0.468519 0.476823 0.475926 0.476562 0.478241 0.475521 0.479630 0.472917 0.479630 0.469531 0.478241 0.466406 0.475463 0.463542 0.468056 0.463281
0 0.448148 0.473177 0.446296 0.475260 0.445370 0.482552 0.446759 0.483594 0.455093 0.486198 0.462037 0.486198 0.468981 0.484115 0.470833 0.482292 0.471759 0.478906 0.471296 0.477604 0.462963 0.473958 0.455093 0.472135
0 0.441204 0.472917 0.438889 0.474740 0.433796 0.475000 0.430093 0.474479 0.427315 0.473177 0.425000 0.473438 0.422685 0.474740 0.421296 0.482552 0.424074 0.486198 0.426852 0.488021 0.434259 0.488281 0.444907 0.482812 0.445370 0.477604 0.444444 0.475781 0.441667 0.474479
0 0.448148 0.484375 0.442593 0.485417 0.439815 0.486719 0.434722 0.493750 0.436574 0.498177 0.440741 0.500260 0.444907 0.500781 0.449537 0.500781 0.453241 0.499740 0.456019 0.498177 0.456481 0.496094 0.455556 0.489323 0.452315 0.486198
0 0.466204 0.487760 0.461574 0.488542 0.459259 0.489844 0.456944 0.492969 0.457407 0.498177 0.461111 0.500260 0.469444 0.501823 0.474074 0.500781 0.480093 0.498177 0.481481 0.493750 0.476852 0.489583 0.469907 0.487760
0 0.504167 0.472917 0.496296 0.473177 0.485648 0.477604 0.482870 0.482552 0.487037 0.485156 0.495370 0.486979 0.505556 0.486458 0.509722 0.484375 0.511574 0.482031 0.512037 0.478385 0.509259 0.475521
0 0.531481 0.477604 0.524074 0.477604 0.515741 0.479948 0.511574 0.482292 0.511111 0.486458 0.518056 0.490625 0.522222 0.491406 0.526389 0.491406 0.531481 0.490104 0.532870 0.487760 0.535185 0.486458 0.535648 0.484115 0.534722 0.479427
0 0.547685 0.486719 0.537963 0.485938 0.532407 0.487500 0.530093 0.490885 0.529630 0.494271 0.535185 0.499479 0.538426 0.500000 0.549074 0.497917 0.551389 0.496615 0.553241 0.494271 0.551852 0.489844 0.550463 0.487760
0 0.561111 0.490104 0.556944 0.493750 0.556944 0.498437 0.558796 0.500521 0.564352 0.501823 0.574537 0.501823 0.578241 0.500781 0.580556 0.498437 0.582407 0.494531 0.579630 0.491406 0.573611 0.489063 0.565278 0.488802
0 0.562037 0.503646 0.561111 0.506510 0.564352 0.510677 0.575000 0.515365 0.578704 0.516406 0.581481 0.516406 0.587037 0.514844 0.589815 0.513021 0.592130 0.509375 0.590278 0.506250 0.587037 0.504427 0.581481 0.503125 0.574074 0.502344 0.565278 0.502344
0 0.552315 0.498698 0.544907 0.498698 0.534259 0.501302 0.531481 0.505990 0.536111 0.509375 0.539352 0.510417 0.546759 0.510938 0.550000 0.510156 0.553241 0.508333 0.555556 0.505990 0.556019 0.501823
0 0.524537 0.494271 0.516667 0.494531 0.513426 0.495573 0.510185 0.498177 0.509259 0.502604 0.507407 0.505729 0.508333 0.509635 0.507870 0.513802 0.509444 0.512240 0.512500 0.511224 0.514352 0.510677 0.524537 0.508594 0.530556 0.505469 0.533796 0.502083 0.531481 0.497917 0.528241 0.495573
0 0.503704 0.494531 0.496296 0.494271 0.486111 0.497917 0.483796 0.501042 0.483796 0.506250 0.489352 0.509635 0.496759 0.510677 0.499074 0.509635 0.504630 0.508594 0.506481 0.507552 0.509259 0.502604 0.509259 0.497917
0 0.468519 0.504948 0.462037 0.507031 0.460648 0.509115 0.460648 0.513802 0.467593 0.518750 0.475926 0.520312 0.479167 0.519271 0.487037 0.514323 0.488889 0.509635 0.482870 0.506250 0.476389 0.505208
0 0.447222 0.502083 0.440278 0.503125 0.437037 0.505729 0.436111 0.510156 0.440741 0.517448 0.443519 0.517708 0.448148 0.519271 0.448611 0.517708 0.457870 0.513542 0.459259 0.510938 0.458796 0.505469 0.454630 0.503125
0 0.426852 0.494271 0.420833 0.496094 0.416204 0.498437 0.413426 0.502344 0.415741 0.506250 0.418519 0.508333 0.425926 0.510156 0.429167 0.510156 0.434259 0.508333 0.438889 0.501563 0.437500 0.498177 0.434259 0.495312
0 0.438426 0.513542 0.433796 0.510938 0.427778 0.509635 0.419907 0.509375 0.413426 0.510677 0.409259 0.513542 0.408796 0.518750 0.409722 0.521875 0.412500 0.523438 0.421759 0.523438 0.426852 0.522396 0.434722 0.518229 0.437037 0.517708
0 0.445370 0.518490 0.440278 0.517969 0.430093 0.521354 0.426852 0.524740 0.426389 0.527083 0.424537 0.529167 0.425000 0.530208 0.429630 0.534375 0.433796 0.536198 0.438889 0.533854 0.450000 0.530469 0.453241 0.527865 0.454167 0.524740 0.449537 0.520052
0 0.468056 0.520833 0.461111 0.522135 0.456019 0.524219 0.453241 0.529427 0.459259 0.534115 0.463426 0.535156 0.469907 0.535677 0.474074 0.534635 0.476852 0.532552 0.478241 0.529948 0.478241 0.524740 0.475000 0.522135
0 0.489352 0.511458 0.479630 0.519010 0.478241 0.521354 0.479630 0.525781 0.482870 0.527865 0.488889 0.529948 0.499074 0.529427 0.501852 0.528646 0.503241 0.526563 0.503241 0.525000 0.500463 0.521354 0.500000 0.516927 0.496296 0.512500
0 0.532407 0.515104 0.523611 0.510417 0.516204 0.510156 0.512963 0.510677 0.508333 0.512500 0.505093 0.515885 0.501389 0.517448 0.500463 0.521875 0.503704 0.524740 0.509722 0.525781 0.518519 0.524219 0.528704 0.523698 0.531481 0.522917 0.533333 0.519531 0.533796 0.516927
0 0.566667 0.511458 0.560648 0.511458 0.556019 0.512240 0.553704 0.513542 0.550463 0.517188 0.555556 0.525521 0.558333 0.526823 0.575000 0.521875 0.578241 0.517448 0.575926 0.515625
0 0.539352 0.517188 0.537037 0.517448 0.534259 0.519010 0.531481 0.523698 0.531481 0.529948 0.532870 0.531510 0.537963 0.534115 0.542130 0.533073 0.545370 0.533073 0.549537 0.531510 0.552778 0.529687 0.555556 0.525781 0.554167 0.521875 0.550926 0.519010
0 0.508333 0.529167 0.507407 0.533594 0.509722 0.535677 0.514815 0.538021 0.518519 0.538542 0.534259 0.538542 0.538426 0.538021 0.539352 0.537240 0.537500 0.533073 0.533333 0.531771 0.530093 0.527344 0.525463 0.525000 0.514815 0.525260 0.512037 0.526302
0 0.539815 0.537760 0.538426 0.545573 0.540278 0.548177 0.542130 0.549219 0.549074 0.550260 0.557407 0.550260 0.566667 0.548438 0.569444 0.547135 0.569907 0.544531 0.567593 0.542188 0.562500 0.539323 0.550926 0.536979 0.544907 0.536719
0 0.581944 0.528906 0.578704 0.528646 0.572685 0.529427 0.566667 0.533073 0.564352 0.537240 0.566667 0.541146 0.570370 0.542969 0.581944 0.543229 0.586574 0.542188 0.589815 0.539844 0.591204 0.537500 0.590741 0.533073 0.585648 0.529948
0 0.586574 0.523177 0.585648 0.526042 0.587500 0.529427 0.592130 0.532813 0.598148 0.534375 0.602315 0.534375 0.607870 0.532813 0.612500 0.525781 0.611574 0.523438 0.609259 0.522135 0.592130 0.521354 0.588426 0.522135
0 0.594907 0.535677 0.591667 0.540625 0.592130 0.542448 0.593981 0.545052 0.595833 0.546094 0.600463 0.547135 0.610185 0.547396 0.619907 0.546094 0.623148 0.545052 0.626852 0.541146 0.619907 0.536719 0.608333 0.534115 0.598611 0.534635
0 0.612037 0.553646 0.612963 0.556771 0.621296 0.560156 0.629167 0.560156 0.637037 0.557813 0.644444 0.552604 0.633796 0.547656 0.621296 0.546875 0.617593 0.547917 0.613889 0.550000
0 0.599074 0.556510 0.597685 0.559115 0.597685 0.563542 0.600000 0.568490 0.607407 0.571615 0.616667 0.570573 0.619907 0.568490 0.621296 0.565104 0.621296 0.560156 0.618519 0.558594 0.610185 0.555990 0.606019 0.555729
0 0.563889 0.548438 0.560185 0.549479 0.557407 0.551823 0.557870 0.556771 0.561574 0.560156 0.565741 0.562240 0.573148 0.562240 0.577778 0.557031 0.576389 0.552344 0.573148 0.549219 0.567593 0.548177
0 0.518981 0.559375 0.519907 0.561979 0.524074 0.564583 0.531481 0.565625 0.554167 0.560677 0.555093 0.556510 0.545370 0.555469 0.538426 0.553125 0.530556 0.551823 0.524074 0.552604 0.522222 0.553385 0.519907 0.556250
0 0.533796 0.538802 0.518056 0.538281 0.514352 0.539323 0.510648 0.541406 0.508796 0.544271 0.510185 0.547656 0.512500 0.550260 0.517130 0.551823 0.524074 0.551562 0.532407 0.548177 0.536574 0.545312 0.536574 0.540365
0 0.496296 0.529427 0.489815 0.530208 0.486574 0.531510 0.483796 0.534896 0.483333 0.537760 0.485648 0.540625 0.489352 0.542448 0.497685 0.543490 0.501852 0.542448 0.504630 0.540885 0.506481 0.538281 0.506481 0.535937 0.503241 0.530729
0 0.437037 0.537500 0.434722 0.541406 0.437037 0.545052 0.439352 0.546354 0.446296 0.548177 0.454630 0.549219 0.463889 0.548698 0.466204 0.547917 0.467130 0.544792 0.459259 0.539062 0.449074 0.534635 0.447222 0.534375 0.440741 0.535156
0 0.456481 0.550000 0.454630 0.552344 0.455093 0.557552 0.456481 0.559896 0.460185 0.562240 0.464352 0.563542 0.469907 0.564063 0.474537 0.563281 0.481944 0.560677 0.482407 0.556510 0.468981 0.549219 0.460648 0.548698
0 0.518981 0.552604 0.510185 0.551562 0.503241 0.553125 0.496759 0.556510 0.495370 0.560937 0.498148 0.564323 0.500463 0.565625 0.502778 0.566146 0.509722 0.565365 0.512963 0.563542 0.519444 0.556771
0 0.492593 0.564844 0.481944 0.562500 0.471296 0.565104 0.469444 0.569531 0.469444 0.573438 0.470833 0.575521 0.475926 0.577344 0.478704 0.576042 0.485185 0.575260 0.492593 0.573177 0.494907 0.571875 0.495833 0.570052 0.495370 0.566667
0 0.462037 0.563542 0.452778 0.564844 0.444907 0.568229 0.449074 0.575521 0.454630 0.577604 0.462963 0.577604 0.467130 0.575521 0.469444 0.573177 0.470370 0.568750 0.469444 0.566146
0 0.433796 0.550781 0.431944 0.552344 0.431944 0.557292 0.433333 0.559375 0.436574 0.561198 0.439815 0.561979 0.449074 0.561979 0.454167 0.560677 0.455093 0.554948 0.453704 0.551042 0.451852 0.549740 0.448611 0.548958 0.440741 0.548438
0 0.431481 0.539583 0.424537 0.539062 0.411111 0.540885 0.404398 0.542448 0.409722 0.548958 0.418056 0.551562 0.427315 0.551562 0.429630 0.550781 0.431944 0.548958 0.434259 0.545312 0.433333 0.541146
0 0.417130 0.562500 0.414352 0.564323 0.414352 0.568490 0.419907 0.573177 0.428704 0.577604 0.434722 0.578646 0.438426 0.576562 0.439352 0.575000 0.438889 0.568490 0.435185 0.563281 0.433796 0.562240 0.427778 0.561198
0 0.522222 0.837760 0.510648 0.832812 0.502315 0.833333 0.498148 0.834635 0.493056 0.837500 0.492593 0.842187 0.493981 0.844271 0.497222 0.846615 0.502778 0.847656 0.510648 0.847656 0.514352 0.845833 0.519444 0.844531 0.523148 0.842448 0.523611 0.841406
0 0.530093 0.823438 0.514352 0.827344 0.510185 0.829688 0.511111 0.833854 0.517130 0.836198 0.525463 0.838542 0.531944 0.838802 0.536574 0.838281 0.540278 0.836719 0.542130 0.834115 0.542593 0.829948 0.538426 0.824479
0 0.544907 0.818490 0.540278 0.821875 0.540278 0.826302 0.544907 0.833073 0.547685 0.834896 0.551852 0.835938 0.560185 0.835417 0.563889 0.834635 0.567593 0.830208 0.566204 0.826042 0.561574 0.823177 0.557407 0.821615
0 0.593981 0.820312 0.585648 0.820573 0.579167 0.825000 0.570833 0.828385 0.568056 0.834375 0.571296 0.838281 0.580093 0.840365 0.586574 0.838802 0.588889 0.837500 0.592130 0.834115 0.594907 0.829167 0.596759 0.822135
0 0.621759 0.817187 0.614815 0.818750 0.607407 0.822135 0.604630 0.826302 0.606481 0.830990 0.609259 0.832552 0.613426 0.833594 0.622222 0.833854 0.628241 0.830208 0.630093 0.827083 0.630093 0.824479 0.627778 0.820312
0 0.642130 0.810677 0.631019 0.815625 0.629630 0.819010 0.632870 0.821875 0.638426 0.824740 0.642593 0.826042 0.649074 0.825260 0.654167 0.822396 0.654167 0.818229 0.649537 0.811979
0 0.641667 0.795052 0.634722 0.794531 0.630556 0.796354 0.628704 0.798438 0.628704 0.803385 0.626852 0.808594 0.626852 0.811719 0.628241 0.814844 0.634259 0.812760 0.643981 0.811458 0.648148 0.807292 0.649537 0.803385 0.648611 0.800260 0.645370 0.796875
0 0.614352 0.794010 0.607870 0.796094 0.603704 0.798698 0.602778 0.803125 0.605556 0.805469 0.622222 0.808594 0.626389 0.806771 0.627778 0.804948 0.628241 0.801042 0.627315 0.798177 0.623611 0.795833 0.617593 0.795052
0 0.591667 0.785937 0.586574 0.787760 0.581944 0.790885 0.583796 0.794271 0.587037 0.797917 0.589815 0.799479 0.595833 0.800260 0.601389 0.800260 0.608333 0.796094 0.612963 0.795052 0.612963 0.790885 0.610185 0.789062 0.605556 0.787500 0.593981 0.785677
0 0.627778 0.776563 0.619444 0.778385 0.616667 0.779948 0.614815 0.783073 0.611574 0.785677 0.611111 0.787500 0.613889 0.792188 0.616667 0.794531 0.621296 0.795833 0.628704 0.796615 0.634259 0.794531 0.636574 0.792188 0.637037 0.790104 0.636574 0.786979 0.633333 0.783073 0.631019 0.777865 0.629630 0.776823
0 0.635648 0.773438 0.632407 0.775260 0.631481 0.778385 0.632870 0.783333 0.635648 0.786198 0.641204 0.788542 0.651852 0.788542 0.658796 0.787240 0.659259 0.783073 0.649537 0.773958 0.649583 0.770339
0 0.633333 0.765365 0.628704 0.764062 0.620370 0.763802 0.612037 0.765365 0.608333 0.766927 0.607870 0.771615 0.614352 0.778125 0.623148 0.777344 0.632870 0.774740 0.636111 0.773177 0.637500 0.771875 0.637037 0.767708
0 0.594444 0.770312 0.591204 0.771615 0.588426 0.776302 0.587963 0.779427 0.590741 0.784115 0.592593 0.785417 0.599537 0.786719 0.606944 0.786198 0.611111 0.783333 0.612037 0.778385 0.607870 0.771354 0.604167 0.770052 0.599074 0.769792
0 0.560185 0.779687 0.559259 0.780729 0.559259 0.784115 0.562963 0.788802 0.569444 0.792448 0.575000 0.792708 0.579630 0.791927 0.584259 0.789583 0.588889 0.785937 0.589352 0.782552 0.587037 0.780208 0.566204 0.779167
0 0.509259 0.819792 0.503704 0.818229 0.496296 0.818750 0.487037 0.822135 0.484259 0.825521 0.485185 0.830729 0.488889 0.833333 0.496759 0.834635 0.506019 0.832292 0.513889 0.826302 0.512963 0.822135
0 0.488426 0.804688 0.482870 0.806250 0.480556 0.810156 0.481481 0.815365 0.485185 0.819271 0.489815 0.820833 0.498148 0.818490 0.500463 0.817187 0.502778 0.814323 0.504167 0.810417 0.502315 0.808594 0.497685 0.806510 0.492130 0.804948
0 0.510648 0.792708 0.500000 0.793750 0.496759 0.796094 0.494907 0.798698 0.493519 0.802344 0.494444 0.804427 0.496759 0.806250 0.503241 0.808594 0.512963 0.807552 0.518056 0.805208 0.519907 0.802865 0.520370 0.798698 0.518056 0.795312
0 0.489815 0.785937 0.483333 0.787760 0.475926 0.790885 0.470833 0.794531 0.472222 0.798958 0.482407 0.804427 0.489815 0.804167 0.491667 0.803125 0.496759 0.795052 0.497685 0.791927 0.496759 0.789323 0.493981 0.787240
0 0.483796 0.779948 0.470833 0.779948 0.461111 0.781510 0.459722 0.782813 0.458796 0.787240 0.461111 0.789062 0.462963 0.792188 0.465741 0.794010 0.468981 0.794792 0.474074 0.791927 0.486574 0.787240 0.487963 0.783073
0 0.437037 0.786979 0.437037 0.791667 0.443056 0.794792 0.447685 0.798177 0.455556 0.798177 0.463889 0.795052 0.462500 0.790885 0.460648 0.788802 0.456019 0.786458 0.440741 0.786458
0 0.437963 0.770573 0.430093 0.775260 0.429630 0.779427 0.431481 0.781510 0.437500 0.785156 0.440278 0.785937 0.449537 0.786458 0.455093 0.785417 0.456944 0.784115 0.459259 0.779948 0.458333 0.774740 0.454630 0.772656 0.448148 0.770573 0.441667 0.769792
0 0.463889 0.765885 0.459259 0.770833 0.460185 0.775260 0.461574 0.776823 0.465278 0.778646 0.471296 0.779948 0.476852 0.780208 0.482870 0.779427 0.484722 0.775781 0.485185 0.771094 0.481944 0.766146 0.476389 0.764062 0.468519 0.764062
0 0.558333 0.802344 0.552315 0.804427 0.544907 0.808594 0.542593 0.810417 0.541667 0.814583 0.544444 0.818750 0.551389 0.820833 0.559259 0.821354 0.562963 0.819010 0.565741 0.814844 0.566667 0.805990 0.563889 0.803385
0 0.538426 0.792708 0.532870 0.795312 0.530556 0.798177 0.529167 0.802083 0.529630 0.807292 0.532407 0.809115 0.536574 0.810156 0.539352 0.810156 0.543519 0.809115 0.550463 0.805469 0.553241 0.802865 0.551852 0.798438 0.550000 0.796354 0.547222 0.794792
0 0.534722 0.779687 0.532870 0.781250 0.532870 0.784375 0.538426 0.792448 0.544907 0.794792 0.553241 0.794271 0.557870 0.791146 0.559259 0.786979 0.556944 0.784115 0.553704 0.782292 0.545370 0.780208 0.539815 0.779427
0 0.539352 0.765625 0.537500 0.766927 0.535185 0.771354 0.535648 0.775000 0.537500 0.777865 0.539815 0.779427 0.551389 0.782031 0.557407 0.781771 0.558333 0.779427 0.561574 0.777865 0.562963 0.776042 0.562500 0.771354 0.558333 0.767188 0.556019 0.765885 0.551389 0.764844 0.543056 0.764844
0 0.556944 0.759635 0.555556 0.763802 0.564815 0.773438 0.571759 0.775781 0.580093 0.774740 0.585185 0.771094 0.586111 0.766667 0.584722 0.764062 0.582407 0.762760 0.570370 0.760417 0.566204 0.758594 0.558796 0.758854
0 0.523611 0.808333 0.518056 0.808854 0.514815 0.809896 0.507870 0.814063 0.508796 0.818229 0.513889 0.821615 0.517593 0.822917 0.524537 0.823698 0.528704 0.822656 0.532407 0.820833 0.535648 0.814323 0.533796 0.811458 0.530556 0.809375
0 0.516667 0.773177 0.511574 0.776042 0.507407 0.783333 0.509259 0.787240 0.510648 0.788021 0.518519 0.789062 0.526852 0.787240 0.529630 0.785677 0.531481 0.783854 0.532407 0.778906 0.530093 0.776302 0.527315 0.774740
0 0.487037 0.763542 0.484722 0.765104 0.483796 0.767708 0.487037 0.773177 0.495833 0.777604 0.503241 0.777604 0.507870 0.776563 0.511111 0.774740 0.514352 0.771354 0.510648 0.765104 0.490278 0.763021
0 0.516204 0.759115 0.513426 0.760938 0.511574 0.763542 0.515278 0.770833 0.524074 0.773958 0.531481 0.774479 0.534722 0.772135 0.537037 0.767969 0.535648 0.762500 0.533333 0.760938 0.525463 0.758594
0 0.496296 0.750260 0.488889 0.753125 0.486111 0.755208 0.485648 0.759896 0.486574 0.761458 0.489352 0.763021 0.503241 0.764844 0.506944 0.764323 0.510185 0.762760 0.512037 0.759896 0.511574 0.755729 0.503704 0.751042
0 0.640278 0.757031 0.637037 0.758073 0.634259 0.759896 0.631481 0.763802 0.637037 0.768750 0.639352 0.769792 0.649074 0.771094 0.651852 0.770573 0.655556 0.769010 0.658333 0.766667 0.659259 0.759375 0.656944 0.757552 0.650463 0.756250
0 0.584722 0.794531 0.580093 0.792188 0.569444 0.792708 0.566667 0.793490 0.563426 0.798177 0.564815 0.802083 0.568519 0.803125 0.580093 0.803385 0.585648 0.800781 0.587037 0.798958
0 0.569444 0.802344 0.568056 0.802865 0.567130 0.804427 0.565741 0.813281 0.567130 0.817187 0.572685 0.820312 0.581944 0.820052 0.585648 0.818490 0.587963 0.815625 0.587500 0.810417 0.579630 0.802865 0.574074 0.802083
0 0.600000 0.804948 0.596296 0.805990 0.591667 0.808594 0.590278 0.810156 0.589815 0.818490 0.599537 0.821094 0.610185 0.820573 0.618981 0.816667 0.620833 0.814583 0.619907 0.810156 0.617130 0.808073 0.610185 0.805990
0 0.462963 0.753125 0.454630 0.751302 0.453241 0.752083 0.446759 0.753385 0.442130 0.755729 0.439352 0.759375 0.439815 0.763802 0.437963 0.767448 0.439352 0.768490 0.443981 0.769010 0.453704 0.768490 0.461574 0.766146 0.466667 0.763802 0.468056 0.762240 0.468519 0.758854 0.465741 0.754687
0 0.455556 0.738802 0.449537 0.743229 0.449074 0.744531 0.450000 0.746094 0.455556 0.750781 0.463889 0.753646 0.467130 0.755469 0.468981 0.758073 0.471759 0.756250 0.474074 0.755729 0.475926 0.753125 0.472222 0.743490 0.470370 0.741927 0.462500 0.738281
0 0.482407 0.738281 0.479167 0.739062 0.473148 0.743490 0.473611 0.746615 0.475926 0.749740 0.481019 0.751823 0.490278 0.752865 0.499537 0.750260 0.502315 0.747656 0.502778 0.744010 0.501389 0.742969 0.489815 0.738021
0 0.527315 0.742188 0.522222 0.741927 0.515278 0.742708 0.508333 0.744531 0.504630 0.746354 0.503241 0.747656 0.503704 0.749219 0.506019 0.751823 0.510648 0.754687 0.517130 0.756510 0.524537 0.756250 0.531944 0.753646 0.533796 0.751823 0.534722 0.747396 0.531481 0.743750
0 0.561111 0.749740 0.552778 0.748437 0.545833 0.748437 0.538426 0.749479 0.535185 0.751302 0.532870 0.754687 0.532870 0.756771 0.534722 0.758854 0.539352 0.761979 0.543981 0.763021 0.552778 0.761719 0.562037 0.756250 0.562963 0.751302
0 0.542130 0.737240 0.540278 0.739583 0.539352 0.748177 0.544907 0.748958 0.552778 0.748698 0.560648 0.749479 0.569444 0.748177 0.572222 0.747396 0.574537 0.745573 0.575000 0.743750 0.570833 0.740885 0.555556 0.735156 0.551389 0.734635 0.545833 0.735677
0 0.545370 0.726302 0.539815 0.724740 0.527315 0.726302 0.522685 0.729688 0.519907 0.733594 0.512500 0.739583 0.512963 0.741667 0.515741 0.742708 0.525926 0.741927 0.531481 0.739583 0.538426 0.738281 0.546296 0.735677 0.548611 0.734375 0.550000 0.732031 0.548611 0.728906
0 0.591204 0.751823 0.589352 0.752604 0.587037 0.755208 0.586574 0.760156 0.590278 0.763802 0.600000 0.768750 0.605093 0.768490 0.607870 0.767188 0.610185 0.759896 0.608333 0.753385 0.606944 0.752083 0.600926 0.750781
0 0.631944 0.745052 0.628704 0.744271 0.623611 0.745052 0.615278 0.748177 0.611574 0.750260 0.610185 0.751823 0.610185 0.757292 0.611111 0.759896 0.612963 0.760938 0.616667 0.761198 0.632407 0.758333 0.640278 0.755990 0.639352 0.751823 0.635185 0.746615
0 0.648611 0.739062 0.640278 0.740885 0.637963 0.742188 0.636111 0.748177 0.638889 0.751563 0.642130 0.753906 0.647222 0.754948 0.650926 0.754948 0.655556 0.754167 0.659259 0.752604 0.661574 0.747917 0.660648 0.743490 0.657870 0.740625 0.655093 0.739583
0 0.593981 0.734375 0.589352 0.734896 0.582870 0.736719 0.581019 0.737760 0.577315 0.742188 0.576852 0.745833 0.577778 0.748177 0.586574 0.751563 0.596759 0.751302 0.600463 0.749740 0.601852 0.747656 0.603241 0.739844 0.600000 0.736198
0 0.566667 0.748958 0.564815 0.750781 0.563426 0.754948 0.564352 0.757812 0.569907 0.760417 0.579167 0.762240 0.582407 0.761719 0.586574 0.756250 0.587500 0.751823 0.579167 0.748177 0.569907 0.748177
0 0.476852 0.725521 0.474074 0.727344 0.472685 0.732552 0.477778 0.736719 0.481019 0.738021 0.485648 0.738021 0.494444 0.736458 0.498148 0.733073 0.497685 0.728385 0.495833 0.726562 0.489815 0.724740 0.482407 0.724479
0 0.510648 0.726562 0.501389 0.727604 0.500000 0.728385 0.498148 0.731771 0.498148 0.733073 0.500926 0.736719 0.509722 0.741927 0.514815 0.739062 0.519907 0.733073 0.519907 0.731250 0.518056 0.729167 0.514352 0.727344
0 0.510648 0.710417 0.503241 0.710938 0.497685 0.713802 0.494907 0.716146 0.494907 0.719271 0.496759 0.723698 0.499537 0.725781 0.502315 0.726562 0.512037 0.726302 0.518981 0.721354 0.519444 0.716667 0.515278 0.712760
0 0.482407 0.710677 0.475000 0.710417 0.468056 0.711458 0.461574 0.715104 0.460648 0.716406 0.461111 0.719531 0.463889 0.722917 0.467593 0.724740 0.475926 0.726302 0.479167 0.725000 0.483333 0.724479 0.487963 0.721875 0.490278 0.716146 0.487963 0.713542
0 0.526389 0.705651 0.523611 0.708854 0.520370 0.715104 0.520370 0.721094 0.524074 0.724479 0.527778 0.725521 0.531944 0.725781 0.538889 0.724740 0.541667 0.722917 0.543056 0.720833 0.542593 0.716406 0.541204 0.713802 0.535648 0.710677 0.531944 0.707812
0 0.573148 0.716146 0.564815 0.715365 0.555093 0.716667 0.549537 0.718229 0.545833 0.720573 0.544444 0.725000 0.548611 0.728385 0.551852 0.729948 0.557870 0.730990 0.560185 0.730729 0.565278 0.728646 0.573148 0.723958 0.576389 0.720833
0 0.580556 0.720833 0.575000 0.722135 0.568519 0.725781 0.561574 0.732031 0.561574 0.736979 0.566204 0.739844 0.572685 0.741667 0.576852 0.740625 0.579630 0.739062 0.585185 0.732812 0.583333 0.729167 0.583333 0.722656 0.582407 0.721354
0 0.622222 0.732552 0.613889 0.732292 0.608796 0.733854 0.604630 0.736198 0.601389 0.748698 0.602778 0.750000 0.607870 0.750781 0.618981 0.747396 0.626389 0.744010 0.629167 0.740625 0.628704 0.737240 0.627315 0.734896
0 0.635185 0.723177 0.629630 0.725781 0.626389 0.728385 0.625926 0.732812 0.628241 0.735677 0.635185 0.740104 0.643056 0.740365 0.651389 0.737760 0.652778 0.736458 0.653241 0.732292 0.650000 0.728646 0.640741 0.723958
0 0.456944 0.689323 0.447685 0.685417 0.441204 0.684115 0.434259 0.685156 0.427778 0.689323 0.427315 0.694010 0.428704 0.695573 0.433796 0.697917 0.441204 0.697917 0.451852 0.695052 0.454630 0.693490
0 0.455093 0.698958 0.447685 0.698177 0.433796 0.702344 0.431481 0.705208 0.430556 0.709115 0.447685 0.711458 0.455093 0.709635 0.459259 0.705208
0 0.468519 0.688021 0.464815 0.689844 0.461111 0.692969 0.456944 0.701302 0.458796 0.703125 0.463889 0.705469 0.468056 0.706250 0.476852 0.706510 0.481019 0.705208 0.483796 0.701302 0.484722 0.693229 0.481944 0.689844 0.479630 0.688542 0.476852 0.687760
0 0.496759 0.698177 0.486574 0.699479 0.484259 0.700781 0.482870 0.703906 0.483333 0.709115 0.485185 0.711458 0.488426 0.713542 0.489352 0.715104 0.496759 0.715625 0.498148 0.714063 0.504630 0.710938 0.506019 0.709375 0.506944 0.705469 0.503241 0.700000
0 0.527778 0.691146 0.525000 0.690365 0.517130 0.689844 0.511574 0.690885 0.506019 0.692969 0.503704 0.695833 0.503704 0.698698 0.505556 0.702083 0.509722 0.703906 0.517593 0.704427 0.523611 0.703125 0.528241 0.701302 0.532407 0.696875 0.531019 0.693229
0 0.497222 0.679948 0.492593 0.682031 0.487963 0.685417 0.487963 0.691146 0.489352 0.693490 0.495833 0.694531 0.503704 0.694792 0.513426 0.689583 0.513889 0.685156 0.510185 0.680990 0.505556 0.679948
0 0.482870 0.671094 0.477315 0.672656 0.471296 0.678125 0.470370 0.682552 0.471296 0.683854 0.475463 0.685417 0.480556 0.685937 0.487963 0.685417 0.489815 0.684896 0.495370 0.680208 0.495833 0.676823 0.493056 0.673177 0.490278 0.672135
0 0.524074 0.676042 0.517130 0.679167 0.514815 0.681510 0.515741 0.685677 0.518519 0.688021 0.522685 0.689844 0.531481 0.690885 0.538426 0.686719 0.543056 0.685677 0.540741 0.680729 0.536111 0.677344 0.531944 0.676302
0 0.537037 0.688281 0.535648 0.689844 0.534722 0.694271 0.535648 0.697656 0.537963 0.699219 0.544907 0.699479 0.551389 0.701562 0.559259 0.702604 0.564815 0.700521 0.568519 0.698177 0.568981 0.697135 0.565741 0.695052 0.557870 0.691667 0.549537 0.689323 0.545370 0.687500 0.540741 0.687500
0 0.528241 0.701042 0.527315 0.705469 0.538426 0.712760 0.545370 0.714583 0.551852 0.713281 0.554630 0.711719 0.556944 0.708594 0.556944 0.704427 0.553704 0.701823 0.544907 0.699740 0.540741 0.699479 0.531019 0.699740
0 0.643519 0.559896 0.634722 0.558594 0.626389 0.560677 0.623148 0.562500 0.621759 0.564323 0.621296 0.568490 0.627315 0.572396 0.628241 0.573958 0.637037 0.573438 0.642593 0.571354 0.646759 0.568229 0.649074 0.565365 0.649074 0.563542 0.647685 0.561979
0 0.609259 0.575000 0.607870 0.576302 0.607407 0.581250 0.608796 0.583594 0.613889 0.586198 0.621759 0.586719 0.631944 0.584115 0.633796 0.579688 0.631944 0.577083 0.628241 0.574740 0.622685 0.573177 0.613889 0.573177
0 0.652315 0.581250 0.649074 0.580990 0.636574 0.583594 0.632407 0.585938 0.630093 0.588281 0.629167 0.591927 0.632407 0.596354 0.642130 0.600260 0.649074 0.598958 0.653704 0.595833 0.654630 0.588542 0.656481 0.583854 0.655556 0.582552
0 0.624537 0.588021 0.619444 0.587500 0.614815 0.588281 0.604167 0.593229 0.600926 0.598177 0.600926 0.600781 0.603704 0.603385 0.613426 0.604688 0.617130 0.604427 0.621759 0.603125 0.626389 0.599740 0.628704 0.596354 0.628704 0.593750 0.627315 0.589844
0 0.606019 0.576823 0.598611 0.576302 0.582407 0.578906 0.580093 0.579948 0.577778 0.582552 0.577315 0.584115 0.578704 0.585938 0.584722 0.589844 0.587963 0.590885 0.593981 0.591406 0.596759 0.590625 0.604630 0.586198 0.606944 0.583854 0.607870 0.579688 0.607407 0.577865
0 0.565741 0.566927 0.560185 0.571615 0.560185 0.573698 0.561574 0.575781 0.566667 0.578125 0.571296 0.578906 0.576852 0.578906 0.581481 0.578125 0.585185 0.575000 0.587500 0.568229 0.582870 0.566406 0.575463 0.565625 0.571296 0.565625
0 0.552315 0.561198 0.544444 0.561458 0.538426 0.563802 0.532870 0.565104 0.529167 0.567708 0.529167 0.572917 0.536574 0.577083 0.539352 0.577344 0.544907 0.576302 0.553704 0.571094 0.555093 0.569271 0.555093 0.566927
0 0.552315 0.573698 0.547222 0.575000 0.543981 0.576562 0.541667 0.579427 0.540741 0.587500 0.542130 0.591146 0.544907 0.592708 0.552778 0.591406 0.558796 0.589323 0.562963 0.586979 0.565278 0.584115 0.566204 0.579948 0.564352 0.577604 0.559722 0.575260
0 0.518056 0.572135 0.508333 0.572135 0.494907 0.575521 0.493519 0.576302 0.493056 0.580990 0.494907 0.583073 0.497222 0.584115 0.509259 0.586198 0.521296 0.584375 0.523148 0.582812 0.524074 0.580208 0.523148 0.576302 0.521296 0.573698
0 0.464815 0.583073 0.463426 0.583854 0.462037 0.588021 0.466667 0.591667 0.475000 0.594531 0.483333 0.594271 0.486111 0.592708 0.488426 0.589063 0.488426 0.586979 0.486111 0.583333 0.482870 0.581250 0.474074 0.580469
0 0.448148 0.575781 0.442130 0.577083 0.437963 0.579948 0.438889 0.584635 0.443519 0.588281 0.446759 0.589583 0.448611 0.589583 0.457407 0.587240 0.460185 0.584375 0.459722 0.579948 0.458333 0.578646
0 0.452778 0.588542 0.440278 0.592969 0.437500 0.594531 0.436574 0.596094 0.438889 0.598958 0.442593 0.600521 0.455556 0.602083 0.463889 0.600521 0.466204 0.599479 0.466667 0.594271 0.465278 0.591667 0.461111 0.589323 0.457407 0.588542
0 0.477315 0.597396 0.469444 0.601823 0.468981 0.605729 0.469907 0.607552 0.488889 0.612500 0.494907 0.611458 0.497222 0.609635 0.499537 0.603906 0.495370 0.598698 0.490278 0.596615 0.481944 0.596354
0 0.495833 0.584896 0.493056 0.585677 0.490278 0.587500 0.489815 0.592187 0.491667 0.595833 0.494444 0.597656 0.497222 0.601042 0.500463 0.603125 0.503704 0.603906 0.512037 0.596615 0.512037 0.590885 0.510648 0.588021 0.507870 0.586198 0.504167 0.585156
0 0.510185 0.598437 0.506481 0.601042 0.505093 0.604167 0.510648 0.613021 0.514352 0.615365 0.517593 0.616146 0.522685 0.614323 0.524074 0.611198 0.525926 0.609896 0.527315 0.604427 0.526852 0.601302 0.525000 0.599479 0.518981 0.598177
0 0.524074 0.582812 0.518519 0.591146 0.519444 0.595833 0.524074 0.598437 0.532407 0.598437 0.535648 0.597396 0.540741 0.594010 0.542130 0.591927 0.541204 0.587500 0.537963 0.585417 0.531481 0.582812
0 0.537963 0.596354 0.528704 0.600781 0.526389 0.608073 0.527778 0.609635 0.535185 0.613021 0.537500 0.613542 0.545833 0.613542 0.550000 0.611458 0.550463 0.605990 0.545370 0.598177
0 0.562963 0.590104 0.556019 0.594271 0.555093 0.595573 0.557870 0.599479 0.565278 0.602604 0.572685 0.604167 0.579630 0.603385 0.583333 0.600000 0.581944 0.595313 0.577778 0.591667 0.573148 0.589844 0.564815 0.589583
0 0.593981 0.599479 0.584722 0.600000 0.581481 0.601562 0.577778 0.605208 0.577315 0.611719 0.579630 0.613802 0.586111 0.615885 0.595833 0.614844 0.597685 0.614062 0.600000 0.611458 0.601389 0.608333 0.600926 0.603385 0.599537 0.601823
0 0.635648 0.597917 0.628704 0.598437 0.625000 0.600260 0.622685 0.602604 0.622685 0.604688 0.624537 0.607812 0.629630 0.611719 0.633796 0.612760 0.644444 0.611458 0.650463 0.607552 0.649537 0.603906 0.647685 0.601823
0 0.612037 0.608854 0.607407 0.610938 0.604167 0.614323 0.604167 0.616406 0.606019 0.618490 0.610648 0.620573 0.620370 0.622135 0.622685 0.622135 0.627315 0.620833 0.629167 0.619271 0.630093 0.614583 0.626852 0.610156 0.622222 0.608333
0 0.583333 0.618229 0.580093 0.620313 0.579167 0.623437 0.583796 0.628385 0.586111 0.629687 0.594444 0.630729 0.604167 0.627865 0.607870 0.623177 0.605093 0.619010 0.600000 0.617448 0.595370 0.616927
0 0.557407 0.614323 0.554167 0.615625 0.552315 0.618229 0.552778 0.621094 0.556019 0.625781 0.561574 0.629167 0.563889 0.629687 0.568056 0.629687 0.572685 0.628646 0.576389 0.626302 0.577778 0.624219 0.577315 0.619010 0.575463 0.616927 0.568981 0.614062 0.563426 0.613802
0 0.524537 0.618750 0.523611 0.620313 0.523611 0.626563 0.525463 0.629167 0.531019 0.632812 0.538889 0.632031 0.551852 0.626823 0.552778 0.622656 0.549537 0.620833 0.533333 0.617188 0.527315 0.617448
0 0.509259 0.616146 0.500463 0.619271 0.498611 0.621094 0.497685 0.623698 0.500000 0.627604 0.503241 0.629687 0.511574 0.630729 0.518981 0.628906 0.520833 0.627865 0.523611 0.623958 0.523611 0.621354 0.522685 0.619010 0.518519 0.616927
0 0.468519 0.606510 0.464352 0.608594 0.463426 0.611719 0.465741 0.615365 0.466204 0.620313 0.468519 0.622135 0.475463 0.624219 0.482870 0.624479 0.487037 0.623177 0.487963 0.621615 0.487963 0.616667 0.486574 0.612240 0.483796 0.610677
0 0.441204 0.603125 0.437500 0.606771 0.436111 0.610938 0.439352 0.614583 0.442130 0.615885 0.447222 0.616927 0.461574 0.618229 0.465741 0.617708 0.466204 0.616615 0.465602 0.614531 0.464815 0.613229 0.463565 0.611641 0.462037 0.609635 0.459259 0.606510 0.454630 0.603385 0.448611 0.602083
0 0.434259 0.597917 0.429630 0.597135 0.420833 0.597396 0.414352 0.601042 0.412500 0.603125 0.413889 0.607552 0.419907 0.611979 0.427315 0.611719 0.431019 0.610417 0.435185 0.607812 0.438889 0.602865 0.437500 0.599740
0 0.438889 0.615104 0.432870 0.612760 0.425463 0.612760 0.420833 0.613802 0.414352 0.618229 0.411574 0.621875 0.411111 0.623437 0.412963 0.626563 0.418981 0.627604 0.427778 0.628125 0.430556 0.626823 0.437500 0.625260 0.443056 0.619271
0 0.455556 0.617969 0.447222 0.618229 0.443056 0.619531 0.438889 0.622656 0.438889 0.627865 0.442593 0.631510 0.447222 0.633333 0.455093 0.633333 0.462500 0.629167 0.463889 0.622656 0.461111 0.619531
0 0.412963 0.628385 0.410185 0.632552 0.404167 0.638281 0.404630 0.643229 0.410185 0.646615 0.412500 0.647135 0.420370 0.647135 0.425000 0.645052 0.426389 0.642969 0.427315 0.638802 0.426852 0.634375 0.424074 0.630729 0.420833 0.628646
0 0.428241 0.634375 0.429630 0.638281 0.433796 0.641927 0.440278 0.643490 0.448148 0.642448 0.455093 0.638802 0.459722 0.634896 0.463148 0.628906 0.455556 0.633073 0.450602 0.633594 0.446806 0.632995 0.440880 0.630391 0.438796 0.627917 0.433333 0.629948 0.430556 0.631250
0 0.467593 0.630729 0.465278 0.632552 0.462963 0.637760 0.462500 0.642969 0.466204 0.647135 0.468981 0.648698 0.472685 0.649219 0.481481 0.648698 0.486574 0.645573 0.487963 0.642448 0.486574 0.638021 0.484722 0.636198 0.477778 0.633333 0.469444 0.630729
0 0.445370 0.643229 0.441667 0.645833 0.442593 0.651302 0.447685 0.655469 0.455093 0.658594 0.462500 0.659375 0.464352 0.658333 0.464815 0.653646 0.466667 0.650781 0.465741 0.646354 0.461574 0.642969 0.455556 0.641406
0 0.426389 0.645573 0.422222 0.646875 0.418056 0.650260 0.417130 0.654948 0.426852 0.662760 0.434259 0.662500 0.443056 0.659115 0.446296 0.654167 0.438889 0.647656 0.431019 0.645833
0 0.441204 0.661198 0.431481 0.662760 0.428241 0.664583 0.425000 0.669792 0.425926 0.673958 0.428241 0.675781 0.433796 0.677604 0.441204 0.676823 0.445833 0.673958 0.449074 0.670312 0.449537 0.665104 0.446296 0.662760
0 0.451852 0.661979 0.450926 0.663542 0.451852 0.669010 0.459259 0.673698 0.467593 0.676302 0.473148 0.676042 0.478241 0.673698 0.479630 0.668750 0.478241 0.665625 0.475926 0.663802 0.462037 0.660677
0 0.469444 0.650521 0.467130 0.652604 0.463889 0.658073 0.465278 0.660417 0.467130 0.661719 0.475000 0.664062 0.483333 0.664323 0.485185 0.663802 0.487500 0.661979 0.488889 0.659115 0.489352 0.653906 0.487963 0.652083 0.483333 0.649479 0.475463 0.649479
0 0.510648 0.652604 0.503704 0.651563 0.500000 0.651823 0.490741 0.654427 0.486574 0.661719 0.487500 0.665104 0.489815 0.667708 0.493056 0.668490 0.499074 0.668229 0.506481 0.665365 0.512500 0.661979 0.514352 0.658073 0.512963 0.654167
0 0.489352 0.637760 0.488426 0.638281 0.488889 0.643490 0.500000 0.651042 0.510648 0.651823 0.514815 0.649479 0.518056 0.646615 0.517130 0.642448 0.510648 0.639062 0.504630 0.637500 0.497222 0.636719
0 0.614815 0.630729 0.600000 0.630469 0.593519 0.632292 0.589352 0.634635 0.587963 0.638802 0.590741 0.642969 0.593981 0.645052 0.600926 0.646094 0.607870 0.644010 0.612500 0.641667 0.618519 0.634896 0.617593 0.632552
0 0.614352 0.641406 0.607407 0.643229 0.600926 0.646354 0.600000 0.651302 0.601852 0.653646 0.605093 0.655729 0.610648 0.656771 0.616204 0.657031 0.620370 0.656250 0.624537 0.653646 0.626389 0.651042 0.626389 0.646354 0.624537 0.644010 0.621759 0.642448
0 0.624537 0.626042 0.619907 0.630469 0.622222 0.635417 0.628704 0.639583 0.631019 0.640104 0.637037 0.640365 0.642593 0.638802 0.648611 0.634896 0.647685 0.630729 0.642593 0.627865 0.636574 0.625781 0.627315 0.625260
0 0.642593 0.639323 0.631944 0.641146 0.626852 0.646354 0.628241 0.654167 0.634722 0.656510 0.643981 0.654427 0.647222 0.651563 0.647685 0.645833 0.645833 0.641146
0 0.585185 0.644792 0.580556 0.645573 0.577315 0.647396 0.575926 0.649479 0.576852 0.654687 0.581481 0.660156 0.587500 0.663281 0.593981 0.662500 0.598611 0.657813 0.600000 0.653385 0.599074 0.650000 0.596759 0.647135 0.593056 0.645573
0 0.580093 0.628906 0.572685 0.629167 0.563889 0.633073 0.557407 0.637500 0.556019 0.639062 0.555556 0.642708 0.559259 0.645312 0.565741 0.646875 0.574074 0.647396 0.580556 0.645052 0.582870 0.640625 0.582870 0.630729
0 0.558333 0.627083 0.551852 0.626302 0.534259 0.634115 0.531019 0.638281 0.531481 0.640625 0.533333 0.642708 0.538889 0.644531 0.545370 0.645052 0.552778 0.642448 0.556019 0.639844 0.559259 0.635156 0.560185 0.630469
0 0.512037 0.631250 0.509259 0.634115 0.509722 0.638281 0.511574 0.639844 0.516667 0.641927 0.525463 0.641927 0.528241 0.641406 0.531019 0.639323 0.532407 0.635156 0.530556 0.632031 0.524537 0.629427 0.516667 0.629687
0 0.484722 0.623958 0.481481 0.626302 0.480556 0.630729 0.483333 0.634115 0.489352 0.636979 0.501389 0.638021 0.506944 0.637760 0.508796 0.636198 0.507870 0.632552 0.500926 0.628125 0.495370 0.623698 0.491204 0.622917
0 0.518981 0.642969 0.517130 0.644792 0.516667 0.647135 0.512500 0.650260 0.514815 0.655208 0.517130 0.656250 0.525463 0.656771 0.537963 0.654687 0.539815 0.651302 0.539352 0.646615 0.532870 0.642969 0.528241 0.642188 0.522222 0.642188
0 0.559259 0.645312 0.552315 0.645833 0.545370 0.647396 0.540741 0.650000 0.539815 0.654687 0.541204 0.656510 0.545370 0.658854 0.551389 0.660677 0.559259 0.660156 0.565278 0.657031 0.569444 0.653906 0.569444 0.650260 0.568056 0.648438
0 0.524537 0.662760 0.517593 0.660937 0.510185 0.662500 0.503704 0.665885 0.499074 0.669531 0.497222 0.673698 0.499074 0.676042 0.501852 0.677083 0.509722 0.678125 0.518056 0.677344 0.521759 0.676302 0.525463 0.674219 0.528704 0.670312 0.527315 0.665625
0 0.530556 0.656250 0.525463 0.658073 0.524537 0.660156 0.524537 0.662500 0.528704 0.668490 0.532407 0.671615 0.537963 0.674479 0.545370 0.674479 0.553704 0.671094 0.554630 0.670052 0.554630 0.665625 0.546296 0.659635 0.537963 0.656510
0 0.575926 0.655729 0.573148 0.654948 0.566667 0.655469 0.559722 0.659375 0.557870 0.662500 0.561574 0.667448 0.562963 0.667969 0.573611 0.668229 0.582407 0.667188 0.584722 0.666146 0.584722 0.661979
0 0.595833 0.661719 0.597685 0.667188 0.600000 0.668750 0.606019 0.669792 0.616204 0.669792 0.623148 0.668229 0.626852 0.666146 0.625463 0.660937 0.623148 0.659115 0.617130 0.657031 0.608796 0.656250 0.603241 0.656771 0.598611 0.659115
0 0.600000 0.673177 0.598148 0.675260 0.597685 0.678385 0.600926 0.682813 0.607870 0.686198 0.614815 0.686979 0.621759 0.685677 0.625463 0.681771 0.625000 0.677604 0.622222 0.674479 0.614815 0.672135 0.608796 0.671615 0.605093 0.671875
0 0.559722 0.669792 0.558333 0.673958 0.565741 0.677344 0.579630 0.680990 0.587037 0.680990 0.589815 0.678906 0.591667 0.673438 0.589815 0.670052 0.585648 0.667708 0.578704 0.666667 0.564815 0.668490
0 0.551852 0.672396 0.545833 0.673958 0.542130 0.675781 0.540741 0.677604 0.540741 0.682292 0.543056 0.685677 0.548611 0.688802 0.553241 0.690365 0.560185 0.691406 0.563426 0.690104 0.566667 0.686458 0.566204 0.681250 0.563426 0.677604 0.560185 0.675260 0.555093 0.672917
0 0.579630 0.682552 0.572222 0.684896 0.568519 0.688281 0.568056 0.690365 0.570833 0.695052 0.580556 0.698177 0.587037 0.696875 0.590741 0.693229 0.592593 0.689323 0.590741 0.685677 0.587037 0.683594
0 0.607870 0.688542 0.601389 0.688802 0.594444 0.690104 0.589815 0.693229 0.587963 0.696615 0.588426 0.698438 0.591204 0.701562 0.597222 0.703906 0.601389 0.704427 0.606481 0.703646 0.612963 0.701302 0.617130 0.698698 0.617593 0.696094 0.616204 0.693229
0 0.637963 0.702865 0.633333 0.701042 0.623148 0.699479 0.614352 0.700260 0.605556 0.704948 0.609259 0.711719 0.613889 0.714063 0.622222 0.713802 0.633333 0.711198 0.638426 0.708854 0.639352 0.707552 0.639815 0.704427
0 0.578704 0.699219 0.573148 0.698177 0.570370 0.698698 0.561574 0.702083 0.558333 0.704427 0.557407 0.709375 0.566204 0.714583 0.574074 0.714844 0.580093 0.712760 0.581019 0.709115 0.585648 0.704948 0.582870 0.701302
0 0.602315 0.704688 0.594444 0.703125 0.587037 0.704427 0.580556 0.708854 0.579630 0.713021 0.581481 0.714844 0.587037 0.717448 0.595370 0.717708 0.599074 0.716927 0.604630 0.713281 0.607407 0.709115 0.604630 0.705990
0 0.593056 0.717708 0.588426 0.719271 0.587500 0.720833 0.584722 0.722656 0.583796 0.724479 0.584259 0.728646 0.589352 0.733333 0.600926 0.735938 0.606019 0.734115 0.609722 0.728385 0.606481 0.724219 0.605093 0.720573 0.603241 0.719010 0.600926 0.717969
0 0.635648 0.711979 0.628241 0.712500 0.621296 0.714063 0.614815 0.714583 0.606481 0.719271 0.605556 0.721354 0.607407 0.724740 0.614352 0.729427 0.622222 0.728906 0.631944 0.723698 0.637963 0.716927 0.637037 0.712760
0 0.392130 0.621094 0.388889 0.622917 0.386574 0.626302 0.387037 0.631771 0.388426 0.633594 0.390741 0.634896 0.398611 0.635938 0.404167 0.635677 0.406481 0.634896 0.409306 0.633437 0.411111 0.631224 0.412963 0.629167 0.407407 0.623177 0.399537 0.620573