0 0.518056 0.425781 0.511111 0.426302 0.505093 0.428125 0.496759 0.435156 0.499074 0.441146 0.504630 0.444792 0.509722 0.445573 0.518056 0.445312 0.524074 0.443490 0.527778 0.439583 0.527315 0.435417 0.525463 0.431771 0.520833 0.426823
0 0.121759 0.121615 0.113889 0.121875 0.106019 0.124219 0.100463 0.127865 0.099074 0.130469 0.100000 0.134375 0.107870 0.138021 0.113889 0.139063 0.124537 0.138281 0.128241 0.137500 0.132870 0.134375 0.134259 0.131510 0.133333 0.127604 0.125000 0.122656
0 0.110648 0.139063 0.106481 0.138802 0.101389 0.139323 0.091204 0.142708 0.089352 0.145313 0.089352 0.147396 0.091204 0.150000 0.094907 0.152083 0.100463 0.153385 0.107870 0.153385 0.112500 0.151562 0.115741 0.146875 0.115741 0.142708 0.113889 0.140104
0 0.143056 0.139063 0.128241 0.139323 0.118519 0.146875 0.116667 0.150521 0.120833 0.154688 0.127778 0.157812 0.136111 0.158333 0.142593 0.157031 0.151389 0.146875 0.150926 0.141927 0.148148 0.140365
0 0.171759 0.125521 0.164352 0.123698 0.147685 0.123438 0.144444 0.124219 0.138426 0.127604 0.136574 0.130990 0.139815 0.136719 0.141667 0.138021 0.148611 0.140104 0.153241 0.139323 0.160185 0.135156 0.167593 0.133073 0.172222 0.130990 0.173611 0.126823
0 0.214815 0.122917 0.212037 0.120833 0.205093 0.119271 0.197685 0.119531 0.182870 0.122917 0.178241 0.126823 0.178704 0.131250 0.183333 0.134375 0.187963 0.135677 0.197222 0.137240 0.205556 0.137500 0.208333 0.136979 0.214352 0.134375 0.216204 0.132292 0.216667 0.125781
0 0.200463 0.099219 0.198148 0.102865 0.198148 0.107552 0.200000 0.112240 0.202778 0.114062 0.212500 0.114062 0.220370 0.112500 0.227778 0.109896 0.229630 0.107292 0.224537 0.101562 0.221759 0.100000 0.212037 0.097656 0.204167 0.097396
0 0.249074 0.101562 0.246296 0.105729 0.246296 0.108854 0.248611 0.111719 0.253241 0.114583 0.262037 0.116406 0.272222 0.116146 0.277315 0.115365 0.278704 0.114583 0.280093 0.111198 0.273611 0.105469 0.265741 0.101302 0.261111 0.099479 0.253241 0.099740
0 0.308796 0.101302 0.304167 0.103385 0.301852 0.105469 0.299537 0.111458 0.300463 0.113021 0.308796 0.116927 0.316667 0.118229 0.326389 0.114844 0.327778 0.112760 0.326389 0.107552 0.323148 0.103906 0.316667 0.101302
0 0.347222 0.111198 0.344907 0.113021 0.343056 0.118229 0.344444 0.123698 0.347685 0.125000 0.354167 0.125000 0.361574 0.123958 0.362500 0.123177 0.362500 0.114844 0.361574 0.113802 0.356944 0.111198 0.352315 0.110677
0 0.384259 0.108854 0.379630 0.110156 0.374074 0.116406 0.373611 0.120573 0.376389 0.124219 0.380556 0.126302 0.384722 0.127604 0.392593 0.127604 0.399074 0.123177 0.402778 0.119531 0.402778 0.118490 0.400463 0.115104 0.387500 0.109375
0 0.461574 0.092708 0.453704 0.094792 0.451852 0.095833 0.450000 0.098698 0.450000 0.104167 0.451852 0.106510 0.456019 0.108594 0.460648 0.109635 0.463889 0.109635 0.470833 0.108594 0.478241 0.105208 0.479630 0.103906 0.479630 0.099479 0.475926 0.096615 0.468981 0.093490
0 0.457407 0.111979 0.452315 0.111719 0.445833 0.112500 0.439815 0.114062 0.430556 0.118490 0.428704 0.120833 0.428241 0.123698 0.430093 0.126042 0.433796 0.127865 0.438889 0.129167 0.442593 0.129167 0.449537 0.127604 0.456944 0.123177 0.458333 0.121354 0.459722 0.114323
0 0.436574 0.091667 0.433333 0.091406 0.427315 0.093229 0.419907 0.096354 0.415741 0.099740 0.414815 0.104167 0.416667 0.106510 0.426852 0.110677 0.437963 0.110417 0.441204 0.109896 0.446296 0.107552 0.447685 0.102865 0.445833 0.098177 0.441204 0.093490
0 0.405093 0.119792 0.399537 0.121875 0.394444 0.126302 0.393519 0.132031 0.395833 0.137240 0.400926 0.140365 0.405093 0.141667 0.411111 0.141667 0.413426 0.141146 0.414815 0.138802 0.426852 0.131510 0.427778 0.126823 0.424537 0.123698 0.419444 0.121354 0.413426 0.119792
0 0.378241 0.127344 0.368519 0.130208 0.367130 0.132812 0.366667 0.139063 0.368981 0.141927 0.372222 0.143490 0.376389 0.144271 0.380556 0.144271 0.385185 0.143490 0.390741 0.141146 0.393519 0.138802 0.393519 0.133854 0.392593 0.131771 0.389352 0.129167
0 0.359722 0.123698 0.356944 0.123438 0.343519 0.124740 0.340278 0.127604 0.337963 0.130729 0.337963 0.135417 0.340278 0.139583 0.342130 0.140625 0.350000 0.142448 0.357870 0.142708 0.362963 0.141667 0.365278 0.140365 0.366204 0.139063 0.366204 0.130208 0.363889 0.125521
0 0.329167 0.114062 0.323148 0.115365 0.312500 0.119792 0.310185 0.122656 0.310648 0.126562 0.312037 0.127604 0.322685 0.130469 0.328704 0.131510 0.337037 0.130990 0.340741 0.127083 0.339352 0.118229 0.336111 0.115365
0 0.306019 0.128125 0.302315 0.130469 0.300000 0.133594 0.299074 0.136458 0.300000 0.141146 0.301852 0.142187 0.312037 0.142969 0.318981 0.142969 0.323148 0.142448 0.325926 0.141406 0.329630 0.138802 0.328241 0.133854 0.325926 0.130990 0.317130 0.128125 0.309722 0.127344
0 0.299074 0.113802 0.294444 0.113802 0.287500 0.115625 0.285185 0.116927 0.283333 0.120313 0.282870 0.123177 0.285648 0.127865 0.288889 0.130469 0.294907 0.133594 0.300000 0.133073 0.302778 0.130208 0.308796 0.126823 0.309722 0.122396 0.311574 0.119531 0.311574 0.118490 0.307407 0.115365
0 0.266667 0.120052 0.256944 0.123177 0.255556 0.127344 0.261574 0.132812 0.266204 0.134896 0.272685 0.135937 0.278704 0.135417 0.281944 0.134115 0.285648 0.130990 0.283796 0.125000 0.281019 0.122135 0.278241 0.120573 0.275000 0.119792
0 0.221759 0.122656 0.217130 0.126042 0.216667 0.130990 0.219907 0.134896 0.222222 0.136198 0.232407 0.138802 0.241667 0.139323 0.246296 0.138542 0.250926 0.136458 0.251852 0.133594 0.250000 0.128646 0.242593 0.123958 0.238426 0.122135 0.232870 0.120833 0.226852 0.121354
0 0.099537 0.160677 0.097685 0.162500 0.096759 0.166146 0.098611 0.169271 0.100926 0.170833 0.106481 0.172396 0.110648 0.172396 0.122222 0.170052 0.123611 0.167448 0.123148 0.164844 0.120370 0.161719 0.115278 0.158854 0.107407 0.158073
0 0.142130 0.158854 0.134259 0.160417 0.126389 0.165365 0.125926 0.170052 0.141667 0.177083 0.149537 0.176823 0.155556 0.172396 0.156481 0.170052 0.156019 0.165885 0.154630 0.162500 0.147685 0.159635
0 0.114352 0.171354 0.111574 0.173698 0.112500 0.181771 0.118519 0.186458 0.123148 0.189062 0.128241 0.190365 0.138426 0.188281 0.142593 0.185938 0.143981 0.182552 0.143981 0.180469 0.142130 0.178125 0.128704 0.170833 0.119444 0.170573
0 0.107407 0.181510 0.099537 0.184635 0.097222 0.186198 0.093519 0.193750 0.095370 0.197396 0.100463 0.200260 0.108333 0.201042 0.112963 0.200260 0.116204 0.198958 0.120370 0.188802 0.117130 0.184896 0.112037 0.182292
0 0.109722 0.202344 0.106944 0.209375 0.107407 0.210417 0.114815 0.214062 0.128704 0.215625 0.139352 0.213021 0.140741 0.210938 0.140741 0.208333 0.134722 0.202865 0.129630 0.200521 0.124537 0.199740 0.117130 0.199740 0.113889 0.200260
0 0.104630 0.220573 0.104167 0.224740 0.115278 0.231771 0.118519 0.232552 0.122222 0.232813 0.127778 0.232031 0.131944 0.230208 0.139352 0.228646 0.140278 0.227865 0.141204 0.223958 0.139815 0.220573 0.137500 0.219010 0.128704 0.216406 0.121759 0.215365 0.113889 0.215365 0.107870 0.217969
0 0.144907 0.209115 0.143056 0.212500 0.144444 0.216667 0.147222 0.219271 0.151389 0.221094 0.155556 0.222135 0.163889 0.222396 0.172685 0.220833 0.176389 0.219010 0.177778 0.216927 0.176389 0.212760 0.168981 0.207813 0.162963 0.206250 0.155556 0.205729 0.149074 0.207031
0 0.182407 0.194010 0.173148 0.195573 0.162963 0.201302 0.164815 0.205208 0.176852 0.213021 0.185185 0.213542 0.191204 0.212240 0.194444 0.210417 0.197685 0.205469 0.198611 0.201042 0.194907 0.195833 0.190741 0.194792
0 0.132407 0.190365 0.131019 0.192708 0.131944 0.197656 0.133796 0.199740 0.138889 0.202604 0.146296 0.204167 0.150926 0.204427 0.158333 0.202865 0.160648 0.201563 0.163889 0.197396 0.162963 0.193750 0.161111 0.191406 0.156019 0.188542 0.142130 0.187240
0 0.168519 0.170313 0.156944 0.172396 0.150000 0.177344 0.150000 0.178646 0.151852 0.182292 0.159259 0.186979 0.163426 0.188021 0.171296 0.188281 0.175926 0.186979 0.181019 0.183854 0.182407 0.181771 0.182870 0.176823 0.181481 0.173958 0.178241 0.172135 0.172685 0.170573
0 0.199537 0.160156 0.197222 0.158854 0.191204 0.157292 0.187037 0.158333 0.177778 0.159375 0.168519 0.164323 0.167593 0.165365 0.168056 0.167708 0.171759 0.170313 0.180556 0.172917 0.191204 0.173698 0.195833 0.172396 0.200000 0.169792 0.201389 0.167187 0.201389 0.163802
0 0.149537 0.149219 0.144907 0.153906 0.145370 0.158333 0.155556 0.163021 0.160185 0.163802 0.168056 0.163542 0.173148 0.161979 0.178241 0.158854 0.178704 0.158073 0.173611 0.153125 0.164352 0.149479 0.156481 0.147917
0 0.301852 0.238281 0.298148 0.240104 0.297685 0.244271 0.300463 0.247135 0.303241 0.252604 0.308796 0.255990 0.315278 0.257292 0.323148 0.255208 0.327778 0.251823 0.329167 0.248958 0.329167 0.246875 0.327315 0.244010 0.315278 0.238802 0.309722 0.237760
0 0.342593 0.229948 0.337500 0.231510 0.334259 0.233594 0.332407 0.236719 0.331944 0.240885 0.335185 0.248438 0.341667 0.251823 0.350926 0.253646 0.356019 0.252083 0.359259 0.250260 0.362500 0.246615 0.365278 0.240885 0.364815 0.236198 0.362037 0.232552 0.358333 0.230990 0.350926 0.229687
0 0.357407 0.215885 0.353704 0.219271 0.352778 0.222135 0.353241 0.226562 0.354630 0.228646 0.356944 0.229948 0.364352 0.232031 0.373148 0.232292 0.381481 0.230990 0.387963 0.228385 0.389815 0.223958 0.388889 0.221875 0.387037 0.220833 0.383796 0.220312 0.375463 0.216667 0.367130 0.214844 0.363889 0.214583
0 0.370370 0.207031 0.368981 0.208594 0.369444 0.210156 0.373148 0.212760 0.375463 0.215885 0.381481 0.219271 0.385185 0.220573 0.392593 0.221094 0.396296 0.220312 0.399537 0.218750 0.402315 0.212500 0.395370 0.207552 0.386111 0.205208 0.380093 0.204948 0.373148 0.205729
0 0.380093 0.189583 0.372685 0.197135 0.374537 0.201563 0.379630 0.203646 0.386111 0.205208 0.396296 0.206250 0.400000 0.206250 0.403704 0.204948 0.403241 0.198437 0.394907 0.189844 0.392593 0.188542 0.383796 0.188542
0 0.403241 0.179427 0.398611 0.180990 0.396296 0.183594 0.394907 0.189583 0.397222 0.191146 0.399074 0.194531 0.403704 0.197396 0.410185 0.198698 0.416667 0.198437 0.422685 0.195573 0.424074 0.194010 0.425926 0.189583 0.424074 0.184115 0.421296 0.181250 0.416204 0.179167 0.412037 0.178646
0 0.419907 0.161458 0.413426 0.165365 0.411111 0.169010 0.412963 0.177865 0.419907 0.179948 0.428241 0.179948 0.432870 0.179167 0.435648 0.177865 0.438889 0.173958 0.437963 0.169010 0.432407 0.164323 0.427778 0.161719
0 0.440278 0.132292 0.434259 0.130990 0.426852 0.131510 0.414815 0.138021 0.413426 0.140365 0.413426 0.143750 0.414815 0.146875 0.418519 0.149740 0.422222 0.150781 0.428704 0.151042 0.439352 0.149219 0.445370 0.146875 0.448611 0.142969 0.447685 0.138281 0.444907 0.134635
0 0.463889 0.113021 0.460648 0.114323 0.458333 0.118490 0.458796 0.123177 0.462500 0.127083 0.467130 0.129167 0.475926 0.129427 0.483796 0.125781 0.487037 0.123438 0.488889 0.119271 0.487500 0.115365 0.484722 0.113802 0.480093 0.112760 0.468519 0.112240
0 0.487500 0.100000 0.484722 0.100781 0.481944 0.103125 0.481944 0.107813 0.483333 0.110677 0.488426 0.115365 0.497685 0.115365 0.500463 0.113281 0.501389 0.110937 0.506019 0.107552 0.506481 0.103385 0.501852 0.101042 0.496759 0.099740
0 0.515278 0.101302 0.512037 0.102083 0.507407 0.104688 0.505093 0.107552 0.501389 0.110156 0.500463 0.111979 0.501852 0.115365 0.508333 0.119010 0.512500 0.120313 0.518519 0.120833 0.524537 0.119271 0.527315 0.117188 0.530556 0.111458 0.531019 0.107031 0.528704 0.103125 0.518981 0.101302
0 0.538426 0.095573 0.532870 0.099479 0.531019 0.103125 0.534722 0.108594 0.538889 0.110156 0.544907 0.111198 0.552778 0.111719 0.556481 0.110677 0.560648 0.107552 0.558333 0.103385 0.545370 0.095052
0 0.591204 0.093229 0.587037 0.092188 0.579630 0.091927 0.573611 0.092969 0.566667 0.095573 0.564352 0.098177 0.562963 0.103906 0.565278 0.107292 0.568056 0.108854 0.572685 0.110156 0.583333 0.110156 0.589352 0.109115 0.594907 0.106250 0.596759 0.103646 0.597222 0.098437 0.595833 0.095573
0 0.622685 0.093490 0.613426 0.093229 0.600463 0.095573 0.598148 0.097135 0.597222 0.099479 0.597222 0.103906 0.598611 0.105990 0.604167 0.108073 0.613426 0.109896 0.619907 0.109115 0.625463 0.107292 0.631019 0.103646 0.631481 0.098698 0.627778 0.095573
0 0.652778 0.087760 0.645833 0.087760 0.642593 0.088802 0.637963 0.091927 0.633333 0.098698 0.634259 0.102865 0.636574 0.104427 0.642130 0.105208 0.650000 0.104427 0.657407 0.102083 0.661111 0.099740 0.661111 0.094792 0.659722 0.091667 0.656481 0.089063
0 0.698148 0.093229 0.690741 0.091927 0.677778 0.093750 0.672222 0.095312 0.665278 0.099219 0.665278 0.100781 0.668519 0.106250 0.678241 0.110156 0.684722 0.110677 0.688426 0.109375 0.695370 0.104948 0.699074 0.101562 0.700000 0.100000 0.700000 0.095052
0 0.717593 0.091667 0.708333 0.094271 0.706019 0.096354 0.704167 0.100260 0.706019 0.104167 0.712037 0.109896 0.718056 0.111979 0.725926 0.111979 0.730556 0.107552 0.731019 0.102604 0.729630 0.096875 0.725926 0.092448
0 0.745833 0.082031 0.741667 0.083854 0.737500 0.087760 0.736574 0.090625 0.737500 0.093229 0.747685 0.098177 0.759259 0.099479 0.765278 0.098698 0.767130 0.096354 0.767593 0.091667 0.761574 0.086198 0.759722 0.083333 0.754167 0.081250
0 0.544907 0.115885 0.537963 0.114844 0.533796 0.116146 0.528241 0.119792 0.525926 0.123177 0.525463 0.126302 0.526389 0.130990 0.531481 0.132292 0.541667 0.130990 0.550000 0.125781 0.551852 0.123438 0.550926 0.119010
0 0.494907 0.118750 0.489352 0.121354 0.487963 0.122917 0.487963 0.127344 0.489352 0.131510 0.491667 0.134635 0.496759 0.137500 0.501852 0.138542 0.506019 0.138542 0.513426 0.137240 0.518056 0.134896 0.519907 0.131771 0.519907 0.127865 0.518519 0.125000 0.515278 0.122396 0.511574 0.120313 0.503704 0.117448
0 0.573148 0.111719 0.565278 0.111979 0.560185 0.113281 0.557407 0.114844 0.554167 0.118490 0.552778 0.122135 0.553241 0.127083 0.558333 0.130729 0.560648 0.131510 0.567130 0.132031 0.573611 0.130729 0.579630 0.127344 0.583333 0.123177 0.583333 0.118229 0.582407 0.116667 0.576852 0.113021
0 0.599537 0.107031 0.593519 0.107813 0.588889 0.111198 0.587037 0.114062 0.586111 0.119531 0.593519 0.126042 0.601852 0.127344 0.608333 0.126562 0.612500 0.124740 0.615741 0.119010 0.614815 0.114844 0.610648 0.110156 0.607407 0.108594
0 0.621296 0.109896 0.618056 0.111979 0.616204 0.114323 0.616667 0.119271 0.618519 0.121875 0.620370 0.122917 0.625926 0.124219 0.636574 0.123958 0.640741 0.122135 0.643519 0.119531 0.642593 0.115104 0.640741 0.113021 0.637037 0.110937 0.629630 0.108854 0.625926 0.108854
0 0.663889 0.107031 0.659722 0.108854 0.656944 0.111198 0.651852 0.119010 0.654630 0.123958 0.656481 0.125000 0.662963 0.125781 0.670833 0.124740 0.676852 0.122656 0.681481 0.119792 0.682870 0.116406 0.682407 0.112760 0.679167 0.110156 0.672685 0.108073
0 0.720370 0.112500 0.712037 0.110417 0.704630 0.110937 0.702778 0.111979 0.700463 0.115104 0.700463 0.121094 0.701389 0.123177 0.703704 0.124740 0.711111 0.124740 0.718981 0.122917 0.722222 0.119010 0.722685 0.114583
0 0.746759 0.112500 0.738889 0.112760 0.730556 0.115365 0.727778 0.119271 0.729630 0.122917 0.731481 0.124479 0.737963 0.126042 0.746759 0.126302 0.751852 0.123177 0.749537 0.115365
0 0.793519 0.107552 0.780556 0.106771 0.765741 0.110937 0.760185 0.115104 0.759722 0.120052 0.760648 0.121615 0.762963 0.122917 0.773611 0.125521 0.777778 0.124740 0.789352 0.116667 0.790278 0.115104 0.794907 0.111719 0.794907 0.109115
0 0.816204 0.097917 0.805093 0.099479 0.802315 0.100260 0.799074 0.102604 0.798611 0.107552 0.801389 0.111719 0.805556 0.113542 0.809722 0.113802 0.818519 0.111458 0.823148 0.108073 0.823148 0.102344 0.821759 0.100781
0 0.816204 0.091667 0.811111 0.090104 0.801852 0.090365 0.793519 0.091667 0.787500 0.093490 0.783796 0.096094 0.785648 0.098177 0.794907 0.102604 0.799074 0.102344 0.809259 0.099479 0.812963 0.099479 0.816204 0.098437 0.817130 0.096615
0 0.829630 0.091927 0.825926 0.095052 0.825926 0.099740 0.828704 0.103646 0.836111 0.105990 0.843981 0.104948 0.847685 0.103125 0.850463 0.100260 0.850463 0.095312 0.845833 0.092708 0.838889 0.091406
0 0.869907 0.092969 0.865741 0.093750 0.862037 0.095573 0.859259 0.098958 0.858796 0.103646 0.861574 0.105469 0.864815 0.106510 0.873611 0.106771 0.877778 0.105990 0.881944 0.103646 0.882870 0.099219 0.878241 0.094010 0.873611 0.092969
0 0.844444 0.104948 0.839352 0.107813 0.837037 0.110677 0.836574 0.115625 0.837963 0.118750 0.842593 0.123177 0.844907 0.124219 0.850000 0.125521 0.857870 0.125260 0.862037 0.123698 0.869907 0.119271 0.871296 0.116667 0.871296 0.114323 0.869907 0.111979 0.865741 0.108333 0.857870 0.104688 0.850000 0.104167
0 0.899537 0.116406 0.892593 0.114323 0.885185 0.114323 0.872685 0.117708 0.870370 0.119271 0.867130 0.123958 0.867130 0.130990 0.869444 0.132812 0.872222 0.133854 0.879167 0.134115 0.887037 0.132031 0.898148 0.127083 0.901389 0.123698 0.901389 0.118490
0 0.837037 0.117708 0.833796 0.116667 0.827778 0.116406 0.821296 0.117188 0.813889 0.119010 0.806944 0.122917 0.810648 0.128906 0.812500 0.129688 0.829630 0.131771 0.836574 0.130729 0.839352 0.127604 0.841204 0.122656
0 0.795833 0.119531 0.787963 0.119792 0.785648 0.120573 0.778704 0.124479 0.775926 0.127865 0.775463 0.132292 0.777315 0.135417 0.787963 0.139583 0.796296 0.138281 0.801852 0.135417 0.804630 0.129688 0.805093 0.125521 0.804167 0.122917 0.800463 0.120573
0 0.760648 0.121875 0.753241 0.123177 0.748611 0.125260 0.744907 0.128906 0.742593 0.134375 0.743056 0.136719 0.744907 0.138802 0.753241 0.141406 0.761111 0.140625 0.765741 0.139323 0.772222 0.135677 0.774537 0.132812 0.774537 0.126823 0.768981 0.123958
0 0.717593 0.123958 0.711111 0.125781 0.706944 0.130729 0.706019 0.134635 0.706481 0.142708 0.711574 0.144792 0.720370 0.145313 0.725463 0.144792 0.730556 0.141146 0.732407 0.138802 0.732407 0.133854 0.731481 0.129948 0.729630 0.127865 0.725000 0.125521
0 0.689815 0.124479 0.681019 0.126042 0.678704 0.127083 0.676389 0.129948 0.676389 0.134896 0.681944 0.144792 0.687963 0.147135 0.694444 0.147396 0.697685 0.146875 0.705556 0.142708 0.706019 0.130729 0.698148 0.125260
0 0.656019 0.130729 0.656019 0.134635 0.651389 0.138542 0.652315 0.146875 0.654630 0.148958 0.658333 0.150521 0.663889 0.151042 0.669907 0.150260 0.680093 0.146094 0.681481 0.142448 0.679630 0.138802 0.673148 0.133333 0.663426 0.130990
0 0.642130 0.124740 0.637037 0.126302 0.633796 0.130469 0.633333 0.135417 0.635185 0.138802 0.638426 0.140104 0.641667 0.140625 0.649537 0.140365 0.652778 0.139323 0.657407 0.134896 0.659259 0.130469 0.654630 0.126302 0.651852 0.125521
0 0.622222 0.129167 0.614352 0.128125 0.607407 0.130208 0.603241 0.133854 0.598611 0.140104 0.598148 0.143490 0.599074 0.145313 0.600926 0.146354 0.607407 0.147917 0.615278 0.147656 0.627315 0.142187 0.630093 0.138802 0.630556 0.134375
0 0.579167 0.131771 0.575463 0.132552 0.574074 0.133854 0.571296 0.144531 0.571759 0.147135 0.573148 0.148698 0.575926 0.150260 0.580556 0.151042 0.586574 0.149479 0.590278 0.147396 0.596296 0.145573 0.597685 0.141146 0.597222 0.138542 0.593981 0.136458 0.587037 0.133594
0 0.559259 0.137240 0.551852 0.136979 0.543519 0.138542 0.537037 0.141667 0.532407 0.146354 0.533333 0.150781 0.537037 0.154167 0.541204 0.156250 0.544444 0.157031 0.552315 0.157552 0.560648 0.155208 0.563889 0.152604 0.565741 0.149740 0.568981 0.147135 0.568981 0.141927 0.564815 0.138542
0 0.510185 0.145313 0.508796 0.145833 0.506019 0.149479 0.505093 0.152865 0.505556 0.158073 0.508333 0.158854 0.517593 0.159375 0.524537 0.160938 0.527778 0.159375 0.529630 0.157292 0.530556 0.149219 0.529167 0.147135 0.525000 0.145833
0 0.497222 0.142187 0.489352 0.143490 0.481944 0.154167 0.482407 0.158333 0.489352 0.161458 0.497685 0.161458 0.501852 0.159635 0.503704 0.156250 0.506944 0.146094 0.503704 0.143750
0 0.509259 0.159375 0.505556 0.160938 0.498611 0.166927 0.496296 0.169792 0.498611 0.175000 0.500463 0.176042 0.503241 0.176563 0.518056 0.176823 0.525463 0.174219 0.527315 0.172656 0.528241 0.170833 0.527778 0.165625 0.525463 0.163281 0.520370 0.160417 0.517593 0.159635
0 0.547222 0.163021 0.537500 0.162240 0.528704 0.165365 0.527315 0.173958 0.531019 0.179688 0.537037 0.178906 0.545370 0.178906 0.550000 0.175781 0.553241 0.172135 0.554167 0.169531 0.551852 0.165625
0 0.570370 0.157031 0.563889 0.159375 0.559722 0.161719 0.556944 0.165625 0.556944 0.170573 0.558796 0.172656 0.566204 0.175781 0.580556 0.175781 0.584722 0.173958 0.587500 0.171094 0.588426 0.166667 0.587500 0.162760 0.585185 0.160156 0.581019 0.157812 0.574537 0.156771
0 0.584259 0.150000 0.583333 0.151042 0.582870 0.158333 0.590278 0.163542 0.599074 0.164844 0.606481 0.164844 0.612037 0.163802 0.614815 0.162240 0.617130 0.158333 0.616667 0.154167 0.611111 0.148958 0.599537 0.146354 0.592130 0.146875
0 0.647222 0.141927 0.643981 0.141146 0.634259 0.140885 0.627315 0.142448 0.620833 0.145313 0.619444 0.146354 0.619444 0.151042 0.621759 0.154948 0.625926 0.157552 0.628241 0.158333 0.637500 0.158073 0.643519 0.157292 0.649537 0.155208 0.654167 0.149740 0.652778 0.146354 0.650000 0.143490
0 0.634259 0.158333 0.628241 0.159635 0.623611 0.162760 0.621296 0.165365 0.621759 0.170313 0.625463 0.173698 0.633333 0.175781 0.637963 0.175781 0.642593 0.175000 0.646759 0.172396 0.648611 0.170313 0.648611 0.165365 0.646296 0.161198 0.642593 0.158854
0 0.656019 0.160677 0.653241 0.161979 0.651389 0.164844 0.651852 0.169271 0.654630 0.172396 0.658796 0.174219 0.662500 0.175000 0.670370 0.174740 0.675926 0.172396 0.677778 0.170052 0.677778 0.165885 0.673148 0.160938 0.670370 0.159635 0.662037 0.159635
0 0.689352 0.147656 0.686111 0.148698 0.680093 0.154167 0.680093 0.159115 0.682870 0.161198 0.687500 0.161979 0.693519 0.161979 0.699074 0.161198 0.703704 0.158333 0.704167 0.154167 0.703241 0.152604 0.697685 0.147917
0 0.711574 0.147396 0.708796 0.148177 0.706019 0.150260 0.704630 0.153646 0.705093 0.158594 0.706481 0.162240 0.709259 0.165625 0.713426 0.167969 0.719444 0.169010 0.725926 0.167708 0.731481 0.164323 0.733796 0.162240 0.734722 0.157812 0.731944 0.154427 0.722222 0.149219 0.716667 0.147656
0 0.747222 0.139063 0.738889 0.139323 0.732407 0.140365 0.727778 0.143490 0.725926 0.146354 0.725926 0.150521 0.728241 0.152604 0.734722 0.156250 0.738889 0.156771 0.746296 0.156510 0.756944 0.153906 0.759259 0.152083 0.758796 0.146354 0.756944 0.143750
0 0.774074 0.136458 0.767130 0.140104 0.763889 0.142969 0.761574 0.146354 0.762037 0.150781 0.764815 0.153125 0.773611 0.155469 0.781481 0.155469 0.784722 0.154427 0.789815 0.150781 0.788889 0.142448 0.787037 0.140365 0.781481 0.137240
0 0.806944 0.131510 0.804167 0.134115 0.805556 0.137760 0.807870 0.140104 0.814815 0.144010 0.819444 0.144792 0.824074 0.144792 0.827778 0.143750 0.833796 0.140365 0.834722 0.139063 0.834259 0.134115 0.831481 0.131771 0.817130 0.129948 0.811574 0.130208
0 0.843056 0.128385 0.839815 0.129688 0.835648 0.134635 0.835648 0.138802 0.837037 0.140885 0.839815 0.142708 0.846296 0.143490 0.857407 0.146875 0.868519 0.144271 0.871759 0.142708 0.872222 0.138021 0.870833 0.134896 0.863889 0.130729 0.853704 0.127865 0.849537 0.127604
0 0.884722 0.132292 0.876389 0.134896 0.873611 0.136719 0.872222 0.138542 0.872685 0.143490 0.874537 0.146094 0.881481 0.151042 0.884722 0.152083 0.892593 0.152865 0.896759 0.152083 0.899537 0.150781 0.902315 0.147135 0.902315 0.141927 0.900000 0.137240 0.896296 0.134635 0.892130 0.133073
0 0.881019 0.160156 0.876852 0.163021 0.875000 0.165365 0.878241 0.171875 0.884259 0.173698 0.894444 0.173698 0.900000 0.172917 0.902778 0.171094 0.904167 0.166406 0.901852 0.161719 0.899074 0.160417 0.893519 0.159115 0.887037 0.159115
0 0.884259 0.175521 0.880093 0.177865 0.877315 0.181250 0.878704 0.185417 0.880556 0.187500 0.883333 0.188802 0.889815 0.189583 0.900926 0.189062 0.903704 0.186719 0.904167 0.181510 0.902315 0.177344 0.900000 0.175781 0.893519 0.174740
0 0.884722 0.189323 0.877778 0.190885 0.868519 0.195573 0.867130 0.196875 0.867593 0.200521 0.868519 0.201823 0.876852 0.205990 0.884722 0.207813 0.893519 0.208073 0.898611 0.206771 0.904167 0.202604 0.905556 0.198177 0.904630 0.192188 0.900000 0.189583
0 0.867593 0.185417 0.864815 0.184375 0.856944 0.183594 0.850926 0.184115 0.843519 0.186719 0.838426 0.189323 0.836574 0.193490 0.838889 0.197917 0.842593 0.199219 0.850926 0.199740 0.856944 0.198958 0.863426 0.194010
0 0.864352 0.165365 0.858333 0.167708 0.850926 0.174219 0.850000 0.178385 0.853241 0.182552 0.863426 0.184635 0.871759 0.184115 0.875000 0.182292 0.877315 0.177865 0.878241 0.173177 0.877315 0.169531 0.875000 0.166927 0.871296 0.165625
0 0.852778 0.160156 0.842593 0.160156 0.835648 0.162240 0.833796 0.165104 0.832870 0.170313 0.836111 0.172917 0.843056 0.174479 0.848611 0.174219 0.850926 0.173698 0.856481 0.170052 0.860185 0.166406 0.860185 0.165104 0.858333 0.162500
0 0.871759 0.145313 0.863889 0.145573 0.860648 0.146354 0.856944 0.149219 0.854630 0.153906 0.855556 0.157292 0.860185 0.162500 0.864352 0.163542 0.871759 0.162760 0.878241 0.160417 0.880093 0.157812 0.881019 0.154688 0.880093 0.150781 0.876852 0.147917
0 0.843981 0.142969 0.836574 0.143750 0.834722 0.146354 0.830093 0.150000 0.827778 0.154167 0.829630 0.158333 0.833796 0.160938 0.836574 0.161719 0.845833 0.159375 0.852315 0.155729 0.855556 0.150781 0.854630 0.146354 0.850463 0.144531
0 0.814352 0.145052 0.809259 0.144010 0.802315 0.144792 0.797222 0.148177 0.795370 0.150260 0.795833 0.153906 0.801852 0.157292 0.818056 0.153906 0.819907 0.152865 0.820370 0.150000
0 0.815741 0.152865 0.806944 0.155990 0.805093 0.157292 0.803704 0.159635 0.804167 0.164844 0.806481 0.167448 0.815741 0.171875 0.820370 0.172656 0.825000 0.172656 0.829630 0.171094 0.832870 0.167969 0.833796 0.161719 0.826389 0.154948 0.823148 0.153906
0 0.788426 0.153906 0.783333 0.154688 0.778241 0.156510 0.775926 0.161458 0.775926 0.166667 0.776852 0.167969 0.781481 0.170833 0.787500 0.172135 0.795370 0.169792 0.800000 0.166146 0.802315 0.163021 0.801852 0.158854 0.800000 0.156771 0.795370 0.154688
0 0.742593 0.158073 0.743056 0.162240 0.753704 0.165625 0.760185 0.168750 0.768056 0.169010 0.772685 0.167708 0.774537 0.166146 0.776852 0.158073 0.774537 0.155990 0.769907 0.154427 0.760185 0.153125 0.752778 0.154427
0 0.732870 0.163802 0.728704 0.166146 0.726389 0.171094 0.725926 0.174219 0.729167 0.178906 0.732407 0.180469 0.743519 0.181510 0.749537 0.181510 0.757407 0.180208 0.760185 0.178385 0.762037 0.174219 0.761574 0.170313 0.756019 0.166667 0.746759 0.163021 0.738889 0.162760
0 0.768519 0.171094 0.764815 0.172396 0.761111 0.176302 0.760648 0.178906 0.762037 0.181771 0.774074 0.187500 0.781019 0.188542 0.786111 0.187500 0.788426 0.185677 0.790278 0.181250 0.785185 0.174740 0.779630 0.171094 0.775926 0.170573
0 0.816667 0.173698 0.812963 0.171094 0.809259 0.170052 0.794907 0.170313 0.790741 0.171615 0.787500 0.173698 0.788426 0.179427 0.790278 0.180990 0.793981 0.181771 0.810185 0.180469 0.813889 0.178906
0 0.823611 0.173958 0.816204 0.177604 0.816667 0.181771 0.823148 0.186979 0.828704 0.189844 0.835648 0.189844 0.839815 0.188802 0.843056 0.186979 0.847222 0.182552 0.848148 0.179427 0.847222 0.175781 0.841667 0.174219 0.830556 0.172917
0 0.813426 0.180729 0.808796 0.180469 0.795833 0.181510 0.789815 0.184896 0.790278 0.189583 0.796296 0.192188 0.801852 0.198698 0.810185 0.199219 0.816667 0.198437 0.819444 0.197656 0.825463 0.193490 0.826852 0.189323 0.819907 0.183854
0 0.843519 0.200260 0.837963 0.203125 0.835648 0.205729 0.834722 0.209375 0.837500 0.213281 0.839815 0.214844 0.850000 0.217969 0.858333 0.218229 0.862037 0.217188 0.866204 0.212760 0.865278 0.208333 0.860648 0.203906 0.857407 0.201823 0.852778 0.200260
0 0.862963 0.217188 0.861574 0.221354 0.865741 0.225521 0.868981 0.227083 0.875926 0.228385 0.884722 0.231250 0.894444 0.230729 0.898611 0.229687 0.903241 0.227083 0.904630 0.225521 0.905556 0.220052 0.903704 0.216146 0.900000 0.214323 0.892593 0.212760 0.886111 0.212240 0.877778 0.212760 0.868056 0.214844
0 0.831481 0.202344 0.822222 0.198698 0.815741 0.198437 0.802778 0.200000 0.797222 0.202604 0.795370 0.204427 0.796296 0.209635 0.800000 0.214062 0.801852 0.215365 0.809722 0.216146 0.823611 0.213542 0.831481 0.208854 0.833333 0.204427
0 0.788426 0.188021 0.780556 0.188542 0.775000 0.192188 0.771759 0.197135 0.775000 0.201302 0.780093 0.203385 0.788426 0.203646 0.792593 0.202865 0.797222 0.200521 0.798611 0.198958 0.799074 0.196615 0.797222 0.193229
0 0.767593 0.184375 0.760185 0.183333 0.753241 0.184635 0.749074 0.186458 0.745370 0.191406 0.743056 0.197135 0.746296 0.200521 0.753704 0.200521 0.758333 0.199219 0.765741 0.198698 0.769444 0.197656 0.772222 0.194010 0.772685 0.188802 0.770370 0.185938
0 0.768981 0.198958 0.759259 0.198958 0.750926 0.201563 0.746759 0.208854 0.746296 0.213281 0.749074 0.215365 0.761574 0.216667 0.767130 0.215625 0.775463 0.211719 0.777778 0.209375 0.778241 0.204687 0.775463 0.201563
0 0.792593 0.207031 0.787500 0.206510 0.781481 0.207292 0.775926 0.210417 0.770833 0.216146 0.771296 0.220573 0.774537 0.223438 0.780093 0.224740 0.794444 0.223958 0.797685 0.222396 0.800463 0.217448 0.799537 0.212760 0.795370 0.208073
0 0.828241 0.215104 0.821759 0.213802 0.805093 0.216406 0.803241 0.217448 0.801852 0.220052 0.803241 0.225000 0.805556 0.227344 0.809259 0.229427 0.816667 0.229687 0.828704 0.227083 0.830093 0.225781 0.831944 0.220052
0 0.744444 0.189062 0.738889 0.184896 0.733796 0.183333 0.724537 0.184115 0.716667 0.187500 0.710185 0.191406 0.709259 0.192708 0.709259 0.197396 0.712500 0.198437 0.726389 0.200000 0.732870 0.198177 0.738889 0.197917 0.741204 0.196875 0.744444 0.193750
0 0.713426 0.171354 0.709259 0.173958 0.706944 0.177083 0.708333 0.180990 0.718056 0.183594 0.724537 0.183333 0.727778 0.182552 0.729167 0.181771 0.729167 0.177604 0.726389 0.175521 0.723611 0.171615 0.719444 0.170313
0 0.698148 0.164323 0.689352 0.164844 0.681481 0.167187 0.678704 0.169531 0.679167 0.174219 0.685185 0.179948 0.690741 0.182552 0.699074 0.182552 0.705093 0.179948 0.706481 0.178125 0.707870 0.173698 0.706019 0.169271 0.703704 0.166406
0 0.677315 0.176563 0.671759 0.176042 0.663426 0.176563 0.651852 0.181510 0.648148 0.185417 0.647685 0.190104 0.650000 0.192708 0.656944 0.196094 0.663889 0.197656 0.671759 0.196354 0.677315 0.194271 0.681019 0.188802 0.682870 0.182031 0.681019 0.177865
0 0.690741 0.184635 0.687037 0.185938 0.683333 0.188281 0.680093 0.193229 0.681019 0.195312 0.684722 0.197917 0.690741 0.200521 0.699537 0.200781 0.705093 0.199479 0.707870 0.197656 0.708333 0.193490 0.710648 0.189583 0.710185 0.188542 0.704630 0.184896 0.700926 0.184375
0 0.675926 0.195833 0.667593 0.197135 0.662963 0.201302 0.662037 0.206510 0.664352 0.209896 0.667593 0.211979 0.675926 0.215104 0.678704 0.215365 0.684259 0.214062 0.687500 0.210938 0.690278 0.205729 0.690741 0.201042 0.683333 0.197135 0.678241 0.195833
0 0.642130 0.193490 0.634259 0.197917 0.633796 0.201563 0.637037 0.205208 0.637037 0.209115 0.638426 0.210938 0.642130 0.212240 0.650926 0.212760 0.655556 0.211198 0.659259 0.207813 0.660648 0.203646 0.659722 0.198177 0.655093 0.195312 0.649537 0.193490
0 0.643981 0.182031 0.636574 0.180990 0.629167 0.181510 0.621759 0.183073 0.618056 0.184896 0.616204 0.187240 0.615741 0.189844 0.617130 0.192448 0.621296 0.196094 0.629167 0.198177 0.635648 0.196875 0.644444 0.192188 0.645833 0.190104 0.646759 0.185417
0 0.614815 0.169531 0.606481 0.169531 0.600000 0.170313 0.592593 0.173698 0.586574 0.181510 0.587500 0.186458 0.590741 0.189062 0.601389 0.190885 0.607870 0.190625 0.613889 0.188281 0.619444 0.181771 0.620833 0.178385 0.619907 0.173437
0 0.578704 0.177083 0.575463 0.176302 0.567130 0.176563 0.560185 0.180469 0.556019 0.184635 0.556481 0.189844 0.558333 0.191927 0.562037 0.192708 0.575463 0.192448 0.581019 0.191667 0.585648 0.189583 0.586111 0.184375 0.583333 0.180729
0 0.548148 0.180469 0.541667 0.178906 0.533796 0.178906 0.531019 0.179427 0.519907 0.183854 0.515278 0.189583 0.518519 0.192969 0.521759 0.194531 0.524074 0.196875 0.531481 0.197396 0.539815 0.194531 0.551852 0.192448 0.554630 0.191406 0.555556 0.190365 0.554630 0.185938
0 0.501389 0.176823 0.499074 0.177604 0.497222 0.180729 0.498148 0.188281 0.500463 0.189583 0.511111 0.189844 0.516667 0.185938 0.518981 0.181510 0.516204 0.178125 0.513426 0.176823
0 0.492593 0.176302 0.490278 0.175781 0.481944 0.176042 0.474074 0.180208 0.469907 0.185417 0.470370 0.190104 0.472685 0.191927 0.481944 0.193750 0.489815 0.193750 0.495370 0.190625 0.497222 0.188281 0.497685 0.183333 0.496759 0.180208
0 0.483333 0.160156 0.473611 0.161458 0.468981 0.164583 0.465741 0.170052 0.467130 0.171875 0.475463 0.177083 0.491204 0.175781 0.494907 0.174219 0.494907 0.169010 0.488889 0.162500
0 0.491667 0.193229 0.490278 0.196354 0.490741 0.200260 0.492130 0.202865 0.494444 0.203906 0.512963 0.203646 0.518056 0.204167 0.522222 0.203125 0.524537 0.201563 0.523148 0.197396 0.520833 0.195052 0.512037 0.191146 0.505556 0.189844 0.499537 0.189844 0.496296 0.190365
0 0.559722 0.194792 0.554630 0.193229 0.552315 0.191406 0.547685 0.192969 0.537963 0.193750 0.528704 0.198698 0.526389 0.201042 0.529630 0.209115 0.534722 0.210677 0.544444 0.211719 0.550000 0.210677 0.555093 0.207292 0.561111 0.197917
0 0.563889 0.197396 0.560648 0.199219 0.556944 0.204427 0.557870 0.209115 0.564815 0.212500 0.569907 0.213802 0.581019 0.214323 0.584259 0.213542 0.590278 0.209115 0.590741 0.204948 0.587037 0.200521 0.579630 0.196875 0.568519 0.196615
0 0.589815 0.190625 0.584722 0.192708 0.581481 0.197396 0.588889 0.203385 0.593519 0.205990 0.600926 0.205990 0.607870 0.201823 0.608796 0.197135 0.602315 0.191146 0.594444 0.190104
0 0.631019 0.199740 0.621296 0.198177 0.612500 0.199219 0.609259 0.200781 0.606944 0.204427 0.607407 0.208594 0.609259 0.210938 0.614352 0.214062 0.622685 0.214323 0.629630 0.213281 0.635648 0.210156 0.635648 0.204687 0.633796 0.201823
0 0.656019 0.209375 0.654630 0.211198 0.651852 0.212760 0.652778 0.221094 0.656481 0.222917 0.662500 0.223698 0.670370 0.223698 0.674537 0.222396 0.677315 0.220833 0.678704 0.216667 0.673611 0.215104 0.670833 0.212760 0.663426 0.209115
0 0.701852 0.201563 0.697222 0.202344 0.694444 0.203646 0.691204 0.209115 0.694444 0.215365 0.702778 0.219010 0.706019 0.219531 0.711574 0.218750 0.717593 0.213281 0.717593 0.208854 0.715278 0.205469 0.711111 0.203125 0.706019 0.201563
0 0.739352 0.198437 0.731944 0.198177 0.725000 0.200260 0.719907 0.203385 0.718056 0.209375 0.719444 0.212760 0.721296 0.214062 0.725463 0.215104 0.733333 0.214844 0.737037 0.213802 0.740741 0.211458 0.743056 0.208073 0.743981 0.204427 0.742593 0.201302
0 0.321759 0.201823 0.318519 0.202865 0.314352 0.205990 0.311111 0.213021 0.312500 0.214583 0.315741 0.216146 0.322222 0.217188 0.330556 0.216667 0.336574 0.213281 0.337037 0.208594 0.334259 0.203906 0.331944 0.202865
0 0.354167 0.193229 0.347685 0.188281 0.336111 0.186458 0.327778 0.189323 0.321296 0.192448 0.317130 0.197396 0.318981 0.199740 0.323148 0.201563 0.337963 0.202865 0.342130 0.201823 0.352778 0.196615
0 0.349537 0.185417 0.350000 0.189844 0.355093 0.195052 0.364352 0.197656 0.371759 0.198437 0.378241 0.190104 0.376389 0.185938 0.371759 0.184115 0.364815 0.183073 0.356944 0.183073
0 0.356481 0.196094 0.348148 0.198177 0.343056 0.201042 0.343056 0.205208 0.351389 0.210677 0.358333 0.212240 0.364352 0.211458 0.367130 0.209896 0.369907 0.205208 0.370833 0.201042 0.368056 0.198177
0 0.448148 0.185677 0.439815 0.185677 0.435185 0.186458 0.430093 0.188021 0.426852 0.190365 0.425000 0.193229 0.425926 0.196094 0.429167 0.198958 0.433333 0.200781 0.438889 0.201823 0.442593 0.201823 0.449074 0.200521 0.452778 0.198437 0.455556 0.193490 0.454167 0.189323
0 0.468519 0.175260 0.459722 0.175000 0.451852 0.177604 0.447685 0.179948 0.446296 0.181510 0.445833 0.185677 0.449074 0.186458 0.454630 0.190104 0.462963 0.190104 0.466667 0.189062 0.468519 0.187760 0.472685 0.182031 0.472685 0.177604
0 0.454630 0.155208 0.448148 0.157292 0.443981 0.159896 0.442130 0.161979 0.442593 0.166406 0.444444 0.169010 0.449074 0.171094 0.454630 0.172396 0.462500 0.172135 0.465278 0.170833 0.468981 0.165104 0.472222 0.162500 0.471296 0.158073 0.468981 0.155990
0 0.451852 0.140625 0.446296 0.145573 0.445833 0.147135 0.448148 0.150521 0.454630 0.155208 0.460185 0.155729 0.468981 0.155469 0.478704 0.150781 0.480556 0.147656 0.480556 0.145833 0.477778 0.142969 0.468981 0.139323 0.461574 0.138802
0 0.468519 0.193750 0.461574 0.197135 0.461111 0.201823 0.465741 0.205729 0.472685 0.208854 0.482407 0.210938 0.484722 0.210417 0.491204 0.205208 0.491204 0.200781 0.488889 0.195573 0.485648 0.194271 0.476389 0.192969
0 0.493981 0.205208 0.491667 0.207552 0.491204 0.209896 0.493981 0.213021 0.499537 0.215625 0.510648 0.218750 0.518519 0.216667 0.521296 0.214844 0.522685 0.208594 0.517593 0.204427 0.512963 0.203385 0.501389 0.203385 0.496296 0.204167
0 0.509259 0.218750 0.506944 0.220312 0.505093 0.224479 0.507870 0.229167 0.516667 0.234115 0.528704 0.234896 0.534722 0.234375 0.537037 0.232813 0.537963 0.228906 0.537500 0.224479 0.535648 0.221875 0.529167 0.218490 0.525000 0.217448 0.517130 0.216927
0 0.531019 0.212240 0.528704 0.214844 0.528241 0.217188 0.530556 0.219271 0.535648 0.221875 0.537963 0.225260 0.543519 0.226302 0.548148 0.225781 0.553704 0.221094 0.554630 0.216406 0.550000 0.213542 0.546296 0.212500 0.540278 0.211719
0 0.468519 0.208073 0.462037 0.209115 0.459259 0.210417 0.456944 0.214062 0.456019 0.221094 0.458333 0.222917 0.462500 0.224479 0.466204 0.227604 0.469444 0.228385 0.476389 0.227083 0.478704 0.225260 0.482407 0.212760 0.478704 0.210156
0 0.489352 0.212240 0.485648 0.213542 0.481019 0.216927 0.479630 0.220052 0.479167 0.225781 0.481481 0.229427 0.485648 0.232292 0.489352 0.233073 0.496759 0.233333 0.501852 0.231250 0.505093 0.228646 0.504167 0.220052 0.502315 0.216667 0.499537 0.215885 0.496296 0.213802
0 0.447685 0.201823 0.437500 0.203125 0.432407 0.206771 0.431019 0.208594 0.431481 0.213021 0.436111 0.218750 0.441204 0.220833 0.448148 0.221875 0.453704 0.221354 0.455556 0.220312 0.459259 0.208594 0.456481 0.204167 0.452315 0.202604
0 0.427778 0.211979 0.420370 0.209115 0.412963 0.209635 0.401852 0.214583 0.398611 0.220573 0.400463 0.222917 0.404167 0.224740 0.413889 0.225260 0.419907 0.224479 0.426852 0.222656 0.431019 0.220833 0.431944 0.216406
0 0.331019 0.218750 0.321296 0.218229 0.317130 0.220052 0.310648 0.227865 0.310648 0.232031 0.311574 0.233073 0.314815 0.234115 0.328704 0.233854 0.333333 0.232552 0.339815 0.228646 0.340278 0.224219 0.338889 0.222656
0 0.099537 0.271354 0.101389 0.275000 0.106019 0.278646 0.112037 0.281510 0.119444 0.283073 0.123611 0.284896 0.129167 0.285417 0.131944 0.284375 0.135648 0.284115 0.138426 0.283333 0.140741 0.281250 0.143056 0.276042 0.142593 0.273438 0.141204 0.271354 0.133796 0.268229 0.123148 0.266667 0.113426 0.266667 0.107870 0.267448
0 0.157407 0.282552 0.158333 0.287240 0.161574 0.289844 0.176852 0.293229 0.183796 0.292448 0.188889 0.291146 0.196759 0.287240 0.196759 0.282813 0.195370 0.280729 0.188426 0.277083 0.179630 0.275000 0.168519 0.275000 0.162963 0.276302 0.159259 0.279167
0 0.197685 0.259896 0.191204 0.261458 0.187500 0.263542 0.185185 0.266927 0.185648 0.272396 0.187963 0.275260 0.191204 0.277344 0.194444 0.278385 0.198148 0.278906 0.207407 0.278125 0.210185 0.277083 0.213889 0.271875 0.213426 0.267448 0.205093 0.260937
0 0.225000 0.267969 0.216204 0.270052 0.211574 0.274479 0.210185 0.278906 0.211574 0.283333 0.215278 0.285677 0.218519 0.286458 0.225463 0.287240 0.231944 0.286979 0.234722 0.286198 0.238889 0.283594 0.235648 0.275781 0.236111 0.271094 0.232870 0.268750
0 0.236574 0.269531 0.233333 0.271354 0.233796 0.275521 0.236111 0.280469 0.239352 0.283594 0.246759 0.283594 0.258333 0.279167 0.259722 0.275260 0.253241 0.271615 0.247222 0.269792
0 0.262037 0.266146 0.260648 0.270833 0.261574 0.274219 0.265741 0.277344 0.269907 0.278385 0.275926 0.278646 0.287037 0.277083 0.293519 0.274740 0.297685 0.271875 0.292593 0.267188 0.281481 0.264062 0.274537 0.263021 0.268519 0.263281 0.264815 0.264062
0 0.291667 0.252344 0.289352 0.254427 0.288426 0.258854 0.288889 0.262760 0.290741 0.266146 0.297685 0.270052 0.301852 0.271354 0.311111 0.270573 0.315278 0.268229 0.318056 0.264583 0.318056 0.261979 0.316204 0.258854 0.301852 0.252604 0.296296 0.251823
0 0.357870 0.251042 0.353704 0.254167 0.351852 0.259635 0.352778 0.263802 0.355556 0.265365 0.359722 0.266146 0.371759 0.266146 0.376852 0.264844 0.381944 0.262240 0.383796 0.259375 0.381481 0.256510 0.376852 0.253385 0.365741 0.250781
0 0.378241 0.232292 0.374537 0.233333 0.369907 0.235937 0.368056 0.239063 0.368056 0.241406 0.369444 0.244531 0.380093 0.252604 0.384259 0.254167 0.393056 0.253385 0.396296 0.252083 0.398611 0.247917 0.399074 0.244010 0.396296 0.239063 0.392593 0.235156 0.386111 0.231771
0 0.429630 0.236198 0.419444 0.234635 0.412963 0.236458 0.409722 0.240625 0.409259 0.245312 0.409722 0.247917 0.413426 0.251302 0.421296 0.251563 0.430093 0.248698 0.434259 0.246094 0.435648 0.244531 0.436111 0.240104
0 0.446296 0.232292 0.443056 0.233594 0.441204 0.235677 0.441667 0.240104 0.445370 0.245312 0.451852 0.250521 0.454630 0.251563 0.462037 0.252083 0.468519 0.248177 0.469907 0.236198 0.463889 0.233073 0.459259 0.231771 0.452778 0.231510
0 0.493519 0.234635 0.482407 0.232813 0.475463 0.234115 0.471296 0.236198 0.469444 0.239583 0.469444 0.248438 0.472685 0.251042 0.475000 0.251823 0.484722 0.250781 0.487500 0.249479 0.491204 0.246094 0.497222 0.243229 0.498611 0.240104 0.496296 0.236198
0 0.498611 0.243750 0.493981 0.244792 0.489352 0.247396 0.487963 0.252604 0.490278 0.257552 0.492593 0.258854 0.503704 0.261719 0.510648 0.260156 0.517130 0.256250 0.519907 0.252604 0.519444 0.248177 0.516667 0.246354 0.511111 0.244271
0 0.516204 0.234635 0.507870 0.238542 0.506944 0.239844 0.507407 0.242708 0.508796 0.244010 0.516204 0.246615 0.521759 0.250260 0.525000 0.251042 0.533796 0.248438 0.539815 0.244531 0.538889 0.239844 0.537037 0.237760 0.532870 0.235677 0.524537 0.234375
0 0.552315 0.228646 0.544444 0.229167 0.538889 0.232813 0.537500 0.236198 0.538889 0.240365 0.541667 0.242708 0.544907 0.243490 0.556481 0.241667 0.559722 0.240104 0.562037 0.237240 0.562037 0.235156 0.560185 0.232292
0 0.580093 0.216146 0.573148 0.214844 0.566204 0.215365 0.556019 0.218750 0.554167 0.220052 0.551852 0.223958 0.552315 0.228125 0.560648 0.233333 0.565741 0.234375 0.573148 0.234115 0.578704 0.232031 0.581481 0.228646 0.583796 0.223177 0.583333 0.218750
0 0.587037 0.223958 0.583796 0.225781 0.581481 0.228385 0.580556 0.232813 0.587037 0.238281 0.590278 0.239323 0.594907 0.239844 0.603241 0.238281 0.608796 0.232292 0.605556 0.227604 0.602778 0.225521 0.594444 0.223177
0 0.606481 0.241406 0.600000 0.239583 0.593519 0.240365 0.585648 0.243490 0.581481 0.247656 0.582870 0.252083 0.587500 0.253906 0.593519 0.254948 0.602315 0.254688 0.607407 0.253646 0.610185 0.252083 0.612963 0.247656
0 0.571296 0.237760 0.566204 0.238802 0.562500 0.240885 0.560185 0.242969 0.559722 0.245312 0.561111 0.248438 0.565741 0.251302 0.573611 0.252865 0.577778 0.251563 0.581019 0.249219 0.583796 0.244531 0.583796 0.240104 0.580093 0.238281
0 0.549074 0.247396 0.545370 0.245573 0.536111 0.246875 0.525000 0.251823 0.524537 0.255990 0.530556 0.258073 0.537963 0.259115 0.545370 0.258854 0.549074 0.258073 0.551389 0.256510 0.551389 0.251563
0 0.537500 0.259115 0.525926 0.265885 0.525463 0.269010 0.526852 0.272396 0.531019 0.276042 0.535185 0.277344 0.543519 0.278385 0.552315 0.278125 0.556019 0.275781 0.556481 0.271094 0.554630 0.263542 0.551389 0.261458 0.544907 0.259375
0 0.554630 0.254948 0.553241 0.255729 0.552315 0.260156 0.555556 0.263021 0.560185 0.265365 0.572222 0.268750 0.575926 0.268490 0.579167 0.266927 0.580093 0.265104 0.579167 0.259635 0.572685 0.253646 0.568056 0.252604 0.564815 0.252604
0 0.583796 0.261979 0.581019 0.264323 0.581019 0.269010 0.582407 0.271354 0.588426 0.275000 0.592593 0.276302 0.600926 0.276042 0.604167 0.274740 0.609722 0.268490 0.609722 0.266927 0.604630 0.262500 0.601852 0.261198 0.598148 0.260677 0.591667 0.260677
0 0.622222 0.230208 0.610185 0.233073 0.606481 0.235677 0.606019 0.240365 0.613426 0.247135 0.615741 0.247917 0.623148 0.247917 0.627778 0.247135 0.629630 0.245833 0.633333 0.240625 0.633333 0.235677 0.631019 0.232813 0.629167 0.231771
0 0.619444 0.216146 0.616667 0.217969 0.614815 0.221094 0.616667 0.224479 0.621296 0.228646 0.634722 0.233854 0.642130 0.233594 0.645370 0.232813 0.648611 0.230729 0.653704 0.224740 0.650926 0.220312 0.635648 0.214583 0.627778 0.214062
0 0.590278 0.210677 0.586111 0.212760 0.584259 0.216406 0.589815 0.222135 0.600000 0.225521 0.607870 0.225781 0.610648 0.223958 0.612037 0.221615 0.612037 0.214844 0.610648 0.211979 0.607870 0.210156 0.600926 0.209375 0.594907 0.209635
0 0.656019 0.223698 0.651389 0.226562 0.648148 0.232031 0.650463 0.236458 0.655556 0.238802 0.664815 0.239323 0.675463 0.236719 0.677778 0.232031 0.673611 0.227344 0.665278 0.224219
0 0.682407 0.217188 0.679167 0.218490 0.677315 0.220312 0.677778 0.224219 0.683796 0.228125 0.689815 0.228906 0.698148 0.227604 0.700000 0.226042 0.702315 0.221094 0.700000 0.217708 0.698148 0.216667 0.692593 0.216146
0 0.697222 0.227344 0.687963 0.229167 0.683796 0.230469 0.680556 0.232552 0.681481 0.236458 0.683796 0.237760 0.690741 0.240104 0.698611 0.240885 0.706944 0.239583 0.708796 0.238542 0.709259 0.233333 0.705093 0.229427
0 0.740741 0.219271 0.736111 0.217708 0.731019 0.217188 0.719444 0.218490 0.713889 0.220052 0.710185 0.224219 0.710648 0.227083 0.712500 0.229948 0.717130 0.232031 0.723148 0.232552 0.733333 0.232031 0.737963 0.230729 0.740741 0.228646 0.742593 0.225521 0.742130 0.220573
0 0.698148 0.240104 0.696759 0.240625 0.695370 0.242708 0.695370 0.248438 0.697222 0.250781 0.701389 0.253906 0.712037 0.254948 0.714815 0.252083 0.715741 0.248958 0.713889 0.243490 0.712037 0.241146 0.706019 0.239323
0 0.676852 0.237500 0.664815 0.240104 0.662500 0.242188 0.662037 0.245052 0.662963 0.247917 0.666204 0.250521 0.671296 0.253385 0.677315 0.254688 0.684259 0.253385 0.693519 0.248177 0.694444 0.243750 0.692593 0.241146 0.684259 0.238281
0 0.636574 0.238281 0.633796 0.240104 0.631019 0.243750 0.630093 0.248177 0.643981 0.254167 0.649537 0.254427 0.658333 0.252865 0.661574 0.248177 0.660185 0.242969 0.658333 0.240625 0.650000 0.236719 0.642130 0.236458
0 0.614352 0.248698 0.610648 0.252083 0.609259 0.255208 0.610185 0.259896 0.612037 0.261719 0.614352 0.262500 0.631019 0.262500 0.635648 0.261719 0.638889 0.259635 0.641204 0.256250 0.639352 0.253125 0.632870 0.250000 0.627778 0.248438 0.621296 0.247917
0 0.617593 0.263021 0.612963 0.266927 0.612963 0.271094 0.617130 0.273958 0.620833 0.274740 0.628704 0.274219 0.636111 0.271615 0.638426 0.267448 0.636111 0.265365 0.631481 0.263021 0.623611 0.262240
0 0.661111 0.254167 0.657870 0.253646 0.653241 0.253906 0.646759 0.254948 0.642130 0.257031 0.639352 0.259896 0.637963 0.263802 0.639815 0.267448 0.642593 0.269271 0.649074 0.270573 0.656481 0.270833 0.662963 0.267708 0.664815 0.265885 0.666667 0.259375 0.664815 0.255729
0 0.707407 0.255729 0.697685 0.254167 0.689352 0.255729 0.676852 0.259375 0.675463 0.260156 0.674074 0.263542 0.675926 0.266146 0.681019 0.267969 0.687037 0.272135 0.689815 0.272917 0.695370 0.272135 0.701852 0.267448 0.707407 0.266406 0.709259 0.265104 0.710648 0.259115 0.709259 0.256771
0 0.704630 0.267188 0.700000 0.269792 0.698611 0.271875 0.703241 0.276042 0.710648 0.284896 0.712037 0.285677 0.719444 0.286458 0.725000 0.284635 0.734259 0.279427 0.734722 0.275260 0.718981 0.268229 0.714352 0.267448
0 0.690278 0.274479 0.685648 0.277865 0.684722 0.283594 0.695370 0.291406 0.701389 0.291927 0.707870 0.291146 0.710185 0.289583 0.711111 0.286719 0.704630 0.276823 0.698611 0.274219
0 0.703704 0.291667 0.697222 0.292708 0.692593 0.296094 0.690278 0.298698 0.690278 0.304688 0.692130 0.306771 0.697685 0.308333 0.706019 0.308854 0.713889 0.306250 0.717130 0.303125 0.717130 0.302083 0.712500 0.295052 0.712037 0.292969 0.709259 0.291927
0 0.734722 0.303646 0.732870 0.303125 0.728241 0.303906 0.717593 0.303385 0.714352 0.304427 0.712500 0.306250 0.707870 0.308333 0.706019 0.310417 0.707407 0.314583 0.711574 0.317969 0.714815 0.319531 0.718056 0.320312 0.726852 0.320052 0.729630 0.318750 0.735648 0.310677 0.736574 0.305469
0 0.725463 0.319792 0.718981 0.321615 0.710648 0.326042 0.708333 0.330469 0.709722 0.333594 0.712500 0.335677 0.724537 0.337240 0.732870 0.340625 0.739815 0.338802 0.743056 0.337240 0.745370 0.334115 0.745833 0.329688 0.742593 0.325781 0.732407 0.321094
0 0.719444 0.335938 0.712500 0.336719 0.707407 0.342448 0.706481 0.350000 0.708333 0.351562 0.711574 0.352604 0.719444 0.352344 0.725463 0.351042 0.731944 0.345833 0.732407 0.341146 0.727315 0.338281
0 0.698611 0.338021 0.689352 0.338802 0.676852 0.342708 0.673611 0.344531 0.672222 0.347135 0.672222 0.350521 0.675463 0.354167 0.679167 0.356250 0.682870 0.357292 0.690741 0.357031 0.694907 0.355729 0.703704 0.350000 0.706481 0.346094 0.706019 0.342708 0.705093 0.341146
0 0.700463 0.322917 0.695833 0.322396 0.684259 0.323437 0.676852 0.325521 0.675000 0.330208 0.681019 0.335938 0.684259 0.336979 0.690278 0.337760 0.698611 0.337240 0.702315 0.335938 0.706019 0.332031 0.706481 0.328385 0.705556 0.326042
0 0.699074 0.308854 0.690278 0.307292 0.682870 0.308073 0.678241 0.309375 0.674537 0.311458 0.673148 0.313542 0.674074 0.317708 0.676852 0.320833 0.682870 0.322917 0.691667 0.322656 0.697222 0.321354 0.703241 0.314583 0.701852 0.310417
0 0.670370 0.301823 0.662037 0.300521 0.656481 0.301563 0.654630 0.302604 0.651852 0.306250 0.651389 0.310937 0.654630 0.313021 0.663889 0.313542 0.675000 0.310677 0.676389 0.306510
0 0.689815 0.286979 0.684259 0.284375 0.673148 0.286198 0.662500 0.291406 0.660648 0.294010 0.661574 0.298698 0.670370 0.300781 0.686111 0.299219 0.689352 0.298177 0.692593 0.295312 0.692593 0.291146
0 0.681019 0.268229 0.675926 0.266927 0.670833 0.266406 0.662963 0.267708 0.656481 0.271875 0.653241 0.275000 0.650926 0.279167 0.652778 0.282031 0.656481 0.283594 0.663426 0.283854 0.671759 0.282031 0.680556 0.279167 0.685648 0.275521 0.685185 0.271354
0 0.634259 0.277604 0.629167 0.278906 0.625926 0.280990 0.625000 0.282813 0.625926 0.288021 0.634259 0.292708 0.642593 0.293490 0.649074 0.290625 0.653241 0.287760 0.653704 0.283073 0.644907 0.277865 0.643056 0.277344
0 0.626389 0.290885 0.623611 0.290365 0.614352 0.290625 0.605556 0.292969 0.602778 0.294531 0.602315 0.297135 0.600463 0.298438 0.602778 0.303646 0.607870 0.307552 0.611111 0.308333 0.616204 0.308333 0.623611 0.305208 0.628704 0.301823 0.631481 0.299219 0.631944 0.294271 0.630556 0.292708
0 0.600463 0.276823 0.595833 0.277865 0.592593 0.279427 0.590741 0.283854 0.593519 0.287760 0.596296 0.289844 0.600926 0.291927 0.607870 0.292448 0.614815 0.290625 0.616667 0.289583 0.617593 0.286979 0.616204 0.282552 0.613426 0.278906 0.608333 0.276562
0 0.580093 0.270833 0.575000 0.270052 0.570370 0.270313 0.561574 0.274479 0.557407 0.278646 0.558333 0.283594 0.561574 0.285938 0.564815 0.286719 0.573611 0.285938 0.579167 0.284635 0.585648 0.281510 0.587037 0.279687 0.586574 0.274479 0.584722 0.272656
0 0.528241 0.282031 0.525926 0.283073 0.528241 0.288802 0.536111 0.295052 0.537500 0.297135 0.544444 0.299740 0.551389 0.298177 0.561111 0.291146 0.560648 0.286979 0.555093 0.284635 0.550926 0.284115 0.538889 0.280990
0 0.525463 0.289323 0.516667 0.289323 0.511574 0.290885 0.500463 0.298177 0.500000 0.298958 0.501852 0.302604 0.508333 0.307031 0.516667 0.308854 0.522222 0.308333 0.532407 0.305469 0.536574 0.302865 0.537963 0.298958 0.536574 0.296875 0.530093 0.290885
0 0.499074 0.271875 0.496296 0.275000 0.495370 0.279687 0.497222 0.282031 0.502778 0.284375 0.511111 0.284635 0.523148 0.282552 0.523148 0.278125 0.519444 0.273698 0.516204 0.271354 0.510648 0.269792 0.503241 0.269792
0 0.490278 0.258594 0.482870 0.261458 0.481481 0.263281 0.480556 0.267448 0.480556 0.272135 0.482407 0.276562 0.487500 0.277604 0.490741 0.277604 0.494907 0.276302 0.500463 0.271615 0.504167 0.264062 0.503704 0.263021 0.497685 0.259896
0 0.444444 0.255469 0.441204 0.258073 0.439352 0.264062 0.442593 0.267708 0.446296 0.268750 0.455093 0.268750 0.462037 0.266927 0.465741 0.264062 0.464352 0.260677 0.462037 0.258594 0.458333 0.256771 0.451389 0.255208 0.447222 0.254948
0 0.433333 0.249219 0.426389 0.249219 0.422222 0.251823 0.422222 0.260677 0.424074 0.263802 0.426852 0.264844 0.430556 0.264583 0.436574 0.263021 0.439352 0.261458 0.442593 0.257031 0.444444 0.255990 0.441204 0.252083
0 0.393056 0.265885 0.390741 0.266927 0.388889 0.270052 0.387500 0.274740 0.388889 0.278646 0.395833 0.283594 0.398611 0.284375 0.406481 0.284635 0.408333 0.283333 0.410648 0.279427 0.417593 0.275521 0.417130 0.271094 0.413426 0.268229 0.406481 0.265885 0.400926 0.265104
0 0.336574 0.269010 0.333796 0.271875 0.333333 0.275781 0.336111 0.278646 0.340278 0.281250 0.349537 0.283073 0.357870 0.283073 0.364815 0.282292 0.368056 0.280990 0.369444 0.279427 0.368981 0.275000 0.362963 0.271094 0.350926 0.266667 0.345370 0.265885 0.342130 0.266146
0 0.327778 0.281510 0.322222 0.282292 0.318981 0.283594 0.311574 0.289583 0.310648 0.291927 0.312963 0.294792 0.318056 0.296875 0.322685 0.298177 0.330556 0.298438 0.334259 0.296875 0.337500 0.292969 0.343981 0.289583 0.344907 0.286458 0.343519 0.284635 0.335648 0.282031
0 0.290278 0.275260 0.286111 0.279427 0.290741 0.285417 0.297222 0.288802 0.309259 0.290625 0.313889 0.287760 0.314815 0.283073 0.309259 0.276042 0.306019 0.273958 0.302778 0.272917 0.297222 0.273438
0 0.289352 0.287760 0.285185 0.287760 0.280556 0.288802 0.271296 0.295312 0.269907 0.297917 0.270833 0.302865 0.281019 0.308854 0.289352 0.307812 0.298611 0.304167 0.301389 0.301823 0.302315 0.298438 0.299537 0.294271 0.294907 0.291146 0.293519 0.289323
0 0.267593 0.278125 0.260185 0.277865 0.245370 0.283333 0.243981 0.291146 0.244907 0.293750 0.246759 0.294792 0.253704 0.296354 0.260648 0.297135 0.267593 0.295833 0.275463 0.291146 0.278241 0.286719 0.273611 0.281250
0 0.238889 0.295312 0.234259 0.297135 0.230556 0.300781 0.229630 0.303125 0.231019 0.306510 0.238889 0.310677 0.245370 0.312240 0.252315 0.311719 0.257407 0.309635 0.260648 0.306771 0.259259 0.300521 0.256944 0.297917 0.251852 0.295833 0.247222 0.295052
0 0.228241 0.288281 0.223611 0.287500 0.217593 0.287500 0.206944 0.290885 0.201389 0.294792 0.200463 0.299219 0.201852 0.300781 0.205556 0.302865 0.211574 0.304688 0.219444 0.304688 0.223611 0.303646 0.232870 0.298698 0.236574 0.295312 0.232870 0.291146
0 0.176389 0.299479 0.170833 0.302344 0.167130 0.305990 0.169907 0.311719 0.176852 0.315885 0.185185 0.318490 0.192130 0.319271 0.200463 0.317708 0.204630 0.314583 0.205556 0.310677 0.200926 0.305990 0.187963 0.299740 0.185185 0.299219
0 0.174537 0.292969 0.170833 0.291927 0.162963 0.291406 0.149074 0.292708 0.144907 0.294531 0.143519 0.296094 0.143056 0.299219 0.146759 0.305208 0.150463 0.307031 0.155556 0.308073 0.162963 0.307031 0.166204 0.305990 0.172222 0.301563 0.178241 0.298958 0.177315 0.294531
0 0.136111 0.293490 0.127778 0.293490 0.123611 0.294792 0.113889 0.299479 0.112500 0.301563 0.113426 0.305990 0.115741 0.307812 0.121296 0.309896 0.129167 0.310677 0.135648 0.309115 0.144444 0.305990 0.145833 0.302604 0.143981 0.300781 0.142593 0.297135 0.140741 0.295312
0 0.123148 0.311979 0.121759 0.313802 0.122222 0.319271 0.124537 0.322396 0.127778 0.324219 0.136111 0.325260 0.142593 0.324479 0.147222 0.322396 0.147685 0.318229 0.135648 0.311719 0.131019 0.310937 0.126389 0.310937
0 0.125000 0.324479 0.122222 0.323698 0.114815 0.323698 0.106944 0.327604 0.103241 0.330469 0.101852 0.333854 0.102315 0.338021 0.106019 0.339583 0.114815 0.339583 0.122222 0.338542 0.127778 0.336979 0.133333 0.334115 0.132870 0.329688 0.131481 0.328125
0 0.135185 0.333333 0.131481 0.334635 0.126389 0.337760 0.126389 0.342448 0.128241 0.346615 0.132407 0.349219 0.135185 0.350000 0.143981 0.350260 0.147685 0.349740 0.151852 0.348177 0.153241 0.346354 0.154630 0.341667 0.152778 0.338542 0.148611 0.335938 0.144907 0.334635
0 0.187037 0.341146 0.182870 0.340104 0.176852 0.339844 0.163426 0.341146 0.156944 0.342708 0.153704 0.345052 0.153704 0.350000 0.156944 0.353646 0.162963 0.356250 0.169907 0.357552 0.177778 0.356510 0.182870 0.354948 0.188426 0.352344 0.192130 0.349479 0.192593 0.345313
0 0.197685 0.325521 0.193981 0.326302 0.190741 0.328385 0.188889 0.334635 0.190741 0.337500 0.193519 0.339062 0.199537 0.339844 0.205093 0.338802 0.210185 0.334115 0.210185 0.329948 0.205093 0.326562
0 0.199074 0.357552 0.196296 0.361198 0.196296 0.364063 0.197685 0.365885 0.205093 0.367708 0.208796 0.367969 0.218981 0.367708 0.223148 0.365365 0.223611 0.361198 0.221296 0.357812 0.217593 0.355469 0.213426 0.354427 0.208796 0.354427 0.204630 0.354948
0 0.185648 0.367969 0.181019 0.366667 0.170370 0.365104 0.164815 0.366146 0.160185 0.369010 0.157870 0.372917 0.156944 0.376823 0.157870 0.380990 0.159722 0.383073 0.162037 0.383854 0.169907 0.383333 0.176852 0.381250 0.181019 0.378906 0.188426 0.373177 0.187963 0.369792
0 0.143519 0.371875 0.140278 0.371875 0.135185 0.372917 0.127315 0.376823 0.125463 0.379427 0.125000 0.381510 0.127315 0.386719 0.130556 0.389844 0.134722 0.391667 0.142593 0.391667 0.148148 0.390104 0.153241 0.387240 0.157407 0.382292 0.157870 0.380469 0.155556 0.376563 0.151852 0.374479
0 0.183333 0.388802 0.176389 0.388542 0.168981 0.390625 0.164815 0.392708 0.162963 0.396354 0.162963 0.404427 0.170833 0.405208 0.178241 0.405208 0.185648 0.403646 0.189815 0.400781 0.189815 0.396094 0.185648 0.392448
0 0.239352 0.378125 0.231481 0.380729 0.228704 0.382292 0.226852 0.384635 0.227778 0.389062 0.231944 0.391406 0.237963 0.392708 0.247222 0.392448 0.250926 0.390625 0.252315 0.389062 0.252315 0.383333 0.251389 0.381250 0.246759 0.378125
0 0.260185 0.378385 0.256019 0.379948 0.252778 0.382292 0.251852 0.383854 0.251852 0.388802 0.255093 0.392708 0.260648 0.395833 0.268056 0.396354 0.273148 0.392969 0.277315 0.384375 0.275926 0.381771 0.273611 0.380208 0.268981 0.379167
0 0.257870 0.367708 0.257407 0.375000 0.258333 0.377083 0.261111 0.378385 0.275000 0.379688 0.284722 0.377083 0.288426 0.375521 0.290278 0.373698 0.289352 0.370573 0.286574 0.368490 0.267593 0.364063 0.261574 0.365104
0 0.301852 0.332552 0.294907 0.331510 0.292593 0.332813 0.281019 0.336198 0.275000 0.341667 0.276852 0.345573 0.281019 0.347396 0.287500 0.348438 0.293519 0.348177 0.297222 0.347396 0.301852 0.344010 0.305093 0.338281 0.304167 0.334115
0 0.315741 0.301042 0.307870 0.306250 0.307407 0.310677 0.310185 0.315625 0.314352 0.318490 0.323148 0.321875 0.330556 0.322135 0.337037 0.321094 0.340741 0.318490 0.340741 0.314063 0.335185 0.306250 0.331944 0.303906 0.324074 0.301302
0 0.350463 0.296875 0.345370 0.303125 0.344444 0.310677 0.346759 0.313021 0.349074 0.314063 0.357870 0.314583 0.362500 0.313281 0.365741 0.311458 0.365741 0.306510 0.364352 0.305990 0.362500 0.302604 0.357870 0.297917
0 0.386574 0.284375 0.378241 0.284115 0.371759 0.286979 0.370833 0.288542 0.370370 0.301563 0.371296 0.303385 0.377315 0.305469 0.389815 0.302865 0.392593 0.301042 0.394907 0.296615 0.398611 0.294531 0.399074 0.290885 0.398148 0.289844 0.391204 0.285677
0 0.394444 0.296875 0.392130 0.302604 0.393519 0.306250 0.395370 0.308333 0.399074 0.310417 0.406019 0.311979 0.414352 0.311979 0.426389 0.309896 0.432870 0.305469 0.433796 0.302344 0.431944 0.300260 0.427315 0.296875 0.423148 0.295833 0.413426 0.294531 0.401852 0.294271 0.398611 0.294531
0 0.416667 0.276042 0.411574 0.279167 0.409259 0.282813 0.410185 0.287500 0.412037 0.289323 0.418056 0.291667 0.423148 0.292708 0.431019 0.292969 0.437037 0.292187 0.438889 0.291146 0.440278 0.286719 0.438889 0.283333 0.434259 0.277604 0.428241 0.275000 0.419907 0.275000
0 0.459259 0.282813 0.456481 0.282031 0.452315 0.282031 0.447685 0.282813 0.443519 0.286458 0.441204 0.291146 0.441204 0.296094 0.453704 0.296094 0.462500 0.294531 0.464352 0.291667 0.463889 0.288281
0 0.468056 0.287240 0.466204 0.288281 0.464815 0.290365 0.464352 0.295052 0.469444 0.298958 0.476852 0.300521 0.482407 0.302865 0.489815 0.302865 0.498148 0.299219 0.500000 0.294792 0.496759 0.291406 0.487037 0.286458 0.482870 0.285156 0.474537 0.285156
0 0.463889 0.295833 0.462037 0.295312 0.443981 0.295573 0.440741 0.296354 0.440741 0.298958 0.437963 0.302604 0.437963 0.306771 0.443056 0.310417 0.447685 0.312500 0.454167 0.310677 0.465741 0.302865 0.467593 0.298177
0 0.433796 0.304688 0.425926 0.311198 0.425000 0.315365 0.425463 0.321875 0.426852 0.323698 0.431944 0.325781 0.440278 0.325781 0.446759 0.324219 0.450463 0.322396 0.450000 0.318229 0.441204 0.308333
0 0.493519 0.314323 0.487963 0.311719 0.483796 0.310677 0.475926 0.311198 0.460648 0.316927 0.459259 0.318229 0.458796 0.322396 0.462500 0.323958 0.481481 0.325000 0.489352 0.324219 0.493056 0.322396
0 0.511111 0.307812 0.503241 0.307812 0.498148 0.310937 0.494907 0.314583 0.493981 0.322656 0.497685 0.324479 0.503704 0.325260 0.518519 0.321875 0.520370 0.320573 0.520833 0.314844 0.519907 0.311979 0.518056 0.310156
0 0.522222 0.309896 0.521759 0.319271 0.524537 0.321615 0.528241 0.322656 0.539815 0.324219 0.545833 0.324219 0.553241 0.322396 0.554630 0.318490 0.554167 0.317188 0.551389 0.314323 0.537963 0.308594 0.531481 0.307552 0.525463 0.308333
0 0.538889 0.302865 0.537963 0.305729 0.538889 0.308333 0.550463 0.314063 0.555093 0.315365 0.560185 0.315885 0.567130 0.314583 0.569907 0.312760 0.571296 0.310937 0.570833 0.306510 0.567593 0.303906 0.552315 0.300781 0.543981 0.301042
0 0.578704 0.299740 0.573148 0.301302 0.570833 0.302604 0.571759 0.308594 0.573611 0.311458 0.576389 0.313542 0.579167 0.314583 0.587037 0.315625 0.593981 0.313281 0.596759 0.311198 0.598148 0.305729 0.595833 0.302865 0.592593 0.301302
0 0.583796 0.285417 0.580556 0.286719 0.579167 0.288542 0.579167 0.298177 0.580093 0.298958 0.586574 0.300260 0.595833 0.299740 0.599074 0.298177 0.601852 0.295052 0.600463 0.291667 0.591667 0.286198 0.587037 0.284896
0 0.385648 0.313281 0.377778 0.313021 0.375000 0.313802 0.370370 0.316406 0.368056 0.319271 0.364815 0.325781 0.365278 0.330208 0.367130 0.332031 0.371296 0.333594 0.379630 0.333594 0.387500 0.331250 0.398611 0.326042 0.400000 0.321875 0.397685 0.318229 0.392130 0.315365
0 0.403241 0.325260 0.402315 0.326042 0.401852 0.334115 0.405093 0.337500 0.417593 0.339583 0.424537 0.339062 0.428704 0.337760 0.431944 0.334375 0.432407 0.331510 0.431944 0.328385 0.430093 0.326302 0.426389 0.324740 0.420370 0.323958 0.407407 0.324219
0 0.395833 0.340104 0.392593 0.341927 0.390741 0.346354 0.396296 0.354687 0.399537 0.356250 0.405556 0.357292 0.413426 0.357031 0.418519 0.355469 0.421759 0.353646 0.424074 0.350521 0.423611 0.345573 0.421759 0.343750 0.415278 0.340104 0.406019 0.338542
0 0.477778 0.341667 0.471296 0.338542 0.465741 0.336979 0.458796 0.336719 0.447222 0.337760 0.440278 0.340625 0.437500 0.343490 0.436574 0.346875 0.438426 0.351823 0.440741 0.353906 0.446759 0.354687 0.455556 0.354167 0.467593 0.352083 0.475463 0.348438 0.477778 0.345833
0 0.488889 0.324740 0.484259 0.327083 0.481944 0.329427 0.480093 0.336979 0.481481 0.341667 0.486574 0.344010 0.488889 0.344531 0.497222 0.344531 0.500926 0.343229 0.505093 0.340365 0.507407 0.337240 0.507870 0.333854 0.501852 0.327604 0.496759 0.325260
0 0.500926 0.326042 0.503241 0.327344 0.510185 0.334375 0.513426 0.335156 0.518056 0.335417 0.522222 0.333594 0.525000 0.330469 0.525926 0.326042 0.525000 0.323958 0.523611 0.323177 0.516204 0.322917
0 0.540741 0.325000 0.537500 0.326302 0.533333 0.329948 0.532870 0.333594 0.534259 0.336198 0.540278 0.339844 0.544907 0.341146 0.552778 0.341667 0.557407 0.340625 0.564815 0.337240 0.567130 0.334115 0.565278 0.329427 0.560185 0.326302 0.553241 0.324479
0 0.575463 0.314583 0.562963 0.315625 0.559259 0.317708 0.558333 0.321615 0.559259 0.324740 0.565741 0.329688 0.573148 0.330208 0.583333 0.326562 0.586111 0.324479 0.587037 0.322917 0.587037 0.317969 0.583796 0.316146
0 0.594444 0.314323 0.593981 0.319531 0.597222 0.325521 0.599537 0.326562 0.606944 0.327865 0.617130 0.326823 0.626389 0.324740 0.634259 0.321354 0.636111 0.319010 0.636574 0.314323 0.635648 0.313281 0.625926 0.310937 0.616667 0.309896 0.606481 0.309896 0.599074 0.311458
0 0.640741 0.295833 0.635648 0.296875 0.630093 0.300781 0.628704 0.302344 0.627778 0.306771 0.631481 0.310937 0.635648 0.312500 0.643519 0.313021 0.649074 0.311979 0.651389 0.310677 0.654167 0.302344 0.649074 0.297656 0.644444 0.296094
0 0.634722 0.321615 0.622222 0.326042 0.620370 0.327865 0.619907 0.335156 0.621296 0.337240 0.626852 0.339062 0.639352 0.338281 0.645370 0.336458 0.649537 0.334115 0.651389 0.329948 0.649074 0.327604 0.642593 0.323177
0 0.673148 0.328906 0.671296 0.328385 0.662963 0.328646 0.653241 0.331510 0.650000 0.333333 0.644907 0.337500 0.645370 0.342187 0.650000 0.346094 0.654167 0.346875 0.658333 0.346875 0.666204 0.345573 0.670833 0.343750 0.675926 0.339062 0.677778 0.334896 0.676389 0.331250
0 0.656019 0.348698 0.649537 0.350781 0.646296 0.353125 0.645833 0.358073 0.649074 0.366146 0.651852 0.368750 0.658333 0.373177 0.663426 0.374219 0.671759 0.369271 0.675463 0.365365 0.675000 0.360938 0.672685 0.353385 0.669907 0.350521 0.664352 0.348698
0 0.702778 0.358594 0.698148 0.357292 0.690741 0.357292 0.684259 0.359896 0.673148 0.368750 0.674074 0.372396 0.676852 0.375000 0.681944 0.375781 0.691204 0.375781 0.701389 0.373177 0.705093 0.371615 0.708796 0.367969 0.710185 0.365104 0.705556 0.360156
0 0.642593 0.340104 0.634259 0.339844 0.618519 0.343229 0.614815 0.345573 0.614815 0.350000 0.616667 0.351823 0.620833 0.354167 0.627778 0.355729 0.636111 0.356250 0.641204 0.354948 0.643519 0.353385 0.645370 0.348698 0.645370 0.344531 0.644444 0.341927
0 0.576389 0.329948 0.579167 0.336458 0.592593 0.342448 0.600926 0.343229 0.606019 0.341406 0.610185 0.338281 0.611574 0.334896 0.611111 0.332813 0.607870 0.329427 0.603241 0.327604 0.600463 0.327083 0.585185 0.326823 0.581019 0.327604
0 0.600926 0.345833 0.593519 0.345833 0.588889 0.346875 0.586574 0.348177 0.581944 0.353125 0.583333 0.357292 0.593519 0.360677 0.600926 0.359896 0.605093 0.355208 0.605556 0.349219 0.603241 0.346615
0 0.577315 0.337240 0.565741 0.336719 0.559259 0.339583 0.555556 0.342969 0.552778 0.353906 0.554630 0.357292 0.561574 0.359896 0.566667 0.360417 0.574537 0.358854 0.580556 0.355208 0.585185 0.349740 0.586111 0.347135 0.585648 0.341146 0.582407 0.338802
0 0.580093 0.359115 0.572685 0.359635 0.564815 0.361198 0.554630 0.366667 0.552778 0.368750 0.551852 0.373177 0.554167 0.376823 0.559259 0.379427 0.565741 0.380729 0.569907 0.380208 0.574074 0.378646 0.578241 0.375521 0.582870 0.369531 0.582870 0.361458
0 0.609259 0.369792 0.601389 0.368229 0.593519 0.368229 0.589815 0.369010 0.584259 0.371615 0.581481 0.374740 0.579630 0.380990 0.582407 0.384115 0.585648 0.385937 0.591204 0.386979 0.595370 0.386979 0.600463 0.385677 0.608796 0.382031 0.612037 0.378906 0.613889 0.373437 0.612963 0.371875
0 0.621759 0.359635 0.612963 0.361719 0.608796 0.364844 0.608796 0.369271 0.614815 0.373698 0.620370 0.374479 0.627778 0.373698 0.631481 0.368750 0.631481 0.364583 0.629167 0.361198
0 0.575463 0.381771 0.565741 0.381510 0.562037 0.382552 0.550926 0.388281 0.551852 0.392708 0.558796 0.396875 0.567593 0.397135 0.575463 0.392188 0.578241 0.389062 0.579167 0.384115
0 0.576389 0.392708 0.574537 0.396875 0.576389 0.400521 0.579630 0.402083 0.588889 0.403385 0.601389 0.403906 0.607407 0.400521 0.607407 0.395833 0.605556 0.392969 0.601852 0.390365 0.593981 0.388281 0.586111 0.389062 0.581019 0.390365
0 0.630556 0.388542 0.620833 0.388542 0.614352 0.389323 0.609722 0.390625 0.607870 0.392188 0.607870 0.395833 0.610648 0.400260 0.621296 0.406250 0.629630 0.404167 0.633796 0.400521 0.634259 0.391667 0.633333 0.390104
0 0.689815 0.381250 0.684722 0.382552 0.681944 0.384896 0.680556 0.388021 0.681481 0.392708 0.685648 0.398177 0.690278 0.400781 0.695833 0.400781 0.700463 0.399740 0.705556 0.396094 0.707870 0.392448 0.708796 0.384635 0.699074 0.381510
0 0.695833 0.374219 0.692593 0.376823 0.693981 0.380990 0.705556 0.384635 0.713426 0.384635 0.716667 0.383594 0.720370 0.380729 0.721759 0.377604 0.721296 0.375260 0.719907 0.373177 0.716204 0.371615 0.713426 0.371094 0.706481 0.371354
0 0.529630 0.362760 0.524537 0.363281 0.518056 0.365104 0.514352 0.368750 0.515278 0.373177 0.521759 0.382031 0.524537 0.383594 0.531944 0.384375 0.537963 0.383073 0.540278 0.380990 0.542130 0.377865 0.542130 0.371354 0.541204 0.368490 0.538426 0.365104 0.533333 0.363021
0 0.514815 0.346094 0.512963 0.348698 0.512963 0.354167 0.517593 0.358073 0.524074 0.359896 0.531944 0.359896 0.537963 0.359115 0.543519 0.357552 0.548148 0.354167 0.548611 0.349479 0.546296 0.346354 0.541204 0.344010 0.532407 0.342969 0.523611 0.342969 0.518519 0.344271
0 0.480093 0.361198 0.476389 0.363802 0.475926 0.366927 0.476389 0.369531 0.481944 0.374740 0.488426 0.376302 0.494444 0.376042 0.498611 0.375000 0.506019 0.371615 0.507407 0.369010 0.502778 0.365885 0.500926 0.361979 0.499537 0.360938 0.497685 0.360417 0.489352 0.360156
0 0.522222 0.383333 0.518056 0.382031 0.512037 0.381510 0.507407 0.381771 0.501389 0.383073 0.498148 0.384635 0.494444 0.388542 0.494444 0.392708 0.498148 0.394531 0.503241 0.395833 0.513889 0.395573 0.524537 0.392708 0.526389 0.388281 0.525463 0.386198
0 0.471759 0.377604 0.468519 0.379427 0.467130 0.383854 0.464815 0.386979 0.464352 0.389583 0.465278 0.391667 0.471296 0.395052 0.474074 0.395573 0.483796 0.395313 0.488889 0.393229 0.492130 0.390365 0.493981 0.385156 0.490741 0.380208 0.485648 0.377865 0.478241 0.377083
0 0.426852 0.363802 0.422685 0.365104 0.420370 0.368490 0.419907 0.373698 0.423148 0.378906 0.427778 0.381510 0.433796 0.382812 0.441667 0.382552 0.446759 0.381250 0.448148 0.380208 0.449537 0.376302 0.449537 0.372135 0.448148 0.370052 0.435185 0.363802
0 0.395370 0.369010 0.388426 0.373698 0.386574 0.380729 0.387500 0.381771 0.391667 0.384115 0.399074 0.385937 0.404167 0.386458 0.414815 0.386458 0.417130 0.385937 0.418981 0.384896 0.418519 0.380469 0.416667 0.377865 0.410648 0.374740 0.406481 0.370833 0.403241 0.369010 0.400000 0.368490
0 0.391204 0.356771 0.385185 0.355990 0.381019 0.357292 0.372222 0.361458 0.369444 0.364583 0.369444 0.369271 0.372685 0.371875 0.377778 0.373958 0.386111 0.374219 0.388889 0.373437 0.393519 0.369271 0.393981 0.360677 0.393056 0.358073
0 0.343519 0.339583 0.341204 0.341667 0.340741 0.346094 0.343981 0.349740 0.351852 0.352604 0.357407 0.353385 0.365278 0.353125 0.367593 0.352344 0.369444 0.350260 0.368981 0.346094 0.365741 0.340625 0.361574 0.337760 0.358333 0.336979 0.350463 0.337240
0 0.343056 0.350000 0.338889 0.351302 0.336111 0.353385 0.335648 0.357812 0.336574 0.360677 0.338889 0.363542 0.342130 0.365625 0.350926 0.367448 0.360185 0.364844 0.362037 0.362240 0.362037 0.360677 0.358796 0.356250 0.350926 0.351042
0 0.350000 0.366667 0.346296 0.372656 0.347222 0.376823 0.348611 0.377604 0.357870 0.379688 0.364815 0.378906 0.372685 0.377083 0.373148 0.372917 0.366667 0.368229 0.357870 0.365625
0 0.384722 0.379948 0.378704 0.378125 0.372685 0.377344 0.368519 0.377604 0.357407 0.379948 0.353241 0.383854 0.351389 0.388021 0.353241 0.391927 0.356944 0.393490 0.364352 0.395052 0.371296 0.394531 0.382870 0.392448 0.386574 0.390365 0.390278 0.384896 0.387500 0.381510
0 0.337500 0.393229 0.329630 0.392448 0.326389 0.393229 0.322685 0.395313 0.318981 0.402083 0.318981 0.405729 0.321759 0.408594 0.330093 0.408854 0.337037 0.408333 0.344444 0.405729 0.346759 0.399740 0.344444 0.396354
0 0.337037 0.373958 0.330093 0.372917 0.322685 0.373177 0.310185 0.378906 0.307407 0.381250 0.306019 0.385937 0.307870 0.388542 0.310648 0.390365 0.315278 0.391927 0.323148 0.392448 0.327315 0.391406 0.331481 0.389323 0.337037 0.384896 0.339352 0.381771 0.339815 0.376823
0 0.330093 0.346875 0.325463 0.346094 0.315741 0.346615 0.311574 0.347917 0.307407 0.350521 0.304167 0.353385 0.305093 0.358333 0.306481 0.360938 0.310185 0.363281 0.315741 0.364063 0.323148 0.364063 0.333796 0.360417 0.335648 0.357812 0.335648 0.352865 0.332407 0.348177
0 0.196296 0.403125 0.189352 0.407552 0.189815 0.412760 0.194444 0.417448 0.200463 0.420312 0.203704 0.421094 0.212037 0.421354 0.218519 0.420312 0.222222 0.418229 0.225000 0.415365 0.225463 0.410938 0.224074 0.408333 0.218981 0.405729 0.212500 0.404167 0.201852 0.402865
0 0.745833 0.217448 0.743056 0.220312 0.743519 0.228906 0.746296 0.230469 0.753241 0.232031 0.767593 0.230990 0.772222 0.228385 0.774537 0.224479 0.768056 0.218750 0.761111 0.217188 0.756944 0.216927
0 0.725463 0.233073 0.720833 0.234896 0.719444 0.236979 0.714815 0.240104 0.714815 0.244271 0.717593 0.247135 0.723611 0.249479 0.733796 0.250521 0.737500 0.249740 0.739815 0.248438 0.743519 0.244531 0.743519 0.238802 0.742130 0.236979 0.736574 0.233594 0.733796 0.232813
0 0.767130 0.232292 0.760185 0.231510 0.753241 0.232292 0.748611 0.234115 0.745370 0.239583 0.746296 0.244271 0.747685 0.245052 0.754630 0.246354 0.760648 0.245573 0.765741 0.243229 0.769444 0.240104 0.770833 0.236979 0.769907 0.234375
0 0.775000 0.226302 0.770370 0.231771 0.770370 0.233333 0.774074 0.238802 0.795370 0.239844 0.803704 0.236458 0.800463 0.228906 0.797685 0.226042 0.795370 0.225000 0.792130 0.224479 0.783796 0.224479 0.779167 0.225000
0 0.821759 0.228385 0.813426 0.230469 0.806019 0.236198 0.806481 0.240365 0.807407 0.241667 0.812500 0.243750 0.830093 0.246094 0.833796 0.244792 0.838426 0.241406 0.839352 0.238281 0.838426 0.232813 0.836574 0.230990 0.830556 0.228125
0 0.854630 0.221354 0.846296 0.219531 0.833333 0.220573 0.831019 0.223698 0.832407 0.228385 0.836574 0.230729 0.843981 0.230729 0.847685 0.228646 0.854630 0.226562 0.856019 0.225000
0 0.848148 0.228385 0.845833 0.229687 0.843981 0.232292 0.843519 0.236719 0.844907 0.238542 0.854167 0.242188 0.862963 0.243490 0.868519 0.242969 0.870370 0.241927 0.873611 0.236458 0.872685 0.232031 0.871296 0.230469 0.868519 0.228906 0.858796 0.226823
0 0.899074 0.231510 0.890741 0.230990 0.882407 0.233073 0.879167 0.234896 0.874074 0.239844 0.873611 0.244271 0.878241 0.246354 0.886111 0.248177 0.892593 0.246875 0.895833 0.245312 0.900926 0.244010 0.905093 0.241146 0.905556 0.236198 0.903241 0.233854
0 0.886574 0.249479 0.882870 0.249479 0.876852 0.250521 0.870833 0.252604 0.867130 0.255729 0.866667 0.263802 0.870833 0.269531 0.872685 0.270313 0.876389 0.270833 0.885648 0.270313 0.889352 0.268490 0.896759 0.261458 0.897685 0.259896 0.897222 0.255208 0.890741 0.250521
0 0.865278 0.244010 0.857870 0.242708 0.850463 0.242969 0.840741 0.247656 0.840741 0.251042 0.842593 0.254167 0.850000 0.257812 0.857870 0.257812 0.863889 0.256510 0.868519 0.252344 0.867130 0.246094
0 0.829630 0.254948 0.824537 0.257031 0.822222 0.259375 0.821759 0.265104 0.822685 0.267188 0.825926 0.269010 0.843981 0.271615 0.849074 0.267708 0.849074 0.258594 0.847685 0.257031 0.843519 0.255208 0.838889 0.254688
0 0.817130 0.259375 0.811574 0.258073 0.806481 0.257812 0.802778 0.258073 0.799074 0.259635 0.793056 0.263542 0.795370 0.270313 0.797685 0.271615 0.801852 0.272656 0.808796 0.272396 0.816204 0.270313 0.818981 0.267708 0.818981 0.261979
0 0.800000 0.245833 0.798611 0.247917 0.799074 0.252083 0.805556 0.257552 0.809722 0.258333 0.818056 0.258594 0.823148 0.257552 0.827778 0.254688 0.829167 0.252344 0.827778 0.247396 0.825463 0.245833 0.816204 0.244010 0.809722 0.243490 0.802778 0.244531
0 0.776389 0.239583 0.772685 0.240625 0.768519 0.243750 0.767130 0.248438 0.768981 0.251563 0.772222 0.254427 0.778241 0.257812 0.780556 0.258333 0.787963 0.257812 0.793056 0.254167 0.796759 0.248958 0.796759 0.243750 0.794444 0.241146 0.791667 0.240104 0.782407 0.239323
0 0.744907 0.249219 0.740278 0.251823 0.739352 0.255990 0.741667 0.261198 0.745833 0.265104 0.749537 0.266927 0.753241 0.267708 0.759722 0.267448 0.765741 0.263542 0.767130 0.260677 0.767593 0.255729 0.766204 0.251563 0.763426 0.249740 0.759722 0.248958 0.752778 0.248438
0 0.725926 0.249740 0.718519 0.251042 0.714352 0.253646 0.710648 0.263281 0.711111 0.266406 0.712500 0.267708 0.724537 0.270052 0.726389 0.270052 0.737963 0.264323 0.739815 0.261198 0.738889 0.256250 0.736111 0.252344 0.732870 0.250781
0 0.746296 0.266667 0.737500 0.271875 0.735648 0.275260 0.736574 0.279167 0.737963 0.280729 0.750000 0.288281 0.754630 0.289062 0.759259 0.288021 0.767593 0.283333 0.770370 0.279427 0.768981 0.275260 0.759722 0.269531 0.753704 0.267708
0 0.780556 0.258854 0.775463 0.259635 0.769444 0.261458 0.762500 0.266146 0.761574 0.268229 0.764352 0.271615 0.772222 0.276562 0.780093 0.278646 0.782870 0.278646 0.787963 0.277865 0.793519 0.275000 0.795833 0.271354 0.793519 0.266406 0.791667 0.264583 0.783333 0.259375
0 0.802315 0.274740 0.792130 0.275781 0.786111 0.278906 0.787037 0.283854 0.790278 0.287500 0.794907 0.289062 0.805093 0.288281 0.807870 0.286979 0.810648 0.283594 0.809259 0.278385
0 0.839815 0.271354 0.833796 0.269792 0.826852 0.269531 0.822685 0.270052 0.819444 0.271615 0.812500 0.278906 0.812500 0.283594 0.810185 0.287240 0.814815 0.288802 0.823148 0.289062 0.830093 0.287760 0.837963 0.284115 0.840278 0.282552 0.841667 0.277865 0.841667 0.273958
0 0.857407 0.261719 0.850926 0.265625 0.844444 0.272396 0.841667 0.279948 0.842593 0.282292 0.846759 0.284896 0.857407 0.286979 0.864815 0.287500 0.873611 0.282292 0.874074 0.275000 0.869907 0.270573 0.868056 0.266406 0.864815 0.262500
0 0.888426 0.269531 0.882870 0.271615 0.878704 0.274740 0.877315 0.277604 0.877315 0.280469 0.878704 0.281771 0.886574 0.283333 0.894444 0.285938 0.900463 0.286458 0.905093 0.283854 0.906019 0.275260 0.901852 0.271354 0.893056 0.269010
0 0.865741 0.286979 0.863426 0.290104 0.863889 0.294792 0.871296 0.297656 0.884259 0.299219 0.892593 0.298958 0.898148 0.297656 0.902315 0.295312 0.901852 0.291406 0.900000 0.288542 0.896296 0.285417 0.892593 0.284896 0.888889 0.283333 0.878241 0.282031 0.875463 0.283333 0.871296 0.284115
0 0.859722 0.287760 0.850926 0.285677 0.843519 0.285417 0.838889 0.288021 0.836574 0.290365 0.834259 0.294792 0.836574 0.300521 0.837963 0.301302 0.844444 0.302083 0.852315 0.300521 0.861574 0.295052 0.862037 0.290104
0 0.815278 0.288542 0.812037 0.289844 0.809259 0.294010 0.808796 0.298958 0.812037 0.305469 0.815278 0.308333 0.825000 0.308594 0.830093 0.308073 0.833796 0.306510 0.835648 0.304167 0.835648 0.298177 0.834259 0.296615 0.827778 0.294271 0.820833 0.289844
0 0.798611 0.299740 0.794907 0.301302 0.789815 0.309896 0.789352 0.314583 0.793056 0.315365 0.802315 0.315625 0.811111 0.309115 0.812500 0.306250 0.811111 0.302604 0.809259 0.300781 0.804167 0.299740
0 0.795370 0.298698 0.787500 0.297135 0.774074 0.299219 0.769444 0.302604 0.769444 0.310677 0.773611 0.313281 0.783796 0.314063 0.788889 0.312500 0.793519 0.306250
0 0.773148 0.280469 0.770370 0.281250 0.760648 0.286979 0.759722 0.291406 0.763889 0.294271 0.766667 0.294792 0.774074 0.297917 0.783796 0.297656 0.788426 0.295052 0.788889 0.290885 0.786574 0.284896 0.781944 0.281250
0 0.740278 0.302083 0.739352 0.302604 0.739815 0.306771 0.742130 0.307812 0.744907 0.310937 0.752778 0.315104 0.760648 0.315625 0.763889 0.313021 0.768519 0.310677 0.769444 0.305990 0.768519 0.303646 0.766667 0.302604 0.761111 0.301302 0.754630 0.300781
0 0.738889 0.282813 0.732407 0.282813 0.724537 0.284635 0.719444 0.286979 0.720370 0.294271 0.721296 0.295833 0.724537 0.297917 0.731944 0.299219 0.739352 0.298177 0.742593 0.297135 0.748148 0.293490 0.749537 0.291667 0.748611 0.288021 0.743981 0.284635
0 0.742130 0.322135 0.743519 0.326302 0.748148 0.329427 0.751852 0.330469 0.767593 0.330729 0.775926 0.326302 0.775000 0.322135 0.769907 0.319271 0.763889 0.317708 0.755093 0.316406 0.746296 0.317188
0 0.777778 0.335677 0.771759 0.332031 0.768519 0.330990 0.760648 0.330469 0.750926 0.330990 0.748611 0.331771 0.746759 0.334375 0.746296 0.338281 0.747222 0.341927 0.752778 0.344531 0.758796 0.345052 0.763889 0.344531 0.775926 0.341927 0.778241 0.340885 0.779167 0.337240
0 0.787963 0.316146 0.786111 0.317969 0.777778 0.322135 0.776852 0.326562 0.778241 0.328125 0.781481 0.329427 0.787963 0.330729 0.802315 0.330208 0.804630 0.327604 0.804630 0.324219 0.801852 0.319531 0.795370 0.316146
0 0.809259 0.311198 0.804630 0.314323 0.804630 0.318750 0.808333 0.321615 0.815741 0.323958 0.822222 0.324740 0.829630 0.324479 0.832870 0.323177 0.836574 0.319271 0.837500 0.315104 0.837037 0.313281 0.833333 0.310417 0.828704 0.309375 0.814815 0.309635
0 0.849537 0.301302 0.843056 0.302865 0.840741 0.304167 0.838889 0.306771 0.838426 0.311198 0.841204 0.316146 0.845370 0.319531 0.850463 0.321875 0.857870 0.322396 0.865278 0.319792 0.868056 0.317448 0.869444 0.314323 0.867593 0.307031 0.864815 0.303385 0.857870 0.301042
0 0.904630 0.308594 0.899537 0.305990 0.892593 0.304948 0.881944 0.306510 0.870833 0.312760 0.868519 0.317448 0.868981 0.319271 0.878241 0.322917 0.887500 0.323177 0.893981 0.322396 0.900000 0.320052 0.906481 0.315625 0.906481 0.310156
0 0.858333 0.323177 0.848611 0.323698 0.843981 0.325781 0.839815 0.329948 0.837963 0.338542 0.840278 0.344010 0.843056 0.346875 0.848148 0.348438 0.852315 0.348438 0.862037 0.344531 0.870370 0.333073 0.870370 0.329688 0.867130 0.326042 0.862963 0.324219
0 0.875463 0.345573 0.876852 0.349740 0.891204 0.354427 0.897685 0.354427 0.901852 0.353646 0.906944 0.349740 0.907870 0.346094 0.905556 0.342969 0.900926 0.340885 0.890741 0.340885 0.883333 0.341927 0.879630 0.342969
0 0.872685 0.346094 0.864352 0.344531 0.857407 0.346615 0.853704 0.350260 0.852315 0.356250 0.853241 0.361458 0.856944 0.362240 0.861574 0.361719 0.864815 0.360677 0.868056 0.358333 0.875000 0.350000 0.875000 0.348438
0 0.820833 0.345573 0.816667 0.349479 0.815741 0.352604 0.816204 0.354948 0.818981 0.357292 0.823148 0.358333 0.830556 0.358854 0.836111 0.360677 0.847222 0.360156 0.850463 0.359115 0.850463 0.352083 0.848148 0.349740 0.841204 0.346354 0.831019 0.343490 0.824537 0.344271
0 0.820370 0.325260 0.816204 0.326302 0.811574 0.329688 0.810648 0.334115 0.817130 0.342187 0.820370 0.343490 0.824074 0.343750 0.829630 0.342969 0.831019 0.342187 0.837500 0.334375 0.837500 0.329948 0.833796 0.327344 0.828704 0.325781
0 0.793519 0.330729 0.789352 0.332552 0.786111 0.337760 0.785648 0.341927 0.787963 0.346615 0.790741 0.349740 0.793056 0.351042 0.810648 0.351042 0.814815 0.349479 0.817593 0.345833 0.816204 0.341406 0.808796 0.333073 0.806481 0.331510 0.802778 0.330208
0 0.764352 0.344010 0.761574 0.346094 0.763889 0.351562 0.766667 0.353646 0.774074 0.355469 0.778704 0.355729 0.782407 0.355469 0.785648 0.353646 0.788426 0.350260 0.787037 0.345313 0.781944 0.341927 0.773611 0.341927 0.767130 0.342969
0 0.758796 0.345573 0.746759 0.342708 0.739352 0.342969 0.735648 0.343750 0.733796 0.344792 0.730556 0.349219 0.731019 0.353646 0.732870 0.355990 0.734722 0.357031 0.739352 0.358073 0.748611 0.358073 0.756944 0.356250 0.763426 0.353646 0.762963 0.348958
0 0.711574 0.353906 0.706019 0.357292 0.706481 0.361458 0.714352 0.367708 0.718519 0.368750 0.725926 0.368750 0.730556 0.365365 0.733333 0.361719 0.733333 0.360156 0.730556 0.355469 0.728704 0.354427 0.720833 0.352604 0.717593 0.352604
0 0.735185 0.362240 0.731481 0.363542 0.724074 0.370052 0.722685 0.372917 0.723611 0.377083 0.726852 0.380990 0.731944 0.384115 0.735648 0.384635 0.746759 0.384375 0.752778 0.381771 0.756019 0.378906 0.757870 0.374219 0.757407 0.369010 0.752778 0.364323 0.750463 0.363021 0.740741 0.361979
0 0.779167 0.356771 0.767130 0.353906 0.761111 0.354687 0.753241 0.357552 0.751389 0.361198 0.752778 0.364583 0.760185 0.370573 0.767593 0.370312 0.774074 0.368750 0.782870 0.361458
0 0.775463 0.369531 0.773148 0.369271 0.764815 0.370052 0.759722 0.371875 0.757870 0.377604 0.760648 0.379948 0.767593 0.381510 0.778704 0.377083 0.779630 0.372917
0 0.775926 0.378125 0.768519 0.382292 0.766204 0.388802 0.771296 0.393229 0.778704 0.395833 0.787500 0.397917 0.796296 0.396615 0.801389 0.392708 0.801389 0.388542 0.794444 0.380469 0.787963 0.377344 0.780093 0.377083
0 0.803704 0.351302 0.794444 0.351042 0.790741 0.351823 0.787963 0.353385 0.784722 0.357031 0.786574 0.364323 0.789815 0.367708 0.794444 0.369010 0.799537 0.367969 0.806019 0.365625 0.810648 0.360938 0.811111 0.357031 0.809722 0.354167 0.806944 0.352083
0 0.828704 0.358333 0.822685 0.358073 0.814815 0.360156 0.811111 0.362760 0.809722 0.365885 0.809259 0.373177 0.811111 0.377083 0.815741 0.379948 0.824537 0.380469 0.831944 0.379427 0.839352 0.377083 0.841667 0.375000 0.842593 0.369010 0.840741 0.365625 0.836111 0.361198 0.832407 0.359115
0 0.856481 0.362760 0.850926 0.363281 0.844444 0.367188 0.843056 0.370833 0.843056 0.374740 0.843981 0.377083 0.850000 0.381250 0.858333 0.382552 0.866204 0.381250 0.873611 0.376823 0.874074 0.372396 0.871759 0.369271 0.861111 0.363542
0 0.872685 0.368750 0.874074 0.373958 0.875926 0.375521 0.878704 0.376302 0.892593 0.376823 0.899537 0.375521 0.906019 0.373177 0.906019 0.368750 0.900000 0.364844 0.891204 0.362500 0.883796 0.361979 0.878704 0.363021 0.875463 0.365104
0 0.723148 0.387500 0.718056 0.389062 0.715278 0.391927 0.714815 0.397656 0.716204 0.401823 0.719444 0.404948 0.725463 0.407552 0.733333 0.407292 0.743056 0.404167 0.744444 0.401562 0.743519 0.397917 0.739815 0.392448 0.736574 0.389844 0.727778 0.387500
0 0.746759 0.387760 0.743056 0.389062 0.741204 0.391667 0.746296 0.402604 0.748611 0.402865 0.756481 0.402604 0.765741 0.396354 0.767130 0.392708 0.766667 0.391667 0.763889 0.389583 0.754167 0.387500
0 0.775000 0.395052 0.767130 0.395833 0.763426 0.397135 0.759259 0.400260 0.758333 0.404427 0.762500 0.409635 0.766667 0.411198 0.776389 0.411198 0.785185 0.408073 0.787037 0.405990 0.787500 0.404167 0.783333 0.397656 0.781481 0.396615
0 0.823148 0.392188 0.815741 0.393229 0.813889 0.395313 0.804167 0.400260 0.800463 0.404167 0.801852 0.408073 0.808796 0.410938 0.819907 0.410677 0.823148 0.409635 0.826852 0.404427 0.827778 0.400260 0.826389 0.396094
0 0.826852 0.388542 0.826389 0.392708 0.827778 0.396615 0.831944 0.402083 0.835185 0.403906 0.842593 0.404948 0.849074 0.404687 0.856481 0.402604 0.862037 0.399740 0.863426 0.396615 0.862963 0.391927 0.861574 0.390365 0.857870 0.388542 0.845370 0.386198 0.835648 0.386198 0.830556 0.386979
0 0.878704 0.398698 0.870370 0.398438 0.865278 0.398958 0.859722 0.400781 0.852778 0.404167 0.853241 0.408333 0.857407 0.412760 0.863889 0.414844 0.871759 0.415104 0.878241 0.412240 0.880556 0.410156 0.883796 0.404427 0.882407 0.401302
0 0.843981 0.413021 0.838426 0.411458 0.831481 0.410417 0.826389 0.410677 0.822685 0.412240 0.820370 0.414583 0.818056 0.419531 0.818056 0.424479 0.820370 0.427604 0.822222 0.428125 0.830556 0.427865 0.835648 0.426302 0.843056 0.421615 0.847222 0.420052 0.848148 0.415885
0 0.803704 0.408854 0.798148 0.407292 0.787963 0.407292 0.775926 0.411719 0.771759 0.415104 0.769444 0.419531 0.772222 0.423958 0.780556 0.427344 0.788889 0.426823 0.800000 0.423958 0.807407 0.419271 0.809722 0.416406 0.809259 0.411979
0 0.794907 0.426042 0.791667 0.427865 0.790741 0.429948 0.791204 0.434115 0.793981 0.437500 0.798148 0.439583 0.802778 0.440365 0.810648 0.440885 0.814815 0.440104 0.820833 0.433333 0.821296 0.430990 0.819907 0.427604 0.815278 0.426042 0.802315 0.425000
0 0.860648 0.428125 0.857407 0.427865 0.848611 0.429427 0.844444 0.431250 0.836111 0.437240 0.833796 0.443490 0.837037 0.446615 0.843519 0.449219 0.853704 0.447396 0.858333 0.445312 0.860648 0.442969 0.863889 0.435677 0.863426 0.429688
0 0.831019 0.444010 0.820370 0.444792 0.810185 0.447917 0.806019 0.450781 0.806019 0.451823 0.812500 0.459115 0.817593 0.461719 0.822685 0.463021 0.827315 0.461979 0.833333 0.459635 0.838426 0.459115 0.842130 0.456771 0.843519 0.454688 0.843981 0.450781 0.842593 0.448958 0.834722 0.444792
0 0.793981 0.451302 0.788426 0.452604 0.784259 0.454948 0.783333 0.459375 0.787037 0.466406 0.788889 0.468229 0.794444 0.471354 0.802778 0.471354 0.809259 0.467187 0.811111 0.463281 0.811111 0.458594 0.808333 0.453906 0.806019 0.452344 0.800463 0.451302
0 0.822222 0.475521 0.812500 0.478646 0.810185 0.479948 0.808796 0.482292 0.809259 0.487240 0.811574 0.490885 0.817130 0.494010 0.821296 0.494792 0.829167 0.494531 0.832870 0.493750 0.837037 0.491927 0.838426 0.490365 0.838889 0.485938 0.833796 0.479427 0.825926 0.476302
0 0.837037 0.471875 0.834259 0.473958 0.834259 0.475521 0.840278 0.480729 0.845370 0.482812 0.850463 0.484115 0.857870 0.484635 0.865741 0.482292 0.867593 0.479687 0.867593 0.473958 0.863889 0.470052 0.861111 0.469531 0.845833 0.469792
0 0.867130 0.458594 0.860648 0.462760 0.860648 0.466927 0.862500 0.469271 0.865741 0.470833 0.869444 0.474479 0.879630 0.476562 0.886574 0.476562 0.892593 0.475000 0.895370 0.471094 0.895370 0.466406 0.891204 0.461198 0.885648 0.458333 0.879630 0.457031 0.871759 0.457292
0 0.793056 0.480990 0.788889 0.481771 0.783333 0.486198 0.781481 0.490365 0.783333 0.494010 0.787037 0.496875 0.795370 0.497917 0.802778 0.496094 0.804167 0.494531 0.804630 0.489844 0.800463 0.482292 0.795833 0.480990
0 0.755093 0.478385 0.751389 0.482292 0.752778 0.486458 0.773148 0.490365 0.777778 0.490104 0.780093 0.489063 0.781481 0.486198 0.779630 0.483594 0.772685 0.477865 0.768519 0.475781 0.760185 0.475781
0 0.726852 0.458854 0.717130 0.458854 0.711574 0.459635 0.707870 0.462500 0.707407 0.467187 0.711111 0.470833 0.720833 0.471875 0.726389 0.471354 0.729630 0.470052 0.731944 0.466146 0.730093 0.461198
0 0.709259 0.425521 0.706481 0.424740 0.699537 0.425521 0.686574 0.430990 0.682407 0.435156 0.682407 0.439844 0.685185 0.441406 0.690278 0.442448 0.698148 0.442448 0.708796 0.439583 0.714352 0.437240 0.715741 0.435677 0.715278 0.432031
0 0.732870 0.416927 0.726389 0.416146 0.716204 0.416927 0.712037 0.418490 0.711111 0.419531 0.710648 0.424479 0.716204 0.431771 0.718519 0.433073 0.726852 0.432812 0.731019 0.430729 0.738426 0.423958 0.738426 0.419792
0 0.757407 0.404948 0.754167 0.404167 0.746296 0.403906 0.738426 0.405729 0.731944 0.408073 0.729630 0.411979 0.730556 0.416146 0.739352 0.420573 0.747685 0.420573 0.760185 0.418229 0.763889 0.411979 0.760648 0.406771
0 0.700463 0.403125 0.699074 0.403906 0.699074 0.409375 0.700926 0.414844 0.702778 0.415885 0.711574 0.417969 0.721296 0.415625 0.724074 0.413021 0.724074 0.408073 0.718981 0.404948 0.713426 0.403125 0.708333 0.402604
0 0.683333 0.412240 0.680093 0.413281 0.676852 0.415625 0.675926 0.417969 0.676389 0.422135 0.680093 0.425781 0.683796 0.427865 0.691204 0.428906 0.703704 0.423958 0.703704 0.418229 0.701852 0.415885 0.691204 0.413021
0 0.741204 0.421354 0.739352 0.423958 0.738426 0.428385 0.743056 0.431771 0.750463 0.433594 0.754630 0.433854 0.762500 0.432812 0.767130 0.431250 0.769907 0.428125 0.768981 0.424219 0.765278 0.421354 0.757870 0.419531 0.751852 0.419531
0 0.731944 0.432292 0.728704 0.433333 0.725463 0.435417 0.725463 0.440104 0.726852 0.443229 0.729167 0.445833 0.733796 0.448698 0.739352 0.449740 0.744907 0.448958 0.749074 0.447656 0.753704 0.444531 0.754630 0.441146 0.754167 0.438021 0.750463 0.434896 0.745833 0.432812 0.739815 0.431771
0 0.656481 0.416406 0.649537 0.414583 0.641667 0.414062 0.627778 0.416927 0.623611 0.420052 0.622685 0.423177 0.623611 0.425521 0.627315 0.429167 0.632407 0.432031 0.637037 0.432812 0.642593 0.432812 0.655093 0.427865 0.659722 0.424479 0.659259 0.419531
0 0.642130 0.402865 0.635185 0.401823 0.626389 0.404948 0.622685 0.407813 0.622685 0.412240 0.623611 0.413021 0.628241 0.414844 0.637037 0.415104 0.643519 0.414323 0.646296 0.411719 0.647222 0.407813 0.644907 0.404167
0 0.608796 0.405990 0.600926 0.405208 0.598611 0.405729 0.593519 0.408073 0.589815 0.411979 0.588426 0.415885 0.589352 0.421875 0.590278 0.423438 0.595370 0.426042 0.601852 0.426563 0.608333 0.425521 0.612963 0.423958 0.617130 0.417187 0.618981 0.411979 0.617130 0.409635 0.612037 0.406771
0 0.574074 0.407813 0.565278 0.408073 0.556019 0.413021 0.553704 0.415885 0.553704 0.420573 0.556944 0.423438 0.561574 0.423958 0.568981 0.423698 0.574074 0.422917 0.581019 0.420312 0.583333 0.416927 0.582870 0.413281 0.581944 0.411979
0 0.543981 0.403646 0.537963 0.406250 0.534259 0.412240 0.538426 0.416667 0.545833 0.417448 0.551389 0.416146 0.555556 0.412500 0.555556 0.408073 0.551852 0.405208 0.547685 0.403906
0 0.511111 0.410417 0.509722 0.411979 0.508333 0.416927 0.511574 0.421615 0.516204 0.424740 0.524537 0.424740 0.531481 0.423177 0.534722 0.421615 0.536574 0.420052 0.536111 0.415625 0.530093 0.411719 0.524537 0.409635 0.515741 0.409115
0 0.500463 0.402865 0.494907 0.402344 0.486111 0.403906 0.480556 0.408073 0.475556 0.410938 0.474769 0.417448 0.481204 0.419297 0.491574 0.420391 0.499537 0.419010 0.502315 0.418229 0.506944 0.415104 0.508796 0.412240 0.507870 0.408594 0.504167 0.404427
0 0.135185 0.416667 0.131944 0.418750 0.127778 0.423438 0.127315 0.428125 0.128704 0.429427 0.136111 0.430990 0.150463 0.431250 0.156481 0.430208 0.161574 0.427604 0.161574 0.423438 0.157870 0.420052 0.154167 0.417969 0.149074 0.416406 0.142593 0.415625
0 0.176852 0.415104 0.170833 0.415885 0.167593 0.417448 0.165741 0.419792 0.164352 0.424219 0.165278 0.427865 0.168981 0.432031 0.173148 0.433594 0.178241 0.434115 0.185185 0.433073 0.195833 0.427865 0.197685 0.423438 0.195833 0.421354 0.187500 0.416927 0.182870 0.415625
0 0.234259 0.409896 0.229630 0.411979 0.229167 0.416406 0.232407 0.421615 0.239352 0.428125 0.247222 0.428646 0.253704 0.422917 0.255556 0.417448 0.255093 0.412240 0.252778 0.410156 0.249074 0.409375 0.244444 0.409115
0 0.290741 0.384375 0.286111 0.384375 0.281019 0.385677 0.277315 0.387760 0.274537 0.392969 0.275926 0.399479 0.281019 0.405208 0.288426 0.405729 0.295833 0.404687 0.299537 0.402865 0.305556 0.396615 0.306944 0.393229 0.305556 0.388802 0.300000 0.386198
0 0.298148 0.415885 0.296296 0.417708 0.295833 0.420312 0.298148 0.423698 0.304630 0.427865 0.313889 0.430208 0.318519 0.430208 0.323611 0.429167 0.328241 0.424740 0.328704 0.422656 0.328241 0.419531 0.323148 0.415365 0.316667 0.413802 0.313426 0.413802
0 0.215741 0.440885 0.208333 0.438542 0.199074 0.437240 0.190278 0.438021 0.186574 0.439583 0.182870 0.442448 0.182407 0.444271 0.183796 0.448958 0.186111 0.451302 0.190278 0.453385 0.199074 0.453646 0.205556 0.452865 0.212963 0.448958 0.216667 0.445312 0.217593 0.442969
0 0.256481 0.431510 0.245370 0.428906 0.239815 0.429948 0.236574 0.432292 0.228241 0.435417 0.228704 0.443490 0.230093 0.447917 0.232407 0.450260 0.240278 0.450521 0.246759 0.449479 0.257870 0.444010 0.262500 0.439844 0.262963 0.435417
0 0.338426 0.409375 0.335185 0.411458 0.335185 0.416927 0.343519 0.422656 0.350463 0.425000 0.357870 0.425781 0.361111 0.423958 0.362037 0.420312 0.361574 0.416406 0.357870 0.409635 0.351852 0.407292 0.346296 0.407552
0 0.403704 0.400260 0.394907 0.400260 0.387037 0.408073 0.388889 0.415365 0.392130 0.417448 0.403704 0.413802 0.412963 0.408333 0.412500 0.404167
0 0.430556 0.390365 0.426852 0.391667 0.424537 0.394792 0.424074 0.397656 0.425463 0.400521 0.433333 0.405208 0.441204 0.405208 0.445833 0.402865 0.448148 0.400781 0.448148 0.396094 0.444444 0.392448 0.440741 0.390365 0.435648 0.389844
0 0.567130 0.442448 0.557407 0.442448 0.551852 0.444010 0.549074 0.445573 0.542593 0.451042 0.540741 0.454167 0.541204 0.457031 0.543981 0.459375 0.551852 0.461719 0.560185 0.461979 0.566204 0.460417 0.570370 0.455469 0.572222 0.447656 0.569907 0.443490
0 0.537963 0.421094 0.531944 0.423958 0.529630 0.426823 0.529167 0.432812 0.530556 0.435677 0.533796 0.438802 0.538889 0.440885 0.545370 0.441406 0.551852 0.440625 0.556944 0.438281 0.559722 0.435417 0.560648 0.431510 0.557407 0.426042 0.554167 0.423438 0.549537 0.421354 0.546759 0.420833
0 0.496759 0.420833 0.487963 0.420573 0.481019 0.421875 0.476389 0.424219 0.474074 0.427083 0.474074 0.428385 0.475926 0.432031 0.482407 0.438021 0.489815 0.438021 0.491667 0.437500 0.501852 0.431250 0.504167 0.427344 0.501389 0.422917
0 0.133333 0.111198 0.128241 0.111979 0.125926 0.113281 0.122685 0.119271 0.124074 0.122917 0.135648 0.128646 0.142130 0.126302 0.145833 0.123177 0.148148 0.119271 0.148148 0.114844 0.142130 0.111979
0 0.431944 0.419792 0.431481 0.425260 0.432407 0.427083 0.441204 0.430469 0.453241 0.431250 0.462500 0.430729 0.470833 0.427604 0.471296 0.423438 0.466204 0.419010 0.462037 0.417187 0.456019 0.415625 0.449537 0.414583 0.439815 0.414844 0.435648 0.416406
0 0.453241 0.395052 0.451389 0.396354 0.451389 0.401042 0.456944 0.409115 0.461111 0.410938 0.475926 0.410938 0.482407 0.404948 0.482407 0.403906 0.478241 0.399479 0.475463 0.397917 0.466667 0.395052 0.456481 0.394531
0 0.431481 0.405990 0.426852 0.404948 0.416204 0.406250 0.412963 0.408073 0.409259 0.411719 0.409259 0.413021 0.411574 0.415625 0.415278 0.417448 0.420833 0.418490 0.428241 0.418490 0.432870 0.417448 0.436111 0.415365 0.437500 0.411979 0.434722 0.408073
0 0.370370 0.425260 0.369444 0.428646 0.371296 0.432031 0.378704 0.437500 0.385185 0.440885 0.393519 0.440885 0.398148 0.439844 0.406019 0.435417 0.407870 0.431510 0.399074 0.425260 0.385648 0.422917 0.376852 0.423177
0 0.399537 0.420833 0.396759 0.424219 0.400463 0.427865 0.404630 0.430469 0.406019 0.432552 0.409722 0.433333 0.414352 0.433333 0.423148 0.431510 0.425000 0.428125 0.425000 0.423698 0.423148 0.421094 0.421296 0.420052 0.411574 0.419010
0 0.424537 0.444531 0.421296 0.444010 0.412500 0.444271 0.407870 0.445312 0.405093 0.446875 0.403241 0.450260 0.403704 0.453125 0.407407 0.457031 0.412500 0.459375 0.420833 0.459635 0.424537 0.458854 0.427778 0.457031 0.429167 0.455208 0.426852 0.446354
0 0.462963 0.453125 0.456019 0.451042 0.447685 0.451302 0.437500 0.454427 0.431944 0.458333 0.430556 0.463021 0.434259 0.465365 0.442130 0.467187 0.455093 0.467187 0.461574 0.465885 0.465741 0.463021 0.466667 0.459896 0.465278 0.455469
0 0.504167 0.448698 0.498611 0.447656 0.495370 0.447656 0.489815 0.448698 0.484722 0.451042 0.481481 0.454167 0.479167 0.458854 0.480093 0.460417 0.483333 0.461719 0.492593 0.461979 0.497685 0.461458 0.502778 0.459896 0.506481 0.457813 0.507870 0.455208 0.507407 0.451302
0 0.259722 0.449479 0.257870 0.451042 0.256944 0.455208 0.260185 0.459375 0.263889 0.461719 0.273148 0.464062 0.281481 0.463802 0.285185 0.462240 0.286574 0.460156 0.285648 0.454688 0.284259 0.451823 0.280093 0.448177 0.274537 0.446875 0.268519 0.447135
0 0.330093 0.444010 0.323148 0.441406 0.316667 0.441927 0.313889 0.442708 0.301389 0.448177 0.298148 0.451302 0.295833 0.454948 0.296296 0.455990 0.298148 0.457292 0.307870 0.459375 0.316667 0.459115 0.330093 0.457552 0.332870 0.455208 0.334722 0.451302 0.333333 0.447135
0 0.384722 0.443229 0.381481 0.441146 0.372685 0.439583 0.357407 0.439583 0.350926 0.440625 0.345833 0.443229 0.345833 0.448437 0.347222 0.451302 0.350000 0.453125 0.357407 0.454688 0.367130 0.454427 0.375000 0.452604 0.381481 0.449479 0.383333 0.447656
0 0.379167 0.453125 0.376852 0.454427 0.374537 0.458073 0.374537 0.459635 0.376389 0.461458 0.387037 0.468490 0.392130 0.469531 0.399537 0.469010 0.401389 0.467187 0.401389 0.461719 0.400463 0.459115 0.396759 0.454948 0.392593 0.452344 0.384722 0.451823
0 0.352315 0.462500 0.350000 0.466406 0.350000 0.470833 0.351852 0.473698 0.355556 0.475260 0.366204 0.475521 0.378241 0.473438 0.383796 0.470833 0.383796 0.466406 0.376852 0.461719 0.372222 0.460156 0.357407 0.460156
0 0.383796 0.473698 0.383333 0.475260 0.384722 0.478646 0.390278 0.480990 0.395370 0.481510 0.404630 0.481250 0.410185 0.479948 0.412963 0.478125 0.415741 0.474740 0.414352 0.472656 0.412037 0.471354 0.400000 0.469010 0.388889 0.470052
0 0.434259 0.474219 0.425463 0.474479 0.417130 0.476302 0.414815 0.477604 0.413426 0.480208 0.411111 0.482031 0.411574 0.486458 0.418056 0.489323 0.423148 0.490104 0.426852 0.491406 0.433333 0.491146 0.441204 0.489844 0.443981 0.486979 0.446296 0.481771 0.443981 0.477604 0.441204 0.475781
0 0.443519 0.473177 0.442593 0.475781 0.444444 0.478906 0.447685 0.480990 0.459259 0.483073 0.468981 0.482812 0.473611 0.480990 0.475926 0.478646 0.476852 0.473958 0.474537 0.471094 0.469444 0.469531 0.454167 0.469010 0.447685 0.470313
0 0.488889 0.472917 0.486574 0.477083 0.487500 0.481510 0.489352 0.484115 0.496296 0.486979 0.505556 0.486719 0.512963 0.485677 0.516204 0.484115 0.520833 0.479687 0.521296 0.477604 0.519907 0.474740 0.516667 0.472656 0.512500 0.471354 0.505093 0.470313 0.495370 0.470313
0 0.513426 0.457552 0.510185 0.459375 0.508333 0.462240 0.509259 0.465625 0.512037 0.468750 0.518519 0.471094 0.525000 0.475000 0.532407 0.475521 0.537963 0.473698 0.540278 0.471354 0.541667 0.467969 0.541204 0.462760 0.539815 0.460938 0.525463 0.456510 0.517130 0.456771
0 0.579630 0.463021 0.576852 0.466667 0.576389 0.469531 0.578704 0.474740 0.586574 0.478906 0.593519 0.479948 0.597222 0.479427 0.606481 0.474740 0.607407 0.470573 0.593981 0.464062 0.587500 0.463021
0 0.614352 0.460156 0.610185 0.462760 0.610648 0.467448 0.612037 0.469271 0.616667 0.472917 0.620370 0.474479 0.628704 0.475260 0.632870 0.473177 0.635185 0.470833 0.635185 0.465365 0.633333 0.461979 0.629167 0.459896 0.621296 0.459115
0 0.628704 0.436979 0.623148 0.435937 0.619444 0.435937 0.614352 0.436979 0.611111 0.439323 0.609722 0.442969 0.610185 0.447396 0.614352 0.454948 0.621759 0.454427 0.635185 0.447135 0.636111 0.443229 0.634722 0.440365
0 0.570370 0.423958 0.567593 0.426563 0.566204 0.429948 0.566204 0.432292 0.569444 0.435937 0.573148 0.438021 0.581481 0.439844 0.587500 0.440365 0.593981 0.439583 0.599537 0.435677 0.599074 0.431250 0.594907 0.426563 0.589352 0.423698 0.580093 0.421615
0 0.155093 0.465104 0.153241 0.466667 0.152315 0.471354 0.155556 0.475000 0.169444 0.479167 0.178704 0.479167 0.183333 0.477604 0.186574 0.470833 0.186574 0.466406 0.182870 0.462240 0.178704 0.461198 0.168056 0.461458 0.162963 0.462240
0 0.182870 0.458854 0.184259 0.463281 0.187500 0.465365 0.203704 0.469531 0.210185 0.468490 0.215278 0.465365 0.215741 0.460417 0.214815 0.456510 0.212963 0.455208 0.206019 0.453125 0.193519 0.454427
0 0.225463 0.450521 0.221296 0.451823 0.215741 0.454948 0.215741 0.463542 0.217130 0.465625 0.223611 0.467969 0.232870 0.468229 0.241204 0.466146 0.243056 0.465104 0.244444 0.463021 0.244444 0.458594 0.239815 0.454427 0.236574 0.452604 0.233333 0.451562
0 0.245833 0.467187 0.239352 0.466667 0.231944 0.468490 0.225926 0.473698 0.223148 0.475000 0.221296 0.477865 0.221296 0.482812 0.225926 0.485417 0.231481 0.486458 0.240278 0.486719 0.245370 0.485677 0.247222 0.484635 0.251852 0.479687 0.253704 0.474219 0.250463 0.469792
0 0.266667 0.470052 0.265741 0.478906 0.267130 0.481510 0.269444 0.482552 0.288889 0.484115 0.295833 0.482292 0.301389 0.478385 0.301852 0.474219 0.299074 0.471354 0.295370 0.469531 0.282407 0.467969 0.272685 0.468490
0 0.314352 0.468750 0.309259 0.469792 0.307407 0.471094 0.306019 0.474219 0.306481 0.478646 0.309259 0.480469 0.317130 0.481250 0.327315 0.478906 0.331481 0.474219 0.326389 0.470573 0.321296 0.469271
0 0.343519 0.471094 0.337037 0.471875 0.331019 0.475521 0.328704 0.478385 0.328704 0.483073 0.332407 0.486458 0.344907 0.488281 0.350926 0.487500 0.356481 0.482031 0.354167 0.476823 0.346296 0.471875
0 0.381944 0.480990 0.373148 0.479167 0.367593 0.479427 0.360185 0.480990 0.353704 0.484635 0.350926 0.488281 0.348611 0.489844 0.348611 0.490885 0.352315 0.494271 0.357870 0.496354 0.362963 0.496875 0.371759 0.496354 0.381481 0.494271 0.384722 0.492188 0.386574 0.487760 0.386111 0.484896
0 0.328704 0.484375 0.324537 0.483594 0.314815 0.483333 0.311111 0.484375 0.301852 0.490365 0.300463 0.494010 0.300463 0.499479 0.299074 0.501823 0.300463 0.503385 0.302315 0.503906 0.305556 0.502865 0.316667 0.501823 0.325000 0.498437 0.331019 0.494792 0.333796 0.490885 0.333796 0.488802 0.332407 0.486458
0 0.295370 0.485677 0.287963 0.486458 0.281019 0.490365 0.279630 0.494010 0.279630 0.498698 0.281481 0.500000 0.287037 0.501042 0.294907 0.501563 0.297222 0.501302 0.299537 0.500000 0.300926 0.490104 0.298611 0.487500
0 0.246296 0.494010 0.246296 0.495052 0.254630 0.501563 0.258333 0.503385 0.268056 0.504427 0.274074 0.503125 0.276852 0.501563 0.279630 0.498437 0.280093 0.494010 0.279167 0.490885 0.278241 0.490104 0.268056 0.489063 0.256944 0.490104 0.250000 0.493229
0 0.219444 0.483594 0.211111 0.483854 0.204167 0.486458 0.201389 0.488542 0.199074 0.492969 0.199074 0.495312 0.200926 0.498437 0.205556 0.501563 0.212037 0.502604 0.219444 0.500521 0.222685 0.498958 0.226852 0.495052 0.229167 0.490625 0.228241 0.487240 0.227315 0.486198
0 0.185185 0.474479 0.184722 0.478906 0.187037 0.482292 0.192130 0.484896 0.197685 0.486458 0.205093 0.485677 0.214815 0.482552 0.218981 0.478906 0.217130 0.474479 0.205093 0.472135 0.190741 0.472396
0 0.188889 0.483333 0.186111 0.482812 0.172222 0.483333 0.169444 0.484375 0.165278 0.487760 0.161111 0.492708 0.159259 0.498177 0.161111 0.500521 0.165741 0.503385 0.170833 0.504167 0.178241 0.502865 0.188426 0.500000 0.194907 0.496354 0.195833 0.494792 0.195833 0.488802 0.194444 0.486719
0 0.156481 0.475000 0.149537 0.476042 0.145370 0.477865 0.141667 0.482031 0.141204 0.486979 0.143519 0.490104 0.149074 0.492448 0.158333 0.490885 0.162500 0.489583 0.167130 0.486458 0.168981 0.483594 0.168981 0.481250 0.167130 0.478906
0 0.135185 0.458333 0.130556 0.460417 0.127315 0.463281 0.124074 0.470052 0.124074 0.474740 0.127778 0.477083 0.134722 0.479167 0.137037 0.479167 0.143981 0.477344 0.150000 0.474740 0.151852 0.470573 0.150000 0.466667 0.144907 0.461719 0.142130 0.459896
0 0.105556 0.482292 0.107407 0.487500 0.109722 0.488802 0.113889 0.489844 0.121759 0.489844 0.129167 0.489063 0.136574 0.486458 0.139815 0.484375 0.140741 0.482812 0.139815 0.480990 0.137963 0.479948 0.126852 0.476302 0.121759 0.475521 0.113426 0.475521 0.109722 0.476562 0.107407 0.478646
0 0.134722 0.487760 0.128241 0.489583 0.124537 0.493750 0.123611 0.498698 0.125926 0.505729 0.130093 0.508073 0.134722 0.509375 0.142130 0.508854 0.147222 0.506250 0.152778 0.504948 0.155093 0.501823 0.149537 0.495052 0.139352 0.488802
0 0.123148 0.503906 0.113889 0.502865 0.107407 0.504167 0.100463 0.506771 0.096759 0.507292 0.091204 0.510677 0.089352 0.513542 0.089815 0.514323 0.094444 0.516927 0.106944 0.520573 0.115278 0.520573 0.120833 0.519271 0.127315 0.515885 0.129630 0.510156 0.126852 0.505990
0 0.127778 0.518490 0.125463 0.519531 0.123611 0.522135 0.123148 0.526823 0.124074 0.529427 0.128241 0.534375 0.135648 0.535156 0.139352 0.533073 0.143519 0.532031 0.149074 0.529427 0.150926 0.526302 0.150463 0.523177 0.147685 0.521354 0.140278 0.519792 0.135648 0.517969
0 0.173611 0.509375 0.170370 0.506250 0.163889 0.504687 0.149074 0.505729 0.137963 0.510417 0.136111 0.513021 0.134722 0.517708 0.141667 0.520312 0.148611 0.521354 0.156944 0.521615 0.166204 0.520312 0.169907 0.519271 0.173611 0.517188 0.175463 0.514062
0 0.190278 0.504948 0.185648 0.507552 0.181944 0.510938 0.180556 0.513802 0.182870 0.517448 0.189352 0.519792 0.197685 0.521615 0.204167 0.522396 0.212037 0.522396 0.217593 0.517969 0.216667 0.512760 0.212500 0.508073 0.205556 0.504427 0.196296 0.504167
0 0.225463 0.499479 0.223148 0.500781 0.219444 0.505469 0.219444 0.509896 0.221759 0.513021 0.230093 0.515885 0.237500 0.516927 0.240741 0.516927 0.249537 0.514844 0.252315 0.513281 0.255093 0.510417 0.256944 0.505990 0.256019 0.503906 0.252315 0.500260 0.247222 0.498698 0.241667 0.498437
0 0.267130 0.507292 0.264352 0.508594 0.262500 0.512240 0.262500 0.517708 0.264352 0.521354 0.268981 0.523958 0.281481 0.525260 0.286574 0.522656 0.288889 0.520052 0.289815 0.517448 0.288426 0.511719 0.285648 0.508854 0.281481 0.506510 0.274074 0.506250
0 0.232870 0.516927 0.221759 0.519531 0.218056 0.524219 0.218056 0.529687 0.221759 0.532552 0.225463 0.533594 0.231944 0.533333 0.234722 0.532552 0.243056 0.527604 0.244444 0.526042 0.244444 0.521615 0.243519 0.520573 0.238889 0.518229
0 0.181944 0.529687 0.180556 0.532552 0.181944 0.537760 0.183796 0.540365 0.190741 0.542448 0.213426 0.540625 0.217593 0.538802 0.223148 0.533594 0.218981 0.530729 0.211574 0.528125 0.202778 0.526563 0.189815 0.526563 0.184259 0.527865
0 0.240278 0.534896 0.233796 0.534115 0.230093 0.534375 0.223611 0.535937 0.220370 0.537760 0.218056 0.545312 0.218981 0.549479 0.222222 0.552604 0.227315 0.553385 0.238889 0.552083 0.243519 0.550781 0.245833 0.549219 0.247685 0.546354 0.248148 0.540365 0.245370 0.536979
0 0.268056 0.532813 0.259722 0.533594 0.250463 0.538281 0.248611 0.540625 0.247685 0.545312 0.248611 0.547656 0.250926 0.549479 0.259259 0.551302 0.261574 0.551302 0.268519 0.550000 0.275926 0.546094 0.276852 0.545052 0.275926 0.539583 0.273148 0.535677
0 0.326389 0.516927 0.322222 0.515365 0.314815 0.515365 0.303241 0.517448 0.296759 0.521354 0.293981 0.525521 0.302778 0.529948 0.306019 0.530729 0.316667 0.531250 0.324074 0.530469 0.328241 0.528646 0.330093 0.525521 0.328704 0.519531
0 0.346759 0.505729 0.341204 0.504167 0.335648 0.503906 0.328241 0.505990 0.323611 0.509375 0.322222 0.513021 0.323148 0.515365 0.329630 0.518229 0.337037 0.517969 0.347222 0.516406 0.350463 0.513802 0.350463 0.509115
0 0.371296 0.507031 0.366667 0.509896 0.365278 0.512240 0.365741 0.519531 0.368519 0.521875 0.371296 0.522396 0.379167 0.522135 0.386111 0.520052 0.390278 0.517708 0.390278 0.513021 0.388889 0.511458 0.383796 0.509115
0 0.394444 0.497135 0.393981 0.498958 0.395370 0.501042 0.402315 0.504167 0.408333 0.504948 0.420370 0.504948 0.421296 0.503906 0.422685 0.499479 0.422222 0.496094 0.419444 0.493490 0.415741 0.491927 0.404630 0.491927 0.397685 0.494792
0 0.429167 0.492969 0.424537 0.495312 0.423148 0.498177 0.423148 0.502604 0.425000 0.505729 0.430093 0.508854 0.433333 0.509896 0.440278 0.510938 0.448148 0.510156 0.454167 0.505990 0.454630 0.501302 0.448148 0.496094 0.441204 0.492188 0.433333 0.491927
0 0.484722 0.497656 0.482870 0.497135 0.475463 0.497656 0.472685 0.498958 0.468981 0.499479 0.462037 0.501823 0.460185 0.505208 0.462037 0.507812 0.467130 0.510417 0.474074 0.511458 0.479630 0.510938 0.484259 0.509115 0.489815 0.505469 0.489815 0.501563
0 0.524074 0.491146 0.520370 0.489323 0.512037 0.486979 0.502315 0.487240 0.498148 0.488281 0.488889 0.492448 0.487037 0.494010 0.486111 0.498177 0.492593 0.503646 0.502778 0.504687 0.513426 0.504167 0.519907 0.502604 0.525000 0.499219 0.526389 0.494010
0 0.549074 0.478385 0.545833 0.477604 0.537963 0.478125 0.530093 0.482031 0.526852 0.485156 0.525463 0.489844 0.526389 0.492448 0.528704 0.494010 0.531944 0.494531 0.537500 0.493750 0.546296 0.493490 0.552315 0.492448 0.555093 0.490365 0.556944 0.486979 0.556481 0.484635 0.554167 0.481510
0 0.559259 0.497917 0.550926 0.497656 0.536574 0.499479 0.529167 0.502344 0.525926 0.505729 0.527315 0.509896 0.534722 0.513802 0.543981 0.515365 0.553704 0.515365 0.562963 0.513542 0.566204 0.510677 0.567130 0.505469 0.565278 0.501823
0 0.510185 0.524219 0.507870 0.525521 0.506481 0.529687 0.508796 0.532031 0.515741 0.535156 0.522222 0.537240 0.525000 0.537500 0.531481 0.536719 0.535648 0.534635 0.537037 0.532813 0.537037 0.528385 0.535185 0.525000 0.531019 0.522135 0.526852 0.521354 0.522222 0.521354
0 0.476852 0.511458 0.468056 0.511198 0.458333 0.514583 0.454630 0.517188 0.455556 0.522135 0.456944 0.524219 0.458796 0.525260 0.469444 0.526042 0.475463 0.524479 0.479630 0.522135 0.482407 0.521615 0.483796 0.517188 0.478704 0.512240
0 0.448611 0.517188 0.442593 0.516146 0.434722 0.516927 0.429167 0.519271 0.426389 0.521875 0.425000 0.524479 0.425463 0.530990 0.430093 0.535417 0.433796 0.537500 0.441204 0.536979 0.444444 0.535677 0.450463 0.531771 0.455556 0.525521 0.455556 0.521094 0.454167 0.519531
0 0.479630 0.531250 0.476852 0.529687 0.468519 0.528125 0.465741 0.529427 0.457407 0.531510 0.452315 0.535156 0.449537 0.540365 0.450000 0.542448 0.454630 0.544010 0.462963 0.544271 0.474074 0.542969 0.481019 0.541146 0.482870 0.539323 0.483333 0.535937
0 0.424074 0.531771 0.419907 0.531250 0.400926 0.533073 0.400926 0.537760 0.403241 0.544792 0.406019 0.547135 0.412500 0.550000 0.420833 0.548177 0.424074 0.546354 0.429167 0.541146 0.430093 0.536719 0.426852 0.533073
0 0.392593 0.524740 0.383796 0.524740 0.374537 0.528906 0.369444 0.533333 0.369444 0.538802 0.371296 0.540625 0.378241 0.544010 0.387037 0.543750 0.391204 0.541927 0.392593 0.540104 0.396296 0.531510 0.396296 0.529167
0 0.339815 0.520573 0.333333 0.523698 0.331481 0.526042 0.330556 0.529948 0.333333 0.533073 0.350463 0.538021 0.362037 0.537240 0.363889 0.535937 0.364815 0.533333 0.365278 0.524740 0.363889 0.523177 0.357870 0.519792 0.351852 0.518750
0 0.136574 0.540104 0.134259 0.545312 0.138889 0.550521 0.147222 0.552344 0.153241 0.552865 0.165278 0.552083 0.168981 0.550781 0.172685 0.544792 0.170370 0.543750 0.167593 0.539062 0.162037 0.535937 0.156481 0.534635 0.148148 0.535156 0.145833 0.535677 0.142130 0.538021 0.139352 0.538542
0 0.097685 0.544792 0.097222 0.548958 0.100463 0.550781 0.113889 0.553906 0.121759 0.554167 0.128241 0.551562 0.130556 0.548958 0.130556 0.544531 0.129167 0.542969 0.125463 0.540625 0.122222 0.540104 0.114352 0.540104 0.110185 0.540885
0 0.136574 0.551823 0.127778 0.552083 0.121296 0.553906 0.114352 0.560156 0.112037 0.564583 0.121296 0.570052 0.125463 0.570573 0.132407 0.570052 0.137037 0.568490 0.140278 0.566146 0.142593 0.561719 0.143056 0.555208 0.140278 0.552865
0 0.099537 0.563021 0.093519 0.565104 0.089815 0.568750 0.088426 0.572135 0.088889 0.576562 0.092593 0.579688 0.101852 0.580990 0.108796 0.579948 0.115741 0.577604 0.118981 0.574219 0.119444 0.571094 0.118056 0.568490 0.112963 0.565104 0.106019 0.563542
0 0.128704 0.580990 0.120833 0.579427 0.111111 0.580469 0.105093 0.582552 0.099537 0.587240 0.099537 0.592708 0.100926 0.595052 0.103704 0.597135 0.109722 0.598437 0.118056 0.598698 0.122222 0.598437 0.131019 0.595573 0.134259 0.591927 0.135185 0.587240 0.133796 0.584115
0 0.143056 0.567969 0.141204 0.572396 0.144907 0.578906 0.150463 0.582031 0.155556 0.583594 0.163426 0.583073 0.166204 0.582292 0.168981 0.580469 0.172685 0.576302 0.173148 0.571875 0.171759 0.570573 0.166667 0.567969 0.158796 0.566406 0.149074 0.566667
0 0.183796 0.556510 0.177315 0.560417 0.176389 0.562500 0.176389 0.565625 0.180093 0.568490 0.183796 0.570312 0.198148 0.570573 0.202778 0.569271 0.204630 0.567187 0.205556 0.564063 0.200463 0.558594 0.191204 0.555469
0 0.215278 0.542448 0.212037 0.541406 0.203241 0.541406 0.198148 0.542188 0.193981 0.543750 0.189815 0.546875 0.189352 0.549740 0.190741 0.551823 0.194907 0.554948 0.197222 0.555729 0.206019 0.555208 0.216204 0.550781 0.217593 0.549219 0.217593 0.544792
0 0.242130 0.558073 0.230556 0.556250 0.222685 0.556250 0.216667 0.557031 0.212500 0.558333 0.209722 0.560677 0.209259 0.565625 0.213426 0.569792 0.218519 0.571615 0.227778 0.571354 0.233796 0.569010 0.241667 0.563802 0.243981 0.560677
0 0.260185 0.553385 0.257870 0.555990 0.260185 0.564583 0.267130 0.570052 0.274537 0.571094 0.281944 0.568490 0.287037 0.565104 0.288426 0.561458 0.287963 0.559375 0.286111 0.557552 0.279167 0.554427
0 0.302315 0.541146 0.294907 0.540625 0.291667 0.541927 0.283333 0.543490 0.279167 0.545312 0.276852 0.548698 0.278241 0.553646 0.281019 0.555469 0.288426 0.557292 0.298148 0.555729 0.306481 0.553646 0.309722 0.552083 0.312963 0.548698 0.309259 0.545833 0.304167 0.543229
0 0.305556 0.530990 0.302778 0.532292 0.302315 0.533594 0.297685 0.536979 0.302315 0.540625 0.303704 0.543229 0.312963 0.547917 0.317593 0.548177 0.322222 0.547135 0.325000 0.545573 0.327778 0.541667 0.328704 0.536979 0.326389 0.534115 0.323148 0.531771 0.314815 0.530729
0 0.364815 0.539062 0.356019 0.539844 0.345370 0.541927 0.339815 0.544792 0.340741 0.548438 0.342130 0.550000 0.349537 0.553385 0.357870 0.555990 0.366204 0.556250 0.372222 0.554688 0.375463 0.552344 0.376852 0.549219 0.377315 0.544792 0.372222 0.540885
0 0.381944 0.545573 0.379167 0.548438 0.378704 0.552865 0.387037 0.560156 0.392130 0.563021 0.400463 0.564063 0.406019 0.563021 0.412037 0.560417 0.414352 0.557552 0.414352 0.551562 0.411574 0.548698 0.392593 0.544271 0.384722 0.544792
0 0.432870 0.547656 0.429167 0.548438 0.425000 0.550521 0.422685 0.553385 0.418056 0.556510 0.418981 0.560677 0.426389 0.565104 0.429167 0.566146 0.434259 0.566667 0.442593 0.565365 0.448148 0.563281 0.451389 0.560677 0.451852 0.556250 0.449074 0.552865 0.442593 0.549219 0.439352 0.548177
0 0.485648 0.548438 0.482407 0.550521 0.480093 0.556510 0.482870 0.560677 0.488889 0.562500 0.498148 0.561458 0.506944 0.556771 0.507870 0.552604 0.501389 0.548698 0.497222 0.547917 0.488426 0.547917
0 0.478241 0.557813 0.471759 0.556250 0.465741 0.556510 0.451852 0.561198 0.446296 0.564844 0.444444 0.567187 0.444907 0.572396 0.452315 0.577344 0.457870 0.577604 0.462037 0.577083 0.476389 0.568750 0.480093 0.564844 0.481481 0.560937 0.481019 0.559635
0 0.497222 0.563542 0.489352 0.565625 0.480093 0.571875 0.478241 0.574740 0.478241 0.578646 0.479167 0.580208 0.481019 0.580990 0.490741 0.581510 0.494444 0.580729 0.500000 0.578646 0.506019 0.575260 0.508333 0.572396 0.506944 0.568490 0.502778 0.565625
0 0.448611 0.578646 0.443519 0.583333 0.443981 0.588281 0.446296 0.591927 0.455093 0.597396 0.459722 0.598177 0.468519 0.597917 0.478241 0.591927 0.479630 0.587760 0.477315 0.584635 0.472222 0.580990 0.464815 0.578646 0.459259 0.577865 0.452315 0.577865
0 0.441204 0.566146 0.430556 0.567187 0.423148 0.571615 0.418056 0.575781 0.421296 0.580990 0.426852 0.584115 0.434722 0.584115 0.438426 0.583333 0.446296 0.577083 0.446759 0.575781 0.444444 0.567969
0 0.415741 0.560937 0.410185 0.561198 0.404630 0.563021 0.396296 0.564583 0.393981 0.565885 0.392593 0.568229 0.395370 0.571615 0.412963 0.578125 0.416204 0.576823 0.421759 0.572396 0.424537 0.568750 0.423148 0.565104 0.420833 0.562500 0.418981 0.561458
0 0.369907 0.568229 0.362963 0.572396 0.361574 0.576042 0.362500 0.577604 0.369444 0.581510 0.377315 0.583333 0.385648 0.583073 0.387963 0.580990 0.390278 0.576562 0.390741 0.571875 0.389352 0.570312 0.385185 0.567708 0.380556 0.566667 0.375000 0.566927
0 0.351389 0.554948 0.342593 0.555208 0.338426 0.556250 0.332407 0.560417 0.330556 0.563802 0.330556 0.569010 0.332407 0.572917 0.335648 0.574219 0.342130 0.575260 0.350926 0.574740 0.361111 0.570833 0.365278 0.567187 0.366204 0.563542 0.362500 0.558854 0.358333 0.556771
0 0.348148 0.577604 0.344907 0.576042 0.337037 0.574479 0.320833 0.576042 0.316667 0.577604 0.312500 0.580469 0.312037 0.584635 0.315278 0.589063 0.322222 0.591927 0.330093 0.591927 0.342130 0.588281 0.349074 0.583854 0.350000 0.579688
0 0.290741 0.563021 0.283796 0.568229 0.282870 0.572396 0.284722 0.576823 0.287963 0.578646 0.299537 0.581510 0.302778 0.581771 0.310185 0.580729 0.320370 0.575000 0.320833 0.571094 0.318056 0.567187 0.306019 0.562500 0.294444 0.562240
0 0.333796 0.546875 0.331481 0.546354 0.322685 0.546875 0.315278 0.548698 0.307870 0.553646 0.306019 0.556510 0.306944 0.560937 0.309722 0.563281 0.315741 0.565104 0.324537 0.565365 0.330093 0.563021 0.336111 0.557031 0.337037 0.554167 0.336574 0.548698
0 0.246296 0.565625 0.243519 0.566406 0.241204 0.568229 0.239352 0.571875 0.238889 0.576302 0.244907 0.585417 0.249537 0.587240 0.255093 0.587760 0.262037 0.586198 0.269907 0.582031 0.272685 0.578125 0.272685 0.574479 0.271296 0.572135 0.261111 0.566146
0 0.293056 0.581771 0.287500 0.581250 0.278241 0.582292 0.268981 0.587760 0.268981 0.591927 0.273148 0.594271 0.276852 0.597917 0.281481 0.598698 0.297222 0.595313 0.301852 0.592969 0.303241 0.590365 0.303241 0.587760 0.297222 0.583594
0 0.260648 0.586979 0.251389 0.589583 0.245833 0.593229 0.242593 0.599219 0.242593 0.603646 0.246296 0.605729 0.253704 0.606250 0.263889 0.604948 0.274537 0.599740 0.274074 0.595052 0.268981 0.591146
0 0.196296 0.588542 0.194444 0.591406 0.194907 0.596094 0.197222 0.598437 0.201389 0.600781 0.211111 0.602865 0.218981 0.602865 0.225000 0.600521 0.225926 0.599740 0.225463 0.594271 0.223611 0.592187 0.212037 0.585938 0.204630 0.584896
0 0.212500 0.573698 0.208796 0.576042 0.209259 0.579948 0.212037 0.584635 0.219444 0.589583 0.225463 0.592448 0.234722 0.590885 0.241204 0.587500 0.243519 0.584896 0.241667 0.580208 0.237963 0.576042 0.234722 0.574479 0.226389 0.572396 0.218056 0.572135
0 0.186111 0.571094 0.176389 0.574740 0.170833 0.580208 0.176852 0.584115 0.185648 0.584896 0.190741 0.588281 0.198148 0.588021 0.204167 0.584115 0.205093 0.582552 0.205556 0.578385 0.204167 0.574219 0.202315 0.571875 0.199074 0.570573 0.189352 0.570573
0 0.148611 0.585938 0.139815 0.588281 0.135648 0.590365 0.134722 0.591406 0.134722 0.595833 0.137500 0.600260 0.139815 0.602083 0.148148 0.603906 0.156481 0.604427 0.160185 0.602083 0.167130 0.595573 0.167593 0.591667 0.161574 0.587240 0.156019 0.585938
0 0.156481 0.605208 0.150000 0.603646 0.142593 0.602865 0.132407 0.604167 0.128241 0.605990 0.125463 0.608594 0.124074 0.610938 0.124537 0.615365 0.130093 0.619271 0.134259 0.620052 0.143981 0.620052 0.154167 0.617969 0.158333 0.615625 0.161111 0.611719 0.159722 0.607292
0 0.094907 0.600260 0.090741 0.603125 0.088426 0.606771 0.090278 0.611198 0.095833 0.613542 0.101389 0.614844 0.109259 0.615365 0.118056 0.614583 0.120370 0.612240 0.120370 0.607031 0.113426 0.600521 0.110185 0.598958 0.105556 0.598177 0.100463 0.598177
0 0.098611 0.616146 0.093519 0.616927 0.090278 0.619792 0.088426 0.623698 0.088426 0.628125 0.089352 0.630729 0.093056 0.633333 0.101852 0.634115 0.107870 0.633073 0.110648 0.631510 0.112963 0.627604 0.113889 0.622656 0.112037 0.620052 0.108333 0.617448 0.101852 0.616146
0 0.184259 0.590885 0.176389 0.591406 0.172222 0.592708 0.165278 0.596875 0.162037 0.599740 0.160185 0.603385 0.161111 0.607552 0.162963 0.609896 0.167130 0.611458 0.175463 0.612240 0.182407 0.611458 0.189815 0.606771 0.193056 0.603646 0.193056 0.598698 0.191667 0.596094 0.188426 0.592708
0 0.191204 0.605469 0.182870 0.610938 0.184259 0.615625 0.190741 0.619792 0.197685 0.620833 0.206019 0.620313 0.210185 0.617969 0.213889 0.614323 0.214352 0.609896 0.213426 0.607292 0.208796 0.605469 0.203704 0.604688 0.195833 0.604688
0 0.219907 0.603646 0.215741 0.608594 0.215278 0.612240 0.216667 0.615365 0.224537 0.616927 0.240741 0.616927 0.249074 0.616146 0.250926 0.615365 0.250463 0.611198 0.248611 0.608333 0.241667 0.603646 0.236111 0.601823 0.231481 0.601302 0.225000 0.601302
0 0.251389 0.606771 0.250463 0.607292 0.251389 0.611719 0.255093 0.616927 0.259722 0.619792 0.267593 0.621094 0.274074 0.617448 0.275926 0.611198 0.267593 0.606250 0.259259 0.605729
0 0.287500 0.601302 0.283333 0.603125 0.279630 0.607031 0.275463 0.615885 0.277315 0.619531 0.281019 0.620833 0.288426 0.621875 0.294444 0.621094 0.299537 0.619271 0.300926 0.616667 0.301389 0.610938 0.293519 0.602865 0.290741 0.601562
0 0.303241 0.593750 0.294907 0.599479 0.293981 0.601823 0.294907 0.604948 0.303241 0.610156 0.307407 0.611458 0.313889 0.611979 0.323148 0.611458 0.325926 0.606771 0.326389 0.602344 0.325000 0.599219 0.321296 0.595313 0.316204 0.592969 0.307870 0.592969
0 0.226389 0.617448 0.219444 0.615625 0.211574 0.616146 0.207407 0.619010 0.205556 0.622656 0.205093 0.628125 0.206944 0.630469 0.210185 0.631250 0.224074 0.630469 0.233333 0.627083 0.233796 0.622135
0 0.392130 0.572656 0.389352 0.577344 0.386574 0.579948 0.387963 0.584635 0.396296 0.591406 0.398611 0.594271 0.406481 0.594271 0.412963 0.592969 0.417130 0.591146 0.419444 0.588542 0.419444 0.582292 0.418519 0.579948 0.399537 0.573177
0 0.354167 0.583333 0.351852 0.584635 0.349537 0.588281 0.350463 0.591927 0.355556 0.597396 0.364815 0.601562 0.372685 0.601823 0.378704 0.598958 0.382407 0.596094 0.382870 0.591667 0.381019 0.589063 0.376852 0.586198 0.365741 0.583073 0.356481 0.582812
0 0.434259 0.588542 0.425000 0.588802 0.418056 0.591146 0.414352 0.593229 0.412963 0.595313 0.413889 0.598437 0.415741 0.600781 0.419907 0.603646 0.428241 0.604427 0.436574 0.603125 0.443981 0.599219 0.445833 0.596094 0.443981 0.591667 0.440741 0.590104
0 0.406481 0.595052 0.400463 0.593750 0.389352 0.595052 0.384259 0.596354 0.377778 0.599219 0.375000 0.601042 0.373611 0.603125 0.374537 0.608854 0.376389 0.611458 0.380556 0.612500 0.387500 0.612500 0.399074 0.610938 0.408333 0.608594 0.410648 0.607292 0.412500 0.604688 0.412500 0.599479
0 0.357870 0.598698 0.353704 0.598177 0.343981 0.598698 0.335648 0.600260 0.331481 0.603125 0.331481 0.607812 0.335185 0.611458 0.340741 0.614323 0.343519 0.615104 0.351852 0.615365 0.361574 0.612760 0.367130 0.609375 0.368519 0.607812 0.368519 0.603385 0.365741 0.601562
0 0.370833 0.613281 0.365278 0.614583 0.360648 0.616927 0.359722 0.618490 0.359722 0.624219 0.370370 0.633594 0.376852 0.635938 0.381944 0.635938 0.384259 0.635417 0.390741 0.631771 0.393056 0.626823 0.387037 0.619010 0.379167 0.614062
0 0.107407 0.095312 0.100463 0.098958 0.097685 0.102083 0.097222 0.107031 0.100463 0.110417 0.106944 0.112240 0.115278 0.112240 0.119444 0.111198 0.122222 0.109115 0.122222 0.103125 0.119907 0.099479 0.114815 0.095312
0 0.402778 0.614323 0.396296 0.619271 0.395833 0.623437 0.397222 0.625260 0.402315 0.627865 0.406019 0.628906 0.417593 0.630208 0.420833 0.630208 0.424537 0.629167 0.430093 0.624740 0.430556 0.621615 0.429630 0.619271 0.422685 0.615365 0.413426 0.612240
0 0.412963 0.607031 0.412500 0.607812 0.414352 0.611979 0.427315 0.618490 0.434259 0.619531 0.439352 0.616927 0.443519 0.611458 0.439352 0.607552 0.434722 0.606250 0.427778 0.605469 0.419444 0.605469
0 0.448148 0.614844 0.440741 0.615104 0.432870 0.621094 0.431944 0.622656 0.432870 0.625521 0.434259 0.627083 0.437963 0.628385 0.450463 0.628385 0.455093 0.626823 0.458333 0.622917 0.455093 0.618750
0 0.462500 0.598437 0.454167 0.598177 0.445833 0.599740 0.442593 0.601042 0.441204 0.602865 0.441667 0.607552 0.443981 0.610156 0.447685 0.612240 0.455556 0.613281 0.463889 0.610156 0.467130 0.608073 0.469907 0.603125 0.466667 0.599479
0 0.488426 0.583594 0.485648 0.584375 0.482407 0.586719 0.481481 0.592187 0.487037 0.596094 0.495833 0.599740 0.497685 0.599740 0.502778 0.597656 0.505093 0.595052 0.505093 0.586458 0.502778 0.584375 0.497222 0.583073
0 0.528241 0.584375 0.524537 0.583333 0.517130 0.583073 0.512963 0.583854 0.507407 0.585938 0.506019 0.587500 0.506481 0.592708 0.510648 0.597396 0.518519 0.597656 0.529167 0.595833 0.531019 0.594792 0.532870 0.587760 0.531944 0.586458
0 0.532870 0.597396 0.530093 0.596615 0.523611 0.596615 0.510185 0.598698 0.501852 0.603385 0.503241 0.608073 0.505093 0.610417 0.509722 0.611979 0.517130 0.612500 0.524537 0.610677 0.533796 0.603646 0.534722 0.599479
0 0.537500 0.597656 0.535648 0.599219 0.535185 0.604167 0.540741 0.610156 0.543981 0.611979 0.548611 0.612760 0.553704 0.612760 0.557407 0.611719 0.561574 0.609375 0.563889 0.605729 0.564352 0.602604 0.562500 0.600260 0.552315 0.596615 0.543981 0.596354
0 0.583796 0.525260 0.581944 0.522656 0.575926 0.519010 0.573148 0.518229 0.565741 0.518750 0.556019 0.521354 0.551852 0.523177 0.548611 0.525260 0.549074 0.529427 0.559259 0.533073 0.565741 0.534115 0.573611 0.534115 0.581481 0.530990 0.582870 0.529427
0 0.327778 0.625781 0.324537 0.630469 0.325000 0.635156 0.331019 0.640104 0.335648 0.641146 0.344444 0.641406 0.358333 0.638802 0.364352 0.631250 0.362037 0.627083 0.358796 0.625260 0.349074 0.622656 0.336574 0.622396 0.333333 0.622917
0 0.301852 0.619531 0.289815 0.623437 0.287037 0.626042 0.287500 0.628385 0.295833 0.633854 0.306944 0.636198 0.312500 0.635938 0.320833 0.632812 0.323611 0.626823 0.320833 0.622917 0.316204 0.620313 0.309722 0.619010
0 0.266204 0.622917 0.263426 0.620573 0.257870 0.618750 0.253704 0.616406 0.243056 0.616927 0.239352 0.617708 0.236574 0.619792 0.235185 0.622135 0.235648 0.627083 0.239352 0.629687 0.248148 0.630208 0.262500 0.626042
0 0.163426 0.612500 0.159722 0.615625 0.159259 0.617448 0.161574 0.625781 0.169444 0.629948 0.177315 0.629948 0.185648 0.625521 0.188426 0.619010 0.182870 0.613542 0.180556 0.612760 0.173148 0.611979
0 0.884722 0.378906 0.875463 0.383073 0.872685 0.388802 0.876852 0.394010 0.881944 0.397656 0.893056 0.398438 0.897685 0.397396 0.901389 0.395313 0.903704 0.392969 0.905093 0.388802 0.904630 0.385156 0.902315 0.381771 0.898611 0.379948 0.893519 0.378906
0 0.902315 0.411979 0.893981 0.410677 0.890278 0.410677 0.883333 0.411458 0.876852 0.413021 0.872222 0.416146 0.871759 0.420052 0.874074 0.423698 0.877778 0.425781 0.883796 0.427083 0.887037 0.427083 0.892593 0.426042 0.903704 0.419531 0.904630 0.415104
0 0.900000 0.432031 0.892593 0.430469 0.884259 0.430469 0.874074 0.432292 0.869907 0.434635 0.868981 0.436458 0.868981 0.439844 0.871296 0.445312 0.873148 0.447135 0.876852 0.447917 0.885648 0.447656 0.900000 0.442708 0.904630 0.439323 0.905093 0.435156
0 0.677315 0.425521 0.671296 0.424479 0.662963 0.425000 0.650926 0.428906 0.645833 0.431771 0.645833 0.436979 0.649074 0.440104 0.656019 0.444010 0.663426 0.444271 0.670370 0.442448 0.679630 0.435937 0.681944 0.431250 0.681019 0.428125
0 0.684259 0.445573 0.676389 0.445833 0.674074 0.446615 0.668056 0.451042 0.666667 0.453646 0.666667 0.455729 0.668981 0.459635 0.672685 0.463542 0.676852 0.465365 0.684722 0.465625 0.689352 0.464323 0.695370 0.460677 0.698148 0.455729 0.697685 0.451302 0.696296 0.450000 0.690741 0.447135
0 0.659722 0.448177 0.655556 0.446875 0.647685 0.446354 0.638889 0.447135 0.632870 0.449219 0.630556 0.450781 0.631944 0.457031 0.635185 0.460417 0.638889 0.461979 0.644907 0.462240 0.656481 0.459375 0.662500 0.455208 0.663426 0.452083 0.662500 0.450000
0 0.657407 0.466667 0.661574 0.473958 0.665278 0.477083 0.665741 0.478385 0.668519 0.479687 0.671296 0.479948 0.675000 0.479167 0.684259 0.474740 0.684259 0.470573 0.680093 0.468750 0.665278 0.465885
0 0.690741 0.473698 0.684259 0.475000 0.676852 0.478385 0.674074 0.480729 0.673611 0.482552 0.678241 0.486458 0.681481 0.488021 0.686111 0.489323 0.692593 0.490104 0.698148 0.489063 0.702315 0.483333 0.702315 0.478385 0.698148 0.474740
0 0.632407 0.474219 0.629630 0.477344 0.629630 0.479427 0.632870 0.483594 0.635648 0.485156 0.641204 0.486979 0.648148 0.488021 0.650926 0.488021 0.656481 0.486458 0.659722 0.479948 0.659259 0.475000 0.656944 0.473177 0.653241 0.472396 0.642130 0.472396 0.636574 0.472917
0 0.423611 0.506771 0.414352 0.505208 0.406481 0.505469 0.400926 0.506771 0.396759 0.509115 0.394907 0.511198 0.393981 0.514062 0.395833 0.516667 0.400463 0.519271 0.406019 0.520833 0.414815 0.519792 0.425000 0.513542 0.426852 0.509375
0 0.626389 0.479687 0.622222 0.478906 0.614352 0.478906 0.602315 0.480729 0.594444 0.484115 0.592593 0.486198 0.596759 0.491927 0.601389 0.495052 0.606019 0.496354 0.613426 0.495833 0.625926 0.490104 0.629630 0.486458 0.629167 0.482292
0 0.594907 0.500781 0.591667 0.505208 0.592130 0.509896 0.599537 0.513802 0.606944 0.514844 0.616204 0.514583 0.624537 0.513021 0.627778 0.511198 0.628704 0.509375 0.625463 0.505469 0.620370 0.501563 0.614815 0.498698 0.608796 0.497396 0.606019 0.497396 0.598148 0.498958
0 0.639815 0.487760 0.634259 0.489063 0.630093 0.491406 0.628704 0.494010 0.629167 0.498177 0.635185 0.502604 0.641667 0.505208 0.648611 0.505208 0.651852 0.503385 0.654167 0.498698 0.653241 0.491927 0.650926 0.489323 0.643056 0.487500
0 0.678241 0.490625 0.669907 0.489844 0.666667 0.490885 0.659722 0.495573 0.656481 0.501302 0.658796 0.509896 0.663426 0.510938 0.672222 0.509375 0.680556 0.505990 0.687500 0.501042 0.689815 0.498177 0.688426 0.495052 0.686111 0.493490
0 0.721759 0.482292 0.715278 0.486458 0.711574 0.489844 0.712500 0.494271 0.728704 0.498177 0.733333 0.498437 0.740741 0.497396 0.743056 0.495833 0.743519 0.493490 0.741667 0.489063 0.738889 0.485677 0.734722 0.483333 0.729167 0.481771 0.725463 0.481250
0 0.774074 0.499219 0.772222 0.505729 0.772685 0.510156 0.783333 0.516146 0.790278 0.516667 0.795370 0.515625 0.804167 0.510156 0.803241 0.505729 0.788889 0.500260
0 0.818519 0.520573 0.815278 0.519792 0.808333 0.519531 0.801852 0.520833 0.798611 0.522656 0.795833 0.525781 0.794444 0.531510 0.794907 0.534896 0.798148 0.537240 0.800463 0.537760 0.812037 0.537500 0.816204 0.536198 0.819444 0.533594 0.823148 0.529427 0.824074 0.524740 0.823148 0.523177
0 0.843519 0.511979 0.842130 0.513802 0.841667 0.516927 0.837963 0.522396 0.838426 0.528125 0.839352 0.529687 0.843519 0.532031 0.851852 0.532292 0.862037 0.529427 0.865741 0.525000 0.861111 0.519010 0.849074 0.513021
0 0.863426 0.515625 0.860648 0.517448 0.862037 0.521354 0.871759 0.529427 0.882407 0.531510 0.887963 0.531250 0.891204 0.529687 0.895370 0.526302 0.896759 0.523177 0.896296 0.517448 0.885648 0.513542 0.878704 0.511979 0.873611 0.512500
0 0.601389 0.520573 0.593519 0.520312 0.590741 0.520833 0.585185 0.523438 0.583796 0.525000 0.582407 0.533333 0.586111 0.537240 0.593519 0.541667 0.597222 0.540885 0.605093 0.536719 0.608333 0.534115 0.611111 0.529687 0.610648 0.525000 0.608796 0.522917 0.605556 0.521354
0 0.636574 0.536979 0.629630 0.535677 0.620833 0.535677 0.611111 0.538021 0.608333 0.540885 0.607870 0.545052 0.611574 0.548958 0.614815 0.550260 0.621759 0.550781 0.628704 0.548958 0.633796 0.546875 0.637963 0.544271 0.639352 0.541667 0.638889 0.539062
0 0.677315 0.538802 0.673611 0.537500 0.668981 0.536979 0.662500 0.537500 0.655556 0.539323 0.650926 0.541406 0.646759 0.544531 0.647222 0.548958 0.656019 0.552083 0.670370 0.552344 0.677315 0.550781 0.680093 0.548958 0.680556 0.545312
0 0.720833 0.536979 0.706944 0.534896 0.697222 0.535677 0.693981 0.536719 0.689815 0.539583 0.688889 0.540885 0.689352 0.544792 0.696759 0.549479 0.705093 0.550000 0.711574 0.547917 0.718981 0.544271 0.721296 0.541667
0 0.788889 0.537500 0.781019 0.534896 0.767593 0.535937 0.760648 0.537760 0.757870 0.540625 0.758796 0.545833 0.762500 0.549479 0.766667 0.551562 0.775000 0.551562 0.779167 0.550521 0.787963 0.546875 0.791204 0.545052 0.793056 0.541667 0.792130 0.539583
0 0.777315 0.553125 0.775000 0.555990 0.776389 0.560677 0.780093 0.563281 0.787963 0.566406 0.794444 0.567187 0.802315 0.566667 0.807870 0.564583 0.811574 0.560677 0.810185 0.556250 0.807870 0.553385 0.799537 0.550260 0.796759 0.549740 0.787963 0.549740 0.783333 0.550781
0 0.813889 0.548698 0.810185 0.552344 0.810185 0.557292 0.812963 0.559375 0.815741 0.559896 0.831481 0.559635 0.836574 0.558854 0.839815 0.557031 0.838426 0.552083 0.830093 0.547396 0.821296 0.546615
0 0.843519 0.569010 0.840278 0.572135 0.840278 0.576302 0.843519 0.578125 0.857407 0.580729 0.864815 0.580990 0.867130 0.580208 0.868056 0.576042 0.862963 0.571875 0.851852 0.568229 0.847685 0.568229
0 0.775000 0.561719 0.763426 0.562240 0.760648 0.563281 0.757870 0.566406 0.757870 0.572656 0.759722 0.576823 0.762963 0.579167 0.766667 0.579948 0.774074 0.578906 0.779167 0.577083 0.785185 0.572135 0.786574 0.567969 0.784722 0.564844
0 0.755093 0.553906 0.747685 0.553385 0.740278 0.553906 0.728241 0.556510 0.721296 0.560417 0.723148 0.564583 0.731019 0.568750 0.739352 0.570833 0.744444 0.570052 0.750463 0.568229 0.755556 0.565365 0.756944 0.563542 0.757870 0.555729
0 0.693056 0.559896 0.683796 0.558073 0.676389 0.558854 0.668056 0.561198 0.663889 0.563802 0.661574 0.567708 0.664352 0.572396 0.669907 0.575521 0.677315 0.576302 0.684259 0.574479 0.691204 0.570573 0.693519 0.567969 0.695370 0.563281 0.694444 0.560677
0 0.642130 0.559375 0.633796 0.559115 0.628704 0.559896 0.624537 0.561458 0.620370 0.564323 0.619444 0.567187 0.619907 0.569531 0.621759 0.571615 0.627315 0.574219 0.636111 0.574479 0.643056 0.571354 0.645833 0.567969 0.646759 0.563542 0.644907 0.560677
0 0.662963 0.583854 0.655556 0.585417 0.651852 0.588021 0.649537 0.591927 0.650463 0.595833 0.652778 0.598437 0.656019 0.600000 0.664815 0.600781 0.672685 0.599479 0.679630 0.595833 0.684259 0.591667 0.680556 0.587760 0.671759 0.584896
0 0.642593 0.594271 0.634259 0.595833 0.628241 0.598177 0.626389 0.599740 0.625000 0.603646 0.622222 0.607031 0.621759 0.611458 0.628241 0.613802 0.638889 0.614062 0.641667 0.613542 0.645370 0.611458 0.647222 0.598958 0.644907 0.595313
0 0.567593 0.605990 0.564352 0.610417 0.565741 0.616406 0.569907 0.619531 0.578704 0.621615 0.588426 0.622396 0.594444 0.621875 0.600463 0.619271 0.601852 0.615104 0.599537 0.611979 0.587037 0.605469 0.578704 0.603646 0.571759 0.604167
0 0.753704 0.596615 0.746296 0.596875 0.741667 0.598177 0.737500 0.600000 0.734722 0.603385 0.735648 0.607552 0.744907 0.613802 0.751852 0.615365 0.754167 0.615365 0.757407 0.614323 0.762963 0.611198 0.765278 0.608073 0.765278 0.603125 0.762963 0.599479
0 0.728704 0.581250 0.726852 0.583333 0.728241 0.589063 0.732407 0.594010 0.738889 0.596354 0.746759 0.595573 0.750000 0.594531 0.754167 0.591667 0.756481 0.587760 0.754167 0.585417 0.742130 0.580990 0.731019 0.580729
0 0.773148 0.585156 0.766667 0.586458 0.759259 0.591927 0.763426 0.598437 0.768981 0.601823 0.775000 0.603385 0.784259 0.602083 0.791204 0.599479 0.794444 0.595833 0.794444 0.591406 0.792130 0.589063 0.788426 0.587240 0.781019 0.585677
0 0.837037 0.590365 0.829167 0.590365 0.823611 0.592448 0.818519 0.595573 0.811574 0.607292 0.812963 0.611458 0.816667 0.611979 0.821759 0.609375 0.831019 0.607812 0.839352 0.603646 0.841667 0.599219 0.839352 0.592448
0 0.471759 0.605729 0.470370 0.608073 0.472222 0.611198 0.475463 0.613281 0.482407 0.615885 0.495833 0.616927 0.499074 0.616667 0.501852 0.615104 0.504630 0.611719 0.501852 0.603906 0.499537 0.602083 0.496296 0.601302 0.487963 0.601302 0.476852 0.603385
0 0.474074 0.612500 0.469444 0.611458 0.461574 0.611719 0.453704 0.615104 0.456481 0.620833 0.460185 0.623437 0.469907 0.623698 0.473611 0.621875 0.478704 0.615625
0 0.483796 0.616146 0.478241 0.617969 0.473148 0.622917 0.473611 0.632812 0.475000 0.634896 0.480093 0.637760 0.482407 0.638542 0.488889 0.638542 0.494907 0.636979 0.500000 0.633594 0.502315 0.630990 0.504630 0.622656 0.502315 0.619010 0.499537 0.617448 0.490278 0.616146
0 0.517130 0.614062 0.506944 0.619010 0.506944 0.623177 0.515741 0.628125 0.531481 0.632552 0.537500 0.627344 0.537963 0.622917 0.536111 0.619271 0.531481 0.615104 0.526852 0.613542 0.523611 0.613021
0 0.682870 0.606771 0.674074 0.608594 0.669444 0.611719 0.667130 0.615365 0.668519 0.619271 0.673611 0.624479 0.679167 0.626563 0.685648 0.627083 0.691204 0.625781 0.696296 0.623177 0.698611 0.619531 0.699537 0.614844 0.698148 0.611198 0.694907 0.608333 0.690278 0.607031
0 0.645370 0.612500 0.642130 0.615104 0.642593 0.619531 0.647685 0.624219 0.653704 0.628385 0.661574 0.631510 0.666667 0.631771 0.670370 0.631250 0.672222 0.627344 0.672222 0.623437 0.665741 0.613281 0.661574 0.611458 0.657407 0.610677 0.652315 0.610938
0 0.718981 0.610417 0.717130 0.612240 0.715278 0.617708 0.715741 0.622656 0.718519 0.625781 0.721296 0.627083 0.729630 0.628125 0.739352 0.627865 0.742593 0.627083 0.745833 0.623698 0.746296 0.618229 0.745370 0.615365 0.739352 0.609635 0.737037 0.608594 0.731019 0.608073
0 0.767130 0.602865 0.765278 0.604688 0.762500 0.610677 0.754630 0.615365 0.760648 0.619010 0.769907 0.619531 0.774074 0.617969 0.776389 0.615104 0.778241 0.607292 0.774537 0.603646
0 0.846759 0.592187 0.844444 0.594792 0.845370 0.597656 0.847685 0.599740 0.857407 0.605469 0.861574 0.606250 0.866667 0.606250 0.869444 0.605729 0.871759 0.604427 0.875926 0.600000 0.875000 0.596354 0.872685 0.594271 0.864352 0.591667 0.856944 0.591406 0.848148 0.591667
0 0.856944 0.876042 0.853704 0.879167 0.853241 0.882552 0.853704 0.884896 0.857407 0.888802 0.865278 0.892448 0.872222 0.893229 0.876852 0.892188 0.879630 0.890104 0.881481 0.885156 0.880556 0.880990 0.877315 0.877083 0.871759 0.875000 0.862963 0.874740
0 0.752778 0.873698 0.747222 0.876823 0.745370 0.884635 0.748148 0.889062 0.751852 0.891667 0.758333 0.893229 0.774074 0.893229 0.783796 0.889323 0.785185 0.885677 0.784722 0.880469 0.782407 0.876563 0.779167 0.874479 0.774537 0.872917 0.769444 0.872135 0.760185 0.872135
0 0.767130 0.845313 0.759259 0.853125 0.760185 0.855990 0.761574 0.857552 0.764815 0.858333 0.769907 0.861458 0.774074 0.863021 0.781944 0.864062 0.785185 0.862500 0.789815 0.857031 0.790278 0.852865 0.786574 0.848437 0.781019 0.846094 0.775000 0.845313
0 0.762037 0.828646 0.760185 0.828385 0.755093 0.829167 0.745370 0.832292 0.740278 0.835156 0.737037 0.838281 0.735648 0.840885 0.735648 0.846354 0.739815 0.850521 0.745833 0.853125 0.753704 0.853385 0.759722 0.852344 0.766667 0.846094 0.768519 0.838542 0.768056 0.833333 0.766204 0.830208
0 0.732407 0.847135 0.727778 0.849479 0.723611 0.853125 0.722685 0.857812 0.725463 0.860156 0.732870 0.860938 0.738889 0.862240 0.746759 0.862240 0.748148 0.861458 0.749074 0.858854 0.748611 0.853646 0.743519 0.851562 0.737500 0.847656
0 0.739815 0.884635 0.732870 0.886198 0.725000 0.890365 0.720370 0.896094 0.721759 0.900521 0.725000 0.903646 0.731944 0.906510 0.740278 0.906771 0.743519 0.906250 0.749074 0.903906 0.751389 0.901042 0.752315 0.897396 0.751852 0.892448 0.746759 0.886719 0.744907 0.885677
0 0.686111 0.887760 0.683333 0.890104 0.680556 0.896354 0.683333 0.901563 0.685648 0.903125 0.693056 0.904427 0.700000 0.904687 0.707407 0.903646 0.713426 0.901042 0.714352 0.900000 0.714352 0.896094 0.710185 0.892188 0.705093 0.889844 0.696759 0.887240 0.690278 0.886719
0 0.725926 0.865885 0.720370 0.867969 0.710648 0.869792 0.703704 0.872917 0.700926 0.876563 0.695370 0.880729 0.699537 0.884635 0.703704 0.885938 0.720370 0.885417 0.732870 0.882552 0.734722 0.879687 0.735185 0.876302 0.732870 0.872656
0 0.711111 0.850781 0.704630 0.851562 0.698148 0.856771 0.694907 0.860677 0.694907 0.861979 0.696759 0.864062 0.700463 0.866146 0.705556 0.867708 0.712500 0.868750 0.719907 0.867969 0.725000 0.866667 0.726389 0.865885 0.726389 0.861979 0.717130 0.853385
0 0.685185 0.829948 0.682407 0.831250 0.680093 0.833594 0.681481 0.840104 0.683796 0.842708 0.686574 0.844271 0.690278 0.845313 0.698148 0.846094 0.701852 0.843750 0.704630 0.838542 0.703704 0.833854 0.700000 0.830990 0.695370 0.829427 0.690741 0.828906
0 0.704630 0.816146 0.698611 0.819010 0.696759 0.820833 0.695370 0.825000 0.696296 0.828906 0.698148 0.830208 0.704630 0.832031 0.712963 0.832031 0.719907 0.831250 0.722222 0.830208 0.724074 0.827344 0.724074 0.824740 0.722222 0.821354 0.719907 0.819792 0.712963 0.817448
0 0.706481 0.798698 0.702778 0.804167 0.701852 0.810937 0.704167 0.813802 0.707870 0.815885 0.714352 0.817448 0.719907 0.817969 0.732870 0.816927 0.738426 0.814323 0.740278 0.810677 0.739352 0.808333 0.734722 0.803385 0.728241 0.799219 0.718981 0.796875 0.711574 0.797135
0 0.746296 0.782552 0.738426 0.784375 0.732870 0.786979 0.731481 0.791146 0.732407 0.795052 0.734722 0.797396 0.743981 0.801562 0.749537 0.802083 0.753704 0.801562 0.759259 0.799219 0.767593 0.797917 0.770833 0.794792 0.771759 0.790625 0.769907 0.788542 0.764352 0.785937
0 0.730556 0.764844 0.726852 0.766667 0.722685 0.771354 0.723148 0.774740 0.725463 0.778125 0.730556 0.780208 0.744444 0.782292 0.749537 0.781771 0.751389 0.780469 0.753241 0.775521 0.753241 0.770573 0.750926 0.767188 0.746759 0.764844 0.740741 0.763542
0 0.754630 0.751823 0.751852 0.755208 0.752315 0.757552 0.755556 0.763802 0.757407 0.765885 0.762037 0.768490 0.767593 0.769531 0.774074 0.767969 0.782870 0.767708 0.786111 0.766406 0.787037 0.764844 0.786111 0.759896 0.783796 0.755729 0.779630 0.751823 0.775000 0.750000 0.768056 0.748958 0.760185 0.750000
0 0.810185 0.771094 0.815278 0.777865 0.822685 0.782031 0.838889 0.782552 0.843056 0.782031 0.851389 0.779167 0.852315 0.775260 0.849074 0.769531 0.832870 0.764062 0.828241 0.763542 0.818519 0.764844 0.815278 0.766406
0 0.857870 0.745573 0.849537 0.744792 0.846296 0.745833 0.840278 0.749219 0.835648 0.755469 0.835648 0.759896 0.836574 0.760677 0.851852 0.761198 0.859722 0.759896 0.864352 0.757552 0.866204 0.755990 0.866204 0.751563
0 0.870833 0.733333 0.867593 0.734115 0.864815 0.735938 0.865278 0.740625 0.869444 0.746615 0.871759 0.748437 0.873611 0.753385 0.878704 0.754427 0.884722 0.750781 0.892593 0.749479 0.895370 0.746094 0.895833 0.743750 0.890278 0.740625 0.888889 0.736458 0.885185 0.733854 0.880093 0.733073
0 0.906019 0.703385 0.893056 0.705729 0.885185 0.708594 0.884259 0.713802 0.885648 0.716927 0.892593 0.720833 0.902778 0.724740 0.907407 0.725521 0.911111 0.724740 0.918056 0.720313 0.919444 0.718229 0.919444 0.715885 0.916667 0.711458 0.910185 0.705729
0 0.881481 0.692708 0.881481 0.697135 0.883333 0.700260 0.887037 0.703125 0.891204 0.704427 0.901389 0.704167 0.907407 0.703385 0.912500 0.701823 0.919907 0.697396 0.918056 0.693490 0.915278 0.691927 0.910648 0.690365 0.903704 0.689063 0.892593 0.688021 0.885185 0.689063
0 0.889815 0.665104 0.885185 0.669531 0.885185 0.674479 0.887963 0.678385 0.891667 0.681250 0.899537 0.681250 0.913426 0.679427 0.915278 0.677865 0.916204 0.674219 0.915278 0.669792 0.913889 0.667969 0.909722 0.665625 0.900926 0.663802 0.894907 0.664062
0 0.876389 0.648177 0.874537 0.650260 0.874537 0.654427 0.879167 0.659896 0.883333 0.661719 0.887500 0.662240 0.899074 0.661198 0.904167 0.659896 0.907870 0.658073 0.910185 0.654687 0.909259 0.650000 0.906481 0.647135 0.899537 0.644531 0.883796 0.644792
0 0.885185 0.621615 0.877778 0.624219 0.875000 0.626563 0.871296 0.634635 0.872222 0.637760 0.874074 0.640365 0.880093 0.642969 0.884259 0.644010 0.894444 0.644010 0.899537 0.642448 0.902778 0.639844 0.905093 0.634635 0.904630 0.629427 0.901852 0.625781 0.893519 0.621875
0 0.879630 0.601302 0.875926 0.603906 0.874537 0.607552 0.877778 0.611458 0.885185 0.617188 0.892130 0.620313 0.899537 0.620313 0.905556 0.618229 0.909722 0.615625 0.912037 0.611458 0.910185 0.607552 0.907870 0.605729 0.899074 0.601823 0.893056 0.600521 0.883333 0.600521
0 0.873148 0.576823 0.869444 0.579427 0.870833 0.584375 0.874074 0.588021 0.880093 0.592448 0.884259 0.594531 0.891204 0.595833 0.899537 0.594531 0.904167 0.591927 0.906944 0.588281 0.906019 0.583854 0.903241 0.580990 0.898611 0.578385 0.892130 0.577344 0.886111 0.575000 0.881481 0.575260
0 0.861574 0.606510 0.857407 0.607292 0.850463 0.610156 0.849074 0.612500 0.849074 0.615625 0.855556 0.620313 0.865278 0.621354 0.868056 0.620833 0.871759 0.618490 0.874537 0.614844 0.875463 0.611198 0.873611 0.608333 0.871296 0.607031
0 0.850463 0.620833 0.845833 0.623177 0.843519 0.631510 0.845833 0.634115 0.851852 0.637760 0.856481 0.639323 0.858333 0.639323 0.869444 0.634635 0.872685 0.631250 0.874537 0.626563 0.873148 0.625000 0.865741 0.621615 0.858333 0.620573
0 0.850926 0.640625 0.846759 0.642708 0.844444 0.646615 0.846759 0.650260 0.850463 0.652344 0.857407 0.654427 0.864815 0.653906 0.866667 0.651042 0.867130 0.648177 0.865741 0.642448 0.858333 0.639844
0 0.807407 0.623177 0.806944 0.627604 0.808333 0.629948 0.814815 0.634375 0.822222 0.637240 0.831019 0.638021 0.833796 0.637240 0.839815 0.633854 0.841204 0.630990 0.838889 0.626302 0.835648 0.624479 0.818519 0.621875 0.814815 0.621875
0 0.776389 0.614583 0.775000 0.615625 0.774074 0.618750 0.774074 0.624219 0.775463 0.627865 0.779167 0.632031 0.781481 0.633333 0.788426 0.634635 0.795370 0.634115 0.803704 0.630990 0.806019 0.628125 0.805556 0.623177 0.797222 0.616406 0.794444 0.614844 0.788889 0.613802 0.779630 0.613802
0 0.746759 0.635417 0.743981 0.638542 0.743519 0.641667 0.744444 0.645573 0.746296 0.647917 0.752778 0.649219 0.761111 0.649219 0.764352 0.648438 0.766667 0.646875 0.769444 0.642969 0.770370 0.638542 0.765741 0.635677 0.762500 0.634635 0.751852 0.634375
0 0.822222 0.661979 0.819907 0.666146 0.822685 0.670312 0.825000 0.671615 0.829167 0.672917 0.837963 0.673177 0.844444 0.671094 0.845833 0.668750 0.845833 0.665104 0.842130 0.661719 0.836574 0.659896 0.829167 0.659635
0 0.839815 0.682552 0.836111 0.684115 0.832407 0.689063 0.832407 0.694010 0.838426 0.702083 0.840741 0.703646 0.850000 0.706771 0.857870 0.707552 0.862963 0.706510 0.869444 0.703125 0.872222 0.697656 0.871759 0.692187 0.869907 0.688802 0.863889 0.684896 0.857870 0.682552 0.851852 0.681771 0.843519 0.681771
0 0.819444 0.707552 0.814815 0.711458 0.815278 0.716146 0.818519 0.720573 0.823148 0.723698 0.836574 0.728385 0.843981 0.729167 0.847685 0.725260 0.848611 0.720052 0.843519 0.711719 0.838426 0.707812 0.832407 0.705990 0.826389 0.705990
0 0.809722 0.688021 0.803241 0.688281 0.797685 0.690104 0.791667 0.693490 0.789815 0.696354 0.790278 0.699479 0.793519 0.703385 0.796759 0.704948 0.803241 0.706510 0.809722 0.706510 0.815278 0.703906 0.818981 0.697396 0.818056 0.693229 0.816204 0.690885 0.812037 0.688542
0 0.800463 0.675521 0.794907 0.677344 0.794907 0.682292 0.797685 0.683854 0.800000 0.686719 0.802778 0.688021 0.809259 0.688542 0.814352 0.687240 0.823148 0.681771 0.823611 0.677604 0.816667 0.675260 0.808796 0.674740
0 0.758333 0.676562 0.754167 0.675521 0.747222 0.676042 0.743519 0.677604 0.740278 0.681510 0.736574 0.688542 0.737963 0.693490 0.745833 0.694792 0.752778 0.694271 0.765278 0.689583 0.768519 0.685937 0.768056 0.682813 0.765741 0.680208
0 0.730093 0.657552 0.730093 0.662240 0.735648 0.666927 0.739815 0.668490 0.745370 0.669531 0.753704 0.669010 0.756944 0.666406 0.759259 0.662500 0.758796 0.657813 0.756019 0.655469 0.750926 0.653906 0.744907 0.653385 0.738889 0.654167
0 0.698611 0.640104 0.693519 0.642708 0.690278 0.646094 0.690741 0.649740 0.693056 0.652604 0.704630 0.657031 0.718519 0.658333 0.722222 0.657292 0.725000 0.655469 0.726852 0.652083 0.726852 0.649479 0.724537 0.646354 0.710185 0.639583 0.703704 0.638802
0 0.662963 0.632812 0.659722 0.634375 0.656944 0.638542 0.658796 0.647396 0.662963 0.651302 0.668056 0.653385 0.677778 0.653646 0.681481 0.652604 0.687037 0.648438 0.687963 0.646094 0.686574 0.642708 0.677315 0.634635 0.670370 0.633073
0 0.641667 0.628385 0.636574 0.629167 0.630093 0.631250 0.627315 0.633333 0.626852 0.635677 0.628704 0.639323 0.632870 0.642448 0.637963 0.644271 0.643981 0.644792 0.649537 0.643750 0.652315 0.642448 0.655556 0.639323 0.655556 0.638021 0.647685 0.630469 0.645370 0.629167
0 0.607407 0.620573 0.605093 0.621615 0.598148 0.628906 0.596296 0.633594 0.596296 0.636719 0.597222 0.638542 0.601852 0.640625 0.605093 0.641146 0.614815 0.641146 0.618519 0.640104 0.620370 0.638802 0.626389 0.630729 0.623611 0.627083 0.614815 0.621875
0 0.580093 0.638281 0.576389 0.640104 0.573611 0.646615 0.575463 0.650260 0.579630 0.654167 0.583333 0.656250 0.593981 0.658333 0.600463 0.654427 0.602315 0.651563 0.602778 0.646615 0.601852 0.642188 0.599537 0.639844 0.593981 0.638021 0.584722 0.637760
0 0.634722 0.643750 0.628704 0.641927 0.624074 0.641927 0.617130 0.642969 0.611574 0.644792 0.606019 0.650260 0.604630 0.654167 0.608796 0.658333 0.613889 0.659896 0.622222 0.659896 0.632870 0.657292 0.636111 0.655469 0.638889 0.651302 0.638426 0.647135
0 0.675463 0.661719 0.670370 0.658594 0.663426 0.656771 0.649537 0.657552 0.642130 0.659635 0.637963 0.661719 0.638426 0.666146 0.644444 0.670573 0.647685 0.671875 0.655556 0.673177 0.664815 0.673177 0.669444 0.672135 0.673611 0.670052 0.676852 0.666146
0 0.681481 0.663542 0.678704 0.665625 0.679167 0.670312 0.683796 0.673438 0.690741 0.675781 0.698148 0.676042 0.700463 0.675260 0.710185 0.666667 0.710185 0.664583 0.708796 0.662500 0.704630 0.661458 0.690278 0.661458
0 0.713426 0.675260 0.709722 0.678906 0.708333 0.682031 0.712037 0.687240 0.715741 0.689844 0.720370 0.690365 0.728704 0.689583 0.733796 0.688281 0.737037 0.686458 0.738889 0.681510 0.736111 0.678125 0.732870 0.675781 0.727778 0.674479 0.719907 0.673958
0 0.688426 0.676562 0.685185 0.678385 0.683333 0.681510 0.683796 0.686198 0.688426 0.692969 0.692130 0.695312 0.696759 0.696615 0.705556 0.696875 0.708796 0.696094 0.714815 0.689323 0.712037 0.687500 0.708333 0.682292 0.706019 0.680208 0.701852 0.678385 0.692130 0.676302
0 0.716204 0.697656 0.709259 0.696615 0.695370 0.696615 0.690741 0.697396 0.688889 0.699740 0.689815 0.704427 0.693981 0.708854 0.697222 0.710677 0.701389 0.710417 0.707407 0.708594 0.715741 0.704167 0.717593 0.701562
0 0.720370 0.704688 0.718981 0.707552 0.716667 0.709375 0.719444 0.713542 0.726389 0.716927 0.731944 0.717969 0.746759 0.717708 0.748611 0.716667 0.751389 0.713021 0.751389 0.708073 0.748611 0.704427 0.746296 0.703125 0.740741 0.702083 0.731944 0.702344 0.721759 0.703906
0 0.748148 0.722917 0.743519 0.725521 0.741667 0.727865 0.741204 0.732552 0.743056 0.735677 0.746759 0.737760 0.753241 0.739062 0.761574 0.739062 0.765278 0.738281 0.773611 0.733073 0.774537 0.728385 0.767593 0.725000 0.760185 0.722656 0.752315 0.722135
0 0.710648 0.730469 0.700463 0.733333 0.698148 0.735677 0.698611 0.740625 0.704630 0.748177 0.713889 0.752083 0.719444 0.752865 0.725000 0.751302 0.729630 0.748177 0.730556 0.742708 0.728704 0.736198 0.725926 0.732812 0.722685 0.731250 0.718981 0.730469
0 0.690278 0.725521 0.684722 0.724740 0.676852 0.725781 0.674074 0.728385 0.672685 0.735938 0.673148 0.740625 0.676389 0.743229 0.684259 0.742188 0.691667 0.739062 0.695370 0.735938 0.697222 0.732552 0.695370 0.728646
0 0.655556 0.714844 0.648148 0.716667 0.638889 0.720833 0.637037 0.723437 0.637037 0.726302 0.639352 0.730208 0.643519 0.732552 0.649074 0.734375 0.657407 0.734896 0.662500 0.733854 0.665278 0.731510 0.666667 0.728385 0.666667 0.723177 0.662037 0.716146 0.659722 0.715104
0 0.607407 0.737500 0.600926 0.738542 0.597685 0.740104 0.594907 0.743229 0.594907 0.746615 0.598148 0.751302 0.603241 0.754167 0.608796 0.755208 0.614352 0.754427 0.619907 0.752344 0.621759 0.750521 0.622685 0.747656 0.622222 0.743490 0.619907 0.741146 0.615741 0.739062
0 0.614352 0.719792 0.611574 0.720573 0.606481 0.723437 0.600926 0.728385 0.600926 0.732812 0.602315 0.734375 0.606019 0.736198 0.616204 0.737240 0.622222 0.736458 0.627315 0.734635 0.629167 0.732552 0.629167 0.728646 0.626852 0.724479 0.621759 0.720052
0 0.601389 0.705729 0.593056 0.705208 0.587500 0.705990 0.582407 0.708333 0.578704 0.711458 0.575463 0.716667 0.574537 0.721094 0.579630 0.726562 0.583796 0.728646 0.596759 0.728646 0.604630 0.724740 0.606944 0.720833 0.608333 0.712760 0.606944 0.708854
0 0.591667 0.679167 0.586574 0.679948 0.580093 0.682292 0.576389 0.685156 0.576389 0.686719 0.578241 0.691146 0.581944 0.695052 0.587500 0.698438 0.593981 0.699740 0.602315 0.697135 0.605093 0.693750 0.606019 0.689323 0.602778 0.681510 0.598148 0.679688
0 0.592130 0.669271 0.591204 0.671354 0.591667 0.675521 0.594907 0.677865 0.600926 0.680208 0.607407 0.680990 0.615278 0.680990 0.620370 0.679427 0.621296 0.678125 0.620370 0.673958 0.615741 0.669531 0.611574 0.667188 0.608796 0.666406 0.599537 0.666406
0 0.583333 0.665104 0.580093 0.664062 0.574074 0.664583 0.570370 0.665885 0.565741 0.668750 0.563426 0.672396 0.563889 0.676042 0.565741 0.678385 0.580556 0.679688 0.589815 0.677344 0.591204 0.674479 0.590741 0.672656
0 0.687037 0.796354 0.682407 0.796354 0.678704 0.797135 0.675000 0.799219 0.673148 0.802604 0.677778 0.811458 0.678241 0.815104 0.680093 0.816406 0.683796 0.816927 0.694907 0.815365 0.700463 0.811719 0.701852 0.807292 0.701852 0.803906 0.700463 0.801042 0.693519 0.797396
0 0.670370 0.786458 0.663889 0.784896 0.655093 0.784896 0.648148 0.787240 0.642130 0.791927 0.641204 0.798958 0.644907 0.802865 0.648611 0.803906 0.659259 0.803646 0.665278 0.802344 0.673611 0.799740 0.675926 0.798438 0.678241 0.795312 0.676852 0.791146
0 0.618056 0.775521 0.617593 0.779427 0.625926 0.786979 0.632870 0.789583 0.643056 0.790104 0.650000 0.786198 0.656019 0.784635 0.658333 0.783333 0.657407 0.778646 0.655093 0.776563 0.650000 0.774219 0.642130 0.772135 0.634259 0.771615 0.625926 0.772917
0 0.608333 0.768750 0.600463 0.768490 0.593519 0.769531 0.586574 0.772135 0.581944 0.774740 0.579167 0.778646 0.580093 0.783073 0.587037 0.788021 0.592130 0.789323 0.600926 0.789062 0.609259 0.784375 0.613889 0.779687 0.616204 0.775260 0.614352 0.771354
0 0.558333 0.765104 0.551852 0.767708 0.549537 0.771094 0.551852 0.778125 0.556944 0.782552 0.565741 0.786719 0.573148 0.787760 0.575463 0.784896 0.578241 0.783333 0.578704 0.775000 0.576389 0.768750 0.575000 0.767188 0.570370 0.765104 0.567593 0.764583
0 0.536574 0.772656 0.531944 0.774219 0.525000 0.779427 0.525000 0.783854 0.534722 0.790885 0.544907 0.792969 0.551389 0.792708 0.554167 0.789323 0.556481 0.782813 0.552315 0.778125 0.550463 0.774219 0.549074 0.773177 0.545833 0.772396
0 0.537963 0.739583 0.532407 0.741406 0.526852 0.744271 0.525000 0.747656 0.525926 0.751823 0.534722 0.757812 0.542593 0.760156 0.552778 0.761458 0.554630 0.760417 0.557870 0.755729 0.558333 0.751823 0.552778 0.745052 0.547685 0.740885 0.545370 0.739844
0 0.580093 0.741667 0.565741 0.744010 0.562963 0.746354 0.562037 0.752344 0.565741 0.759375 0.573148 0.759635 0.579630 0.758073 0.584722 0.755990 0.585648 0.754427 0.589352 0.752083 0.591204 0.747917 0.588426 0.745052
0 0.559722 0.720052 0.557870 0.720573 0.554630 0.724219 0.554167 0.733594 0.556019 0.738021 0.557870 0.740365 0.565278 0.742969 0.571759 0.742448 0.580093 0.739844 0.581944 0.733073 0.581481 0.727865 0.577315 0.723437 0.573148 0.721094 0.568056 0.720052
0 0.545370 0.718229 0.537500 0.717969 0.528241 0.719531 0.522685 0.721094 0.518981 0.722917 0.516204 0.726042 0.515741 0.728906 0.520370 0.733594 0.527778 0.735677 0.539815 0.736458 0.545370 0.735938 0.550926 0.733333 0.553241 0.729688 0.553241 0.724219 0.550000 0.720833
0 0.503704 0.706250 0.495370 0.707031 0.489815 0.708333 0.486574 0.712240 0.486111 0.717187 0.487963 0.720833 0.492593 0.724479 0.496296 0.726042 0.505556 0.726302 0.508796 0.725781 0.511111 0.724479 0.513889 0.717448 0.512500 0.709115 0.510648 0.708073
0 0.577778 0.693229 0.566204 0.691406 0.555556 0.692969 0.550463 0.696615 0.548611 0.701042 0.550463 0.705208 0.551852 0.706250 0.558796 0.709115 0.568056 0.709375 0.575000 0.708333 0.583796 0.705208 0.585648 0.701042 0.579630 0.697396
0 0.513889 0.687760 0.510185 0.692448 0.510185 0.694531 0.512037 0.697396 0.516667 0.700000 0.531019 0.704167 0.536111 0.703646 0.545370 0.700781 0.547685 0.697656 0.547222 0.693229 0.543981 0.690365 0.535648 0.685937 0.531481 0.684635 0.523611 0.684635 0.518981 0.685677
0 0.554167 0.666146 0.549537 0.665885 0.543519 0.666406 0.539352 0.667708 0.537037 0.669531 0.534722 0.673438 0.534259 0.678906 0.536574 0.682552 0.539352 0.683854 0.546759 0.684635 0.553704 0.684635 0.557870 0.683594 0.561574 0.680729 0.562963 0.678385 0.562037 0.670573 0.560648 0.669010
0 0.567593 0.646354 0.557407 0.646875 0.547685 0.651563 0.544444 0.654948 0.543519 0.658854 0.544907 0.660677 0.549074 0.663281 0.554630 0.664844 0.560648 0.665365 0.567130 0.664583 0.571296 0.662760 0.576852 0.658073 0.578704 0.654167 0.573148 0.647917
0 0.552778 0.628385 0.550000 0.630729 0.550000 0.634896 0.554167 0.642708 0.556019 0.644531 0.558796 0.645833 0.573148 0.644271 0.575000 0.642188 0.575463 0.638281 0.568519 0.631250 0.564815 0.629167 0.559259 0.627604
0 0.537500 0.628906 0.526852 0.636198 0.524537 0.642188 0.524074 0.646875 0.527315 0.649740 0.531481 0.650781 0.545370 0.651302 0.550000 0.649219 0.551852 0.646875 0.552778 0.643750 0.552315 0.639323 0.550000 0.634635 0.546296 0.631250 0.541204 0.629427
0 0.509722 0.629167 0.500000 0.634635 0.498611 0.637240 0.499537 0.640625 0.502315 0.642188 0.510185 0.643750 0.519907 0.643750 0.523148 0.643229 0.525926 0.640625 0.528704 0.635156 0.526852 0.631771 0.525463 0.630729 0.518056 0.628646
0 0.460185 0.630208 0.450926 0.631771 0.446759 0.633073 0.444907 0.634375 0.444444 0.638802 0.446296 0.642969 0.450000 0.646354 0.455556 0.649219 0.459722 0.650000 0.464352 0.650000 0.468519 0.649219 0.473148 0.646615 0.477315 0.642708 0.479167 0.638542 0.472222 0.634375 0.463426 0.630469
0 0.426389 0.631250 0.423148 0.632292 0.419444 0.634635 0.416667 0.639583 0.416667 0.643490 0.418056 0.647135 0.419907 0.648958 0.427778 0.650521 0.434259 0.650000 0.438889 0.648698 0.443056 0.646354 0.444444 0.641927 0.443056 0.638542 0.438889 0.633854 0.434722 0.631771
0 0.415741 0.631771 0.406944 0.629427 0.399074 0.628906 0.396296 0.629687 0.393519 0.631250 0.387500 0.637240 0.386111 0.642708 0.387963 0.644792 0.391204 0.646354 0.395370 0.646875 0.400463 0.646875 0.408333 0.645052 0.416667 0.638542 0.418056 0.634115
0 0.368981 0.641146 0.365278 0.640104 0.357407 0.639583 0.348611 0.640885 0.338889 0.644010 0.335648 0.645833 0.333333 0.648958 0.332870 0.651302 0.334259 0.654427 0.343519 0.657813 0.355093 0.657552 0.364815 0.655729 0.372222 0.651302 0.374074 0.646875 0.371296 0.642448
0 0.382870 0.647135 0.378241 0.647656 0.374074 0.649479 0.372685 0.654167 0.369444 0.658594 0.373148 0.662500 0.385185 0.667188 0.394907 0.665885 0.401389 0.663802 0.403241 0.662240 0.404630 0.658073 0.393056 0.647656
0 0.389815 0.668490 0.387037 0.673698 0.388889 0.677865 0.402315 0.680469 0.413426 0.680469 0.420370 0.678646 0.420370 0.673698 0.406019 0.665104 0.398611 0.664323 0.393981 0.665885
0 0.434259 0.654427 0.426852 0.653906 0.415741 0.655990 0.409259 0.658854 0.407407 0.661458 0.407870 0.665625 0.413889 0.669792 0.420833 0.671615 0.426389 0.670052 0.431481 0.666927 0.437037 0.662240 0.437500 0.657813
0 0.447685 0.660417 0.441204 0.661198 0.435185 0.663802 0.429167 0.669531 0.430556 0.674740 0.437963 0.679167 0.443981 0.680469 0.450463 0.680729 0.455093 0.680208 0.458796 0.677083 0.460185 0.674479 0.460185 0.664844 0.458333 0.661979 0.456481 0.661198
0 0.486574 0.674479 0.485185 0.673698 0.475926 0.671875 0.468056 0.672396 0.463426 0.674479 0.458796 0.677604 0.455556 0.681771 0.453241 0.688802 0.454167 0.690365 0.461574 0.692187 0.468981 0.692448 0.476852 0.688542 0.482870 0.686979 0.484722 0.685937 0.487500 0.682031 0.487963 0.677083
0 0.482407 0.655208 0.474074 0.658073 0.465741 0.661979 0.466667 0.666146 0.475463 0.672135 0.489815 0.674219 0.500000 0.669271 0.501852 0.666667 0.501389 0.661979 0.497222 0.658333 0.493056 0.656510 0.488889 0.655469
0 0.526389 0.651823 0.520833 0.649740 0.515741 0.649219 0.510185 0.649740 0.502778 0.652604 0.500000 0.654687 0.498148 0.658594 0.503704 0.664844 0.507870 0.665885 0.518981 0.666146 0.524537 0.665365 0.529630 0.661719 0.530556 0.659375 0.529630 0.654167
0 0.649537 0.672396 0.640741 0.674740 0.630093 0.681250 0.627778 0.685677 0.629630 0.688802 0.635185 0.691406 0.642593 0.691667 0.649537 0.690365 0.656019 0.688281 0.663426 0.684115 0.664815 0.681510 0.662963 0.678906 0.657870 0.675260
0 0.614352 0.685417 0.610185 0.688542 0.607870 0.692448 0.608796 0.701562 0.614352 0.705729 0.623148 0.705990 0.627778 0.705208 0.631944 0.703906 0.636111 0.701302 0.637037 0.698698 0.636574 0.695052 0.633333 0.691146 0.625463 0.686719 0.621759 0.685417
0 0.898611 0.759635 0.892130 0.763281 0.890278 0.765625 0.889815 0.769271 0.892130 0.773958 0.897222 0.776302 0.905093 0.777865 0.911574 0.777604 0.917130 0.776302 0.925000 0.771615 0.925000 0.766927 0.918519 0.763281 0.906944 0.759635
0 0.829167 0.729167 0.822222 0.729948 0.816667 0.731510 0.813889 0.733594 0.812963 0.736979 0.815741 0.744271 0.818056 0.747135 0.819907 0.748177 0.824074 0.748958 0.831481 0.749479 0.835185 0.748958 0.838889 0.746875 0.840741 0.744271 0.843519 0.735938 0.842130 0.733333 0.839352 0.730990 0.834722 0.729688
0 0.150000 0.635156 0.142593 0.630729 0.133796 0.630990 0.122222 0.634635 0.113889 0.638802 0.111574 0.642708 0.125926 0.645573 0.128704 0.647396 0.131944 0.648177 0.136574 0.648438 0.141667 0.647917 0.145833 0.646094 0.149537 0.642448 0.150463 0.638802
0 0.093519 0.644010 0.088889 0.646615 0.086111 0.650000 0.086574 0.653906 0.088889 0.656510 0.092130 0.658073 0.106944 0.661719 0.114352 0.661198 0.118519 0.659635 0.120833 0.657813 0.121759 0.653385 0.120833 0.650521 0.113889 0.644271 0.108333 0.642708 0.100000 0.642448
0 0.100000 0.671094 0.091204 0.671354 0.080093 0.675260 0.076852 0.677604 0.076852 0.681771 0.079630 0.684115 0.086574 0.687760 0.093519 0.689063 0.099537 0.688281 0.104167 0.686979 0.107407 0.684896 0.108796 0.682552 0.108333 0.678646 0.106019 0.674219
0 0.144444 0.668750 0.141667 0.668490 0.138426 0.669010 0.128241 0.671875 0.125463 0.673438 0.120833 0.677865 0.119907 0.682552 0.121296 0.684896 0.125000 0.687240 0.128704 0.688542 0.135648 0.689323 0.142130 0.688281 0.146296 0.686458 0.148148 0.684375 0.150926 0.678125 0.150926 0.673698 0.147685 0.670052
0 0.143981 0.648438 0.134259 0.648438 0.131481 0.648958 0.128241 0.650521 0.125463 0.653385 0.124074 0.658854 0.125926 0.662500 0.128241 0.664844 0.135185 0.667969 0.138889 0.667188 0.145370 0.664323 0.151389 0.656771 0.151852 0.653125 0.150926 0.651302 0.147222 0.649219
0 0.162500 0.629948 0.157870 0.632031 0.153241 0.635417 0.149537 0.642188 0.145833 0.646615 0.147685 0.648958 0.150463 0.650521 0.163426 0.651823 0.170833 0.648958 0.175463 0.642708 0.175000 0.638021 0.172222 0.634115 0.163889 0.629948
0 0.191667 0.626042 0.183333 0.627083 0.179630 0.628385 0.176852 0.630729 0.175000 0.634635 0.177315 0.641927 0.183796 0.646615 0.191667 0.646875 0.193981 0.646094 0.196759 0.644010 0.198148 0.641146 0.200926 0.630469 0.197685 0.627344
0 0.228704 0.643750 0.218981 0.641667 0.211574 0.641927 0.200463 0.644531 0.195833 0.646615 0.193981 0.648177 0.193519 0.651042 0.194907 0.654687 0.199074 0.658333 0.204167 0.660677 0.210648 0.660417 0.223148 0.655729 0.228241 0.652865 0.230556 0.650521 0.231019 0.645833
0 0.260648 0.639062 0.252778 0.638802 0.246296 0.639062 0.243056 0.640104 0.240741 0.641667 0.239352 0.646875 0.240741 0.648698 0.243981 0.650260 0.250926 0.651042 0.256019 0.650781 0.262963 0.648698 0.265741 0.646615 0.266204 0.642448
0 0.234722 0.653906 0.236111 0.658333 0.238426 0.660156 0.249074 0.664323 0.254630 0.665365 0.258796 0.664323 0.262500 0.662240 0.264352 0.658594 0.262963 0.652865 0.260648 0.651302 0.245833 0.651042 0.239815 0.651823
0 0.225463 0.662240 0.219444 0.665885 0.217593 0.669531 0.220370 0.675521 0.227778 0.680208 0.231944 0.681771 0.239352 0.682552 0.246759 0.682292 0.253241 0.678125 0.257407 0.673958 0.256481 0.669531 0.254167 0.666146 0.240278 0.660677 0.231944 0.660677
0 0.213889 0.669792 0.206481 0.669010 0.200926 0.669531 0.197685 0.670312 0.192593 0.673438 0.187963 0.680990 0.188426 0.684635 0.191667 0.686979 0.196759 0.688021 0.209259 0.687240 0.215278 0.685677 0.220833 0.682813 0.222222 0.681510 0.223148 0.677604 0.218056 0.671875
0 0.179167 0.654687 0.169444 0.652865 0.162037 0.654948 0.152778 0.659635 0.146759 0.665625 0.147685 0.669531 0.150000 0.672396 0.156481 0.673698 0.164352 0.671875 0.170370 0.671354 0.175463 0.670052 0.182870 0.666146 0.185185 0.663021 0.184722 0.659375 0.182870 0.656771
0 0.187500 0.688021 0.182407 0.685417 0.177315 0.684115 0.162963 0.684375 0.154167 0.686458 0.151389 0.687760 0.150000 0.689323 0.149074 0.694531 0.150926 0.698177 0.155556 0.701562 0.164815 0.701823 0.178704 0.700260 0.181944 0.699219 0.187963 0.694010 0.188426 0.689063
0 0.124537 0.694010 0.120833 0.695573 0.118981 0.700260 0.121296 0.705990 0.124074 0.708854 0.128241 0.710677 0.131944 0.711198 0.137037 0.711198 0.143981 0.709635 0.146296 0.708073 0.151852 0.701562 0.149074 0.695573 0.144907 0.694010 0.137037 0.692969
0 0.108333 0.688542 0.100000 0.688542 0.088889 0.693229 0.087037 0.696354 0.087500 0.701562 0.089352 0.704167 0.091667 0.705469 0.102315 0.705729 0.106944 0.704948 0.115741 0.701302 0.118056 0.697396 0.116667 0.693229
0 0.120370 0.707812 0.114352 0.707552 0.109722 0.708073 0.106019 0.709375 0.102778 0.711458 0.100463 0.715365 0.100000 0.721094 0.103241 0.723177 0.106944 0.724219 0.115741 0.725000 0.121296 0.723437 0.125000 0.720573 0.127315 0.715365 0.127315 0.711198 0.125000 0.709115
0 0.084259 0.723958 0.077778 0.728385 0.077315 0.732552 0.079630 0.734635 0.093519 0.739062 0.100463 0.740365 0.107870 0.740104 0.112963 0.736719 0.112963 0.732292 0.109259 0.726562 0.103241 0.723177 0.098148 0.721875 0.091667 0.721875
0 0.138889 0.720573 0.135648 0.719792 0.128704 0.720052 0.123148 0.721615 0.118981 0.724479 0.121296 0.729167 0.128241 0.731771 0.135648 0.731510 0.142130 0.727344 0.143519 0.725521 0.143519 0.723958 0.142130 0.722396
0 0.135648 0.732031 0.128241 0.732031 0.113889 0.736979 0.109259 0.739844 0.110648 0.744271 0.120833 0.747917 0.129167 0.746875 0.139352 0.744271 0.143056 0.741406 0.143519 0.739323 0.141667 0.735938
0 0.182407 0.739844 0.176852 0.736198 0.170370 0.734635 0.156019 0.736198 0.147222 0.740885 0.143981 0.744271 0.147685 0.748958 0.149074 0.749479 0.171296 0.750781 0.177778 0.749740 0.181019 0.747917 0.182870 0.744271
0 0.155093 0.719010 0.150463 0.720573 0.147685 0.724219 0.147222 0.728646 0.151389 0.734896 0.156019 0.736198 0.163889 0.735677 0.168981 0.733854 0.174537 0.728646 0.172685 0.724740 0.165741 0.720573
0 0.151852 0.703125 0.150000 0.703906 0.146759 0.708854 0.150000 0.713802 0.156019 0.718229 0.162500 0.719531 0.167130 0.719010 0.169444 0.717969 0.171759 0.713802 0.172685 0.708594 0.170833 0.704688 0.168519 0.703125 0.164352 0.702083
0 0.190741 0.690104 0.187963 0.693229 0.188426 0.697396 0.193056 0.702604 0.196296 0.708073 0.200000 0.710156 0.204167 0.711458 0.212037 0.711198 0.214815 0.709115 0.215278 0.707031 0.217130 0.705208 0.216667 0.701042 0.212037 0.694792 0.209722 0.693229 0.205556 0.692448 0.198148 0.689583
0 0.176389 0.707031 0.174537 0.708333 0.170370 0.717708 0.167593 0.720833 0.176852 0.726562 0.181481 0.726042 0.192593 0.726562 0.195833 0.725781 0.203241 0.720833 0.203704 0.716406 0.201852 0.713802 0.184259 0.706771
0 0.204630 0.721094 0.199537 0.724219 0.199074 0.728906 0.206481 0.737240 0.208796 0.738281 0.219907 0.739323 0.223611 0.738281 0.228241 0.735417 0.232407 0.730208 0.232870 0.727865 0.231019 0.725260 0.226389 0.722917 0.219907 0.722396 0.212037 0.720833
0 0.179630 0.726562 0.177778 0.728125 0.176389 0.732031 0.177778 0.736458 0.190741 0.743490 0.198148 0.743490 0.199537 0.741927 0.203241 0.740365 0.206944 0.736458 0.201852 0.731250 0.192130 0.726302 0.182870 0.725781
0 0.239815 0.705469 0.235648 0.704948 0.225000 0.705208 0.219907 0.706510 0.217593 0.708073 0.214815 0.713281 0.217593 0.716667 0.218056 0.719010 0.221296 0.721615 0.224074 0.722396 0.232870 0.722135 0.239352 0.719010 0.242593 0.712500 0.242593 0.708594
0 0.240278 0.682813 0.234259 0.682031 0.228241 0.682552 0.224537 0.683594 0.216667 0.687500 0.213426 0.694010 0.217593 0.699740 0.222222 0.701823 0.227315 0.702344 0.234259 0.700781 0.238426 0.698698 0.243981 0.694271 0.245370 0.691406 0.244907 0.686458 0.242593 0.683594
0 0.266667 0.679167 0.259722 0.678646 0.254630 0.679688 0.253241 0.681250 0.249074 0.682813 0.246296 0.685156 0.246296 0.689844 0.253241 0.697656 0.261111 0.697656 0.268056 0.690885 0.270833 0.689583 0.270833 0.683333 0.268981 0.680208
0 0.281019 0.670312 0.272685 0.673958 0.270833 0.677344 0.271296 0.682031 0.274537 0.685156 0.275463 0.687760 0.277315 0.688802 0.287963 0.690365 0.294907 0.689323 0.299074 0.687500 0.302778 0.684115 0.303704 0.682552 0.303704 0.677083 0.300463 0.673958 0.295370 0.671354 0.289815 0.670573
0 0.281019 0.662500 0.275463 0.661458 0.267130 0.660937 0.260648 0.663281 0.256019 0.665885 0.256481 0.671094 0.257870 0.673177 0.259722 0.674219 0.268056 0.675000 0.283333 0.670052 0.283796 0.665625
0 0.267593 0.648177 0.265278 0.650521 0.263889 0.653906 0.264815 0.657813 0.267593 0.660156 0.275926 0.661719 0.282407 0.661979 0.295370 0.660937 0.301852 0.658333 0.302315 0.654167 0.299537 0.650781 0.295370 0.647917 0.288426 0.645312 0.282407 0.644531 0.275926 0.645052 0.271296 0.646094
0 0.264815 0.629687 0.262500 0.633333 0.262037 0.637500 0.262500 0.639323 0.267130 0.643750 0.275000 0.644271 0.288889 0.641667 0.293519 0.639062 0.294907 0.634635 0.291204 0.631771 0.283796 0.629687 0.275926 0.628646 0.266667 0.628646
0 0.307870 0.638021 0.304167 0.639844 0.302778 0.641927 0.302778 0.646615 0.306481 0.654687 0.309259 0.656771 0.317130 0.657031 0.322222 0.656250 0.330093 0.652344 0.332870 0.646615 0.332407 0.645573 0.325926 0.640365 0.317130 0.638021
0 0.328241 0.655208 0.323611 0.656250 0.320833 0.658333 0.319907 0.665885 0.321296 0.668229 0.329630 0.674740 0.333333 0.676042 0.337037 0.676302 0.342130 0.674479 0.345833 0.673958 0.350926 0.671094 0.352778 0.667708 0.352315 0.663542 0.350463 0.661458 0.337037 0.655208
0 0.357407 0.659635 0.354167 0.661979 0.353241 0.670312 0.356019 0.673177 0.366204 0.678906 0.372685 0.679688 0.378241 0.678646 0.381019 0.677344 0.384722 0.673958 0.386111 0.669792 0.381944 0.665885 0.369444 0.660937 0.364815 0.659635
0 0.384722 0.676302 0.375463 0.679427 0.371759 0.685417 0.371296 0.689844 0.373611 0.692708 0.376852 0.694271 0.384722 0.695833 0.392593 0.696615 0.400000 0.694792 0.401852 0.693750 0.406019 0.689583 0.406019 0.685677 0.400463 0.680990
0 0.447685 0.689323 0.441204 0.684896 0.436111 0.683073 0.427315 0.681771 0.417593 0.682292 0.412500 0.683333 0.409722 0.685156 0.408333 0.689063 0.408796 0.693750 0.410648 0.695833 0.415741 0.698698 0.426852 0.698698 0.434259 0.696615 0.440741 0.691927
0 0.456019 0.691667 0.448611 0.690625 0.440741 0.691406 0.437500 0.693490 0.434722 0.697135 0.434722 0.701302 0.439352 0.707031 0.441204 0.708073 0.448611 0.708333 0.457870 0.704688 0.460648 0.702865 0.463889 0.697135 0.460185 0.693490
0 0.481944 0.687240 0.475926 0.688802 0.470833 0.691406 0.468981 0.693229 0.467593 0.697656 0.469444 0.701302 0.472685 0.703385 0.481944 0.705729 0.490278 0.706510 0.497685 0.704948 0.500463 0.703646 0.501852 0.701823 0.500926 0.697656 0.496759 0.692187 0.491204 0.689063
0 0.497685 0.670833 0.492593 0.673698 0.491667 0.676302 0.492130 0.680469 0.496296 0.687500 0.503704 0.688542 0.511574 0.684375 0.513426 0.682552 0.516204 0.677865 0.514352 0.672917 0.511111 0.671354
0 0.317130 0.660677 0.310185 0.659115 0.301389 0.659375 0.294444 0.662240 0.293519 0.664323 0.293519 0.670052 0.298148 0.672917 0.301852 0.673958 0.308796 0.673698 0.313426 0.672396 0.318519 0.669792 0.319444 0.667969 0.318981 0.661719
0 0.315741 0.670833 0.307870 0.673958 0.306019 0.675521 0.304630 0.680208 0.305093 0.684375 0.307870 0.686719 0.313426 0.688021 0.324074 0.687760 0.330093 0.685677 0.332407 0.677604 0.328704 0.673438 0.323611 0.671094
0 0.338889 0.675521 0.333796 0.678125 0.331944 0.680990 0.331019 0.685677 0.333796 0.688802 0.350463 0.695312 0.362037 0.693490 0.364352 0.690885 0.365741 0.686979 0.364352 0.680990 0.362037 0.677865 0.356944 0.675260 0.352778 0.674219 0.342593 0.674479
0 0.308796 0.688021 0.299537 0.692708 0.295833 0.697396 0.298148 0.705208 0.302778 0.707812 0.309259 0.709635 0.317593 0.707812 0.321296 0.705729 0.323148 0.701562 0.323611 0.696875 0.321296 0.693490 0.317130 0.690625
0 0.291204 0.690885 0.281481 0.689323 0.273611 0.689583 0.267130 0.691927 0.264815 0.694010 0.262963 0.697396 0.267130 0.701042 0.274074 0.703646 0.281481 0.702865 0.288426 0.700260 0.292130 0.697396 0.293056 0.692708
0 0.245370 0.700781 0.241204 0.705469 0.244907 0.711198 0.250000 0.714323 0.255556 0.715625 0.262500 0.716146 0.267593 0.715625 0.273611 0.713021 0.275000 0.709896 0.274537 0.704948 0.265278 0.699479 0.261111 0.697917 0.253704 0.697917
0 0.236574 0.721094 0.233333 0.724740 0.232870 0.729167 0.235185 0.732812 0.239352 0.735156 0.246296 0.736458 0.253704 0.736719 0.265278 0.735156 0.270370 0.732292 0.272685 0.729167 0.272685 0.724479 0.269907 0.720833 0.265741 0.718490 0.261574 0.717708 0.245370 0.717969 0.240741 0.719010
0 0.455093 0.711198 0.452778 0.713281 0.453704 0.719531 0.457407 0.723177 0.462037 0.725521 0.468056 0.727344 0.471296 0.727083 0.482870 0.721094 0.483333 0.715885 0.479167 0.712760 0.474537 0.710938 0.470833 0.710156 0.465278 0.710156
0 0.482407 0.724219 0.476852 0.725521 0.469907 0.728385 0.468056 0.731250 0.468981 0.736458 0.475463 0.741667 0.481481 0.744271 0.490278 0.744271 0.498148 0.739583 0.499074 0.735156 0.497685 0.731250 0.495370 0.727865 0.492593 0.726042 0.489815 0.725000
0 0.519907 0.739583 0.518056 0.737760 0.514352 0.735938 0.509722 0.735156 0.505556 0.736198 0.493056 0.742708 0.491667 0.744271 0.503241 0.747656 0.509259 0.748437 0.513426 0.748177 0.517593 0.746615 0.519444 0.744531
0 0.448148 0.725781 0.440741 0.727083 0.429630 0.732552 0.427315 0.735938 0.428241 0.739062 0.430556 0.741927 0.440741 0.746094 0.448148 0.745052 0.455093 0.741667 0.460185 0.736719 0.460185 0.731510 0.458333 0.729167 0.455556 0.727344
0 0.419907 0.717708 0.413426 0.716406 0.406481 0.717187 0.402315 0.718490 0.397685 0.721094 0.395370 0.723958 0.394444 0.729167 0.395833 0.733333 0.398611 0.735417 0.407407 0.736458 0.416204 0.735156 0.423148 0.732812 0.427315 0.728125 0.427778 0.723698 0.424537 0.720313
0 0.416204 0.699479 0.413426 0.700521 0.410648 0.703125 0.409259 0.709115 0.413426 0.714583 0.416667 0.716927 0.419907 0.717969 0.427315 0.718750 0.433796 0.714844 0.437500 0.709115 0.437037 0.705469 0.434259 0.701823 0.431944 0.700260 0.427778 0.699219
0 0.400926 0.695312 0.398148 0.695312 0.384259 0.698698 0.379630 0.700521 0.378241 0.702083 0.377315 0.705208 0.384722 0.709115 0.391667 0.711458 0.400463 0.711458 0.404630 0.709375 0.409259 0.705208 0.409259 0.700000 0.406944 0.697396
0 0.356481 0.694531 0.350463 0.697135 0.349074 0.700521 0.349537 0.703385 0.351852 0.706771 0.354630 0.708594 0.357407 0.709635 0.364815 0.709896 0.375000 0.704948 0.377778 0.701562 0.377315 0.697135 0.375000 0.695833 0.365741 0.694271
0 0.337500 0.690625 0.334722 0.690625 0.330093 0.691667 0.326389 0.694271 0.324074 0.697135 0.323148 0.700260 0.324074 0.705469 0.329167 0.708333 0.339352 0.706771 0.346296 0.703646 0.348148 0.701302 0.349074 0.696875 0.347685 0.694531
0 0.324074 0.706771 0.312500 0.709115 0.309259 0.712500 0.309722 0.717448 0.312963 0.721875 0.315741 0.724479 0.323148 0.725521 0.328704 0.721354 0.335185 0.713021 0.333333 0.709635 0.331481 0.708594
0 0.300463 0.706771 0.294444 0.705729 0.285648 0.707031 0.277778 0.711458 0.275463 0.715885 0.275000 0.720833 0.276852 0.723177 0.280093 0.725260 0.287963 0.726042 0.293981 0.725781 0.300000 0.723958 0.307407 0.720313 0.309259 0.717448 0.307870 0.711198 0.306481 0.709635
0 0.321296 0.727083 0.318056 0.725521 0.309259 0.723437 0.301852 0.724219 0.297222 0.726302 0.295370 0.728385 0.295833 0.733854 0.299074 0.735417 0.302778 0.735677 0.316204 0.732552 0.322222 0.728906
0 0.350000 0.709115 0.343519 0.709896 0.337500 0.712500 0.332407 0.716406 0.331019 0.721094 0.332407 0.722917 0.340278 0.726823 0.344907 0.728125 0.351852 0.728906 0.359259 0.727865 0.363426 0.726562 0.366204 0.724219 0.368056 0.720313 0.366204 0.716667 0.360185 0.711458 0.356019 0.709635
0 0.377778 0.715885 0.373611 0.717969 0.367593 0.723698 0.365741 0.727344 0.364815 0.732812 0.366204 0.736458 0.368519 0.738542 0.371759 0.739583 0.379630 0.740625 0.388889 0.739583 0.392130 0.738021 0.393981 0.735938 0.393519 0.724740 0.389815 0.720313 0.382870 0.716667
0 0.350000 0.731250 0.346296 0.732552 0.340278 0.736198 0.338426 0.744271 0.341667 0.748958 0.344907 0.749740 0.352315 0.750000 0.355556 0.749219 0.362037 0.745573 0.367593 0.741406 0.368519 0.739844 0.363426 0.732812 0.357407 0.731510
0 0.404630 0.738542 0.400000 0.737760 0.396759 0.738021 0.382870 0.741146 0.381481 0.742448 0.381019 0.744531 0.385185 0.752083 0.387037 0.753906 0.392130 0.755990 0.402315 0.754687 0.408796 0.751823 0.411111 0.749479 0.412963 0.743750 0.409722 0.740885
0 0.334722 0.736458 0.330556 0.735677 0.327315 0.735938 0.312963 0.739062 0.307870 0.740885 0.304630 0.743750 0.307870 0.748958 0.314352 0.751823 0.322222 0.753125 0.324537 0.752604 0.329167 0.750000 0.337037 0.742969 0.337963 0.739583 0.336574 0.737500
0 0.275463 0.730990 0.273148 0.731510 0.268981 0.733854 0.265278 0.739323 0.265741 0.744271 0.270833 0.751302 0.274074 0.752083 0.281944 0.751823 0.289352 0.750260 0.293056 0.748177 0.295833 0.744792 0.296296 0.739583 0.294907 0.736198 0.292130 0.733854 0.281944 0.730990
0 0.231944 0.735417 0.227315 0.736719 0.220370 0.740104 0.218519 0.746354 0.218981 0.751042 0.219907 0.752604 0.225463 0.756510 0.240741 0.757552 0.243519 0.757031 0.245833 0.755729 0.250926 0.744531 0.250463 0.740104 0.249537 0.738542 0.247222 0.737240 0.238889 0.735677
0 0.656481 0.880469 0.650463 0.882031 0.646759 0.884375 0.646296 0.888802 0.650463 0.892448 0.653704 0.898177 0.662963 0.903125 0.670370 0.903385 0.676389 0.896615 0.676389 0.892708 0.677778 0.889062 0.676852 0.884896 0.674537 0.882552 0.669907 0.880469 0.665741 0.879948
0 0.634722 0.887240 0.624537 0.890104 0.619444 0.892448 0.617593 0.896094 0.618056 0.900521 0.621759 0.903385 0.628241 0.905469 0.632870 0.905990 0.641667 0.905729 0.649537 0.903906 0.652315 0.900781 0.652778 0.896094 0.649074 0.890365 0.643056 0.887500
0 0.638426 0.874219 0.626389 0.871615 0.615278 0.871615 0.607407 0.873698 0.603704 0.875781 0.602315 0.877865 0.601389 0.882292 0.602778 0.885938 0.606481 0.888281 0.613889 0.891406 0.623611 0.890625 0.631481 0.887760 0.638426 0.883594 0.640741 0.880729 0.641667 0.876563
0 0.603241 0.849479 0.597222 0.853385 0.597222 0.858333 0.600000 0.862500 0.608796 0.867448 0.614815 0.869531 0.621759 0.870052 0.631481 0.867969 0.636111 0.865625 0.639352 0.861719 0.640278 0.857292 0.634722 0.852344 0.630556 0.850000 0.622222 0.848177 0.613426 0.848177
0 0.620370 0.825521 0.613426 0.827083 0.609259 0.829427 0.606944 0.833854 0.608333 0.838021 0.615278 0.844531 0.621296 0.846875 0.628704 0.847917 0.635185 0.841927 0.636111 0.838542 0.635185 0.833073 0.633796 0.829948 0.630093 0.827083 0.623611 0.825521
0 0.637500 0.800781 0.633796 0.801302 0.624537 0.807031 0.618056 0.814063 0.620370 0.819271 0.629167 0.823958 0.636574 0.824219 0.640278 0.823698 0.644907 0.821875 0.650000 0.818750 0.646296 0.805729 0.642130 0.802083
0 0.597222 0.798177 0.593519 0.799740 0.591204 0.802604 0.591204 0.806771 0.596296 0.811719 0.602315 0.815104 0.606481 0.815885 0.610185 0.815625 0.612963 0.814844 0.618981 0.811198 0.620833 0.808073 0.620833 0.806250 0.615278 0.800521 0.611574 0.798958 0.604167 0.797917
0 0.576852 0.790365 0.571296 0.791406 0.568519 0.792969 0.567130 0.794531 0.567130 0.799219 0.572685 0.806250 0.575926 0.807552 0.581019 0.807813 0.590741 0.804688 0.593056 0.799740 0.593056 0.797656 0.591667 0.793750 0.588426 0.791667 0.581944 0.790365
0 0.673148 0.818750 0.664815 0.817187 0.656481 0.817708 0.650000 0.819792 0.644444 0.822656 0.641667 0.826302 0.640278 0.830729 0.642130 0.833594 0.648148 0.838021 0.656944 0.838802 0.669907 0.836719 0.676389 0.834375 0.680093 0.830208 0.680093 0.826042 0.677315 0.821354
0 0.650000 0.838802 0.643056 0.839583 0.637963 0.840885 0.635185 0.842187 0.631944 0.845573 0.631481 0.849740 0.637037 0.854427 0.642130 0.856771 0.651389 0.857031 0.656019 0.855990 0.657870 0.854167 0.658333 0.848958 0.656019 0.845573 0.654630 0.840885 0.652315 0.839323
0 0.665741 0.844531 0.660648 0.847396 0.659259 0.849219 0.658796 0.854427 0.660648 0.857552 0.665278 0.860156 0.676389 0.862760 0.685185 0.862500 0.687963 0.861719 0.692593 0.859375 0.693981 0.857552 0.692593 0.852604 0.688426 0.848698 0.679630 0.843750 0.669444 0.843490
0 0.677315 0.864062 0.673611 0.865365 0.669444 0.868229 0.668056 0.873177 0.674074 0.877344 0.683333 0.882292 0.692130 0.882552 0.694907 0.881771 0.700926 0.877083 0.702315 0.873437 0.699537 0.867448 0.697222 0.866146 0.691667 0.865365 0.687500 0.864062
0 0.656481 0.856771 0.649074 0.857031 0.642130 0.858333 0.636574 0.865104 0.636574 0.869271 0.638889 0.872396 0.643519 0.876042 0.649074 0.877344 0.656944 0.877344 0.659722 0.876302 0.664815 0.873177 0.666667 0.869792 0.667130 0.864323 0.665741 0.861198 0.661111 0.858073
0 0.587500 0.851302 0.579630 0.851823 0.575000 0.853385 0.572685 0.854688 0.568056 0.860677 0.568519 0.866146 0.572685 0.868490 0.579167 0.870052 0.590741 0.869271 0.593981 0.868229 0.597222 0.865365 0.598148 0.860938 0.596296 0.856771 0.592593 0.853385
0 0.586574 0.816667 0.577778 0.820833 0.575926 0.825260 0.576389 0.827344 0.587500 0.834115 0.592593 0.835156 0.600463 0.834375 0.603704 0.832812 0.605556 0.830729 0.605093 0.825260 0.602778 0.821094 0.599537 0.818229 0.595370 0.816406
0 0.543056 0.824219 0.540278 0.826042 0.539815 0.830208 0.544907 0.836198 0.551852 0.840365 0.558333 0.842708 0.567593 0.842187 0.573148 0.839844 0.575463 0.836979 0.576389 0.831771 0.575463 0.829427 0.570833 0.826562 0.565278 0.824479 0.552315 0.822656
0 0.551852 0.796354 0.546759 0.802344 0.544907 0.806510 0.545833 0.814583 0.547685 0.819010 0.552778 0.821875 0.558796 0.822656 0.566204 0.822135 0.570833 0.820312 0.575926 0.815104 0.574074 0.808333 0.571759 0.805729 0.570833 0.802604 0.566204 0.797656
0 0.565278 0.882292 0.558333 0.884375 0.555556 0.886719 0.553241 0.890885 0.551389 0.892448 0.550926 0.896615 0.553704 0.899479 0.558796 0.902604 0.566204 0.903125 0.573148 0.900000 0.578241 0.898698 0.580556 0.896875 0.581944 0.892969 0.581019 0.888542 0.576852 0.884375 0.573611 0.882812
0 0.606019 0.888021 0.599537 0.886719 0.586111 0.888542 0.584259 0.889583 0.581019 0.896094 0.581481 0.901823 0.582870 0.904427 0.586574 0.905729 0.594907 0.906250 0.600926 0.904687 0.613889 0.903646 0.615278 0.900521 0.613889 0.892448
0 0.525926 0.880469 0.525926 0.888281 0.527778 0.891146 0.530093 0.892448 0.538889 0.894271 0.547685 0.894271 0.550926 0.893490 0.554630 0.889062 0.556019 0.884635 0.550926 0.879427 0.545370 0.876302 0.537963 0.876302 0.531481 0.879427
0 0.523148 0.862240 0.515741 0.863281 0.511574 0.865104 0.511574 0.869792 0.514815 0.876823 0.519907 0.880208 0.524537 0.882031 0.528241 0.880729 0.531481 0.880469 0.537963 0.876823 0.539815 0.875000 0.540278 0.871615 0.539352 0.868229 0.536574 0.865885 0.529630 0.863281
0 0.527778 0.848177 0.521759 0.850781 0.519907 0.852865 0.521759 0.859375 0.524537 0.861719 0.530093 0.863281 0.538426 0.863021 0.543056 0.860677 0.544444 0.859115 0.544444 0.853125 0.538426 0.848958 0.532407 0.847656
0 0.510185 0.832552 0.502315 0.835938 0.498611 0.841146 0.497222 0.846875 0.499074 0.850000 0.502778 0.851562 0.506481 0.852083 0.516667 0.852083 0.523611 0.849740 0.525463 0.845313 0.524074 0.841667 0.520833 0.837240 0.516667 0.834896
0 0.485648 0.825260 0.488426 0.831771 0.490741 0.832552 0.495370 0.832812 0.504630 0.832552 0.510185 0.831510 0.515741 0.829688 0.520833 0.826302 0.510648 0.820052 0.498148 0.819010 0.493981 0.819271 0.489815 0.820312 0.486574 0.822656
0 0.531481 0.809115 0.523611 0.809375 0.517593 0.812240 0.514815 0.815104 0.513889 0.819271 0.515278 0.822396 0.518056 0.824740 0.524074 0.827344 0.535648 0.825000 0.539352 0.822917 0.541204 0.817708 0.539815 0.813802
0 0.547685 0.793229 0.537963 0.791406 0.531019 0.791927 0.520833 0.794792 0.518981 0.797656 0.519444 0.800781 0.521759 0.803906 0.528241 0.808073 0.530556 0.808594 0.538426 0.808073 0.545370 0.804688 0.549074 0.799219 0.549537 0.794531
0 0.499537 0.780729 0.495370 0.781771 0.489352 0.784896 0.487500 0.786979 0.487500 0.791146 0.490278 0.795052 0.495370 0.798958 0.496759 0.801562 0.502315 0.802865 0.510648 0.803125 0.515278 0.800781 0.518056 0.795573 0.518056 0.790885 0.515741 0.783594 0.510648 0.780729
0 0.487500 0.792448 0.484259 0.791667 0.475463 0.792188 0.470370 0.793229 0.467130 0.795052 0.461111 0.796875 0.458333 0.799219 0.456944 0.801823 0.456944 0.803385 0.459259 0.805990 0.465741 0.808854 0.475926 0.810417 0.482870 0.810417 0.489815 0.808594 0.494444 0.805990 0.496296 0.803125 0.495833 0.798698
0 0.488426 0.779167 0.483333 0.778385 0.468056 0.778125 0.463889 0.780208 0.462037 0.782552 0.462037 0.787500 0.468056 0.792708 0.475926 0.792708 0.481944 0.791146 0.486111 0.789062 0.489352 0.784375 0.491667 0.783333 0.490278 0.780469
0 0.440741 0.775521 0.436574 0.777604 0.431944 0.783594 0.431019 0.786198 0.431481 0.789062 0.432870 0.791146 0.434722 0.792188 0.440278 0.793490 0.449074 0.794010 0.453241 0.792708 0.458333 0.789844 0.460185 0.787240 0.459259 0.784115 0.456944 0.781250 0.450000 0.776823
0 0.423611 0.783854 0.420370 0.782552 0.412500 0.782552 0.406481 0.783854 0.400463 0.786979 0.395370 0.790885 0.394444 0.792969 0.394907 0.798177 0.399074 0.800781 0.406481 0.801042 0.417130 0.800260 0.419907 0.799219 0.426852 0.794792 0.430093 0.791667 0.428704 0.787240
0 0.435185 0.792708 0.427315 0.794271 0.423148 0.796615 0.420833 0.798958 0.420833 0.804167 0.424074 0.807292 0.427315 0.808854 0.434259 0.809375 0.441667 0.807552 0.447222 0.804948 0.450000 0.802083 0.450926 0.798438 0.448611 0.795833 0.442130 0.793490
0 0.399074 0.803125 0.394444 0.806510 0.393981 0.811198 0.395833 0.814583 0.397685 0.815365 0.406944 0.816667 0.420370 0.816667 0.422222 0.814583 0.423148 0.808854 0.422222 0.806250 0.419907 0.803906 0.414352 0.801302 0.405556 0.801302
0 0.426852 0.812500 0.425000 0.814583 0.423611 0.818750 0.425000 0.823698 0.429630 0.829948 0.433796 0.832031 0.442130 0.832031 0.446296 0.830990 0.449537 0.829427 0.452778 0.826562 0.452778 0.821875 0.450926 0.819271 0.441667 0.813802 0.435185 0.812240
0 0.479630 0.811198 0.474074 0.810677 0.462037 0.811198 0.455556 0.814323 0.453241 0.817708 0.453704 0.822396 0.456019 0.825781 0.459259 0.827604 0.468981 0.829427 0.474537 0.828125 0.485185 0.823438 0.487037 0.821094 0.487500 0.817448 0.483333 0.812760
0 0.502778 0.802604 0.496296 0.804688 0.487037 0.810417 0.487963 0.813802 0.489815 0.816146 0.494444 0.818750 0.501389 0.819792 0.510648 0.819531 0.512037 0.818490 0.514352 0.812240 0.514352 0.809115 0.511574 0.804167
0 0.493056 0.846875 0.488426 0.846615 0.485185 0.847396 0.474074 0.854427 0.471759 0.857292 0.473148 0.862760 0.479630 0.864844 0.482407 0.866406 0.493519 0.865104 0.497685 0.861979 0.499074 0.849479 0.496759 0.847917
0 0.482870 0.833073 0.476389 0.833594 0.472685 0.834635 0.461111 0.841667 0.462037 0.845833 0.464352 0.848698 0.475000 0.853125 0.482407 0.849740 0.487037 0.845833 0.487037 0.841927 0.488889 0.838021 0.488426 0.835938 0.486574 0.833854
0 0.454167 0.827604 0.449074 0.829948 0.446296 0.832812 0.445833 0.834635 0.448148 0.838281 0.450926 0.840365 0.454630 0.841146 0.462037 0.841406 0.468519 0.838021 0.472222 0.834115 0.469444 0.829688 0.462037 0.827865
0 0.434722 0.832552 0.425926 0.832292 0.415741 0.835677 0.404630 0.841667 0.405093 0.843750 0.407407 0.846354 0.418981 0.850260 0.427778 0.851042 0.434722 0.849740 0.442593 0.846094 0.446759 0.842187 0.445833 0.839063 0.444444 0.837500
0 0.415741 0.817708 0.407870 0.816406 0.397222 0.815885 0.392593 0.816927 0.388889 0.819531 0.386574 0.822135 0.386111 0.830729 0.387963 0.833854 0.392130 0.836198 0.399537 0.837240 0.410185 0.835156 0.416667 0.831771 0.420833 0.826302 0.420833 0.821875 0.419444 0.819531
0 0.371296 0.800000 0.362963 0.802604 0.360648 0.804948 0.359259 0.809115 0.359259 0.814583 0.362037 0.817708 0.369444 0.822917 0.379167 0.822917 0.384722 0.821615 0.390278 0.818490 0.391204 0.816146 0.390741 0.811458 0.389352 0.808594 0.384259 0.803646 0.378241 0.800521
0 0.392593 0.766667 0.388889 0.767448 0.383333 0.769792 0.376852 0.774479 0.372222 0.779427 0.370833 0.782813 0.371759 0.786979 0.376852 0.789844 0.383333 0.790625 0.393519 0.790885 0.399074 0.788542 0.404167 0.783333 0.403704 0.778646 0.400000 0.771354 0.395833 0.767969
0 0.423611 0.758594 0.412963 0.758594 0.406944 0.761198 0.403704 0.763542 0.401852 0.767188 0.401389 0.772656 0.403704 0.778385 0.406944 0.781771 0.414352 0.782292 0.419907 0.780990 0.431481 0.771094 0.433333 0.763281 0.430093 0.760677
0 0.363426 0.763281 0.356481 0.763281 0.351389 0.764062 0.345370 0.767448 0.344907 0.779948 0.350463 0.784635 0.357407 0.785937 0.362037 0.785417 0.364815 0.784115 0.371759 0.779427 0.375000 0.775521 0.375000 0.771094 0.372222 0.767969 0.366667 0.764062
0 0.341204 0.777604 0.337963 0.776823 0.329630 0.776563 0.324537 0.777865 0.321296 0.779687 0.316667 0.786458 0.316204 0.788802 0.316667 0.792448 0.319907 0.795312 0.321759 0.795833 0.330093 0.795312 0.339352 0.792188 0.342130 0.790625 0.345833 0.787240 0.346759 0.782813 0.343519 0.778906
0 0.344907 0.787760 0.343056 0.790885 0.342593 0.795312 0.344907 0.799740 0.347685 0.801562 0.357870 0.803125 0.374074 0.800000 0.377778 0.798177 0.379167 0.795312 0.378241 0.792969 0.376389 0.791146 0.371296 0.788802 0.360648 0.786198 0.352315 0.785417 0.348148 0.785937
0 0.329630 0.800781 0.322685 0.802865 0.318981 0.807813 0.318056 0.811198 0.319444 0.813281 0.323611 0.816146 0.328704 0.817708 0.335185 0.817708 0.344907 0.815104 0.349537 0.812760 0.351389 0.810937 0.350926 0.807292 0.348611 0.805469 0.340278 0.802604
0 0.362500 0.817448 0.357407 0.815885 0.350926 0.815365 0.343056 0.815885 0.340741 0.816667 0.334259 0.821615 0.333796 0.826302 0.335648 0.830729 0.342130 0.832812 0.348148 0.832812 0.357870 0.831771 0.363889 0.829167 0.366667 0.826562 0.367130 0.821875
0 0.331019 0.819792 0.323148 0.817969 0.315741 0.818750 0.312963 0.819792 0.304630 0.826042 0.304167 0.831250 0.305556 0.833073 0.309259 0.834375 0.321759 0.835156 0.329167 0.834375 0.332870 0.831771 0.334259 0.827604 0.333333 0.821615
0 0.358333 0.834115 0.354630 0.833333 0.343056 0.833854 0.340278 0.834635 0.332407 0.839323 0.330556 0.841667 0.330093 0.846354 0.336111 0.852083 0.350926 0.852083 0.359722 0.850260 0.363426 0.848437 0.364815 0.846875 0.365741 0.841146 0.363426 0.837240
0 0.335648 0.854427 0.333333 0.855729 0.332407 0.857812 0.336111 0.861979 0.343056 0.866406 0.350463 0.868750 0.358796 0.869531 0.364815 0.867969 0.368981 0.861458 0.368981 0.856510 0.364815 0.852083 0.356944 0.851042 0.342593 0.852344
0 0.332407 0.870833 0.330093 0.877083 0.331481 0.880990 0.336111 0.884115 0.343056 0.884896 0.356481 0.884375 0.360185 0.883854 0.362963 0.882552 0.366204 0.876823 0.365278 0.873437 0.361111 0.870573 0.343519 0.866927 0.336574 0.868750
0 0.360185 0.884115 0.357407 0.883594 0.344444 0.884635 0.337963 0.886458 0.333796 0.889062 0.330093 0.892708 0.331481 0.896875 0.336574 0.900781 0.343981 0.901563 0.346296 0.900781 0.360185 0.899219 0.365278 0.897135 0.368056 0.892448 0.364352 0.886719
0 0.322685 0.877865 0.316204 0.881250 0.314815 0.888802 0.319907 0.891406 0.330093 0.893229 0.331019 0.891667 0.335648 0.888542 0.336574 0.884635 0.331944 0.880729 0.330093 0.877865
0 0.291204 0.892708 0.289815 0.895573 0.291204 0.901302 0.293519 0.903906 0.300926 0.907031 0.308333 0.907813 0.316204 0.907813 0.323148 0.907031 0.329167 0.904427 0.331944 0.901563 0.332407 0.900000 0.329167 0.895312 0.315741 0.889323 0.309259 0.888281 0.301852 0.888021 0.296296 0.889323
0 0.385648 0.889844 0.377778 0.889844 0.368056 0.894792 0.364815 0.900260 0.366204 0.903646 0.367593 0.904687 0.373148 0.905990 0.381481 0.906250 0.387037 0.905469 0.391667 0.903646 0.393981 0.900781 0.392593 0.896354 0.388889 0.891927
0 0.371296 0.864323 0.366667 0.869010 0.368519 0.873177 0.368981 0.880990 0.371759 0.884115 0.379630 0.884115 0.388426 0.881250 0.391204 0.876823 0.389352 0.873958 0.381019 0.868490 0.378704 0.865885 0.374537 0.864583
0 0.416204 0.854948 0.412963 0.852604 0.406481 0.850260 0.399537 0.848958 0.394907 0.850000 0.387963 0.852865 0.381019 0.856771 0.377778 0.861198 0.377778 0.865365 0.381019 0.867188 0.385185 0.868229 0.393056 0.867969 0.401389 0.868750 0.410185 0.867969 0.413426 0.866927 0.418056 0.861979 0.417593 0.856771
0 0.385648 0.833333 0.375926 0.833854 0.372685 0.835417 0.368056 0.839844 0.365278 0.845052 0.364815 0.850260 0.367130 0.853385 0.371296 0.855469 0.376852 0.856250 0.381481 0.855729 0.389815 0.852344 0.394907 0.848698 0.396296 0.844531 0.395370 0.839583 0.391667 0.836458
0 0.461111 0.848698 0.453704 0.849740 0.447685 0.851823 0.444907 0.853646 0.442130 0.857552 0.450463 0.866927 0.462037 0.871094 0.469444 0.869271 0.471296 0.867188 0.472222 0.853385 0.467130 0.850000
0 0.468519 0.869271 0.461574 0.871615 0.457407 0.876302 0.457870 0.881510 0.459722 0.884115 0.464815 0.886719 0.468056 0.887760 0.476389 0.887760 0.478704 0.885677 0.481019 0.881510 0.480556 0.876823 0.476389 0.871354 0.474074 0.870313
0 0.503704 0.863802 0.496296 0.863802 0.483333 0.866667 0.478704 0.869010 0.477315 0.873177 0.482870 0.879427 0.486574 0.880729 0.496296 0.882552 0.504167 0.881510 0.507870 0.880208 0.512500 0.876042 0.512963 0.871875 0.510648 0.866927 0.508333 0.865104
0 0.513889 0.880469 0.505556 0.880990 0.499074 0.882552 0.496759 0.884375 0.492593 0.892448 0.493981 0.896875 0.495833 0.898958 0.501852 0.902344 0.510185 0.904167 0.514815 0.903125 0.521759 0.898698 0.527315 0.892969 0.527315 0.888281 0.524537 0.883333 0.519907 0.881250
0 0.469907 0.890625 0.466667 0.894271 0.464815 0.898698 0.464815 0.901302 0.467130 0.903906 0.473611 0.905469 0.480093 0.905990 0.487963 0.905729 0.496759 0.904427 0.498611 0.900260 0.495370 0.897917 0.493056 0.894792 0.483796 0.890104 0.476389 0.888802 0.473611 0.889062
0 0.450000 0.886458 0.442593 0.888281 0.435648 0.892188 0.435185 0.896875 0.437963 0.900521 0.442593 0.903906 0.447222 0.904948 0.455093 0.904948 0.461111 0.902344 0.462963 0.900781 0.466204 0.891927 0.464815 0.889062 0.461574 0.886719
0 0.451389 0.878906 0.441204 0.875521 0.428704 0.877344 0.421759 0.881250 0.418056 0.882552 0.415741 0.884635 0.418981 0.889583 0.420833 0.890885 0.425926 0.892188 0.433796 0.891927 0.436574 0.891146 0.449074 0.885417 0.452315 0.881510
0 0.441204 0.858854 0.433796 0.859115 0.426389 0.860417 0.415741 0.865104 0.414815 0.869271 0.419907 0.875000 0.425926 0.876563 0.431944 0.876563 0.437963 0.875781 0.440741 0.874479 0.443056 0.871354 0.446759 0.869010 0.448611 0.866146 0.447685 0.863542
0 0.405556 0.868490 0.400000 0.869010 0.396759 0.870313 0.393981 0.873177 0.392130 0.877083 0.393981 0.882031 0.396759 0.883854 0.402778 0.885156 0.407407 0.885417 0.410648 0.884896 0.415278 0.882552 0.419907 0.876563 0.417593 0.872135 0.412963 0.869531
0 0.392130 0.884896 0.388426 0.888802 0.389352 0.892708 0.395370 0.899479 0.405556 0.904427 0.412500 0.905469 0.420370 0.904427 0.422222 0.901563 0.427315 0.896875 0.426852 0.892448 0.423611 0.891667 0.418981 0.888021 0.413426 0.885677 0.405093 0.885156 0.399537 0.884115
0 0.510648 0.749219 0.508333 0.750260 0.504630 0.755729 0.505093 0.760417 0.506944 0.765104 0.510185 0.768490 0.514815 0.770312 0.519907 0.770573 0.527315 0.769531 0.531944 0.767708 0.534259 0.764062 0.533796 0.759375 0.531019 0.755729 0.525000 0.750781 0.522685 0.749740 0.517593 0.748698
0 0.485648 0.763542 0.474537 0.761979 0.469907 0.762500 0.464815 0.764583 0.462500 0.767708 0.461574 0.772135 0.463426 0.776042 0.465741 0.777604 0.476852 0.778385 0.482407 0.777865 0.483796 0.777083 0.488426 0.772135 0.489352 0.767969 0.487963 0.765104
0 0.463889 0.749219 0.461574 0.748698 0.452778 0.749740 0.443056 0.753646 0.437963 0.759115 0.436111 0.764323 0.433796 0.767448 0.434259 0.769010 0.436111 0.770052 0.448148 0.771615 0.455556 0.770052 0.459722 0.767708 0.465278 0.762760 0.467130 0.758073 0.466667 0.751302
0 0.415741 0.744010 0.412500 0.747917 0.411111 0.752344 0.413426 0.755729 0.416667 0.757292 0.419907 0.757812 0.434259 0.757292 0.438889 0.756250 0.444907 0.752083 0.440741 0.749219 0.439352 0.747135 0.429167 0.742708 0.419444 0.742969
0 0.369907 0.747396 0.361574 0.749219 0.359259 0.750260 0.357870 0.751563 0.357407 0.756510 0.361111 0.761719 0.373611 0.768490 0.379167 0.769531 0.382870 0.766927 0.387963 0.759896 0.388426 0.755729 0.383333 0.749740 0.378704 0.747656
0 0.343981 0.749479 0.331944 0.750000 0.326389 0.753125 0.325000 0.757031 0.325000 0.765104 0.326389 0.767708 0.331481 0.770312 0.337963 0.770833 0.341204 0.770052 0.350000 0.764323 0.354630 0.759896 0.354630 0.755469 0.352315 0.752344 0.349074 0.750781
0 0.308796 0.750000 0.301389 0.751563 0.293981 0.756250 0.293056 0.759896 0.294907 0.763802 0.300000 0.770052 0.306944 0.772396 0.316204 0.773438 0.320370 0.769010 0.323148 0.764323 0.322685 0.756250 0.319444 0.752604
0 0.100000 0.740885 0.095370 0.742188 0.092593 0.744531 0.089815 0.752604 0.090278 0.759896 0.092130 0.761458 0.101852 0.763021 0.107407 0.762240 0.116204 0.759115 0.118981 0.755208 0.119907 0.749740 0.118056 0.747917 0.114352 0.747135 0.111574 0.743750 0.107870 0.741406
0 0.129167 0.762240 0.121759 0.760677 0.114352 0.760677 0.100463 0.765104 0.096759 0.770573 0.096759 0.776042 0.098148 0.777344 0.107407 0.780469 0.114815 0.780208 0.118981 0.778385 0.126852 0.776823 0.133333 0.773438 0.134722 0.770833 0.132407 0.764844
0 0.138889 0.771875 0.135648 0.775521 0.135648 0.780208 0.137500 0.782292 0.142593 0.784635 0.158333 0.787500 0.163889 0.787760 0.169907 0.786198 0.174537 0.783333 0.176389 0.779948 0.176389 0.775260 0.169444 0.771094 0.157870 0.768750 0.149074 0.768490 0.143519 0.769531
0 0.172685 0.753125 0.168981 0.751042 0.165278 0.750260 0.153704 0.749740 0.147222 0.750521 0.137037 0.755729 0.134259 0.759635 0.135185 0.763802 0.142130 0.766667 0.148148 0.767448 0.156481 0.766927 0.163889 0.765625 0.168519 0.763542 0.174074 0.759375 0.175000 0.755729
0 0.216667 0.740104 0.212500 0.739062 0.204630 0.739062 0.195370 0.743229 0.191204 0.745833 0.189815 0.747656 0.188889 0.752083 0.190741 0.754687 0.196759 0.758333 0.198611 0.758594 0.205093 0.757812 0.212037 0.755469 0.216204 0.751563 0.218056 0.748437 0.218519 0.742708
0 0.253704 0.759375 0.246296 0.759635 0.238889 0.761719 0.236111 0.763802 0.234722 0.766667 0.234259 0.772656 0.246296 0.780469 0.253241 0.779687 0.261111 0.775521 0.261574 0.763281 0.256944 0.760156
0 0.173611 0.759896 0.168981 0.762760 0.166667 0.765625 0.166204 0.768229 0.168056 0.770833 0.176389 0.775000 0.183333 0.776823 0.192130 0.776563 0.198148 0.775521 0.200463 0.773177 0.200926 0.771094 0.198611 0.766406 0.194444 0.761458 0.190278 0.759635 0.184259 0.758854 0.176852 0.758854
0 0.197222 0.760417 0.196296 0.764062 0.200926 0.769271 0.204630 0.771094 0.211759 0.774896 0.224491 0.776563 0.229815 0.774010 0.232870 0.769271 0.234259 0.765104 0.233796 0.762760 0.227778 0.759375 0.222222 0.757552 0.210648 0.756510 0.200463 0.758333
0 0.276852 0.754167 0.273611 0.754687 0.268981 0.758854 0.267130 0.763021 0.267130 0.767969 0.268519 0.772396 0.270833 0.775000 0.281944 0.777604 0.290278 0.775521 0.293056 0.774219 0.296296 0.770573 0.296759 0.766927 0.291667 0.756510 0.288889 0.755208 0.284722 0.754427
0 0.221296 0.776823 0.215278 0.780729 0.215278 0.785677 0.216204 0.787240 0.221759 0.790365 0.224074 0.793750 0.228241 0.796094 0.233333 0.797656 0.239815 0.798698 0.246759 0.797917 0.254167 0.795052 0.255556 0.790885 0.251389 0.784375 0.248611 0.781250 0.239815 0.775781 0.231944 0.774219
0 0.196759 0.775781 0.181019 0.780208 0.178704 0.781771 0.174537 0.787240 0.176389 0.790885 0.182870 0.795573 0.190741 0.797135 0.198611 0.797396 0.206481 0.794271 0.208796 0.792708 0.211111 0.789583 0.214352 0.787500 0.214815 0.782292 0.212963 0.779167 0.205093 0.776563
0 0.156019 0.788542 0.152778 0.791146 0.150926 0.798698 0.151852 0.800781 0.156019 0.801823 0.170370 0.801562 0.175926 0.797656 0.176852 0.794531 0.175000 0.791146 0.170833 0.788802 0.165278 0.787760 0.160648 0.787760
0 0.154630 0.800521 0.150926 0.801562 0.146296 0.805208 0.143981 0.809896 0.143981 0.814583 0.149074 0.817969 0.156019 0.820312 0.163426 0.820052 0.170370 0.816927 0.172685 0.814323 0.174074 0.809896 0.172222 0.805469 0.168519 0.801302 0.164352 0.800521
0 0.182407 0.796615 0.177315 0.797917 0.172685 0.800781 0.171296 0.802344 0.172685 0.807552 0.175463 0.811719 0.178704 0.813281 0.183796 0.814844 0.191204 0.814583 0.194907 0.813021 0.197685 0.810677 0.198148 0.805469 0.197222 0.798698 0.193056 0.797135
0 0.227315 0.796354 0.225926 0.795573 0.212037 0.794010 0.202778 0.795573 0.198611 0.798177 0.197222 0.800781 0.196759 0.803646 0.198148 0.808073 0.202778 0.809635 0.212963 0.809375 0.216667 0.808594 0.224074 0.805729 0.227778 0.802865 0.229167 0.799479
0 0.282407 0.795833 0.272685 0.795833 0.268519 0.797135 0.257870 0.802344 0.255093 0.806250 0.256019 0.812240 0.257407 0.814063 0.266667 0.815885 0.274537 0.816667 0.281481 0.814583 0.291204 0.809896 0.293056 0.806510 0.290278 0.798698 0.286574 0.796875
0 0.264352 0.775521 0.260185 0.776563 0.254630 0.779167 0.251852 0.783333 0.254630 0.787500 0.261574 0.792708 0.267130 0.794531 0.274537 0.795833 0.276389 0.794792 0.277778 0.791667 0.281944 0.787240 0.281481 0.779167 0.274537 0.775781 0.269444 0.775260
0 0.308796 0.772656 0.301389 0.771875 0.295833 0.773177 0.284722 0.777865 0.281944 0.782292 0.282407 0.787240 0.284722 0.789323 0.295833 0.791927 0.302778 0.791146 0.314352 0.787760 0.318519 0.783594 0.318519 0.779167 0.313889 0.774479
0 0.301389 0.792969 0.293981 0.795573 0.291204 0.797917 0.290741 0.800521 0.292130 0.805990 0.293519 0.807813 0.296759 0.809375 0.301852 0.810677 0.310185 0.811719 0.315741 0.809896 0.318981 0.807552 0.321296 0.802865 0.320833 0.797917 0.319444 0.795833 0.313889 0.793490 0.309259 0.792708
0 0.112500 0.780729 0.107407 0.784375 0.106019 0.786719 0.105556 0.791146 0.109259 0.797396 0.112037 0.798438 0.120833 0.800000 0.130556 0.799479 0.137963 0.797917 0.147222 0.791406 0.146296 0.787760 0.143981 0.785417 0.133796 0.779948 0.129167 0.778385 0.121296 0.778385
0 0.135648 0.799219 0.113889 0.800260 0.107407 0.802344 0.108796 0.807292 0.112037 0.811979 0.115741 0.814583 0.122222 0.817187 0.129167 0.817708 0.138889 0.815104 0.142593 0.811719 0.144444 0.807292 0.143981 0.804688 0.142130 0.802604
0 0.093519 0.796094 0.086574 0.799219 0.082870 0.802344 0.081481 0.807813 0.083796 0.811719 0.090278 0.816406 0.093056 0.817708 0.095833 0.817708 0.100000 0.816146 0.103704 0.810937 0.108333 0.807031 0.108333 0.802604 0.106481 0.800000 0.103241 0.798177 0.099537 0.796875
0 0.123611 0.818229 0.120833 0.816406 0.115278 0.814583 0.102315 0.816146 0.087963 0.822135 0.084259 0.826302 0.093519 0.830469 0.096759 0.831250 0.105556 0.832031 0.115278 0.831250 0.119907 0.830208 0.122222 0.828646 0.124074 0.823958
0 0.143056 0.815625 0.135185 0.816406 0.130093 0.818229 0.127315 0.820833 0.123148 0.829688 0.135185 0.839323 0.147222 0.836458 0.151852 0.834635 0.155093 0.831510 0.158796 0.825521 0.159259 0.822135 0.157870 0.820573
0 0.169444 0.823177 0.162500 0.824740 0.158796 0.826823 0.156481 0.829427 0.155556 0.834115 0.158333 0.838021 0.167593 0.844010 0.169444 0.844531 0.177315 0.844531 0.181944 0.842187 0.186111 0.838542 0.187037 0.835156 0.186574 0.829167 0.185185 0.826042 0.182407 0.824219 0.178241 0.823177
0 0.190741 0.818750 0.186111 0.822135 0.185185 0.825521 0.188426 0.837500 0.189352 0.838281 0.196296 0.839844 0.201389 0.839583 0.211111 0.836979 0.212963 0.835938 0.217130 0.830729 0.216204 0.826042 0.211574 0.822135 0.206481 0.819792 0.198148 0.818490
0 0.244444 0.804427 0.241204 0.803906 0.231481 0.803906 0.229167 0.804427 0.221759 0.807813 0.217130 0.812760 0.217130 0.820833 0.219907 0.823177 0.225463 0.826042 0.233333 0.826302 0.236111 0.825521 0.238426 0.824219 0.245370 0.816406 0.248611 0.814063 0.248611 0.806771
0 0.246759 0.815885 0.244444 0.818229 0.241667 0.826562 0.246296 0.833594 0.252778 0.835156 0.268981 0.835417 0.273611 0.834635 0.279630 0.826562 0.279167 0.822135 0.274537 0.818490 0.271296 0.816667 0.265741 0.815625 0.251852 0.815104
0 0.238426 0.827083 0.233333 0.826302 0.225000 0.826562 0.221759 0.827344 0.218981 0.828906 0.215741 0.833854 0.212500 0.841667 0.213426 0.845313 0.215741 0.847396 0.225926 0.848958 0.231481 0.846875 0.240278 0.844792 0.243981 0.842187 0.246759 0.838021 0.246296 0.833073 0.243519 0.829688
0 0.232407 0.846615 0.226389 0.848698 0.220833 0.852604 0.220833 0.857552 0.227315 0.859896 0.232870 0.863281 0.238889 0.864583 0.244444 0.864323 0.248611 0.861458 0.249537 0.857812 0.245370 0.849219 0.239815 0.846354
0 0.274537 0.835677 0.260185 0.835156 0.251852 0.836979 0.246759 0.839844 0.243056 0.846094 0.246296 0.851042 0.250926 0.854427 0.254167 0.854948 0.263889 0.852344 0.278704 0.849740 0.280556 0.848698 0.284259 0.841667
0 0.290741 0.852083 0.281019 0.848958 0.278241 0.849740 0.273148 0.850000 0.260185 0.852865 0.256944 0.854688 0.255556 0.856510 0.254167 0.861198 0.255556 0.865104 0.263426 0.869271 0.266667 0.870052 0.274074 0.869531 0.282870 0.866927 0.288889 0.862500 0.292593 0.858333 0.292593 0.853385
0 0.184259 0.840365 0.181944 0.841927 0.180093 0.844792 0.180556 0.850521 0.181944 0.852344 0.187500 0.855469 0.190741 0.858594 0.198611 0.859115 0.207407 0.856771 0.211111 0.854427 0.213426 0.850781 0.212963 0.846615 0.211111 0.844010 0.199537 0.840104 0.188889 0.839583
0 0.156944 0.838281 0.148611 0.838281 0.146759 0.838802 0.144444 0.840365 0.139352 0.846354 0.137037 0.853906 0.139815 0.857031 0.144907 0.859635 0.150000 0.859896 0.160648 0.854427 0.163889 0.850781 0.166204 0.845833 0.164815 0.842448 0.162037 0.839844
0 0.121759 0.830469 0.117593 0.830990 0.111111 0.833333 0.106481 0.841667 0.105556 0.845833 0.108796 0.849740 0.114352 0.853125 0.122222 0.853125 0.128704 0.851823 0.130556 0.850781 0.134259 0.845833 0.134259 0.838021 0.130093 0.834115 0.125463 0.831510
0 0.106019 0.832292 0.101389 0.831510 0.093519 0.832031 0.086111 0.835156 0.083333 0.837760 0.083333 0.842448 0.085185 0.844792 0.087963 0.846354 0.093519 0.847135 0.101852 0.845833 0.103704 0.844792 0.107870 0.838281 0.108333 0.833854
0 0.075000 0.853385 0.075000 0.857552 0.080556 0.861198 0.084259 0.862240 0.096759 0.863542 0.101852 0.863542 0.106019 0.861979 0.110648 0.858854 0.113889 0.853646 0.112037 0.851042 0.107870 0.848437 0.101852 0.847135 0.095370 0.846875 0.086574 0.847917 0.081481 0.849740
0 0.079630 0.862500 0.075926 0.865104 0.075000 0.867708 0.075000 0.874219 0.078241 0.880469 0.079630 0.881510 0.083333 0.882031 0.093981 0.882292 0.104167 0.873698 0.105556 0.870313 0.104630 0.864844 0.101389 0.863281 0.093519 0.863021 0.087037 0.861979
0 0.079630 0.881510 0.072222 0.884375 0.072222 0.889844 0.073611 0.894531 0.075926 0.896615 0.086574 0.901042 0.093981 0.900781 0.098611 0.898958 0.100463 0.896094 0.106481 0.892708 0.106019 0.888542 0.098611 0.883594 0.094444 0.882292
0 0.121296 0.873437 0.113426 0.874219 0.104630 0.877865 0.102315 0.880208 0.101852 0.884896 0.105556 0.887500 0.106944 0.890104 0.109722 0.892448 0.122685 0.894531 0.126389 0.894010 0.129167 0.892708 0.131019 0.887500 0.131019 0.882552 0.130093 0.878906 0.127778 0.876042 0.124537 0.874219
0 0.118981 0.853125 0.114352 0.854688 0.112037 0.857031 0.111574 0.862240 0.112963 0.868490 0.118056 0.872396 0.129630 0.874740 0.135648 0.872656 0.142593 0.868750 0.144907 0.865885 0.145370 0.861198 0.141204 0.857292 0.129630 0.852865
0 0.166667 0.853125 0.163426 0.854948 0.161111 0.858333 0.161111 0.864323 0.162037 0.866406 0.165278 0.870052 0.169907 0.872396 0.175463 0.873177 0.183333 0.872656 0.190741 0.869531 0.193981 0.865625 0.193056 0.860677 0.189352 0.857031 0.182870 0.852865 0.176389 0.852083
0 0.215278 0.855469 0.211574 0.855208 0.203704 0.858333 0.196296 0.863021 0.194444 0.865104 0.193981 0.870052 0.196759 0.876823 0.200000 0.878906 0.204630 0.879948 0.215278 0.878906 0.220370 0.874479 0.223148 0.869792 0.221296 0.859896 0.218981 0.856771
0 0.241667 0.864844 0.237500 0.864844 0.229630 0.866667 0.223148 0.870313 0.220370 0.872917 0.218056 0.876302 0.218981 0.881250 0.220833 0.883333 0.226389 0.886198 0.233333 0.886979 0.237037 0.885938 0.244444 0.885156 0.247685 0.883333 0.254167 0.877083 0.255556 0.872917 0.251852 0.868490 0.247685 0.866146
0 0.281944 0.870052 0.273148 0.869792 0.264815 0.870573 0.259722 0.871615 0.257407 0.873437 0.255556 0.876563 0.256019 0.880990 0.262037 0.887760 0.266667 0.890104 0.275000 0.890625 0.281481 0.889323 0.289815 0.881250 0.289352 0.876823 0.287037 0.873177
0 0.257870 0.891927 0.257407 0.897656 0.260648 0.904427 0.267130 0.905469 0.293056 0.904427 0.289815 0.896615 0.290278 0.892448 0.281481 0.890104 0.265741 0.890104 0.260185 0.890885
0 0.247222 0.885156 0.238889 0.885417 0.233796 0.886719 0.224537 0.891667 0.220370 0.895573 0.219444 0.897396 0.220370 0.903385 0.225926 0.906771 0.232870 0.907031 0.250000 0.902865 0.256019 0.899219 0.256944 0.897656 0.256019 0.891927 0.252778 0.888281
0 0.200000 0.890625 0.197685 0.891146 0.194907 0.894010 0.192593 0.899740 0.192593 0.904427 0.197222 0.906510 0.206944 0.906771 0.209722 0.906250 0.215278 0.903646 0.217130 0.900781 0.216667 0.896354 0.207870 0.891146 0.205093 0.890365
0 0.194907 0.878646 0.191204 0.877865 0.181481 0.878385 0.175463 0.880208 0.168056 0.884375 0.164352 0.887500 0.161574 0.892188 0.162963 0.895052 0.165741 0.897396 0.170370 0.898177 0.177315 0.897917 0.184259 0.896875 0.187963 0.895573 0.194444 0.891927 0.196759 0.889583 0.198611 0.885677 0.197222 0.880469
0 0.149074 0.866146 0.144907 0.867188 0.135648 0.872656 0.132870 0.876563 0.132870 0.881510 0.136111 0.883854 0.139815 0.884896 0.150000 0.885938 0.156481 0.884375 0.162500 0.880729 0.165278 0.877344 0.165741 0.872917 0.158796 0.867448
0 0.141667 0.885156 0.134259 0.888542 0.132407 0.891667 0.133333 0.904427 0.136111 0.906771 0.139815 0.907813 0.150463 0.908594 0.162963 0.904427 0.164815 0.900781 0.163889 0.897135 0.160648 0.892708 0.152778 0.886198 0.148611 0.885417
0 0.107407 0.892969 0.100000 0.896354 0.096759 0.900260 0.097222 0.904427 0.100463 0.906510 0.104630 0.907292 0.115278 0.907292 0.124074 0.904427 0.125926 0.901042 0.126852 0.896354 0.125926 0.895052 0.123611 0.894271 0.115741 0.893229
0 0.299537 0.827604 0.287500 0.826562 0.281481 0.827604 0.278704 0.828906 0.277315 0.830469 0.276852 0.834115 0.279167 0.837760 0.282407 0.840104 0.288426 0.841667 0.297222 0.839323 0.300000 0.838021 0.303704 0.834375 0.302315 0.829167
0 0.278241 0.815885 0.276389 0.817969 0.277315 0.819792 0.283333 0.824479 0.287963 0.826042 0.302315 0.826823 0.308333 0.823438 0.310185 0.817969 0.307407 0.813281 0.302315 0.810937 0.293981 0.810677 0.288889 0.811458
0 0.303704 0.834896 0.301852 0.836198 0.300926 0.838281 0.304630 0.844010 0.307870 0.845833 0.323611 0.847917 0.325463 0.846875 0.328704 0.842448 0.329167 0.837500 0.327778 0.835156 0.325000 0.834375 0.308333 0.833854
0 0.301852 0.847396 0.299074 0.849479 0.298148 0.853906 0.303241 0.861198 0.308333 0.863021 0.318056 0.863281 0.320370 0.862760 0.325000 0.859635 0.327315 0.856771 0.327315 0.852865 0.325000 0.850000 0.321296 0.847917 0.314815 0.846615 0.308333 0.846094
0 0.301852 0.862500 0.296296 0.864844 0.289815 0.869010 0.287963 0.873437 0.291667 0.878385 0.297685 0.881771 0.301389 0.882812 0.309722 0.883073 0.315741 0.881771 0.324537 0.876823 0.325926 0.873958 0.325926 0.868750 0.323148 0.865104 0.318519 0.863021 0.311111 0.862240
0 0.159722 0.134635 0.153704 0.138542 0.155093 0.142448 0.164815 0.148958 0.170833 0.151042 0.177315 0.151823 0.182870 0.150260 0.184259 0.148958 0.187037 0.142448 0.180093 0.136979 0.173611 0.134896 0.170370 0.133073
0 0.214352 0.139844 0.206019 0.138802 0.197222 0.139063 0.193056 0.140104 0.187500 0.142708 0.184722 0.146094 0.183796 0.150521 0.190741 0.156250 0.197222 0.158073 0.207870 0.156771 0.212963 0.154688 0.218056 0.151042 0.220833 0.146615 0.218981 0.142448
0 0.222685 0.147135 0.219907 0.149479 0.219907 0.151302 0.223611 0.157031 0.232407 0.161979 0.239815 0.162500 0.246759 0.160156 0.248611 0.158333 0.249537 0.153646 0.248148 0.151562 0.240278 0.147917 0.233333 0.146354
0 0.215741 0.156771 0.209722 0.159375 0.207407 0.161979 0.205556 0.165365 0.206944 0.169531 0.209259 0.171875 0.217130 0.173958 0.225926 0.173698 0.235648 0.170052 0.236574 0.166927 0.235648 0.162760 0.224537 0.157552 0.220370 0.156510
0 0.256944 0.142708 0.255093 0.145573 0.255093 0.150521 0.257407 0.153385 0.265278 0.159896 0.274074 0.162760 0.278704 0.162760 0.283333 0.161979 0.290278 0.159115 0.293981 0.154427 0.292593 0.150260 0.287500 0.147396 0.281481 0.145052 0.267593 0.141667 0.259259 0.141667
0 0.342130 0.141146 0.336574 0.142708 0.331481 0.146875 0.330093 0.150521 0.334259 0.153125 0.336574 0.156771 0.345370 0.157292 0.355093 0.155469 0.357407 0.154167 0.358796 0.150260 0.352778 0.144792 0.348611 0.142448 0.344444 0.141146
0 0.371296 0.145573 0.361111 0.148698 0.360185 0.149740 0.360185 0.154948 0.363426 0.159375 0.369444 0.163802 0.371759 0.164583 0.378704 0.164844 0.392593 0.159115 0.393981 0.153646 0.391204 0.150521 0.384259 0.147396 0.379167 0.145833
0 0.392593 0.160677 0.384722 0.161458 0.376389 0.165104 0.368519 0.169531 0.365741 0.173958 0.368519 0.177344 0.372222 0.179688 0.377778 0.180729 0.382407 0.180208 0.387037 0.178385 0.393981 0.171875 0.395833 0.166927 0.395370 0.164323
0 0.352778 0.157031 0.343519 0.158073 0.341204 0.159375 0.339352 0.161719 0.338426 0.165625 0.338426 0.170313 0.341667 0.175521 0.345370 0.178125 0.350463 0.179427 0.356481 0.178125 0.360648 0.175781 0.365741 0.170052 0.367593 0.166667 0.366667 0.163281 0.363426 0.159896 0.360185 0.158594
0 0.308796 0.167448 0.306481 0.171094 0.306481 0.175781 0.307407 0.177083 0.316204 0.181771 0.324074 0.182812 0.331019 0.181250 0.335185 0.179167 0.336574 0.177865 0.337500 0.173437 0.334259 0.169531 0.323148 0.166667 0.312963 0.166667
0 0.322222 0.150781 0.316204 0.152865 0.312037 0.155729 0.309722 0.158073 0.310185 0.160156 0.312037 0.162240 0.314815 0.163542 0.321759 0.165625 0.331019 0.167187 0.333333 0.166406 0.335185 0.164062 0.336574 0.154688 0.334722 0.152865 0.330093 0.150781
0 0.287963 0.160417 0.282870 0.161979 0.279630 0.164323 0.279630 0.171094 0.284722 0.177083 0.290741 0.179948 0.295833 0.180729 0.301852 0.178906 0.305556 0.176563 0.308333 0.165625 0.306019 0.162500 0.301852 0.160677 0.296759 0.160156
0 0.274074 0.176042 0.266667 0.178646 0.262963 0.181250 0.263889 0.188281 0.265741 0.189583 0.273611 0.191406 0.280556 0.191927 0.285648 0.191406 0.288426 0.190365 0.289815 0.188802 0.290741 0.181510 0.287500 0.178385 0.281481 0.175781
0 0.246296 0.160417 0.242130 0.162500 0.239352 0.165885 0.239815 0.170052 0.254167 0.177344 0.260185 0.179427 0.268981 0.177865 0.275926 0.173698 0.276852 0.172396 0.277315 0.169531 0.275000 0.165885 0.269907 0.162760 0.263889 0.160938 0.254630 0.160156
0 0.238889 0.172135 0.230093 0.174219 0.227778 0.176042 0.226852 0.179948 0.227315 0.185938 0.231481 0.191667 0.234722 0.193750 0.239352 0.195833 0.247685 0.196354 0.256019 0.194010 0.263426 0.189583 0.262500 0.181771 0.261111 0.180208 0.255556 0.177344 0.246759 0.173958
0 0.205556 0.184635 0.201852 0.185938 0.196296 0.189323 0.198148 0.195052 0.200463 0.197396 0.205556 0.199219 0.218981 0.200781 0.226389 0.197656 0.230093 0.193490 0.225926 0.187240 0.222222 0.185156 0.212500 0.183854
0 0.197222 0.171875 0.188889 0.175000 0.183333 0.180990 0.183333 0.182292 0.186111 0.185417 0.190741 0.187500 0.198148 0.188281 0.200463 0.186719 0.207870 0.183854 0.209722 0.180990 0.209722 0.177344 0.208333 0.175521 0.205556 0.173958
0 0.204167 0.199740 0.199074 0.202865 0.194444 0.208854 0.194907 0.213021 0.196296 0.215625 0.200926 0.218490 0.204167 0.219531 0.209722 0.219531 0.214352 0.218490 0.224074 0.213802 0.225926 0.208333 0.222685 0.204167 0.218519 0.201823 0.212963 0.200260
0 0.180556 0.217708 0.178241 0.219010 0.175000 0.223958 0.175463 0.228906 0.181481 0.232292 0.190278 0.234375 0.195833 0.234896 0.201852 0.234375 0.204167 0.233073 0.207870 0.228646 0.206481 0.224219 0.204167 0.221875 0.198148 0.217969 0.193981 0.216927 0.184722 0.216927
0 0.240741 0.227083 0.237500 0.224479 0.233333 0.223177 0.223148 0.223698 0.218056 0.224479 0.210185 0.226823 0.206019 0.229427 0.203704 0.232552 0.207407 0.235417 0.215278 0.237500 0.220833 0.238021 0.232870 0.237760 0.237500 0.236719 0.239815 0.235156
0 0.256944 0.211198 0.250926 0.209635 0.244907 0.209115 0.239352 0.209635 0.229630 0.213021 0.229167 0.214583 0.230093 0.221354 0.239815 0.225000 0.246759 0.224219 0.253241 0.221615 0.262500 0.220833 0.262963 0.216146
0 0.264352 0.221615 0.261574 0.221094 0.251852 0.221615 0.247685 0.222917 0.243519 0.225260 0.241204 0.228125 0.240278 0.231771 0.240741 0.234896 0.243056 0.236979 0.251389 0.239063 0.258333 0.239063 0.267593 0.236979 0.274074 0.234115 0.275926 0.232552 0.275463 0.227344 0.271296 0.223958
0 0.278241 0.225521 0.276389 0.227344 0.276389 0.232292 0.280093 0.236719 0.286574 0.240885 0.295833 0.240625 0.301852 0.236458 0.301852 0.231510 0.299074 0.227865 0.296759 0.226562 0.289352 0.224740 0.282407 0.224740
0 0.284259 0.207031 0.278704 0.210938 0.276852 0.213281 0.275926 0.217188 0.277778 0.219531 0.286111 0.224219 0.294907 0.225781 0.303704 0.225260 0.306019 0.224219 0.308333 0.220833 0.308796 0.216146 0.306944 0.212760 0.302315 0.209635 0.297222 0.207813 0.288889 0.206250
0 0.292593 0.189323 0.289352 0.191146 0.284722 0.195573 0.282870 0.200260 0.283796 0.204167 0.287963 0.205729 0.300463 0.207031 0.310648 0.205469 0.312963 0.203906 0.314352 0.201563 0.313889 0.197135 0.301852 0.189323 0.296759 0.188802
0 0.267593 0.190104 0.260185 0.191927 0.257870 0.193490 0.255556 0.197135 0.258796 0.200521 0.262500 0.206510 0.266204 0.208073 0.268056 0.208073 0.277778 0.205469 0.281944 0.202865 0.283796 0.198177 0.283333 0.192969
0 0.243981 0.196875 0.239352 0.199219 0.237500 0.201042 0.239352 0.207552 0.243056 0.209115 0.254630 0.210677 0.260648 0.210938 0.265278 0.209115 0.262963 0.204687 0.255556 0.196354 0.253241 0.195312
0 0.162963 0.242708 0.155556 0.248177 0.154167 0.252604 0.156019 0.254427 0.169444 0.259896 0.177315 0.259896 0.184722 0.255729 0.185648 0.252604 0.184722 0.250000 0.182407 0.247396 0.176852 0.244010 0.170833 0.242708
0 0.135185 0.245573 0.125463 0.245312 0.121759 0.245833 0.116204 0.247656 0.113889 0.250260 0.111111 0.251823 0.110648 0.255990 0.115741 0.260677 0.121296 0.263281 0.128704 0.263542 0.133333 0.262240 0.143056 0.256771 0.144444 0.253385 0.143519 0.248438 0.141204 0.247135
0 0.225926 0.257292 0.224537 0.260156 0.232407 0.266146 0.239352 0.268229 0.247685 0.269010 0.253704 0.266667 0.255556 0.263802 0.255093 0.258854 0.253704 0.256771 0.250000 0.254948 0.245833 0.254167 0.229630 0.256250
0 0.236574 0.240365 0.232870 0.240885 0.226389 0.246615 0.225926 0.249219 0.227315 0.250781 0.231019 0.252604 0.239815 0.253646 0.247222 0.251823 0.249537 0.250521 0.251852 0.244010 0.247222 0.241406 0.241204 0.240365
0 0.251389 0.244271 0.249537 0.247135 0.249537 0.252083 0.254167 0.254427 0.257407 0.255208 0.262037 0.255469 0.267593 0.254948 0.276852 0.252083 0.280093 0.248438 0.279167 0.246875 0.275926 0.245312 0.262963 0.242969 0.258796 0.242708