0 0.367130 0.866927 0.363426 0.868490 0.358333 0.872917 0.356944 0.875781 0.357407 0.879948 0.359722 0.880990 0.370833 0.882292 0.379167 0.881771 0.383796 0.877344 0.383333 0.872135 0.381944 0.869531 0.378704 0.867448 0.375926 0.866667 0.371296 0.866146
0 0.409722 0.874479 0.400000 0.872396 0.393519 0.871875 0.390278 0.872396 0.387037 0.874219 0.382870 0.881250 0.387500 0.887500 0.392130 0.890365 0.400463 0.889062 0.409722 0.884896 0.412963 0.880990 0.412037 0.876302
0 0.376852 0.882552 0.368519 0.883854 0.363426 0.886458 0.361574 0.888281 0.361574 0.893229 0.363889 0.896094 0.373611 0.900521 0.379167 0.901302 0.385185 0.900000 0.388889 0.896875 0.389352 0.889062 0.383796 0.883333
0 0.345833 0.870833 0.343056 0.870573 0.336111 0.871354 0.331019 0.876823 0.331019 0.881250 0.332407 0.884375 0.336574 0.887240 0.344444 0.886979 0.350000 0.884896 0.356481 0.880990 0.356019 0.876563 0.354167 0.874479
0 0.355093 0.860417 0.350000 0.856510 0.344907 0.855469 0.335185 0.855208 0.330556 0.855990 0.322685 0.859635 0.317130 0.864844 0.317130 0.869010 0.322222 0.869792 0.328704 0.869271 0.343981 0.869792 0.350926 0.868490 0.354630 0.865625
0 0.357407 0.839063 0.355093 0.837500 0.350926 0.836198 0.343056 0.836458 0.337500 0.837760 0.327315 0.842708 0.325000 0.845313 0.325463 0.847135 0.327778 0.848958 0.336574 0.850781 0.345370 0.851042 0.353241 0.849740 0.358333 0.845833 0.358796 0.841667
0 0.322685 0.819271 0.313889 0.819010 0.308333 0.821094 0.306019 0.823698 0.303704 0.829167 0.303704 0.833854 0.304630 0.835417 0.308796 0.837240 0.317130 0.836458 0.321296 0.835417 0.326389 0.833333 0.329630 0.830469 0.331481 0.826562 0.328704 0.822135
0 0.280093 0.803385 0.267593 0.800521 0.260185 0.803125 0.256019 0.810937 0.255556 0.815625 0.256944 0.818490 0.260185 0.819271 0.267130 0.818750 0.280556 0.811979 0.282407 0.810156 0.282407 0.805729
0 0.274537 0.794792 0.275000 0.799479 0.280556 0.803646 0.283796 0.804688 0.290278 0.804948 0.295833 0.804427 0.300926 0.802344 0.303241 0.799740 0.302315 0.795052 0.295370 0.790365 0.286574 0.790365 0.281481 0.791406
0 0.316667 0.785417 0.306481 0.785937 0.303241 0.787500 0.302778 0.795573 0.305556 0.802083 0.308333 0.803646 0.314352 0.802865 0.317593 0.801823 0.325000 0.794792 0.325000 0.790625 0.319444 0.786458
0 0.322685 0.796875 0.321296 0.798438 0.320833 0.802865 0.325000 0.806510 0.328704 0.808073 0.341204 0.810417 0.350000 0.810156 0.353704 0.808854 0.356481 0.802344 0.352315 0.796875 0.345833 0.794010 0.342130 0.793229 0.333796 0.793229 0.327778 0.794531
0 0.379630 0.798958 0.371296 0.798438 0.363889 0.800260 0.359259 0.802604 0.355556 0.806510 0.356481 0.810677 0.360648 0.813281 0.363889 0.814063 0.373611 0.814063 0.379167 0.812500 0.380556 0.810156 0.384259 0.807031 0.384722 0.802865
0 0.403241 0.800781 0.400463 0.800260 0.392593 0.800781 0.387037 0.803906 0.381019 0.811719 0.381019 0.814844 0.384722 0.817448 0.389815 0.818490 0.399537 0.818490 0.404630 0.816927 0.409722 0.807031 0.408796 0.802865
0 0.385185 0.787240 0.382407 0.788021 0.380556 0.789844 0.379630 0.794531 0.380556 0.797396 0.385185 0.802083 0.392593 0.801562 0.395833 0.798958 0.400926 0.796354 0.402778 0.793750 0.403241 0.790625 0.399537 0.788281 0.393519 0.787240
0 0.415278 0.789583 0.411111 0.791667 0.408796 0.794531 0.409722 0.800781 0.412037 0.803125 0.416667 0.804948 0.427315 0.805208 0.433796 0.802865 0.437037 0.799740 0.437500 0.797396 0.436574 0.794792 0.432407 0.790885 0.427778 0.789062 0.418056 0.789062
0 0.447222 0.777865 0.437500 0.781771 0.431944 0.786719 0.431944 0.787500 0.436574 0.792448 0.440278 0.794531 0.448148 0.796875 0.454630 0.795312 0.459722 0.791927 0.462037 0.787500 0.462500 0.782813 0.458333 0.779687
0 0.440741 0.799219 0.435648 0.802865 0.427778 0.806510 0.428704 0.810937 0.432870 0.813802 0.437037 0.815365 0.439815 0.815885 0.447685 0.815625 0.454630 0.810937 0.456944 0.806510 0.454167 0.802344 0.451389 0.800000 0.449074 0.799219
0 0.428241 0.817969 0.425463 0.822656 0.433796 0.828125 0.442593 0.828906 0.449074 0.827344 0.451389 0.826042 0.452778 0.823698 0.452778 0.821354 0.451389 0.819531 0.447222 0.816927 0.442130 0.815885 0.433796 0.815625
0 0.420370 0.804688 0.413426 0.805729 0.408333 0.810937 0.406481 0.815625 0.406481 0.819010 0.407870 0.820833 0.411111 0.822135 0.422222 0.821615 0.425463 0.820312 0.426852 0.818750 0.428241 0.814323 0.425926 0.808333 0.424537 0.806510
0 0.382870 0.815885 0.380833 0.814323 0.376250 0.815026 0.372222 0.816406 0.368981 0.818490 0.378241 0.828646 0.385185 0.832292 0.389815 0.832292 0.393519 0.831510 0.399537 0.826302 0.400926 0.821615 0.394907 0.818229 0.390417 0.818203 0.387778 0.817891 0.385370 0.817552
0 0.406019 0.822656 0.400463 0.828125 0.399537 0.834375 0.401852 0.836458 0.405556 0.837760 0.413889 0.837500 0.417593 0.836458 0.420833 0.834115 0.421759 0.831250 0.421296 0.826823 0.413889 0.822656
0 0.358796 0.814844 0.350463 0.815365 0.344444 0.818750 0.343519 0.821094 0.343981 0.824740 0.346759 0.831250 0.350463 0.834115 0.357870 0.833854 0.364815 0.829688 0.368981 0.823958 0.369444 0.821875 0.366667 0.817708 0.363889 0.816146
0 0.377315 0.830469 0.371296 0.829427 0.364815 0.830729 0.359259 0.833854 0.358333 0.840885 0.359722 0.844792 0.362037 0.846615 0.365278 0.847135 0.371759 0.846354 0.378241 0.843750 0.381944 0.841146 0.383796 0.838281 0.383333 0.833594
0 0.363426 0.848177 0.359259 0.849219 0.355556 0.851302 0.354167 0.853125 0.353704 0.857552 0.356019 0.861719 0.358333 0.863021 0.363426 0.864323 0.366204 0.864323 0.371759 0.863021 0.374537 0.860677 0.376389 0.858073 0.377778 0.853385 0.376389 0.851302 0.374074 0.850000 0.368056 0.848437
0 0.384259 0.850521 0.380093 0.851823 0.377778 0.853385 0.375463 0.862240 0.376389 0.865104 0.378241 0.866667 0.381944 0.868229 0.386574 0.868750 0.393519 0.867188 0.401852 0.862760 0.403241 0.861458 0.403704 0.857292 0.392593 0.853906 0.386111 0.850521
0 0.405556 0.839844 0.390278 0.844010 0.387963 0.845833 0.386574 0.850000 0.387963 0.852083 0.393981 0.854948 0.399074 0.856250 0.407407 0.856771 0.414815 0.855729 0.416667 0.854948 0.417593 0.844792 0.416667 0.842187 0.414352 0.840625
0 0.426852 0.839583 0.423148 0.840625 0.418519 0.843490 0.417130 0.851302 0.418519 0.853906 0.423148 0.856510 0.427778 0.857812 0.434722 0.857031 0.438426 0.854948 0.442593 0.850000 0.443981 0.845313 0.437037 0.841667
0 0.449537 0.827865 0.437500 0.829688 0.425926 0.833854 0.424537 0.837500 0.425000 0.838542 0.431019 0.840885 0.441204 0.842708 0.447685 0.844531 0.454630 0.842448 0.456481 0.841146 0.457407 0.838802 0.456944 0.833854 0.454630 0.830990
0 0.454630 0.842708 0.446759 0.845573 0.444444 0.848958 0.445370 0.852865 0.449537 0.857552 0.454630 0.860417 0.461111 0.861198 0.466204 0.860417 0.469444 0.857812 0.469907 0.853125 0.468981 0.848958 0.466204 0.846094 0.462037 0.843750
0 0.474537 0.868229 0.469907 0.866406 0.466667 0.866406 0.452778 0.869010 0.443981 0.872917 0.443519 0.877083 0.444907 0.878906 0.448148 0.880469 0.454167 0.881771 0.462037 0.882031 0.468519 0.883073 0.476389 0.880990 0.477315 0.872396
0 0.447222 0.881250 0.442130 0.883594 0.437963 0.888281 0.436111 0.893229 0.437500 0.896354 0.441667 0.898177 0.448611 0.898958 0.455093 0.898177 0.459259 0.896615 0.462963 0.892969 0.463426 0.888021 0.457870 0.883594 0.452778 0.882031
0 0.419907 0.869531 0.415741 0.871354 0.413889 0.874219 0.413889 0.877604 0.417130 0.882552 0.422222 0.885938 0.426389 0.887500 0.434259 0.887240 0.440278 0.884896 0.443056 0.880990 0.442130 0.876563 0.440741 0.874740 0.437963 0.872917 0.427315 0.869010
0 0.441667 0.855990 0.432870 0.857552 0.429167 0.859375 0.426389 0.864844 0.427778 0.869271 0.433796 0.872396 0.440278 0.873958 0.446296 0.871615 0.450000 0.869271 0.452315 0.866146 0.453241 0.860938 0.450463 0.858333 0.448148 0.857292
0 0.420370 0.854948 0.414352 0.855208 0.406019 0.857292 0.403704 0.860417 0.401852 0.865625 0.406019 0.868750 0.412963 0.870573 0.423148 0.868490 0.426389 0.865625 0.426389 0.859115 0.425463 0.857552
0 0.159722 0.117708 0.157407 0.119010 0.157407 0.123698 0.161111 0.131771 0.163426 0.133854 0.168056 0.135677 0.171296 0.135937 0.178241 0.135677 0.184259 0.133594 0.188426 0.130990 0.189815 0.127604 0.188426 0.123958 0.184259 0.120313 0.180093 0.118229 0.174537 0.116927 0.168519 0.116667
0 0.135185 0.134115 0.133796 0.134635 0.133796 0.137760 0.137037 0.144531 0.142130 0.148958 0.150000 0.150000 0.161574 0.142708 0.163426 0.138802 0.161574 0.136198 0.158333 0.134635 0.150926 0.133594 0.141667 0.133333
0 0.100000 0.134635 0.094444 0.136198 0.091667 0.138542 0.091667 0.144010 0.093056 0.147917 0.095370 0.150521 0.099074 0.152083 0.107870 0.151823 0.115278 0.148438 0.117130 0.146354 0.118519 0.142708 0.117130 0.139063 0.114815 0.136719 0.109259 0.134896
0 0.114815 0.175781 0.109259 0.175000 0.100463 0.175521 0.096759 0.176563 0.094444 0.178125 0.093519 0.181771 0.095370 0.192708 0.100463 0.195573 0.110185 0.194792 0.113889 0.193490 0.119907 0.189323 0.121759 0.185677 0.121296 0.181510 0.118519 0.177604
0 0.072685 0.203646 0.070833 0.204948 0.071296 0.209115 0.072685 0.210938 0.086574 0.217448 0.094444 0.217448 0.099537 0.213542 0.102778 0.209896 0.102315 0.205990 0.100463 0.203906 0.094444 0.201563 0.090278 0.201302 0.079167 0.201823
0 0.089815 0.224219 0.084259 0.228385 0.085185 0.232031 0.087037 0.233594 0.091204 0.235417 0.100463 0.237760 0.108333 0.237760 0.112963 0.236458 0.115278 0.232031 0.113426 0.227344 0.109722 0.223698 0.099537 0.222656 0.093056 0.223177
0 0.115741 0.220052 0.112963 0.224219 0.113426 0.226823 0.115741 0.230990 0.120370 0.232552 0.128704 0.233333 0.136574 0.231510 0.140741 0.229167 0.145370 0.225000 0.144907 0.220573 0.141667 0.219792 0.133796 0.219010 0.119907 0.218750
0 0.114815 0.203385 0.111111 0.205729 0.108796 0.208594 0.108796 0.213281 0.114352 0.218490 0.124074 0.219271 0.135648 0.219271 0.137500 0.218750 0.139815 0.217188 0.140741 0.212760 0.132407 0.205729 0.126389 0.202604 0.120370 0.202344
0 0.134259 0.186719 0.127315 0.188802 0.125926 0.194010 0.127778 0.200781 0.134722 0.205729 0.136574 0.205990 0.143056 0.204948 0.153704 0.201042 0.156019 0.198698 0.156481 0.196875 0.154630 0.193229 0.151389 0.190625 0.143981 0.187760
0 0.121296 0.170052 0.118519 0.172656 0.118056 0.174740 0.119444 0.177865 0.123611 0.180469 0.131481 0.183594 0.139352 0.185417 0.143056 0.185677 0.149537 0.184375 0.151389 0.181510 0.153241 0.173698 0.148611 0.169531 0.143519 0.167969
0 0.148148 0.150521 0.142130 0.152344 0.139815 0.154688 0.138889 0.159375 0.140278 0.162760 0.141667 0.164323 0.148611 0.167708 0.158796 0.167448 0.164815 0.165365 0.168519 0.162500 0.168981 0.157292 0.167593 0.153646 0.163426 0.151562
0 0.179167 0.144531 0.175926 0.144531 0.171759 0.146615 0.168981 0.153906 0.169907 0.162500 0.177315 0.163021 0.180556 0.160938 0.190741 0.157552 0.195370 0.154688 0.193981 0.150260 0.186111 0.146094
0 0.178241 0.160417 0.175463 0.161719 0.175463 0.166146 0.179630 0.173177 0.184259 0.175781 0.193519 0.176042 0.201852 0.174219 0.205093 0.171354 0.205556 0.168490 0.204630 0.165885 0.200926 0.162760 0.191667 0.158854 0.183333 0.159375
0 0.224074 0.147656 0.218056 0.147135 0.207407 0.150260 0.200463 0.154167 0.197222 0.158073 0.199074 0.161979 0.204630 0.165625 0.209722 0.167708 0.219444 0.167708 0.225000 0.164583 0.229167 0.153906 0.227778 0.150521 0.225926 0.148438
0 0.237963 0.153125 0.231481 0.154948 0.229167 0.156510 0.225463 0.161719 0.225463 0.166146 0.230093 0.169271 0.233333 0.170313 0.237500 0.170833 0.246296 0.170573 0.250000 0.167708 0.252778 0.162500 0.252778 0.157812 0.250463 0.155208 0.246759 0.153385
0 0.253241 0.160677 0.250926 0.163542 0.248611 0.170573 0.251389 0.173958 0.260185 0.177083 0.266667 0.178125 0.275926 0.176823 0.278241 0.175260 0.279630 0.171615 0.279630 0.165625 0.277315 0.163542 0.271759 0.161198 0.266667 0.159896 0.258796 0.159635
0 0.303704 0.158073 0.298148 0.157292 0.292593 0.157292 0.287963 0.158333 0.281944 0.165885 0.280093 0.169531 0.279167 0.174479 0.282870 0.179167 0.287963 0.182031 0.295833 0.179948 0.300000 0.177604 0.304167 0.172917 0.306481 0.167448 0.306481 0.161719
0 0.314352 0.158594 0.311111 0.159375 0.307870 0.161979 0.307407 0.166927 0.309259 0.170313 0.313889 0.175521 0.322222 0.180990 0.329167 0.180729 0.331019 0.179688 0.334259 0.173958 0.335648 0.161979 0.331944 0.159375 0.328704 0.158594 0.323148 0.158073
0 0.437963 0.173698 0.436574 0.176302 0.437500 0.179948 0.441667 0.184115 0.447222 0.186458 0.455093 0.186458 0.461574 0.185677 0.465741 0.183854 0.468056 0.181771 0.467130 0.173958 0.465278 0.171875 0.461111 0.170052 0.447685 0.169531 0.440741 0.173177
0 0.426852 0.161458 0.422685 0.162760 0.420833 0.164062 0.419907 0.165625 0.420370 0.170052 0.426852 0.173958 0.434722 0.176042 0.438426 0.175000 0.448148 0.170052 0.446759 0.166146 0.443056 0.163802
0 0.398611 0.159115 0.395370 0.160417 0.393056 0.161979 0.390741 0.165625 0.392130 0.171354 0.394907 0.173958 0.398611 0.175260 0.409259 0.173958 0.410185 0.172656 0.415741 0.170052 0.416667 0.165625 0.411574 0.161979 0.406481 0.159635
0 0.371296 0.164062 0.367593 0.165885 0.363426 0.170573 0.362037 0.173437 0.363426 0.176823 0.368981 0.179948 0.377315 0.181771 0.382870 0.181771 0.389352 0.180729 0.392130 0.177604 0.391667 0.173698 0.388889 0.169010 0.383333 0.165365 0.378704 0.164062
0 0.402315 0.175521 0.399537 0.177604 0.399537 0.182031 0.403241 0.184375 0.413426 0.189323 0.419907 0.191406 0.427315 0.189323 0.431019 0.185677 0.432870 0.177604 0.429630 0.175000 0.419444 0.172917 0.412963 0.173437
0 0.385185 0.182292 0.380556 0.189062 0.381481 0.193490 0.385185 0.196094 0.388426 0.196875 0.399537 0.202083 0.406019 0.203646 0.412500 0.202604 0.418981 0.199740 0.420370 0.196875 0.418519 0.192448 0.415741 0.190365 0.413426 0.189844 0.399537 0.182292 0.393519 0.181510
0 0.433796 0.186198 0.428241 0.188542 0.423611 0.192448 0.423148 0.193750 0.424537 0.197396 0.433796 0.203646 0.448148 0.206250 0.453241 0.203125 0.454167 0.196875 0.447222 0.189062 0.443981 0.186979 0.441667 0.186198
0 0.427315 0.199479 0.419907 0.199479 0.414352 0.202344 0.410185 0.206510 0.407407 0.211979 0.407407 0.214062 0.409259 0.216927 0.412963 0.218750 0.428241 0.216927 0.433333 0.215104 0.436111 0.213021 0.437037 0.209896 0.436111 0.204948
0 0.393056 0.200260 0.384722 0.201563 0.381944 0.203125 0.380556 0.205208 0.379167 0.217188 0.384722 0.220573 0.393056 0.220312 0.400000 0.218229 0.405093 0.214583 0.407870 0.209635 0.407870 0.208073 0.405093 0.204948 0.400463 0.202344
0 0.372685 0.201302 0.364352 0.201563 0.357870 0.204687 0.353241 0.208854 0.355093 0.213542 0.358796 0.216927 0.363426 0.218750 0.373611 0.218490 0.376852 0.217708 0.378704 0.216406 0.380093 0.210417 0.379630 0.204948 0.375926 0.202083
0 0.343981 0.180990 0.338426 0.185156 0.338426 0.189583 0.343981 0.194792 0.350463 0.197396 0.357870 0.197656 0.366204 0.195833 0.369907 0.193750 0.370370 0.188802 0.365741 0.183594 0.359722 0.180208 0.357407 0.179688 0.349074 0.179427
0 0.336111 0.205208 0.332407 0.206510 0.329167 0.208854 0.329167 0.213802 0.331481 0.222135 0.334259 0.224740 0.337963 0.226302 0.346759 0.226562 0.350926 0.226042 0.355556 0.224219 0.359259 0.221094 0.358333 0.216406 0.354167 0.212240 0.343981 0.205469
0 0.309259 0.206771 0.302315 0.212500 0.300000 0.216927 0.309722 0.221875 0.315741 0.223438 0.324074 0.223177 0.328704 0.222135 0.330093 0.221094 0.329630 0.215365 0.327778 0.209375 0.325926 0.207552 0.322685 0.206250 0.318519 0.205729 0.313889 0.205729
0 0.318519 0.191406 0.314815 0.192969 0.311111 0.196875 0.312037 0.201823 0.314815 0.203906 0.320370 0.205469 0.330093 0.206771 0.335185 0.205208 0.337500 0.202865 0.337500 0.196615 0.335648 0.193750 0.331019 0.191146 0.322222 0.190885
0 0.301852 0.178906 0.293981 0.181771 0.292593 0.186198 0.295370 0.194010 0.296759 0.195312 0.300463 0.196354 0.306019 0.196354 0.309259 0.195833 0.313426 0.193490 0.317130 0.189323 0.317130 0.181771 0.313426 0.179688
0 0.274537 0.182292 0.267593 0.182812 0.263889 0.183854 0.260648 0.185677 0.258796 0.188542 0.258796 0.193229 0.265278 0.197656 0.273148 0.198958 0.285648 0.195833 0.289352 0.193490 0.289352 0.188281 0.287037 0.184896 0.283796 0.183594
0 0.254167 0.174740 0.245370 0.174740 0.239352 0.176302 0.237500 0.177604 0.237963 0.187500 0.240741 0.193229 0.242130 0.194792 0.245370 0.195833 0.248611 0.195573 0.255556 0.192969 0.257407 0.189583 0.263889 0.183073 0.264352 0.181510 0.262037 0.177865
0 0.217593 0.171354 0.212500 0.172135 0.210185 0.173177 0.207870 0.176563 0.206944 0.182031 0.211574 0.188021 0.218981 0.190104 0.228704 0.188542 0.234722 0.186719 0.237037 0.184375 0.237500 0.180990 0.236574 0.177604 0.233796 0.175781 0.220370 0.171615
0 0.178241 0.188021 0.177778 0.193490 0.190278 0.196615 0.207870 0.196094 0.211111 0.195312 0.212963 0.193750 0.213426 0.189323 0.205093 0.181510 0.196296 0.181250 0.191667 0.182031 0.180556 0.186198
0 0.170370 0.169010 0.162963 0.169271 0.158333 0.171615 0.152778 0.175781 0.150926 0.180729 0.150926 0.184635 0.152778 0.187500 0.156019 0.189323 0.163889 0.189844 0.167130 0.188802 0.174537 0.187760 0.180556 0.185156 0.183333 0.182812 0.184259 0.177344 0.182407 0.175000 0.175463 0.170573
0 0.158333 0.198437 0.156019 0.198437 0.141204 0.204948 0.139352 0.208594 0.140278 0.210677 0.143981 0.214323 0.147685 0.215625 0.156019 0.216667 0.164352 0.215625 0.166667 0.213542 0.165741 0.205729 0.163889 0.200260 0.162500 0.199219
0 0.179630 0.194792 0.170833 0.195573 0.164815 0.197135 0.163889 0.200521 0.165278 0.209375 0.167130 0.213802 0.173611 0.218229 0.176852 0.219010 0.182407 0.217969 0.188426 0.213281 0.193519 0.201563 0.193056 0.200260 0.188426 0.196615 0.183796 0.195052
0 0.193519 0.202604 0.190278 0.208333 0.190278 0.211458 0.191667 0.213802 0.196759 0.216406 0.204630 0.218750 0.209259 0.218750 0.223148 0.217188 0.228241 0.216146 0.230093 0.215104 0.231019 0.213802 0.230093 0.208594 0.220833 0.203646 0.212963 0.201823 0.206944 0.201302 0.197685 0.201302
0 0.239352 0.196875 0.233333 0.198698 0.231019 0.200260 0.228704 0.205729 0.231944 0.213542 0.235648 0.216667 0.239352 0.218750 0.247222 0.219010 0.253704 0.217448 0.257870 0.215365 0.259259 0.213542 0.258796 0.208854 0.247685 0.198958
0 0.236574 0.187500 0.232407 0.186979 0.225926 0.188802 0.221296 0.189323 0.215278 0.191406 0.213426 0.194271 0.213426 0.197917 0.215741 0.200781 0.218056 0.202083 0.224074 0.203125 0.227778 0.202865 0.235648 0.198437 0.239352 0.197135 0.241204 0.193229 0.239352 0.189583
0 0.278704 0.197135 0.276852 0.198437 0.275926 0.200521 0.277315 0.204167 0.283796 0.206510 0.294907 0.213542 0.302315 0.212500 0.306944 0.209375 0.309259 0.205469 0.308796 0.201302 0.306019 0.198437 0.302778 0.197135 0.289352 0.195312
0 0.264815 0.207813 0.260648 0.210938 0.259722 0.214062 0.261574 0.216667 0.267593 0.219792 0.273611 0.222135 0.281944 0.222135 0.286574 0.221354 0.291204 0.219531 0.293056 0.217188 0.293519 0.212500 0.281944 0.205208 0.274074 0.204687
0 0.357407 0.222917 0.355093 0.224479 0.344907 0.228385 0.342130 0.231771 0.343056 0.236458 0.350463 0.240885 0.355556 0.241927 0.364352 0.241927 0.368981 0.240365 0.372685 0.234375 0.373611 0.228125 0.368056 0.224219 0.365278 0.223438
0 0.316204 0.225781 0.313889 0.227344 0.311574 0.232292 0.312500 0.236458 0.314352 0.238021 0.322685 0.240104 0.337037 0.239583 0.339352 0.237240 0.339815 0.235156 0.338426 0.229167 0.335648 0.225781 0.330556 0.223698 0.321296 0.224219
0 0.310185 0.222135 0.302315 0.218750 0.291667 0.221354 0.288889 0.222917 0.286574 0.225521 0.281019 0.228385 0.279630 0.232552 0.286574 0.235156 0.294907 0.236979 0.309259 0.235156 0.311574 0.233333 0.312963 0.229427 0.312037 0.224219
0 0.261111 0.218490 0.254167 0.219010 0.246759 0.220573 0.243056 0.224219 0.243519 0.232031 0.245833 0.236719 0.249074 0.240104 0.252315 0.241406 0.259722 0.241146 0.261574 0.240365 0.266204 0.236198 0.271296 0.228385 0.272222 0.224219 0.270370 0.221875 0.266667 0.219792
0 0.232407 0.217188 0.226389 0.216667 0.218056 0.217188 0.211111 0.218229 0.207870 0.220052 0.207870 0.224740 0.212963 0.231250 0.218519 0.233854 0.225000 0.233333 0.233333 0.230990 0.236111 0.228906 0.239352 0.224740 0.239352 0.220573
0 0.198611 0.217188 0.188889 0.217969 0.185648 0.218750 0.177778 0.222396 0.175926 0.223958 0.175000 0.228646 0.184722 0.235677 0.191204 0.236198 0.194444 0.235156 0.199537 0.232292 0.201852 0.228125 0.206944 0.224740 0.206019 0.220052
0 0.152315 0.226302 0.150463 0.227604 0.149537 0.232031 0.150926 0.236458 0.163889 0.244531 0.170370 0.245573 0.176852 0.243490 0.181481 0.240104 0.183796 0.236979 0.182870 0.234375 0.181019 0.232552 0.175926 0.229687 0.163889 0.226302 0.156944 0.225521
0 0.322222 0.512500 0.313426 0.516667 0.312963 0.521875 0.315741 0.525000 0.323611 0.526042 0.329630 0.525260 0.335185 0.523177 0.337037 0.521615 0.337037 0.517448 0.331481 0.514062
0 0.468981 0.182812 0.465278 0.185417 0.466204 0.189844 0.469444 0.192708 0.472685 0.194271 0.481944 0.196615 0.490741 0.196615 0.494444 0.194271 0.496759 0.190365 0.496296 0.185417 0.493056 0.181250 0.490278 0.179948 0.482407 0.179427 0.473148 0.181250
0 0.461574 0.191667 0.457870 0.196615 0.458333 0.201042 0.460185 0.204948 0.468519 0.207813 0.475463 0.211719 0.485185 0.210156 0.489352 0.207292 0.491204 0.204687 0.492130 0.200781 0.489815 0.197396 0.477778 0.195312 0.471759 0.193490 0.468981 0.191667
0 0.533333 0.189062 0.524074 0.189844 0.520370 0.193490 0.518981 0.196354 0.518981 0.201302 0.520370 0.203385 0.524537 0.205729 0.531019 0.207031 0.538889 0.205990 0.546296 0.203906 0.550926 0.201302 0.550926 0.196615 0.546759 0.192969 0.541667 0.190625
0 0.609259 0.175781 0.596759 0.181510 0.595370 0.184375 0.596296 0.188281 0.598611 0.189583 0.607870 0.191146 0.617593 0.193750 0.622685 0.194271 0.625926 0.192969 0.626852 0.189062 0.621759 0.182552 0.620370 0.177344 0.618519 0.175781 0.616204 0.175260
0 0.670370 0.165104 0.659722 0.165885 0.656481 0.169531 0.656019 0.173958 0.656944 0.178125 0.658796 0.181510 0.662500 0.183854 0.670370 0.183594 0.676852 0.181250 0.681944 0.177865 0.683796 0.174219 0.682407 0.169531 0.677315 0.166927
0 0.662963 0.185938 0.657407 0.186979 0.651852 0.189062 0.649074 0.190625 0.646296 0.193750 0.651389 0.200000 0.658333 0.205208 0.662500 0.206510 0.670370 0.206250 0.674074 0.197917 0.674074 0.192708 0.669444 0.187760
0 0.648611 0.195573 0.646759 0.194792 0.642130 0.194271 0.632870 0.196354 0.622222 0.200260 0.614352 0.204948 0.612500 0.209115 0.614815 0.211198 0.618981 0.213021 0.624074 0.213281 0.642593 0.211979 0.649074 0.210156 0.654630 0.205729 0.655093 0.204427 0.653704 0.200781
0 0.588426 0.191406 0.586111 0.193229 0.583796 0.197135 0.584722 0.201302 0.586574 0.203385 0.591667 0.205990 0.600463 0.208073 0.607407 0.207813 0.611111 0.207031 0.613426 0.205729 0.616667 0.201563 0.612500 0.193750 0.600926 0.190104 0.592593 0.190104
0 0.672222 0.216667 0.664352 0.217188 0.656481 0.218750 0.651389 0.220573 0.651852 0.225000 0.658333 0.232292 0.662963 0.234115 0.670833 0.232813 0.675926 0.229687 0.679167 0.225000 0.677778 0.218750
0 0.586111 0.213542 0.581944 0.214844 0.578241 0.217448 0.575926 0.220312 0.575926 0.225000 0.577315 0.227083 0.579630 0.228385 0.584259 0.229167 0.589352 0.229167 0.596296 0.227865 0.602315 0.225000 0.603241 0.220312 0.601389 0.218229 0.593981 0.213802
0 0.572685 0.206250 0.561574 0.206250 0.556481 0.207292 0.552778 0.208854 0.550463 0.213281 0.551852 0.219792 0.554167 0.221354 0.556481 0.221875 0.569907 0.221354 0.574074 0.220312 0.576852 0.218750 0.578241 0.216927 0.577315 0.213021 0.575000 0.208333
0 0.531481 0.208073 0.522685 0.212760 0.520370 0.216146 0.520833 0.218229 0.522222 0.219531 0.537963 0.224740 0.545370 0.225000 0.548148 0.223438 0.550000 0.221354 0.550000 0.219792 0.544907 0.211198 0.542593 0.208854 0.539352 0.207552
0 0.495370 0.209115 0.491667 0.210156 0.487037 0.213802 0.485648 0.216406 0.487037 0.220833 0.489815 0.222917 0.494444 0.224479 0.503704 0.226042 0.511574 0.223438 0.513889 0.221875 0.515741 0.216406 0.512963 0.213281 0.505093 0.209115
0 0.511111 0.224479 0.512037 0.228385 0.516204 0.230469 0.520370 0.234115 0.526852 0.237240 0.529630 0.237760 0.536574 0.237240 0.540741 0.235937 0.543981 0.233073 0.542593 0.226823 0.540278 0.225260 0.531481 0.222135 0.524074 0.221615
0 0.501852 0.226823 0.500000 0.225781 0.493981 0.224740 0.489815 0.223177 0.481019 0.223438 0.475463 0.224219 0.471296 0.226042 0.469907 0.227865 0.470833 0.233594 0.475926 0.237500 0.483333 0.237500 0.489815 0.235937 0.496759 0.235156 0.500926 0.232292 0.502315 0.229427
0 0.468519 0.207552 0.462500 0.206250 0.454167 0.206771 0.447222 0.210417 0.443056 0.213802 0.439352 0.219271 0.440278 0.224479 0.442593 0.226562 0.447685 0.227344 0.450463 0.226823 0.472222 0.218750 0.474074 0.216927 0.475000 0.212760 0.472685 0.209896
0 0.454630 0.225781 0.450000 0.228646 0.448611 0.232552 0.445833 0.235937 0.446296 0.240885 0.450926 0.244010 0.454630 0.245052 0.462500 0.245052 0.471296 0.242188 0.473148 0.240365 0.473611 0.236198 0.471296 0.233073 0.469907 0.228906 0.468519 0.227865 0.462500 0.226302
0 0.436111 0.218750 0.431481 0.217448 0.425463 0.217188 0.414815 0.219010 0.409259 0.224219 0.408796 0.228906 0.411111 0.232552 0.415741 0.234115 0.421296 0.234375 0.433796 0.231510 0.440278 0.228646 0.438889 0.222656
0 0.399074 0.221615 0.393981 0.220573 0.390741 0.220573 0.387037 0.221354 0.385185 0.222396 0.378704 0.228385 0.376852 0.232031 0.376389 0.236719 0.378241 0.238281 0.385648 0.238021 0.399074 0.234896 0.406019 0.232552 0.407870 0.230208 0.406944 0.226302
0 0.805093 0.111198 0.803241 0.114583 0.804167 0.116927 0.810648 0.123438 0.819444 0.129427 0.822685 0.130729 0.829630 0.129948 0.838889 0.126042 0.843981 0.119271 0.842593 0.116406 0.840278 0.114583 0.837037 0.113542 0.817593 0.110417 0.808333 0.110417
0 0.877778 0.109896 0.871296 0.107552 0.865741 0.106771 0.857407 0.107292 0.852778 0.109635 0.846296 0.114844 0.846296 0.123698 0.847685 0.126823 0.849537 0.127865 0.857407 0.128906 0.864815 0.128125 0.872222 0.125000 0.878241 0.120052 0.881481 0.115625 0.880093 0.111198
0 0.825463 0.133594 0.825926 0.142708 0.830556 0.144271 0.837037 0.145052 0.850463 0.141406 0.860185 0.140104 0.862500 0.138802 0.862500 0.134635 0.860648 0.132292 0.857407 0.130469 0.850463 0.128906 0.836574 0.127344 0.831481 0.128646 0.827315 0.130990
0 0.793981 0.134375 0.791204 0.138021 0.791667 0.142708 0.796759 0.145833 0.800926 0.146615 0.811574 0.145833 0.819907 0.144010 0.823611 0.141927 0.824537 0.138802 0.823148 0.133594 0.820833 0.132292 0.817593 0.131771 0.802778 0.131771 0.796759 0.132812
0 0.795833 0.114583 0.787500 0.113542 0.781481 0.114583 0.773148 0.114844 0.767130 0.116406 0.763889 0.119010 0.763889 0.123177 0.765278 0.124740 0.770370 0.128125 0.779630 0.131250 0.784259 0.131771 0.789352 0.131771 0.791204 0.131250 0.796296 0.127865 0.799074 0.122135 0.799537 0.118490 0.797685 0.115625
0 0.739352 0.127344 0.735185 0.130208 0.730093 0.137760 0.730093 0.139844 0.732407 0.143229 0.737963 0.146615 0.744444 0.147917 0.753241 0.147656 0.757870 0.146615 0.760648 0.144010 0.762500 0.134375 0.758796 0.129167 0.753241 0.127083 0.749074 0.126562 0.743981 0.126562
0 0.767130 0.135156 0.763426 0.137240 0.762037 0.139583 0.762037 0.143750 0.766667 0.152604 0.769444 0.156250 0.772222 0.157812 0.778704 0.158073 0.782870 0.157552 0.786111 0.156510 0.793981 0.151823 0.795370 0.150260 0.795833 0.146094 0.791204 0.143229 0.788889 0.142708 0.776389 0.136198 0.773611 0.135417
0 0.827315 0.148958 0.824537 0.148438 0.820833 0.148698 0.809722 0.151302 0.799537 0.154688 0.797685 0.157292 0.797685 0.162240 0.805093 0.167969 0.807870 0.168490 0.816204 0.167969 0.818981 0.167187 0.823611 0.164062 0.829167 0.155208 0.829167 0.150260
0 0.862963 0.140365 0.856944 0.139844 0.850463 0.140885 0.839815 0.144792 0.837963 0.148177 0.838889 0.154427 0.849537 0.157552 0.857870 0.157292 0.862963 0.154167 0.866667 0.146875 0.866667 0.142187
0 0.884722 0.146094 0.877778 0.145573 0.869907 0.147656 0.867130 0.149219 0.859722 0.157812 0.860648 0.162760 0.864815 0.166146 0.870833 0.166927 0.879630 0.166406 0.884722 0.165104 0.887963 0.162500 0.890741 0.159115 0.891204 0.153646 0.889352 0.149479 0.887037 0.147135
0 0.892130 0.137500 0.881944 0.142448 0.882407 0.146354 0.887037 0.148438 0.891204 0.155208 0.894907 0.156510 0.900926 0.156771 0.906019 0.155729 0.908796 0.154427 0.909259 0.150000 0.906944 0.146094 0.906481 0.142708 0.903704 0.138802 0.900000 0.136979
0 0.906481 0.159896 0.901389 0.158854 0.895833 0.159115 0.892130 0.160156 0.882407 0.166406 0.880093 0.174740 0.881481 0.176302 0.886111 0.177083 0.888889 0.176042 0.897685 0.174479 0.906481 0.175000 0.912037 0.172656 0.913426 0.170833 0.912500 0.165625
0 0.939352 0.164323 0.933333 0.163021 0.925000 0.163021 0.917593 0.164844 0.915741 0.166146 0.912963 0.171875 0.910648 0.173698 0.912963 0.177865 0.915741 0.179167 0.921759 0.179688 0.929167 0.178646 0.938426 0.176302 0.942130 0.173958 0.943056 0.171354 0.942130 0.166406
0 0.946296 0.185417 0.941667 0.184635 0.931944 0.185417 0.924537 0.187500 0.915278 0.192188 0.910185 0.196354 0.910648 0.201563 0.914352 0.204948 0.918981 0.206250 0.927778 0.205729 0.938889 0.200521 0.946759 0.192188 0.947685 0.187760
0 0.975926 0.186458 0.968519 0.186198 0.963889 0.187500 0.961111 0.189062 0.951389 0.197135 0.951389 0.201302 0.961574 0.204687 0.968981 0.204948 0.972222 0.203385 0.975926 0.200000 0.979167 0.194010 0.978704 0.189062
0 0.944907 0.202083 0.942130 0.203125 0.939352 0.205990 0.938426 0.208854 0.939352 0.212760 0.944907 0.219010 0.952778 0.224479 0.958333 0.225260 0.964815 0.224740 0.969444 0.223177 0.975926 0.219792 0.977778 0.216927 0.976389 0.213802 0.967130 0.206510 0.957407 0.202344 0.951389 0.201563
0 0.941667 0.222135 0.937500 0.221094 0.931019 0.220833 0.927315 0.221094 0.923611 0.222396 0.916204 0.226823 0.910185 0.232292 0.906481 0.240365 0.912500 0.242708 0.920370 0.242969 0.924537 0.240885 0.938426 0.237500 0.946296 0.233333 0.947685 0.230990 0.946759 0.226302 0.944444 0.223698
0 0.941204 0.238802 0.931481 0.239063 0.926389 0.240104 0.922685 0.241927 0.919907 0.246875 0.919907 0.248698 0.922685 0.251302 0.926852 0.252604 0.935185 0.253125 0.940741 0.251302 0.943981 0.249479 0.948148 0.244010 0.946759 0.241146
0 0.913426 0.209635 0.906481 0.210156 0.901389 0.211979 0.898148 0.214323 0.894444 0.223958 0.894444 0.233594 0.896296 0.235417 0.900463 0.235677 0.907407 0.233854 0.918981 0.224740 0.920370 0.222656 0.925000 0.220052 0.926389 0.217448 0.925000 0.214323 0.922685 0.212240
0 0.891667 0.205990 0.884722 0.205729 0.876389 0.208333 0.870370 0.211458 0.866204 0.216667 0.866667 0.221094 0.868519 0.223698 0.872685 0.225781 0.877778 0.226823 0.884259 0.226823 0.888426 0.226042 0.891667 0.224479 0.894444 0.220833 0.895370 0.217188 0.893981 0.208854
0 0.843056 0.203385 0.839352 0.205208 0.836111 0.208333 0.835648 0.213542 0.837963 0.216667 0.843056 0.219010 0.850000 0.219531 0.858333 0.218490 0.863426 0.217188 0.868981 0.213281 0.869444 0.208333 0.867593 0.206250 0.865278 0.204948 0.856481 0.202865 0.848148 0.202604
0 0.876852 0.188021 0.872222 0.187240 0.863426 0.187500 0.854630 0.189323 0.851852 0.192448 0.851389 0.197656 0.855093 0.201563 0.862963 0.203385 0.872685 0.203385 0.880093 0.200781 0.881944 0.197396 0.881481 0.192448 0.879630 0.189323
0 0.904167 0.174479 0.898148 0.174219 0.892130 0.175000 0.884259 0.177604 0.882870 0.178646 0.881944 0.181771 0.882407 0.188281 0.887037 0.193490 0.892130 0.196094 0.900926 0.196094 0.905556 0.193750 0.908333 0.190365 0.910185 0.185938 0.910648 0.179167 0.908333 0.175781
0 0.857870 0.165625 0.844907 0.173698 0.843981 0.181250 0.845370 0.183594 0.849537 0.186719 0.856019 0.187760 0.862037 0.187240 0.867593 0.185938 0.870833 0.184115 0.872685 0.182031 0.872222 0.173698 0.868981 0.167969 0.865741 0.166667
0 0.853704 0.158073 0.844444 0.155469 0.837963 0.154688 0.831019 0.155469 0.828704 0.156771 0.824537 0.162760 0.823611 0.170313 0.826389 0.174479 0.829630 0.176563 0.837037 0.175781 0.849537 0.169792 0.854630 0.166146 0.856019 0.161198
0 0.806019 0.169792 0.801852 0.170833 0.794444 0.177604 0.793981 0.182292 0.794907 0.185677 0.797222 0.188021 0.802315 0.190104 0.807407 0.190885 0.817130 0.190885 0.819907 0.190104 0.823148 0.187500 0.826389 0.181771 0.822685 0.176302 0.821759 0.173437 0.818519 0.170833 0.810185 0.169531
0 0.795370 0.160938 0.789352 0.160156 0.783796 0.160677 0.775926 0.165104 0.771296 0.170052 0.769907 0.173177 0.768981 0.178125 0.770370 0.180208 0.775463 0.180990 0.781019 0.180469 0.790741 0.178385 0.799537 0.172656 0.801852 0.170052 0.801852 0.165625
0 0.726852 0.174219 0.724074 0.177083 0.724074 0.178125 0.725926 0.179688 0.733796 0.183333 0.744444 0.185938 0.755093 0.186719 0.759259 0.185417 0.764352 0.181771 0.765278 0.173437 0.762963 0.170052 0.761111 0.169271 0.755093 0.168490 0.745833 0.169010 0.735185 0.170833 0.731481 0.171875
0 0.731019 0.162240 0.724537 0.159896 0.718056 0.158854 0.708333 0.158854 0.701852 0.160156 0.699537 0.161458 0.695833 0.165365 0.696296 0.170833 0.698611 0.174479 0.704167 0.176563 0.712037 0.176563 0.720833 0.174479 0.729630 0.171354 0.731944 0.170052 0.733796 0.166927 0.733333 0.164583
0 0.725926 0.201823 0.718056 0.201302 0.711574 0.203125 0.701852 0.206771 0.690278 0.212500 0.690278 0.216667 0.696759 0.221354 0.702778 0.223177 0.706481 0.223438 0.712037 0.222396 0.714815 0.220833 0.721759 0.213021 0.726852 0.208854 0.728241 0.206510 0.728241 0.203906
0 0.764815 0.190104 0.761574 0.189583 0.752778 0.189583 0.737037 0.192448 0.733796 0.194010 0.731481 0.196354 0.732407 0.200260 0.737500 0.203385 0.746296 0.206510 0.753704 0.207031 0.760185 0.206510 0.762963 0.205729 0.767593 0.203125 0.769907 0.198177 0.768056 0.192188
0 0.737963 0.207813 0.732870 0.207031 0.728241 0.207813 0.721296 0.213021 0.719444 0.216667 0.719907 0.220573 0.722685 0.224740 0.725000 0.225781 0.732870 0.226042 0.739352 0.224740 0.751389 0.216927 0.747685 0.211979 0.743981 0.209896
0 0.750463 0.218229 0.744907 0.221615 0.742593 0.223958 0.742593 0.228906 0.745833 0.231771 0.757407 0.234115 0.762963 0.234635 0.773148 0.234375 0.778241 0.232552 0.778704 0.228125 0.765278 0.218229 0.761111 0.216927 0.753704 0.217188
0 0.795370 0.199219 0.787037 0.200000 0.777315 0.205729 0.774074 0.208594 0.772685 0.213281 0.775000 0.214583 0.780093 0.215625 0.788426 0.214844 0.798611 0.211458 0.802315 0.209115 0.802778 0.204948 0.799074 0.201302
0 0.816204 0.217188 0.811574 0.217448 0.808333 0.218490 0.801389 0.225521 0.799074 0.229687 0.798611 0.233073 0.800463 0.235937 0.808796 0.238802 0.816667 0.238542 0.821296 0.237500 0.825926 0.235156 0.827315 0.233073 0.821759 0.220833
0 0.857870 0.223698 0.850463 0.223438 0.836574 0.226562 0.831944 0.228646 0.829630 0.233073 0.833796 0.238021 0.839352 0.241667 0.842593 0.242448 0.845833 0.242448 0.850463 0.241406 0.862037 0.235156 0.863426 0.233333 0.863426 0.228385 0.861111 0.225260
0 0.875000 0.227865 0.870833 0.229427 0.866667 0.232292 0.865278 0.235417 0.866667 0.240625 0.870370 0.242448 0.885648 0.243750 0.891204 0.242708 0.894444 0.240885 0.894907 0.239063 0.894444 0.236458 0.889815 0.230208 0.885648 0.227865 0.880556 0.227344
0 0.809259 0.240104 0.805093 0.243750 0.805093 0.248177 0.809259 0.251302 0.815278 0.252344 0.823148 0.252604 0.829630 0.250000 0.831019 0.248438 0.831944 0.244010 0.828241 0.241146 0.822685 0.239323 0.817130 0.238802
0 0.619444 0.236458 0.617593 0.245052 0.618981 0.246875 0.622685 0.248698 0.628241 0.250000 0.649537 0.249740 0.655556 0.248177 0.656944 0.245312 0.656019 0.242448 0.652778 0.239063 0.646759 0.236458 0.636111 0.233333 0.626852 0.233333 0.622685 0.234375
0 0.845370 0.247917 0.846296 0.250521 0.850463 0.254167 0.854630 0.255469 0.866204 0.257031 0.871296 0.258333 0.875463 0.257552 0.880556 0.255469 0.883333 0.252344 0.882870 0.246875 0.881019 0.244271 0.871759 0.242188 0.863889 0.241927 0.855556 0.243490 0.849537 0.245312
0 0.911574 0.241146 0.899074 0.239583 0.897222 0.240365 0.891667 0.240885 0.883333 0.244792 0.881481 0.252083 0.882407 0.253385 0.890741 0.258333 0.899537 0.259115 0.909259 0.255729 0.916204 0.252344 0.918981 0.248177 0.918519 0.246354 0.915741 0.243229
0 0.838889 0.256250 0.837500 0.260156 0.842593 0.267708 0.856481 0.271875 0.865278 0.271615 0.871759 0.268229 0.875000 0.264062 0.874537 0.260156 0.872222 0.258333 0.865278 0.256510 0.850926 0.255208 0.843056 0.255208
0 0.822222 0.254167 0.818519 0.255990 0.815741 0.259375 0.814352 0.263021 0.814815 0.269792 0.815741 0.271615 0.822222 0.273177 0.830093 0.272917 0.836574 0.270573 0.841667 0.267708 0.840278 0.263542 0.832870 0.257292 0.826852 0.254948
0 0.675926 0.246354 0.668056 0.248698 0.663426 0.251823 0.663426 0.254688 0.665741 0.259635 0.673148 0.267448 0.676852 0.269792 0.684259 0.270313 0.689815 0.266927 0.692130 0.259375 0.692130 0.251823 0.690278 0.247917 0.688889 0.246875 0.685648 0.245833
0 0.781019 0.285156 0.775000 0.284115 0.768981 0.284375 0.760185 0.285677 0.755093 0.287240 0.752315 0.290885 0.753241 0.295052 0.760648 0.301302 0.765741 0.302344 0.772685 0.301823 0.776389 0.300260 0.781019 0.296354 0.784259 0.295052 0.786111 0.292187 0.786111 0.290365 0.783333 0.286458
0 0.731944 0.296875 0.725463 0.296354 0.720833 0.297135 0.715278 0.299479 0.712963 0.302083 0.711574 0.305729 0.712500 0.310677 0.714352 0.312760 0.719444 0.314844 0.726389 0.315104 0.728704 0.314323 0.741667 0.306771 0.741667 0.302344 0.735648 0.297917
0 0.805093 0.275260 0.806019 0.279427 0.808796 0.281250 0.812037 0.285677 0.815741 0.287760 0.819907 0.288281 0.827315 0.288021 0.834259 0.284375 0.836574 0.278906 0.834722 0.276042 0.831019 0.273698 0.815741 0.272135 0.808796 0.273698
0 0.865278 0.272656 0.856944 0.272396 0.850463 0.274479 0.845833 0.279687 0.845370 0.283333 0.847685 0.286719 0.850463 0.288281 0.856481 0.289323 0.863889 0.288802 0.871759 0.286198 0.876389 0.283594 0.876389 0.278906
0 0.899537 0.261719 0.890741 0.260677 0.878704 0.262240 0.873148 0.267708 0.871759 0.271094 0.874074 0.275521 0.878241 0.277083 0.889352 0.277083 0.897222 0.275781 0.903704 0.271354 0.906019 0.268229 0.906019 0.266927 0.903241 0.263802
0 0.915741 0.267188 0.912037 0.266927 0.906019 0.268750 0.899074 0.275521 0.897685 0.279427 0.894907 0.283073 0.896296 0.285677 0.899074 0.287760 0.904630 0.288281 0.914352 0.288021 0.918981 0.286719 0.922222 0.284115 0.924537 0.279427 0.924074 0.275260 0.919907 0.269010
0 0.920370 0.253906 0.918519 0.254688 0.916667 0.256771 0.916204 0.261198 0.918056 0.266406 0.923148 0.271615 0.926852 0.273438 0.935185 0.273177 0.939352 0.272135 0.945370 0.268750 0.947685 0.266406 0.948611 0.263542 0.945833 0.259896 0.940741 0.256771 0.933796 0.254167 0.927315 0.253125
0 0.965278 0.265885 0.961111 0.265365 0.951389 0.267188 0.942593 0.271615 0.939352 0.274479 0.936111 0.278906 0.936574 0.280990 0.938426 0.283594 0.944907 0.287240 0.950463 0.288021 0.956019 0.288021 0.961111 0.286198 0.963889 0.284115 0.967130 0.279687 0.970370 0.271615 0.968981 0.267969
0 0.975463 0.294531 0.968981 0.292708 0.963889 0.292448 0.955556 0.293229 0.950926 0.294531 0.946759 0.296875 0.943981 0.301563 0.944444 0.304688 0.946759 0.307552 0.950926 0.309896 0.955556 0.310937 0.965278 0.309115 0.975463 0.304688 0.978241 0.302865 0.979630 0.300000 0.979167 0.297396
0 0.910185 0.290885 0.908796 0.295052 0.912963 0.298958 0.913426 0.300521 0.915741 0.301823 0.918981 0.302604 0.927315 0.302344 0.933796 0.298958 0.936111 0.294271 0.933796 0.291146 0.927778 0.288802 0.919444 0.288281
0 0.894444 0.292187 0.891667 0.292969 0.884722 0.298698 0.885185 0.302865 0.887500 0.305208 0.892130 0.307552 0.901389 0.307812 0.904630 0.307292 0.912037 0.302865 0.911574 0.297656 0.906944 0.293490 0.905093 0.292708 0.900463 0.291927
0 0.891667 0.283854 0.886111 0.282813 0.878241 0.283333 0.868519 0.287240 0.859722 0.291927 0.856481 0.294792 0.856944 0.298177 0.864352 0.303125 0.871759 0.303125 0.881481 0.300521 0.890741 0.294792 0.894444 0.291146 0.893981 0.286719
0 0.850000 0.288802 0.843056 0.288281 0.833796 0.290104 0.828241 0.291927 0.823611 0.294792 0.824074 0.299219 0.825926 0.301563 0.836574 0.304948 0.843981 0.305208 0.848611 0.303906 0.853704 0.298958 0.855093 0.295573 0.853704 0.291146
0 0.810648 0.288542 0.801852 0.286979 0.794907 0.288542 0.788426 0.291406 0.786111 0.295833 0.788889 0.299479 0.794444 0.302083 0.802315 0.301823 0.812963 0.296875 0.814815 0.295312 0.813889 0.290885
0 0.780556 0.299740 0.775000 0.301563 0.772222 0.303385 0.770833 0.305208 0.769907 0.311198 0.771759 0.313281 0.779630 0.315365 0.788889 0.315365 0.794444 0.313281 0.796296 0.310937 0.795833 0.302865 0.792130 0.300260 0.789352 0.299479
0 0.731481 0.319271 0.725926 0.317969 0.718519 0.318490 0.712037 0.319792 0.707407 0.322656 0.705093 0.325781 0.705556 0.327865 0.707407 0.330729 0.712037 0.333333 0.716667 0.334375 0.726852 0.334375 0.731944 0.332292 0.734259 0.329427 0.734259 0.323437 0.732870 0.320052
0 0.669444 0.339583 0.663426 0.341146 0.659722 0.342969 0.657870 0.345573 0.659259 0.350260 0.667593 0.355990 0.675926 0.358073 0.681481 0.357552 0.684259 0.356510 0.687037 0.353125 0.687500 0.349479 0.684259 0.342187 0.681019 0.339844 0.677315 0.339062
0 0.703704 0.344531 0.696759 0.346875 0.693056 0.349219 0.694444 0.354167 0.703241 0.362760 0.706944 0.365104 0.711574 0.366927 0.718981 0.367188 0.724074 0.365104 0.725463 0.361979 0.720833 0.350781 0.715741 0.345833 0.712963 0.344271
0 0.740278 0.345833 0.730556 0.345573 0.725463 0.346615 0.721759 0.349219 0.721759 0.354427 0.723148 0.357812 0.726852 0.362760 0.728241 0.363281 0.733333 0.363542 0.743981 0.359635 0.746759 0.357812 0.750000 0.353646 0.750000 0.349479
0 0.760648 0.327865 0.751389 0.328906 0.740741 0.333854 0.740278 0.338021 0.742593 0.340104 0.750000 0.344271 0.753241 0.345573 0.761111 0.346354 0.766204 0.343750 0.768519 0.339844 0.768519 0.336979 0.766204 0.330990 0.764815 0.329427
0 0.787963 0.324219 0.774074 0.323698 0.768056 0.326562 0.767130 0.328906 0.768056 0.334635 0.770370 0.338802 0.773611 0.340885 0.781481 0.340104 0.787500 0.337500 0.792130 0.333594 0.793519 0.330729 0.792593 0.326302
0 0.746296 0.307292 0.745370 0.308854 0.745370 0.317708 0.744444 0.322917 0.746296 0.326302 0.752315 0.328385 0.761111 0.328125 0.765741 0.327083 0.771759 0.322396 0.768981 0.315365 0.761574 0.310156 0.756944 0.307812 0.754167 0.307031
0 0.795833 0.320052 0.792130 0.322656 0.798611 0.333333 0.802778 0.335417 0.806944 0.336458 0.812037 0.336458 0.818519 0.335156 0.825000 0.330208 0.825926 0.326042 0.824537 0.321875 0.816667 0.319010 0.810185 0.318490 0.800926 0.318750
0 0.830093 0.302865 0.821759 0.303385 0.817593 0.304688 0.811574 0.307552 0.807870 0.311198 0.807407 0.314844 0.808333 0.316146 0.812963 0.318490 0.818056 0.319531 0.822685 0.321354 0.828241 0.320833 0.831944 0.319792 0.835185 0.317448 0.837037 0.313802 0.837500 0.308073 0.836574 0.305990 0.833333 0.303646
0 0.838889 0.307812 0.837500 0.310677 0.837500 0.315365 0.838426 0.317969 0.840741 0.319271 0.844444 0.319531 0.850926 0.318490 0.857870 0.318490 0.863889 0.316146 0.864815 0.315104 0.864815 0.310677 0.863426 0.308594 0.858796 0.306510 0.846296 0.306250 0.842130 0.306510
0 0.868056 0.304167 0.864352 0.306250 0.864352 0.314583 0.867130 0.315885 0.877315 0.317188 0.881481 0.317188 0.885648 0.316406 0.888426 0.314583 0.889352 0.312240 0.889352 0.306510 0.885648 0.304167 0.879167 0.302865
0 0.902315 0.311198 0.898611 0.310937 0.895370 0.311979 0.875000 0.323177 0.872685 0.326302 0.876852 0.329427 0.884722 0.331510 0.887037 0.331510 0.890741 0.330729 0.895370 0.328385 0.898611 0.322917 0.903704 0.317188 0.904630 0.314323
0 0.920833 0.302865 0.912963 0.302865 0.906481 0.306771 0.904630 0.309635 0.904630 0.319010 0.907407 0.321354 0.913426 0.321875 0.924537 0.319792 0.927778 0.318750 0.931019 0.315625 0.932870 0.310677 0.931944 0.308333 0.927315 0.304948
0 0.934259 0.313542 0.929630 0.317969 0.929630 0.318750 0.932407 0.320573 0.941204 0.324219 0.947222 0.325781 0.955093 0.325781 0.957870 0.324479 0.959722 0.321615 0.959722 0.317448 0.957870 0.312760 0.955556 0.311198 0.947685 0.311198
0 0.927315 0.319792 0.919444 0.320312 0.912037 0.322135 0.910185 0.323177 0.908796 0.325260 0.908796 0.330729 0.913889 0.334115 0.920833 0.336198 0.928704 0.336198 0.935185 0.334896 0.941204 0.330208 0.941667 0.326042 0.935648 0.322396
0 0.957407 0.328125 0.950463 0.333073 0.950000 0.334375 0.950926 0.335677 0.952778 0.336719 0.962963 0.339062 0.968519 0.341667 0.975926 0.341667 0.977315 0.338802 0.976852 0.333594 0.968981 0.327344 0.961574 0.327083
0 0.942593 0.337240 0.941667 0.338021 0.950463 0.352865 0.954630 0.354167 0.960648 0.353906 0.964352 0.352865 0.968056 0.350521 0.971296 0.346354 0.971296 0.341927 0.962963 0.338542 0.954167 0.336458 0.946296 0.336198
0 0.940741 0.338542 0.933796 0.339062 0.925000 0.341146 0.921296 0.343229 0.919444 0.346875 0.920833 0.350781 0.925463 0.355990 0.930556 0.359115 0.937500 0.361198 0.941204 0.363021 0.948148 0.360938 0.950463 0.353125 0.945370 0.341667 0.943981 0.340104
0 0.913889 0.348438 0.905556 0.348958 0.899537 0.350260 0.895370 0.352083 0.894444 0.353385 0.893981 0.357552 0.895833 0.360938 0.898611 0.363802 0.901852 0.365625 0.905556 0.366667 0.912037 0.365885 0.917130 0.364063 0.921759 0.361458 0.922685 0.353125 0.919444 0.350000
0 0.895833 0.330729 0.891204 0.332813 0.889352 0.335417 0.889352 0.342187 0.891667 0.344531 0.898611 0.346875 0.906944 0.346875 0.915278 0.344531 0.918519 0.342187 0.918519 0.337760 0.916667 0.335938 0.906481 0.330729
0 0.878241 0.341927 0.872222 0.342708 0.865278 0.345313 0.862500 0.346875 0.860648 0.350000 0.862963 0.353906 0.868981 0.357812 0.875926 0.360156 0.880556 0.360417 0.887037 0.358854 0.891204 0.356771 0.892593 0.354427 0.893056 0.349479 0.889815 0.345573 0.887037 0.344010
0 0.871759 0.328125 0.855093 0.336458 0.855093 0.341927 0.858333 0.343490 0.863426 0.344792 0.866667 0.344531 0.876852 0.341927 0.881019 0.339844 0.882407 0.338281 0.883333 0.335417 0.882407 0.332031 0.879630 0.330208
0 0.842130 0.320052 0.839815 0.321354 0.837037 0.325521 0.839352 0.328125 0.850463 0.334115 0.858333 0.334635 0.862037 0.333333 0.866667 0.330208 0.866667 0.325781 0.862037 0.320312 0.858333 0.318750 0.848148 0.318750
0 0.821296 0.333854 0.819907 0.338281 0.824074 0.340625 0.829630 0.342187 0.850926 0.341406 0.852315 0.340365 0.852778 0.336719 0.851852 0.335156 0.837037 0.327083 0.828704 0.328385
0 0.833796 0.343490 0.830093 0.349219 0.831019 0.353646 0.833796 0.354687 0.842593 0.355469 0.850926 0.354687 0.854630 0.353385 0.859722 0.349740 0.859722 0.345573 0.856019 0.342708 0.853241 0.342187 0.841204 0.342187
0 0.804630 0.338542 0.802778 0.340625 0.802778 0.342448 0.806944 0.352865 0.812037 0.354687 0.816667 0.355208 0.826852 0.352604 0.829630 0.350521 0.831481 0.346094 0.829167 0.342448 0.822685 0.339844 0.811111 0.338021
0 0.802315 0.339583 0.787963 0.340104 0.778704 0.342708 0.776389 0.344010 0.772685 0.350000 0.774537 0.353125 0.776852 0.354948 0.783333 0.356250 0.790278 0.356510 0.797222 0.355208 0.804630 0.352604 0.806481 0.349479
0 0.760185 0.349740 0.750926 0.352865 0.747222 0.357552 0.748611 0.360938 0.751389 0.363542 0.756019 0.366146 0.760185 0.367188 0.767593 0.370573 0.773611 0.369531 0.778241 0.367969 0.780093 0.365885 0.779630 0.361719 0.771759 0.351823 0.767593 0.349740
0 0.617130 0.237240 0.612037 0.234375 0.608333 0.233594 0.599074 0.234896 0.593519 0.236979 0.581944 0.244010 0.583796 0.247917 0.597222 0.250000 0.602315 0.250000 0.610185 0.248438 0.617130 0.245312 0.618056 0.242188
0 0.566667 0.230469 0.558333 0.230208 0.548611 0.232031 0.545370 0.234635 0.544907 0.236719 0.549074 0.243490 0.553241 0.246094 0.558333 0.247917 0.566204 0.246354 0.571296 0.242969 0.572685 0.241146 0.573611 0.238021 0.573148 0.233854 0.569907 0.231250
0 0.531944 0.244531 0.527778 0.246354 0.523148 0.251302 0.522222 0.256510 0.525926 0.259635 0.528704 0.260937 0.537037 0.263021 0.545833 0.262760 0.554167 0.260156 0.555093 0.254688 0.551389 0.248958 0.540741 0.244010 0.536574 0.243750
0 0.517593 0.256771 0.509259 0.256510 0.506019 0.257031 0.495833 0.261458 0.494444 0.263542 0.495370 0.268490 0.502778 0.272656 0.510185 0.273438 0.514352 0.272917 0.519444 0.271615 0.522222 0.269792 0.524074 0.267708 0.525000 0.263542 0.522685 0.258854
0 0.509722 0.227083 0.503241 0.228125 0.498611 0.235677 0.498611 0.242188 0.499537 0.244010 0.503704 0.246094 0.511574 0.247135 0.522685 0.244010 0.524074 0.239063 0.523148 0.236458 0.517593 0.230729
0 0.482407 0.242708 0.480093 0.244010 0.476852 0.247917 0.475463 0.251823 0.475926 0.257292 0.477315 0.258854 0.481481 0.260417 0.487037 0.260937 0.492130 0.260677 0.499074 0.258594 0.502778 0.255208 0.507870 0.252083 0.507407 0.248177 0.503704 0.247135 0.495370 0.242969 0.492130 0.242448
0 0.442593 0.250260 0.441204 0.253125 0.441204 0.256510 0.443056 0.259375 0.445833 0.261198 0.457407 0.263021 0.463889 0.263021 0.469907 0.261458 0.472222 0.257031 0.472222 0.251042 0.469444 0.248958 0.462963 0.247396 0.454167 0.247396 0.447685 0.248177
0 0.431481 0.233073 0.427315 0.233854 0.417130 0.243750 0.415278 0.248698 0.417593 0.250781 0.431944 0.253646 0.437500 0.253646 0.440278 0.252604 0.445370 0.248177 0.445370 0.241406 0.443981 0.238802 0.437963 0.234635 0.434722 0.233073
0 0.414815 0.254167 0.412963 0.254948 0.412963 0.260417 0.414352 0.263802 0.418056 0.266927 0.422685 0.268229 0.429167 0.268490 0.434259 0.267188 0.439815 0.263802 0.441667 0.260677 0.441667 0.258854 0.440278 0.256250 0.437963 0.254427 0.428241 0.253125 0.419907 0.253125
0 0.440278 0.264583 0.436111 0.265885 0.431481 0.268750 0.430093 0.273177 0.430556 0.279427 0.434259 0.282031 0.442130 0.283333 0.448148 0.285938 0.450463 0.284635 0.454630 0.279427 0.455556 0.275781 0.455093 0.267188 0.453241 0.265885 0.450000 0.265104
0 0.468056 0.263021 0.459259 0.264583 0.456481 0.266667 0.455556 0.272656 0.457407 0.279167 0.461111 0.283073 0.468519 0.287240 0.475926 0.287500 0.479167 0.285417 0.482870 0.279948 0.484259 0.271615 0.483333 0.267448 0.479167 0.264323 0.475000 0.263281
0 0.447685 0.286458 0.444907 0.284635 0.441667 0.283594 0.433796 0.283594 0.421296 0.285938 0.417130 0.287760 0.413889 0.292187 0.412963 0.295052 0.416204 0.297135 0.426852 0.298698 0.434722 0.299219 0.441667 0.298438 0.444907 0.296875 0.447222 0.294271 0.448148 0.291667
0 0.412963 0.296354 0.411111 0.298698 0.405093 0.302604 0.405093 0.306771 0.408333 0.310677 0.412963 0.313021 0.418519 0.313542 0.424074 0.313021 0.432870 0.310677 0.435648 0.307552 0.434722 0.302865 0.433333 0.301302 0.426852 0.298698 0.415278 0.297135
0 0.415741 0.314323 0.412963 0.315885 0.411111 0.318490 0.420833 0.324479 0.425000 0.325521 0.434722 0.326562 0.441204 0.325521 0.444907 0.322396 0.445833 0.316927 0.444907 0.314323 0.440741 0.311719 0.435648 0.311198 0.429167 0.311458
0 0.463426 0.298698 0.460185 0.298698 0.453704 0.300000 0.442130 0.306510 0.440278 0.310417 0.444907 0.314063 0.454630 0.316927 0.462037 0.317188 0.467593 0.314583 0.469907 0.310937 0.468981 0.302083 0.467130 0.300000
0 0.488889 0.293750 0.485185 0.295312 0.482407 0.299740 0.482407 0.303646 0.484259 0.306771 0.489352 0.309896 0.496759 0.310156 0.502315 0.307812 0.505556 0.304948 0.506481 0.303385 0.505556 0.299219 0.503704 0.297135 0.499074 0.294271 0.497222 0.293750
0 0.506481 0.313281 0.501389 0.318229 0.501389 0.322917 0.504167 0.326042 0.510185 0.328125 0.515741 0.328385 0.521296 0.327865 0.527315 0.326302 0.529167 0.324219 0.529630 0.321875 0.526852 0.318750 0.517593 0.312500 0.509722 0.312240
0 0.487037 0.320312 0.480556 0.320312 0.475926 0.321094 0.472222 0.322656 0.468981 0.326042 0.468981 0.330469 0.471296 0.334115 0.475000 0.336198 0.481944 0.336979 0.486111 0.336458 0.492593 0.334375 0.497222 0.330208 0.496296 0.325781 0.494444 0.323177 0.491667 0.321354
0 0.544907 0.298438 0.541667 0.301042 0.539815 0.305469 0.540741 0.310677 0.544444 0.314583 0.549074 0.315365 0.553704 0.315365 0.563426 0.313021 0.566204 0.311458 0.569907 0.307031 0.568519 0.304688 0.556019 0.298698 0.553241 0.298177
0 0.591204 0.305729 0.584259 0.304167 0.577778 0.303906 0.572685 0.304948 0.569444 0.306510 0.566204 0.310417 0.565278 0.313802 0.565278 0.318490 0.563889 0.323177 0.564352 0.326302 0.565741 0.328125 0.573611 0.328906 0.580093 0.326302 0.594907 0.310677 0.593981 0.307812
0 0.626852 0.292708 0.621759 0.289844 0.605556 0.292448 0.595833 0.296354 0.594444 0.299479 0.596296 0.302865 0.599074 0.304427 0.606481 0.305729 0.624537 0.305729 0.628704 0.304948 0.630556 0.302865 0.630093 0.297656
0 0.600463 0.275521 0.597685 0.277344 0.596296 0.279427 0.597685 0.283854 0.600926 0.288542 0.606944 0.291406 0.613889 0.291146 0.620833 0.289583 0.623611 0.287500 0.625463 0.283333 0.623611 0.280990 0.607870 0.275521
0 0.607407 0.250521 0.600463 0.252344 0.597222 0.254948 0.595833 0.258594 0.595833 0.264844 0.596759 0.267188 0.600463 0.270833 0.605556 0.272917 0.608796 0.273177 0.615741 0.272135 0.621296 0.269010 0.623611 0.266667 0.624074 0.261719 0.623611 0.255469 0.622685 0.254167 0.616204 0.251302
0 0.652315 0.254167 0.642130 0.250260 0.634259 0.249740 0.630093 0.250781 0.626852 0.252604 0.624074 0.257292 0.624074 0.262500 0.625926 0.265625 0.629167 0.266406 0.650926 0.260677 0.652778 0.259375 0.654167 0.255990
0 0.652315 0.261719 0.648148 0.261198 0.630556 0.265625 0.626389 0.268490 0.624537 0.270833 0.624537 0.272135 0.626852 0.275000 0.635185 0.278646 0.641667 0.279427 0.650463 0.279167 0.656481 0.277344 0.658333 0.275260 0.658796 0.271354 0.656481 0.265625
0 0.663889 0.279687 0.655556 0.279687 0.645833 0.282031 0.643519 0.283333 0.643056 0.287760 0.652315 0.302865 0.655556 0.304167 0.659722 0.303125 0.663426 0.300521 0.668056 0.295312 0.669444 0.291406 0.669907 0.286719 0.668519 0.282813
0 0.633796 0.331771 0.631481 0.333594 0.631481 0.338542 0.634259 0.342187 0.643056 0.345313 0.650000 0.345833 0.655093 0.344792 0.658796 0.342187 0.659259 0.340625 0.658333 0.334115 0.656481 0.332031 0.652778 0.330208 0.649537 0.329688 0.642593 0.330208
0 0.604167 0.333854 0.602315 0.335417 0.601389 0.338021 0.603241 0.340625 0.606944 0.343490 0.619907 0.345833 0.624074 0.345573 0.626852 0.344271 0.627778 0.342969 0.627315 0.337760 0.621296 0.332031 0.616667 0.330990 0.613426 0.330990
0 0.600463 0.344531 0.595833 0.346615 0.593981 0.349219 0.594444 0.354427 0.596296 0.357552 0.600463 0.360156 0.604167 0.360938 0.611111 0.361198 0.614815 0.360677 0.621759 0.357292 0.623611 0.355469 0.626852 0.349740 0.625926 0.347396 0.622685 0.345573 0.609259 0.343750
0 0.648148 0.348438 0.642130 0.349740 0.640278 0.351042 0.636574 0.357031 0.635648 0.361458 0.640278 0.367188 0.642130 0.367969 0.650000 0.369010 0.656019 0.368490 0.661574 0.366667 0.664352 0.364844 0.666204 0.360938 0.657870 0.352083 0.651852 0.348958
0 0.569907 0.347396 0.566204 0.348177 0.560185 0.351302 0.558796 0.352865 0.559722 0.357812 0.563426 0.360938 0.573148 0.364583 0.580093 0.365885 0.586111 0.363542 0.587963 0.361719 0.584259 0.353385 0.577315 0.347917 0.574074 0.347135
0 0.437500 0.358073 0.436111 0.361979 0.438426 0.365365 0.445833 0.367708 0.453704 0.368750 0.462037 0.368490 0.467130 0.366927 0.469444 0.365365 0.471759 0.361719 0.468981 0.357292 0.461574 0.352865 0.454167 0.352604 0.444444 0.354948
0 0.496759 0.371354 0.492130 0.370052 0.484722 0.369531 0.475463 0.369792 0.468981 0.371094 0.467130 0.373698 0.467130 0.378385 0.468981 0.382552 0.475463 0.385417 0.483333 0.385417 0.491667 0.383073 0.493981 0.381771 0.498611 0.376042 0.499537 0.372917
0 0.517130 0.356250 0.511111 0.359375 0.508796 0.361458 0.507870 0.365365 0.509722 0.367708 0.514352 0.369792 0.520833 0.370833 0.526389 0.370833 0.532870 0.369531 0.535648 0.367708 0.537037 0.365365 0.535648 0.359635 0.532870 0.357812 0.525463 0.355990
0 0.570370 0.362760 0.566667 0.361719 0.558796 0.361719 0.539815 0.365104 0.538426 0.367188 0.538426 0.369792 0.541204 0.375000 0.543519 0.377344 0.552315 0.379427 0.569444 0.374740 0.572222 0.373177 0.575000 0.369531 0.573611 0.365365
0 0.570370 0.377865 0.564352 0.379948 0.562037 0.382812 0.561574 0.387240 0.562963 0.391927 0.565741 0.395313 0.568519 0.396615 0.580556 0.396615 0.585185 0.395313 0.587963 0.393750 0.593056 0.388281 0.586111 0.381510 0.581019 0.378906 0.574537 0.377604
0 0.543981 0.378385 0.537963 0.379167 0.532870 0.380729 0.528704 0.383333 0.527778 0.385156 0.528704 0.389062 0.537037 0.393229 0.545370 0.395052 0.552778 0.393490 0.556019 0.391927 0.557407 0.387240 0.556481 0.383594 0.554630 0.381510 0.551389 0.379948
0 0.513426 0.373698 0.506944 0.373698 0.501389 0.374740 0.498148 0.376823 0.495833 0.380208 0.493519 0.386979 0.493519 0.390104 0.494907 0.392969 0.499537 0.394792 0.504167 0.395313 0.511574 0.394531 0.517593 0.392708 0.519907 0.390885 0.521759 0.384896 0.520833 0.380990 0.517593 0.375000
0 0.491204 0.390365 0.487037 0.389323 0.479630 0.389323 0.475463 0.389844 0.468519 0.392708 0.466204 0.397396 0.467593 0.401823 0.469907 0.403906 0.476389 0.404948 0.486574 0.403125 0.494444 0.400521 0.495833 0.395573
0 0.419907 0.390885 0.417593 0.392188 0.415278 0.396094 0.415741 0.401042 0.418056 0.404687 0.423611 0.406510 0.432407 0.406771 0.435648 0.406250 0.440278 0.404427 0.442593 0.400260 0.440741 0.395833 0.436574 0.391927 0.433796 0.390625 0.428704 0.389844
0 0.427315 0.375781 0.421296 0.374479 0.411111 0.375000 0.405093 0.377344 0.402778 0.380208 0.402778 0.384375 0.407870 0.388802 0.412500 0.390365 0.418519 0.390365 0.422685 0.389583 0.427315 0.387500 0.430556 0.382552 0.430556 0.379688
0 0.406019 0.352344 0.403241 0.353906 0.400000 0.357812 0.400000 0.361719 0.402315 0.364063 0.406019 0.366146 0.412963 0.368229 0.421296 0.367969 0.425926 0.366667 0.429167 0.364844 0.431481 0.361979 0.431481 0.357292 0.428241 0.354687 0.421296 0.352344
0 0.420370 0.331771 0.413426 0.332292 0.408333 0.333594 0.402315 0.336458 0.400463 0.338542 0.399537 0.342187 0.400926 0.345833 0.409259 0.351302 0.412963 0.352083 0.420833 0.351562 0.424074 0.349219 0.425926 0.345573 0.427315 0.338281 0.426389 0.333854
0 0.404167 0.233854 0.390278 0.236458 0.387963 0.238021 0.387037 0.240365 0.393056 0.247917 0.400000 0.251563 0.407407 0.253125 0.411574 0.252083 0.413889 0.249740 0.416204 0.243490 0.416204 0.240104 0.413889 0.235677 0.412500 0.234896 0.408333 0.233854
0 0.408796 0.258854 0.403704 0.258073 0.397685 0.258073 0.389815 0.259635 0.387037 0.260937 0.383796 0.263542 0.382407 0.266406 0.382407 0.268490 0.384722 0.271875 0.392130 0.273958 0.400000 0.273958 0.410185 0.271615 0.412037 0.269792 0.413426 0.263021
0 0.406019 0.271354 0.397222 0.273698 0.392593 0.279167 0.392593 0.283073 0.406944 0.287500 0.413426 0.288021 0.420833 0.285938 0.425000 0.283073 0.425926 0.278906 0.423611 0.275000 0.419907 0.272917 0.415741 0.271875
0 0.386574 0.287240 0.385185 0.288542 0.385185 0.290885 0.383333 0.294792 0.385185 0.300000 0.391667 0.302604 0.399074 0.303646 0.406481 0.301563 0.410185 0.298958 0.411574 0.294271 0.410185 0.292448 0.402778 0.289062 0.393056 0.286458
0 0.391667 0.316146 0.385648 0.317708 0.382407 0.319792 0.381019 0.321615 0.380556 0.326302 0.390278 0.335156 0.400000 0.336719 0.405556 0.335417 0.408333 0.333594 0.409722 0.330208 0.408796 0.321875 0.406481 0.318750 0.403704 0.317188 0.400000 0.316406
0 0.371759 0.324740 0.364352 0.324479 0.360185 0.326823 0.357870 0.333333 0.357407 0.338281 0.357870 0.340104 0.360648 0.341927 0.364815 0.342448 0.378241 0.339844 0.382870 0.337500 0.386574 0.334115 0.383333 0.328646 0.380556 0.327083
0 0.346759 0.331510 0.342130 0.331510 0.332870 0.333333 0.329167 0.335417 0.327778 0.337240 0.328241 0.342187 0.331481 0.347135 0.334259 0.348958 0.343519 0.352083 0.350926 0.351042 0.356944 0.341927 0.356481 0.338281 0.354167 0.334115 0.350463 0.332031
0 0.315741 0.325521 0.311111 0.327083 0.302778 0.331250 0.300463 0.333594 0.300463 0.334896 0.302315 0.338281 0.308796 0.341406 0.316667 0.342708 0.325000 0.339844 0.326389 0.338021 0.327315 0.333333 0.323148 0.327344
0 0.369907 0.240885 0.364352 0.241667 0.358796 0.243490 0.357407 0.244531 0.356019 0.248438 0.358333 0.251823 0.368056 0.257292 0.372222 0.258073 0.378704 0.254948 0.381481 0.252344 0.383333 0.247135 0.381944 0.244010 0.379167 0.242188 0.374537 0.241146
0 0.337963 0.251823 0.335185 0.255469 0.334722 0.260417 0.337500 0.263802 0.343519 0.266667 0.352315 0.266406 0.364815 0.263021 0.367130 0.261458 0.368519 0.259375 0.366667 0.255729 0.355556 0.250000 0.343519 0.249219
0 0.307407 0.243229 0.308796 0.248177 0.312037 0.251563 0.314815 0.252604 0.320370 0.253385 0.324537 0.253385 0.337037 0.251302 0.346296 0.248177 0.349074 0.245052 0.349074 0.243750 0.346759 0.242188 0.332870 0.240104 0.318981 0.240104 0.315741 0.239583 0.310185 0.240885
0 0.302778 0.256510 0.301852 0.258594 0.302315 0.265625 0.303704 0.268229 0.307870 0.270052 0.318519 0.269271 0.332870 0.263802 0.330556 0.259635 0.318056 0.253646 0.308333 0.253385
0 0.329630 0.264844 0.321759 0.267969 0.319907 0.271615 0.323611 0.276823 0.326389 0.278646 0.332407 0.280729 0.337963 0.281250 0.347222 0.278385 0.352315 0.271094 0.348611 0.267708 0.343981 0.267188 0.337500 0.264844
0 0.350926 0.273177 0.348148 0.279687 0.357407 0.285156 0.368519 0.284375 0.372685 0.283333 0.375463 0.281510 0.376852 0.279427 0.375926 0.275781 0.371759 0.272135 0.365741 0.270833 0.357407 0.270573
0 0.297685 0.238021 0.292593 0.238542 0.281944 0.244271 0.278241 0.247917 0.280556 0.252604 0.287963 0.257031 0.299537 0.257031 0.302315 0.255990 0.307870 0.252083 0.308333 0.247135 0.306481 0.242448 0.300926 0.238542
0 0.250926 0.244010 0.247222 0.247917 0.247222 0.252344 0.251389 0.256510 0.254630 0.258333 0.259259 0.259635 0.268056 0.260156 0.273611 0.258854 0.277778 0.255469 0.278241 0.251563 0.275926 0.248438 0.268519 0.245052 0.258796 0.243490 0.252778 0.243490
0 0.221759 0.235417 0.219907 0.240625 0.221296 0.242708 0.225463 0.244792 0.231481 0.246094 0.243519 0.245833 0.245833 0.244792 0.246296 0.239844 0.243519 0.232552 0.241204 0.231250 0.232407 0.231250 0.224537 0.233854
0 0.212963 0.232813 0.197685 0.232813 0.192593 0.236198 0.193519 0.240104 0.199074 0.246615 0.204630 0.249479 0.211574 0.244792 0.216667 0.242969 0.219907 0.240625 0.219444 0.236198 0.215741 0.233594
0 0.234259 0.250000 0.228704 0.246875 0.218981 0.242969 0.212037 0.244531 0.205556 0.248698 0.202315 0.254688 0.202778 0.258333 0.205093 0.259375 0.218519 0.260417 0.225926 0.260156 0.232870 0.258073 0.235185 0.255990 0.235185 0.251302
0 0.191204 0.238542 0.184722 0.238802 0.178704 0.241927 0.174074 0.246094 0.171296 0.251823 0.170833 0.255990 0.172685 0.258854 0.182870 0.262500 0.189815 0.262500 0.194444 0.261458 0.198611 0.258594 0.200463 0.255729 0.200926 0.247917 0.197685 0.245052 0.195370 0.241146
0 0.155093 0.245052 0.149074 0.247135 0.144907 0.251823 0.143056 0.256250 0.140741 0.258854 0.141204 0.263802 0.143519 0.265885 0.149074 0.268229 0.154630 0.269010 0.163889 0.268750 0.167593 0.267188 0.168981 0.264583 0.170370 0.250000 0.169444 0.248177 0.163426 0.245312
0 0.134722 0.235156 0.127315 0.237500 0.125926 0.239323 0.126389 0.242969 0.130093 0.248438 0.134722 0.251823 0.136574 0.252604 0.142593 0.253385 0.153241 0.244531 0.154167 0.240104 0.152315 0.238021 0.148611 0.236198
0 0.113426 0.245312 0.108796 0.247917 0.107870 0.251042 0.108333 0.256510 0.111574 0.259896 0.113426 0.263802 0.121759 0.265885 0.128704 0.264583 0.137037 0.260417 0.138426 0.254948 0.136574 0.252604 0.127315 0.246615 0.123148 0.245573
0 0.093981 0.245052 0.086111 0.245052 0.069907 0.248438 0.068519 0.250521 0.068519 0.255469 0.071759 0.258854 0.080093 0.261198 0.087963 0.261719 0.094907 0.260417 0.099074 0.258594 0.100926 0.256510 0.101389 0.251563 0.099537 0.247917
0 0.099537 0.265104 0.097685 0.267188 0.097685 0.272396 0.099074 0.275521 0.101852 0.277865 0.106944 0.279167 0.114815 0.279427 0.121759 0.278385 0.125000 0.277083 0.126389 0.271094 0.118519 0.266146 0.114352 0.264583 0.110185 0.264062 0.101852 0.264323
0 0.126389 0.271354 0.125926 0.276302 0.126852 0.278125 0.130556 0.281510 0.136111 0.283854 0.143981 0.283854 0.154630 0.282552 0.165278 0.279427 0.167130 0.275260 0.156944 0.272917 0.150463 0.269792 0.145370 0.268750 0.133796 0.268229 0.128241 0.269531
0 0.189352 0.264062 0.183333 0.263281 0.174537 0.264583 0.169907 0.265885 0.166667 0.267969 0.164815 0.271094 0.166204 0.274479 0.173611 0.277604 0.182870 0.278385 0.189352 0.277604 0.191667 0.276302 0.195370 0.271615 0.193056 0.266667
0 0.204630 0.260417 0.200926 0.261198 0.196296 0.263542 0.195833 0.267969 0.198148 0.271615 0.204630 0.277865 0.212037 0.278125 0.218981 0.275521 0.221296 0.273958 0.225926 0.267448 0.224537 0.265104 0.221296 0.263021 0.212037 0.260677
0 0.226852 0.261979 0.225926 0.264062 0.228704 0.268490 0.237500 0.275000 0.239352 0.275521 0.247685 0.275521 0.252315 0.274219 0.255093 0.272656 0.257407 0.266927 0.256019 0.263802 0.254167 0.262760 0.246759 0.260417 0.242130 0.259896 0.231019 0.260156
0 0.279630 0.257812 0.275000 0.258854 0.271296 0.260937 0.266667 0.268490 0.267593 0.271615 0.271759 0.272656 0.278704 0.276042 0.281944 0.276562 0.285185 0.275260 0.292130 0.273958 0.295370 0.271615 0.295370 0.266927 0.293981 0.263802 0.290278 0.260417 0.286574 0.258594
0 0.323148 0.278646 0.322222 0.274740 0.318981 0.270573 0.316667 0.269792 0.310185 0.269792 0.304167 0.270573 0.299074 0.272396 0.285185 0.275521 0.282870 0.276823 0.281019 0.279427 0.284259 0.281250 0.292130 0.282552 0.301852 0.286198 0.309722 0.286719 0.315741 0.285938 0.320833 0.283854
0 0.354630 0.283073 0.350463 0.281250 0.344907 0.280208 0.331944 0.282552 0.327315 0.284115 0.323148 0.286979 0.323148 0.291406 0.331481 0.297135 0.337963 0.297656 0.347222 0.295052 0.354630 0.290104 0.356019 0.287760
0 0.371759 0.291146 0.362963 0.290885 0.358796 0.291406 0.352778 0.292969 0.350000 0.294792 0.349537 0.299219 0.352315 0.302083 0.355093 0.307031 0.358333 0.309635 0.364815 0.310417 0.377778 0.301563 0.379167 0.298958 0.378241 0.295312 0.375926 0.292969
0 0.393519 0.303125 0.386111 0.301302 0.383333 0.301302 0.376389 0.302344 0.371759 0.304948 0.365278 0.310417 0.362963 0.313802 0.364352 0.317708 0.368519 0.321354 0.371759 0.322135 0.378241 0.320573 0.382870 0.317969 0.392130 0.314323 0.394907 0.310937 0.395833 0.307552 0.395370 0.304948
0 0.343519 0.308073 0.339815 0.310156 0.336574 0.314323 0.336111 0.321094 0.338889 0.326042 0.341667 0.327344 0.348148 0.328385 0.352778 0.328385 0.359259 0.326823 0.363889 0.323698 0.364352 0.319271 0.362500 0.313281 0.360648 0.311198 0.354167 0.308333
0 0.332870 0.310156 0.327778 0.308854 0.320833 0.308594 0.315741 0.309115 0.311574 0.310417 0.308796 0.311979 0.306944 0.314583 0.306481 0.318750 0.308796 0.321094 0.312500 0.322656 0.317130 0.323437 0.323148 0.323177 0.332870 0.320833 0.334722 0.319271 0.335648 0.313542
0 0.315741 0.291406 0.306944 0.293229 0.300926 0.297396 0.300463 0.300000 0.301852 0.303646 0.304167 0.305469 0.308333 0.306510 0.316204 0.307292 0.326389 0.305469 0.330556 0.302865 0.331944 0.298698 0.328704 0.295573 0.322685 0.292448
0 0.268981 0.283073 0.266204 0.287240 0.267593 0.290885 0.270370 0.292969 0.274074 0.294010 0.287037 0.295833 0.296296 0.295833 0.302315 0.294531 0.304167 0.291667 0.303241 0.288542 0.301852 0.286979 0.295370 0.283854 0.281944 0.280990 0.274074 0.280729
0 0.281019 0.296615 0.274074 0.302604 0.274537 0.307031 0.279630 0.309896 0.285185 0.310937 0.295370 0.311198 0.300926 0.309896 0.303704 0.308073 0.304630 0.306510 0.299074 0.298177 0.295833 0.296615 0.288426 0.295573
0 0.253241 0.273177 0.243519 0.276823 0.242593 0.280208 0.243981 0.284115 0.252315 0.289062 0.258796 0.289844 0.263426 0.289583 0.266204 0.288281 0.268981 0.283594 0.276852 0.279427 0.278704 0.275260 0.268981 0.273177
0 0.218519 0.275781 0.210185 0.279167 0.211111 0.283333 0.221296 0.292969 0.225000 0.294531 0.233333 0.294271 0.239815 0.290885 0.241667 0.289062 0.242593 0.283073 0.241204 0.280208 0.237500 0.278125
0 0.190278 0.282292 0.188889 0.285677 0.189352 0.288542 0.191204 0.290365 0.203704 0.294792 0.206019 0.294792 0.213426 0.293490 0.217593 0.291667 0.218056 0.290625 0.216204 0.286979 0.207870 0.281250 0.197222 0.280990
0 0.227778 0.298438 0.225000 0.295312 0.218519 0.292187 0.207407 0.294010 0.197685 0.298177 0.194907 0.300260 0.193981 0.303125 0.196759 0.304948 0.203241 0.306771 0.210648 0.307812 0.218519 0.307812 0.226852 0.305469 0.228704 0.302865
0 0.235185 0.295052 0.233796 0.299219 0.235648 0.301823 0.237963 0.302865 0.247685 0.303385 0.259722 0.305990 0.268519 0.305469 0.273148 0.302865 0.274537 0.298958 0.272222 0.294792 0.266667 0.291927 0.258333 0.290885 0.246296 0.290365 0.239352 0.291667
0 0.239352 0.301302 0.238426 0.302604 0.229167 0.307552 0.227315 0.310417 0.226852 0.314844 0.232870 0.320052 0.237963 0.321094 0.242593 0.321094 0.246759 0.320573 0.255093 0.314583 0.255093 0.309635 0.252315 0.305208 0.249074 0.303385
0 0.279630 0.314323 0.277315 0.313021 0.273148 0.312500 0.262963 0.313542 0.253704 0.316146 0.249537 0.318490 0.248148 0.322917 0.249537 0.326042 0.252315 0.326562 0.262963 0.326562 0.277315 0.325781 0.281481 0.325000 0.284722 0.321875 0.283333 0.318229
0 0.304630 0.317708 0.301852 0.317188 0.293981 0.319010 0.287500 0.322656 0.283333 0.326042 0.282870 0.330469 0.284722 0.332813 0.287963 0.334896 0.296759 0.333854 0.306481 0.328646 0.308333 0.326562 0.308796 0.321875
0 0.305093 0.339323 0.301389 0.338802 0.293981 0.340885 0.290278 0.342708 0.286574 0.345833 0.284722 0.350781 0.285185 0.354167 0.287963 0.356510 0.292593 0.357292 0.302315 0.356510 0.312963 0.353125 0.317130 0.350000 0.314352 0.344010
0 0.266204 0.328385 0.262500 0.330469 0.259722 0.333594 0.259259 0.338021 0.262037 0.344792 0.266667 0.346875 0.273148 0.347656 0.280556 0.347135 0.285185 0.346094 0.291204 0.341927 0.288426 0.337240 0.278704 0.329167 0.274537 0.328125
0 0.255556 0.336458 0.246296 0.334896 0.239352 0.335677 0.235185 0.337760 0.233333 0.340365 0.231944 0.345313 0.233796 0.349740 0.238889 0.351302 0.247222 0.351562 0.253241 0.350521 0.256019 0.349219 0.260185 0.345313 0.260185 0.341667 0.258796 0.339062
0 0.204630 0.335938 0.202315 0.336719 0.197685 0.341667 0.199074 0.345573 0.204167 0.350260 0.209259 0.353125 0.218981 0.355990 0.229167 0.350781 0.230093 0.349740 0.229630 0.344792 0.221296 0.339323 0.212500 0.336979
0 0.200463 0.326302 0.198611 0.328906 0.199074 0.331510 0.200926 0.333594 0.206481 0.335677 0.218519 0.338281 0.226852 0.338802 0.232407 0.337240 0.235648 0.335156 0.236111 0.332552 0.234722 0.327604 0.233333 0.325521 0.229167 0.323698 0.226389 0.323177 0.211574 0.323698 0.204167 0.324740
0 0.195833 0.309635 0.194444 0.311458 0.193056 0.318490 0.196759 0.321875 0.203241 0.322917 0.218981 0.323437 0.224074 0.322396 0.228241 0.320312 0.229630 0.318229 0.225463 0.314844 0.223611 0.311719 0.219444 0.309896 0.206481 0.307812 0.199074 0.308333
0 0.182870 0.307552 0.177778 0.309115 0.173611 0.311979 0.167593 0.318750 0.167130 0.322656 0.168981 0.324479 0.172685 0.326302 0.180556 0.328125 0.185648 0.328385 0.192130 0.326562 0.194907 0.322656 0.193981 0.319010 0.194444 0.313802 0.193981 0.310417 0.190741 0.308333
0 0.148611 0.303385 0.145370 0.305990 0.145370 0.311198 0.150463 0.317969 0.156019 0.321094 0.163426 0.320833 0.167130 0.319271 0.171759 0.314323 0.174074 0.309896 0.168056 0.305990 0.162500 0.304167 0.156019 0.303385
0 0.149074 0.287760 0.144907 0.289583 0.138889 0.294271 0.139352 0.298958 0.144907 0.301563 0.149537 0.302865 0.153241 0.303125 0.162037 0.302865 0.169907 0.300781 0.174074 0.294792 0.168519 0.289062 0.165278 0.287500 0.159259 0.286458 0.155556 0.286458
0 0.168056 0.279687 0.166204 0.280469 0.164352 0.282552 0.164815 0.287240 0.168519 0.289323 0.174537 0.295052 0.175926 0.295573 0.185185 0.295052 0.187963 0.291667 0.187963 0.282813 0.186111 0.280469 0.183796 0.279167 0.177778 0.278385
0 0.132407 0.288802 0.129630 0.288021 0.120370 0.287760 0.113426 0.288802 0.110648 0.289844 0.108796 0.291146 0.108333 0.296615 0.109722 0.298698 0.114352 0.301042 0.133333 0.298958 0.136111 0.296875 0.136574 0.293490 0.135185 0.290885
0 0.077778 0.286719 0.072685 0.288021 0.069444 0.290365 0.066667 0.294531 0.066204 0.299219 0.069907 0.302604 0.081019 0.303385 0.085648 0.302604 0.093056 0.299740 0.096759 0.298958 0.097685 0.294531 0.093981 0.290885 0.087963 0.287760 0.082870 0.286719
0 0.092593 0.299479 0.087963 0.302083 0.086111 0.304688 0.085185 0.310677 0.092593 0.313021 0.100463 0.314583 0.107870 0.314323 0.117130 0.310677 0.116204 0.303125 0.111574 0.299740 0.105093 0.298177 0.098611 0.298177
0 0.119444 0.301042 0.117130 0.302344 0.118519 0.310156 0.123611 0.317188 0.128241 0.320573 0.130556 0.321354 0.136111 0.322135 0.139815 0.321094 0.144907 0.318229 0.146759 0.315365 0.144907 0.310156 0.144444 0.302604 0.140278 0.300521 0.136111 0.299479 0.127778 0.299740
0 0.149537 0.328385 0.141204 0.323958 0.135648 0.322135 0.128241 0.323177 0.122685 0.330469 0.118056 0.333594 0.118519 0.338021 0.122222 0.339062 0.135185 0.336719 0.143519 0.336198 0.149074 0.334896 0.150926 0.333333 0.150926 0.329948
0 0.093056 0.341406 0.091204 0.342448 0.089352 0.345052 0.090278 0.350260 0.093056 0.353646 0.099537 0.354948 0.107870 0.354427 0.114352 0.349479 0.116204 0.345313 0.110648 0.342187 0.105093 0.340885 0.098611 0.340625
0 0.116204 0.346354 0.113889 0.347656 0.108796 0.352865 0.109259 0.356771 0.110648 0.358594 0.114352 0.360938 0.120833 0.361719 0.129630 0.360938 0.134259 0.359896 0.137037 0.357812 0.138889 0.353906 0.137037 0.350000 0.133333 0.347396 0.129167 0.345833 0.120833 0.345313
0 0.173148 0.341667 0.165741 0.336198 0.163889 0.335677 0.155556 0.335938 0.143981 0.340104 0.137963 0.341406 0.136111 0.342448 0.133796 0.345833 0.142130 0.350521 0.147685 0.351302 0.156481 0.351302 0.163889 0.350000 0.168981 0.347396
0 0.197685 0.329948 0.195370 0.328906 0.189815 0.328385 0.182870 0.329427 0.176852 0.331510 0.171759 0.334635 0.170833 0.338281 0.172222 0.339844 0.175000 0.341406 0.181481 0.342969 0.190741 0.343750 0.196296 0.342969 0.198148 0.341146 0.200000 0.335417
0 0.175926 0.342969 0.172222 0.345313 0.170833 0.348698 0.172222 0.352344 0.175463 0.355469 0.182870 0.358073 0.191204 0.358073 0.194907 0.357031 0.199074 0.353646 0.201389 0.350000 0.196759 0.344531 0.193981 0.343229 0.181019 0.342448
0 0.163426 0.352865 0.158796 0.352083 0.153704 0.352083 0.144907 0.353385 0.137963 0.357292 0.137963 0.361979 0.143056 0.365365 0.148148 0.366667 0.156944 0.366667 0.164815 0.364063 0.168056 0.361719 0.168056 0.356771 0.166204 0.354427
0 0.204167 0.351302 0.199537 0.353385 0.195833 0.357292 0.197222 0.366406 0.200463 0.370573 0.207407 0.371615 0.213889 0.371615 0.218056 0.370573 0.223148 0.367188 0.224074 0.365885 0.223148 0.361719 0.218519 0.356250 0.211111 0.353906 0.205556 0.351302
0 0.245833 0.355208 0.243519 0.357292 0.244907 0.361198 0.248611 0.364323 0.256944 0.368750 0.266204 0.370833 0.272685 0.370573 0.277778 0.368490 0.281481 0.365885 0.282870 0.360417 0.281019 0.358333 0.275926 0.355990 0.268519 0.353906 0.262037 0.352865 0.253241 0.353125
0 0.319907 0.349479 0.318056 0.351042 0.317130 0.354167 0.319444 0.359635 0.323148 0.363802 0.328704 0.365625 0.336574 0.365625 0.347685 0.361458 0.350000 0.357031 0.346296 0.352344 0.330556 0.347917
0 0.390741 0.354948 0.386111 0.354167 0.379167 0.354948 0.373611 0.357031 0.367593 0.361198 0.367130 0.366667 0.368056 0.368229 0.372685 0.370833 0.377315 0.371875 0.382870 0.371354 0.385648 0.370573 0.391667 0.367188 0.395370 0.363021 0.396296 0.360677 0.394444 0.356771
0 0.837037 0.179948 0.829167 0.180729 0.819907 0.191927 0.818519 0.196875 0.819444 0.199479 0.822685 0.202083 0.828704 0.203385 0.837963 0.203385 0.843519 0.202083 0.847685 0.199219 0.849537 0.196615 0.850463 0.192969 0.848611 0.185677 0.843519 0.181771
0 0.628704 0.786198 0.624074 0.789583 0.623148 0.795052 0.625926 0.797656 0.634259 0.801562 0.643519 0.802083 0.649074 0.800260 0.650926 0.798698 0.652315 0.794792 0.650000 0.790885 0.642130 0.786458 0.635648 0.784896
0 0.583333 0.753906 0.581019 0.754948 0.572685 0.764583 0.572685 0.769792 0.574074 0.771615 0.579630 0.774479 0.586574 0.775000 0.593981 0.774740 0.599074 0.771615 0.599074 0.767188 0.592130 0.755990 0.587037 0.753646
0 0.565278 0.745573 0.559722 0.746875 0.553241 0.749740 0.550926 0.751823 0.552315 0.755729 0.555093 0.758333 0.561574 0.761198 0.565278 0.762240 0.573148 0.762760 0.578241 0.759896 0.581481 0.755990 0.581481 0.751823 0.573148 0.746615
0 0.544444 0.757031 0.541667 0.758594 0.535648 0.765104 0.533796 0.771875 0.536111 0.774479 0.540741 0.776302 0.543981 0.776823 0.552778 0.776563 0.559259 0.774479 0.561574 0.771615 0.561111 0.769792 0.555556 0.763542 0.554630 0.759635 0.551852 0.757292
0 0.518056 0.760417 0.510185 0.760677 0.505556 0.762760 0.501852 0.763542 0.500926 0.765365 0.501389 0.771615 0.505093 0.773958 0.508333 0.775000 0.517593 0.775000 0.522685 0.771615 0.524074 0.767708 0.523611 0.764062 0.522685 0.762760
0 0.510185 0.777083 0.506944 0.778646 0.503241 0.783073 0.503241 0.788021 0.504167 0.789323 0.507407 0.790885 0.514815 0.792188 0.519907 0.792188 0.524537 0.791406 0.529167 0.787760 0.528704 0.783594 0.527315 0.781771 0.522222 0.778385 0.517593 0.776823
0 0.488889 0.777604 0.481481 0.780469 0.476852 0.783073 0.475463 0.787240 0.477778 0.789844 0.488889 0.794792 0.497222 0.794531 0.500463 0.793750 0.502778 0.791406 0.502778 0.786719 0.501389 0.782552 0.496759 0.777865
0 0.452315 0.764583 0.449537 0.766146 0.446296 0.770573 0.446296 0.772396 0.449074 0.776823 0.451389 0.778125 0.456019 0.778906 0.468981 0.778906 0.473148 0.776042 0.474074 0.774479 0.474537 0.770833 0.472685 0.768490 0.468056 0.765625 0.462963 0.763802 0.456481 0.763802
0 0.475463 0.754167 0.472685 0.755469 0.470370 0.758594 0.470370 0.764583 0.471759 0.767188 0.476852 0.771615 0.480093 0.773177 0.482407 0.773698 0.490278 0.773177 0.498611 0.768490 0.499074 0.766927 0.498148 0.765104 0.492593 0.759896 0.488426 0.757292 0.482407 0.755208
0 0.496296 0.740885 0.491204 0.742969 0.487963 0.747135 0.488889 0.752604 0.493981 0.759896 0.497685 0.761979 0.504167 0.762760 0.514352 0.759115 0.515741 0.755990 0.515278 0.751823 0.509259 0.746615 0.501389 0.742448
0 0.540278 0.747656 0.532407 0.746094 0.524074 0.746354 0.518056 0.749740 0.516204 0.751823 0.516667 0.757031 0.518981 0.759635 0.524074 0.762240 0.533333 0.761198 0.542593 0.755729 0.545833 0.751823 0.543981 0.749479
0 0.205556 0.704948 0.196759 0.704688 0.190741 0.705990 0.182870 0.710417 0.181944 0.714063 0.183796 0.718490 0.190741 0.722396 0.198611 0.722396 0.206019 0.720833 0.213426 0.716667 0.214815 0.713281 0.213889 0.710938 0.211574 0.708333
0 0.163889 0.719531 0.156019 0.720833 0.150463 0.724479 0.148148 0.728125 0.147222 0.737240 0.150463 0.741667 0.155556 0.743229 0.164352 0.742969 0.168519 0.741927 0.172222 0.740365 0.175000 0.736979 0.175000 0.732031 0.172222 0.726562 0.166667 0.720573
0 0.251389 0.730208 0.247222 0.727865 0.241667 0.726562 0.237963 0.726562 0.232407 0.727865 0.215741 0.736458 0.213426 0.739844 0.215741 0.744271 0.218981 0.745833 0.226852 0.745833 0.234259 0.744792 0.245370 0.742188 0.249074 0.740365 0.253241 0.736719 0.253241 0.732292
0 0.245833 0.749740 0.236574 0.751823 0.225463 0.760156 0.229167 0.761198 0.233333 0.763802 0.247222 0.766667 0.252778 0.765625 0.255093 0.764323 0.257870 0.760677 0.257870 0.758594 0.256481 0.755469 0.252315 0.751302 0.249074 0.750000
0 0.260185 0.772656 0.255556 0.771875 0.246296 0.772656 0.240741 0.775521 0.238426 0.778646 0.238426 0.783333 0.239815 0.785677 0.242593 0.787240 0.247685 0.787760 0.252315 0.786979 0.261574 0.783073 0.264815 0.778646 0.263426 0.775000
0 0.300000 0.783073 0.297222 0.779167 0.295370 0.778125 0.286574 0.777344 0.272222 0.779948 0.268056 0.782031 0.267130 0.783594 0.270370 0.787240 0.281019 0.790104 0.290278 0.790104 0.293981 0.789323 0.298148 0.787240
0 0.301389 0.769792 0.297685 0.771875 0.297222 0.776823 0.302315 0.785156 0.304630 0.785937 0.310185 0.786198 0.317130 0.784896 0.320370 0.783073 0.324074 0.779427 0.321296 0.775260 0.307407 0.770833
0 0.263426 0.765885 0.262963 0.771875 0.267130 0.776563 0.270833 0.777604 0.275926 0.777865 0.281944 0.777083 0.293056 0.771875 0.293056 0.767188 0.288889 0.765104 0.273611 0.763021 0.267130 0.762760
0 0.271296 0.755990 0.269444 0.759375 0.270370 0.763021 0.281019 0.765625 0.289352 0.765625 0.292130 0.765104 0.301389 0.759896 0.299537 0.755208 0.288426 0.752083 0.280556 0.752083
0 0.302315 0.736719 0.294907 0.736458 0.286111 0.739323 0.280093 0.743490 0.284259 0.750260 0.294444 0.753906 0.300463 0.752865 0.305556 0.750260 0.307870 0.748177 0.308796 0.744531 0.307870 0.740104
0 0.274074 0.726042 0.270370 0.725521 0.264815 0.725781 0.261111 0.727344 0.256481 0.732292 0.256481 0.736719 0.260648 0.739844 0.267593 0.740104 0.278704 0.736458 0.282407 0.732292 0.278704 0.728646
0 0.275000 0.719271 0.273148 0.721615 0.272685 0.724740 0.283333 0.730729 0.287500 0.732031 0.297222 0.732552 0.302315 0.730469 0.306481 0.724740 0.302778 0.722135 0.288889 0.717708 0.280556 0.717708
0 0.319444 0.723437 0.315278 0.723177 0.308796 0.724479 0.304167 0.728125 0.302315 0.732292 0.304630 0.736458 0.309259 0.738802 0.316204 0.739062 0.319444 0.738281 0.327778 0.732812 0.328241 0.728385 0.323611 0.725000
0 0.329630 0.714323 0.324537 0.717187 0.320833 0.720313 0.321759 0.724740 0.330093 0.730208 0.344444 0.730469 0.350000 0.728906 0.351389 0.724479 0.344907 0.716927 0.337037 0.713281
0 0.351389 0.715885 0.349537 0.716927 0.349074 0.721094 0.351852 0.727083 0.355093 0.728385 0.363889 0.730208 0.370833 0.729427 0.372685 0.728385 0.378241 0.721354 0.377778 0.716667 0.373148 0.714583 0.367130 0.713802 0.359259 0.714063
0 0.381481 0.718229 0.379167 0.719531 0.375463 0.724479 0.374074 0.727865 0.375463 0.730208 0.378241 0.731771 0.382407 0.732292 0.397685 0.732292 0.401389 0.731510 0.405556 0.728646 0.405556 0.723958 0.390278 0.718229 0.387037 0.717708
0 0.418519 0.725260 0.407870 0.727083 0.403704 0.730469 0.402778 0.733333 0.408333 0.740365 0.417130 0.743750 0.422222 0.744010 0.425926 0.742708 0.427315 0.736458 0.431019 0.732031 0.427315 0.726302 0.422685 0.725260
0 0.433333 0.731510 0.429630 0.733333 0.427778 0.735938 0.426852 0.740625 0.428241 0.743750 0.433333 0.747396 0.441667 0.747396 0.450463 0.744271 0.453704 0.740104 0.444907 0.735677 0.440741 0.732292
0 0.453241 0.723958 0.447685 0.725000 0.443519 0.727344 0.442130 0.728906 0.441204 0.732812 0.448148 0.738021 0.455093 0.738802 0.462037 0.737500 0.467593 0.735677 0.470833 0.733594 0.471296 0.731771 0.469444 0.728125 0.467130 0.726042 0.461574 0.724479
0 0.475463 0.722396 0.472222 0.724740 0.471296 0.729167 0.474074 0.733854 0.480093 0.737500 0.489352 0.739323 0.492593 0.738802 0.494907 0.737760 0.498148 0.734375 0.497222 0.728385 0.491204 0.724219 0.483796 0.722396
0 0.517593 0.723698 0.509722 0.722917 0.500463 0.726562 0.498148 0.730729 0.498611 0.735156 0.500463 0.736458 0.505556 0.737240 0.512500 0.737240 0.518519 0.736198 0.520833 0.733333 0.520833 0.729427 0.518981 0.724479
0 0.476852 0.712240 0.474537 0.715885 0.474537 0.717448 0.476852 0.720833 0.479630 0.721875 0.495833 0.724219 0.502315 0.723698 0.506944 0.722135 0.510648 0.717969 0.511111 0.716406 0.509722 0.713281 0.496759 0.709635 0.481944 0.710156
0 0.521759 0.725000 0.524537 0.727344 0.535648 0.729688 0.545370 0.729688 0.551852 0.727865 0.557870 0.724479 0.561111 0.721354 0.561111 0.720313 0.555556 0.717708 0.547222 0.715625 0.537500 0.714063 0.531019 0.713802 0.526389 0.714844 0.524537 0.715885 0.521296 0.720313
0 0.585185 0.722135 0.571759 0.722135 0.568056 0.722917 0.564352 0.725781 0.562963 0.733333 0.565741 0.738802 0.569444 0.740625 0.573148 0.741146 0.578704 0.740365 0.590741 0.731250 0.591667 0.727344 0.588426 0.723177
0 0.597222 0.705990 0.593981 0.704688 0.590278 0.704427 0.586574 0.703385 0.571759 0.710938 0.569444 0.716146 0.571296 0.720833 0.573148 0.721354 0.587037 0.721354 0.594444 0.719792 0.602778 0.716146 0.603704 0.714323 0.603241 0.711458 0.600926 0.708594
0 0.523611 0.733854 0.520370 0.735938 0.520833 0.740625 0.523148 0.742969 0.527315 0.745052 0.539352 0.746354 0.542130 0.745573 0.547685 0.742448 0.549074 0.740625 0.548148 0.736719 0.546759 0.735156 0.542130 0.732812 0.537963 0.731510
0 0.468056 0.736979 0.462963 0.737760 0.458796 0.739583 0.456481 0.742188 0.456019 0.745573 0.457870 0.748177 0.463889 0.750521 0.469444 0.751563 0.475926 0.750521 0.480093 0.748698 0.482407 0.745833 0.482870 0.743490 0.481019 0.740885 0.477315 0.738542 0.473611 0.737500
0 0.443519 0.749479 0.439815 0.751823 0.438426 0.754167 0.438889 0.760156 0.443519 0.762500 0.447685 0.763802 0.455556 0.763802 0.463426 0.763021 0.468056 0.760938 0.470833 0.756250 0.468981 0.751823 0.456019 0.748177 0.448148 0.748437
0 0.423148 0.765625 0.418981 0.767188 0.416667 0.770573 0.416667 0.771615 0.421296 0.775000 0.422685 0.777344 0.425463 0.779167 0.433796 0.780469 0.438426 0.779427 0.444907 0.775521 0.444444 0.771354 0.442130 0.767448 0.434722 0.765104
0 0.413426 0.748698 0.407870 0.752344 0.406019 0.755469 0.407407 0.757552 0.419907 0.764583 0.428241 0.765104 0.431481 0.764323 0.436574 0.759375 0.437500 0.756771 0.437037 0.752083 0.432870 0.750000 0.428704 0.748958 0.422222 0.748177
0 0.384722 0.733333 0.382407 0.735417 0.382407 0.741146 0.385185 0.745052 0.392130 0.751302 0.396759 0.752865 0.400463 0.753125 0.404630 0.752604 0.410648 0.750781 0.414352 0.748177 0.415741 0.744010 0.407407 0.739323 0.401389 0.734635 0.393519 0.733333
0 0.343981 0.734896 0.343981 0.737500 0.345370 0.739844 0.351389 0.742708 0.357870 0.742969 0.374537 0.738542 0.378241 0.736458 0.378241 0.732292 0.370833 0.729948 0.350000 0.729948 0.346296 0.731771
0 0.328241 0.734375 0.321759 0.739844 0.320833 0.744531 0.322222 0.747917 0.329167 0.750260 0.337500 0.750260 0.346759 0.748177 0.348611 0.747135 0.350463 0.744010 0.349074 0.741927 0.340741 0.735417 0.335648 0.734115 0.329630 0.733854
0 0.354167 0.749479 0.350926 0.748698 0.343519 0.748437 0.333796 0.750781 0.331944 0.751823 0.331481 0.756771 0.336574 0.762240 0.344907 0.762500 0.350000 0.760677 0.355093 0.757812 0.356481 0.756510 0.356944 0.751823
0 0.322685 0.751042 0.310648 0.754167 0.307407 0.756250 0.305093 0.759115 0.305093 0.760417 0.307407 0.763542 0.311111 0.765625 0.320370 0.768229 0.325926 0.768490 0.330093 0.767969 0.334259 0.764323 0.334259 0.759635 0.330556 0.752865
0 0.361574 0.741406 0.358796 0.743229 0.357870 0.746354 0.356481 0.747656 0.358333 0.752083 0.360648 0.753385 0.366667 0.754948 0.371296 0.757031 0.378241 0.758333 0.385648 0.757552 0.390278 0.755729 0.392130 0.751823 0.388889 0.747396 0.380093 0.741406 0.372685 0.739583
0 0.398148 0.753906 0.395370 0.754687 0.389815 0.758333 0.389352 0.765104 0.390278 0.767708 0.392130 0.769531 0.398148 0.772135 0.406481 0.772396 0.409722 0.769531 0.414352 0.767708 0.414815 0.763542 0.400926 0.754167
0 0.417130 0.772396 0.413426 0.771615 0.401852 0.773438 0.400000 0.774740 0.394444 0.783073 0.394907 0.787240 0.399074 0.788281 0.406019 0.788542 0.410648 0.787500 0.424074 0.779427 0.422222 0.775260
0 0.392593 0.770052 0.385185 0.769531 0.375463 0.772656 0.373148 0.774740 0.371296 0.779687 0.374074 0.784375 0.378241 0.786979 0.384259 0.786719 0.387500 0.785937 0.390741 0.782552 0.398148 0.778385 0.399074 0.776563 0.398611 0.773698 0.396759 0.771875
0 0.347685 0.765104 0.345370 0.766406 0.341204 0.772135 0.340741 0.776042 0.342593 0.778125 0.349074 0.779687 0.364815 0.780208 0.368981 0.779167 0.371296 0.777604 0.372222 0.774740 0.370370 0.772135 0.365741 0.769271 0.363426 0.765625 0.358796 0.763802 0.350463 0.764323
0 0.386574 0.757552 0.374537 0.757812 0.371296 0.757292 0.364352 0.758333 0.359259 0.763802 0.362963 0.765885 0.365741 0.770052 0.370370 0.772396 0.372685 0.772656 0.379167 0.771875 0.388426 0.767708 0.388889 0.759115
0 0.368056 0.781510 0.359722 0.780208 0.351852 0.780469 0.346759 0.781510 0.344444 0.782813 0.342593 0.785937 0.343056 0.790104 0.344907 0.792188 0.350463 0.794271 0.358333 0.793750 0.366667 0.790625 0.371296 0.787500 0.370833 0.783594
0 0.440741 0.711979 0.437963 0.715625 0.438889 0.720052 0.440741 0.721615 0.448611 0.723958 0.455093 0.723958 0.460648 0.724740 0.468981 0.724740 0.472685 0.722396 0.473611 0.720313 0.471759 0.714844 0.462037 0.709635 0.445833 0.710156 0.443056 0.710677
0 0.426852 0.708333 0.419444 0.710677 0.414815 0.713021 0.412037 0.717448 0.413426 0.721094 0.418056 0.724740 0.428241 0.725781 0.434259 0.724219 0.437037 0.722396 0.438426 0.712760 0.434722 0.709635
0 0.379630 0.704948 0.379167 0.709635 0.380556 0.711719 0.383796 0.714063 0.388426 0.715885 0.398611 0.718229 0.406481 0.716927 0.409259 0.712760 0.406944 0.709896 0.404630 0.703906 0.402778 0.702083 0.399537 0.701302 0.392130 0.701042
0 0.589815 0.733594 0.587037 0.735938 0.586574 0.740625 0.589815 0.744271 0.593981 0.746354 0.600463 0.748177 0.607870 0.748177 0.610648 0.745573 0.612500 0.741146 0.612963 0.735938 0.611111 0.733333 0.608333 0.732031 0.599537 0.731510
0 0.618519 0.714583 0.615741 0.716146 0.614815 0.718490 0.614815 0.721615 0.617593 0.726562 0.622685 0.728646 0.628241 0.729427 0.637963 0.728125 0.640741 0.726302 0.641667 0.724740 0.641204 0.719792 0.638889 0.716927 0.634259 0.714583 0.628704 0.713542 0.623148 0.713542
0 0.657870 0.719531 0.652778 0.721354 0.648148 0.724479 0.648611 0.728646 0.652778 0.732292 0.663426 0.738021 0.669444 0.740365 0.671759 0.740365 0.675000 0.739062 0.677315 0.736719 0.677315 0.729427 0.674537 0.722917 0.671296 0.720573 0.663426 0.719010
0 0.607870 0.715625 0.601389 0.716406 0.593056 0.719792 0.588889 0.720573 0.589352 0.725000 0.593519 0.728906 0.597685 0.730729 0.607870 0.731510 0.613889 0.729688 0.615278 0.728646 0.615741 0.724479 0.614352 0.719792 0.612500 0.717708
0 0.680093 0.720573 0.676852 0.723177 0.676389 0.725260 0.677315 0.729167 0.680556 0.732031 0.697222 0.736458 0.704630 0.735677 0.710185 0.732292 0.712037 0.729688 0.712037 0.727344 0.710185 0.724479 0.706481 0.722656 0.691204 0.718750
0 0.692130 0.704167 0.684259 0.704427 0.676389 0.705729 0.673148 0.707292 0.671759 0.708854 0.672685 0.714323 0.676852 0.718229 0.680556 0.719792 0.684259 0.720313 0.691667 0.719010 0.694444 0.717708 0.699074 0.713021 0.700463 0.709635 0.700000 0.708073 0.698148 0.705990
0 0.677315 0.688281 0.669444 0.687760 0.665741 0.688802 0.661111 0.691667 0.655093 0.698698 0.653704 0.701302 0.655556 0.703906 0.662500 0.708073 0.670833 0.708333 0.677778 0.704688 0.679167 0.703125 0.680556 0.699219 0.680093 0.689323
0 0.744444 0.667188 0.737963 0.663802 0.734259 0.662760 0.725463 0.663281 0.719907 0.665885 0.715278 0.670573 0.713889 0.673958 0.718056 0.677865 0.725000 0.679167 0.733796 0.679167 0.741667 0.677344 0.745833 0.673958 0.746296 0.669271
0 0.696296 0.685677 0.691204 0.686198 0.685185 0.688281 0.682407 0.689844 0.680556 0.693490 0.683333 0.697917 0.687037 0.700000 0.691667 0.701823 0.698611 0.702083 0.704167 0.700260 0.706019 0.698958 0.708796 0.692969 0.706944 0.689063 0.701852 0.686719
0 0.725926 0.699479 0.718519 0.699740 0.711574 0.703906 0.709722 0.706250 0.708796 0.709115 0.713426 0.713542 0.718519 0.716406 0.726852 0.715885 0.732870 0.713281 0.736574 0.709635 0.735648 0.704688 0.731944 0.701823
0 0.628241 0.699219 0.625000 0.701823 0.624074 0.705469 0.631019 0.711458 0.636574 0.714323 0.644444 0.717187 0.649074 0.717708 0.653241 0.717448 0.657870 0.716146 0.661574 0.713281 0.662037 0.708594 0.655093 0.703646 0.649537 0.700521 0.642593 0.698177 0.633796 0.698177
0 0.290278 0.702083 0.287500 0.701823 0.280093 0.703125 0.276389 0.705208 0.273148 0.708854 0.274537 0.714063 0.276852 0.716406 0.280093 0.717708 0.288889 0.717448 0.295370 0.712760 0.296759 0.709375 0.295370 0.704948 0.293519 0.703125
0 0.263889 0.695833 0.259259 0.695833 0.254630 0.697135 0.249074 0.701042 0.246296 0.704688 0.247685 0.709115 0.253241 0.711719 0.257870 0.712240 0.263426 0.711979 0.269907 0.710156 0.271759 0.708854 0.273148 0.704948 0.271296 0.701042 0.267593 0.696875
0 0.225926 0.670052 0.221296 0.672656 0.216667 0.677344 0.218981 0.682813 0.225000 0.685417 0.232407 0.686198 0.240741 0.686198 0.246759 0.684635 0.252315 0.681250 0.253241 0.677344 0.250926 0.675000 0.239815 0.669271 0.232407 0.668490
0 0.204630 0.659635 0.197222 0.660937 0.193519 0.663802 0.192593 0.665625 0.192593 0.673958 0.194444 0.676823 0.197685 0.678906 0.205093 0.679427 0.212963 0.677865 0.217593 0.674740 0.218519 0.673177 0.217130 0.669531 0.213426 0.665104 0.207870 0.660677
0 0.203241 0.633594 0.196759 0.633594 0.190741 0.634896 0.187963 0.638281 0.187500 0.642969 0.190278 0.647656 0.192593 0.649740 0.197222 0.651823 0.206019 0.649479 0.209259 0.647135 0.212037 0.642969 0.210648 0.638542 0.205093 0.634115
0 0.176852 0.609375 0.173148 0.618750 0.175926 0.625781 0.178241 0.627083 0.182407 0.627604 0.190741 0.627083 0.194444 0.626042 0.200463 0.622917 0.201852 0.618490 0.199074 0.614583 0.195833 0.612500 0.184722 0.608854
0 0.155556 0.604427 0.149074 0.606771 0.144444 0.610677 0.144907 0.614583 0.146759 0.616146 0.152315 0.618229 0.158796 0.619792 0.163889 0.620313 0.170370 0.618490 0.173148 0.616146 0.174074 0.613021 0.173611 0.607812 0.162963 0.604948
0 0.225926 0.612500 0.218056 0.612760 0.212037 0.614062 0.205556 0.617708 0.204630 0.618750 0.204167 0.623437 0.210648 0.627865 0.217593 0.629427 0.220370 0.629427 0.225463 0.628385 0.227778 0.627083 0.232870 0.619531 0.233796 0.615104 0.230556 0.613542
0 0.233796 0.616406 0.230093 0.623437 0.230556 0.627344 0.234722 0.630990 0.238889 0.632031 0.247222 0.632031 0.257407 0.629427 0.262037 0.627083 0.264352 0.622656 0.262037 0.620573 0.256019 0.617448 0.247222 0.615365 0.239815 0.614844
0 0.261574 0.634375 0.253704 0.633333 0.247685 0.634115 0.244907 0.634896 0.240278 0.637500 0.237500 0.641406 0.237500 0.646615 0.239815 0.648438 0.245833 0.649740 0.253704 0.649740 0.261111 0.648698 0.267593 0.646354 0.269444 0.643229 0.268981 0.639844 0.265741 0.636719
0 0.289352 0.625521 0.276852 0.625521 0.274074 0.626042 0.264815 0.630729 0.264815 0.635417 0.267593 0.638281 0.272222 0.639323 0.284259 0.639062 0.288426 0.638542 0.292593 0.636719 0.294444 0.635156 0.293981 0.631771 0.291667 0.626823
0 0.274074 0.612500 0.269444 0.615104 0.268981 0.618750 0.273611 0.624740 0.280093 0.626042 0.287500 0.626042 0.289815 0.625521 0.293981 0.622917 0.296296 0.619531 0.295833 0.615104 0.294444 0.613802 0.291204 0.612240 0.287037 0.611458 0.279630 0.611458
0 0.302778 0.635938 0.296296 0.636198 0.289352 0.638542 0.287500 0.641146 0.286574 0.646875 0.289815 0.650521 0.294444 0.651563 0.302778 0.651823 0.308333 0.650781 0.314815 0.647396 0.315741 0.642448 0.309259 0.637760
0 0.323148 0.625781 0.313426 0.628646 0.309259 0.630990 0.306019 0.634635 0.310648 0.640104 0.315741 0.642448 0.323148 0.641927 0.332407 0.638281 0.336111 0.635156 0.335648 0.630729 0.333796 0.629167
0 0.335648 0.611979 0.328241 0.613542 0.325926 0.615104 0.325000 0.620052 0.327778 0.626563 0.336574 0.630208 0.341204 0.626823 0.345833 0.625781 0.349074 0.624219 0.352315 0.621354 0.353241 0.619271 0.352315 0.616667 0.348611 0.613802 0.344444 0.612500
0 0.372685 0.607292 0.364352 0.607552 0.358796 0.610938 0.355556 0.615104 0.354630 0.619531 0.356019 0.622656 0.358333 0.624219 0.363426 0.625521 0.372685 0.624740 0.377778 0.619271 0.377778 0.610938 0.375926 0.608333
0 0.382870 0.617969 0.378241 0.620052 0.375463 0.622917 0.379167 0.628646 0.382407 0.630990 0.391204 0.634375 0.398148 0.633854 0.402315 0.623698 0.399537 0.618750 0.394444 0.617448
0 0.405093 0.624219 0.400463 0.626823 0.399074 0.630729 0.400000 0.634375 0.402315 0.636979 0.406019 0.639062 0.413889 0.639323 0.422685 0.634896 0.423611 0.632292 0.423148 0.628906 0.420833 0.626823 0.411574 0.624740
0 0.412500 0.610156 0.407870 0.611979 0.403241 0.615104 0.403241 0.620052 0.405093 0.623177 0.409722 0.625000 0.418519 0.626302 0.426852 0.625521 0.430093 0.623698 0.432407 0.620052 0.432407 0.618750 0.430556 0.616667 0.420833 0.609635
0 0.371296 0.634635 0.368056 0.638281 0.368056 0.641667 0.370833 0.645052 0.374537 0.646615 0.383333 0.647396 0.391204 0.647135 0.393519 0.646615 0.399074 0.643229 0.400926 0.638542 0.396759 0.635417 0.385648 0.632552 0.380093 0.632031 0.377315 0.632292
0 0.356019 0.624740 0.347222 0.626823 0.345370 0.631250 0.346296 0.634635 0.349537 0.638281 0.354167 0.640625 0.358333 0.641406 0.363426 0.640625 0.366667 0.639062 0.369444 0.636979 0.374537 0.631250 0.374537 0.630208 0.369444 0.626302
0 0.350000 0.646094 0.344444 0.647656 0.340278 0.650781 0.339352 0.653385 0.340278 0.658594 0.343056 0.662760 0.350463 0.667188 0.357407 0.666927 0.360648 0.665625 0.363889 0.662500 0.364815 0.653385 0.363426 0.650000 0.360185 0.647396 0.357407 0.646354
0 0.357870 0.667188 0.350463 0.668750 0.344444 0.673438 0.345370 0.681771 0.350000 0.686719 0.353704 0.687760 0.359259 0.687760 0.365741 0.685677 0.367130 0.683333 0.366204 0.673698 0.362963 0.669271
0 0.400463 0.672396 0.392593 0.671094 0.385185 0.671094 0.374074 0.673438 0.369444 0.675781 0.368056 0.677344 0.368519 0.682552 0.369907 0.684375 0.374074 0.686719 0.378241 0.687760 0.387500 0.686458 0.402778 0.677865 0.402778 0.673698
0 0.392593 0.647396 0.376852 0.646875 0.371296 0.648177 0.368519 0.650521 0.363889 0.657813 0.364815 0.661979 0.371296 0.665365 0.379167 0.665365 0.383796 0.663802 0.393981 0.654427 0.393981 0.649740
0 0.407870 0.653646 0.401389 0.652604 0.396296 0.653125 0.385648 0.661719 0.386574 0.665885 0.388426 0.668229 0.390741 0.669271 0.399537 0.669531 0.409722 0.667708 0.415741 0.664323 0.417130 0.661719 0.414352 0.657292
0 0.434259 0.635938 0.425463 0.636198 0.415741 0.639323 0.411111 0.641927 0.407407 0.646615 0.409259 0.648698 0.413426 0.651302 0.420370 0.652604 0.431019 0.651302 0.437500 0.649479 0.439352 0.646615 0.438889 0.641667
0 0.438889 0.621615 0.433333 0.623437 0.431944 0.626302 0.432407 0.631250 0.434259 0.635156 0.437500 0.639062 0.440741 0.640885 0.449074 0.641146 0.451852 0.640625 0.458796 0.638021 0.462500 0.635417 0.462037 0.630729 0.456019 0.626302 0.448148 0.622135 0.441204 0.621354
0 0.442130 0.649219 0.439815 0.649219 0.432407 0.651042 0.422685 0.651823 0.417130 0.653385 0.415741 0.655990 0.415741 0.659115 0.417593 0.661198 0.422222 0.663802 0.433796 0.666667 0.437963 0.665625 0.440278 0.664323 0.441667 0.661719 0.449537 0.654687 0.449074 0.652865 0.446759 0.650521
0 0.447685 0.657031 0.443056 0.659635 0.436111 0.666146 0.438889 0.670052 0.444907 0.671875 0.450000 0.672135 0.454630 0.671615 0.458796 0.670312 0.463426 0.665885 0.462500 0.661979 0.460648 0.660417 0.454167 0.657292
0 0.426389 0.665625 0.421759 0.667188 0.417130 0.670573 0.414815 0.673438 0.413889 0.677865 0.416667 0.680208 0.420833 0.681771 0.434259 0.682292 0.436574 0.681771 0.439815 0.679167 0.441204 0.673177 0.438889 0.669792 0.436111 0.668229 0.429630 0.665885
0 0.417593 0.685156 0.419444 0.694010 0.421759 0.696615 0.426389 0.697917 0.434259 0.697656 0.437963 0.696615 0.444444 0.693750 0.449074 0.689583 0.454352 0.685417 0.441204 0.682813 0.419907 0.682552
0 0.405093 0.678385 0.400463 0.679688 0.391667 0.685417 0.389815 0.687500 0.389352 0.689844 0.395370 0.694531 0.405093 0.696354 0.407870 0.696354 0.415278 0.694792 0.417593 0.693490 0.417593 0.684115 0.418519 0.681510 0.413889 0.679167
0 0.386111 0.688542 0.377315 0.688802 0.371759 0.690625 0.368056 0.692969 0.367593 0.697396 0.371759 0.702604 0.374537 0.704167 0.377778 0.704948 0.385648 0.703646 0.390741 0.701042 0.393056 0.697917 0.391667 0.691927
0 0.358333 0.690885 0.350463 0.692187 0.346759 0.696615 0.346296 0.709115 0.350000 0.711719 0.357870 0.711979 0.364815 0.710417 0.367593 0.708854 0.370370 0.705469 0.369444 0.702083 0.367130 0.699740 0.365741 0.696615 0.362037 0.692708
0 0.343056 0.697135 0.339352 0.696094 0.329167 0.695573 0.322685 0.698177 0.316204 0.702604 0.313889 0.705729 0.313889 0.709115 0.330556 0.709896 0.336111 0.709375 0.341204 0.707812 0.345370 0.705208 0.345370 0.700521
0 0.329630 0.674219 0.325463 0.677083 0.323148 0.681510 0.322685 0.686979 0.323611 0.689323 0.330093 0.694792 0.336574 0.696094 0.343981 0.695573 0.348611 0.693490 0.350926 0.690104 0.349537 0.685677 0.342593 0.676823 0.337500 0.674479
0 0.420370 0.695052 0.411111 0.696094 0.408333 0.697396 0.404167 0.701042 0.406019 0.707552 0.408796 0.710938 0.412500 0.712760 0.420370 0.711198 0.430093 0.705729 0.430093 0.699479 0.422685 0.696875
0 0.432870 0.698698 0.431481 0.702083 0.433333 0.705208 0.437500 0.707552 0.443981 0.709635 0.447222 0.710156 0.455556 0.709896 0.459259 0.709115 0.463426 0.705990 0.463889 0.704948 0.462963 0.703646 0.448148 0.694531 0.441667 0.694792
0 0.468981 0.686198 0.461111 0.686198 0.455093 0.687240 0.449537 0.690104 0.446759 0.693229 0.451852 0.698438 0.461574 0.703385 0.468981 0.701562 0.475463 0.693750 0.474537 0.689063 0.471759 0.686979
0 0.481944 0.673698 0.472685 0.668490 0.468056 0.667969 0.461574 0.669010 0.450463 0.673438 0.445833 0.677344 0.444907 0.681771 0.455093 0.685417 0.462963 0.686198 0.480556 0.679167 0.481944 0.676823
0 0.163889 0.626823 0.159722 0.625000 0.151389 0.623177 0.146296 0.621094 0.135185 0.620573 0.127315 0.622396 0.122685 0.625000 0.119907 0.629687 0.120370 0.633594 0.123148 0.637240 0.125926 0.638542 0.130556 0.638802 0.135648 0.638281 0.159259 0.630469 0.163426 0.627865
0 0.119444 0.626563 0.117593 0.624219 0.109722 0.620052 0.107870 0.619531 0.100463 0.619792 0.090278 0.623177 0.087037 0.626823 0.085648 0.630990 0.086574 0.632292 0.093056 0.633854 0.107407 0.635938 0.115278 0.635156 0.118519 0.633073 0.119444 0.631510
0 0.107407 0.642969 0.100463 0.644271 0.095833 0.646354 0.093981 0.651042 0.095833 0.654167 0.100463 0.657813 0.104167 0.659635 0.107870 0.660417 0.114352 0.659375 0.123148 0.655469 0.124537 0.654427 0.124537 0.649740 0.117130 0.644531 0.113889 0.643490
0 0.150463 0.649479 0.141667 0.649479 0.135185 0.651302 0.130093 0.654167 0.127778 0.658594 0.129630 0.662240 0.135185 0.664844 0.140278 0.665625 0.147685 0.665104 0.154630 0.662240 0.158333 0.658854 0.159259 0.653906 0.155093 0.650521
0 0.163426 0.634375 0.155093 0.633854 0.145833 0.635938 0.137500 0.639583 0.135648 0.643229 0.137037 0.645312 0.141667 0.648438 0.147222 0.649479 0.157407 0.650000 0.162963 0.647917 0.167130 0.642708 0.166204 0.638021
0 0.176852 0.641667 0.169907 0.643229 0.165278 0.645833 0.163889 0.650260 0.164815 0.654167 0.169444 0.657031 0.184259 0.660417 0.187500 0.659635 0.193981 0.655469 0.194907 0.650000 0.189352 0.644271 0.184722 0.641927
0 0.162963 0.655208 0.159722 0.656771 0.155556 0.662500 0.156944 0.663542 0.157870 0.666146 0.161574 0.669010 0.165741 0.670573 0.170370 0.671094 0.182407 0.667188 0.185648 0.664844 0.187500 0.661719 0.185185 0.660417 0.175463 0.658333 0.170370 0.655990
0 0.176852 0.672917 0.170370 0.672135 0.166667 0.672656 0.159722 0.675000 0.156481 0.677344 0.156481 0.682552 0.157870 0.685937 0.162500 0.689323 0.171296 0.689583 0.181481 0.685677 0.185648 0.682031 0.185185 0.677604 0.181481 0.674479
0 0.143056 0.679948 0.134722 0.680208 0.128241 0.682292 0.125926 0.685156 0.124537 0.689583 0.127315 0.694531 0.130093 0.696354 0.135185 0.697396 0.140278 0.696094 0.142130 0.693750 0.147685 0.691667 0.150926 0.689323 0.151852 0.685677 0.150926 0.684115 0.147222 0.681510
0 0.143519 0.696094 0.134722 0.697135 0.132407 0.698438 0.130556 0.701562 0.123611 0.708073 0.121296 0.712760 0.123148 0.716927 0.128704 0.719531 0.137037 0.719792 0.141667 0.718750 0.146296 0.716406 0.150463 0.712760 0.152778 0.706250 0.152315 0.701562 0.149537 0.697917
0 0.150926 0.593229 0.148611 0.595573 0.148148 0.599740 0.156019 0.603125 0.169907 0.605990 0.174074 0.605469 0.176389 0.604427 0.181019 0.599479 0.181481 0.596615 0.180093 0.594010 0.176852 0.591927 0.156019 0.590625
0 0.162963 0.574479 0.157407 0.576823 0.154167 0.579427 0.152778 0.582552 0.153704 0.586458 0.156944 0.589323 0.162037 0.590625 0.168056 0.591146 0.177315 0.590625 0.181019 0.588802 0.183796 0.584896 0.182870 0.579948 0.178241 0.577344 0.170833 0.574740
0 0.156481 0.561719 0.148148 0.561719 0.142130 0.563021 0.139352 0.564323 0.137037 0.567448 0.138426 0.572656 0.143519 0.576302 0.149074 0.577865 0.156019 0.577344 0.161111 0.574479 0.164352 0.571094 0.164815 0.567969 0.163426 0.565104 0.160185 0.562760
0 0.139815 0.532813 0.141204 0.537240 0.163426 0.541146 0.171759 0.541146 0.177315 0.539844 0.181019 0.537240 0.179630 0.533333 0.170370 0.528125 0.149074 0.527604 0.143519 0.529167
0 0.173611 0.509115 0.170833 0.508333 0.162963 0.507812 0.156944 0.509115 0.153704 0.511198 0.150463 0.514323 0.148148 0.520573 0.148611 0.522917 0.152315 0.525260 0.156019 0.526302 0.163426 0.526042 0.170370 0.524219 0.179630 0.519010 0.181019 0.517708 0.179630 0.513281 0.177315 0.510938
0 0.183796 0.518490 0.177778 0.519271 0.171759 0.521875 0.170370 0.524219 0.170370 0.526563 0.171759 0.529167 0.176852 0.532552 0.184259 0.534896 0.191667 0.532552 0.194907 0.530729 0.196296 0.529167 0.196759 0.524479 0.192593 0.519792
0 0.222222 0.517969 0.217130 0.517708 0.212500 0.518229 0.206481 0.520312 0.197685 0.525260 0.196759 0.529427 0.201852 0.531771 0.211111 0.534115 0.218981 0.534375 0.222685 0.533333 0.227778 0.529687 0.229167 0.524479 0.225463 0.519271
0 0.244907 0.519531 0.238426 0.520312 0.235648 0.521615 0.233333 0.525000 0.232407 0.530990 0.233333 0.534635 0.236111 0.536719 0.246759 0.538281 0.258333 0.530208 0.259722 0.528385 0.260185 0.525260 0.256944 0.522135 0.253241 0.520573
0 0.302315 0.515885 0.294907 0.515885 0.286111 0.518750 0.282407 0.521354 0.281944 0.525521 0.288889 0.528906 0.291204 0.531250 0.294444 0.532292 0.302778 0.530990 0.311574 0.525521 0.311574 0.521094
0 0.380093 0.516406 0.372222 0.514844 0.364352 0.515365 0.361111 0.516146 0.357407 0.517708 0.355093 0.520833 0.355093 0.525781 0.359259 0.528385 0.364352 0.530208 0.371759 0.529167 0.381944 0.521615 0.381944 0.517708
0 0.391204 0.521875 0.385185 0.521354 0.380556 0.522135 0.375926 0.525000 0.368519 0.531771 0.368056 0.534635 0.368981 0.537240 0.378241 0.540365 0.386111 0.540625 0.392593 0.538542 0.396759 0.533854 0.397685 0.529948 0.396759 0.525000 0.395370 0.523438
0 0.395833 0.515104 0.394444 0.516667 0.394444 0.519271 0.396296 0.523958 0.398148 0.526302 0.406019 0.530469 0.410648 0.530990 0.415278 0.530729 0.425463 0.525781 0.425463 0.520573 0.424074 0.519010 0.400926 0.514323 0.398148 0.514323
0 0.460185 0.512240 0.455093 0.512760 0.448148 0.515365 0.445833 0.517188 0.445833 0.521615 0.454630 0.526563 0.462037 0.527083 0.471296 0.523177 0.472685 0.521615 0.473611 0.517188 0.469444 0.514062
0 0.488889 0.509115 0.480093 0.514583 0.477315 0.517708 0.476389 0.521094 0.477315 0.523438 0.479630 0.524740 0.484722 0.525521 0.488889 0.527083 0.499537 0.525000 0.502778 0.522135 0.501852 0.517969 0.497222 0.509635
0 0.504630 0.507292 0.500000 0.509375 0.499537 0.514323 0.501389 0.519010 0.507407 0.524479 0.510648 0.525521 0.517593 0.525781 0.525000 0.514062 0.522222 0.509115 0.517593 0.506771 0.509259 0.506510
0 0.543056 0.518750 0.536111 0.516927 0.530093 0.516406 0.522222 0.520052 0.515741 0.528125 0.514815 0.534896 0.516667 0.537240 0.529630 0.534115 0.543519 0.529167 0.546296 0.527604 0.547222 0.526302 0.546759 0.522396
0 0.531481 0.538021 0.522685 0.537500 0.517130 0.538281 0.513889 0.539583 0.511574 0.543750 0.511574 0.549479 0.512963 0.551562 0.517130 0.553385 0.524537 0.553646 0.525926 0.553125 0.535185 0.545312 0.534722 0.540885
0 0.496296 0.552083 0.493519 0.557292 0.494444 0.561458 0.496759 0.563802 0.503704 0.565104 0.515278 0.563021 0.521296 0.560677 0.519444 0.556510 0.509259 0.551562 0.504167 0.550260 0.501852 0.550260
0 0.524537 0.562240 0.516204 0.562760 0.512500 0.564323 0.509259 0.567708 0.509259 0.573177 0.510185 0.574740 0.514352 0.577344 0.516667 0.577865 0.524537 0.578125 0.528704 0.577604 0.531481 0.576562 0.534259 0.572917 0.533333 0.568229 0.528241 0.563542
0 0.513426 0.578906 0.511574 0.580469 0.510185 0.583854 0.511111 0.588021 0.517130 0.589583 0.524074 0.592969 0.531481 0.592448 0.534722 0.584635 0.533333 0.579688 0.531481 0.578646 0.526852 0.577865 0.518519 0.577865
0 0.487963 0.591667 0.488889 0.596615 0.493519 0.599740 0.498611 0.601562 0.508796 0.603385 0.518056 0.603646 0.526852 0.601302 0.530093 0.599740 0.527315 0.594792 0.517593 0.589844 0.504630 0.586979 0.495370 0.586979 0.490741 0.588802
0 0.489815 0.597135 0.482407 0.596615 0.475000 0.597396 0.469907 0.598958 0.467130 0.603906 0.468981 0.607552 0.475463 0.613281 0.483333 0.612240 0.492130 0.608333 0.495370 0.602865 0.494444 0.599740
0 0.467130 0.604167 0.460648 0.604167 0.453241 0.606771 0.450926 0.608594 0.448611 0.615365 0.450463 0.617708 0.455093 0.619792 0.462037 0.620833 0.465278 0.619531 0.472222 0.618229 0.474537 0.616406 0.475463 0.611198 0.469907 0.607812 0.468981 0.604688
0 0.467593 0.618750 0.459722 0.621875 0.459259 0.627344 0.467593 0.632292 0.475463 0.634115 0.478704 0.633594 0.483333 0.631771 0.486111 0.626823 0.481019 0.621615 0.475926 0.618229
0 0.481944 0.613802 0.479630 0.615104 0.478241 0.619271 0.483333 0.623958 0.491204 0.627865 0.502778 0.630990 0.507870 0.630469 0.509722 0.627865 0.509722 0.622135 0.507870 0.619792 0.503241 0.617708 0.496759 0.611458 0.489352 0.611458
0 0.522685 0.604948 0.518519 0.604167 0.509722 0.604167 0.504167 0.605469 0.498611 0.608333 0.496296 0.611458 0.499074 0.615365 0.503241 0.619010 0.510648 0.620313 0.519907 0.617448 0.525926 0.614323 0.527778 0.611979 0.527315 0.607552
0 0.512963 0.621094 0.511574 0.622917 0.512500 0.627083 0.518056 0.631510 0.531019 0.633073 0.539352 0.633073 0.543519 0.631510 0.546296 0.628646 0.546296 0.622135 0.542593 0.619010 0.530093 0.617448 0.521296 0.618490 0.514815 0.620052
0 0.503704 0.567187 0.496296 0.567708 0.493056 0.569010 0.485185 0.573438 0.483796 0.575260 0.484259 0.578385 0.486574 0.580729 0.492130 0.583333 0.495833 0.584115 0.503704 0.582812 0.507407 0.580729 0.508796 0.578906 0.509722 0.575781 0.506944 0.568490
0 0.474074 0.558333 0.468981 0.559635 0.467593 0.560937 0.466667 0.567448 0.470370 0.572917 0.474074 0.574219 0.477778 0.574219 0.482407 0.573177 0.487963 0.570312 0.489815 0.568490 0.490741 0.564323 0.488426 0.561979 0.482870 0.559115
0 0.489815 0.542448 0.481944 0.542448 0.472222 0.546094 0.470370 0.548698 0.472222 0.554167 0.475000 0.556771 0.483333 0.558073 0.491667 0.555729 0.495833 0.553125 0.499074 0.548698
0 0.485185 0.525781 0.475463 0.524219 0.467130 0.525781 0.462037 0.527865 0.460648 0.529687 0.460648 0.533594 0.465278 0.541406 0.468519 0.543750 0.475926 0.544010 0.482870 0.541406 0.485648 0.539583 0.489352 0.533854 0.489352 0.528906 0.487500 0.526823
0 0.503241 0.523698 0.501389 0.524740 0.493981 0.526563 0.491667 0.527865 0.489352 0.532292 0.489352 0.537760 0.491204 0.541927 0.495833 0.546354 0.499074 0.548177 0.504167 0.549479 0.507870 0.548698 0.510648 0.547135 0.512500 0.541927 0.512963 0.532813 0.514815 0.529167 0.512500 0.526042
0 0.456481 0.532031 0.454167 0.532031 0.445833 0.536198 0.441667 0.540625 0.441204 0.545312 0.443056 0.547917 0.446759 0.549740 0.454630 0.550260 0.461111 0.549740 0.464815 0.548698 0.468056 0.546094 0.468519 0.544792 0.462963 0.537760 0.461574 0.534635
0 0.447685 0.523438 0.441204 0.522135 0.434259 0.522656 0.424074 0.529948 0.418981 0.537500 0.421759 0.541927 0.425000 0.543750 0.434259 0.544271 0.439815 0.542188 0.450000 0.531771 0.450463 0.525260
0 0.399537 0.534115 0.394444 0.536979 0.392593 0.539844 0.390278 0.540885 0.395370 0.545312 0.406019 0.548698 0.413426 0.548177 0.417593 0.546094 0.418981 0.543750 0.418981 0.540625 0.416204 0.535937 0.413426 0.534375 0.407407 0.533333
0 0.410648 0.548958 0.408796 0.552604 0.409722 0.553906 0.418981 0.557813 0.425926 0.559635 0.435648 0.559635 0.439815 0.557813 0.442130 0.553646 0.442130 0.551302 0.439352 0.546615 0.436574 0.545312 0.433796 0.544792 0.426389 0.544792 0.418981 0.546094
0 0.379167 0.545573 0.378241 0.548958 0.381019 0.553385 0.385185 0.556771 0.400463 0.554948 0.404167 0.553646 0.405556 0.548698 0.393519 0.544010 0.384259 0.543750
0 0.378704 0.540885 0.371759 0.538021 0.364815 0.536719 0.353704 0.538281 0.346296 0.541406 0.345833 0.546615 0.346759 0.548698 0.350926 0.551302 0.357407 0.552604 0.369444 0.550781 0.375000 0.548698 0.377778 0.545573
0 0.331481 0.529167 0.330556 0.532552 0.331019 0.537240 0.332870 0.539583 0.336574 0.541146 0.343981 0.541927 0.352778 0.539062 0.363889 0.537500 0.365741 0.536719 0.365278 0.532552 0.360185 0.529167 0.351852 0.526302 0.343519 0.525521 0.334722 0.527344
0 0.309722 0.526823 0.306019 0.528906 0.306019 0.534375 0.307407 0.537240 0.315741 0.543750 0.323148 0.544010 0.324537 0.542188 0.331019 0.538542 0.330556 0.529687 0.327778 0.527344 0.322685 0.526302 0.315741 0.525781
0 0.294907 0.534635 0.290741 0.535677 0.287963 0.537760 0.286111 0.540625 0.286111 0.545573 0.287037 0.547917 0.288426 0.548698 0.295370 0.550260 0.304167 0.547917 0.306944 0.546615 0.308333 0.545312 0.308333 0.540885 0.306481 0.538802 0.301852 0.536198
0 0.265741 0.528125 0.262963 0.529687 0.256944 0.537240 0.261111 0.539323 0.265741 0.540104 0.279167 0.541146 0.285648 0.540365 0.287500 0.538802 0.289815 0.533594 0.285648 0.528906 0.281481 0.526823 0.274537 0.526042
0 0.249074 0.540625 0.250463 0.544792 0.253704 0.546354 0.256481 0.548958 0.266667 0.554167 0.275000 0.553385 0.282870 0.547917 0.283796 0.545573 0.282870 0.543490 0.276389 0.540885 0.257870 0.539062 0.252778 0.539062
0 0.253704 0.545312 0.245370 0.546094 0.240741 0.548958 0.237963 0.552083 0.240278 0.556510 0.246296 0.559375 0.254630 0.559115 0.263426 0.556771 0.268981 0.552865 0.266204 0.551302 0.260648 0.549740
0 0.239815 0.537500 0.231944 0.536198 0.224074 0.537500 0.220370 0.539583 0.216667 0.544271 0.217130 0.549740 0.218519 0.552344 0.225463 0.553906 0.230556 0.554167 0.234259 0.553906 0.237037 0.552604 0.245833 0.545052 0.245370 0.540885
0 0.187963 0.534635 0.185648 0.539323 0.185648 0.542188 0.187037 0.545052 0.190741 0.546094 0.202315 0.546615 0.211574 0.546354 0.215741 0.545052 0.218056 0.540365 0.216667 0.537240 0.213426 0.534896 0.206019 0.532552 0.198148 0.530990 0.194444 0.531771
0 0.184722 0.553125 0.176852 0.554688 0.169907 0.558594 0.165278 0.563802 0.165278 0.568750 0.166204 0.570052 0.169444 0.571615 0.176389 0.572917 0.184722 0.572917 0.187500 0.572396 0.193056 0.568490 0.190741 0.562240 0.190741 0.556510 0.189352 0.554948
0 0.202315 0.554948 0.198148 0.555469 0.193056 0.557552 0.190741 0.559896 0.190741 0.563542 0.192130 0.567708 0.194444 0.570312 0.197685 0.572135 0.205556 0.572396 0.214352 0.569271 0.218519 0.565365 0.219907 0.560417 0.212037 0.555729
0 0.231019 0.554948 0.221759 0.560156 0.220370 0.561719 0.219444 0.565625 0.221759 0.568750 0.224537 0.570052 0.229167 0.570573 0.239815 0.570833 0.246296 0.569792 0.248611 0.568490 0.248611 0.564063 0.244907 0.559375 0.238426 0.555469 0.234259 0.554688
0 0.259722 0.566667 0.254630 0.567969 0.251389 0.570052 0.250463 0.571615 0.249537 0.582812 0.250463 0.584115 0.259259 0.585938 0.268056 0.585938 0.277315 0.579688 0.278704 0.575781 0.274537 0.572135 0.263889 0.567448
0 0.246296 0.584635 0.237037 0.586979 0.233333 0.589063 0.231944 0.590885 0.231481 0.596094 0.234259 0.597917 0.242130 0.600521 0.246296 0.602865 0.253704 0.602344 0.256019 0.599219 0.259722 0.591927 0.259722 0.587760 0.254167 0.585417
0 0.268981 0.598958 0.258796 0.598958 0.253704 0.601042 0.250926 0.603646 0.250000 0.606250 0.250926 0.611198 0.254630 0.614583 0.260185 0.617448 0.267130 0.615885 0.277778 0.610156 0.279630 0.607552 0.278241 0.602865 0.274074 0.600260
0 0.218056 0.600260 0.215741 0.602344 0.215278 0.607812 0.221759 0.611719 0.225000 0.612500 0.232870 0.613021 0.239815 0.610938 0.244444 0.607552 0.243981 0.603385 0.240278 0.601042 0.232870 0.599219 0.227315 0.598698
0 0.180093 0.601042 0.178241 0.603385 0.179630 0.607292 0.181944 0.608594 0.198148 0.612240 0.205556 0.612500 0.209722 0.610417 0.212500 0.607552 0.213889 0.604167 0.212963 0.601302 0.209722 0.598698 0.205093 0.597135 0.187037 0.597917 0.184722 0.598437
0 0.190741 0.582812 0.186111 0.584375 0.183333 0.586719 0.180556 0.591667 0.181481 0.594010 0.183796 0.596875 0.186111 0.597396 0.200000 0.596875 0.202778 0.595833 0.205093 0.592969 0.205093 0.586458 0.198611 0.583333
0 0.211574 0.576562 0.207870 0.581510 0.206944 0.595313 0.209722 0.597396 0.219444 0.598958 0.225463 0.597917 0.228704 0.596354 0.231481 0.591927 0.231481 0.587760 0.228241 0.582292 0.220370 0.579167 0.218981 0.576562
0 0.217130 0.572396 0.214352 0.575521 0.215278 0.577344 0.233333 0.584896 0.240278 0.585677 0.247685 0.582031 0.250000 0.577344 0.249537 0.572135 0.247685 0.571094 0.224537 0.570052 0.220370 0.570833
0 0.274074 0.580990 0.268519 0.587240 0.268519 0.592187 0.269907 0.593229 0.273611 0.594531 0.287963 0.596354 0.296296 0.596875 0.302315 0.595833 0.302778 0.591667 0.300926 0.588281 0.297685 0.585677 0.281481 0.579167
0 0.322222 0.597656 0.314352 0.597656 0.302315 0.600781 0.299074 0.603385 0.299537 0.608854 0.301852 0.612240 0.306481 0.614323 0.316667 0.614323 0.324074 0.610156 0.325926 0.607292 0.326852 0.602865 0.325463 0.600000
0 0.350463 0.585417 0.344444 0.583333 0.339815 0.583594 0.335648 0.584635 0.330093 0.589844 0.325926 0.591667 0.326389 0.595573 0.338426 0.597135 0.344907 0.597135 0.348148 0.596354 0.352315 0.592448 0.351852 0.587240
0 0.361574 0.583854 0.357870 0.585156 0.355093 0.587500 0.355093 0.592448 0.356944 0.595833 0.360185 0.599479 0.367130 0.604948 0.370370 0.605729 0.378704 0.605990 0.381019 0.603646 0.381944 0.600781 0.381481 0.587760 0.376852 0.584635 0.372685 0.583333
0 0.396296 0.603646 0.393056 0.602865 0.385185 0.603906 0.381019 0.605990 0.377778 0.610938 0.378704 0.615625 0.380093 0.617188 0.383796 0.617969 0.394444 0.617188 0.396759 0.616667 0.401852 0.613542 0.403704 0.611719 0.403241 0.609375 0.399537 0.605208
0 0.399537 0.586458 0.384722 0.587240 0.383333 0.587760 0.381481 0.590625 0.382407 0.596354 0.384722 0.601042 0.386574 0.602604 0.391667 0.604688 0.393056 0.604688 0.398611 0.601823 0.400926 0.598698 0.405556 0.595573 0.406481 0.591667 0.403241 0.588542
0 0.420833 0.593490 0.412500 0.593229 0.407870 0.593750 0.399537 0.598958 0.398611 0.603646 0.400926 0.606510 0.404630 0.608594 0.413426 0.609635 0.420370 0.608333 0.422685 0.607292 0.428704 0.599219 0.426852 0.595573
0 0.440278 0.600260 0.432870 0.600260 0.428241 0.601302 0.425463 0.603385 0.423611 0.607031 0.423611 0.611458 0.426852 0.615365 0.433796 0.617969 0.442593 0.616406 0.447685 0.613802 0.449537 0.611719 0.449074 0.607031 0.444907 0.602083
0 0.462037 0.588281 0.454630 0.588281 0.451389 0.589323 0.448148 0.591146 0.443981 0.595573 0.443056 0.600000 0.447685 0.605208 0.456019 0.604948 0.465278 0.601302 0.469444 0.597656 0.470370 0.595052 0.468981 0.592187
0 0.463889 0.580469 0.462037 0.583333 0.462500 0.587500 0.464815 0.590104 0.470370 0.593490 0.474537 0.594531 0.478704 0.594271 0.482870 0.593229 0.487963 0.590365 0.490278 0.588021 0.488426 0.583594 0.481944 0.581250 0.469444 0.579167
0 0.447685 0.567448 0.443056 0.572656 0.442130 0.576302 0.444444 0.578646 0.448148 0.580208 0.456019 0.580729 0.462500 0.579167 0.465278 0.576302 0.466204 0.572396 0.463889 0.569271 0.457870 0.567448
0 0.462500 0.550521 0.452315 0.551562 0.445370 0.556510 0.445370 0.560937 0.449537 0.566146 0.454630 0.568229 0.461574 0.567708 0.471296 0.556771 0.467593 0.552344
0 0.441204 0.559375 0.432407 0.560156 0.418519 0.564063 0.419444 0.568490 0.430556 0.574740 0.433333 0.575521 0.440741 0.574479 0.445833 0.569010 0.445833 0.563281
0 0.385648 0.559896 0.388889 0.565625 0.391667 0.568490 0.397685 0.569531 0.406019 0.569271 0.417130 0.566146 0.418519 0.564323 0.424537 0.562240 0.425926 0.560937 0.420833 0.557813 0.406481 0.554688 0.396296 0.554688 0.390278 0.555469 0.387500 0.556510
0 0.362037 0.552604 0.360185 0.554167 0.359259 0.556771 0.365741 0.562240 0.369907 0.563021 0.376852 0.562760 0.380093 0.561979 0.382870 0.560417 0.383796 0.556250 0.378704 0.550521 0.371296 0.550260
0 0.351389 0.553125 0.342130 0.553125 0.337037 0.554688 0.331019 0.558073 0.329167 0.560156 0.328704 0.564583 0.331019 0.566927 0.335185 0.569010 0.346296 0.568750 0.359722 0.564063 0.361574 0.560156 0.358333 0.556771
0 0.329630 0.539844 0.326389 0.540885 0.322222 0.543490 0.319444 0.546615 0.318519 0.549219 0.324074 0.554948 0.331019 0.555990 0.335648 0.554948 0.343981 0.549219 0.345370 0.546615 0.345370 0.544010 0.343056 0.542448
0 0.316204 0.549479 0.306481 0.550260 0.299074 0.552083 0.294444 0.553906 0.292593 0.556250 0.293519 0.558854 0.295370 0.560417 0.304167 0.565365 0.307407 0.566146 0.311574 0.565885 0.316667 0.563542 0.323611 0.556771 0.321759 0.552083
0 0.273611 0.554427 0.263426 0.557292 0.261574 0.559635 0.262500 0.565104 0.265278 0.568490 0.271296 0.571094 0.275926 0.571615 0.285185 0.567708 0.290741 0.564583 0.289352 0.560417 0.289352 0.556510 0.288426 0.555990
0 0.287963 0.565625 0.280093 0.569531 0.277315 0.572135 0.280093 0.577604 0.289352 0.582812 0.294907 0.584896 0.300926 0.585938 0.306481 0.585417 0.308796 0.583594 0.308333 0.576042 0.306944 0.572135 0.299074 0.566406 0.295833 0.565625
0 0.307870 0.572135 0.306481 0.574479 0.307407 0.580208 0.306481 0.584115 0.310185 0.586719 0.315278 0.588021 0.323148 0.587760 0.327778 0.586458 0.332870 0.580729 0.331019 0.575000 0.329167 0.572917 0.325926 0.571875 0.316204 0.571094
0 0.336111 0.569531 0.331944 0.571615 0.331019 0.576562 0.336111 0.581510 0.344444 0.582031 0.349537 0.580990 0.355093 0.576562 0.353241 0.570833 0.350463 0.569271 0.341204 0.569010
0 0.363889 0.563802 0.357407 0.565365 0.355093 0.566927 0.354167 0.569010 0.357407 0.576823 0.364352 0.581771 0.371759 0.581250 0.378241 0.573698 0.380556 0.572135 0.380556 0.567969 0.378704 0.565885 0.372222 0.564063
0 0.400463 0.571094 0.392130 0.569792 0.383333 0.571094 0.378241 0.573698 0.375926 0.576042 0.373611 0.580729 0.375926 0.583333 0.379167 0.585156 0.385185 0.586979 0.390741 0.587240 0.396759 0.586719 0.399537 0.585417 0.401852 0.572396
0 0.412037 0.568750 0.405556 0.569792 0.401852 0.572135 0.400463 0.584115 0.406019 0.591146 0.410185 0.592969 0.413889 0.593229 0.417130 0.591927 0.420370 0.587500 0.428241 0.580208 0.428241 0.575781 0.425463 0.572396 0.420833 0.569792
0 0.441204 0.577344 0.433333 0.577865 0.425000 0.583854 0.421759 0.588021 0.421296 0.592187 0.422685 0.593490 0.426852 0.595573 0.433796 0.596875 0.441667 0.595313 0.445833 0.592708 0.449074 0.588281 0.448611 0.583333 0.447222 0.580729
0 0.533796 0.400521 0.528704 0.400521 0.521759 0.402083 0.510185 0.409115 0.507407 0.412240 0.506481 0.415885 0.510648 0.418750 0.523148 0.422396 0.528704 0.421875 0.531944 0.420312 0.538426 0.411979 0.540741 0.404167 0.537037 0.401302
0 0.559259 0.403385 0.550926 0.403125 0.547222 0.403906 0.544444 0.405729 0.540278 0.414844 0.541204 0.420573 0.544444 0.422917 0.553704 0.423177 0.557407 0.422135 0.564352 0.417448 0.568981 0.412240 0.569444 0.408073 0.564352 0.405208
0 0.502778 0.417187 0.496296 0.419271 0.491204 0.423438 0.492593 0.427604 0.495370 0.430469 0.501389 0.433854 0.510648 0.437240 0.515741 0.435937 0.521759 0.432552 0.524537 0.428385 0.524074 0.423958 0.519907 0.421354 0.510648 0.417969
0 0.490741 0.423177 0.489815 0.422656 0.481481 0.422656 0.464352 0.427604 0.462500 0.429948 0.462500 0.432812 0.466204 0.434896 0.475926 0.436979 0.484259 0.436979 0.491204 0.435156 0.494907 0.433073 0.495833 0.430990
0 0.469907 0.404948 0.461574 0.404948 0.455093 0.407552 0.445370 0.409896 0.441667 0.411979 0.440741 0.416146 0.443056 0.418490 0.449074 0.421354 0.453704 0.422396 0.462037 0.421615 0.467593 0.419271 0.472685 0.415625 0.473611 0.412240 0.472685 0.407292
0 0.433333 0.416667 0.429167 0.418490 0.427778 0.420052 0.426389 0.424479 0.426852 0.428906 0.428704 0.431510 0.431019 0.432812 0.435185 0.433594 0.441667 0.433594 0.446759 0.432292 0.449537 0.430729 0.450926 0.428906 0.450463 0.425521 0.446296 0.420312 0.441204 0.416667
0 0.420370 0.418750 0.410648 0.419271 0.407407 0.420312 0.401389 0.423958 0.395833 0.426302 0.392593 0.432031 0.396296 0.435937 0.403241 0.439063 0.407407 0.439583 0.413889 0.438802 0.419907 0.435677 0.423148 0.432552 0.425000 0.429427 0.425926 0.423698 0.424537 0.420573
0 0.400000 0.407552 0.392130 0.408073 0.389815 0.408854 0.384259 0.413281 0.379630 0.415885 0.380093 0.417708 0.382407 0.419792 0.387037 0.422396 0.391204 0.423698 0.401852 0.423438 0.408333 0.420052 0.408333 0.415625 0.404167 0.409635
0 0.357407 0.390365 0.349537 0.398958 0.347222 0.404427 0.349537 0.409375 0.351389 0.410938 0.357407 0.412760 0.364815 0.412500 0.371759 0.410677 0.375000 0.408333 0.374537 0.404167 0.371759 0.399740 0.366204 0.394531 0.364815 0.391667
0 0.345370 0.397135 0.339815 0.396354 0.329167 0.396875 0.322222 0.397917 0.317130 0.400000 0.317593 0.404948 0.324074 0.410156 0.328704 0.411458 0.334722 0.410938 0.337500 0.410156 0.345370 0.405990 0.348148 0.400521 0.347222 0.398438
0 0.288426 0.401302 0.285185 0.403385 0.284722 0.404687 0.287500 0.408854 0.291204 0.411198 0.301852 0.415365 0.309722 0.415885 0.313426 0.414323 0.318981 0.408594 0.317593 0.403385 0.314352 0.400781 0.308796 0.398958 0.300463 0.398698 0.294444 0.399479
0 0.306944 0.387500 0.295370 0.384375 0.289815 0.385677 0.282870 0.394271 0.282407 0.397396 0.283333 0.398698 0.287037 0.400260 0.289815 0.400260 0.307407 0.397917 0.310648 0.396094 0.312500 0.392188 0.310648 0.389844
0 0.290741 0.372917 0.287037 0.372135 0.278241 0.372135 0.271296 0.373958 0.265278 0.379688 0.262500 0.388021 0.262963 0.393490 0.266204 0.396615 0.274074 0.396875 0.278241 0.395833 0.286574 0.390885 0.288889 0.387760 0.293056 0.384635 0.295370 0.380990 0.295370 0.376823 0.293519 0.374479
0 0.251389 0.374740 0.244907 0.375521 0.240741 0.376823 0.238889 0.378385 0.237963 0.380990 0.241204 0.389062 0.245370 0.392448 0.246759 0.395052 0.250463 0.396875 0.254167 0.397135 0.258333 0.396094 0.262037 0.393750 0.264815 0.380729 0.263889 0.378125 0.262037 0.376823 0.255556 0.375000
0 0.244907 0.398177 0.241204 0.397396 0.232407 0.397656 0.222685 0.401042 0.214352 0.405469 0.212963 0.407031 0.212500 0.409115 0.214815 0.413281 0.225463 0.417448 0.238889 0.414323 0.242593 0.412240 0.247222 0.405208 0.246759 0.399740
0 0.210185 0.390625 0.206944 0.390104 0.197685 0.390625 0.194444 0.391406 0.192593 0.392708 0.190278 0.396354 0.189815 0.401042 0.191667 0.405208 0.194444 0.407031 0.198148 0.407813 0.206019 0.406510 0.210185 0.404687 0.214352 0.401562 0.217130 0.396875 0.215741 0.393229
0 0.184259 0.384115 0.176852 0.383333 0.169444 0.384635 0.165741 0.385937 0.162500 0.389062 0.161111 0.392188 0.162037 0.395313 0.165278 0.397396 0.169444 0.397917 0.175463 0.397396 0.184722 0.397656 0.187500 0.397135 0.190278 0.395573 0.192130 0.392708 0.190741 0.388542
0 0.149074 0.385417 0.143056 0.386979 0.136111 0.390104 0.133333 0.392708 0.133333 0.396875 0.136111 0.398698 0.148611 0.401562 0.156944 0.402083 0.160648 0.399740 0.161111 0.388281 0.159259 0.386458 0.156944 0.385677
0 0.178241 0.397396 0.167593 0.397656 0.165278 0.398177 0.162500 0.400260 0.161111 0.403646 0.163426 0.412760 0.167130 0.414323 0.170833 0.414583 0.175926 0.413281 0.184259 0.412240 0.188889 0.408333 0.188889 0.403646 0.187037 0.401302 0.183333 0.398958
0 0.169444 0.412500 0.167130 0.414844 0.167130 0.420312 0.168056 0.422135 0.170833 0.423958 0.173611 0.424740 0.178241 0.427344 0.182870 0.428646 0.187500 0.428385 0.194907 0.426042 0.196759 0.424219 0.196759 0.416667 0.195370 0.414844 0.192593 0.413281 0.181944 0.411719 0.175926 0.411719
0 0.176389 0.425260 0.168981 0.423177 0.162963 0.422656 0.156481 0.425521 0.153704 0.429427 0.151852 0.434635 0.152315 0.436979 0.155556 0.440104 0.168056 0.439844 0.178241 0.436979 0.181019 0.433594 0.181481 0.429688 0.181019 0.427865
0 0.131944 0.410156 0.131019 0.411458 0.131019 0.416146 0.134259 0.417708 0.142130 0.420312 0.153704 0.421615 0.156944 0.421615 0.158333 0.420833 0.161111 0.416146 0.161111 0.411719 0.158796 0.407552 0.156481 0.406250 0.148611 0.405469 0.140278 0.407031
0 0.103241 0.401302 0.100463 0.403125 0.097222 0.407813 0.097685 0.411979 0.100000 0.414583 0.105556 0.416667 0.112963 0.418229 0.120370 0.417969 0.127315 0.416406 0.130093 0.414062 0.130556 0.410938 0.126852 0.407031 0.114815 0.401302 0.109259 0.400521
0 0.079630 0.381771 0.075000 0.383333 0.072222 0.385156 0.070833 0.388281 0.072222 0.392708 0.076389 0.395313 0.082407 0.397135 0.085648 0.397656 0.092130 0.397135 0.094907 0.396094 0.098611 0.392708 0.099074 0.387760 0.096759 0.384115 0.093056 0.382292 0.088889 0.381510
0 0.107870 0.419010 0.099537 0.420833 0.094444 0.422917 0.089815 0.427344 0.093056 0.432812 0.096759 0.434635 0.100463 0.435417 0.110648 0.435417 0.113889 0.434375 0.118056 0.431250 0.119444 0.427344 0.117593 0.423438 0.114352 0.421094
0 0.108333 0.448958 0.101389 0.447917 0.094444 0.449219 0.087500 0.453125 0.083796 0.455990 0.081944 0.458594 0.082870 0.462500 0.084259 0.463542 0.090741 0.465365 0.099537 0.466146 0.104630 0.465625 0.109259 0.464062 0.112500 0.459115 0.112963 0.454688
0 0.119907 0.464583 0.111574 0.469792 0.110185 0.474740 0.113889 0.476562 0.127778 0.479687 0.135648 0.479427 0.137037 0.478385 0.138889 0.474479 0.135185 0.468229 0.132870 0.466146 0.128704 0.464062 0.122222 0.464062
0 0.148148 0.484375 0.142593 0.482292 0.136574 0.481510 0.133796 0.481771 0.127778 0.484115 0.119907 0.494531 0.119444 0.498698 0.121296 0.501563 0.129167 0.501823 0.135185 0.500521 0.147685 0.494531 0.153241 0.490365 0.150926 0.486719
0 0.157407 0.503125 0.156481 0.502604 0.148611 0.502604 0.142130 0.503385 0.136111 0.504948 0.132870 0.509115 0.134722 0.514323 0.140278 0.515365 0.149537 0.514844 0.159259 0.506250
0 0.196296 0.490365 0.191204 0.488021 0.182407 0.487500 0.175926 0.488802 0.169907 0.491406 0.162037 0.493750 0.160185 0.494792 0.158796 0.497656 0.159259 0.500781 0.161574 0.503906 0.163426 0.504948 0.172222 0.505208 0.184259 0.503906 0.192593 0.501823 0.197222 0.498958 0.199074 0.495312 0.199074 0.493490
0 0.161111 0.470833 0.151852 0.472396 0.148611 0.474479 0.147222 0.478646 0.150463 0.484896 0.155093 0.489844 0.158333 0.491927 0.163426 0.492969 0.171296 0.490365 0.175926 0.486719 0.175463 0.478125 0.170833 0.472396 0.164815 0.470833
0 0.182407 0.470573 0.181019 0.475521 0.183796 0.479427 0.188426 0.481510 0.197685 0.482812 0.205556 0.482292 0.209722 0.481510 0.213426 0.478906 0.212500 0.474740 0.210185 0.470833 0.204630 0.466927 0.200463 0.466406 0.193519 0.466927
0 0.191667 0.442188 0.185185 0.444010 0.179167 0.447656 0.176852 0.450521 0.178704 0.455208 0.183796 0.457552 0.190741 0.458594 0.198148 0.457813 0.203241 0.455208 0.206019 0.451302 0.205093 0.447135 0.203241 0.445052 0.198148 0.442708
0 0.194444 0.428906 0.190741 0.431250 0.189352 0.435156 0.190278 0.437500 0.194907 0.441667 0.204630 0.445052 0.211574 0.444792 0.217593 0.439844 0.217593 0.434635 0.216204 0.432552 0.210185 0.430990 0.205093 0.428646 0.196759 0.428385
0 0.201389 0.417187 0.197685 0.419271 0.197685 0.423438 0.202315 0.428646 0.211111 0.431771 0.218981 0.432031 0.227778 0.427865 0.228704 0.423698 0.226389 0.418750 0.223611 0.416927 0.219444 0.415885 0.210185 0.415885
0 0.253704 0.411458 0.246296 0.411458 0.231019 0.416667 0.228241 0.418229 0.227315 0.419792 0.229630 0.424219 0.231944 0.425521 0.239352 0.428125 0.245833 0.428646 0.250463 0.427604 0.254630 0.425521 0.257407 0.422396 0.257870 0.414583 0.256944 0.413021
0 0.248611 0.398438 0.247685 0.399479 0.247685 0.404687 0.256019 0.411198 0.262500 0.414583 0.267130 0.415885 0.273611 0.415365 0.281019 0.412240 0.282870 0.409115 0.281944 0.406510 0.279167 0.404167 0.268519 0.398698 0.261574 0.397135 0.253241 0.397135
0 0.150000 0.423438 0.146296 0.422135 0.141667 0.421615 0.136111 0.422135 0.127778 0.424219 0.122222 0.427604 0.120833 0.432031 0.124074 0.433854 0.127778 0.434896 0.141667 0.437240 0.149074 0.436198 0.151389 0.433854 0.152778 0.430729 0.152778 0.426823
0 0.128241 0.436198 0.121759 0.438021 0.118981 0.440104 0.116667 0.442969 0.117593 0.447396 0.121296 0.450260 0.127315 0.452083 0.136111 0.451823 0.141667 0.450000 0.145833 0.447656 0.146759 0.442448 0.143981 0.439323 0.139815 0.437240 0.136574 0.436458
0 0.218981 0.482812 0.211574 0.483854 0.208796 0.485417 0.200926 0.492448 0.200463 0.498177 0.206481 0.500781 0.209722 0.501302 0.220370 0.501302 0.224537 0.499740 0.230556 0.495052 0.230556 0.492969 0.227315 0.488542 0.223148 0.484896
0 0.208333 0.465104 0.207407 0.467187 0.210185 0.471094 0.217130 0.476823 0.225463 0.479948 0.233796 0.479948 0.242130 0.478385 0.243519 0.470313 0.241667 0.467969 0.239352 0.466667 0.231944 0.464844 0.212500 0.463542
0 0.218056 0.446094 0.215278 0.447656 0.213426 0.450521 0.214815 0.454948 0.218981 0.457813 0.224537 0.459635 0.231019 0.459635 0.235648 0.458594 0.238889 0.456771 0.240741 0.454427 0.241204 0.451042 0.238426 0.447135 0.232870 0.444792 0.225463 0.444531
0 0.304630 0.416927 0.294907 0.413021 0.288426 0.411979 0.281019 0.412500 0.275463 0.415885 0.275000 0.420312 0.276389 0.423958 0.280093 0.426302 0.282407 0.426823 0.288889 0.427083 0.298611 0.425781 0.305093 0.423177 0.306481 0.419792
0 0.342593 0.410677 0.335648 0.412240 0.333796 0.413542 0.332407 0.419531 0.334259 0.427604 0.336574 0.429427 0.341204 0.430208 0.346759 0.430208 0.350463 0.429688 0.352315 0.428646 0.356019 0.424479 0.356944 0.415625 0.355556 0.413021 0.350926 0.410938
0 0.387037 0.426563 0.383796 0.422917 0.380556 0.421615 0.378241 0.421354 0.369444 0.422396 0.358796 0.425000 0.353704 0.427865 0.352315 0.431771 0.356944 0.434635 0.364352 0.437240 0.371759 0.437500 0.379167 0.436719 0.382870 0.435677 0.386574 0.432552
0 0.455556 0.434115 0.448148 0.434635 0.431944 0.439583 0.431481 0.443750 0.437963 0.447396 0.445370 0.450000 0.449074 0.450260 0.455556 0.448958 0.460185 0.443750 0.460185 0.437500 0.457870 0.434896
0 0.475926 0.438542 0.462037 0.441927 0.456944 0.447135 0.458333 0.452344 0.462037 0.454948 0.464815 0.455729 0.471759 0.455990 0.475463 0.455469 0.480093 0.454167 0.483333 0.451823 0.483333 0.447396 0.478704 0.440104
0 0.489352 0.437240 0.486574 0.439323 0.485648 0.444010 0.489352 0.448958 0.493519 0.450521 0.496296 0.451042 0.503704 0.450521 0.512963 0.446615 0.517130 0.443750 0.516204 0.439323 0.512037 0.437500 0.504630 0.436198 0.495370 0.436198
0 0.525000 0.442708 0.517130 0.444010 0.504167 0.450521 0.501852 0.451042 0.500926 0.453906 0.501852 0.456510 0.507407 0.459375 0.511574 0.460677 0.518519 0.461198 0.523611 0.459896 0.525926 0.458333 0.528241 0.455208 0.529630 0.446354 0.527315 0.443490
0 0.564352 0.439323 0.561111 0.437760 0.556944 0.437240 0.549537 0.437760 0.537963 0.440104 0.530556 0.443229 0.531019 0.447396 0.537963 0.450260 0.544444 0.451562 0.552778 0.451562 0.559259 0.450781 0.565278 0.447396 0.566204 0.442708
0 0.528241 0.424740 0.525463 0.427344 0.523611 0.435417 0.525000 0.437500 0.526852 0.438542 0.530556 0.439323 0.538426 0.439323 0.545370 0.437760 0.550000 0.435677 0.550463 0.430729 0.549537 0.428906 0.543519 0.425000 0.538889 0.423958 0.531019 0.423958
0 0.531944 0.453646 0.530556 0.454167 0.527778 0.457292 0.526852 0.459635 0.527778 0.463021 0.536574 0.472396 0.538889 0.473177 0.546296 0.473438 0.555093 0.470833 0.557407 0.469531 0.558796 0.467448 0.557870 0.462760 0.550000 0.457552 0.542593 0.455208 0.538426 0.452865
0 0.573611 0.474479 0.566204 0.470833 0.558796 0.470052 0.541667 0.477083 0.537500 0.482292 0.538889 0.485677 0.543519 0.486979 0.549537 0.486979 0.559259 0.485156 0.570833 0.480729 0.573148 0.478646
0 0.531019 0.486458 0.526389 0.487240 0.522685 0.488802 0.519907 0.491927 0.519444 0.494792 0.523148 0.500000 0.528241 0.502083 0.532407 0.502344 0.540278 0.501302 0.543981 0.499740 0.546759 0.494010 0.545370 0.490625 0.541667 0.487760 0.538889 0.486979
0 0.490278 0.494010 0.488889 0.498437 0.491204 0.501302 0.495370 0.503125 0.500463 0.503646 0.512037 0.503125 0.519907 0.502083 0.522222 0.500521 0.522685 0.497656 0.512037 0.491667 0.503704 0.489063 0.495370 0.490885
0 0.510185 0.474219 0.502778 0.476042 0.501389 0.477865 0.502315 0.484115 0.504630 0.487500 0.509259 0.489323 0.517593 0.488802 0.527778 0.484635 0.529167 0.482812 0.528704 0.478385 0.526389 0.477344
0 0.510648 0.464583 0.508333 0.466667 0.508333 0.471354 0.510648 0.473698 0.512500 0.474740 0.523611 0.477604 0.531481 0.477344 0.533796 0.474740 0.534259 0.470313 0.529167 0.463802 0.524074 0.461458 0.516667 0.462500
0 0.490278 0.458594 0.486111 0.459115 0.481481 0.460677 0.478241 0.462760 0.475926 0.465625 0.476389 0.471094 0.478704 0.473438 0.482407 0.475260 0.490741 0.475521 0.497685 0.474219 0.501852 0.472917 0.504630 0.470833 0.504630 0.465885 0.500926 0.463281
0 0.475926 0.456250 0.468519 0.456510 0.464352 0.457292 0.459722 0.458854 0.453704 0.459635 0.450000 0.461198 0.449074 0.463281 0.450926 0.467187 0.459722 0.471875 0.461574 0.472396 0.469907 0.472656 0.475000 0.471094 0.475926 0.465625 0.478704 0.458594
0 0.433796 0.448177 0.423611 0.453385 0.422222 0.454948 0.421759 0.459635 0.425926 0.462760 0.435648 0.464062 0.444444 0.462240 0.447685 0.460677 0.449537 0.458854 0.446296 0.452865 0.441667 0.448958
0 0.392130 0.453385 0.387500 0.454948 0.384722 0.456771 0.383333 0.458854 0.384722 0.463021 0.387500 0.465625 0.390741 0.467187 0.397222 0.468490 0.402778 0.468229 0.411574 0.464844 0.412963 0.463021 0.412037 0.458594 0.410185 0.456510 0.405556 0.453646 0.400926 0.452865
0 0.378241 0.436979 0.372685 0.440104 0.370833 0.443229 0.372222 0.446615 0.374537 0.449479 0.378241 0.452083 0.386574 0.452604 0.393056 0.450260 0.396759 0.447656 0.398611 0.444531 0.398148 0.440885 0.396759 0.439323 0.393981 0.438281 0.386574 0.436979
0 0.331481 0.435417 0.328704 0.438802 0.329630 0.443490 0.333333 0.446094 0.341204 0.447917 0.347222 0.448177 0.364352 0.450521 0.369444 0.449219 0.370833 0.447135 0.369444 0.446094 0.368519 0.443229 0.362963 0.439844 0.360648 0.436979 0.356944 0.435156 0.351389 0.433333 0.342130 0.432812 0.336574 0.433073
0 0.303241 0.425000 0.301389 0.427604 0.300926 0.432812 0.302778 0.435937 0.306944 0.438021 0.310185 0.438542 0.323148 0.438281 0.329630 0.436719 0.332407 0.434635 0.334722 0.431510 0.332407 0.428125 0.329630 0.426823 0.316204 0.423438 0.308333 0.422917
0 0.308333 0.439844 0.305556 0.441406 0.304167 0.443490 0.303704 0.447656 0.305093 0.450521 0.315278 0.453385 0.322222 0.453385 0.326852 0.451302 0.329167 0.447396 0.328241 0.443490 0.326389 0.441667 0.317593 0.439323
0 0.287963 0.436458 0.275463 0.439323 0.273611 0.441667 0.273611 0.444531 0.277778 0.449740 0.280556 0.451823 0.283796 0.453385 0.289352 0.453906 0.294907 0.452604 0.301852 0.448437 0.303704 0.442448 0.301389 0.439323 0.299074 0.437760 0.294444 0.436719
0 0.274537 0.448437 0.268981 0.447135 0.260185 0.447917 0.255093 0.450781 0.246759 0.458854 0.247685 0.463021 0.252315 0.464583 0.261574 0.464583 0.268519 0.463802 0.276389 0.461458 0.280093 0.459115 0.281019 0.454427 0.279167 0.451302
0 0.267593 0.465625 0.260185 0.465625 0.247222 0.468490 0.243981 0.470573 0.243981 0.476302 0.247222 0.478906 0.254167 0.482292 0.260648 0.482812 0.264815 0.481771 0.275926 0.474740 0.275463 0.470573 0.273611 0.468490
0 0.246759 0.479687 0.239352 0.479427 0.229630 0.480208 0.223148 0.482292 0.227778 0.490365 0.232407 0.494531 0.236574 0.495052 0.242593 0.494531 0.246296 0.492969 0.251852 0.488281 0.253241 0.486458 0.252315 0.483333
0 0.259259 0.484896 0.253704 0.486719 0.248148 0.490104 0.246759 0.493490 0.247222 0.496094 0.249074 0.497396 0.253704 0.497917 0.260185 0.500260 0.268056 0.500781 0.270833 0.499740 0.272685 0.497917 0.272685 0.489844 0.268519 0.486719 0.262963 0.485156
0 0.281481 0.473958 0.274074 0.476042 0.264815 0.482292 0.267593 0.486198 0.274074 0.489844 0.281481 0.489844 0.288889 0.488281 0.291204 0.487240 0.293981 0.482031 0.292593 0.478646 0.288426 0.475781
0 0.275926 0.462760 0.273611 0.467187 0.275463 0.469792 0.278241 0.471615 0.287963 0.475260 0.293519 0.476302 0.298148 0.476042 0.303704 0.474740 0.304167 0.470573 0.302315 0.467187 0.293056 0.459635 0.288889 0.458594 0.281019 0.459896
0 0.318981 0.460156 0.315741 0.459635 0.309722 0.460417 0.304167 0.463281 0.303241 0.465365 0.304167 0.471094 0.305556 0.473177 0.308796 0.474740 0.316204 0.474740 0.318981 0.473958 0.322685 0.471354 0.323611 0.466406 0.321296 0.461458
0 0.329630 0.452083 0.325463 0.454167 0.320370 0.458854 0.324537 0.468229 0.326852 0.470573 0.329630 0.471875 0.340278 0.471875 0.343519 0.471354 0.347222 0.470052 0.350463 0.467708 0.350926 0.466146 0.349537 0.461719 0.345833 0.457813 0.337037 0.452083
0 0.350463 0.449740 0.347685 0.454427 0.347685 0.459375 0.350463 0.462240 0.353241 0.463802 0.356481 0.464583 0.366667 0.463542 0.374537 0.458854 0.375926 0.455469 0.375463 0.454427 0.373148 0.453125 0.361574 0.450260
0 0.366667 0.465104 0.362037 0.464844 0.355093 0.465625 0.350000 0.471354 0.349074 0.475521 0.350463 0.482812 0.352315 0.484635 0.355556 0.485417 0.363889 0.485156 0.373611 0.482812 0.376389 0.480469 0.376852 0.474479 0.375000 0.469271 0.371296 0.466406
0 0.323148 0.475000 0.320370 0.478646 0.322685 0.484375 0.325463 0.485677 0.337963 0.486458 0.344444 0.485938 0.348611 0.484375 0.349537 0.483073 0.349537 0.478125 0.348148 0.475260 0.345370 0.472917 0.340741 0.472135 0.329630 0.472396
0 0.309259 0.475781 0.301852 0.476302 0.293981 0.481771 0.292130 0.486979 0.294907 0.490625 0.297685 0.491927 0.303241 0.492708 0.312963 0.492448 0.316204 0.491667 0.319907 0.489063 0.320833 0.485417 0.319444 0.482292 0.314815 0.478385
0 0.330556 0.487760 0.320370 0.489844 0.317130 0.492448 0.315741 0.498177 0.320370 0.501042 0.328704 0.502083 0.332870 0.501823 0.339815 0.500521 0.342593 0.498177 0.341204 0.492969 0.339352 0.490365 0.337037 0.488802
0 0.339815 0.489323 0.339352 0.490625 0.340741 0.494271 0.343519 0.497656 0.357870 0.502344 0.363426 0.503385 0.371759 0.503646 0.377315 0.501042 0.380556 0.498437 0.380093 0.494792 0.378241 0.491927 0.375463 0.490104 0.364815 0.487500 0.358796 0.486719 0.350463 0.486979 0.342593 0.488021
0 0.385185 0.486719 0.381019 0.489844 0.381019 0.494271 0.384722 0.497656 0.398611 0.501042 0.406944 0.500781 0.410185 0.499219 0.413889 0.494010 0.404630 0.487760 0.393056 0.484635
0 0.413426 0.471615 0.405556 0.471354 0.399537 0.472917 0.392130 0.476042 0.388426 0.478385 0.390278 0.482812 0.393519 0.484635 0.401389 0.486198 0.406019 0.488021 0.416667 0.484115 0.418981 0.482552 0.418519 0.478385
0 0.425926 0.464323 0.418981 0.465885 0.416667 0.467187 0.414352 0.470052 0.415278 0.474479 0.420370 0.480208 0.423611 0.482292 0.426852 0.483333 0.429167 0.482812 0.431944 0.480990 0.438889 0.471354 0.437037 0.466146 0.434259 0.465104
0 0.448148 0.473438 0.444907 0.474219 0.439352 0.478385 0.439352 0.482552 0.443519 0.487760 0.445833 0.489063 0.455093 0.489844 0.460185 0.488281 0.466204 0.485156 0.468056 0.482031 0.466204 0.478385 0.460648 0.474740 0.456019 0.473177
0 0.482407 0.476042 0.477315 0.478906 0.474537 0.486979 0.475926 0.490625 0.480093 0.492448 0.484259 0.492708 0.489352 0.492188 0.497222 0.489583 0.502315 0.486719 0.501389 0.482031 0.498611 0.480469 0.488889 0.477344
0 0.477778 0.497656 0.468056 0.498698 0.460185 0.502865 0.458796 0.505208 0.460185 0.510417 0.466204 0.513021 0.475463 0.515625 0.485648 0.509896 0.488426 0.506250 0.489352 0.502344 0.488426 0.500781 0.485648 0.498958 0.483333 0.498177
0 0.436111 0.498177 0.438426 0.500781 0.441667 0.502083 0.456019 0.502604 0.462500 0.501302 0.468519 0.498698 0.471296 0.498177 0.473611 0.494010 0.446759 0.490365 0.440278 0.491667 0.437963 0.494010
0 0.410648 0.486719 0.409259 0.490625 0.414352 0.494531 0.418056 0.496354 0.425926 0.498437 0.430556 0.498437 0.433796 0.497917 0.437500 0.495312 0.440278 0.489844 0.437963 0.486979 0.433333 0.484896 0.427778 0.483594 0.419444 0.483594
0 0.453704 0.503906 0.448148 0.502604 0.440278 0.502083 0.433796 0.503385 0.429630 0.505469 0.428704 0.510417 0.432407 0.515365 0.434259 0.516406 0.442593 0.516667 0.446296 0.515625 0.456481 0.510156 0.456019 0.505469
0 0.403704 0.502344 0.399074 0.505208 0.396296 0.509375 0.397685 0.513542 0.412500 0.517188 0.419444 0.517969 0.427778 0.517969 0.430556 0.515885 0.431481 0.513542 0.426389 0.506250 0.420370 0.503385 0.413889 0.501302 0.406019 0.501563
0 0.383796 0.499219 0.378704 0.500521 0.376852 0.501823 0.375926 0.505990 0.382870 0.514323 0.385185 0.515885 0.392130 0.515104 0.393981 0.513802 0.394907 0.509635 0.398148 0.505990 0.400000 0.501823 0.393056 0.500000
0 0.372685 0.504167 0.358796 0.502604 0.354167 0.503385 0.351852 0.504948 0.350926 0.510417 0.352778 0.513542 0.357407 0.515625 0.365741 0.514323 0.373148 0.509375 0.374537 0.505469
0 0.343981 0.500781 0.336574 0.501042 0.329167 0.502083 0.326389 0.503125 0.324537 0.504948 0.325000 0.510156 0.326852 0.512760 0.336111 0.516406 0.343981 0.515625 0.348148 0.513542 0.350463 0.509896 0.350000 0.505208 0.348148 0.502865
0 0.274074 0.501042 0.271296 0.503385 0.268981 0.509635 0.272222 0.516927 0.274074 0.518229 0.281481 0.519792 0.291204 0.517448 0.293981 0.516146 0.296296 0.514062 0.295833 0.509635 0.293519 0.507031 0.287963 0.503646 0.283796 0.502344
0 0.294907 0.493490 0.287963 0.496615 0.285648 0.502083 0.299537 0.510938 0.301852 0.511719 0.309259 0.511458 0.316204 0.505990 0.317130 0.501563 0.313426 0.497917 0.302315 0.493229
0 0.234259 0.501823 0.234259 0.505990 0.241204 0.510156 0.246296 0.511719 0.251389 0.512500 0.256019 0.512500 0.260648 0.511719 0.265741 0.509375 0.268519 0.505990 0.267593 0.501823 0.253704 0.497656 0.246296 0.497135 0.243981 0.498177 0.238426 0.498958
0 0.212500 0.503125 0.209259 0.505469 0.211574 0.511458 0.221759 0.516146 0.226852 0.516667 0.229630 0.515885 0.232407 0.514323 0.235648 0.510156 0.234259 0.505729 0.232407 0.503646 0.230093 0.502604 0.224074 0.501823 0.217593 0.501823
0 0.186111 0.503385 0.182407 0.505208 0.181944 0.506250 0.184259 0.510677 0.189815 0.514844 0.197222 0.516927 0.205556 0.515885 0.208333 0.514323 0.209259 0.512240 0.209259 0.508594 0.205556 0.503385 0.199074 0.501823 0.191204 0.502344
0 0.392130 0.370052 0.385185 0.371354 0.376852 0.375521 0.375463 0.380990 0.385185 0.385417 0.393519 0.386979 0.400000 0.384635 0.401852 0.382292 0.403241 0.376042 0.401852 0.372917 0.399537 0.371354
0 0.357407 0.369531 0.352778 0.371094 0.344907 0.376302 0.344907 0.381250 0.350926 0.384635 0.365278 0.384635 0.368981 0.383594 0.371759 0.381250 0.372222 0.376563 0.368981 0.371875 0.366667 0.370312
0 0.329167 0.367708 0.318981 0.371354 0.315278 0.375521 0.312963 0.379948 0.312963 0.381510 0.315278 0.384896 0.322685 0.387760 0.331944 0.388021 0.337037 0.386719 0.339352 0.384896 0.341204 0.380469 0.340741 0.372656 0.337500 0.368490
0 0.316204 0.366146 0.306019 0.366146 0.301389 0.366927 0.295370 0.369010 0.293056 0.373437 0.298148 0.379948 0.301852 0.381250 0.309259 0.381250 0.312500 0.379688 0.320370 0.369531 0.318519 0.367188
0 0.232407 0.360156 0.225926 0.364063 0.222685 0.369010 0.223611 0.372396 0.225463 0.374479 0.231019 0.376302 0.239815 0.376302 0.251852 0.373177 0.253241 0.370833 0.253241 0.368229 0.250926 0.365365 0.240278 0.359896
0 0.891667 0.388542 0.885648 0.389323 0.883333 0.390625 0.883333 0.401823 0.885648 0.404167 0.893056 0.404687 0.905093 0.402344 0.910648 0.398698 0.911111 0.395313 0.909259 0.392708 0.907407 0.391667
0 0.224074 0.375781 0.218519 0.376823 0.212500 0.380729 0.209259 0.384375 0.209259 0.385937 0.210648 0.388802 0.212963 0.389844 0.219444 0.391406 0.226389 0.391927 0.231019 0.391146 0.237500 0.388802 0.238889 0.384115 0.236111 0.378385 0.232870 0.377083
0 0.111574 0.376823 0.106944 0.379167 0.105556 0.380729 0.105556 0.384896 0.108333 0.389323 0.113889 0.392708 0.122685 0.392448 0.126389 0.391406 0.131481 0.388802 0.133333 0.385156 0.131944 0.381771 0.129167 0.378906 0.124537 0.376823 0.117593 0.376302
0 0.142130 0.367188 0.135185 0.369792 0.131481 0.372917 0.129630 0.377344 0.132407 0.380990 0.136574 0.382812 0.141204 0.383854 0.150000 0.383333 0.155093 0.382031 0.158333 0.380208 0.161111 0.377344 0.160648 0.375000 0.158796 0.372656 0.150926 0.368750
0 0.193981 0.366667 0.190278 0.365104 0.184259 0.363802 0.176852 0.363542 0.167593 0.364583 0.162963 0.366406 0.161111 0.368750 0.162500 0.374219 0.165278 0.377083 0.169907 0.378906 0.178704 0.379167 0.184259 0.378385 0.194907 0.372656 0.196296 0.369010
0 0.216204 0.372917 0.210648 0.371875 0.199537 0.371875 0.193056 0.373958 0.188426 0.376563 0.185648 0.380208 0.186574 0.384635 0.190741 0.387500 0.198611 0.389323 0.205093 0.387760 0.207870 0.386458 0.212500 0.380990 0.218056 0.377083
0 0.509722 0.696615 0.503241 0.697396 0.498148 0.699740 0.495370 0.702865 0.494444 0.705729 0.495833 0.708854 0.499074 0.710677 0.509722 0.713542 0.517593 0.712760 0.521296 0.709375 0.521759 0.704948 0.516204 0.698438
0 0.490741 0.697917 0.483333 0.695833 0.475463 0.695052 0.470833 0.698177 0.468981 0.701042 0.465741 0.703125 0.463889 0.709375 0.468519 0.712500 0.475926 0.712240 0.478704 0.710938 0.486574 0.709115 0.492593 0.706510 0.493981 0.701042
0 0.489352 0.679688 0.478241 0.683333 0.475926 0.685417 0.474537 0.689583 0.475926 0.694010 0.477778 0.695573 0.489815 0.697656 0.497222 0.696875 0.500463 0.695833 0.504167 0.693490 0.505556 0.689323 0.496296 0.681510 0.493056 0.680208
0 0.508333 0.660156 0.496759 0.658594 0.482870 0.659896 0.478241 0.662240 0.476389 0.664583 0.475926 0.666406 0.477778 0.670573 0.482407 0.673438 0.489352 0.675000 0.494444 0.674479 0.502778 0.672135 0.507870 0.669271 0.510185 0.666406 0.510648 0.661979
0 0.451852 0.650260 0.452315 0.655729 0.463426 0.663542 0.468056 0.665365 0.475926 0.664844 0.480093 0.661979 0.482407 0.659115 0.481481 0.651563 0.480093 0.651042 0.459722 0.650000 0.455556 0.648958
0 0.456481 0.640104 0.453704 0.642448 0.453704 0.647135 0.455093 0.648698 0.466204 0.651823 0.475463 0.653646 0.478241 0.653385 0.480556 0.652344 0.485185 0.646354 0.483333 0.640365 0.480093 0.637500 0.475926 0.636458 0.468056 0.636719 0.462500 0.638802
0 0.513426 0.634375 0.510648 0.633073 0.503704 0.631510 0.495833 0.631510 0.486111 0.634115 0.482870 0.637760 0.483796 0.642969 0.485648 0.645573 0.488889 0.647135 0.497222 0.647396 0.512500 0.643490 0.514352 0.642448 0.515741 0.639323
0 0.518056 0.633333 0.517130 0.634375 0.518056 0.636198 0.522222 0.639062 0.525463 0.642969 0.530556 0.645312 0.538889 0.645833 0.543056 0.644531 0.548148 0.640885 0.549074 0.636198 0.548611 0.634896 0.546296 0.633854 0.540278 0.632812 0.524537 0.631771 0.520370 0.632292
0 0.572685 0.632292 0.568519 0.631510 0.558796 0.631510 0.555093 0.632292 0.553241 0.633333 0.550463 0.638021 0.551852 0.646615 0.557407 0.648177 0.560185 0.648177 0.573148 0.645312 0.578241 0.642708 0.578704 0.637240 0.577315 0.635417
0 0.573148 0.616667 0.558796 0.617708 0.549074 0.622135 0.548148 0.627344 0.551389 0.630469 0.557870 0.631771 0.573148 0.631250 0.577778 0.626563 0.579167 0.623437 0.578241 0.621354
0 0.580093 0.624740 0.577315 0.626563 0.574537 0.630469 0.576389 0.633594 0.581481 0.636458 0.585185 0.637500 0.593981 0.637760 0.596759 0.636979 0.600000 0.635156 0.602315 0.631250 0.599074 0.626302 0.593981 0.623958 0.584259 0.623958
0 0.601852 0.622917 0.602315 0.627083 0.611574 0.629948 0.626389 0.632031 0.634722 0.631510 0.639352 0.627083 0.638426 0.623177 0.636574 0.621094 0.631481 0.617969 0.626852 0.616927 0.618981 0.616927
0 0.649074 0.624740 0.642130 0.626042 0.638426 0.627604 0.635648 0.630469 0.636111 0.633333 0.640741 0.638802 0.650926 0.645052 0.656481 0.646094 0.660648 0.645052 0.665741 0.641406 0.666667 0.639583 0.666204 0.633594 0.664815 0.630729 0.660185 0.627344 0.656019 0.625781
0 0.605556 0.634375 0.605556 0.638021 0.607407 0.641406 0.611111 0.644010 0.615741 0.645312 0.621759 0.645573 0.639352 0.638802 0.635185 0.633594 0.631481 0.632031 0.613889 0.630208 0.608333 0.631771
0 0.599074 0.640104 0.593056 0.641146 0.587963 0.645312 0.585648 0.649740 0.586111 0.654948 0.587500 0.656771 0.590741 0.658073 0.604167 0.658854 0.608333 0.658073 0.611111 0.656510 0.612963 0.654427 0.613889 0.649740 0.612500 0.646875 0.606944 0.641927 0.603704 0.640365
0 0.563426 0.647917 0.560185 0.650260 0.561111 0.656771 0.563426 0.659375 0.574074 0.660417 0.581019 0.659635 0.584259 0.658073 0.585648 0.654167 0.584259 0.650260 0.581944 0.648698 0.573148 0.646615 0.565741 0.647135
0 0.538426 0.648438 0.533333 0.650781 0.529630 0.654167 0.530556 0.657552 0.533796 0.661719 0.538889 0.664062 0.544907 0.664844 0.551852 0.666667 0.556944 0.665365 0.560648 0.662240 0.561111 0.657552 0.556481 0.649740 0.552315 0.647656 0.543056 0.647656
0 0.521296 0.645573 0.517593 0.644010 0.509722 0.644010 0.499074 0.646615 0.493519 0.650000 0.493519 0.654948 0.494907 0.657813 0.495833 0.658333 0.505556 0.658854 0.509259 0.659635 0.517593 0.658854 0.521296 0.657813 0.525463 0.654427 0.525463 0.649740
0 0.514815 0.659375 0.512037 0.661198 0.508796 0.670312 0.514815 0.673438 0.525000 0.674740 0.530093 0.672396 0.531481 0.670833 0.533333 0.666667 0.531944 0.662240 0.528241 0.659896 0.524537 0.658854
0 0.537500 0.664583 0.535648 0.665365 0.531481 0.670833 0.526852 0.673698 0.525463 0.678125 0.528704 0.682031 0.536574 0.684375 0.540278 0.684375 0.545833 0.683333 0.548611 0.681771 0.550000 0.678646 0.550000 0.673698 0.549074 0.669792 0.546296 0.666406 0.543056 0.665104
0 0.498148 0.673698 0.494907 0.676562 0.494907 0.678125 0.501852 0.682813 0.508796 0.685156 0.515278 0.686198 0.518056 0.686198 0.522685 0.684115 0.524537 0.681510 0.524074 0.677344 0.521759 0.674740 0.511111 0.672396 0.503704 0.672396
0 0.531481 0.686198 0.522222 0.686458 0.517593 0.687240 0.512500 0.689583 0.510648 0.693490 0.512500 0.696354 0.516204 0.698698 0.518519 0.701562 0.523148 0.703385 0.526852 0.703125 0.531019 0.701562 0.535648 0.697656 0.538426 0.693490 0.537037 0.688021 0.535185 0.686979
0 0.537963 0.696875 0.532407 0.700000 0.529630 0.702865 0.528704 0.705208 0.530093 0.706771 0.535185 0.709896 0.542130 0.711719 0.552778 0.712240 0.556019 0.711458 0.558796 0.709115 0.559259 0.704427 0.555556 0.699219 0.552778 0.697656 0.545370 0.695833
0 0.581481 0.695833 0.571759 0.694792 0.567130 0.695833 0.564352 0.697396 0.561574 0.701302 0.560648 0.705729 0.562037 0.708333 0.564815 0.709896 0.573148 0.710156 0.586111 0.703906 0.587500 0.702344 0.587500 0.700260 0.584722 0.697396
0 0.540278 0.685417 0.538889 0.688802 0.539815 0.691667 0.541667 0.693750 0.547222 0.695833 0.559259 0.697656 0.565741 0.696354 0.571759 0.692969 0.571759 0.685156 0.567130 0.682813 0.558796 0.681771 0.551852 0.683594 0.544444 0.684115
0 0.580556 0.665104 0.566667 0.666146 0.556019 0.668750 0.553704 0.670052 0.551852 0.672135 0.551389 0.674219 0.556481 0.679167 0.559259 0.680729 0.565741 0.682552 0.568519 0.682292 0.572222 0.680990 0.583333 0.673698 0.583796 0.669792 0.582407 0.666406
0 0.588889 0.658854 0.586574 0.659635 0.582870 0.665625 0.583333 0.670573 0.584722 0.672135 0.588889 0.673958 0.600926 0.675260 0.604167 0.673438 0.606019 0.671354 0.607407 0.667448 0.609259 0.665365 0.609259 0.660677 0.606944 0.659115 0.596759 0.658594
0 0.625926 0.653646 0.618981 0.654687 0.612037 0.657552 0.611111 0.658854 0.611111 0.663802 0.612963 0.666406 0.621296 0.671354 0.629630 0.672135 0.634259 0.671354 0.639352 0.666927 0.639352 0.657031 0.637963 0.654948 0.636574 0.654427
0 0.659259 0.650260 0.655556 0.649740 0.649074 0.650781 0.642593 0.654687 0.641204 0.657552 0.640741 0.662240 0.643519 0.665104 0.645833 0.666146 0.656481 0.666667 0.660648 0.664323 0.662963 0.661979 0.664815 0.658854 0.665741 0.654167 0.663889 0.652083
0 0.649074 0.644271 0.642593 0.640625 0.635185 0.640885 0.623611 0.645833 0.618981 0.649479 0.618519 0.651042 0.622222 0.653385 0.642593 0.653646 0.648611 0.650521 0.650463 0.647135
0 0.676389 0.639062 0.672685 0.641406 0.668519 0.646094 0.668519 0.650781 0.672222 0.654427 0.676852 0.656250 0.683333 0.657292 0.687963 0.656771 0.696759 0.654427 0.698611 0.651823 0.697222 0.646094 0.684722 0.639583
0 0.704630 0.632552 0.699074 0.634635 0.694444 0.638021 0.693056 0.642708 0.701389 0.647656 0.712037 0.649219 0.720370 0.645833 0.723611 0.642448 0.721759 0.638542 0.716667 0.634635 0.712037 0.632812
0 0.722685 0.644271 0.715741 0.646875 0.712037 0.649479 0.711574 0.650781 0.712963 0.654427 0.718519 0.657813 0.725463 0.659375 0.733333 0.659115 0.737037 0.657292 0.739352 0.654427 0.737963 0.650260 0.732870 0.645833 0.725926 0.643750
0 0.690278 0.655469 0.686111 0.657813 0.684722 0.660677 0.683333 0.666927 0.685185 0.670052 0.689352 0.671875 0.696759 0.672656 0.705556 0.672396 0.708333 0.671615 0.710185 0.670052 0.711111 0.666406 0.710185 0.661719 0.704167 0.657031 0.698611 0.654948
0 0.680093 0.670312 0.674537 0.670052 0.669907 0.670573 0.666667 0.671615 0.663426 0.673958 0.662500 0.676823 0.663426 0.681510 0.666204 0.684635 0.669907 0.686719 0.677315 0.686198 0.686574 0.683594 0.689352 0.681771 0.690278 0.679427 0.689352 0.675260 0.684722 0.671615
0 0.642130 0.667448 0.636574 0.669792 0.635648 0.673958 0.643981 0.682292 0.647685 0.684635 0.656481 0.685417 0.660648 0.681771 0.662500 0.673438 0.658796 0.668229 0.655556 0.666927 0.649074 0.666406
0 0.607407 0.671354 0.604630 0.674479 0.603704 0.678906 0.604630 0.681510 0.609722 0.685677 0.614815 0.686719 0.625000 0.685677 0.628704 0.684375 0.628704 0.679167 0.624074 0.672917 0.621759 0.671615 0.615278 0.670573
0 0.626389 0.686719 0.618981 0.686198 0.610185 0.687240 0.600463 0.690885 0.597685 0.693229 0.597222 0.697396 0.605093 0.702865 0.606944 0.703385 0.615741 0.703385 0.624537 0.699219 0.629167 0.694010 0.629167 0.689323
0 0.642130 0.683594 0.631481 0.686979 0.630093 0.689063 0.630093 0.693490 0.631481 0.695052 0.633796 0.695833 0.649537 0.698698 0.654167 0.696615 0.656019 0.694792 0.656481 0.689323 0.653241 0.686198
0 0.586111 0.674740 0.580556 0.676562 0.577778 0.678385 0.575000 0.681510 0.574537 0.685937 0.584259 0.690885 0.593981 0.693229 0.599537 0.690625 0.603704 0.685937 0.602778 0.680990 0.598148 0.676302
0 0.781019 0.618750 0.773611 0.617969 0.763889 0.623177 0.754630 0.626823 0.756481 0.630990 0.761574 0.633073 0.767130 0.633854 0.781944 0.633073 0.787037 0.631250 0.789352 0.626823 0.786574 0.622656
0 0.776389 0.595313 0.774074 0.599479 0.774537 0.601562 0.776389 0.603646 0.792130 0.605208 0.800463 0.605208 0.806481 0.603646 0.806481 0.599219 0.796759 0.592448 0.792593 0.590885 0.789352 0.590365 0.784722 0.590885 0.780093 0.592448
0 0.822222 0.575260 0.814815 0.575000 0.806481 0.576823 0.800926 0.579167 0.800000 0.580208 0.800000 0.584896 0.807407 0.589323 0.816204 0.590625 0.820370 0.589583 0.823611 0.587760 0.825463 0.583594 0.824074 0.576302
0 0.769907 0.572396 0.764352 0.572135 0.760185 0.572656 0.754630 0.576042 0.751389 0.580208 0.750926 0.584115 0.753241 0.586979 0.759722 0.588281 0.770833 0.587500 0.774537 0.586719 0.779630 0.583594 0.781944 0.580729 0.781481 0.578385 0.777315 0.575000
0 0.768981 0.593229 0.763426 0.590625 0.754167 0.588542 0.746296 0.589063 0.738889 0.591146 0.738426 0.596094 0.741667 0.601302 0.747222 0.602604 0.764352 0.599740 0.767593 0.598698 0.771296 0.595833
0 0.731481 0.607552 0.730093 0.610417 0.730556 0.614583 0.731944 0.616146 0.735648 0.617969 0.744444 0.619010 0.754167 0.619010 0.762963 0.617708 0.765741 0.615625 0.764352 0.611198 0.762500 0.609635 0.746759 0.602865 0.739352 0.603385
0 0.723148 0.615885 0.720370 0.617448 0.715278 0.627083 0.726389 0.629427 0.731019 0.629948 0.734722 0.629687 0.737963 0.627604 0.736574 0.620313 0.731944 0.616667 0.726389 0.615625
0 0.703704 0.609635 0.694907 0.611719 0.692130 0.614062 0.691667 0.615625 0.693056 0.619792 0.697222 0.624479 0.700926 0.626563 0.706481 0.627604 0.712500 0.626823 0.717130 0.624740 0.720370 0.619792 0.721296 0.615104 0.715278 0.611198 0.709722 0.609896
0 0.681481 0.614844 0.673611 0.616406 0.667130 0.620052 0.664815 0.622396 0.664815 0.625260 0.666204 0.628125 0.671296 0.630990 0.677778 0.632812 0.685185 0.633073 0.691204 0.631250 0.694907 0.627344 0.695370 0.622396 0.692593 0.617969 0.689815 0.615625 0.686111 0.614844
0 0.672685 0.607292 0.663426 0.605729 0.654167 0.605729 0.648148 0.606510 0.639815 0.608854 0.637500 0.610938 0.637037 0.615365 0.640278 0.620052 0.643519 0.621875 0.648611 0.623177 0.656481 0.622656 0.666204 0.619792 0.674074 0.615104 0.675000 0.610417
0 0.668981 0.582292 0.663426 0.584115 0.659259 0.588021 0.657407 0.591927 0.660185 0.595573 0.663426 0.597135 0.669907 0.598698 0.677778 0.598698 0.681019 0.597656 0.685185 0.595052 0.687037 0.591927 0.686111 0.589583 0.683796 0.586979 0.678704 0.584115 0.675463 0.583073
0 0.650000 0.578906 0.642593 0.579167 0.638889 0.580208 0.633796 0.582552 0.632870 0.583854 0.631944 0.591927 0.641667 0.597917 0.649537 0.597917 0.653241 0.595573 0.656481 0.592187 0.658796 0.587240 0.658796 0.583073 0.654630 0.580208
0 0.623611 0.576562 0.617593 0.577083 0.612037 0.579688 0.607407 0.583854 0.605093 0.587760 0.609722 0.595833 0.613889 0.597396 0.618519 0.597135 0.623148 0.596094 0.630093 0.591927 0.633333 0.584115 0.633333 0.579948 0.628241 0.577604
0 0.602778 0.568490 0.594444 0.568490 0.591204 0.569271 0.588889 0.570573 0.585185 0.574479 0.581944 0.576302 0.579167 0.579948 0.579630 0.584115 0.583796 0.586979 0.592130 0.588542 0.595370 0.588542 0.600926 0.587760 0.604167 0.585677 0.606481 0.580990 0.607407 0.575260 0.606019 0.570573
0 0.587037 0.559375 0.579630 0.559115 0.571296 0.560937 0.563426 0.563542 0.561111 0.566927 0.561111 0.569792 0.562963 0.572396 0.567593 0.574740 0.580093 0.577344 0.585648 0.574479 0.590278 0.568750 0.588426 0.565365
0 0.529630 0.564063 0.533796 0.568490 0.537963 0.570312 0.542130 0.569531 0.559259 0.568750 0.560648 0.565104 0.558796 0.561719 0.556944 0.560677 0.552315 0.559635 0.537963 0.559375 0.532870 0.561198
0 0.556944 0.569792 0.554167 0.569271 0.544907 0.569271 0.540278 0.570052 0.537037 0.571354 0.533796 0.576302 0.537963 0.582552 0.545370 0.583333 0.553704 0.578385 0.559259 0.576562 0.562037 0.576302 0.560185 0.574479 0.558796 0.571094
0 0.558796 0.576042 0.550000 0.580208 0.547685 0.584635 0.549074 0.586458 0.556944 0.589844 0.566204 0.590625 0.573611 0.588021 0.575000 0.584115 0.571759 0.578906 0.568981 0.577083 0.566667 0.576302
0 0.575463 0.589063 0.572222 0.589063 0.562500 0.592969 0.560648 0.595052 0.562037 0.598698 0.572685 0.602083 0.580093 0.601042 0.584259 0.595833 0.584722 0.591667 0.581019 0.589844
0 0.537963 0.585938 0.535648 0.587240 0.532407 0.591406 0.532870 0.596094 0.538426 0.600521 0.544907 0.601823 0.549074 0.601302 0.555556 0.598698 0.558333 0.596615 0.559259 0.591667 0.545370 0.586458
0 0.531019 0.602344 0.528704 0.603385 0.526852 0.607031 0.528241 0.610938 0.528241 0.615365 0.529167 0.616406 0.533333 0.617969 0.537500 0.618490 0.545370 0.617969 0.548148 0.616667 0.549537 0.615104 0.550463 0.608333 0.549537 0.605208 0.547222 0.603646 0.538426 0.601823
0 0.558796 0.597917 0.554167 0.600000 0.551852 0.603646 0.551389 0.608333 0.553704 0.613802 0.555556 0.616146 0.558333 0.617448 0.570833 0.616667 0.573611 0.615625 0.577315 0.611719 0.577315 0.607031 0.575463 0.603125 0.570370 0.600000
0 0.599537 0.609375 0.594907 0.608333 0.587963 0.608333 0.582407 0.609115 0.579167 0.610677 0.575926 0.613542 0.575000 0.615885 0.576389 0.618750 0.581019 0.622656 0.587963 0.623698 0.600000 0.621354 0.606944 0.619010 0.608796 0.614844 0.606019 0.612240
0 0.630556 0.599479 0.621759 0.597917 0.614352 0.599219 0.608796 0.603385 0.608333 0.607552 0.609722 0.609115 0.613889 0.611198 0.621296 0.611719 0.628241 0.611198 0.632407 0.610156 0.635185 0.608073 0.635648 0.603385 0.633796 0.601302
0 0.601852 0.589323 0.593519 0.589583 0.587500 0.593490 0.582407 0.598958 0.582407 0.600521 0.585185 0.604167 0.587963 0.605729 0.592593 0.607031 0.602315 0.606250 0.607870 0.603385 0.610648 0.600260 0.609722 0.595833 0.606481 0.591667
0 0.622685 0.559635 0.615278 0.561458 0.610185 0.564583 0.606481 0.568229 0.608796 0.573177 0.614352 0.575781 0.621296 0.576823 0.627315 0.575781 0.631019 0.574479 0.634259 0.572396 0.637037 0.568750 0.636574 0.563802 0.629167 0.560156
0 0.593056 0.551302 0.589815 0.553125 0.587963 0.555729 0.589352 0.565885 0.593519 0.568229 0.604630 0.567448 0.607407 0.566667 0.611111 0.564323 0.613426 0.560677 0.611574 0.558073 0.599537 0.551823
0 0.587500 0.548438 0.584259 0.547135 0.576389 0.546875 0.569444 0.547396 0.558796 0.549740 0.556019 0.552344 0.555556 0.554427 0.556019 0.559115 0.558796 0.561979 0.566667 0.562500 0.582870 0.558073 0.586574 0.555729 0.588889 0.552865
0 0.531019 0.548958 0.528241 0.552083 0.528241 0.553385 0.530556 0.555208 0.536111 0.557552 0.542593 0.559115 0.553241 0.559115 0.554630 0.558333 0.556944 0.548177 0.553241 0.545573 0.544907 0.545312 0.537963 0.545833
0 0.642130 0.560677 0.639352 0.561979 0.637963 0.563802 0.636574 0.572656 0.639815 0.577083 0.642130 0.578385 0.650463 0.577865 0.663426 0.573698 0.664815 0.572396 0.662037 0.567969 0.655093 0.563281 0.649537 0.560937
0 0.700000 0.565365 0.695833 0.563021 0.692130 0.562240 0.682870 0.563281 0.674537 0.565885 0.671759 0.567448 0.668519 0.570573 0.668056 0.572917 0.671759 0.575521 0.677315 0.577344 0.683796 0.578385 0.691204 0.577865 0.695833 0.576302 0.700926 0.572656 0.701389 0.567448
0 0.709722 0.570312 0.706481 0.572135 0.705093 0.575000 0.705093 0.576823 0.707407 0.579948 0.720370 0.586719 0.725463 0.588281 0.733333 0.588542 0.735648 0.586458 0.736111 0.583073 0.733796 0.576823 0.728241 0.569531 0.724074 0.568490 0.717130 0.568490
0 0.746759 0.560937 0.736574 0.562500 0.729630 0.567187 0.729630 0.572656 0.732407 0.576302 0.734722 0.577344 0.738889 0.577865 0.750000 0.577344 0.753241 0.576562 0.758333 0.572917 0.758333 0.567448
0 0.736111 0.552865 0.729167 0.550521 0.721296 0.549479 0.714352 0.549740 0.705556 0.551042 0.701852 0.552344 0.699537 0.554427 0.699074 0.557552 0.701389 0.560677 0.705093 0.563021 0.711111 0.564323 0.719907 0.564323 0.729167 0.562760 0.733333 0.560937 0.736574 0.556771
0 0.702315 0.540104 0.699074 0.539583 0.690741 0.539844 0.682870 0.541667 0.676389 0.544531 0.675463 0.548958 0.679630 0.552865 0.683796 0.555208 0.690741 0.556510 0.697222 0.555469 0.701389 0.552604 0.706019 0.546094 0.705093 0.541406
0 0.667130 0.546615 0.661111 0.546615 0.656019 0.547396 0.647222 0.552604 0.648148 0.558073 0.650463 0.560677 0.656481 0.563542 0.663426 0.564063 0.667593 0.563021 0.674537 0.557552 0.675926 0.553385 0.675000 0.550521 0.670833 0.547135
0 0.744907 0.550000 0.743056 0.551302 0.742593 0.553125 0.748611 0.561979 0.753241 0.564583 0.760185 0.567187 0.768056 0.566927 0.770833 0.566146 0.776852 0.560937 0.776852 0.559375 0.774537 0.556771 0.766204 0.553646 0.759722 0.552865 0.746759 0.549740
0 0.779167 0.543229 0.776389 0.544271 0.771759 0.548438 0.773148 0.552344 0.781019 0.557813 0.788426 0.558073 0.793056 0.555729 0.796759 0.552604 0.798611 0.549740 0.798148 0.544792 0.795370 0.543229
0 0.805093 0.529427 0.802315 0.528125 0.794907 0.527604 0.785648 0.532552 0.777778 0.534635 0.775000 0.536979 0.775000 0.541927 0.779167 0.543229 0.795833 0.543229 0.806019 0.540625 0.809259 0.538802 0.809722 0.534896 0.808796 0.532813
0 0.812500 0.544271 0.812500 0.548698 0.821296 0.552344 0.828704 0.553906 0.837500 0.554167 0.841204 0.553385 0.843981 0.552083 0.847685 0.548958 0.847222 0.544271 0.844907 0.540625 0.837500 0.538542 0.829630 0.538542
0 0.849537 0.537240 0.847685 0.541406 0.849537 0.546094 0.851389 0.547656 0.859722 0.548958 0.878704 0.548698 0.881944 0.547396 0.883796 0.544792 0.880093 0.540104 0.874537 0.537240 0.864815 0.533854 0.856944 0.533854
0 0.912500 0.532031 0.907870 0.529948 0.899537 0.529167 0.892130 0.529687 0.886111 0.530990 0.882407 0.533073 0.880093 0.536979 0.881944 0.541406 0.885648 0.543750 0.890278 0.544531 0.899537 0.544010 0.909722 0.541406 0.916667 0.537240
0 0.955556 0.530729 0.947222 0.530990 0.940278 0.532813 0.935185 0.536979 0.935185 0.541406 0.936574 0.542969 0.947685 0.548958 0.955556 0.548698 0.961574 0.545312 0.962500 0.542448 0.962037 0.535156 0.960185 0.532552
0 0.917593 0.544792 0.915741 0.547917 0.916204 0.553385 0.917593 0.555469 0.921296 0.557292 0.929167 0.557813 0.934722 0.557031 0.943981 0.552865 0.950741 0.550234 0.942130 0.545833 0.934259 0.542969 0.925000 0.542969
0 0.948148 0.563542 0.943519 0.565365 0.940741 0.568490 0.940278 0.572656 0.942593 0.577604 0.944907 0.579688 0.948148 0.580990 0.954630 0.582292 0.962037 0.582031 0.966667 0.579948 0.969907 0.576302 0.970833 0.572135 0.969444 0.568490 0.967130 0.566146 0.961574 0.563542 0.956481 0.562760
0 0.893056 0.547396 0.890741 0.548958 0.888889 0.552865 0.893981 0.557813 0.896759 0.559115 0.901389 0.559896 0.907870 0.560156 0.911111 0.559635 0.915741 0.555729 0.916667 0.553906 0.916667 0.550521 0.915278 0.546875 0.912500 0.545833 0.906019 0.545312 0.896759 0.546354
0 0.879167 0.549479 0.871296 0.549219 0.866204 0.550260 0.862500 0.551823 0.859259 0.555469 0.860185 0.559375 0.865278 0.565365 0.871296 0.567969 0.875463 0.567187 0.877315 0.566146 0.878241 0.564323 0.883796 0.560156 0.886574 0.556771 0.886574 0.552344 0.883796 0.550781
0 0.823611 0.554688 0.815741 0.555729 0.806481 0.558333 0.801852 0.560677 0.801852 0.565885 0.805093 0.569271 0.811574 0.571875 0.817130 0.572396 0.820833 0.571615 0.831481 0.564583 0.832870 0.561198 0.831481 0.557813 0.829630 0.556250
0 0.787963 0.559375 0.779630 0.561198 0.775000 0.563021 0.774074 0.564063 0.774074 0.568750 0.780093 0.574219 0.784722 0.576042 0.789352 0.576562 0.795833 0.575521 0.799537 0.573438 0.804167 0.567969 0.801852 0.563021 0.799074 0.560937
0 0.848611 0.572135 0.843056 0.571354 0.836111 0.572396 0.830093 0.576042 0.828704 0.579688 0.829630 0.584115 0.831019 0.585677 0.836574 0.588281 0.844907 0.588281 0.852315 0.586458 0.855093 0.584375 0.856019 0.581510 0.855093 0.576302 0.853704 0.574740
0 0.862963 0.572135 0.858796 0.573958 0.856944 0.577865 0.856019 0.588281 0.857870 0.591667 0.863889 0.595052 0.872685 0.595313 0.878704 0.594271 0.884259 0.591406 0.887037 0.588281 0.886574 0.586719 0.884259 0.584115 0.875463 0.579688 0.869907 0.574219 0.866204 0.572396
0 0.914815 0.580208 0.908796 0.578646 0.904630 0.578385 0.898611 0.578906 0.892593 0.580469 0.887963 0.583594 0.888426 0.588021 0.890278 0.590365 0.897222 0.592187 0.903704 0.592187 0.909259 0.590885 0.916667 0.586979 0.918056 0.585156 0.918056 0.583333
0 0.915741 0.560417 0.913889 0.559896 0.898611 0.559375 0.892130 0.559635 0.889815 0.560677 0.883796 0.561458 0.879630 0.564063 0.880093 0.568490 0.884259 0.572396 0.888426 0.574479 0.894444 0.575521 0.901389 0.575260 0.911574 0.571615 0.914815 0.569271 0.918056 0.564583 0.917593 0.561979
0 0.926852 0.585156 0.921759 0.587240 0.918056 0.590625 0.918519 0.596094 0.923611 0.600521 0.926852 0.601302 0.934259 0.601823 0.940278 0.600521 0.948148 0.597396 0.950926 0.595313 0.951852 0.591406 0.948148 0.588542 0.939815 0.585677 0.934722 0.584896
0 0.885185 0.592448 0.881019 0.593750 0.875000 0.597135 0.872222 0.599740 0.873148 0.603646 0.877778 0.606771 0.886574 0.608594 0.893981 0.607292 0.897222 0.604688 0.897685 0.602344 0.897222 0.599479 0.892593 0.594271 0.889352 0.592969
0 0.918981 0.601823 0.915278 0.601302 0.910648 0.601562 0.906944 0.602604 0.902778 0.604948 0.900463 0.608073 0.900000 0.611979 0.901389 0.613542 0.906019 0.615625 0.913889 0.615625 0.920370 0.614583 0.924074 0.611719 0.923148 0.606510 0.921759 0.603906
0 0.919444 0.619792 0.912963 0.619271 0.906944 0.620052 0.901389 0.622656 0.899074 0.631250 0.900926 0.634896 0.906944 0.638802 0.913889 0.638802 0.920370 0.636719 0.927315 0.632031 0.929630 0.629427 0.930556 0.626302 0.928704 0.623958
0 0.604630 0.367969 0.599537 0.367708 0.588889 0.369010 0.585185 0.370052 0.581944 0.372656 0.581481 0.377083 0.582870 0.379427 0.593519 0.387500 0.602315 0.385417 0.608333 0.381250 0.612037 0.377344 0.612500 0.372917 0.608796 0.369792
0 0.629167 0.358854 0.620833 0.358073 0.609722 0.362240 0.606944 0.364063 0.606481 0.366146 0.608333 0.369010 0.614352 0.373958 0.621759 0.373437 0.629167 0.369531 0.631944 0.365625 0.632407 0.361719 0.631481 0.360156
0 0.622222 0.373437 0.620833 0.377344 0.623148 0.379688 0.630093 0.383073 0.642130 0.385677 0.650000 0.384896 0.650926 0.380469 0.648611 0.374219 0.646759 0.371875 0.643519 0.370052 0.637500 0.369271 0.628241 0.370312
0 0.651389 0.373177 0.650000 0.374479 0.649537 0.377344 0.653241 0.383594 0.661574 0.386458 0.669444 0.385937 0.672222 0.384375 0.675000 0.381250 0.675000 0.376823 0.672222 0.373958 0.669444 0.372656 0.663426 0.372135 0.655556 0.372135
0 0.678241 0.358594 0.668519 0.361719 0.665741 0.363542 0.664815 0.365625 0.667593 0.369531 0.676852 0.376042 0.685185 0.376823 0.688426 0.375521 0.693056 0.364844 0.691204 0.361458 0.684722 0.358333
0 0.725000 0.369010 0.711574 0.366406 0.705093 0.364323 0.697222 0.364583 0.693519 0.366406 0.690741 0.369010 0.688889 0.372917 0.689352 0.377083 0.696759 0.380729 0.704630 0.379948 0.720833 0.375000 0.723148 0.373437
0 0.756481 0.369792 0.752778 0.367969 0.748148 0.367188 0.743981 0.367448 0.736574 0.369271 0.731944 0.371875 0.726852 0.376823 0.727778 0.380729 0.734259 0.382812 0.739352 0.383594 0.750463 0.382812 0.754630 0.381771 0.757407 0.379948 0.759259 0.377344 0.758796 0.372396
0 0.781481 0.369271 0.774074 0.369792 0.768056 0.371875 0.766204 0.373177 0.765741 0.378125 0.767130 0.380990 0.773611 0.383594 0.781481 0.383333 0.785648 0.380990 0.786574 0.375781 0.785648 0.373177
0 0.802315 0.359115 0.793519 0.358854 0.788889 0.359896 0.782870 0.362760 0.781019 0.365104 0.782870 0.369792 0.787037 0.372656 0.791667 0.373437 0.796296 0.373437 0.802315 0.372135 0.807407 0.369271 0.809722 0.365885 0.808796 0.362500 0.806481 0.360417
0 0.828704 0.362760 0.825000 0.361979 0.819907 0.361979 0.814352 0.363281 0.809259 0.368229 0.802778 0.372656 0.801389 0.374740 0.800926 0.377865 0.804167 0.380729 0.809722 0.382292 0.817130 0.382552 0.822222 0.381250 0.824537 0.379948 0.826852 0.377604 0.827778 0.373177 0.830556 0.367448 0.830556 0.364323
0 0.833333 0.363021 0.832407 0.364583 0.833333 0.369271 0.837037 0.372656 0.842593 0.373698 0.850926 0.373698 0.868056 0.371615 0.873611 0.368750 0.875926 0.365885 0.875926 0.361198 0.871296 0.358854 0.860185 0.357031 0.850000 0.357031 0.843519 0.357812 0.837500 0.359635
0 0.857870 0.372656 0.854630 0.373698 0.853241 0.375521 0.851852 0.381510 0.852778 0.384635 0.855556 0.386458 0.857870 0.387240 0.864815 0.387760 0.873611 0.385417 0.877778 0.382812 0.879167 0.380469 0.877315 0.377344 0.870833 0.373177 0.866204 0.372135
0 0.836111 0.379688 0.827778 0.382292 0.825926 0.384115 0.825000 0.388802 0.826389 0.391667 0.826389 0.397135 0.827315 0.398177 0.831481 0.400260 0.837500 0.400781 0.843981 0.399740 0.847685 0.398438 0.850926 0.396615 0.854167 0.392969 0.852315 0.388542 0.846759 0.382552 0.843056 0.380729
0 0.788889 0.378646 0.786574 0.381510 0.786111 0.386458 0.787500 0.391667 0.791667 0.396354 0.794907 0.397656 0.803241 0.398438 0.813426 0.395313 0.816667 0.392708 0.816667 0.388542 0.811574 0.383073 0.798148 0.378385 0.792130 0.378125
0 0.753241 0.385417 0.748148 0.388542 0.746759 0.391927 0.748148 0.395573 0.750463 0.397917 0.756019 0.401042 0.758796 0.401823 0.769444 0.401562 0.774074 0.400260 0.777778 0.397656 0.779167 0.394010 0.779167 0.391667 0.775463 0.386979 0.771296 0.385156 0.766667 0.384115 0.759722 0.384115
0 0.729167 0.382552 0.724537 0.380990 0.714815 0.380208 0.703704 0.380990 0.698611 0.382292 0.695833 0.383594 0.694444 0.386458 0.694444 0.389583 0.697222 0.394271 0.700463 0.396094 0.704630 0.397135 0.711111 0.396875 0.725000 0.394271 0.731019 0.391406 0.732870 0.389062 0.732407 0.385417
0 0.685185 0.383594 0.676852 0.383073 0.667593 0.388281 0.668981 0.392708 0.676852 0.398438 0.684722 0.397656 0.688889 0.396615 0.692593 0.394531 0.693981 0.392708 0.693519 0.388021 0.690741 0.385156
0 0.648611 0.388802 0.646296 0.389583 0.644907 0.391667 0.644444 0.397917 0.645833 0.401302 0.650000 0.404427 0.656019 0.405990 0.664815 0.404948 0.667593 0.403646 0.669907 0.401042 0.669907 0.396094 0.667130 0.390885 0.663426 0.389062 0.656944 0.388281
0 0.628241 0.384896 0.622222 0.386719 0.618981 0.388542 0.620370 0.393229 0.623611 0.398438 0.628241 0.402865 0.632870 0.405469 0.635648 0.405990 0.643519 0.397656 0.643981 0.388542 0.638889 0.385156 0.636111 0.384635
0 0.616667 0.388542 0.607870 0.385417 0.600463 0.386198 0.596759 0.387240 0.592593 0.389844 0.587500 0.395313 0.585185 0.396354 0.586111 0.400521 0.593519 0.403125 0.601389 0.403125 0.617130 0.399219 0.618981 0.398177 0.620370 0.396094 0.619444 0.390885
0 0.594907 0.406250 0.582407 0.408073 0.578704 0.409896 0.576852 0.411979 0.576389 0.417187 0.577315 0.419531 0.580556 0.422135 0.586574 0.425260 0.595370 0.425000 0.600463 0.423177 0.605093 0.420052 0.605093 0.415365 0.601389 0.409375 0.598148 0.407031
0 0.565278 0.418490 0.560185 0.420312 0.554630 0.424219 0.552315 0.427865 0.551389 0.431771 0.553704 0.435156 0.556019 0.436198 0.567593 0.437500 0.573611 0.436198 0.576852 0.434115 0.579167 0.431771 0.580093 0.427604 0.578704 0.423438 0.576389 0.420833 0.573148 0.419531
0 0.621759 0.400521 0.613889 0.401302 0.604167 0.404167 0.602778 0.406250 0.603241 0.411198 0.606019 0.416146 0.609259 0.418490 0.613889 0.419792 0.621759 0.419792 0.627778 0.416146 0.629630 0.404167 0.626389 0.401823
0 0.619444 0.419792 0.621296 0.424219 0.633796 0.428646 0.640741 0.429948 0.644444 0.429948 0.650463 0.428646 0.657870 0.424219 0.657407 0.418490 0.656019 0.417448 0.650926 0.415885 0.645370 0.415365 0.630093 0.415625 0.623611 0.417448
0 0.639352 0.430729 0.629630 0.426563 0.620833 0.425000 0.614352 0.426563 0.609722 0.428906 0.607407 0.432292 0.607870 0.437760 0.609722 0.439583 0.613426 0.440365 0.619907 0.440885 0.628241 0.440365 0.636574 0.438281 0.639815 0.436198
0 0.593056 0.427344 0.585648 0.429167 0.581019 0.431510 0.576852 0.435417 0.577315 0.440104 0.579630 0.441667 0.586111 0.444010 0.596759 0.444271 0.600463 0.443229 0.606019 0.439583 0.606019 0.430990 0.601389 0.428125
0 0.601389 0.443229 0.600000 0.447917 0.601852 0.451302 0.616667 0.455990 0.619907 0.456510 0.628704 0.456250 0.632407 0.454948 0.637037 0.451562 0.631944 0.445573 0.624074 0.441667 0.607407 0.440625
0 0.664815 0.433073 0.656944 0.430469 0.650000 0.430990 0.646296 0.432552 0.639815 0.437240 0.634722 0.443229 0.635648 0.447917 0.637500 0.449479 0.640741 0.450260 0.644444 0.450000 0.652315 0.447396 0.663426 0.444792 0.666667 0.443229 0.669907 0.440104 0.669907 0.438281 0.668519 0.435417
0 0.669907 0.412240 0.663889 0.413542 0.660185 0.415885 0.659722 0.421875 0.660648 0.424479 0.665741 0.428906 0.669444 0.430208 0.672222 0.430208 0.677315 0.429427 0.686574 0.425781 0.687963 0.423958 0.687963 0.419271 0.679167 0.413281 0.675926 0.412500
0 0.698611 0.396615 0.690278 0.396615 0.679630 0.397917 0.675463 0.399479 0.673611 0.402865 0.673611 0.405208 0.678241 0.410156 0.683333 0.411719 0.689815 0.411458 0.698611 0.408073 0.701389 0.404687 0.702315 0.400521 0.700463 0.397656
0 0.871296 0.388021 0.861574 0.390365 0.858796 0.391927 0.855556 0.395833 0.855556 0.400781 0.856944 0.403125 0.858796 0.404167 0.873148 0.406510 0.878241 0.405469 0.881481 0.403646 0.882870 0.401562 0.883333 0.395573 0.881481 0.390625 0.877778 0.389062
0 0.881944 0.379688 0.881019 0.380990 0.886111 0.386198 0.889815 0.388021 0.898611 0.390365 0.907407 0.390365 0.912037 0.388542 0.916667 0.384896 0.918056 0.381510 0.917130 0.378125 0.912963 0.375260 0.900926 0.373698 0.896296 0.374219 0.891667 0.376563 0.883796 0.378646
0 0.892593 0.360938 0.886574 0.361458 0.882870 0.362500 0.879167 0.364583 0.876389 0.368750 0.879167 0.374740 0.880556 0.375781 0.884259 0.376823 0.892593 0.376563 0.902778 0.369271 0.901389 0.365104
0 0.914352 0.365104 0.912500 0.368490 0.912500 0.373437 0.915278 0.375781 0.931481 0.378125 0.941204 0.378125 0.943519 0.377083 0.943981 0.372917 0.941667 0.369792 0.940741 0.366406 0.938889 0.364323 0.936111 0.363021 0.926852 0.361458 0.919907 0.362500
0 0.970370 0.357292 0.961574 0.356250 0.951389 0.359375 0.949074 0.360677 0.945833 0.363802 0.943056 0.368750 0.943981 0.370833 0.946759 0.372656 0.952315 0.373698 0.956019 0.373698 0.967130 0.371354 0.975926 0.367188 0.977315 0.365625 0.976389 0.361198
0 0.968519 0.373437 0.958796 0.373437 0.951852 0.375000 0.948148 0.376823 0.945833 0.380990 0.950463 0.385677 0.956019 0.387240 0.963426 0.387240 0.970833 0.385937 0.974074 0.384115 0.976389 0.381510 0.975926 0.378125 0.975000 0.376823
0 0.962963 0.390625 0.953704 0.390625 0.950926 0.391406 0.946759 0.393750 0.944444 0.396354 0.943519 0.398958 0.944444 0.404427 0.950000 0.406771 0.954630 0.407813 0.962037 0.407031 0.967130 0.405729 0.970370 0.403906 0.973148 0.400781 0.973148 0.397656 0.971296 0.394271 0.968519 0.392188
0 0.925000 0.377865 0.922222 0.378385 0.919907 0.379688 0.915741 0.385156 0.913889 0.389323 0.916667 0.393750 0.919444 0.395313 0.927315 0.395833 0.943056 0.391406 0.946296 0.388542 0.944907 0.384896 0.940278 0.380208 0.937963 0.378906
0 0.928241 0.397917 0.917593 0.398958 0.909259 0.401823 0.906481 0.403906 0.906944 0.408333 0.907870 0.409115 0.918056 0.413021 0.920833 0.413281 0.930556 0.411458 0.937037 0.407813 0.939352 0.404948 0.939352 0.403906 0.935185 0.400521
0 0.939352 0.405990 0.933333 0.409375 0.930556 0.411979 0.931019 0.416927 0.932407 0.418490 0.938889 0.421094 0.943056 0.421875 0.949074 0.422135 0.955556 0.420833 0.957407 0.420052 0.960185 0.415885 0.952778 0.408073 0.948148 0.405729
0 0.562037 0.451042 0.562963 0.455729 0.565278 0.460156 0.567130 0.461198 0.571759 0.462240 0.593056 0.461198 0.599074 0.459115 0.604630 0.455208 0.598611 0.448958 0.593056 0.446875 0.583796 0.446354 0.570370 0.446875 0.565741 0.447917
0 0.614815 0.457552 0.607407 0.457813 0.599074 0.459375 0.595833 0.460938 0.594444 0.462500 0.594907 0.464323 0.598148 0.469271 0.601389 0.471354 0.608333 0.472396 0.613889 0.470833 0.617130 0.468490 0.618056 0.467187 0.617130 0.458854
0 0.561574 0.463542 0.559259 0.466146 0.560648 0.468490 0.576852 0.476302 0.581481 0.476562 0.587037 0.475781 0.595370 0.470573 0.595833 0.466146 0.593519 0.462760 0.590741 0.461979 0.583796 0.461719 0.574537 0.462760 0.565278 0.462760
0 0.598611 0.472917 0.593056 0.473698 0.588889 0.475521 0.587500 0.477344 0.587500 0.483073 0.591204 0.488542 0.595833 0.491927 0.600926 0.492448 0.606481 0.490104 0.611574 0.485938 0.612500 0.478385 0.611111 0.476302 0.607870 0.474219 0.601852 0.472917
0 0.555093 0.486979 0.554630 0.491406 0.557407 0.495052 0.562963 0.497396 0.572222 0.498698 0.583796 0.498958 0.591204 0.497656 0.594444 0.495052 0.594907 0.494010 0.593519 0.492448 0.583333 0.486719 0.573148 0.483333 0.567130 0.482552 0.563889 0.482812 0.561111 0.483594
0 0.573148 0.501302 0.559259 0.497135 0.551852 0.498177 0.550000 0.499740 0.548148 0.504167 0.548611 0.510156 0.551852 0.511719 0.560185 0.511719 0.566204 0.510156 0.573611 0.505990
0 0.522222 0.505729 0.523148 0.509896 0.526852 0.514583 0.531019 0.516406 0.541204 0.517708 0.545370 0.519271 0.547685 0.517188 0.549074 0.514062 0.548611 0.509375 0.545370 0.503906 0.541667 0.502083 0.537963 0.501302 0.529167 0.503125
0 0.555556 0.530469 0.552778 0.529948 0.543981 0.530469 0.538889 0.531250 0.533333 0.533333 0.532407 0.537760 0.538426 0.544010 0.543981 0.545052 0.551389 0.544792 0.555093 0.544010 0.558333 0.542448 0.561574 0.538542 0.561111 0.533333
0 0.558796 0.516146 0.555556 0.516927 0.552778 0.518490 0.550000 0.521354 0.550000 0.526563 0.558796 0.531510 0.566667 0.532031 0.575463 0.527865 0.577778 0.521354 0.575463 0.519010 0.568981 0.516146
0 0.572222 0.530469 0.564352 0.534635 0.562500 0.541667 0.566667 0.546094 0.568519 0.546875 0.576852 0.547135 0.582870 0.546354 0.592130 0.541146 0.591204 0.536979 0.580556 0.530990
0 0.586574 0.500000 0.583796 0.501302 0.579167 0.505729 0.577315 0.509635 0.578241 0.513802 0.581019 0.516146 0.585185 0.517448 0.594907 0.517448 0.600926 0.516146 0.604630 0.513802 0.605093 0.509635 0.599537 0.503125 0.593981 0.500000
0 0.660185 0.463281 0.655093 0.460156 0.651852 0.459115 0.648148 0.458854 0.643056 0.459635 0.633333 0.465104 0.628241 0.466667 0.626852 0.470833 0.628241 0.471875 0.637963 0.473698 0.656481 0.474479 0.660185 0.472656 0.661574 0.470833
0 0.695833 0.460156 0.691204 0.457552 0.687037 0.457031 0.668981 0.458333 0.662037 0.463542 0.661574 0.471094 0.665278 0.473698 0.669907 0.474740 0.678241 0.473958 0.690741 0.467708 0.698148 0.463021
0 0.637500 0.474740 0.634722 0.476562 0.634722 0.482552 0.637963 0.486198 0.642130 0.488802 0.649537 0.489583 0.653241 0.488281 0.662963 0.482812 0.664815 0.478385 0.661111 0.475781 0.651389 0.474219 0.641667 0.473958
0 0.628704 0.493750 0.621296 0.494010 0.618981 0.494792 0.613426 0.497917 0.611574 0.502083 0.613889 0.504687 0.618519 0.507812 0.621759 0.508854 0.628704 0.509115 0.632870 0.508073 0.636111 0.506510 0.639352 0.502604 0.639352 0.501563 0.636574 0.498698
0 0.599537 0.517448 0.602315 0.521094 0.605556 0.522656 0.613889 0.525000 0.621296 0.525521 0.636111 0.524740 0.640278 0.522396 0.641667 0.519271 0.641667 0.516146 0.640278 0.513542 0.635648 0.511719 0.629630 0.511198 0.619907 0.511198 0.611111 0.512240 0.604630 0.514062
0 0.584722 0.520052 0.577778 0.523958 0.577778 0.529427 0.593519 0.535417 0.600926 0.535677 0.604167 0.534896 0.606481 0.533594 0.606019 0.528906 0.606944 0.525781 0.604630 0.522135 0.600463 0.519531 0.595833 0.518490 0.592130 0.518490
0 0.607407 0.534896 0.603704 0.536979 0.601852 0.540365 0.601389 0.548958 0.602778 0.552344 0.607407 0.555990 0.618519 0.555729 0.624074 0.553906 0.625926 0.552865 0.627315 0.550781 0.627778 0.548177 0.626389 0.546354 0.625463 0.542188 0.619907 0.537240 0.614815 0.534896
0 0.635648 0.525260 0.621296 0.525781 0.617593 0.526823 0.614352 0.529687 0.612963 0.533333 0.623611 0.540365 0.627778 0.541406 0.635648 0.540625 0.643056 0.533333 0.641204 0.528125
0 0.663889 0.516146 0.655093 0.516667 0.644444 0.519531 0.641667 0.520833 0.639352 0.525781 0.645370 0.531250 0.656944 0.532552 0.661574 0.531250 0.667130 0.528125 0.668981 0.526042 0.668981 0.521094 0.666204 0.517448
0 0.648148 0.500521 0.642593 0.501302 0.637500 0.505729 0.637037 0.509896 0.642130 0.514323 0.650000 0.515365 0.657407 0.514323 0.661111 0.513021 0.665741 0.510417 0.667593 0.505729 0.661111 0.502865 0.654630 0.501042
0 0.669907 0.492188 0.661574 0.494792 0.659722 0.497135 0.659722 0.502083 0.668056 0.506510 0.671759 0.507031 0.677315 0.506250 0.682407 0.503906 0.684259 0.502083 0.684259 0.497917 0.677315 0.492708
0 0.706019 0.432552 0.704167 0.433594 0.702778 0.435937 0.702778 0.440104 0.705093 0.443229 0.710648 0.445312 0.719444 0.445312 0.724074 0.444010 0.729630 0.439583 0.726852 0.434896 0.722685 0.433073 0.718056 0.432031 0.710648 0.431510
0 0.724074 0.445052 0.721759 0.447656 0.720833 0.451302 0.724074 0.453906 0.727778 0.455469 0.734722 0.455990 0.742130 0.455208 0.746759 0.454167 0.751389 0.451302 0.751852 0.446875 0.748611 0.444531 0.739815 0.441927 0.732407 0.441146
0 0.735185 0.428646 0.731944 0.430469 0.730093 0.432812 0.729167 0.436719 0.730556 0.438802 0.747685 0.444010 0.754167 0.444792 0.760648 0.443229 0.763426 0.439583 0.762500 0.436198 0.751852 0.426563 0.746296 0.426042
0 0.752778 0.416146 0.748611 0.414844 0.740278 0.413542 0.731481 0.414062 0.725463 0.415104 0.723148 0.416406 0.720833 0.419531 0.720370 0.424479 0.721759 0.426042 0.725000 0.427865 0.732870 0.429167 0.743519 0.426302 0.750926 0.425260 0.752778 0.424479 0.755556 0.420312 0.755093 0.418229
0 0.710648 0.412760 0.704167 0.412760 0.694444 0.416927 0.691204 0.419531 0.690278 0.424479 0.692593 0.426302 0.703241 0.429167 0.712500 0.428125 0.716667 0.426302 0.719907 0.422656 0.720370 0.416667 0.717593 0.414323
0 0.690278 0.426563 0.683333 0.427604 0.676852 0.429427 0.673611 0.431510 0.673611 0.435937 0.675926 0.439583 0.682407 0.443490 0.691204 0.444531 0.694907 0.443490 0.700463 0.440625 0.702315 0.435417 0.701389 0.432552 0.699074 0.429948 0.695833 0.428125
0 0.748611 0.454167 0.748148 0.455469 0.749537 0.459115 0.753241 0.461458 0.767130 0.462760 0.775000 0.462240 0.779167 0.460677 0.781944 0.458854 0.782870 0.455729 0.779630 0.450260 0.774537 0.446875 0.765278 0.446615 0.760185 0.447917 0.754630 0.450260
0 0.639815 0.536458 0.638889 0.541406 0.642130 0.545833 0.646759 0.547396 0.650000 0.547656 0.666204 0.545573 0.670370 0.543229 0.670833 0.540365 0.668056 0.536979 0.656944 0.532813 0.647685 0.532552 0.643519 0.533854
0 0.675463 0.529167 0.676389 0.533333 0.682870 0.536719 0.688426 0.538021 0.700463 0.538021 0.705093 0.535937 0.707870 0.533594 0.706019 0.525521 0.704630 0.524219 0.699537 0.522917 0.689815 0.523177
0 0.691204 0.506510 0.681944 0.506510 0.677315 0.509115 0.675000 0.518490 0.676852 0.521354 0.682870 0.523177 0.693056 0.522135 0.703241 0.517969 0.703241 0.513281 0.701389 0.511979 0.698148 0.511198 0.694444 0.508073
0 0.732870 0.492448 0.725463 0.491927 0.717593 0.494010 0.711574 0.497917 0.706944 0.502344 0.705093 0.505469 0.707870 0.510938 0.710185 0.512760 0.714815 0.513021 0.720370 0.512240 0.730093 0.508333 0.736111 0.504167 0.739352 0.500781 0.740278 0.497656 0.738426 0.495312
0 0.770833 0.499479 0.767593 0.497396 0.760185 0.497135 0.750926 0.499479 0.738889 0.505990 0.737500 0.508854 0.737963 0.510417 0.741204 0.511458 0.747222 0.511979 0.760648 0.511458 0.770833 0.509896 0.773148 0.506771 0.772685 0.502083
0 0.717593 0.517448 0.711574 0.518490 0.708796 0.520312 0.706944 0.524479 0.707870 0.530469 0.710185 0.533333 0.719444 0.535156 0.729630 0.533333 0.734259 0.531771 0.735648 0.530208 0.735648 0.528646 0.732870 0.522917 0.731019 0.521094 0.727315 0.519531
0 0.739352 0.513281 0.735648 0.514323 0.732407 0.517188 0.732407 0.522135 0.736574 0.531250 0.737963 0.532292 0.746296 0.535156 0.754167 0.534896 0.758796 0.533333 0.762037 0.529687 0.762037 0.525000 0.750926 0.516406 0.746759 0.514062
0 0.722685 0.534896 0.719907 0.536719 0.720370 0.540885 0.725463 0.544792 0.731944 0.546615 0.740741 0.546615 0.746759 0.544271 0.748148 0.541927 0.748148 0.536979 0.742593 0.534115 0.732407 0.532292
0 0.760648 0.534115 0.752315 0.535677 0.749537 0.537760 0.747685 0.545312 0.749074 0.547396 0.751852 0.548438 0.766204 0.547917 0.768519 0.547396 0.771296 0.545312 0.771759 0.540625 0.769907 0.538542
0 0.773611 0.516927 0.769907 0.517969 0.766204 0.520833 0.765278 0.523698 0.765741 0.527604 0.767130 0.529427 0.772685 0.532031 0.781481 0.533073 0.787037 0.531510 0.791204 0.528906 0.793519 0.526302 0.793519 0.524479 0.792130 0.522917 0.783796 0.519010
0 0.794907 0.516927 0.794907 0.521875 0.798148 0.526302 0.808796 0.531250 0.816204 0.530729 0.822685 0.525781 0.823611 0.521354 0.822222 0.520052 0.818519 0.518750 0.808796 0.516927 0.802315 0.516406
0 0.776852 0.503125 0.773611 0.505469 0.773148 0.510156 0.775926 0.511979 0.780093 0.513281 0.794907 0.514844 0.800000 0.512760 0.801852 0.509896 0.801389 0.508073 0.798611 0.504167 0.796296 0.502604 0.789352 0.501302 0.781019 0.501563
0 0.769907 0.486458 0.767593 0.490625 0.769444 0.494271 0.771296 0.495573 0.784259 0.499740 0.792130 0.501042 0.800926 0.501042 0.804167 0.500000 0.805093 0.497396 0.802315 0.493229 0.788426 0.483594 0.781019 0.482292 0.774537 0.483854
0 0.831481 0.492448 0.830556 0.494010 0.831019 0.498958 0.833796 0.501302 0.839352 0.502865 0.843519 0.503385 0.863889 0.502865 0.866667 0.502083 0.869444 0.500000 0.869907 0.494792 0.868981 0.493229 0.865278 0.490104 0.857870 0.488542 0.842593 0.487760 0.836111 0.489323
0 0.872222 0.503646 0.862963 0.503125 0.843519 0.504167 0.837963 0.507812 0.837037 0.509375 0.837963 0.512240 0.839352 0.513802 0.850000 0.519010 0.858333 0.519271 0.863889 0.516406 0.865741 0.514323 0.874537 0.509896 0.875463 0.505729
0 0.820833 0.502083 0.815741 0.502604 0.808796 0.504948 0.806944 0.506510 0.805556 0.510156 0.806944 0.513802 0.810648 0.516146 0.823148 0.518750 0.830093 0.517188 0.833796 0.513281 0.835648 0.509635 0.834722 0.505729 0.832407 0.503906 0.825926 0.502344
0 0.843056 0.520052 0.836574 0.521354 0.830556 0.525260 0.829630 0.529687 0.831481 0.533333 0.835185 0.535937 0.844444 0.537500 0.858796 0.533333 0.862037 0.530208 0.862037 0.528646 0.855093 0.523177 0.846296 0.520312
0 0.933796 0.518229 0.926852 0.520573 0.924074 0.525000 0.924074 0.529687 0.927315 0.531250 0.933333 0.532292 0.943056 0.531771 0.949537 0.529427 0.951389 0.525521 0.947685 0.521094 0.942593 0.518490
0 0.889352 0.516406 0.888426 0.518229 0.889815 0.522135 0.903704 0.529167 0.913889 0.531250 0.919444 0.529948 0.922685 0.528385 0.925926 0.521354 0.924074 0.519010 0.921296 0.517448 0.910648 0.515625 0.901389 0.514844 0.892130 0.515104
0 0.871296 0.511198 0.865741 0.513802 0.860648 0.517969 0.858796 0.520833 0.859722 0.523698 0.862963 0.526042 0.870370 0.528125 0.881481 0.527604 0.886574 0.525260 0.888889 0.521354 0.886574 0.516927 0.878704 0.511719
0 0.921759 0.504948 0.919444 0.501042 0.915741 0.499479 0.912963 0.499219 0.899537 0.500260 0.888426 0.500000 0.885185 0.500260 0.878704 0.502083 0.878241 0.506510 0.880093 0.508594 0.881944 0.509375 0.899537 0.511979 0.907870 0.512240 0.913426 0.511719 0.918981 0.509896 0.921759 0.507031
0 0.939352 0.494531 0.934259 0.493750 0.927778 0.494271 0.924074 0.495312 0.919444 0.497917 0.922222 0.505208 0.922685 0.509896 0.926389 0.511198 0.934259 0.511198 0.941204 0.509115 0.948148 0.502604 0.947222 0.497917
0 0.913426 0.485677 0.904630 0.485417 0.892130 0.487240 0.887963 0.488542 0.883796 0.490625 0.883333 0.494271 0.884259 0.495312 0.891204 0.498958 0.898611 0.500260 0.907870 0.500000 0.916667 0.498698 0.918056 0.497396 0.918519 0.494010 0.916204 0.488281
0 0.899537 0.467448 0.890741 0.467448 0.887500 0.467969 0.881944 0.470573 0.879630 0.473958 0.880093 0.477865 0.882407 0.482552 0.885185 0.483854 0.891204 0.484896 0.898148 0.484115 0.901852 0.482812 0.908333 0.478385 0.909722 0.475260 0.908333 0.471615 0.904630 0.469271
0 0.864352 0.471875 0.852778 0.476823 0.851852 0.477865 0.852315 0.482292 0.854167 0.484896 0.857870 0.487240 0.864352 0.488802 0.872222 0.488281 0.876852 0.486198 0.880093 0.482552 0.878241 0.475521 0.877315 0.474219 0.873611 0.472656
0 0.830093 0.469010 0.825926 0.467969 0.821296 0.467969 0.815741 0.469010 0.808796 0.471354 0.799537 0.478385 0.802315 0.482552 0.807870 0.483854 0.819907 0.483854 0.831019 0.482552 0.833333 0.479687 0.833796 0.477604 0.833333 0.474219
0 0.852778 0.457552 0.850463 0.457031 0.840278 0.460156 0.831944 0.465885 0.832407 0.470833 0.836574 0.473958 0.842593 0.475000 0.850463 0.474479 0.857407 0.473438 0.863426 0.470833 0.862963 0.466406 0.859259 0.461458
0 0.862037 0.456771 0.859722 0.458073 0.859259 0.459896 0.863889 0.469010 0.866204 0.470833 0.870833 0.471875 0.878704 0.472396 0.889352 0.466927 0.890278 0.461979 0.888426 0.459896 0.886574 0.459115 0.864815 0.456250
0 0.912963 0.454167 0.906019 0.455469 0.904630 0.456510 0.901389 0.462240 0.900463 0.466927 0.905556 0.470313 0.913426 0.472135 0.918981 0.470313 0.925000 0.466406 0.929630 0.465104 0.931944 0.463281 0.931944 0.462240 0.930556 0.460417 0.925000 0.457292
0 0.962963 0.456250 0.953704 0.455990 0.948611 0.456510 0.937963 0.459375 0.933796 0.462240 0.934722 0.467187 0.937037 0.469531 0.946759 0.472917 0.954167 0.471875 0.958333 0.470052 0.961111 0.468229 0.965741 0.463281 0.966204 0.458854
0 0.925000 0.470573 0.922222 0.473438 0.922222 0.479167 0.924074 0.482292 0.931019 0.486458 0.933796 0.487240 0.941667 0.487500 0.948148 0.485677 0.953241 0.482292 0.953704 0.478385 0.950463 0.474740 0.947222 0.473177 0.936111 0.470833 0.929630 0.470052
0 0.740741 0.394531 0.731481 0.395573 0.716667 0.400521 0.713426 0.402344 0.712037 0.404427 0.715278 0.409635 0.722222 0.412760 0.725000 0.413542 0.733333 0.413542 0.737963 0.412240 0.742593 0.409375 0.746296 0.404948 0.746296 0.399740 0.743519 0.395833
0 0.781481 0.403646 0.775000 0.401562 0.754167 0.402865 0.746759 0.406250 0.744907 0.408073 0.743056 0.412240 0.752778 0.415625 0.759722 0.416406 0.769444 0.416146 0.774537 0.415365 0.778704 0.414062 0.782407 0.411719 0.783796 0.408333
0 0.793981 0.397917 0.789352 0.398958 0.785648 0.400781 0.784259 0.403906 0.784722 0.410156 0.783796 0.412240 0.787037 0.416146 0.795833 0.417448 0.802315 0.416406 0.815741 0.411979 0.805556 0.400260 0.801389 0.398698
0 0.807870 0.397656 0.806019 0.400521 0.808796 0.405469 0.813426 0.408594 0.815741 0.411198 0.825463 0.410938 0.831019 0.409896 0.833796 0.408594 0.833796 0.403906 0.832870 0.402344 0.828241 0.399479 0.821296 0.397135 0.816667 0.396354 0.811111 0.396615
0 0.857870 0.403646 0.850463 0.404687 0.845833 0.408073 0.844907 0.413021 0.846296 0.420312 0.847685 0.422135 0.850463 0.423698 0.857407 0.422656 0.861111 0.420052 0.864352 0.419010 0.870370 0.415625 0.872685 0.413021 0.873611 0.408073 0.869444 0.406250
0 0.841204 0.414583 0.839352 0.411979 0.837037 0.410938 0.829630 0.409896 0.820833 0.411458 0.808333 0.415104 0.806944 0.415885 0.806019 0.420052 0.814815 0.423958 0.829630 0.426042 0.836111 0.425000 0.839352 0.422135 0.841204 0.418490
0 0.798148 0.420573 0.793981 0.422135 0.789815 0.427344 0.791204 0.432812 0.794444 0.435937 0.797685 0.437500 0.801389 0.438281 0.808796 0.438021 0.812963 0.436719 0.817593 0.434115 0.818981 0.432292 0.819444 0.427344 0.816667 0.425000 0.807870 0.421094 0.804167 0.420312
0 0.760185 0.419010 0.755093 0.423438 0.755093 0.426302 0.757407 0.430208 0.762037 0.433854 0.766204 0.435156 0.775000 0.435156 0.785648 0.430208 0.787963 0.428125 0.787037 0.423698 0.784259 0.421875 0.772685 0.418750 0.765278 0.418490
0 0.810185 0.441406 0.801389 0.439844 0.794444 0.440885 0.787963 0.443750 0.786111 0.446875 0.786574 0.451562 0.791204 0.455729 0.794907 0.456510 0.807870 0.456250 0.812037 0.454948 0.815741 0.452865 0.818519 0.447135 0.814815 0.443750
0 0.846296 0.454688 0.837963 0.447135 0.829167 0.446094 0.823611 0.447396 0.819444 0.449479 0.813426 0.454948 0.812500 0.459115 0.816667 0.460677 0.822685 0.461458 0.836574 0.460938 0.842593 0.459115
0 0.850926 0.426563 0.844907 0.425521 0.836111 0.425781 0.829630 0.429167 0.822222 0.436198 0.821759 0.440625 0.823148 0.442969 0.825000 0.444010 0.828241 0.444792 0.836574 0.444010 0.844907 0.441406 0.854630 0.435156 0.856944 0.431250 0.855093 0.428906
0 0.871759 0.416146 0.861574 0.419531 0.856019 0.423438 0.856019 0.427865 0.857870 0.429688 0.862500 0.431771 0.870370 0.433073 0.875000 0.432292 0.882407 0.429427 0.884722 0.423698 0.878704 0.419271
0 0.904167 0.406771 0.899074 0.405729 0.890741 0.405469 0.878241 0.407031 0.875000 0.408854 0.873611 0.410677 0.873611 0.416146 0.877778 0.419271 0.884722 0.422656 0.894907 0.420052 0.901389 0.417448 0.906019 0.412760 0.906019 0.408073
0 0.918981 0.418229 0.914815 0.417187 0.905556 0.417187 0.899537 0.418229 0.888426 0.422135 0.886574 0.423698 0.885185 0.427865 0.888426 0.433073 0.892593 0.435677 0.900926 0.435937 0.903704 0.435417 0.909722 0.433333 0.920370 0.428125 0.924537 0.423438
0 0.890741 0.437240 0.887500 0.439323 0.889352 0.443490 0.904630 0.452604 0.908796 0.452865 0.913426 0.452344 0.922685 0.447396 0.925000 0.442708 0.923148 0.440885 0.918056 0.439063 0.906481 0.436458 0.897222 0.436198
0 0.871296 0.444010 0.868056 0.447396 0.866204 0.451042 0.867593 0.455208 0.869907 0.456771 0.876852 0.458073 0.890278 0.458594 0.896759 0.457813 0.902778 0.455208 0.902778 0.451042 0.892593 0.444531 0.886574 0.441927 0.877315 0.441667 0.874074 0.442448
0 0.864815 0.432552 0.857870 0.433073 0.847685 0.440365 0.843981 0.445833 0.842130 0.447135 0.843519 0.451302 0.850926 0.455208 0.857870 0.455990 0.862963 0.454167 0.866204 0.451562 0.870833 0.445052 0.874074 0.442969 0.875000 0.439323 0.869907 0.434896
0 0.941204 0.422396 0.932870 0.422135 0.925926 0.424479 0.915741 0.431510 0.915741 0.435677 0.919444 0.438542 0.926852 0.440104 0.934259 0.439844 0.941204 0.438802 0.950000 0.435156 0.951852 0.432031 0.950463 0.428906 0.946759 0.425000
0 0.930556 0.440885 0.926852 0.442188 0.922685 0.447135 0.922222 0.451562 0.925463 0.454167 0.931019 0.455729 0.941667 0.455729 0.948148 0.452604 0.949537 0.450000 0.949537 0.446875 0.946759 0.444271 0.940741 0.441406 0.935648 0.440625
0 0.479167 0.072135 0.479630 0.076563 0.481944 0.079167 0.484259 0.084896 0.488426 0.089063 0.491204 0.090625 0.495370 0.091667 0.501389 0.091146 0.507870 0.089583 0.512037 0.087500 0.514815 0.084375 0.514815 0.079687 0.511111 0.076563 0.503241 0.073698 0.490278 0.071094 0.482407 0.071094
0 0.458333 0.076042 0.450926 0.076042 0.444444 0.079948 0.439815 0.081510 0.435185 0.084635 0.434259 0.088542 0.436111 0.091667 0.440741 0.094531 0.447222 0.096875 0.456481 0.096354 0.459722 0.094271 0.460648 0.092708 0.462037 0.079167
0 0.406019 0.080469 0.394907 0.084115 0.391667 0.085938 0.390278 0.088281 0.392593 0.091667 0.398148 0.094792 0.405093 0.097396 0.410185 0.097396 0.414352 0.096615 0.417593 0.093750 0.418519 0.092188 0.418519 0.087240 0.417130 0.083854 0.413889 0.081250
0 0.341667 0.082031 0.335185 0.083333 0.329630 0.085677 0.327315 0.087760 0.327315 0.092708 0.329630 0.096615 0.333796 0.098958 0.337500 0.100000 0.344907 0.100521 0.350926 0.099740 0.355093 0.097917 0.356944 0.095833 0.356481 0.092188 0.349074 0.083854 0.344907 0.082031
0 0.243981 0.112760 0.239815 0.113802 0.237963 0.115104 0.237037 0.117969 0.237963 0.121615 0.240278 0.125000 0.245370 0.129427 0.247222 0.130208 0.254167 0.131250 0.260185 0.129688 0.262963 0.127604 0.265741 0.123698 0.266204 0.119010 0.263889 0.116406 0.260648 0.114583 0.253704 0.113021
0 0.259722 0.132552 0.256481 0.134635 0.255556 0.137500 0.256481 0.146615 0.260648 0.148958 0.264815 0.150000 0.268056 0.150260 0.275000 0.149219 0.279630 0.147135 0.282870 0.142708 0.281481 0.138021 0.278704 0.134635 0.274074 0.132552 0.267593 0.132031
0 0.231481 0.135156 0.228241 0.136719 0.226852 0.138281 0.225000 0.144792 0.223611 0.146615 0.228241 0.150000 0.231944 0.151042 0.236111 0.151562 0.243056 0.151302 0.246759 0.150260 0.254630 0.146354 0.256481 0.143490 0.255093 0.139063 0.252315 0.136979 0.248148 0.135937 0.240278 0.135156
0 0.294907 0.140104 0.283333 0.146875 0.281944 0.149740 0.282870 0.154688 0.285648 0.156771 0.288889 0.157552 0.303704 0.157812 0.307870 0.156510 0.311574 0.154167 0.312037 0.150260 0.310648 0.146615 0.302315 0.140104
0 0.338426 0.138542 0.329630 0.139063 0.315278 0.143490 0.311574 0.146094 0.312500 0.150781 0.314352 0.153125 0.326389 0.157552 0.330093 0.158073 0.335185 0.155469 0.339815 0.143750 0.339815 0.140365
0 0.358333 0.131250 0.350463 0.130990 0.348611 0.131510 0.344444 0.134115 0.341204 0.138542 0.344907 0.146875 0.347222 0.148438 0.350000 0.149219 0.357870 0.148438 0.366204 0.145313 0.369907 0.142969 0.373148 0.139063 0.370833 0.135937 0.367593 0.133854
0 0.374074 0.113542 0.370833 0.114844 0.367593 0.119010 0.366667 0.123177 0.368056 0.127083 0.371296 0.128906 0.385648 0.129427 0.391204 0.126302 0.391667 0.122917 0.388889 0.116927 0.386111 0.114323 0.380556 0.113021
0 0.406481 0.118490 0.392593 0.124740 0.385648 0.130469 0.386574 0.134896 0.391204 0.138021 0.396759 0.139583 0.406944 0.139323 0.411574 0.138021 0.415278 0.134896 0.417593 0.130990 0.417593 0.126302 0.413426 0.120833
0 0.430093 0.100521 0.425926 0.102604 0.419907 0.107292 0.419907 0.111719 0.424074 0.115365 0.428704 0.116927 0.448148 0.116667 0.450000 0.115365 0.450000 0.110417 0.445370 0.102344 0.442130 0.100260 0.433796 0.099479
0 0.465278 0.096094 0.462037 0.097396 0.456944 0.103125 0.457407 0.108333 0.458796 0.109896 0.465741 0.113021 0.477778 0.113281 0.480093 0.112500 0.483796 0.107552 0.482870 0.103125 0.478241 0.098698 0.475000 0.096875 0.469444 0.095573
0 0.510648 0.088021 0.496296 0.091667 0.489352 0.091406 0.487037 0.092969 0.487037 0.096354 0.488889 0.098177 0.493981 0.101302 0.502778 0.104948 0.512037 0.103646 0.516667 0.099219 0.517593 0.096354 0.516667 0.091667
0 0.539352 0.067708 0.537963 0.067708 0.536574 0.070833 0.531019 0.074740 0.529630 0.079948 0.530556 0.088281 0.531944 0.089844 0.537963 0.092708 0.547685 0.091667 0.553241 0.088542 0.553241 0.083594 0.550926 0.079167 0.541667 0.068750
0 0.579167 0.074740 0.575463 0.076042 0.570833 0.080469 0.568056 0.085677 0.566667 0.092188 0.568519 0.094792 0.572685 0.096875 0.588426 0.096875 0.593981 0.094792 0.595833 0.093229 0.596296 0.086979 0.593519 0.083854 0.592130 0.079948 0.587037 0.076042 0.583333 0.075000
0 0.615278 0.081250 0.606944 0.080990 0.600926 0.083333 0.597685 0.086979 0.597222 0.092969 0.598148 0.095052 0.603241 0.098698 0.607407 0.099740 0.616204 0.098698 0.625000 0.091927 0.624537 0.087240 0.621759 0.083333
0 0.614815 0.062500 0.607407 0.063281 0.596296 0.068490 0.592593 0.071875 0.591667 0.076823 0.593981 0.079167 0.597222 0.079687 0.607870 0.079427 0.614815 0.077344 0.619444 0.076823 0.625000 0.074740 0.626389 0.072135 0.618519 0.064583
0 0.627778 0.074740 0.624074 0.076563 0.622222 0.080469 0.621759 0.084115 0.625463 0.089844 0.627315 0.091667 0.635185 0.095833 0.643519 0.096354 0.650000 0.094271 0.657870 0.088802 0.658333 0.083854 0.657407 0.082552 0.653241 0.079687 0.643056 0.075781 0.636111 0.074740
0 0.709722 0.058073 0.705556 0.058854 0.696296 0.065365 0.694444 0.069010 0.696296 0.072396 0.700000 0.074479 0.704167 0.075781 0.712500 0.076042 0.717593 0.074740 0.723148 0.071615 0.725926 0.067969 0.723611 0.063281 0.712500 0.058073
0 0.774537 0.061458 0.765278 0.061198 0.755093 0.062500 0.750000 0.064323 0.747222 0.067187 0.746759 0.069792 0.748611 0.074219 0.751389 0.076042 0.758333 0.077865 0.765741 0.078125 0.770370 0.077344 0.773611 0.075781 0.776852 0.072396 0.777778 0.068490 0.777315 0.064062
0 0.822222 0.086198 0.814815 0.085677 0.806019 0.087760 0.800463 0.091667 0.798611 0.095052 0.799074 0.100000 0.804167 0.103646 0.808796 0.104688 0.816204 0.104948 0.821759 0.103906 0.825926 0.101562 0.827778 0.098437 0.827778 0.091146 0.825926 0.088281
0 0.775000 0.096354 0.767593 0.097917 0.764352 0.099479 0.762037 0.102604 0.762500 0.107031 0.764352 0.109896 0.770370 0.113281 0.774074 0.114323 0.781481 0.114583 0.786574 0.113542 0.791667 0.109635 0.793519 0.104948 0.793056 0.100781 0.792130 0.099219 0.788426 0.097396 0.781481 0.096354
0 0.759259 0.102344 0.756019 0.099740 0.752315 0.099219 0.745370 0.099740 0.728241 0.102604 0.723148 0.103906 0.718056 0.106250 0.714815 0.111458 0.722685 0.115365 0.727315 0.116406 0.733796 0.116667 0.750000 0.115365 0.753704 0.114583 0.759259 0.111198 0.760185 0.108854
0 0.745833 0.076042 0.743056 0.075521 0.735185 0.076042 0.718056 0.083854 0.716667 0.086979 0.716667 0.091927 0.718519 0.093490 0.732870 0.094531 0.742593 0.093229 0.747685 0.091406 0.750463 0.088281 0.750463 0.083594 0.748611 0.078646
0 0.704630 0.082031 0.697222 0.082031 0.683796 0.083854 0.677315 0.086979 0.676389 0.088021 0.680556 0.091927 0.680093 0.096354 0.681944 0.098177 0.683333 0.098698 0.691667 0.098437 0.698611 0.096094 0.702778 0.093750 0.708796 0.088542 0.708796 0.083854
0 0.676852 0.087240 0.669444 0.086719 0.660185 0.090104 0.653241 0.094271 0.649537 0.098958 0.649074 0.103906 0.656481 0.108073 0.662037 0.109375 0.669444 0.108854 0.675926 0.103646 0.680093 0.097917 0.679630 0.091146
0 0.676852 0.102865 0.671296 0.108594 0.670833 0.111979 0.673148 0.116667 0.680556 0.119531 0.690278 0.121875 0.698148 0.122135 0.700463 0.121615 0.703241 0.119792 0.704167 0.115885 0.703704 0.111198 0.700926 0.107031 0.697222 0.104427 0.690278 0.102344 0.680556 0.102083
0 0.671296 0.117969 0.666667 0.118750 0.660185 0.121094 0.657870 0.123438 0.656481 0.126823 0.656944 0.130990 0.662037 0.139583 0.665278 0.142708 0.669907 0.144271 0.677315 0.142448 0.680093 0.140625 0.681944 0.138021 0.683333 0.132812 0.682870 0.126042 0.680556 0.121354 0.677778 0.119271
0 0.642593 0.113802 0.636574 0.114844 0.631944 0.116406 0.625926 0.122396 0.625000 0.127083 0.628241 0.130469 0.635185 0.133333 0.649074 0.133073 0.653704 0.132031 0.655556 0.130469 0.656481 0.122656 0.654167 0.119010 0.650000 0.115885
0 0.635648 0.099740 0.627778 0.099740 0.618981 0.101562 0.616204 0.103646 0.615741 0.107552 0.617593 0.111458 0.621296 0.115104 0.627315 0.116667 0.634722 0.115365 0.644907 0.111979 0.647685 0.110417 0.650463 0.107552 0.648611 0.104948 0.643981 0.101823
0 0.594444 0.096615 0.577778 0.097656 0.574074 0.098958 0.571296 0.101823 0.570833 0.108073 0.574537 0.113542 0.579167 0.115625 0.587500 0.114844 0.595370 0.112500 0.600463 0.110156 0.603241 0.107813 0.603704 0.103125
0 0.551852 0.090625 0.537963 0.094271 0.536111 0.096875 0.535648 0.100000 0.537963 0.103125 0.545370 0.106771 0.550463 0.108333 0.554630 0.108333 0.559259 0.107031 0.562037 0.102344 0.565278 0.099740 0.565741 0.095573 0.558796 0.091667
0 0.537963 0.110937 0.531019 0.111719 0.527315 0.113021 0.523611 0.115365 0.522222 0.119792 0.525000 0.124479 0.530093 0.127865 0.537037 0.130469 0.539815 0.130469 0.546296 0.129167 0.552315 0.125521 0.554167 0.123438 0.554167 0.118490 0.551389 0.114844 0.547685 0.112500 0.543981 0.111458
0 0.531019 0.129948 0.524074 0.132552 0.524074 0.138281 0.526852 0.146875 0.531019 0.150521 0.538426 0.151042 0.544444 0.149219 0.550000 0.146615 0.553241 0.144010 0.553704 0.141406 0.552315 0.138802 0.540278 0.132031
0 0.581481 0.116146 0.572685 0.116146 0.568056 0.117708 0.564815 0.120313 0.561574 0.129167 0.561574 0.135156 0.565741 0.139844 0.573611 0.139583 0.582407 0.135677 0.588426 0.130990 0.590741 0.127344 0.590741 0.121875 0.588426 0.118750
0 0.596759 0.112240 0.591667 0.115625 0.591204 0.119531 0.593981 0.123698 0.597222 0.126042 0.600463 0.127083 0.609722 0.127865 0.614815 0.127344 0.621759 0.125260 0.623148 0.123438 0.623148 0.118490 0.618519 0.113542 0.607870 0.111198 0.600000 0.111458
0 0.600463 0.127083 0.591667 0.128906 0.588426 0.130729 0.585648 0.134896 0.587963 0.139063 0.592130 0.142448 0.594907 0.146615 0.600926 0.148177 0.607407 0.147396 0.614352 0.142708 0.616204 0.139583 0.617130 0.133854 0.614352 0.130208 0.611574 0.128646 0.608796 0.127865
0 0.637963 0.133594 0.632870 0.138281 0.631019 0.141667 0.632407 0.147135 0.635648 0.149479 0.644907 0.151562 0.649537 0.152083 0.657870 0.150521 0.662037 0.146875 0.661574 0.141927 0.659722 0.139323 0.653241 0.134375 0.650463 0.133333 0.641667 0.132812
0 0.700000 0.147656 0.698148 0.147135 0.692593 0.147396 0.685185 0.149219 0.675926 0.153646 0.670370 0.157812 0.669444 0.162240 0.671759 0.164583 0.676852 0.167708 0.684259 0.168750 0.696296 0.161719 0.701852 0.156250 0.703704 0.150260
0 0.649537 0.154688 0.643519 0.152865 0.636574 0.152865 0.627315 0.155208 0.614352 0.160156 0.612500 0.161979 0.613426 0.166146 0.621296 0.170833 0.628241 0.172396 0.635648 0.172135 0.650000 0.169271 0.654167 0.166406 0.654167 0.163802 0.652315 0.158073
0 0.599074 0.152604 0.593519 0.153125 0.587963 0.155469 0.585185 0.158073 0.585185 0.162240 0.594444 0.172656 0.600463 0.175521 0.607870 0.174740 0.609259 0.173437 0.612500 0.164844 0.612963 0.157812 0.610648 0.154688 0.607870 0.153125
0 0.565278 0.157812 0.561111 0.159115 0.557407 0.161719 0.555556 0.170052 0.559722 0.173177 0.564815 0.174740 0.573148 0.174479 0.576389 0.173437 0.579630 0.170833 0.582407 0.166667 0.581019 0.161979 0.574537 0.158073
0 0.543056 0.169792 0.539815 0.171615 0.535648 0.176302 0.536111 0.181510 0.540278 0.184896 0.544907 0.186719 0.551389 0.187760 0.560185 0.186719 0.562500 0.185417 0.563426 0.183073 0.563426 0.175260 0.562500 0.173698 0.553704 0.170052 0.547685 0.169531
0 0.510648 0.164583 0.508796 0.166667 0.506944 0.173177 0.504167 0.177344 0.506019 0.181771 0.510648 0.183854 0.514352 0.184375 0.522222 0.184115 0.530093 0.182292 0.533333 0.180208 0.533796 0.176823 0.531019 0.173698 0.530556 0.169271 0.527315 0.166146 0.520370 0.164583
0 0.468519 0.152865 0.461111 0.155990 0.456481 0.162500 0.460648 0.166927 0.468519 0.170833 0.475926 0.170833 0.485185 0.166146 0.486574 0.161458 0.484722 0.158073 0.480556 0.154688 0.476389 0.153125
0 0.461111 0.134375 0.460185 0.139323 0.474074 0.147396 0.481481 0.149740 0.485648 0.149479 0.489815 0.147917 0.493981 0.143490 0.494907 0.139844 0.493981 0.136198 0.490278 0.133594 0.474537 0.132292 0.468056 0.132812
0 0.497685 0.107552 0.488889 0.107552 0.484722 0.109375 0.482870 0.111719 0.481019 0.117448 0.481481 0.123438 0.484259 0.128125 0.488426 0.129948 0.496759 0.128906 0.500926 0.126562 0.508333 0.119531 0.509259 0.114844 0.507407 0.111458 0.505093 0.109896
0 0.466204 0.113802 0.456481 0.119010 0.458796 0.126562 0.461574 0.129167 0.468519 0.131250 0.475926 0.130990 0.482870 0.127083 0.481019 0.123438 0.480093 0.116146 0.479167 0.114844 0.476389 0.114062
0 0.429630 0.118490 0.427315 0.122656 0.427778 0.127865 0.429167 0.130990 0.434259 0.132812 0.441204 0.133854 0.453241 0.132031 0.456944 0.130729 0.458796 0.127865 0.458796 0.126042 0.456944 0.121354 0.452778 0.118229 0.447685 0.116667 0.437037 0.116406 0.432870 0.116927
0 0.416204 0.133333 0.413889 0.138281 0.413889 0.140625 0.415278 0.144792 0.418056 0.146615 0.428241 0.147135 0.434259 0.148698 0.450463 0.145052 0.451852 0.142448 0.448611 0.138802 0.433333 0.131771 0.429167 0.130990 0.421759 0.130990 0.418981 0.131510
0 0.439815 0.146875 0.437500 0.148698 0.437037 0.151302 0.438889 0.155729 0.442593 0.159896 0.447685 0.163021 0.455093 0.162760 0.458796 0.160417 0.461574 0.156510 0.464815 0.154427 0.464352 0.150260 0.448611 0.145573
0 0.431019 0.147396 0.420370 0.146615 0.413426 0.147135 0.405556 0.150260 0.405093 0.155208 0.406019 0.157031 0.412963 0.162240 0.420370 0.163802 0.428241 0.160938 0.430093 0.159635 0.432870 0.155990 0.435185 0.154427 0.435185 0.149740
0 0.374074 0.139844 0.371296 0.141406 0.368519 0.146094 0.373148 0.151562 0.377778 0.154167 0.385648 0.154948 0.392593 0.153125 0.397222 0.149740 0.397685 0.145833 0.395833 0.143750 0.390741 0.140365 0.387500 0.139583 0.376852 0.139323
0 0.365741 0.148177 0.356481 0.148438 0.348611 0.150260 0.346296 0.153646 0.346296 0.157031 0.347685 0.159896 0.351389 0.163802 0.356944 0.166146 0.367593 0.165365 0.371759 0.163802 0.373611 0.161719 0.374537 0.154167 0.371759 0.150000
0 0.755556 0.928646 0.751852 0.928646 0.746296 0.930208 0.743519 0.934375 0.742130 0.939063 0.746296 0.945573 0.751389 0.946615 0.753704 0.946615 0.760648 0.943229 0.766667 0.935937 0.765278 0.931771 0.760185 0.929427
0 0.739352 0.913802 0.733796 0.915365 0.728241 0.919531 0.727778 0.923958 0.732407 0.927083 0.746759 0.930208 0.754630 0.927604 0.756481 0.923958 0.756944 0.919792 0.753704 0.916667 0.746759 0.913802
0 0.675926 0.928906 0.671296 0.929948 0.667130 0.932552 0.665278 0.934896 0.665741 0.939583 0.670833 0.943490 0.684259 0.946615 0.688889 0.945052 0.691667 0.943229 0.693056 0.938802 0.688889 0.933073 0.686111 0.930729 0.681944 0.929167
0 0.663426 0.883594 0.656019 0.884115 0.650463 0.888281 0.646759 0.896094 0.647685 0.900000 0.649074 0.901042 0.655093 0.901563 0.663426 0.901042 0.667130 0.898958 0.669907 0.898438 0.672685 0.896094 0.672685 0.888802 0.670370 0.886719
0 0.642130 0.864844 0.638426 0.872396 0.638889 0.876302 0.641667 0.880469 0.649074 0.883333 0.656944 0.882552 0.663426 0.878906 0.665278 0.873437 0.663889 0.870833 0.660648 0.868490 0.650000 0.865104
0 0.626389 0.853906 0.621759 0.854948 0.615278 0.859896 0.611574 0.864844 0.611574 0.866667 0.612963 0.869792 0.617593 0.873177 0.622222 0.874479 0.629167 0.875000 0.635185 0.874219 0.638889 0.872135 0.640741 0.869792 0.641667 0.864844 0.638889 0.861198 0.628704 0.853906
0 0.589815 0.851302 0.587500 0.853125 0.587500 0.857292 0.589352 0.861458 0.592130 0.862760 0.600463 0.864583 0.608333 0.863802 0.611574 0.861719 0.612963 0.858854 0.612037 0.854167 0.609259 0.851562 0.606019 0.850000 0.600926 0.848698
0 0.614352 0.821354 0.608796 0.826042 0.607870 0.831250 0.609259 0.834115 0.613889 0.835677 0.629630 0.835417 0.633333 0.834115 0.634259 0.829688 0.631481 0.826042 0.628241 0.823958 0.622222 0.821615
0 0.593519 0.800000 0.585648 0.802865 0.583796 0.805469 0.583796 0.810677 0.587500 0.814583 0.593519 0.816927 0.601852 0.817187 0.605556 0.816146 0.610185 0.812500 0.611111 0.810677 0.610648 0.805729 0.607870 0.802344 0.600926 0.800000
0 0.573148 0.796875 0.565278 0.797656 0.559722 0.800521 0.557870 0.802604 0.556481 0.806771 0.559259 0.811719 0.561574 0.813281 0.564815 0.814063 0.574537 0.814063 0.580556 0.812760 0.583333 0.810677 0.583333 0.805729 0.581944 0.801302 0.578704 0.798438
0 0.566667 0.814063 0.558796 0.814844 0.550000 0.818490 0.547222 0.821615 0.549537 0.826302 0.552315 0.828125 0.558333 0.830208 0.567593 0.829167 0.570833 0.826562 0.571759 0.822656 0.571296 0.817969 0.569444 0.814844
0 0.733333 0.890885 0.725926 0.891667 0.718519 0.891146 0.715278 0.892708 0.712963 0.895573 0.713889 0.900260 0.725463 0.905990 0.732870 0.905990 0.739352 0.900521 0.740278 0.896354 0.737963 0.893750
0 0.760648 0.891146 0.752315 0.892708 0.746296 0.892969 0.744444 0.893750 0.742593 0.895833 0.742593 0.900000 0.744444 0.902083 0.754167 0.907031 0.759722 0.908073 0.763889 0.907292 0.765741 0.906250 0.768519 0.901302 0.767593 0.894531 0.764352 0.891927
0 0.757407 0.870833 0.753241 0.871615 0.752778 0.872917 0.746759 0.876823 0.746759 0.885156 0.748148 0.887500 0.755093 0.890885 0.760648 0.891667 0.765278 0.890885 0.771759 0.886458 0.773611 0.884375 0.774537 0.880208 0.773148 0.876302 0.769907 0.873698 0.761111 0.870833
0 0.745833 0.876823 0.732870 0.872917 0.725463 0.873177 0.720833 0.874740 0.718056 0.876823 0.715741 0.883073 0.715741 0.885417 0.718519 0.889844 0.721759 0.891146 0.727778 0.891406 0.731019 0.890625 0.735185 0.888281 0.744444 0.886198 0.746296 0.885156 0.746759 0.883594
0 0.732407 0.859896 0.728704 0.861979 0.727315 0.864062 0.727778 0.869271 0.731019 0.872656 0.739815 0.875781 0.744444 0.876302 0.748148 0.876042 0.753241 0.873177 0.754630 0.869792 0.750926 0.863542 0.749074 0.862240 0.742130 0.859635 0.736111 0.859375
0 0.695370 0.853385 0.696759 0.858594 0.701852 0.861458 0.718519 0.862240 0.723148 0.861979 0.729630 0.860677 0.731944 0.858073 0.731481 0.853385 0.728241 0.849479 0.725926 0.848437 0.720370 0.847396 0.710648 0.847396 0.702778 0.848437 0.698611 0.850260
0 0.711111 0.824479 0.705093 0.826042 0.702315 0.827865 0.700463 0.829948 0.700463 0.834115 0.703241 0.836719 0.710185 0.840885 0.713889 0.841667 0.719444 0.841667 0.726852 0.837500 0.728241 0.834896 0.727778 0.829948 0.722685 0.825260 0.719907 0.824479
0 0.725463 0.808073 0.721759 0.809896 0.718519 0.813021 0.718519 0.818750 0.724537 0.824740 0.732407 0.830208 0.740278 0.829688 0.746296 0.826302 0.746296 0.821615 0.744907 0.818750 0.739815 0.814063 0.732407 0.809635
0 0.704167 0.792969 0.699074 0.794271 0.693981 0.796875 0.692130 0.798698 0.691667 0.802865 0.694907 0.806250 0.704167 0.809896 0.712037 0.809635 0.716204 0.808594 0.719907 0.806771 0.720833 0.804427 0.719907 0.798698 0.714815 0.794792
0 0.753704 0.782031 0.746296 0.782552 0.735185 0.791406 0.733333 0.798958 0.735648 0.802604 0.741667 0.804688 0.753704 0.805208 0.756944 0.804167 0.758796 0.802344 0.760185 0.796875 0.759722 0.790104 0.757870 0.785417
0 0.767130 0.785156 0.762963 0.787500 0.760185 0.790885 0.761111 0.795312 0.764815 0.798958 0.770370 0.801562 0.773148 0.802083 0.782407 0.801562 0.787500 0.799219 0.789352 0.795833 0.789352 0.794271 0.786111 0.789583 0.782407 0.787500 0.774537 0.784896
0 0.801389 0.790365 0.794907 0.793750 0.792593 0.799219 0.796759 0.803385 0.800926 0.805469 0.808333 0.806510 0.814352 0.805729 0.817593 0.804427 0.824074 0.798698 0.824074 0.794271 0.818981 0.791667 0.812963 0.791146 0.809722 0.790104
0 0.844444 0.795052 0.834722 0.795052 0.829630 0.796354 0.827778 0.797656 0.826852 0.807031 0.829167 0.812240 0.830556 0.813021 0.837500 0.813802 0.845833 0.812240 0.851389 0.809115 0.854630 0.805990 0.856019 0.802344 0.854167 0.798698 0.850463 0.796615
0 0.878704 0.801562 0.870833 0.804167 0.863889 0.809896 0.861111 0.814063 0.861111 0.817708 0.862500 0.819792 0.864815 0.821615 0.870370 0.822917 0.875463 0.822135 0.880556 0.820052 0.883796 0.817708 0.890278 0.815885 0.892593 0.814583 0.894444 0.810937 0.890278 0.805729
0 0.905556 0.807813 0.897685 0.810156 0.895370 0.811458 0.893056 0.814323 0.892593 0.818750 0.898148 0.822396 0.906944 0.826562 0.912500 0.828125 0.916667 0.827865 0.920370 0.826823 0.922222 0.823177 0.919444 0.813802 0.916667 0.810677 0.912963 0.808594
0 0.929167 0.834115 0.920370 0.832031 0.906019 0.833333 0.903241 0.834635 0.900926 0.836979 0.900926 0.841927 0.911111 0.847917 0.912963 0.848437 0.920370 0.848437 0.932407 0.840104 0.933333 0.837500 0.931944 0.835677
0 0.920370 0.850000 0.911574 0.850000 0.904630 0.851042 0.899074 0.853385 0.895833 0.857292 0.904167 0.864844 0.908333 0.866927 0.913426 0.867708 0.920833 0.865885 0.928241 0.861719 0.930093 0.858073 0.929167 0.853906 0.926852 0.852083
0 0.918519 0.866667 0.912500 0.867448 0.909722 0.868750 0.907870 0.872396 0.907870 0.876302 0.912500 0.882292 0.917593 0.884115 0.921296 0.884375 0.927315 0.883073 0.932407 0.880990 0.938426 0.877083 0.938426 0.872917 0.933796 0.869531 0.928704 0.867448
0 0.862963 0.876042 0.862037 0.881510 0.863426 0.884635 0.865741 0.887500 0.868981 0.889323 0.875926 0.890104 0.885185 0.889583 0.890741 0.888281 0.893981 0.886458 0.894907 0.883854 0.893519 0.880469 0.887963 0.877083 0.879167 0.873698 0.871296 0.872917 0.866667 0.873958
0 0.840741 0.873437 0.835648 0.876823 0.837037 0.880990 0.840278 0.884115 0.850000 0.889583 0.855093 0.890104 0.860185 0.889583 0.862037 0.888542 0.863426 0.885417 0.862500 0.876563 0.860648 0.874219 0.856944 0.872396 0.847685 0.872396
0 0.808796 0.871094 0.806019 0.872396 0.803241 0.875781 0.803241 0.881250 0.812037 0.887240 0.815741 0.888281 0.823148 0.888021 0.827315 0.885938 0.831481 0.881250 0.831019 0.876563 0.827778 0.873177 0.823148 0.871094 0.816667 0.870052
0 0.785185 0.865365 0.781019 0.866667 0.780093 0.869010 0.775463 0.872917 0.777778 0.877083 0.790741 0.884375 0.795370 0.885938 0.799074 0.884115 0.801852 0.880990 0.805093 0.873958 0.804630 0.870573 0.802315 0.868750 0.795833 0.866146 0.788426 0.865104
0 0.767130 0.853646 0.762037 0.855469 0.756481 0.858594 0.754630 0.861719 0.758333 0.866406 0.765278 0.870573 0.769907 0.872135 0.775000 0.872656 0.779630 0.869271 0.780093 0.863542 0.779167 0.858073 0.775463 0.855729
0 0.753241 0.841927 0.740741 0.844792 0.735648 0.848437 0.735185 0.850260 0.737037 0.852344 0.742593 0.855729 0.749074 0.858333 0.754630 0.859115 0.760185 0.857812 0.766667 0.853385 0.760648 0.843750 0.758333 0.842708
0 0.747222 0.827344 0.734722 0.830729 0.731944 0.833594 0.733796 0.838021 0.738426 0.842969 0.740278 0.843750 0.747222 0.844271 0.757407 0.841927 0.758796 0.838802 0.758796 0.833073 0.756944 0.830208 0.754167 0.828906
0 0.762963 0.830729 0.759259 0.833073 0.758333 0.838021 0.761574 0.842448 0.764815 0.844010 0.772222 0.845052 0.777778 0.844792 0.782870 0.842969 0.790278 0.838281 0.788889 0.833854 0.781481 0.830208 0.769907 0.829688
0 0.751389 0.817708 0.750926 0.818490 0.754630 0.826302 0.760185 0.828646 0.766667 0.829948 0.776852 0.829948 0.781019 0.829167 0.782870 0.827865 0.785185 0.823438 0.784259 0.818490 0.781944 0.815625 0.776852 0.813281 0.767130 0.812500 0.756019 0.815104
0 0.795370 0.810156 0.791667 0.813802 0.791667 0.818490 0.795833 0.823698 0.801852 0.825521 0.810648 0.825260 0.815741 0.823958 0.820833 0.819531 0.822685 0.814323 0.816204 0.810937 0.809722 0.809635 0.801852 0.809115
0 0.794907 0.825521 0.786574 0.828646 0.784722 0.830208 0.787963 0.833333 0.789352 0.836719 0.792130 0.838802 0.803704 0.840365 0.807407 0.838802 0.812037 0.833854 0.812500 0.827865 0.811111 0.826042
0 0.807870 0.841146 0.807870 0.842187 0.814815 0.849740 0.817593 0.851562 0.820833 0.852083 0.830093 0.851302 0.837963 0.848698 0.842593 0.846354 0.844444 0.842448 0.843519 0.841146 0.839352 0.839844 0.816204 0.836719 0.811574 0.838021
0 0.788426 0.839323 0.784259 0.841667 0.782870 0.844010 0.782870 0.846354 0.787963 0.853646 0.795370 0.854948 0.798611 0.853646 0.805093 0.852344 0.809259 0.850000 0.812037 0.849740 0.810185 0.848177 0.809722 0.845573 0.806019 0.840885 0.796296 0.839063
0 0.808796 0.850781 0.796296 0.853646 0.793519 0.855729 0.793056 0.858854 0.794907 0.862760 0.800463 0.866927 0.805093 0.868229 0.811574 0.868490 0.816667 0.867448 0.821296 0.861198 0.818981 0.856510 0.816204 0.853385 0.813426 0.851823
0 0.856944 0.852865 0.850463 0.848177 0.843981 0.846615 0.833333 0.849479 0.830556 0.852865 0.827778 0.861458 0.841204 0.863021 0.851389 0.862760 0.856019 0.860938 0.858796 0.857812
0 0.850463 0.840885 0.849074 0.841667 0.849074 0.845833 0.858333 0.853906 0.860185 0.854948 0.863889 0.855729 0.872685 0.855208 0.878704 0.849740 0.878241 0.844531 0.876852 0.842708 0.871296 0.840885 0.866204 0.840104 0.856019 0.840104
0 0.901389 0.842969 0.892130 0.840625 0.885185 0.842448 0.882407 0.842448 0.879630 0.843490 0.878241 0.846354 0.878241 0.849219 0.874074 0.853385 0.875000 0.857552 0.877315 0.858854 0.887037 0.859115 0.890278 0.858594 0.900926 0.852865 0.905093 0.850000 0.904630 0.845313
0 0.886111 0.821354 0.877778 0.822135 0.873611 0.823958 0.870833 0.826562 0.870370 0.830469 0.868519 0.833854 0.869444 0.838021 0.872685 0.840625 0.879167 0.842187 0.886111 0.842187 0.889815 0.841406 0.892130 0.840104 0.893519 0.837500 0.894907 0.831771 0.893981 0.826562 0.892130 0.824219
0 0.843056 0.814844 0.841204 0.815625 0.839352 0.817969 0.837963 0.821615 0.838889 0.823958 0.848148 0.831771 0.854167 0.835417 0.857407 0.836198 0.864815 0.835677 0.866667 0.834635 0.869907 0.830208 0.866667 0.823958 0.861574 0.819271 0.856019 0.816146 0.850926 0.814844
0 0.819444 0.823698 0.816204 0.826042 0.815278 0.830469 0.819907 0.835938 0.822685 0.837240 0.829630 0.838281 0.838426 0.836979 0.842130 0.834635 0.844444 0.830469 0.841667 0.826042 0.837037 0.822917 0.832407 0.821875 0.827315 0.821875
0 0.746759 0.771615 0.737963 0.771354 0.717130 0.780729 0.715741 0.783073 0.719907 0.788021 0.725463 0.791406 0.732407 0.791927 0.734259 0.791406 0.747685 0.782292 0.750926 0.774740 0.749074 0.772656
0 0.729630 0.767448 0.718981 0.764844 0.704167 0.765365 0.702315 0.766406 0.699537 0.770573 0.699537 0.772656 0.702315 0.777344 0.706019 0.779167 0.711111 0.780469 0.718981 0.779687 0.723611 0.777865 0.730093 0.774219 0.731481 0.772656 0.731944 0.770312
0 0.691204 0.767969 0.685185 0.766667 0.681944 0.766927 0.678704 0.767969 0.673148 0.771615 0.669444 0.775260 0.670370 0.779427 0.673148 0.781771 0.675926 0.782552 0.684722 0.782552 0.691667 0.781771 0.697222 0.779427 0.699537 0.775000 0.697222 0.771354
0 0.690278 0.745573 0.688426 0.747396 0.687963 0.752083 0.693519 0.755990 0.697222 0.757292 0.706019 0.757552 0.712037 0.756510 0.715278 0.753125 0.715741 0.750521 0.714352 0.747917 0.708796 0.744792 0.705093 0.743750 0.695833 0.743750
0 0.731481 0.741406 0.725463 0.741146 0.721296 0.744010 0.717130 0.750000 0.714815 0.755208 0.714815 0.756771 0.717593 0.760677 0.724537 0.762760 0.728241 0.762240 0.735648 0.759115 0.743981 0.751563 0.743519 0.747135 0.739352 0.744010
0 0.753241 0.744271 0.744907 0.749479 0.743056 0.752083 0.738426 0.755729 0.737500 0.759896 0.743519 0.765365 0.746296 0.766406 0.753704 0.767188 0.758796 0.765885 0.762037 0.763802 0.762500 0.754427 0.760648 0.749219 0.758796 0.746875 0.755556 0.744792
0 0.760185 0.764844 0.751389 0.768229 0.750000 0.771875 0.753241 0.775521 0.760185 0.779167 0.765741 0.780469 0.770370 0.780208 0.775463 0.778125 0.777778 0.776302 0.778704 0.772917 0.778241 0.770312 0.775926 0.767708 0.767593 0.764844
0 0.782870 0.768750 0.779630 0.771094 0.779630 0.775781 0.782407 0.779167 0.787500 0.780990 0.793981 0.781771 0.802315 0.781771 0.805556 0.779167 0.806944 0.776302 0.806481 0.773698 0.804630 0.771354 0.800000 0.769010 0.796296 0.767969 0.787037 0.767708
0 0.815741 0.769010 0.808796 0.771615 0.807407 0.772917 0.803241 0.783333 0.806944 0.786979 0.810648 0.788802 0.816204 0.790104 0.824074 0.790104 0.828704 0.788281 0.831019 0.784896 0.829630 0.775781 0.826852 0.772396 0.822685 0.770052
0 0.853241 0.774219 0.836574 0.774219 0.832407 0.776302 0.830556 0.779948 0.833333 0.785417 0.837037 0.788281 0.843981 0.789062 0.859722 0.780990 0.860648 0.779427 0.859722 0.777865
0 0.836111 0.759115 0.831481 0.763542 0.830093 0.767969 0.834722 0.772396 0.837500 0.773958 0.841204 0.774479 0.850463 0.774219 0.854630 0.773438 0.856481 0.772396 0.860185 0.767969 0.859722 0.763542 0.853241 0.761198 0.844907 0.759635
0 0.876389 0.748698 0.870370 0.748177 0.865741 0.748958 0.861111 0.750521 0.856481 0.753906 0.855556 0.755469 0.855556 0.759896 0.859259 0.763542 0.863889 0.765625 0.871759 0.765365 0.876389 0.763802 0.880556 0.760938 0.881481 0.751823 0.878704 0.749479
0 0.883333 0.737240 0.880556 0.738802 0.867778 0.744844 0.879167 0.748958 0.884259 0.751042 0.890278 0.751823 0.899537 0.752083 0.901389 0.751563 0.903704 0.750000 0.905093 0.746354 0.905093 0.742969 0.902778 0.739844 0.898611 0.737500 0.892593 0.736198
0 0.918981 0.739583 0.910648 0.741667 0.907870 0.743229 0.906019 0.745313 0.903241 0.752083 0.906481 0.755990 0.910648 0.758333 0.913889 0.759375 0.921296 0.759896 0.927315 0.758333 0.930556 0.751823 0.928704 0.745052 0.926852 0.742188 0.922685 0.740104
0 0.890278 0.757812 0.887963 0.759896 0.887037 0.763802 0.888889 0.766146 0.893519 0.769271 0.899074 0.770573 0.906944 0.770312 0.912963 0.768750 0.915278 0.767448 0.918056 0.763802 0.917130 0.760938 0.915278 0.759375 0.906944 0.756250 0.898611 0.755469
0 0.940278 0.776563 0.933796 0.775260 0.925463 0.775000 0.912963 0.777083 0.910185 0.778125 0.906019 0.780729 0.904630 0.783073 0.908796 0.789062 0.914815 0.792708 0.917593 0.793490 0.921296 0.793750 0.927315 0.792969 0.934722 0.789062 0.938426 0.785937 0.941667 0.780469 0.941667 0.777865
0 0.861574 0.775000 0.861574 0.779427 0.864815 0.783073 0.871759 0.786719 0.878241 0.788802 0.886111 0.787500 0.888426 0.783594 0.887963 0.779167 0.886111 0.776823 0.878704 0.773438 0.874074 0.772917 0.868056 0.773177
0 0.873611 0.794531 0.875926 0.799740 0.881944 0.802865 0.886111 0.803906 0.892593 0.807552 0.897222 0.809115 0.899537 0.809375 0.902315 0.808333 0.910185 0.807031 0.913889 0.805469 0.916204 0.803125 0.916667 0.797917 0.915278 0.796094 0.911111 0.793750 0.899537 0.790104 0.893981 0.789323 0.885648 0.789583 0.881481 0.791146 0.878704 0.791406
0 0.897685 0.723698 0.894907 0.726562 0.893519 0.730990 0.893519 0.734115 0.894907 0.736458 0.906019 0.741146 0.913889 0.740365 0.917593 0.739323 0.921759 0.736458 0.922222 0.731510 0.917130 0.727604 0.912963 0.725521 0.905093 0.723698
0 0.871759 0.718750 0.868056 0.722396 0.865741 0.727865 0.868056 0.732292 0.871759 0.734896 0.878241 0.737240 0.885648 0.736719 0.888889 0.735938 0.891667 0.733594 0.893519 0.728646 0.893519 0.724219 0.891204 0.720573 0.886111 0.718490 0.876852 0.718229
0 0.839352 0.714323 0.837037 0.716146 0.835648 0.719271 0.835648 0.721094 0.839352 0.724740 0.849074 0.728646 0.857870 0.728646 0.861574 0.726562 0.863426 0.723698 0.863889 0.720313 0.861111 0.717187 0.850926 0.713021 0.843056 0.713281
0 0.822685 0.717708 0.817130 0.719271 0.814815 0.720833 0.812500 0.724219 0.812963 0.728646 0.817130 0.732031 0.821759 0.733854 0.830556 0.734635 0.837500 0.732552 0.839815 0.728646 0.838889 0.724479 0.836111 0.721615 0.831481 0.719010
0 0.867593 0.702083 0.864815 0.703906 0.862500 0.708333 0.863426 0.711979 0.866667 0.715104 0.871296 0.717187 0.876389 0.717969 0.886111 0.717969 0.887963 0.717448 0.890278 0.715885 0.891204 0.712500 0.889352 0.708594 0.884259 0.703646 0.879167 0.701302 0.871296 0.701302
0 0.893981 0.698438 0.888889 0.700781 0.887500 0.705469 0.889815 0.709375 0.894907 0.712500 0.903241 0.714583 0.907407 0.714844 0.913426 0.713542 0.919444 0.709115 0.918981 0.704688 0.916204 0.701823 0.911574 0.699479 0.906481 0.697917 0.899074 0.697396
0 0.919907 0.709115 0.909722 0.715365 0.908333 0.717187 0.910185 0.721094 0.916667 0.726562 0.919444 0.727604 0.927778 0.727865 0.933796 0.726562 0.937500 0.724740 0.938889 0.720313 0.936111 0.716927 0.927315 0.711719
0 0.849537 0.695573 0.837037 0.701042 0.835185 0.705208 0.843056 0.709635 0.850000 0.711198 0.852315 0.711198 0.861111 0.709635 0.863889 0.706771 0.864815 0.704427 0.862963 0.701042 0.857870 0.697135 0.854630 0.696094
0 0.871296 0.679167 0.867130 0.681510 0.863889 0.685677 0.866667 0.689583 0.867130 0.693490 0.870833 0.698958 0.873611 0.700000 0.879167 0.700260 0.883796 0.698438 0.890741 0.689844 0.890741 0.685417 0.886111 0.682552 0.879167 0.680208
0 0.850463 0.665625 0.848611 0.667188 0.847222 0.671354 0.842130 0.677604 0.842130 0.681771 0.845370 0.684635 0.849537 0.685677 0.857870 0.686458 0.863426 0.684896 0.867130 0.682552 0.870370 0.678385 0.870833 0.673177 0.868981 0.670052 0.864815 0.667708 0.858333 0.665625
0 0.836111 0.659635 0.830556 0.660156 0.825926 0.662500 0.823148 0.665625 0.823148 0.668229 0.824537 0.671094 0.829167 0.674479 0.837037 0.676562 0.843519 0.675000 0.846296 0.673438 0.848148 0.670573 0.847685 0.665365 0.845370 0.662760
0 0.808333 0.672656 0.802778 0.673177 0.798611 0.674740 0.793519 0.677865 0.790741 0.682031 0.791667 0.685677 0.794907 0.688021 0.801852 0.690365 0.809259 0.691146 0.818519 0.689323 0.820833 0.687500 0.821759 0.684896 0.820370 0.680208 0.817593 0.676042 0.814352 0.674219
0 0.856944 0.642188 0.850463 0.644010 0.846296 0.646615 0.844907 0.650521 0.847685 0.654167 0.852315 0.656771 0.859722 0.658594 0.865741 0.658854 0.871759 0.657813 0.876852 0.654687 0.878704 0.651563 0.878704 0.648698 0.877315 0.645833 0.873148 0.643229 0.868056 0.641927 0.861574 0.641667
0 0.584259 0.896615 0.582407 0.898698 0.583333 0.904167 0.590278 0.908333 0.593519 0.909635 0.599537 0.910417 0.601852 0.910156 0.606019 0.908333 0.607870 0.904948 0.607870 0.900000 0.604167 0.896354 0.601389 0.895312 0.592593 0.895312
0 0.558333 0.891667 0.554167 0.893490 0.550926 0.896615 0.550463 0.900521 0.553241 0.904427 0.558796 0.906510 0.565278 0.907813 0.573148 0.908333 0.577778 0.903906 0.579630 0.900781 0.577778 0.896354 0.575926 0.894271 0.571759 0.891927 0.566667 0.890365
0 0.601852 0.883073 0.593981 0.880990 0.585648 0.881771 0.580093 0.884635 0.578241 0.886979 0.577778 0.889323 0.578241 0.890885 0.582870 0.895312 0.587963 0.896094 0.596759 0.895312 0.600000 0.894271 0.603704 0.890365 0.604167 0.884635
0 0.608333 0.866667 0.600463 0.866927 0.596296 0.868229 0.591204 0.872656 0.591204 0.879167 0.592130 0.880990 0.599537 0.882812 0.604167 0.882812 0.615741 0.881250 0.617593 0.880469 0.618981 0.878385 0.618056 0.873958 0.612963 0.869010
0 0.640741 0.888281 0.636111 0.885677 0.631019 0.884375 0.627778 0.884115 0.621296 0.885156 0.608796 0.892708 0.606019 0.896615 0.609259 0.900781 0.613889 0.902083 0.621759 0.902344 0.639352 0.897656 0.641667 0.895833 0.643056 0.893229
0 0.567593 0.863542 0.564815 0.864583 0.562963 0.868490 0.562963 0.874740 0.564815 0.880729 0.565741 0.881771 0.572685 0.883073 0.580093 0.882552 0.583796 0.879948 0.587037 0.873177 0.586111 0.867969 0.580556 0.863281 0.571759 0.863021
0 0.573148 0.846094 0.565741 0.847656 0.560648 0.854167 0.556389 0.858307 0.565741 0.863802 0.580556 0.862760 0.585185 0.860938 0.586574 0.859115 0.585648 0.853646 0.583796 0.851562 0.578241 0.847656
0 0.559259 0.831510 0.551852 0.832292 0.544907 0.835938 0.539815 0.839844 0.536111 0.845573 0.539815 0.849219 0.544907 0.852604 0.548148 0.853385 0.559259 0.853385 0.562963 0.850000 0.563889 0.837240 0.562500 0.833333
0 0.200463 0.863802 0.196759 0.865625 0.194444 0.868750 0.200000 0.874740 0.212500 0.882292 0.218981 0.882812 0.224074 0.880990 0.228704 0.876563 0.230556 0.873437 0.230093 0.869531 0.228241 0.867188 0.224537 0.865104 0.218056 0.863802 0.210185 0.863021 0.203704 0.863021
0 0.192130 0.890885 0.182870 0.889844 0.176852 0.891146 0.170833 0.894010 0.167130 0.899219 0.167130 0.901563 0.170370 0.905208 0.176389 0.907031 0.184259 0.907292 0.190741 0.905469 0.196296 0.902604 0.198148 0.900521 0.198611 0.895833 0.196296 0.892969
0 0.385185 0.905990 0.380556 0.907552 0.376852 0.909896 0.375463 0.911458 0.375463 0.916146 0.378241 0.919792 0.385648 0.922656 0.393056 0.922917 0.400463 0.919792 0.405093 0.915885 0.406944 0.911979 0.404167 0.908594 0.399074 0.906510 0.393519 0.905469
0 0.510185 0.915625 0.508796 0.918750 0.508796 0.927865 0.510185 0.932292 0.512037 0.934635 0.516204 0.936719 0.525463 0.937240 0.531481 0.935937 0.535648 0.933594 0.537963 0.930990 0.538889 0.927083 0.537037 0.923958 0.525000 0.917188 0.517593 0.915365
0 0.503241 0.891667 0.500463 0.896875 0.502315 0.902865 0.505556 0.907031 0.512500 0.911198 0.515278 0.911979 0.518519 0.912240 0.524537 0.911198 0.528704 0.908333 0.530556 0.903906 0.529167 0.902083 0.524074 0.899219 0.518981 0.894271 0.510648 0.891927
0 0.538426 0.881771 0.531019 0.883594 0.522685 0.890104 0.520833 0.892448 0.521296 0.896094 0.523148 0.898698 0.531019 0.902344 0.538426 0.900260 0.544907 0.895312 0.550000 0.892708 0.551389 0.889062 0.547222 0.884375 0.543981 0.882812
0 0.535185 0.866146 0.528241 0.869010 0.526852 0.873177 0.528241 0.877344 0.531019 0.880729 0.545833 0.882031 0.552315 0.880469 0.557407 0.877083 0.559259 0.873437 0.557870 0.871615 0.554167 0.869531 0.545370 0.866406 0.538426 0.865625
0 0.517593 0.867448 0.506944 0.872917 0.502778 0.880469 0.503704 0.884896 0.505093 0.886458 0.509722 0.888281 0.518519 0.888281 0.521296 0.887760 0.526389 0.884375 0.528241 0.881510 0.525926 0.870833 0.523611 0.869271
0 0.520370 0.861198 0.516204 0.857292 0.509722 0.854688 0.503704 0.853906 0.489352 0.854688 0.483796 0.857552 0.483796 0.862500 0.485185 0.864583 0.487500 0.865625 0.495833 0.867448 0.504630 0.867708 0.517130 0.865885
0 0.530556 0.845833 0.527315 0.846615 0.524074 0.848437 0.520833 0.857552 0.524537 0.860938 0.529630 0.861979 0.532870 0.861979 0.539352 0.860677 0.544444 0.858073 0.546296 0.853385 0.543056 0.850000 0.537500 0.847135
0 0.518056 0.825521 0.509722 0.829948 0.507407 0.834115 0.510185 0.837500 0.515741 0.840365 0.525463 0.841927 0.529630 0.840885 0.531944 0.838802 0.533796 0.834115 0.532407 0.829948 0.526852 0.826042 0.525000 0.825521
0 0.484259 0.812760 0.480556 0.815104 0.478241 0.817969 0.478704 0.822396 0.484259 0.825000 0.489815 0.826562 0.497222 0.827083 0.504167 0.825781 0.507407 0.822656 0.506944 0.819010 0.505093 0.816667 0.500463 0.813281 0.496759 0.811458 0.488426 0.811458
0 0.528704 0.798438 0.522222 0.799479 0.517130 0.801302 0.515741 0.802604 0.515741 0.807031 0.525000 0.815104 0.531481 0.816927 0.535185 0.816146 0.537037 0.815104 0.540741 0.810417 0.541667 0.802344 0.538426 0.799740 0.532407 0.798438
0 0.489352 0.795833 0.487500 0.797917 0.487500 0.802344 0.491204 0.807292 0.495833 0.809635 0.502315 0.810417 0.506019 0.810156 0.510648 0.808854 0.512963 0.807292 0.516204 0.803125 0.515741 0.798698 0.514352 0.797135 0.510648 0.795573 0.503704 0.794792
0 0.469444 0.788281 0.461574 0.788802 0.460648 0.790885 0.456019 0.794531 0.453704 0.798438 0.455556 0.804427 0.457870 0.806771 0.461111 0.808073 0.473611 0.807552 0.477315 0.806771 0.478241 0.805729 0.478704 0.801562 0.474074 0.790885
0 0.476389 0.807813 0.462500 0.808333 0.458333 0.809635 0.454630 0.811979 0.451852 0.815104 0.451389 0.818490 0.454630 0.821615 0.457407 0.822917 0.467593 0.824479 0.472685 0.823958 0.477315 0.820312 0.479630 0.815365 0.479167 0.811719
0 0.455093 0.824740 0.453241 0.826042 0.452778 0.830208 0.455556 0.832812 0.459259 0.839323 0.462037 0.840625 0.470370 0.840625 0.474074 0.838802 0.478704 0.834115 0.480556 0.830208 0.479167 0.827083 0.475000 0.824479 0.461111 0.824219
0 0.484722 0.841667 0.481944 0.841406 0.475463 0.842969 0.470370 0.845833 0.469444 0.850781 0.470833 0.856250 0.471759 0.857552 0.474074 0.858333 0.478704 0.858333 0.483333 0.857292 0.491667 0.852865 0.492593 0.850781 0.491667 0.845573 0.489815 0.843490
0 0.482407 0.865625 0.477778 0.869010 0.477315 0.877865 0.478704 0.880990 0.487963 0.882552 0.491667 0.882552 0.498611 0.881250 0.500926 0.880208 0.503704 0.877344 0.505093 0.872656 0.500000 0.867708 0.489815 0.865365
0 0.475000 0.881771 0.468056 0.884896 0.466667 0.889583 0.473148 0.896615 0.475463 0.897917 0.482870 0.899479 0.490278 0.897656 0.493056 0.896354 0.495833 0.890365 0.495833 0.887760 0.493981 0.885156 0.490741 0.883073 0.482870 0.881250
0 0.497222 0.896875 0.489352 0.896875 0.481481 0.898958 0.479630 0.900000 0.477315 0.904427 0.478241 0.908073 0.482407 0.913021 0.490278 0.913542 0.494907 0.912240 0.503241 0.908073 0.503241 0.903906 0.500463 0.898438