0 0.267637 0.685020 0.260141 0.685268 0.257496 0.686012 0.253086 0.688244 0.251764 0.689980 0.246032 0.693204 0.246914 0.697173 0.250441 0.699157 0.253527 0.702133 0.259259 0.703621 0.266755 0.702133 0.274250 0.701389 0.277778 0.697421 0.278219 0.693204 0.276014 0.688988 0.274250 0.687252
0 0.169753 0.748016 0.163139 0.750248 0.161376 0.752480 0.160494 0.755952 0.162698 0.759177 0.166667 0.762649 0.169753 0.763889 0.177249 0.765129 0.187390 0.760169 0.190476 0.756200 0.190917 0.751984 0.180776 0.748512 0.178131 0.748016
0 0.205467 0.764137 0.199735 0.762401 0.195326 0.762153 0.184303 0.763145 0.176808 0.765873 0.174603 0.771329 0.176808 0.777034 0.180776 0.779514 0.186949 0.780506 0.198413 0.780506 0.205026 0.778274 0.208554 0.775546 0.211199 0.771825 0.210317 0.767857
0 0.246032 0.761905 0.242063 0.763889 0.239418 0.767361 0.240300 0.771577 0.242945 0.775546 0.246473 0.778026 0.252646 0.780010 0.260582 0.779266 0.267637 0.774802 0.269400 0.772569 0.269841 0.770585 0.268519 0.765625 0.261023 0.762153 0.254850 0.761657
0 0.282187 0.743800 0.273369 0.744296 0.266755 0.747520 0.262346 0.750744 0.261023 0.752728 0.260582 0.756200 0.261905 0.758185 0.266755 0.760417 0.274250 0.759921 0.286155 0.755952 0.287478 0.752480 0.287478 0.747520 0.284832 0.745040
0 0.309965 0.759673 0.298942 0.759673 0.288360 0.763145 0.285273 0.763641 0.282628 0.765377 0.281746 0.766865 0.282187 0.768353 0.285714 0.770585 0.294974 0.774058 0.302910 0.774802 0.307760 0.773810 0.310847 0.771825 0.313933 0.768105 0.313051 0.762153
0 0.323192 0.769097 0.315697 0.769841 0.312610 0.771329 0.311287 0.773065 0.307760 0.775298 0.307760 0.783730 0.309083 0.787946 0.316138 0.787202 0.317901 0.785962 0.324074 0.784722 0.334215 0.779762 0.334215 0.775050 0.329365 0.771329
0 0.357584 0.773562 0.349647 0.773313 0.339065 0.779266 0.336420 0.783482 0.339506 0.787450 0.343474 0.788690 0.351411 0.788938 0.362875 0.787202 0.362875 0.783482 0.365079 0.779266
0 0.392416 0.785714 0.387125 0.784970 0.378748 0.785218 0.374339 0.786210 0.371252 0.787698 0.369489 0.790179 0.369489 0.795387 0.371693 0.799603 0.376543 0.802579 0.381393 0.802827 0.387125 0.802083 0.391975 0.800595 0.394180 0.799107 0.396384 0.790675 0.395503 0.787450
0 0.406526 0.801339 0.401235 0.800347 0.398148 0.800347 0.393298 0.802083 0.384921 0.809028 0.384480 0.814484 0.385362 0.815972 0.391975 0.814732 0.406526 0.814980 0.413139 0.812996 0.414462 0.810516 0.414021 0.807044
0 0.389771 0.817460 0.388448 0.818948 0.390212 0.822421 0.396384 0.827877 0.399030 0.831349 0.405644 0.835317 0.414462 0.834325 0.421517 0.829365 0.423280 0.826637 0.422399 0.821925 0.420194 0.818700 0.410494 0.817212 0.392416 0.816964
0 0.427249 0.825893 0.417549 0.833829 0.418430 0.838294 0.422399 0.841518 0.426808 0.843254 0.435626 0.843502 0.440035 0.843254 0.447531 0.841270 0.449735 0.838046 0.448413 0.830605 0.444885 0.827133 0.441799 0.825397
0 0.469136 0.811012 0.462522 0.809028 0.460758 0.809028 0.453704 0.810764 0.447531 0.810764 0.444885 0.812252 0.440917 0.817708 0.440917 0.819940 0.445326 0.826141 0.447531 0.827629 0.462081 0.828869 0.470018 0.826141 0.473545 0.822173 0.475750 0.817956 0.473104 0.813740
0 0.455467 0.791419 0.443563 0.794395 0.439594 0.796875 0.436949 0.801835 0.438272 0.806796 0.440917 0.808284 0.447531 0.809772 0.455467 0.809276 0.462081 0.808036 0.467813 0.803323 0.467372 0.798611 0.461640 0.793403
0 0.449735 0.772817 0.440476 0.772073 0.430776 0.773562 0.424603 0.776042 0.423721 0.780010 0.425485 0.783234 0.432540 0.787450 0.442681 0.787450 0.447531 0.785466 0.450176 0.783482 0.452822 0.779018 0.453704 0.775298
0 0.350088 0.752728 0.343474 0.754712 0.341711 0.756200 0.340388 0.759425 0.340829 0.764385 0.344356 0.769841 0.349647 0.771825 0.358025 0.772321 0.364198 0.770585 0.368607 0.767609 0.371693 0.764137 0.371252 0.759673 0.365961 0.755704 0.358025 0.752728
0 0.405203 0.758185 0.400794 0.759673 0.396825 0.763393 0.394621 0.767113 0.394621 0.772073 0.397266 0.775050 0.401235 0.777034 0.406085 0.778274 0.414462 0.778026 0.421958 0.775298 0.427690 0.772321 0.428131 0.767113 0.417989 0.759673 0.413580 0.758433
0 0.463845 0.759673 0.454586 0.755704 0.448413 0.754464 0.440476 0.754960 0.433862 0.757192 0.430776 0.759673 0.430335 0.764633 0.431658 0.768353 0.433862 0.770089 0.447972 0.770585 0.455026 0.768601 0.457672 0.765873 0.461199 0.764137 0.463845 0.763641
0 0.491623 0.755456 0.482363 0.754464 0.474868 0.755952 0.466931 0.759673 0.470899 0.767857 0.475750 0.771825 0.483686 0.771577 0.489859 0.769593 0.492504 0.768105 0.493827 0.765377 0.496032 0.763393 0.496473 0.759673 0.493827 0.758185
0 0.491623 0.771329 0.488536 0.773065 0.481041 0.775298 0.477954 0.779018 0.479718 0.782986 0.489418 0.787946 0.503527 0.789187 0.512346 0.783234 0.511023 0.775298 0.504409 0.771081 0.495150 0.770833
0 0.517637 0.769097 0.513668 0.775546 0.513228 0.779266 0.515873 0.781994 0.518078 0.783234 0.522928 0.784226 0.538801 0.784226 0.540564 0.783730 0.545414 0.780258 0.546737 0.777034 0.546737 0.775298 0.542328 0.771825 0.537919 0.769841 0.529101 0.767609 0.523369 0.767361
0 0.538360 0.744048 0.530423 0.743304 0.517196 0.745784 0.510141 0.747768 0.508377 0.751488 0.510141 0.756448 0.516314 0.759921 0.523369 0.760417 0.527778 0.759921 0.535714 0.756200 0.535714 0.753720 0.533951 0.751984 0.537919 0.751488 0.540123 0.748760
0 0.566138 0.746280 0.559524 0.745536 0.551587 0.745784 0.544974 0.747768 0.538360 0.755704 0.538360 0.760169 0.544092 0.761657 0.552028 0.761409 0.561728 0.759921 0.566138 0.758433 0.570106 0.756200 0.571869 0.752480 0.569665 0.749008
0 0.582011 0.747768 0.579806 0.748760 0.576720 0.751736 0.576720 0.756200 0.579365 0.758433 0.582451 0.759921 0.593034 0.762401 0.599647 0.761905 0.604497 0.760417 0.608466 0.755952 0.607143 0.751736 0.600529 0.747768 0.596561 0.747024 0.586420 0.747024
0 0.614638 0.745288 0.610670 0.749256 0.609347 0.751736 0.609347 0.759921 0.611111 0.762401 0.613757 0.763889 0.622575 0.764385 0.634039 0.761657 0.638007 0.759921 0.638889 0.755952 0.638448 0.751984 0.628307 0.746528 0.622134 0.744792
0 0.648589 0.750248 0.644621 0.751488 0.641975 0.753720 0.641534 0.755704 0.638448 0.759425 0.637566 0.764137 0.642416 0.769097 0.646384 0.771081 0.649471 0.771825 0.656526 0.767609 0.658730 0.759177 0.656526 0.752976 0.652998 0.751240
0 0.593474 0.764881 0.585538 0.767857 0.583333 0.770833 0.583333 0.772321 0.586420 0.777778 0.589065 0.779514 0.593474 0.780754 0.600529 0.781498 0.610670 0.779514 0.615079 0.775298 0.614638 0.771081 0.612875 0.767361 0.607143 0.765129 0.600970 0.764385
0 0.618607 0.768849 0.616843 0.769841 0.615520 0.775050 0.611993 0.779018 0.615520 0.783234 0.621252 0.785218 0.627866 0.785714 0.639771 0.783730 0.644621 0.779514 0.645062 0.775298 0.641975 0.770833 0.636684 0.769097
0 0.669753 0.768601 0.662257 0.768601 0.658289 0.769593 0.652557 0.772321 0.651235 0.774306 0.650353 0.781746 0.651235 0.785218 0.654321 0.787450 0.661817 0.788938 0.670194 0.788442 0.678571 0.785218 0.681217 0.783234 0.682099 0.778274 0.679894 0.774306 0.674603 0.771329 0.674162 0.769593
0 0.670194 0.759177 0.666667 0.763145 0.667549 0.766617 0.671517 0.770337 0.676808 0.773562 0.682981 0.774802 0.689153 0.774058 0.693563 0.772817 0.700176 0.768353 0.701058 0.763393 0.699295 0.760913 0.696208 0.759425 0.678131 0.756696 0.675044 0.757192
0 0.641534 0.730655 0.635362 0.731151 0.628307 0.733879 0.626102 0.736855 0.625220 0.741319 0.626102 0.743304 0.633598 0.747272 0.642416 0.748512 0.649912 0.747024 0.654321 0.743056 0.656085 0.739831 0.654762 0.736111 0.652557 0.733631 0.649030 0.731895
0 0.504409 0.789931 0.500441 0.789435 0.490300 0.789931 0.482804 0.793651 0.479718 0.797619 0.479718 0.800099 0.482363 0.803819 0.489418 0.805308 0.496914 0.805308 0.503527 0.804563 0.506614 0.803323 0.509259 0.798363 0.508377 0.794395
0 0.492504 0.809028 0.485891 0.812252 0.484127 0.813988 0.482804 0.819196 0.485009 0.821925 0.491623 0.824653 0.502205 0.826389 0.510582 0.826141 0.514991 0.825149 0.519400 0.822669 0.520723 0.819692 0.520723 0.814236 0.519400 0.811508 0.517196 0.809524 0.512346 0.807788 0.505732 0.807292 0.497795 0.807788
0 0.531746 0.787946 0.526896 0.789683 0.522928 0.792411 0.520723 0.794891 0.520282 0.799107 0.528660 0.803075 0.537037 0.805308 0.545855 0.805556 0.552910 0.803819 0.556437 0.799107 0.555996 0.794891 0.551146 0.789931 0.548060 0.788194 0.542769 0.787202 0.537478 0.786954
0 0.558201 0.779018 0.554233 0.782986 0.553351 0.788194 0.555556 0.791667 0.563933 0.796131 0.574515 0.796627 0.577160 0.795883 0.585979 0.790923 0.585979 0.786458 0.583774 0.783978 0.580688 0.781994 0.573633 0.779266 0.567901 0.778522
0 0.561287 0.797123 0.557319 0.799603 0.555115 0.802827 0.557319 0.806300 0.562610 0.811756 0.564815 0.812996 0.572751 0.815228 0.579365 0.814236 0.582011 0.812004 0.584656 0.806796 0.582451 0.802827 0.577160 0.798115 0.574956 0.797123 0.570106 0.796627
0 0.585538 0.792411 0.579365 0.795139 0.578042 0.799107 0.581570 0.803075 0.586861 0.805804 0.590653 0.807664 0.594797 0.807788 0.600970 0.808532 0.607584 0.805308 0.611552 0.799355 0.611111 0.797619 0.600970 0.791915 0.593034 0.791419
0 0.620811 0.795883 0.615079 0.797123 0.611552 0.798859 0.608907 0.802331 0.608466 0.807788 0.611552 0.812500 0.615079 0.814236 0.619489 0.815228 0.630071 0.815476 0.632716 0.814732 0.640212 0.810516 0.641093 0.808532 0.640212 0.799851 0.636684 0.797619 0.629630 0.795635
0 0.623457 0.786954 0.626102 0.789435 0.628307 0.793403 0.634480 0.795635 0.643739 0.800595 0.646825 0.801091 0.652557 0.800595 0.655203 0.799355 0.659171 0.795883 0.659612 0.790675 0.656966 0.788194 0.653880 0.786954 0.644180 0.785466 0.637566 0.785466
0 0.665785 0.789683 0.661817 0.795387 0.664021 0.800843 0.667108 0.803075 0.684744 0.804563 0.691799 0.804315 0.695767 0.802827 0.697531 0.799107 0.696208 0.794891 0.684303 0.787450 0.679453 0.786210 0.676367 0.786210 0.667989 0.788442
0 0.687831 0.778522 0.683862 0.781250 0.682981 0.782738 0.683862 0.787202 0.691799 0.792411 0.697090 0.794643 0.705908 0.794643 0.709436 0.793651 0.715168 0.790179 0.716490 0.787946 0.714727 0.783234 0.712522 0.780258 0.698413 0.776786
0 0.726190 0.789931 0.718695 0.789435 0.716931 0.790923 0.715168 0.791815 0.712919 0.793006 0.709436 0.795139 0.704409 0.797222 0.701499 0.802083 0.700617 0.807044 0.705026 0.810764 0.710758 0.812004 0.720459 0.812004 0.726190 0.809772 0.735891 0.802827 0.737213 0.800099 0.737213 0.797867 0.735891 0.795635 0.733686 0.793651
0 0.669312 0.804812 0.666667 0.806548 0.666226 0.810764 0.673280 0.815476 0.676367 0.818452 0.682981 0.820933 0.685185 0.821181 0.690917 0.820933 0.696649 0.818204 0.699295 0.814980 0.699295 0.810268 0.694444 0.806548 0.691799 0.805804 0.682981 0.805308 0.677690 0.804315
0 0.663139 0.809524 0.656526 0.808780 0.649030 0.809028 0.641534 0.812004 0.638889 0.813492 0.634921 0.817708 0.635802 0.822173 0.650353 0.827877 0.656966 0.827877 0.662257 0.827133 0.670194 0.824405 0.671958 0.822669 0.672399 0.818204 0.670194 0.816716 0.665785 0.811260
0 0.546296 0.814484 0.541887 0.814732 0.534392 0.816716 0.523810 0.822917 0.520723 0.825893 0.519400 0.830109 0.521164 0.834077 0.524250 0.836558 0.531305 0.838790 0.537037 0.839534 0.545414 0.839038 0.550265 0.837054 0.555996 0.832589 0.557319 0.825645 0.555556 0.820685 0.550265 0.815972
0 0.559965 0.813988 0.557760 0.814980 0.555996 0.816964 0.555556 0.819692 0.557319 0.824653 0.561287 0.828621 0.564374 0.830357 0.568342 0.830605 0.573192 0.830357 0.581570 0.828125 0.583774 0.825645 0.584656 0.821677 0.580247 0.816468 0.578483 0.815724 0.570988 0.814732 0.566138 0.812996
0 0.551587 0.846478 0.544974 0.847966 0.533069 0.853671 0.530423 0.857143 0.530423 0.860367 0.533951 0.865079 0.538360 0.867560 0.544533 0.869296 0.553351 0.870040 0.556878 0.869296 0.562169 0.866319 0.565697 0.861607 0.567460 0.857639 0.567460 0.854911 0.566138 0.852183 0.559083 0.847222
0 0.583333 0.830605 0.574074 0.830357 0.564374 0.832093 0.562169 0.833333 0.559083 0.837798 0.558642 0.842014 0.560847 0.844494 0.572310 0.851438 0.588624 0.849454 0.591711 0.846974 0.594356 0.842014 0.595679 0.837798 0.592593 0.834077 0.588624 0.832093
0 0.599647 0.815476 0.593915 0.817460 0.586861 0.822173 0.585979 0.826389 0.592593 0.834077 0.594797 0.835565 0.600088 0.836558 0.608025 0.836806 0.617725 0.833829 0.619489 0.830605 0.618607 0.826389 0.615079 0.820933 0.613713 0.817560 0.607584 0.816716
0 0.608025 0.840774 0.607584 0.843254 0.610670 0.849702 0.616843 0.854911 0.621252 0.856895 0.626102 0.857639 0.630511 0.857391 0.635362 0.854911 0.639330 0.849702 0.639330 0.844246 0.637125 0.841766 0.629189 0.840526 0.622134 0.838294 0.612434 0.839534
0 0.628307 0.824653 0.623457 0.826637 0.622134 0.828373 0.619929 0.833829 0.620370 0.837302 0.621693 0.838790 0.626102 0.840774 0.634039 0.842014 0.642416 0.841766 0.649912 0.839286 0.651235 0.838294 0.652116 0.833581 0.648589 0.828621 0.636243 0.824405
0 0.600970 0.851687 0.593474 0.852431 0.589065 0.850694 0.584656 0.850446 0.579365 0.851190 0.572310 0.853175 0.570988 0.856895 0.571869 0.861111 0.576279 0.863591 0.577160 0.865079 0.579365 0.866319 0.587743 0.867312 0.594356 0.865327 0.602734 0.857391 0.603175 0.853175
0 0.571869 0.875248 0.565697 0.876488 0.558642 0.881944 0.556437 0.885169 0.555996 0.892113 0.557760 0.894593 0.565697 0.898313 0.578042 0.900546 0.580688 0.900546 0.590829 0.897321 0.594356 0.895337 0.596120 0.892857 0.595238 0.884177 0.592593 0.880704 0.584656 0.878224 0.580247 0.875744
0 0.582451 0.900298 0.578483 0.902282 0.577160 0.904018 0.578924 0.912202 0.586861 0.914683 0.590388 0.914931 0.593474 0.915923 0.600970 0.915427 0.604497 0.912202 0.605379 0.908730 0.605379 0.904266 0.602734 0.900546 0.600970 0.899306 0.595679 0.898562
0 0.628307 0.883929 0.621693 0.882937 0.609347 0.883681 0.605820 0.884425 0.599206 0.887401 0.598325 0.888393 0.598325 0.896577 0.602293 0.900546 0.607584 0.902530 0.615520 0.902282 0.619489 0.901042 0.627425 0.896329 0.630071 0.893105 0.630952 0.889385 0.630071 0.885417
0 0.655203 0.843502 0.652557 0.844742 0.647266 0.849206 0.646384 0.853919 0.648589 0.857391 0.660053 0.863095 0.670194 0.865079 0.677249 0.864335 0.684303 0.861607 0.682540 0.853423 0.675044 0.845734 0.670194 0.843006 0.665785 0.842262 0.660494 0.842262
0 0.705467 0.847966 0.697531 0.850446 0.694885 0.852431 0.693563 0.857143 0.694885 0.861607 0.704145 0.869296 0.712963 0.869544 0.717813 0.867808 0.725750 0.863095 0.727072 0.856895 0.725750 0.854415 0.716931 0.849206 0.712081 0.847718
0 0.724868 0.867808 0.721781 0.870040 0.719136 0.874256 0.719136 0.885169 0.721340 0.888889 0.726190 0.890625 0.732363 0.891369 0.739418 0.890625 0.746473 0.888889 0.749118 0.887153 0.751323 0.884177 0.751323 0.880456 0.746473 0.874752 0.741182 0.871528 0.729277 0.869296 0.726190 0.867808
0 0.697531 0.868552 0.690917 0.870040 0.682981 0.880208 0.682540 0.885169 0.683862 0.887153 0.687390 0.888889 0.694885 0.891121 0.698854 0.891617 0.707672 0.889881 0.714286 0.886409 0.716931 0.882937 0.717813 0.876736 0.716490 0.872768 0.714286 0.870784 0.705908 0.869296
0 0.672399 0.887897 0.669753 0.888641 0.663139 0.892361 0.660494 0.896577 0.663139 0.900298 0.671958 0.904266 0.676367 0.905258 0.686508 0.905754 0.694444 0.904514 0.696649 0.901042 0.696649 0.895833 0.695326 0.892361 0.688713 0.888393 0.684303 0.886657
0 0.719577 0.889881 0.714286 0.890377 0.708554 0.893105 0.704586 0.894097 0.699295 0.896577 0.697531 0.898562 0.695767 0.904514 0.698413 0.907986 0.704586 0.910962 0.710758 0.912450 0.715608 0.912202 0.719136 0.909474 0.722222 0.901042 0.721781 0.892609
0 0.642416 0.902530 0.634480 0.902530 0.624780 0.904266 0.619929 0.906994 0.616402 0.911706 0.616402 0.916171 0.620370 0.920139 0.621252 0.922123 0.627866 0.924603 0.635802 0.924603 0.642857 0.922867 0.649471 0.919395 0.652116 0.916419 0.653439 0.912698 0.652116 0.908730 0.647266 0.904266
0 0.642857 0.925099 0.636684 0.925099 0.630071 0.926091 0.621252 0.929067 0.619048 0.931300 0.619489 0.936012 0.621252 0.938740 0.628307 0.942956 0.636684 0.943204 0.642857 0.940228 0.645062 0.937748 0.647266 0.931052 0.649471 0.927579
0 0.585979 0.944692 0.580247 0.945437 0.578042 0.946925 0.576720 0.950397 0.576720 0.959325 0.579806 0.962054 0.587302 0.962550 0.595238 0.961558 0.602734 0.959573 0.608025 0.955357 0.608025 0.950893 0.601411 0.947173
0 0.651675 0.942460 0.644621 0.942956 0.642416 0.943948 0.635362 0.945437 0.633157 0.950149 0.634039 0.955109 0.636684 0.959077 0.641975 0.961558 0.649471 0.962054 0.658289 0.958085 0.663139 0.954365 0.664462 0.952381 0.664903 0.947173 0.663580 0.945933 0.657848 0.943204
0 0.703704 0.934524 0.699735 0.935516 0.695767 0.938244 0.694444 0.943700 0.697531 0.948413 0.704586 0.951885 0.712522 0.951885 0.718695 0.949901 0.722222 0.947669 0.723986 0.943700 0.723545 0.941964 0.721781 0.939484 0.714727 0.935516 0.709877 0.934524
0 0.727072 0.934276 0.724868 0.935516 0.723104 0.938492 0.725309 0.944444 0.730159 0.947421 0.733245 0.948165 0.741182 0.948413 0.745150 0.947421 0.749559 0.943700 0.750000 0.939484 0.748236 0.937004 0.739859 0.933284 0.731922 0.933036
0 0.774250 0.911210 0.767196 0.911210 0.760141 0.912202 0.754850 0.915923 0.750882 0.919891 0.749559 0.923115 0.749559 0.928075 0.752646 0.932788 0.756173 0.934028 0.767637 0.934524 0.772928 0.933284 0.777778 0.930556 0.784832 0.927827 0.788360 0.924603 0.789242 0.920635 0.788360 0.918651 0.780864 0.914187
0 0.765432 0.884921 0.762346 0.886905 0.760141 0.889633 0.760141 0.896825 0.763228 0.900794 0.775132 0.908978 0.782187 0.909722 0.792328 0.908234 0.798060 0.904266 0.799383 0.901538 0.798501 0.896825 0.795414 0.891865 0.791005 0.889881 0.789683 0.888393 0.781305 0.885417 0.767637 0.884425
0 0.771164 0.859127 0.764550 0.858879 0.760582 0.859375 0.746473 0.865079 0.745150 0.869048 0.746032 0.873016 0.752205 0.878472 0.756173 0.880952 0.759700 0.882192 0.768519 0.881696 0.782628 0.874008 0.785273 0.869544 0.784392 0.865823 0.781305 0.861855
0 0.753086 0.841518 0.750882 0.845486 0.751323 0.851190 0.753527 0.854167 0.760141 0.857143 0.770282 0.857887 0.778660 0.856647 0.787919 0.853671 0.793651 0.849950 0.793210 0.846974 0.791887 0.845238 0.788801 0.843502 0.774250 0.838294 0.765873 0.838294 0.759259 0.839038
0 0.766314 0.824653 0.764991 0.826637 0.766314 0.827877 0.766755 0.830109 0.769841 0.831845 0.772046 0.835317 0.775573 0.837550 0.782187 0.839286 0.788801 0.839782 0.795414 0.837054 0.798060 0.834077 0.798942 0.831101 0.798501 0.826389 0.795414 0.824653 0.788360 0.823413 0.773369 0.823413
0 0.772928 0.798363 0.767196 0.800347 0.764109 0.802827 0.762346 0.805804 0.763668 0.814484 0.767196 0.819444 0.772928 0.820685 0.781305 0.820437 0.787037 0.819196 0.790564 0.817212 0.793210 0.814484 0.793651 0.810268 0.791005 0.806052 0.785714 0.802579 0.776896 0.798859
0 0.758818 0.771329 0.753527 0.775546 0.757055 0.777282 0.758377 0.779266 0.760582 0.780506 0.769841 0.783482 0.778219 0.783482 0.781305 0.782242 0.783951 0.778274 0.783951 0.774802 0.781305 0.771329 0.768519 0.769841
0 0.726631 0.762401 0.717372 0.762897 0.708995 0.764385 0.702822 0.767113 0.698854 0.771329 0.701499 0.774554 0.705026 0.775546 0.712522 0.779266 0.718254 0.780506 0.727072 0.779514 0.731922 0.777778 0.736332 0.771825 0.735450 0.767113 0.732363 0.764137
0 0.708554 0.742560 0.704145 0.747520 0.705026 0.755456 0.707231 0.759921 0.711640 0.762153 0.720018 0.762153 0.727954 0.760665 0.730600 0.757688 0.731481 0.751488 0.728836 0.747768 0.718695 0.742560 0.714727 0.742063
0 0.690035 0.735367 0.679453 0.737847 0.675044 0.740079 0.673721 0.749256 0.676367 0.753472 0.680776 0.756696 0.689153 0.758681 0.695767 0.758681 0.697972 0.758185 0.698854 0.756944 0.700176 0.750248 0.702381 0.745288 0.702381 0.740327 0.697531 0.736607
0 0.683862 0.727679 0.677249 0.726687 0.668871 0.726438 0.663139 0.728423 0.661817 0.730655 0.661817 0.733879 0.662698 0.736359 0.667108 0.740823 0.669753 0.741567 0.673721 0.741071 0.679453 0.738095 0.685185 0.736359 0.686508 0.732143 0.685185 0.728671
0 0.705908 0.724454 0.697972 0.726687 0.696208 0.727927 0.695767 0.733383 0.696649 0.734871 0.705908 0.740327 0.708554 0.741071 0.715168 0.741319 0.718695 0.740823 0.721781 0.739335 0.723986 0.736855 0.724427 0.732143 0.722222 0.727679 0.718695 0.725198 0.712081 0.723958
0 0.746473 0.751984 0.742063 0.756944 0.738095 0.759673 0.737213 0.762401 0.737654 0.767609 0.743386 0.771825 0.746032 0.772569 0.753527 0.773065 0.760141 0.770337 0.763668 0.767857 0.765432 0.762153 0.764550 0.755952 0.760582 0.753472 0.754409 0.751736
0 0.781305 0.751488 0.771605 0.757937 0.769841 0.762649 0.771164 0.767361 0.780864 0.770337 0.795855 0.769593 0.799383 0.768849 0.801146 0.767609 0.801587 0.762897 0.799383 0.759177 0.796737 0.756944 0.788360 0.752480
0 0.813933 0.759921 0.809965 0.762401 0.806437 0.767361 0.806437 0.771577 0.810406 0.775794 0.815697 0.778770 0.820547 0.780010 0.834215 0.780258 0.837302 0.779762 0.842152 0.775794 0.843034 0.771081 0.838624 0.766121 0.835538 0.760913 0.832011 0.758433 0.822751 0.757688
0 0.850088 0.774306 0.843915 0.776290 0.839065 0.779018 0.839506 0.783234 0.843034 0.787698 0.849647 0.791419 0.856702 0.792907 0.864638 0.792411 0.869929 0.790923 0.872575 0.789187 0.875220 0.784226 0.874780 0.781250 0.872134 0.778026 0.862875 0.775794 0.858025 0.773562
0 0.849206 0.751984 0.843034 0.752976 0.836420 0.755704 0.834656 0.757440 0.834215 0.760169 0.840829 0.768849 0.847884 0.772817 0.851411 0.773562 0.856261 0.772321 0.861993 0.768601 0.866843 0.759673 0.863757 0.755704 0.860670 0.753968 0.855820 0.752480
0 0.883157 0.753720 0.871693 0.754216 0.866843 0.755704 0.868607 0.759425 0.867725 0.763393 0.864198 0.766369 0.860229 0.771329 0.870811 0.776538 0.876543 0.777530 0.885802 0.776538 0.891975 0.771577 0.892416 0.763393 0.887566 0.755456 0.885802 0.753968
0 0.897266 0.778274 0.891975 0.780754 0.887125 0.786706 0.888448 0.791419 0.891534 0.794643 0.900353 0.798611 0.906085 0.799851 0.913139 0.799603 0.915785 0.798611 0.920194 0.793899 0.921076 0.790427 0.920194 0.783482 0.913139 0.778522 0.906966 0.777282
0 0.831129 0.811260 0.822310 0.812500 0.817901 0.814236 0.813051 0.818204 0.811287 0.820933 0.809083 0.822173 0.813051 0.824157 0.816138 0.826885 0.818783 0.827381 0.821429 0.828869 0.822310 0.830109 0.829806 0.831101 0.837302 0.830357 0.840829 0.828621 0.848325 0.826637 0.850970 0.823413 0.850970 0.821429 0.844797 0.813492 0.840829 0.812252
0 0.829365 0.793651 0.826279 0.794643 0.820988 0.798363 0.822310 0.802827 0.825397 0.804563 0.828924 0.808532 0.832011 0.810516 0.836420 0.812004 0.843915 0.812748 0.847884 0.811508 0.855379 0.806796 0.853175 0.802827 0.849206 0.799355 0.840388 0.794395 0.837302 0.793651
0 0.857584 0.795883 0.851411 0.798611 0.851852 0.802827 0.853616 0.806052 0.851411 0.811012 0.857143 0.817212 0.864638 0.817212 0.868607 0.815476 0.873016 0.814484 0.878748 0.811508 0.881834 0.807788 0.881834 0.805804 0.877425 0.800843 0.872575 0.798115 0.865079 0.795883
0 0.854938 0.825893 0.856702 0.830605 0.864638 0.834077 0.878307 0.834821 0.886684 0.834573 0.891975 0.833085 0.897707 0.832341 0.901675 0.830357 0.899471 0.827629 0.894621 0.824901 0.890653 0.821429 0.878748 0.816716 0.872575 0.815972 0.861552 0.818204 0.857584 0.821181
0 0.905203 0.812748 0.899912 0.813988 0.898589 0.814980 0.897266 0.817708 0.897266 0.822173 0.901675 0.828373 0.906085 0.830853 0.913580 0.832093 0.919753 0.830357 0.927249 0.825893 0.929012 0.822917 0.928571 0.818452 0.927249 0.816964 0.920635 0.813988 0.912698 0.812748
0 0.885362 0.836558 0.884480 0.838046 0.888448 0.840774 0.891975 0.845734 0.895062 0.847718 0.899030 0.852431 0.907407 0.855159 0.914021 0.855159 0.920194 0.853423 0.923721 0.849702 0.923721 0.845486 0.920194 0.840774 0.913580 0.837798 0.907848 0.836558
0 0.830247 0.896329 0.830688 0.900546 0.835979 0.905506 0.840829 0.908730 0.849206 0.912202 0.858025 0.912202 0.864638 0.908482 0.866402 0.905258 0.866843 0.900298 0.865079 0.897817 0.857584 0.894345 0.850970 0.892609 0.843034 0.892609 0.837302 0.894097 0.833774 0.895833
0 0.737654 0.725446 0.732804 0.726190 0.728395 0.728919 0.725309 0.734871 0.725309 0.738343 0.726631 0.740575 0.729718 0.742560 0.734568 0.744048 0.740741 0.744544 0.746914 0.743552 0.749559 0.742560 0.759700 0.736359 0.759700 0.732143 0.754850 0.728919 0.746473 0.725694
0 0.774691 0.733631 0.765873 0.735119 0.757496 0.740327 0.753086 0.744048 0.754409 0.748264 0.757496 0.751488 0.766755 0.754960 0.771605 0.754464 0.776014 0.752976 0.781041 0.747098 0.785141 0.740575 0.784347 0.735417
0 0.810847 0.735119 0.801146 0.734375 0.793210 0.736111 0.791667 0.736409 0.789418 0.737500 0.787919 0.739087 0.785273 0.742063 0.783510 0.746280 0.783951 0.749752 0.786596 0.751736 0.794533 0.755208 0.803792 0.755208 0.809524 0.754216 0.813051 0.751984 0.816138 0.748512 0.816578 0.739335 0.813933 0.736359
0 0.823192 0.737351 0.819665 0.740079 0.818783 0.744048 0.821869 0.751736 0.828042 0.755952 0.832011 0.756200 0.836861 0.755704 0.844356 0.751736 0.848765 0.744048 0.844797 0.740327 0.838624 0.738095 0.830688 0.736607
0 0.936949 0.748512 0.931658 0.748264 0.920635 0.750000 0.917549 0.751488 0.913139 0.754960 0.913139 0.756696 0.920194 0.763393 0.925926 0.765377 0.935185 0.764881 0.938272 0.763641 0.940917 0.760665 0.942240 0.755952 0.940035 0.750000
0 0.904762 0.734375 0.902557 0.735863 0.899030 0.740327 0.899030 0.744296 0.906526 0.748264 0.912698 0.749504 0.920194 0.749752 0.926367 0.748264 0.928571 0.746280 0.929453 0.739831 0.927690 0.737599 0.920635 0.734127 0.910935 0.733383
0 0.884039 0.719742 0.876984 0.723958 0.876984 0.729167 0.878748 0.731647 0.884039 0.734127 0.891093 0.735367 0.896384 0.735367 0.901235 0.734623 0.904321 0.732391 0.905203 0.728671 0.905203 0.723958 0.902998 0.721230 0.899912 0.719246 0.893739 0.718254 0.891093 0.718254
0 0.833333 0.720486 0.831129 0.722222 0.830688 0.727679 0.833774 0.733879 0.835979 0.735367 0.845679 0.738095 0.858025 0.738095 0.863316 0.736607 0.865961 0.732887 0.865961 0.728919 0.862434 0.723214 0.858466 0.720486 0.852293 0.717758 0.848765 0.717262 0.843034 0.717262 0.836861 0.719742
0 0.809083 0.713790 0.804674 0.714286 0.802028 0.715278 0.800705 0.714286 0.798060 0.713790 0.787478 0.713790 0.783510 0.715030 0.779101 0.717510 0.777778 0.719742 0.777337 0.724950 0.783510 0.730407 0.788801 0.733631 0.795414 0.734623 0.804674 0.732391 0.810847 0.728423 0.813492 0.724950 0.814374 0.720486 0.813492 0.716518
0 0.758818 0.708085 0.750441 0.709573 0.747354 0.711062 0.745150 0.713294 0.743386 0.719990 0.745591 0.723710 0.749118 0.725942 0.753086 0.727679 0.760141 0.728919 0.767196 0.727431 0.774691 0.724950 0.776455 0.722222 0.776455 0.716518 0.772046 0.711062 0.768078 0.708581
0 0.711640 0.702877 0.705908 0.704861 0.702822 0.708333 0.705467 0.717014 0.711640 0.722718 0.724868 0.726190 0.727954 0.725942 0.735450 0.723710 0.740741 0.720982 0.742504 0.717758 0.741623 0.712054 0.736332 0.708085 0.727954 0.705853 0.719577 0.702381
0 0.676808 0.708085 0.672840 0.712550 0.674603 0.716518 0.676808 0.718750 0.683862 0.722718 0.693563 0.722718 0.696208 0.722222 0.701499 0.717262 0.702822 0.712798 0.700176 0.708085 0.696649 0.706845 0.684744 0.706101
0 0.608025 0.731399 0.600970 0.730407 0.598325 0.728423 0.594797 0.727431 0.583774 0.728423 0.579365 0.731399 0.576279 0.736111 0.577160 0.740079 0.582011 0.744544 0.585538 0.745784 0.600970 0.745040 0.604056 0.742808 0.609347 0.736359 0.609347 0.732391
0 0.622575 0.716022 0.613316 0.716766 0.608907 0.718006 0.605820 0.719990 0.603175 0.724206 0.604938 0.727431 0.611552 0.732887 0.614638 0.734127 0.621252 0.735119 0.625661 0.734375 0.631393 0.731399 0.634039 0.728919 0.634480 0.721726 0.633157 0.718006 0.630952 0.717014
0 0.647707 0.711806 0.636684 0.714038 0.632716 0.716766 0.635362 0.718254 0.638889 0.726438 0.644621 0.728671 0.649912 0.729415 0.655644 0.727679 0.658289 0.725942 0.661817 0.721230 0.661376 0.716766 0.656085 0.713294 0.653439 0.713046 0.649912 0.711806
0 0.644180 0.692212 0.633598 0.692956 0.625661 0.695437 0.621252 0.698661 0.620370 0.700893 0.621252 0.703125 0.628307 0.708085 0.634480 0.709573 0.636684 0.709573 0.643298 0.708333 0.646384 0.706845 0.648148 0.702877 0.651235 0.701389 0.647266 0.693452
0 0.662257 0.682540 0.656526 0.683780 0.650794 0.687748 0.649471 0.689236 0.649471 0.693948 0.654321 0.701637 0.660053 0.704117 0.666226 0.704365 0.674162 0.703125 0.682099 0.699157 0.683422 0.697669 0.683862 0.693204 0.680776 0.688740 0.677249 0.686260 0.668430 0.683284
0 0.696208 0.687004 0.691799 0.687996 0.688272 0.690228 0.686067 0.693700 0.685185 0.699405 0.686067 0.702629 0.688272 0.704117 0.699295 0.705853 0.705026 0.705109 0.713845 0.702381 0.716049 0.701141 0.716049 0.696677 0.714286 0.693948 0.704586 0.687996 0.700176 0.687004
0 0.732363 0.687500 0.728836 0.689236 0.722222 0.690972 0.718254 0.693204 0.717813 0.697669 0.720018 0.701637 0.728395 0.705853 0.735450 0.707341 0.742504 0.707341 0.746473 0.705853 0.749559 0.702877 0.750000 0.698165 0.749118 0.695188 0.745150 0.691468 0.739418 0.688244
0 0.758377 0.686260 0.754850 0.687500 0.751764 0.692460 0.751764 0.701637 0.757496 0.706597 0.767637 0.708085 0.777778 0.705357 0.781305 0.702133 0.780864 0.689236 0.778219 0.687004 0.774691 0.686012
0 0.803792 0.692460 0.800705 0.692460 0.795414 0.693948 0.787919 0.697669 0.785273 0.700893 0.785714 0.705357 0.787919 0.707837 0.794974 0.711806 0.810406 0.710069 0.817019 0.705109 0.816578 0.699653 0.815256 0.696677 0.809524 0.693700
0 0.830688 0.703125 0.824074 0.703373 0.819665 0.704365 0.817460 0.705853 0.813933 0.710565 0.813051 0.713046 0.814815 0.715278 0.815697 0.718502 0.822310 0.722966 0.829806 0.721726 0.831570 0.720734 0.836861 0.719742 0.843474 0.716766 0.844797 0.714534 0.844797 0.708581 0.842593 0.706349 0.840388 0.705357
0 0.857584 0.704613 0.854497 0.706349 0.852293 0.709325 0.851852 0.715030 0.853175 0.717758 0.857143 0.719990 0.862434 0.720734 0.874339 0.720486 0.880952 0.719246 0.884480 0.717014 0.886243 0.713542 0.885802 0.711558 0.882275 0.707837 0.876984 0.704861 0.872575 0.703869 0.863316 0.703373
0 0.920635 0.694196 0.918871 0.693204 0.913580 0.692460 0.901235 0.692956 0.892416 0.693948 0.890653 0.695437 0.890212 0.697173 0.884921 0.701141 0.884480 0.705853 0.890212 0.709821 0.897266 0.711062 0.907407 0.711062 0.920194 0.708829 0.925044 0.705357 0.925485 0.702629 0.923721 0.697421
0 0.893739 0.674355 0.880952 0.676091 0.877866 0.677083 0.876984 0.678571 0.875661 0.685020 0.876543 0.689236 0.878307 0.691716 0.884921 0.694940 0.891534 0.694444 0.899030 0.691716 0.903439 0.685764 0.904762 0.682044 0.904321 0.679563 0.897266 0.675099
0 0.902557 0.672123 0.900353 0.673859 0.906966 0.676339 0.912698 0.681548 0.919753 0.685516 0.926808 0.684276 0.931217 0.681052 0.933422 0.678323 0.932540 0.673611 0.927249 0.671131 0.912698 0.669395
0 0.837743 0.679812 0.827160 0.681548 0.823633 0.685516 0.823192 0.690228 0.824956 0.696925 0.829365 0.699157 0.837302 0.697669 0.843915 0.695188 0.851411 0.689732 0.850970 0.685268 0.843474 0.681052
0 0.782628 0.676339 0.776455 0.680308 0.775573 0.683532 0.776455 0.685516 0.780423 0.686508 0.787478 0.691220 0.802028 0.691220 0.805996 0.690476 0.809083 0.688988 0.812169 0.686012 0.813051 0.683284 0.812610 0.678571 0.809524 0.675347 0.802910 0.673363 0.794533 0.673363
0 0.738977 0.670387 0.737213 0.673363 0.737654 0.678323 0.739418 0.681300 0.742063 0.682540 0.755291 0.685268 0.765432 0.684772 0.770723 0.682788 0.773369 0.677083 0.772487 0.673611 0.768519 0.670387 0.765873 0.669643 0.754409 0.668403 0.746032 0.668899
0 0.732804 0.672619 0.727072 0.671875 0.718254 0.671875 0.710317 0.673611 0.705908 0.676339 0.701499 0.681548 0.702381 0.685764 0.705908 0.688492 0.711640 0.691468 0.719136 0.691964 0.728395 0.688988 0.734568 0.684772 0.736332 0.681796 0.736332 0.677579 0.735009 0.674355
0 0.675485 0.665179 0.673280 0.665675 0.664462 0.670139 0.662257 0.674355 0.665785 0.681300 0.672840 0.684772 0.684303 0.687252 0.690917 0.685764 0.696208 0.682788 0.700176 0.677827 0.700176 0.673611 0.696649 0.669395 0.690476 0.665427 0.686508 0.664931
0 0.635802 0.666419 0.623457 0.669891 0.619489 0.673363 0.613757 0.680308 0.613316 0.686012 0.621252 0.690476 0.626102 0.690972 0.635362 0.690476 0.642857 0.686260 0.647707 0.678323 0.647707 0.673611 0.645944 0.671379 0.642416 0.670139
0 0.321869 0.733631 0.318783 0.734623 0.314374 0.737847 0.313492 0.741319 0.314815 0.744296 0.319665 0.748016 0.326720 0.751984 0.328924 0.752480 0.333333 0.752232 0.337743 0.750000 0.340829 0.744544 0.339065 0.738343 0.335979 0.735119 0.332451 0.733631
0 0.347443 0.711558 0.343474 0.711062 0.336861 0.712054 0.327601 0.715030 0.322751 0.718750 0.322310 0.722222 0.324074 0.725942 0.326279 0.728423 0.332451 0.730903 0.336420 0.731647 0.350088 0.730903 0.356702 0.727183 0.359347 0.720982 0.357584 0.716766 0.352734 0.713046
0 0.369929 0.727183 0.360670 0.728423 0.352293 0.732887 0.350529 0.734623 0.350088 0.737103 0.350970 0.740327 0.355820 0.744544 0.364198 0.747272 0.371693 0.747520 0.377425 0.744792 0.379189 0.743056 0.380952 0.736111 0.380511 0.731647 0.379189 0.729415 0.375220 0.727679
0 0.404321 0.736111 0.399471 0.737103 0.391975 0.740575 0.388007 0.744296 0.385362 0.747768 0.385362 0.749008 0.387125 0.752232 0.390212 0.753720 0.402557 0.755952 0.406966 0.756200 0.415785 0.752728 0.420194 0.749752 0.421076 0.748264 0.421076 0.743552 0.420194 0.741815 0.415785 0.740823 0.407407 0.736111
0 0.440917 0.739583 0.438713 0.743056 0.438713 0.746280 0.440917 0.751488 0.442681 0.752480 0.448413 0.753720 0.455908 0.754464 0.465168 0.752480 0.470018 0.749752 0.473104 0.744048 0.469136 0.740575 0.462522 0.738591 0.455908 0.738095
0 0.458554 0.724206 0.451058 0.728423 0.452381 0.736359 0.454586 0.737599 0.462081 0.737847 0.468254 0.738839 0.476190 0.736607 0.479718 0.732639 0.480600 0.728423 0.474868 0.724702 0.470018 0.723710 0.461199 0.723710
0 0.390212 0.720486 0.385802 0.724206 0.386684 0.728671 0.393298 0.732639 0.399030 0.734623 0.408289 0.735367 0.413139 0.734127 0.416667 0.729167 0.417549 0.723462 0.415785 0.720238 0.413139 0.718750 0.407407 0.717758 0.399030 0.718254
0 0.459877 0.703125 0.455026 0.702381 0.442681 0.703125 0.433862 0.708085 0.433422 0.709325 0.435626 0.713046 0.441799 0.717758 0.447531 0.720238 0.455026 0.720238 0.462522 0.716766 0.465168 0.714038 0.466049 0.712054 0.465608 0.707093 0.463845 0.704861
0 0.427249 0.688988 0.424162 0.692956 0.424162 0.697421 0.433862 0.701389 0.440035 0.702133 0.451499 0.701637 0.455467 0.700893 0.460317 0.697669 0.460317 0.693452 0.457231 0.687004 0.455026 0.685764 0.440476 0.685020 0.432981 0.686260
0 0.573192 0.723958 0.566138 0.723462 0.552469 0.728423 0.543651 0.736111 0.544533 0.740575 0.548942 0.743304 0.552910 0.744296 0.561287 0.744792 0.566138 0.743800 0.571869 0.740327 0.574956 0.736855 0.577601 0.728671
0 0.539683 0.725942 0.535714 0.725446 0.524250 0.725942 0.514550 0.729911 0.510141 0.732391 0.507055 0.735615 0.507055 0.737351 0.508818 0.740327 0.513228 0.743304 0.516755 0.744792 0.524691 0.744296 0.529101 0.743056 0.532187 0.741319 0.543210 0.732391 0.543210 0.728175
0 0.544533 0.706845 0.539683 0.708829 0.534832 0.713790 0.533951 0.715526 0.534392 0.718998 0.537037 0.722966 0.541446 0.725694 0.544974 0.726935 0.552469 0.727431 0.562169 0.724702 0.566578 0.720734 0.566578 0.716518 0.563051 0.712798 0.557319 0.709077 0.552469 0.707589
0 0.579806 0.704365 0.574074 0.708581 0.571429 0.712798 0.570988 0.717262 0.571869 0.720982 0.579806 0.726687 0.589065 0.726935 0.594356 0.726190 0.600970 0.723710 0.604497 0.720982 0.604938 0.716518 0.602734 0.713046 0.594356 0.706349
0 0.593034 0.686508 0.590829 0.687252 0.586861 0.690476 0.578042 0.693452 0.576279 0.696429 0.577160 0.700893 0.579365 0.702877 0.585538 0.705109 0.593034 0.706597 0.600970 0.705853 0.604497 0.704365 0.606261 0.701885 0.605379 0.695437 0.600970 0.686756
0 0.565256 0.672867 0.561728 0.674107 0.557319 0.677331 0.560406 0.683284 0.572751 0.691964 0.580247 0.692460 0.584656 0.691220 0.588183 0.689484 0.589065 0.686508 0.588183 0.680804 0.585979 0.677579 0.582011 0.675099 0.574956 0.672619
0 0.536155 0.686012 0.533951 0.689484 0.533069 0.693700 0.535273 0.696677 0.540564 0.699157 0.546296 0.700397 0.560406 0.701389 0.569665 0.699653 0.573192 0.697669 0.572310 0.693204 0.566138 0.687500 0.564374 0.686756 0.546296 0.683284 0.540564 0.683780
0 0.498677 0.700893 0.497795 0.701637 0.497354 0.705357 0.503086 0.712302 0.509700 0.716022 0.512787 0.717014 0.518519 0.717510 0.522046 0.716766 0.526896 0.714038 0.530864 0.709573 0.531746 0.704861 0.529982 0.702629 0.524691 0.699901 0.520723 0.699405 0.503086 0.699405
0 0.468254 0.694196 0.463404 0.697173 0.462963 0.701389 0.466931 0.705109 0.468254 0.709325 0.475309 0.713046 0.482804 0.713046 0.490300 0.708085 0.492504 0.704117 0.492945 0.700397 0.489859 0.696925 0.483245 0.693948 0.472663 0.693700
0 0.463845 0.679563 0.459877 0.684028 0.459436 0.685764 0.464727 0.690476 0.474427 0.693948 0.483245 0.693948 0.489418 0.692212 0.493827 0.689484 0.496032 0.686260 0.494709 0.681548 0.489418 0.679067 0.481922 0.677331 0.470018 0.677331 0.466490 0.678075
0 0.500000 0.681548 0.496473 0.685020 0.496032 0.688492 0.497795 0.693948 0.499559 0.695933 0.504409 0.698413 0.508377 0.699157 0.518959 0.698909 0.522046 0.698165 0.528660 0.694196 0.531746 0.689980 0.529541 0.684772 0.524250 0.681796 0.520282 0.680804 0.507055 0.680060
0 0.517196 0.660466 0.500882 0.669643 0.500000 0.674107 0.506173 0.679315 0.518519 0.680556 0.524691 0.679563 0.529101 0.677083 0.530423 0.674851 0.530423 0.672619 0.526896 0.663442 0.524691 0.661954
0 0.569224 0.667411 0.558201 0.662450 0.551587 0.662202 0.546296 0.663194 0.537478 0.663442 0.532187 0.665675 0.530423 0.669395 0.531305 0.673859 0.533069 0.677083 0.538360 0.680556 0.545414 0.681300 0.555115 0.678571 0.562610 0.673363 0.570988 0.670387 0.570988 0.669147
0 0.593034 0.661706 0.582011 0.665923 0.579806 0.670139 0.582011 0.673859 0.588183 0.678075 0.593034 0.679315 0.600970 0.679563 0.606261 0.678075 0.611111 0.674355 0.611111 0.669643 0.609788 0.665923 0.608025 0.663938 0.601411 0.661706
0 0.558201 0.644345 0.555115 0.645337 0.553792 0.646577 0.553351 0.655258 0.555115 0.659970 0.556878 0.661458 0.565697 0.663938 0.573192 0.662946 0.577160 0.660466 0.582451 0.658482 0.581570 0.655010 0.578483 0.652282 0.577601 0.650298 0.570988 0.645585 0.565697 0.644593
0 0.544974 0.642361 0.537919 0.641617 0.536155 0.642609 0.528219 0.644593 0.522487 0.649058 0.519841 0.652282 0.518959 0.656250 0.520282 0.659226 0.522928 0.660714 0.530423 0.663194 0.536596 0.662946 0.540123 0.662202 0.548060 0.656002 0.548942 0.654514 0.549383 0.646329 0.547619 0.643849
0 0.509259 0.650298 0.504409 0.649306 0.496473 0.649802 0.487654 0.652778 0.483245 0.655506 0.480600 0.658234 0.482363 0.662202 0.485009 0.664931 0.488977 0.667163 0.494268 0.668155 0.500441 0.667659 0.505291 0.666171 0.511905 0.662698 0.516314 0.657986 0.514550 0.653770
0 0.464727 0.659970 0.461199 0.661706 0.457672 0.665675 0.458113 0.667163 0.462081 0.670883 0.464286 0.675099 0.466931 0.676339 0.473545 0.677083 0.483245 0.676587 0.486332 0.674851 0.488977 0.670139 0.486332 0.665923 0.481481 0.661954 0.476631 0.659970 0.471340 0.659474
0 0.441799 0.666915 0.432981 0.670883 0.430335 0.673611 0.429453 0.677827 0.431217 0.680308 0.435626 0.683284 0.439153 0.684028 0.452822 0.684276 0.458995 0.683284 0.462081 0.681796 0.463845 0.678571 0.463845 0.673611 0.461640 0.670139 0.455467 0.666915 0.448413 0.665923
0 0.413580 0.686756 0.406966 0.685020 0.400794 0.685268 0.396384 0.686260 0.388007 0.689732 0.384921 0.692708 0.384921 0.697669 0.387125 0.701389 0.389771 0.702877 0.398148 0.704365 0.407407 0.704365 0.414021 0.702381 0.418871 0.697669 0.419312 0.692708 0.417549 0.689236
0 0.372575 0.697917 0.369048 0.698909 0.360229 0.703869 0.356702 0.712302 0.358025 0.717014 0.361111 0.720486 0.364198 0.721726 0.370370 0.722222 0.377866 0.721726 0.384921 0.719742 0.387125 0.718502 0.390653 0.713294 0.390212 0.708333 0.386684 0.703125 0.379630 0.699157
0 0.371693 0.686012 0.365520 0.685020 0.361993 0.683780 0.356702 0.683532 0.350529 0.684276 0.346561 0.685516 0.338624 0.689484 0.335538 0.692956 0.336420 0.697173 0.343915 0.703869 0.349647 0.704861 0.356702 0.704117 0.361552 0.702381 0.368166 0.698413 0.372575 0.693452 0.372575 0.687748
0 0.385802 0.662450 0.378307 0.661954 0.373898 0.663194 0.370370 0.665179 0.365961 0.669643 0.363757 0.673115 0.363757 0.677083 0.364638 0.678571 0.371252 0.683284 0.378748 0.683532 0.386684 0.682044 0.393739 0.679812 0.399471 0.676091 0.400353 0.674603 0.399471 0.670387 0.392416 0.666915 0.391093 0.665427
0 0.405644 0.650794 0.399030 0.652034 0.394621 0.654266 0.394180 0.655754 0.391534 0.657986 0.391534 0.662202 0.399030 0.668651 0.408730 0.669147 0.413580 0.668651 0.418871 0.666667 0.420194 0.657986 0.416667 0.653522
0 0.423721 0.646329 0.418871 0.650794 0.418430 0.655010 0.424603 0.661210 0.434303 0.664187 0.440476 0.665179 0.449295 0.665179 0.457231 0.663194 0.459877 0.661954 0.461640 0.659226 0.460758 0.655754 0.453704 0.649802 0.445767 0.645585 0.439153 0.643849 0.433422 0.643353 0.427249 0.644345
0 0.457672 0.638641 0.454145 0.641865 0.453263 0.646577 0.454586 0.649058 0.461640 0.654018 0.467372 0.655506 0.475750 0.655754 0.482363 0.653274 0.485891 0.650546 0.486332 0.645585 0.484127 0.641617 0.476190 0.637897 0.461199 0.637649
0 0.491623 0.634673 0.492504 0.638889 0.494268 0.640377 0.496032 0.643849 0.500882 0.647073 0.511464 0.648810 0.517637 0.648065 0.521164 0.646329 0.523369 0.642857 0.523369 0.638393 0.520723 0.634921 0.518519 0.633681 0.511464 0.632440 0.501323 0.632440
0 0.468695 0.609871 0.462081 0.612103 0.458113 0.615327 0.457672 0.619792 0.461640 0.625744 0.469577 0.630704 0.482363 0.633681 0.485009 0.633433 0.488977 0.631448 0.493386 0.625744 0.493827 0.620040 0.492063 0.615327 0.487654 0.611359 0.482804 0.609623 0.474868 0.609127
0 0.574074 0.633929 0.572310 0.634921 0.571869 0.642857 0.578483 0.649058 0.585979 0.653026 0.595238 0.653026 0.598765 0.652282 0.606702 0.646825 0.605379 0.641121 0.602734 0.638145 0.596120 0.634177 0.592593 0.633185 0.578924 0.632440
0 0.614638 0.646329 0.609347 0.647073 0.606702 0.648065 0.600970 0.652778 0.599206 0.655754 0.599206 0.658730 0.601411 0.660466 0.606261 0.661954 0.611993 0.662698 0.615961 0.662698 0.622134 0.661706 0.626984 0.658482 0.628307 0.654514 0.627425 0.650546 0.625661 0.648810 0.623016 0.647817
0 0.665785 0.655010 0.658730 0.654762 0.654321 0.655258 0.647707 0.656994 0.642857 0.659474 0.641093 0.661706 0.640653 0.666171 0.643298 0.668899 0.649471 0.671875 0.654321 0.672619 0.662698 0.672371 0.667989 0.668403 0.670194 0.665427 0.670635 0.660218 0.668871 0.656250
0 0.704145 0.653522 0.697531 0.655010 0.693563 0.657986 0.692240 0.661458 0.692681 0.665675 0.701058 0.672619 0.704145 0.673363 0.711640 0.673363 0.720018 0.671379 0.723104 0.669891 0.726190 0.666419 0.726190 0.661706 0.723986 0.658482 0.717372 0.655010 0.711199 0.653770
0 0.672399 0.642361 0.667108 0.646329 0.666226 0.651538 0.667549 0.653522 0.671076 0.655506 0.675044 0.656498 0.685626 0.656498 0.692240 0.655754 0.694444 0.654514 0.695326 0.650050 0.691358 0.645833 0.687831 0.643849 0.682540 0.642113 0.676808 0.641617
0 0.649471 0.634177 0.637125 0.634921 0.631393 0.636657 0.626543 0.640625 0.625661 0.646577 0.627866 0.649058 0.635362 0.653770 0.642416 0.655754 0.649471 0.655258 0.653439 0.653274 0.658289 0.645585 0.658730 0.641617 0.657407 0.638641
0 0.604497 0.624008 0.597002 0.630704 0.598765 0.634921 0.607584 0.639137 0.621693 0.639385 0.627425 0.638145 0.630511 0.635169 0.630511 0.633681 0.628748 0.631200 0.621252 0.630456 0.616402 0.628968 0.614198 0.627728 0.611552 0.624504 0.607143 0.623264
0 0.788360 0.657242 0.780864 0.657490 0.777337 0.658234 0.774250 0.659970 0.773369 0.662450 0.770282 0.665923 0.770282 0.670139 0.774250 0.674355 0.780864 0.676587 0.796296 0.672371 0.799824 0.670139 0.799383 0.665923 0.789683 0.658978
0 0.753527 0.655258 0.746032 0.655258 0.737654 0.658978 0.728836 0.660714 0.727513 0.662698 0.728395 0.667907 0.731922 0.669147 0.740741 0.669147 0.753527 0.667659 0.756173 0.665675 0.757496 0.662946 0.757496 0.657986
0 0.812169 0.662946 0.809965 0.665427 0.810406 0.671131 0.811287 0.673363 0.815697 0.677579 0.822310 0.680556 0.830688 0.680556 0.838624 0.678819 0.843034 0.674355 0.843915 0.670139 0.842152 0.665675 0.839947 0.663690 0.836861 0.662202 0.825838 0.661210 0.816138 0.661706
0 0.789242 0.652778 0.787478 0.654018 0.787478 0.655010 0.789683 0.658482 0.795855 0.663442 0.800705 0.665179 0.809083 0.664931 0.814815 0.661954 0.817460 0.657738 0.817460 0.654018 0.810406 0.651042 0.802910 0.649306 0.800705 0.649306
0 0.756173 0.643353 0.754409 0.646329 0.754409 0.653522 0.755291 0.655258 0.757496 0.656746 0.762346 0.657738 0.774691 0.658234 0.782187 0.657242 0.784392 0.656250 0.785273 0.655258 0.786155 0.646329 0.781746 0.643105 0.773369 0.640873 0.765432 0.640625 0.760141 0.641369
0 0.740300 0.640377 0.731922 0.640377 0.726631 0.641617 0.720459 0.644841 0.716049 0.650298 0.716931 0.653770 0.720018 0.656498 0.725750 0.659474 0.735891 0.659474 0.744709 0.656746 0.750441 0.652778 0.751323 0.650794 0.750441 0.645585 0.747795 0.643601
0 0.719577 0.633681 0.711640 0.631696 0.704586 0.631200 0.697972 0.632192 0.690917 0.635913 0.689153 0.638145 0.689594 0.641617 0.693122 0.646577 0.697972 0.651290 0.708554 0.651290 0.714286 0.649554 0.716931 0.648065 0.723545 0.642609 0.723545 0.638145
0 0.746473 0.625992 0.741623 0.627232 0.737213 0.629712 0.734127 0.634177 0.734568 0.636657 0.735891 0.638641 0.741182 0.641121 0.746914 0.642857 0.753968 0.643849 0.757055 0.642857 0.761905 0.639633 0.764550 0.635169 0.764109 0.630704 0.759259 0.627480 0.753968 0.625744
0 0.772046 0.631200 0.770723 0.631944 0.769841 0.634921 0.776455 0.640129 0.779982 0.642113 0.785273 0.643849 0.788801 0.644345 0.795855 0.643353 0.800265 0.641865 0.804233 0.638641 0.805115 0.634177 0.803351 0.632192 0.798501 0.629960 0.794092 0.629464 0.776896 0.630456
0 0.823192 0.631944 0.815697 0.632937 0.807760 0.635913 0.798942 0.642361 0.801146 0.646577 0.815697 0.652778 0.823192 0.652034 0.828483 0.643353 0.828483 0.636657 0.827160 0.634673
0 0.920194 0.648810 0.915344 0.649554 0.908289 0.652034 0.901235 0.657986 0.901675 0.662450 0.909612 0.667163 0.913139 0.668155 0.920635 0.668155 0.927690 0.662450 0.929894 0.658482 0.929894 0.654018 0.927249 0.650298
0 0.867725 0.653522 0.863757 0.655506 0.860229 0.658482 0.859347 0.662946 0.861552 0.666667 0.863757 0.668651 0.876102 0.675347 0.879189 0.675595 0.884039 0.674355 0.889330 0.673859 0.894180 0.671379 0.897707 0.666915 0.898148 0.661954 0.895503 0.658234 0.891975 0.656002 0.883157 0.653522 0.878748 0.652778 0.870370 0.652778
0 0.845238 0.643353 0.837743 0.644097 0.832011 0.645585 0.829806 0.646577 0.827160 0.649554 0.827160 0.654514 0.836861 0.661458 0.843915 0.661458 0.852734 0.658482 0.858907 0.654514 0.855379 0.647569 0.849206 0.644345
0 0.858466 0.633185 0.854497 0.640129 0.854497 0.643105 0.857584 0.645337 0.864198 0.647817 0.871252 0.648562 0.878748 0.648313 0.886243 0.646577 0.888448 0.642113 0.883598 0.637649 0.878307 0.634425 0.864638 0.632192
0 0.882716 0.634425 0.884039 0.638889 0.890212 0.643353 0.899030 0.645337 0.905203 0.646081 0.913139 0.645585 0.919312 0.644345 0.921076 0.643353 0.924603 0.638889 0.923721 0.634177 0.919312 0.629464 0.916667 0.628472 0.909171 0.627480 0.895944 0.627728
0 0.924603 0.623264 0.921076 0.624752 0.919312 0.627480 0.924603 0.634673 0.925926 0.638889 0.933422 0.643105 0.941358 0.643601 0.948413 0.639633 0.950617 0.635417 0.951058 0.627976 0.949295 0.624008 0.947972 0.622768 0.942240 0.621776 0.932981 0.622024
0 0.837743 0.622768 0.832011 0.625000 0.826279 0.630704 0.828483 0.634425 0.832451 0.637153 0.838183 0.638393 0.842593 0.640129 0.850529 0.639881 0.855820 0.634921 0.856702 0.630456 0.854938 0.626240 0.850970 0.623016 0.844356 0.622272
0 0.815256 0.610615 0.809083 0.612351 0.805115 0.615079 0.803792 0.624256 0.805115 0.627728 0.807760 0.629712 0.816578 0.630952 0.824956 0.629216 0.836420 0.622768 0.838183 0.620536 0.838183 0.618304 0.836861 0.616567 0.833774 0.614831 0.823633 0.611607
0 0.761905 0.616815 0.761023 0.620536 0.763228 0.625000 0.773369 0.628720 0.781746 0.629216 0.794974 0.628224 0.799383 0.626736 0.802910 0.623760 0.803792 0.621032 0.803351 0.617560 0.800265 0.614335 0.794092 0.611855 0.781746 0.610863 0.768519 0.613343
0 0.716931 0.616319 0.711640 0.617312 0.703704 0.620784 0.702822 0.624504 0.704145 0.628472 0.706349 0.630952 0.719577 0.633681 0.725750 0.632937 0.728395 0.631448 0.732363 0.626984 0.732804 0.622768 0.730159 0.619048 0.727072 0.617312 0.721340 0.616319
0 0.738977 0.609375 0.732363 0.611607 0.729718 0.613095 0.727513 0.615575 0.734127 0.625000 0.738095 0.626736 0.746473 0.626240 0.752205 0.624752 0.754409 0.623264 0.756173 0.618800 0.754850 0.616071 0.752205 0.614087 0.741182 0.609623
0 0.710317 0.602679 0.703263 0.602183 0.695326 0.603175 0.686508 0.609127 0.684744 0.611111 0.686949 0.615327 0.691358 0.618056 0.697531 0.619792 0.705026 0.619792 0.712081 0.617560 0.715168 0.615575 0.716931 0.612847 0.718254 0.606895 0.715168 0.604415
0 0.683862 0.594494 0.678131 0.593502 0.673280 0.594246 0.664903 0.599950 0.663580 0.603423 0.664462 0.606895 0.669753 0.611855 0.683862 0.610615 0.690035 0.607391 0.692681 0.602927 0.690035 0.598710
0 0.531305 0.616567 0.523369 0.620288 0.520723 0.622768 0.519841 0.626240 0.520282 0.630952 0.523369 0.633185 0.528219 0.634921 0.537919 0.636657 0.542328 0.636161 0.545414 0.635169 0.549824 0.630952 0.551146 0.626984 0.550705 0.622520 0.548501 0.620040 0.543210 0.617312 0.539242 0.616319
0 0.627866 0.610119 0.619048 0.612351 0.612434 0.616319 0.610670 0.618552 0.609347 0.623264 0.614638 0.628472 0.622134 0.630704 0.628748 0.631200 0.635362 0.629960 0.638007 0.628472 0.642857 0.623760 0.644180 0.618800 0.642416 0.615079 0.635802 0.611855
0 0.642416 0.598710 0.639330 0.599454 0.637125 0.601190 0.631834 0.603423 0.627866 0.607639 0.634039 0.610119 0.643739 0.615327 0.646825 0.616071 0.651235 0.616071 0.654321 0.615079 0.656966 0.608135 0.656085 0.604167 0.650353 0.599454
0 0.600970 0.608631 0.591711 0.608383 0.588183 0.609127 0.582892 0.614583 0.584215 0.623264 0.593034 0.628224 0.595238 0.627976 0.607143 0.622768 0.609788 0.614583 0.608025 0.611111 0.605820 0.609871
0 0.565697 0.614831 0.562169 0.616071 0.553351 0.621528 0.552028 0.623512 0.551587 0.628224 0.552910 0.629960 0.555115 0.630952 0.574074 0.633433 0.579365 0.631944 0.584215 0.628720 0.585538 0.627232 0.585097 0.622520 0.582892 0.619048 0.579806 0.616567 0.573192 0.614831
0 0.559524 0.592758 0.551587 0.596478 0.549383 0.599454 0.548942 0.604663 0.552028 0.609871 0.557760 0.613343 0.565256 0.614831 0.574074 0.614583 0.580688 0.613095 0.584656 0.611111 0.586420 0.608135 0.585538 0.601935 0.582011 0.597222 0.578483 0.595238 0.567460 0.592510
0 0.629189 0.593502 0.620811 0.590526 0.614198 0.590526 0.602734 0.593254 0.595679 0.595982 0.592152 0.599454 0.589947 0.603671 0.593915 0.605407 0.597002 0.607887 0.600529 0.609127 0.609347 0.609375 0.620811 0.607143 0.626984 0.604663 0.631393 0.600694 0.630952 0.595734
0 0.612434 0.576141 0.608466 0.575149 0.600970 0.575397 0.592593 0.577877 0.589065 0.580109 0.584656 0.584325 0.582892 0.588046 0.582892 0.592014 0.583774 0.592758 0.593474 0.594742 0.597884 0.594494 0.615079 0.590526 0.617725 0.589286 0.619929 0.584821 0.619929 0.582837 0.618607 0.580605
0 0.673280 0.591766 0.670635 0.589534 0.663580 0.586310 0.648148 0.586558 0.644621 0.587550 0.639771 0.591270 0.639771 0.592758 0.641975 0.595734 0.643739 0.596478 0.653880 0.598462 0.663580 0.599454 0.670635 0.596230
0 0.649030 0.571925 0.641534 0.575645 0.637125 0.579861 0.635362 0.583085 0.635802 0.584821 0.641093 0.587054 0.658289 0.586806 0.663580 0.585813 0.667989 0.580853 0.667989 0.578621 0.666226 0.575397 0.659612 0.572917
0 0.717813 0.582589 0.710758 0.582341 0.703263 0.583829 0.697972 0.585565 0.694885 0.587798 0.694004 0.592262 0.698854 0.596478 0.704586 0.599206 0.712522 0.599206 0.718254 0.595982 0.722222 0.591270 0.723545 0.587550 0.720899 0.584573
0 0.725750 0.590526 0.721340 0.592758 0.718695 0.596230 0.714286 0.599454 0.715168 0.603671 0.720018 0.606399 0.723986 0.607639 0.733245 0.608135 0.737213 0.606647 0.742504 0.599950 0.742504 0.595238 0.741182 0.593502 0.732804 0.590278
0 0.752205 0.597222 0.745591 0.598214 0.742945 0.599454 0.741182 0.603175 0.741623 0.607143 0.744268 0.610615 0.746473 0.612103 0.753086 0.614087 0.762346 0.612847 0.765873 0.610863 0.768959 0.607391 0.770282 0.603175 0.764550 0.598710 0.761023 0.597718
0 0.806437 0.593750 0.791446 0.589038 0.787037 0.588790 0.781305 0.589782 0.778660 0.591518 0.772487 0.598958 0.772487 0.600446 0.774691 0.603919 0.777778 0.605655 0.782628 0.606647 0.790564 0.606399 0.800705 0.603919 0.805996 0.601438 0.807319 0.599950 0.808201 0.595486
0 0.884480 0.606399 0.879189 0.606895 0.869929 0.609127 0.866402 0.611111 0.865520 0.616567 0.866402 0.619048 0.869929 0.621776 0.878307 0.625248 0.887566 0.626240 0.892416 0.625496 0.896384 0.620784 0.899030 0.619048 0.893298 0.609623 0.890212 0.607639
0 0.912698 0.602927 0.906085 0.603919 0.902116 0.606399 0.899030 0.607391 0.899030 0.611359 0.900794 0.613095 0.901675 0.615575 0.904762 0.617560 0.910935 0.619296 0.914903 0.619296 0.920194 0.617808 0.926808 0.614583 0.931658 0.611111 0.929012 0.607391 0.927249 0.606399 0.923721 0.605655 0.920194 0.603423
0 0.867725 0.595486 0.858466 0.594494 0.852734 0.594742 0.848325 0.595486 0.843474 0.597470 0.839947 0.603671 0.841270 0.607639 0.847002 0.611607 0.850529 0.612599 0.861993 0.611607 0.865079 0.610863 0.872575 0.607143 0.875220 0.604167 0.874780 0.600198
0 0.876543 0.591766 0.873898 0.595982 0.877866 0.601687 0.882716 0.604415 0.891534 0.606399 0.897266 0.606399 0.900353 0.605903 0.907848 0.602431 0.909612 0.600198 0.910053 0.595238 0.908289 0.593006 0.905644 0.591518 0.899471 0.589782 0.888448 0.589286 0.884039 0.589782
0 0.948854 0.591270 0.942240 0.590526 0.934303 0.590774 0.926367 0.592758 0.921076 0.595486 0.917989 0.599206 0.918871 0.600942 0.926367 0.604911 0.930776 0.605655 0.942240 0.605903 0.948413 0.604167 0.953704 0.599950 0.953263 0.595238
0 0.833333 0.589534 0.820988 0.589038 0.815697 0.589782 0.809083 0.592014 0.806878 0.599454 0.807319 0.601190 0.809965 0.604415 0.815697 0.607143 0.823633 0.607639 0.832892 0.605407 0.836861 0.603919 0.843034 0.595734 0.842593 0.594246 0.839947 0.592014
0 0.840829 0.575893 0.835538 0.579861 0.835538 0.584077 0.842593 0.587550 0.848765 0.588294 0.858907 0.588046 0.865961 0.584077 0.866402 0.578869 0.864198 0.575397 0.858466 0.574405 0.849206 0.574405
0 0.890653 0.568452 0.886243 0.567708 0.878307 0.567956 0.871693 0.569196 0.867284 0.571429 0.866843 0.576389 0.868607 0.578621 0.870370 0.583581 0.871693 0.584325 0.877866 0.585317 0.884921 0.584821 0.892416 0.580853 0.895944 0.576141 0.895944 0.571677 0.894621 0.570188
0 0.906085 0.563988 0.896384 0.567956 0.898589 0.573909 0.900353 0.576389 0.903880 0.578125 0.906966 0.578869 0.914021 0.578869 0.917989 0.577877 0.920635 0.576141 0.922840 0.572669 0.922840 0.568204 0.920635 0.566716 0.913580 0.563988
0 0.920635 0.574405 0.914903 0.579613 0.916667 0.584077 0.920194 0.587302 0.926808 0.589534 0.930776 0.589534 0.941799 0.588046 0.945326 0.586310 0.946649 0.584821 0.946208 0.580357 0.939153 0.574653 0.934744 0.573413 0.923721 0.573661
0 0.569665 0.572173 0.561728 0.572173 0.556878 0.573413 0.552028 0.575893 0.547619 0.579861 0.547619 0.584077 0.550705 0.587798 0.558642 0.591270 0.566138 0.590278 0.567460 0.588046 0.571429 0.585813 0.573192 0.583829 0.574956 0.580109 0.574956 0.576141 0.573192 0.573661
0 0.537919 0.567460 0.532187 0.566468 0.529541 0.566716 0.523810 0.568452 0.520723 0.571925 0.518519 0.581845 0.519400 0.585317 0.522487 0.588046 0.524691 0.588046 0.527778 0.586062 0.531305 0.585813 0.544092 0.580853 0.548501 0.576389 0.547619 0.572173 0.544092 0.569940
0 0.134921 0.738343 0.128307 0.740327 0.124339 0.743552 0.123016 0.749256 0.123457 0.751984 0.126984 0.754464 0.135802 0.756200 0.142416 0.754464 0.149471 0.749504 0.149912 0.743552 0.142857 0.740079
0 0.337743 0.651290 0.332451 0.653274 0.328483 0.657986 0.328483 0.662450 0.332011 0.667163 0.335979 0.669643 0.339065 0.670635 0.344356 0.670883 0.350970 0.669395 0.353616 0.667163 0.355820 0.662946 0.355379 0.659474 0.352734 0.654762 0.349647 0.652282 0.344797 0.651290
0 0.307760 0.665923 0.302469 0.668155 0.301146 0.669395 0.301146 0.673115 0.303351 0.677827 0.315697 0.685020 0.323192 0.685268 0.328924 0.683036 0.336420 0.678075 0.336420 0.673611 0.332011 0.670883 0.316138 0.665427
0 0.319665 0.692708 0.317460 0.693204 0.309524 0.697173 0.307319 0.700893 0.306437 0.705357 0.309524 0.707837 0.309965 0.709077 0.315697 0.712798 0.322310 0.714038 0.330247 0.713790 0.338183 0.710813 0.341270 0.705357 0.340829 0.703621 0.330247 0.693452 0.324515 0.692460
0 0.302028 0.691220 0.294974 0.691964 0.286155 0.695437 0.283069 0.697173 0.279541 0.701389 0.278660 0.705109 0.281746 0.709077 0.287919 0.711062 0.296296 0.711558 0.299824 0.710813 0.303792 0.709077 0.305556 0.705357 0.305996 0.699653 0.304674 0.693204
0 0.277778 0.672867 0.273810 0.675347 0.272487 0.677579 0.272928 0.682788 0.274250 0.684524 0.277337 0.685764 0.282628 0.686508 0.295414 0.686508 0.298501 0.685764 0.300705 0.681548 0.294974 0.674107 0.288801 0.671627 0.280864 0.671875
0 0.149471 0.761657 0.141975 0.762153 0.136243 0.763393 0.132275 0.766369 0.130071 0.771081 0.130952 0.775794 0.136684 0.783482 0.141975 0.784722 0.149471 0.784722 0.155644 0.783482 0.164903 0.779266 0.168430 0.775794 0.167989 0.771081 0.162257 0.766121 0.157407 0.763393
0 0.238977 0.711310 0.231041 0.711310 0.223986 0.712798 0.217372 0.716766 0.215608 0.720238 0.216049 0.721974 0.218695 0.724950 0.225750 0.729167 0.231922 0.730655 0.239418 0.729415 0.242945 0.727431 0.246473 0.726438 0.248677 0.724206 0.249559 0.719742 0.248236 0.715526 0.245150 0.712798
0 0.191358 0.721726 0.188713 0.721974 0.183862 0.723710 0.179894 0.730407 0.176808 0.732391 0.176808 0.737599 0.179012 0.740327 0.183422 0.742312 0.198413 0.741319 0.206790 0.736607 0.206349 0.732639 0.202381 0.728423
0 0.134039 0.714534 0.128307 0.715030 0.121252 0.717758 0.116402 0.720486 0.114638 0.725198 0.116843 0.728919 0.121252 0.732143 0.131393 0.734623 0.134921 0.736359 0.142416 0.735615 0.145062 0.734375 0.152557 0.732639 0.152998 0.723462 0.150353 0.718998 0.145062 0.716270 0.140653 0.715030
0 0.160935 0.702629 0.156085 0.703869 0.153880 0.705109 0.152116 0.708085 0.152557 0.712550 0.154762 0.717262 0.159171 0.719990 0.163139 0.721230 0.170635 0.721726 0.179453 0.720238 0.183422 0.717510 0.184744 0.713790 0.182540 0.705109 0.177249 0.702381 0.167549 0.702133
0 0.190476 0.687748 0.183862 0.690476 0.177690 0.697421 0.177249 0.701389 0.183422 0.705357 0.188272 0.706349 0.198854 0.706349 0.205467 0.705109 0.208995 0.701389 0.209436 0.696677 0.208554 0.694940 0.203263 0.691964 0.197972 0.687748
0 0.226190 0.686508 0.218695 0.687004 0.210317 0.691716 0.208554 0.693948 0.208113 0.697421 0.209436 0.702133 0.218695 0.704861 0.227513 0.704613 0.235009 0.703373 0.238095 0.701885 0.241182 0.697421 0.239418 0.692460 0.237213 0.690228 0.230600 0.687500
0 0.247354 0.672371 0.236332 0.673611 0.228836 0.677579 0.227513 0.685516 0.231922 0.688740 0.239418 0.690972 0.245591 0.690228 0.250000 0.688740 0.253086 0.686756 0.254409 0.684772 0.254850 0.681300 0.253968 0.678075 0.251764 0.674851
0 0.132716 0.681548 0.132716 0.685516 0.137566 0.688244 0.142857 0.693452 0.147266 0.694692 0.156966 0.694692 0.160935 0.693452 0.165785 0.689732 0.167108 0.686012 0.166667 0.681548 0.164021 0.679315 0.157407 0.678075 0.148148 0.678323
0 0.039683 0.701141 0.039242 0.705605 0.041005 0.707837 0.044974 0.710317 0.049383 0.711062 0.059524 0.710813 0.067460 0.709325 0.079806 0.705357 0.079806 0.703621 0.078042 0.701389 0.073192 0.699653 0.068783 0.696181 0.059083 0.693452 0.051146 0.693204 0.045414 0.694692 0.041887 0.697173
0 0.121693 0.667411 0.115079 0.666171 0.105820 0.667163 0.101411 0.668651 0.093474 0.672867 0.090829 0.676587 0.090829 0.679812 0.092593 0.683284 0.095238 0.685764 0.100529 0.687500 0.108466 0.687748 0.113757 0.686508 0.117725 0.684772 0.124339 0.679315 0.126984 0.674107 0.126102 0.670139
0 0.378748 0.638889 0.370811 0.639137 0.361552 0.641617 0.357584 0.644097 0.352734 0.650298 0.353175 0.654514 0.357143 0.659226 0.361111 0.660466 0.366843 0.661210 0.371252 0.662698 0.379630 0.660218 0.383157 0.655506 0.385802 0.653770 0.387566 0.650794 0.388007 0.645833 0.387125 0.644345
0 0.260582 0.656746 0.252205 0.657986 0.248677 0.659722 0.246473 0.661706 0.246032 0.667163 0.248236 0.671875 0.253527 0.676339 0.271605 0.675099 0.275132 0.673611 0.277778 0.670387 0.277337 0.665179 0.275573 0.661706 0.270282 0.658978
0 0.265432 0.640625 0.261905 0.639633 0.258377 0.639633 0.244709 0.640873 0.239418 0.644345 0.238095 0.646081 0.238095 0.651042 0.239418 0.653274 0.246473 0.656002 0.252205 0.656498 0.262787 0.655754 0.268519 0.654018 0.272046 0.650546 0.272046 0.645585 0.270723 0.643601
0 0.315256 0.632688 0.309965 0.634425 0.305115 0.637401 0.301587 0.642113 0.301587 0.647073 0.305996 0.651290 0.310847 0.653274 0.315256 0.654018 0.326720 0.653522 0.331570 0.652282 0.335979 0.649802 0.337302 0.646825 0.336861 0.642857 0.332011 0.637649 0.328483 0.635665 0.322310 0.633433
0 0.328483 0.624008 0.326720 0.626488 0.327601 0.630952 0.332011 0.633681 0.342593 0.636161 0.351411 0.636161 0.359347 0.634921 0.362434 0.632688 0.362875 0.627480 0.361993 0.625744 0.350088 0.618800 0.344356 0.617560 0.340388 0.618056 0.335538 0.619544
0 0.315697 0.617560 0.309965 0.616815 0.301587 0.617808 0.297619 0.619296 0.294974 0.622272 0.293210 0.626240 0.293651 0.628472 0.297619 0.631696 0.302028 0.632688 0.309965 0.632937 0.316138 0.631448 0.323192 0.627232 0.323633 0.623016
0 0.270723 0.626240 0.268959 0.626984 0.268078 0.630208 0.267637 0.638889 0.270282 0.642609 0.273810 0.643601 0.284832 0.642857 0.294533 0.638641 0.295855 0.636161 0.295414 0.633185 0.291446 0.630208 0.284392 0.627976 0.281746 0.626488 0.276455 0.625744
0 0.239418 0.625248 0.236332 0.627480 0.235009 0.630952 0.236332 0.634921 0.239418 0.637897 0.245591 0.639633 0.254409 0.639633 0.260582 0.637897 0.265432 0.634921 0.266755 0.630704 0.260582 0.625000 0.255732 0.624256 0.246473 0.624256
0 0.295855 0.609127 0.288801 0.606151 0.282187 0.604911 0.273369 0.605903 0.263228 0.608879 0.259259 0.611607 0.257937 0.615327 0.261023 0.617560 0.261464 0.619544 0.263668 0.622024 0.269841 0.624008 0.276896 0.624256 0.281305 0.623760 0.289683 0.620784 0.296296 0.615575 0.296737 0.610615
0 0.253527 0.600446 0.244709 0.600446 0.239418 0.601190 0.232363 0.607391 0.232804 0.614583 0.239418 0.619544 0.243386 0.620040 0.250000 0.619544 0.256173 0.617560 0.260582 0.614831 0.262787 0.607639 0.260582 0.603919
0 0.236772 0.593750 0.227513 0.592262 0.218254 0.592262 0.212522 0.593750 0.208554 0.595734 0.205908 0.599206 0.205908 0.600446 0.213845 0.609375 0.216049 0.609871 0.222663 0.609623 0.229277 0.608135 0.232804 0.606647 0.239859 0.599950 0.239859 0.595486
0 0.198854 0.598462 0.190035 0.599454 0.182981 0.602183 0.180776 0.604415 0.179894 0.607887 0.181217 0.612599 0.184303 0.615327 0.189153 0.616567 0.197972 0.616567 0.204586 0.615327 0.208113 0.614087 0.211640 0.611359 0.212081 0.607143 0.208995 0.602927 0.204586 0.599950
0 0.156526 0.648313 0.148589 0.649306 0.145944 0.650298 0.141534 0.654018 0.138889 0.662202 0.142416 0.664931 0.149471 0.664683 0.155203 0.663690 0.159612 0.661706 0.164903 0.653770 0.161817 0.650298
0 0.165785 0.636657 0.162257 0.638641 0.156085 0.640625 0.155203 0.642113 0.156085 0.645089 0.163580 0.652034 0.169312 0.653522 0.177690 0.653274 0.183422 0.650794 0.187831 0.646577 0.188272 0.641617 0.186949 0.638889 0.184744 0.637649 0.177249 0.636161 0.168430 0.636161
0 0.145062 0.619048 0.144621 0.621528 0.141534 0.627232 0.144621 0.629464 0.145062 0.630952 0.152557 0.634921 0.155203 0.635417 0.163139 0.634921 0.170635 0.631448 0.174162 0.627232 0.174162 0.623016 0.169312 0.619048 0.163580 0.618056 0.156085 0.617560
0 0.139771 0.626736 0.135362 0.625744 0.127425 0.625496 0.122134 0.626736 0.112434 0.631200 0.108907 0.634425 0.108907 0.635417 0.111111 0.638889 0.116402 0.642857 0.119489 0.643353 0.126102 0.642857 0.135362 0.638145 0.140212 0.632440 0.142416 0.630952
0 0.078924 0.628224 0.072751 0.627232 0.066138 0.628720 0.063051 0.630456 0.061287 0.632440 0.056878 0.634673 0.055996 0.638641 0.058642 0.642857 0.061287 0.644345 0.064815 0.645089 0.073633 0.645089 0.080247 0.644097 0.083333 0.642361 0.084656 0.640129 0.086861 0.638889 0.087302 0.633929 0.083774 0.630952
0 0.088183 0.593998 0.080688 0.594246 0.073192 0.595486 0.067460 0.599950 0.066578 0.603671 0.072310 0.606399 0.079806 0.608631 0.086861 0.608631 0.090388 0.607639 0.094356 0.604663 0.096120 0.598958 0.093915 0.595982
0 0.129630 0.585069 0.124339 0.586310 0.120811 0.588046 0.119489 0.590526 0.119489 0.595238 0.122575 0.600198 0.128307 0.603919 0.135802 0.603919 0.141093 0.602183 0.144180 0.600198 0.149471 0.595486 0.151675 0.591022 0.149471 0.587550 0.145944 0.586062 0.138007 0.585069
0 0.177249 0.596478 0.173721 0.594246 0.169753 0.593006 0.163139 0.592262 0.152998 0.594494 0.149030 0.596478 0.145944 0.600198 0.145062 0.603671 0.148589 0.605655 0.162698 0.607887 0.168871 0.607391 0.178131 0.603671 0.179012 0.598958
0 0.178131 0.587550 0.177690 0.592014 0.179012 0.595486 0.182981 0.597470 0.191799 0.597222 0.197972 0.596230 0.205026 0.592262 0.207672 0.591518 0.207672 0.587798 0.198413 0.584573 0.191358 0.583829 0.183862 0.583829 0.179894 0.585813
0 0.221340 0.577629 0.217813 0.579613 0.217813 0.580605 0.219136 0.582341 0.220899 0.588542 0.223986 0.591022 0.232363 0.592510 0.237654 0.592262 0.243827 0.590774 0.248677 0.588294 0.249118 0.582837 0.242504 0.577877 0.239859 0.576885 0.233686 0.576389 0.224868 0.576637
0 0.204586 0.566468 0.202381 0.567708 0.200176 0.575149 0.200617 0.577629 0.201940 0.579117 0.206790 0.581349 0.210758 0.582093 0.214727 0.581845 0.216931 0.581101 0.220018 0.578373 0.227954 0.576141 0.228395 0.571925 0.227072 0.570437 0.219136 0.566468 0.213845 0.565972
0 0.182981 0.563740 0.176808 0.566716 0.175044 0.569196 0.174603 0.572917 0.178131 0.577629 0.181658 0.579365 0.190035 0.580357 0.198854 0.578621 0.201499 0.575645 0.202822 0.568948 0.201499 0.565724 0.200176 0.564980 0.191358 0.563492
0 0.156085 0.575397 0.149912 0.578125 0.148148 0.579613 0.148148 0.584077 0.149030 0.585565 0.152998 0.588046 0.162257 0.590030 0.172840 0.587798 0.175926 0.586062 0.177690 0.584077 0.177690 0.579861 0.175926 0.577381 0.173721 0.576141 0.169312 0.575149 0.161376 0.574901
0 0.114638 0.568204 0.109347 0.571925 0.108907 0.576885 0.111552 0.583829 0.114638 0.585813 0.122134 0.586062 0.128748 0.584325 0.130952 0.582589 0.134039 0.577133 0.133157 0.572173 0.129630 0.569692 0.125220 0.568204
0 0.149030 0.553075 0.141975 0.557788 0.138007 0.563740 0.138448 0.565972 0.141093 0.568452 0.145944 0.569692 0.156966 0.569940 0.164021 0.568204 0.168430 0.564980 0.168430 0.559028 0.164462 0.555308 0.161376 0.554067 0.156966 0.553075
0 0.186949 0.544643 0.181658 0.544395 0.176808 0.544891 0.173280 0.546875 0.167989 0.548611 0.164903 0.551587 0.164462 0.554067 0.165785 0.556548 0.174603 0.560764 0.184744 0.561012 0.191358 0.556300 0.192681 0.552579 0.190917 0.548363
0 0.219136 0.547619 0.209877 0.548115 0.204586 0.549603 0.198854 0.552827 0.197531 0.557044 0.200176 0.558780 0.202381 0.561756 0.208113 0.564732 0.210317 0.565228 0.216490 0.565228 0.222663 0.564484 0.226190 0.563244 0.228836 0.560764 0.230600 0.552579 0.225309 0.549355
0 0.263668 0.556052 0.260582 0.555308 0.252205 0.555308 0.242063 0.556548 0.235450 0.560268 0.235891 0.566964 0.237213 0.569692 0.239418 0.570933 0.248236 0.570933 0.253968 0.570437 0.260141 0.568700 0.266755 0.564484 0.268078 0.561756 0.268078 0.560020
0 0.273369 0.560268 0.271164 0.564484 0.273810 0.567212 0.279541 0.569692 0.287919 0.572173 0.295855 0.572669 0.302028 0.571925 0.306437 0.568700 0.309524 0.564980 0.309083 0.561012 0.304233 0.559028 0.301587 0.556548 0.299383 0.556052 0.285714 0.555556 0.282187 0.556300 0.278660 0.558780
0 0.287919 0.572173 0.281305 0.570685 0.275132 0.570437 0.264109 0.572173 0.260141 0.575397 0.260141 0.577381 0.263668 0.583829 0.267637 0.586806 0.272046 0.588046 0.276014 0.588046 0.281305 0.586806 0.288360 0.583581 0.290564 0.580605 0.290564 0.575645
0 0.281305 0.590030 0.276014 0.595486 0.276455 0.599702 0.277778 0.601190 0.280864 0.602927 0.283951 0.603423 0.288360 0.605159 0.295855 0.606151 0.302028 0.603671 0.304233 0.600198 0.303351 0.598214 0.295414 0.590526
0 0.337302 0.595238 0.329365 0.595486 0.328483 0.597718 0.326279 0.598958 0.322751 0.599454 0.315697 0.604415 0.313933 0.609127 0.314815 0.614831 0.315697 0.615575 0.321869 0.617312 0.330688 0.616815 0.335097 0.615327 0.338183 0.610615 0.339065 0.607391
0 0.363757 0.603423 0.357584 0.605159 0.350529 0.608135 0.347002 0.611111 0.346120 0.615575 0.350529 0.617808 0.362875 0.619792 0.372134 0.619296 0.379189 0.615823 0.380071 0.612847 0.379630 0.609375 0.378748 0.607887 0.371693 0.604167
0 0.435185 0.598958 0.426367 0.598710 0.415785 0.600942 0.411376 0.603423 0.407848 0.607143 0.408289 0.611359 0.413580 0.615327 0.420194 0.617808 0.425926 0.618552 0.434303 0.618056 0.440917 0.615327 0.443563 0.612351 0.444444 0.608879 0.443563 0.603671 0.441358 0.601190
0 0.385362 0.589782 0.377866 0.592014 0.375220 0.595486 0.373898 0.599206 0.374339 0.602183 0.378307 0.605407 0.385802 0.607639 0.392857 0.608383 0.402116 0.605903 0.406526 0.603919 0.409171 0.600198 0.408289 0.596230 0.406526 0.594246 0.399912 0.591518 0.392416 0.589782
0 0.356702 0.554812 0.349647 0.556548 0.347002 0.560268 0.347443 0.564732 0.350529 0.569444 0.356702 0.576141 0.362875 0.578869 0.364638 0.581101 0.371693 0.581349 0.382275 0.571429 0.382275 0.567708 0.380071 0.562004 0.371693 0.555308 0.368166 0.554812
0 0.385362 0.571181 0.383157 0.572669 0.381834 0.575397 0.381834 0.580605 0.385362 0.586062 0.391975 0.588046 0.395503 0.588046 0.399030 0.587302 0.406966 0.587302 0.414021 0.584077 0.415785 0.580605 0.414903 0.576141 0.408730 0.572173 0.399471 0.570437 0.390212 0.570437
0 0.440476 0.578621 0.436067 0.576885 0.432981 0.576389 0.427690 0.576885 0.418871 0.580357 0.415785 0.584325 0.416667 0.588294 0.419753 0.591022 0.427249 0.591766 0.434303 0.590030 0.437831 0.588046 0.442240 0.584077 0.441799 0.579613
0 0.476190 0.560516 0.460758 0.560764 0.457231 0.563244 0.456349 0.568452 0.461199 0.573909 0.467813 0.576141 0.475750 0.575149 0.482363 0.571181 0.484568 0.568452 0.483245 0.563492 0.480600 0.561756
0 0.464286 0.545635 0.461640 0.544147 0.453704 0.543899 0.440917 0.546131 0.433862 0.549107 0.431658 0.553075 0.437831 0.556796 0.442240 0.558036 0.454586 0.559028 0.460758 0.558284 0.465168 0.556548 0.467372 0.552827 0.466490 0.548859
0 0.426808 0.552579 0.420635 0.551587 0.410494 0.552579 0.405203 0.553819 0.399471 0.556548 0.398589 0.559276 0.399471 0.564980 0.402557 0.568700 0.405644 0.570437 0.414021 0.571181 0.421958 0.568700 0.427249 0.564980 0.429453 0.561260 0.430335 0.556300 0.429012 0.554067
0 0.401675 0.545387 0.396825 0.543651 0.384921 0.542411 0.376102 0.544395 0.372575 0.547371 0.371252 0.551339 0.371252 0.553571 0.373457 0.556548 0.379189 0.559772 0.385802 0.560020 0.396384 0.558036 0.404762 0.552827 0.405203 0.548859
0 0.373457 0.540923 0.370370 0.537946 0.364638 0.534970 0.358907 0.533730 0.350970 0.534226 0.345238 0.535714 0.341270 0.538194 0.338624 0.545139 0.340388 0.547123 0.342152 0.547867 0.350529 0.549107 0.365520 0.548115 0.369489 0.547371 0.373016 0.545139
0 0.314815 0.539931 0.310847 0.541915 0.305115 0.547619 0.302469 0.552579 0.303792 0.556300 0.313051 0.560764 0.315697 0.561260 0.323192 0.560764 0.328483 0.558284 0.335097 0.553571 0.338624 0.548611 0.335979 0.545139 0.330247 0.542163 0.324074 0.540675
0 0.287919 0.533482 0.282187 0.535962 0.279101 0.538938 0.276014 0.544643 0.276455 0.548859 0.283069 0.554563 0.289242 0.555060 0.300265 0.553819 0.302028 0.552579 0.307760 0.543899 0.310847 0.541171 0.309524 0.537202 0.302910 0.534722
0 0.253086 0.534226 0.244268 0.538690 0.243386 0.540179 0.244268 0.544891 0.252205 0.549603 0.257937 0.551339 0.267637 0.551339 0.273369 0.548363 0.276455 0.541419 0.276455 0.536954 0.272487 0.534474 0.268959 0.533730 0.257496 0.533730
0 0.228395 0.532738 0.219136 0.530010 0.211640 0.530506 0.204586 0.532490 0.196649 0.536954 0.194444 0.540675 0.195326 0.542411 0.196649 0.543403 0.205026 0.546379 0.220018 0.545883 0.226631 0.544395 0.231481 0.541171 0.230600 0.536706
0 0.433862 0.522817 0.428131 0.525298 0.426367 0.528026 0.427249 0.533482 0.430335 0.536954 0.434744 0.539187 0.441799 0.539931 0.447531 0.539187 0.451499 0.537946 0.455026 0.535218 0.455908 0.532490 0.448854 0.525050 0.441358 0.522321
0 0.378307 0.528522 0.377866 0.533482 0.386243 0.539187 0.391093 0.540675 0.399030 0.541915 0.406526 0.540179 0.409612 0.537202 0.410935 0.531498 0.410053 0.529018 0.406085 0.526290 0.399471 0.524554 0.389771 0.524554 0.384480 0.525298
0 0.319224 0.522073 0.316138 0.523810 0.310847 0.529018 0.310847 0.533978 0.313051 0.536954 0.322751 0.539683 0.339506 0.537202 0.343474 0.533482 0.343034 0.529762 0.336861 0.529266 0.335538 0.527778 0.323633 0.521329
0 0.343034 0.519345 0.340829 0.525546 0.343474 0.528522 0.346561 0.529514 0.355820 0.530258 0.365961 0.529514 0.369048 0.528026 0.371252 0.527778 0.373898 0.525546 0.369489 0.520585 0.365079 0.517857 0.361552 0.516617 0.350529 0.515625
0 0.385362 0.505952 0.376984 0.509425 0.374780 0.512649 0.375661 0.521081 0.378307 0.522817 0.395944 0.522817 0.399471 0.521825 0.404762 0.517857 0.404321 0.512897 0.401235 0.509921 0.393298 0.506448
0 0.267196 0.514137 0.262787 0.516121 0.258377 0.521825 0.264109 0.528770 0.268519 0.531746 0.273810 0.534226 0.281746 0.534722 0.290564 0.530506 0.293651 0.527530 0.294533 0.524802 0.293210 0.521329 0.288360 0.518353 0.282187 0.515873 0.274691 0.513889
0 0.246914 0.515625 0.242063 0.517609 0.238536 0.517857 0.234127 0.519097 0.231481 0.521081 0.229277 0.525298 0.231481 0.533234 0.233686 0.534722 0.237654 0.535714 0.247354 0.536210 0.250882 0.535218 0.257496 0.531746 0.259700 0.529018 0.260141 0.525050 0.256614 0.520585 0.253527 0.518601 0.249118 0.517609
0 0.211640 0.511905 0.206790 0.514137 0.204586 0.516121 0.203704 0.521825 0.206790 0.525546 0.211640 0.529018 0.219136 0.529266 0.220899 0.527530 0.230600 0.522817 0.233686 0.517361 0.230159 0.513889 0.226190 0.512401 0.219577 0.511657
0 0.276455 0.498016 0.266755 0.497272 0.260141 0.497768 0.253086 0.499256 0.248236 0.502480 0.246473 0.505208 0.246914 0.506696 0.252646 0.510665 0.259700 0.513393 0.268078 0.513641 0.272487 0.511657 0.277778 0.507192 0.279541 0.501240
0 0.295855 0.492312 0.293210 0.492560 0.289242 0.495536 0.283069 0.497520 0.280864 0.501488 0.280864 0.509177 0.287919 0.513641 0.296296 0.513889 0.302469 0.513145 0.307760 0.509921 0.306878 0.505952 0.307319 0.498016 0.302028 0.496280 0.299824 0.494048
0 0.321869 0.492063 0.314815 0.493800 0.311728 0.496528 0.311287 0.499256 0.313492 0.506448 0.316578 0.509921 0.322310 0.513393 0.330247 0.514881 0.338183 0.509673 0.339065 0.505456 0.336420 0.494296 0.330688 0.491567
0 0.357143 0.493800 0.344797 0.499256 0.342593 0.503224 0.342593 0.507688 0.345238 0.511409 0.349206 0.514385 0.354938 0.515129 0.364198 0.514881 0.371693 0.513145 0.374780 0.509673 0.374780 0.501736 0.371693 0.498264 0.364638 0.494296
0 0.343474 0.472470 0.335097 0.474454 0.331570 0.476687 0.328042 0.480903 0.326279 0.486607 0.328924 0.490327 0.335097 0.493056 0.342152 0.494048 0.351411 0.493800 0.356261 0.492560 0.361111 0.490079 0.361993 0.487599 0.361111 0.477927 0.357584 0.475198 0.352734 0.473462 0.349206 0.472718
0 0.313492 0.473462 0.309083 0.473958 0.296737 0.478175 0.295855 0.482639 0.298060 0.484623 0.305556 0.488095 0.309083 0.488839 0.316138 0.489087 0.324956 0.486607 0.327160 0.483135 0.326720 0.478423 0.322751 0.475694 0.317901 0.473710
0 0.247354 0.486359 0.248236 0.494048 0.253086 0.496280 0.260141 0.497272 0.274691 0.495536 0.278660 0.493304 0.281746 0.492808 0.286155 0.490575 0.284832 0.488591 0.281305 0.486111 0.268078 0.481399 0.253527 0.481399 0.250000 0.483135
0 0.232363 0.486111 0.226190 0.485367 0.219136 0.485863 0.211640 0.489583 0.210317 0.494544 0.210317 0.500248 0.212081 0.502728 0.217813 0.504216 0.225750 0.504216 0.233245 0.502232 0.237213 0.500248 0.238977 0.498512 0.238095 0.491319 0.236332 0.488591
0 0.173721 0.517113 0.169753 0.515873 0.158289 0.514881 0.152998 0.515129 0.147266 0.516865 0.141975 0.521329 0.141534 0.526290 0.145503 0.530258 0.146384 0.533730 0.149030 0.536210 0.166226 0.533234 0.176367 0.527530 0.178131 0.525298 0.178571 0.520833 0.177249 0.519097
0 0.127425 0.497520 0.122134 0.500992 0.118607 0.505704 0.119929 0.510169 0.126543 0.513889 0.133157 0.514633 0.141534 0.514137 0.144621 0.513145 0.148589 0.510169 0.149030 0.505208 0.148148 0.502232 0.145944 0.500248 0.140653 0.497768 0.137566 0.497272
0 0.155203 0.488591 0.152116 0.490079 0.151675 0.491319 0.149030 0.492808 0.145944 0.497768 0.149471 0.504464 0.153439 0.506200 0.161376 0.506944 0.170635 0.506696 0.174603 0.505952 0.177690 0.503720 0.178131 0.501240 0.171076 0.493800 0.163139 0.489335 0.157407 0.488343
0 0.163139 0.458085 0.160935 0.461310 0.157848 0.462798 0.156526 0.465526 0.156966 0.469990 0.159612 0.476687 0.163139 0.480903 0.169312 0.482639 0.174162 0.482391 0.177249 0.481647 0.184744 0.477431 0.186508 0.475198 0.186067 0.469742 0.184303 0.467014 0.177690 0.462302 0.173280 0.461062 0.170194 0.459325
0 0.251323 0.462302 0.245591 0.466766 0.243827 0.470982 0.247354 0.475694 0.253527 0.479415 0.268959 0.480159 0.272487 0.479415 0.279101 0.476687 0.282187 0.470486 0.282187 0.466270 0.279101 0.462798 0.267637 0.460565 0.259700 0.460565
0 0.287478 0.458085 0.285714 0.458829 0.284832 0.460813 0.282187 0.462798 0.284392 0.470486 0.287919 0.475694 0.294092 0.477431 0.295855 0.477431 0.302910 0.474702 0.309524 0.470982 0.311287 0.467510 0.311287 0.462550 0.308642 0.460565 0.302469 0.458829
0 0.338624 0.452629 0.336420 0.454365 0.335097 0.459325 0.338183 0.463542 0.345679 0.468750 0.349206 0.469742 0.358025 0.469742 0.362875 0.468502 0.368166 0.465526 0.370370 0.463046 0.371693 0.458085 0.369929 0.454861 0.364638 0.451637 0.347884 0.451389
0 0.389330 0.465030 0.385802 0.464286 0.379189 0.465030 0.371252 0.465030 0.362434 0.469246 0.361111 0.470486 0.360670 0.474950 0.368166 0.480903 0.371252 0.481895 0.379189 0.481895 0.384039 0.480159 0.388448 0.477679 0.390212 0.475446 0.392416 0.467510 0.391975 0.466270
0 0.367284 0.486359 0.366843 0.490575 0.368166 0.493800 0.373898 0.498760 0.377866 0.500248 0.385362 0.499752 0.393298 0.497768 0.395503 0.494792 0.395503 0.492560 0.391975 0.486111 0.386243 0.485367 0.374780 0.485119
0 0.413139 0.485367 0.406085 0.486359 0.401235 0.490079 0.399030 0.494296 0.400794 0.498016 0.405203 0.499504 0.413139 0.499504 0.419312 0.498512 0.421076 0.497768 0.424162 0.494296 0.420635 0.488343
0 0.406526 0.468254 0.398589 0.468998 0.396384 0.469742 0.392416 0.472222 0.390653 0.474454 0.390212 0.478919 0.394621 0.482639 0.398589 0.483879 0.407848 0.483879 0.412698 0.482887 0.420635 0.478671 0.420635 0.474454
0 0.427249 0.473958 0.422840 0.476190 0.420635 0.481647 0.420635 0.486359 0.424162 0.491815 0.425926 0.493552 0.429012 0.494544 0.436067 0.494792 0.443122 0.494296 0.446208 0.492560 0.452381 0.484375 0.452822 0.481895 0.451499 0.478671 0.448413 0.476438 0.441799 0.474206 0.437831 0.473710
0 0.477954 0.482887 0.470018 0.478423 0.461640 0.479415 0.455026 0.482391 0.453263 0.486359 0.449735 0.490079 0.451058 0.492063 0.453704 0.493056 0.462522 0.493056 0.476631 0.491567 0.480159 0.490327 0.480600 0.486111
0 0.486332 0.474454 0.482363 0.476190 0.481481 0.478423 0.482363 0.486855 0.485891 0.490079 0.488977 0.491319 0.498236 0.491319 0.504409 0.490327 0.511023 0.486359 0.511905 0.482391 0.507496 0.478423 0.499118 0.474454
0 0.432099 0.458829 0.426367 0.461558 0.424162 0.465774 0.424603 0.468502 0.425926 0.469990 0.430335 0.472222 0.433422 0.472718 0.441358 0.472718 0.445326 0.470734 0.449295 0.467014 0.449295 0.462550 0.444444 0.460317 0.434303 0.458581
0 0.461640 0.455853 0.453704 0.458829 0.450176 0.462054 0.449735 0.467262 0.450617 0.469246 0.453263 0.471230 0.465168 0.475446 0.467813 0.475942 0.475750 0.475942 0.483245 0.470734 0.484127 0.469246 0.484568 0.465774 0.482804 0.461558 0.479718 0.459077 0.474427 0.456597 0.469136 0.455605
0 0.392416 0.448165 0.388007 0.449901 0.384039 0.454861 0.384480 0.459821 0.385802 0.462550 0.388007 0.464534 0.392416 0.466518 0.397707 0.467510 0.406526 0.467014 0.411376 0.464286 0.413139 0.459821 0.410935 0.451389 0.409171 0.449653 0.405203 0.447917 0.397707 0.447669
0 0.419312 0.443700 0.414462 0.445437 0.410935 0.447669 0.410494 0.451141 0.411817 0.455357 0.413139 0.457093 0.418430 0.459573 0.427690 0.459573 0.431658 0.457837 0.436508 0.451389 0.436067 0.447173 0.429453 0.443948
0 0.424603 0.435268 0.420635 0.439484 0.425044 0.443204 0.429894 0.444444 0.434303 0.446925 0.440035 0.448165 0.442240 0.447917 0.447972 0.445188 0.451940 0.439732 0.449735 0.435516 0.442240 0.434028 0.436508 0.433780 0.428571 0.434276
0 0.371252 0.434524 0.362875 0.436508 0.360670 0.437748 0.358025 0.443700 0.361993 0.449157 0.371252 0.454613 0.374339 0.455605 0.379189 0.456101 0.381834 0.455605 0.384480 0.454117 0.389330 0.447669 0.388448 0.441964 0.385802 0.437252 0.382716 0.435268
0 0.329806 0.432292 0.321869 0.435764 0.319224 0.438492 0.318783 0.439732 0.320547 0.443452 0.324956 0.447669 0.329806 0.450149 0.335538 0.450893 0.339506 0.450645 0.343474 0.449405 0.351852 0.443700 0.351411 0.437500 0.350088 0.436012 0.346120 0.434524 0.337302 0.432788
0 0.288360 0.437748 0.281746 0.438492 0.275132 0.440972 0.271164 0.443204 0.268959 0.446677 0.270282 0.450893 0.273369 0.453373 0.279541 0.455605 0.285273 0.456349 0.294533 0.455853 0.301146 0.453869 0.303351 0.452381 0.306437 0.448165 0.305556 0.443204 0.298060 0.439980
0 0.232363 0.438492 0.228395 0.439732 0.225309 0.441964 0.223104 0.446677 0.223986 0.451141 0.227513 0.455109 0.232363 0.457837 0.238095 0.458829 0.245591 0.458085 0.253086 0.455605 0.258377 0.452629 0.259700 0.451389 0.259259 0.446925 0.249118 0.441716 0.239859 0.439236
0 0.198413 0.439980 0.190476 0.440228 0.185626 0.441468 0.182099 0.443204 0.179894 0.446677 0.179453 0.452381 0.181217 0.455109 0.190035 0.457837 0.198854 0.457837 0.205026 0.457093 0.210317 0.454861 0.212522 0.451885 0.212081 0.448165 0.210317 0.445437 0.203704 0.441220
0 0.114198 0.445685 0.111552 0.447173 0.110670 0.452133 0.111552 0.455109 0.115079 0.457589 0.120811 0.459077 0.129189 0.458829 0.135802 0.456101 0.136684 0.455357 0.136684 0.450397 0.135362 0.447669 0.128748 0.445188 0.123457 0.444692
0 0.476190 0.525298 0.459877 0.529266 0.457231 0.532986 0.458113 0.536954 0.461640 0.542163 0.468254 0.543899 0.475750 0.543651 0.482804 0.541419 0.484568 0.538442 0.485891 0.533730 0.485009 0.531498 0.482804 0.529018
0 0.503968 0.545883 0.496473 0.545635 0.488977 0.546875 0.482363 0.548859 0.478836 0.552083 0.479277 0.558284 0.484127 0.563244 0.488095 0.565476 0.496914 0.565972 0.499559 0.565228 0.508377 0.559276 0.511023 0.556548 0.512787 0.553075 0.511464 0.549355 0.507937 0.547123
0 0.617725 0.569196 0.614198 0.572173 0.614638 0.576637 0.617284 0.580109 0.621252 0.582589 0.631834 0.582589 0.635802 0.583085 0.641093 0.576389 0.639330 0.572173 0.634480 0.569940 0.628307 0.568452 0.621252 0.568204
0 0.589506 0.561260 0.584215 0.561260 0.579806 0.562004 0.578042 0.563244 0.575397 0.567708 0.575397 0.571925 0.578483 0.577877 0.581570 0.579117 0.586420 0.579861 0.602734 0.574901 0.604497 0.573413 0.605379 0.567956 0.603616 0.566220 0.593915 0.561756
0 0.568783 0.546379 0.564815 0.549355 0.563492 0.552827 0.565697 0.556548 0.570106 0.559524 0.572751 0.560516 0.580247 0.561508 0.589065 0.560516 0.593474 0.558780 0.595679 0.556796 0.597002 0.553075 0.595679 0.548363 0.593474 0.546379 0.583774 0.544891 0.574074 0.545139
0 0.538801 0.541171 0.530864 0.541419 0.523369 0.543155 0.520282 0.544891 0.516314 0.549107 0.515432 0.552827 0.519841 0.558284 0.523369 0.561012 0.530423 0.563988 0.537919 0.563492 0.545855 0.560268 0.548060 0.557292 0.548942 0.553571 0.548501 0.545387 0.545414 0.542411
0 0.496032 0.525546 0.494268 0.529018 0.495150 0.533482 0.497354 0.534970 0.503968 0.537946 0.509259 0.539187 0.518078 0.538690 0.522487 0.537202 0.526014 0.533482 0.526014 0.530258 0.521164 0.524306 0.509700 0.521825 0.502646 0.522817
0 0.530423 0.513641 0.527337 0.514385 0.526014 0.516121 0.526455 0.521825 0.533510 0.529266 0.538360 0.530506 0.545414 0.528274 0.552910 0.521577 0.552910 0.517113 0.551587 0.515873 0.545855 0.513641
0 0.517637 0.488095 0.511023 0.488591 0.505732 0.491071 0.503086 0.497520 0.503968 0.501984 0.506173 0.504960 0.510141 0.507688 0.517637 0.508185 0.521605 0.506696 0.529982 0.502232 0.534832 0.498016 0.533510 0.494048 0.529982 0.491071 0.525573 0.489335
0 0.559083 0.493800 0.549383 0.494048 0.537478 0.497024 0.535273 0.498264 0.531746 0.501736 0.531746 0.506200 0.534832 0.508929 0.538360 0.510665 0.544974 0.512649 0.552469 0.513145 0.559524 0.509921 0.560406 0.504216
0 0.586420 0.496280 0.578924 0.495040 0.570988 0.496280 0.563933 0.499256 0.561728 0.502232 0.560406 0.509921 0.562610 0.512401 0.566578 0.514633 0.573192 0.515625 0.585538 0.515129 0.590388 0.513641 0.596561 0.509921 0.597884 0.506200 0.597002 0.501736
0 0.598325 0.522569 0.594797 0.523562 0.591711 0.526042 0.590829 0.530506 0.592152 0.533482 0.599647 0.539683 0.608466 0.539931 0.611111 0.539435 0.614198 0.537946 0.619929 0.532738 0.621252 0.529514 0.620370 0.527778 0.617284 0.525050 0.611111 0.523065 0.606702 0.522321
0 0.677249 0.560268 0.670635 0.559028 0.657848 0.559276 0.645503 0.561012 0.643298 0.562252 0.641975 0.564484 0.647266 0.569444 0.651675 0.571677 0.662698 0.574157 0.670635 0.574405 0.676808 0.572917 0.679453 0.570188 0.680776 0.563988
0 0.693122 0.575397 0.681658 0.575397 0.675926 0.576637 0.670635 0.579365 0.665785 0.583581 0.667549 0.588046 0.675485 0.592758 0.685185 0.593502 0.691358 0.592014 0.693122 0.590774 0.696649 0.584821 0.695767 0.577629
0 0.600970 0.541171 0.596561 0.544643 0.597002 0.548859 0.598765 0.551835 0.600970 0.553571 0.610229 0.557788 0.613316 0.558532 0.615961 0.558532 0.618607 0.557788 0.621252 0.556300 0.623898 0.552827 0.624339 0.548363 0.620370 0.544395 0.614638 0.541419 0.608466 0.540675
0 0.656526 0.538938 0.641534 0.539683 0.637566 0.540923 0.633157 0.544643 0.631393 0.548611 0.631393 0.553075 0.634921 0.556300 0.641975 0.558780 0.649912 0.559772 0.656526 0.558036 0.664903 0.549355 0.663580 0.544891 0.660494 0.540675
0 0.676808 0.545387 0.674162 0.546875 0.672399 0.549107 0.671517 0.553075 0.672840 0.556548 0.682981 0.562252 0.691799 0.562996 0.698413 0.560268 0.701058 0.558036 0.701499 0.556300 0.699735 0.552579 0.696649 0.549851 0.688272 0.545883 0.684303 0.544891
0 0.703704 0.559276 0.700176 0.560268 0.695326 0.563244 0.692681 0.568452 0.696649 0.573413 0.699735 0.575149 0.704586 0.576637 0.712081 0.576141 0.718695 0.573661 0.720899 0.572173 0.722222 0.568948 0.721781 0.564484 0.714727 0.560516 0.710758 0.559524
0 0.747354 0.568948 0.741623 0.568204 0.732804 0.568700 0.723986 0.570685 0.720899 0.572173 0.718695 0.575645 0.718695 0.580605 0.721340 0.584325 0.724868 0.586558 0.731922 0.588046 0.740300 0.587550 0.746473 0.586062 0.750882 0.584077 0.753968 0.580853 0.753968 0.575645 0.750882 0.570437
0 0.754409 0.567956 0.754850 0.572917 0.757496 0.574653 0.764109 0.576885 0.768519 0.577629 0.776014 0.577877 0.786596 0.576141 0.787919 0.572173 0.774691 0.562004 0.767196 0.561260 0.758377 0.564980
0 0.738536 0.550099 0.728395 0.554067 0.726631 0.556052 0.725750 0.560764 0.728836 0.563740 0.734568 0.566716 0.745591 0.568452 0.751323 0.568204 0.753527 0.567460 0.756173 0.564732 0.754850 0.555308 0.753527 0.552579 0.750441 0.550595 0.746914 0.549603
0 0.733245 0.534970 0.723986 0.534722 0.718695 0.535218 0.711640 0.540923 0.711199 0.545139 0.714286 0.549107 0.718695 0.552083 0.725309 0.554067 0.732804 0.552331 0.737654 0.548859 0.740300 0.543899 0.740741 0.539435 0.739859 0.537450
0 0.753968 0.535962 0.744268 0.539187 0.743386 0.540179 0.743827 0.545387 0.747795 0.549107 0.756173 0.553571 0.760582 0.554315 0.767196 0.553075 0.771605 0.549107 0.772928 0.545387 0.772046 0.540675 0.769841 0.537946 0.761023 0.535714
0 0.646825 0.504464 0.638889 0.502976 0.630511 0.502976 0.625220 0.503720 0.618166 0.506200 0.615961 0.507688 0.614638 0.510169 0.616402 0.513889 0.619929 0.517857 0.623016 0.519345 0.629189 0.520585 0.641093 0.520089 0.647707 0.518105 0.651235 0.513889 0.651675 0.508929 0.649471 0.505704
0 0.663139 0.524058 0.659171 0.525298 0.657848 0.529018 0.661376 0.535714 0.666667 0.540923 0.668871 0.542163 0.677249 0.541915 0.681658 0.539435 0.684744 0.536706 0.686508 0.533730 0.686508 0.529018 0.682981 0.525546 0.678571 0.523810 0.667989 0.523313
0 0.697531 0.523810 0.695326 0.526290 0.689594 0.529266 0.689594 0.533234 0.687831 0.537202 0.690917 0.539187 0.697090 0.541171 0.702822 0.541667 0.708554 0.541419 0.712081 0.539931 0.715168 0.536954 0.716931 0.533234 0.716931 0.529266 0.711640 0.524554 0.705026 0.523810
0 0.712081 0.504960 0.705467 0.504216 0.702381 0.504464 0.688272 0.508433 0.682540 0.513641 0.682099 0.517857 0.692240 0.522569 0.697090 0.523810 0.705908 0.523313 0.712522 0.521081 0.718254 0.517361 0.719577 0.514881 0.719577 0.512401 0.716931 0.507440
0 0.733245 0.516617 0.727954 0.518601 0.725750 0.521081 0.726190 0.526042 0.729718 0.532490 0.732804 0.534970 0.738095 0.536458 0.749118 0.536458 0.753968 0.534474 0.756614 0.530506 0.756173 0.524306 0.754409 0.518849 0.752646 0.517361 0.746914 0.515625 0.738536 0.515873
0 0.761464 0.517609 0.758377 0.519097 0.757055 0.521329 0.757937 0.528770 0.759259 0.531002 0.767196 0.534970 0.775132 0.535962 0.781746 0.535218 0.790123 0.531746 0.791887 0.529514 0.790564 0.525050 0.785714 0.520337 0.780423 0.516865 0.776455 0.515873 0.770723 0.515873
0 0.774250 0.500992 0.768959 0.499256 0.763668 0.498512 0.756173 0.498760 0.748236 0.500496 0.741623 0.503720 0.739859 0.505456 0.741182 0.509673 0.745591 0.513889 0.748677 0.515625 0.752646 0.516617 0.760582 0.516617 0.768519 0.515129 0.775132 0.511409 0.776455 0.509921 0.777337 0.504712
0 0.753527 0.480159 0.745591 0.480159 0.738977 0.482887 0.734127 0.485615 0.731922 0.487847 0.731041 0.494296 0.735450 0.497520 0.739418 0.498760 0.746032 0.499752 0.753527 0.499256 0.757055 0.498264 0.761023 0.495288 0.762346 0.491071 0.761023 0.485863 0.757937 0.482391
0 0.766755 0.479415 0.763668 0.481647 0.761905 0.485119 0.763228 0.496528 0.765432 0.498264 0.773810 0.499752 0.781746 0.499008 0.785714 0.497768 0.788801 0.495536 0.789683 0.494296 0.789242 0.490079 0.781305 0.483383 0.778219 0.481647 0.775132 0.480655
0 0.807760 0.487599 0.802910 0.488591 0.793210 0.495288 0.791446 0.498264 0.800705 0.501984 0.808642 0.504216 0.816138 0.503224 0.819665 0.500992 0.821429 0.498016 0.821869 0.492560 0.820547 0.489831 0.817901 0.488591
0 0.794533 0.501736 0.785273 0.502728 0.781305 0.503720 0.778660 0.505704 0.778219 0.510665 0.782187 0.516369 0.786155 0.519841 0.791887 0.522569 0.795855 0.523065 0.803351 0.521577 0.806878 0.519593 0.811728 0.513889 0.812169 0.508929 0.810847 0.505704 0.806878 0.503472 0.802469 0.502232
0 0.871252 0.552827 0.864198 0.551835 0.854497 0.552579 0.849647 0.553571 0.844797 0.556548 0.842152 0.560020 0.842152 0.564732 0.843474 0.566468 0.847884 0.568452 0.857143 0.569692 0.865520 0.569692 0.873457 0.567708 0.877866 0.564484 0.879189 0.560516 0.876543 0.556300
0 0.791887 0.554563 0.788801 0.556548 0.788360 0.560764 0.792328 0.564236 0.805115 0.569940 0.811287 0.570933 0.817019 0.570933 0.819224 0.568700 0.820106 0.560516 0.816578 0.555060 0.809083 0.551587 0.801587 0.551587
0 0.793651 0.532242 0.786596 0.533730 0.783510 0.535218 0.779982 0.538938 0.779541 0.541915 0.781305 0.545139 0.784832 0.548859 0.790123 0.551339 0.796737 0.552083 0.805556 0.550347 0.813051 0.546627 0.816138 0.543403 0.817019 0.540179 0.814815 0.536954 0.812169 0.535466 0.802469 0.532738
0 0.828924 0.532738 0.821869 0.533730 0.817019 0.536954 0.817460 0.541171 0.815256 0.544395 0.814815 0.548859 0.818783 0.551587 0.827160 0.552827 0.832451 0.552827 0.837743 0.551835 0.844356 0.547867 0.846561 0.544395 0.847002 0.539683 0.845679 0.537450 0.840829 0.534970 0.837743 0.533978
0 0.836861 0.516121 0.827601 0.521329 0.827160 0.525794 0.829365 0.529514 0.837302 0.533234 0.843474 0.535218 0.850529 0.534722 0.857584 0.530258 0.860229 0.525546 0.859788 0.520833 0.858025 0.517857 0.855379 0.515873 0.852734 0.515377 0.842152 0.515377
0 0.885362 0.544395 0.876984 0.548859 0.875661 0.550347 0.874780 0.553075 0.887125 0.562500 0.892857 0.564732 0.899471 0.565724 0.909171 0.563740 0.911376 0.562004 0.913139 0.558036 0.912698 0.553323 0.910494 0.550843 0.904321 0.546379 0.895944 0.543899 0.890212 0.543403
0 0.878307 0.534722 0.871693 0.531994 0.862875 0.532242 0.857143 0.533730 0.852734 0.536954 0.849647 0.540427 0.848325 0.549107 0.850529 0.551587 0.857584 0.551835 0.870370 0.550347 0.880952 0.544891 0.882716 0.540923 0.881393 0.537450
0 0.947972 0.538194 0.944885 0.536954 0.936508 0.535962 0.927249 0.536210 0.919753 0.537202 0.912698 0.538690 0.906966 0.540923 0.906085 0.545139 0.914462 0.553819 0.917989 0.554563 0.928131 0.554563 0.947972 0.548363 0.949295 0.545635
0 0.926808 0.517857 0.916226 0.521577 0.914021 0.524554 0.914462 0.527778 0.915344 0.529266 0.921517 0.531746 0.926808 0.533234 0.934303 0.533482 0.941799 0.530010 0.943122 0.525050 0.939153 0.521081 0.934303 0.517857
0 0.877866 0.518105 0.874339 0.520089 0.870811 0.524058 0.871252 0.529514 0.873898 0.531994 0.884039 0.536706 0.886243 0.537202 0.893739 0.537202 0.899030 0.535466 0.905644 0.530754 0.906966 0.529266 0.906085 0.525050 0.901675 0.522073 0.895503 0.519593 0.885802 0.517609
0 0.861111 0.497272 0.856261 0.500000 0.852734 0.505704 0.853616 0.508929 0.856261 0.511905 0.859788 0.514385 0.870370 0.516369 0.879189 0.517113 0.883598 0.516121 0.890212 0.512153 0.891975 0.510169 0.892857 0.505208 0.889330 0.500496 0.872575 0.495784 0.865079 0.496280
0 0.913580 0.500000 0.899471 0.500248 0.895944 0.502480 0.895062 0.506200 0.898148 0.513889 0.906085 0.517361 0.915344 0.515129 0.920194 0.511905 0.921517 0.509673 0.921958 0.505704 0.921076 0.503968 0.917108 0.501240
0 0.835097 0.493304 0.832011 0.493800 0.822310 0.499752 0.820547 0.501736 0.820547 0.506200 0.824515 0.510417 0.829365 0.513145 0.837302 0.513641 0.842593 0.511657 0.849206 0.507937 0.853175 0.502232 0.853175 0.498264 0.850970 0.496776 0.842152 0.493800
0 0.899912 0.479415 0.891975 0.479167 0.884921 0.480407 0.878748 0.482391 0.872575 0.486359 0.871252 0.491567 0.873016 0.494048 0.885362 0.499008 0.892857 0.499752 0.895944 0.497768 0.902116 0.491567 0.903439 0.487351 0.902998 0.482391 0.901675 0.480407
0 0.906085 0.485615 0.904762 0.491071 0.908730 0.496032 0.911817 0.497768 0.919312 0.500496 0.927249 0.500000 0.933862 0.498264 0.932540 0.493800 0.925044 0.486111 0.920635 0.483135 0.912698 0.482887 0.909171 0.483879
0 0.915785 0.476687 0.914903 0.479167 0.916226 0.481151 0.919753 0.482391 0.927690 0.487351 0.932099 0.487847 0.941358 0.487351 0.944444 0.486359 0.946208 0.484623 0.948854 0.479663 0.948854 0.476935 0.947531 0.473710 0.943122 0.471478 0.936949 0.470982 0.932099 0.471230 0.918430 0.475198
0 0.888007 0.466766 0.885802 0.470238 0.886243 0.474454 0.890212 0.476935 0.893298 0.477927 0.898148 0.478671 0.910935 0.478175 0.914021 0.476935 0.917549 0.473958 0.918430 0.472222 0.917989 0.467758 0.917108 0.466518 0.913139 0.464534 0.899471 0.464038
0 0.872134 0.468006 0.861993 0.468750 0.854497 0.470982 0.850529 0.473958 0.856261 0.483383 0.861111 0.485367 0.864198 0.485863 0.872134 0.485367 0.880071 0.481399 0.881834 0.479415 0.881834 0.477183 0.875220 0.469246
0 0.845679 0.476190 0.837302 0.475694 0.831129 0.476190 0.822310 0.478671 0.820547 0.481647 0.821429 0.486607 0.829365 0.491071 0.835979 0.492063 0.840388 0.491567 0.845679 0.489583 0.849647 0.487103 0.853175 0.483135 0.853175 0.481895 0.849647 0.477679
0 0.544974 0.468254 0.537037 0.467758 0.525132 0.469494 0.513668 0.477431 0.512787 0.478919 0.515432 0.483383 0.523810 0.487599 0.531746 0.488591 0.541446 0.486111 0.545414 0.484127 0.550265 0.478671 0.550265 0.473462 0.547619 0.469990
0 0.564815 0.476190 0.560406 0.475198 0.557760 0.475198 0.552910 0.477431 0.548942 0.482639 0.544092 0.486111 0.544092 0.490575 0.546737 0.492808 0.553351 0.493304 0.558201 0.492560 0.568342 0.489335 0.571869 0.487103 0.571429 0.481151 0.568342 0.477927
0 0.594356 0.473214 0.586420 0.472718 0.580247 0.473462 0.577160 0.474454 0.570547 0.478423 0.572751 0.484871 0.580688 0.493552 0.587743 0.494048 0.594356 0.492560 0.598325 0.490327 0.603616 0.485367 0.604938 0.482887 0.604056 0.478175 0.600529 0.475198
0 0.614638 0.485863 0.607143 0.485615 0.605379 0.486111 0.604497 0.487599 0.602734 0.488591 0.600529 0.488839 0.597443 0.493800 0.598325 0.498512 0.600529 0.500744 0.603175 0.500992 0.607584 0.502480 0.611111 0.501240 0.615079 0.500992 0.618607 0.500000 0.622575 0.498016 0.623016 0.493056 0.617725 0.487103
0 0.634921 0.479415 0.624780 0.482391 0.622575 0.485367 0.622575 0.486855 0.628748 0.492560 0.630952 0.496280 0.633157 0.497520 0.635362 0.498016 0.643298 0.498016 0.649471 0.496528 0.653439 0.494048 0.656085 0.490575 0.655203 0.483879 0.651675 0.481151 0.648148 0.480159 0.642857 0.479415
0 0.709436 0.496528 0.707672 0.498264 0.707231 0.501984 0.709877 0.503968 0.717372 0.507192 0.718695 0.508681 0.732804 0.508433 0.737654 0.506696 0.740300 0.501488 0.738095 0.498760 0.731481 0.495288 0.726631 0.494544 0.717372 0.494296 0.712522 0.495040
0 0.698854 0.488095 0.692240 0.487351 0.684744 0.487847 0.679894 0.490079 0.676808 0.493056 0.675485 0.497520 0.676808 0.501736 0.683862 0.508433 0.690917 0.507440 0.698413 0.504464 0.700617 0.502480 0.703263 0.498016 0.703704 0.491071 0.703263 0.490079
0 0.656085 0.470982 0.653880 0.474454 0.654762 0.478671 0.659171 0.482391 0.662698 0.483879 0.669312 0.485119 0.677690 0.484375 0.685185 0.482639 0.690476 0.478919 0.686949 0.474454 0.684303 0.472470 0.676808 0.468998 0.669753 0.467758 0.663139 0.467758
0 0.704145 0.469494 0.701499 0.472222 0.696208 0.474206 0.693122 0.477183 0.693122 0.482639 0.696649 0.486607 0.704586 0.489087 0.712522 0.488839 0.722222 0.486359 0.723986 0.483135 0.723104 0.477679 0.720899 0.474950 0.715608 0.472718 0.712081 0.470238
0 0.759700 0.461806 0.754850 0.464038 0.750000 0.470238 0.750441 0.475198 0.753527 0.477679 0.767637 0.478175 0.772046 0.477183 0.778219 0.474702 0.779541 0.470734 0.774250 0.465526 0.767637 0.461806
0 0.803792 0.471726 0.794533 0.471726 0.786155 0.473958 0.778660 0.477927 0.778219 0.478919 0.779982 0.482391 0.787919 0.488343 0.795855 0.489335 0.803792 0.487103 0.808201 0.485119 0.813051 0.477927 0.811287 0.474702 0.807760 0.472718
0 0.820988 0.460565 0.815256 0.461806 0.807319 0.466766 0.807319 0.470982 0.813492 0.475694 0.823192 0.477431 0.835097 0.474702 0.836861 0.473710 0.839506 0.469742 0.838624 0.466518 0.833333 0.462798 0.826720 0.460813
0 0.839506 0.456101 0.837743 0.458333 0.838624 0.461806 0.842593 0.467510 0.847443 0.469742 0.851411 0.470238 0.868607 0.467758 0.872575 0.466022 0.875220 0.463542 0.876543 0.458333 0.873457 0.455853 0.868607 0.454365 0.858466 0.452877 0.850088 0.452629 0.842593 0.454365
0 0.808201 0.441716 0.805556 0.442460 0.797619 0.447421 0.795855 0.451389 0.799383 0.455357 0.808642 0.460565 0.816138 0.460565 0.820547 0.459325 0.825838 0.455853 0.828924 0.451141 0.828042 0.447669 0.826720 0.445685 0.820106 0.442956 0.815697 0.441964
0 0.849647 0.438244 0.843915 0.437500 0.835538 0.437500 0.831129 0.438740 0.825838 0.443452 0.829365 0.450893 0.832892 0.453373 0.835979 0.454117 0.844356 0.453373 0.850970 0.451637 0.856261 0.447173 0.856702 0.443204 0.854056 0.440476
0 0.898589 0.445188 0.891975 0.446925 0.886684 0.451141 0.887566 0.455357 0.890653 0.458085 0.897707 0.461558 0.903880 0.463294 0.908289 0.463294 0.913139 0.461310 0.915785 0.459077 0.920194 0.452133 0.920194 0.450645 0.917549 0.449157 0.916226 0.447173 0.913580 0.446181 0.906526 0.445188
0 0.905644 0.421379 0.899030 0.422123 0.893298 0.423611 0.890653 0.428323 0.891975 0.432044 0.895944 0.435516 0.902557 0.437500 0.905644 0.439484 0.906966 0.439484 0.914021 0.436756 0.917549 0.431548 0.918871 0.427579 0.917108 0.423859 0.912698 0.422123
0 0.860670 0.427579 0.858466 0.431052 0.858025 0.436260 0.859347 0.438492 0.862434 0.440476 0.870811 0.442956 0.878748 0.442956 0.886684 0.440972 0.889771 0.439484 0.891534 0.437252 0.891975 0.434772 0.889771 0.430556 0.886243 0.428323 0.873898 0.425595 0.864638 0.426091
0 0.850970 0.418651 0.841270 0.419891 0.833333 0.425347 0.831129 0.431796 0.832892 0.434524 0.834656 0.435516 0.842593 0.437004 0.850529 0.436756 0.854497 0.431796 0.855820 0.427579 0.853616 0.420883
0 0.804674 0.427083 0.802469 0.428819 0.801146 0.435516 0.803792 0.438988 0.807760 0.440228 0.814815 0.440972 0.823192 0.440228 0.825838 0.438740 0.828483 0.436012 0.828483 0.431300 0.825838 0.427083 0.823633 0.425843 0.817901 0.424851 0.813051 0.425099
0 0.786596 0.453125 0.779101 0.454365 0.771605 0.458333 0.771164 0.463046 0.776014 0.467758 0.783510 0.471230 0.788801 0.472222 0.793651 0.471478 0.799824 0.469246 0.805115 0.466022 0.806878 0.463542 0.806878 0.462054 0.804674 0.459325 0.799383 0.456101 0.794092 0.453869
0 0.774250 0.434772 0.765873 0.439484 0.765432 0.443452 0.769841 0.446181 0.770282 0.447421 0.777337 0.450397 0.782628 0.450893 0.789242 0.449653 0.793651 0.447173 0.795414 0.444940 0.795855 0.438492 0.794974 0.437004 0.789242 0.434772 0.783069 0.434276
0 0.758818 0.442460 0.753527 0.441220 0.746032 0.441468 0.731922 0.448909 0.729277 0.451885 0.728836 0.456845 0.730159 0.459573 0.735450 0.463046 0.738536 0.463790 0.742504 0.463790 0.755291 0.462302 0.759259 0.461062 0.767637 0.455605 0.770282 0.451637 0.768519 0.447421 0.767196 0.446181
0 0.718254 0.433780 0.711640 0.436012 0.709436 0.439236 0.709436 0.445188 0.710758 0.447173 0.716049 0.449901 0.718695 0.450645 0.726631 0.450645 0.729718 0.449901 0.736332 0.445933 0.740741 0.442212 0.742945 0.439236 0.738095 0.435516 0.733245 0.434028 0.727954 0.433532
0 0.760582 0.421379 0.753086 0.421131 0.749559 0.421875 0.741182 0.427083 0.738536 0.431796 0.741623 0.436756 0.745591 0.438740 0.750882 0.439980 0.756614 0.439980 0.762787 0.438244 0.766755 0.435764 0.770282 0.431796 0.767637 0.425595 0.764991 0.423363
0 0.795855 0.413938 0.783951 0.414435 0.778219 0.416171 0.775573 0.417659 0.768959 0.423115 0.769841 0.428075 0.772928 0.430308 0.779982 0.432540 0.789683 0.433532 0.795414 0.432788 0.801146 0.427827 0.804674 0.420387 0.802028 0.416171 0.799824 0.414931
0 0.803351 0.411954 0.803792 0.415923 0.811728 0.421627 0.818342 0.424107 0.821869 0.424851 0.830688 0.424851 0.835979 0.422371 0.838183 0.420139 0.839506 0.416419 0.839065 0.411706 0.835979 0.408234 0.822751 0.406250 0.813492 0.407738
0 0.775573 0.400298 0.768078 0.398562 0.759700 0.398313 0.753527 0.400050 0.749559 0.402282 0.746914 0.405754 0.746473 0.411458 0.748236 0.417659 0.750441 0.419891 0.753086 0.420635 0.760582 0.420387 0.769841 0.417659 0.779101 0.413194 0.781305 0.410714 0.781746 0.406746 0.779541 0.402530
0 0.741623 0.410962 0.737654 0.409970 0.731481 0.409474 0.724427 0.410466 0.721340 0.411954 0.718254 0.415923 0.717372 0.423859 0.720899 0.426339 0.724868 0.427331 0.733245 0.427579 0.736772 0.426587 0.742504 0.423611 0.746032 0.419891 0.746473 0.415179 0.744709 0.412698
0 0.709436 0.410218 0.706349 0.409474 0.702381 0.409722 0.693563 0.414435 0.690035 0.419147 0.690476 0.422123 0.693563 0.423859 0.695767 0.424355 0.705467 0.424355 0.709877 0.423859 0.714286 0.422123 0.715608 0.420387 0.715168 0.416419 0.712081 0.411706
0 0.677249 0.446181 0.675485 0.447917 0.674603 0.451389 0.675926 0.455357 0.679012 0.459325 0.684303 0.462302 0.689153 0.463046 0.691799 0.463046 0.698413 0.461310 0.702381 0.459077 0.705908 0.455853 0.706349 0.454613 0.705026 0.451389 0.699295 0.448909 0.686508 0.445933 0.681658 0.445685
0 0.676808 0.426339 0.671076 0.428075 0.663139 0.432044 0.661376 0.436012 0.664021 0.439484 0.669753 0.442212 0.672399 0.442460 0.676367 0.443948 0.683862 0.443948 0.694885 0.437500 0.696208 0.436012 0.696208 0.431548 0.693563 0.429067 0.688713 0.427083
0 0.590829 0.457589 0.584215 0.461558 0.584215 0.466766 0.593474 0.471974 0.601852 0.472470 0.607584 0.471974 0.611111 0.470982 0.609788 0.462798 0.606702 0.458829 0.600970 0.456349 0.593915 0.456597
0 0.558201 0.458085 0.555115 0.458829 0.552028 0.460813 0.550265 0.463046 0.549824 0.467758 0.552028 0.470734 0.559524 0.471726 0.566138 0.469494 0.569224 0.466766 0.571429 0.462798 0.568342 0.459573
0 0.462963 0.438244 0.457672 0.439980 0.454145 0.440476 0.450617 0.443204 0.454586 0.451141 0.462081 0.454117 0.469577 0.455357 0.476190 0.453869 0.481041 0.451389 0.483245 0.448413 0.483245 0.446677 0.475750 0.439236 0.469577 0.437996
0 0.496032 0.454613 0.485450 0.459077 0.485450 0.463046 0.487213 0.467262 0.488977 0.468750 0.493827 0.469742 0.495591 0.470734 0.503968 0.472222 0.510582 0.470238 0.514550 0.467262 0.518078 0.463542 0.517196 0.459077 0.514991 0.457341 0.511023 0.456101 0.503968 0.454861
0 0.523810 0.447917 0.520282 0.450149 0.518519 0.453621 0.518078 0.459077 0.520723 0.464782 0.526014 0.467262 0.530864 0.468254 0.543210 0.466022 0.548060 0.463542 0.551587 0.459325 0.550265 0.453373 0.547178 0.451389 0.541887 0.449653 0.531305 0.447669
0 0.559965 0.440972 0.555996 0.442212 0.552028 0.444940 0.549824 0.447173 0.549383 0.451389 0.556437 0.456597 0.565256 0.458333 0.573192 0.458829 0.580247 0.455357 0.584215 0.454117 0.585979 0.452133 0.585097 0.449157 0.580688 0.445188 0.572751 0.440972 0.568342 0.440228
0 0.502646 0.435268 0.496473 0.437252 0.489418 0.441220 0.488095 0.443204 0.488536 0.447917 0.492504 0.450149 0.492945 0.451141 0.503086 0.454117 0.510582 0.454861 0.518078 0.451637 0.518959 0.449405 0.521164 0.447421 0.521164 0.442956 0.517637 0.437748 0.514550 0.435516
0 0.525573 0.431796 0.521164 0.435268 0.521605 0.440228 0.524691 0.445437 0.528219 0.447173 0.537919 0.449157 0.545414 0.449653 0.547619 0.448909 0.553351 0.443700 0.555115 0.440724 0.554233 0.435516 0.551146 0.431796 0.545855 0.429563 0.535714 0.429563
0 0.586861 0.421379 0.579365 0.420387 0.567019 0.423363 0.560406 0.428323 0.559524 0.432044 0.561287 0.433780 0.568342 0.437004 0.572751 0.437996 0.584215 0.437996 0.591711 0.436012 0.593915 0.434772 0.595679 0.431796 0.594797 0.428075 0.590829 0.423363
0 0.550265 0.411954 0.544974 0.412946 0.539242 0.415923 0.536155 0.420387 0.537919 0.423859 0.542769 0.428323 0.544974 0.429067 0.552910 0.429315 0.559524 0.428075 0.561287 0.425347 0.563492 0.423859 0.563492 0.419891 0.559965 0.414435 0.553351 0.411954
0 0.531746 0.420635 0.524250 0.416915 0.520723 0.415923 0.511023 0.415923 0.503086 0.418403 0.500000 0.420139 0.496473 0.423611 0.495150 0.427083 0.495591 0.428819 0.500000 0.432540 0.503086 0.433780 0.508818 0.434524 0.519400 0.434028 0.524250 0.432292 0.532628 0.427827 0.533510 0.423115
0 0.578924 0.406498 0.576279 0.407738 0.574074 0.411706 0.575397 0.416667 0.578483 0.419643 0.591711 0.422123 0.594797 0.422123 0.604497 0.419891 0.606261 0.416915 0.605820 0.411458 0.604497 0.408234 0.600970 0.405506 0.594797 0.405010 0.586420 0.405258
0 0.558201 0.394841 0.551146 0.396329 0.546296 0.398810 0.542769 0.402282 0.541446 0.404762 0.543210 0.407242 0.547619 0.410466 0.559524 0.412946 0.565697 0.411954 0.571429 0.409970 0.574956 0.407738 0.576279 0.403770 0.574515 0.400298 0.568342 0.396329
0 0.541887 0.396329 0.537478 0.395585 0.523810 0.396825 0.518078 0.399058 0.516755 0.400298 0.515873 0.404514 0.519400 0.407986 0.523810 0.410466 0.531305 0.410962 0.534832 0.408482 0.535714 0.406994 0.538801 0.405258 0.542328 0.400794
0 0.578924 0.386905 0.569224 0.390377 0.568342 0.392113 0.568783 0.396577 0.574515 0.401042 0.579365 0.402778 0.586420 0.402282 0.594797 0.399058 0.596561 0.397073 0.596561 0.391617 0.594797 0.389633 0.592152 0.388641
0 0.599206 0.396081 0.600088 0.400298 0.602734 0.404018 0.608025 0.406002 0.615520 0.406250 0.628307 0.401290 0.631834 0.400546 0.631834 0.396329 0.628748 0.394097 0.625220 0.392609 0.618166 0.391121 0.607584 0.390873 0.603616 0.392609
0 0.641534 0.398810 0.637125 0.400298 0.635362 0.403026 0.635362 0.410466 0.636243 0.412202 0.641975 0.415179 0.649471 0.415427 0.658730 0.411954 0.663139 0.408234 0.663580 0.404266 0.656085 0.400794 0.649030 0.399306
0 0.683862 0.396825 0.679012 0.400050 0.679894 0.408730 0.682540 0.412202 0.691358 0.412946 0.697972 0.410714 0.707672 0.405506 0.708554 0.404514 0.708113 0.400298 0.698413 0.396825 0.691358 0.396329
0 0.718695 0.394593 0.710317 0.402778 0.709877 0.405258 0.711199 0.407738 0.714727 0.409226 0.722663 0.409970 0.738536 0.408730 0.740300 0.407738 0.742504 0.404514 0.742063 0.400298 0.738536 0.396825 0.732804 0.393849 0.725309 0.393105
0 0.744268 0.381944 0.739418 0.382440 0.738095 0.383433 0.734568 0.388393 0.733245 0.392609 0.743827 0.399802 0.746914 0.400546 0.753968 0.399554 0.761905 0.396329 0.764550 0.392857 0.764991 0.388145 0.762346 0.384673 0.760582 0.383681 0.754409 0.382440
0 0.774250 0.386657 0.768078 0.392609 0.766314 0.396577 0.780423 0.401290 0.788360 0.400050 0.795414 0.395833 0.796737 0.393105 0.795414 0.388641 0.786596 0.386409 0.778660 0.386161
0 0.823192 0.383681 0.810847 0.383681 0.808642 0.384177 0.805556 0.390377 0.805996 0.396329 0.806878 0.399058 0.808642 0.400794 0.817019 0.401042 0.820106 0.400546 0.825397 0.398810 0.828483 0.396577 0.831129 0.388393 0.827160 0.385169
0 0.865079 0.400298 0.861111 0.395833 0.850529 0.393601 0.838183 0.395585 0.830247 0.398065 0.827160 0.400050 0.827160 0.404514 0.829365 0.406002 0.834215 0.406498 0.836420 0.408482 0.843034 0.409722 0.847443 0.409474 0.855820 0.407242 0.861993 0.404514
0 0.880071 0.404762 0.871252 0.404018 0.864638 0.405506 0.857584 0.408730 0.854497 0.411954 0.854056 0.416171 0.858025 0.419147 0.862875 0.420387 0.873898 0.420635 0.878748 0.420139 0.881834 0.418651 0.884480 0.416419 0.883157 0.407738 0.881834 0.405754
0 0.902116 0.405010 0.900353 0.407242 0.900353 0.408978 0.902557 0.411706 0.903880 0.415675 0.905644 0.416915 0.912698 0.418155 0.921076 0.418155 0.926808 0.417163 0.929453 0.415675 0.931217 0.411706 0.929453 0.407738 0.926808 0.405258 0.921517 0.403522 0.914903 0.402778 0.906085 0.403522
0 0.867725 0.388641 0.864198 0.392361 0.865079 0.396577 0.871693 0.401786 0.877866 0.403274 0.885802 0.403522 0.889330 0.401290 0.892416 0.400298 0.893298 0.391865 0.891534 0.388889 0.885802 0.386161 0.877866 0.386161 0.874780 0.387401
0 0.948413 0.391617 0.944885 0.388393 0.934744 0.384673 0.928131 0.384921 0.920194 0.386409 0.913139 0.388889 0.908730 0.392361 0.907407 0.396825 0.911376 0.399554 0.918430 0.401786 0.925926 0.403026 0.934303 0.402530 0.941358 0.401290 0.947972 0.397569
0 0.867284 0.376488 0.857143 0.374008 0.850970 0.373264 0.843474 0.373512 0.832451 0.376736 0.831129 0.380208 0.832011 0.384673 0.837743 0.389137 0.842593 0.391121 0.851852 0.391121 0.860229 0.389385 0.865961 0.387153 0.870811 0.380952
0 0.802028 0.364087 0.795855 0.368800 0.795414 0.373760 0.797178 0.375744 0.800705 0.378224 0.809083 0.381944 0.813933 0.382688 0.823633 0.382688 0.828924 0.378224 0.831129 0.377232 0.831570 0.373016 0.825838 0.365327 0.815256 0.363095 0.808201 0.362847
0 0.767196 0.372520 0.765432 0.375992 0.764550 0.380952 0.768078 0.383185 0.778219 0.384673 0.788801 0.384673 0.793651 0.383433 0.798942 0.380952 0.797619 0.376736 0.794974 0.374008 0.790564 0.371776 0.781746 0.370040 0.773810 0.369792 0.770282 0.370784
0 0.746032 0.363343 0.739418 0.365079 0.733686 0.367560 0.731481 0.369544 0.730600 0.374256 0.732804 0.376984 0.739418 0.381200 0.743386 0.381944 0.753968 0.381696 0.756614 0.380952 0.761023 0.378472 0.764550 0.373512 0.764109 0.369048 0.761023 0.366319 0.757055 0.364583 0.753968 0.363839
0 0.699735 0.376736 0.696649 0.384921 0.698854 0.388889 0.704586 0.392113 0.711640 0.394097 0.719577 0.393849 0.726631 0.392609 0.732804 0.390129 0.737213 0.385169 0.736772 0.380952 0.733245 0.378968 0.723545 0.376488 0.712081 0.375000 0.703263 0.375496
0 0.670635 0.375744 0.669312 0.376240 0.666226 0.380456 0.665785 0.385665 0.667108 0.388641 0.676367 0.393105 0.681658 0.392609 0.688272 0.389633 0.692240 0.388641 0.694004 0.385913 0.693563 0.383185 0.691799 0.381200 0.684744 0.376736 0.677690 0.375496
0 0.649471 0.379712 0.641093 0.379960 0.634039 0.381200 0.630071 0.383185 0.624780 0.388393 0.626543 0.391369 0.636243 0.397817 0.642857 0.398313 0.649471 0.397569 0.657407 0.395089 0.660935 0.392857 0.661376 0.388145 0.659612 0.384921 0.656085 0.381944
0 0.621693 0.373760 0.611111 0.373760 0.607143 0.374752 0.604056 0.376736 0.601852 0.379960 0.601852 0.381696 0.604056 0.385417 0.607143 0.386905 0.614198 0.388641 0.621693 0.387897 0.628748 0.384177 0.630511 0.381448 0.629189 0.376736
0 0.585979 0.372520 0.580247 0.374256 0.575397 0.376984 0.574074 0.380952 0.579806 0.385665 0.584656 0.387153 0.594356 0.388889 0.598765 0.386905 0.600970 0.384921 0.600088 0.376488 0.593915 0.373016
0 0.544974 0.378472 0.537037 0.383433 0.533951 0.387897 0.533951 0.392857 0.537478 0.394097 0.552469 0.395585 0.555115 0.394841 0.558201 0.392361 0.559083 0.389385 0.558201 0.384177 0.553792 0.380704 0.552469 0.378720
0 0.496473 0.354663 0.491623 0.357639 0.490300 0.360119 0.490300 0.362103 0.492504 0.366071 0.496914 0.368800 0.509700 0.372272 0.515432 0.371528 0.516755 0.369792 0.516755 0.360367 0.514109 0.356399 0.511464 0.354911 0.506173 0.353919 0.501323 0.353919
0 0.530423 0.352679 0.526014 0.353423 0.518959 0.357887 0.517196 0.363343 0.517196 0.373264 0.521605 0.376240 0.527778 0.377728 0.532187 0.377976 0.539683 0.376240 0.542769 0.374752 0.547178 0.369544 0.547619 0.364831 0.547178 0.361111 0.543651 0.355655 0.538801 0.353423
0 0.557760 0.355903 0.553792 0.356895 0.552028 0.358383 0.550265 0.363591 0.550265 0.369544 0.553792 0.374504 0.556878 0.376240 0.564815 0.377728 0.569665 0.377480 0.573192 0.376736 0.580247 0.373264 0.583774 0.372272 0.585097 0.369792 0.585097 0.363839 0.583333 0.361855 0.575838 0.358383 0.567019 0.356647
0 0.622134 0.353423 0.614198 0.353423 0.606261 0.354167 0.599647 0.355655 0.597002 0.357143 0.597443 0.359375 0.589991 0.361954 0.588228 0.365129 0.599206 0.369296 0.603616 0.372024 0.612434 0.373016 0.619929 0.372768 0.622575 0.372272 0.627425 0.369296 0.629630 0.365327 0.629189 0.361111 0.626102 0.355407
0 0.656526 0.355407 0.641534 0.356399 0.638007 0.358135 0.636243 0.360863 0.636243 0.366319 0.637566 0.370040 0.640212 0.372768 0.648589 0.376240 0.656966 0.375744 0.663139 0.373264 0.664903 0.372024 0.667108 0.367312 0.667549 0.362351 0.666226 0.357887 0.662257 0.356399
0 0.697531 0.359871 0.692240 0.358383 0.684303 0.357887 0.675926 0.359623 0.669753 0.365079 0.668871 0.370536 0.670635 0.373264 0.676808 0.374752 0.686067 0.375000 0.693122 0.374256 0.697531 0.372768 0.700617 0.369544 0.700176 0.362351
0 0.669753 0.343006 0.664903 0.344742 0.659612 0.349206 0.658289 0.353671 0.661376 0.355655 0.670635 0.357887 0.677690 0.358383 0.681217 0.357391 0.683422 0.355407 0.685626 0.350446 0.685185 0.347470 0.683862 0.345486 0.679453 0.343998
0 0.711640 0.345486 0.704145 0.345734 0.697090 0.348462 0.694444 0.351687 0.694444 0.356895 0.698854 0.360367 0.704586 0.363095 0.712081 0.362599 0.716931 0.361111 0.723545 0.357639 0.726190 0.353671 0.723545 0.349454 0.717372 0.346974
0 0.746914 0.342510 0.742504 0.343254 0.736332 0.345486 0.730159 0.349454 0.727954 0.353175 0.729277 0.357391 0.739418 0.362599 0.748236 0.361607 0.752205 0.358879 0.756614 0.353919 0.756614 0.349206 0.753968 0.344742 0.752646 0.343750
0 0.776896 0.346726 0.772487 0.346974 0.765873 0.349454 0.763228 0.354167 0.761905 0.361111 0.763668 0.365327 0.768078 0.367312 0.773810 0.368056 0.781305 0.367560 0.783951 0.366071 0.787037 0.361359 0.787478 0.353175 0.786596 0.351190 0.780864 0.347470
0 0.783510 0.341766 0.782628 0.346974 0.783951 0.349206 0.787919 0.352431 0.791887 0.354167 0.799383 0.354415 0.804674 0.353919 0.816578 0.350942 0.818783 0.349702 0.820106 0.346230 0.818783 0.343998 0.812169 0.340030 0.803792 0.338046 0.794974 0.338046 0.787478 0.340030
0 0.835538 0.353671 0.829806 0.351687 0.821869 0.351438 0.813889 0.354464 0.804321 0.359028 0.802028 0.361607 0.805996 0.362599 0.815697 0.362599 0.822751 0.364583 0.831129 0.365327 0.833774 0.363591 0.835538 0.360863 0.836420 0.357887
0 0.894180 0.366319 0.886243 0.367063 0.882275 0.368800 0.877866 0.373016 0.876984 0.376736 0.878307 0.381200 0.880511 0.383185 0.883598 0.384921 0.891975 0.386409 0.907848 0.380456 0.913139 0.376984 0.912257 0.372768 0.910494 0.371032 0.903880 0.367808 0.899912 0.366815
0 0.858466 0.353423 0.849206 0.353919 0.842152 0.356399 0.834215 0.365079 0.836861 0.368304 0.843915 0.372272 0.850529 0.372272 0.863757 0.367560 0.866843 0.365327 0.868607 0.362103 0.868166 0.357887 0.863757 0.355159
0 0.878307 0.343750 0.869929 0.345734 0.867284 0.347222 0.865520 0.349206 0.865079 0.353919 0.871693 0.360119 0.874339 0.361607 0.885802 0.365327 0.890653 0.363095 0.894180 0.359127 0.896384 0.354415 0.895944 0.349454 0.891534 0.345734 0.885802 0.343502
0 0.927690 0.345734 0.921076 0.346478 0.914771 0.347569 0.908686 0.350025 0.903439 0.349950 0.901235 0.357391 0.906085 0.361607 0.911817 0.362847 0.914462 0.362847 0.920194 0.361359 0.921958 0.359623 0.927249 0.357391 0.930335 0.353671 0.930335 0.349454
0 0.898148 0.334077 0.891975 0.335813 0.887566 0.337798 0.884921 0.342262 0.888889 0.345486 0.899030 0.349950 0.908289 0.349702 0.913580 0.348214 0.917108 0.345982 0.917989 0.341518 0.916667 0.338046 0.913139 0.335317 0.907407 0.333829
0 0.844356 0.332837 0.836420 0.332589 0.833333 0.333333 0.829365 0.335317 0.824515 0.339534 0.823192 0.341518 0.823192 0.346726 0.824956 0.349950 0.828924 0.351687 0.835538 0.352927 0.839065 0.352679 0.850529 0.348958 0.852734 0.346974 0.854938 0.342014 0.854497 0.338542 0.850970 0.335317
0 0.858025 0.323413 0.851852 0.325149 0.847443 0.327629 0.846120 0.329613 0.847443 0.333829 0.856702 0.338790 0.865079 0.339038 0.873016 0.337302 0.878748 0.334077 0.879189 0.329861 0.876543 0.325893 0.870811 0.323413
0 0.815256 0.321925 0.809083 0.322917 0.802910 0.325397 0.797619 0.329365 0.794533 0.334325 0.794974 0.336310 0.796737 0.337550 0.804674 0.338294 0.817019 0.341022 0.822751 0.340030 0.825838 0.338046 0.828483 0.334573 0.828483 0.329117 0.827601 0.326389 0.823192 0.322917
0 0.760582 0.320188 0.756173 0.319692 0.746032 0.319692 0.738095 0.321925 0.732363 0.326637 0.731481 0.330109 0.732804 0.333581 0.737213 0.337798 0.743827 0.341270 0.746914 0.341766 0.751764 0.340278 0.759259 0.335317 0.764550 0.330357 0.765432 0.325397 0.763668 0.322173
0 0.701940 0.329365 0.697531 0.330853 0.694444 0.333829 0.693563 0.337302 0.694444 0.341518 0.697531 0.343998 0.701499 0.344494 0.712081 0.344246 0.715608 0.342510 0.719577 0.338542 0.721340 0.334573 0.720899 0.332837 0.718695 0.330853 0.713404 0.329613
0 0.720899 0.317708 0.718695 0.316220 0.712963 0.314980 0.697972 0.315972 0.690035 0.318204 0.687390 0.319692 0.685626 0.322669 0.688713 0.325397 0.697531 0.328621 0.702822 0.329365 0.712522 0.329117 0.716931 0.327877 0.721340 0.324405 0.722222 0.321181
0 0.676808 0.325397 0.673721 0.326141 0.666667 0.330109 0.664903 0.333333 0.664903 0.338294 0.668871 0.340774 0.672399 0.342014 0.676367 0.342758 0.684303 0.342510 0.689153 0.337550 0.689594 0.333581 0.686067 0.327877 0.681658 0.325893
0 0.634480 0.330357 0.627866 0.333581 0.624780 0.342014 0.627425 0.344990 0.631834 0.347222 0.633598 0.349950 0.638448 0.351687 0.643739 0.351935 0.650353 0.349950 0.652998 0.348214 0.658289 0.346230 0.660053 0.341766 0.660053 0.337302 0.657407 0.333829 0.649471 0.330853 0.642416 0.330109
0 0.626543 0.345486 0.620370 0.341766 0.614638 0.340030 0.607143 0.340278 0.600529 0.342510 0.596561 0.345734 0.596120 0.349702 0.600529 0.353919 0.609788 0.353671 0.621252 0.351935 0.625661 0.349950
0 0.593915 0.336310 0.587302 0.334077 0.579806 0.334325 0.568783 0.337798 0.566578 0.342014 0.569224 0.345238 0.569224 0.349702 0.572310 0.351190 0.581570 0.350942 0.589947 0.349950 0.594356 0.348462 0.597443 0.345486 0.597884 0.341270
0 0.533069 0.341518 0.530423 0.344246 0.529982 0.346230 0.533951 0.350446 0.537919 0.352431 0.544092 0.353671 0.552028 0.353423 0.555556 0.350942 0.556878 0.348958 0.556878 0.345238 0.554233 0.341766 0.552028 0.340526 0.547178 0.339534 0.539683 0.340030
0 0.515432 0.337302 0.510582 0.336062 0.503527 0.336558 0.496473 0.339038 0.492504 0.344990 0.492945 0.349950 0.496473 0.353175 0.500882 0.353919 0.511023 0.354167 0.519400 0.351438 0.521164 0.349950 0.522928 0.344990 0.519400 0.340030
0 0.506614 0.316964 0.503086 0.318948 0.500882 0.324653 0.502205 0.330357 0.505732 0.334325 0.509259 0.335565 0.519400 0.336062 0.524250 0.335813 0.530864 0.334077 0.533951 0.331101 0.535273 0.327877 0.534392 0.322173 0.531305 0.318700 0.525132 0.315972 0.515873 0.315972
0 0.557319 0.308036 0.552469 0.309028 0.547619 0.312748 0.546296 0.315972 0.546737 0.320188 0.548501 0.322421 0.552910 0.324405 0.557760 0.325397 0.565256 0.325149 0.568342 0.324157 0.571869 0.321925 0.574515 0.318700 0.574074 0.316468 0.572310 0.314236 0.567019 0.311260 0.559524 0.308036
0 0.594356 0.306300 0.588183 0.306548 0.584656 0.307292 0.582011 0.308780 0.576720 0.314980 0.576279 0.321925 0.579365 0.325149 0.583333 0.326389 0.591711 0.326637 0.597443 0.325893 0.600529 0.324653 0.603175 0.321677 0.604056 0.317956 0.602734 0.312996 0.599206 0.308284
0 0.620370 0.307044 0.612434 0.308284 0.608466 0.310268 0.606702 0.315228 0.607143 0.318700 0.610229 0.323661 0.615961 0.326141 0.622134 0.326885 0.628307 0.326141 0.633598 0.324157 0.635802 0.322421 0.637566 0.317708 0.636243 0.312996 0.634039 0.310020 0.629630 0.308036
0 0.641975 0.301339 0.638889 0.302827 0.637566 0.310516 0.639330 0.314980 0.642857 0.319444 0.645944 0.321429 0.649030 0.322421 0.656526 0.322421 0.663139 0.320685 0.668430 0.317708 0.668871 0.314236 0.665344 0.310020 0.657848 0.304067 0.653439 0.301835 0.650794 0.301091
0 0.694444 0.296131 0.691358 0.295387 0.675485 0.295635 0.670635 0.297619 0.667989 0.301587 0.667989 0.304812 0.671076 0.310516 0.674162 0.312996 0.677249 0.313740 0.685185 0.313988 0.692681 0.312748 0.698854 0.310516 0.701499 0.307044 0.701940 0.302331 0.699295 0.298859
0 0.712963 0.297123 0.707672 0.301587 0.706790 0.307044 0.710758 0.311756 0.718695 0.315228 0.727072 0.315724 0.734568 0.314732 0.736772 0.310516 0.732804 0.304067 0.727954 0.298611 0.725750 0.297371 0.720018 0.296131 0.716931 0.296131
0 0.739418 0.298859 0.735009 0.302331 0.735009 0.306052 0.738977 0.311260 0.740741 0.312252 0.745591 0.313244 0.753968 0.312996 0.757937 0.312004 0.762346 0.307540 0.761905 0.303323 0.760582 0.300843 0.753968 0.298363 0.746032 0.297867
0 0.781746 0.308284 0.773810 0.307540 0.760141 0.310516 0.759259 0.311508 0.758377 0.315724 0.759700 0.318700 0.765873 0.323909 0.768078 0.324901 0.776455 0.325149 0.781746 0.324405 0.787919 0.322173 0.791446 0.318948 0.791005 0.313492 0.789683 0.311508
0 0.787919 0.296627 0.782628 0.299603 0.781305 0.302331 0.782628 0.306300 0.791446 0.310516 0.797178 0.310764 0.807319 0.306796 0.806437 0.302579 0.802469 0.301091 0.795414 0.296379
0 0.835538 0.308780 0.829365 0.309524 0.822310 0.311756 0.819665 0.313244 0.818342 0.314980 0.817901 0.318948 0.819224 0.320933 0.830688 0.327381 0.837302 0.329117 0.843474 0.328125 0.847002 0.326885 0.852293 0.323165 0.852734 0.321181 0.850529 0.313740 0.848765 0.311260 0.843915 0.309524
0 0.738977 0.264385 0.734568 0.265873 0.730159 0.271329 0.730159 0.275546 0.746032 0.285218 0.747354 0.285218 0.755732 0.282490 0.761905 0.278770 0.764109 0.276042 0.765432 0.271329 0.761023 0.267361 0.753968 0.265129
0 0.776896 0.281498 0.768519 0.280258 0.761023 0.280506 0.749559 0.286458 0.746914 0.290923 0.746914 0.295139 0.749559 0.297619 0.761464 0.300099 0.767637 0.299355 0.774691 0.297619 0.780423 0.295387 0.784392 0.292411 0.784832 0.289683 0.783069 0.285962 0.780423 0.283234
0 0.655203 0.281746 0.650794 0.283234 0.646384 0.287450 0.645062 0.290427 0.645944 0.295635 0.648148 0.298363 0.650794 0.299603 0.655644 0.300595 0.663580 0.300099 0.669753 0.298363 0.675044 0.295139 0.676367 0.291419 0.675926 0.286706 0.671517 0.283730 0.667549 0.282490 0.663139 0.281746
0 0.638448 0.287202 0.632275 0.285962 0.626984 0.285714 0.620370 0.286458 0.615961 0.287946 0.612875 0.289683 0.609347 0.294643 0.609788 0.298115 0.611552 0.300099 0.614198 0.301339 0.621252 0.303075 0.629189 0.303075 0.634039 0.301835 0.637125 0.299851 0.639771 0.295635 0.641093 0.290923
0 0.587743 0.287450 0.578924 0.287450 0.574074 0.289187 0.571429 0.291419 0.570106 0.294147 0.569665 0.299355 0.570547 0.303323 0.573192 0.306300 0.580688 0.307044 0.593915 0.303323 0.599206 0.299107 0.600088 0.294891 0.597443 0.291667 0.593915 0.288938
0 0.724868 0.277282 0.716931 0.280010 0.713845 0.281746 0.710758 0.286954 0.711640 0.290923 0.714286 0.293899 0.718254 0.295635 0.734127 0.296131 0.739859 0.294643 0.742945 0.292659 0.745591 0.287450 0.745150 0.285962 0.742063 0.282490 0.732804 0.277778
0 0.689594 0.275546 0.683862 0.277530 0.679453 0.282490 0.680335 0.287450 0.682099 0.289187 0.689153 0.292907 0.690917 0.293403 0.698854 0.293651 0.708554 0.290923 0.711199 0.287450 0.712081 0.282490 0.709436 0.279762 0.701499 0.276538 0.696208 0.275546
0 0.696208 0.259673 0.690917 0.258185 0.683422 0.258433 0.670635 0.263393 0.667108 0.265377 0.663580 0.269097 0.662257 0.271329 0.663139 0.275298 0.668871 0.277034 0.682981 0.277034 0.695326 0.274306 0.699295 0.271825 0.701499 0.268353 0.700176 0.263393
0 0.711640 0.252232 0.705026 0.253720 0.700617 0.255704 0.699295 0.260417 0.701940 0.263641 0.704145 0.268601 0.711640 0.273810 0.719577 0.275794 0.726190 0.274554 0.732804 0.268601 0.734568 0.264881 0.734127 0.259673 0.730600 0.254960 0.725750 0.252728
0 0.503968 0.298115 0.495150 0.297867 0.488095 0.298611 0.482363 0.301091 0.481041 0.302579 0.480600 0.306796 0.482363 0.309028 0.492504 0.314732 0.496473 0.315228 0.500882 0.314732 0.508818 0.310764 0.509700 0.302579 0.507496 0.299107
0 0.530423 0.288938 0.527337 0.289683 0.523810 0.291915 0.517196 0.294147 0.514991 0.297867 0.514991 0.299851 0.516314 0.302827 0.520723 0.307044 0.527337 0.309524 0.532187 0.310020 0.538360 0.309524 0.541887 0.308532 0.548942 0.305060 0.550705 0.303075 0.551587 0.298611 0.549383 0.295139 0.545414 0.292411 0.537919 0.289435
0 0.593474 0.264633 0.590388 0.265377 0.584215 0.268849 0.581570 0.271329 0.582451 0.284474 0.584656 0.287202 0.589065 0.287698 0.593034 0.288938 0.600970 0.288690 0.609788 0.287202 0.613757 0.285218 0.615961 0.281994 0.615961 0.277034 0.611111 0.269593 0.605820 0.265873 0.601411 0.264633
0 0.557760 0.274554 0.553351 0.271329 0.547178 0.270585 0.538360 0.271081 0.527778 0.272569 0.521605 0.274802 0.516755 0.283730 0.519400 0.285466 0.528660 0.287946 0.536596 0.288938 0.545855 0.288938 0.552469 0.287202 0.557760 0.283482 0.559083 0.280258
0 0.635802 0.246528 0.633157 0.248016 0.629630 0.251488 0.630071 0.255704 0.631393 0.257440 0.633157 0.258433 0.645944 0.262153 0.657407 0.262401 0.660053 0.261657 0.664903 0.256200 0.664903 0.250992 0.662257 0.247272 0.656526 0.245536 0.641534 0.245288
0 0.628307 0.258681 0.619048 0.261161 0.616402 0.262401 0.615079 0.263641 0.615520 0.267857 0.625220 0.275794 0.628307 0.276786 0.635362 0.277034 0.642416 0.274554 0.647266 0.271577 0.647266 0.267361 0.645503 0.263641 0.641975 0.260913 0.636684 0.259177
0 0.607143 0.244296 0.597443 0.245288 0.592593 0.247272 0.587743 0.251488 0.587302 0.255952 0.593034 0.262153 0.599206 0.263889 0.608025 0.264881 0.614198 0.262897 0.616843 0.260169 0.614638 0.247768 0.610229 0.245040
0 0.572310 0.253472 0.565697 0.255208 0.560406 0.257688 0.557760 0.260169 0.557319 0.264385 0.559524 0.267857 0.565697 0.271081 0.572751 0.272321 0.580688 0.272073 0.586420 0.268105 0.589506 0.264633 0.589947 0.259425 0.585979 0.254712 0.582451 0.253968
0 0.499559 0.251736 0.496032 0.253472 0.492945 0.255952 0.492063 0.257688 0.489418 0.259177 0.489418 0.263393 0.494268 0.267609 0.496473 0.268849 0.503527 0.270833 0.510582 0.270585 0.522046 0.267857 0.523810 0.262649 0.522487 0.258681 0.519400 0.255704 0.511023 0.251488 0.501764 0.251240
0 0.573633 0.242808 0.565697 0.238095 0.557760 0.237351 0.552028 0.238343 0.541446 0.244048 0.538139 0.245660 0.536640 0.247346 0.537831 0.249752 0.538228 0.251389 0.538095 0.252530 0.538360 0.253224 0.537478 0.255952 0.538801 0.256448 0.544974 0.256696 0.550705 0.258185 0.559083 0.258185 0.561728 0.256696 0.574074 0.252232 0.575838 0.247272
0 0.606261 0.227927 0.600088 0.227431 0.596120 0.228175 0.585538 0.232639 0.583333 0.235615 0.583333 0.237351 0.585097 0.240327 0.593474 0.244792 0.602293 0.244296 0.609788 0.240079 0.612875 0.236855 0.611993 0.232143 0.608025 0.228423
0 0.627425 0.227431 0.622575 0.228671 0.614638 0.235119 0.614198 0.237351 0.620811 0.244296 0.627425 0.245784 0.635362 0.245536 0.643298 0.242560 0.649471 0.238095 0.650353 0.236111 0.649471 0.234375 0.641975 0.228919 0.635362 0.227679
0 0.709877 0.248016 0.705026 0.245040 0.697531 0.244792 0.676808 0.246280 0.672840 0.250744 0.673677 0.257292 0.680423 0.258656 0.697972 0.256696 0.702822 0.253472 0.708554 0.251984
0 0.767196 0.224206 0.769841 0.228919 0.774250 0.233383 0.783951 0.234375 0.787919 0.235615 0.795414 0.235119 0.797619 0.229663 0.797619 0.226687 0.795414 0.224206 0.790123 0.223462
0 0.774691 0.234127 0.766755 0.236359 0.761905 0.242063 0.758818 0.244048 0.757496 0.247520 0.758818 0.249504 0.764109 0.252728 0.766755 0.253720 0.773369 0.254464 0.789242 0.252232 0.791887 0.248512 0.792328 0.243552 0.789683 0.238095 0.781305 0.234871
0 0.759700 0.255456 0.753968 0.259673 0.754409 0.263641 0.763228 0.267857 0.765432 0.271825 0.767196 0.272817 0.778660 0.271577 0.788360 0.265873 0.788360 0.261905 0.785714 0.259673 0.768078 0.255456
0 0.809524 0.272817 0.802910 0.272073 0.795414 0.272321 0.783510 0.275298 0.779101 0.278522 0.779101 0.280506 0.783510 0.284970 0.787037 0.290179 0.789683 0.291915 0.794092 0.293155 0.803351 0.291915 0.808201 0.288938 0.813492 0.287698 0.816138 0.286458 0.820106 0.281250 0.820547 0.278770 0.816138 0.275546
0 0.822310 0.292163 0.812610 0.294643 0.806878 0.298611 0.808642 0.303075 0.813933 0.307044 0.824074 0.308780 0.828924 0.308036 0.831129 0.307044 0.836420 0.301339 0.837302 0.298115 0.832892 0.294395
0 0.843474 0.274058 0.839947 0.275298 0.836420 0.280010 0.835979 0.283730 0.838183 0.287450 0.843915 0.290923 0.850088 0.291667 0.857143 0.291171 0.865079 0.286706 0.865961 0.283482 0.865079 0.281002 0.854938 0.275050 0.850088 0.274058
0 0.857584 0.296131 0.850970 0.297867 0.845238 0.302331 0.844797 0.307044 0.847443 0.309276 0.851852 0.311508 0.859788 0.313988 0.863316 0.315972 0.865520 0.316220 0.869489 0.314484 0.878307 0.308780 0.879630 0.305308 0.879630 0.301835 0.878748 0.300099 0.876543 0.298611 0.871693 0.296875 0.865079 0.296131
0 0.920194 0.296627 0.911376 0.296875 0.906526 0.298363 0.899030 0.302579 0.897266 0.305804 0.898148 0.310020 0.906085 0.315724 0.913580 0.316716 0.919753 0.316220 0.924603 0.314732 0.930335 0.310764 0.933862 0.306300 0.935185 0.303075 0.934303 0.301587 0.929894 0.300595 0.927249 0.298611
0 0.925044 0.273810 0.920635 0.272073 0.912257 0.270833 0.906085 0.271577 0.895944 0.275298 0.891534 0.280506 0.890653 0.283730 0.895062 0.286954 0.899030 0.291667 0.906526 0.290923 0.913139 0.289187 0.920194 0.285218 0.926808 0.279266 0.927249 0.275298
0 0.899471 0.263393 0.896825 0.262153 0.895062 0.259425 0.891975 0.258185 0.885802 0.257192 0.878307 0.257937 0.864198 0.263889 0.861993 0.267113 0.862875 0.271577 0.877425 0.274058 0.888889 0.272569 0.892857 0.271577 0.893739 0.269841 0.896384 0.268353 0.899471 0.267857
0 0.864638 0.238095 0.857584 0.238591 0.848325 0.244048 0.847443 0.248512 0.850088 0.251984 0.853175 0.253224 0.857143 0.253968 0.865079 0.253720 0.871252 0.252232 0.873016 0.250744 0.873898 0.246776 0.872134 0.241071
0 0.891975 0.237103 0.888448 0.240327 0.889330 0.247768 0.891975 0.251736 0.898589 0.253720 0.902998 0.254216 0.905644 0.255952 0.913139 0.255952 0.910935 0.253968 0.910935 0.251984 0.913580 0.250496 0.916667 0.245040 0.915785 0.240575 0.913139 0.237351 0.906526 0.234871 0.899912 0.235119
0 0.851852 0.220238 0.846120 0.219246 0.842152 0.219246 0.835979 0.220238 0.833333 0.221478 0.831570 0.223958 0.832451 0.227927 0.832011 0.232639 0.835979 0.236607 0.843915 0.236359 0.850970 0.232143 0.855379 0.228423 0.858466 0.224206
0 0.891093 0.217014 0.884921 0.217014 0.879189 0.219742 0.871252 0.227183 0.871252 0.230655 0.878307 0.235863 0.886243 0.236607 0.898148 0.234127 0.900353 0.233135 0.905203 0.228671 0.905203 0.224206 0.903439 0.222718 0.895944 0.218502
0 0.808642 0.203869 0.802469 0.205853 0.798501 0.208829 0.796296 0.212550 0.796296 0.217014 0.798942 0.220238 0.803351 0.222966 0.813933 0.224702 0.817901 0.224702 0.824515 0.223214 0.830688 0.220486 0.832892 0.217014 0.832011 0.208829 0.823192 0.205357
0 0.857584 0.198165 0.852293 0.197173 0.849206 0.197173 0.843474 0.198413 0.837743 0.201141 0.834656 0.204613 0.834656 0.209077 0.836861 0.215278 0.838624 0.217014 0.842593 0.217758 0.846561 0.217510 0.859347 0.214534 0.865079 0.212054 0.867284 0.209077 0.866843 0.205109 0.863757 0.201389
0 0.461640 0.238839 0.458113 0.240079 0.456349 0.242560 0.454586 0.243552 0.454586 0.248264 0.456790 0.250496 0.461199 0.257937 0.462963 0.258433 0.469136 0.258433 0.476190 0.256200 0.482363 0.250496 0.483245 0.249008 0.483245 0.244048 0.477072 0.239831 0.470018 0.238839
0 0.501764 0.215030 0.497354 0.214038 0.493827 0.214534 0.483245 0.220486 0.481041 0.226190 0.478836 0.228423 0.481481 0.232639 0.489859 0.233135 0.493386 0.231647 0.503968 0.229415 0.509700 0.226190 0.510582 0.225198 0.510141 0.220486 0.507937 0.218254
0 0.515873 0.380704 0.507496 0.380704 0.494709 0.384921 0.491182 0.388641 0.490741 0.392857 0.496473 0.398065 0.501764 0.399058 0.504850 0.399058 0.515873 0.396825 0.519841 0.394841 0.524250 0.388393 0.522487 0.385417
0 0.482363 0.402778 0.481041 0.404266 0.481041 0.408730 0.483245 0.412202 0.489418 0.413690 0.504409 0.413690 0.508818 0.412202 0.509700 0.406994 0.505291 0.400050 0.496032 0.398810 0.487654 0.400298 0.485450 0.402034
0 0.467372 0.415675 0.462081 0.416667 0.460317 0.417659 0.457231 0.421875 0.453704 0.423859 0.452822 0.427083 0.453263 0.432292 0.454586 0.434028 0.459436 0.436012 0.467372 0.436756 0.476190 0.436756 0.479277 0.435516 0.483686 0.432292 0.485450 0.424355 0.485009 0.421875 0.482363 0.418651 0.472663 0.416171
0 0.399912 0.425099 0.390212 0.428075 0.387125 0.431300 0.387125 0.435764 0.391093 0.439980 0.397707 0.443700 0.406966 0.444692 0.414021 0.442460 0.416667 0.440972 0.421076 0.435764 0.420635 0.432292 0.417549 0.427827 0.414462 0.426339 0.407407 0.425099
0 0.350529 0.419147 0.346561 0.423859 0.345679 0.426835 0.346561 0.431796 0.351852 0.435764 0.359347 0.436508 0.365961 0.435516 0.371252 0.433284 0.373016 0.431796 0.372575 0.427331 0.371693 0.426339 0.362875 0.422123 0.358025 0.418651
0 0.433422 0.415923 0.431658 0.417907 0.426808 0.420635 0.425485 0.423859 0.425926 0.427827 0.432981 0.432292 0.440917 0.431796 0.448413 0.428323 0.450617 0.423611 0.448854 0.420635 0.444444 0.417163 0.441358 0.416171
0 0.443122 0.399802 0.440476 0.400794 0.437390 0.404018 0.437831 0.408234 0.441358 0.412946 0.444444 0.414683 0.447972 0.415675 0.455467 0.415427 0.458995 0.414435 0.462963 0.412202 0.466931 0.408730 0.466931 0.404018 0.461199 0.400298 0.457672 0.399554 0.447531 0.399058
0 0.406526 0.386161 0.394180 0.388393 0.392416 0.392113 0.394621 0.400546 0.399030 0.404266 0.407407 0.404762 0.414021 0.403274 0.420635 0.400050 0.424603 0.396577 0.423280 0.393601 0.421076 0.391617 0.415344 0.388393
0 0.349206 0.395585 0.347443 0.399058 0.347443 0.404514 0.350529 0.408482 0.354056 0.408978 0.365079 0.408482 0.371693 0.406498 0.375220 0.404266 0.375661 0.400298 0.374780 0.398810 0.369489 0.395833 0.359347 0.394593 0.352734 0.394593
0 0.387125 0.376736 0.373016 0.376736 0.370811 0.377232 0.365520 0.380456 0.365520 0.384921 0.368166 0.388641 0.373457 0.393601 0.377425 0.395089 0.388007 0.393105 0.392416 0.389633 0.395062 0.385169 0.394180 0.380704 0.392857 0.378968
0 0.427249 0.359127 0.420635 0.357887 0.413139 0.358383 0.406085 0.361111 0.404762 0.364087 0.404762 0.368056 0.406085 0.371032 0.409612 0.373264 0.412698 0.374256 0.420194 0.374504 0.427249 0.372768 0.432981 0.369296 0.434744 0.365823 0.434303 0.363839 0.431658 0.361359
0 0.317019 0.362351 0.308642 0.362351 0.303351 0.365079 0.300265 0.368552 0.299383 0.376984 0.305556 0.384921 0.308201 0.385913 0.317460 0.384921 0.319665 0.383681 0.323633 0.382937 0.330247 0.379712 0.333333 0.377232 0.334656 0.375000 0.335097 0.369048 0.332892 0.366815 0.329365 0.365079
0 0.259700 0.377728 0.252646 0.378968 0.249118 0.380952 0.248236 0.383929 0.248677 0.392361 0.250882 0.394841 0.253527 0.396329 0.262787 0.396825 0.274691 0.394593 0.278219 0.393353 0.284832 0.388889 0.283510 0.384673 0.275573 0.380704 0.267196 0.378224
0 0.217372 0.374504 0.213845 0.377232 0.217813 0.385417 0.224868 0.388889 0.232804 0.388889 0.235450 0.388145 0.240741 0.384921 0.242504 0.381200 0.241182 0.376736 0.239859 0.375496 0.233686 0.373512 0.224427 0.373512
0 0.279982 0.419395 0.273810 0.420635 0.270282 0.423115 0.269400 0.429067 0.270723 0.432044 0.274250 0.434276 0.283069 0.435020 0.288801 0.434276 0.294533 0.431548 0.296296 0.427331 0.294974 0.423859 0.290123 0.421131 0.285714 0.419643
0 0.245150 0.421379 0.238095 0.423115 0.232363 0.427083 0.231041 0.432044 0.232363 0.434028 0.238536 0.437748 0.246032 0.440228 0.253527 0.439980 0.258818 0.435764 0.261023 0.427579 0.258377 0.423611 0.253086 0.421627
0 0.223986 0.402530 0.216490 0.402778 0.212081 0.404018 0.204145 0.407986 0.202381 0.410714 0.200176 0.412202 0.201058 0.416171 0.207231 0.420139 0.216490 0.421627 0.222663 0.421131 0.226631 0.419643 0.232804 0.413690 0.233686 0.411210 0.231041 0.406498 0.228395 0.404018 0.226190 0.402778
0 0.184303 0.404266 0.176808 0.404762 0.173280 0.406002 0.169312 0.408234 0.166667 0.411954 0.169753 0.418403 0.173280 0.421131 0.175044 0.424107 0.176808 0.425347 0.182099 0.424851 0.185626 0.423859 0.194004 0.419395 0.197090 0.416171 0.197090 0.411706 0.195767 0.409722 0.189153 0.406002
0 0.048942 0.400546 0.048501 0.405754 0.049383 0.408482 0.055556 0.412202 0.059083 0.412698 0.070547 0.412202 0.079806 0.409722 0.082451 0.408234 0.085097 0.404514 0.081129 0.400298 0.076720 0.398562 0.067901 0.396329 0.057319 0.396329
0 0.119929 0.375248 0.113316 0.376488 0.107584 0.380208 0.105379 0.385417 0.106702 0.389385 0.111552 0.392609 0.115961 0.393601 0.122575 0.393849 0.127425 0.392857 0.132716 0.389385 0.133598 0.383681 0.132716 0.380704 0.128748 0.376736 0.123016 0.375248
0 0.107584 0.305060 0.102734 0.310516 0.101852 0.315228 0.106261 0.322421 0.109788 0.324405 0.114198 0.325893 0.122134 0.325645 0.127866 0.323661 0.131393 0.320933 0.132275 0.317212 0.130952 0.313740 0.128748 0.311260 0.122575 0.307540 0.114638 0.305556
0 0.169753 0.298115 0.166667 0.302827 0.167108 0.307292 0.169753 0.311260 0.176367 0.314484 0.185185 0.314732 0.190917 0.312252 0.197972 0.311756 0.199735 0.310516 0.199295 0.306548 0.193563 0.304067 0.192240 0.301339 0.188713 0.298611 0.183862 0.297123 0.178131 0.296379
0 0.177690 0.286954 0.176808 0.291419 0.179012 0.295139 0.182099 0.296627 0.191799 0.298115 0.198854 0.297619 0.205467 0.295635 0.207672 0.291419 0.207231 0.287202 0.201058 0.283730 0.198413 0.282986 0.189153 0.282986 0.183422 0.283978
0 0.239859 0.302827 0.228395 0.304812 0.223104 0.306548 0.220459 0.310764 0.223545 0.312252 0.225750 0.314980 0.232804 0.318204 0.237213 0.318700 0.242504 0.318452 0.246473 0.317212 0.249559 0.314732 0.250882 0.311012 0.249559 0.307540 0.247354 0.305556
0 0.241623 0.283978 0.232804 0.280754 0.227513 0.280010 0.222222 0.280506 0.216049 0.283234 0.209877 0.288442 0.208554 0.290427 0.208554 0.292907 0.209877 0.295139 0.209436 0.300099 0.211640 0.302331 0.218695 0.300595 0.226190 0.301091 0.236772 0.296379 0.242063 0.291171 0.244268 0.287450 0.243827 0.285962
0 0.253086 0.274058 0.249559 0.275546 0.245591 0.279266 0.245150 0.284226 0.246032 0.287202 0.254850 0.291171 0.258818 0.291667 0.266314 0.291171 0.269841 0.287450 0.270282 0.282242 0.268959 0.279018 0.265873 0.275298 0.261023 0.273810
0 0.289683 0.274554 0.283069 0.275298 0.276014 0.279266 0.275132 0.281994 0.277337 0.287202 0.284392 0.291171 0.287919 0.292163 0.295414 0.291171 0.298501 0.288690 0.303792 0.287202 0.304674 0.284722 0.304674 0.281250 0.303351 0.279018 0.296737 0.275298
0 0.309083 0.281002 0.306437 0.282986 0.305556 0.288194 0.306878 0.291171 0.312169 0.295635 0.322310 0.298611 0.330247 0.298859 0.337302 0.296627 0.339947 0.295139 0.343474 0.291171 0.344356 0.286954 0.341270 0.282986 0.336420 0.280010 0.331570 0.278770 0.326279 0.278770 0.317019 0.279514
0 0.219136 0.254464 0.211640 0.255208 0.206349 0.259921 0.205467 0.263889 0.211640 0.269097 0.219577 0.269345 0.226631 0.267857 0.228395 0.267113 0.230159 0.264633 0.229277 0.259673 0.225309 0.256944
0 0.332892 0.261409 0.326720 0.259673 0.316578 0.259673 0.309083 0.261905 0.305115 0.263889 0.304233 0.265625 0.302028 0.267113 0.302028 0.268601 0.305556 0.271577 0.306437 0.275794 0.309083 0.278026 0.313933 0.278770 0.320988 0.278026 0.329806 0.278026 0.334656 0.277282 0.337302 0.276042 0.339506 0.272073 0.339065 0.268105 0.336420 0.263393
0 0.357143 0.257688 0.352293 0.259673 0.345679 0.267113 0.346561 0.271577 0.351852 0.273313 0.364638 0.274306 0.372134 0.271825 0.374339 0.268353 0.373457 0.263889 0.372134 0.262401 0.365079 0.258433
0 0.390212 0.269097 0.388007 0.271329 0.388448 0.279514 0.391975 0.282986 0.396825 0.285714 0.402998 0.287202 0.408289 0.287202 0.420635 0.282242 0.422840 0.279514 0.420635 0.273810 0.412698 0.269841 0.406966 0.268105 0.391975 0.268601
0 0.428131 0.253720 0.419753 0.253472 0.412698 0.254712 0.406085 0.257688 0.404321 0.259425 0.403880 0.264137 0.405203 0.266121 0.409171 0.267609 0.414903 0.271577 0.419753 0.273065 0.427249 0.271825 0.432540 0.267857 0.435185 0.261409 0.434744 0.255456
0 0.401235 0.227927 0.395503 0.228423 0.388889 0.230655 0.383598 0.233383 0.382275 0.235119 0.380952 0.240575 0.382716 0.244048 0.385362 0.246280 0.391975 0.249504 0.399912 0.250000 0.404321 0.248512 0.415344 0.241319 0.417549 0.238343 0.417989 0.235119 0.416667 0.232391 0.406966 0.228423
0 0.428968 0.209325 0.419753 0.211558 0.416226 0.213046 0.414462 0.216518 0.415785 0.220734 0.418298 0.223934 0.419136 0.226042 0.420944 0.227158 0.422399 0.228671 0.426808 0.230655 0.431658 0.229911 0.434744 0.228423 0.439815 0.224975 0.441358 0.222222 0.443122 0.219742 0.443563 0.216022 0.441799 0.212798
0 0.350529 0.215526 0.347002 0.220486 0.346120 0.224702 0.347002 0.228671 0.350529 0.231895 0.357584 0.233383 0.371693 0.233383 0.378748 0.229167 0.380071 0.226190 0.379630 0.220238 0.377425 0.216766 0.371693 0.214286 0.363757 0.214286 0.356702 0.213542
0 0.291887 0.228671 0.288360 0.227431 0.284832 0.227183 0.281746 0.225942 0.267196 0.227679 0.261023 0.233135 0.261023 0.236607 0.263668 0.240327 0.267196 0.242063 0.288801 0.242312 0.294092 0.240575 0.296737 0.235863 0.295414 0.232143
0 0.274250 0.206845 0.267196 0.207093 0.258818 0.212550 0.255732 0.216270 0.255732 0.221230 0.261023 0.224950 0.266314 0.226438 0.276014 0.225694 0.281305 0.224702 0.288360 0.221478 0.289683 0.219494 0.290123 0.216270 0.288360 0.214286 0.279982 0.208829
0 0.218695 0.208085 0.214286 0.208829 0.210758 0.210565 0.208995 0.212798 0.208995 0.217262 0.211640 0.221974 0.216049 0.224702 0.225750 0.226438 0.229277 0.224206 0.237213 0.220734 0.238095 0.218750 0.244709 0.212798 0.233245 0.208829 0.226631 0.208085
0 0.407407 0.191220 0.400353 0.192708 0.394841 0.193824 0.391975 0.196181 0.385362 0.200893 0.385362 0.205853 0.388007 0.209325 0.398589 0.211806 0.407848 0.211806 0.414198 0.211285 0.417108 0.208333 0.419312 0.205109 0.420194 0.200893 0.416226 0.195685 0.411376 0.192460
0 0.466049 0.185268 0.459436 0.185020 0.454586 0.185516 0.447002 0.186458 0.439153 0.189484 0.434303 0.193204 0.432055 0.198140 0.439506 0.202406 0.445326 0.205357 0.451499 0.205357 0.456349 0.205853 0.465608 0.205357 0.472134 0.202455 0.475661 0.198834 0.476411 0.191766 0.469577 0.186508
0 0.489418 0.188492 0.486772 0.189484 0.481922 0.193204 0.480159 0.196925 0.480159 0.201637 0.486332 0.205109 0.489859 0.206101 0.503527 0.206845 0.510582 0.205109 0.512346 0.201637 0.512346 0.196181 0.510582 0.191964 0.506614 0.189236 0.503527 0.188244 0.496032 0.187500
0 0.540123 0.196925 0.537919 0.200893 0.539683 0.205357 0.544092 0.209077 0.550705 0.210565 0.560847 0.210565 0.572310 0.208829 0.580247 0.201885 0.580247 0.199901 0.578483 0.197173 0.572751 0.193700 0.568783 0.192708 0.560847 0.191964 0.552028 0.191964 0.545855 0.193204
0 0.683862 0.225694 0.679894 0.228919 0.678571 0.232391 0.678571 0.236607 0.684303 0.242808 0.690035 0.244296 0.694885 0.244048 0.701675 0.244866 0.706746 0.242882 0.713316 0.238765 0.714286 0.234251 0.709039 0.229191 0.702822 0.228671 0.697972 0.226687 0.691358 0.225198
0 0.693122 0.212798 0.679894 0.212798 0.676367 0.214286 0.669753 0.214782 0.665344 0.216022 0.663580 0.217758 0.663580 0.220982 0.667549 0.225446 0.669312 0.226438 0.677249 0.228423 0.691358 0.224206 0.694004 0.221726 0.695767 0.217262 0.695326 0.215278
0 0.740741 0.198909 0.733686 0.198909 0.729277 0.199901 0.724427 0.201637 0.719577 0.205109 0.718254 0.208829 0.719577 0.210813 0.724868 0.214534 0.731922 0.216766 0.740300 0.215774 0.745150 0.213294 0.750000 0.209077 0.750882 0.204861 0.749559 0.203125 0.743827 0.199901
0 0.775132 0.180556 0.766755 0.181796 0.760141 0.187252 0.757937 0.190724 0.757496 0.194196 0.758818 0.196429 0.760141 0.197421 0.768078 0.199653 0.775573 0.199653 0.787919 0.194692 0.790564 0.192460 0.791005 0.188988 0.788360 0.186012 0.780864 0.181548
0 0.927249 0.180804 0.917989 0.180804 0.911376 0.181548 0.902116 0.185020 0.899030 0.187004 0.897707 0.189236 0.900353 0.193204 0.912698 0.196429 0.921517 0.196677 0.925044 0.195685 0.927249 0.194444 0.929012 0.191964 0.930776 0.187500 0.930335 0.183532 0.929012 0.181548
0 0.892416 0.144841 0.884921 0.143105 0.878307 0.143601 0.869489 0.146329 0.864198 0.150794 0.868607 0.157986 0.869929 0.158730 0.876543 0.159970 0.880071 0.159970 0.888448 0.158482 0.892857 0.156994 0.895503 0.154514 0.895503 0.149802
0 0.836861 0.155754 0.829806 0.155506 0.823633 0.156746 0.820106 0.158234 0.815697 0.161458 0.813492 0.165675 0.814374 0.169891 0.815697 0.170883 0.822310 0.173115 0.831129 0.174107 0.844797 0.170139 0.848325 0.166171 0.848765 0.161954 0.843915 0.158234
0 0.795414 0.150050 0.786596 0.149802 0.781746 0.150298 0.773810 0.154266 0.772046 0.159226 0.772928 0.165675 0.774691 0.167659 0.782628 0.170139 0.787919 0.170883 0.792769 0.170139 0.798501 0.166915 0.802910 0.162698 0.804674 0.158482 0.803351 0.154018
0 0.732363 0.161706 0.722222 0.165427 0.717372 0.170635 0.716490 0.174355 0.718695 0.177827 0.731922 0.181052 0.739859 0.181052 0.746473 0.179812 0.749118 0.178075 0.749118 0.173611 0.746914 0.169891 0.744268 0.168155 0.742945 0.165923 0.739418 0.163690
0 0.704145 0.147569 0.697531 0.148313 0.692240 0.150298 0.690035 0.153522 0.690035 0.156498 0.698413 0.161954 0.699735 0.163690 0.705467 0.164683 0.712522 0.163690 0.717372 0.161954 0.720899 0.158978 0.720899 0.155258 0.715608 0.149554 0.712081 0.148313
0 0.698413 0.162202 0.687831 0.157490 0.676367 0.156250 0.670635 0.157738 0.663139 0.163690 0.661817 0.165923 0.663139 0.173859 0.668871 0.174603 0.675044 0.174107 0.689594 0.170139 0.699735 0.166171
0 0.643298 0.133433 0.640653 0.134673 0.638448 0.138393 0.638889 0.146825 0.640653 0.149802 0.649030 0.154514 0.653880 0.155010 0.660053 0.154514 0.667108 0.151786 0.673280 0.148313 0.674603 0.146577 0.673721 0.141617 0.670194 0.137897 0.661376 0.133433 0.656526 0.132688 0.649030 0.132688
0 0.624339 0.161954 0.621252 0.159970 0.615520 0.159474 0.604938 0.161210 0.589947 0.166419 0.587302 0.169643 0.587302 0.173859 0.593474 0.176339 0.600088 0.178075 0.615520 0.178323 0.619048 0.177579 0.623457 0.175843 0.626102 0.173115 0.626543 0.168155
0 0.564374 0.151290 0.561287 0.153026 0.555115 0.159226 0.553792 0.162202 0.555556 0.165675 0.556878 0.166419 0.565697 0.168155 0.573633 0.168403 0.581570 0.167163 0.583774 0.165923 0.585979 0.162698 0.585979 0.157490 0.584215 0.155506 0.577601 0.152034 0.573633 0.151290
0 0.545855 0.150794 0.536596 0.151290 0.525132 0.152530 0.522928 0.153274 0.522046 0.154266 0.522046 0.158730 0.523810 0.162202 0.531305 0.166171 0.537037 0.167163 0.544092 0.166667 0.547619 0.165427 0.552469 0.162202 0.553792 0.158978 0.553351 0.156498 0.551587 0.154018
0 0.586861 0.134673 0.579806 0.132937 0.573192 0.132192 0.562169 0.133185 0.556437 0.134673 0.554674 0.136657 0.554233 0.139633 0.555115 0.143601 0.557760 0.146825 0.565697 0.150794 0.574074 0.150794 0.580247 0.149802 0.586861 0.146329 0.589506 0.142609 0.589506 0.138641
0 0.538360 0.131696 0.529982 0.131448 0.524250 0.131944 0.516314 0.135417 0.512346 0.137897 0.511905 0.142361 0.513228 0.146577 0.518959 0.150546 0.524250 0.151786 0.539242 0.150546 0.541005 0.148810 0.545414 0.148313 0.547178 0.145337 0.547178 0.141121 0.544092 0.134921
0 0.537919 0.116071 0.533951 0.119048 0.533069 0.122520 0.535273 0.129464 0.537037 0.130952 0.544974 0.134425 0.552469 0.134177 0.556878 0.131944 0.559965 0.128224 0.561287 0.124504 0.559965 0.118800 0.558201 0.117560 0.552028 0.115575 0.544092 0.115079
0 0.453704 0.104663 0.448413 0.107143 0.443563 0.111111 0.441358 0.115079 0.443122 0.119544 0.447972 0.122272 0.455026 0.124256 0.462522 0.124504 0.467813 0.123264 0.471781 0.120040 0.473104 0.116815 0.473104 0.111607 0.470018 0.107887 0.466490 0.105407 0.462081 0.104415
0 0.478836 0.895585 0.476631 0.897321 0.474427 0.904514 0.480600 0.909722 0.483245 0.910962 0.492063 0.912698 0.499118 0.912946 0.503527 0.911954 0.507937 0.908730 0.510582 0.905010 0.509700 0.900298 0.504850 0.897817 0.499118 0.896825 0.494709 0.895337 0.481041 0.895089
0 0.454586 0.889137 0.451058 0.891369 0.447531 0.892609 0.445767 0.896329 0.445326 0.901042 0.447531 0.904266 0.454145 0.907490 0.462081 0.908234 0.470459 0.904514 0.473545 0.900794 0.474427 0.895585 0.473104 0.892857 0.469136 0.890873
0 0.465608 0.880704 0.466049 0.885665 0.469577 0.888889 0.477513 0.893105 0.481041 0.893849 0.489859 0.894097 0.494268 0.892609 0.497795 0.889137 0.497354 0.884921 0.493386 0.881200 0.489418 0.878968 0.475309 0.877976
0 0.440476 0.870536 0.436243 0.872123 0.434039 0.877009 0.435758 0.883110 0.443563 0.885169 0.446649 0.885665 0.455467 0.885417 0.457231 0.883433 0.462081 0.881200 0.463404 0.877728 0.462081 0.873512 0.460317 0.872768 0.452822 0.870437 0.448413 0.870040
0 0.433862 0.881200 0.426808 0.881696 0.423280 0.884921 0.420635 0.892857 0.424603 0.896577 0.428131 0.897321 0.434303 0.897321 0.441799 0.892609 0.443122 0.888641 0.441358 0.886657
0 0.406526 0.873760 0.397266 0.876736 0.391534 0.880704 0.388889 0.887153 0.389330 0.892609 0.398589 0.896577 0.403439 0.897073 0.410494 0.896825 0.416667 0.895089 0.420194 0.890625 0.421958 0.885665 0.421958 0.881448 0.417989 0.877480 0.414903 0.875992 0.410494 0.875248
0 0.416226 0.899058 0.409612 0.903274 0.407848 0.905258 0.407407 0.908730 0.410935 0.912202 0.414462 0.913442 0.426808 0.914931 0.434744 0.914931 0.443122 0.912202 0.445326 0.908978 0.444444 0.904266 0.438713 0.900298 0.433862 0.898562 0.427690 0.897817 0.419753 0.898065
0 0.475750 0.909474 0.467372 0.909474 0.461199 0.910466 0.454586 0.913938 0.453263 0.915427 0.453263 0.916915 0.457231 0.921875 0.461640 0.923115 0.470899 0.922371 0.473986 0.921379 0.483686 0.916171 0.481041 0.913938 0.480159 0.911954
0 0.499559 0.914683 0.489418 0.914187 0.482363 0.916419 0.479718 0.920139 0.482804 0.923859 0.483245 0.925843 0.485450 0.927579 0.489859 0.928323 0.498236 0.925347 0.502205 0.918651 0.502205 0.915675
0 0.524691 0.904266 0.516755 0.904266 0.512787 0.905506 0.510141 0.906994 0.505732 0.911954 0.504850 0.916171 0.507937 0.920139 0.517196 0.923363 0.527337 0.921131 0.533510 0.915923 0.533951 0.911210 0.531305 0.906498
0 0.459877 0.924851 0.456349 0.927579 0.455467 0.930308 0.455467 0.936012 0.457672 0.939484 0.462963 0.943204 0.468695 0.945685 0.475750 0.945188 0.482804 0.943700 0.488095 0.940476 0.490741 0.937252 0.490741 0.934028 0.488095 0.930556 0.481041 0.926835 0.469577 0.924107 0.464286 0.924107
0 0.446208 0.915427 0.440476 0.914435 0.436949 0.915427 0.427690 0.915923 0.421958 0.917907 0.417549 0.920635 0.416226 0.922867 0.416226 0.929067 0.417549 0.930804 0.425926 0.935020 0.434744 0.935764 0.440917 0.934772 0.446208 0.932044 0.450617 0.928075 0.451499 0.923363 0.448854 0.917411
0 0.410494 0.912946 0.405644 0.911706 0.398148 0.911210 0.388448 0.913194 0.378748 0.917163 0.374780 0.919891 0.373457 0.923363 0.375220 0.927827 0.377866 0.929812 0.381834 0.931796 0.388448 0.932292 0.405644 0.930060 0.412257 0.928323 0.415785 0.925595 0.416667 0.919643 0.414462 0.915675
0 0.369048 0.894097 0.366843 0.895833 0.364638 0.901042 0.365520 0.904266 0.367284 0.905506 0.380511 0.909474 0.385802 0.910218 0.392857 0.909226 0.395944 0.907738 0.400353 0.904266 0.401675 0.899802 0.399471 0.896577 0.393739 0.895089 0.388007 0.892857 0.385802 0.891121
0 0.342152 0.904018 0.340388 0.905754 0.335979 0.907986 0.339947 0.912698 0.350529 0.917659 0.358025 0.917907 0.361993 0.916419 0.366843 0.912450 0.367725 0.908730 0.364638 0.903770 0.359788 0.902530 0.352293 0.902530
0 0.350529 0.871776 0.347884 0.874008 0.346561 0.876240 0.346561 0.878472 0.348325 0.884425 0.352293 0.888641 0.355600 0.892659 0.363933 0.894147 0.371693 0.892857 0.379630 0.890873 0.382716 0.889137 0.383598 0.884177 0.379189 0.875992 0.371693 0.872520 0.365079 0.871701 0.358907 0.870536 0.356261 0.870536
0 0.315256 0.870040 0.308642 0.870784 0.301587 0.874256 0.299824 0.876736 0.299824 0.881696 0.302028 0.885913 0.306437 0.888889 0.309083 0.889633 0.316138 0.890129 0.323633 0.886905 0.330688 0.881200 0.331129 0.876240 0.328483 0.872768 0.325838 0.871280 0.323192 0.870536
0 0.302469 0.885913 0.294533 0.887153 0.288360 0.889137 0.283951 0.893849 0.280864 0.900794 0.283510 0.905010 0.287919 0.906994 0.294974 0.906746 0.302028 0.905010 0.309524 0.901538 0.312610 0.898562 0.313492 0.895833 0.311728 0.891865 0.309083 0.889881 0.304674 0.888393
0 0.301587 0.909226 0.296296 0.910962 0.293210 0.913442 0.291887 0.915923 0.293210 0.919643 0.296737 0.924851 0.299383 0.926587 0.305556 0.927827 0.310406 0.927827 0.316138 0.926091 0.318342 0.923859 0.319224 0.915179 0.317901 0.912202 0.316138 0.910466 0.309965 0.908978
0 0.273810 0.909474 0.268959 0.911954 0.262787 0.918403 0.260141 0.920139 0.258818 0.928075 0.260582 0.931548 0.267196 0.935764 0.272928 0.937004 0.282628 0.937004 0.288801 0.935268 0.292769 0.931796 0.294092 0.928323 0.293210 0.922123 0.290564 0.918155 0.284832 0.914931 0.282187 0.911458 0.277778 0.909970
0 0.240741 0.900050 0.231922 0.900298 0.223986 0.907986 0.223104 0.910962 0.223545 0.916419 0.226631 0.919891 0.232363 0.922123 0.238977 0.921627 0.246473 0.919643 0.252646 0.916171 0.256173 0.912202 0.256173 0.907986 0.253527 0.904514 0.246914 0.901786
0 0.197531 0.908234 0.190917 0.910714 0.183862 0.918651 0.183862 0.924355 0.188713 0.927827 0.197531 0.929563 0.205467 0.928075 0.211640 0.924107 0.213845 0.920635 0.213404 0.915923 0.210758 0.911954 0.205026 0.908730
0 0.219136 0.938740 0.210758 0.938492 0.204586 0.939484 0.200617 0.942212 0.197531 0.943204 0.193563 0.948413 0.190476 0.950149 0.190917 0.955853 0.204586 0.960813 0.212963 0.961062 0.218254 0.959573 0.222663 0.955109 0.223545 0.952877 0.225750 0.951637 0.226631 0.948165 0.225750 0.943948
0 0.292769 0.939980 0.286596 0.940972 0.279541 0.944940 0.277337 0.947173 0.276455 0.951637 0.278660 0.954613 0.285714 0.959325 0.290564 0.960317 0.296737 0.960317 0.302469 0.959077 0.307319 0.955109 0.308642 0.951141 0.307319 0.946925 0.302910 0.942212 0.298060 0.940228
0 0.395503 0.942708 0.384480 0.942460 0.378307 0.944196 0.376102 0.946925 0.374780 0.953125 0.375661 0.959077 0.378307 0.960565 0.384921 0.961558 0.392857 0.960813 0.399471 0.959077 0.404321 0.955357 0.405203 0.950893 0.400794 0.945188 0.397707 0.943204
0 0.412257 0.933284 0.406966 0.935764 0.402116 0.939236 0.402116 0.943700 0.407407 0.951637 0.412698 0.953125 0.420635 0.953621 0.424162 0.952381 0.429012 0.949405 0.430776 0.947173 0.430776 0.942460 0.428571 0.937748 0.426808 0.936012 0.420194 0.933532
0 0.446649 0.939236 0.440035 0.941468 0.437390 0.943700 0.436949 0.945188 0.433862 0.946925 0.432099 0.950893 0.433862 0.956845 0.437390 0.959077 0.446208 0.960565 0.454586 0.960317 0.462081 0.957837 0.465608 0.955357 0.468695 0.951389 0.467372 0.947173 0.458113 0.942212 0.455026 0.939484
0 0.502205 0.943204 0.498236 0.942460 0.488977 0.941964 0.484568 0.943204 0.475309 0.948661 0.473545 0.950893 0.473545 0.955357 0.477954 0.959077 0.482363 0.961310 0.489859 0.961310 0.497795 0.959077 0.503527 0.955109 0.506173 0.951637 0.505291 0.946429
0 0.517196 0.934524 0.514109 0.935268 0.509700 0.938244 0.505732 0.942956 0.507055 0.946677 0.507937 0.955109 0.514550 0.959077 0.517196 0.959573 0.530423 0.959077 0.537478 0.955109 0.539242 0.952629 0.539683 0.946677 0.538801 0.944692 0.534392 0.939732 0.526014 0.937004 0.522928 0.935268
0 0.552910 0.918651 0.543651 0.918403 0.539242 0.919147 0.533069 0.921379 0.528660 0.923859 0.526896 0.925843 0.524691 0.932292 0.524691 0.935764 0.526014 0.936756 0.537919 0.939980 0.545414 0.939732 0.553351 0.938492 0.560406 0.935020 0.563492 0.931796 0.563492 0.926091 0.559524 0.922123
0 0.544533 0.897321 0.537919 0.898562 0.534832 0.900546 0.533951 0.908234 0.536596 0.914187 0.541005 0.916667 0.544092 0.917411 0.552469 0.917907 0.559083 0.915427 0.564374 0.912450 0.569048 0.907986 0.566138 0.904762 0.566138 0.903770 0.563933 0.900546 0.559524 0.898562
0 0.522928 0.876736 0.519400 0.876240 0.509259 0.876240 0.503086 0.877728 0.498677 0.880456 0.498677 0.888889 0.502205 0.892609 0.508818 0.894345 0.513668 0.894097 0.519400 0.892857 0.525573 0.888889 0.531746 0.880704
0 0.462522 0.868800 0.464727 0.873016 0.468695 0.875248 0.475309 0.876984 0.488536 0.876984 0.496914 0.874256 0.498236 0.873016 0.498236 0.868552 0.496914 0.867312 0.491182 0.864335 0.481922 0.862599 0.474427 0.862103 0.467813 0.863591 0.465168 0.865079
0 0.446649 0.852183 0.437831 0.857639 0.433862 0.861359 0.436067 0.863591 0.444444 0.867560 0.450176 0.869296 0.453704 0.869792 0.458554 0.869544 0.462081 0.868056 0.463845 0.865575 0.464286 0.860615 0.462963 0.857639 0.458113 0.853175 0.456349 0.852431
0 0.403792 0.865278 0.405644 0.870288 0.407848 0.873264 0.413139 0.874752 0.421076 0.875496 0.429012 0.874504 0.432099 0.873016 0.432981 0.869544 0.432099 0.866815 0.430776 0.865079 0.427249 0.863343 0.424515 0.863021 0.422266 0.862847 0.420018 0.863591 0.419048 0.862798 0.417063 0.859102 0.412654 0.859301 0.408686 0.861483
0 0.357143 0.851935 0.355379 0.853423 0.354056 0.857143 0.354497 0.861607 0.357143 0.866567 0.363316 0.869296 0.372134 0.870040 0.378307 0.868056 0.383598 0.865327 0.386243 0.862599 0.386684 0.860119 0.385802 0.858383 0.375220 0.853423 0.371693 0.852431
0 0.437831 0.845238 0.435185 0.844494 0.426808 0.844742 0.424603 0.847222 0.415344 0.853423 0.415344 0.857391 0.418430 0.859623 0.420194 0.862599 0.428571 0.862103 0.434744 0.857391 0.443563 0.853671 0.443563 0.849206
0 0.473986 0.836558 0.465168 0.837798 0.461640 0.840526 0.460317 0.847966 0.461199 0.850694 0.463845 0.853919 0.469136 0.856895 0.476631 0.858383 0.483686 0.856647 0.488095 0.854415 0.492945 0.849454 0.492945 0.844742 0.490741 0.841270 0.487213 0.839286 0.482804 0.837550
0 0.370811 0.841766 0.368607 0.844990 0.369048 0.847222 0.372134 0.850446 0.377425 0.853423 0.391093 0.856647 0.399471 0.856151 0.403880 0.853423 0.406526 0.847470 0.406966 0.843750 0.406085 0.840526 0.402557 0.837798 0.394180 0.836558 0.385802 0.836806
0 0.379189 0.821181 0.370811 0.821677 0.367725 0.823413 0.362875 0.824653 0.360229 0.826637 0.359347 0.829117 0.359788 0.833829 0.361993 0.835317 0.365961 0.836310 0.370811 0.838542 0.378748 0.838046 0.385802 0.833581 0.387125 0.830605 0.386684 0.826141 0.381834 0.822173
0 0.350970 0.820437 0.344356 0.821925 0.336861 0.824901 0.329806 0.826389 0.328483 0.827133 0.327601 0.829365 0.327601 0.834325 0.331570 0.837798 0.340388 0.842758 0.347002 0.843750 0.351411 0.843750 0.354056 0.842758 0.358466 0.838046 0.357584 0.832341 0.358907 0.825645 0.355820 0.822421
0 0.325397 0.836310 0.320988 0.836062 0.315697 0.836558 0.302910 0.845486 0.303351 0.849950 0.305115 0.851935 0.311287 0.854663 0.316138 0.855159 0.324074 0.855159 0.329806 0.853671 0.336861 0.849702 0.336861 0.844990 0.334656 0.842014 0.330688 0.838790
0 0.290123 0.851687 0.284392 0.854415 0.280423 0.857887 0.279541 0.861359 0.280864 0.863591 0.283510 0.865575 0.288801 0.867560 0.294092 0.868800 0.302028 0.868800 0.309524 0.865575 0.310847 0.862599 0.309965 0.858631 0.304674 0.854167 0.300705 0.851935 0.295414 0.851190
0 0.279101 0.835813 0.276455 0.835317 0.271164 0.835565 0.267196 0.836310 0.263668 0.838542 0.261023 0.841518 0.257496 0.848958 0.257937 0.851687 0.260141 0.855407 0.267637 0.856399 0.276014 0.855159 0.283951 0.852927 0.289683 0.850198 0.290564 0.848710 0.290564 0.843998 0.288801 0.841022
0 0.288360 0.816220 0.281746 0.818452 0.277337 0.821925 0.279101 0.830357 0.284832 0.834821 0.291446 0.837302 0.294533 0.837798 0.304674 0.837302 0.308201 0.835813 0.312610 0.831845 0.314374 0.825893 0.310847 0.821925 0.304674 0.817212 0.297178 0.815724
0 0.316138 0.808532 0.314374 0.809276 0.310847 0.812996 0.310406 0.816964 0.312169 0.820188 0.317460 0.824405 0.330247 0.826141 0.337302 0.824901 0.346561 0.820933 0.348325 0.818700 0.346561 0.815972 0.334656 0.809524 0.330247 0.808036
0 0.332892 0.806052 0.332451 0.806796 0.334215 0.808532 0.345238 0.814980 0.349206 0.818452 0.352293 0.819692 0.358907 0.820437 0.364638 0.819444 0.366402 0.818700 0.370370 0.814732 0.372134 0.811260 0.371693 0.806548 0.369048 0.804067 0.364638 0.802083 0.359788 0.801339 0.350529 0.801339 0.337302 0.804315
0 0.315256 0.789435 0.309965 0.790923 0.304674 0.794891 0.303792 0.799603 0.305115 0.803075 0.308201 0.805060 0.315256 0.807044 0.326720 0.806796 0.329806 0.805308 0.332451 0.802083 0.333774 0.798859 0.332892 0.794891 0.330688 0.792659 0.324074 0.789683
0 0.285714 0.798363 0.283951 0.800843 0.280423 0.803571 0.279541 0.807044 0.281305 0.810268 0.287478 0.813244 0.291446 0.813492 0.294092 0.814484 0.296737 0.814484 0.309083 0.812004 0.310406 0.811012 0.309965 0.808284 0.299824 0.798611 0.296296 0.797619 0.287478 0.797619
0 0.176367 0.850942 0.170194 0.853175 0.169312 0.855655 0.169753 0.860615 0.177690 0.865823 0.183422 0.867808 0.185185 0.867808 0.190035 0.866567 0.198413 0.862103 0.200176 0.860119 0.201058 0.856895 0.197972 0.854415 0.194444 0.853423
0 0.125220 0.861359 0.124339 0.864087 0.124780 0.866319 0.128307 0.868800 0.134480 0.869792 0.151675 0.869792 0.159171 0.867560 0.163580 0.865327 0.156526 0.858879 0.145944 0.853423 0.143298 0.852927 0.134921 0.853423 0.127866 0.858135
0 0.102293 0.817956 0.097002 0.816468 0.092593 0.815972 0.086861 0.816468 0.081570 0.818204 0.076279 0.822669 0.072751 0.828869 0.072751 0.830605 0.080247 0.834077 0.085538 0.834821 0.100529 0.834077 0.107584 0.832093 0.110670 0.829613 0.110670 0.825149 0.109347 0.822173
0 0.184303 0.821677 0.175926 0.821429 0.169753 0.822421 0.162698 0.825893 0.159171 0.829613 0.158730 0.834573 0.161817 0.838046 0.169753 0.841518 0.178131 0.841022 0.186067 0.837054 0.191799 0.832837 0.193122 0.830109 0.191799 0.826389 0.186067 0.822173
0 0.267196 0.780258 0.253527 0.781250 0.249559 0.782986 0.246473 0.785466 0.246473 0.790923 0.249118 0.793155 0.251764 0.797123 0.254850 0.799107 0.260582 0.799851 0.266314 0.798859 0.269400 0.797123 0.275573 0.795139 0.279541 0.791171 0.279101 0.786954 0.274250 0.782738
0 0.208113 0.794891 0.197531 0.797371 0.195326 0.798611 0.194885 0.805556 0.196208 0.808036 0.200176 0.810764 0.204586 0.812252 0.213404 0.812996 0.219136 0.812004 0.225750 0.807540 0.227954 0.802827 0.227513 0.800347 0.225750 0.797371 0.213845 0.794891
0 0.115079 0.780010 0.108466 0.778522 0.100529 0.778274 0.091711 0.781498 0.086420 0.784722 0.084215 0.786954 0.084215 0.791419 0.086420 0.794643 0.092152 0.795883 0.099206 0.795883 0.109788 0.795139 0.114638 0.793403 0.117725 0.787450
0 0.071429 0.760417 0.069224 0.761657 0.068342 0.763145 0.068342 0.768105 0.069665 0.771825 0.072751 0.775546 0.078924 0.778026 0.085097 0.777778 0.091270 0.776290 0.096561 0.773562 0.098765 0.771577 0.099647 0.767361 0.097443 0.765129 0.093915 0.763393 0.087302 0.761657 0.080247 0.760417