0 0.392130 0.233073 0.390278 0.234896 0.387963 0.243229 0.388426 0.245052 0.392130 0.246354 0.401852 0.246354 0.404167 0.245833 0.406019 0.244792 0.409259 0.240625 0.409722 0.236198 0.401852 0.233073
0 0.715741 0.634635 0.716204 0.638802 0.725000 0.641667 0.739352 0.643229 0.748148 0.642708 0.752778 0.641667 0.755093 0.639323 0.754630 0.634375 0.751852 0.632292 0.747685 0.631250 0.731481 0.630990 0.724074 0.631510 0.718519 0.632552
0 0.877315 0.671615 0.873611 0.673177 0.865741 0.680990 0.865741 0.682292 0.868519 0.684896 0.878241 0.688542 0.885648 0.688802 0.889815 0.687240 0.893981 0.684115 0.894444 0.680208 0.893519 0.677344 0.890278 0.673958 0.886111 0.671615
0 0.245833 0.402083 0.241204 0.404167 0.238889 0.407552 0.240741 0.411719 0.247685 0.417969 0.253704 0.419531 0.260648 0.419531 0.266204 0.414323 0.268056 0.408594 0.267130 0.406510 0.264352 0.404427 0.259259 0.402604 0.255093 0.401823
0 0.106944 0.887500 0.100926 0.888802 0.097685 0.891146 0.094907 0.895833 0.094907 0.900781 0.097222 0.903125 0.105093 0.905729 0.109259 0.905990 0.114815 0.905208 0.123611 0.900260 0.126389 0.896354 0.124537 0.892448 0.119907 0.889583 0.114352 0.888021
0 0.125000 0.884115 0.124537 0.889062 0.126389 0.891146 0.131944 0.894010 0.146296 0.897396 0.150463 0.897396 0.158796 0.895573 0.165741 0.892188 0.169444 0.889062 0.169444 0.884375 0.167130 0.881771 0.162963 0.879687 0.156019 0.878385 0.134259 0.877604 0.128704 0.879687
0 0.225926 0.897917 0.218519 0.894792 0.209259 0.896875 0.199074 0.897656 0.193981 0.898698 0.190741 0.901042 0.188426 0.904167 0.187963 0.908594 0.190741 0.913281 0.195833 0.915625 0.205556 0.917708 0.214352 0.917448 0.222685 0.915104 0.226852 0.912240 0.229167 0.907813 0.229167 0.903646
0 0.221759 0.882031 0.212500 0.878385 0.208796 0.877865 0.199074 0.878125 0.190278 0.879948 0.186111 0.882292 0.183796 0.884896 0.182870 0.887500 0.182870 0.892969 0.183796 0.894010 0.190741 0.897917 0.204630 0.897656 0.214352 0.896094 0.220370 0.893229 0.222222 0.890885 0.223148 0.883854
0 0.142130 0.865104 0.141204 0.869271 0.148611 0.875260 0.162963 0.877865 0.170833 0.876823 0.175463 0.869531 0.176389 0.864583 0.174074 0.862240 0.165741 0.860938 0.156019 0.860677 0.149074 0.861719
0 0.184259 0.843750 0.170833 0.844792 0.156481 0.849740 0.154167 0.853646 0.156019 0.858333 0.158333 0.859896 0.177315 0.861719 0.181481 0.860677 0.185648 0.858594 0.190741 0.853385 0.190278 0.849479
0 0.212037 0.853385 0.201389 0.853385 0.195370 0.854948 0.191667 0.857552 0.183796 0.859896 0.179630 0.862500 0.178241 0.864583 0.178704 0.869271 0.184259 0.873958 0.189815 0.875000 0.196759 0.874219 0.212037 0.871094 0.219907 0.867969 0.221759 0.865885 0.221759 0.861198 0.216204 0.855469
0 0.230556 0.866927 0.224537 0.868229 0.219907 0.870573 0.214352 0.877083 0.224537 0.882812 0.232870 0.883333 0.241667 0.879948 0.243056 0.877865 0.243056 0.873437 0.242130 0.870052 0.240278 0.868490 0.234259 0.866927
0 0.246759 0.850260 0.239815 0.847656 0.232407 0.847656 0.222222 0.851042 0.217593 0.853385 0.218519 0.857812 0.221296 0.860938 0.225000 0.862500 0.234722 0.861979 0.244907 0.859375 0.248611 0.857552 0.249537 0.855469 0.249537 0.853125
0 0.269907 0.858854 0.257870 0.858073 0.253704 0.859115 0.249537 0.862500 0.244444 0.869010 0.243519 0.871875 0.244444 0.878125 0.249537 0.880729 0.253241 0.881510 0.262500 0.880729 0.267130 0.879427 0.276852 0.873437 0.278704 0.870313 0.277778 0.863802 0.274074 0.860417
0 0.246296 0.893750 0.239352 0.895052 0.234722 0.898958 0.233333 0.902604 0.233796 0.908073 0.237037 0.912500 0.239352 0.914062 0.245833 0.915625 0.252778 0.915365 0.258333 0.913802 0.266667 0.908333 0.268056 0.903906 0.264352 0.901302 0.257870 0.899479 0.251852 0.894792
0 0.269907 0.885677 0.266204 0.885677 0.259722 0.887240 0.255556 0.889062 0.251852 0.892448 0.252778 0.896875 0.259722 0.900781 0.267593 0.901302 0.271296 0.900260 0.274074 0.897917 0.276389 0.893490 0.276389 0.890885 0.273148 0.886458
0 0.295370 0.869531 0.288889 0.868750 0.284722 0.869010 0.281019 0.870052 0.277778 0.872917 0.275926 0.876823 0.274537 0.886198 0.275463 0.887760 0.280556 0.889583 0.297685 0.886198 0.303241 0.881771 0.306944 0.877344 0.306019 0.874740 0.304167 0.872917
0 0.295370 0.888021 0.287500 0.888281 0.282870 0.890104 0.278704 0.895833 0.282870 0.906250 0.287500 0.908854 0.297685 0.908854 0.305093 0.907292 0.308796 0.904948 0.312037 0.900781 0.311111 0.896354 0.302315 0.891667 0.299537 0.889323
0 0.323148 0.875000 0.315278 0.874740 0.310185 0.876042 0.305556 0.879427 0.300000 0.885677 0.299537 0.888802 0.301852 0.890104 0.304630 0.893229 0.308796 0.895312 0.315741 0.897135 0.330093 0.895052 0.333796 0.893750 0.335185 0.892448 0.335648 0.888542 0.331019 0.878646 0.327778 0.876042
0 0.318056 0.898177 0.315278 0.900781 0.316204 0.907552 0.318056 0.909375 0.327778 0.914844 0.334259 0.916406 0.344444 0.916667 0.350926 0.914844 0.355556 0.910417 0.356944 0.907292 0.356019 0.901823 0.351852 0.898177 0.345833 0.896354 0.338426 0.895573 0.328241 0.895573
0 0.316204 0.909115 0.308333 0.910156 0.303704 0.913281 0.301389 0.915885 0.302778 0.921354 0.306944 0.923958 0.309722 0.924740 0.316204 0.925000 0.322222 0.923177 0.325926 0.920312 0.327778 0.915625 0.324537 0.912500 0.321296 0.910677
0 0.364815 0.909635 0.357407 0.910156 0.351389 0.915885 0.350000 0.919792 0.350926 0.923698 0.358333 0.926562 0.364815 0.926823 0.367593 0.926042 0.370370 0.924479 0.371759 0.922656 0.371759 0.913542 0.370370 0.911979
0 0.391667 0.888281 0.387963 0.889062 0.386111 0.890104 0.384259 0.894010 0.381019 0.897656 0.377315 0.900260 0.377778 0.904427 0.385648 0.907552 0.392593 0.908854 0.404167 0.905208 0.407870 0.903125 0.409722 0.899740 0.408796 0.895833 0.405556 0.892188 0.400463 0.889583
0 0.378704 0.880729 0.373611 0.880729 0.367593 0.881771 0.360185 0.884635 0.356019 0.888021 0.353241 0.892188 0.354167 0.896354 0.364352 0.900521 0.375000 0.900521 0.378704 0.899479 0.382870 0.896094 0.385185 0.892708 0.386574 0.888021 0.385185 0.886458 0.385185 0.884635
0 0.331019 0.876302 0.331944 0.882031 0.333796 0.884375 0.337037 0.886458 0.349074 0.886458 0.362037 0.883594 0.367593 0.880729 0.368056 0.876823 0.364815 0.874219 0.349074 0.872396 0.343981 0.870833 0.336574 0.871354
0 0.376389 0.859375 0.374074 0.858073 0.364815 0.855990 0.348148 0.858333 0.344444 0.860156 0.338889 0.865104 0.339815 0.869531 0.349537 0.872396 0.356481 0.872917 0.370833 0.872396 0.376852 0.869531 0.379167 0.865885
0 0.332407 0.848698 0.322222 0.848698 0.310648 0.850521 0.307407 0.853385 0.308333 0.860938 0.310648 0.864323 0.315741 0.868490 0.321296 0.870052 0.327778 0.869792 0.331944 0.868490 0.337500 0.865365 0.343981 0.860417 0.344907 0.856771 0.342593 0.852865 0.337037 0.849740
0 0.302315 0.847396 0.295370 0.845833 0.290278 0.846354 0.282407 0.847917 0.277778 0.850781 0.275463 0.853125 0.274537 0.857812 0.276389 0.861198 0.279630 0.863021 0.284722 0.863802 0.293056 0.863802 0.300926 0.862760 0.304630 0.861458 0.306019 0.858854 0.305556 0.849479
0 0.270833 0.840104 0.258333 0.840104 0.254167 0.841927 0.249537 0.846875 0.248611 0.850000 0.251389 0.855208 0.254630 0.857031 0.261574 0.857812 0.267130 0.856771 0.275000 0.852865 0.279167 0.849740 0.279630 0.844792 0.276389 0.842187
0 0.281481 0.826042 0.279630 0.824479 0.274537 0.823438 0.257870 0.825260 0.250926 0.827083 0.248611 0.828385 0.247222 0.829948 0.248148 0.833594 0.253241 0.836719 0.258796 0.838802 0.268981 0.838802 0.275463 0.837500 0.278704 0.836198 0.280093 0.834635
0 0.292593 0.819531 0.287963 0.820052 0.282870 0.823438 0.281019 0.827865 0.280556 0.835677 0.281944 0.838542 0.285185 0.840885 0.290741 0.842448 0.297222 0.842708 0.306481 0.840625 0.308796 0.839323 0.312963 0.834635 0.312963 0.833073 0.310648 0.827604 0.307407 0.823438 0.298611 0.820052
0 0.337500 0.826562 0.329167 0.826823 0.325926 0.827604 0.317593 0.832292 0.309259 0.841667 0.311111 0.845573 0.313426 0.847396 0.316667 0.848177 0.325000 0.848437 0.331944 0.847656 0.334259 0.846615 0.341204 0.839323 0.343056 0.834896 0.342593 0.829948 0.340741 0.828125
0 0.356944 0.835938 0.350463 0.836719 0.346296 0.838542 0.340741 0.844792 0.340741 0.848958 0.343519 0.852083 0.346759 0.854167 0.350926 0.855208 0.358333 0.855729 0.364352 0.854427 0.370833 0.850260 0.373148 0.847396 0.373611 0.844531 0.372222 0.841667 0.367593 0.838542
0 0.354167 0.819792 0.350926 0.822396 0.350000 0.826562 0.357870 0.835156 0.362037 0.836719 0.369907 0.837760 0.373148 0.837760 0.378241 0.836719 0.386111 0.830208 0.385185 0.825521 0.382870 0.822917 0.377778 0.820573 0.366204 0.818490 0.356944 0.818750
0 0.392593 0.831771 0.387037 0.832552 0.384722 0.833594 0.383333 0.835677 0.378241 0.838281 0.376389 0.841406 0.375926 0.851562 0.376852 0.855469 0.378241 0.857552 0.385185 0.859375 0.396759 0.858854 0.402778 0.857552 0.409259 0.853646 0.411574 0.850000 0.410185 0.845573 0.405093 0.837760 0.401389 0.835156
0 0.420370 0.851562 0.415278 0.852344 0.401852 0.858854 0.398611 0.864583 0.400463 0.869792 0.406481 0.873177 0.412037 0.875000 0.420370 0.874740 0.427778 0.871875 0.432407 0.869271 0.435185 0.865885 0.436111 0.860938 0.434722 0.857031 0.431019 0.854167
0 0.383796 0.873437 0.381481 0.874740 0.380093 0.876823 0.380556 0.881250 0.383333 0.883594 0.389352 0.886719 0.405556 0.891406 0.410185 0.890365 0.416667 0.885417 0.417593 0.880469 0.415741 0.877865 0.406944 0.874479 0.403241 0.873698 0.393056 0.872656
0 0.418981 0.887500 0.412963 0.890104 0.410648 0.892448 0.410648 0.904427 0.412037 0.908073 0.413889 0.909635 0.419444 0.911458 0.427315 0.911458 0.432407 0.909896 0.438426 0.906771 0.439815 0.904948 0.440278 0.900000 0.437963 0.895833 0.433796 0.891406 0.427315 0.888542
0 0.226852 0.835677 0.220370 0.833333 0.211574 0.833594 0.204630 0.835156 0.191204 0.839844 0.188426 0.841667 0.188426 0.845833 0.192130 0.850260 0.197222 0.852083 0.212963 0.852604 0.225463 0.849740 0.229630 0.846094 0.230093 0.843229 0.229167 0.837760
0 0.135648 0.826823 0.122222 0.827344 0.115278 0.829167 0.113426 0.830208 0.111574 0.833333 0.111574 0.834635 0.113889 0.837500 0.120370 0.840104 0.130556 0.840104 0.135648 0.838802 0.139352 0.834635 0.138889 0.831771
0 0.154167 0.823698 0.150926 0.825000 0.145833 0.829688 0.145370 0.834375 0.149074 0.838021 0.155556 0.840104 0.164815 0.840625 0.168981 0.839844 0.174074 0.837500 0.178241 0.834115 0.177778 0.829948 0.173611 0.825260 0.170833 0.823698 0.164352 0.822917
0 0.184722 0.815365 0.173148 0.822135 0.173611 0.826562 0.178704 0.830990 0.181944 0.832031 0.189352 0.833333 0.193519 0.833333 0.199074 0.832292 0.203704 0.830208 0.203704 0.826042 0.200926 0.823958 0.198148 0.816927 0.196296 0.815625 0.193519 0.815104
0 0.204630 0.810677 0.197685 0.814323 0.198148 0.818750 0.201389 0.825000 0.205093 0.828385 0.208333 0.829688 0.218981 0.829688 0.223148 0.827344 0.228241 0.822396 0.228704 0.818229 0.224074 0.812500 0.220833 0.811198 0.212500 0.809896
0 0.273611 0.805990 0.268519 0.803385 0.261574 0.802604 0.251389 0.804948 0.238426 0.811719 0.236574 0.813802 0.238426 0.818490 0.241667 0.820052 0.246296 0.821094 0.260648 0.821354 0.270833 0.820312 0.274074 0.818750 0.279167 0.814583 0.277315 0.809896
0 0.418519 0.833333 0.412963 0.835417 0.408796 0.841146 0.410185 0.844531 0.414815 0.848698 0.417130 0.850000 0.425926 0.851823 0.434259 0.852083 0.443056 0.850000 0.446759 0.847917 0.448611 0.845833 0.448611 0.841667 0.447222 0.837240 0.445370 0.834896 0.441667 0.833333 0.436574 0.832292 0.426852 0.832031
0 0.396759 0.819792 0.394907 0.822396 0.399074 0.824219 0.402315 0.827083 0.412963 0.831250 0.420833 0.831771 0.427315 0.830208 0.430093 0.827083 0.432407 0.822396 0.431944 0.817969 0.427315 0.815365 0.411111 0.815104 0.401852 0.816927
0 0.443981 0.871094 0.441204 0.870313 0.433796 0.870573 0.424537 0.873437 0.419444 0.876823 0.418981 0.882552 0.420370 0.885156 0.423148 0.886979 0.426389 0.888021 0.433333 0.888802 0.441204 0.888021 0.446296 0.886979 0.453241 0.883333 0.455556 0.880990 0.454630 0.877083
0 0.453241 0.851823 0.445370 0.853125 0.440741 0.855208 0.437963 0.859115 0.437500 0.863281 0.437963 0.865625 0.440278 0.868490 0.454630 0.875781 0.460648 0.874740 0.465741 0.870833 0.468056 0.865104 0.470833 0.861458 0.471296 0.857031 0.466667 0.853385
0 0.455093 0.882552 0.446759 0.887760 0.442593 0.892188 0.442593 0.896615 0.443981 0.898438 0.450000 0.901563 0.455556 0.903385 0.467593 0.904687 0.476389 0.903646 0.480093 0.901823 0.481481 0.900260 0.481944 0.895573 0.480093 0.892969 0.476389 0.890625 0.472222 0.884635 0.469444 0.883333 0.462037 0.881771
0 0.454630 0.904427 0.450463 0.907031 0.447685 0.911458 0.446759 0.916927 0.448611 0.919531 0.454630 0.922135 0.461574 0.923177 0.474074 0.922917 0.480093 0.921094 0.483333 0.919271 0.486574 0.916146 0.486574 0.911979 0.484259 0.910156 0.477315 0.906771 0.472222 0.905208 0.463889 0.904427
0 0.524074 0.906510 0.514815 0.910417 0.510648 0.913021 0.509259 0.915104 0.510185 0.919010 0.511574 0.920052 0.521296 0.923177 0.526389 0.923698 0.534722 0.923438 0.538426 0.922396 0.540278 0.920573 0.542130 0.917188 0.541667 0.911719 0.539815 0.909635 0.532870 0.906510
0 0.517593 0.892969 0.510185 0.891667 0.503241 0.892969 0.500000 0.894531 0.492593 0.896354 0.489352 0.898177 0.484259 0.903125 0.483796 0.908333 0.488426 0.910677 0.493981 0.911719 0.510185 0.910937 0.517593 0.908854 0.521296 0.905990 0.523611 0.900521
0 0.472222 0.879167 0.469907 0.880990 0.475463 0.888802 0.478241 0.890885 0.489352 0.895573 0.496759 0.895312 0.505093 0.891927 0.507870 0.887760 0.508796 0.883594 0.506944 0.880208 0.503241 0.878125 0.497222 0.876823 0.481944 0.876302
0 0.475926 0.857292 0.471759 0.860156 0.468056 0.865104 0.468056 0.869792 0.469444 0.871354 0.477778 0.874479 0.487500 0.876563 0.499537 0.876563 0.502315 0.876042 0.503704 0.875000 0.506019 0.869010 0.503241 0.866406 0.501852 0.862760 0.498148 0.858333 0.493981 0.856510 0.488426 0.855729 0.481481 0.855729
0 0.488426 0.836458 0.482407 0.839583 0.479167 0.850521 0.481944 0.854688 0.488426 0.855729 0.496759 0.855469 0.507407 0.849740 0.509722 0.845313 0.506481 0.841406 0.496296 0.836979
0 0.454167 0.831771 0.450000 0.833594 0.448148 0.837240 0.449074 0.844271 0.451389 0.849740 0.454167 0.851562 0.457870 0.852344 0.468981 0.852604 0.475463 0.849740 0.478704 0.846875 0.479630 0.842187 0.478704 0.839583 0.474537 0.835677 0.468056 0.832552 0.462500 0.831510
0 0.510185 0.848437 0.501389 0.853646 0.500463 0.856771 0.501389 0.861719 0.503704 0.866146 0.506481 0.867969 0.509259 0.868750 0.517593 0.868490 0.526389 0.865885 0.527778 0.863021 0.527315 0.858854 0.517593 0.848698
0 0.527778 0.842708 0.521759 0.845573 0.520370 0.847135 0.519907 0.850000 0.525000 0.855729 0.530556 0.858073 0.538889 0.858073 0.542593 0.856250 0.544444 0.853385 0.549074 0.850260 0.547685 0.846094 0.545370 0.844531 0.540278 0.843229 0.533333 0.842448
0 0.525463 0.867188 0.510648 0.869531 0.507407 0.871875 0.505556 0.876302 0.510648 0.884635 0.517130 0.888542 0.522222 0.889323 0.525000 0.889323 0.527778 0.888542 0.530093 0.886979 0.535648 0.877344 0.534259 0.872135 0.531944 0.869010
0 0.524074 0.889844 0.520370 0.892708 0.521759 0.896615 0.525926 0.902344 0.533333 0.906510 0.538426 0.907292 0.542130 0.906250 0.547222 0.903385 0.550000 0.900521 0.550463 0.896354 0.538426 0.889844 0.533796 0.889323
0 0.551852 0.872917 0.545370 0.875521 0.542130 0.878906 0.538889 0.884635 0.538889 0.888802 0.541204 0.891406 0.551389 0.895052 0.558333 0.895052 0.563889 0.894010 0.568056 0.891927 0.569907 0.885156 0.569444 0.880729 0.563889 0.874219 0.560185 0.873177
0 0.559259 0.848437 0.552778 0.849219 0.547685 0.851562 0.540741 0.857031 0.536111 0.862500 0.535185 0.865885 0.537037 0.868490 0.546296 0.872135 0.554167 0.872396 0.561574 0.870833 0.565278 0.867969 0.567130 0.865365 0.568519 0.860677 0.566667 0.854948 0.563426 0.850521
0 0.554630 0.896094 0.551852 0.898177 0.548148 0.904167 0.550000 0.908073 0.552778 0.909896 0.558333 0.911198 0.571759 0.911198 0.580556 0.908073 0.582870 0.903906 0.571759 0.895573 0.567593 0.894531 0.564352 0.894531
0 0.578241 0.908854 0.574074 0.911198 0.571296 0.915885 0.571296 0.920052 0.573611 0.922917 0.575463 0.923958 0.586111 0.926562 0.592593 0.927604 0.601389 0.927604 0.608333 0.923698 0.610185 0.920052 0.606944 0.914844 0.603241 0.911198 0.593981 0.907552 0.589352 0.906771 0.585648 0.906771
0 0.572685 0.883594 0.570833 0.891406 0.571759 0.894531 0.575463 0.897656 0.586574 0.903646 0.593981 0.903906 0.598148 0.903125 0.608796 0.898958 0.610648 0.896875 0.610648 0.891667 0.608796 0.889062 0.604630 0.886458 0.594907 0.883594 0.591204 0.883073 0.576389 0.882812
0 0.597685 0.863802 0.585648 0.861458 0.575000 0.862500 0.570833 0.864323 0.567130 0.868229 0.566204 0.874219 0.567130 0.876563 0.572685 0.881771 0.579167 0.882812 0.589815 0.882292 0.600000 0.876823 0.602315 0.873958 0.603704 0.868750 0.600463 0.865365
0 0.593981 0.841927 0.587037 0.840365 0.581019 0.841146 0.574074 0.844271 0.568056 0.848698 0.567130 0.850260 0.567593 0.856510 0.569907 0.860417 0.572222 0.861458 0.581944 0.861719 0.587037 0.860938 0.595370 0.858333 0.597685 0.857031 0.602778 0.849219 0.599074 0.844792
0 0.606944 0.848437 0.604630 0.849479 0.600000 0.855729 0.599537 0.858594 0.600463 0.861198 0.605093 0.865104 0.610648 0.867969 0.615741 0.868750 0.621759 0.868750 0.627315 0.866406 0.631481 0.861458 0.631481 0.856510 0.629167 0.854427 0.618981 0.849479 0.614815 0.848437
0 0.625000 0.869531 0.619907 0.868490 0.610648 0.868490 0.607407 0.869010 0.605093 0.870833 0.602315 0.876302 0.602315 0.880990 0.604167 0.884115 0.607407 0.885938 0.614815 0.885677 0.622222 0.883333 0.625000 0.881771 0.629630 0.877083 0.629167 0.872396
0 0.620833 0.883854 0.613426 0.885938 0.610648 0.887760 0.610648 0.900521 0.612963 0.903125 0.616204 0.904687 0.619444 0.905208 0.629167 0.905208 0.637037 0.903385 0.639352 0.902083 0.641204 0.898958 0.644444 0.896354 0.641204 0.890625 0.637500 0.887240 0.630093 0.884896
0 0.613889 0.904948 0.606944 0.907292 0.605556 0.912760 0.607870 0.915625 0.614352 0.919010 0.622685 0.919531 0.628704 0.916927 0.630093 0.912500 0.629167 0.907292 0.628241 0.906510 0.624074 0.905469
0 0.642130 0.904427 0.637963 0.905729 0.634259 0.910417 0.629630 0.920573 0.629630 0.923958 0.638426 0.928906 0.643519 0.929948 0.650463 0.930208 0.655093 0.929167 0.658333 0.927344 0.661111 0.923958 0.661574 0.918750 0.660185 0.913021 0.657870 0.908333 0.653241 0.905729 0.650000 0.904687
0 0.300000 0.556510 0.288889 0.551823 0.282407 0.551302 0.278241 0.551823 0.274537 0.553906 0.269907 0.559115 0.269444 0.565365 0.270370 0.566406 0.273611 0.567448 0.281481 0.567708 0.297685 0.564583 0.300000 0.563542 0.301852 0.560677
0 0.662963 0.906250 0.660185 0.908333 0.660185 0.912760 0.662037 0.919531 0.663889 0.921875 0.676852 0.927865 0.685185 0.928385 0.691204 0.926823 0.696296 0.923177 0.699074 0.920052 0.699537 0.915885 0.695370 0.910417 0.687037 0.906771 0.680093 0.905469 0.673148 0.905208
0 0.718981 0.927604 0.716204 0.923177 0.713426 0.921354 0.706481 0.920312 0.701389 0.920573 0.698148 0.921615 0.696759 0.923698 0.690741 0.927083 0.687037 0.927604 0.685648 0.928385 0.684259 0.931771 0.690278 0.933594 0.697685 0.934375 0.711574 0.933854 0.716667 0.932813 0.718519 0.931771
0 0.718056 0.897396 0.713426 0.898438 0.706019 0.902865 0.700000 0.908333 0.698148 0.912240 0.702315 0.917188 0.711574 0.920573 0.718981 0.921094 0.722222 0.920052 0.726389 0.917188 0.729167 0.913281 0.729630 0.910937 0.725926 0.901302 0.721759 0.898177
0 0.753704 0.913021 0.737500 0.912500 0.732870 0.913021 0.730556 0.914323 0.727315 0.919010 0.727315 0.921094 0.729630 0.926562 0.732870 0.929167 0.739352 0.930469 0.744907 0.929948 0.754167 0.927604 0.760648 0.924479 0.761574 0.919792 0.756019 0.914323
0 0.753704 0.888542 0.745833 0.889062 0.740278 0.890625 0.735648 0.894271 0.729167 0.897396 0.727778 0.898958 0.727778 0.903906 0.729630 0.907031 0.731944 0.909375 0.737963 0.911979 0.747685 0.912240 0.753241 0.910677 0.756019 0.908594 0.758333 0.902604 0.758796 0.895573 0.757407 0.893490 0.755093 0.892188
0 0.673611 0.901563 0.675463 0.903906 0.679630 0.905208 0.689352 0.906510 0.698148 0.906250 0.706481 0.903385 0.712037 0.900260 0.714815 0.899740 0.716204 0.898698 0.716667 0.896354 0.714352 0.894792 0.691667 0.888802 0.683333 0.888281 0.679167 0.889323 0.677315 0.890885 0.674074 0.896615
0 0.656019 0.878385 0.644444 0.882812 0.642593 0.884635 0.641204 0.888802 0.643056 0.892708 0.648148 0.897917 0.655556 0.901302 0.659722 0.902344 0.663426 0.904427 0.666204 0.900781 0.670370 0.898958 0.673611 0.895312 0.675926 0.889844 0.675463 0.884635 0.672222 0.881510 0.663426 0.878125
0 0.730556 0.880729 0.726389 0.876302 0.721759 0.874479 0.718981 0.873958 0.703241 0.874479 0.698611 0.875260 0.686111 0.880729 0.686574 0.884896 0.687963 0.886979 0.689815 0.888021 0.702778 0.891927 0.710648 0.893490 0.718981 0.893490 0.726389 0.891927 0.728241 0.890625 0.731019 0.885677
0 0.735185 0.867969 0.732407 0.868750 0.730093 0.870573 0.727778 0.874479 0.727778 0.877083 0.729630 0.879167 0.731944 0.885156 0.739352 0.888281 0.748148 0.887760 0.754167 0.885417 0.757407 0.881510 0.757870 0.875781 0.756944 0.872656 0.753704 0.869792 0.748611 0.868229 0.740278 0.867448
0 0.677778 0.856250 0.669444 0.858333 0.665741 0.860156 0.664352 0.862500 0.662963 0.872656 0.663426 0.876823 0.664815 0.878125 0.669907 0.880469 0.676852 0.881771 0.683796 0.880990 0.693056 0.876823 0.694907 0.873177 0.693056 0.865625 0.688889 0.859635 0.685648 0.858073
0 0.653704 0.858073 0.641204 0.857812 0.638889 0.858333 0.634722 0.860417 0.630556 0.865104 0.631944 0.877083 0.642130 0.882292 0.649074 0.880990 0.658796 0.877083 0.660185 0.875521 0.662963 0.865104 0.658333 0.859635
0 0.722222 0.852865 0.719907 0.852344 0.712037 0.852604 0.699537 0.858854 0.696296 0.861719 0.694444 0.865625 0.696759 0.870313 0.700463 0.873437 0.702778 0.873958 0.716667 0.873437 0.722222 0.871875 0.729630 0.867969 0.731944 0.865104 0.733333 0.861198 0.730093 0.857031
0 0.739352 0.844271 0.732870 0.845833 0.729630 0.847656 0.727315 0.849740 0.726389 0.853646 0.731019 0.857292 0.736111 0.863281 0.747222 0.865885 0.753704 0.863802 0.756481 0.860417 0.757870 0.857552 0.756944 0.849219 0.754630 0.846354 0.751389 0.844792 0.747685 0.844010
0 0.823148 0.862760 0.816204 0.864844 0.812037 0.869010 0.812037 0.873437 0.814352 0.877083 0.818981 0.880208 0.823148 0.882292 0.830093 0.884115 0.836111 0.882552 0.838889 0.880208 0.841204 0.876302 0.842593 0.869010 0.839815 0.865885 0.836111 0.864062 0.830556 0.862500
0 0.883796 0.858594 0.882407 0.859635 0.881944 0.861719 0.886111 0.865625 0.892130 0.868490 0.899537 0.868229 0.901389 0.867448 0.903704 0.865365 0.903241 0.860156 0.901389 0.858073 0.895370 0.857031 0.890741 0.857031
0 0.881481 0.849479 0.879630 0.852344 0.879630 0.854948 0.881481 0.857031 0.886574 0.858073 0.890741 0.857552 0.900000 0.857812 0.902315 0.856771 0.903241 0.852604 0.899537 0.849479 0.893056 0.847917 0.885185 0.848177
0 0.863426 0.814323 0.858333 0.816667 0.856481 0.819271 0.856019 0.823177 0.858333 0.827083 0.862500 0.829688 0.866204 0.830469 0.872685 0.830469 0.879630 0.828906 0.883796 0.826823 0.884722 0.825260 0.885185 0.821875 0.882870 0.818490 0.873611 0.814323
0 0.871296 0.786979 0.864815 0.785677 0.857407 0.786719 0.840741 0.793750 0.839815 0.794531 0.839815 0.799219 0.845370 0.804167 0.851852 0.805469 0.865278 0.805469 0.873148 0.804948 0.879630 0.802865 0.880556 0.798177 0.879167 0.794531 0.875000 0.789583
0 0.768056 0.780990 0.765741 0.783073 0.767130 0.787760 0.775463 0.796615 0.778241 0.798438 0.782407 0.799740 0.790278 0.800000 0.794444 0.799219 0.799537 0.796875 0.802778 0.792969 0.803241 0.789844 0.801852 0.786719 0.797685 0.783594 0.791667 0.781250 0.785185 0.779948 0.772685 0.779948
0 0.753241 0.831250 0.744907 0.830469 0.739352 0.831250 0.732407 0.830990 0.730093 0.831771 0.728704 0.834115 0.731944 0.840104 0.735648 0.844010 0.739352 0.844792 0.750463 0.844010 0.752778 0.842969 0.756481 0.838281 0.756019 0.833854
0 0.732407 0.811458 0.729167 0.814063 0.725463 0.818750 0.725463 0.825521 0.731481 0.830469 0.740741 0.831510 0.746759 0.830208 0.748148 0.828125 0.753704 0.826042 0.755556 0.822917 0.754630 0.818229 0.747685 0.814323 0.741667 0.812240
0 0.719444 0.826562 0.714352 0.827604 0.710185 0.829688 0.706481 0.832552 0.702778 0.837760 0.705093 0.839844 0.712963 0.843750 0.718519 0.844792 0.726852 0.843490 0.730556 0.841406 0.730556 0.837500 0.728241 0.834375 0.727315 0.830208 0.723611 0.827344
0 0.704630 0.839844 0.698611 0.839063 0.693981 0.839323 0.689815 0.840365 0.686574 0.842448 0.683333 0.853906 0.685648 0.856771 0.690278 0.858854 0.699074 0.858854 0.708333 0.854948 0.713889 0.851042 0.714352 0.845313 0.712037 0.842969
0 0.670370 0.838281 0.662500 0.838281 0.657870 0.840365 0.650463 0.849219 0.651389 0.853906 0.653241 0.856250 0.656481 0.858333 0.662037 0.859635 0.666667 0.859115 0.675000 0.856510 0.680093 0.853906 0.683796 0.850000 0.684259 0.845573 0.681944 0.842708 0.677778 0.840365
0 0.649537 0.835156 0.642130 0.833594 0.634259 0.834375 0.630556 0.835938 0.627778 0.840104 0.626852 0.843750 0.626852 0.848177 0.628241 0.850521 0.633333 0.851562 0.636574 0.851562 0.642593 0.850521 0.649537 0.847917 0.655556 0.842187 0.654167 0.838021
0 0.673611 0.816406 0.655556 0.814583 0.650463 0.816667 0.648148 0.819010 0.647222 0.821094 0.648148 0.830469 0.651852 0.835417 0.656019 0.838021 0.656019 0.839063 0.659167 0.838828 0.663426 0.837760 0.672546 0.833854 0.680093 0.826302 0.680556 0.821354 0.676389 0.817448
0 0.691667 0.820312 0.686574 0.820312 0.682407 0.821094 0.680093 0.826042 0.674074 0.833854 0.674537 0.838021 0.676852 0.839583 0.681481 0.840625 0.686111 0.840625 0.695370 0.838281 0.699537 0.835677 0.705093 0.830208 0.703704 0.826302 0.698611 0.823698 0.695370 0.821094
0 0.620370 0.811198 0.618056 0.813281 0.616204 0.820573 0.616667 0.826562 0.619907 0.832031 0.623611 0.833854 0.627778 0.834896 0.636111 0.834375 0.643056 0.832812 0.645833 0.830729 0.646296 0.828125 0.645833 0.824219 0.643519 0.820312 0.633796 0.812500 0.627315 0.810937
0 0.625463 0.841667 0.622222 0.840625 0.613889 0.841667 0.611574 0.844010 0.608333 0.845573 0.609259 0.847135 0.620833 0.849740 0.624537 0.849219 0.626389 0.847396 0.626389 0.843229
0 0.580556 0.825260 0.576852 0.829688 0.575463 0.833073 0.575926 0.838021 0.578704 0.839583 0.587037 0.840104 0.592593 0.841146 0.600463 0.843750 0.610648 0.842969 0.618056 0.840365 0.619444 0.837240 0.617593 0.832031 0.614352 0.828906 0.607870 0.825521 0.603704 0.824219 0.595833 0.823177 0.585185 0.823958
0 0.558333 0.820052 0.552778 0.821615 0.550000 0.823698 0.549074 0.825260 0.549537 0.832031 0.551389 0.835156 0.556944 0.839063 0.564352 0.840885 0.567593 0.840885 0.574537 0.837760 0.575926 0.832031 0.578704 0.827083 0.578704 0.824740 0.577315 0.822135 0.574537 0.821094 0.566667 0.819792
0 0.531019 0.828125 0.526389 0.830208 0.524074 0.833073 0.525000 0.836979 0.526852 0.839583 0.530093 0.841927 0.536574 0.843229 0.539352 0.843229 0.542130 0.842187 0.546759 0.837760 0.548611 0.834375 0.547222 0.829948 0.545370 0.828385
0 0.559259 0.809635 0.552315 0.808854 0.537500 0.809115 0.527778 0.811198 0.525000 0.812760 0.522222 0.816927 0.522222 0.819792 0.524537 0.823177 0.530093 0.827344 0.532407 0.827604 0.539815 0.826823 0.548148 0.823698 0.558796 0.818490 0.560185 0.816146 0.560648 0.810417
0 0.590741 0.810156 0.588426 0.812760 0.588426 0.815625 0.591204 0.819792 0.595370 0.822135 0.600000 0.823438 0.608333 0.824219 0.613426 0.821354 0.615741 0.818750 0.616204 0.813542 0.615278 0.810937 0.613426 0.809896 0.608333 0.808854 0.598611 0.808854
0 0.564815 0.808333 0.562037 0.810677 0.561574 0.815625 0.562963 0.818229 0.565278 0.819531 0.571759 0.820833 0.577315 0.820833 0.581019 0.820052 0.585648 0.816146 0.585648 0.810417 0.581944 0.808854 0.573148 0.807292
0 0.600463 0.794271 0.595370 0.798177 0.593981 0.803646 0.596759 0.807552 0.602315 0.808594 0.614352 0.808594 0.616204 0.806771 0.616667 0.804427 0.615278 0.796354 0.611111 0.794531
0 0.619444 0.794792 0.617130 0.797656 0.617130 0.803385 0.618519 0.806510 0.621296 0.809375 0.635185 0.812240 0.643519 0.811719 0.651389 0.809375 0.653241 0.806771 0.652778 0.802083 0.650463 0.797917 0.646296 0.794792 0.642593 0.793229 0.635648 0.791667
0 0.662963 0.800521 0.658796 0.802344 0.655093 0.806250 0.655093 0.810677 0.659259 0.814583 0.662963 0.815625 0.670370 0.815885 0.672685 0.815365 0.675926 0.813021 0.679630 0.806250 0.676852 0.803646 0.672685 0.801823
0 0.690741 0.782292 0.683796 0.783073 0.679630 0.785156 0.677778 0.786979 0.676389 0.792708 0.678241 0.798698 0.681481 0.803646 0.686111 0.805729 0.691204 0.806250 0.696759 0.805208 0.705093 0.799740 0.707870 0.796615 0.708333 0.792969 0.705556 0.785937 0.700463 0.783854
0 0.704167 0.801823 0.699074 0.803646 0.696296 0.806250 0.697222 0.821094 0.698611 0.823177 0.702778 0.825781 0.706944 0.827344 0.712037 0.828125 0.718519 0.825260 0.721296 0.822656 0.724537 0.811719 0.724074 0.806510 0.722222 0.804688 0.717593 0.802865 0.712500 0.801823
0 0.747222 0.787240 0.738426 0.786979 0.733796 0.788281 0.723611 0.798177 0.722222 0.802865 0.726852 0.806771 0.730556 0.808594 0.734259 0.808854 0.742130 0.807552 0.753704 0.802865 0.758796 0.798958 0.759722 0.795573 0.758796 0.793750 0.756019 0.791406
0 0.709722 0.783594 0.706944 0.786198 0.707870 0.795052 0.709259 0.796875 0.712500 0.797656 0.723148 0.796615 0.725463 0.795573 0.729167 0.791406 0.729167 0.786979 0.725926 0.784896 0.719907 0.783333
0 0.726389 0.770052 0.721759 0.773958 0.719907 0.778125 0.720833 0.781771 0.723611 0.783854 0.731944 0.786458 0.747222 0.786458 0.754167 0.783333 0.756481 0.779167 0.753704 0.774479 0.750000 0.771615 0.738889 0.769271 0.731019 0.769010
0 0.856944 0.776563 0.854630 0.775260 0.844907 0.772917 0.837500 0.773177 0.825926 0.775260 0.822222 0.777865 0.819444 0.782813 0.820370 0.787500 0.822685 0.790885 0.827315 0.792448 0.837500 0.793490 0.842593 0.792708 0.850926 0.789844 0.856481 0.786979 0.860185 0.783333
0 0.891667 0.768229 0.885648 0.766667 0.870833 0.767708 0.865278 0.769010 0.860648 0.771354 0.858796 0.774219 0.859722 0.779687 0.867130 0.785156 0.871296 0.786458 0.879167 0.786458 0.885648 0.784635 0.890741 0.781771 0.896296 0.775781 0.896296 0.770833
0 0.877315 0.748177 0.875926 0.751563 0.878241 0.755469 0.885185 0.760677 0.893056 0.760677 0.899537 0.758333 0.900463 0.755208 0.899074 0.751823 0.886111 0.747917 0.878241 0.747656
0 0.864815 0.755729 0.862037 0.759896 0.866204 0.762500 0.868056 0.765625 0.870370 0.766406 0.878704 0.766406 0.881019 0.764323 0.881019 0.759375 0.878704 0.756250 0.871759 0.754167
0 0.864815 0.760938 0.857407 0.760677 0.855093 0.762760 0.853704 0.767969 0.855093 0.770573 0.857407 0.771615 0.862037 0.770312 0.867130 0.767188 0.868056 0.763542
0 0.885185 0.761198 0.884259 0.762500 0.885185 0.765625 0.892130 0.768490 0.899537 0.769271 0.899537 0.761198
0 0.818519 0.753906 0.816204 0.757292 0.815741 0.760677 0.818519 0.765365 0.822222 0.767448 0.829630 0.768490 0.836574 0.771094 0.845370 0.771354 0.850926 0.770312 0.852778 0.768229 0.851389 0.763281 0.845833 0.756771 0.839815 0.752604 0.835185 0.751042 0.829167 0.750521 0.822222 0.752083
0 0.816204 0.764062 0.808796 0.763542 0.800463 0.764844 0.791667 0.769271 0.789352 0.773177 0.790278 0.779427 0.793519 0.782031 0.801852 0.785417 0.809259 0.785677 0.816667 0.784115 0.819907 0.781510 0.821759 0.776563 0.821759 0.771094 0.820370 0.767969
0 0.766204 0.762500 0.762963 0.764583 0.761111 0.767188 0.762500 0.772135 0.767130 0.774479 0.775000 0.776042 0.781944 0.776563 0.785648 0.775260 0.788426 0.773177 0.789352 0.766927 0.786574 0.763542 0.781019 0.761198 0.775463 0.760677
0 0.740278 0.751042 0.733796 0.754427 0.729630 0.757552 0.728704 0.759115 0.729167 0.765104 0.731944 0.767448 0.737500 0.769010 0.746296 0.770573 0.754630 0.770312 0.759259 0.768490 0.762963 0.764062 0.761574 0.758594 0.756944 0.754167 0.752778 0.752083 0.746759 0.750260
0 0.718519 0.763021 0.709722 0.762760 0.704630 0.763281 0.696296 0.766406 0.693056 0.768750 0.692593 0.772656 0.694907 0.776563 0.704630 0.782031 0.713889 0.781250 0.718056 0.778385 0.723611 0.771615 0.723611 0.767448 0.720833 0.763802
0 0.664815 0.763021 0.659722 0.765365 0.658333 0.766927 0.658333 0.772135 0.661574 0.776042 0.676389 0.782031 0.685185 0.782031 0.688426 0.781250 0.691667 0.779167 0.692593 0.774479 0.691204 0.770312 0.684722 0.764062 0.677315 0.761198
0 0.674537 0.783073 0.670370 0.779948 0.663426 0.777865 0.660648 0.778125 0.649074 0.782031 0.639352 0.784375 0.636574 0.786458 0.637037 0.791146 0.651389 0.795833 0.658796 0.796094 0.664352 0.795573 0.670833 0.793490 0.673148 0.791927 0.675000 0.788021
0 0.597685 0.781510 0.596296 0.787760 0.599074 0.791927 0.601389 0.793229 0.613889 0.794531 0.622222 0.794271 0.631944 0.791406 0.633796 0.789844 0.634722 0.785937 0.633333 0.783073 0.626389 0.779687 0.618519 0.778646 0.606944 0.778125 0.600000 0.779687
0 0.625000 0.771354 0.624074 0.775521 0.625926 0.778385 0.632870 0.782552 0.636111 0.783594 0.642593 0.783854 0.649537 0.782031 0.658796 0.777344 0.659722 0.775000 0.656019 0.771354 0.650463 0.769792 0.628241 0.769271
0 0.634259 0.752604 0.627778 0.755729 0.627315 0.765104 0.628241 0.767969 0.633333 0.769010 0.650000 0.769531 0.653241 0.767188 0.654630 0.763281 0.653241 0.759635 0.649537 0.754948 0.643056 0.751823
0 0.662500 0.743490 0.656481 0.744792 0.652315 0.747917 0.651389 0.755469 0.652778 0.757552 0.656019 0.759896 0.662500 0.761719 0.670370 0.760938 0.674074 0.759375 0.677778 0.752604 0.677778 0.750781 0.675463 0.747656 0.672222 0.745833
0 0.680093 0.749740 0.676852 0.755469 0.677315 0.760156 0.681944 0.762760 0.698611 0.764062 0.708333 0.762240 0.713889 0.760156 0.713426 0.757812 0.711111 0.755469 0.702315 0.750521 0.691667 0.747917 0.683333 0.748177
0 0.629167 0.739323 0.619444 0.740104 0.616667 0.740885 0.613889 0.743229 0.612500 0.747917 0.613889 0.751823 0.621296 0.754167 0.628704 0.754427 0.631019 0.753125 0.637037 0.751823 0.640278 0.749479 0.640741 0.747656 0.638889 0.743490 0.635185 0.740885
0 0.613889 0.753646 0.604630 0.755469 0.601389 0.757292 0.599537 0.759375 0.598611 0.764062 0.600000 0.766667 0.609259 0.776042 0.613426 0.777344 0.616667 0.777344 0.621759 0.776302 0.625926 0.768229 0.625926 0.759635 0.625000 0.757292 0.623148 0.755729
0 0.594444 0.765625 0.585185 0.766667 0.582870 0.767448 0.580556 0.770312 0.579630 0.773958 0.580556 0.778646 0.586111 0.781771 0.593981 0.781510 0.598611 0.780208 0.603704 0.777604 0.605556 0.775781 0.605093 0.771354 0.597685 0.766667
0 0.580093 0.782031 0.571296 0.784115 0.568519 0.785417 0.564352 0.789844 0.562500 0.794271 0.562500 0.799479 0.566204 0.803385 0.570370 0.805208 0.578704 0.806250 0.583333 0.805729 0.588426 0.803646 0.595833 0.795052 0.595370 0.790885 0.590741 0.785937 0.586574 0.783594
0 0.519907 0.792969 0.514815 0.798698 0.515741 0.802604 0.519907 0.805469 0.525000 0.807552 0.531019 0.808854 0.543519 0.808594 0.548148 0.808073 0.553704 0.805729 0.555093 0.803906 0.553704 0.798438 0.550463 0.794792 0.545370 0.791927 0.537963 0.789844 0.530556 0.789323 0.524074 0.790885
0 0.535185 0.770833 0.531481 0.772135 0.525926 0.775521 0.523611 0.778906 0.523611 0.783594 0.529167 0.788281 0.538426 0.789844 0.552315 0.793490 0.556944 0.791667 0.558796 0.787240 0.562963 0.784115 0.562963 0.779167 0.548611 0.771875 0.541667 0.770573
0 0.558333 0.759896 0.555093 0.761719 0.552778 0.764323 0.552315 0.771875 0.555556 0.775260 0.560648 0.778385 0.565278 0.779427 0.568519 0.779167 0.574537 0.777604 0.577315 0.776042 0.579630 0.772135 0.579167 0.767448 0.574074 0.765365 0.572222 0.763021 0.566204 0.760156
0 0.579167 0.748958 0.575000 0.752604 0.568519 0.755729 0.568056 0.760156 0.576389 0.766406 0.581019 0.767188 0.587037 0.766146 0.590741 0.764323 0.594907 0.759896 0.594907 0.755729 0.580556 0.748958
0 0.537963 0.750260 0.532407 0.751302 0.527778 0.753125 0.526389 0.754948 0.525926 0.760156 0.526852 0.763542 0.528704 0.765885 0.533796 0.769271 0.538889 0.770052 0.545833 0.769010 0.550000 0.766667 0.556019 0.759896 0.555093 0.755729 0.550463 0.753385
0 0.508333 0.752604 0.504167 0.753646 0.500926 0.756250 0.500463 0.759896 0.497222 0.767188 0.498148 0.771615 0.503241 0.775521 0.509722 0.777083 0.518056 0.777604 0.523148 0.776302 0.529167 0.771615 0.528704 0.767448 0.525926 0.763802 0.522222 0.755729 0.514815 0.753125
0 0.503704 0.775781 0.500000 0.776302 0.494444 0.778385 0.489815 0.783594 0.487500 0.784896 0.482870 0.790885 0.484259 0.794271 0.489815 0.798177 0.495370 0.799479 0.505556 0.799219 0.509259 0.797917 0.514815 0.794792 0.518519 0.789583 0.518981 0.782813 0.512963 0.777865
0 0.493981 0.800000 0.491667 0.802604 0.492130 0.807292 0.497685 0.812500 0.503241 0.815885 0.511574 0.816927 0.518056 0.816146 0.521296 0.814323 0.522685 0.810156 0.521296 0.806771 0.515278 0.803125 0.507870 0.800781 0.503704 0.800000
0 0.486574 0.821354 0.482870 0.826042 0.482870 0.830208 0.486111 0.834115 0.488889 0.835677 0.495833 0.836458 0.503241 0.838542 0.510648 0.838802 0.520833 0.835677 0.525463 0.827344 0.525463 0.825781 0.521296 0.822135 0.511574 0.820052 0.499074 0.818750 0.491204 0.819271
0 0.521759 0.837240 0.516667 0.837240 0.512037 0.839583 0.510648 0.841406 0.512037 0.845052 0.516667 0.847135 0.521296 0.845573 0.527315 0.842187 0.529167 0.841927 0.525926 0.840104 0.524537 0.838021
0 0.454630 0.803385 0.452778 0.806510 0.454167 0.811979 0.456944 0.814583 0.460648 0.816406 0.468981 0.822396 0.475926 0.822917 0.485648 0.818490 0.488426 0.814844 0.488426 0.810156 0.483796 0.806771 0.480556 0.805469 0.468981 0.803385
0 0.436111 0.817969 0.433333 0.821875 0.433796 0.826042 0.438426 0.829427 0.448148 0.831510 0.462963 0.830729 0.467593 0.828906 0.469907 0.826302 0.468519 0.822135 0.461111 0.816927 0.455093 0.813802 0.450926 0.813281 0.445833 0.813542
0 0.465278 0.789844 0.459259 0.794792 0.460648 0.799479 0.465741 0.802604 0.475000 0.804688 0.482407 0.804427 0.485648 0.801302 0.486574 0.797917 0.481944 0.791927 0.480093 0.790625 0.475926 0.789323 0.468056 0.789062
0 0.487963 0.770573 0.475463 0.769010 0.461111 0.771615 0.456944 0.773177 0.455556 0.774740 0.455093 0.779687 0.456944 0.782292 0.461574 0.785937 0.467593 0.788021 0.472685 0.787500 0.488426 0.780208 0.492593 0.775000 0.490741 0.772135
0 0.469907 0.754167 0.469444 0.757031 0.471296 0.762240 0.474074 0.765885 0.476389 0.767188 0.481481 0.768750 0.486111 0.768750 0.489815 0.768229 0.494907 0.766146 0.496759 0.764583 0.498611 0.760677 0.498611 0.758802 0.496759 0.755729 0.489352 0.753385 0.484259 0.752865 0.474537 0.752865
0 0.448148 0.749479 0.437500 0.755469 0.437500 0.759635 0.438889 0.762240 0.442130 0.765365 0.452778 0.770052 0.458796 0.771094 0.464815 0.770833 0.472685 0.767708 0.472685 0.763281 0.470370 0.759896 0.468981 0.755469 0.466204 0.752865 0.459722 0.750000 0.456019 0.748958
0 0.448611 0.767708 0.436574 0.769271 0.429167 0.771354 0.428241 0.775521 0.432870 0.779427 0.433796 0.782552 0.437731 0.787318 0.446991 0.786172 0.450926 0.782292 0.452778 0.779687 0.454167 0.771354
0 0.460185 0.790625 0.459491 0.785833 0.453935 0.781172 0.449769 0.786042 0.438935 0.787604 0.433796 0.785156 0.428056 0.788021 0.429630 0.791146 0.439352 0.795312 0.442593 0.795833 0.455093 0.795833 0.458333 0.794010
0 0.454167 0.797396 0.447222 0.796354 0.441204 0.796875 0.439352 0.797917 0.435648 0.802344 0.434722 0.806250 0.436574 0.810677 0.440278 0.811719 0.448611 0.811979 0.451852 0.810677 0.452315 0.806250 0.455556 0.800521 0.455556 0.798438
0 0.115278 0.796354 0.107407 0.801562 0.106481 0.803646 0.107407 0.810156 0.112500 0.814583 0.119444 0.816406 0.124074 0.816927 0.132407 0.816927 0.139352 0.815625 0.141204 0.814583 0.143056 0.809635 0.142130 0.806250 0.136574 0.799740 0.132870 0.797396 0.126389 0.795573 0.120833 0.795052
0 0.178194 0.803151 0.170370 0.799479 0.163426 0.798698 0.156944 0.800000 0.152778 0.802604 0.151852 0.806771 0.148611 0.810156 0.148611 0.815104 0.153704 0.816667 0.162963 0.816667 0.166667 0.815625 0.178704 0.809115 0.180093 0.807292
0 0.164352 0.776042 0.158333 0.774219 0.148148 0.773698 0.134722 0.775260 0.128241 0.777083 0.124537 0.779167 0.122685 0.783073 0.123611 0.786198 0.126389 0.789844 0.129167 0.791667 0.132407 0.792448 0.142130 0.792188 0.150463 0.789844 0.156481 0.787240 0.165278 0.781771 0.166667 0.778906
0 0.206481 0.784635 0.196759 0.784375 0.191204 0.786198 0.186111 0.790885 0.183796 0.794531 0.183333 0.799219 0.186111 0.802604 0.190741 0.804427 0.199074 0.804427 0.205093 0.802865 0.210185 0.798698 0.211574 0.795312 0.210648 0.788281 0.209259 0.785937
0 0.215278 0.789583 0.213889 0.790625 0.213889 0.796354 0.215278 0.798698 0.227778 0.804167 0.231481 0.805208 0.239352 0.804427 0.248611 0.798958 0.250000 0.794792 0.247222 0.790625 0.245370 0.789583 0.233796 0.787760 0.224074 0.788021
0 0.259722 0.780729 0.254167 0.782292 0.249074 0.785417 0.248148 0.786979 0.248611 0.791927 0.251852 0.796615 0.256481 0.799479 0.260185 0.800781 0.267593 0.800781 0.272222 0.797917 0.274537 0.795052 0.276389 0.788542 0.275463 0.783594 0.273148 0.781771 0.270370 0.780990
0 0.300463 0.799219 0.294907 0.798177 0.287963 0.797917 0.280556 0.799740 0.278241 0.801042 0.276389 0.803385 0.275463 0.806771 0.278704 0.812500 0.281019 0.814063 0.288889 0.814844 0.301389 0.812240 0.306481 0.807031 0.306481 0.804948 0.305093 0.801823
0 0.287500 0.776563 0.281019 0.777865 0.277315 0.781250 0.276852 0.791667 0.278241 0.794792 0.279630 0.795573 0.282870 0.796354 0.288889 0.796615 0.293981 0.795573 0.300926 0.792188 0.305556 0.787240 0.306944 0.783073 0.299537 0.777865 0.295833 0.777083
0 0.343981 0.780469 0.336111 0.780208 0.332407 0.780729 0.325000 0.783854 0.319444 0.785417 0.314352 0.788021 0.312037 0.791146 0.312037 0.795573 0.315741 0.799479 0.322222 0.801823 0.330556 0.801562 0.339815 0.798177 0.349074 0.792448 0.351852 0.789062 0.352315 0.786719 0.349537 0.783073
0 0.336574 0.805729 0.331019 0.804167 0.323611 0.804427 0.315741 0.805990 0.306944 0.808854 0.303241 0.811719 0.300926 0.817969 0.303704 0.820833 0.310185 0.823438 0.314815 0.824479 0.329167 0.823698 0.339352 0.821615 0.343519 0.818750 0.344444 0.813802 0.340278 0.807813
0 0.363426 0.791406 0.357407 0.790365 0.350000 0.792188 0.344907 0.794792 0.341204 0.798698 0.340741 0.802865 0.350463 0.807292 0.363889 0.805990 0.368981 0.804167 0.372222 0.799479 0.372222 0.797656 0.370370 0.794792
0 0.387500 0.795312 0.384722 0.795052 0.375463 0.795833 0.372685 0.796875 0.371759 0.799740 0.368981 0.803385 0.368056 0.814583 0.371296 0.816146 0.377315 0.816927 0.390278 0.816406 0.393981 0.815365 0.396296 0.813281 0.397685 0.809635 0.394907 0.801302 0.391667 0.796875
0 0.368981 0.783333 0.366667 0.791146 0.370370 0.794531 0.372685 0.795573 0.378704 0.796094 0.387037 0.795312 0.399074 0.793229 0.403704 0.791146 0.403241 0.786979 0.395370 0.783854 0.378704 0.781510 0.371296 0.781771
0 0.422685 0.789844 0.413889 0.789062 0.407870 0.789583 0.400000 0.794792 0.397222 0.798698 0.397685 0.803646 0.401389 0.808594 0.406019 0.810417 0.414352 0.810417 0.418056 0.809635 0.430556 0.805469 0.433333 0.803385 0.434722 0.800000 0.433333 0.794792 0.429630 0.792188
0 0.424537 0.773958 0.419907 0.773438 0.414352 0.774219 0.406944 0.776302 0.400926 0.779167 0.398611 0.782292 0.398611 0.783594 0.400926 0.785677 0.406019 0.788281 0.409722 0.789062 0.422222 0.789323 0.426389 0.788542 0.430093 0.785417 0.431481 0.782813 0.430093 0.779167 0.427315 0.775781
0 0.402778 0.756771 0.400000 0.759115 0.400000 0.762240 0.401389 0.764844 0.405556 0.767969 0.416204 0.772917 0.423148 0.773177 0.426852 0.772396 0.432407 0.768490 0.435185 0.764323 0.435185 0.760156 0.433796 0.758073 0.429630 0.756250 0.421296 0.755208 0.412500 0.755208
0 0.401389 0.766406 0.398611 0.764844 0.393056 0.763281 0.386111 0.764062 0.381019 0.765365 0.374537 0.769271 0.371759 0.771875 0.370370 0.775000 0.370370 0.779687 0.374537 0.781250 0.385185 0.782292 0.393519 0.781771 0.396759 0.780990 0.403241 0.777865 0.405093 0.776042 0.405093 0.771354
0 0.364352 0.756771 0.359722 0.755729 0.350000 0.755990 0.343519 0.757552 0.338889 0.759896 0.334722 0.763542 0.332870 0.767708 0.338426 0.773177 0.340741 0.774479 0.343519 0.775260 0.348148 0.775521 0.356944 0.775000 0.367130 0.772135 0.368981 0.771094 0.371296 0.768229 0.371296 0.763542 0.368519 0.759375
0 0.328241 0.767969 0.324074 0.766927 0.315741 0.767708 0.305556 0.773698 0.303704 0.775521 0.303704 0.779427 0.308796 0.782292 0.315278 0.782813 0.323148 0.782292 0.331019 0.779427 0.332407 0.776823 0.332407 0.771094
0 0.287500 0.754167 0.284259 0.754948 0.282870 0.756771 0.282870 0.764323 0.285185 0.771615 0.288426 0.773698 0.293981 0.774740 0.302778 0.773958 0.307870 0.772135 0.314815 0.767708 0.312963 0.764583 0.309259 0.761979 0.306019 0.758073 0.303241 0.756510 0.295370 0.753906
0 0.330093 0.743490 0.322685 0.743490 0.318981 0.745052 0.312963 0.748958 0.309259 0.753646 0.306481 0.755729 0.309259 0.761719 0.316667 0.765625 0.324074 0.766146 0.328241 0.765365 0.332870 0.763021 0.334722 0.761198 0.336574 0.755990 0.336574 0.749219 0.334259 0.745833
0 0.278241 0.762240 0.273148 0.761458 0.263889 0.762500 0.252315 0.765104 0.248611 0.767188 0.248611 0.771615 0.253704 0.776563 0.259259 0.779427 0.268981 0.779948 0.272222 0.779167 0.276852 0.776563 0.281944 0.771615 0.282407 0.770052 0.281481 0.764062
0 0.377315 0.745833 0.371296 0.746354 0.368519 0.751823 0.368056 0.756250 0.372685 0.762500 0.376389 0.764583 0.378704 0.765104 0.387500 0.763802 0.393519 0.761719 0.397222 0.758854 0.399537 0.755469 0.398611 0.751823 0.393056 0.748958 0.387963 0.747135
0 0.255556 0.779167 0.253241 0.777344 0.252315 0.775000 0.247685 0.771615 0.246759 0.770052 0.238426 0.770052 0.219444 0.775000 0.214815 0.779427 0.216204 0.782031 0.222222 0.784115 0.231019 0.785677 0.240278 0.785937 0.246759 0.785156 0.252778 0.782292
0 0.245370 0.753125 0.240741 0.751042 0.237037 0.751042 0.221759 0.753646 0.212500 0.757031 0.210185 0.758333 0.206481 0.763542 0.207870 0.769010 0.211574 0.770573 0.225926 0.771354 0.242130 0.768750 0.246759 0.767188 0.250000 0.764062 0.250000 0.759635 0.248611 0.756250
0 0.205093 0.763281 0.198611 0.761198 0.191204 0.761458 0.186574 0.762500 0.180556 0.766146 0.180556 0.771615 0.183796 0.773698 0.187963 0.774219 0.194907 0.773958 0.205093 0.771875 0.206944 0.768229
0 0.144907 0.755208 0.143056 0.756510 0.141204 0.759896 0.142593 0.760677 0.144444 0.763802 0.153241 0.769010 0.156944 0.770312 0.165278 0.770833 0.170370 0.769792 0.173148 0.768229 0.177778 0.760938 0.177315 0.758073 0.173611 0.755208 0.169907 0.753906 0.164352 0.753125 0.154167 0.753385
0 0.131481 0.740104 0.126389 0.740104 0.117130 0.741667 0.112500 0.744010 0.110648 0.746875 0.111111 0.751563 0.115278 0.758073 0.119907 0.760938 0.127778 0.762240 0.132870 0.761198 0.139352 0.756510 0.143519 0.748177 0.140741 0.742448 0.137037 0.740885
0 0.156481 0.736458 0.148611 0.736458 0.143056 0.740104 0.142130 0.744792 0.144907 0.752083 0.148611 0.753646 0.158333 0.752344 0.164815 0.748437 0.167130 0.740104 0.164815 0.738802
0 0.183333 0.735677 0.176852 0.736979 0.168056 0.740104 0.166667 0.744792 0.167593 0.748177 0.169907 0.749740 0.176852 0.751302 0.178704 0.752344 0.184722 0.753125 0.189815 0.752083 0.191204 0.751042 0.194907 0.744271 0.194907 0.740104 0.191204 0.736979
0 0.225926 0.740104 0.204630 0.740365 0.196296 0.744792 0.194444 0.747917 0.194907 0.752083 0.204630 0.755729 0.212037 0.755990 0.223148 0.750781 0.225463 0.747396 0.228704 0.745052 0.228241 0.742188
0 0.268519 0.745833 0.260185 0.746354 0.255093 0.748437 0.253241 0.752083 0.255093 0.758073 0.260185 0.760938 0.271759 0.759635 0.275463 0.758594 0.279630 0.755469 0.280093 0.751563 0.273148 0.747396
0 0.254167 0.729688 0.244444 0.729427 0.236574 0.732292 0.231481 0.735938 0.230093 0.740104 0.231019 0.744531 0.234722 0.748437 0.238426 0.750000 0.247685 0.749219 0.253704 0.747396 0.262500 0.743750 0.266204 0.740625 0.266204 0.736198 0.265278 0.734896
0 0.269537 0.735755 0.270370 0.740104 0.270833 0.744271 0.276852 0.749479 0.282407 0.752604 0.286574 0.753385 0.293519 0.752865 0.297685 0.751302 0.304167 0.747135 0.305093 0.742448 0.303241 0.739844 0.288889 0.736458 0.280093 0.735677
0 0.341204 0.737500 0.336111 0.740104 0.335648 0.744531 0.339815 0.750260 0.345833 0.753646 0.350463 0.754948 0.358796 0.754948 0.362500 0.753906 0.368981 0.748437 0.369907 0.743750 0.368056 0.741406 0.361111 0.738281 0.356481 0.736979 0.348611 0.736458
0 0.344444 0.725000 0.335185 0.723698 0.325926 0.724219 0.322685 0.725260 0.321759 0.726823 0.322222 0.733333 0.325463 0.737500 0.329630 0.740104 0.337037 0.739583 0.346296 0.734375 0.347685 0.732552 0.348611 0.728125
0 0.294907 0.719531 0.291204 0.720833 0.283796 0.725781 0.281481 0.728385 0.281481 0.733073 0.284259 0.735417 0.293981 0.737760 0.300926 0.738802 0.309259 0.738542 0.313426 0.737240 0.318981 0.733594 0.319907 0.730469 0.318981 0.725000 0.315741 0.722917 0.311111 0.721354 0.302315 0.719792
0 0.281481 0.713802 0.274074 0.714323 0.262963 0.721875 0.260648 0.726302 0.258796 0.727865 0.261111 0.732552 0.266667 0.734115 0.274537 0.734375 0.279167 0.733073 0.285185 0.721354 0.285185 0.717187
0 0.269907 0.707552 0.264352 0.707031 0.248611 0.708073 0.243981 0.708854 0.236574 0.711979 0.233796 0.715885 0.234259 0.720313 0.242130 0.725781 0.245833 0.726562 0.250926 0.726042 0.257870 0.723437 0.265278 0.719271 0.271759 0.713542 0.271759 0.708594
0 0.208796 0.719531 0.206944 0.720573 0.205556 0.722656 0.204630 0.728906 0.206481 0.731510 0.209722 0.733594 0.217593 0.735677 0.224074 0.735417 0.230093 0.733854 0.236574 0.730208 0.237963 0.728646 0.238426 0.724219 0.232407 0.719792 0.221019 0.719245 0.211111 0.719609
0 0.201389 0.712760 0.198148 0.711979 0.184722 0.712760 0.175926 0.716667 0.175926 0.725000 0.177778 0.728906 0.180093 0.730729 0.182870 0.731510 0.192593 0.730729 0.200000 0.728906 0.201852 0.727865 0.205556 0.721354 0.205556 0.716667
0 0.357407 0.723177 0.353704 0.725521 0.351389 0.728385 0.352778 0.732552 0.355093 0.735417 0.363426 0.739323 0.371296 0.741927 0.378241 0.740365 0.387500 0.733073 0.386574 0.728646 0.379630 0.725521 0.374537 0.724219
0 0.413889 0.728906 0.406481 0.728125 0.399074 0.728385 0.394444 0.730208 0.389352 0.735938 0.390278 0.745833 0.392593 0.747917 0.399074 0.750781 0.407870 0.749219 0.416204 0.745573 0.422685 0.736979 0.422222 0.735156 0.419444 0.731510
0 0.418981 0.743490 0.418981 0.748698 0.420370 0.751823 0.422685 0.753125 0.426389 0.753906 0.433333 0.754427 0.436574 0.753906 0.448148 0.749479 0.455556 0.748177 0.456019 0.744010 0.453704 0.742448 0.428241 0.737760 0.426389 0.737760 0.422222 0.739323
0 0.427778 0.722135 0.422222 0.728385 0.422222 0.732812 0.425926 0.736198 0.432870 0.738542 0.447222 0.740365 0.453241 0.739583 0.459259 0.736979 0.461574 0.733854 0.462037 0.731250 0.461111 0.728125 0.456944 0.725260 0.441667 0.720052 0.433796 0.720313
0 0.415741 0.712760 0.412500 0.710938 0.407870 0.710677 0.399537 0.711198 0.393519 0.712500 0.387963 0.715104 0.384259 0.719271 0.381944 0.720573 0.381019 0.724740 0.392130 0.728125 0.399537 0.728385 0.412037 0.727344 0.417130 0.723958 0.419444 0.721354 0.418981 0.716927
0 0.163426 0.710677 0.156019 0.711979 0.151389 0.717448 0.143519 0.724479 0.143981 0.728646 0.148148 0.730469 0.155556 0.732031 0.164352 0.732031 0.167593 0.731250 0.171296 0.728906 0.173148 0.726042 0.173611 0.723958 0.171759 0.714583 0.169907 0.712760
0 0.166204 0.685417 0.162500 0.686979 0.158333 0.690625 0.157870 0.694271 0.160648 0.698438 0.169907 0.704427 0.180093 0.705990 0.183796 0.708333 0.190694 0.707448 0.189815 0.705547 0.188889 0.701562 0.190741 0.697917 0.190741 0.692708 0.188426 0.689844 0.185648 0.688021 0.183796 0.684375 0.180093 0.683333 0.175463 0.683333
0 0.227778 0.686979 0.220370 0.685937 0.216204 0.686198 0.212037 0.687240 0.202315 0.691146 0.193981 0.696354 0.193056 0.701562 0.194907 0.703646 0.200463 0.705990 0.205093 0.707031 0.224537 0.704427 0.230556 0.702604 0.235185 0.697917 0.235185 0.692969 0.231481 0.689063
0 0.232870 0.703906 0.211111 0.705990 0.202269 0.707630 0.201574 0.712604 0.208333 0.718229 0.210185 0.719271 0.225417 0.719089 0.230556 0.719531 0.231944 0.718750 0.232870 0.715885 0.235185 0.713021 0.236111 0.709375
0 0.283796 0.697917 0.281019 0.698958 0.277778 0.704167 0.278241 0.710938 0.279630 0.712500 0.287500 0.716146 0.297685 0.716146 0.303241 0.714323 0.307407 0.711979 0.310185 0.709115 0.311111 0.704948 0.306481 0.701823 0.294907 0.698177 0.288426 0.697396
0 0.370370 0.706250 0.367130 0.707031 0.360185 0.711979 0.358333 0.716146 0.358796 0.720833 0.360648 0.722135 0.364815 0.722917 0.373148 0.723177 0.377778 0.722396 0.383796 0.719010 0.389352 0.712760 0.387037 0.709635 0.384259 0.708073 0.377778 0.706771
0 0.322222 0.703385 0.315741 0.705469 0.311574 0.708333 0.309722 0.711458 0.310185 0.714583 0.313889 0.718229 0.315741 0.719271 0.322685 0.720833 0.330093 0.720052 0.333796 0.717187 0.338426 0.715365 0.341204 0.713021 0.338426 0.708854 0.329630 0.703906
0 0.328704 0.700000 0.327778 0.701302 0.331481 0.705208 0.342130 0.711198 0.350463 0.713802 0.359722 0.711719 0.362963 0.710156 0.368981 0.704948 0.370370 0.701562 0.368519 0.698698 0.358333 0.695833 0.346759 0.695312 0.338426 0.695573
0 0.286111 0.683854 0.283796 0.685417 0.284259 0.689844 0.287963 0.694010 0.293981 0.697396 0.301852 0.700260 0.309259 0.700260 0.317130 0.695052 0.320833 0.689844 0.320370 0.685417 0.317593 0.684115 0.305556 0.682552 0.293519 0.682813
0 0.260185 0.686458 0.255556 0.688281 0.252778 0.690365 0.251389 0.693229 0.252778 0.696094 0.262037 0.701823 0.267130 0.703125 0.275000 0.703125 0.278704 0.701302 0.282870 0.695573 0.283333 0.693229 0.281481 0.688021 0.279630 0.686198 0.275463 0.685156 0.266204 0.685417
0 0.205093 0.670312 0.196759 0.669531 0.190741 0.670833 0.185648 0.673958 0.183796 0.677344 0.183333 0.681771 0.186111 0.688281 0.190741 0.690885 0.198148 0.690885 0.207870 0.688542 0.215278 0.685417 0.216667 0.682292 0.216204 0.680729 0.208333 0.672135
0 0.225000 0.661458 0.219907 0.662240 0.215278 0.666406 0.208333 0.670312 0.210185 0.674219 0.217130 0.679948 0.219907 0.681250 0.226389 0.682031 0.234259 0.680990 0.238426 0.679688 0.245833 0.674740 0.246296 0.672656 0.244907 0.669792 0.241667 0.667708 0.239352 0.664844 0.236111 0.663021 0.231944 0.661979
0 0.267593 0.648958 0.260185 0.649219 0.253241 0.650521 0.250463 0.651823 0.243056 0.657813 0.239815 0.661458 0.240278 0.666146 0.246296 0.671094 0.251389 0.671875 0.262037 0.671354 0.271296 0.666146 0.275000 0.657813 0.272685 0.653125
0 0.295833 0.662500 0.287500 0.662500 0.278241 0.664323 0.275000 0.665885 0.271759 0.671615 0.271759 0.674219 0.274537 0.677865 0.280556 0.679427 0.289352 0.679427 0.296759 0.678125 0.300000 0.676302 0.304630 0.670573 0.304630 0.666146
0 0.299074 0.648438 0.288426 0.646354 0.278704 0.646615 0.275926 0.647135 0.273611 0.648438 0.272222 0.650000 0.273611 0.654687 0.279167 0.663021 0.281944 0.663542 0.292593 0.662240 0.299537 0.659375 0.304167 0.654948 0.304167 0.653906
0 0.307870 0.667969 0.302778 0.673438 0.301389 0.677865 0.303241 0.680990 0.314352 0.683333 0.323611 0.683854 0.328241 0.682031 0.334259 0.677865 0.331944 0.673698 0.328241 0.670312 0.322685 0.667708 0.313889 0.666927
0 0.176852 0.616667 0.170370 0.618750 0.166667 0.622135 0.165278 0.625260 0.164815 0.630990 0.169907 0.636719 0.173148 0.638021 0.178241 0.638542 0.186111 0.636719 0.197685 0.630990 0.200000 0.626302 0.194444 0.619271 0.186111 0.617188
0 0.149537 0.646354 0.146296 0.650260 0.145370 0.654427 0.150000 0.658333 0.155093 0.660156 0.163426 0.660417 0.169907 0.658333 0.175463 0.654427 0.175000 0.650260 0.170370 0.647656 0.161111 0.646094
0 0.205093 0.637500 0.200000 0.636979 0.194444 0.637240 0.189815 0.638802 0.185185 0.639323 0.181944 0.640625 0.181019 0.641927 0.181481 0.646875 0.185648 0.650521 0.191204 0.651823 0.199074 0.652083 0.202315 0.651563 0.206944 0.649479 0.210648 0.646354 0.211111 0.641927 0.209259 0.639583
0 0.206481 0.627604 0.202315 0.630469 0.203704 0.635156 0.208796 0.638542 0.215278 0.640885 0.226852 0.640885 0.231481 0.639323 0.237500 0.635156 0.238889 0.630729 0.237500 0.629167 0.231019 0.626302 0.225926 0.625260 0.217130 0.625260
0 0.253704 0.635938 0.246296 0.635938 0.237963 0.640885 0.234722 0.646615 0.237037 0.649740 0.239352 0.651302 0.247222 0.651823 0.261111 0.648438 0.264815 0.646615 0.266667 0.642708 0.263426 0.639583
0 0.292593 0.622135 0.281944 0.618750 0.274074 0.618490 0.271759 0.619271 0.265741 0.624219 0.263889 0.627344 0.263889 0.635156 0.266204 0.638542 0.271296 0.638802 0.276389 0.638281 0.286111 0.635156 0.295370 0.630729 0.297222 0.626823 0.294907 0.623437
0 0.323148 0.624479 0.314815 0.624740 0.302778 0.626563 0.300000 0.627865 0.297222 0.630469 0.298611 0.634635 0.304167 0.637240 0.313426 0.639844 0.323611 0.639844 0.325926 0.639062 0.330093 0.634635 0.331944 0.630729 0.327778 0.626042
0 0.303704 0.644792 0.302315 0.646094 0.302315 0.651042 0.304630 0.653906 0.307407 0.655469 0.312963 0.657031 0.322222 0.658333 0.330556 0.658333 0.336111 0.655990 0.339352 0.650781 0.339352 0.646615 0.337500 0.644010 0.330093 0.641146 0.314815 0.640885
0 0.369444 0.630990 0.364352 0.627604 0.358333 0.626302 0.349074 0.627604 0.332407 0.634375 0.328704 0.638542 0.329630 0.640365 0.333796 0.642448 0.343519 0.643490 0.358796 0.643229 0.365278 0.642188 0.368519 0.641146 0.370833 0.639062 0.371759 0.634635
0 0.377778 0.643229 0.374537 0.642708 0.363889 0.642708 0.355093 0.645052 0.348148 0.650260 0.347685 0.654948 0.349074 0.657292 0.352315 0.659375 0.356944 0.661198 0.365741 0.661979 0.374537 0.659635 0.380556 0.656510 0.383333 0.651302 0.383333 0.646354
0 0.325463 0.662240 0.324074 0.666406 0.331481 0.672656 0.343519 0.677865 0.350000 0.678646 0.357407 0.677865 0.361574 0.675521 0.366204 0.671354 0.366667 0.669010 0.364352 0.664583 0.361111 0.662760 0.350926 0.659896 0.335648 0.658854 0.330556 0.659896
0 0.331019 0.681250 0.325463 0.685417 0.326852 0.689323 0.336574 0.694531 0.340278 0.695312 0.352778 0.695573 0.356944 0.694010 0.360648 0.689844 0.360185 0.683333 0.357870 0.680469 0.350926 0.678906 0.342130 0.678646
0 0.371296 0.675521 0.361111 0.681250 0.360648 0.685937 0.363426 0.692187 0.369444 0.695052 0.379167 0.695052 0.385185 0.693750 0.387963 0.692448 0.390278 0.690104 0.390741 0.685417 0.381019 0.676823 0.378241 0.676042
0 0.368519 0.661719 0.367130 0.662760 0.366204 0.666146 0.370833 0.672135 0.373611 0.673958 0.376389 0.674740 0.379630 0.675000 0.381481 0.674479 0.385648 0.670052 0.387500 0.666406 0.387500 0.662240 0.380093 0.660677
0 0.398611 0.647917 0.390741 0.647917 0.386574 0.650000 0.383333 0.659115 0.384722 0.660937 0.388426 0.663021 0.392593 0.663281 0.402778 0.659896 0.404630 0.658333 0.404167 0.650260 0.401852 0.648698
0 0.410648 0.635677 0.401852 0.632812 0.398611 0.632552 0.393981 0.633333 0.385648 0.635677 0.381019 0.638281 0.381019 0.642708 0.385185 0.646354 0.398148 0.647135 0.402315 0.646875 0.406481 0.645573 0.411111 0.641667 0.412500 0.638542
0 0.392593 0.620052 0.385185 0.619792 0.376389 0.625521 0.372685 0.630729 0.373611 0.634635 0.375926 0.636458 0.379167 0.636979 0.386574 0.635677 0.393056 0.633333 0.400000 0.628646 0.400926 0.626042 0.399537 0.623698
0 0.412963 0.640885 0.406944 0.646094 0.406944 0.649740 0.410648 0.657292 0.413889 0.659115 0.419444 0.660417 0.427315 0.659635 0.435648 0.655729 0.436111 0.650521 0.433333 0.647917 0.425000 0.643490 0.420370 0.641927
0 0.398148 0.661979 0.391204 0.664583 0.388889 0.666146 0.386111 0.671094 0.385648 0.678385 0.388889 0.682292 0.392593 0.684635 0.400000 0.685677 0.407407 0.684896 0.414815 0.681771 0.418056 0.677604 0.418981 0.673698 0.418056 0.669792 0.414352 0.666146 0.406481 0.663021
0 0.383796 0.694792 0.381944 0.696875 0.382407 0.702083 0.389352 0.707552 0.398148 0.708854 0.406481 0.708854 0.412963 0.707552 0.417130 0.705208 0.418981 0.702344 0.419444 0.696875 0.416667 0.694010 0.412963 0.692187 0.407407 0.690885 0.398148 0.690885 0.392130 0.691667
0 0.434259 0.702083 0.425000 0.701823 0.421759 0.702604 0.417593 0.705469 0.415278 0.708333 0.416204 0.712500 0.420370 0.719531 0.426852 0.721094 0.437037 0.719271 0.439352 0.717969 0.442593 0.713281 0.443981 0.709375 0.443056 0.705469 0.439352 0.703385
0 0.454630 0.700521 0.449074 0.703385 0.447222 0.705208 0.444907 0.718229 0.445833 0.720573 0.450926 0.722917 0.454630 0.723958 0.462500 0.724479 0.468519 0.722917 0.474537 0.719271 0.476852 0.716146 0.476852 0.711719 0.475000 0.708854 0.468981 0.704948 0.467130 0.702344 0.462963 0.700521
0 0.485185 0.717708 0.475463 0.717708 0.474074 0.719531 0.465741 0.724740 0.463889 0.728646 0.464815 0.732552 0.467593 0.734375 0.474537 0.735156 0.483796 0.734635 0.487037 0.733594 0.495370 0.728906 0.495833 0.724219 0.489352 0.719271
0 0.465741 0.735417 0.460648 0.738802 0.458333 0.743229 0.458333 0.748177 0.462037 0.750781 0.469444 0.752604 0.481481 0.752604 0.488889 0.750781 0.492593 0.748698 0.493056 0.746094 0.492593 0.744010 0.490741 0.742969 0.487500 0.739062 0.483796 0.736979 0.477778 0.735417 0.470833 0.734896
0 0.516204 0.726823 0.510185 0.726042 0.499074 0.729688 0.491204 0.733333 0.489352 0.736198 0.489815 0.740365 0.492130 0.742969 0.496759 0.745833 0.503704 0.747135 0.515278 0.745052 0.521296 0.741406 0.524074 0.738021 0.526852 0.736458 0.525463 0.731250 0.522222 0.728906
0 0.531944 0.736719 0.527315 0.737760 0.517593 0.744271 0.517593 0.748437 0.523611 0.751823 0.531481 0.751302 0.537963 0.748177 0.537963 0.739844
0 0.586574 0.731510 0.580093 0.734375 0.575000 0.738281 0.574074 0.740625 0.575926 0.743750 0.581019 0.748698 0.587500 0.752344 0.593056 0.754427 0.607546 0.754974 0.609722 0.749219 0.612500 0.744792 0.611111 0.740104 0.605556 0.735417 0.601852 0.733333 0.594907 0.731510
0 0.621759 0.718229 0.615278 0.719010 0.610185 0.721094 0.604167 0.729167 0.603704 0.732812 0.609722 0.738802 0.614352 0.741146 0.624074 0.739323 0.629167 0.736979 0.635648 0.728906 0.635648 0.724479 0.633333 0.722135 0.629167 0.720052
0 0.578241 0.716146 0.572685 0.720573 0.575000 0.724740 0.586574 0.729427 0.591667 0.730208 0.600926 0.730469 0.605556 0.726823 0.609259 0.721094 0.606019 0.715625 0.601389 0.713802 0.591667 0.713542 0.583333 0.714583
0 0.539352 0.740625 0.537963 0.742708 0.537963 0.745052 0.540278 0.748698 0.543981 0.751302 0.552315 0.754427 0.557870 0.755729 0.566204 0.755469 0.569907 0.754427 0.573611 0.752083 0.575926 0.748437 0.575000 0.744531 0.573148 0.741927 0.569444 0.739844 0.550926 0.738021 0.543056 0.739062
0 0.564815 0.722656 0.558796 0.724219 0.552778 0.731771 0.552315 0.736458 0.555093 0.738281 0.558333 0.739062 0.568981 0.739323 0.572685 0.738542 0.579167 0.732552 0.578704 0.729688 0.577315 0.727344 0.572222 0.723958 0.568981 0.722917
0 0.545370 0.719010 0.531481 0.723958 0.528241 0.725781 0.526389 0.727865 0.527315 0.732812 0.532870 0.736198 0.537963 0.738021 0.543519 0.737240 0.549537 0.734896 0.555556 0.728646 0.556944 0.725521 0.556944 0.723698 0.555093 0.721875
0 0.545370 0.709115 0.538889 0.708333 0.530556 0.708854 0.521296 0.711458 0.519444 0.712500 0.518981 0.717448 0.520833 0.719792 0.530556 0.723698 0.538889 0.720833 0.544444 0.716667 0.546759 0.713281
0 0.489352 0.710938 0.487037 0.712500 0.486111 0.716927 0.494444 0.722396 0.497685 0.725781 0.500926 0.727083 0.503704 0.727344 0.511574 0.725260 0.515278 0.722135 0.517593 0.716927 0.514815 0.713021 0.511574 0.711719 0.503704 0.710156
0 0.558333 0.704427 0.553704 0.706250 0.549074 0.709115 0.547222 0.711979 0.546759 0.717187 0.548611 0.719010 0.552778 0.720833 0.558796 0.721875 0.566667 0.721354 0.571759 0.719271 0.574074 0.716927 0.572685 0.712500 0.566204 0.706250 0.560185 0.704427
0 0.571296 0.690885 0.567130 0.693229 0.565741 0.701042 0.567130 0.707292 0.569444 0.709635 0.574074 0.712240 0.577778 0.712760 0.586111 0.712240 0.591204 0.709375 0.593056 0.705208 0.581944 0.692969 0.573148 0.690625
0 0.615278 0.702865 0.609259 0.705990 0.606944 0.708854 0.609722 0.713542 0.618519 0.717187 0.628241 0.719271 0.637037 0.718229 0.639815 0.716667 0.643519 0.711719 0.643981 0.708854 0.641204 0.704948 0.635648 0.702344 0.619444 0.702083
0 0.587500 0.689063 0.586111 0.690885 0.585648 0.694010 0.589815 0.699740 0.595370 0.704167 0.600000 0.706250 0.607407 0.705990 0.612037 0.704427 0.616204 0.701562 0.618056 0.698177 0.617130 0.695052 0.612963 0.691667 0.601389 0.687760 0.593056 0.687760
0 0.627778 0.683073 0.623611 0.685417 0.620370 0.689063 0.623611 0.694010 0.637963 0.702344 0.642130 0.703385 0.649074 0.703125 0.651852 0.702344 0.655093 0.700521 0.657407 0.697396 0.656944 0.692969 0.654630 0.690365 0.644907 0.685156 0.638426 0.682813 0.634259 0.682292
0 0.600463 0.670573 0.595370 0.673698 0.593519 0.677865 0.595370 0.682031 0.600000 0.685156 0.606944 0.688281 0.612963 0.689063 0.618981 0.688281 0.622222 0.686198 0.625463 0.682552 0.625000 0.677604 0.622685 0.674219 0.618056 0.671354 0.613889 0.670312 0.607407 0.669531
0 0.571759 0.670573 0.565741 0.672135 0.561574 0.674479 0.560185 0.676823 0.560648 0.679688 0.563889 0.684375 0.568981 0.688802 0.573611 0.689844 0.581019 0.690365 0.587500 0.688281 0.589815 0.686458 0.591204 0.682552 0.591204 0.677344 0.588889 0.674479 0.582870 0.671354 0.579167 0.670573
0 0.552315 0.687500 0.543981 0.689323 0.537037 0.697135 0.536111 0.700521 0.536574 0.705469 0.537500 0.706771 0.541204 0.708073 0.547222 0.708073 0.556019 0.704948 0.562037 0.701562 0.564815 0.697917 0.564815 0.693229 0.562963 0.691146
0 0.510648 0.691667 0.507407 0.693490 0.506019 0.697135 0.506944 0.701302 0.509259 0.704688 0.515741 0.707812 0.524074 0.709115 0.532407 0.706510 0.534259 0.704688 0.534722 0.702083 0.534259 0.698698 0.532870 0.696615 0.529167 0.694271 0.517593 0.690625
0 0.470370 0.695573 0.467593 0.701562 0.469444 0.705208 0.475463 0.708073 0.494444 0.708073 0.500926 0.707031 0.505093 0.705208 0.504167 0.701823 0.502315 0.699479 0.498148 0.696615 0.491204 0.694271 0.482407 0.692969 0.473148 0.694010
0 0.487963 0.679167 0.484722 0.681510 0.483333 0.688021 0.484259 0.691406 0.487037 0.693490 0.495370 0.694792 0.503704 0.694531 0.510648 0.691146 0.516667 0.689583 0.514815 0.685417 0.503704 0.679427 0.497222 0.678125
0 0.454630 0.672135 0.449074 0.673698 0.448611 0.682292 0.450463 0.685677 0.458333 0.690885 0.468519 0.692969 0.473148 0.692187 0.480556 0.688281 0.482407 0.685677 0.481944 0.681510 0.480093 0.679167 0.475463 0.675521 0.466667 0.672135 0.462963 0.671615
0 0.418056 0.692708 0.417593 0.693490 0.422222 0.698698 0.425926 0.701042 0.434259 0.702083 0.440741 0.703646 0.448148 0.703385 0.454167 0.700260 0.456481 0.697656 0.456944 0.692187 0.453704 0.688281 0.448148 0.685937 0.440278 0.685937 0.425463 0.688802
0 0.440741 0.674219 0.436574 0.673438 0.427315 0.673698 0.421759 0.676042 0.416204 0.681771 0.420370 0.686719 0.422222 0.687760 0.424537 0.688281 0.430556 0.688021 0.434259 0.687240 0.439352 0.684896 0.442593 0.681771 0.443519 0.678125 0.442593 0.675781
0 0.555556 0.675781 0.544907 0.674219 0.537500 0.674740 0.532870 0.676302 0.529630 0.678125 0.528704 0.681510 0.531944 0.685417 0.537963 0.688021 0.544444 0.688021 0.553704 0.686458 0.556944 0.684375 0.558796 0.682031 0.557870 0.677604
0 0.525000 0.658333 0.515278 0.659115 0.507870 0.663542 0.506019 0.667448 0.504630 0.674479 0.506481 0.678125 0.510185 0.681510 0.517593 0.681771 0.525463 0.679688 0.529167 0.677604 0.531019 0.675000 0.534259 0.673438 0.537500 0.670573 0.537963 0.665885 0.535185 0.662240 0.531481 0.660156
0 0.645833 0.735677 0.639352 0.737240 0.636574 0.740365 0.642593 0.747656 0.646296 0.749479 0.649537 0.750000 0.656019 0.745052 0.659722 0.743750 0.661574 0.739844 0.659722 0.737760 0.656481 0.736198
0 0.654630 0.711198 0.647685 0.712240 0.643519 0.714323 0.640741 0.716667 0.638889 0.719531 0.638426 0.725521 0.639352 0.729427 0.642593 0.732292 0.643519 0.734375 0.647222 0.735677 0.657407 0.736198 0.662963 0.735156 0.669444 0.731771 0.671296 0.729167 0.671759 0.723958 0.667593 0.716927 0.665278 0.714844 0.659722 0.711979
0 0.678241 0.689583 0.667130 0.690365 0.663426 0.691406 0.661111 0.692969 0.659722 0.696615 0.660185 0.701562 0.663426 0.703646 0.671296 0.704688 0.681481 0.703646 0.686111 0.701823 0.686574 0.696094 0.685185 0.692969 0.681481 0.690625
0 0.246759 0.572135 0.246759 0.577604 0.249537 0.579688 0.258796 0.580990 0.266667 0.580208 0.274074 0.580208 0.276389 0.579427 0.278704 0.576823 0.278241 0.575000 0.275000 0.571875 0.271759 0.570052 0.262037 0.566927 0.253241 0.567187
0 0.662037 0.671094 0.656019 0.671875 0.648148 0.675781 0.645833 0.677865 0.643981 0.681771 0.646759 0.684896 0.651389 0.687760 0.655556 0.689063 0.663889 0.689844 0.673148 0.687760 0.677315 0.685156 0.679630 0.680990 0.677315 0.676042 0.675000 0.674479 0.668981 0.672135
0 0.668981 0.704688 0.665741 0.705990 0.664352 0.707812 0.664815 0.712760 0.671296 0.720052 0.678241 0.725781 0.683333 0.727604 0.686111 0.727604 0.688889 0.726302 0.693519 0.717187 0.689815 0.707552 0.686574 0.705208 0.680556 0.703646 0.675000 0.703646
0 0.664815 0.735938 0.663889 0.740365 0.665278 0.742708 0.676852 0.746354 0.692593 0.747135 0.699537 0.746094 0.702778 0.744271 0.704630 0.740625 0.704167 0.735677 0.702315 0.732812 0.698148 0.729948 0.692130 0.728646 0.683796 0.728646 0.670370 0.732292
0 0.709722 0.738542 0.704167 0.742708 0.702315 0.747396 0.703704 0.749740 0.711574 0.755469 0.718056 0.757292 0.727315 0.757031 0.732407 0.755469 0.737963 0.751823 0.739815 0.748698 0.739352 0.745833 0.737500 0.743229 0.733333 0.741146 0.724074 0.738281 0.712500 0.738021
0 0.718981 0.713802 0.712037 0.714063 0.700926 0.716927 0.698611 0.719792 0.697685 0.723958 0.698611 0.729427 0.704630 0.734375 0.711574 0.736979 0.725926 0.736719 0.728241 0.734635 0.732870 0.732552 0.734259 0.728906 0.733796 0.725260 0.730093 0.718490 0.726389 0.716146
0 0.691667 0.704688 0.691204 0.709115 0.693519 0.714323 0.697685 0.717187 0.705093 0.715885 0.709722 0.714063 0.715741 0.712760 0.721296 0.709375 0.718981 0.704948 0.706019 0.703385 0.695370 0.703385
0 0.723148 0.708333 0.720833 0.713021 0.727778 0.715625 0.736574 0.716667 0.739815 0.717708 0.743519 0.716667 0.748148 0.713021 0.744907 0.709896 0.738426 0.708594 0.732870 0.706250 0.725926 0.707031
0 0.737500 0.725260 0.735648 0.727083 0.733333 0.732292 0.733796 0.736979 0.736574 0.739323 0.747222 0.740625 0.761111 0.738802 0.764352 0.737760 0.765741 0.736198 0.763889 0.732292 0.756019 0.727865 0.747222 0.725000 0.738889 0.724740
0 0.744444 0.742188 0.743519 0.745052 0.747685 0.750000 0.762500 0.756510 0.766667 0.757552 0.773148 0.757031 0.775926 0.756250 0.779630 0.753906 0.781019 0.752344 0.781944 0.747917 0.779167 0.743750 0.775463 0.741667 0.765741 0.739323 0.759722 0.739062 0.747222 0.740885
0 0.793981 0.741927 0.790278 0.742969 0.785648 0.746094 0.782870 0.749219 0.780556 0.754167 0.778704 0.755469 0.779630 0.759896 0.784722 0.761198 0.787963 0.762760 0.801389 0.763281 0.808796 0.761719 0.812500 0.759896 0.814815 0.756771 0.814815 0.751563 0.810648 0.747135 0.803241 0.742708
0 0.813426 0.738281 0.812037 0.740365 0.811574 0.744792 0.815741 0.751563 0.824074 0.751302 0.834259 0.750000 0.838426 0.747656 0.841204 0.745052 0.841667 0.743750 0.840278 0.741667 0.833796 0.739062 0.819907 0.737500 0.815278 0.737500
0 0.857870 0.737760 0.850926 0.738281 0.847685 0.739844 0.843056 0.743229 0.840741 0.746354 0.837963 0.747917 0.840278 0.749219 0.841667 0.752083 0.845833 0.755990 0.850000 0.758333 0.857870 0.758073 0.862500 0.756510 0.870370 0.752083 0.873148 0.748698 0.873148 0.744271 0.872222 0.743229 0.863889 0.739583
0 0.856481 0.721875 0.846759 0.724740 0.844444 0.726302 0.843056 0.728906 0.845833 0.732552 0.853704 0.736458 0.856944 0.737240 0.864815 0.737500 0.869907 0.728906 0.869444 0.724219 0.865278 0.722135
0 0.813889 0.721615 0.811111 0.723698 0.808333 0.728385 0.808333 0.732552 0.810185 0.734896 0.812037 0.735938 0.816667 0.736979 0.828704 0.738021 0.837037 0.737500 0.842130 0.732812 0.839815 0.727344 0.837037 0.724740 0.830093 0.721354 0.823148 0.719271
0 0.767593 0.728385 0.766204 0.731250 0.767130 0.736979 0.771759 0.740365 0.781481 0.742448 0.797685 0.740885 0.802315 0.739323 0.806944 0.736458 0.806481 0.733073 0.805093 0.730990 0.801389 0.728646 0.797685 0.727604 0.781481 0.725000 0.775463 0.725000 0.772222 0.725781
0 0.759259 0.709896 0.754167 0.711198 0.748148 0.714583 0.743519 0.719271 0.743519 0.722656 0.745370 0.724219 0.753241 0.726823 0.757870 0.727344 0.765741 0.727083 0.771759 0.725521 0.775926 0.723437 0.777315 0.721354 0.775926 0.716406 0.772685 0.712760 0.765278 0.710417
0 0.777315 0.712500 0.777315 0.717448 0.779167 0.721615 0.781019 0.723177 0.786574 0.725000 0.795833 0.725260 0.798148 0.724479 0.807407 0.723437 0.815278 0.720573 0.816667 0.716667 0.809259 0.711979 0.797222 0.708594 0.787500 0.707552 0.781944 0.709375
0 0.828704 0.702083 0.826389 0.703385 0.822685 0.708594 0.822685 0.713021 0.827315 0.719531 0.836574 0.724219 0.845370 0.724479 0.850926 0.723437 0.855093 0.721354 0.858796 0.716927 0.857407 0.712500 0.853704 0.707031 0.844444 0.702604 0.837500 0.701823
0 0.792130 0.693490 0.789815 0.695833 0.788889 0.700000 0.789352 0.704167 0.791204 0.706771 0.800463 0.709635 0.808333 0.711198 0.815278 0.710677 0.818519 0.709635 0.823148 0.706510 0.825926 0.701562 0.822222 0.697396 0.809259 0.691667 0.801389 0.691146
0 0.812963 0.689323 0.813889 0.693490 0.828704 0.700260 0.837500 0.701302 0.843981 0.699219 0.845370 0.697656 0.845370 0.694531 0.843519 0.689323 0.837500 0.687760 0.816667 0.688021
0 0.765741 0.686719 0.761111 0.687760 0.756481 0.690885 0.754630 0.693229 0.754630 0.697656 0.757407 0.703906 0.761574 0.708333 0.766667 0.710677 0.774537 0.711979 0.781019 0.709635 0.784259 0.707812 0.786111 0.705729 0.787500 0.698958 0.786574 0.693229 0.779630 0.687240 0.775926 0.686458
0 0.738889 0.689063 0.732407 0.690625 0.727315 0.693490 0.725000 0.697135 0.726389 0.701302 0.728241 0.703906 0.734722 0.707031 0.745370 0.709896 0.748148 0.709896 0.752778 0.708594 0.754630 0.705990 0.755093 0.700781 0.753241 0.695573 0.750926 0.692187 0.749074 0.691146
0 0.691667 0.688281 0.689352 0.689583 0.687037 0.693229 0.687963 0.698958 0.691667 0.702604 0.694907 0.703385 0.712500 0.703125 0.722222 0.698438 0.722685 0.695833 0.721759 0.693490 0.709259 0.687760 0.705556 0.686719 0.697222 0.686719
0 0.724537 0.675000 0.718056 0.676562 0.711111 0.680469 0.709259 0.682031 0.707870 0.685937 0.709259 0.687500 0.718519 0.691927 0.725926 0.692969 0.731481 0.690365 0.733333 0.688021 0.733796 0.681510 0.730556 0.677344 0.726389 0.675000
0 0.677315 0.669010 0.676389 0.669792 0.676389 0.674219 0.681481 0.683333 0.690278 0.687500 0.702315 0.685156 0.706481 0.681771 0.706481 0.677344 0.704630 0.675260 0.690278 0.669010 0.685648 0.668229 0.681481 0.668229
0 0.737963 0.659115 0.732870 0.659635 0.726389 0.661979 0.726389 0.666667 0.728704 0.673698 0.732407 0.677865 0.739815 0.678646 0.743519 0.676562 0.750463 0.670052 0.752315 0.665104 0.750463 0.661719 0.741667 0.659375
0 0.735648 0.680208 0.734259 0.681510 0.734259 0.685677 0.736111 0.687760 0.752778 0.691667 0.758333 0.689583 0.759722 0.685156 0.755556 0.682031 0.746759 0.678646 0.738889 0.679167
0 0.748148 0.672396 0.746759 0.674219 0.746296 0.677865 0.753241 0.681250 0.760185 0.683333 0.764815 0.683854 0.774537 0.683594 0.777778 0.682031 0.780093 0.677865 0.780093 0.673698 0.775463 0.669792 0.759722 0.669271 0.751852 0.670573
0 0.785648 0.678125 0.781481 0.679688 0.779630 0.681771 0.778241 0.685677 0.787963 0.692708 0.795370 0.692448 0.802778 0.689583 0.803704 0.685156 0.799537 0.680208 0.796759 0.678646 0.791204 0.677865
0 0.803241 0.677604 0.803241 0.682031 0.804630 0.683594 0.807407 0.684896 0.815278 0.686719 0.820833 0.687240 0.830556 0.686979 0.834722 0.685417 0.838426 0.681771 0.836111 0.675000 0.834259 0.672917 0.831481 0.671875 0.822685 0.671615 0.817593 0.672135 0.806019 0.676042
0 0.868981 0.669792 0.864815 0.667708 0.859259 0.666927 0.842593 0.667188 0.837963 0.668229 0.835185 0.669792 0.834722 0.673958 0.837963 0.677083 0.839815 0.681250 0.843056 0.682552 0.851389 0.682813 0.862963 0.680208 0.871759 0.674219
0 0.862963 0.702344 0.858796 0.703646 0.856481 0.705208 0.856019 0.709115 0.860185 0.716406 0.862037 0.718490 0.871296 0.722917 0.878704 0.722396 0.886574 0.716927 0.887963 0.713281 0.887500 0.708073 0.884259 0.704688 0.878241 0.701823 0.869907 0.701562
0 0.876389 0.723437 0.873611 0.723958 0.871296 0.725781 0.868056 0.735938 0.869444 0.740104 0.874074 0.742969 0.878241 0.744010 0.885648 0.744271 0.891204 0.741927 0.897222 0.736458 0.898611 0.733073 0.898148 0.728906 0.896296 0.726823 0.891204 0.724479 0.882870 0.723437
0 0.885185 0.693490 0.879630 0.697135 0.878241 0.701302 0.882870 0.702344 0.890278 0.707812 0.892130 0.708333 0.896296 0.707812 0.899537 0.706510 0.900000 0.705469 0.899537 0.699740 0.897222 0.695833 0.893056 0.693490
0 0.884722 0.647917 0.879630 0.647135 0.871296 0.647396 0.866667 0.649740 0.861574 0.654167 0.860185 0.656771 0.859722 0.663542 0.862037 0.666146 0.870370 0.667969 0.873148 0.667969 0.887037 0.664844 0.893519 0.661979 0.895833 0.659115 0.896296 0.654167 0.892130 0.650260
0 0.864352 0.630729 0.863889 0.635156 0.868056 0.638802 0.868981 0.642708 0.871296 0.645312 0.875926 0.646615 0.880556 0.646615 0.885185 0.645312 0.892593 0.640365 0.892593 0.635938 0.885648 0.634375 0.882870 0.632812 0.875926 0.630729
0 0.854167 0.634115 0.850463 0.634635 0.848148 0.635677 0.841667 0.640104 0.837963 0.643490 0.837037 0.647656 0.839352 0.651042 0.843981 0.653385 0.850000 0.654687 0.858333 0.655208 0.861111 0.654427 0.864352 0.652083 0.868056 0.646354 0.866204 0.640885 0.863426 0.636719 0.860648 0.634635
0 0.814815 0.651042 0.812500 0.653906 0.812037 0.658333 0.818981 0.664062 0.824074 0.665104 0.837963 0.665365 0.844444 0.663281 0.845833 0.661458 0.845370 0.655208 0.837963 0.651042 0.831019 0.648958 0.823611 0.648438 0.818056 0.649479
0 0.785185 0.659375 0.780093 0.662240 0.778704 0.665625 0.778704 0.670312 0.781019 0.672656 0.785185 0.675000 0.794907 0.677344 0.802315 0.677083 0.811574 0.673958 0.816204 0.671094 0.818519 0.665885 0.814815 0.661979 0.810185 0.659635 0.795833 0.658333
0 0.770370 0.657813 0.767130 0.657292 0.755093 0.661719 0.753241 0.664062 0.753241 0.666927 0.761574 0.669792 0.768519 0.670052 0.775000 0.669271 0.778704 0.666146 0.778704 0.661979
0 0.736574 0.645573 0.736111 0.646615 0.739352 0.652865 0.744444 0.655469 0.752778 0.658073 0.761111 0.658333 0.768519 0.656510 0.770370 0.655208 0.771296 0.648698 0.770370 0.645833 0.768056 0.644010 0.761111 0.642708 0.750000 0.642708 0.740278 0.643750
0 0.699537 0.659115 0.694444 0.662240 0.691667 0.665104 0.691204 0.666406 0.693056 0.670052 0.699074 0.672656 0.711574 0.676042 0.718981 0.675781 0.724074 0.674219 0.725926 0.672656 0.726852 0.669792 0.723611 0.664062 0.711111 0.658854 0.704167 0.657813
0 0.711574 0.640365 0.709259 0.642188 0.706944 0.646094 0.707407 0.655469 0.709722 0.657292 0.715370 0.659766 0.718704 0.661068 0.726389 0.661198 0.733796 0.658854 0.737037 0.656250 0.737963 0.653906 0.736574 0.649479 0.731481 0.644271 0.727315 0.642188 0.718981 0.640104
0 0.774074 0.644010 0.772222 0.646354 0.772685 0.654687 0.774074 0.656771 0.780093 0.657813 0.788426 0.657552 0.793519 0.654687 0.793056 0.650260 0.785648 0.645833 0.781944 0.644792
0 0.809722 0.637240 0.802315 0.637500 0.792593 0.642448 0.791204 0.646875 0.795370 0.651302 0.799074 0.652083 0.809259 0.652344 0.812963 0.651302 0.816204 0.649479 0.818519 0.646094 0.814352 0.640365
0 0.804630 0.626823 0.800926 0.625260 0.795833 0.624219 0.788426 0.625000 0.780556 0.632031 0.775926 0.634635 0.775463 0.640625 0.776389 0.642448 0.779630 0.643229 0.789352 0.643229 0.793981 0.641927 0.803704 0.636198 0.805556 0.634115 0.806481 0.628906
0 0.836574 0.622656 0.829630 0.621875 0.823611 0.622917 0.820370 0.626563 0.819907 0.630729 0.817593 0.632812 0.814815 0.639062 0.818056 0.644271 0.822685 0.647135 0.829630 0.646615 0.833796 0.645312 0.848148 0.634896 0.849074 0.630469 0.847222 0.626823 0.843981 0.624740
0 0.819444 0.610156 0.813426 0.609896 0.808333 0.610677 0.804630 0.613021 0.799074 0.619010 0.798611 0.623177 0.802315 0.625521 0.808796 0.626823 0.814815 0.625781 0.825463 0.622135 0.828704 0.620052 0.829167 0.615104 0.827778 0.613542
0 0.861111 0.611458 0.851852 0.610156 0.843519 0.611198 0.840741 0.613281 0.833796 0.615104 0.833796 0.619271 0.836574 0.621094 0.843519 0.623698 0.851389 0.623958 0.857870 0.622656 0.862037 0.619010 0.862963 0.615885 0.862500 0.612760
0 0.887963 0.615104 0.879167 0.613281 0.871759 0.613542 0.864815 0.616667 0.862037 0.618750 0.858796 0.622917 0.861111 0.626823 0.864815 0.629427 0.879630 0.630469 0.887037 0.629427 0.892593 0.627083 0.894444 0.623958 0.893981 0.620833 0.892130 0.617708
0 0.857407 0.593229 0.854167 0.595573 0.853704 0.599479 0.856944 0.608594 0.859722 0.610156 0.863889 0.611198 0.871759 0.611198 0.876389 0.609896 0.880556 0.607812 0.883333 0.604427 0.883333 0.601823 0.881944 0.599219 0.875926 0.595313 0.869444 0.592969 0.862500 0.592448
0 0.848148 0.596354 0.841667 0.595313 0.835648 0.595313 0.829630 0.597917 0.823148 0.604688 0.821759 0.607292 0.822685 0.609635 0.825000 0.611719 0.829630 0.613281 0.837037 0.613542 0.846759 0.610677 0.853241 0.607812 0.854630 0.604948 0.854167 0.600781 0.852315 0.598177
0 0.808796 0.588802 0.800463 0.593750 0.797222 0.598958 0.797685 0.600781 0.800926 0.602865 0.808333 0.605990 0.819444 0.606250 0.821759 0.605469 0.822685 0.603385 0.825000 0.602083 0.825926 0.600521 0.825926 0.595313 0.823611 0.591667 0.817593 0.589063
0 0.830556 0.584375 0.828241 0.588802 0.830093 0.592448 0.833796 0.594271 0.837963 0.595052 0.851852 0.595313 0.856481 0.593229 0.857407 0.592187 0.857407 0.587760 0.850463 0.582812 0.844907 0.581510 0.836574 0.582031
0 0.877315 0.578385 0.870370 0.579948 0.868519 0.581250 0.863889 0.582552 0.862037 0.583594 0.863426 0.588281 0.868981 0.591927 0.877778 0.594531 0.879630 0.594531 0.885648 0.593229 0.887963 0.591146 0.892593 0.589063 0.892593 0.583333 0.890093 0.578802
0 0.881019 0.563281 0.869907 0.563281 0.864352 0.564063 0.859722 0.565885 0.858333 0.569010 0.861111 0.574219 0.864352 0.577344 0.871296 0.578646 0.881019 0.577083 0.887500 0.573698 0.888889 0.572396 0.889352 0.567448 0.885648 0.564844
0 0.838426 0.569531 0.836574 0.572135 0.837963 0.577344 0.840741 0.579167 0.851852 0.582031 0.858333 0.582292 0.862037 0.580729 0.862963 0.575521 0.860648 0.571354 0.856944 0.568490 0.852315 0.567448 0.849074 0.567448
0 0.815741 0.564583 0.809722 0.566146 0.807870 0.567708 0.807407 0.576823 0.809722 0.581250 0.812963 0.584635 0.819444 0.586979 0.823611 0.587500 0.827315 0.586198 0.835185 0.581250 0.836111 0.578906 0.835185 0.568229 0.829167 0.565104 0.823611 0.564323
0 0.781019 0.607031 0.778704 0.609635 0.778704 0.612500 0.780093 0.614323 0.788426 0.618490 0.792593 0.619010 0.798611 0.618490 0.800463 0.617448 0.801852 0.614844 0.801852 0.610156 0.799074 0.606510 0.794444 0.605208 0.787500 0.605729
0 0.774074 0.589323 0.766667 0.593229 0.765278 0.594792 0.765278 0.596615 0.767130 0.599740 0.773611 0.603125 0.781019 0.605729 0.789352 0.604948 0.791667 0.603646 0.793981 0.599740 0.793056 0.595052 0.790741 0.591667 0.787500 0.589583 0.782870 0.588542
0 0.806481 0.578906 0.800463 0.578385 0.792593 0.579427 0.788426 0.580469 0.785185 0.582812 0.785185 0.588021 0.794907 0.593229 0.801852 0.592187 0.808796 0.587760 0.811111 0.583854 0.808796 0.579948
0 0.770833 0.566667 0.768981 0.568229 0.770833 0.572135 0.781944 0.577604 0.795833 0.578385 0.801852 0.576823 0.805093 0.574219 0.805093 0.567448 0.802315 0.565365 0.796296 0.563281 0.787500 0.562760 0.781481 0.563542 0.773611 0.565365
0 0.748148 0.570573 0.744444 0.572396 0.742130 0.576823 0.743056 0.580208 0.749537 0.585938 0.752315 0.587240 0.760185 0.589063 0.767593 0.589323 0.775926 0.586458 0.781481 0.580208 0.779167 0.576562 0.766204 0.571094 0.761574 0.569792 0.753241 0.569271
0 0.760185 0.590104 0.753241 0.588021 0.746296 0.588802 0.737963 0.591146 0.731019 0.595313 0.731019 0.600260 0.735648 0.603125 0.739352 0.604427 0.752778 0.603646 0.760648 0.602083 0.762963 0.600000 0.762037 0.591667
0 0.760648 0.605729 0.752778 0.604688 0.744907 0.604688 0.739352 0.605729 0.735185 0.608073 0.733796 0.610677 0.734722 0.614583 0.740278 0.619271 0.745833 0.621094 0.749537 0.620833 0.759722 0.618229 0.765741 0.615365 0.768056 0.611979 0.767593 0.609635 0.765741 0.607812
0 0.778704 0.615104 0.767130 0.614583 0.750463 0.622396 0.747685 0.626563 0.748611 0.630469 0.757407 0.635677 0.762037 0.636458 0.771296 0.636198 0.778241 0.633594 0.781944 0.630990 0.785648 0.627344 0.786111 0.622917 0.782870 0.617188
0 0.719444 0.615365 0.713889 0.619010 0.713426 0.624479 0.715741 0.627865 0.719907 0.629948 0.725000 0.630990 0.736574 0.630469 0.742130 0.629427 0.744907 0.627083 0.744444 0.622917 0.737037 0.616667 0.733333 0.614583 0.729630 0.614062 0.724074 0.614062
0 0.760185 0.548698 0.749074 0.551042 0.746759 0.552604 0.745833 0.556771 0.747685 0.559896 0.752778 0.564844 0.757407 0.567187 0.761574 0.567708 0.766204 0.566406 0.769444 0.564583 0.773148 0.555729 0.771759 0.552865 0.767593 0.549219
0 0.731019 0.557292 0.725000 0.558073 0.722685 0.559375 0.719444 0.564063 0.720370 0.569531 0.724537 0.573958 0.726389 0.575000 0.732870 0.575781 0.738426 0.574479 0.744444 0.571094 0.748611 0.567708 0.749537 0.563802 0.746759 0.560677 0.743981 0.559375 0.738889 0.558073
0 0.728241 0.583854 0.722222 0.583594 0.712500 0.584635 0.709259 0.585677 0.706019 0.587760 0.706481 0.591667 0.710648 0.596875 0.718056 0.600260 0.726389 0.599219 0.733796 0.591927 0.733796 0.587240 0.732407 0.585417
0 0.691204 0.569271 0.684722 0.572135 0.684259 0.576302 0.688889 0.582031 0.694907 0.585938 0.696759 0.586458 0.704630 0.585938 0.709259 0.584375 0.713426 0.582031 0.715741 0.577083 0.715278 0.574479 0.711574 0.571094 0.707407 0.569531 0.700463 0.568750
0 0.686574 0.549740 0.684259 0.551823 0.684722 0.555990 0.686574 0.560417 0.691204 0.565365 0.695833 0.567708 0.702315 0.568750 0.706481 0.568750 0.712963 0.566927 0.717130 0.564583 0.718981 0.560156 0.716204 0.557031 0.712037 0.554167 0.706019 0.551302 0.698611 0.549219 0.688889 0.549219
0 0.680093 0.550260 0.670833 0.549219 0.665741 0.549740 0.656481 0.551562 0.650926 0.554167 0.648611 0.556510 0.647685 0.560937 0.650463 0.565365 0.655093 0.568229 0.657407 0.568750 0.669907 0.568490 0.675000 0.566406 0.681944 0.560677 0.683333 0.557813 0.682407 0.552344
0 0.662963 0.569271 0.656944 0.571094 0.653704 0.575260 0.653704 0.576823 0.657407 0.579688 0.659259 0.582292 0.665741 0.586198 0.669444 0.587500 0.678241 0.586719 0.681019 0.584635 0.683333 0.580208 0.683796 0.575781 0.682407 0.572656 0.678241 0.570312 0.672222 0.569010
0 0.673148 0.588281 0.671296 0.589583 0.670370 0.591927 0.672222 0.596094 0.676389 0.598958 0.690278 0.604948 0.698611 0.604688 0.702315 0.603125 0.705556 0.600000 0.707407 0.596615 0.706481 0.592187 0.704630 0.590625 0.699537 0.589323 0.684259 0.587500 0.675000 0.587760
0 0.694907 0.605469 0.692593 0.607031 0.693981 0.611198 0.698148 0.614062 0.700463 0.617188 0.703241 0.618490 0.712037 0.619271 0.714815 0.618229 0.719907 0.614062 0.721296 0.611458 0.719907 0.607552 0.718519 0.606510 0.712500 0.603906 0.704167 0.603646
0 0.690741 0.623958 0.687500 0.626823 0.688426 0.635156 0.698611 0.639844 0.705556 0.640365 0.710185 0.639062 0.713426 0.637240 0.715278 0.634896 0.716204 0.631510 0.715278 0.629427 0.709259 0.626302 0.700000 0.623958
0 0.668519 0.604688 0.665741 0.606250 0.660648 0.611198 0.660185 0.615625 0.661111 0.616667 0.671296 0.620573 0.681944 0.622917 0.684722 0.623177 0.693981 0.621615 0.696296 0.619531 0.696759 0.615104 0.690741 0.609375 0.680093 0.604948 0.671296 0.604167
0 0.656481 0.623958 0.654167 0.626302 0.654630 0.629167 0.658333 0.634896 0.662500 0.637500 0.667593 0.639583 0.671759 0.640104 0.677315 0.639062 0.681944 0.636979 0.685185 0.634635 0.686574 0.632292 0.686111 0.626823 0.684259 0.625260 0.677315 0.623437 0.662500 0.622656
0 0.683796 0.636458 0.675463 0.639583 0.672685 0.641927 0.674074 0.648698 0.677778 0.651823 0.681019 0.653385 0.687963 0.655469 0.699352 0.658490 0.702500 0.657734 0.705093 0.656120 0.704630 0.646354 0.700000 0.641146 0.691204 0.636979
0 0.660185 0.655208 0.657870 0.657813 0.657407 0.663281 0.658796 0.665625 0.660648 0.666667 0.668519 0.668229 0.676389 0.667969 0.684259 0.666146 0.687500 0.664583 0.689352 0.661979 0.686111 0.657552 0.683333 0.655990 0.671296 0.653385 0.662963 0.654167
0 0.649074 0.636979 0.646296 0.638542 0.644444 0.642708 0.647685 0.645833 0.651389 0.651563 0.655556 0.653646 0.663426 0.653906 0.672222 0.650260 0.673148 0.645573 0.671759 0.642188 0.667593 0.639844 0.658333 0.636719 0.654167 0.636458
0 0.619907 0.613802 0.616667 0.617969 0.616204 0.620052 0.618519 0.624479 0.621759 0.626563 0.626852 0.628125 0.639815 0.629948 0.643056 0.629948 0.651852 0.626563 0.654630 0.623437 0.652778 0.618490 0.643519 0.613281 0.635648 0.611458 0.626389 0.611458 0.622685 0.612240
0 0.614352 0.630729 0.613426 0.634896 0.614815 0.638281 0.618519 0.642969 0.621296 0.644531 0.639352 0.641667 0.643519 0.639844 0.646250 0.636563 0.642593 0.632812 0.635648 0.629687 0.621898 0.627630
0 0.645370 0.644271 0.641667 0.642708 0.634722 0.642448 0.621296 0.645312 0.613889 0.650260 0.612500 0.654427 0.617593 0.657292 0.623611 0.658854 0.641667 0.659115 0.643981 0.658594 0.650463 0.654427 0.649537 0.649740 0.647685 0.646354
0 0.608056 0.639010 0.604769 0.639792 0.596435 0.644036 0.593519 0.646615 0.594444 0.648958 0.597222 0.651042 0.607407 0.652344 0.610648 0.651823 0.617593 0.646615 0.617130 0.643490 0.615278 0.640885 0.612500 0.639531
0 0.575926 0.657813 0.575926 0.662760 0.578241 0.666927 0.580093 0.668490 0.586111 0.670052 0.602315 0.669010 0.611574 0.667448 0.617130 0.662500 0.618519 0.658333 0.610648 0.653646 0.601389 0.652344 0.586111 0.652604 0.581019 0.654687
0 0.571296 0.659896 0.559259 0.655469 0.551389 0.655990 0.548148 0.657031 0.541204 0.661719 0.539352 0.664583 0.539352 0.670312 0.540741 0.672917 0.542593 0.673958 0.559259 0.675521 0.561574 0.673958 0.570370 0.670573 0.575000 0.667448 0.575463 0.665625
0 0.545370 0.640885 0.537963 0.641146 0.527315 0.644792 0.520833 0.651302 0.520370 0.655208 0.523148 0.657552 0.538426 0.660937 0.542593 0.659375 0.546296 0.657031 0.548611 0.654167 0.549537 0.649740 0.548148 0.643490
0 0.510648 0.641146 0.502315 0.641146 0.499074 0.641667 0.495370 0.643229 0.492593 0.646094 0.494907 0.658073 0.498611 0.660677 0.502778 0.661979 0.510648 0.660937 0.518056 0.655208 0.518056 0.646354 0.515278 0.643229
0 0.466667 0.661979 0.463889 0.665885 0.465278 0.670312 0.468519 0.672396 0.475463 0.674740 0.481944 0.678646 0.491204 0.678646 0.496296 0.677865 0.501389 0.675781 0.503241 0.673698 0.504630 0.668750 0.504167 0.665885 0.500000 0.661979 0.493981 0.659896 0.484722 0.658333 0.482870 0.657292 0.474074 0.658594
0 0.497222 0.626302 0.491204 0.625521 0.482407 0.626042 0.478241 0.627344 0.469907 0.632812 0.467130 0.636719 0.467593 0.642708 0.475463 0.647135 0.483333 0.647396 0.487037 0.646615 0.494907 0.642448 0.497222 0.639583 0.500000 0.630990 0.498611 0.626823
0 0.847685 0.685677 0.844444 0.689583 0.846759 0.692969 0.847222 0.697656 0.849537 0.698698 0.861574 0.700000 0.871759 0.699740 0.876852 0.697917 0.882407 0.693490 0.881481 0.691146 0.879167 0.689063 0.871759 0.685937 0.864352 0.683854 0.855556 0.683333
0 0.612546 0.629193 0.601389 0.627083 0.593056 0.627083 0.581944 0.629687 0.577315 0.631771 0.575926 0.633854 0.576389 0.638281 0.581019 0.642188 0.586574 0.645312 0.593981 0.644792 0.608796 0.636979 0.612037 0.631250
0 0.607407 0.389844 0.598611 0.396094 0.597685 0.403125 0.600463 0.406771 0.607870 0.408854 0.619444 0.407292 0.623611 0.404427 0.624074 0.399740 0.620370 0.396094
0 0.593056 0.347396 0.587963 0.346615 0.580556 0.347396 0.575926 0.348958 0.568056 0.353646 0.566667 0.358073 0.568056 0.360156 0.572685 0.363281 0.580093 0.365104 0.587500 0.364063 0.591204 0.362500 0.597222 0.356250 0.598611 0.353646 0.597222 0.349479
0 0.534722 0.626042 0.534259 0.631250 0.535185 0.633333 0.537037 0.635156 0.547685 0.640625 0.551389 0.641406 0.559722 0.641927 0.569907 0.638802 0.572685 0.635156 0.573148 0.630729 0.570370 0.627865 0.565278 0.625521 0.552778 0.624219 0.542593 0.623958 0.537500 0.624740
0 0.573148 0.639062 0.566019 0.640885 0.557269 0.642005 0.556481 0.646615 0.558333 0.652344 0.559722 0.654427 0.566667 0.657292 0.573611 0.657292 0.576389 0.656510 0.583333 0.653385 0.585648 0.650521 0.586111 0.646354 0.584259 0.644010 0.580556 0.642448 0.577315 0.639844
0 0.579167 0.609375 0.565741 0.611458 0.563426 0.614062 0.564815 0.623437 0.566667 0.625521 0.572685 0.628646 0.580093 0.629948 0.589815 0.627083 0.590741 0.626302 0.593981 0.617969 0.593519 0.615365 0.591204 0.612500 0.584722 0.610156
0 0.537963 0.613542 0.533796 0.619010 0.537037 0.622135 0.541667 0.623698 0.548611 0.624479 0.560185 0.624479 0.562963 0.623177 0.562037 0.614323 0.561111 0.611979 0.559722 0.611198 0.551852 0.609635 0.542593 0.611458
0 0.516667 0.621354 0.508333 0.623177 0.505556 0.624740 0.503704 0.628385 0.504630 0.633854 0.507870 0.638542 0.512037 0.641146 0.516667 0.642448 0.521759 0.641667 0.527315 0.639583 0.530093 0.636719 0.532870 0.630990 0.532407 0.626823 0.530093 0.624219 0.525000 0.621875
0 0.532407 0.605729 0.525463 0.605990 0.521296 0.607552 0.513889 0.608854 0.511111 0.610938 0.511574 0.615365 0.517130 0.619792 0.522685 0.621094 0.525926 0.621094 0.528704 0.620573 0.531481 0.619010 0.539352 0.611719 0.538426 0.607292
0 0.151852 0.595313 0.148148 0.594271 0.140741 0.593750 0.134259 0.594271 0.127315 0.596615 0.121296 0.603125 0.121759 0.607552 0.125926 0.611458 0.128241 0.612500 0.137963 0.612240 0.148611 0.610156 0.151852 0.608854 0.156944 0.603906 0.156481 0.599219
0 0.159259 0.613802 0.151852 0.614323 0.145833 0.617708 0.141667 0.619010 0.140278 0.623177 0.143519 0.627083 0.156481 0.628906 0.160185 0.627865 0.163426 0.625781 0.166204 0.622396 0.167593 0.618490 0.164815 0.615625 0.162500 0.614323
0 0.177778 0.602865 0.169444 0.602865 0.167593 0.603385 0.162963 0.609375 0.162037 0.611458 0.163426 0.615365 0.169444 0.617708 0.177778 0.616146 0.183333 0.610938 0.184259 0.606771 0.180093 0.603646
0 0.231481 0.606510 0.227778 0.605208 0.225000 0.604948 0.212963 0.607292 0.205093 0.610417 0.203704 0.611458 0.202778 0.614323 0.204630 0.619010 0.211574 0.621875 0.218519 0.622656 0.225463 0.620573 0.233333 0.615625 0.235648 0.611719 0.234259 0.608854
0 0.254630 0.611198 0.246296 0.610417 0.237500 0.612760 0.235648 0.613802 0.233796 0.619010 0.234722 0.623698 0.236111 0.626042 0.239352 0.627604 0.246296 0.626563 0.251852 0.624219 0.256481 0.623177 0.262037 0.620052 0.262500 0.615104 0.260648 0.613542 0.256019 0.612240
0 0.309722 0.605469 0.300463 0.609375 0.295370 0.613281 0.293056 0.617969 0.291667 0.619010 0.300000 0.624740 0.304167 0.625521 0.311111 0.625521 0.318981 0.624219 0.322685 0.622135 0.325000 0.619271 0.324537 0.610677 0.320370 0.608073
0 0.296296 0.591406 0.292593 0.591406 0.287963 0.592448 0.282315 0.595573 0.278241 0.598698 0.274074 0.602604 0.274074 0.607552 0.276019 0.610990 0.281019 0.611458 0.287500 0.611458 0.298148 0.608594 0.306481 0.603646 0.309722 0.600000 0.309259 0.598177 0.306944 0.595833 0.302593 0.593464
0 0.252315 0.599219 0.247222 0.600781 0.242593 0.603906 0.243981 0.607812 0.253704 0.609896 0.260185 0.608854 0.263426 0.607031 0.265741 0.603385 0.261574 0.600260
0 0.279630 0.583073 0.274537 0.580990 0.266667 0.580729 0.263426 0.581771 0.250000 0.590885 0.247685 0.595313 0.248611 0.597656 0.250926 0.598698 0.257870 0.599740 0.268056 0.600000 0.279630 0.595573 0.286111 0.591927 0.284722 0.588281
0 0.240741 0.583854 0.234259 0.583333 0.225463 0.583594 0.221759 0.585417 0.219907 0.587760 0.220833 0.595833 0.223611 0.598958 0.226389 0.599479 0.239352 0.597396 0.242593 0.595573 0.245370 0.591927 0.245370 0.587760 0.243981 0.585677
0 0.211111 0.552604 0.204630 0.555990 0.204630 0.560677 0.210648 0.566406 0.215278 0.569271 0.218519 0.570312 0.226389 0.570052 0.231481 0.568750 0.235648 0.565625 0.237500 0.561458 0.237500 0.559896 0.234722 0.556250 0.228704 0.554167 0.220370 0.552344
0 0.301389 0.572135 0.292593 0.572135 0.288426 0.572917 0.281019 0.576562 0.278704 0.579948 0.280556 0.584375 0.285185 0.588542 0.287963 0.589844 0.295833 0.590104 0.299074 0.589583 0.308333 0.586458 0.313426 0.583333 0.315278 0.579948 0.312500 0.576302 0.308333 0.573958
0 0.317593 0.583333 0.311574 0.584635 0.305093 0.587760 0.303704 0.591927 0.309259 0.595573 0.322685 0.601562 0.329630 0.601042 0.331481 0.599740 0.332407 0.597135 0.331019 0.591927 0.331481 0.587500 0.326852 0.584115 0.323148 0.583073
0 0.329167 0.612240 0.326852 0.614062 0.325926 0.616146 0.325926 0.623437 0.332407 0.628385 0.337500 0.629687 0.345370 0.627604 0.351852 0.624219 0.352778 0.623177 0.352315 0.618750 0.349074 0.616667 0.342593 0.615365 0.336574 0.613281
0 0.336574 0.598698 0.331944 0.600260 0.330093 0.601562 0.326852 0.607031 0.327315 0.608854 0.328704 0.610417 0.332407 0.612240 0.343981 0.615365 0.350926 0.615625 0.354630 0.613802 0.356944 0.611198 0.357407 0.606250 0.355093 0.601823 0.350926 0.598698 0.348148 0.598177 0.341204 0.597917
0 0.376852 0.608333 0.373611 0.607812 0.364352 0.608073 0.359722 0.609375 0.357407 0.610938 0.354167 0.615104 0.355093 0.619531 0.357407 0.621875 0.363426 0.624219 0.375000 0.623177 0.377778 0.622396 0.383796 0.618490 0.385185 0.616146 0.384259 0.612240 0.383333 0.611198
0 0.379167 0.607292 0.389815 0.613281 0.406481 0.614062 0.412500 0.610677 0.413889 0.607812 0.413426 0.603906 0.412037 0.602344 0.406481 0.600000 0.398148 0.599740 0.386574 0.602083
0 0.363426 0.591927 0.356481 0.595833 0.354167 0.599740 0.356944 0.602083 0.362037 0.604427 0.371296 0.606771 0.378241 0.606510 0.381944 0.603646 0.382870 0.599740 0.378704 0.591927 0.373611 0.590885 0.368981 0.590885
0 0.412500 0.613281 0.403704 0.618229 0.402315 0.623958 0.403704 0.630990 0.405093 0.632812 0.412500 0.635938 0.421759 0.635156 0.428704 0.632812 0.431944 0.630990 0.433796 0.626302 0.431019 0.619271 0.429167 0.616927 0.421759 0.614062
0 0.461574 0.632552 0.456019 0.630990 0.446759 0.630990 0.438889 0.632812 0.430556 0.637240 0.426389 0.642708 0.431944 0.646615 0.440741 0.648698 0.448148 0.647917 0.455556 0.647917 0.462037 0.646615 0.465278 0.644271 0.466204 0.640104 0.465278 0.634896
0 0.440278 0.609115 0.436574 0.610156 0.432407 0.613281 0.431481 0.614844 0.432407 0.620833 0.433796 0.624219 0.437963 0.627344 0.439815 0.627865 0.447685 0.627604 0.455093 0.625260 0.456019 0.623698 0.455556 0.618229 0.448148 0.610677 0.444907 0.609375
0 0.470833 0.614583 0.459259 0.615885 0.457407 0.616927 0.456481 0.618750 0.456944 0.624219 0.458333 0.626563 0.462963 0.629687 0.468056 0.631250 0.472222 0.630208 0.477778 0.627083 0.479167 0.623177 0.479630 0.619010 0.478241 0.616927 0.475926 0.615365
0 0.476389 0.599479 0.470833 0.598437 0.458333 0.598698 0.454630 0.599219 0.450000 0.601042 0.447222 0.603385 0.445833 0.607812 0.448611 0.611198 0.453704 0.614583 0.462963 0.615365 0.470833 0.613802 0.475000 0.611979 0.478241 0.608854 0.481019 0.603906 0.480093 0.602083
0 0.443519 0.592969 0.434259 0.591406 0.426852 0.591146 0.421759 0.593229 0.416667 0.600000 0.415278 0.604948 0.415741 0.609896 0.418519 0.612240 0.429167 0.612240 0.435648 0.610417 0.442593 0.607031 0.447222 0.600521 0.446759 0.595313
0 0.498287 0.601172 0.488426 0.600521 0.486574 0.601042 0.481481 0.606510 0.479630 0.611198 0.479630 0.615365 0.482870 0.619271 0.486111 0.620833 0.490278 0.621354 0.498611 0.619792 0.504630 0.617448 0.508333 0.615365 0.510648 0.610156 0.508796 0.605208 0.506019 0.602344
0 0.514815 0.591667 0.509722 0.588542 0.503241 0.586719 0.486574 0.592187 0.484259 0.593750 0.483796 0.596615 0.486111 0.599479 0.489815 0.600521 0.497222 0.600781 0.503241 0.601823 0.510185 0.601302 0.513426 0.598177
0 0.499537 0.580208 0.493981 0.578906 0.486574 0.578646 0.479630 0.579427 0.475926 0.580729 0.474074 0.582812 0.475463 0.589583 0.477778 0.590885 0.483796 0.592187 0.488843 0.591042 0.499352 0.587760 0.502778 0.585417 0.502778 0.583073
0 0.462500 0.576562 0.453704 0.576823 0.449074 0.578385 0.443056 0.584115 0.442593 0.588021 0.443981 0.590365 0.445833 0.591406 0.452315 0.592708 0.461111 0.592708 0.473148 0.590625 0.474537 0.588802 0.473148 0.580990 0.466204 0.577604
0 0.524074 0.589063 0.517130 0.591927 0.514352 0.595573 0.514815 0.600000 0.520370 0.603125 0.524074 0.604427 0.529167 0.605208 0.536111 0.605208 0.545139 0.604115 0.550000 0.600521 0.554630 0.596589 0.555324 0.593203 0.548611 0.590365 0.539352 0.588542 0.532407 0.588021
0 0.556481 0.594792 0.553241 0.598437 0.552778 0.602865 0.554167 0.606510 0.557870 0.609896 0.561111 0.610677 0.567130 0.610938 0.577778 0.609115 0.581481 0.607552 0.584722 0.603646 0.583796 0.600260 0.578241 0.597135 0.569907 0.594531 0.558333 0.594271
0 0.544444 0.575781 0.540741 0.577865 0.536111 0.582812 0.535648 0.585938 0.536574 0.587240 0.540278 0.588542 0.552315 0.590104 0.556944 0.588021 0.559722 0.584375 0.557870 0.577865 0.556019 0.576302 0.552778 0.575260
0 0.507407 0.572135 0.505093 0.573958 0.503704 0.576562 0.505556 0.580208 0.511574 0.584375 0.523611 0.587500 0.531019 0.586719 0.533796 0.585417 0.538426 0.579948 0.537963 0.575781 0.531019 0.573177 0.519907 0.570833 0.511574 0.571094
0 0.512500 0.566927 0.507407 0.564844 0.497685 0.563542 0.488426 0.563281 0.475000 0.566146 0.472685 0.567708 0.472222 0.572396 0.474074 0.575000 0.477778 0.577344 0.481944 0.578125 0.491667 0.577865 0.501852 0.574740 0.513426 0.568490
0 0.447685 0.559896 0.443519 0.562500 0.440741 0.567708 0.441204 0.570573 0.443056 0.573438 0.446759 0.575521 0.455093 0.576823 0.462963 0.575521 0.468056 0.572656 0.468056 0.567708 0.466667 0.566146 0.462963 0.563802 0.455093 0.560417
0 0.437963 0.571094 0.434722 0.570312 0.424074 0.570312 0.420833 0.571094 0.414815 0.574479 0.410185 0.579948 0.412037 0.585417 0.414028 0.588750 0.418981 0.588542 0.428241 0.587760 0.437963 0.585156 0.445833 0.580208 0.445370 0.576042
0 0.405556 0.579948 0.400000 0.578385 0.392593 0.577604 0.387037 0.578646 0.384722 0.579948 0.381944 0.584115 0.381019 0.591927 0.382407 0.595833 0.384306 0.599427 0.392593 0.597396 0.405093 0.591406 0.409259 0.588021 0.410185 0.583333 0.409259 0.582031
0 0.364352 0.583594 0.357870 0.580208 0.350463 0.579427 0.346759 0.580469 0.333796 0.586979 0.331944 0.590625 0.332407 0.592969 0.335648 0.594792 0.339815 0.595313 0.351389 0.595052 0.356481 0.594010 0.362037 0.591927 0.365741 0.589323 0.366204 0.586979
0 0.361111 0.567187 0.356944 0.568490 0.353241 0.571354 0.355556 0.578125 0.364815 0.583594 0.374074 0.587240 0.378704 0.587656 0.381019 0.583594 0.383796 0.580469 0.388889 0.576823 0.389352 0.572135 0.387963 0.570052 0.384259 0.566927 0.380093 0.565885 0.370370 0.565625
0 0.392130 0.561198 0.387500 0.563802 0.387037 0.568750 0.392130 0.575000 0.396296 0.577865 0.400417 0.578281 0.406944 0.579948 0.410185 0.578385 0.412963 0.573177 0.412963 0.567969 0.409722 0.563281 0.405556 0.561198 0.400000 0.560156
0 0.447222 0.551823 0.442130 0.550521 0.432870 0.551042 0.416667 0.555469 0.411111 0.558333 0.409722 0.561198 0.411574 0.564323 0.418981 0.570312 0.431481 0.570052 0.435648 0.569271 0.437963 0.567969 0.449074 0.557031 0.448611 0.553646
0 0.496296 0.550260 0.492130 0.549479 0.479630 0.549479 0.469444 0.551042 0.466667 0.552604 0.463889 0.556510 0.464815 0.559375 0.467593 0.562760 0.474537 0.565104 0.483333 0.564063 0.487500 0.562500 0.493056 0.559115 0.495833 0.555208 0.499074 0.552865
0 0.529630 0.551823 0.526852 0.550000 0.524074 0.549219 0.517130 0.548698 0.510648 0.549479 0.498611 0.553646 0.495370 0.556771 0.493981 0.560937 0.496296 0.562500 0.503241 0.564063 0.516667 0.564323 0.524074 0.563281 0.526852 0.562500 0.530093 0.560417 0.531481 0.556250
0 0.519907 0.564583 0.518519 0.567448 0.519444 0.569271 0.537963 0.575260 0.549074 0.574740 0.551389 0.573698 0.555556 0.569010 0.555556 0.567708 0.552315 0.563281 0.547222 0.561458 0.531481 0.561719
0 0.562500 0.573958 0.559259 0.575781 0.558333 0.580469 0.560648 0.584896 0.562963 0.586458 0.573611 0.587500 0.578241 0.586198 0.583333 0.583594 0.585648 0.580208 0.584722 0.576302 0.580093 0.573177 0.570370 0.572917
0 0.557870 0.558073 0.553704 0.560156 0.553241 0.564583 0.556944 0.570052 0.560648 0.571615 0.564815 0.572656 0.573611 0.572396 0.579167 0.570573 0.584259 0.567187 0.586574 0.564583 0.587037 0.560417 0.582870 0.557552 0.574537 0.556250 0.565278 0.556250
0 0.574074 0.587760 0.569769 0.590443 0.575463 0.595833 0.587500 0.601042 0.593056 0.601823 0.600000 0.601042 0.603704 0.599479 0.608333 0.595573 0.608796 0.591667 0.606944 0.587760 0.600463 0.584896 0.594444 0.583854 0.586111 0.583594 0.581481 0.584635
0 0.593519 0.570312 0.589815 0.572396 0.587500 0.576042 0.589815 0.582031 0.592593 0.583333 0.600463 0.584635 0.607870 0.584375 0.613426 0.581510 0.616667 0.578906 0.617593 0.575260 0.615741 0.572135 0.612963 0.570573 0.608333 0.569531 0.599074 0.569271
0 0.585648 0.547917 0.579630 0.550521 0.577778 0.552604 0.579630 0.555990 0.590741 0.560677 0.595833 0.560937 0.600926 0.559896 0.605556 0.555729 0.605556 0.551302 0.604167 0.548438 0.600926 0.547135 0.592130 0.547135
0 0.566204 0.533854 0.558796 0.534635 0.552778 0.537500 0.550926 0.540365 0.550463 0.545833 0.551389 0.549219 0.555509 0.553437 0.558796 0.555990 0.565278 0.555729 0.568981 0.554688 0.577315 0.549479 0.581481 0.545312 0.580556 0.540365 0.578241 0.537760 0.575000 0.535937
0 0.531019 0.529948 0.525926 0.531510 0.521759 0.534115 0.520833 0.535677 0.520833 0.541667 0.525926 0.546354 0.529167 0.548177 0.535648 0.549219 0.539352 0.549219 0.546296 0.547656 0.549074 0.545833 0.550000 0.536719 0.546296 0.533594 0.541204 0.530990 0.537500 0.530208
0 0.503241 0.530729 0.493056 0.536458 0.493519 0.541146 0.496759 0.543490 0.501852 0.545312 0.511111 0.546615 0.514815 0.545573 0.519907 0.542969 0.519907 0.536458 0.521759 0.532813 0.517593 0.530990
0 0.484769 0.534167 0.476852 0.532552 0.474074 0.532552 0.467130 0.533854 0.456019 0.537240 0.450463 0.540625 0.450463 0.544792 0.452315 0.547656 0.455093 0.548958 0.461574 0.550521 0.468981 0.550000 0.476852 0.547656 0.484259 0.541406 0.485185 0.536719
0 0.419444 0.539062 0.418056 0.540625 0.417593 0.545312 0.420370 0.547396 0.433796 0.550000 0.443056 0.550000 0.450000 0.548958 0.450000 0.544010 0.449074 0.542448 0.445370 0.539062 0.437963 0.535156 0.435185 0.534375 0.426852 0.534375
0 0.406481 0.541406 0.400000 0.540365 0.392593 0.541146 0.389815 0.541927 0.387037 0.544010 0.382870 0.551562 0.382870 0.554688 0.385185 0.557813 0.391667 0.560156 0.399074 0.559375 0.403241 0.558073 0.409722 0.554167 0.414815 0.548958 0.412963 0.544531
0 0.368519 0.540104 0.362037 0.542188 0.358333 0.544271 0.355093 0.548958 0.358333 0.550781 0.370833 0.555469 0.379167 0.555208 0.381019 0.554167 0.383333 0.549219 0.383333 0.544010 0.381019 0.541146 0.379630 0.540625 0.373611 0.539844
0 0.329630 0.548698 0.321759 0.552865 0.320833 0.557031 0.323611 0.561198 0.326852 0.563021 0.332407 0.564583 0.337963 0.567187 0.341667 0.567708 0.349537 0.567187 0.351852 0.565625 0.353704 0.562240 0.353704 0.559375 0.350463 0.552344 0.346759 0.550260 0.340278 0.548438 0.334722 0.548177
0 0.323148 0.561719 0.310185 0.564323 0.308333 0.566667 0.308333 0.572396 0.315741 0.579427 0.321296 0.581250 0.323148 0.581250 0.329630 0.576823 0.334722 0.569010 0.334722 0.566927 0.333333 0.565104
0 0.331481 0.527604 0.331481 0.533333 0.333333 0.536458 0.337963 0.541146 0.343056 0.543750 0.352315 0.543750 0.363426 0.538542 0.364352 0.537240 0.363889 0.533594 0.361574 0.530990 0.359259 0.529948 0.345370 0.526563 0.335648 0.526302
0 0.365741 0.529687 0.363889 0.532292 0.363889 0.533854 0.366667 0.537240 0.368981 0.538542 0.383333 0.540625 0.390278 0.540365 0.394907 0.538542 0.395833 0.537500 0.395833 0.531510 0.394444 0.527865 0.392130 0.525781 0.382870 0.525260 0.371296 0.527344
0 0.586574 0.526823 0.578241 0.530990 0.576852 0.532813 0.577315 0.536719 0.579630 0.538802 0.581944 0.543229 0.585648 0.544792 0.587963 0.544792 0.595370 0.542708 0.600463 0.540104 0.606481 0.533073 0.603704 0.530208 0.600463 0.528385 0.594907 0.527344
0 0.293056 0.537760 0.291204 0.539844 0.291204 0.544792 0.298148 0.550781 0.304630 0.554688 0.307407 0.555469 0.316204 0.555469 0.318519 0.554948 0.327315 0.548958 0.327315 0.544271 0.324074 0.541406 0.316204 0.537760 0.309259 0.535677 0.301852 0.535417
0 0.269444 0.547396 0.260648 0.545312 0.251389 0.547135 0.246296 0.548698 0.239352 0.552604 0.238657 0.557448 0.241667 0.560677 0.245370 0.561198 0.253704 0.561198 0.266667 0.558854 0.271759 0.556771 0.274537 0.552865
0 0.265278 0.527344 0.260648 0.528385 0.256481 0.531250 0.251389 0.536979 0.252315 0.541667 0.256944 0.544271 0.260185 0.545312 0.268056 0.546354 0.273148 0.545573 0.277778 0.543750 0.279630 0.540625 0.280093 0.536198 0.274537 0.528125 0.270370 0.527344
0 0.220370 0.536979 0.218981 0.540885 0.220370 0.544531 0.225463 0.547917 0.231481 0.550000 0.239815 0.550260 0.248611 0.545833 0.250463 0.540625 0.244444 0.536979 0.236574 0.535677 0.226389 0.535677
0 0.183796 0.528906 0.180093 0.531510 0.178241 0.535156 0.178241 0.537500 0.182407 0.540625 0.190741 0.542708 0.197222 0.543490 0.205093 0.542969 0.208333 0.541667 0.210185 0.536719 0.202315 0.530208 0.198148 0.527865 0.189815 0.527344
0 0.226852 0.521094 0.205093 0.521354 0.200000 0.523698 0.198611 0.525260 0.199537 0.528906 0.206019 0.533854 0.211111 0.535677 0.218981 0.535937 0.225926 0.533333 0.230556 0.529167 0.231481 0.526042 0.229630 0.522656
0 0.287500 0.520573 0.278241 0.523958 0.276852 0.525260 0.276389 0.529427 0.280093 0.533594 0.283796 0.535677 0.287037 0.536719 0.295370 0.536719 0.299537 0.535677 0.304630 0.533333 0.307407 0.529427 0.306481 0.525260 0.304630 0.523177 0.299074 0.521094 0.296296 0.520573
0 0.399074 0.518490 0.395370 0.521354 0.393981 0.524740 0.394907 0.529427 0.399074 0.537500 0.401852 0.539323 0.405556 0.540365 0.415278 0.539583 0.421759 0.536979 0.425926 0.533333 0.423611 0.528125 0.419907 0.524219 0.412500 0.520312 0.407407 0.518750
0 0.456019 0.521354 0.445370 0.522396 0.441204 0.524219 0.438889 0.527344 0.437963 0.533594 0.442130 0.537240 0.447685 0.539844 0.455093 0.538021 0.465741 0.532813 0.467130 0.529427 0.466204 0.525000 0.462037 0.522656
0 0.552315 0.513802 0.545833 0.516667 0.543981 0.519271 0.543519 0.522396 0.547222 0.526823 0.553241 0.530469 0.558796 0.532552 0.567130 0.532552 0.574537 0.530469 0.576389 0.529167 0.577315 0.526823 0.576852 0.522656 0.575000 0.520052 0.570833 0.516927 0.564815 0.514323 0.559259 0.513281
0 0.622222 0.554688 0.615741 0.554688 0.610648 0.555729 0.603241 0.560156 0.606481 0.565365 0.614352 0.568490 0.623148 0.566927 0.625926 0.565365 0.628704 0.561979 0.629167 0.560156 0.627778 0.557031
0 0.629167 0.578646 0.620833 0.578385 0.618056 0.579167 0.611111 0.583594 0.608796 0.587240 0.608796 0.592448 0.610185 0.594531 0.614352 0.596354 0.619444 0.596094 0.626852 0.594531 0.631019 0.592969 0.638889 0.588021 0.638426 0.583594
0 0.593519 0.602604 0.591667 0.604688 0.591667 0.611458 0.597685 0.619271 0.599074 0.620313 0.602315 0.621094 0.607870 0.621354 0.611111 0.620573 0.613426 0.619271 0.616667 0.615365 0.616204 0.610938 0.613426 0.607292 0.609259 0.604688 0.602778 0.602083 0.599537 0.601823
0 0.644444 0.599219 0.641667 0.596615 0.637500 0.595052 0.632870 0.594792 0.618519 0.596615 0.612037 0.598698 0.610185 0.600260 0.609259 0.603646 0.612037 0.605208 0.619444 0.607031 0.625926 0.607812 0.637037 0.607812 0.642593 0.606510 0.644907 0.603906
0 0.645370 0.585156 0.640278 0.587500 0.638426 0.589844 0.637963 0.592448 0.640278 0.595052 0.653241 0.602604 0.662963 0.604688 0.668056 0.603646 0.671296 0.600781 0.671759 0.598177 0.670370 0.592969 0.665741 0.586979 0.662037 0.584635 0.657407 0.583333
0 0.622685 0.569792 0.621759 0.572396 0.625926 0.575000 0.632407 0.577865 0.640741 0.579427 0.643519 0.579427 0.650463 0.577604 0.652315 0.576302 0.654167 0.572396 0.653241 0.570052 0.650926 0.568229 0.643519 0.566667 0.630093 0.567187 0.625463 0.568229
0 0.648611 0.537240 0.643981 0.538281 0.642593 0.539323 0.640741 0.545052 0.649537 0.550260 0.656019 0.548438 0.659259 0.546615 0.661111 0.544271 0.661574 0.540625 0.658333 0.538802
0 0.605093 0.537240 0.603704 0.541667 0.606019 0.545052 0.607870 0.546094 0.614352 0.547135 0.629167 0.547135 0.637037 0.545052 0.636111 0.540885 0.628704 0.535156 0.621759 0.533073 0.613426 0.533073 0.608333 0.534635
0 0.690278 0.537760 0.688426 0.540104 0.688889 0.542708 0.694444 0.547135 0.699074 0.548177 0.712037 0.548177 0.713426 0.545312 0.713426 0.540885 0.708333 0.536198 0.705556 0.534635 0.697222 0.534375
0 0.715741 0.542969 0.713889 0.545052 0.713426 0.547396 0.714815 0.552604 0.718519 0.555208 0.725000 0.556771 0.732870 0.556510 0.740278 0.555208 0.744907 0.552865 0.749074 0.548958 0.744907 0.543750 0.740741 0.541927 0.735185 0.540625 0.725000 0.540104 0.720833 0.540885
0 0.752315 0.525521 0.748148 0.526823 0.743981 0.529427 0.742593 0.533333 0.745370 0.540885 0.749074 0.545833 0.752315 0.547656 0.757407 0.548438 0.767593 0.548438 0.773148 0.545312 0.775000 0.541406 0.773148 0.531250 0.771296 0.529427 0.763426 0.525521 0.760648 0.525000
0 0.774537 0.546354 0.772222 0.548438 0.774074 0.552865 0.780556 0.557031 0.793056 0.560417 0.797685 0.560417 0.801852 0.559635 0.805556 0.557031 0.806019 0.554427 0.805093 0.550260 0.803704 0.548177 0.794907 0.543229 0.787500 0.542448 0.777315 0.544792
0 0.830556 0.543490 0.823148 0.541667 0.815278 0.541927 0.808796 0.543750 0.806944 0.544792 0.805556 0.548177 0.806944 0.554427 0.809259 0.555729 0.814815 0.556771 0.825000 0.556510 0.832870 0.554948 0.836111 0.552865 0.836574 0.548438
0 0.795370 0.529167 0.790741 0.532552 0.790278 0.537500 0.792130 0.540365 0.801389 0.542708 0.809722 0.542708 0.814815 0.541146 0.816667 0.540104 0.818056 0.536719 0.812500 0.532031 0.807870 0.529427 0.803241 0.528125
0 0.839352 0.526563 0.830556 0.525260 0.822222 0.525781 0.813426 0.529167 0.813889 0.533073 0.820370 0.539062 0.823611 0.539583 0.834259 0.537760 0.837963 0.535937 0.840741 0.533333 0.842130 0.529427 0.841204 0.527604
0 0.164352 0.500521 0.154630 0.497917 0.148611 0.497656 0.142593 0.498958 0.138426 0.501563 0.135185 0.505729 0.135185 0.511458 0.141204 0.518229 0.150463 0.517708 0.161111 0.514062 0.167130 0.510417 0.167593 0.504948
0 0.176389 0.497396 0.168981 0.499219 0.166667 0.501302 0.169444 0.507812 0.173611 0.511458 0.181481 0.515885 0.183796 0.516667 0.188889 0.516146 0.193981 0.513281 0.195833 0.510938 0.196759 0.508073 0.196296 0.502344 0.190741 0.498698 0.184722 0.496875
0 0.196759 0.504948 0.196296 0.509896 0.203704 0.514062 0.213426 0.514062 0.218981 0.512760 0.224537 0.509635 0.228750 0.507318 0.230694 0.504714 0.213426 0.501302 0.205093 0.501823
0 0.234259 0.509115 0.232870 0.512240 0.232870 0.518229 0.235185 0.521615 0.238889 0.522917 0.245833 0.524479 0.255556 0.524479 0.263426 0.521615 0.268519 0.517969 0.265741 0.514323 0.262037 0.512240 0.253241 0.509115 0.246759 0.508073 0.237500 0.508073
0 0.267130 0.504687 0.264815 0.509635 0.267130 0.514062 0.268981 0.517240 0.274074 0.519010 0.281481 0.519010 0.287963 0.517188 0.293056 0.514323 0.293056 0.509635 0.290741 0.509115 0.283796 0.505208 0.276389 0.503906 0.271759 0.503906
0 0.306019 0.494010 0.298148 0.495573 0.290278 0.499219 0.287500 0.501823 0.286111 0.505990 0.296296 0.511979 0.302315 0.513021 0.309722 0.513281 0.314352 0.511979 0.319444 0.509375 0.320833 0.507292 0.320833 0.502083 0.315741 0.494531
0 0.328704 0.510938 0.323148 0.508854 0.315741 0.510677 0.306019 0.515885 0.305093 0.517188 0.305093 0.521615 0.314352 0.523698 0.324074 0.523698 0.326389 0.522135 0.331019 0.513802
0 0.336574 0.511458 0.333796 0.512240 0.331481 0.513802 0.326389 0.521094 0.326389 0.522656 0.329630 0.525521 0.343981 0.525521 0.347222 0.524479 0.352778 0.521094 0.355556 0.518229 0.355556 0.516927 0.350926 0.512500 0.344444 0.511458
0 0.350926 0.505469 0.350926 0.511458 0.357407 0.517969 0.365278 0.517708 0.374537 0.513802 0.375926 0.509375 0.371759 0.506510 0.358796 0.504687
0 0.340741 0.496354 0.336574 0.495573 0.331019 0.496875 0.326389 0.500260 0.322685 0.501823 0.321296 0.506250 0.323611 0.508594 0.328241 0.509635 0.337500 0.509375 0.344907 0.507552 0.347222 0.506250 0.348148 0.501823 0.343519 0.497656
0 0.357870 0.483594 0.352315 0.482552 0.342130 0.482552 0.334722 0.484115 0.331481 0.485938 0.331481 0.491146 0.333333 0.494271 0.335185 0.495312 0.343981 0.496354 0.353241 0.493229 0.357407 0.488542 0.362037 0.486458
0 0.356481 0.490104 0.355556 0.494531 0.361574 0.499219 0.369907 0.501823 0.377315 0.501302 0.380556 0.499740 0.382870 0.496354 0.383333 0.493490 0.381944 0.491406 0.378241 0.489063 0.363889 0.487500
0 0.374537 0.503385 0.372685 0.505469 0.373148 0.506771 0.375463 0.509115 0.381481 0.511458 0.392593 0.512760 0.399537 0.511198 0.403704 0.508854 0.404630 0.505208 0.402778 0.501563 0.400000 0.500000 0.394907 0.499479 0.386574 0.500000 0.381944 0.500781
0 0.419444 0.509375 0.415278 0.511719 0.413889 0.515885 0.413889 0.520833 0.415741 0.522396 0.420370 0.523698 0.427315 0.522656 0.430556 0.521354 0.435185 0.518229 0.435648 0.516927 0.434259 0.513802 0.431481 0.511979 0.426852 0.510417
0 0.440741 0.500260 0.437963 0.502083 0.437037 0.504948 0.437037 0.512760 0.438889 0.517708 0.446759 0.520573 0.458796 0.519010 0.462037 0.517708 0.464352 0.514062 0.462963 0.510156 0.453241 0.501302 0.448148 0.500000
0 0.475000 0.509375 0.469907 0.510677 0.467130 0.512760 0.465278 0.516667 0.465278 0.521094 0.468519 0.525781 0.472685 0.529427 0.476852 0.530469 0.482870 0.530729 0.489352 0.529167 0.496296 0.525781 0.498611 0.522135 0.498611 0.517448 0.489352 0.511719 0.484259 0.510417
0 0.531481 0.505990 0.521296 0.510938 0.515741 0.516927 0.513426 0.520833 0.514815 0.525260 0.524074 0.528906 0.532407 0.528906 0.536111 0.527865 0.541204 0.524740 0.542593 0.522396 0.543056 0.516406 0.541204 0.512240 0.538426 0.508854
0 0.496296 0.503125 0.492130 0.504687 0.490741 0.510156 0.496296 0.515885 0.499074 0.516927 0.503704 0.517448 0.515278 0.511458 0.516667 0.509896 0.517593 0.505729 0.515741 0.504167 0.506481 0.502865
0 0.494907 0.484635 0.489815 0.485938 0.486574 0.488021 0.485185 0.489844 0.485185 0.495312 0.487963 0.500260 0.491250 0.503177 0.496759 0.503125 0.503704 0.502083 0.508796 0.498698 0.511111 0.495573 0.512963 0.489844 0.507870 0.486458 0.503704 0.485417
0 0.481944 0.492448 0.474074 0.492188 0.465278 0.493229 0.459259 0.494792 0.453704 0.497917 0.454167 0.502083 0.463889 0.508333 0.469444 0.509375 0.475926 0.508073 0.478241 0.506510 0.485185 0.499219 0.484259 0.494010
0 0.517130 0.490365 0.512037 0.492969 0.510648 0.498177 0.519444 0.504167 0.523611 0.505755 0.526852 0.504427 0.529167 0.502604 0.532870 0.493490 0.531481 0.491667 0.529630 0.490885
0 0.552778 0.487500 0.541667 0.490104 0.537963 0.492448 0.533796 0.497396 0.531481 0.501563 0.531944 0.503906 0.533333 0.505729 0.538426 0.507812 0.545370 0.508333 0.554167 0.506510 0.559259 0.504167 0.561111 0.502344 0.562037 0.493750 0.559259 0.490104
0 0.564352 0.495573 0.562037 0.497656 0.562037 0.507292 0.564815 0.510156 0.566667 0.510938 0.571296 0.511719 0.580556 0.511198 0.583796 0.509896 0.587037 0.507292 0.588889 0.501823 0.585185 0.497656 0.580093 0.494271 0.571759 0.493750
0 0.593519 0.510677 0.587963 0.512240 0.581481 0.515885 0.580556 0.516927 0.581019 0.521615 0.582870 0.523438 0.588889 0.526302 0.594444 0.527344 0.601389 0.527604 0.604167 0.526823 0.609259 0.523698 0.611111 0.521875 0.607407 0.513542 0.604630 0.511979
0 0.621759 0.503646 0.614352 0.504167 0.609722 0.507031 0.608333 0.509896 0.608796 0.515625 0.612500 0.521094 0.614352 0.522396 0.620370 0.522917 0.624074 0.522135 0.630093 0.517969 0.632870 0.514323 0.634259 0.509896 0.632407 0.507031 0.630093 0.505729
0 0.612500 0.486198 0.605093 0.485677 0.599537 0.486458 0.596296 0.487500 0.592130 0.490104 0.589815 0.493490 0.589815 0.498437 0.593981 0.502083 0.599537 0.503385 0.608333 0.503385 0.612500 0.502083 0.614352 0.500521 0.618056 0.494531 0.618056 0.490104 0.614815 0.486979
0 0.620833 0.491927 0.618981 0.493490 0.616667 0.497917 0.617593 0.502083 0.619907 0.503385 0.629630 0.505729 0.634722 0.507812 0.642593 0.507292 0.644444 0.505990 0.647222 0.500260 0.646296 0.494010 0.641204 0.491667 0.633333 0.490104 0.627315 0.490104
0 0.592130 0.482292 0.584722 0.479948 0.575926 0.479167 0.567130 0.479427 0.562963 0.480208 0.560648 0.481510 0.556944 0.486719 0.559259 0.488542 0.560185 0.490625 0.564352 0.493229 0.575463 0.493229 0.578704 0.492448 0.588426 0.486719
0 0.550000 0.478906 0.545370 0.476302 0.537963 0.475521 0.533333 0.477083 0.525463 0.482031 0.522685 0.486198 0.524537 0.490104 0.530093 0.490885 0.537963 0.490885 0.548611 0.487500 0.551389 0.485677 0.552315 0.483073
0 0.497222 0.468229 0.493981 0.470313 0.493981 0.475781 0.495370 0.479687 0.497685 0.482552 0.501389 0.484635 0.508333 0.486198 0.510185 0.487240 0.517130 0.485938 0.521296 0.483073 0.521296 0.478125 0.518056 0.472396 0.508796 0.467969 0.502778 0.467448
0 0.455093 0.477865 0.451389 0.481250 0.450000 0.487552 0.455093 0.491667 0.461111 0.493490 0.473611 0.491927 0.475926 0.490104 0.477315 0.485938 0.471759 0.480990 0.464352 0.477865
0 0.432407 0.472656 0.426852 0.473698 0.422685 0.475781 0.420370 0.478385 0.419907 0.483073 0.424074 0.486719 0.434722 0.489583 0.446759 0.486458 0.448611 0.481771 0.447222 0.478125 0.444907 0.475781 0.439352 0.473177
0 0.435185 0.491927 0.427315 0.488802 0.421296 0.489583 0.414352 0.491667 0.411111 0.493229 0.406019 0.497917 0.405093 0.502344 0.406481 0.503906 0.411111 0.505729 0.417130 0.505990 0.424074 0.505208 0.434259 0.502344 0.437963 0.498958 0.437500 0.494271
0 0.407407 0.472135 0.401852 0.472396 0.396296 0.473698 0.388889 0.480469 0.386574 0.486458 0.387963 0.490104 0.391667 0.491667 0.400463 0.491146 0.415278 0.485938 0.417593 0.484375 0.418519 0.482812 0.418056 0.477604 0.415741 0.475521
0 0.384259 0.474740 0.379167 0.473698 0.371759 0.474479 0.360648 0.478646 0.358796 0.482552 0.366204 0.487760 0.369907 0.488542 0.377778 0.488281 0.384259 0.484635 0.387500 0.479427 0.387037 0.476823
0 0.359259 0.470052 0.350463 0.468750 0.344907 0.471354 0.341667 0.474219 0.339815 0.477865 0.340278 0.480208 0.343056 0.482292 0.355093 0.481250 0.363889 0.477344 0.366204 0.474479
0 0.321759 0.467187 0.316667 0.467708 0.314352 0.469010 0.311574 0.473177 0.311111 0.478646 0.314815 0.480729 0.323148 0.481771 0.327315 0.481250 0.332870 0.479167 0.336574 0.474479 0.334259 0.470573 0.331944 0.469271 0.327778 0.467969
0 0.281944 0.470573 0.282407 0.475260 0.283796 0.476823 0.289815 0.479687 0.293981 0.480729 0.302315 0.480469 0.305556 0.478906 0.310185 0.475000 0.307407 0.470313 0.302315 0.467969 0.294444 0.467708 0.288889 0.468229 0.284259 0.469271
0 0.273611 0.475521 0.268056 0.474479 0.260185 0.475521 0.257407 0.482292 0.260185 0.491927 0.267593 0.491667 0.270833 0.490625 0.275926 0.486719 0.282870 0.482812 0.280556 0.478385
0 0.226389 0.469271 0.223148 0.474219 0.223611 0.476823 0.225463 0.478646 0.239352 0.483073 0.249074 0.483333 0.252778 0.483073 0.256019 0.482031 0.260648 0.474740 0.258796 0.471875 0.256481 0.470313 0.246759 0.467448 0.240278 0.467187 0.231944 0.467448
0 0.229630 0.483594 0.226389 0.482812 0.218981 0.483333 0.213889 0.485156 0.206481 0.490104 0.204167 0.493490 0.204167 0.495312 0.205556 0.498437 0.207870 0.499740 0.218519 0.501823 0.226389 0.501563 0.230093 0.499740 0.232407 0.495052 0.232870 0.489323 0.232407 0.486198
0 0.184722 0.477865 0.181019 0.481771 0.181019 0.486458 0.184259 0.490625 0.186574 0.491927 0.190741 0.492969 0.198148 0.492969 0.202778 0.492188 0.210185 0.486719 0.206019 0.480469 0.201389 0.477604 0.198148 0.476562 0.189815 0.476302
0 0.149074 0.467708 0.146296 0.470313 0.145370 0.474740 0.148148 0.478385 0.158333 0.484115 0.162963 0.485938 0.169907 0.485677 0.179167 0.482552 0.182407 0.478906 0.182870 0.474219 0.172222 0.467708 0.169444 0.466667 0.161574 0.465885 0.155093 0.465885
0 0.468981 0.464062 0.465741 0.466406 0.465741 0.470833 0.471759 0.476302 0.481019 0.480469 0.489815 0.481250 0.492130 0.479427 0.492130 0.473438 0.486111 0.465104 0.482870 0.463281 0.475000 0.462240
0 0.418056 0.459115 0.417130 0.464323 0.418519 0.466927 0.427315 0.469792 0.433796 0.470833 0.440741 0.469792 0.446296 0.466927 0.447685 0.464062 0.447222 0.460677 0.446296 0.459375 0.441204 0.457292 0.434722 0.456510 0.426389 0.456510
0 0.411111 0.456771 0.405093 0.454427 0.400000 0.453385 0.393056 0.453906 0.387037 0.456510 0.377778 0.462760 0.377778 0.466667 0.376389 0.471354 0.377778 0.472917 0.384722 0.473958 0.391667 0.473958 0.406944 0.471094 0.415741 0.466406 0.416204 0.462760 0.415278 0.460417
0 0.367593 0.448698 0.362037 0.451562 0.360648 0.455469 0.364815 0.460417 0.367593 0.461979 0.369907 0.462500 0.378704 0.462500 0.390278 0.455208 0.391204 0.451042 0.385648 0.448437 0.372685 0.448177
0 0.343981 0.455990 0.339815 0.458854 0.338889 0.461458 0.339815 0.464844 0.346759 0.467708 0.351389 0.468490 0.359259 0.469010 0.363889 0.467969 0.365741 0.466667 0.367593 0.462500 0.358333 0.453906 0.350463 0.453906
0 0.311111 0.452344 0.308333 0.452344 0.305093 0.454167 0.300926 0.458854 0.300463 0.463802 0.302315 0.466927 0.308796 0.468750 0.316204 0.467708 0.320833 0.465885 0.325926 0.462500 0.328704 0.459635 0.328241 0.457552 0.325000 0.455208 0.318981 0.453385
0 0.270833 0.455990 0.269444 0.458073 0.269444 0.462500 0.270833 0.464583 0.274074 0.465885 0.279167 0.466406 0.288426 0.466146 0.293519 0.464844 0.298148 0.462760 0.299537 0.459896 0.299537 0.458333 0.298148 0.456771 0.288426 0.452604 0.278241 0.452604 0.275000 0.453125
0 0.260185 0.448958 0.250463 0.452344 0.247222 0.454167 0.243519 0.457552 0.243056 0.459635 0.244444 0.461198 0.248148 0.463021 0.257407 0.465104 0.262500 0.465365 0.268519 0.464323 0.269907 0.463021 0.269444 0.458333 0.271296 0.454167 0.269444 0.451042 0.267130 0.449740
0 0.214815 0.450781 0.209259 0.454688 0.209259 0.459635 0.212500 0.463281 0.215278 0.464844 0.225463 0.467708 0.233333 0.467187 0.237963 0.466146 0.241667 0.464062 0.242593 0.462500 0.241204 0.458594 0.235648 0.452865 0.226389 0.450260 0.218056 0.449740
0 0.220833 0.441927 0.205556 0.440365 0.197685 0.440625 0.194444 0.441406 0.191204 0.443229 0.189352 0.446875 0.192130 0.451562 0.197685 0.454688 0.206019 0.455208 0.209259 0.454427 0.214815 0.450781 0.221759 0.447917 0.223148 0.443229
0 0.149537 0.439323 0.148611 0.444531 0.150463 0.447396 0.156019 0.450260 0.161574 0.451302 0.178704 0.450521 0.187963 0.447656 0.190741 0.443750 0.186574 0.439323 0.176852 0.435937 0.170370 0.434896 0.161111 0.434635 0.155093 0.435417
0 0.186111 0.427865 0.185648 0.432292 0.187500 0.434375 0.193519 0.438281 0.202315 0.440104 0.208333 0.440104 0.213426 0.439063 0.215278 0.436979 0.217130 0.432292 0.216204 0.430208 0.213426 0.428385 0.203704 0.426563 0.190278 0.426563
0 0.236111 0.428385 0.232870 0.427344 0.224537 0.427604 0.221759 0.428646 0.216667 0.435417 0.216204 0.439583 0.218519 0.440885 0.223611 0.441667 0.228704 0.441667 0.242130 0.439323 0.243981 0.436458 0.243519 0.434115 0.239352 0.430208
0 0.233333 0.440885 0.231019 0.442708 0.230093 0.448437 0.232407 0.451302 0.238889 0.453125 0.246759 0.453646 0.255093 0.450521 0.257870 0.447135 0.254167 0.443750 0.244444 0.440365 0.237500 0.440104
0 0.259722 0.428646 0.255556 0.429948 0.250926 0.432552 0.249537 0.434635 0.249537 0.440104 0.260648 0.447135 0.266204 0.449479 0.275463 0.449740 0.281944 0.448177 0.283333 0.447396 0.285185 0.443229 0.285185 0.438281 0.284259 0.435417 0.280556 0.431510 0.277315 0.429427 0.267593 0.427604
0 0.245370 0.418229 0.236574 0.420312 0.234722 0.421615 0.233796 0.424479 0.234722 0.427865 0.241667 0.432031 0.246759 0.433594 0.251852 0.432031 0.257870 0.427604 0.260185 0.423177 0.258796 0.420833 0.256944 0.419792
0 0.281481 0.413281 0.270833 0.414583 0.266204 0.416146 0.262500 0.418490 0.261574 0.419792 0.262500 0.423438 0.266667 0.426823 0.273611 0.428385 0.281481 0.428385 0.287500 0.423958 0.289815 0.419792 0.286111 0.415885
0 0.237500 0.409896 0.228241 0.408854 0.224537 0.408854 0.218056 0.409896 0.208333 0.413542 0.204167 0.415885 0.203704 0.420312 0.213426 0.426302 0.216667 0.427344 0.220370 0.427604 0.228241 0.426302 0.241667 0.416406 0.240278 0.412240
0 0.177315 0.414062 0.172685 0.414583 0.170370 0.415625 0.165741 0.421094 0.164352 0.424479 0.165278 0.427083 0.167130 0.428125 0.169907 0.428646 0.180093 0.428385 0.188426 0.426563 0.192593 0.424219 0.190741 0.420052 0.187500 0.417448 0.184259 0.415885
0 0.152315 0.399740 0.150463 0.401042 0.148611 0.404167 0.152315 0.409375 0.157407 0.412240 0.162963 0.413281 0.170370 0.412760 0.174537 0.410156 0.178704 0.404687 0.176389 0.400260 0.172222 0.398958 0.165278 0.397917 0.157870 0.398177
0 0.193056 0.397917 0.189815 0.398958 0.187037 0.401042 0.186111 0.405208 0.188426 0.408333 0.197685 0.412500 0.204630 0.413542 0.212963 0.411719 0.217593 0.408594 0.218519 0.404687 0.217593 0.400260 0.212037 0.397135 0.203704 0.396615
0 0.858333 0.547917 0.850463 0.549219 0.846759 0.550521 0.837963 0.556510 0.838426 0.561198 0.841667 0.563021 0.850000 0.565885 0.856481 0.565365 0.859259 0.564323 0.862037 0.561719 0.864352 0.557552 0.863426 0.551042 0.861574 0.548958
0 0.871296 0.544531 0.869907 0.544792 0.865278 0.548698 0.864815 0.553646 0.866204 0.556771 0.871296 0.560156 0.879167 0.560937 0.886574 0.559115 0.890741 0.556771 0.890278 0.552604 0.879630 0.546875
0 0.843519 0.528125 0.841667 0.532813 0.838426 0.536719 0.839815 0.541146 0.843056 0.542448 0.846759 0.542708 0.856481 0.542448 0.860185 0.541667 0.861574 0.540885 0.863426 0.537760 0.863426 0.536458 0.860185 0.532292 0.855093 0.528906 0.851389 0.527604
0 0.860648 0.522396 0.859259 0.524219 0.858796 0.529427 0.861111 0.532031 0.866204 0.535156 0.870833 0.536198 0.878704 0.536458 0.889352 0.533073 0.891204 0.528906 0.889815 0.525260 0.885648 0.522396 0.875926 0.520833 0.865278 0.521094
0 0.864352 0.497891 0.857407 0.501042 0.852731 0.502526 0.853241 0.505990 0.856806 0.512240 0.871296 0.516927 0.878704 0.516927 0.886111 0.513542 0.886111 0.508594 0.878704 0.500000 0.871759 0.497656
0 0.833333 0.503385 0.830093 0.504948 0.827315 0.509115 0.828241 0.517708 0.835648 0.520312 0.845833 0.520052 0.850926 0.519271 0.852315 0.517708 0.853704 0.509635 0.851389 0.505990 0.843056 0.502865 0.835648 0.502865
0 0.798148 0.504687 0.794907 0.506250 0.792593 0.509896 0.795833 0.516146 0.798148 0.518750 0.800926 0.520312 0.808796 0.522135 0.816204 0.521875 0.821759 0.520312 0.826389 0.517708 0.826389 0.513281 0.824537 0.509635 0.813426 0.504687 0.809259 0.503646 0.801389 0.503906
0 0.767593 0.525000 0.767593 0.525781 0.774074 0.529948 0.778704 0.530990 0.788889 0.531250 0.793056 0.530469 0.796296 0.529167 0.797685 0.526563 0.796759 0.521875 0.794907 0.519792 0.790741 0.518490 0.780093 0.518490 0.777315 0.519010 0.770370 0.521615
0 0.739815 0.519271 0.734722 0.517969 0.729167 0.517708 0.725000 0.517969 0.720370 0.520052 0.718519 0.523698 0.718056 0.529427 0.722685 0.533333 0.724537 0.533854 0.734722 0.533594 0.743519 0.529167 0.747222 0.525260 0.743056 0.520833
0 0.684722 0.515625 0.682407 0.517188 0.681481 0.521615 0.689815 0.531250 0.696759 0.533073 0.705093 0.533333 0.709722 0.532031 0.715278 0.529167 0.717593 0.525521 0.717593 0.521354 0.712963 0.518750 0.698611 0.514844 0.690741 0.514583
0 0.668056 0.518750 0.658796 0.520573 0.656019 0.522135 0.654167 0.526563 0.654630 0.529427 0.659259 0.533854 0.663426 0.535937 0.670370 0.537240 0.677778 0.536198 0.682407 0.533594 0.686111 0.529167 0.683333 0.523698 0.681019 0.521354 0.677778 0.519792
0 0.649537 0.517969 0.641204 0.517708 0.637500 0.518750 0.626389 0.525781 0.625000 0.529167 0.625926 0.531510 0.627778 0.533073 0.635185 0.536198 0.642130 0.537240 0.648611 0.535677 0.654167 0.532552 0.655556 0.529687 0.655556 0.521354
0 0.654630 0.488542 0.650000 0.489583 0.648611 0.490885 0.647685 0.493229 0.648611 0.501563 0.651852 0.505469 0.656019 0.507031 0.663889 0.507031 0.672222 0.504948 0.675463 0.503385 0.676852 0.502083 0.677315 0.497656 0.674537 0.494531 0.668056 0.490885 0.663426 0.489063
0 0.682407 0.498437 0.676852 0.500781 0.675463 0.504427 0.676852 0.510156 0.683333 0.512760 0.691204 0.513542 0.699074 0.510156 0.701389 0.505729 0.698148 0.502865 0.691204 0.498698
0 0.735648 0.505729 0.730093 0.502604 0.725463 0.501042 0.717130 0.501042 0.711111 0.504427 0.707870 0.508333 0.707870 0.514323 0.710185 0.515625 0.712500 0.515885 0.727315 0.513021 0.735648 0.509896
0 0.743519 0.505729 0.740741 0.507812 0.740278 0.510677 0.741667 0.514323 0.744444 0.516667 0.750926 0.518750 0.760648 0.519010 0.766204 0.517969 0.769444 0.516146 0.771759 0.513802 0.771296 0.509375 0.767130 0.505469 0.761111 0.503385 0.752778 0.503385
0 0.730093 0.494010 0.726343 0.497708 0.729028 0.501563 0.734954 0.505234 0.746759 0.504427 0.754630 0.502083 0.761343 0.496510 0.755093 0.494010 0.745370 0.491927 0.738611 0.490339 0.732407 0.492708
0 0.728241 0.486198 0.719444 0.482812 0.712037 0.482292 0.709259 0.482812 0.706481 0.484635 0.701852 0.494010 0.704167 0.498958 0.713426 0.499479 0.721296 0.497135 0.731019 0.490625
0 0.752315 0.479687 0.747685 0.481771 0.746296 0.483594 0.745370 0.486719 0.747685 0.490104 0.760648 0.495833 0.768519 0.495833 0.770833 0.495312 0.773148 0.493490 0.774537 0.490625 0.774074 0.485938 0.767593 0.479427 0.760185 0.478125
0 0.781019 0.485156 0.777778 0.486198 0.774537 0.490625 0.773611 0.493490 0.773611 0.498958 0.775463 0.502344 0.780093 0.503646 0.789352 0.503385 0.797222 0.501563 0.800000 0.500000 0.800926 0.498437 0.800000 0.494010 0.797685 0.490885 0.791204 0.486458
0 0.823148 0.476302 0.816667 0.475521 0.808796 0.476302 0.800926 0.479687 0.797222 0.482031 0.795370 0.485677 0.796759 0.489583 0.799074 0.491146 0.803241 0.492448 0.808796 0.493229 0.816667 0.492708 0.820833 0.491406 0.825463 0.485677 0.826852 0.482552 0.826389 0.478906
0 0.665741 0.484115 0.664352 0.485677 0.664352 0.487240 0.666204 0.490104 0.681481 0.496354 0.691667 0.497396 0.699074 0.495052 0.701852 0.492969 0.703241 0.490365 0.702315 0.486198 0.700463 0.484896 0.693981 0.483073 0.684259 0.481510 0.671296 0.482031
0 0.828704 0.484115 0.825463 0.485677 0.821759 0.490104 0.820370 0.494531 0.822222 0.499740 0.824074 0.501042 0.829167 0.502604 0.838426 0.502344 0.844444 0.499740 0.848148 0.493750 0.844907 0.488802 0.836574 0.484115
0 0.867593 0.483594 0.864815 0.483073 0.857407 0.483333 0.854167 0.484896 0.847685 0.486198 0.846296 0.490625 0.848148 0.494010 0.850463 0.495573 0.858333 0.497396 0.866204 0.495573 0.872222 0.492969 0.874074 0.490625 0.873148 0.487240 0.871759 0.485417
0 0.843056 0.471094 0.837963 0.472396 0.833333 0.474740 0.832407 0.478646 0.834259 0.480729 0.840741 0.484635 0.842593 0.485156 0.850926 0.485156 0.858333 0.482552 0.860185 0.480990 0.860648 0.477083 0.859722 0.473177 0.858333 0.471615 0.856019 0.471094
0 0.862037 0.471354 0.860648 0.473698 0.861111 0.478646 0.863426 0.480990 0.870833 0.482552 0.879167 0.482292 0.885185 0.480729 0.887963 0.478646 0.886574 0.473438 0.884722 0.470833 0.877778 0.470573 0.871296 0.471615 0.864352 0.470313
0 0.745370 0.472135 0.739815 0.470313 0.724537 0.471354 0.720833 0.472135 0.717593 0.474479 0.716667 0.477344 0.717593 0.481250 0.719444 0.482552 0.731481 0.485417 0.740278 0.484896 0.743981 0.484115 0.745833 0.483073 0.749537 0.478646
0 0.680556 0.473958 0.682407 0.480208 0.685648 0.481510 0.696759 0.483594 0.704167 0.483333 0.713426 0.480208 0.715278 0.478646 0.716204 0.474479 0.714815 0.472917 0.711111 0.470833 0.702778 0.469010 0.688889 0.468750 0.682407 0.471615
0 0.667593 0.476042 0.663426 0.473958 0.659722 0.473698 0.649074 0.473958 0.639352 0.475000 0.636574 0.476042 0.634722 0.478385 0.636111 0.483854 0.639352 0.486198 0.643056 0.487240 0.650926 0.487500 0.659722 0.486198 0.663426 0.484896 0.667130 0.482292 0.668519 0.479687
0 0.609722 0.469010 0.608333 0.470573 0.608796 0.475000 0.612037 0.476823 0.625463 0.478646 0.630556 0.478385 0.633796 0.476823 0.635185 0.475260 0.635185 0.470052 0.631944 0.467448 0.620833 0.465104 0.614352 0.466667
0 0.587037 0.463281 0.581481 0.461979 0.573611 0.462240 0.565741 0.463542 0.558796 0.465885 0.556019 0.467708 0.554630 0.469792 0.554630 0.472135 0.556481 0.475260 0.562500 0.478906 0.564815 0.479427 0.570833 0.478906 0.583796 0.479167 0.587500 0.478385 0.592130 0.474740 0.592593 0.469531 0.591204 0.466667
0 0.531019 0.457552 0.523611 0.463281 0.522222 0.466146 0.522685 0.470052 0.525000 0.471615 0.530093 0.473177 0.539352 0.474219 0.542130 0.473698 0.545833 0.470573 0.546759 0.467969 0.545833 0.462760 0.543519 0.460156 0.538426 0.457292
0 0.519907 0.449740 0.517130 0.449479 0.506944 0.450781 0.502315 0.453385 0.502315 0.456510 0.507870 0.464062 0.510185 0.465365 0.518519 0.465625 0.520370 0.465104 0.529630 0.459115 0.530093 0.454427 0.528704 0.452865
0 0.497222 0.429688 0.495370 0.431510 0.494444 0.434635 0.494907 0.439323 0.497685 0.443490 0.502778 0.448437 0.507407 0.450000 0.512500 0.450000 0.520833 0.448698 0.529167 0.443490 0.528241 0.439323 0.523611 0.434375 0.514352 0.430469 0.506944 0.428906 0.501852 0.428646
0 0.549074 0.438802 0.546296 0.438021 0.538426 0.438802 0.534722 0.440104 0.531019 0.442708 0.527778 0.447396 0.529630 0.451302 0.533333 0.453125 0.536574 0.453646 0.545833 0.453646 0.550463 0.451823 0.552315 0.447656 0.552778 0.442708
0 0.579167 0.445573 0.572685 0.445052 0.568056 0.446094 0.560185 0.451042 0.559259 0.455729 0.563426 0.461198 0.565741 0.462500 0.574074 0.461979 0.582407 0.459896 0.590741 0.455208 0.588426 0.451042 0.584259 0.447917
0 0.618981 0.455208 0.614352 0.453646 0.607407 0.453125 0.597685 0.454427 0.591204 0.456250 0.587500 0.458854 0.587500 0.463542 0.593519 0.469531 0.598148 0.470052 0.606944 0.469792 0.618056 0.464844 0.619907 0.461719 0.623148 0.459115
0 0.637963 0.454948 0.635648 0.456510 0.633796 0.459635 0.636574 0.465104 0.643981 0.472135 0.647685 0.473438 0.656481 0.473177 0.660185 0.472396 0.666667 0.468750 0.668056 0.467187 0.666667 0.462500 0.664815 0.460156 0.660185 0.457552 0.649537 0.453646 0.642130 0.453646
0 0.627315 0.439583 0.621296 0.440365 0.615278 0.442448 0.613426 0.443750 0.612963 0.447396 0.618981 0.454167 0.622222 0.455990 0.627315 0.457292 0.629630 0.457292 0.633796 0.456250 0.639352 0.453125 0.641204 0.447135 0.639815 0.444271 0.635185 0.440365
0 0.684722 0.451823 0.670370 0.451823 0.666204 0.453646 0.665278 0.454948 0.665741 0.458854 0.669444 0.466927 0.676852 0.471094 0.685648 0.468490 0.690278 0.464062 0.693519 0.459375 0.693519 0.454948 0.689352 0.452865
0 0.699537 0.454948 0.695833 0.456771 0.694444 0.458594 0.695833 0.463281 0.704167 0.468750 0.710185 0.469531 0.713426 0.469271 0.717130 0.467187 0.718981 0.463542 0.717593 0.458333 0.712037 0.454948 0.707407 0.454427
0 0.732870 0.450781 0.729167 0.451823 0.721759 0.456510 0.719907 0.458854 0.720833 0.463281 0.724074 0.465625 0.731019 0.467448 0.740278 0.467708 0.743981 0.466146 0.750926 0.459115 0.750000 0.455469 0.747685 0.452344 0.743519 0.450781
0 0.779167 0.457552 0.774537 0.455208 0.766667 0.454427 0.756481 0.457031 0.747685 0.463021 0.745833 0.466667 0.747222 0.471094 0.753241 0.473177 0.761111 0.473177 0.770833 0.471354 0.780556 0.468229 0.783333 0.466927 0.784259 0.462500
0 0.779167 0.444010 0.773611 0.447135 0.773611 0.451302 0.776852 0.454948 0.781481 0.457552 0.783333 0.459896 0.786111 0.461458 0.788426 0.461979 0.796759 0.461979 0.799074 0.461458 0.801852 0.459375 0.804167 0.455729 0.804167 0.453906 0.802778 0.451042 0.795833 0.444271 0.789352 0.442969
0 0.829630 0.458073 0.827778 0.463542 0.829167 0.467187 0.831944 0.468750 0.836574 0.470052 0.844444 0.469531 0.850000 0.468490 0.855093 0.466667 0.856019 0.464323 0.855093 0.461458 0.853241 0.460156 0.844444 0.457031 0.834722 0.456250 0.831944 0.456771
0 0.827778 0.444792 0.825463 0.446094 0.821759 0.451042 0.825000 0.454427 0.829630 0.456250 0.835648 0.456771 0.843981 0.456510 0.849537 0.451562 0.849537 0.447917 0.848611 0.446615 0.843981 0.444010 0.836111 0.443750
0 0.799074 0.438542 0.797685 0.440104 0.797222 0.444271 0.802778 0.451302 0.804630 0.452344 0.808333 0.453125 0.818519 0.451562 0.823611 0.447396 0.823611 0.443229 0.819444 0.439323 0.816204 0.438021 0.811574 0.437500 0.801389 0.437760
0 0.752778 0.440104 0.749074 0.443229 0.749537 0.448437 0.750926 0.450521 0.753241 0.451562 0.759259 0.452604 0.768981 0.451562 0.770833 0.449479 0.771296 0.446354 0.768519 0.441146 0.765741 0.439583 0.761111 0.438542
0 0.762500 0.425781 0.759722 0.429167 0.758796 0.432031 0.760185 0.435937 0.764815 0.438802 0.772685 0.440104 0.780556 0.439844 0.789815 0.437760 0.792593 0.436198 0.793981 0.431250 0.792130 0.429427 0.786111 0.426042 0.774537 0.423958 0.767130 0.424219
0 0.794907 0.410938 0.790278 0.414323 0.787037 0.419531 0.789815 0.425260 0.793519 0.426823 0.803241 0.426823 0.812500 0.424740 0.813889 0.423958 0.813889 0.419792 0.811111 0.416406 0.802315 0.411719
0 0.836111 0.414323 0.829167 0.411458 0.822222 0.410938 0.818981 0.411979 0.814815 0.415104 0.810648 0.415885 0.813889 0.420312 0.816204 0.421615 0.823611 0.422135 0.830556 0.420312 0.836574 0.417187 0.837500 0.415625
0 0.843056 0.403125 0.831944 0.407813 0.831944 0.412240 0.835185 0.413542 0.839352 0.417448 0.850463 0.421354 0.857870 0.421354 0.859722 0.420312 0.862963 0.416146 0.862963 0.410677 0.852778 0.403125
0 0.864352 0.396354 0.858796 0.399479 0.856481 0.404427 0.862963 0.410156 0.866667 0.412240 0.871296 0.413021 0.878241 0.412240 0.882407 0.408594 0.882407 0.404167 0.878241 0.397396 0.874537 0.396094
0 0.864352 0.376042 0.860185 0.377865 0.858333 0.380469 0.857407 0.392708 0.861111 0.395313 0.863889 0.396094 0.878704 0.395573 0.882870 0.393229 0.884259 0.390365 0.883796 0.385156 0.880556 0.380208 0.876389 0.378125
0 0.854630 0.381510 0.843981 0.379948 0.838426 0.380208 0.831481 0.381510 0.823148 0.384635 0.821296 0.388802 0.826389 0.392188 0.833333 0.394792 0.839815 0.395573 0.846296 0.395573 0.853241 0.394792 0.856944 0.392969 0.857870 0.390625 0.857870 0.384635 0.856944 0.382812
0 0.794907 0.397135 0.792593 0.400000 0.792593 0.404948 0.794444 0.407031 0.800926 0.409896 0.808796 0.410417 0.823611 0.410156 0.827778 0.408854 0.832407 0.404687 0.827778 0.398698 0.817130 0.394531 0.810648 0.393490 0.804630 0.393750 0.799074 0.395052
0 0.789352 0.407552 0.786111 0.404427 0.781944 0.402865 0.773148 0.402344 0.765741 0.403385 0.756481 0.405469 0.750000 0.408073 0.748148 0.410938 0.748148 0.413542 0.750463 0.416146 0.759722 0.419271 0.772685 0.419792 0.779630 0.419010 0.785648 0.417708 0.788426 0.416146 0.790278 0.413021
0 0.762037 0.419792 0.757407 0.419010 0.753241 0.417187 0.747222 0.416146 0.734722 0.416406 0.728241 0.417187 0.723148 0.419792 0.722222 0.422396 0.723148 0.427865 0.726852 0.431250 0.730556 0.432552 0.739815 0.432812 0.743056 0.432292 0.755556 0.428385 0.762500 0.423958
0 0.695833 0.429427 0.691667 0.430469 0.689352 0.432552 0.687500 0.435417 0.687500 0.439844 0.690741 0.442969 0.699074 0.443490 0.704630 0.442188 0.709259 0.439583 0.710648 0.434635 0.708333 0.431250 0.706481 0.430469
0 0.659722 0.427083 0.655880 0.428724 0.656944 0.434115 0.659722 0.435937 0.669907 0.439063 0.677778 0.439063 0.685000 0.437083 0.685648 0.431510 0.679167 0.427865 0.673194 0.426536 0.666157 0.426719
0 0.649907 0.433724 0.642083 0.434818 0.636713 0.436432 0.636574 0.440365 0.640741 0.445312 0.642130 0.448958 0.643981 0.450260 0.649537 0.451302 0.653704 0.448177 0.657870 0.440104 0.656944 0.435677
0 0.656065 0.427760 0.656481 0.427344 0.649074 0.424740 0.642593 0.421354 0.637037 0.422396 0.626852 0.422656 0.620370 0.424479 0.617593 0.426302 0.616204 0.428906 0.616204 0.432292 0.618056 0.434896 0.621296 0.436979 0.630278 0.438177 0.635648 0.436563 0.641944 0.434635 0.647222 0.433490 0.650602 0.431536 0.654444 0.428646
0 0.641204 0.415365 0.641667 0.420052 0.643056 0.421354 0.648611 0.423958 0.655093 0.425260 0.663426 0.425000 0.667593 0.423958 0.670833 0.422135 0.672685 0.420052 0.669444 0.414583 0.663889 0.411458 0.660648 0.410677 0.648611 0.410677
0 0.686574 0.419531 0.688426 0.425000 0.695370 0.428646 0.706944 0.429948 0.712037 0.429688 0.717130 0.427865 0.718056 0.423177 0.716667 0.421354 0.711574 0.417708 0.704167 0.414844 0.698611 0.414062 0.696296 0.414323 0.690741 0.416406
0 0.858333 0.354427 0.850463 0.353906 0.846296 0.355208 0.843519 0.357292 0.844444 0.365365 0.850463 0.367448 0.859259 0.365365 0.864815 0.362240 0.864815 0.357292 0.862963 0.355990
0 0.822222 0.365625 0.819444 0.369792 0.820833 0.373177 0.822685 0.375000 0.830093 0.377604 0.837963 0.378646 0.847222 0.378646 0.852315 0.377083 0.852315 0.372656 0.849537 0.367188 0.843519 0.363021 0.839352 0.361979 0.828194 0.360885
0 0.789815 0.380208 0.789815 0.384115 0.793056 0.386198 0.798611 0.386979 0.809722 0.386719 0.816204 0.385677 0.818056 0.384635 0.819444 0.382031 0.819444 0.378125 0.818519 0.376302 0.815278 0.374479 0.809722 0.373177 0.801852 0.373177 0.795370 0.376042
0 0.741667 0.388281 0.740278 0.392969 0.742130 0.396354 0.745370 0.398438 0.750000 0.399740 0.753704 0.400260 0.760185 0.402344 0.767593 0.402344 0.772222 0.401042 0.777315 0.397396 0.778241 0.391927 0.771296 0.388021 0.760648 0.386198 0.752315 0.385677 0.745833 0.386458
0 0.731944 0.367708 0.727778 0.369010 0.720833 0.374740 0.719444 0.377604 0.721296 0.382292 0.724074 0.384375 0.739815 0.386979 0.749537 0.385677 0.755093 0.383854 0.757407 0.381250 0.757407 0.376563 0.754630 0.373698 0.748611 0.369792 0.740278 0.367188
0 0.756481 0.370312 0.756481 0.373437 0.760185 0.377344 0.765278 0.378906 0.769907 0.378906 0.776389 0.378125 0.785648 0.375260 0.789352 0.373177 0.791204 0.369010 0.788889 0.366406 0.783796 0.364844 0.765278 0.364583 0.760185 0.365885
0 0.809259 0.350000 0.803241 0.348698 0.794907 0.348698 0.789815 0.350000 0.787963 0.351042 0.783796 0.356771 0.784722 0.360417 0.787963 0.363802 0.795833 0.364063 0.804630 0.362760 0.811111 0.360938 0.814815 0.357812 0.814815 0.353125
0 0.745833 0.353906 0.739352 0.355469 0.734722 0.357552 0.734722 0.361979 0.738426 0.366406 0.753704 0.370833 0.760185 0.364844 0.761111 0.360417 0.759722 0.356771 0.754167 0.353646
0 0.705093 0.363281 0.702778 0.364844 0.700463 0.368490 0.700463 0.370312 0.702315 0.373177 0.707870 0.375781 0.710648 0.376302 0.718981 0.376302 0.725926 0.369531 0.725463 0.364323 0.719907 0.362500 0.712500 0.361979
0 0.686111 0.385417 0.688889 0.389583 0.696759 0.391667 0.706019 0.391406 0.708935 0.390104 0.714583 0.387995 0.724537 0.384896 0.718519 0.379167 0.700926 0.377083 0.695833 0.377083 0.690741 0.377865 0.687500 0.380208
0 0.676389 0.392188 0.676389 0.397396 0.679167 0.400781 0.687963 0.405469 0.690741 0.406250 0.696296 0.406771 0.700000 0.406250 0.709722 0.400521 0.708796 0.396354 0.705093 0.393750 0.700926 0.392448 0.691667 0.390625 0.683796 0.390625
0 0.695833 0.408073 0.691667 0.406771 0.684722 0.406250 0.673611 0.407031 0.668981 0.408594 0.665741 0.412240 0.673611 0.418229 0.676852 0.419010 0.684259 0.419531 0.687963 0.418490 0.694444 0.413802
0 0.704630 0.403906 0.700000 0.408073 0.700926 0.411979 0.703241 0.414583 0.711574 0.417187 0.715278 0.417448 0.722685 0.416927 0.728241 0.414844 0.729630 0.412500 0.729167 0.410417 0.726852 0.406510 0.724074 0.404948 0.712037 0.401562
0 0.675926 0.396354 0.674537 0.394010 0.671759 0.392188 0.662500 0.391667 0.655093 0.392969 0.647685 0.395313 0.639306 0.397969 0.643611 0.401849 0.651852 0.403906 0.662500 0.405208 0.667593 0.404948 0.672685 0.403646 0.676389 0.400781
0 0.637963 0.399297 0.634722 0.399740 0.625926 0.402344 0.618519 0.408073 0.619907 0.412760 0.627315 0.416406 0.638889 0.416146 0.641806 0.414661 0.645833 0.412240 0.645833 0.407031 0.644444 0.403646 0.642130 0.401302
0 0.611111 0.383333 0.609259 0.384635 0.607870 0.387760 0.608333 0.389844 0.611111 0.392188 0.621296 0.395573 0.629167 0.395833 0.633935 0.395859 0.635185 0.391667 0.632870 0.383854 0.631019 0.382292 0.625926 0.381250 0.620370 0.380990
0 0.660185 0.381250 0.653704 0.379948 0.642130 0.379948 0.637500 0.380990 0.635185 0.382292 0.634259 0.383854 0.635185 0.391146 0.636574 0.393229 0.639352 0.394792 0.643981 0.395313 0.649537 0.394531 0.653241 0.393229 0.661574 0.391667 0.666667 0.389583 0.668380 0.387318 0.665741 0.384896
0 0.662963 0.372917 0.660185 0.376563 0.660648 0.380990 0.665741 0.385156 0.669444 0.386719 0.678241 0.386198 0.682870 0.385156 0.686111 0.380990 0.688750 0.377630 0.681944 0.373698 0.677778 0.372656 0.669444 0.372396
0 0.628704 0.366667 0.620833 0.367188 0.612037 0.372656 0.613889 0.378125 0.616204 0.379688 0.620370 0.380990 0.630556 0.380990 0.633796 0.379688 0.635185 0.378125 0.635648 0.372656 0.633333 0.369271
0 0.579630 0.403125 0.575463 0.408333 0.575000 0.410938 0.575463 0.413021 0.579630 0.416146 0.585880 0.417083 0.593519 0.416250 0.604167 0.414062 0.605556 0.412240 0.605093 0.410677 0.597685 0.404427 0.587500 0.402344
0 0.607870 0.413802 0.596620 0.415625 0.592130 0.419271 0.592315 0.423333 0.600463 0.431510 0.606944 0.432552 0.614815 0.430469 0.616204 0.426823 0.619907 0.423958 0.619907 0.419271 0.618519 0.417448 0.616204 0.415885
0 0.718056 0.387109 0.710648 0.389583 0.708796 0.391406 0.708333 0.393490 0.710185 0.397396 0.712963 0.400260 0.716204 0.402083 0.725000 0.405469 0.733333 0.405729 0.738426 0.403385 0.741667 0.400521 0.742130 0.396354 0.740278 0.394531 0.737500 0.388542 0.733796 0.386719 0.725602 0.384896
0 0.603472 0.375234 0.601389 0.375208 0.598333 0.380208 0.607315 0.385573 0.612037 0.382552 0.611157 0.381146 0.609537 0.379766 0.606435 0.376771
0 0.668056 0.357292 0.663426 0.356771 0.657407 0.353906 0.652778 0.353125 0.635185 0.353906 0.629167 0.357031 0.628241 0.362760 0.629630 0.365625 0.631481 0.367188 0.635648 0.368490 0.643056 0.369010 0.651389 0.368229 0.660648 0.365625 0.668056 0.361719
0 0.691667 0.352604 0.683333 0.352344 0.680093 0.353385 0.673148 0.357292 0.671759 0.359375 0.671296 0.365885 0.672685 0.368229 0.675463 0.370573 0.681481 0.372396 0.691204 0.372135 0.696296 0.371094 0.699074 0.369531 0.701852 0.365625 0.702778 0.361719 0.701852 0.357292 0.695833 0.353646
0 0.697222 0.349219 0.696759 0.353646 0.700463 0.356510 0.705556 0.358333 0.714352 0.358073 0.723148 0.355729 0.725926 0.354427 0.725926 0.350521 0.724537 0.348177 0.722685 0.347135 0.712500 0.344271 0.704630 0.344010 0.700926 0.345833
0 0.668981 0.340885 0.660648 0.342448 0.658333 0.344010 0.656944 0.351302 0.657870 0.353646 0.662037 0.355469 0.670833 0.357031 0.685648 0.351302 0.687037 0.348438 0.687037 0.345313 0.681019 0.342448
0 0.614815 0.354167 0.606944 0.354427 0.602778 0.355208 0.596296 0.357292 0.595370 0.358854 0.594907 0.362240 0.595833 0.364844 0.601852 0.369531 0.606944 0.372135 0.614815 0.371615 0.616204 0.370052 0.625463 0.364583 0.625926 0.360938 0.625000 0.359375 0.618519 0.355208
0 0.599537 0.369010 0.593519 0.365104 0.586574 0.364844 0.579630 0.365885 0.575000 0.367969 0.568519 0.372917 0.568519 0.377083 0.581019 0.379427 0.588889 0.379688 0.594907 0.379167 0.600000 0.377083 0.600926 0.372396
0 0.530556 0.377083 0.526389 0.379167 0.525463 0.381510 0.527315 0.386979 0.531944 0.391406 0.537963 0.394271 0.544907 0.395052 0.552315 0.393490 0.556019 0.391406 0.558333 0.388802 0.558333 0.384635 0.555093 0.381771 0.549537 0.378125 0.545833 0.377083 0.538889 0.376042
0 0.541667 0.397396 0.539815 0.399740 0.540741 0.404427 0.546759 0.407552 0.552778 0.409635 0.562500 0.410938 0.572685 0.410417 0.578704 0.404427 0.578241 0.400260 0.571759 0.397135 0.559722 0.395052 0.551389 0.394531 0.543981 0.396094
0 0.534259 0.404687 0.531481 0.405990 0.527315 0.411719 0.528241 0.416146 0.531481 0.420573 0.535185 0.421875 0.543056 0.421875 0.551852 0.420312 0.555556 0.416927 0.554630 0.411979 0.543056 0.405208 0.538426 0.404167
0 0.499537 0.419531 0.500926 0.423698 0.510185 0.427344 0.518056 0.427865 0.524537 0.426563 0.531481 0.426042 0.532870 0.423958 0.530556 0.419531 0.525926 0.414844 0.523611 0.413542 0.517593 0.412240 0.510185 0.412500 0.503704 0.415885
0 0.531019 0.392188 0.524074 0.391146 0.515741 0.392969 0.509722 0.395573 0.504167 0.399740 0.500926 0.403906 0.502778 0.408073 0.510185 0.411458 0.516667 0.412240 0.523148 0.411458 0.526852 0.410417 0.530093 0.408333 0.531019 0.406250 0.533333 0.404427 0.534259 0.401562 0.534259 0.396354
0 0.474074 0.408073 0.480093 0.414062 0.486111 0.416146 0.490278 0.418490 0.494907 0.419531 0.500000 0.418750 0.508333 0.412240 0.505556 0.409896 0.500463 0.407292 0.491204 0.405469 0.483796 0.405729 0.475463 0.407292
0 0.472222 0.416927 0.468981 0.419271 0.469907 0.423958 0.475463 0.427083 0.478704 0.428125 0.489815 0.429427 0.495741 0.428490 0.493981 0.419792 0.482870 0.414844
0 0.496759 0.386979 0.488889 0.386719 0.481481 0.390104 0.478241 0.396094 0.478241 0.400521 0.482407 0.403125 0.490741 0.403385 0.497685 0.402083 0.502778 0.400000 0.506944 0.396615 0.506944 0.392448 0.501852 0.388802
0 0.494444 0.381771 0.493056 0.383854 0.493981 0.385937 0.510185 0.392448 0.517593 0.392188 0.523148 0.388802 0.525000 0.384896 0.524537 0.383073 0.522685 0.381250 0.518981 0.380208 0.509259 0.379167 0.499074 0.380208
0 0.461574 0.384375 0.454630 0.385937 0.452778 0.386979 0.450926 0.391146 0.451389 0.395573 0.455556 0.400521 0.459259 0.402865 0.461574 0.403646 0.468981 0.403646 0.475926 0.398958 0.478704 0.391406 0.476852 0.388281 0.469444 0.384635
0 0.433796 0.404427 0.431944 0.407813 0.432407 0.412240 0.436574 0.415104 0.442593 0.416927 0.452315 0.416927 0.462963 0.414583 0.467130 0.412500 0.470370 0.408594 0.469907 0.407552 0.465741 0.404948 0.454167 0.402344 0.439815 0.401823 0.436111 0.402865
0 0.471759 0.364063 0.468981 0.362760 0.454630 0.363021 0.446759 0.364063 0.439815 0.368490 0.440278 0.373177 0.448148 0.378125 0.457407 0.378646 0.461574 0.377865 0.467130 0.373177 0.474537 0.369271 0.473611 0.366146
0 0.482870 0.371354 0.475000 0.370573 0.468981 0.372135 0.463426 0.376563 0.463426 0.379948 0.464815 0.383333 0.468519 0.384635 0.476389 0.384635 0.487963 0.382031 0.489815 0.380990 0.490278 0.376302 0.488889 0.373958
0 0.515741 0.359635 0.511111 0.357552 0.496759 0.355208 0.482407 0.356510 0.478241 0.358854 0.476389 0.361198 0.476389 0.366667 0.477315 0.368490 0.481481 0.371094 0.488426 0.372656 0.496759 0.372135 0.503704 0.370052 0.507870 0.369531 0.510648 0.367969 0.515741 0.363281 0.516667 0.361719
0 0.531944 0.363281 0.526389 0.361979 0.522222 0.361979 0.516667 0.363542 0.511111 0.368750 0.510648 0.374479 0.512037 0.376042 0.515741 0.376823 0.524537 0.376823 0.530556 0.375781 0.536111 0.373698 0.537963 0.368750 0.534259 0.364583
0 0.550926 0.354687 0.544444 0.355729 0.541667 0.356771 0.539352 0.360417 0.539352 0.364323 0.541204 0.370312 0.543519 0.373698 0.546759 0.375781 0.552315 0.377344 0.560648 0.374740 0.563889 0.372656 0.568519 0.365625 0.568056 0.360938 0.563889 0.356771 0.560185 0.355729
0 0.529630 0.345833 0.524537 0.347396 0.518056 0.351042 0.517130 0.352344 0.517130 0.357552 0.518056 0.359635 0.520370 0.361198 0.531481 0.362240 0.538426 0.359896 0.540741 0.357292 0.541667 0.353385 0.537963 0.347656 0.534259 0.346094
0 0.472222 0.349219 0.462500 0.348958 0.457407 0.350521 0.455556 0.353385 0.454630 0.358594 0.455093 0.360156 0.457870 0.362240 0.463426 0.362760 0.468056 0.361979 0.477778 0.357552 0.479630 0.353385
0 0.489815 0.340104 0.481944 0.342448 0.477315 0.344792 0.474074 0.349479 0.482407 0.354948 0.487963 0.355729 0.494444 0.355208 0.498148 0.354167 0.501389 0.351042 0.502315 0.345313 0.500926 0.343229 0.498611 0.341927
0 0.598611 0.344271 0.597222 0.350000 0.600463 0.353906 0.620370 0.353906 0.622685 0.353385 0.625463 0.351562 0.626389 0.349479 0.623148 0.344792 0.618519 0.342187 0.613889 0.341406 0.606944 0.341406 0.600926 0.342969
0 0.440741 0.447135 0.438889 0.450260 0.440278 0.455208 0.449537 0.461719 0.453241 0.462760 0.462037 0.462500 0.466667 0.461198 0.470370 0.458854 0.471759 0.455990 0.471296 0.451562 0.466667 0.448177 0.455556 0.445573 0.447685 0.445312
0 0.482870 0.434896 0.475463 0.434896 0.466065 0.439505 0.462454 0.443724 0.466667 0.445573 0.475000 0.448958 0.487500 0.446354 0.491204 0.443490 0.490278 0.438802 0.486574 0.436198
0 0.479167 0.448698 0.473148 0.452865 0.472685 0.457552 0.473611 0.459115 0.478241 0.461458 0.489352 0.465104 0.496296 0.465625 0.502315 0.466927 0.505556 0.466667 0.507407 0.465365 0.502315 0.457865 0.500000 0.452969 0.496759 0.450521 0.489815 0.447396 0.482407 0.447656
0 0.412500 0.440625 0.402778 0.444271 0.401389 0.446615 0.402315 0.450781 0.404167 0.453125 0.410648 0.455469 0.412963 0.457031 0.420833 0.457292 0.425463 0.455469 0.428241 0.453125 0.429167 0.451302 0.428704 0.446875 0.425926 0.443229 0.420370 0.440625
0 0.423611 0.428385 0.420833 0.430208 0.418056 0.434635 0.419444 0.439583 0.426389 0.442969 0.433333 0.444531 0.442593 0.444531 0.448148 0.443229 0.451852 0.440625 0.452315 0.439063 0.446296 0.431510 0.442593 0.429167 0.435185 0.427083 0.426389 0.427604
0 0.385648 0.431510 0.384722 0.435937 0.389815 0.440625 0.398611 0.443229 0.406481 0.442708 0.412963 0.440104 0.417130 0.439583 0.416667 0.430729 0.413889 0.428385 0.406481 0.428646 0.403241 0.427083 0.397685 0.426823 0.390278 0.428385
0 0.371759 0.431250 0.362500 0.431771 0.359722 0.432552 0.356019 0.435417 0.356481 0.439583 0.361111 0.443490 0.364352 0.447917 0.372222 0.447917 0.373611 0.447396 0.380093 0.439844 0.380093 0.435417 0.376389 0.432552
0 0.357407 0.439844 0.353704 0.438021 0.349074 0.437760 0.343519 0.438542 0.333796 0.441667 0.331019 0.443229 0.329167 0.446875 0.330556 0.451302 0.337963 0.452865 0.346759 0.452865 0.352315 0.452083 0.358796 0.450000 0.362037 0.447656 0.361111 0.443490
0 0.328704 0.435417 0.316667 0.430990 0.309259 0.430990 0.304630 0.432031 0.293981 0.440625 0.292593 0.445052 0.292593 0.447917 0.293519 0.448958 0.296759 0.450000 0.309259 0.451042 0.315278 0.449740 0.325463 0.446354 0.327778 0.445052 0.329167 0.442708 0.329630 0.438021
0 0.302315 0.420312 0.294907 0.419531 0.289815 0.421354 0.286111 0.427083 0.286111 0.432031 0.287963 0.433854 0.296296 0.434375 0.303704 0.431771 0.309722 0.430729 0.311574 0.429688 0.312500 0.427344 0.311111 0.425260
0 0.331481 0.409375 0.325000 0.410417 0.320833 0.412500 0.319444 0.414062 0.318056 0.419792 0.318519 0.423958 0.319907 0.425781 0.322685 0.427344 0.331019 0.427865 0.336574 0.426563 0.341204 0.423958 0.342593 0.419792 0.339815 0.413542 0.335648 0.410156
0 0.349074 0.421094 0.343981 0.422917 0.341204 0.428125 0.343519 0.433333 0.348148 0.435156 0.351852 0.435417 0.355093 0.434635 0.362500 0.430469 0.364352 0.427604 0.362963 0.424479 0.360648 0.422656 0.352315 0.421094
0 0.384722 0.417708 0.377778 0.416667 0.367593 0.420312 0.363889 0.423958 0.366667 0.427865 0.368981 0.429167 0.371296 0.429688 0.380093 0.429427 0.386111 0.427865 0.389352 0.426042 0.391204 0.423177 0.388426 0.420052
0 0.345833 0.407813 0.342593 0.410156 0.341204 0.412500 0.345370 0.418750 0.350000 0.420833 0.356019 0.421354 0.364352 0.421094 0.377778 0.416146 0.380093 0.411979 0.372222 0.408594 0.358333 0.405990 0.349537 0.406771
0 0.391667 0.407813 0.386574 0.409115 0.382407 0.411458 0.382407 0.415365 0.383333 0.416667 0.389815 0.420833 0.392593 0.423958 0.399537 0.424219 0.403241 0.422135 0.405556 0.419792 0.408796 0.411979 0.406019 0.409115 0.401389 0.407552
0 0.437500 0.416406 0.433796 0.413542 0.428241 0.412240 0.416065 0.413906 0.410509 0.415104 0.400926 0.423958 0.405093 0.427344 0.413426 0.427604 0.419444 0.428125 0.425000 0.427865 0.435648 0.426563 0.439352 0.424219 0.438889 0.419010
0 0.398148 0.398958 0.395324 0.400313 0.399074 0.405729 0.412963 0.412500 0.421759 0.412760 0.430093 0.410417 0.433333 0.405208 0.433333 0.402344 0.431944 0.400260 0.427315 0.398438 0.411574 0.396094 0.404630 0.396615
0 0.389815 0.396875 0.385648 0.395052 0.373148 0.396354 0.363426 0.396901 0.351620 0.400625 0.354630 0.404427 0.357407 0.405990 0.364815 0.407552 0.373148 0.408333 0.378241 0.410156 0.385648 0.409115 0.388889 0.408073 0.391204 0.400521
0 0.342130 0.395573 0.335648 0.393750 0.326389 0.393490 0.320833 0.394010 0.312037 0.396094 0.304630 0.400260 0.306019 0.404687 0.307870 0.407031 0.312037 0.409896 0.315278 0.410938 0.323148 0.410938 0.329630 0.409115 0.337037 0.409375 0.342593 0.407031 0.346759 0.400521
0 0.371759 0.376302 0.364352 0.377344 0.357870 0.380729 0.356481 0.382812 0.356481 0.390885 0.358796 0.393490 0.363889 0.395833 0.372222 0.396094 0.380093 0.394271 0.382870 0.392708 0.383796 0.388021 0.381944 0.383073 0.376852 0.378906
0 0.390278 0.377083 0.387037 0.379427 0.385185 0.384375 0.385185 0.390365 0.387037 0.394271 0.392130 0.396875 0.399537 0.397135 0.409259 0.395573 0.412963 0.392969 0.413889 0.390104 0.412500 0.384635 0.409259 0.380208 0.406481 0.378646 0.400000 0.377083 0.393519 0.376563
0 0.441204 0.374219 0.433333 0.375260 0.428704 0.378646 0.421759 0.386198 0.420370 0.388542 0.421296 0.394010 0.422685 0.395573 0.427315 0.397396 0.433796 0.398177 0.441204 0.397396 0.446296 0.395833 0.449537 0.393750 0.450463 0.385677 0.449074 0.380729 0.446759 0.377604
0 0.287500 0.399740 0.280556 0.402083 0.279167 0.403906 0.279630 0.408594 0.283796 0.414583 0.288889 0.417448 0.295370 0.418750 0.298611 0.417969 0.306481 0.412760 0.306944 0.407552 0.305556 0.403646 0.304167 0.401823 0.301389 0.400260 0.295833 0.399479
0 0.286111 0.391927 0.288426 0.397396 0.290741 0.398698 0.301389 0.399479 0.307870 0.397656 0.318056 0.392708 0.316204 0.390625 0.312500 0.388542 0.309259 0.387760 0.298611 0.387760 0.288889 0.388542
0 0.357870 0.367188 0.349537 0.366667 0.345833 0.367448 0.343056 0.369010 0.334259 0.376823 0.334306 0.378333 0.343981 0.381250 0.352315 0.381510 0.358796 0.380208 0.364815 0.377083 0.364352 0.372656
0 0.574537 0.342448 0.566204 0.339844 0.558333 0.340104 0.548611 0.341927 0.546296 0.344792 0.546296 0.350260 0.548611 0.353385 0.557407 0.354948 0.566204 0.354427 0.574074 0.349740 0.577315 0.345833
0 0.567593 0.329688 0.564815 0.326823 0.560648 0.325000 0.551389 0.324479 0.545370 0.325260 0.537037 0.328125 0.528241 0.333854 0.529630 0.337760 0.533796 0.339323 0.544444 0.340885 0.551389 0.340885 0.561574 0.339323 0.564815 0.337760 0.567130 0.335417
0 0.524537 0.336198 0.512037 0.336719 0.504167 0.339323 0.501389 0.341406 0.501852 0.345833 0.503241 0.347396 0.509722 0.350000 0.517593 0.350521 0.526852 0.346354 0.530093 0.345833 0.531944 0.341667 0.529167 0.338542
0 0.507870 0.323698 0.506019 0.325521 0.506481 0.330469 0.511111 0.335938 0.522685 0.335938 0.526389 0.334375 0.532407 0.330208 0.528704 0.327604 0.525000 0.326562 0.518056 0.322917
0 0.496759 0.321354 0.493056 0.322135 0.487500 0.324479 0.481019 0.330469 0.480556 0.334115 0.481944 0.335938 0.486111 0.338281 0.490278 0.339062 0.498611 0.339323 0.502778 0.338802 0.507870 0.336719 0.508796 0.335156 0.508796 0.333333 0.504630 0.325521 0.500463 0.322396
0 0.453241 0.334635 0.450463 0.336979 0.450000 0.342187 0.454167 0.346354 0.457407 0.347917 0.461111 0.348698 0.469907 0.348177 0.473611 0.347396 0.479630 0.341927 0.478704 0.339844 0.474537 0.335938 0.469907 0.334115 0.463889 0.333594
0 0.433796 0.342448 0.425926 0.344792 0.423611 0.346094 0.422222 0.351302 0.422685 0.353646 0.424537 0.355729 0.433796 0.360938 0.443056 0.361719 0.451389 0.360417 0.454167 0.358594 0.455556 0.354687 0.455556 0.349219 0.452778 0.346094 0.450000 0.344531 0.443056 0.342448
0 0.433796 0.362760 0.428241 0.360156 0.419444 0.360156 0.415278 0.361458 0.404630 0.366667 0.399537 0.372917 0.401852 0.376563 0.406481 0.377865 0.413426 0.378385 0.426852 0.377344 0.432407 0.375781 0.437500 0.373437 0.438426 0.370052 0.437500 0.367188
0 0.362500 0.369010 0.371296 0.374740 0.385185 0.376042 0.393981 0.375781 0.396759 0.375000 0.399537 0.372917 0.402315 0.369271 0.402315 0.365104 0.398611 0.362500 0.392593 0.360417 0.384722 0.359896 0.380093 0.361458 0.368981 0.363802
0 0.332407 0.363021 0.328241 0.361979 0.321759 0.361458 0.316667 0.362500 0.313426 0.364063 0.306944 0.371094 0.306019 0.373177 0.309722 0.376042 0.315741 0.378906 0.323611 0.378906 0.332407 0.376563 0.336574 0.373958 0.340741 0.368750 0.338426 0.366146
0 0.291759 0.373776 0.290741 0.375521 0.288426 0.380729 0.290741 0.386979 0.293056 0.387760 0.306019 0.387240 0.310185 0.386198 0.313889 0.383854 0.315741 0.381250 0.314352 0.378906 0.306019 0.374479 0.297315 0.372396
0 0.283796 0.393229 0.280093 0.392448 0.273148 0.392188 0.261574 0.394531 0.258333 0.396354 0.258333 0.400521 0.259722 0.402083 0.267593 0.405990 0.270833 0.406510 0.277315 0.405990 0.281019 0.401562 0.284722 0.399740 0.286111 0.397917 0.286111 0.395313
0 0.238426 0.388542 0.238194 0.390391 0.247593 0.395260 0.252778 0.396354 0.255556 0.396094 0.266667 0.392708 0.266204 0.388542 0.254630 0.385417 0.246296 0.385677 0.240741 0.387240
0 0.239815 0.391146 0.235185 0.390365 0.230093 0.390365 0.224537 0.391406 0.222222 0.397396 0.223148 0.402344 0.225463 0.405469 0.234259 0.404948 0.240741 0.403125 0.245833 0.400260 0.249074 0.396094
0 0.274074 0.375521 0.267130 0.378125 0.262963 0.380729 0.262500 0.385677 0.269444 0.391146 0.274074 0.391927 0.283796 0.391667 0.287963 0.389844 0.289815 0.387240 0.289815 0.384115 0.288426 0.380990 0.284722 0.378125
0 0.299537 0.356250 0.296759 0.355729 0.288889 0.356250 0.284722 0.357292 0.281019 0.359635 0.279167 0.361719 0.276852 0.368490 0.277778 0.371094 0.280093 0.372656 0.295370 0.372917 0.300926 0.371615 0.306481 0.369271 0.308796 0.365365 0.307870 0.361979 0.305556 0.359635
0 0.215278 0.377865 0.213426 0.378906 0.212037 0.380990 0.211574 0.384896 0.215741 0.387760 0.224537 0.390625 0.234259 0.389844 0.236111 0.388802 0.237037 0.386458 0.237037 0.380729 0.233333 0.377604 0.228241 0.375781 0.225000 0.375521
0 0.237037 0.365885 0.231481 0.362760 0.225926 0.361198 0.218519 0.362760 0.212037 0.365104 0.205093 0.369010 0.203704 0.372135 0.204630 0.376302 0.206481 0.377083 0.212500 0.377865 0.232407 0.374479 0.236111 0.372396 0.238426 0.369792
0 0.275926 0.372917 0.268519 0.368750 0.265741 0.367969 0.252778 0.366927 0.243056 0.368490 0.239352 0.370052 0.237037 0.372396 0.237037 0.377865 0.239352 0.381510 0.242593 0.383073 0.245833 0.383854 0.254167 0.383594 0.260185 0.382292 0.267593 0.378125 0.270833 0.377083
0 0.593056 0.435417 0.586574 0.439844 0.585185 0.442969 0.586111 0.447396 0.593056 0.452083 0.601389 0.452344 0.605556 0.451302 0.608796 0.449479 0.610185 0.447917 0.609259 0.443750 0.600926 0.436458
0 0.565741 0.418229 0.562500 0.423698 0.562500 0.428385 0.563889 0.430208 0.570370 0.431771 0.580556 0.432552 0.587963 0.427865 0.587963 0.423438 0.587037 0.422135 0.580093 0.418750 0.573148 0.417969
0 0.554630 0.433333 0.552778 0.435156 0.552315 0.440104 0.554167 0.443490 0.558333 0.445052 0.567593 0.445573 0.577778 0.444792 0.580093 0.444010 0.586111 0.439583 0.583333 0.435156 0.577315 0.432812 0.565278 0.431250 0.558796 0.431771
0 0.153704 0.384115 0.152315 0.387240 0.153241 0.390625 0.156019 0.393229 0.163889 0.395833 0.171296 0.396094 0.177315 0.395313 0.182870 0.392708 0.183333 0.388542 0.179630 0.384115 0.172222 0.380990 0.162500 0.380729
0 0.184259 0.374219 0.181944 0.375260 0.178704 0.380990 0.180093 0.384635 0.184722 0.389844 0.187037 0.390885 0.192130 0.391146 0.194444 0.390625 0.200000 0.386719 0.208333 0.384635 0.210185 0.380469 0.208796 0.378385 0.203241 0.376042 0.192593 0.373698
0 0.188426 0.358333 0.186574 0.359635 0.186111 0.362240 0.187500 0.366146 0.189815 0.367969 0.196296 0.369531 0.204630 0.369271 0.211574 0.365365 0.213889 0.361198 0.206481 0.356771 0.197685 0.355729
0 0.156019 0.356771 0.152315 0.359896 0.149537 0.364583 0.149537 0.365885 0.152315 0.369010 0.160185 0.371875 0.170370 0.373177 0.179167 0.372656 0.186574 0.369271 0.186343 0.364323 0.186111 0.359635 0.182407 0.356771 0.173148 0.355469 0.163889 0.355469
0 0.225000 0.344792 0.218981 0.346615 0.217130 0.349740 0.216204 0.354427 0.218981 0.358594 0.220833 0.359896 0.225463 0.360938 0.232870 0.360938 0.236574 0.360156 0.240741 0.358333 0.243056 0.353646 0.242593 0.352083 0.240741 0.350000 0.233333 0.346354
0 0.191852 0.343646 0.187546 0.347031 0.190741 0.352344 0.193056 0.353906 0.198148 0.354948 0.205556 0.355469 0.214352 0.353646 0.216204 0.349740 0.216667 0.345573 0.213611 0.342943 0.206250 0.341016 0.197685 0.341667
0 0.229630 0.337760 0.227778 0.341146 0.229167 0.344792 0.239815 0.349740 0.246759 0.350781 0.251389 0.349219 0.255556 0.346094 0.246759 0.338542 0.238426 0.337500
0 0.249074 0.335938 0.247685 0.338281 0.253241 0.343750 0.258796 0.346354 0.266204 0.348177 0.275000 0.348438 0.277778 0.347656 0.280556 0.345833 0.283796 0.341927 0.282870 0.338802 0.281481 0.337500 0.268981 0.335417 0.261574 0.333073 0.258333 0.333073 0.253241 0.334115
0 0.253241 0.348438 0.247222 0.351042 0.244444 0.353125 0.242593 0.356510 0.242593 0.358073 0.244444 0.360156 0.250463 0.363802 0.259259 0.366406 0.268056 0.366927 0.276574 0.366641 0.278704 0.361979 0.278241 0.357552 0.275926 0.354948 0.268981 0.350781 0.261111 0.347917
0 0.163426 0.322917 0.156019 0.323437 0.150463 0.325781 0.144907 0.333333 0.146759 0.338021 0.150463 0.339844 0.156019 0.341406 0.164352 0.341667 0.170370 0.340625 0.175463 0.338021 0.177778 0.334635 0.177315 0.332813 0.172222 0.326302 0.168056 0.324219
0 0.318981 0.380729 0.316667 0.384115 0.316667 0.388281 0.318056 0.390365 0.321296 0.392188 0.323611 0.392708 0.337037 0.392969 0.344444 0.391406 0.347222 0.387474 0.347685 0.383854 0.345370 0.381771 0.333333 0.378646 0.323611 0.379167
0 0.199722 0.387109 0.197917 0.389323 0.197222 0.391927 0.199074 0.394010 0.204167 0.396354 0.211574 0.396354 0.215278 0.395052 0.218519 0.392708 0.217593 0.388542 0.211111 0.385937 0.203704 0.385677
0 0.318519 0.330729 0.315278 0.330208 0.312037 0.330990 0.303241 0.335156 0.300926 0.337760 0.299537 0.341667 0.302315 0.344010 0.306481 0.344792 0.319907 0.344792 0.324537 0.344271 0.327315 0.342969 0.327778 0.337760 0.321759 0.332552
0 0.332407 0.346354 0.322222 0.345313 0.313889 0.346354 0.306944 0.348177 0.304167 0.349740 0.301852 0.353125 0.302315 0.355729 0.304167 0.358073 0.309259 0.360938 0.315741 0.361979 0.323611 0.359896 0.330093 0.355208 0.333102 0.350391 0.334722 0.348177
0 0.338889 0.347656 0.335185 0.349219 0.332870 0.352083 0.332407 0.357812 0.333333 0.359635 0.343056 0.366146 0.351389 0.365885 0.355093 0.364323 0.360185 0.359375 0.360648 0.356771 0.359259 0.351823 0.356019 0.348958 0.351389 0.347135 0.342130 0.347135
0 0.345370 0.331250 0.342130 0.331250 0.335185 0.333073 0.331019 0.336719 0.330093 0.340885 0.331019 0.344792 0.333333 0.346615 0.336574 0.347656 0.350926 0.346615 0.355880 0.345417 0.354630 0.337500 0.350463 0.333073
0 0.392593 0.351562 0.390278 0.352604 0.387963 0.357292 0.388889 0.358594 0.399074 0.362760 0.406481 0.364583 0.412963 0.361458 0.415278 0.359375 0.415741 0.356510 0.413889 0.353906 0.406481 0.351042 0.397685 0.350781
0 0.382731 0.349297 0.369907 0.348958 0.364352 0.350781 0.361111 0.353385 0.362037 0.357552 0.363889 0.359635 0.368056 0.361458 0.371759 0.361979 0.375000 0.361458 0.386111 0.357552 0.389537 0.352005
0 0.383796 0.338021 0.381019 0.341406 0.380556 0.346354 0.383333 0.348698 0.392130 0.351562 0.395833 0.351042 0.408333 0.351042 0.413426 0.350260 0.415278 0.345313 0.410648 0.339062 0.407870 0.337240 0.400000 0.335417 0.392593 0.335417 0.386574 0.336719
0 0.418519 0.329167 0.415278 0.333854 0.415278 0.338281 0.416204 0.341667 0.419444 0.343750 0.427315 0.344271 0.431944 0.342969 0.440278 0.342448 0.449537 0.338542 0.450926 0.333854 0.442130 0.329427 0.429167 0.327604 0.421759 0.327865
0 0.399074 0.317188 0.392593 0.319531 0.387500 0.322396 0.385648 0.325781 0.386574 0.329948 0.398611 0.334375 0.405556 0.335417 0.411574 0.334896 0.418056 0.330208 0.420833 0.326042 0.417593 0.322396 0.410185 0.317969 0.406944 0.317188
0 0.378241 0.335677 0.370370 0.335156 0.359722 0.337760 0.356944 0.339323 0.355556 0.341667 0.356481 0.344010 0.359259 0.346354 0.364352 0.348958 0.373148 0.347917 0.378704 0.346354 0.381944 0.337760
0 0.351852 0.322135 0.348148 0.326042 0.348148 0.330208 0.350463 0.332552 0.356481 0.335677 0.364815 0.335938 0.374537 0.332292 0.376389 0.330990 0.378843 0.328646 0.378565 0.325052 0.368519 0.322135 0.364815 0.321094 0.357407 0.321094
0 0.394444 0.314063 0.385648 0.309375 0.378241 0.310156 0.375000 0.311198 0.369907 0.314323 0.367593 0.317969 0.368519 0.320573 0.370833 0.322135 0.378241 0.323437 0.384722 0.322917 0.394444 0.318490
0 0.332407 0.309896 0.331944 0.314583 0.337037 0.317448 0.346296 0.320573 0.350463 0.321354 0.360185 0.320573 0.364352 0.319792 0.365741 0.318750 0.365278 0.315625 0.362037 0.310417 0.357870 0.307292 0.352778 0.305208 0.343056 0.304167 0.339815 0.305208
0 0.312037 0.318229 0.312963 0.323177 0.315741 0.327083 0.318056 0.328125 0.325463 0.329167 0.337037 0.329427 0.343981 0.328385 0.345833 0.326562 0.346296 0.322135 0.330556 0.314844 0.322685 0.313542 0.316204 0.315104
0 0.308333 0.317969 0.302778 0.316146 0.293981 0.315625 0.284722 0.317448 0.279630 0.319531 0.275000 0.322396 0.273148 0.325260 0.273148 0.328125 0.273565 0.332135 0.281019 0.334635 0.287037 0.335677 0.298148 0.334896 0.307407 0.332813 0.312963 0.330208 0.313889 0.325521 0.311111 0.320312
0 0.275463 0.315885 0.266667 0.315625 0.254167 0.320052 0.250463 0.322135 0.251852 0.326042 0.254167 0.328646 0.258333 0.330990 0.267593 0.330990 0.270833 0.329427 0.275463 0.321354 0.278704 0.318490 0.278241 0.317448
0 0.250926 0.325000 0.247222 0.323437 0.239815 0.321875 0.231481 0.323177 0.221296 0.327604 0.219907 0.329167 0.220370 0.334115 0.225463 0.336719 0.231944 0.337760 0.239352 0.337500 0.246759 0.336458 0.248148 0.335417 0.253241 0.333854 0.255556 0.330729 0.255556 0.329688
0 0.206481 0.317969 0.197685 0.317708 0.192593 0.319792 0.189815 0.322917 0.188889 0.328385 0.189815 0.334115 0.197685 0.338021 0.206944 0.336719 0.212963 0.334115 0.217593 0.329688 0.218056 0.326042 0.216667 0.322135 0.212500 0.319792
0 0.176852 0.304688 0.171296 0.306250 0.164815 0.310417 0.164352 0.314583 0.175000 0.321354 0.181944 0.322396 0.187500 0.322135 0.190278 0.321354 0.197685 0.316406 0.198611 0.314063 0.196759 0.310417 0.186574 0.305990
0 0.218056 0.307031 0.213426 0.308073 0.209722 0.310156 0.210185 0.315365 0.212500 0.318229 0.222685 0.324479 0.225926 0.325000 0.231019 0.322396 0.235648 0.318490 0.236574 0.315365 0.236111 0.312760 0.234259 0.310417 0.230093 0.308594 0.225000 0.307292
0 0.195370 0.292187 0.189352 0.294792 0.189815 0.300781 0.192593 0.305208 0.196759 0.308594 0.205093 0.311458 0.217593 0.305990 0.219907 0.303125 0.220370 0.298438 0.216667 0.294531 0.212500 0.292969 0.206481 0.291927
0 0.222685 0.290885 0.220370 0.292708 0.219444 0.295052 0.223611 0.303385 0.225463 0.304427 0.233333 0.304688 0.241204 0.302344 0.243519 0.300260 0.243981 0.298438 0.240741 0.294010 0.229167 0.290625 0.224537 0.290365
0 0.245833 0.305469 0.237500 0.310156 0.237963 0.315625 0.238889 0.316927 0.243056 0.319010 0.246296 0.319792 0.254167 0.320312 0.270370 0.314583 0.271343 0.312266 0.261574 0.305729 0.254167 0.304948
0 0.287500 0.296875 0.281019 0.296615 0.273611 0.297917 0.265278 0.302604 0.265278 0.306771 0.281019 0.317969 0.285185 0.316406 0.288426 0.316146 0.291667 0.314323 0.293981 0.311198 0.295370 0.305729 0.298148 0.302865 0.294907 0.299740 0.291667 0.297917
0 0.308796 0.302083 0.301852 0.303125 0.295370 0.306510 0.294444 0.310677 0.297222 0.313542 0.300000 0.315104 0.309722 0.317708 0.319444 0.313802 0.323148 0.311458 0.323611 0.309896 0.320370 0.307031 0.317593 0.306250 0.313426 0.303385
0 0.322685 0.294010 0.315741 0.297396 0.314815 0.298438 0.314815 0.302865 0.317593 0.305469 0.322222 0.308073 0.330093 0.308854 0.340278 0.302865 0.339815 0.298698 0.331481 0.295573
0 0.284259 0.288281 0.282407 0.290365 0.282407 0.292187 0.283796 0.294531 0.286111 0.295833 0.290741 0.297396 0.295370 0.300000 0.301389 0.301563 0.306481 0.301563 0.310648 0.300781 0.312037 0.298177 0.310185 0.292448 0.304167 0.286458 0.301389 0.285677 0.293981 0.285417 0.289815 0.285938
0 0.370833 0.293750 0.362037 0.295573 0.357870 0.298438 0.356944 0.302865 0.358796 0.305990 0.362500 0.309115 0.365741 0.310156 0.372222 0.310677 0.381019 0.308594 0.388889 0.302344 0.387037 0.298958 0.383796 0.296354 0.378241 0.294271
0 0.295370 0.341927 0.287037 0.341927 0.282870 0.343750 0.278704 0.348958 0.279630 0.353385 0.281481 0.355729 0.284444 0.357005 0.297685 0.354167 0.300000 0.352604 0.302315 0.349740 0.301389 0.346354 0.299537 0.344271
0 0.454630 0.320573 0.450000 0.326042 0.450000 0.330469 0.454630 0.333594 0.465741 0.333073 0.471759 0.331510 0.473611 0.330469 0.475000 0.328125 0.475000 0.325521 0.473148 0.323437 0.468981 0.321354 0.465278 0.320573
0 0.414815 0.317969 0.415278 0.319531 0.419907 0.324219 0.422685 0.325781 0.440741 0.329427 0.447685 0.328125 0.451852 0.322396 0.452315 0.317969 0.447685 0.315104 0.436111 0.313281 0.425926 0.313281 0.418519 0.315365
0 0.395370 0.302865 0.390741 0.306250 0.390278 0.310677 0.399074 0.316406 0.412963 0.316406 0.415741 0.314323 0.418056 0.310937 0.413426 0.304427 0.406481 0.302344 0.397685 0.302344
0 0.426852 0.291146 0.423611 0.292187 0.417130 0.296354 0.415278 0.298698 0.414815 0.303646 0.417130 0.308594 0.418981 0.310417 0.423148 0.311719 0.429167 0.311979 0.434722 0.311458 0.441204 0.308594 0.442593 0.306771 0.442593 0.301042 0.437500 0.294010 0.433333 0.291927
0 0.452778 0.297656 0.445833 0.298698 0.443981 0.300260 0.443519 0.310677 0.448611 0.314844 0.455556 0.316667 0.462963 0.313542 0.464815 0.310417 0.468981 0.306771 0.468981 0.303646 0.468056 0.301042 0.466204 0.299479 0.459722 0.297917
0 0.479630 0.304427 0.472222 0.305729 0.468519 0.307812 0.465741 0.310417 0.465741 0.314583 0.468981 0.317448 0.472222 0.322396 0.476389 0.323958 0.482870 0.324219 0.491667 0.321615 0.495833 0.318750 0.494444 0.310417 0.493056 0.308333 0.487500 0.305208 0.484259 0.304427
0 0.503241 0.306250 0.498148 0.308073 0.494907 0.310156 0.495833 0.315365 0.497222 0.318229 0.501389 0.321615 0.505556 0.322656 0.510648 0.322917 0.517130 0.321094 0.521759 0.318229 0.523148 0.315365 0.522685 0.311719 0.521759 0.310417 0.510185 0.307292
0 0.470833 0.293490 0.469444 0.294531 0.467593 0.298698 0.470833 0.303906 0.474074 0.304948 0.488889 0.304167 0.492130 0.299479 0.491667 0.296875 0.488426 0.295312 0.476852 0.292969
0 0.422222 0.290885 0.420833 0.290885 0.414352 0.288281 0.406944 0.284115 0.399074 0.283854 0.387500 0.286719 0.382870 0.291406 0.383796 0.295052 0.388889 0.300000 0.392593 0.301823 0.400000 0.302083 0.411111 0.299740 0.416667 0.295312 0.419444 0.291927
0 0.162500 0.283073 0.157870 0.290885 0.161574 0.295052 0.170833 0.296094 0.183333 0.295573 0.186574 0.294531 0.188426 0.290625 0.186574 0.288542 0.183333 0.286719 0.175926 0.283854 0.164815 0.282813
0 0.175463 0.275260 0.173148 0.278385 0.174074 0.283073 0.185648 0.287760 0.190741 0.289323 0.199537 0.289062 0.205556 0.286719 0.206944 0.284635 0.206944 0.278906 0.202315 0.275260 0.193056 0.273698 0.182870 0.273958
0 0.207870 0.279167 0.207870 0.283333 0.208796 0.284375 0.218519 0.289062 0.225463 0.289844 0.233333 0.289844 0.241204 0.287500 0.243056 0.285938 0.243981 0.283594 0.243056 0.279167 0.238889 0.275260 0.234722 0.274219 0.218519 0.273958 0.214352 0.275260
0 0.211574 0.257292 0.207870 0.258333 0.200463 0.263542 0.199074 0.267708 0.203611 0.271771 0.211296 0.273724 0.221667 0.272760 0.228009 0.271302 0.231898 0.268724 0.229861 0.262031 0.223148 0.258255
0 0.156019 0.258073 0.154630 0.259635 0.155556 0.264062 0.162963 0.270313 0.169444 0.272656 0.177778 0.272917 0.184722 0.270833 0.187037 0.267969 0.187037 0.263542 0.181944 0.259375 0.169444 0.255729 0.162500 0.255729
0 0.247685 0.259115 0.239352 0.260937 0.232407 0.263542 0.231481 0.268750 0.233796 0.271354 0.240278 0.275000 0.246296 0.277083 0.253241 0.276302 0.255093 0.275260 0.257870 0.271615 0.264352 0.267708 0.263889 0.264062 0.261574 0.262240 0.254630 0.259896
0 0.266667 0.239323 0.259722 0.240365 0.255093 0.242188 0.252315 0.246615 0.251852 0.252604 0.257870 0.256250 0.267593 0.257292 0.279167 0.254688 0.281944 0.253125 0.282870 0.251302 0.281944 0.247917 0.278704 0.243490 0.274074 0.241146
0 0.231944 0.237500 0.222222 0.242969 0.219444 0.247917 0.220370 0.252083 0.229167 0.256771 0.240741 0.257552 0.247685 0.254427 0.250463 0.251563 0.252315 0.244531 0.251389 0.240885 0.248611 0.238542 0.244444 0.237500
0 0.164352 0.244010 0.162963 0.245833 0.162963 0.248958 0.168056 0.254427 0.176852 0.257031 0.182870 0.257812 0.191204 0.255990 0.193981 0.251823 0.189352 0.246354 0.177315 0.243229 0.169444 0.243229
0 0.273148 0.256250 0.269444 0.257292 0.266204 0.259635 0.267130 0.264062 0.271759 0.267448 0.283194 0.269089 0.290231 0.264375 0.295185 0.262448 0.294491 0.258151 0.282870 0.255469
0 0.266667 0.268490 0.258796 0.271354 0.256019 0.275260 0.257407 0.277604 0.261111 0.281250 0.264815 0.283333 0.274537 0.286979 0.281481 0.288542 0.283796 0.287240 0.286111 0.284115 0.285648 0.278906 0.282407 0.271354 0.279630 0.269792 0.274537 0.268490
0 0.289676 0.264661 0.284722 0.267969 0.283796 0.270573 0.284259 0.275521 0.287500 0.282552 0.289352 0.284375 0.292593 0.285156 0.302315 0.285156 0.306481 0.283854 0.309259 0.282031 0.312963 0.275260 0.305556 0.269010 0.295833 0.264583
0 0.315741 0.259115 0.309259 0.261719 0.305556 0.267708 0.308796 0.271615 0.316204 0.275781 0.324537 0.275781 0.331944 0.272917 0.335185 0.267448 0.332870 0.264323 0.328704 0.261979
0 0.326389 0.276302 0.315741 0.276302 0.312963 0.277865 0.310648 0.280729 0.308333 0.287500 0.311111 0.291667 0.314352 0.293229 0.316204 0.293490 0.321296 0.292448 0.327778 0.290104 0.333056 0.287344 0.336111 0.282813 0.330556 0.277865
0 0.350926 0.261719 0.338889 0.265625 0.335648 0.267448 0.333333 0.271354 0.336111 0.275521 0.343519 0.279687 0.350926 0.279948 0.355093 0.279427 0.358796 0.277604 0.360648 0.274740 0.361111 0.266146 0.357407 0.263542
0 0.267176 0.284609 0.263889 0.283333 0.252778 0.283594 0.249074 0.284375 0.246759 0.286198 0.244444 0.293229 0.244907 0.298958 0.252315 0.303385 0.259722 0.303125 0.267593 0.301042 0.276389 0.297396 0.278704 0.295312 0.279167 0.290365 0.276389 0.288047
0 0.830093 0.421875 0.819444 0.424219 0.816204 0.425781 0.815278 0.427083 0.816204 0.436198 0.818056 0.438021 0.822685 0.439844 0.830556 0.438542 0.837037 0.435677 0.843519 0.427865 0.839352 0.424740
0 0.849074 0.425000 0.846759 0.427083 0.847222 0.432031 0.851389 0.436719 0.858333 0.440885 0.863426 0.441927 0.871759 0.441927 0.880556 0.439063 0.884722 0.436198 0.885648 0.433333 0.885185 0.430208 0.881944 0.426823 0.877778 0.424740 0.864815 0.422396 0.856481 0.422135
0 0.878704 0.454688 0.871759 0.455990 0.867593 0.458073 0.863889 0.458854 0.859722 0.462500 0.860648 0.467187 0.867593 0.470833 0.871296 0.471615 0.879167 0.470833 0.882870 0.468750 0.884722 0.466146 0.885648 0.462240 0.884259 0.459115
0 0.857407 0.336198 0.852315 0.337760 0.849537 0.341406 0.850000 0.348177 0.851852 0.350521 0.856944 0.353646 0.864815 0.354687 0.870833 0.352083 0.873611 0.350000 0.873611 0.341406 0.869907 0.337760 0.865278 0.336719
0 0.829630 0.332552 0.820833 0.334635 0.817130 0.337240 0.817130 0.342187 0.819907 0.345313 0.826852 0.350000 0.830093 0.351302 0.837500 0.351823 0.844444 0.349740 0.846759 0.347917 0.847685 0.345833 0.847222 0.337760 0.844907 0.335417 0.837500 0.332031
0 0.850463 0.318229 0.843519 0.319531 0.840741 0.321354 0.836574 0.322396 0.835648 0.327344 0.837037 0.330208 0.840741 0.332292 0.850926 0.335156 0.857407 0.334635 0.861111 0.333073 0.863889 0.330208 0.863426 0.326302 0.860648 0.324479 0.859722 0.322135
0 0.787963 0.344271 0.781944 0.343229 0.776389 0.343229 0.763426 0.345573 0.759259 0.349479 0.759259 0.353646 0.761574 0.356250 0.765741 0.357812 0.773148 0.358854 0.777778 0.358333 0.780556 0.357292 0.790278 0.349740 0.789815 0.345573
0 0.790741 0.311719 0.781944 0.311719 0.773148 0.316146 0.770370 0.321615 0.769907 0.326562 0.772222 0.331771 0.776389 0.333594 0.779630 0.334115 0.788426 0.333854 0.794907 0.332552 0.799537 0.330208 0.800926 0.326823 0.800926 0.321615 0.799537 0.316146 0.796759 0.313281
0 0.746296 0.320833 0.741667 0.322396 0.739352 0.325521 0.739815 0.329427 0.743981 0.336719 0.745833 0.338281 0.753704 0.339583 0.762963 0.337760 0.770370 0.333854 0.770833 0.329167 0.768519 0.325781 0.759259 0.322135 0.753704 0.320833
0 0.739352 0.328646 0.725463 0.326823 0.711574 0.330469 0.706944 0.333854 0.705093 0.337500 0.709259 0.341927 0.714352 0.343490 0.718519 0.346354 0.725926 0.346615 0.732407 0.344271 0.737500 0.341667 0.740741 0.338021 0.742130 0.333333 0.741204 0.330469
0 0.672222 0.327604 0.666667 0.330990 0.665741 0.332552 0.665741 0.335938 0.667593 0.339323 0.677778 0.341927 0.683333 0.344010 0.689352 0.344010 0.694907 0.342708 0.699074 0.338021 0.698148 0.333854 0.696296 0.332031 0.687963 0.328125 0.678241 0.326823
0 0.649537 0.333594 0.641667 0.332813 0.636111 0.334375 0.627315 0.342187 0.625463 0.345833 0.627778 0.350260 0.631019 0.352344 0.635185 0.353385 0.644444 0.353385 0.651852 0.352865 0.655556 0.351302 0.657407 0.346354 0.657870 0.341146 0.653704 0.335938
0 0.614352 0.328125 0.609259 0.329948 0.608333 0.334375 0.609722 0.338021 0.614352 0.340885 0.621296 0.341667 0.624537 0.341146 0.627315 0.339844 0.628241 0.338281 0.631944 0.336719 0.633796 0.333594 0.631944 0.329948 0.622685 0.328125
0 0.579167 0.328385 0.575926 0.329948 0.575463 0.334115 0.578704 0.339583 0.585648 0.342969 0.593981 0.342969 0.602778 0.338021 0.603241 0.333854 0.598148 0.331250 0.587037 0.328125
0 0.612037 0.316406 0.610648 0.318750 0.612500 0.322396 0.617130 0.325000 0.618056 0.326302 0.620833 0.327083 0.629167 0.327865 0.635648 0.326562 0.637963 0.325000 0.639352 0.323177 0.638426 0.319792 0.636574 0.318229 0.628704 0.314583 0.619444 0.314063 0.617130 0.314323
0 0.649074 0.311719 0.644907 0.314583 0.642593 0.318229 0.643056 0.326302 0.646296 0.330729 0.648611 0.332031 0.657407 0.332031 0.668056 0.330208 0.674074 0.326302 0.672685 0.321875 0.668056 0.316927 0.663889 0.313802 0.657407 0.311458
0 0.691204 0.304948 0.687963 0.305990 0.681481 0.309635 0.678241 0.310417 0.675926 0.312240 0.675000 0.314063 0.675926 0.316927 0.678241 0.318750 0.683796 0.320052 0.688889 0.319531 0.701389 0.314583 0.700463 0.309896 0.694444 0.305990
0 0.715278 0.317969 0.706019 0.315365 0.698148 0.315625 0.694907 0.316406 0.691204 0.318229 0.689352 0.320833 0.690741 0.326562 0.692593 0.327865 0.697222 0.329167 0.705093 0.329167 0.712037 0.327865 0.715278 0.326302 0.717130 0.322656 0.716667 0.319531
0 0.746759 0.308333 0.737500 0.307552 0.726852 0.308854 0.722685 0.310417 0.718981 0.314063 0.719907 0.317969 0.721296 0.319531 0.725000 0.321354 0.731019 0.322396 0.739815 0.322656 0.746296 0.320833 0.749074 0.318750 0.750000 0.316146 0.749537 0.310417
0 0.801389 0.302604 0.798148 0.306771 0.801852 0.310677 0.808796 0.314583 0.817130 0.314583 0.823611 0.310937 0.825000 0.305729 0.823148 0.303646 0.811574 0.301823 0.806481 0.301823
0 0.843981 0.298438 0.836574 0.298698 0.829630 0.300521 0.826852 0.302604 0.829167 0.306510 0.827778 0.310677 0.830093 0.314583 0.836574 0.315885 0.844907 0.315365 0.850000 0.313281 0.852778 0.310937 0.853241 0.306510 0.850926 0.302865
0 0.766667 0.300521 0.760648 0.301563 0.755093 0.307031 0.756481 0.310937 0.758333 0.312500 0.761111 0.313802 0.768056 0.314844 0.779630 0.312240 0.781944 0.311198 0.782407 0.309896 0.781481 0.306771 0.778704 0.305208 0.776389 0.302604
0 0.760648 0.290104 0.752315 0.289062 0.743056 0.290885 0.735185 0.294531 0.732407 0.297917 0.732407 0.299479 0.738889 0.303906 0.745833 0.305729 0.753704 0.304427 0.756944 0.301042 0.762500 0.297917 0.762500 0.290885
0 0.696296 0.302604 0.697222 0.306771 0.704167 0.311458 0.707407 0.312500 0.718981 0.312760 0.725000 0.309896 0.727315 0.307292 0.725926 0.302604 0.718981 0.299740 0.707407 0.299740 0.702778 0.300521
0 0.692130 0.294792 0.684722 0.293490 0.676852 0.294010 0.674074 0.294792 0.669167 0.296146 0.664491 0.298594 0.663889 0.302604 0.665231 0.304453 0.667593 0.306771 0.669907 0.307812 0.676389 0.310990 0.684537 0.307500 0.690278 0.303646 0.693056 0.300521 0.693519 0.297917
0 0.697685 0.280208 0.686111 0.283073 0.685185 0.287240 0.687963 0.290625 0.696296 0.294792 0.698611 0.295312 0.705093 0.293750 0.708796 0.290104 0.710185 0.286198 0.708796 0.282813 0.706944 0.281250
0 0.714815 0.279167 0.709722 0.283073 0.713889 0.289844 0.718056 0.291667 0.724074 0.292448 0.728704 0.292187 0.733333 0.290625 0.736111 0.288802 0.738889 0.283594 0.737037 0.281510 0.732870 0.279167 0.727315 0.278385 0.718519 0.278385
0 0.670370 0.280208 0.662037 0.281250 0.652778 0.286979 0.653241 0.291146 0.655556 0.293229 0.662963 0.295312 0.671296 0.294531 0.677315 0.290885 0.678704 0.287500 0.677778 0.283073 0.675000 0.281510
0 0.782407 0.284115 0.780093 0.284115 0.776389 0.285156 0.765741 0.291667 0.765741 0.298698 0.773611 0.301042 0.781019 0.300781 0.786111 0.298438 0.787963 0.296354 0.788426 0.290625 0.786574 0.285938
0 0.816667 0.276042 0.807407 0.276823 0.800926 0.279687 0.795833 0.283073 0.793981 0.286458 0.795370 0.290625 0.796759 0.292187 0.801852 0.294271 0.812500 0.294271 0.816204 0.293490 0.818981 0.291406 0.821296 0.279167 0.820370 0.277604
0 0.843519 0.279427 0.839676 0.278724 0.836574 0.280729 0.833333 0.283594 0.835185 0.286719 0.844444 0.290365 0.847222 0.287760 0.847222 0.282552 0.845833 0.280469
0 0.872222 0.275521 0.863889 0.275000 0.858333 0.276302 0.852778 0.279167 0.850000 0.282031 0.847685 0.291146 0.857407 0.296875 0.864815 0.295833 0.869444 0.294010 0.879630 0.287240 0.881019 0.283854 0.880093 0.279687 0.875000 0.276302
0 0.561111 0.316667 0.559722 0.318229 0.560185 0.322135 0.562037 0.324740 0.567593 0.328906 0.573611 0.329427 0.583796 0.326302 0.584259 0.322135 0.577315 0.317708 0.566667 0.314844 0.563426 0.315365
0 0.543981 0.301823 0.537500 0.303125 0.532870 0.305469 0.528241 0.311198 0.527778 0.316406 0.529167 0.318490 0.534722 0.321354 0.537963 0.322135 0.546296 0.322396 0.552315 0.321354 0.556481 0.319531 0.558796 0.313802 0.557870 0.310677 0.552315 0.306510 0.550926 0.304427 0.545833 0.301823
0 0.581481 0.297917 0.572222 0.296615 0.556019 0.299479 0.553241 0.300781 0.552315 0.301823 0.552778 0.306250 0.558333 0.310677 0.558796 0.311979 0.567593 0.311979 0.576389 0.309115 0.579630 0.307292 0.583796 0.302865 0.582870 0.298698
0 0.586111 0.306771 0.582870 0.307552 0.580093 0.309635 0.578704 0.313021 0.579167 0.317969 0.586574 0.324740 0.594444 0.324740 0.601389 0.322656 0.604630 0.320833 0.606944 0.318490 0.606019 0.315104 0.597685 0.309635 0.592130 0.307812
0 0.606944 0.303646 0.603241 0.310156 0.603704 0.311719 0.606481 0.313802 0.615741 0.314583 0.625000 0.313802 0.629167 0.312500 0.630556 0.311198 0.630556 0.306250 0.625000 0.301823 0.622222 0.301042 0.613426 0.301042
0 0.642593 0.295833 0.630093 0.295833 0.624537 0.297396 0.623148 0.298698 0.623611 0.300521 0.628704 0.305469 0.635648 0.306250 0.642130 0.304948 0.648148 0.302865 0.648148 0.298698
0 0.611574 0.298698 0.607407 0.294792 0.601389 0.292448 0.592593 0.292969 0.589352 0.293750 0.587500 0.294792 0.584722 0.298438 0.586574 0.302083 0.592593 0.303125 0.602315 0.303125 0.605556 0.302604 0.610185 0.300521
0 0.541667 0.286979 0.540741 0.291927 0.542593 0.297135 0.545370 0.298958 0.551389 0.300260 0.560185 0.298594 0.570370 0.296875 0.574074 0.294792 0.575463 0.290365 0.570370 0.287240 0.567130 0.286198 0.551389 0.284115 0.545370 0.285156
0 0.503704 0.290885 0.504630 0.295312 0.507870 0.297656 0.524074 0.301563 0.531481 0.302865 0.535185 0.301823 0.539815 0.298438 0.540741 0.294010 0.538426 0.289583 0.527778 0.287760 0.517130 0.287240 0.506944 0.289583
0 0.500926 0.300781 0.500000 0.302344 0.500926 0.304427 0.516343 0.308646 0.525000 0.311198 0.530556 0.308333 0.531481 0.306250 0.531481 0.303802 0.520278 0.301016 0.510787 0.298620 0.508796 0.298438 0.503241 0.299479
0 0.501389 0.285417 0.497222 0.282292 0.490278 0.280469 0.482407 0.281250 0.469907 0.284375 0.464815 0.287240 0.464306 0.290078 0.468519 0.292708 0.477778 0.293490 0.488889 0.295833 0.496759 0.295052 0.500463 0.293490 0.502315 0.291406
0 0.438889 0.279948 0.437037 0.281250 0.435648 0.285417 0.435648 0.288281 0.437963 0.290885 0.444907 0.293750 0.454630 0.295573 0.457870 0.294792 0.460185 0.293229 0.460648 0.289583 0.459722 0.286979 0.455093 0.281510 0.448148 0.278385
0 0.405556 0.279167 0.405556 0.283333 0.418981 0.290104 0.427778 0.290625 0.433333 0.288542 0.436111 0.283594 0.436111 0.279427 0.432870 0.277865 0.426389 0.276562 0.418056 0.276302 0.413889 0.276823
0 0.385648 0.264062 0.382870 0.267708 0.386574 0.276823 0.388889 0.278125 0.399074 0.280729 0.406944 0.278906 0.412037 0.275521 0.411574 0.271094 0.409259 0.267969 0.402315 0.264844 0.392593 0.263281
0 0.360648 0.282031 0.360648 0.283594 0.363426 0.286719 0.364352 0.289323 0.366204 0.290625 0.370370 0.291927 0.375926 0.291667 0.381481 0.290365 0.394444 0.283333 0.393056 0.279427 0.386111 0.277865 0.368981 0.277604 0.364815 0.278125 0.362037 0.279167
0 0.347685 0.280208 0.342130 0.280990 0.337500 0.283333 0.333333 0.286979 0.332407 0.291927 0.333796 0.295052 0.338426 0.297396 0.345370 0.299479 0.350926 0.300260 0.353704 0.300000 0.357870 0.298438 0.358796 0.297135 0.362963 0.294792 0.364352 0.291927 0.364352 0.289062 0.362963 0.285417 0.357870 0.280990 0.353241 0.280208
0 0.364352 0.264323 0.362037 0.270313 0.362037 0.273958 0.363426 0.277083 0.364352 0.277604 0.379167 0.277344 0.381944 0.276562 0.383333 0.275521 0.383333 0.271094 0.381019 0.267969 0.376389 0.265104 0.372222 0.263802
0 0.421759 0.267448 0.418519 0.271354 0.419907 0.275521 0.438426 0.278646 0.443981 0.278385 0.447685 0.276823 0.450000 0.271354 0.447685 0.267448 0.444444 0.265104 0.440741 0.264323 0.432870 0.264323
0 0.483796 0.267708 0.475000 0.266927 0.468519 0.268750 0.461574 0.271615 0.460185 0.274219 0.460648 0.278906 0.468056 0.282813 0.475926 0.283073 0.484259 0.280729 0.486574 0.279427 0.487500 0.276823 0.487037 0.270573 0.486111 0.269010
0 0.504167 0.265625 0.495833 0.266146 0.491667 0.267188 0.487963 0.270573 0.487963 0.276562 0.489815 0.279427 0.495833 0.281771 0.504630 0.280729 0.511574 0.278385 0.514815 0.275781 0.515278 0.271354 0.511111 0.267708
0 0.523611 0.271354 0.518981 0.273438 0.514352 0.278906 0.515741 0.284896 0.517593 0.286198 0.523148 0.287240 0.531944 0.287240 0.535185 0.286719 0.538889 0.285156 0.542593 0.279948 0.542130 0.277083 0.540741 0.275521 0.535185 0.272917 0.530093 0.271615
0 0.571759 0.263542 0.565741 0.264583 0.560648 0.268229 0.558333 0.271094 0.559259 0.276302 0.562500 0.279948 0.567593 0.282031 0.573148 0.282813 0.584259 0.280469 0.587963 0.277865 0.589815 0.274740 0.589352 0.271094 0.585648 0.267448 0.580093 0.264583
0 0.607870 0.269271 0.599074 0.269531 0.591667 0.271354 0.590741 0.272135 0.587963 0.279427 0.589352 0.281250 0.589352 0.283333 0.593981 0.286458 0.601852 0.287500 0.609259 0.286198 0.612037 0.284115 0.614815 0.274740 0.613426 0.271354
0 0.639815 0.274219 0.635648 0.273177 0.627315 0.272917 0.620370 0.274740 0.615741 0.277083 0.613889 0.279167 0.612963 0.283854 0.614815 0.287500 0.617593 0.289323 0.620833 0.290365 0.627778 0.290365 0.639815 0.288281 0.643981 0.286979 0.646296 0.283333 0.645833 0.280990 0.642130 0.275521
0 0.626389 0.259635 0.625926 0.267188 0.627315 0.269792 0.628241 0.270313 0.635185 0.270052 0.641667 0.271354 0.643519 0.271094 0.647685 0.267708 0.649074 0.263802 0.645833 0.261979 0.644907 0.259635 0.642593 0.258594 0.636111 0.258333
0 0.657407 0.262500 0.653704 0.262760 0.649537 0.264323 0.645833 0.270833 0.646296 0.275521 0.648611 0.278125 0.656019 0.280208 0.663889 0.279427 0.667593 0.278385 0.671759 0.275781 0.672222 0.273438 0.671759 0.269792 0.668519 0.265885 0.664815 0.263802
0 0.684259 0.271354 0.685185 0.275781 0.700926 0.280469 0.704630 0.280990 0.709259 0.280469 0.713889 0.279167 0.716667 0.276823 0.715278 0.271615 0.712037 0.267969 0.706481 0.266146 0.697685 0.266667 0.687963 0.269531
0 0.621759 0.250000 0.615278 0.248698 0.606481 0.248177 0.597685 0.250260 0.596296 0.251823 0.595370 0.256510 0.596759 0.259375 0.600463 0.262760 0.607407 0.264062 0.611574 0.263542 0.617130 0.261979 0.622685 0.259115 0.624537 0.255469 0.623611 0.251563
0 0.594907 0.251042 0.588889 0.247917 0.585185 0.246875 0.578704 0.246354 0.567130 0.247396 0.559722 0.251823 0.560185 0.256250 0.564352 0.259375 0.565741 0.261458 0.570370 0.262240 0.577778 0.261979 0.591204 0.258594 0.593981 0.257292 0.595370 0.253646
0 0.553241 0.253385 0.543056 0.253646 0.535648 0.255729 0.532407 0.259375 0.533333 0.267969 0.537963 0.271875 0.543056 0.273698 0.545370 0.273958 0.547222 0.273177 0.555556 0.271875 0.564815 0.263802 0.564352 0.259635 0.558796 0.254948
0 0.518056 0.255469 0.513889 0.256771 0.509722 0.259115 0.505093 0.264062 0.506944 0.266146 0.517593 0.269792 0.525000 0.270573 0.529167 0.269271 0.531481 0.267708 0.531481 0.259635 0.529630 0.257292 0.525463 0.255469
0 0.472685 0.252344 0.470370 0.255469 0.472222 0.259635 0.477778 0.262500 0.481019 0.264870 0.486111 0.266667 0.489815 0.267708 0.493519 0.266406 0.499537 0.265625 0.502315 0.264323 0.506019 0.259896 0.506019 0.255729 0.494722 0.250703 0.482870 0.249219
0 0.449074 0.254427 0.445833 0.256771 0.444907 0.263802 0.449537 0.269531 0.453241 0.271094 0.462037 0.270573 0.471296 0.267708 0.473148 0.265885 0.473611 0.262760 0.470370 0.259115 0.467130 0.257292 0.457870 0.254167 0.452778 0.253906
0 0.427315 0.251302 0.419444 0.251042 0.414352 0.252344 0.412963 0.253906 0.412037 0.260417 0.413426 0.263542 0.415278 0.265625 0.419907 0.267448 0.425463 0.266667 0.435185 0.264062 0.437037 0.262500 0.437500 0.258594 0.436111 0.255729 0.431944 0.252865
0 0.379167 0.252344 0.376852 0.255208 0.377778 0.258073 0.380556 0.260156 0.387037 0.262240 0.391204 0.263021 0.400926 0.263542 0.408796 0.262500 0.411574 0.260677 0.412500 0.255990 0.412037 0.251823 0.406481 0.249219 0.397685 0.248698 0.385185 0.249740
0 0.346759 0.247917 0.343981 0.250000 0.343519 0.253385 0.345370 0.257031 0.350463 0.260417 0.355556 0.261198 0.361574 0.260937 0.367130 0.259115 0.371296 0.256510 0.370370 0.251042 0.367593 0.248698 0.364352 0.247656 0.358333 0.246875
0 0.311111 0.248177 0.308333 0.251823 0.310648 0.255729 0.314352 0.258333 0.320370 0.260156 0.331019 0.262240 0.335648 0.260417 0.341667 0.255990 0.341204 0.251302 0.338426 0.249479 0.325463 0.247396 0.314352 0.247396
0 0.290741 0.236458 0.287037 0.238021 0.285648 0.240104 0.286111 0.244531 0.288889 0.249479 0.291204 0.251042 0.297222 0.252604 0.303241 0.253125 0.306944 0.252344 0.311574 0.246094 0.311574 0.242708 0.310185 0.240365 0.306944 0.237500 0.302315 0.235417
0 0.430093 0.247917 0.431481 0.252083 0.433796 0.253646 0.436111 0.254167 0.447685 0.254427 0.457407 0.252083 0.457407 0.247917 0.450463 0.243229 0.440741 0.241406 0.436111 0.242448 0.433333 0.244010
0 0.497222 0.240104 0.494907 0.243750 0.494907 0.248438 0.497685 0.251563 0.511111 0.255208 0.524537 0.254948 0.528241 0.253385 0.529630 0.250781 0.530093 0.243750 0.528704 0.241927 0.523148 0.238802 0.519907 0.238021 0.510185 0.237240 0.504167 0.237760
0 0.684259 0.238021 0.676852 0.237760 0.669907 0.239063 0.663426 0.244010 0.662500 0.251563 0.665741 0.254948 0.669444 0.256510 0.678704 0.257031 0.683796 0.256250 0.691667 0.251563 0.692130 0.243750 0.688889 0.240625
0 0.637963 0.242188 0.634259 0.244010 0.631944 0.247656 0.635185 0.251823 0.642130 0.256510 0.649537 0.257031 0.653241 0.255990 0.659722 0.252083 0.659722 0.247917 0.651852 0.243490 0.643056 0.241667
0 0.178704 0.226823 0.171296 0.225521 0.165741 0.226042 0.162963 0.226823 0.153704 0.232031 0.152315 0.235156 0.152778 0.237500 0.156481 0.240625 0.161574 0.243229 0.169444 0.243490 0.173611 0.242969 0.176389 0.241927 0.180556 0.237240 0.182407 0.233073 0.181481 0.228646
0 0.188426 0.234115 0.186111 0.236198 0.186574 0.241146 0.187963 0.244271 0.193519 0.250000 0.203241 0.252344 0.212037 0.251823 0.216667 0.250781 0.218519 0.249479 0.221759 0.244271 0.221759 0.239844 0.220833 0.238802 0.217130 0.236719 0.206019 0.232813 0.196759 0.232031
0 0.228704 0.227604 0.229630 0.234115 0.231481 0.235677 0.234722 0.236458 0.253704 0.238021 0.258333 0.236458 0.262500 0.233333 0.262500 0.231771 0.259722 0.228385 0.253241 0.225260 0.244444 0.224219 0.233796 0.224219 0.231019 0.225260
0 0.207407 0.225781 0.206019 0.227865 0.206481 0.232552 0.211574 0.235417 0.218519 0.237760 0.226852 0.236719 0.228241 0.235156 0.228704 0.232292 0.225000 0.227083 0.218981 0.223958 0.211574 0.223958
0 0.260185 0.217708 0.254167 0.220573 0.253704 0.225000 0.260185 0.228125 0.267593 0.228385 0.271574 0.225911 0.275417 0.223229 0.279167 0.220573 0.274537 0.217708
0 0.288426 0.221094 0.277315 0.222135 0.273611 0.224740 0.269120 0.227552 0.268287 0.228464 0.269444 0.231510 0.270833 0.233854 0.274074 0.235937 0.280093 0.237760 0.288426 0.237240 0.297685 0.233854 0.300000 0.232031 0.300926 0.228125 0.297685 0.224479 0.294444 0.222656
0 0.254630 0.201563 0.253704 0.203125 0.253704 0.208594 0.263426 0.216667 0.266204 0.217448 0.274537 0.217708 0.281944 0.215885 0.286111 0.213281 0.285648 0.209115 0.277315 0.203125 0.261574 0.200260 0.259259 0.200260
0 0.233796 0.208333 0.227315 0.213021 0.225926 0.216406 0.227315 0.218490 0.234259 0.223177 0.243519 0.223958 0.250926 0.223438 0.258796 0.216927 0.257407 0.213021 0.253704 0.209896 0.250000 0.208333 0.239815 0.207292
0 0.189815 0.212760 0.188889 0.217448 0.192593 0.222917 0.195833 0.224740 0.205556 0.226302 0.215278 0.222917 0.216204 0.221875 0.215278 0.216667 0.205093 0.211719 0.197685 0.211198
0 0.177315 0.211458 0.173611 0.211458 0.170000 0.213021 0.165741 0.214583 0.162037 0.218490 0.161111 0.221354 0.162963 0.224219 0.164352 0.224740 0.178241 0.225521 0.185185 0.224219 0.188889 0.221354 0.188102 0.216094 0.182917 0.211823
0 0.292130 0.212500 0.288565 0.217214 0.290833 0.219766 0.295370 0.221354 0.301852 0.223438 0.309259 0.224219 0.315972 0.222500 0.322685 0.222656 0.325926 0.221094 0.328241 0.216927 0.328704 0.212500 0.324537 0.209635 0.317130 0.206771 0.308796 0.206510 0.302315 0.207813 0.295833 0.210156
0 0.312500 0.223438 0.305093 0.227083 0.303704 0.232552 0.305093 0.233594 0.313426 0.236458 0.315741 0.240365 0.318519 0.241667 0.328704 0.243490 0.332870 0.243229 0.334722 0.242448 0.336111 0.240625 0.336111 0.232031 0.334259 0.229427 0.327778 0.224479 0.323611 0.222656 0.315741 0.222656
0 0.343519 0.228906 0.339815 0.230208 0.337963 0.232552 0.337037 0.240365 0.339352 0.243229 0.343981 0.246615 0.353241 0.246615 0.358796 0.245052 0.364352 0.241927 0.366204 0.237240 0.366204 0.232292 0.363426 0.230469 0.358333 0.228906
0 0.329167 0.215365 0.326620 0.220260 0.327639 0.223724 0.331944 0.227109 0.336574 0.229687 0.344444 0.228385 0.352778 0.226042 0.355093 0.224740 0.356019 0.220573 0.351389 0.216667 0.337963 0.214323 0.332407 0.214583
0 0.342130 0.198698 0.335648 0.200781 0.331944 0.203646 0.331481 0.208594 0.332407 0.210938 0.335185 0.213021 0.340648 0.214583 0.362500 0.218594 0.363472 0.217995 0.364352 0.215625 0.365278 0.213281 0.364352 0.208594 0.355556 0.201042 0.349074 0.198958
0 0.380093 0.230208 0.372685 0.230729 0.368981 0.232031 0.366667 0.235677 0.366204 0.239323 0.366667 0.244531 0.368981 0.247917 0.371296 0.249740 0.378241 0.250781 0.387037 0.244792 0.389074 0.238255 0.389815 0.232813 0.384722 0.230729
0 0.433333 0.235937 0.427778 0.234115 0.419444 0.233333 0.414815 0.234635 0.410648 0.238542 0.406944 0.244010 0.407407 0.247135 0.408796 0.248958 0.412963 0.250781 0.422222 0.250260 0.428241 0.248958 0.437500 0.240885 0.437500 0.239844
0 0.467130 0.233333 0.462500 0.234896 0.456019 0.240104 0.455093 0.244792 0.457870 0.248177 0.462037 0.250260 0.467130 0.251302 0.475463 0.251302 0.484259 0.247917 0.487037 0.244010 0.488426 0.239844 0.487037 0.238281 0.480093 0.234635 0.475926 0.233594
0 0.430093 0.226042 0.426852 0.228385 0.425000 0.232552 0.432870 0.235677 0.440278 0.240885 0.447685 0.242188 0.454167 0.241146 0.459722 0.236458 0.461574 0.232031 0.459259 0.228646 0.452315 0.226042 0.441204 0.223177
0 0.394907 0.220573 0.393981 0.225000 0.396296 0.227083 0.403704 0.230990 0.412500 0.233854 0.419907 0.232813 0.421759 0.232031 0.425000 0.228646 0.426389 0.224479 0.424537 0.221094 0.420833 0.219010 0.414352 0.217188 0.405093 0.217188 0.400000 0.218229
0 0.357870 0.220312 0.356944 0.224740 0.360648 0.228125 0.369907 0.229948 0.380556 0.229427 0.383333 0.228385 0.384722 0.225781 0.384259 0.221094 0.378704 0.216927 0.374074 0.215885 0.369444 0.215885 0.362037 0.217969
0 0.392593 0.204687 0.385185 0.204948 0.379491 0.206693 0.376852 0.209896 0.376389 0.213802 0.377315 0.215885 0.385926 0.222604 0.391435 0.222786 0.398426 0.218464 0.402593 0.217161 0.403796 0.214375 0.402130 0.207734
0 0.433796 0.208594 0.426852 0.209635 0.423148 0.216927 0.426852 0.224870 0.431435 0.225026 0.442130 0.222396 0.443981 0.221354 0.446759 0.216406 0.444444 0.211458 0.439352 0.209635
0 0.402778 0.204948 0.402778 0.209375 0.405093 0.216406 0.406019 0.216927 0.412037 0.217188 0.420370 0.216667 0.423148 0.214583 0.423611 0.211719 0.422222 0.208594 0.418519 0.204687 0.415741 0.203385 0.411574 0.203125
0 0.468981 0.210417 0.461111 0.210417 0.452315 0.212500 0.448148 0.214844 0.446296 0.217188 0.445370 0.221094 0.448148 0.224219 0.461574 0.229427 0.471759 0.227604 0.474537 0.226042 0.479167 0.220833 0.479167 0.216667 0.476389 0.213021 0.472685 0.211198
0 0.482870 0.219271 0.476852 0.223177 0.474074 0.228906 0.482870 0.236198 0.485185 0.237240 0.496296 0.239844 0.499537 0.239323 0.504167 0.237500 0.506019 0.234635 0.506019 0.227865 0.501389 0.221354 0.497222 0.219792 0.489815 0.218490
0 0.479630 0.203125 0.476852 0.204687 0.473611 0.208073 0.473611 0.209375 0.479167 0.214323 0.487037 0.217708 0.495370 0.219531 0.504167 0.219271 0.507407 0.216927 0.509259 0.212240 0.509259 0.208333 0.507407 0.206510 0.502315 0.203385 0.498611 0.202344 0.486111 0.201823
0 0.458333 0.189844 0.455093 0.191146 0.453704 0.192708 0.453704 0.198958 0.454630 0.201302 0.456944 0.203646 0.461574 0.205990 0.469444 0.205469 0.473611 0.203385 0.479630 0.198958 0.480093 0.195833 0.479167 0.193229 0.469444 0.189844
0 0.448148 0.189062 0.440278 0.189062 0.436111 0.190365 0.428704 0.194271 0.426389 0.196354 0.424074 0.200521 0.424074 0.202344 0.426852 0.206510 0.430093 0.208073 0.442593 0.210156 0.448148 0.207813 0.452778 0.201823 0.452315 0.192188 0.450926 0.190365
0 0.388889 0.196354 0.390741 0.202865 0.393519 0.204427 0.399074 0.205729 0.418056 0.202083 0.423611 0.197656 0.422222 0.195833 0.406944 0.192448 0.397222 0.192448 0.392130 0.193229 0.390278 0.194271
0 0.412963 0.173177 0.406481 0.175521 0.403241 0.177865 0.401389 0.181510 0.401389 0.185677 0.405093 0.188021 0.415278 0.191667 0.418981 0.192448 0.427315 0.192188 0.431481 0.190104 0.433333 0.187760 0.433796 0.185156 0.431944 0.181250 0.429167 0.178906 0.423148 0.175781
0 0.392593 0.173177 0.384259 0.172396 0.377315 0.174479 0.372685 0.177083 0.369907 0.184115 0.369907 0.188542 0.371296 0.190104 0.377778 0.191406 0.385648 0.191146 0.392593 0.189844 0.400926 0.185938 0.401852 0.181250 0.400463 0.177604
0 0.336574 0.178906 0.333796 0.181771 0.338426 0.189323 0.344444 0.195312 0.351389 0.195833 0.357407 0.194531 0.366667 0.190104 0.367593 0.188021 0.367130 0.184635 0.355093 0.179167 0.350926 0.178125 0.341667 0.178125
0 0.322222 0.180990 0.316667 0.182552 0.312963 0.185417 0.314352 0.197396 0.319907 0.202604 0.321759 0.203125 0.330556 0.203125 0.342130 0.197396 0.342130 0.193229 0.334259 0.183594 0.330093 0.181510
0 0.279630 0.200781 0.281481 0.205208 0.287500 0.208594 0.293981 0.210156 0.305093 0.207292 0.314352 0.205729 0.316204 0.202604 0.316204 0.200781 0.314815 0.199479 0.307407 0.195833 0.302315 0.194531 0.295370 0.194010 0.287037 0.195052 0.282407 0.197396
0 0.294907 0.179688 0.290741 0.181771 0.288426 0.184635 0.287037 0.189583 0.290278 0.193229 0.295833 0.194271 0.305093 0.194531 0.308796 0.194010 0.311574 0.190625 0.310185 0.185156 0.303241 0.180990
0 0.255093 0.185417 0.253704 0.187760 0.254167 0.192708 0.256944 0.196354 0.260648 0.199219 0.264815 0.200521 0.272222 0.201302 0.275926 0.201042 0.280093 0.198958 0.286111 0.193490 0.283333 0.189062 0.280556 0.186979 0.274074 0.184896 0.265741 0.183594 0.260185 0.183594
0 0.231944 0.190885 0.228704 0.192708 0.227315 0.195312 0.227315 0.198958 0.229630 0.202083 0.237037 0.207031 0.245370 0.208073 0.251852 0.207292 0.253241 0.205469 0.253241 0.201042 0.255556 0.197917 0.253704 0.194792 0.247685 0.191667 0.242130 0.190104 0.239352 0.189844
0 0.211574 0.200521 0.208796 0.201823 0.206481 0.204948 0.207870 0.211198 0.212037 0.213542 0.218056 0.214844 0.220833 0.214583 0.225463 0.213281 0.227778 0.210938 0.231481 0.209115 0.230556 0.204687 0.229167 0.203125 0.225000 0.201563
0 0.208426 0.197422 0.197222 0.197135 0.190278 0.198698 0.180093 0.202865 0.179167 0.204167 0.179630 0.207552 0.181481 0.209896 0.184259 0.211458 0.191667 0.212240 0.200000 0.210156 0.201852 0.209115 0.205093 0.205990 0.209213 0.201016
0 0.156019 0.198437 0.153241 0.199219 0.151389 0.201042 0.152315 0.205469 0.156019 0.211458 0.164676 0.214635 0.171389 0.212109 0.178241 0.209115 0.178704 0.203906 0.177778 0.202604 0.168519 0.198958 0.163426 0.198177
0 0.830093 0.263542 0.828704 0.266667 0.829630 0.271354 0.837037 0.275521 0.839815 0.277865 0.842593 0.278646 0.851389 0.278385 0.859722 0.274479 0.861111 0.272656 0.861111 0.270052 0.860185 0.267708 0.856944 0.264844 0.843981 0.262500 0.833796 0.262760
0 0.797222 0.266406 0.794907 0.264323 0.790741 0.263542 0.781019 0.264062 0.774537 0.265365 0.768519 0.267448 0.766667 0.269271 0.766204 0.272135 0.772222 0.275521 0.779630 0.276562 0.788426 0.276302 0.790741 0.275781 0.795370 0.273177 0.796759 0.271094
0 0.739815 0.253385 0.731944 0.253125 0.722222 0.255729 0.722222 0.260417 0.724074 0.263542 0.731944 0.267969 0.735185 0.267708 0.739815 0.265365 0.745833 0.259896 0.743981 0.255729
0 0.741667 0.244010 0.733333 0.240885 0.728241 0.240104 0.712037 0.240365 0.707407 0.241146 0.703241 0.243750 0.704167 0.252083 0.706944 0.253646 0.710648 0.254427 0.718981 0.254688 0.726852 0.253646 0.733796 0.252083 0.738889 0.249479 0.741204 0.247656
0 0.857407 0.248698 0.854630 0.251563 0.857407 0.257031 0.860185 0.258073 0.864815 0.258333 0.869907 0.255990 0.872222 0.251823 0.864815 0.247917
0 0.833333 0.247917 0.829630 0.251042 0.827778 0.254948 0.827778 0.256510 0.830556 0.260417 0.834259 0.261719 0.845833 0.262240 0.850000 0.263021 0.854630 0.262240 0.857407 0.260156 0.858333 0.256250 0.854630 0.251823 0.843519 0.247396 0.836574 0.247135
0 0.807407 0.254167 0.801389 0.257031 0.799537 0.259375 0.800000 0.262760 0.801389 0.264844 0.808333 0.268750 0.822222 0.270833 0.825463 0.270313 0.828241 0.267708 0.828241 0.262240 0.829167 0.260156 0.826852 0.255729 0.824537 0.254688 0.816667 0.253125
0 0.802778 0.244010 0.797222 0.242448 0.787500 0.242448 0.778241 0.245052 0.770833 0.249740 0.770833 0.256250 0.774074 0.258073 0.782407 0.258854 0.792130 0.258073 0.800000 0.255990 0.804630 0.253125 0.806481 0.247917
0 0.808796 0.234896 0.803241 0.237240 0.800463 0.239844 0.800463 0.240885 0.808333 0.249479 0.817130 0.249740 0.821296 0.247917 0.824537 0.245312 0.825463 0.240104 0.823148 0.238021 0.820370 0.236979
0 0.848148 0.223958 0.843519 0.226562 0.842593 0.227865 0.843981 0.233854 0.849537 0.238021 0.852778 0.239323 0.856944 0.239844 0.864815 0.239583 0.868981 0.237500 0.870370 0.234375 0.869907 0.229948 0.867593 0.226302 0.863889 0.223958 0.858333 0.222396 0.852315 0.222917
0 0.878704 0.201302 0.871759 0.200000 0.862963 0.200260 0.856944 0.201563 0.849074 0.204687 0.846759 0.209115 0.850463 0.214323 0.857407 0.217188 0.865741 0.217188 0.871759 0.215625 0.879167 0.211198 0.881481 0.208854 0.882407 0.204427
0 0.843981 0.207292 0.836111 0.208073 0.832870 0.209115 0.825463 0.213021 0.821296 0.216406 0.821759 0.221094 0.825926 0.223698 0.829630 0.225000 0.836111 0.225781 0.839815 0.225521 0.843981 0.224219 0.846296 0.222135 0.848611 0.216927 0.849074 0.212500 0.845833 0.208073
0 0.793981 0.217188 0.790741 0.218750 0.787963 0.221875 0.787037 0.226302 0.785648 0.228125 0.786574 0.230208 0.793519 0.232813 0.803241 0.232813 0.808796 0.231771 0.814352 0.228646 0.814352 0.224479 0.809259 0.218750 0.803704 0.217188
0 0.758796 0.233854 0.756481 0.240625 0.760185 0.243490 0.766204 0.244531 0.770370 0.244531 0.778704 0.243490 0.781019 0.242448 0.782407 0.240885 0.781944 0.235677 0.778704 0.233073 0.774074 0.231771 0.765741 0.230990
0 0.739815 0.227344 0.736574 0.228125 0.732407 0.230990 0.731019 0.234635 0.731481 0.240365 0.739352 0.243229 0.746759 0.243750 0.750463 0.242708 0.755093 0.240365 0.756944 0.236719 0.755556 0.231771 0.750000 0.227865 0.747222 0.227083
0 0.768519 0.214323 0.762500 0.216406 0.757407 0.220312 0.758333 0.224740 0.761574 0.227604 0.766204 0.229948 0.772222 0.230729 0.780556 0.230208 0.784259 0.228125 0.786574 0.225000 0.788426 0.220833 0.786574 0.216927 0.778704 0.214323 0.774537 0.213802
0 0.760648 0.204948 0.754630 0.203646 0.751852 0.203646 0.743981 0.204948 0.738426 0.207552 0.732407 0.212500 0.730093 0.216146 0.732407 0.221875 0.734259 0.222917 0.739352 0.223698 0.747222 0.223177 0.754167 0.220833 0.762500 0.216146 0.765741 0.213021 0.765278 0.208594
0 0.684259 0.229427 0.682870 0.231771 0.683796 0.236198 0.690741 0.241406 0.693981 0.242708 0.699537 0.242969 0.703704 0.242188 0.708333 0.239844 0.712037 0.236719 0.712037 0.232031 0.705093 0.228906 0.699537 0.228125 0.687963 0.228385
0 0.712963 0.205990 0.705093 0.204427 0.697685 0.205208 0.687037 0.210417 0.685648 0.212240 0.685185 0.217188 0.687037 0.220833 0.690278 0.221875 0.699537 0.222135 0.707870 0.220052 0.716667 0.215104 0.718056 0.208854
0 0.596759 0.233333 0.595370 0.236458 0.600463 0.242188 0.606481 0.245833 0.612500 0.248177 0.620833 0.249740 0.625926 0.248698 0.631019 0.246354 0.636574 0.240365 0.633333 0.235937 0.628241 0.234115 0.622685 0.233073 0.612963 0.232552 0.606019 0.231510 0.598611 0.232552
0 0.662963 0.216146 0.656944 0.215625 0.643519 0.216667 0.640741 0.217708 0.637500 0.221354 0.636111 0.225000 0.637037 0.228906 0.641204 0.231510 0.647685 0.233073 0.655556 0.233073 0.662037 0.230729 0.665741 0.227344 0.667130 0.224740 0.666667 0.220573
0 0.614352 0.218750 0.610185 0.220052 0.606481 0.222135 0.605093 0.224219 0.604630 0.228906 0.606019 0.230208 0.610648 0.231771 0.621759 0.232813 0.625926 0.230469 0.626852 0.227344 0.626389 0.223177 0.625000 0.221094 0.621759 0.219010
0 0.551389 0.234375 0.550000 0.236198 0.549537 0.240365 0.555556 0.243490 0.565741 0.247135 0.576389 0.246094 0.578241 0.245312 0.583333 0.240625 0.581481 0.235156 0.579167 0.233594 0.574537 0.232292 0.566667 0.231510 0.559259 0.232031 0.553241 0.233333
0 0.542593 0.222396 0.535648 0.222396 0.531944 0.223958 0.526389 0.229167 0.522222 0.236198 0.524537 0.239844 0.531481 0.242188 0.539352 0.242708 0.543056 0.241927 0.547222 0.239844 0.549537 0.236719 0.550926 0.233333 0.550000 0.228385 0.545833 0.223177
0 0.517593 0.226302 0.509722 0.226823 0.506944 0.228125 0.506944 0.233073 0.504630 0.236458 0.516667 0.237500 0.521296 0.236719 0.520833 0.228385
0 0.524074 0.207031 0.515278 0.208073 0.511111 0.209896 0.509259 0.212240 0.507870 0.217188 0.512963 0.223438 0.516204 0.225260 0.524537 0.226823 0.532870 0.222656 0.535648 0.219010 0.536111 0.215885 0.534722 0.212500 0.531481 0.208594 0.529167 0.207552
0 0.593981 0.215365 0.586111 0.215365 0.577778 0.217969 0.572222 0.221094 0.568981 0.224219 0.568981 0.228646 0.572222 0.231250 0.577778 0.232552 0.579630 0.233594 0.587500 0.234375 0.593981 0.232813 0.601852 0.228385 0.604167 0.224740 0.604167 0.220573 0.599537 0.217448
0 0.551852 0.215104 0.548611 0.216667 0.546759 0.220052 0.547222 0.224740 0.548611 0.226302 0.551852 0.228125 0.557870 0.229687 0.566204 0.228646 0.568519 0.226562 0.571759 0.221094 0.570370 0.217969 0.559722 0.214844
0 0.535648 0.198177 0.532407 0.198958 0.530093 0.200781 0.530093 0.205469 0.531481 0.208594 0.538426 0.216146 0.545370 0.216406 0.556944 0.211198 0.558796 0.209115 0.558333 0.203906 0.555556 0.201563 0.545370 0.197917
0 0.565741 0.197135 0.560185 0.200781 0.560185 0.205469 0.563889 0.210938 0.569444 0.214323 0.575463 0.215365 0.580556 0.215365 0.588426 0.212760 0.591204 0.210156 0.592130 0.204687 0.588889 0.201563 0.581019 0.197656 0.573611 0.196615
0 0.614815 0.201563 0.607407 0.202083 0.603704 0.203906 0.598611 0.204948 0.592130 0.208854 0.592593 0.213021 0.607407 0.219010 0.612963 0.218229 0.615741 0.217188 0.620370 0.208594 0.620833 0.204687
0 0.643056 0.197135 0.632407 0.198698 0.622222 0.204687 0.623148 0.209115 0.629167 0.213281 0.634259 0.214583 0.643056 0.214583 0.649537 0.213021 0.654630 0.209635 0.657407 0.206510 0.657870 0.204427 0.656944 0.202604 0.651389 0.199479
0 0.670833 0.196354 0.662037 0.198437 0.660185 0.201042 0.659259 0.204948 0.660185 0.208594 0.662963 0.212240 0.667593 0.213802 0.670833 0.213802 0.673148 0.212760 0.678241 0.208854 0.680556 0.205469 0.680093 0.200521 0.676852 0.197917
0 0.496759 0.185938 0.483333 0.186979 0.480556 0.188802 0.480093 0.194271 0.481944 0.197917 0.485648 0.200781 0.489352 0.201823 0.497222 0.202083 0.502315 0.200521 0.506019 0.197135 0.508333 0.193490 0.502315 0.188021
0 0.510185 0.193750 0.506481 0.196094 0.504167 0.199219 0.503704 0.201823 0.505556 0.204948 0.510185 0.207552 0.518981 0.207552 0.528241 0.206250 0.529630 0.205208 0.529167 0.200781 0.526389 0.197135 0.522685 0.194792 0.519444 0.193750
0 0.543981 0.186198 0.537500 0.189323 0.539815 0.193229 0.551852 0.200000 0.559259 0.200260 0.562037 0.197135 0.562500 0.193229 0.560648 0.189583 0.556019 0.186458 0.552315 0.185156
0 0.543056 0.177344 0.533333 0.175781 0.527315 0.176042 0.524074 0.177344 0.520370 0.184896 0.520370 0.186198 0.524074 0.191146 0.531481 0.191146 0.534259 0.190625 0.547222 0.184115 0.548611 0.181250
0 0.593056 0.186198 0.585185 0.189323 0.584722 0.197656 0.588889 0.201302 0.593519 0.203646 0.600926 0.204167 0.605093 0.202604 0.610648 0.199219 0.611111 0.196354 0.610185 0.192969 0.606944 0.189062 0.601389 0.186458
0 0.613426 0.185677 0.610648 0.188802 0.611574 0.193750 0.614815 0.196094 0.625000 0.198177 0.629630 0.198437 0.638889 0.197396 0.642593 0.195833 0.643981 0.193490 0.643056 0.189062 0.638889 0.186198 0.629167 0.183073 0.621296 0.182812 0.617130 0.183854
0 0.694907 0.180990 0.693056 0.181771 0.689815 0.185156 0.689352 0.190104 0.690741 0.193229 0.697685 0.197396 0.702315 0.197917 0.707407 0.197656 0.716667 0.193490 0.718056 0.189583 0.716667 0.185417 0.711574 0.182552 0.704167 0.180729
0 0.677315 0.180729 0.669907 0.178646 0.663426 0.180208 0.660648 0.181510 0.657870 0.184115 0.652778 0.186719 0.650463 0.188802 0.648611 0.192188 0.648611 0.195052 0.650926 0.197135 0.655556 0.197917 0.663426 0.197917 0.673148 0.195312 0.677315 0.193490 0.682870 0.189583 0.683333 0.187240 0.682870 0.184896
0 0.626389 0.174219 0.623148 0.177604 0.625000 0.180729 0.642130 0.187240 0.650463 0.187240 0.655556 0.184896 0.658796 0.181771 0.657870 0.173437 0.654167 0.171615 0.650463 0.171094 0.635185 0.171094
0 0.594907 0.172917 0.593056 0.172656 0.586111 0.173698 0.581481 0.175260 0.577778 0.177604 0.574537 0.181771 0.573611 0.185677 0.578241 0.188802 0.581481 0.189062 0.585648 0.188542 0.590741 0.186719 0.599537 0.186198 0.603241 0.185156 0.605093 0.182292 0.603704 0.177604 0.600000 0.175000 0.596296 0.173958
0 0.550463 0.166146 0.545833 0.167969 0.543519 0.170052 0.543056 0.175000 0.544444 0.177344 0.548148 0.179688 0.550463 0.182552 0.554167 0.184375 0.561574 0.184896 0.568981 0.183854 0.571296 0.182552 0.573611 0.178385 0.572685 0.173698 0.569907 0.171354 0.564352 0.168490 0.552778 0.165885
0 0.628241 0.160677 0.623611 0.159635 0.616667 0.159896 0.611574 0.160938 0.604167 0.165625 0.600926 0.173958 0.610185 0.176302 0.615278 0.176563 0.621759 0.175521 0.628241 0.173177 0.632407 0.169792 0.633333 0.166927 0.632407 0.163802
0 0.572685 0.156771 0.566667 0.160938 0.563889 0.165625 0.567130 0.169792 0.572222 0.172917 0.575463 0.173437 0.582407 0.173437 0.590741 0.172135 0.593519 0.170052 0.594907 0.166667 0.592130 0.161198 0.587963 0.159115 0.580093 0.156771
0 0.608333 0.149219 0.595370 0.149740 0.592593 0.150521 0.590741 0.152083 0.588426 0.158594 0.590741 0.161198 0.596759 0.163802 0.603241 0.164062 0.606944 0.163281 0.608796 0.162240 0.611111 0.158594 0.610648 0.151042 0.610185 0.150000
0 0.843519 0.178125 0.838889 0.177083 0.835648 0.177083 0.829167 0.180208 0.822685 0.186458 0.822685 0.190365 0.827778 0.191927 0.831944 0.192188 0.840741 0.191146 0.846296 0.189062 0.848611 0.185677 0.847685 0.181510
0 0.737500 0.173437 0.737500 0.177865 0.738426 0.178646 0.745833 0.181510 0.750926 0.182552 0.757870 0.182812 0.764352 0.182031 0.767593 0.180729 0.769444 0.178125 0.769444 0.173698 0.768056 0.171615 0.760648 0.170052 0.743981 0.170833 0.739815 0.171875
0 0.864815 0.144271 0.858333 0.145052 0.854630 0.149740 0.852778 0.154167 0.852778 0.158333 0.857407 0.159896 0.864815 0.160156 0.872685 0.157812 0.875463 0.156250 0.876852 0.154427 0.876389 0.150260 0.871296 0.146875
0 0.722685 0.169531 0.718519 0.166927 0.711111 0.166146 0.704630 0.167969 0.693981 0.172396 0.693056 0.173437 0.693056 0.178385 0.695833 0.179427 0.705556 0.179427 0.720833 0.177083 0.724074 0.175521 0.725463 0.173958
0 0.746296 0.158854 0.742593 0.157812 0.738889 0.157552 0.731944 0.159115 0.729630 0.160417 0.727315 0.163802 0.724537 0.165885 0.724074 0.170052 0.725463 0.172917 0.733333 0.173177 0.737963 0.172396 0.745370 0.169010 0.748148 0.166406 0.749074 0.161719
0 0.787963 0.108854 0.782870 0.110677 0.777778 0.114583 0.777778 0.116667 0.779167 0.119271 0.782407 0.121354 0.787963 0.123438 0.795370 0.124479 0.802315 0.122135 0.805556 0.118750 0.805556 0.113542 0.802315 0.109896 0.796296 0.108333
0 0.843981 0.144531 0.835185 0.144531 0.824074 0.146094 0.820370 0.150000 0.821296 0.154948 0.826389 0.156771 0.828704 0.158333 0.836111 0.159896 0.846296 0.158333 0.850926 0.154948 0.852315 0.150260 0.848611 0.146615
0 0.823611 0.156771 0.821759 0.156771 0.814352 0.158854 0.812963 0.159896 0.812500 0.170052 0.813889 0.170573 0.817593 0.170833 0.825926 0.170052 0.834259 0.166146 0.832870 0.161198
0 0.805093 0.155729 0.800926 0.155469 0.796296 0.156510 0.789815 0.159896 0.785648 0.164323 0.785185 0.166406 0.787963 0.169271 0.794907 0.173437 0.802315 0.173698 0.809259 0.172135 0.811574 0.170052 0.812500 0.166406 0.811574 0.159896 0.808333 0.156771
0 0.794907 0.135937 0.788889 0.138542 0.787963 0.142969 0.794907 0.151562 0.801852 0.155208 0.806944 0.154688 0.809722 0.153385 0.812037 0.147396 0.809259 0.139063 0.802778 0.135937
0 0.781481 0.149740 0.776389 0.152344 0.770370 0.154167 0.766667 0.157031 0.767130 0.159896 0.774074 0.163802 0.780556 0.163542 0.783333 0.161979 0.784722 0.158594 0.784722 0.152083 0.783796 0.150781
0 0.778241 0.136458 0.774537 0.135156 0.766667 0.135156 0.760185 0.137240 0.756944 0.139063 0.753241 0.142448 0.751852 0.145573 0.751852 0.151042 0.753241 0.152344 0.757870 0.152865 0.764815 0.152604 0.779630 0.147917 0.781944 0.142187 0.781019 0.138542
0 0.747222 0.146354 0.740741 0.142448 0.737963 0.142448 0.732407 0.144271 0.725463 0.145052 0.720370 0.146354 0.717130 0.149740 0.718056 0.155208 0.725463 0.157292 0.732870 0.157552 0.742130 0.155469 0.749537 0.150781
0 0.705556 0.152344 0.695833 0.152865 0.691667 0.154948 0.688426 0.158073 0.692593 0.167448 0.694907 0.169010 0.697685 0.169792 0.714352 0.165104 0.717130 0.162240 0.717593 0.158073 0.716667 0.157031
0 0.690648 0.154089 0.686389 0.153411 0.680833 0.153594 0.675463 0.156250 0.670833 0.159635 0.664352 0.163021 0.661574 0.165885 0.661111 0.171354 0.661574 0.173698 0.665741 0.176563 0.677315 0.178646 0.686574 0.176302 0.689352 0.175000 0.694444 0.169792 0.690741 0.163281 0.688889 0.157292 0.689815 0.155990
0 0.705093 0.137760 0.694907 0.138802 0.692130 0.139583 0.689815 0.141667 0.687963 0.146615 0.697222 0.151823 0.706019 0.151823 0.712037 0.150260 0.715741 0.146615 0.712037 0.140365
0 0.719907 0.121354 0.715278 0.121354 0.710648 0.122135 0.707407 0.124219 0.705556 0.126562 0.707407 0.134896 0.711574 0.137240 0.720370 0.136979 0.725463 0.135937 0.729167 0.133854 0.731019 0.131510 0.729630 0.126823 0.724074 0.122917
0 0.685648 0.126042 0.682407 0.130469 0.681481 0.135156 0.683333 0.136979 0.691204 0.139063 0.705093 0.136719 0.706944 0.135156 0.706944 0.130729 0.704630 0.126562 0.701852 0.124740 0.698611 0.123698 0.690278 0.123698
0 0.649537 0.121875 0.647222 0.125000 0.646759 0.127604 0.649537 0.131510 0.654630 0.134115 0.662963 0.136979 0.668519 0.137500 0.674537 0.136719 0.680093 0.134896 0.681944 0.131510 0.681481 0.126823 0.673148 0.121094 0.668056 0.119010 0.660648 0.118490 0.654630 0.119271
0 0.686111 0.138542 0.678704 0.136979 0.670370 0.137500 0.667593 0.138281 0.661574 0.142448 0.660648 0.146615 0.662500 0.149219 0.669907 0.151562 0.679630 0.150000 0.683796 0.147656 0.687963 0.143229 0.687963 0.140885
0 0.662963 0.149740 0.654630 0.149740 0.645370 0.154167 0.639352 0.158073 0.638426 0.163021 0.640741 0.166146 0.650926 0.166146 0.658333 0.164844 0.668056 0.160677 0.670833 0.158073 0.666667 0.152083
0 0.649074 0.141406 0.643981 0.139844 0.635185 0.138802 0.629167 0.140104 0.623611 0.142969 0.620833 0.146354 0.619907 0.150521 0.622222 0.155208 0.624537 0.157292 0.627778 0.158333 0.638889 0.157292 0.651389 0.151562 0.652778 0.150521 0.652778 0.145313 0.650926 0.142448
0 0.635185 0.128646 0.629630 0.127604 0.621296 0.128385 0.611574 0.131510 0.609722 0.134375 0.610185 0.136458 0.615741 0.141406 0.621759 0.142448 0.627778 0.141146 0.633333 0.138802 0.636574 0.135937 0.637500 0.130469
0 0.586574 0.134635 0.583333 0.137760 0.582407 0.142969 0.586574 0.145833 0.599074 0.148438 0.607407 0.147917 0.611574 0.146354 0.615278 0.142448 0.612037 0.138802 0.607870 0.135937 0.602315 0.134375 0.590741 0.133854
0 0.600926 0.118229 0.592130 0.119010 0.586574 0.122135 0.583796 0.126302 0.584722 0.129688 0.586574 0.132031 0.588889 0.133073 0.591667 0.133594 0.601389 0.133594 0.606019 0.132292 0.608796 0.130469 0.610185 0.127865 0.608796 0.124219 0.602778 0.119010
0 0.553241 0.113021 0.549537 0.115104 0.550000 0.119792 0.552778 0.123177 0.565741 0.128646 0.574074 0.128385 0.578241 0.125781 0.581019 0.122396 0.581481 0.118750 0.578704 0.115625 0.571759 0.112760 0.568056 0.111979 0.557407 0.111979
0 0.557870 0.131510 0.555556 0.134896 0.557407 0.137500 0.562500 0.141146 0.569444 0.142969 0.572685 0.144531 0.580093 0.141927 0.582870 0.138802 0.583333 0.134375 0.581944 0.133333 0.571759 0.129948 0.565278 0.129688
0 0.571759 0.143750 0.565741 0.142187 0.559259 0.142969 0.552778 0.145573 0.548148 0.150000 0.547685 0.155729 0.550000 0.158073 0.559259 0.158073 0.569444 0.155729 0.575000 0.153385 0.576389 0.151302 0.576389 0.149219 0.575000 0.146094
0 0.517130 0.136979 0.513426 0.138802 0.512963 0.142708 0.516204 0.145833 0.518981 0.151302 0.520833 0.152344 0.531019 0.153646 0.536574 0.153385 0.540278 0.152604 0.546759 0.150000 0.549537 0.145833 0.549537 0.141667 0.548611 0.138281 0.545370 0.136198 0.538889 0.134375 0.529630 0.134375
0 0.512963 0.155729 0.510648 0.158073 0.510185 0.162500 0.513426 0.167708 0.516667 0.169531 0.525000 0.170573 0.538426 0.168750 0.543519 0.166667 0.545833 0.161979 0.543056 0.157552 0.538426 0.154948 0.531944 0.153646 0.523148 0.152865
0 0.495370 0.174740 0.493519 0.177865 0.496759 0.182552 0.499074 0.184375 0.511574 0.186719 0.518056 0.186719 0.519907 0.185677 0.523611 0.178125 0.522222 0.175781 0.520370 0.174740 0.511111 0.172656 0.498148 0.173698
0 0.487037 0.163542 0.485185 0.165625 0.485185 0.170052 0.489815 0.173177 0.497222 0.173698 0.506944 0.172656 0.510648 0.171615 0.512500 0.170052 0.512037 0.165885 0.510648 0.163542 0.505556 0.161458 0.495370 0.160677 0.489815 0.161719
0 0.469907 0.175260 0.468056 0.177604 0.468519 0.183594 0.471759 0.185417 0.482407 0.187240 0.495833 0.185677 0.495833 0.181510 0.491667 0.176563 0.483796 0.172396 0.481944 0.172135 0.475463 0.172917
0 0.456481 0.170313 0.450926 0.171094 0.447222 0.172656 0.443981 0.175781 0.442593 0.179167 0.442593 0.182812 0.444444 0.186458 0.447685 0.188542 0.454630 0.190365 0.464815 0.188281 0.468056 0.185677 0.467593 0.176302 0.466667 0.174219 0.462963 0.172135 0.462037 0.170833
0 0.475926 0.156771 0.468056 0.157031 0.459259 0.159635 0.456019 0.161979 0.458333 0.169010 0.463889 0.172135 0.467593 0.173177 0.475463 0.172656 0.480556 0.171094 0.484722 0.168229 0.487963 0.162240 0.484722 0.159115
0 0.482870 0.144792 0.481481 0.146354 0.481019 0.151042 0.483333 0.154427 0.486574 0.156250 0.495833 0.157552 0.503704 0.157552 0.510648 0.156771 0.514352 0.154427 0.515741 0.151562 0.515278 0.146615 0.511574 0.142969 0.508796 0.141406 0.504630 0.140365 0.495833 0.140365 0.487963 0.142187
0 0.434259 0.160417 0.432870 0.161719 0.432407 0.166406 0.437500 0.170573 0.441667 0.171875 0.448148 0.171354 0.451852 0.170052 0.455093 0.166927 0.455093 0.165104 0.449537 0.160417 0.441204 0.158594
0 0.455556 0.139583 0.452778 0.142708 0.455556 0.146875 0.460185 0.150000 0.462500 0.152604 0.468056 0.154688 0.476852 0.152604 0.478704 0.151042 0.480093 0.147656 0.478704 0.143229 0.467593 0.139323 0.460648 0.138802
0 0.433333 0.145313 0.432407 0.146354 0.432870 0.152344 0.434259 0.155469 0.437037 0.157031 0.447222 0.159115 0.450463 0.159115 0.458333 0.157552 0.463426 0.154427 0.460648 0.150260 0.455556 0.146354 0.454630 0.144531 0.452778 0.143750 0.440278 0.142187
0 0.504167 0.129948 0.502778 0.130729 0.500926 0.138802 0.503704 0.139844 0.510648 0.140885 0.515741 0.138021 0.519444 0.134375 0.512500 0.129948 0.510648 0.129427
0 0.538889 0.112760 0.530556 0.112500 0.518519 0.117188 0.516667 0.119271 0.515278 0.123698 0.519907 0.127344 0.523148 0.128385 0.531481 0.128385 0.542593 0.126302 0.548148 0.123438 0.548148 0.118229 0.546759 0.116667
0 0.515741 0.111198 0.510185 0.108594 0.504167 0.108073 0.491667 0.109635 0.484259 0.114583 0.481944 0.118750 0.481944 0.123177 0.483796 0.126302 0.485648 0.127083 0.503704 0.127865 0.511574 0.125260 0.514815 0.122656 0.516667 0.119271 0.517593 0.114583
0 0.459722 0.103385 0.457407 0.107031 0.458796 0.110937 0.475463 0.117969 0.482870 0.116406 0.488889 0.109635 0.489352 0.107031 0.487500 0.104688 0.482870 0.103125 0.470833 0.101823 0.466667 0.101823
0 0.454630 0.112760 0.451852 0.115104 0.451852 0.120313 0.453704 0.123177 0.453704 0.127083 0.456481 0.129948 0.461111 0.132292 0.468981 0.132292 0.474537 0.130990 0.480093 0.127344 0.478704 0.122656 0.476852 0.120313 0.471296 0.116146 0.466204 0.113542 0.462037 0.112240
0 0.433796 0.107813 0.426389 0.109635 0.422685 0.111198 0.422222 0.116146 0.423148 0.119792 0.425000 0.121875 0.430093 0.123958 0.433796 0.124740 0.441667 0.124219 0.450463 0.119271 0.450463 0.113542 0.449074 0.111719 0.442593 0.108594
0 0.440741 0.125000 0.438426 0.126302 0.435185 0.130469 0.434259 0.133594 0.434722 0.139323 0.437037 0.141146 0.439352 0.141667 0.450000 0.141927 0.453241 0.141146 0.457870 0.138281 0.459259 0.136198 0.458796 0.132292 0.457870 0.130990 0.452315 0.127865 0.445833 0.125781
0 0.415278 0.123958 0.412037 0.125521 0.407870 0.130729 0.411111 0.135677 0.415278 0.139323 0.418519 0.140625 0.424074 0.141146 0.431019 0.140625 0.434259 0.138802 0.434722 0.130469 0.432870 0.127865 0.426389 0.123698 0.419907 0.123177
0 0.421296 0.141927 0.412037 0.142969 0.408796 0.144531 0.407407 0.146094 0.406019 0.150260 0.406944 0.153646 0.412500 0.159896 0.420370 0.159635 0.429167 0.157812 0.431944 0.156510 0.433333 0.154688 0.432407 0.149479 0.429167 0.145052 0.425926 0.143229
0 0.419907 0.111198 0.414815 0.109375 0.406019 0.109375 0.399074 0.111719 0.393519 0.116406 0.388426 0.119010 0.392130 0.123438 0.402778 0.122396 0.414352 0.122135 0.419907 0.121094 0.422222 0.119271 0.421759 0.115104
0 0.370370 0.114062 0.367130 0.115104 0.365741 0.118750 0.366204 0.122656 0.369907 0.128385 0.371296 0.129167 0.379630 0.129167 0.387963 0.127083 0.389815 0.123958 0.389815 0.122135 0.387963 0.119271 0.379167 0.113802
0 0.390278 0.129688 0.386111 0.132031 0.383333 0.134635 0.386111 0.139323 0.393519 0.142969 0.398148 0.143750 0.406481 0.143229 0.408796 0.139323 0.408796 0.134635 0.406944 0.132552 0.403704 0.130990 0.399074 0.129948 0.392593 0.129167
0 0.385648 0.151823 0.382407 0.154167 0.380093 0.158073 0.381481 0.162500 0.384259 0.166406 0.387037 0.167448 0.394444 0.167708 0.400000 0.167187 0.405556 0.165885 0.410648 0.162500 0.410185 0.157812 0.406481 0.153385 0.404630 0.152344 0.400000 0.151562 0.390278 0.151302
0 0.357870 0.156250 0.353704 0.158854 0.350926 0.161979 0.351852 0.166406 0.355556 0.173958 0.358796 0.175781 0.372222 0.176302 0.380093 0.173177 0.381944 0.171615 0.383333 0.165365 0.381481 0.161458 0.379167 0.159115 0.374537 0.156510 0.365741 0.155469
0 0.371296 0.135417 0.367130 0.136719 0.361111 0.140365 0.356019 0.146354 0.356944 0.150781 0.357870 0.152083 0.363426 0.154427 0.369907 0.155729 0.378704 0.155729 0.382870 0.153125 0.385648 0.150260 0.388889 0.142448 0.382870 0.137500 0.378704 0.136198
0 0.350000 0.120052 0.343981 0.121615 0.337500 0.126823 0.337500 0.133594 0.338889 0.138542 0.341667 0.142448 0.343519 0.143490 0.350926 0.145052 0.364815 0.137760 0.368981 0.134115 0.370370 0.130208 0.364352 0.123438 0.354167 0.120573
0 0.335648 0.144531 0.331944 0.145833 0.329167 0.148698 0.326852 0.154167 0.328241 0.158854 0.330093 0.160417 0.337963 0.162240 0.342593 0.162760 0.347685 0.162500 0.350926 0.161458 0.351852 0.159635 0.358333 0.154427 0.356019 0.149219 0.354630 0.147656 0.350000 0.145833 0.343981 0.144531
0 0.350463 0.164323 0.344907 0.163542 0.336111 0.164323 0.326852 0.169271 0.327315 0.173958 0.331481 0.177083 0.335648 0.178385 0.347685 0.177865 0.352315 0.176302 0.354167 0.174219 0.354167 0.172917
0 0.316667 0.167448 0.311111 0.168750 0.299537 0.173437 0.297685 0.175521 0.297222 0.178125 0.299074 0.180208 0.308796 0.183594 0.315741 0.182812 0.326389 0.177865 0.326389 0.173177 0.324074 0.170573 0.321759 0.169010
0 0.308333 0.157031 0.303704 0.156510 0.297222 0.156771 0.291667 0.158854 0.287500 0.161979 0.286574 0.166146 0.289815 0.171615 0.292130 0.173177 0.294444 0.173698 0.298981 0.172865 0.308102 0.169479 0.313519 0.167786 0.316667 0.167708 0.317593 0.165885 0.314815 0.161979 0.310648 0.158073
0 0.264815 0.166406 0.259259 0.169792 0.258796 0.173958 0.264815 0.179427 0.273611 0.182292 0.281944 0.182812 0.287963 0.181250 0.290741 0.179427 0.291667 0.176563 0.291204 0.173698 0.286111 0.169010 0.274537 0.165104
0 0.239352 0.171094 0.228704 0.176302 0.227315 0.178646 0.227315 0.182292 0.230556 0.186198 0.237963 0.188542 0.249074 0.188281 0.252778 0.186719 0.257870 0.182292 0.259722 0.177083 0.256019 0.172396 0.248148 0.171094
0 0.201389 0.174740 0.195833 0.177604 0.195833 0.182031 0.199074 0.185677 0.209722 0.191406 0.217593 0.192708 0.220370 0.192448 0.224074 0.190625 0.227778 0.185677 0.222685 0.177083 0.219444 0.175000 0.213426 0.173437 0.207870 0.173437
0 0.172222 0.185417 0.172685 0.190104 0.175926 0.193750 0.183796 0.196354 0.190278 0.197396 0.198611 0.196615 0.201852 0.195052 0.202778 0.194010 0.202778 0.189062 0.193056 0.182552 0.187963 0.181250 0.182407 0.180990 0.178704 0.181771
0 0.142593 0.185417 0.142130 0.192708 0.143981 0.194010 0.149074 0.195573 0.161574 0.197396 0.167130 0.196875 0.169907 0.195312 0.171296 0.193490 0.171296 0.188542 0.169907 0.185417 0.167130 0.183594 0.164352 0.182812 0.154630 0.182812 0.146759 0.183854
0 0.146296 0.166927 0.143981 0.169531 0.145833 0.173958 0.154167 0.179688 0.160185 0.181510 0.165741 0.181771 0.174537 0.180208 0.177778 0.178906 0.182407 0.174219 0.181481 0.171875 0.178704 0.169531 0.170833 0.166927 0.163426 0.162760 0.156019 0.162500 0.151852 0.163802
0 0.185185 0.166927 0.182407 0.168490 0.181481 0.170052 0.184722 0.173958 0.190741 0.176302 0.198148 0.177083 0.201389 0.174740 0.204630 0.173958 0.206019 0.169531 0.203241 0.166927 0.196759 0.165885 0.190278 0.165885
0 0.215741 0.162240 0.213426 0.163542 0.209722 0.170052 0.212037 0.172135 0.225000 0.175260 0.232870 0.174479 0.237037 0.172396 0.238889 0.169531 0.231481 0.164583 0.225926 0.162500 0.220370 0.161719
0 0.253704 0.151823 0.245833 0.152865 0.242130 0.154427 0.237963 0.157552 0.234722 0.161719 0.236111 0.165104 0.243519 0.170052 0.251852 0.171094 0.256019 0.170833 0.260648 0.169271 0.269444 0.162500 0.269444 0.157812 0.267593 0.154948 0.264815 0.153646
0 0.272222 0.149479 0.270370 0.150781 0.269444 0.154427 0.272222 0.159375 0.274537 0.161198 0.280556 0.163021 0.284259 0.162760 0.287963 0.161719 0.294444 0.158073 0.295833 0.154167 0.288889 0.150000 0.282407 0.148958 0.274074 0.148958
0 0.294907 0.142187 0.291667 0.146094 0.291667 0.150521 0.298611 0.155469 0.305093 0.156771 0.312500 0.156771 0.320370 0.155990 0.324074 0.154948 0.326389 0.151042 0.326389 0.148177 0.325463 0.146094 0.320370 0.142448 0.315278 0.141146 0.300463 0.140625
0 0.350000 0.101302 0.343519 0.102083 0.340278 0.103125 0.338889 0.104427 0.337963 0.107813 0.339352 0.110417 0.345370 0.116406 0.347685 0.117708 0.351389 0.118229 0.357870 0.116927 0.362500 0.115104 0.365278 0.110677 0.365741 0.106771 0.363889 0.104948 0.358796 0.102604
0 0.324537 0.109635 0.322685 0.110156 0.316204 0.119010 0.316667 0.123177 0.318981 0.125000 0.329167 0.126562 0.337037 0.126302 0.341667 0.123698 0.345833 0.119271 0.343981 0.115104 0.337037 0.109635 0.331944 0.109115
0 0.307870 0.103646 0.300463 0.104948 0.297222 0.106771 0.296759 0.112240 0.299537 0.116406 0.302315 0.118750 0.307407 0.121094 0.311574 0.121354 0.316204 0.120313 0.321759 0.111979 0.321759 0.109375 0.320833 0.107292 0.316204 0.104427
0 0.316667 0.125781 0.313426 0.128125 0.312037 0.131250 0.317130 0.139583 0.319444 0.141406 0.322685 0.142448 0.330093 0.142187 0.333796 0.139844 0.337037 0.135937 0.337037 0.132552 0.335648 0.129167 0.332407 0.127083 0.324074 0.125260
0 0.309259 0.128906 0.301389 0.129427 0.295833 0.130729 0.293981 0.132292 0.293056 0.135677 0.297685 0.140365 0.310185 0.141146 0.313426 0.140625 0.315278 0.139583 0.315741 0.138021 0.314352 0.134375 0.311111 0.129948
0 0.281019 0.131250 0.276389 0.133333 0.271296 0.138281 0.271296 0.143750 0.273148 0.146615 0.275000 0.147656 0.280093 0.148698 0.284722 0.148698 0.288426 0.148177 0.292130 0.142969 0.293981 0.138542 0.290741 0.133073 0.287500 0.131510
0 0.267130 0.122396 0.261111 0.124740 0.259722 0.127083 0.261111 0.133333 0.263889 0.135937 0.267593 0.137500 0.274537 0.136198 0.275463 0.134375 0.278241 0.132552 0.285185 0.130729 0.284722 0.127083 0.282870 0.125260 0.274537 0.122917
0 0.273148 0.108333 0.266204 0.111719 0.263889 0.114583 0.264815 0.117708 0.270370 0.120833 0.281019 0.124479 0.287963 0.123958 0.291204 0.122396 0.293519 0.119531 0.290278 0.113021 0.287500 0.110937 0.281019 0.108594
0 0.253241 0.101823 0.249537 0.103385 0.250926 0.109375 0.257870 0.114062 0.261111 0.114844 0.265278 0.113281 0.269444 0.108594 0.269907 0.106250 0.268981 0.103646 0.266667 0.102604 0.262037 0.101823
0 0.239815 0.109375 0.232407 0.110156 0.224537 0.114323 0.221759 0.118490 0.222222 0.121615 0.223611 0.123438 0.227778 0.126042 0.232407 0.127344 0.240278 0.126823 0.243981 0.125781 0.248148 0.121354 0.248611 0.117969 0.247685 0.114323 0.245370 0.111458
0 0.233333 0.138542 0.233796 0.142969 0.236574 0.144792 0.258333 0.152083 0.262500 0.152344 0.265741 0.151823 0.267593 0.150781 0.268056 0.146094 0.264352 0.140885 0.252778 0.134375 0.245833 0.133073 0.240278 0.134635
0 0.208796 0.147656 0.207407 0.150000 0.207407 0.157812 0.211111 0.160156 0.225926 0.160417 0.236111 0.157812 0.241667 0.154427 0.242130 0.150000 0.239352 0.147135 0.232870 0.144531 0.218981 0.144271 0.213426 0.145573
0 0.204630 0.125260 0.201852 0.126823 0.199537 0.130469 0.200463 0.135417 0.204167 0.139063 0.208796 0.141146 0.216667 0.141927 0.222685 0.141406 0.227778 0.139583 0.230556 0.136979 0.231481 0.134115 0.231481 0.130208 0.229167 0.126823 0.225926 0.125000 0.220833 0.123958 0.211111 0.123958
0 0.176852 0.121875 0.172685 0.122917 0.165741 0.126562 0.164815 0.131250 0.166667 0.133594 0.170370 0.135417 0.175000 0.136198 0.184259 0.135677 0.187963 0.134115 0.189815 0.131510 0.188426 0.126823 0.183796 0.122917
0 0.156944 0.122135 0.142130 0.122135 0.135185 0.123698 0.131944 0.127083 0.131944 0.131250 0.135185 0.135417 0.142593 0.137760 0.149537 0.136979 0.158333 0.133073 0.160185 0.131250 0.161111 0.126823 0.158796 0.122917
0 0.128241 0.141667 0.127315 0.146615 0.128241 0.148177 0.135185 0.153646 0.141204 0.155208 0.149537 0.154427 0.154167 0.150521 0.155556 0.146354 0.146759 0.140885 0.142593 0.139844 0.135185 0.139583
0 0.156019 0.134635 0.152778 0.136198 0.150463 0.138542 0.150926 0.142187 0.157870 0.148698 0.164352 0.149479 0.168981 0.147656 0.171296 0.144792 0.172685 0.138542 0.168519 0.136198 0.163426 0.134635
0 0.199074 0.143229 0.197222 0.143229 0.187500 0.146094 0.185648 0.149740 0.185648 0.154427 0.190741 0.159635 0.195370 0.160417 0.199074 0.160417 0.205093 0.159115 0.206481 0.158073 0.206944 0.148438 0.206019 0.146615
0 0.183796 0.136719 0.174074 0.138542 0.171759 0.144010 0.169907 0.146094 0.170370 0.150521 0.172222 0.151823 0.184259 0.155208 0.185185 0.154688 0.186111 0.146615 0.188426 0.145313 0.194444 0.144010 0.197222 0.142448 0.195833 0.140885 0.189815 0.137760
0 0.162500 0.153906 0.160185 0.156771 0.160648 0.161719 0.169907 0.166406 0.177778 0.167448 0.185185 0.164844 0.188889 0.161979 0.188889 0.158073 0.184259 0.154948 0.170833 0.152344
0 0.387917 0.192474 0.379861 0.191589 0.371296 0.192188 0.366806 0.192995 0.362963 0.194271 0.359722 0.196094 0.358333 0.197917 0.357870 0.201823 0.360648 0.205469 0.365278 0.209115 0.374954 0.211042 0.377870 0.206484 0.382407 0.205990 0.388426 0.203646 0.389815 0.200781 0.388426 0.195391
0 0.461574 0.647396 0.454167 0.649219 0.452315 0.650260 0.451852 0.654687 0.456019 0.660417 0.459259 0.661979 0.462963 0.662500 0.468519 0.661458 0.473611 0.659115 0.477315 0.656250 0.478241 0.654167 0.471296 0.649219 0.468056 0.648177
0 0.454167 0.658854 0.448611 0.657292 0.439815 0.657552 0.428241 0.660417 0.418519 0.665885 0.420833 0.670052 0.426389 0.672656 0.440278 0.673958 0.448611 0.673177 0.452315 0.672135 0.456019 0.670312 0.457407 0.666667 0.456944 0.661979
0 0.450926 0.420573 0.444444 0.424219 0.443056 0.427604 0.444444 0.429948 0.452315 0.438281 0.459722 0.439323 0.465741 0.438802 0.473148 0.435677 0.476389 0.433594 0.476389 0.427865 0.474074 0.425781 0.469444 0.423438 0.466667 0.420573 0.463889 0.420052 0.453241 0.420052
0 0.621296 0.659896 0.615741 0.665885 0.616667 0.668490 0.618519 0.670052 0.628241 0.673698 0.633796 0.676823 0.643056 0.677344 0.652778 0.672396 0.654630 0.669271 0.652315 0.665885 0.649074 0.664062 0.639352 0.661198 0.629167 0.659635
0 0.204630 0.466406 0.200000 0.470052 0.200000 0.475260 0.201389 0.476823 0.204167 0.478385 0.209722 0.479427 0.221296 0.478646 0.222685 0.473438 0.220833 0.468750 0.216667 0.466406 0.212037 0.465104
0 0.581481 0.381771 0.585648 0.380729 0.594444 0.380208 0.599491 0.381250 0.604583 0.383932 0.604583 0.386224 0.604444 0.389323 0.602731 0.391406 0.600000 0.394010 0.595370 0.395052 0.588426 0.394271 0.583796 0.392708 0.575370 0.386719 0.576852 0.384635