0 0.666667 0.822917 0.661574 0.825260 0.659722 0.828125 0.659259 0.834375 0.661111 0.838802 0.667130 0.842187 0.677315 0.843229 0.685648 0.840365 0.691667 0.836719 0.694444 0.834115 0.694444 0.829688 0.693519 0.828385 0.689815 0.826302 0.681481 0.823177 0.678241 0.822656
0 0.566204 0.892969 0.558333 0.892448 0.552315 0.894792 0.543981 0.900260 0.540741 0.904167 0.539815 0.908594 0.544907 0.911719 0.551389 0.914062 0.559722 0.914323 0.564352 0.913021 0.572222 0.908594 0.575000 0.905208 0.575926 0.900260 0.573148 0.896094
0 0.515278 0.876302 0.508333 0.880469 0.507407 0.885417 0.509259 0.888542 0.514815 0.891146 0.526852 0.895052 0.531944 0.895573 0.540278 0.893750 0.546759 0.888802 0.546759 0.884115 0.545370 0.880208 0.537963 0.876563 0.530556 0.875000 0.523611 0.874740
0 0.469444 0.852865 0.461574 0.855208 0.457407 0.857812 0.455556 0.861198 0.454630 0.865885 0.456481 0.869792 0.461574 0.872917 0.468519 0.875781 0.475926 0.876042 0.482870 0.872396 0.485648 0.866406 0.486111 0.859896 0.485185 0.857292 0.481019 0.853906 0.477778 0.852865
0 0.439352 0.867969 0.428704 0.873958 0.427315 0.876823 0.427315 0.882292 0.428704 0.885677 0.431481 0.887240 0.437037 0.888021 0.447685 0.887760 0.457407 0.886458 0.460185 0.884896 0.464352 0.877083 0.461574 0.873437 0.454306 0.868464 0.449213 0.867266 0.443611 0.867031
0 0.524537 0.842708 0.517130 0.842187 0.506481 0.843490 0.505093 0.844271 0.501852 0.850000 0.499537 0.861458 0.504630 0.866146 0.510185 0.869271 0.516667 0.867448 0.521759 0.864323 0.528241 0.857812 0.531944 0.850000 0.531019 0.845573 0.527778 0.843490
0 0.537500 0.844792 0.534722 0.846094 0.532870 0.848958 0.532407 0.853646 0.534259 0.857552 0.537963 0.862760 0.544907 0.869271 0.552778 0.869271 0.562037 0.865104 0.563889 0.857031 0.555093 0.850521 0.548611 0.847656
0 0.572685 0.862240 0.564352 0.865365 0.560648 0.868229 0.560185 0.869531 0.562037 0.874740 0.566204 0.878125 0.574074 0.880990 0.579630 0.882292 0.588889 0.882292 0.593056 0.880990 0.599074 0.876823 0.600463 0.873698 0.600463 0.869010 0.597222 0.866146 0.590741 0.862760 0.580093 0.861458
0 0.614815 0.872396 0.612037 0.873437 0.606481 0.878385 0.606019 0.885417 0.607407 0.888281 0.614352 0.890885 0.621296 0.892448 0.628704 0.892448 0.636574 0.889844 0.642593 0.884896 0.641204 0.880469 0.637037 0.876563 0.631019 0.872917 0.624537 0.871875
0 0.622222 0.850260 0.613889 0.850000 0.601389 0.853125 0.595833 0.855990 0.592593 0.861458 0.595370 0.865365 0.600926 0.868750 0.607407 0.870573 0.614815 0.870573 0.618519 0.867969 0.624537 0.861458 0.626389 0.857552 0.626389 0.853385
0 0.660185 0.842448 0.657407 0.844531 0.657407 0.848698 0.659722 0.854948 0.664815 0.861198 0.668981 0.862500 0.677315 0.862240 0.685185 0.859635 0.688426 0.857552 0.689352 0.853385 0.684722 0.848437 0.677778 0.845052 0.672222 0.843229 0.665741 0.842187
0 0.697685 0.841927 0.694907 0.845313 0.695370 0.846615 0.703241 0.852865 0.711111 0.856510 0.718981 0.857031 0.726389 0.855990 0.731944 0.853646 0.734259 0.851823 0.735648 0.849740 0.735185 0.844271 0.733333 0.842187 0.727315 0.839323 0.711111 0.838542
0 0.635648 0.831250 0.628241 0.831510 0.624074 0.833333 0.619907 0.837760 0.618056 0.841667 0.619907 0.843490 0.623148 0.849740 0.627778 0.851302 0.635648 0.850000 0.642593 0.847396 0.645370 0.845573 0.649537 0.839583 0.650000 0.837760 0.645833 0.833854 0.642593 0.832552
0 0.587037 0.835677 0.581944 0.834896 0.575926 0.834896 0.569444 0.835677 0.562037 0.838542 0.557870 0.843229 0.556944 0.846354 0.562500 0.854167 0.566667 0.856771 0.571759 0.858594 0.580093 0.858073 0.588426 0.854427 0.594907 0.850000 0.596759 0.846354 0.594907 0.841667 0.590741 0.837240
0 0.421759 0.851302 0.419907 0.851302 0.408333 0.857812 0.406019 0.861198 0.405093 0.869271 0.406481 0.870833 0.413426 0.873958 0.421296 0.874219 0.427315 0.873698 0.431944 0.871615 0.435185 0.868229 0.435185 0.861198 0.426389 0.852865
0 0.399074 0.870833 0.394444 0.872135 0.390278 0.875000 0.388889 0.879427 0.389352 0.884375 0.391204 0.887240 0.393981 0.888802 0.397222 0.889323 0.406944 0.889062 0.412037 0.887500 0.416204 0.885156 0.416204 0.878385 0.415278 0.876302 0.412500 0.874219 0.405556 0.871615
0 0.357407 0.872396 0.353241 0.875260 0.350463 0.880469 0.350926 0.885156 0.353241 0.889062 0.357870 0.893490 0.364352 0.895312 0.373611 0.894792 0.380093 0.891927 0.383796 0.888802 0.383796 0.884115 0.381944 0.880469 0.378704 0.876823 0.375000 0.874740 0.365741 0.872656
0 0.315741 0.871354 0.309722 0.876563 0.309259 0.880990 0.312963 0.887240 0.315741 0.889323 0.327778 0.893490 0.332407 0.893750 0.337037 0.893229 0.345370 0.889062 0.348148 0.884896 0.345833 0.879687 0.341667 0.875000 0.337037 0.871094 0.325000 0.870833
0 0.287963 0.875000 0.284259 0.876563 0.281481 0.881771 0.281019 0.888802 0.283333 0.893229 0.286111 0.896094 0.289815 0.897656 0.293981 0.898438 0.302778 0.897917 0.306944 0.896615 0.312037 0.892969 0.314352 0.888542 0.308796 0.880469 0.303704 0.877083 0.296296 0.874740
0 0.266204 0.888542 0.259259 0.888542 0.255093 0.892188 0.254167 0.900521 0.256019 0.901823 0.259722 0.902865 0.270370 0.900781 0.275926 0.896875 0.274537 0.892708
0 0.247222 0.869010 0.240278 0.866667 0.227778 0.867188 0.220833 0.868490 0.218056 0.870313 0.215741 0.876823 0.218519 0.880208 0.223148 0.881771 0.231481 0.882812 0.239815 0.882292 0.243519 0.881250 0.245833 0.879687 0.248148 0.876563 0.249074 0.872917
0 0.264352 0.854167 0.260648 0.853646 0.254167 0.853906 0.251389 0.855469 0.243981 0.857812 0.242130 0.860677 0.242130 0.865625 0.246296 0.868229 0.252778 0.869271 0.260185 0.869010 0.265278 0.867188 0.268056 0.865365 0.268981 0.861198 0.266204 0.855208
0 0.282407 0.845833 0.277778 0.847396 0.267593 0.853385 0.267130 0.858073 0.270833 0.862500 0.276389 0.865365 0.281019 0.866667 0.288426 0.866667 0.294907 0.865365 0.299074 0.861458 0.300463 0.858073 0.300463 0.853385 0.299074 0.850000 0.296759 0.848177 0.288889 0.845833
0 0.308333 0.860938 0.309259 0.867969 0.312037 0.870052 0.315741 0.871354 0.329630 0.871094 0.335185 0.870313 0.347685 0.865104 0.347685 0.860677 0.346296 0.858594 0.344444 0.857292 0.337037 0.854948 0.324537 0.853906 0.315741 0.854427 0.311574 0.855990
0 0.357407 0.850260 0.351852 0.853646 0.348611 0.857031 0.348611 0.862240 0.350463 0.865104 0.357407 0.869010 0.362963 0.870573 0.372685 0.871094 0.378241 0.869792 0.383333 0.866146 0.384722 0.863021 0.384722 0.857552 0.381944 0.853646 0.378241 0.851562 0.371759 0.850000 0.364352 0.849219
0 0.411574 0.838802 0.406019 0.837500 0.397222 0.839844 0.390278 0.843229 0.384120 0.850443 0.384583 0.853854 0.385833 0.856510 0.399074 0.857526 0.406481 0.857292 0.415741 0.853125 0.421296 0.849740 0.422685 0.845313 0.419444 0.842448
0 0.386574 0.857812 0.385648 0.862500 0.387037 0.865365 0.390278 0.866146 0.397222 0.866146 0.403241 0.865104 0.405093 0.863802 0.406019 0.860156 0.403704 0.858073 0.392593 0.857031
0 0.104167 0.842969 0.098611 0.845313 0.094907 0.849219 0.093519 0.852344 0.093981 0.857812 0.102778 0.861719 0.107870 0.864844 0.122222 0.865104 0.126389 0.863542 0.133796 0.857031 0.135185 0.854167 0.133796 0.850000 0.129630 0.847396 0.114815 0.842708
0 0.107407 0.865104 0.105093 0.868750 0.105556 0.873437 0.107870 0.877083 0.114352 0.878125 0.123148 0.877083 0.128241 0.873177 0.128704 0.868490 0.127315 0.866927 0.122222 0.864844
0 0.161574 0.859375 0.159259 0.860938 0.162037 0.869271 0.168981 0.877083 0.170370 0.877865 0.176389 0.878646 0.181481 0.877604 0.192130 0.870573 0.193519 0.865104 0.191667 0.863281 0.186574 0.860677 0.178241 0.859115
0 0.197685 0.850260 0.194444 0.852344 0.191204 0.856771 0.191667 0.861979 0.195833 0.863542 0.210648 0.866927 0.220370 0.867188 0.224074 0.865104 0.226852 0.861979 0.225926 0.857552 0.221759 0.852344 0.215278 0.848437 0.212963 0.847917 0.204630 0.848437
0 0.224537 0.828906 0.218519 0.830729 0.214815 0.833333 0.212963 0.836719 0.212963 0.839063 0.218056 0.848958 0.219444 0.850000 0.226389 0.851302 0.233333 0.849479 0.241667 0.846094 0.244444 0.844010 0.245370 0.840625 0.244907 0.836979 0.242593 0.834375 0.232870 0.830208
0 0.259259 0.831510 0.250926 0.833594 0.248611 0.834896 0.246296 0.838542 0.245833 0.843229 0.248148 0.848177 0.250926 0.850781 0.256019 0.853125 0.262500 0.853646 0.268519 0.852865 0.273611 0.850260 0.277315 0.847135 0.280093 0.840885 0.279167 0.837760 0.275000 0.834635 0.268519 0.832292
0 0.327315 0.838281 0.324074 0.837500 0.315741 0.837760 0.310648 0.839583 0.304630 0.842969 0.302315 0.845573 0.301852 0.849740 0.305556 0.852865 0.308796 0.854167 0.317130 0.854167 0.326852 0.852083 0.331481 0.849479 0.333333 0.846354 0.332870 0.844010 0.330556 0.839844
0 0.309259 0.825000 0.301389 0.824740 0.298148 0.825260 0.289815 0.827865 0.286111 0.830208 0.285648 0.834115 0.289815 0.838802 0.294907 0.842448 0.302315 0.843750 0.309722 0.838542 0.315278 0.836979 0.318056 0.834635 0.316667 0.829427
0 0.279630 0.809635 0.269444 0.811979 0.265741 0.814323 0.263426 0.818490 0.265741 0.822656 0.270370 0.827083 0.274537 0.829167 0.281481 0.829948 0.288426 0.828385 0.293519 0.826042 0.296296 0.822135 0.296759 0.817708 0.294444 0.813802 0.290741 0.811458 0.284722 0.809896
0 0.253704 0.816667 0.240278 0.817187 0.237500 0.817969 0.234259 0.820052 0.231481 0.825781 0.231944 0.828125 0.233796 0.830729 0.239352 0.833333 0.245833 0.834115 0.254630 0.832552 0.260648 0.829948 0.262037 0.826823 0.262037 0.822656 0.259259 0.819010
0 0.204167 0.808333 0.194907 0.810417 0.189815 0.813021 0.187500 0.815885 0.186574 0.819271 0.187500 0.822396 0.191667 0.826302 0.197685 0.828906 0.205093 0.830469 0.210648 0.828385 0.215278 0.822396 0.215278 0.817969 0.213426 0.810417
0 0.175463 0.827344 0.173611 0.828385 0.165741 0.837760 0.168519 0.841927 0.172685 0.844531 0.182407 0.846615 0.187963 0.847135 0.198611 0.846875 0.203704 0.844010 0.207870 0.840365 0.208796 0.838802 0.207870 0.833594 0.200463 0.829688 0.193056 0.827083 0.189815 0.826562 0.179630 0.826562
0 0.156019 0.839583 0.150926 0.841667 0.148611 0.844010 0.148148 0.848177 0.149074 0.852083 0.156019 0.856510 0.168056 0.855990 0.170370 0.854688 0.170370 0.849740 0.173148 0.845833 0.172685 0.844792 0.168056 0.841146
0 0.094444 0.827083 0.086574 0.826562 0.079630 0.827865 0.071759 0.831510 0.068981 0.834115 0.067130 0.837760 0.068519 0.841406 0.071759 0.843750 0.078241 0.845052 0.086111 0.844792 0.090278 0.843750 0.094444 0.841146 0.099074 0.834375 0.098611 0.829688
0 0.141667 0.812240 0.137037 0.811458 0.121296 0.811979 0.109722 0.817187 0.108333 0.822656 0.111111 0.824219 0.117130 0.825781 0.125000 0.829167 0.128704 0.829688 0.135648 0.828906 0.140741 0.826302 0.144907 0.821354 0.145370 0.815365 0.144907 0.814063
0 0.114352 0.801302 0.110648 0.800260 0.106944 0.800000 0.100926 0.801042 0.097685 0.802344 0.089815 0.809115 0.087963 0.814583 0.093981 0.817187 0.101852 0.817708 0.116204 0.814323 0.120370 0.810677 0.119907 0.806250 0.118519 0.804167
0 0.162037 0.788542 0.158333 0.786979 0.147222 0.785937 0.134259 0.787240 0.125463 0.789062 0.119907 0.791927 0.116204 0.794792 0.116204 0.799479 0.117593 0.801562 0.122222 0.804167 0.128704 0.805729 0.136111 0.805990 0.143056 0.804688 0.154167 0.800521 0.159722 0.797396 0.162963 0.791667
0 0.183333 0.786979 0.178704 0.788281 0.175926 0.790625 0.173611 0.796354 0.173148 0.803125 0.175463 0.807552 0.177778 0.809115 0.183796 0.811198 0.191204 0.811458 0.202315 0.807292 0.206481 0.803125 0.208796 0.798698 0.206019 0.795052 0.199537 0.791406 0.194907 0.787760 0.190278 0.786979
0 0.178241 0.809896 0.169444 0.809896 0.162963 0.811719 0.156019 0.814844 0.153704 0.817969 0.154167 0.820312 0.155556 0.822135 0.162037 0.825521 0.170833 0.826302 0.177778 0.825521 0.181481 0.823698 0.184722 0.818490 0.184259 0.814323 0.182407 0.811979
0 0.255556 0.798698 0.250926 0.796615 0.245833 0.795833 0.235648 0.796615 0.228704 0.798698 0.221759 0.799740 0.218981 0.802344 0.218981 0.807292 0.220833 0.810417 0.225000 0.814063 0.231481 0.815885 0.233333 0.815885 0.246759 0.810156 0.251389 0.807552 0.255093 0.803646
0 0.209722 0.775781 0.201389 0.779167 0.198148 0.782813 0.196759 0.787240 0.200463 0.791146 0.212963 0.798438 0.218981 0.800260 0.230093 0.797917 0.234259 0.795573 0.236111 0.792188 0.237037 0.786979 0.234722 0.782813 0.229630 0.779167 0.224074 0.776302 0.219444 0.775000
0 0.148611 0.770833 0.144444 0.775521 0.145370 0.779427 0.149074 0.784635 0.155556 0.786458 0.171296 0.786979 0.180556 0.785937 0.184722 0.784115 0.187963 0.779427 0.187500 0.775260 0.185185 0.772135 0.181481 0.770052 0.176389 0.769010 0.161111 0.767969 0.156481 0.768490
0 0.105556 0.770833 0.101852 0.772656 0.099537 0.775260 0.099537 0.779948 0.101852 0.783073 0.108796 0.787240 0.113889 0.788542 0.122222 0.788802 0.129167 0.784896 0.133796 0.779427 0.133796 0.774740 0.132407 0.772656 0.128704 0.770573 0.122685 0.769531 0.113889 0.769531
0 0.057407 0.774740 0.058333 0.779427 0.060648 0.782031 0.072685 0.784375 0.085648 0.781510 0.090278 0.778906 0.093056 0.775781 0.091204 0.773438 0.087500 0.771354 0.074537 0.769271 0.064815 0.769271 0.062037 0.769792 0.059722 0.771094
0 0.111111 0.752604 0.105556 0.752083 0.093981 0.752865 0.087963 0.755469 0.087963 0.759896 0.093519 0.765625 0.100926 0.767188 0.104630 0.766146 0.108333 0.764062 0.112500 0.759635 0.113889 0.755990 0.112963 0.753646
0 0.120833 0.754167 0.113889 0.758073 0.110185 0.763542 0.113426 0.767708 0.115741 0.768750 0.122222 0.769271 0.127778 0.770573 0.136111 0.770833 0.143981 0.767188 0.145833 0.764844 0.146296 0.759635 0.144907 0.757812 0.140741 0.755208 0.136111 0.753906 0.127778 0.753125
0 0.175926 0.752083 0.169444 0.753125 0.162500 0.755729 0.162500 0.760156 0.163889 0.765104 0.165741 0.766927 0.178241 0.768490 0.185185 0.767448 0.190741 0.764844 0.194444 0.760938 0.194907 0.758333 0.194444 0.755990 0.189815 0.753646 0.185185 0.752604
0 0.218056 0.753906 0.209259 0.756250 0.202778 0.759635 0.202778 0.764062 0.205556 0.767708 0.218519 0.771875 0.225926 0.771354 0.230093 0.767969 0.229167 0.756250 0.225926 0.754687
0 0.243981 0.775521 0.239815 0.778906 0.240278 0.783854 0.243981 0.788802 0.249537 0.793750 0.254630 0.796875 0.259722 0.798177 0.268056 0.797656 0.271759 0.796615 0.278704 0.792969 0.280093 0.791406 0.280093 0.786458 0.275463 0.779427 0.256944 0.774479 0.252778 0.774219
0 0.300000 0.796615 0.296759 0.794271 0.289815 0.793229 0.282407 0.793490 0.267130 0.797917 0.262037 0.798698 0.258796 0.801562 0.258333 0.803385 0.260185 0.805990 0.261574 0.806510 0.278241 0.809115 0.288426 0.809115 0.296296 0.807031 0.300000 0.805208 0.301389 0.802865
0 0.323148 0.801562 0.314815 0.801823 0.308796 0.803646 0.305093 0.805729 0.298611 0.816406 0.298611 0.821354 0.300926 0.823438 0.310648 0.823958 0.315741 0.822917 0.321296 0.821094 0.332870 0.813802 0.334722 0.810677 0.333333 0.807292 0.330093 0.804427
0 0.357870 0.811719 0.343519 0.811719 0.338426 0.812760 0.328704 0.816667 0.326389 0.818229 0.323611 0.822396 0.325000 0.826302 0.329630 0.829948 0.338426 0.831510 0.347685 0.831510 0.356481 0.830469 0.363426 0.828385 0.365741 0.825781 0.366667 0.822396 0.364815 0.817187
0 0.364352 0.834635 0.351852 0.833073 0.343519 0.833333 0.333333 0.837760 0.332407 0.842448 0.335185 0.849219 0.340741 0.850781 0.350926 0.851042 0.360648 0.848698 0.365278 0.846875 0.369907 0.841406 0.368056 0.838021
0 0.394907 0.824219 0.391204 0.823177 0.385185 0.822656 0.372685 0.824219 0.367593 0.826042 0.365278 0.829688 0.365741 0.834115 0.368056 0.838281 0.371296 0.841146 0.375463 0.841927 0.385648 0.841667 0.388426 0.840885 0.395833 0.836719 0.399537 0.832292 0.400463 0.829427 0.397685 0.825781
0 0.412500 0.816406 0.407407 0.818229 0.405093 0.821615 0.404630 0.830208 0.405556 0.834635 0.407870 0.837240 0.412963 0.839583 0.420833 0.840104 0.425000 0.838281 0.431019 0.834115 0.434259 0.829948 0.436574 0.822135 0.433796 0.819792 0.428241 0.817187 0.423148 0.816406
0 0.426852 0.838021 0.424074 0.841667 0.425463 0.849740 0.428241 0.854688 0.433333 0.859375 0.437037 0.860677 0.443981 0.860938 0.449074 0.860417 0.455556 0.858333 0.459259 0.856250 0.461574 0.853646 0.461111 0.849479 0.456019 0.844271 0.452315 0.842708 0.434722 0.838021
0 0.458333 0.821615 0.447222 0.821354 0.440741 0.822396 0.436111 0.829427 0.435185 0.835156 0.437037 0.837760 0.440741 0.839583 0.447685 0.841406 0.455093 0.840885 0.457870 0.839323 0.462500 0.835417 0.466204 0.830469 0.464815 0.826042 0.462037 0.823177
0 0.485648 0.828646 0.481944 0.828385 0.469444 0.830990 0.462037 0.835938 0.456944 0.840885 0.458333 0.845573 0.463426 0.850781 0.466667 0.852083 0.471759 0.852604 0.481481 0.852083 0.490741 0.845573 0.493519 0.841927 0.493056 0.838281 0.489815 0.830990
0 0.502778 0.820573 0.491204 0.826042 0.491204 0.831250 0.494444 0.838281 0.497685 0.840625 0.503704 0.842969 0.510648 0.842969 0.518519 0.841927 0.522222 0.840365 0.525926 0.836979 0.526852 0.835156 0.526389 0.829948 0.520833 0.825521 0.511111 0.820573
0 0.552778 0.823177 0.543056 0.823698 0.538426 0.824740 0.532407 0.828385 0.529167 0.832552 0.529167 0.838021 0.533333 0.842187 0.536111 0.843750 0.544444 0.845573 0.549074 0.844792 0.555556 0.841667 0.561574 0.835677 0.563889 0.830208 0.562037 0.827344 0.558796 0.825260
0 0.572685 0.807292 0.566204 0.808333 0.561574 0.810417 0.559722 0.813281 0.559259 0.818750 0.559722 0.821875 0.562500 0.826042 0.568981 0.830208 0.574074 0.831250 0.580556 0.829948 0.585185 0.827344 0.590278 0.819010 0.590278 0.813281 0.588889 0.810417 0.580093 0.808073
0 0.614815 0.824219 0.603704 0.823958 0.596296 0.824740 0.593981 0.825781 0.590741 0.829427 0.590278 0.834896 0.597222 0.844010 0.600463 0.846094 0.608333 0.845573 0.615741 0.841927 0.621759 0.834115 0.622685 0.829948
0 0.607870 0.808333 0.598611 0.810417 0.596296 0.811979 0.594444 0.817708 0.594444 0.821094 0.595370 0.823177 0.597222 0.823958 0.602315 0.824219 0.613426 0.823177 0.617130 0.820573 0.618056 0.817708 0.616204 0.814323 0.612963 0.810937
0 0.581019 0.789583 0.576852 0.791406 0.568981 0.796615 0.568056 0.798958 0.571296 0.804167 0.577315 0.807292 0.588426 0.810156 0.594444 0.810937 0.601852 0.809375 0.606019 0.806771 0.608796 0.801823 0.609259 0.798438 0.605556 0.793490 0.601389 0.791146 0.593981 0.789062
0 0.544907 0.811979 0.543056 0.813542 0.539352 0.821875 0.539815 0.822917 0.543056 0.823698 0.547222 0.823698 0.556019 0.822396 0.557407 0.817969 0.554167 0.814063 0.551389 0.812760
0 0.520370 0.802344 0.516667 0.803385 0.508796 0.807813 0.507407 0.810156 0.507407 0.815625 0.508333 0.817448 0.512500 0.820573 0.524074 0.823438 0.535648 0.822396 0.538889 0.821094 0.542130 0.815625 0.541667 0.810417 0.534722 0.804688 0.531019 0.802604 0.525926 0.801823
0 0.532407 0.792969 0.529630 0.794792 0.529167 0.799740 0.530093 0.801562 0.544907 0.812240 0.550000 0.813021 0.556019 0.812500 0.558796 0.811719 0.567130 0.806771 0.568519 0.802083 0.566204 0.798438 0.556019 0.795833 0.545370 0.791667 0.537963 0.791406
0 0.543519 0.772135 0.541667 0.772917 0.540278 0.774740 0.539815 0.779687 0.543981 0.786198 0.549537 0.791927 0.555093 0.795312 0.559259 0.796615 0.566204 0.797135 0.576852 0.791146 0.577778 0.786719 0.573611 0.780729 0.569907 0.777604 0.563889 0.774740 0.553241 0.772656
0 0.599537 0.771615 0.596296 0.772656 0.591204 0.776042 0.590278 0.783594 0.593056 0.786719 0.596759 0.788542 0.604630 0.790885 0.607407 0.792448 0.614815 0.792969 0.620833 0.791146 0.626389 0.787240 0.629630 0.782813 0.629630 0.777344 0.626852 0.775000 0.620833 0.772917 0.608333 0.771354
0 0.510648 0.789844 0.503241 0.790104 0.494907 0.791927 0.492130 0.794010 0.489815 0.799219 0.493981 0.803906 0.502778 0.807031 0.510648 0.806250 0.518056 0.802344 0.520833 0.799219 0.521759 0.796094 0.520833 0.793229
0 0.483333 0.807292 0.478241 0.807552 0.475000 0.808594 0.471296 0.813542 0.464815 0.818490 0.463889 0.822917 0.466667 0.826823 0.470833 0.828906 0.476389 0.829427 0.487500 0.827344 0.494907 0.823177 0.497685 0.819792 0.498148 0.818229 0.494907 0.811979 0.490278 0.809115
0 0.462500 0.800781 0.454630 0.800260 0.449537 0.802604 0.444907 0.809115 0.443056 0.815104 0.443056 0.819010 0.445833 0.821094 0.455556 0.821094 0.461111 0.820052 0.469444 0.815365 0.474537 0.810677 0.474074 0.806510
0 0.426852 0.800781 0.418981 0.802604 0.418519 0.807552 0.422222 0.812760 0.427778 0.815104 0.432870 0.813802 0.434722 0.812500 0.437037 0.808073 0.437037 0.804688 0.436111 0.802604
0 0.406481 0.799479 0.397685 0.798958 0.392593 0.799740 0.387963 0.803125 0.381019 0.810677 0.379630 0.814844 0.381481 0.816927 0.386574 0.820312 0.392130 0.822396 0.402315 0.821094 0.412500 0.814583 0.413426 0.806510 0.411574 0.802604
0 0.371759 0.789062 0.363889 0.789062 0.359722 0.790625 0.355556 0.793229 0.352778 0.797917 0.352315 0.804427 0.353241 0.806771 0.359259 0.810937 0.363426 0.811979 0.374074 0.810417 0.379167 0.808594 0.383796 0.805729 0.388889 0.798958 0.387037 0.794792 0.384722 0.792969 0.381481 0.791406
0 0.337037 0.790365 0.334259 0.790885 0.328704 0.793490 0.327778 0.794531 0.327778 0.798958 0.330556 0.803646 0.335648 0.807552 0.337500 0.808333 0.343981 0.809115 0.348611 0.806771 0.351389 0.803125 0.352315 0.794531 0.348611 0.790885 0.344444 0.790104
0 0.323611 0.794271 0.320833 0.793229 0.316667 0.792708 0.309722 0.794010 0.307870 0.795312 0.307407 0.799219 0.308796 0.801042 0.316667 0.801042 0.324074 0.799740 0.325463 0.798177
0 0.293981 0.774219 0.287037 0.775781 0.279630 0.779167 0.278241 0.781510 0.278241 0.784115 0.281481 0.788542 0.286111 0.791406 0.293981 0.792969 0.298611 0.792969 0.302315 0.792448 0.307407 0.787500 0.306481 0.778906 0.303704 0.775781
0 0.314815 0.771615 0.310648 0.772656 0.306944 0.775260 0.307407 0.783073 0.310648 0.787760 0.316204 0.791406 0.323148 0.792708 0.328704 0.790365 0.334722 0.783333 0.335185 0.775260 0.331019 0.772396 0.327778 0.771615
0 0.353241 0.769792 0.350463 0.769271 0.344444 0.770312 0.338426 0.775000 0.336111 0.778646 0.336574 0.783333 0.338889 0.784375 0.343056 0.785156 0.352315 0.785156 0.356019 0.784375 0.357870 0.783333 0.359722 0.780208 0.359259 0.775000 0.356481 0.771354
0 0.395833 0.764062 0.387963 0.764062 0.380093 0.765365 0.372222 0.771094 0.365278 0.779167 0.364352 0.782813 0.366667 0.786979 0.369907 0.788802 0.378241 0.790625 0.385648 0.791406 0.391667 0.789583 0.400463 0.783333 0.403704 0.779427 0.404630 0.775521 0.404167 0.771354 0.400000 0.765365
0 0.440741 0.780208 0.428241 0.781771 0.424074 0.785156 0.423148 0.788021 0.424537 0.794010 0.430556 0.800260 0.434259 0.801823 0.441667 0.802865 0.447685 0.802083 0.450000 0.800781 0.451852 0.798438 0.454630 0.790365 0.454167 0.786979 0.452778 0.785417 0.445833 0.781771
0 0.463889 0.786458 0.461111 0.788281 0.459722 0.790365 0.460185 0.794792 0.461574 0.796615 0.466667 0.799219 0.473148 0.801042 0.483333 0.801042 0.486111 0.800260 0.487963 0.798698 0.489815 0.795052 0.489352 0.790104 0.486574 0.786198 0.481944 0.784375 0.475000 0.784115 0.468056 0.785156
0 0.464815 0.769531 0.456019 0.769271 0.449537 0.770052 0.442130 0.775000 0.442130 0.779427 0.447685 0.783073 0.454167 0.785156 0.460185 0.784375 0.463889 0.782552 0.466204 0.780208 0.468981 0.774479 0.468056 0.771354
0 0.489815 0.760156 0.480093 0.760417 0.473148 0.761458 0.470370 0.763542 0.468519 0.767448 0.469444 0.771875 0.472222 0.776563 0.475926 0.780208 0.478704 0.781771 0.481944 0.782552 0.489352 0.782031 0.495370 0.779948 0.500463 0.777344 0.502315 0.774740 0.502778 0.770312 0.501389 0.766406 0.499074 0.764323
0 0.524537 0.767708 0.519444 0.769010 0.516204 0.770833 0.510648 0.778646 0.509722 0.782552 0.510185 0.787500 0.511574 0.789062 0.516667 0.791146 0.523148 0.791927 0.528241 0.791146 0.533796 0.788542 0.535648 0.786719 0.537963 0.781771 0.537500 0.775781 0.534722 0.771615 0.531481 0.769010
0 0.259722 0.770833 0.260185 0.774219 0.262037 0.776042 0.272685 0.777865 0.281481 0.777865 0.293519 0.773438 0.295370 0.771875 0.294907 0.767188 0.292130 0.764844 0.288889 0.764062 0.280093 0.763542 0.275000 0.762500 0.267130 0.762240 0.262037 0.766406
0 0.444444 0.749479 0.442130 0.750521 0.438426 0.755729 0.438426 0.759896 0.440278 0.765365 0.447222 0.769010 0.455093 0.769271 0.459259 0.768750 0.464352 0.766667 0.466204 0.764062 0.465741 0.759375 0.463889 0.756771 0.456481 0.750260 0.450000 0.749219
0 0.483796 0.734896 0.481944 0.734896 0.476389 0.739323 0.468056 0.743490 0.460648 0.751823 0.462963 0.755729 0.467593 0.758073 0.475000 0.760156 0.485648 0.759115 0.488426 0.757292 0.490741 0.752083 0.490741 0.747656 0.488426 0.744010 0.487037 0.736198
0 0.454630 0.731510 0.445370 0.731510 0.440741 0.732812 0.437500 0.735677 0.436111 0.740365 0.441667 0.746875 0.443519 0.747656 0.448611 0.748177 0.455093 0.747396 0.459722 0.746354 0.465278 0.743750 0.466204 0.741927 0.465278 0.737500
0 0.428241 0.752604 0.421759 0.752604 0.415741 0.753906 0.407407 0.757292 0.404167 0.759635 0.402315 0.763021 0.402778 0.768229 0.406019 0.772917 0.412963 0.775781 0.420833 0.776302 0.427315 0.775000 0.432870 0.771615 0.437500 0.767448 0.437963 0.761979 0.436111 0.755990 0.432870 0.753646
0 0.418519 0.744531 0.406481 0.742448 0.399074 0.742708 0.395370 0.743750 0.391667 0.745573 0.389815 0.747917 0.389352 0.752083 0.392130 0.755990 0.396296 0.757812 0.403241 0.758073 0.406481 0.757552 0.413426 0.754687 0.418056 0.752083 0.421296 0.748177 0.420370 0.745833
0 0.475000 0.712500 0.470833 0.714323 0.468981 0.716667 0.469444 0.728646 0.473148 0.732552 0.475463 0.733594 0.485648 0.733073 0.492130 0.731250 0.496296 0.728906 0.500000 0.724479 0.496296 0.720052 0.490278 0.716146 0.481481 0.714583
0 0.481481 0.691667 0.478241 0.692969 0.473148 0.696875 0.469907 0.705469 0.473148 0.710677 0.476852 0.713021 0.482407 0.714583 0.490741 0.714583 0.498148 0.711979 0.502315 0.709635 0.505093 0.705469 0.504630 0.702865 0.502315 0.699479 0.496296 0.694010 0.490741 0.691927
0 0.475000 0.671094 0.467130 0.674219 0.464815 0.675781 0.463426 0.679948 0.464352 0.684115 0.471759 0.688542 0.477315 0.690625 0.483796 0.691146 0.490741 0.690365 0.494444 0.689063 0.498611 0.686458 0.499074 0.681250 0.493519 0.674740 0.491204 0.673177 0.483333 0.670833
0 0.438889 0.665885 0.437870 0.669219 0.451389 0.673177 0.460648 0.673958 0.468056 0.673438 0.473148 0.670312 0.473148 0.665885 0.470833 0.662240 0.468981 0.661198 0.455556 0.660937 0.442593 0.663281
0 0.439815 0.670573 0.435648 0.673177 0.435648 0.679167 0.437963 0.682552 0.443056 0.686458 0.445833 0.687240 0.448611 0.687240 0.453241 0.685937 0.459722 0.682292 0.461111 0.680990 0.462037 0.677344 0.459259 0.674740
0 0.412500 0.659115 0.405093 0.661979 0.403704 0.665104 0.405093 0.669271 0.409259 0.672917 0.412963 0.675000 0.419907 0.676823 0.427315 0.676302 0.436574 0.669792 0.437037 0.665625 0.435648 0.663021 0.433796 0.661719 0.427778 0.659896 0.421296 0.658854
0 0.417130 0.677604 0.410648 0.678646 0.407407 0.680469 0.404167 0.684896 0.404167 0.689844 0.408796 0.692969 0.415741 0.695052 0.420833 0.695573 0.431019 0.693490 0.437037 0.691146 0.439815 0.689063 0.440741 0.685156 0.436111 0.680990 0.432870 0.679167 0.422685 0.677604
0 0.457870 0.686198 0.444444 0.688542 0.442593 0.689583 0.441667 0.693750 0.446759 0.700260 0.448611 0.705208 0.453241 0.708073 0.458009 0.712318 0.469444 0.701823 0.472222 0.691667 0.471759 0.689844 0.468519 0.686979 0.464815 0.686198
0 0.440741 0.694792 0.434722 0.693490 0.427315 0.694010 0.418056 0.696615 0.408796 0.701302 0.405556 0.704688 0.405556 0.709115 0.407407 0.710938 0.412963 0.713802 0.415741 0.714323 0.428704 0.713542 0.440278 0.710938 0.445370 0.707812 0.447685 0.705208 0.446759 0.701302
0 0.428241 0.714063 0.416204 0.715885 0.409722 0.720573 0.409722 0.724740 0.416204 0.731510 0.419907 0.733854 0.426852 0.734896 0.436111 0.733594 0.439352 0.731771 0.441667 0.728646 0.437500 0.716667 0.434722 0.714844
0 0.453704 0.714583 0.444444 0.716406 0.440278 0.718750 0.439352 0.720833 0.441667 0.725521 0.443981 0.727865 0.447222 0.729688 0.456481 0.730469 0.465278 0.727344 0.467130 0.724740 0.467593 0.719792 0.466204 0.716667
0 0.404630 0.723698 0.401852 0.722656 0.398148 0.722396 0.388426 0.724219 0.384259 0.725781 0.372222 0.736198 0.373148 0.738281 0.376389 0.739323 0.387500 0.740104 0.391667 0.741406 0.400000 0.740625 0.405556 0.738542 0.409722 0.735938 0.410648 0.730469 0.409722 0.727865
0 0.391667 0.708073 0.387037 0.711719 0.385185 0.716146 0.386574 0.721615 0.390741 0.722917 0.399537 0.721875 0.408333 0.721615 0.410185 0.719115 0.415093 0.715938 0.411574 0.713021 0.405093 0.709896
0 0.376852 0.687760 0.373148 0.692969 0.373148 0.698177 0.375463 0.702083 0.380556 0.704427 0.385185 0.705729 0.399074 0.705469 0.403704 0.704427 0.406019 0.702344 0.411111 0.700000 0.412500 0.696875 0.410185 0.694531 0.406019 0.693229 0.405556 0.691927 0.402778 0.690104 0.396759 0.688542 0.386111 0.686979 0.378241 0.687240
0 0.378704 0.703906 0.371296 0.704427 0.365741 0.706510 0.361111 0.712240 0.361111 0.715885 0.362500 0.718229 0.364352 0.719271 0.370833 0.720833 0.376852 0.719531 0.381019 0.717448 0.385648 0.710677 0.385648 0.707292 0.382407 0.704948
0 0.566667 0.749479 0.561574 0.749479 0.556481 0.750260 0.542130 0.759635 0.541204 0.761979 0.541667 0.764583 0.545370 0.766927 0.550926 0.768750 0.560185 0.769271 0.564815 0.767969 0.567130 0.765885 0.570833 0.755469 0.568981 0.751042
0 0.566204 0.730990 0.558333 0.731771 0.553241 0.733333 0.544444 0.740104 0.546759 0.742448 0.555556 0.746875 0.565278 0.748698 0.571759 0.746615 0.576389 0.740625 0.576389 0.736979 0.573148 0.733073
0 0.521296 0.738542 0.519444 0.739844 0.517130 0.748177 0.525463 0.756250 0.530093 0.758333 0.536574 0.759115 0.542130 0.758854 0.545370 0.758073 0.552778 0.752083 0.553241 0.747917 0.550000 0.744792 0.542593 0.741146 0.534722 0.739062 0.531481 0.737500 0.524537 0.737760
0 0.499537 0.749740 0.491667 0.755469 0.491667 0.759635 0.496759 0.763021 0.509722 0.767448 0.515278 0.767708 0.520370 0.767188 0.527778 0.764323 0.528241 0.759375 0.516204 0.749219 0.508333 0.748698
0 0.503241 0.725781 0.498148 0.728125 0.493519 0.732292 0.489352 0.739583 0.489352 0.744531 0.498148 0.748437 0.503704 0.749479 0.512037 0.748437 0.514815 0.746875 0.516667 0.743750 0.517130 0.739844 0.514815 0.732292 0.512963 0.729427 0.510185 0.727344
0 0.537037 0.718229 0.531019 0.719010 0.527315 0.720313 0.524074 0.725000 0.526389 0.732552 0.529630 0.736458 0.537500 0.738802 0.540278 0.738802 0.545370 0.737760 0.550926 0.732812 0.552778 0.728385 0.553241 0.723958 0.548611 0.719271 0.545833 0.718490
0 0.558333 0.715885 0.554167 0.717448 0.552778 0.721094 0.554630 0.728906 0.556944 0.730729 0.560648 0.730990 0.566204 0.730208 0.568981 0.729167 0.571759 0.726562 0.574537 0.720573 0.573148 0.718490 0.571296 0.717708
0 0.558796 0.698698 0.553241 0.705208 0.553241 0.709635 0.558796 0.714063 0.562963 0.715365 0.573148 0.716927 0.580093 0.716406 0.588426 0.712760 0.589815 0.708854 0.587500 0.705469 0.576852 0.699479 0.566667 0.697396
0 0.517593 0.706250 0.509722 0.707552 0.503241 0.709375 0.499537 0.711719 0.496296 0.712760 0.494444 0.716927 0.500463 0.722396 0.504167 0.724479 0.509259 0.725781 0.517593 0.725000 0.523611 0.717708 0.523611 0.708854 0.520833 0.707031
0 0.545370 0.690885 0.534722 0.691146 0.528241 0.692448 0.524074 0.696354 0.522222 0.700521 0.523611 0.705990 0.526389 0.710938 0.530093 0.712760 0.537037 0.714583 0.542593 0.713802 0.550000 0.710417 0.554630 0.701823 0.555093 0.696875 0.550463 0.693229
0 0.573148 0.675521 0.564815 0.675000 0.557407 0.677083 0.550926 0.680990 0.548148 0.684115 0.546759 0.689844 0.550926 0.692969 0.558796 0.696094 0.567130 0.695833 0.568981 0.695312 0.575000 0.689583 0.576852 0.681250
0 0.551852 0.653385 0.544444 0.654948 0.538889 0.658073 0.536574 0.661719 0.537037 0.664323 0.539815 0.668490 0.546759 0.671875 0.559259 0.674219 0.566667 0.672917 0.568981 0.671875 0.572222 0.666406 0.571759 0.663542 0.570370 0.661458 0.561111 0.655469
0 0.538426 0.669010 0.531944 0.671094 0.522685 0.681510 0.522685 0.685937 0.524537 0.688021 0.530556 0.690885 0.540741 0.690365 0.543056 0.689844 0.545370 0.688281 0.547222 0.682552 0.546296 0.673958 0.544444 0.671354
0 0.519907 0.686719 0.513889 0.686198 0.505556 0.686719 0.501389 0.687760 0.498148 0.689844 0.496759 0.693750 0.504630 0.700521 0.508333 0.702604 0.512963 0.702604 0.518981 0.700781 0.521296 0.699219 0.524074 0.694792 0.525926 0.693490 0.525926 0.689323
0 0.524537 0.661979 0.518056 0.661198 0.512500 0.661458 0.503704 0.663802 0.496296 0.667188 0.494444 0.669792 0.494444 0.674479 0.496296 0.677865 0.502778 0.682813 0.512500 0.682813 0.520833 0.680469 0.524537 0.678385 0.529167 0.673698 0.530093 0.671354 0.529630 0.666406
0 0.521296 0.640885 0.517130 0.641667 0.513426 0.644531 0.509722 0.650000 0.509259 0.654427 0.512037 0.658073 0.514352 0.659375 0.521296 0.660417 0.525926 0.660417 0.536111 0.658073 0.542130 0.654687 0.542593 0.650260 0.537963 0.645833 0.534722 0.644010 0.525463 0.640885
0 0.540741 0.638542 0.535648 0.642708 0.538426 0.645573 0.539352 0.647917 0.543056 0.650260 0.548148 0.652083 0.558796 0.653385 0.566204 0.653385 0.567593 0.652604 0.569444 0.649740 0.568519 0.644010 0.566204 0.641406 0.556944 0.636198 0.551852 0.635156 0.544907 0.636719
0 0.502778 0.634375 0.496759 0.635677 0.485185 0.642448 0.484722 0.647135 0.486574 0.649219 0.490278 0.651302 0.501852 0.653385 0.505093 0.653385 0.508333 0.652083 0.512963 0.643229 0.512963 0.639583 0.510648 0.634635
0 0.488889 0.652344 0.483796 0.655729 0.480093 0.660677 0.480093 0.664062 0.482407 0.668490 0.489352 0.670573 0.497685 0.665885 0.508796 0.662240 0.509722 0.658333 0.508333 0.656771 0.504167 0.654687 0.496296 0.652865
0 0.477778 0.642969 0.468056 0.642188 0.462500 0.643490 0.460648 0.644531 0.456481 0.649740 0.456019 0.658333 0.457407 0.659375 0.461574 0.660156 0.468981 0.660156 0.479630 0.657813 0.483333 0.655990 0.486574 0.650000 0.482407 0.645312
0 0.416667 0.650260 0.414815 0.653646 0.416204 0.656510 0.418981 0.658073 0.433796 0.661719 0.441204 0.663021 0.448148 0.661719 0.453704 0.658594 0.455556 0.649740 0.454167 0.647917 0.449074 0.645833 0.426389 0.646094
0 0.452315 0.630469 0.447222 0.628906 0.440741 0.628646 0.431944 0.630729 0.425000 0.634635 0.421296 0.638542 0.422222 0.642969 0.425000 0.644531 0.431019 0.645573 0.441667 0.645312 0.451852 0.643229 0.456481 0.640885 0.457870 0.639062 0.456019 0.633594
0 0.398611 0.638021 0.390741 0.641146 0.389815 0.642188 0.389815 0.646875 0.398148 0.656771 0.399537 0.657552 0.406944 0.657813 0.412037 0.655469 0.417593 0.647135 0.418056 0.641927 0.413426 0.639323 0.407407 0.638281
0 0.385648 0.646875 0.377315 0.646875 0.371759 0.648438 0.367593 0.650260 0.363889 0.654948 0.362963 0.658333 0.366667 0.661198 0.372222 0.667448 0.374074 0.668490 0.377778 0.669271 0.387963 0.667708 0.392593 0.666406 0.396759 0.662240 0.397222 0.658073 0.390741 0.649740
0 0.403241 0.671615 0.399074 0.669531 0.392593 0.667708 0.385185 0.668750 0.376389 0.672135 0.368981 0.676823 0.367593 0.679167 0.367593 0.681771 0.371759 0.684635 0.378241 0.686458 0.390278 0.687240 0.399074 0.687240 0.400926 0.686719 0.405093 0.682813 0.406019 0.679427 0.405093 0.673958
0 0.364815 0.682292 0.356481 0.682813 0.349074 0.685677 0.343981 0.689323 0.341667 0.694010 0.345370 0.700260 0.349537 0.702344 0.356944 0.703385 0.364815 0.703125 0.368519 0.701042 0.371759 0.697917 0.373611 0.688542 0.371759 0.686198
0 0.362037 0.704427 0.350926 0.702344 0.343519 0.702604 0.339352 0.705469 0.337500 0.708333 0.337037 0.714063 0.338889 0.717708 0.343519 0.722396 0.350926 0.720573 0.358796 0.714583 0.362963 0.709375 0.362963 0.704948
0 0.357407 0.719271 0.347222 0.722396 0.343519 0.727344 0.343519 0.729948 0.345833 0.734115 0.350463 0.737500 0.356481 0.739062 0.359259 0.739062 0.365741 0.737760 0.373148 0.733594 0.377778 0.728906 0.377778 0.724479 0.374074 0.721875 0.365278 0.719792
0 0.372685 0.740885 0.368981 0.741667 0.365278 0.743490 0.356481 0.751302 0.355093 0.754427 0.355556 0.759115 0.357407 0.761719 0.362037 0.763542 0.370833 0.764583 0.379167 0.764583 0.388889 0.759115 0.390741 0.756771 0.390741 0.754948 0.387963 0.746094 0.384259 0.742708 0.379167 0.740885
0 0.358333 0.740104 0.353241 0.739062 0.349537 0.737500 0.344444 0.736719 0.328241 0.738802 0.325000 0.740365 0.321296 0.744010 0.320833 0.748698 0.322685 0.751042 0.330093 0.754167 0.337037 0.754427 0.346296 0.752865 0.356019 0.748958 0.360185 0.744271
0 0.306481 0.750781 0.301389 0.755208 0.298611 0.759635 0.300000 0.767448 0.301852 0.768490 0.312037 0.770833 0.323148 0.770833 0.329630 0.769531 0.334722 0.766406 0.336574 0.764062 0.335648 0.759635 0.332407 0.756250 0.319444 0.750000 0.313426 0.749740
0 0.267130 0.743750 0.259722 0.747917 0.259722 0.752344 0.263426 0.758073 0.270370 0.760938 0.281481 0.763021 0.288426 0.763281 0.293981 0.761719 0.297685 0.759375 0.303241 0.752083 0.301852 0.747917 0.295370 0.744531 0.290278 0.743490 0.272685 0.742708
0 0.243519 0.748177 0.239815 0.748698 0.234259 0.751823 0.230093 0.755729 0.230556 0.764323 0.231944 0.767448 0.233796 0.768490 0.239352 0.770312 0.246759 0.771354 0.256944 0.769531 0.260648 0.768229 0.263426 0.763802 0.264352 0.759635 0.256944 0.750260 0.247685 0.748177
0 0.303241 0.732552 0.295833 0.736198 0.296759 0.744271 0.302315 0.747135 0.309259 0.749219 0.319444 0.745313 0.323611 0.740625 0.324537 0.735938 0.322685 0.734375 0.316667 0.733073 0.309722 0.732292
0 0.321296 0.715104 0.315278 0.717969 0.312500 0.720573 0.312037 0.725260 0.315741 0.729427 0.326389 0.734896 0.329167 0.735677 0.337037 0.735938 0.340741 0.734375 0.342593 0.731510 0.342593 0.723958 0.338426 0.716406 0.337037 0.715104 0.331019 0.714063
0 0.294444 0.710938 0.288889 0.712760 0.287500 0.715365 0.287963 0.719271 0.289352 0.720833 0.295370 0.723698 0.301389 0.725000 0.304167 0.724740 0.310185 0.722396 0.312963 0.718490 0.316204 0.716667 0.309259 0.711198 0.304630 0.710677
0 0.330093 0.691146 0.323611 0.691667 0.312963 0.694271 0.306019 0.700521 0.306019 0.706771 0.307407 0.709115 0.311111 0.711458 0.318981 0.714323 0.323148 0.714583 0.332407 0.712500 0.336574 0.709896 0.337963 0.706771 0.342593 0.701562 0.339815 0.695833 0.334722 0.692448
0 0.336574 0.672917 0.328704 0.677604 0.329630 0.681771 0.332870 0.686198 0.336574 0.687240 0.343981 0.687240 0.352778 0.682031 0.352315 0.677344 0.350463 0.675781 0.345833 0.673958
0 0.350463 0.659375 0.345833 0.661458 0.342130 0.665104 0.340278 0.669531 0.342593 0.672656 0.352778 0.675781 0.359074 0.679688 0.364815 0.678125 0.368380 0.676979 0.371759 0.673958 0.371759 0.669271 0.369907 0.666406 0.362500 0.659375 0.359722 0.658854
0 0.338426 0.656771 0.330556 0.654427 0.322222 0.654948 0.317130 0.656771 0.310648 0.660156 0.305556 0.664323 0.304630 0.665885 0.304630 0.670052 0.306481 0.672396 0.313889 0.675260 0.319907 0.675781 0.325926 0.675260 0.333796 0.672656 0.339815 0.668229 0.343056 0.662240 0.341667 0.658854
0 0.301389 0.672917 0.296296 0.675521 0.292130 0.680208 0.292593 0.686198 0.295833 0.690885 0.298611 0.692448 0.301389 0.693229 0.309259 0.693750 0.319907 0.690104 0.328241 0.685677 0.327778 0.681771 0.319907 0.676302 0.309259 0.673958
0 0.493519 0.627344 0.487500 0.624479 0.481019 0.623698 0.475000 0.624219 0.468056 0.626563 0.459722 0.628385 0.457407 0.631250 0.458333 0.634896 0.461574 0.640104 0.463889 0.641406 0.467593 0.641927 0.483333 0.642188 0.486574 0.641406 0.495833 0.635156 0.495833 0.630208
0 0.387963 0.630208 0.389352 0.633594 0.394907 0.636719 0.398611 0.637500 0.415278 0.638281 0.420370 0.637240 0.423611 0.634896 0.425926 0.631510 0.424537 0.626823 0.420370 0.623437 0.414815 0.622135 0.406019 0.622135 0.395833 0.623958
0 0.371296 0.631250 0.363426 0.631510 0.360185 0.633594 0.356481 0.638802 0.356019 0.642969 0.360185 0.648438 0.364352 0.650000 0.371759 0.648177 0.378704 0.645573 0.382407 0.643490 0.386574 0.638802 0.383796 0.634896 0.381944 0.633854
0 0.321759 0.645312 0.320833 0.646615 0.321759 0.650000 0.323611 0.652083 0.328241 0.654167 0.337500 0.656510 0.343056 0.657292 0.348148 0.656510 0.351389 0.654948 0.356019 0.650521 0.356019 0.645312 0.352315 0.642188 0.350000 0.641406 0.335648 0.641406 0.326852 0.643229
0 0.343981 0.620833 0.333333 0.622135 0.331481 0.622917 0.330093 0.625000 0.329167 0.629427 0.330093 0.634635 0.332870 0.638281 0.337500 0.640885 0.343981 0.641146 0.354630 0.639583 0.357870 0.636458 0.360185 0.631250 0.350463 0.622396
0 0.323611 0.624479 0.320370 0.625000 0.316667 0.627083 0.312500 0.628125 0.306944 0.631250 0.304630 0.634635 0.305556 0.639062 0.306944 0.640365 0.315741 0.643490 0.323611 0.643750 0.326852 0.642708 0.332407 0.638802 0.329630 0.633333 0.328704 0.626302 0.327315 0.625260
0 0.300926 0.641406 0.291204 0.644271 0.289352 0.647135 0.289352 0.650781 0.294907 0.656510 0.300000 0.659635 0.301852 0.660156 0.309259 0.660156 0.317593 0.653385 0.318981 0.650000 0.318981 0.646094 0.315741 0.643490 0.309722 0.641667
0 0.274074 0.647917 0.268981 0.649479 0.262963 0.653385 0.262500 0.655208 0.263889 0.660417 0.266667 0.662760 0.274074 0.665104 0.279167 0.665885 0.281481 0.667188 0.288426 0.667188 0.293519 0.664323 0.294907 0.659115 0.294444 0.657031 0.288426 0.651823 0.281019 0.648958
0 0.280556 0.675000 0.268981 0.681510 0.266204 0.685937 0.267130 0.689583 0.269444 0.691406 0.273148 0.692448 0.283796 0.693229 0.289352 0.692448 0.292593 0.690104 0.292593 0.677604 0.288426 0.675260
0 0.285185 0.666667 0.268056 0.663542 0.260185 0.664583 0.255093 0.666146 0.250926 0.668490 0.250000 0.669531 0.250463 0.674219 0.256944 0.679167 0.267593 0.680469 0.271759 0.679167 0.276389 0.676042 0.282870 0.674219 0.285648 0.672656 0.287963 0.670312 0.287963 0.669271
0 0.267130 0.693750 0.262963 0.696875 0.262500 0.701302 0.267130 0.706250 0.275463 0.711198 0.280556 0.712500 0.288426 0.711719 0.295833 0.708854 0.300463 0.701823 0.299074 0.697917 0.296759 0.696354 0.288426 0.693750 0.274537 0.692708
0 0.273148 0.722396 0.266204 0.725781 0.264352 0.728385 0.265741 0.732292 0.268056 0.735156 0.272685 0.737500 0.279630 0.738802 0.288889 0.738802 0.293519 0.737500 0.298611 0.732552 0.296759 0.726823 0.293519 0.722917 0.288889 0.721354 0.281019 0.721354
0 0.253241 0.723958 0.244907 0.727344 0.237037 0.740885 0.238889 0.744531 0.242593 0.747135 0.253704 0.748698 0.260648 0.747135 0.266204 0.744010 0.268519 0.741146 0.268519 0.736198 0.267130 0.735156 0.264815 0.729688 0.262500 0.726823
0 0.242130 0.708854 0.241204 0.713542 0.243056 0.716667 0.251389 0.722917 0.260185 0.725521 0.267593 0.724219 0.275926 0.718750 0.277315 0.717187 0.278241 0.712760 0.272685 0.709896 0.265278 0.707292 0.254630 0.706250 0.246296 0.706510
0 0.233333 0.717708 0.219907 0.722396 0.212963 0.728385 0.212037 0.732031 0.212963 0.734375 0.215278 0.736198 0.223611 0.738542 0.231944 0.739583 0.234259 0.739323 0.237500 0.737760 0.243056 0.728906 0.243056 0.723437 0.241667 0.720313 0.239815 0.718750
0 0.217593 0.737500 0.215278 0.738802 0.214352 0.744271 0.218981 0.751823 0.224074 0.754167 0.227315 0.754427 0.232870 0.753385 0.239815 0.748177 0.237963 0.743750 0.233333 0.739844
0 0.197685 0.738281 0.186111 0.741927 0.183796 0.744010 0.182407 0.748958 0.183796 0.752083 0.198611 0.755990 0.207407 0.754687 0.214815 0.752083 0.216667 0.747917 0.213426 0.743229 0.207870 0.739844
0 0.169907 0.737240 0.162037 0.736458 0.154630 0.737760 0.150926 0.739323 0.144444 0.743750 0.141667 0.748437 0.144907 0.753385 0.149074 0.755990 0.157407 0.756250 0.172685 0.751823 0.179167 0.748177 0.180556 0.743750 0.175926 0.740104
0 0.174074 0.721094 0.170833 0.722396 0.168056 0.730208 0.168519 0.734375 0.169907 0.736458 0.177315 0.740104 0.184259 0.741927 0.193981 0.738802 0.196759 0.736719 0.198611 0.732292 0.196296 0.728125 0.187500 0.722656 0.179167 0.721094
0 0.120833 0.738021 0.116204 0.739844 0.109722 0.744010 0.109722 0.748437 0.112963 0.750781 0.119444 0.751823 0.124074 0.751823 0.128704 0.751042 0.131944 0.748958 0.134722 0.745313 0.134722 0.742969 0.132870 0.740104 0.130556 0.739062
0 0.117593 0.726042 0.109722 0.724479 0.100463 0.725000 0.093981 0.728125 0.088889 0.735938 0.089352 0.740625 0.093519 0.745833 0.100926 0.746615 0.107870 0.745313 0.118056 0.738802 0.120833 0.735938 0.122685 0.732031 0.121759 0.728125
0 0.128241 0.721615 0.123148 0.724219 0.121759 0.727344 0.122222 0.731250 0.124537 0.735156 0.135185 0.738542 0.143981 0.737500 0.151389 0.733594 0.152778 0.732031 0.154167 0.728385 0.151852 0.725521 0.146296 0.723437 0.136574 0.721354
0 0.156944 0.698958 0.149074 0.699479 0.139352 0.703385 0.133333 0.712760 0.133796 0.719531 0.134722 0.720833 0.150000 0.723437 0.166204 0.717448 0.167593 0.714844 0.167593 0.704948 0.165741 0.702604 0.161574 0.700260
0 0.196759 0.700260 0.191667 0.698958 0.182870 0.698177 0.175926 0.699740 0.171296 0.702083 0.168981 0.704688 0.168519 0.706771 0.168981 0.715365 0.170370 0.717448 0.174537 0.718229 0.178704 0.718229 0.189815 0.716146 0.194907 0.713802 0.200926 0.709375 0.202315 0.705729 0.200463 0.702865
0 0.191204 0.716667 0.189352 0.718229 0.188889 0.721615 0.191204 0.724740 0.198148 0.729427 0.205093 0.729688 0.208333 0.729167 0.216667 0.724740 0.219444 0.720573 0.214815 0.716927 0.212037 0.716146 0.196296 0.715625
0 0.218519 0.699740 0.211574 0.701823 0.207407 0.704948 0.207407 0.709896 0.209259 0.713802 0.211574 0.715625 0.214815 0.716667 0.218519 0.719010 0.226389 0.719531 0.236111 0.715885 0.237963 0.714583 0.240741 0.709896 0.242130 0.704948 0.239815 0.702604 0.231944 0.699740
0 0.256852 0.680208 0.249907 0.680651 0.239398 0.690677 0.232824 0.696042 0.234259 0.698958 0.235648 0.701302 0.239352 0.702344 0.245833 0.703125 0.250926 0.702604 0.256481 0.701042 0.260648 0.698438 0.263426 0.692448 0.264583 0.691120 0.265972 0.683568
0 0.225463 0.661979 0.219907 0.666146 0.218056 0.672135 0.218056 0.674740 0.219444 0.677083 0.222222 0.679167 0.224537 0.679688 0.240278 0.677865 0.244907 0.673958 0.244907 0.669271 0.229352 0.660859
0 0.248611 0.681510 0.240278 0.678906 0.231019 0.678906 0.220833 0.680729 0.215741 0.683073 0.214352 0.685677 0.214352 0.689844 0.217593 0.693750 0.224074 0.695573 0.232870 0.695833
0 0.196759 0.678906 0.193056 0.680208 0.188426 0.683073 0.186574 0.685156 0.187500 0.688281 0.189815 0.691406 0.197685 0.698438 0.206944 0.700391 0.214028 0.698385 0.215278 0.694010 0.213889 0.690625 0.213889 0.683854 0.208796 0.679427 0.206481 0.678906
0 0.154630 0.677344 0.150926 0.679167 0.148611 0.681510 0.150000 0.686719 0.153704 0.691406 0.159722 0.696615 0.163889 0.698438 0.170370 0.699479 0.178241 0.696875 0.185648 0.692708 0.187037 0.689063 0.185185 0.685677 0.175463 0.679948 0.169907 0.677865 0.163889 0.676562
0 0.124537 0.700260 0.114352 0.699740 0.106944 0.702865 0.103704 0.709115 0.105556 0.711979 0.107407 0.713021 0.113426 0.714323 0.118981 0.714063 0.124074 0.713021 0.130093 0.709896 0.132407 0.704688 0.130556 0.702344
0 0.134722 0.678646 0.127778 0.679427 0.121296 0.681771 0.116667 0.685677 0.115741 0.689583 0.119907 0.693490 0.124074 0.696094 0.131019 0.698438 0.137037 0.698958 0.142593 0.698177 0.147222 0.695312 0.150000 0.691667 0.150463 0.688802 0.146296 0.681250 0.143981 0.680208
0 0.110185 0.688542 0.104630 0.686719 0.099537 0.686198 0.093519 0.687240 0.084722 0.690625 0.082407 0.692969 0.082870 0.697656 0.084722 0.699740 0.087037 0.701042 0.091667 0.701562 0.102315 0.701302 0.109722 0.699740 0.112500 0.697917 0.113426 0.695833 0.113426 0.692187
0 0.095370 0.670312 0.086574 0.670573 0.081019 0.672135 0.075926 0.675521 0.069444 0.681510 0.069444 0.685677 0.070370 0.686719 0.079630 0.691406 0.094213 0.687109 0.099444 0.685260 0.103704 0.682552 0.106019 0.677083 0.099537 0.671615
0 0.100463 0.664844 0.097778 0.670052 0.109259 0.678646 0.114815 0.679948 0.121759 0.680469 0.128704 0.678385 0.131944 0.676302 0.137037 0.670573 0.136574 0.668490 0.133333 0.665885 0.124537 0.663802 0.115741 0.662500 0.106944 0.662240
0 0.178241 0.661979 0.172685 0.659375 0.163426 0.656771 0.158333 0.657552 0.149074 0.657813 0.143981 0.659375 0.138889 0.662240 0.137963 0.664062 0.138889 0.671094 0.141204 0.672656 0.151389 0.675781 0.157407 0.676302 0.163426 0.675521 0.170370 0.672917 0.178241 0.667708 0.179630 0.666146
0 0.190741 0.659635 0.185185 0.662240 0.181944 0.665365 0.181019 0.670573 0.183333 0.673698 0.190741 0.676562 0.198611 0.678646 0.207407 0.678646 0.215741 0.676562 0.217593 0.674219 0.218519 0.667969 0.218056 0.666146 0.214352 0.664062 0.212037 0.661719 0.207407 0.659635 0.201852 0.658594 0.197222 0.658333
0 0.211111 0.645312 0.204630 0.646615 0.200926 0.648438 0.199537 0.649740 0.199537 0.653646 0.200463 0.656771 0.202778 0.658333 0.212500 0.659375 0.215278 0.658073 0.222685 0.657292 0.225000 0.656510 0.226389 0.654687 0.226389 0.650260 0.218981 0.646875
0 0.232130 0.649167 0.227315 0.654167 0.227778 0.658333 0.231111 0.660625 0.239815 0.666406 0.244907 0.668229 0.247685 0.668490 0.251852 0.667448 0.256481 0.665104 0.260185 0.661979 0.261574 0.658854 0.260648 0.653906 0.257870 0.652083 0.251852 0.650521 0.241667 0.649740
0 0.163426 0.647917 0.161574 0.649479 0.162963 0.654687 0.166204 0.657031 0.176389 0.660677 0.184259 0.661719 0.193519 0.658073 0.195370 0.655208 0.195370 0.650000 0.193519 0.648958 0.184259 0.646354 0.177315 0.645573
0 0.142593 0.646615 0.136111 0.644010 0.128241 0.644531 0.118056 0.646615 0.110185 0.650521 0.108333 0.652344 0.105093 0.657552 0.106019 0.660417 0.110185 0.662240 0.125463 0.663542 0.131481 0.663281 0.139352 0.660937 0.144907 0.657813 0.146296 0.654948 0.145370 0.650781
0 0.190278 0.625000 0.183796 0.626823 0.179630 0.628906 0.175463 0.633073 0.175000 0.635417 0.179167 0.642708 0.183796 0.645833 0.190278 0.647917 0.198611 0.648438 0.206944 0.645833 0.209259 0.644531 0.212963 0.639844 0.213426 0.638021 0.211111 0.634115 0.203704 0.628906 0.196296 0.625781
0 0.155556 0.631250 0.151389 0.633333 0.149537 0.636198 0.149537 0.642448 0.151389 0.645573 0.153704 0.646875 0.158333 0.647396 0.163889 0.647396 0.169907 0.646354 0.176389 0.642969 0.175926 0.638281 0.174074 0.635938 0.170833 0.633594 0.165278 0.631510
0 0.110648 0.634375 0.112037 0.639062 0.116204 0.644531 0.119907 0.645312 0.128704 0.644531 0.136574 0.642969 0.139815 0.640625 0.145833 0.638281 0.147685 0.635417 0.147685 0.634375 0.143981 0.632031 0.134722 0.629427 0.127778 0.628646 0.120833 0.628646 0.115278 0.630208 0.112963 0.631510
0 0.091667 0.632031 0.087037 0.633854 0.084259 0.638802 0.083796 0.646875 0.086111 0.651302 0.087963 0.652604 0.090741 0.653125 0.105556 0.652344 0.111574 0.649479 0.113889 0.646615 0.113889 0.642188 0.111574 0.637240 0.109722 0.634896 0.104630 0.632812 0.100926 0.632031
0 0.142593 0.607812 0.135185 0.607812 0.127315 0.608854 0.124074 0.609896 0.116667 0.614583 0.115278 0.618490 0.116204 0.623437 0.117130 0.625000 0.120833 0.627344 0.126389 0.628125 0.136111 0.628125 0.147685 0.625260 0.152315 0.622396 0.154630 0.619531 0.154630 0.615104 0.147685 0.610156
0 0.176852 0.609896 0.170833 0.611979 0.167130 0.614583 0.165741 0.617708 0.165741 0.623177 0.169907 0.626042 0.177315 0.626823 0.184722 0.625781 0.189352 0.623177 0.191667 0.619010 0.188889 0.615104 0.184722 0.612500
0 0.170833 0.600521 0.160648 0.598958 0.155556 0.598958 0.149074 0.600260 0.145370 0.603125 0.144444 0.607552 0.148611 0.611719 0.152315 0.613542 0.156481 0.614323 0.166667 0.611458 0.172222 0.607812 0.174074 0.603125
0 0.181944 0.591927 0.178241 0.593750 0.174537 0.599479 0.176389 0.607292 0.178241 0.609375 0.181481 0.611198 0.190278 0.614583 0.198148 0.614323 0.202315 0.612240 0.208333 0.610417 0.212500 0.607812 0.213889 0.604427 0.212963 0.600000 0.207407 0.596875 0.197222 0.592969 0.191204 0.591406
0 0.149074 0.586979 0.147685 0.591927 0.150000 0.595052 0.154167 0.596615 0.161111 0.596615 0.172222 0.595052 0.177315 0.593750 0.179630 0.591927 0.177778 0.587760 0.170370 0.584375 0.165741 0.583333 0.156019 0.582812 0.150463 0.585417
0 0.107407 0.584375 0.098611 0.587500 0.095370 0.590625 0.094907 0.599740 0.097222 0.603385 0.101389 0.606250 0.107407 0.608073 0.114815 0.607812 0.125926 0.603646 0.129167 0.599740 0.128241 0.596094 0.125463 0.592187 0.113889 0.586198
0 0.127778 0.574740 0.125000 0.576302 0.122685 0.579688 0.123148 0.584635 0.125000 0.587240 0.129167 0.590365 0.136111 0.591406 0.145370 0.588802 0.147222 0.587760 0.150926 0.584115 0.150926 0.579948 0.146759 0.578646 0.142593 0.575781 0.135648 0.574479
0 0.144444 0.561979 0.139815 0.564844 0.137037 0.568229 0.137963 0.572656 0.139352 0.574219 0.146296 0.577865 0.154167 0.579688 0.163426 0.579167 0.167593 0.577865 0.172222 0.575260 0.175926 0.569792 0.176389 0.567969 0.173611 0.564583 0.168981 0.561979 0.163426 0.561198 0.153241 0.560937
0 0.199537 0.571354 0.188889 0.571094 0.179630 0.573438 0.175000 0.576042 0.175000 0.584375 0.178241 0.587500 0.181481 0.589323 0.189815 0.590365 0.197685 0.589323 0.209259 0.581771 0.210185 0.580469 0.209259 0.575781 0.204630 0.572917
0 0.205556 0.584115 0.200000 0.587760 0.199537 0.591927 0.200926 0.593229 0.206019 0.596094 0.217593 0.600521 0.228704 0.602083 0.235185 0.601562 0.237037 0.600260 0.236111 0.591667 0.231944 0.586458 0.228704 0.583854 0.221296 0.581510 0.216204 0.581250 0.211574 0.581771
0 0.229167 0.603385 0.226852 0.605469 0.226389 0.607552 0.223611 0.610156 0.223148 0.611719 0.230093 0.620052 0.232870 0.621094 0.238426 0.621875 0.246759 0.620833 0.252315 0.618229 0.255556 0.615625 0.255556 0.611198 0.251852 0.608333 0.247222 0.607031 0.244444 0.605208 0.240278 0.603906 0.234722 0.603125
0 0.222685 0.610677 0.218981 0.609896 0.211111 0.609635 0.194907 0.615104 0.193056 0.618490 0.193519 0.621094 0.194907 0.622656 0.199537 0.625000 0.203704 0.626042 0.213426 0.625781 0.218519 0.624740 0.223148 0.622396 0.226852 0.619271 0.225000 0.613021
0 0.229630 0.621875 0.221759 0.623698 0.219444 0.625260 0.217130 0.629948 0.217130 0.635938 0.218056 0.639323 0.221759 0.641667 0.224537 0.642448 0.233796 0.642708 0.239815 0.641406 0.244907 0.634896 0.248611 0.632552 0.249537 0.631250 0.249537 0.626823 0.246296 0.624479 0.240741 0.622656
0 0.245370 0.634896 0.239815 0.642188 0.239815 0.647656 0.241667 0.649219 0.247685 0.650000 0.263889 0.650000 0.268056 0.649479 0.275000 0.646615 0.275463 0.642448 0.271759 0.639062 0.268056 0.636979 0.253704 0.633854 0.247685 0.634115
0 0.276852 0.627344 0.273148 0.629427 0.269907 0.633854 0.271296 0.638802 0.275463 0.641406 0.281481 0.642969 0.289352 0.643490 0.294907 0.642448 0.297685 0.640885 0.300000 0.638281 0.300000 0.633333 0.298611 0.630990 0.293519 0.627865 0.288426 0.626302 0.280556 0.626302
0 0.259259 0.616146 0.254167 0.617708 0.250926 0.620313 0.250000 0.624740 0.251389 0.630729 0.254630 0.633073 0.257407 0.633854 0.267593 0.634115 0.271296 0.632031 0.274074 0.628125 0.277315 0.626042 0.278241 0.623437 0.277315 0.619010 0.274537 0.617708 0.269907 0.616927
0 0.287500 0.610417 0.285648 0.614583 0.286111 0.619271 0.291667 0.625781 0.299537 0.628385 0.303241 0.628646 0.316204 0.625000 0.318056 0.623177 0.317593 0.619010 0.308796 0.613021 0.295833 0.610156
0 0.343981 0.601823 0.339352 0.601042 0.330093 0.601302 0.326852 0.602344 0.319444 0.606771 0.313889 0.610938 0.314352 0.615365 0.318056 0.617708 0.323611 0.619792 0.328704 0.620833 0.332407 0.620833 0.343056 0.619792 0.349074 0.617448 0.351852 0.615365 0.352778 0.611198 0.348148 0.604948
0 0.356944 0.614583 0.352315 0.617188 0.350463 0.619531 0.351852 0.623177 0.357407 0.628125 0.366204 0.630469 0.379167 0.630729 0.387963 0.627083 0.390278 0.623437 0.390741 0.618750 0.382870 0.613802 0.377778 0.612760 0.369444 0.612500 0.362037 0.613281
0 0.389352 0.605990 0.386574 0.607292 0.386574 0.613542 0.387500 0.615885 0.393056 0.619792 0.397222 0.621094 0.400463 0.621354 0.406019 0.620313 0.411111 0.615365 0.411574 0.610677 0.409722 0.607292 0.406019 0.605208 0.397685 0.604948
0 0.419444 0.614323 0.417593 0.615365 0.416204 0.617969 0.416667 0.620833 0.418056 0.622396 0.428241 0.628385 0.434722 0.629427 0.444444 0.626563 0.446296 0.623177 0.446296 0.618750 0.444444 0.615625 0.435648 0.613542
0 0.468981 0.609896 0.461111 0.610417 0.451852 0.611979 0.448611 0.613802 0.446759 0.617448 0.447222 0.622656 0.450000 0.626042 0.454630 0.628125 0.462037 0.627865 0.469444 0.626302 0.479167 0.622396 0.480093 0.620573 0.479167 0.615104 0.475926 0.612500 0.470833 0.611198
0 0.480556 0.615104 0.482407 0.619531 0.485648 0.622917 0.497685 0.628906 0.501389 0.629427 0.510648 0.629167 0.518981 0.622917 0.519444 0.619010 0.518056 0.617448 0.512037 0.614583 0.504630 0.612500 0.492130 0.612760 0.482870 0.614062
0 0.517130 0.624740 0.513426 0.627604 0.511111 0.630729 0.511574 0.634896 0.514815 0.638021 0.522685 0.639844 0.531944 0.640104 0.542593 0.637760 0.547685 0.634896 0.546759 0.630469 0.532407 0.624219 0.523148 0.623177
0 0.595370 0.677083 0.585648 0.676562 0.582407 0.677344 0.580093 0.679167 0.576389 0.689323 0.573611 0.693229 0.574537 0.697396 0.579630 0.698958 0.585648 0.698698 0.590278 0.697656 0.601389 0.690625 0.605093 0.686198 0.604167 0.681771 0.599074 0.678385
0 0.595833 0.656771 0.586574 0.656510 0.576852 0.661979 0.571759 0.669271 0.572222 0.673698 0.576852 0.676042 0.580556 0.676562 0.595833 0.675000 0.600463 0.673177 0.605556 0.669792 0.606944 0.665104 0.605093 0.662240 0.600926 0.658854
0 0.594907 0.633333 0.590741 0.633854 0.581019 0.638542 0.575000 0.642188 0.571759 0.646354 0.572685 0.651042 0.575000 0.653125 0.585185 0.655990 0.593519 0.655729 0.596759 0.654948 0.611574 0.646615 0.611111 0.642188 0.607870 0.638021 0.603241 0.635417
0 0.583333 0.625521 0.566204 0.625781 0.562963 0.627083 0.561111 0.630208 0.561111 0.633594 0.562500 0.636198 0.566667 0.639583 0.571759 0.640625 0.575463 0.640365 0.582870 0.638021 0.585648 0.636458 0.589352 0.632031 0.589352 0.629427 0.587963 0.627344
0 0.608333 0.601823 0.600926 0.598698 0.590741 0.599479 0.587037 0.601302 0.581481 0.605729 0.580556 0.608333 0.582407 0.610938 0.587963 0.613021 0.593981 0.613802 0.601389 0.613802 0.606019 0.613021 0.609259 0.611458 0.611111 0.607812
0 0.565741 0.609635 0.562500 0.611198 0.561574 0.614583 0.565278 0.621094 0.572222 0.625000 0.581944 0.624740 0.584259 0.623437 0.585185 0.620052 0.585185 0.614583 0.583333 0.612240 0.578241 0.609115 0.575463 0.608594 0.571296 0.608594
0 0.537500 0.606510 0.525926 0.611719 0.525463 0.615885 0.527315 0.620573 0.530093 0.622656 0.536111 0.624740 0.544907 0.628906 0.547685 0.628646 0.559259 0.625260 0.561574 0.621615 0.562037 0.618490 0.559259 0.613802 0.550463 0.608333 0.545370 0.606510
0 0.578241 0.591927 0.574074 0.590885 0.564815 0.590625 0.559722 0.592187 0.549074 0.597656 0.546296 0.604167 0.547685 0.606250 0.551852 0.608854 0.559259 0.610156 0.573611 0.607812 0.581019 0.604948 0.584259 0.602604 0.585648 0.598698 0.583796 0.595833
0 0.587963 0.581510 0.581481 0.584115 0.581019 0.592708 0.587037 0.598437 0.593981 0.598958 0.599074 0.597656 0.602778 0.595573 0.605556 0.592708 0.607870 0.587760 0.605093 0.583854 0.601389 0.582552 0.593981 0.581250
0 0.552778 0.571875 0.550926 0.576302 0.554630 0.579948 0.558796 0.582552 0.564815 0.583594 0.580093 0.583594 0.587500 0.580208 0.586574 0.575781 0.585185 0.574479 0.578704 0.571094 0.566667 0.567708 0.558796 0.567708
0 0.537037 0.575000 0.531481 0.576823 0.526852 0.580208 0.532870 0.593229 0.536111 0.595313 0.545833 0.597396 0.554630 0.594792 0.560648 0.591406 0.562037 0.588281 0.560648 0.584115 0.550463 0.576823 0.545833 0.575521
0 0.540741 0.596875 0.531481 0.594271 0.523148 0.594792 0.513426 0.596875 0.509259 0.599479 0.508796 0.603906 0.510648 0.607552 0.517593 0.610677 0.525463 0.611198 0.529630 0.610156 0.541667 0.603125 0.543056 0.598958
0 0.500463 0.595833 0.496296 0.594792 0.489352 0.594531 0.481019 0.597135 0.473611 0.600521 0.471296 0.602604 0.469444 0.606771 0.470833 0.609896 0.473148 0.611198 0.482407 0.613281 0.498611 0.611719 0.503704 0.610417 0.507407 0.607552 0.507870 0.603385 0.504167 0.597917
0 0.525000 0.580990 0.520833 0.579167 0.513426 0.578646 0.509259 0.578906 0.499074 0.581510 0.493519 0.584375 0.490741 0.587240 0.492130 0.592187 0.494907 0.593750 0.502778 0.595313 0.518519 0.595052 0.524074 0.593750 0.527315 0.591406 0.528704 0.588281 0.527315 0.584115
0 0.766667 0.681250 0.761574 0.679948 0.753241 0.680469 0.750000 0.681250 0.741204 0.685417 0.741204 0.689583 0.743519 0.690885 0.746296 0.694010 0.753704 0.694271 0.756481 0.693229 0.766667 0.685677
0 0.476389 0.577083 0.467593 0.576823 0.460648 0.578385 0.457870 0.580729 0.454167 0.586458 0.454167 0.595573 0.462037 0.599740 0.468519 0.601302 0.475463 0.599479 0.484259 0.594531 0.488426 0.587760 0.488889 0.583333 0.486574 0.580208 0.482870 0.578385
0 0.487963 0.566406 0.481481 0.567708 0.478241 0.571875 0.479167 0.576302 0.484722 0.579167 0.490278 0.580729 0.496296 0.579427 0.498611 0.578125 0.499537 0.573698 0.499074 0.572396 0.494444 0.568490 0.490741 0.566667
0 0.447685 0.596094 0.444444 0.599219 0.445833 0.607292 0.447685 0.610677 0.455093 0.611458 0.462963 0.609635 0.465278 0.608333 0.466667 0.603385 0.464815 0.601302 0.455093 0.596094
0 0.403241 0.593750 0.402315 0.596094 0.405556 0.603646 0.410648 0.606250 0.414352 0.609375 0.419907 0.611979 0.425926 0.613021 0.433333 0.612500 0.443056 0.607552 0.443981 0.605208 0.443519 0.602083 0.440278 0.599219 0.435185 0.596615 0.418981 0.592448 0.405556 0.592708
0 0.452315 0.586719 0.450463 0.584375 0.447222 0.583073 0.439352 0.582812 0.431944 0.583333 0.425000 0.584635 0.418519 0.587760 0.418981 0.591406 0.429630 0.594792 0.439815 0.596615 0.445370 0.596354 0.450463 0.595313 0.452315 0.592448
0 0.448148 0.567187 0.440278 0.566927 0.434259 0.568750 0.428241 0.572396 0.425000 0.577344 0.425000 0.580469 0.426852 0.582031 0.432870 0.583073 0.448148 0.582292 0.456944 0.577344 0.457870 0.575781 0.455556 0.572396
0 0.405556 0.573958 0.398611 0.576302 0.393981 0.579948 0.392593 0.583073 0.394444 0.588021 0.399074 0.591406 0.405556 0.592187 0.414815 0.590365 0.422685 0.584115 0.421759 0.579167 0.413426 0.575000
0 0.363889 0.591667 0.366667 0.595833 0.379167 0.601823 0.391204 0.604948 0.402315 0.603646 0.402778 0.599479 0.400463 0.593490 0.394444 0.588802 0.389815 0.583594 0.386111 0.582812 0.378704 0.583333
0 0.355556 0.593229 0.351389 0.594792 0.348148 0.599219 0.349074 0.603646 0.352315 0.609375 0.356481 0.612500 0.365278 0.612500 0.369444 0.611458 0.376852 0.607552 0.378704 0.603125 0.376852 0.601042 0.368519 0.596615 0.360185 0.593490
0 0.371759 0.570573 0.366204 0.569531 0.356481 0.570312 0.353704 0.571094 0.348611 0.573958 0.341204 0.579427 0.338426 0.583594 0.339352 0.585938 0.342593 0.588542 0.350463 0.591146 0.357870 0.591927 0.364815 0.590365 0.369907 0.587500 0.374074 0.584115 0.376389 0.580208 0.375926 0.575781
0 0.326852 0.584896 0.323611 0.586719 0.321296 0.591146 0.322685 0.596094 0.325926 0.600000 0.328704 0.601042 0.339352 0.600521 0.343981 0.599479 0.349537 0.595833 0.350000 0.591667 0.344907 0.590104 0.337037 0.584896 0.330093 0.584375
0 0.283333 0.592708 0.279167 0.595833 0.277315 0.600260 0.279167 0.602604 0.289352 0.608333 0.297685 0.610417 0.304167 0.611198 0.312037 0.610417 0.317130 0.608073 0.320833 0.603125 0.318981 0.599740 0.311574 0.593750 0.302778 0.591146 0.297222 0.590625 0.287500 0.591146
0 0.274074 0.602083 0.267130 0.602865 0.260648 0.607552 0.259722 0.611719 0.262037 0.615365 0.267130 0.616667 0.275000 0.616927 0.277315 0.615885 0.285185 0.607552 0.279630 0.603385
0 0.268981 0.592969 0.262037 0.592187 0.253241 0.592448 0.244907 0.594271 0.243056 0.595573 0.241667 0.599479 0.243519 0.603646 0.253241 0.608073 0.260648 0.607292 0.269444 0.601042 0.273148 0.595833 0.271759 0.594271
0 0.287500 0.576042 0.282407 0.575521 0.274074 0.576042 0.264352 0.580729 0.262500 0.583333 0.262500 0.585677 0.263889 0.589323 0.266204 0.590885 0.273611 0.592448 0.281481 0.592448 0.285185 0.590625 0.289815 0.586979 0.291667 0.584115 0.291667 0.579167 0.290278 0.577344
0 0.296296 0.577865 0.293981 0.579427 0.293056 0.584115 0.297685 0.589063 0.300463 0.590365 0.309259 0.592448 0.318519 0.592187 0.320833 0.590885 0.322685 0.588021 0.322685 0.583594 0.318981 0.578646 0.315741 0.576823 0.310648 0.575521 0.302778 0.576042
0 0.326852 0.566146 0.323148 0.566667 0.318981 0.569792 0.318056 0.571354 0.318056 0.576562 0.322222 0.580469 0.322685 0.582031 0.326852 0.584115 0.331481 0.584375 0.337037 0.582812 0.347222 0.574740 0.349074 0.571615 0.347222 0.569531 0.343981 0.567969 0.337037 0.566406
0 0.307407 0.558333 0.303241 0.557552 0.294444 0.558073 0.284259 0.561979 0.278704 0.565625 0.277778 0.568229 0.278704 0.572396 0.285185 0.575000 0.294907 0.576302 0.302778 0.575781 0.310648 0.573698 0.312500 0.572396 0.313889 0.569792 0.313889 0.565104 0.311574 0.560937
0 0.262963 0.566406 0.259259 0.565885 0.254167 0.566667 0.247222 0.570312 0.242593 0.576042 0.243056 0.578906 0.244444 0.580208 0.260648 0.581250 0.267593 0.578906 0.270833 0.576302 0.269907 0.572135 0.265741 0.567969
0 0.235185 0.583073 0.234259 0.584115 0.234259 0.588802 0.236574 0.591927 0.238889 0.593490 0.253704 0.593490 0.262037 0.591406 0.262963 0.587240 0.262037 0.583854 0.260648 0.582552 0.255093 0.581250 0.239352 0.580729
0 0.238889 0.565885 0.233333 0.565104 0.224537 0.565885 0.220833 0.566927 0.218519 0.568750 0.213889 0.570573 0.212500 0.572135 0.212500 0.576823 0.216204 0.579948 0.225463 0.582292 0.233796 0.581771 0.240278 0.578646 0.241204 0.575781 0.243981 0.572656 0.243056 0.568229
0 0.420833 0.776823 0.412037 0.776563 0.406019 0.778359 0.397222 0.786979 0.397685 0.791406 0.401852 0.794010 0.406019 0.795573 0.414352 0.796094 0.418056 0.795052 0.422222 0.792188 0.425463 0.782031 0.424537 0.778385
0 0.593519 0.563802 0.588426 0.566667 0.585648 0.571615 0.590278 0.578906 0.595370 0.580990 0.606481 0.583594 0.613426 0.583073 0.618981 0.581510 0.624074 0.576042 0.623148 0.572135 0.612963 0.565104 0.607870 0.563021 0.597222 0.563021
0 0.555093 0.552604 0.551852 0.556510 0.552778 0.560417 0.554630 0.563021 0.558796 0.565625 0.572685 0.568229 0.579630 0.567969 0.585648 0.566927 0.592130 0.563802 0.593519 0.560937 0.592130 0.555729 0.588889 0.552604 0.583796 0.550260 0.580093 0.549479 0.562500 0.550000 0.558796 0.550521
0 0.528241 0.560417 0.527315 0.561719 0.527778 0.566667 0.529167 0.568490 0.536111 0.572917 0.544444 0.574740 0.550000 0.574219 0.556019 0.568490 0.554630 0.564323 0.550926 0.558854 0.546759 0.557552 0.537963 0.557813
0 0.493056 0.556771 0.490278 0.559375 0.490278 0.565104 0.492593 0.567708 0.500000 0.571875 0.506481 0.574219 0.511574 0.574740 0.517593 0.573958 0.522685 0.571615 0.526389 0.568750 0.524537 0.562760 0.520833 0.560417 0.510185 0.556510 0.505556 0.555729
0 0.454167 0.561458 0.449537 0.563802 0.449074 0.565885 0.450000 0.568490 0.456481 0.573698 0.461574 0.576302 0.468981 0.576302 0.472222 0.575260 0.475926 0.572917 0.479167 0.568490 0.476389 0.564323 0.468056 0.561458 0.462037 0.560937
0 0.473148 0.542969 0.468519 0.543750 0.464815 0.546875 0.462500 0.552344 0.462037 0.557031 0.465741 0.560937 0.475926 0.562760 0.485185 0.560156 0.487500 0.557292 0.487500 0.552083 0.486574 0.548438 0.484722 0.545833 0.480556 0.543490
0 0.404630 0.561719 0.401389 0.564323 0.402778 0.567187 0.407407 0.571875 0.412963 0.574479 0.416667 0.575000 0.424537 0.574479 0.432407 0.568490 0.432870 0.563802 0.431481 0.561979 0.428704 0.560937 0.412963 0.559896
0 0.454630 0.541927 0.448148 0.540885 0.440278 0.541667 0.436574 0.543490 0.429167 0.549479 0.426852 0.552344 0.427315 0.557031 0.429630 0.559635 0.434259 0.561719 0.439815 0.563021 0.448611 0.563281 0.456481 0.559375 0.460185 0.554167 0.462037 0.547917 0.459259 0.544010
0 0.406019 0.538802 0.400463 0.540625 0.397685 0.542448 0.396759 0.544010 0.397222 0.548958 0.412500 0.559115 0.420833 0.558854 0.423611 0.557031 0.425000 0.553906 0.425000 0.548698 0.421759 0.541667 0.418519 0.539844 0.413426 0.538542
0 0.361574 0.552604 0.363426 0.556510 0.371296 0.561719 0.385185 0.565365 0.392593 0.565885 0.396759 0.564583 0.399537 0.562760 0.403704 0.556771 0.401852 0.552604 0.397685 0.551042 0.386574 0.549740 0.370833 0.550000
0 0.367593 0.561979 0.362037 0.557552 0.356481 0.556771 0.350463 0.557552 0.345370 0.559375 0.340741 0.563021 0.340278 0.565365 0.342593 0.567708 0.350000 0.569531 0.364352 0.569010 0.367593 0.567708
0 0.338426 0.552604 0.329630 0.552344 0.319907 0.553906 0.312037 0.556250 0.312963 0.560677 0.317593 0.563542 0.322685 0.565104 0.329167 0.565625 0.336574 0.565104 0.340741 0.560937 0.340741 0.555469
0 0.333333 0.538984 0.342593 0.538542 0.352315 0.538802 0.358796 0.540104 0.361574 0.541667 0.363889 0.544271 0.363426 0.548438 0.360648 0.551562 0.355556 0.554688 0.351389 0.555990 0.348611 0.555729 0.333333 0.550521 0.327315 0.542057 0.329306 0.539661
0 0.326852 0.542969 0.320370 0.541667 0.313889 0.541667 0.305556 0.542969 0.298148 0.545573 0.295833 0.548958 0.299537 0.551042 0.305556 0.552604 0.308796 0.554948 0.316667 0.554688 0.323611 0.553646 0.325926 0.552865 0.329167 0.549219 0.329167 0.544792
0 0.267130 0.549740 0.263426 0.552083 0.262963 0.553125 0.265741 0.560937 0.268981 0.563281 0.272222 0.563802 0.281481 0.563542 0.298194 0.554818 0.297176 0.552214 0.290278 0.550521 0.274537 0.548438
0 0.274074 0.534115 0.268519 0.536979 0.265278 0.540625 0.268519 0.545833 0.270833 0.547135 0.280556 0.549219 0.284259 0.549219 0.290278 0.548177 0.295370 0.545052 0.295370 0.540625 0.293056 0.536458 0.287963 0.534375 0.281481 0.533333
0 0.245833 0.550260 0.241667 0.551823 0.237963 0.560937 0.240278 0.563281 0.243056 0.564323 0.253704 0.565104 0.260648 0.563021 0.263426 0.561458 0.263426 0.556771 0.259722 0.552604 0.253704 0.550781
0 0.240139 0.552682 0.242130 0.550781 0.233333 0.548958 0.225000 0.549479 0.220833 0.550521 0.213426 0.554167 0.211111 0.556250 0.211574 0.560937 0.212963 0.562500 0.218056 0.564323 0.226852 0.564063 0.237963 0.561458 0.237500 0.560443 0.238009 0.559115 0.240278 0.555417
0 0.263889 0.524740 0.257870 0.524740 0.252778 0.525781 0.248611 0.527865 0.247222 0.530208 0.246759 0.533333 0.250000 0.538281 0.255556 0.542188 0.260185 0.542969 0.264352 0.541667 0.268981 0.536719 0.275000 0.533333 0.273611 0.528906 0.267593 0.525260
0 0.225463 0.530729 0.219907 0.533333 0.217593 0.537500 0.221296 0.541667 0.226852 0.544792 0.228704 0.547396 0.238889 0.549219 0.246759 0.548958 0.249074 0.548177 0.251389 0.545833 0.251389 0.540885 0.249074 0.537240 0.243981 0.532292 0.242130 0.531250 0.234259 0.529427 0.231019 0.529427
0 0.303704 0.526042 0.300926 0.526042 0.296296 0.527083 0.292593 0.530208 0.291204 0.533073 0.292593 0.536719 0.297685 0.541667 0.301852 0.543490 0.313889 0.541146 0.320370 0.537240 0.319907 0.533073 0.309259 0.527083
0 0.172222 0.553906 0.170833 0.555990 0.170833 0.558854 0.173148 0.563802 0.177315 0.566146 0.187037 0.569531 0.195370 0.570833 0.202315 0.570573 0.205556 0.569531 0.210648 0.565365 0.211574 0.563021 0.211111 0.558333 0.209722 0.556250 0.206019 0.554427 0.196296 0.552083 0.184259 0.551042 0.177778 0.551823
0 0.142130 0.553906 0.140741 0.556250 0.142130 0.560677 0.163889 0.561458 0.168056 0.560937 0.168981 0.560156 0.169907 0.552344 0.168981 0.551042 0.165278 0.549479 0.160648 0.548958 0.150000 0.549479
0 0.175000 0.530729 0.168056 0.531771 0.161574 0.534896 0.158333 0.539062 0.157870 0.541667 0.161111 0.545833 0.164352 0.547656 0.168519 0.548698 0.177315 0.549479 0.192130 0.545833 0.193519 0.545052 0.193981 0.540885 0.189352 0.535417 0.184259 0.532552 0.179630 0.530990
0 0.204630 0.536198 0.199074 0.538281 0.197222 0.540885 0.196296 0.544271 0.197222 0.549219 0.200463 0.552865 0.212037 0.554948 0.220833 0.550521 0.227315 0.548958 0.225926 0.544792 0.216667 0.538281
0 0.152778 0.529167 0.141667 0.526042 0.128241 0.526302 0.123611 0.527604 0.119444 0.529427 0.116667 0.532552 0.116667 0.536979 0.118981 0.540104 0.123148 0.543229 0.128241 0.545052 0.137500 0.544271 0.143981 0.541667 0.153241 0.536198 0.154630 0.534115 0.154630 0.531771
0 0.219444 0.515104 0.212037 0.515365 0.200926 0.519792 0.196759 0.525260 0.198148 0.529427 0.204167 0.532292 0.211111 0.534115 0.218981 0.533594 0.228704 0.529427 0.230556 0.521615 0.229630 0.518490 0.228704 0.517708
0 0.198148 0.514583 0.190278 0.514062 0.176852 0.520312 0.174537 0.525000 0.176852 0.528385 0.184259 0.530208 0.190741 0.529427 0.195370 0.528125 0.199537 0.521354 0.200000 0.517188
0 0.100463 0.517448 0.091667 0.513542 0.088889 0.513021 0.083333 0.513281 0.075463 0.515885 0.069444 0.519010 0.067593 0.521094 0.067130 0.526042 0.069444 0.528125 0.074537 0.530208 0.080556 0.530469 0.086574 0.529427 0.096296 0.525521 0.101852 0.521615
0 0.150463 0.488021 0.141204 0.488021 0.135648 0.489323 0.132407 0.490885 0.128241 0.496875 0.128241 0.502083 0.134259 0.505208 0.143056 0.505990 0.151852 0.503906 0.156019 0.502083 0.159722 0.498177 0.161574 0.494010 0.155556 0.489844
0 0.175926 0.490885 0.169444 0.491927 0.162500 0.495052 0.157407 0.501563 0.156944 0.506250 0.160185 0.509896 0.169907 0.512240 0.178704 0.512500 0.187037 0.511198 0.190278 0.509115 0.191667 0.505990 0.191204 0.497396 0.188426 0.494010 0.184259 0.491927
0 0.204630 0.490104 0.200000 0.491146 0.195833 0.494010 0.192130 0.501042 0.192130 0.506771 0.193981 0.509115 0.200000 0.511979 0.209722 0.512760 0.217130 0.512240 0.224074 0.509635 0.226389 0.507812 0.228704 0.502083 0.228241 0.497917 0.224074 0.493490 0.218519 0.490104
0 0.247222 0.495312 0.239352 0.496094 0.231944 0.500260 0.227315 0.505469 0.227778 0.509896 0.237037 0.514844 0.239352 0.515365 0.247222 0.515365 0.250926 0.514583 0.256944 0.509635 0.259259 0.506510 0.259259 0.501302 0.253241 0.497135
0 0.238426 0.515104 0.234722 0.516406 0.231481 0.519010 0.230556 0.526042 0.232407 0.527865 0.240278 0.528906 0.246296 0.527865 0.251852 0.525521 0.252778 0.521094 0.251389 0.518490 0.248611 0.516406 0.243981 0.515365
0 0.281481 0.509635 0.267593 0.505208 0.262500 0.506510 0.257407 0.510677 0.252778 0.517448 0.254167 0.523438 0.255556 0.524219 0.262037 0.524479 0.268981 0.523177 0.278704 0.517448 0.282870 0.513802
0 0.288889 0.514583 0.287500 0.514583 0.279167 0.517708 0.276389 0.519271 0.275000 0.521354 0.272222 0.522656 0.270833 0.525521 0.274537 0.529167 0.281019 0.530469 0.288426 0.530208 0.291667 0.529427 0.295370 0.527083 0.296759 0.525521 0.296759 0.520833 0.295370 0.518490
0 0.317130 0.506510 0.308796 0.506510 0.304167 0.507552 0.300926 0.509115 0.296296 0.513542 0.296296 0.516927 0.298611 0.518750 0.305556 0.520312 0.309722 0.520573 0.321296 0.517708 0.325463 0.514583 0.325926 0.513281 0.323148 0.508854
0 0.311574 0.523438 0.310185 0.525781 0.312963 0.529167 0.319444 0.532813 0.329167 0.536979 0.337037 0.538542 0.344444 0.538542 0.350463 0.537240 0.353241 0.533854 0.354630 0.527865 0.354630 0.524740 0.351852 0.522656 0.345833 0.521094 0.328704 0.518750 0.318981 0.519792 0.316204 0.520573
0 0.358796 0.523698 0.354630 0.528385 0.355093 0.534375 0.356944 0.536979 0.362963 0.538281 0.371759 0.537500 0.377315 0.533854 0.378241 0.530469 0.377315 0.527604 0.374074 0.525260 0.365278 0.523177
0 0.385648 0.536458 0.375463 0.536198 0.372685 0.536458 0.369444 0.537760 0.368519 0.540885 0.365741 0.544531 0.366667 0.547656 0.368519 0.548958 0.370833 0.549479 0.382407 0.548958 0.389352 0.545833 0.390741 0.540885
0 0.400000 0.522135 0.393519 0.522656 0.387037 0.523958 0.384722 0.525781 0.384259 0.527865 0.384722 0.532552 0.387963 0.537240 0.392593 0.539323 0.399074 0.540365 0.408333 0.537240 0.410648 0.533594 0.415278 0.529427 0.412963 0.525521 0.410185 0.523958 0.406019 0.522656
0 0.417130 0.530729 0.413426 0.533073 0.413426 0.537240 0.418056 0.539323 0.433333 0.542188 0.441667 0.541146 0.445370 0.539583 0.446759 0.537240 0.446296 0.533073 0.441204 0.529427 0.431944 0.528385 0.425926 0.528906
0 0.488889 0.528906 0.482870 0.526042 0.476389 0.525521 0.460648 0.528125 0.455093 0.529948 0.451852 0.533073 0.451852 0.537240 0.456019 0.540365 0.462500 0.542188 0.468056 0.542708 0.479630 0.542188 0.490741 0.536979 0.491204 0.532031
0 0.487963 0.544792 0.486574 0.547135 0.486574 0.551302 0.487500 0.554167 0.489352 0.555990 0.498611 0.555990 0.508796 0.554948 0.512963 0.552865 0.513889 0.548698 0.511111 0.545312 0.507870 0.543490 0.502315 0.542188 0.495370 0.541927
0 0.538889 0.541667 0.531019 0.541667 0.521296 0.547135 0.516204 0.552344 0.515741 0.556771 0.518981 0.558594 0.523611 0.559896 0.531944 0.559635 0.535648 0.558333 0.545833 0.556510 0.549074 0.554688 0.550463 0.552083 0.549537 0.546615 0.546759 0.544531
0 0.497685 0.530469 0.494444 0.532813 0.493519 0.536458 0.493981 0.538802 0.496296 0.541146 0.504167 0.542188 0.516667 0.546354 0.524537 0.545052 0.530093 0.541406 0.531481 0.536198 0.528704 0.531771 0.525463 0.529948 0.518056 0.528646 0.510185 0.528385 0.503704 0.528906
0 0.544907 0.529427 0.533796 0.533073 0.534259 0.539323 0.536574 0.540885 0.543981 0.543490 0.552315 0.544792 0.555093 0.543490 0.556944 0.541146 0.556481 0.536979 0.551389 0.530469 0.549074 0.529687
0 0.567593 0.517448 0.564352 0.515885 0.559259 0.514583 0.551852 0.514583 0.542130 0.516927 0.540278 0.518229 0.539815 0.522656 0.543981 0.528125 0.545370 0.528906 0.552778 0.529167 0.557407 0.527865 0.564815 0.523177
0 0.514352 0.510677 0.509722 0.512500 0.508333 0.514062 0.507870 0.517708 0.510185 0.522396 0.516204 0.526302 0.523611 0.529167 0.531481 0.530729 0.537500 0.525260 0.538426 0.523438 0.538426 0.518750 0.535648 0.513542 0.531481 0.511458 0.525463 0.510156 0.517130 0.510156
0 0.503704 0.510677 0.496296 0.511979 0.492130 0.514062 0.487037 0.517969 0.485185 0.521354 0.486111 0.525260 0.489352 0.527083 0.496296 0.528646 0.503704 0.528646 0.508333 0.525781 0.507407 0.514323
0 0.473148 0.500260 0.465741 0.504167 0.462963 0.509896 0.475000 0.517708 0.482870 0.517708 0.488426 0.515625 0.493981 0.510156 0.493981 0.505469 0.491667 0.503125 0.487500 0.501302 0.476389 0.500000
0 0.473148 0.517448 0.469444 0.514583 0.462500 0.511458 0.454167 0.511719 0.444907 0.514062 0.442130 0.515625 0.438426 0.520312 0.437500 0.525781 0.438889 0.527865 0.442593 0.528906 0.449537 0.529167 0.457407 0.528385 0.466667 0.526042 0.471296 0.523438
0 0.426389 0.515885 0.414815 0.518750 0.411574 0.520312 0.410648 0.521875 0.417130 0.525521 0.428241 0.528125 0.432407 0.527604 0.436111 0.526302 0.437500 0.520833 0.436111 0.518750 0.432407 0.516667
0 0.371296 0.511458 0.368519 0.513542 0.367130 0.517448 0.368519 0.521354 0.371296 0.523438 0.376852 0.524740 0.381481 0.524740 0.386111 0.523958 0.392593 0.521354 0.395833 0.517448 0.391667 0.513021 0.387037 0.511719 0.379630 0.510938
0 0.413889 0.502865 0.400463 0.505469 0.396296 0.507552 0.394444 0.509375 0.393981 0.513802 0.400463 0.518490 0.405093 0.519792 0.409722 0.519271 0.415278 0.517708 0.417593 0.515885 0.419444 0.510417 0.419444 0.505729 0.417130 0.503906
0 0.371759 0.498958 0.366667 0.505208 0.368056 0.508333 0.371759 0.510417 0.374074 0.510938 0.385185 0.511719 0.389352 0.510938 0.391204 0.509375 0.392593 0.505990 0.390741 0.503385 0.381019 0.498437 0.376389 0.498177
0 0.406019 0.489844 0.393519 0.489844 0.387037 0.491146 0.379630 0.494010 0.381019 0.497917 0.387963 0.502083 0.394444 0.504948 0.399537 0.505729 0.411111 0.501302 0.412037 0.499740 0.412037 0.493750 0.410648 0.491667
0 0.370370 0.493750 0.365278 0.490885 0.358796 0.489583 0.341667 0.492448 0.333796 0.497917 0.334722 0.502344 0.336111 0.504167 0.340741 0.505469 0.347685 0.505990 0.358333 0.505990 0.364352 0.504687 0.368981 0.501563 0.371296 0.498698
0 0.307870 0.497917 0.313426 0.504687 0.315741 0.505990 0.322685 0.507552 0.329167 0.505990 0.333796 0.502083 0.331019 0.498437 0.323148 0.495573 0.315278 0.495833
0 0.308796 0.500781 0.295370 0.499219 0.287963 0.499740 0.285185 0.500521 0.282870 0.501823 0.281481 0.505729 0.282407 0.508594 0.284722 0.510938 0.287963 0.512240 0.295370 0.512760 0.302315 0.508594 0.309259 0.506510 0.313426 0.505990
0 0.316204 0.481510 0.308796 0.479687 0.298611 0.481250 0.293981 0.482552 0.290278 0.484635 0.284722 0.489583 0.285648 0.493750 0.287500 0.495833 0.293981 0.498698 0.303241 0.500000 0.305556 0.499479 0.311111 0.496615 0.318981 0.494271 0.321759 0.490885 0.321296 0.485938
0 0.275463 0.487760 0.262037 0.488281 0.258333 0.489323 0.256481 0.490885 0.255093 0.493229 0.256019 0.497656 0.260185 0.501563 0.264815 0.503385 0.268056 0.503646 0.275000 0.500781 0.278241 0.498698 0.281019 0.494271 0.280556 0.490104 0.277778 0.488281
0 0.295370 0.473958 0.287963 0.472396 0.281019 0.473958 0.274074 0.474479 0.272222 0.475521 0.270833 0.477865 0.271296 0.479427 0.275000 0.483594 0.281019 0.488021 0.287963 0.486198 0.293056 0.482552 0.298148 0.480208 0.299537 0.478385
0 0.218981 0.477344 0.217130 0.478906 0.215741 0.482812 0.217593 0.487760 0.219907 0.490625 0.225463 0.493750 0.233333 0.493750 0.241667 0.491146 0.247685 0.485938 0.245833 0.483073 0.239815 0.478646 0.227778 0.476823
0 0.235648 0.466406 0.231944 0.471094 0.231481 0.475000 0.232870 0.476302 0.241204 0.478646 0.245370 0.480469 0.248611 0.480990 0.253704 0.480990 0.260648 0.478125 0.262963 0.475000 0.262500 0.471094 0.258796 0.466927 0.253704 0.464583 0.245370 0.464323 0.239815 0.465104
0 0.190741 0.470833 0.186111 0.471875 0.183333 0.473438 0.182870 0.478125 0.185648 0.482812 0.190741 0.486458 0.199074 0.487500 0.205556 0.484896 0.211574 0.478906 0.212500 0.474479 0.209259 0.472656 0.205556 0.471615
0 0.213426 0.450781 0.204167 0.451562 0.193519 0.454948 0.193519 0.459115 0.196759 0.461198 0.199074 0.464323 0.204630 0.466667 0.212037 0.466667 0.217130 0.465365 0.221296 0.463281 0.223611 0.460156 0.223611 0.457813 0.221759 0.454948 0.218056 0.452344
0 0.173611 0.445052 0.170370 0.445573 0.167593 0.447396 0.164815 0.451042 0.163889 0.455469 0.170370 0.459896 0.175463 0.460938 0.179630 0.460938 0.187037 0.459115 0.190278 0.457292 0.193056 0.454688 0.193519 0.451042 0.191204 0.448698 0.187037 0.446615 0.181481 0.445312
0 0.363426 0.478646 0.361111 0.477344 0.343981 0.472917 0.332870 0.473698 0.325926 0.475521 0.321759 0.478125 0.320370 0.481250 0.321759 0.486458 0.325000 0.488542 0.336111 0.491927 0.341667 0.491927 0.351389 0.490885 0.360648 0.488021 0.362037 0.486979 0.363889 0.483594
0 0.366204 0.477083 0.364352 0.478906 0.361574 0.486198 0.363426 0.490365 0.371296 0.492969 0.379167 0.492708 0.388426 0.490365 0.389815 0.486198 0.384259 0.480208 0.381481 0.478646 0.371759 0.476302
0 0.414352 0.476042 0.405556 0.474479 0.390741 0.478385 0.388889 0.482552 0.396296 0.488542 0.399074 0.489063 0.407407 0.489063 0.412500 0.486979 0.418056 0.482552 0.417130 0.478125
0 0.435648 0.483333 0.425463 0.482292 0.418519 0.483594 0.412963 0.486458 0.411574 0.489844 0.412500 0.491406 0.412963 0.499219 0.415278 0.501823 0.419907 0.504167 0.426852 0.503385 0.441204 0.494010 0.441667 0.490104 0.439352 0.488281 0.438426 0.485417
0 0.481944 0.478385 0.477778 0.477344 0.454630 0.477083 0.442593 0.479948 0.439815 0.483073 0.440741 0.486719 0.445833 0.494010 0.455556 0.495052 0.459259 0.493750 0.466667 0.492448 0.481944 0.482552
0 0.482407 0.483854 0.475000 0.487500 0.471759 0.490104 0.469444 0.493750 0.469907 0.497396 0.471759 0.499219 0.475926 0.500260 0.490278 0.500781 0.493519 0.499219 0.495833 0.494531 0.493519 0.487760 0.489352 0.485156
0 0.495833 0.497656 0.493519 0.502344 0.498611 0.507292 0.501389 0.508594 0.511111 0.509375 0.517593 0.508333 0.520833 0.506771 0.520833 0.501823 0.510185 0.497396 0.502315 0.496354
0 0.504630 0.486719 0.502315 0.488281 0.501389 0.490365 0.506019 0.495312 0.517593 0.500781 0.522222 0.501563 0.525463 0.501563 0.531019 0.499219 0.533333 0.497135 0.534722 0.494271 0.534722 0.489844 0.531481 0.487500 0.520833 0.485677 0.508796 0.485938
0 0.527778 0.502344 0.526389 0.504687 0.527778 0.508333 0.539352 0.513802 0.545833 0.514844 0.550926 0.513802 0.553241 0.512240 0.554630 0.510417 0.554630 0.505729 0.544444 0.502083 0.538889 0.501302 0.530556 0.501302
0 0.525463 0.469271 0.522685 0.470573 0.523611 0.482552 0.525463 0.484896 0.527778 0.486198 0.537500 0.488281 0.547685 0.485938 0.551852 0.482812 0.550463 0.477865 0.548148 0.475260 0.534259 0.469010 0.529167 0.468750
0 0.519444 0.472135 0.517593 0.471094 0.511111 0.469792 0.503241 0.470313 0.496296 0.471615 0.488889 0.474479 0.483796 0.478125 0.484259 0.482552 0.487963 0.484375 0.495833 0.485938 0.505093 0.485938 0.516667 0.484375 0.519907 0.482812 0.522222 0.478646 0.521296 0.474479
0 0.489815 0.458073 0.483796 0.458333 0.480556 0.459375 0.476852 0.461719 0.473611 0.465365 0.470833 0.470313 0.470833 0.475260 0.474074 0.476823 0.482870 0.477083 0.493981 0.472135 0.499537 0.470833 0.501852 0.469010 0.502315 0.466146 0.500000 0.463021
0 0.451852 0.462760 0.450000 0.466927 0.455093 0.471094 0.460648 0.472396 0.468981 0.472135 0.472685 0.466406 0.473611 0.463021 0.472685 0.461198 0.470833 0.460156 0.461574 0.459375
0 0.447222 0.465365 0.442130 0.464062 0.436111 0.464323 0.433333 0.464844 0.425926 0.468229 0.422222 0.471094 0.420370 0.473958 0.420370 0.478646 0.422222 0.480990 0.430556 0.481771 0.437500 0.481510 0.440741 0.480729 0.443519 0.479167 0.449074 0.477865 0.451389 0.476562 0.452778 0.475000 0.453704 0.470313
0 0.420370 0.459635 0.412963 0.459635 0.403241 0.463281 0.398148 0.466667 0.399074 0.471094 0.401389 0.472656 0.412500 0.475260 0.416667 0.474740 0.419907 0.472917 0.425000 0.467187 0.423611 0.461979
0 0.377778 0.462760 0.372222 0.464323 0.369907 0.465625 0.366667 0.470573 0.366667 0.474740 0.368519 0.476042 0.378241 0.478125 0.386574 0.478125 0.392130 0.475000 0.393981 0.471354 0.393519 0.466927 0.385185 0.463802
0 0.402315 0.448437 0.399074 0.447396 0.391667 0.448177 0.385648 0.450000 0.380093 0.453125 0.375463 0.458594 0.375926 0.459896 0.381481 0.462760 0.391204 0.465104 0.399537 0.465104 0.401389 0.463802 0.405556 0.462500 0.410185 0.459375 0.406944 0.452344
0 0.315278 0.453906 0.308796 0.454688 0.303241 0.457292 0.301389 0.458854 0.300463 0.463281 0.301389 0.467448 0.304167 0.470052 0.308333 0.472135 0.317593 0.473177 0.322222 0.472135 0.328241 0.468229 0.330556 0.463542 0.331019 0.458854 0.325000 0.455469 0.319444 0.454167
0 0.458796 0.498958 0.449537 0.496615 0.441667 0.496875 0.435648 0.498698 0.429630 0.502865 0.427778 0.505729 0.429167 0.510417 0.431481 0.513542 0.433796 0.514583 0.441204 0.514844 0.445370 0.513281 0.459259 0.510156 0.462963 0.506510 0.462963 0.501823
0 0.328241 0.509115 0.328704 0.514062 0.333333 0.517969 0.336111 0.519271 0.350463 0.522135 0.357870 0.521875 0.362037 0.519531 0.366204 0.513802 0.363426 0.508594 0.357870 0.506510 0.344444 0.505729 0.336574 0.505990
0 0.510185 0.448437 0.503704 0.450260 0.499074 0.453125 0.497685 0.459375 0.500000 0.462240 0.508333 0.467969 0.513426 0.469271 0.518519 0.469531 0.526389 0.467448 0.530556 0.465365 0.532870 0.463021 0.533333 0.458073 0.528704 0.453385 0.522222 0.449479 0.518056 0.448437
0 0.440741 0.448177 0.436574 0.449219 0.428704 0.454948 0.429630 0.459115 0.435185 0.462500 0.448148 0.464062 0.455093 0.461458 0.459722 0.458854 0.460648 0.454427 0.459259 0.450781 0.455093 0.448437 0.448611 0.447917
0 0.494907 0.447396 0.490278 0.445312 0.483796 0.444010 0.475926 0.443229 0.468056 0.444010 0.463889 0.445312 0.460185 0.447396 0.459259 0.451302 0.461574 0.455990 0.465741 0.458854 0.474537 0.459635 0.482870 0.457292 0.490278 0.456771 0.494444 0.454948 0.498148 0.451302
0 0.426389 0.441146 0.412963 0.440625 0.407870 0.443229 0.406944 0.450781 0.409722 0.456250 0.412963 0.458594 0.420833 0.457813 0.427315 0.455990 0.429167 0.453646 0.433333 0.450781 0.435648 0.447135 0.431944 0.443229
0 0.709722 0.880469 0.706481 0.879687 0.696759 0.880208 0.687963 0.882292 0.683333 0.884635 0.680556 0.888542 0.680556 0.893750 0.681481 0.896615 0.683796 0.899219 0.690278 0.901563 0.698611 0.901563 0.712500 0.899219 0.719444 0.896354 0.721759 0.893229 0.720833 0.887760 0.717130 0.883854
0 0.716204 0.818490 0.711111 0.819792 0.706019 0.823177 0.704167 0.826042 0.706019 0.831771 0.708796 0.836198 0.711574 0.837760 0.716667 0.838542 0.726389 0.838542 0.739815 0.832552 0.742593 0.830208 0.743056 0.826042 0.739352 0.822396 0.732870 0.819271 0.726852 0.818229
0 0.746296 0.807552 0.744444 0.810677 0.745833 0.817708 0.747685 0.821094 0.750000 0.822135 0.753704 0.822656 0.765741 0.819531 0.769444 0.817187 0.771296 0.814844 0.769907 0.810677 0.760648 0.807813 0.755556 0.807292
0 0.780556 0.807552 0.772685 0.811198 0.771759 0.814583 0.768056 0.818229 0.767593 0.822917 0.769444 0.826823 0.774537 0.829688 0.779630 0.830469 0.787037 0.830469 0.790741 0.829688 0.793056 0.828385 0.797222 0.822135 0.792593 0.811458 0.788426 0.809115
0 0.808796 0.804167 0.804167 0.805469 0.796759 0.810417 0.795370 0.814583 0.798148 0.822135 0.800463 0.823177 0.809722 0.824740 0.815278 0.823698 0.818056 0.822396 0.820833 0.817448 0.820833 0.812760 0.819907 0.810156 0.816204 0.805990 0.813426 0.804688
0 0.788889 0.781250 0.780093 0.782031 0.773611 0.783594 0.769907 0.785417 0.768056 0.788021 0.768519 0.793750 0.770833 0.798438 0.774074 0.801823 0.781019 0.806250 0.788889 0.805729 0.795833 0.803385 0.801852 0.799219 0.802315 0.790625 0.800000 0.786198 0.797222 0.784375
0 0.815741 0.767188 0.802778 0.770052 0.800000 0.771354 0.800926 0.780208 0.804630 0.784896 0.815741 0.789844 0.823611 0.790365 0.831019 0.788542 0.834722 0.786979 0.836111 0.783854 0.835185 0.778646 0.832407 0.773958 0.828241 0.770573 0.822685 0.768490
0 0.767130 0.765365 0.761111 0.764062 0.758333 0.764323 0.753241 0.766667 0.750000 0.769271 0.748148 0.772135 0.750000 0.776823 0.752315 0.778385 0.761574 0.778125 0.768981 0.776302 0.771296 0.774740 0.774074 0.771354 0.771296 0.767708
0 0.774074 0.772917 0.771759 0.775000 0.772685 0.779427 0.774537 0.780469 0.778241 0.781250 0.782870 0.781250 0.786574 0.779427 0.787963 0.775260 0.781481 0.772656
0 0.715278 0.794531 0.714815 0.802865 0.718519 0.805729 0.723611 0.806771 0.733796 0.806771 0.746759 0.805469 0.753241 0.803906 0.756481 0.802083 0.759259 0.799219 0.757407 0.794792 0.753241 0.792188 0.750000 0.790885 0.739815 0.789323 0.728704 0.789062 0.723611 0.789583 0.718519 0.790885
0 0.704167 0.805990 0.698611 0.805208 0.690741 0.805469 0.687500 0.806771 0.683796 0.810156 0.681944 0.815365 0.681944 0.821615 0.683333 0.823177 0.690741 0.827083 0.698148 0.826823 0.700463 0.825781 0.708796 0.820052 0.712037 0.816667 0.712037 0.809896 0.708333 0.807292
0 0.675463 0.786979 0.676852 0.793229 0.678704 0.795573 0.683333 0.798177 0.690741 0.800781 0.697222 0.801823 0.704167 0.801042 0.706481 0.800000 0.710648 0.795312 0.711111 0.790625 0.708796 0.787760 0.705093 0.785677 0.699537 0.784635 0.689815 0.784375
0 0.662963 0.785417 0.659259 0.789062 0.656019 0.790625 0.652315 0.794531 0.648611 0.803125 0.650000 0.805469 0.652778 0.807031 0.662500 0.808854 0.670370 0.808594 0.677315 0.803125 0.678241 0.799219 0.677778 0.794792 0.669907 0.786979 0.666204 0.785677
0 0.625000 0.814323 0.624074 0.818490 0.625926 0.819792 0.626852 0.821875 0.625463 0.827344 0.628241 0.829948 0.643981 0.831250 0.653241 0.828646 0.656944 0.826823 0.658796 0.823698 0.658796 0.821354 0.656019 0.817708 0.652315 0.815365 0.644907 0.814063 0.628241 0.813802
0 0.637500 0.794271 0.632407 0.792969 0.625926 0.792708 0.621759 0.793229 0.617593 0.794792 0.611574 0.798438 0.609259 0.801302 0.607870 0.806771 0.609722 0.809115 0.614815 0.810677 0.621759 0.811198 0.632407 0.809375 0.639352 0.807292 0.641667 0.805469 0.643056 0.802604 0.640278 0.796615
0 0.650926 0.772917 0.642130 0.772917 0.636111 0.775521 0.634722 0.778385 0.635185 0.787240 0.637963 0.792969 0.642130 0.795833 0.649537 0.795052 0.658796 0.788021 0.662963 0.783333 0.662963 0.778646 0.660648 0.776042 0.658333 0.774479
0 0.664352 0.769010 0.661574 0.771094 0.661111 0.775521 0.665278 0.781510 0.668056 0.783854 0.671296 0.785677 0.676852 0.787240 0.687500 0.784115 0.693981 0.779427 0.692593 0.775260 0.687500 0.772656 0.680556 0.770312 0.675000 0.769531 0.670833 0.768229
0 0.700000 0.766927 0.696296 0.769010 0.693981 0.771875 0.693981 0.776563 0.697222 0.780990 0.704630 0.784115 0.722685 0.784375 0.726389 0.783854 0.729167 0.782292 0.731481 0.779687 0.731481 0.774740 0.729167 0.772656 0.715278 0.766406 0.704630 0.765104
0 0.746296 0.748698 0.739352 0.748437 0.731481 0.750260 0.722685 0.753385 0.717593 0.757031 0.716204 0.759375 0.715741 0.764323 0.718056 0.766927 0.725926 0.771354 0.733796 0.772396 0.744444 0.770573 0.750463 0.768229 0.756944 0.763542 0.757870 0.758333 0.754167 0.752083 0.752315 0.750781
0 0.693981 0.748437 0.689815 0.748177 0.681019 0.749479 0.671759 0.759635 0.670833 0.764062 0.672685 0.766667 0.675463 0.768490 0.683796 0.770833 0.692130 0.770573 0.700463 0.766667 0.705556 0.763281 0.706944 0.755729 0.698148 0.749740
0 0.655556 0.742708 0.649074 0.744271 0.645370 0.747917 0.645833 0.751302 0.650000 0.758333 0.653704 0.762240 0.656481 0.763542 0.663426 0.765104 0.667593 0.763542 0.673148 0.755990 0.673611 0.753646 0.677778 0.752083 0.678704 0.747917 0.670370 0.742969
0 0.634722 0.748177 0.629630 0.749740 0.627315 0.752344 0.626389 0.758594 0.626852 0.763802 0.629630 0.765365 0.642593 0.765885 0.649537 0.763542 0.651389 0.759635 0.645833 0.754687 0.643981 0.751563 0.636111 0.748177
0 0.604167 0.748437 0.598611 0.750260 0.591204 0.755208 0.590741 0.756250 0.592130 0.759896 0.602315 0.768490 0.605556 0.770312 0.613889 0.772135 0.620370 0.771615 0.621759 0.771094 0.625463 0.767188 0.626389 0.764583 0.625926 0.754948 0.625000 0.753125 0.618981 0.749479 0.616204 0.748698 0.608333 0.747917
0 0.581019 0.756771 0.576852 0.757292 0.573611 0.759375 0.567130 0.767448 0.565278 0.771354 0.567130 0.773958 0.572685 0.776302 0.581481 0.776302 0.592130 0.774219 0.596296 0.771615 0.598611 0.768229 0.598148 0.766146 0.594444 0.762500 0.587963 0.759115
0 0.587500 0.736979 0.579167 0.738281 0.573148 0.745313 0.569444 0.747917 0.570833 0.752344 0.572685 0.754167 0.578704 0.755469 0.589352 0.754948 0.592130 0.754167 0.597222 0.750521 0.598148 0.748958 0.597222 0.742969 0.593981 0.739062
0 0.604630 0.716927 0.592593 0.715104 0.586574 0.715625 0.578704 0.717708 0.576389 0.720573 0.576389 0.732812 0.579630 0.735417 0.585648 0.736458 0.594444 0.736198 0.599537 0.734896 0.604167 0.732292 0.608333 0.725000 0.606944 0.719010
0 0.596759 0.736198 0.595833 0.740365 0.605556 0.746354 0.611574 0.748177 0.621759 0.748958 0.625463 0.744010 0.621759 0.737500 0.618519 0.733854 0.614815 0.731250 0.606944 0.732552
0 0.633796 0.727083 0.626852 0.728385 0.619907 0.732031 0.621759 0.737240 0.626389 0.742708 0.635648 0.745313 0.642130 0.740365 0.643981 0.736458 0.644444 0.732292 0.642130 0.728385 0.637037 0.727083
0 0.641204 0.709635 0.636111 0.708854 0.626852 0.708854 0.609722 0.716667 0.609259 0.721875 0.614815 0.726562 0.620370 0.728125 0.628241 0.727083 0.633796 0.725000 0.642130 0.720573 0.645833 0.716927 0.644907 0.712240
0 0.600463 0.693490 0.594444 0.695573 0.590741 0.699740 0.590278 0.706510 0.591667 0.711198 0.593519 0.714063 0.597222 0.715365 0.608333 0.715625 0.613889 0.713021 0.617130 0.710156 0.617130 0.703906 0.614815 0.701042 0.607407 0.695833 0.603704 0.694010
0 0.611111 0.684375 0.607407 0.685937 0.606481 0.687500 0.606481 0.693229 0.610185 0.697396 0.618056 0.702344 0.621759 0.703385 0.629167 0.700521 0.631019 0.698698 0.632407 0.694792 0.632407 0.689063 0.630556 0.686719 0.625000 0.684375 0.622222 0.683854
0 0.612963 0.668490 0.607407 0.669271 0.605093 0.672135 0.600463 0.673698 0.599537 0.677865 0.608333 0.682292 0.616204 0.683073 0.621759 0.681771 0.625463 0.677083 0.624537 0.673698 0.622222 0.671094 0.615741 0.668750
0 0.629630 0.675781 0.625463 0.677865 0.623611 0.680208 0.623148 0.682031 0.625000 0.683854 0.635185 0.688021 0.642593 0.687760 0.644907 0.686979 0.647222 0.685156 0.649074 0.681510 0.644444 0.676823 0.641667 0.675260 0.637037 0.674740
0 0.653704 0.690104 0.650926 0.689583 0.643981 0.689844 0.639352 0.690885 0.634722 0.693229 0.633333 0.696094 0.634259 0.700781 0.642130 0.705208 0.651852 0.704688 0.656481 0.702083 0.659722 0.697656 0.659722 0.693750
0 0.648611 0.717187 0.643981 0.718750 0.638889 0.725000 0.640741 0.727344 0.645370 0.730208 0.647685 0.730729 0.656019 0.730208 0.660185 0.728906 0.664352 0.725521 0.664815 0.724479 0.662963 0.720833 0.660648 0.718750 0.656481 0.717448
0 0.669907 0.693490 0.665278 0.694271 0.662037 0.696354 0.654630 0.704688 0.654630 0.709115 0.659722 0.714844 0.663426 0.715885 0.670370 0.716667 0.676852 0.716146 0.680093 0.714583 0.684259 0.708594 0.682870 0.701823 0.680093 0.697396
0 0.690741 0.713021 0.682407 0.718490 0.682407 0.723177 0.683333 0.724740 0.687500 0.726302 0.690741 0.728646 0.698148 0.730208 0.703241 0.728646 0.706019 0.726302 0.706944 0.722917 0.706481 0.717187 0.705093 0.715885 0.698148 0.713021
0 0.676389 0.725521 0.670370 0.726302 0.666667 0.727604 0.664815 0.730990 0.664815 0.734635 0.666204 0.738021 0.669907 0.741406 0.673611 0.742448 0.678704 0.742708 0.686574 0.741146 0.694444 0.737240 0.695833 0.732292 0.693056 0.730469 0.683796 0.726562
0 0.721296 0.733073 0.717593 0.732812 0.707870 0.734896 0.700926 0.737500 0.695370 0.740625 0.693981 0.742188 0.693981 0.748177 0.696759 0.748958 0.704630 0.753646 0.712037 0.753646 0.715278 0.752604 0.719907 0.749740 0.725463 0.744010 0.727778 0.740365 0.727315 0.738281 0.725000 0.734635
0 0.746759 0.727344 0.743056 0.728125 0.738889 0.730208 0.735648 0.732552 0.733796 0.735156 0.732870 0.738802 0.733796 0.744531 0.736111 0.746354 0.739352 0.747135 0.750000 0.745573 0.758333 0.741667 0.762500 0.738021 0.762963 0.735938 0.761111 0.732812 0.753704 0.729427
0 0.718519 0.712500 0.717130 0.716146 0.713889 0.720052 0.713426 0.725260 0.714815 0.728125 0.718981 0.731250 0.722222 0.732031 0.726852 0.732292 0.734722 0.730990 0.737500 0.729427 0.739815 0.724479 0.732870 0.717187 0.729167 0.715625 0.727778 0.713021 0.726389 0.712240
0 0.774074 0.739323 0.770833 0.740625 0.764352 0.741927 0.762037 0.743490 0.758796 0.751042 0.759722 0.755990 0.762963 0.758854 0.767593 0.760417 0.775463 0.760938 0.781944 0.760417 0.785648 0.758854 0.787500 0.756510 0.787500 0.751302 0.786111 0.746615 0.781944 0.741406 0.778704 0.740104
0 0.801389 0.740104 0.791667 0.742448 0.788889 0.744010 0.786574 0.747656 0.788426 0.752865 0.788426 0.755990 0.792130 0.758073 0.801389 0.760156 0.810648 0.759896 0.816204 0.758073 0.817593 0.757031 0.821296 0.751823 0.821759 0.747656 0.818981 0.744010 0.817130 0.742969 0.807870 0.740625
0 0.802315 0.723177 0.794444 0.723177 0.781944 0.728385 0.779167 0.731510 0.779630 0.734375 0.784259 0.740365 0.787500 0.741927 0.794907 0.741406 0.809259 0.738542 0.811111 0.736719 0.811111 0.730990 0.807407 0.726042
0 0.831944 0.739062 0.830093 0.740104 0.831944 0.744271 0.835185 0.747656 0.837963 0.752604 0.844907 0.757292 0.850000 0.758854 0.858796 0.758854 0.865741 0.756250 0.869444 0.752083 0.869444 0.747917 0.859722 0.740885 0.850926 0.737240 0.847685 0.736979 0.839352 0.737240
0 0.864815 0.722135 0.861111 0.722917 0.857407 0.724740 0.856944 0.728125 0.854167 0.731771 0.853241 0.735417 0.851852 0.736198 0.858333 0.740885 0.863426 0.742188 0.871759 0.740365 0.873611 0.736719 0.872222 0.733073 0.868519 0.730208
0 0.878704 0.719792 0.876852 0.721354 0.876852 0.729427 0.875463 0.732812 0.879630 0.736979 0.885648 0.738021 0.893519 0.736458 0.900000 0.733073 0.903241 0.728906 0.902315 0.724740 0.893056 0.720573 0.886574 0.719271
0 0.906019 0.727865 0.902778 0.729688 0.900463 0.732292 0.905093 0.740625 0.906481 0.741406 0.915741 0.741667 0.920833 0.740885 0.923148 0.738021 0.923611 0.734896 0.923148 0.732552 0.920370 0.729427 0.914815 0.727604
0 0.881019 0.708854 0.879630 0.713281 0.881944 0.716927 0.884259 0.718750 0.905093 0.723698 0.910185 0.723177 0.916667 0.720833 0.916667 0.716667 0.909722 0.713542 0.901852 0.708854 0.893056 0.706510 0.885185 0.706510
0 0.877778 0.755729 0.873148 0.759635 0.875926 0.764844 0.878704 0.767969 0.885648 0.769010 0.888889 0.767708 0.889352 0.763542 0.886111 0.758073 0.882870 0.756510
0 0.897222 0.683594 0.891204 0.683333 0.885185 0.684375 0.877315 0.690104 0.875463 0.693229 0.875926 0.697396 0.877778 0.699219 0.885185 0.702604 0.893519 0.702865 0.898148 0.701562 0.900463 0.699740 0.901852 0.697396 0.901852 0.688281 0.900000 0.684375
0 0.838426 0.712760 0.835648 0.713802 0.833333 0.716667 0.834722 0.725000 0.837500 0.726562 0.842130 0.727344 0.854167 0.725521 0.859259 0.721094 0.858333 0.716667 0.846759 0.712760
0 0.801852 0.708594 0.800000 0.712760 0.801389 0.719010 0.808796 0.726562 0.813426 0.727865 0.817130 0.728125 0.823148 0.727344 0.829630 0.724740 0.831944 0.722917 0.832870 0.720313 0.831481 0.718229 0.824537 0.712760 0.818981 0.710677 0.816204 0.708854 0.810648 0.708333
0 0.786574 0.707552 0.781481 0.706510 0.773611 0.706771 0.765278 0.708854 0.762500 0.710677 0.759259 0.716406 0.759259 0.721354 0.761574 0.725521 0.764352 0.727604 0.767593 0.728385 0.781481 0.728646 0.797222 0.721875 0.798148 0.720833 0.798148 0.716146 0.796759 0.713542
0 0.738889 0.702344 0.731481 0.705469 0.729630 0.709115 0.729167 0.713021 0.739352 0.722135 0.743056 0.723958 0.746759 0.724740 0.754630 0.722135 0.756944 0.720573 0.760648 0.714844 0.762037 0.708854 0.759259 0.706250 0.755093 0.704167 0.748611 0.702604
0 0.726852 0.690625 0.724537 0.691406 0.723148 0.693229 0.723611 0.701562 0.726389 0.703125 0.733333 0.703646 0.737037 0.702083 0.741667 0.697656 0.742593 0.693229 0.739815 0.691927 0.733333 0.690365
0 0.690741 0.685937 0.687500 0.687500 0.683333 0.692969 0.683796 0.697396 0.687037 0.703385 0.689352 0.706250 0.695833 0.709635 0.697685 0.710156 0.705556 0.710156 0.711574 0.708594 0.720370 0.703646 0.721759 0.701562 0.721759 0.696094 0.720833 0.694271 0.710648 0.687240 0.700000 0.685937
0 0.774537 0.676302 0.771759 0.677604 0.771296 0.681771 0.769444 0.684896 0.769444 0.689583 0.774074 0.693750 0.779630 0.696875 0.787963 0.698958 0.795370 0.698177 0.802315 0.696354 0.806481 0.693490 0.808333 0.689844 0.807407 0.685417 0.805093 0.683594 0.795833 0.678906 0.788426 0.676562 0.782870 0.675781
0 0.820833 0.685417 0.819444 0.688281 0.819444 0.694010 0.821296 0.696615 0.828704 0.702083 0.837037 0.704948 0.844907 0.704948 0.849537 0.703646 0.853704 0.701562 0.857870 0.697396 0.857407 0.693229 0.855093 0.690885 0.850463 0.688281 0.843056 0.685937 0.833333 0.684115 0.829630 0.683854
0 0.651852 0.681250 0.651852 0.686198 0.653704 0.688542 0.656019 0.689844 0.662963 0.691927 0.671296 0.691667 0.677315 0.690625 0.684259 0.688021 0.688426 0.685677 0.687963 0.681510 0.684722 0.679688 0.667593 0.676562 0.661574 0.676302 0.656019 0.677604
0 0.877778 0.657292 0.871296 0.659115 0.867130 0.661979 0.863889 0.666406 0.866204 0.670052 0.872222 0.675260 0.877315 0.676042 0.886111 0.675521 0.892130 0.673958 0.899074 0.670052 0.901389 0.666406 0.900000 0.661979 0.895370 0.659635 0.886111 0.657292
0 0.842130 0.668490 0.836574 0.673438 0.837963 0.678385 0.839815 0.680469 0.844907 0.683333 0.857407 0.685937 0.864815 0.685156 0.870833 0.681510 0.872222 0.677083 0.870370 0.674479 0.862963 0.668750 0.857870 0.666927 0.851852 0.666667
0 0.812963 0.665885 0.811574 0.667448 0.811111 0.670052 0.815741 0.677865 0.825000 0.678385 0.831944 0.676823 0.833796 0.675781 0.834722 0.672917 0.832870 0.667188 0.831481 0.665625 0.830093 0.665104 0.821759 0.664844
0 0.851389 0.649219 0.842130 0.649219 0.834259 0.651302 0.828704 0.654167 0.826852 0.658333 0.829630 0.662240 0.834259 0.665365 0.838889 0.666927 0.843981 0.667708 0.852315 0.666146 0.859259 0.661719 0.859722 0.657292 0.858333 0.653646 0.855556 0.650781
0 0.772222 0.656510 0.770370 0.659375 0.769907 0.666667 0.771759 0.669010 0.776389 0.671615 0.782870 0.672917 0.788426 0.673177 0.794444 0.672656 0.801389 0.670573 0.805556 0.668229 0.806944 0.666146 0.806019 0.661198 0.804630 0.659635 0.796759 0.655990 0.790741 0.654948 0.779167 0.654427 0.774537 0.655208
0 0.722222 0.661719 0.722222 0.666146 0.727315 0.672135 0.738889 0.678646 0.744907 0.679688 0.753704 0.679167 0.757870 0.677344 0.761111 0.673958 0.762037 0.669010 0.760185 0.666146 0.754630 0.661979 0.746759 0.660417 0.733333 0.659115 0.728241 0.659896
0 0.726389 0.673958 0.720370 0.674740 0.712037 0.681510 0.713426 0.688021 0.718519 0.690885 0.726389 0.690885 0.734259 0.689323 0.737963 0.686719 0.737500 0.682031 0.735648 0.679688
0 0.704630 0.661719 0.701852 0.663281 0.695833 0.669010 0.694444 0.674479 0.696759 0.676823 0.701389 0.679427 0.712037 0.680990 0.717593 0.677865 0.718981 0.673698 0.715741 0.666927 0.712963 0.663802 0.710185 0.662500
0 0.672685 0.663281 0.668056 0.664844 0.665278 0.668229 0.664815 0.670573 0.666667 0.673958 0.669444 0.676042 0.674537 0.677604 0.684259 0.678646 0.691204 0.673438 0.692130 0.670833 0.691667 0.668750 0.686111 0.664062 0.679630 0.662760
0 0.663426 0.657552 0.656944 0.656510 0.649074 0.657552 0.637963 0.663542 0.636574 0.665625 0.637963 0.670052 0.642593 0.673698 0.649537 0.675781 0.658333 0.672396 0.662500 0.669792 0.666204 0.666406 0.667593 0.663021 0.666204 0.659115
0 0.614352 0.646615 0.607407 0.648958 0.601389 0.653646 0.601389 0.658594 0.606019 0.663021 0.612500 0.666927 0.620370 0.669531 0.628241 0.669271 0.634722 0.663802 0.638426 0.662240 0.639352 0.658073 0.633796 0.653125 0.626852 0.648698 0.623148 0.647656
0 0.630556 0.646354 0.631019 0.650521 0.634259 0.652083 0.637037 0.655729 0.640278 0.657552 0.643056 0.658073 0.650463 0.657292 0.653241 0.656510 0.656481 0.654427 0.657407 0.648698 0.655556 0.646094 0.649537 0.643750 0.635185 0.644010
0 0.641667 0.630469 0.636111 0.629167 0.627315 0.629948 0.618056 0.632552 0.610648 0.635417 0.608796 0.639062 0.612963 0.644010 0.617130 0.646615 0.623148 0.647135 0.628704 0.645312 0.633796 0.642188 0.641667 0.635677
0 0.648611 0.629427 0.645833 0.630729 0.643981 0.633333 0.644444 0.638802 0.648148 0.641927 0.656019 0.645833 0.662963 0.646875 0.665741 0.646354 0.669907 0.644271 0.675000 0.639062 0.673148 0.633594 0.668981 0.631771 0.657870 0.629427
0 0.671296 0.644010 0.666667 0.646354 0.666667 0.650521 0.668056 0.654167 0.673611 0.658073 0.676389 0.661458 0.682870 0.663281 0.691204 0.663281 0.696296 0.661719 0.699074 0.660156 0.704630 0.654427 0.703704 0.650000 0.702315 0.648438 0.694907 0.644531 0.690741 0.643229 0.680556 0.642708 0.675926 0.642969
0 0.706944 0.644792 0.705556 0.646875 0.705093 0.651302 0.708796 0.655469 0.716667 0.657552 0.721759 0.657552 0.732870 0.655990 0.737037 0.650000 0.735648 0.646615 0.731481 0.644271 0.725463 0.642448 0.718519 0.641927 0.711574 0.642969
0 0.762963 0.650000 0.753704 0.645052 0.746296 0.645312 0.737963 0.648958 0.734722 0.654167 0.736111 0.658073 0.739815 0.659635 0.751852 0.660937 0.756481 0.660677 0.761574 0.659375 0.763889 0.658333 0.765741 0.654948 0.765278 0.652865
0 0.760185 0.639062 0.755556 0.642448 0.756481 0.646354 0.767130 0.652865 0.775000 0.653385 0.778241 0.652344 0.784722 0.646615 0.783333 0.642188 0.779630 0.640365 0.775000 0.639323
0 0.792593 0.647135 0.792130 0.652344 0.793056 0.653906 0.805556 0.659635 0.808333 0.660417 0.815741 0.659635 0.823148 0.656250 0.824074 0.654948 0.823611 0.651042 0.819444 0.648177 0.815278 0.647135 0.805556 0.646615 0.793519 0.646615
0 0.829630 0.629167 0.819907 0.634635 0.818056 0.639844 0.818519 0.646615 0.822685 0.648177 0.837037 0.648958 0.843981 0.647917 0.846296 0.645833 0.847685 0.642969 0.847685 0.638281 0.845370 0.635156 0.837037 0.630208
0 0.789815 0.632031 0.785648 0.635417 0.784259 0.638021 0.784722 0.641667 0.786111 0.643750 0.788426 0.645052 0.794444 0.646094 0.810648 0.646615 0.812500 0.646094 0.814815 0.643750 0.814352 0.638542 0.808796 0.632031 0.802778 0.630469
0 0.766667 0.619010 0.758796 0.620313 0.755556 0.621615 0.752315 0.625521 0.750000 0.630990 0.757407 0.636979 0.761111 0.638281 0.768056 0.639062 0.774537 0.638281 0.776389 0.637240 0.779630 0.634115 0.781019 0.629948 0.779630 0.625521 0.777315 0.622396 0.774074 0.620573
0 0.739352 0.629687 0.732407 0.631250 0.728241 0.639323 0.728704 0.642708 0.732407 0.644792 0.738426 0.646094 0.741204 0.646094 0.751389 0.644010 0.753704 0.642708 0.756944 0.638542 0.752778 0.634375 0.749074 0.632292
0 0.690278 0.608854 0.678704 0.612760 0.676852 0.615104 0.681481 0.625260 0.684722 0.628646 0.690278 0.630990 0.698148 0.632292 0.703704 0.630208 0.708333 0.626563 0.709722 0.623958 0.708796 0.616406 0.707407 0.613802 0.703241 0.611198 0.698148 0.609375
0 0.713426 0.611979 0.711111 0.615104 0.710648 0.621094 0.711574 0.624479 0.714352 0.626302 0.725000 0.628906 0.729167 0.629167 0.742130 0.628906 0.745370 0.628385 0.748611 0.626563 0.750926 0.622917 0.747222 0.615104 0.744907 0.613802 0.732870 0.610156 0.725000 0.609896
0 0.718981 0.628646 0.711111 0.628125 0.703241 0.631250 0.701389 0.634375 0.700926 0.638802 0.704630 0.641927 0.712500 0.642969 0.722685 0.641406 0.725463 0.640104 0.727315 0.634635 0.725000 0.631510
0 0.675000 0.630729 0.675463 0.634896 0.679630 0.639062 0.684259 0.641927 0.691667 0.642708 0.698611 0.639583 0.700000 0.634635 0.697685 0.633073 0.684259 0.629948
0 0.668981 0.615625 0.662500 0.616406 0.657407 0.618750 0.653241 0.622656 0.653241 0.626042 0.654167 0.627604 0.656481 0.628646 0.670370 0.632031 0.679167 0.629167 0.680556 0.627604 0.680556 0.625000 0.677315 0.618229 0.674074 0.616406
0 0.650000 0.609375 0.643981 0.608594 0.641204 0.608854 0.637037 0.610938 0.631944 0.615104 0.629630 0.618750 0.630093 0.623437 0.632407 0.625521 0.638426 0.626042 0.646296 0.624740 0.652778 0.621094 0.658796 0.616146 0.659259 0.614583 0.657870 0.613281
0 0.588426 0.615365 0.585648 0.618490 0.585185 0.623698 0.587037 0.625521 0.593981 0.629167 0.601852 0.630729 0.606944 0.634375 0.615278 0.633333 0.619907 0.630990 0.623611 0.627604 0.625926 0.623698 0.625000 0.620313 0.621759 0.617188 0.614352 0.614583 0.593519 0.614062
0 0.614352 0.600521 0.612037 0.602344 0.611574 0.604688 0.612037 0.607812 0.616204 0.613021 0.621296 0.615625 0.628704 0.616146 0.634722 0.613542 0.640278 0.608073 0.640278 0.606510 0.638426 0.604167 0.633333 0.601302 0.629167 0.600260 0.619444 0.600000
0 0.644444 0.595313 0.640278 0.597135 0.638426 0.598958 0.639352 0.601823 0.647222 0.607552 0.656481 0.610156 0.662500 0.607552 0.663889 0.604427 0.662963 0.599740 0.656944 0.594271
0 0.691204 0.593750 0.684722 0.594010 0.679630 0.595833 0.670833 0.597656 0.666204 0.599479 0.664352 0.602865 0.664815 0.605729 0.666204 0.608073 0.670370 0.610938 0.677778 0.611979 0.684722 0.610156 0.690278 0.607292 0.693519 0.604427 0.696296 0.600260 0.695833 0.595573
0 0.724074 0.594010 0.718056 0.592969 0.701389 0.596875 0.694907 0.603125 0.696759 0.607552 0.702778 0.610156 0.712500 0.610938 0.725926 0.609375 0.728704 0.607031 0.730556 0.599219 0.726852 0.595573
0 0.772222 0.601302 0.767593 0.600260 0.761111 0.600521 0.757870 0.601302 0.754630 0.603125 0.748148 0.611979 0.748148 0.616146 0.753241 0.620573 0.760648 0.619792 0.768981 0.617188 0.779630 0.611458 0.781944 0.607031 0.780093 0.605208
0 0.802315 0.619531 0.794444 0.619010 0.787963 0.619792 0.782870 0.621354 0.780093 0.622917 0.780556 0.626823 0.782407 0.629427 0.787963 0.631510 0.797685 0.631250 0.805556 0.630208 0.808333 0.627604 0.807870 0.623958 0.806481 0.621875
0 0.806019 0.610417 0.803704 0.613542 0.803241 0.619271 0.809722 0.626823 0.823148 0.628646 0.829167 0.627604 0.833796 0.625781 0.836574 0.623437 0.836111 0.618750 0.834259 0.616927 0.825463 0.611979 0.816204 0.609635 0.808333 0.609635
0 0.843519 0.612760 0.838889 0.615104 0.838426 0.616927 0.838889 0.622396 0.841667 0.626042 0.844907 0.627865 0.856481 0.629687 0.864815 0.629167 0.869907 0.626302 0.872222 0.623698 0.872685 0.618750 0.868981 0.614062 0.865741 0.612500 0.857870 0.610938 0.849537 0.611458
0 0.878241 0.598437 0.874074 0.599740 0.870370 0.602344 0.867130 0.611458 0.869444 0.615365 0.872222 0.617708 0.878241 0.619010 0.885648 0.619010 0.892130 0.617708 0.894907 0.615365 0.894907 0.607292 0.891667 0.602083 0.885648 0.598698
0 0.912963 0.567969 0.906944 0.566667 0.898611 0.566927 0.892130 0.568229 0.881481 0.572656 0.878241 0.576302 0.877778 0.580208 0.883333 0.584115 0.891667 0.586979 0.904630 0.586458 0.912500 0.584115 0.916204 0.581510 0.919444 0.576302 0.918981 0.571875
0 0.854167 0.591927 0.850000 0.589583 0.844444 0.588021 0.829167 0.588802 0.823611 0.590625 0.821759 0.591927 0.820833 0.595052 0.821759 0.599740 0.825463 0.602083 0.829630 0.603385 0.837037 0.603385 0.843519 0.602083 0.850000 0.599740 0.854630 0.596354
0 0.822685 0.600521 0.814815 0.602083 0.812500 0.603385 0.813426 0.608073 0.815278 0.609115 0.823148 0.610938 0.826389 0.610156 0.828704 0.608594 0.829630 0.604948 0.831481 0.603385 0.830093 0.603385
0 0.772222 0.592448 0.770370 0.595833 0.773611 0.601302 0.787500 0.607292 0.794907 0.608594 0.802778 0.608333 0.811111 0.603646 0.811111 0.599219 0.806481 0.595833 0.794907 0.591927 0.781481 0.589844
0 0.870370 0.634635 0.867593 0.635677 0.861111 0.641927 0.861111 0.646875 0.864352 0.649219 0.872685 0.650521 0.876852 0.648438 0.879167 0.641927 0.877315 0.639062 0.874074 0.637240 0.871759 0.634635
0 0.836574 0.569531 0.831019 0.571354 0.826389 0.573958 0.823148 0.577083 0.821759 0.580208 0.825000 0.584375 0.829630 0.586979 0.834722 0.588021 0.844444 0.587760 0.849074 0.586198 0.851389 0.584115 0.853241 0.580208 0.852315 0.575781 0.850926 0.573698 0.843981 0.569531
0 0.842130 0.542969 0.837963 0.544531 0.835648 0.548438 0.831944 0.552083 0.832870 0.555729 0.834259 0.557552 0.839352 0.559896 0.842130 0.560417 0.850000 0.560156 0.853704 0.558854 0.862963 0.553125 0.863889 0.548698 0.861574 0.546354 0.855556 0.543750 0.851852 0.542969
0 0.808796 0.559635 0.805556 0.562760 0.805093 0.565625 0.807407 0.569531 0.811574 0.572396 0.815741 0.573698 0.823611 0.574219 0.829167 0.572396 0.833796 0.569792 0.835648 0.567969 0.837037 0.564323 0.835185 0.561979 0.831481 0.559635 0.826852 0.558854 0.817593 0.558854
0 0.801852 0.566667 0.795833 0.565365 0.787500 0.566146 0.784722 0.566927 0.775000 0.572396 0.773611 0.575521 0.775000 0.579427 0.778241 0.582812 0.781944 0.585156 0.786111 0.585938 0.796759 0.585156 0.799537 0.584115 0.804167 0.580469 0.806019 0.571354 0.805093 0.568750
0 0.746296 0.573698 0.742593 0.576042 0.743519 0.580729 0.747222 0.584115 0.754167 0.588021 0.762037 0.591146 0.769444 0.591667 0.773611 0.590885 0.777315 0.588281 0.778704 0.583854 0.769907 0.575260 0.763889 0.571875 0.760648 0.570833 0.750463 0.572135
0 0.728241 0.591667 0.729167 0.596094 0.732407 0.599219 0.735185 0.600521 0.744444 0.601823 0.753704 0.602344 0.766204 0.599219 0.766204 0.595052 0.763889 0.592448 0.746759 0.584375 0.740278 0.584635 0.735185 0.585938 0.731481 0.588281
0 0.738889 0.576042 0.732407 0.573958 0.725926 0.574479 0.714352 0.577604 0.708333 0.580469 0.705556 0.583333 0.705556 0.585156 0.707407 0.587760 0.718056 0.591667 0.726389 0.590104 0.737500 0.583854 0.739815 0.580469
0 0.653241 0.580729 0.651389 0.583594 0.653241 0.588281 0.658333 0.592708 0.666667 0.596875 0.670833 0.597396 0.681019 0.595052 0.685185 0.592187 0.685648 0.587760 0.684259 0.585677 0.681019 0.583854 0.664352 0.578906 0.656944 0.579427
0 0.610185 0.586979 0.607870 0.590885 0.608796 0.595833 0.612500 0.598437 0.622222 0.599740 0.629167 0.599740 0.635648 0.597396 0.637963 0.595833 0.637037 0.591667 0.631944 0.588281 0.626852 0.586198 0.622685 0.585156 0.613889 0.585417
0 0.634722 0.573438 0.628704 0.575000 0.623611 0.578125 0.622685 0.579427 0.623148 0.584115 0.635648 0.590365 0.642593 0.591667 0.645833 0.590625 0.649537 0.588021 0.650926 0.579948 0.647222 0.575781 0.642593 0.574219
0 0.655093 0.558594 0.650926 0.559375 0.646759 0.561979 0.644444 0.567708 0.644444 0.572656 0.651389 0.577604 0.655093 0.578646 0.657870 0.578646 0.665741 0.577344 0.671296 0.574479 0.675463 0.568750 0.675926 0.564063 0.674074 0.561979 0.668981 0.559635
0 0.678241 0.567448 0.676852 0.568229 0.674537 0.571875 0.674074 0.576823 0.679630 0.582292 0.684722 0.584375 0.690741 0.585417 0.698611 0.585417 0.702778 0.584635 0.705093 0.583333 0.708333 0.579427 0.708796 0.576042 0.706481 0.573177 0.702778 0.570833 0.692593 0.567708 0.684259 0.566406
0 0.726852 0.554167 0.723611 0.554167 0.717130 0.555469 0.706019 0.560937 0.703241 0.563802 0.702778 0.569531 0.705093 0.572135 0.711574 0.574740 0.718056 0.575781 0.723148 0.575000 0.729630 0.572396 0.734259 0.568490 0.735185 0.563542 0.733796 0.557031 0.731944 0.555469
0 0.745370 0.551042 0.739352 0.552604 0.736574 0.554948 0.736111 0.560937 0.739815 0.568750 0.745370 0.571615 0.754167 0.571615 0.760648 0.569531 0.761574 0.568490 0.761111 0.563802 0.755556 0.554688 0.751852 0.552604 0.747222 0.551042
0 0.787500 0.556510 0.781481 0.553646 0.775000 0.551823 0.766667 0.552604 0.759259 0.556510 0.763426 0.565104 0.766204 0.566146 0.775000 0.566146 0.779630 0.565104 0.787037 0.560677
0 0.815741 0.537240 0.808796 0.540885 0.807407 0.544531 0.807870 0.546615 0.809722 0.549479 0.814815 0.552865 0.824074 0.553385 0.826389 0.552865 0.832870 0.549219 0.835185 0.545052 0.835648 0.540885 0.830093 0.537760 0.826389 0.536979 0.821759 0.536719
0 0.797222 0.530990 0.789815 0.531771 0.782870 0.534115 0.779630 0.536198 0.777315 0.540365 0.778241 0.543490 0.782407 0.546615 0.787963 0.548698 0.794907 0.549479 0.805093 0.545833 0.807870 0.541927 0.809259 0.537240 0.805093 0.532552 0.802315 0.531510
0 0.747222 0.533594 0.743519 0.537240 0.748148 0.549219 0.750000 0.551042 0.753241 0.552604 0.761111 0.553385 0.768981 0.551302 0.772222 0.548958 0.774074 0.545052 0.770370 0.539583 0.765741 0.535937 0.761574 0.533854 0.753704 0.533073
0 0.740278 0.538021 0.734722 0.536719 0.729167 0.536979 0.721759 0.539062 0.714815 0.542708 0.712500 0.544531 0.713426 0.548958 0.718981 0.552344 0.725463 0.553646 0.732870 0.553385 0.739352 0.551823 0.743056 0.550000 0.744907 0.548177 0.745833 0.544531 0.743981 0.540625
0 0.708333 0.547396 0.705093 0.546354 0.695370 0.546615 0.689352 0.547917 0.679630 0.551302 0.675000 0.556771 0.675926 0.560677 0.683796 0.565365 0.691667 0.566146 0.702315 0.562500 0.713889 0.556250 0.715278 0.552344 0.712500 0.549740
0 0.662037 0.542448 0.658796 0.543229 0.652778 0.546094 0.648148 0.552865 0.650926 0.556510 0.652778 0.557552 0.664352 0.558594 0.669907 0.557552 0.673611 0.555208 0.675463 0.552865 0.675000 0.548698 0.669907 0.544531 0.663889 0.542448
0 0.610185 0.557292 0.608796 0.559375 0.608796 0.561458 0.610648 0.563802 0.622222 0.570573 0.627315 0.571875 0.633796 0.571354 0.639352 0.569792 0.642593 0.567448 0.644444 0.565104 0.643981 0.562240 0.637963 0.558594 0.622222 0.554427 0.614815 0.555469
0 0.618981 0.540885 0.618056 0.545312 0.623148 0.551042 0.628704 0.554948 0.635648 0.556250 0.642130 0.554688 0.644444 0.553385 0.649537 0.548958 0.648611 0.545052 0.646296 0.543750 0.635648 0.540365 0.629630 0.539583
0 0.582870 0.536979 0.581481 0.539844 0.581481 0.545052 0.582407 0.546615 0.594907 0.556771 0.600463 0.557813 0.607870 0.557552 0.617130 0.553646 0.618981 0.550260 0.618981 0.548177 0.614815 0.544271 0.606944 0.540625 0.593981 0.536458 0.586574 0.535937
0 0.558796 0.539844 0.556944 0.545052 0.558796 0.547917 0.560648 0.548958 0.565278 0.549479 0.574074 0.548958 0.581019 0.545312 0.580556 0.541146 0.576852 0.539062 0.565278 0.538281
0 0.586111 0.518490 0.579167 0.517448 0.573611 0.518229 0.569444 0.520052 0.561574 0.526302 0.559722 0.528646 0.559722 0.533594 0.562963 0.536719 0.566667 0.537500 0.575926 0.537500 0.582870 0.535417 0.590278 0.531510 0.592593 0.529427 0.594444 0.525000 0.592593 0.521615
0 0.621759 0.523177 0.607407 0.522135 0.600463 0.522917 0.596296 0.524740 0.593981 0.529427 0.595833 0.534635 0.599074 0.537240 0.605556 0.539062 0.609259 0.539323 0.616204 0.538021 0.626852 0.534115 0.628241 0.532031 0.628241 0.527604 0.626852 0.525521
0 0.633796 0.527865 0.631019 0.530208 0.628241 0.536198 0.629167 0.538542 0.631019 0.539583 0.648611 0.544010 0.651852 0.543490 0.657870 0.539583 0.659722 0.537500 0.657870 0.530208 0.654167 0.528125 0.649074 0.527083 0.638889 0.527083
0 0.684722 0.528385 0.677778 0.527344 0.669907 0.527344 0.660648 0.529167 0.660185 0.534375 0.661574 0.538542 0.664352 0.541146 0.668981 0.543229 0.670833 0.543490 0.677315 0.542708 0.681481 0.541146 0.686111 0.538281 0.688426 0.532552 0.687500 0.529687
0 0.716204 0.529948 0.712037 0.528385 0.706481 0.527344 0.697685 0.527865 0.693056 0.529948 0.690741 0.532031 0.687037 0.538281 0.687037 0.541146 0.691204 0.546094 0.704630 0.545573 0.716204 0.541146 0.720833 0.537240 0.720370 0.533073
0 0.725463 0.521354 0.719444 0.524479 0.717130 0.529427 0.725926 0.536198 0.733796 0.536458 0.736574 0.535937 0.739352 0.534375 0.743056 0.529948 0.742130 0.525260 0.739352 0.523177 0.732870 0.521615
0 0.750926 0.522135 0.750000 0.523958 0.750463 0.528385 0.751852 0.529948 0.756481 0.532552 0.770370 0.534896 0.777315 0.534635 0.781019 0.533333 0.781944 0.530990 0.781944 0.524219 0.781019 0.521615 0.777315 0.519010 0.771296 0.517969 0.760185 0.518229 0.756019 0.519271
0 0.850463 0.524740 0.845833 0.526302 0.843519 0.529167 0.843519 0.533594 0.845370 0.539062 0.846759 0.541146 0.848148 0.541667 0.858796 0.543229 0.864815 0.541406 0.868981 0.539062 0.870370 0.537240 0.869907 0.532813 0.864352 0.528125 0.859259 0.525521
0 0.876389 0.497396 0.872222 0.497917 0.866667 0.501823 0.863889 0.506250 0.862963 0.512240 0.863426 0.513802 0.866667 0.515885 0.867593 0.517708 0.870370 0.518490 0.878704 0.518750 0.883333 0.517708 0.888889 0.512500 0.892593 0.510156 0.894444 0.504687 0.892593 0.501302 0.884722 0.497917
0 0.815741 0.517708 0.811574 0.521094 0.811574 0.525781 0.815741 0.529948 0.822685 0.533594 0.831019 0.533854 0.836574 0.533333 0.843056 0.529427 0.843519 0.525260 0.835648 0.522135 0.831019 0.519271 0.825000 0.517448 0.819907 0.517188
0 0.829630 0.497135 0.817593 0.505208 0.815278 0.509896 0.817593 0.513542 0.820833 0.515365 0.829167 0.517448 0.837037 0.517188 0.843056 0.515365 0.848611 0.512500 0.850463 0.509896 0.850926 0.503646 0.849537 0.501563 0.837500 0.497135
0 0.731944 0.509635 0.728241 0.512500 0.725926 0.517448 0.727778 0.519792 0.731481 0.521615 0.738889 0.522656 0.749537 0.521615 0.751852 0.519792 0.754630 0.514583 0.754630 0.513281 0.753241 0.511979 0.748148 0.509375 0.743519 0.508333 0.738889 0.508333
0 0.704167 0.504948 0.700926 0.505990 0.695370 0.509635 0.694907 0.514062 0.698611 0.517708 0.701852 0.525521 0.712500 0.527083 0.716204 0.526042 0.722685 0.521615 0.726852 0.513281 0.725000 0.509115 0.721759 0.506510 0.713426 0.504948
0 0.697222 0.517708 0.692130 0.515625 0.685648 0.515625 0.668981 0.517448 0.665278 0.520573 0.665741 0.523698 0.668056 0.525781 0.671759 0.526823 0.686111 0.528125 0.692593 0.528125 0.695370 0.527344 0.698148 0.525000 0.698611 0.520573
0 0.657407 0.516667 0.655093 0.513802 0.650000 0.511719 0.643519 0.512760 0.636111 0.513021 0.625926 0.515885 0.622685 0.517708 0.619907 0.521615 0.625000 0.524479 0.633796 0.526823 0.650463 0.526302 0.656944 0.522917
0 0.615741 0.503385 0.606944 0.503385 0.599537 0.505729 0.588426 0.513021 0.587037 0.517708 0.593519 0.520833 0.600926 0.522656 0.613426 0.520052 0.621759 0.517448 0.626389 0.514062 0.625926 0.510156 0.622222 0.505990
0 0.591204 0.499479 0.586574 0.497656 0.578704 0.496615 0.567593 0.498698 0.558796 0.501823 0.557407 0.503906 0.556481 0.509375 0.557870 0.513542 0.565741 0.515885 0.574537 0.515885 0.587037 0.512240 0.592130 0.509635 0.595370 0.506250 0.593056 0.501042
0 0.660648 0.504948 0.658333 0.510156 0.659722 0.513802 0.662500 0.515885 0.670370 0.517188 0.682407 0.515885 0.689352 0.513802 0.690278 0.509375 0.680093 0.503125 0.677315 0.502344 0.668981 0.502083 0.663889 0.503385
0 0.800926 0.507031 0.794444 0.505990 0.777778 0.509635 0.776389 0.512760 0.777315 0.517188 0.783333 0.522656 0.785185 0.523438 0.790278 0.523958 0.795370 0.523177 0.798611 0.521615 0.804630 0.516927 0.806944 0.514323 0.806019 0.509896
0 0.759722 0.496875 0.754167 0.497396 0.748611 0.499219 0.746296 0.501042 0.745370 0.505990 0.746296 0.507812 0.754630 0.511719 0.761574 0.512760 0.767593 0.511719 0.770833 0.509896 0.772685 0.506510 0.772685 0.501563 0.768519 0.498437
0 0.805093 0.487760 0.800926 0.486458 0.794444 0.486198 0.786574 0.488281 0.776389 0.494010 0.775000 0.498698 0.776852 0.501042 0.781019 0.502865 0.788889 0.503646 0.801852 0.501563 0.806944 0.500000 0.810648 0.497917 0.811574 0.494010 0.809259 0.490625
0 0.877315 0.470573 0.875000 0.473958 0.875926 0.479427 0.878704 0.482292 0.892593 0.482552 0.900000 0.480729 0.901852 0.478646 0.900000 0.474219 0.893056 0.469271 0.884722 0.468490
0 0.864352 0.471615 0.850926 0.478385 0.850000 0.482812 0.859722 0.486458 0.865741 0.486719 0.871759 0.485677 0.876389 0.482552 0.874074 0.474479 0.870833 0.472917
0 0.830556 0.468229 0.823148 0.468229 0.815278 0.469271 0.812500 0.470313 0.807407 0.473958 0.806481 0.478906 0.810648 0.483854 0.812963 0.485156 0.815741 0.485938 0.823148 0.485938 0.832407 0.482812 0.838889 0.479167 0.840741 0.474740 0.839815 0.472656 0.836111 0.470313
0 0.800463 0.465365 0.795833 0.464844 0.787963 0.465365 0.783333 0.466927 0.781944 0.469531 0.782407 0.473958 0.787963 0.483594 0.795370 0.483854 0.803704 0.478385 0.806019 0.472135 0.806019 0.468750 0.805093 0.466667
0 0.776852 0.472656 0.773611 0.472656 0.767130 0.474219 0.762500 0.477083 0.756481 0.482292 0.755556 0.486719 0.759259 0.491406 0.766204 0.493490 0.774537 0.494010 0.780093 0.491927 0.785648 0.486719 0.784722 0.478385 0.781481 0.473698
0 0.736574 0.484896 0.733333 0.486198 0.729630 0.490365 0.732870 0.492708 0.734722 0.496094 0.737500 0.498437 0.739352 0.498958 0.746759 0.498958 0.752778 0.496354 0.756481 0.490104 0.753704 0.486458 0.749537 0.484896
0 0.702778 0.490104 0.702778 0.494271 0.704630 0.498437 0.708333 0.502865 0.711574 0.504427 0.717593 0.505469 0.725000 0.504687 0.735648 0.498177 0.732870 0.492448 0.727315 0.490625 0.713889 0.488281 0.708796 0.488542
0 0.683796 0.490885 0.678241 0.494010 0.677315 0.498177 0.683796 0.504687 0.690741 0.507812 0.698148 0.507552 0.702778 0.502604 0.701852 0.494010 0.698148 0.491667 0.692593 0.490104
0 0.648611 0.485417 0.643056 0.488802 0.642593 0.491667 0.643519 0.494271 0.654630 0.500781 0.656019 0.502344 0.663426 0.503125 0.672222 0.499479 0.673148 0.498437 0.672685 0.494010 0.660185 0.487500
0 0.628241 0.493229 0.622222 0.497917 0.621296 0.502083 0.623611 0.506250 0.631481 0.511458 0.635185 0.512500 0.642593 0.511719 0.649537 0.509115 0.653241 0.506771 0.653704 0.501823 0.648611 0.497917 0.640741 0.493750 0.635648 0.492969
0 0.600000 0.486198 0.597685 0.487500 0.596296 0.490104 0.597222 0.494010 0.598611 0.495573 0.606944 0.501563 0.614815 0.502083 0.618981 0.500000 0.624074 0.495573 0.625000 0.494010 0.623611 0.490365 0.619444 0.488021 0.614815 0.486719 0.608796 0.485938
0 0.592593 0.483594 0.586111 0.483333 0.578241 0.485677 0.572685 0.486198 0.573611 0.490625 0.578241 0.494531 0.583333 0.496354 0.586111 0.496875 0.590741 0.496354 0.594907 0.494010 0.598148 0.486198
0 0.570370 0.490104 0.567130 0.488802 0.559722 0.487240 0.551389 0.486979 0.540278 0.488281 0.536574 0.489844 0.535185 0.498437 0.537963 0.500521 0.542593 0.501302 0.559259 0.501302 0.567593 0.497917 0.571759 0.495312 0.572222 0.493229
0 0.553241 0.474479 0.551852 0.478385 0.553241 0.482552 0.554630 0.484375 0.559259 0.486458 0.568981 0.486979 0.578241 0.485156 0.584722 0.482552 0.584722 0.475781 0.583333 0.474479 0.574074 0.471875 0.559259 0.472396
0 0.544907 0.453385 0.540741 0.454688 0.536111 0.457813 0.536111 0.465365 0.539815 0.470573 0.545370 0.473177 0.552315 0.473698 0.558796 0.471615 0.565278 0.467187 0.565278 0.462500 0.562500 0.458854 0.557407 0.455729 0.552315 0.453906
0 0.570833 0.456250 0.566667 0.458594 0.567130 0.463542 0.570833 0.467969 0.578704 0.472656 0.581481 0.473438 0.587963 0.473958 0.593981 0.472917 0.599074 0.470573 0.602778 0.467187 0.602778 0.462500 0.600463 0.459896 0.597222 0.458073 0.587963 0.455990 0.580093 0.454948 0.573611 0.455469
0 0.608333 0.467708 0.606019 0.467708 0.602315 0.468750 0.596296 0.472656 0.594444 0.474740 0.593056 0.477865 0.593981 0.482812 0.596296 0.484635 0.600000 0.485677 0.607870 0.485938 0.611111 0.485417 0.615741 0.483594 0.617593 0.481510 0.618519 0.477604 0.616667 0.472917 0.614815 0.470573
0 0.623148 0.476562 0.621296 0.477604 0.617130 0.482552 0.620833 0.485417 0.623611 0.489323 0.628241 0.491406 0.636574 0.491667 0.638889 0.491146 0.640741 0.489844 0.643981 0.482552 0.640278 0.478646 0.638426 0.477604 0.629167 0.476042
0 0.650278 0.474844 0.648148 0.477865 0.650000 0.482552 0.655093 0.485651 0.661806 0.487813 0.665556 0.486432 0.670370 0.484115 0.674537 0.478646 0.674213 0.476016 0.670417 0.474010 0.661991 0.474141
0 0.683333 0.474219 0.676852 0.476302 0.672685 0.481250 0.672222 0.483594 0.674537 0.486458 0.683333 0.489063 0.686111 0.489063 0.692130 0.488021 0.694444 0.486458 0.694444 0.479427 0.693056 0.475521 0.691204 0.474479
0 0.693981 0.474479 0.694907 0.484635 0.697222 0.487500 0.705556 0.488021 0.714352 0.486979 0.723148 0.485156 0.728704 0.482292 0.730093 0.478385 0.726852 0.475781 0.722222 0.473958 0.712963 0.472135 0.703241 0.471875 0.699537 0.472396
0 0.734722 0.467969 0.730093 0.470833 0.727778 0.475000 0.736574 0.479948 0.738889 0.480729 0.746296 0.481510 0.753704 0.481250 0.760185 0.478646 0.762037 0.475521 0.762037 0.473698 0.760185 0.470573 0.756019 0.468490 0.747222 0.466406 0.738889 0.466667
0 0.767593 0.457031 0.760185 0.457813 0.755093 0.462500 0.755556 0.466927 0.760185 0.470052 0.766204 0.472135 0.770370 0.471354 0.777315 0.467448 0.776852 0.462500 0.773148 0.458594
0 0.781481 0.446615 0.774074 0.451042 0.774074 0.455990 0.775000 0.459115 0.781019 0.463542 0.786111 0.464323 0.795370 0.464062 0.800926 0.463021 0.804630 0.459635 0.806019 0.455208 0.804630 0.452865 0.799074 0.449479 0.793056 0.446875 0.788426 0.446094
0 0.718056 0.458073 0.711574 0.460677 0.709722 0.466406 0.710185 0.469010 0.712500 0.470833 0.718519 0.472396 0.726389 0.472396 0.730093 0.469792 0.731481 0.467448 0.730556 0.462760 0.725463 0.459115
0 0.709722 0.458854 0.703704 0.455990 0.693981 0.454688 0.690278 0.454688 0.682870 0.457031 0.679167 0.459115 0.676852 0.462760 0.676389 0.468490 0.677315 0.471354 0.682407 0.472917 0.692593 0.473177 0.706481 0.470573 0.708796 0.468750 0.710648 0.463021
0 0.648148 0.464583 0.642593 0.462240 0.634722 0.462500 0.628704 0.464583 0.625926 0.466406 0.623148 0.470052 0.624537 0.475000 0.626389 0.475781 0.635185 0.477083 0.643056 0.477344 0.647222 0.476302 0.650463 0.474740 0.652778 0.470833
0 0.605556 0.455208 0.602315 0.458073 0.602315 0.459896 0.605093 0.463281 0.614352 0.469792 0.621759 0.469531 0.625463 0.465885 0.626852 0.462500 0.626852 0.458594 0.625000 0.454948 0.622222 0.453646 0.613426 0.453646
0 0.607870 0.435937 0.601389 0.438802 0.599537 0.442969 0.604167 0.447917 0.612963 0.452604 0.621759 0.452865 0.625000 0.452083 0.632870 0.446615 0.633333 0.442708 0.630093 0.438802 0.625463 0.436719 0.620370 0.435677 0.612963 0.435156
0 0.557407 0.434896 0.552315 0.436198 0.548611 0.438802 0.549537 0.447135 0.554167 0.453646 0.559259 0.456250 0.566204 0.457292 0.575000 0.452083 0.577315 0.442448 0.575000 0.438021 0.572685 0.436198 0.565741 0.434896
0 0.543056 0.438802 0.537963 0.438542 0.529630 0.439583 0.525463 0.440885 0.522222 0.443229 0.521296 0.447396 0.531019 0.454948 0.538426 0.455729 0.542593 0.453646 0.548148 0.447656 0.548148 0.441146 0.546296 0.439583
0 0.517130 0.433333 0.503704 0.431510 0.496296 0.432292 0.494907 0.433073 0.493056 0.436198 0.493056 0.441406 0.493981 0.444531 0.496759 0.447135 0.500926 0.448437 0.504167 0.448698 0.513889 0.445833 0.526852 0.439583 0.523611 0.438021 0.521759 0.435677
0 0.888426 0.443490 0.886111 0.442969 0.875926 0.442969 0.871759 0.443490 0.868056 0.445052 0.866667 0.447656 0.869444 0.454427 0.871296 0.456510 0.878704 0.454688 0.889815 0.453646 0.892593 0.452604 0.893056 0.446875 0.892130 0.445573
0 0.868519 0.435417 0.864352 0.433333 0.857870 0.431510 0.850000 0.431510 0.846296 0.432812 0.843519 0.433073 0.837963 0.435417 0.831019 0.442969 0.831481 0.448437 0.832870 0.449479 0.836111 0.450260 0.844444 0.450781 0.851389 0.449740 0.860648 0.447396 0.867593 0.443490 0.869907 0.439844 0.868519 0.437760
0 0.844444 0.452604 0.834028 0.451406 0.829491 0.451198 0.827454 0.453880 0.827778 0.458073 0.829630 0.466667 0.836574 0.469531 0.843981 0.469531 0.851389 0.467187 0.855556 0.463281 0.855093 0.458594 0.850926 0.456250 0.849074 0.455990
0 0.815741 0.451562 0.811111 0.453125 0.806944 0.457031 0.804167 0.463281 0.806019 0.465365 0.811574 0.467448 0.814815 0.467969 0.823611 0.467969 0.827778 0.466927 0.826852 0.458594 0.821759 0.453125
0 0.823148 0.430990 0.811111 0.431510 0.808333 0.432292 0.803704 0.435417 0.803241 0.440625 0.804630 0.444271 0.808796 0.448177 0.814815 0.450260 0.820370 0.450000 0.825000 0.448958 0.826852 0.447917 0.829630 0.443750 0.831944 0.435417 0.826389 0.431510
0 0.863426 0.407813 0.857870 0.409375 0.852315 0.411979 0.850463 0.415885 0.850463 0.425000 0.864352 0.426042 0.872222 0.426042 0.878704 0.423698 0.881481 0.420052 0.881481 0.415365 0.880093 0.411979 0.878241 0.410156 0.875000 0.408854
0 0.863889 0.392969 0.858333 0.396094 0.856019 0.399740 0.856019 0.401042 0.859722 0.405208 0.865278 0.407292 0.874537 0.408594 0.878241 0.409896 0.885648 0.408594 0.891667 0.401302 0.890278 0.396875 0.885648 0.394271 0.878704 0.392188 0.868981 0.391927
0 0.856944 0.382292 0.852315 0.381510 0.844444 0.382031 0.841667 0.382812 0.838426 0.385156 0.835648 0.390885 0.834722 0.396615 0.839352 0.400521 0.843056 0.402083 0.852315 0.400260 0.856019 0.398177 0.862963 0.392448 0.864352 0.389323 0.862963 0.384635
0 0.818981 0.399479 0.813889 0.404167 0.817130 0.408854 0.819907 0.410417 0.824537 0.411458 0.830556 0.413802 0.837500 0.414323 0.839815 0.413542 0.841667 0.412240 0.841204 0.405208 0.839815 0.400781 0.837037 0.398177 0.834259 0.397396 0.829167 0.397135
0 0.800000 0.413802 0.798148 0.415625 0.796296 0.419792 0.796759 0.423958 0.807870 0.430208 0.815741 0.430729 0.826389 0.430469 0.829630 0.429688 0.836574 0.425781 0.837500 0.422917 0.835185 0.417708 0.831481 0.415104 0.825926 0.412760 0.816204 0.410938 0.808796 0.410938 0.803704 0.411979
0 0.776852 0.423698 0.774074 0.424740 0.771759 0.427604 0.771296 0.431771 0.773148 0.434635 0.781481 0.439063 0.786111 0.439844 0.790741 0.439583 0.797685 0.437500 0.802778 0.431771 0.801852 0.427604 0.795370 0.424479 0.789815 0.423177
0 0.775463 0.436458 0.768519 0.435677 0.762037 0.435937 0.756481 0.436979 0.754167 0.438802 0.752315 0.442969 0.751852 0.447396 0.760185 0.454948 0.763426 0.455469 0.768056 0.455469 0.769444 0.454948 0.774074 0.450521 0.779630 0.447135 0.781481 0.443490 0.781481 0.439323 0.778704 0.437500
0 0.753241 0.449740 0.744444 0.448698 0.732407 0.449219 0.729630 0.450000 0.726389 0.454688 0.726389 0.459375 0.732407 0.464844 0.736574 0.465625 0.742593 0.465625 0.748148 0.464844 0.752315 0.462760 0.756481 0.459375 0.758333 0.456250 0.757407 0.452865
0 0.725926 0.447396 0.719444 0.444531 0.708333 0.446094 0.703704 0.447656 0.697685 0.451042 0.695185 0.454089 0.703241 0.455729 0.711574 0.458073 0.721759 0.457552 0.724537 0.456250 0.726852 0.451562
0 0.739815 0.431510 0.730556 0.433594 0.722222 0.438281 0.720833 0.440104 0.719907 0.443490 0.723611 0.445833 0.730093 0.448437 0.743519 0.448437 0.747685 0.447396 0.750926 0.444531 0.751852 0.441146 0.750926 0.437240
0 0.761574 0.416927 0.752778 0.417187 0.744907 0.419792 0.744907 0.430469 0.748148 0.434115 0.753241 0.436719 0.761574 0.435937 0.767593 0.433594 0.772685 0.424479 0.772685 0.422917 0.770370 0.419531 0.767593 0.418229
0 0.714815 0.412760 0.712037 0.414323 0.708796 0.419531 0.711574 0.423958 0.721759 0.429427 0.731019 0.431250 0.739815 0.430729 0.742130 0.428646 0.741667 0.421354 0.733796 0.413802 0.731944 0.412760 0.726389 0.411458 0.719444 0.411719
0 0.695833 0.424740 0.692130 0.426042 0.687963 0.431250 0.688889 0.434375 0.693519 0.439844 0.700463 0.444531 0.704630 0.445573 0.711574 0.445052 0.716204 0.443229 0.719907 0.439063 0.720370 0.434375 0.718519 0.427604 0.712500 0.424479 0.701389 0.424219
0 0.671296 0.435156 0.665278 0.439323 0.666667 0.446354 0.683796 0.452604 0.690278 0.453646 0.693981 0.453125 0.695370 0.452344 0.697685 0.448177 0.697222 0.443750 0.691667 0.439323 0.688426 0.434896 0.685185 0.433854 0.676852 0.433594
0 0.662963 0.448437 0.659722 0.450000 0.657870 0.452083 0.656944 0.454427 0.657870 0.457292 0.660185 0.458333 0.669630 0.459870 0.676389 0.459635 0.681481 0.455208 0.680556 0.451042 0.670370 0.447917
0 0.649537 0.459115 0.644907 0.463021 0.648611 0.465625 0.653704 0.472656 0.655556 0.473438 0.664352 0.473438 0.668519 0.472656 0.675463 0.467187 0.675463 0.463021 0.674537 0.461719 0.671759 0.460417 0.656944 0.457813
0 0.650463 0.447396 0.643056 0.445573 0.636111 0.446354 0.628241 0.450521 0.626852 0.455208 0.630556 0.461719 0.633796 0.462500 0.642593 0.461979 0.653241 0.458073 0.655556 0.455208 0.656019 0.451042
0 0.642130 0.431771 0.635648 0.435156 0.633333 0.437500 0.632870 0.440104 0.635648 0.444271 0.637500 0.445052 0.642130 0.445312 0.650463 0.447135 0.656019 0.449219 0.663426 0.447396 0.664815 0.445833 0.665278 0.442708 0.660185 0.435417 0.656481 0.433073 0.650000 0.431510
0 0.685185 0.417448 0.677778 0.415365 0.669444 0.415885 0.662500 0.419531 0.655093 0.424740 0.652778 0.427604 0.655093 0.431250 0.662500 0.433854 0.668981 0.434635 0.683796 0.432292 0.688889 0.428125 0.691204 0.423958 0.688889 0.419792
0 0.678704 0.411979 0.688426 0.407813 0.697222 0.406250 0.705556 0.406250 0.709722 0.408333 0.712500 0.412240 0.710185 0.416927 0.707870 0.418490 0.704167 0.419271 0.690741 0.419271 0.684722 0.416667 0.678750 0.414271
0 0.712963 0.397917 0.709722 0.400260 0.707407 0.403646 0.707870 0.405729 0.711574 0.409896 0.719444 0.411458 0.731019 0.409635 0.735648 0.404948 0.734259 0.400260 0.725926 0.396875 0.717593 0.396615
0 0.739352 0.405469 0.736111 0.406250 0.733333 0.408594 0.733333 0.412760 0.739352 0.418750 0.746759 0.419531 0.750926 0.417708 0.756944 0.416146 0.765370 0.410807 0.762037 0.408073 0.756481 0.407292 0.747685 0.404948
0 0.781389 0.407005 0.779167 0.408073 0.774074 0.410677 0.768981 0.415885 0.771296 0.420052 0.774537 0.422656 0.778241 0.423177 0.789352 0.422917 0.792593 0.422135 0.794444 0.420312 0.795370 0.417448 0.794444 0.413021 0.787963 0.408594 0.784722 0.408073
0 0.792593 0.394531 0.782870 0.396354 0.780556 0.397917 0.779630 0.401042 0.784722 0.407292 0.795370 0.413021 0.802315 0.412240 0.804630 0.411198 0.806944 0.407292 0.807407 0.402344 0.805556 0.398177 0.801389 0.395313 0.797222 0.394531
0 0.814815 0.379688 0.812500 0.380208 0.810185 0.382031 0.809259 0.386198 0.807407 0.388281 0.807407 0.392969 0.810648 0.396615 0.812963 0.397917 0.815741 0.398698 0.823148 0.398698 0.830093 0.396615 0.833333 0.394531 0.834259 0.392969 0.834259 0.388281 0.825926 0.381771
0 0.787963 0.377083 0.785185 0.378385 0.783333 0.380469 0.783333 0.384896 0.786111 0.392708 0.787963 0.394271 0.797685 0.394010 0.803241 0.391667 0.806481 0.389323 0.808796 0.385417 0.808796 0.380208 0.806944 0.378385 0.803241 0.377344 0.798148 0.376823
0 0.812500 0.370833 0.810648 0.375781 0.811574 0.377865 0.822685 0.380990 0.831019 0.380729 0.837500 0.379167 0.840278 0.377344 0.839352 0.373437 0.833333 0.366667 0.830093 0.365104 0.821759 0.365104
0 0.858333 0.356250 0.851852 0.356510 0.846759 0.357552 0.837500 0.365625 0.836111 0.369531 0.841667 0.375260 0.845833 0.377083 0.857870 0.377083 0.865278 0.372917 0.865741 0.359635 0.864352 0.358073
0 0.785185 0.364844 0.785185 0.369271 0.787500 0.371094 0.789352 0.374740 0.791667 0.376042 0.801852 0.377344 0.806019 0.377083 0.808333 0.376302 0.810648 0.370312 0.810648 0.366667 0.809722 0.364323 0.807407 0.362760 0.801852 0.361719 0.793981 0.362500
0 0.781481 0.367188 0.774074 0.367969 0.766667 0.371875 0.766204 0.373698 0.769907 0.377083 0.775000 0.378125 0.781481 0.378385 0.785648 0.376302 0.787037 0.372396
0 0.762037 0.378385 0.755556 0.381510 0.754167 0.385417 0.756481 0.389583 0.769444 0.395313 0.781481 0.395833 0.784259 0.393229 0.783333 0.386979 0.778704 0.380208 0.776389 0.378906 0.770370 0.377604 0.767130 0.377344
0 0.760185 0.391667 0.753704 0.392708 0.748148 0.395052 0.744444 0.398177 0.743519 0.401562 0.746296 0.404427 0.755093 0.407292 0.761574 0.408073 0.768056 0.406510 0.770370 0.404427 0.770833 0.400260 0.769444 0.397135 0.765741 0.393750
0 0.732407 0.379427 0.720833 0.384635 0.719444 0.388802 0.724074 0.394792 0.726389 0.396094 0.732407 0.398177 0.741667 0.397917 0.747222 0.395573 0.751389 0.392188 0.752315 0.389844 0.751389 0.383333 0.747222 0.381250 0.740278 0.379948
0 0.705556 0.389583 0.697685 0.388021 0.691667 0.388802 0.687500 0.390885 0.682407 0.396094 0.681481 0.400521 0.687037 0.406510 0.692130 0.407031 0.700463 0.405208 0.706481 0.402083 0.709722 0.399479 0.711574 0.396875 0.711111 0.394792 0.708796 0.391146
0 0.696759 0.374219 0.691667 0.376823 0.688426 0.379948 0.688426 0.381510 0.692593 0.387240 0.709259 0.389844 0.712500 0.389844 0.715741 0.389062 0.717593 0.386198 0.716667 0.380729 0.711111 0.375000 0.705093 0.373177
0 0.669907 0.378125 0.664815 0.380208 0.661574 0.382812 0.660648 0.385677 0.661574 0.392708 0.662500 0.394271 0.667130 0.396615 0.677315 0.397917 0.682870 0.395052 0.685648 0.391406 0.689815 0.388802 0.688889 0.383073 0.687963 0.381771 0.681944 0.379167
0 0.650463 0.400000 0.649537 0.404948 0.651852 0.407552 0.656019 0.410417 0.663426 0.413281 0.667593 0.413802 0.674074 0.413542 0.676852 0.412760 0.683333 0.408594 0.684259 0.403906 0.681019 0.400781 0.677315 0.399219 0.662500 0.396615 0.656944 0.397396
0 0.638426 0.410156 0.632870 0.412240 0.630093 0.414583 0.629167 0.418229 0.630093 0.421875 0.637500 0.426302 0.642130 0.427083 0.649537 0.426563 0.654630 0.424219 0.660648 0.420052 0.661111 0.415625 0.659259 0.413802 0.653704 0.410677 0.643981 0.409635
0 0.612500 0.424219 0.608009 0.426016 0.610185 0.430469 0.611111 0.432812 0.613889 0.434375 0.621759 0.435937 0.630972 0.438073 0.638426 0.431771 0.638426 0.427083 0.631481 0.422917 0.628704 0.422135 0.620370 0.422135
0 0.593981 0.421875 0.587037 0.422656 0.582407 0.423958 0.577778 0.427604 0.575463 0.431510 0.574537 0.435937 0.579630 0.443229 0.587500 0.443750 0.595833 0.441927 0.605093 0.435677 0.606944 0.433594 0.607407 0.428906 0.606019 0.426302 0.602778 0.424479
0 0.581944 0.444531 0.579630 0.446094 0.577778 0.452083 0.578704 0.453646 0.582407 0.455208 0.593056 0.457292 0.600926 0.457031 0.603704 0.452344 0.603241 0.447135 0.600463 0.444271 0.597870 0.442682 0.593657 0.443620
0 0.600463 0.407031 0.596759 0.408594 0.594444 0.411719 0.593981 0.417969 0.594907 0.420312 0.600463 0.423698 0.608333 0.424740 0.617593 0.421875 0.620833 0.420052 0.623148 0.416406 0.622685 0.411719 0.618056 0.408854 0.608333 0.406250
0 0.549537 0.423698 0.550000 0.428125 0.555556 0.433333 0.563426 0.434375 0.569444 0.434375 0.573148 0.433594 0.575926 0.428385 0.576389 0.423698 0.573148 0.421615 0.565278 0.420573 0.551852 0.423698
0 0.526389 0.422396 0.522222 0.425521 0.520370 0.428125 0.519444 0.432552 0.521296 0.435677 0.525000 0.438021 0.529167 0.438802 0.538426 0.438542 0.543981 0.437500 0.547685 0.435156 0.550463 0.432031 0.547222 0.426042 0.542593 0.423438 0.537963 0.421875 0.530556 0.421615
0 0.544907 0.407292 0.543056 0.408333 0.541204 0.411198 0.539352 0.420573 0.540741 0.422135 0.544444 0.423698 0.552778 0.423177 0.562037 0.420052 0.562037 0.415885 0.554167 0.409375
0 0.557870 0.408073 0.557870 0.412240 0.563426 0.417187 0.568981 0.420052 0.579167 0.422917 0.587500 0.422135 0.590741 0.420573 0.593056 0.416667 0.593056 0.411979 0.589352 0.408073 0.579630 0.405990 0.572685 0.405208 0.565741 0.405208
0 0.603241 0.394531 0.593981 0.392969 0.590278 0.394010 0.581481 0.398177 0.578704 0.401302 0.577778 0.404427 0.586111 0.407292 0.595833 0.407292 0.605556 0.405208 0.607407 0.404167 0.608333 0.399740
0 0.620833 0.394531 0.610185 0.398698 0.609259 0.400000 0.609722 0.404687 0.612963 0.407031 0.626389 0.411979 0.629630 0.412240 0.636574 0.410417 0.640741 0.408594 0.640741 0.401823 0.639815 0.400521 0.628704 0.395052
0 0.523611 0.401823 0.518519 0.403385 0.516667 0.404687 0.514352 0.407813 0.515278 0.411458 0.519907 0.416406 0.525926 0.420573 0.529630 0.421615 0.534259 0.421615 0.538426 0.420052 0.542593 0.408073 0.538426 0.404167 0.531481 0.401823
0 0.428704 0.439063 0.431481 0.443229 0.436111 0.446094 0.440741 0.447656 0.455093 0.447656 0.462500 0.445833 0.468056 0.442969 0.468519 0.439323 0.467130 0.438281 0.461111 0.435937 0.457870 0.433854 0.448611 0.430990 0.440278 0.430990 0.433796 0.432812
0 0.468519 0.422135 0.465278 0.427083 0.466204 0.436198 0.469907 0.441406 0.472685 0.442448 0.476852 0.442708 0.482407 0.442188 0.488426 0.440625 0.490741 0.439323 0.491204 0.434896 0.485185 0.428646 0.477778 0.423698
0 0.509722 0.410156 0.500926 0.413021 0.498148 0.414844 0.494444 0.419531 0.493981 0.423958 0.497222 0.428646 0.500000 0.430729 0.512963 0.432031 0.517593 0.431510 0.522222 0.423958 0.522222 0.419792 0.515741 0.412240 0.512963 0.410677
0 0.537963 0.391406 0.534259 0.394010 0.532407 0.397135 0.534259 0.401302 0.541667 0.406250 0.545833 0.407552 0.552778 0.408333 0.559259 0.407552 0.567130 0.404167 0.568056 0.400260 0.563426 0.396094 0.560185 0.394271 0.554167 0.391927 0.546759 0.390625
0 0.572222 0.385156 0.568519 0.385937 0.565741 0.387500 0.564815 0.389844 0.562037 0.392708 0.563889 0.395833 0.568981 0.400781 0.570833 0.401823 0.574074 0.402083 0.580556 0.399479 0.585648 0.395833 0.588426 0.392448 0.586574 0.388542 0.583796 0.386719 0.579630 0.385677
0 0.591667 0.379688 0.587500 0.384375 0.587500 0.388802 0.590741 0.391667 0.606944 0.394271 0.614815 0.394271 0.620370 0.392188 0.621296 0.388542 0.618056 0.384635 0.613889 0.382031 0.610185 0.380990 0.607407 0.378906 0.595833 0.378385 0.593519 0.378646
0 0.641204 0.378385 0.635648 0.379167 0.626389 0.383333 0.624537 0.385677 0.624074 0.389583 0.626389 0.393490 0.631481 0.396615 0.637963 0.399740 0.641667 0.400781 0.644444 0.400781 0.649537 0.400000 0.657870 0.396094 0.659259 0.392969 0.658796 0.388021 0.656019 0.383854 0.651852 0.380729
0 0.558333 0.375000 0.551389 0.376042 0.544444 0.379167 0.540741 0.381510 0.539352 0.385156 0.540741 0.388281 0.542593 0.389844 0.559722 0.392448 0.563426 0.390625 0.565278 0.388802 0.567130 0.385156 0.567130 0.380208 0.564352 0.376823 0.562500 0.375781
0 0.501852 0.380208 0.499074 0.381771 0.497222 0.384375 0.497685 0.388542 0.501389 0.391927 0.508796 0.393229 0.517130 0.396094 0.522685 0.396875 0.525926 0.396875 0.531481 0.395573 0.535648 0.392188 0.537963 0.388802 0.537037 0.384115 0.533796 0.380729 0.524537 0.378385 0.506019 0.379427
0 0.503704 0.392708 0.498148 0.393750 0.495833 0.395052 0.494444 0.396615 0.493981 0.400781 0.492593 0.403385 0.492593 0.405729 0.494444 0.408854 0.496296 0.410417 0.501852 0.411198 0.505556 0.410677 0.512963 0.407552 0.515741 0.405469 0.519444 0.400781 0.518056 0.396875 0.515741 0.395573 0.508796 0.393490
0 0.489815 0.407552 0.474074 0.410417 0.468519 0.413281 0.466204 0.415885 0.466667 0.417969 0.468981 0.420833 0.473148 0.422917 0.475463 0.423438 0.483333 0.423177 0.491667 0.419792 0.495370 0.415885 0.496296 0.411458 0.494444 0.409635
0 0.446759 0.418229 0.443056 0.420573 0.441204 0.423177 0.441667 0.426302 0.443519 0.429427 0.445370 0.430469 0.454167 0.432552 0.462037 0.432292 0.464815 0.425260 0.463889 0.420052 0.461574 0.418750 0.458796 0.418229
0 0.403241 0.428385 0.400926 0.431771 0.410648 0.438802 0.417593 0.440104 0.423148 0.440104 0.427315 0.439063 0.432870 0.432552 0.431944 0.429688 0.429630 0.428125 0.425463 0.427083 0.406481 0.427083
0 0.373148 0.434896 0.372222 0.440625 0.373611 0.443490 0.377315 0.445312 0.385185 0.446875 0.392593 0.447135 0.400463 0.445833 0.406481 0.443490 0.410648 0.439844 0.410648 0.439063 0.404167 0.434375 0.399074 0.432292 0.393519 0.431510 0.384259 0.431250 0.376389 0.432812
0 0.356481 0.445052 0.354630 0.446875 0.354630 0.450000 0.357917 0.453802 0.363889 0.457031 0.368056 0.458333 0.371759 0.458854 0.375000 0.457813 0.382407 0.451302 0.382870 0.447135 0.371759 0.444271 0.362963 0.444010
0 0.321759 0.449479 0.321296 0.451562 0.323611 0.454688 0.329630 0.457292 0.336574 0.458854 0.349074 0.458333 0.361111 0.455208 0.358333 0.453906 0.354583 0.449661 0.353333 0.446406 0.340278 0.442188 0.329630 0.441927 0.324537 0.445573
0 0.350000 0.426042 0.346296 0.427344 0.343056 0.429427 0.340741 0.435417 0.348611 0.442969 0.356481 0.444531 0.366667 0.443490 0.369907 0.441667 0.371296 0.439323 0.371759 0.434896 0.370370 0.431510 0.357870 0.427344
0 0.338426 0.427344 0.335185 0.425260 0.330093 0.424219 0.318519 0.425000 0.305556 0.427344 0.302778 0.430208 0.303241 0.435417 0.305556 0.436979 0.310648 0.438021 0.321296 0.438802 0.330093 0.438281 0.336111 0.435677 0.339352 0.432031
0 0.303704 0.438802 0.300463 0.440365 0.298148 0.442969 0.297222 0.447656 0.303704 0.452604 0.307870 0.454167 0.319444 0.453385 0.321296 0.451823 0.323611 0.446094 0.326852 0.443490 0.325000 0.439844 0.322685 0.439063 0.312037 0.438021 0.307407 0.438021
0 0.280093 0.444792 0.277778 0.446615 0.276389 0.450260 0.276852 0.453906 0.279167 0.458333 0.282870 0.460417 0.287500 0.461719 0.298611 0.459896 0.305556 0.455208 0.301389 0.450781 0.292130 0.445833 0.287500 0.444792
0 0.274074 0.457813 0.269444 0.459375 0.268056 0.467187 0.271296 0.471875 0.273611 0.473698 0.281944 0.473698 0.286574 0.472396 0.289352 0.470833 0.289352 0.464583 0.287500 0.462500 0.278704 0.458854
0 0.275926 0.444792 0.267130 0.440365 0.256481 0.440885 0.252778 0.441927 0.249074 0.444531 0.243519 0.450781 0.243981 0.452865 0.246296 0.454688 0.261574 0.454948 0.272222 0.453385 0.275926 0.451302 0.277315 0.447396
0 0.297222 0.429948 0.288889 0.428125 0.281481 0.427604 0.274537 0.428125 0.271759 0.428906 0.267593 0.431510 0.266204 0.434896 0.268056 0.439844 0.272685 0.442448 0.276852 0.443490 0.281944 0.444010 0.288426 0.442708 0.298148 0.438281 0.300463 0.435677 0.299537 0.431250
0 0.301852 0.407813 0.298148 0.408854 0.292593 0.411719 0.291204 0.416146 0.294444 0.421094 0.300463 0.423958 0.303241 0.426302 0.309259 0.427083 0.315741 0.425521 0.318519 0.423958 0.320370 0.415885 0.318056 0.411979 0.314815 0.409896 0.309259 0.408073
0 0.270370 0.420052 0.260185 0.419271 0.250926 0.420312 0.243519 0.421875 0.239352 0.424479 0.237963 0.426563 0.238426 0.430208 0.240741 0.433333 0.246296 0.437240 0.254167 0.438021 0.258796 0.436979 0.264352 0.434635 0.272222 0.427344 0.272685 0.422656
0 0.297222 0.401302 0.293981 0.400260 0.282870 0.399479 0.275463 0.400260 0.271296 0.404427 0.269907 0.407292 0.270370 0.414323 0.272222 0.416406 0.275000 0.416927 0.285185 0.415104 0.289815 0.413281 0.298611 0.408073 0.300463 0.404167
0 0.329630 0.401562 0.319907 0.404427 0.317130 0.405990 0.315278 0.408333 0.318056 0.410677 0.328704 0.416927 0.333796 0.418750 0.338889 0.419010 0.342130 0.418229 0.344444 0.416667 0.346759 0.412760 0.345833 0.409375 0.343981 0.406510 0.338889 0.402865
0 0.350926 0.415365 0.349537 0.416667 0.348611 0.420312 0.351852 0.424479 0.357407 0.427344 0.363889 0.429427 0.371759 0.429427 0.373148 0.428906 0.378704 0.424479 0.379630 0.420833 0.378704 0.417187 0.375926 0.415885 0.365741 0.413802 0.356481 0.413802
0 0.391667 0.416146 0.380556 0.418750 0.379167 0.421615 0.379167 0.424740 0.380556 0.428125 0.381944 0.428906 0.386111 0.429948 0.393981 0.430469 0.398611 0.429427 0.400926 0.427865 0.401852 0.421875 0.400463 0.418750 0.398611 0.417708
0 0.436574 0.412500 0.431481 0.409635 0.427315 0.408333 0.418981 0.408854 0.414352 0.409896 0.408333 0.413542 0.403704 0.417969 0.403241 0.420833 0.405556 0.426302 0.409259 0.426823 0.423148 0.426823 0.429167 0.425781 0.438889 0.420052 0.440278 0.415885
0 0.407870 0.408073 0.404630 0.404167 0.399074 0.401042 0.391667 0.400260 0.385648 0.401302 0.375463 0.405208 0.371759 0.408333 0.369444 0.412240 0.373148 0.414844 0.384259 0.416667 0.399537 0.416146 0.403241 0.415365 0.405093 0.414323
0 0.401852 0.390365 0.399074 0.392448 0.397222 0.397135 0.399537 0.400781 0.407407 0.406771 0.412963 0.408854 0.420833 0.408594 0.427778 0.406510 0.432407 0.403385 0.434259 0.400521 0.431944 0.396094 0.427315 0.393490 0.419907 0.390625 0.410185 0.389583 0.406019 0.389583
0 0.433796 0.384635 0.427639 0.386510 0.422130 0.388307 0.426852 0.392708 0.430556 0.396354 0.435185 0.398698 0.443519 0.400521 0.453704 0.400781 0.457407 0.399740 0.462037 0.395833 0.463889 0.392708 0.462037 0.387760 0.457407 0.385937 0.449074 0.384375
0 0.431481 0.404167 0.429630 0.408333 0.437500 0.413021 0.447685 0.417448 0.462037 0.417448 0.467130 0.413021 0.467593 0.408073 0.462037 0.403646 0.458333 0.402344 0.451389 0.401562 0.440278 0.401302
0 0.487037 0.394010 0.476852 0.392969 0.468519 0.393750 0.463426 0.396354 0.461574 0.400260 0.463889 0.404427 0.470370 0.409115 0.476389 0.409896 0.486574 0.407031 0.490278 0.404948 0.493519 0.400521 0.492593 0.396354
0 0.460648 0.379948 0.459722 0.381250 0.459722 0.385156 0.465278 0.389844 0.469444 0.391667 0.475000 0.392708 0.483796 0.392708 0.488426 0.391406 0.493056 0.387760 0.494444 0.384896 0.493519 0.380990 0.491667 0.379427 0.487963 0.378385 0.478704 0.377083 0.472685 0.377083 0.464352 0.378646
0 0.422222 0.380729 0.419444 0.376563 0.416667 0.374740 0.414352 0.373958 0.409722 0.373958 0.399074 0.375000 0.384722 0.380990 0.387963 0.384635 0.391667 0.385156 0.399074 0.388281 0.405093 0.389323 0.413889 0.389323 0.417593 0.388281 0.421296 0.384896
0 0.384722 0.383073 0.378241 0.382812 0.372685 0.384635 0.370833 0.386458 0.368519 0.391667 0.368519 0.400781 0.371296 0.405208 0.381019 0.403125 0.394444 0.396354 0.398611 0.392708 0.397685 0.388542
0 0.346296 0.395052 0.343519 0.396615 0.341204 0.400260 0.342593 0.404427 0.346296 0.408854 0.350463 0.411198 0.357407 0.412760 0.364352 0.412240 0.367593 0.409115 0.369444 0.404687 0.366667 0.395313 0.364815 0.394010 0.360185 0.393229 0.355556 0.393229
0 0.343102 0.379661 0.336111 0.384635 0.335185 0.388802 0.337037 0.391927 0.340278 0.393750 0.343519 0.394531 0.362037 0.392448 0.363889 0.389583 0.362037 0.384635 0.351389 0.380990
0 0.317130 0.382812 0.312963 0.384375 0.310648 0.388802 0.315278 0.392969 0.320833 0.396094 0.322685 0.398438 0.330093 0.399740 0.332407 0.398177 0.335648 0.392969 0.333333 0.384375 0.328704 0.382292 0.322222 0.382031
0 0.253241 0.383333 0.247685 0.388281 0.249537 0.395313 0.252778 0.398177 0.261111 0.398698 0.272222 0.397917 0.274537 0.397396 0.282407 0.393229 0.282870 0.391667 0.281019 0.387240 0.274537 0.383333 0.263889 0.381771 0.258796 0.381771
0 0.170370 0.421094 0.167593 0.423438 0.166667 0.428385 0.169907 0.432552 0.175926 0.435677 0.181481 0.436198 0.188889 0.435677 0.191204 0.435156 0.197685 0.431771 0.200000 0.428646 0.200000 0.427083 0.198148 0.424479 0.192130 0.421615 0.184259 0.419792 0.175926 0.420052
0 0.232870 0.435677 0.222685 0.437240 0.219907 0.439323 0.218519 0.442708 0.223148 0.452083 0.225463 0.453385 0.231944 0.454688 0.241204 0.451302 0.245370 0.447396 0.247685 0.443490 0.246759 0.439063 0.240278 0.436979
0 0.232870 0.403906 0.227778 0.408073 0.228241 0.413281 0.231019 0.417448 0.234722 0.418750 0.246296 0.420312 0.256481 0.419531 0.262500 0.417708 0.266204 0.413021 0.266204 0.407552 0.262963 0.404427 0.253704 0.401042 0.245833 0.401042 0.237500 0.402344
0 0.295833 0.392188 0.294444 0.394792 0.294907 0.398958 0.296759 0.400521 0.305093 0.403125 0.308333 0.404948 0.316204 0.404948 0.324074 0.400521 0.321296 0.396615 0.310185 0.390625 0.301389 0.390365
0 0.204630 0.409115 0.201389 0.411979 0.201852 0.416146 0.204630 0.419010 0.206944 0.420052 0.211111 0.420573 0.219907 0.420052 0.225463 0.417969 0.227778 0.416406 0.225926 0.410156 0.219444 0.407031 0.211574 0.407031
0 0.194907 0.410417 0.193519 0.408333 0.188426 0.404167 0.184259 0.403125 0.176852 0.402865 0.170833 0.403906 0.163426 0.406510 0.160648 0.409896 0.157407 0.411979 0.158796 0.416146 0.162963 0.417187 0.172222 0.418229 0.180093 0.418229 0.187963 0.417187 0.192130 0.415885 0.195370 0.412760
0 0.145833 0.386979 0.139815 0.391146 0.138889 0.392969 0.139352 0.397396 0.143056 0.400521 0.149537 0.404167 0.156019 0.405990 0.164815 0.405469 0.167593 0.404427 0.171296 0.400781 0.177778 0.397396 0.177315 0.393229 0.175000 0.390104 0.170370 0.387760 0.156944 0.386198 0.149074 0.386198
0 0.084722 0.368750 0.086574 0.374219 0.088889 0.377083 0.093519 0.379688 0.101389 0.378906 0.109722 0.377083 0.112037 0.375781 0.114815 0.375260 0.118519 0.372917 0.119444 0.369010 0.111111 0.366406 0.108796 0.365104 0.093981 0.363542 0.090278 0.364323
0 0.189815 0.365104 0.177778 0.362240 0.168519 0.362240 0.160648 0.363281 0.155556 0.365104 0.153241 0.369010 0.156019 0.374479 0.162963 0.378385 0.170833 0.378385 0.175463 0.377344 0.184722 0.373958 0.192130 0.369531 0.192130 0.367969
0 0.208796 0.383073 0.200000 0.384635 0.198148 0.388021 0.197685 0.392708 0.199537 0.396615 0.202778 0.400260 0.212037 0.404167 0.218519 0.402865 0.225926 0.397135 0.226852 0.389583 0.222222 0.384375 0.214815 0.383073
0 0.225926 0.371875 0.224074 0.372917 0.220833 0.376823 0.221759 0.382292 0.225463 0.386719 0.229167 0.388802 0.231944 0.389323 0.242130 0.389062 0.246759 0.388281 0.250463 0.384896 0.251852 0.381510 0.251389 0.376823 0.246759 0.373177 0.239815 0.371094 0.231019 0.371094
0 0.232870 0.355729 0.231019 0.357292 0.230093 0.361198 0.231944 0.365365 0.239352 0.368490 0.246759 0.368750 0.251852 0.366146 0.255556 0.361458 0.252315 0.357292 0.247685 0.355208
0 0.267593 0.363281 0.260648 0.364323 0.256481 0.369531 0.255556 0.376823 0.257870 0.379427 0.259722 0.380208 0.269444 0.380469 0.274537 0.379948 0.280093 0.377083 0.279630 0.372656 0.273148 0.366406
0 0.305556 0.367708 0.301389 0.372396 0.300926 0.377344 0.303704 0.379948 0.308333 0.382292 0.317130 0.383073 0.322222 0.382031 0.328241 0.381771 0.331481 0.380469 0.336111 0.377083 0.335648 0.372656 0.333796 0.369792 0.331481 0.368490 0.323611 0.366406 0.317130 0.365625 0.311574 0.366146
0 0.344444 0.365104 0.339815 0.368490 0.339815 0.373958 0.341667 0.376302 0.350463 0.380990 0.356019 0.383073 0.363889 0.384635 0.369444 0.384115 0.371296 0.382292 0.372222 0.376823 0.371296 0.372396 0.367593 0.367188 0.358333 0.363542 0.351852 0.363542
0 0.377778 0.365365 0.373148 0.366927 0.370370 0.368750 0.373148 0.377083 0.377778 0.379688 0.385648 0.380208 0.388889 0.378385 0.393519 0.377083 0.393519 0.372656 0.385185 0.367448
0 0.412037 0.352344 0.406944 0.351302 0.395833 0.352344 0.385648 0.355469 0.382870 0.357292 0.381944 0.362240 0.383333 0.364844 0.387500 0.368229 0.391667 0.370312 0.398148 0.371354 0.400926 0.371094 0.410185 0.367969 0.416204 0.363542 0.417593 0.361719 0.417593 0.357031 0.415741 0.354427
0 0.416667 0.366667 0.415278 0.368229 0.414815 0.373177 0.425463 0.379948 0.432407 0.383073 0.435648 0.383594 0.443056 0.383594 0.448148 0.382292 0.452315 0.377344 0.452315 0.372656 0.448148 0.367708 0.429167 0.365625 0.419907 0.365625
0 0.426389 0.350521 0.422685 0.352865 0.420833 0.356510 0.421759 0.361458 0.425463 0.363802 0.432870 0.365885 0.445370 0.366146 0.448148 0.365885 0.456019 0.361458 0.457407 0.358854 0.456481 0.353385 0.454630 0.351562 0.449537 0.348958 0.439815 0.347917
0 0.469444 0.362760 0.459259 0.362760 0.453241 0.366146 0.452778 0.369531 0.454630 0.373437 0.458796 0.377083 0.461574 0.378385 0.469444 0.377083 0.472222 0.375521 0.477315 0.369271 0.475463 0.365104
0 0.526852 0.357812 0.524074 0.358594 0.519444 0.364844 0.525000 0.377083 0.530556 0.379688 0.538889 0.380469 0.544444 0.378906 0.550926 0.375260 0.552778 0.373437 0.552315 0.369010 0.540741 0.359635 0.531481 0.357552
0 0.546296 0.352865 0.544907 0.353646 0.543056 0.357292 0.544444 0.361458 0.548148 0.363542 0.549537 0.365365 0.556019 0.370052 0.558333 0.370833 0.566204 0.370573 0.575463 0.366667 0.576852 0.365104 0.577315 0.361198 0.572685 0.357812 0.558333 0.352083 0.551852 0.351562
0 0.574074 0.368229 0.570833 0.369010 0.565278 0.371615 0.564352 0.372656 0.565278 0.377083 0.568056 0.378906 0.569444 0.381771 0.572685 0.384375 0.580556 0.385156 0.581944 0.384896 0.583796 0.383073 0.587037 0.382031 0.588889 0.376823 0.585648 0.372656 0.580556 0.368229
0 0.586574 0.360677 0.581944 0.362760 0.581019 0.364323 0.581019 0.366927 0.582407 0.369271 0.587037 0.372135 0.590278 0.375521 0.593519 0.377083 0.598148 0.377865 0.605093 0.377344 0.607870 0.376042 0.612963 0.371354 0.613426 0.368229 0.612037 0.365104 0.607407 0.362500 0.599537 0.360156 0.593519 0.359375
0 0.635185 0.372396 0.632407 0.370312 0.628704 0.369010 0.618981 0.369792 0.610648 0.373698 0.606944 0.376823 0.609259 0.380990 0.614815 0.382812 0.623148 0.383333 0.627315 0.382292 0.637500 0.377083
0 0.636574 0.369010 0.636111 0.373437 0.638426 0.376302 0.640278 0.377344 0.649537 0.379427 0.655556 0.381771 0.663426 0.380729 0.669444 0.377083 0.669907 0.372396 0.668519 0.368750 0.665741 0.366667 0.656019 0.365365 0.647685 0.365365 0.642130 0.366667
0 0.670370 0.365365 0.669444 0.369792 0.671296 0.375000 0.673611 0.377344 0.682407 0.378385 0.687500 0.378125 0.700000 0.373177 0.700463 0.368750 0.695370 0.365625 0.684722 0.363021 0.676852 0.363021
0 0.687500 0.353125 0.682407 0.355729 0.681481 0.357031 0.682870 0.360938 0.685648 0.362500 0.691667 0.364063 0.697685 0.367188 0.705093 0.367708 0.712963 0.364844 0.715741 0.360677 0.716204 0.357031 0.713426 0.353125 0.711574 0.352083 0.697685 0.350781
0 0.676852 0.353646 0.670833 0.351302 0.663426 0.350260 0.652778 0.351823 0.647685 0.353385 0.645370 0.355208 0.644444 0.356771 0.644907 0.361979 0.648148 0.364323 0.654167 0.365365 0.664352 0.365885 0.670370 0.364844 0.678704 0.358594 0.679167 0.357031
0 0.616667 0.354687 0.612963 0.357292 0.610185 0.361198 0.612500 0.365104 0.615278 0.367188 0.622222 0.368490 0.630093 0.368750 0.635648 0.368490 0.640741 0.366146 0.642593 0.361458 0.642130 0.357552 0.637963 0.353646 0.635648 0.352865 0.628241 0.352344
0 0.591204 0.344531 0.585185 0.349219 0.583796 0.353385 0.584722 0.354427 0.589352 0.357031 0.594444 0.358594 0.599074 0.359375 0.608796 0.359115 0.611574 0.357812 0.613889 0.354167 0.611574 0.349479 0.604630 0.344531 0.601389 0.343229
0 0.559259 0.338802 0.556019 0.339844 0.553704 0.341667 0.556481 0.349479 0.557870 0.350781 0.565278 0.353906 0.572685 0.355729 0.579167 0.353906 0.582407 0.351823 0.586111 0.346094 0.584722 0.343229 0.581481 0.341406 0.571759 0.338802 0.568056 0.338281
0 0.524074 0.336719 0.517130 0.341406 0.515741 0.346615 0.517593 0.349479 0.523611 0.354167 0.526389 0.355469 0.531481 0.355990 0.539352 0.354427 0.545370 0.352083 0.548611 0.348438 0.549074 0.343490 0.547685 0.341667 0.537500 0.337760 0.531944 0.336458
0 0.493981 0.352604 0.493519 0.354687 0.494907 0.359375 0.496296 0.360417 0.502315 0.361979 0.517593 0.362760 0.522685 0.359375 0.523611 0.357812 0.522685 0.353906 0.517130 0.350260 0.511574 0.349219 0.502778 0.349740 0.496759 0.351042
0 0.503704 0.362500 0.501389 0.363542 0.500000 0.365885 0.499537 0.375000 0.500926 0.377604 0.504630 0.378906 0.512500 0.378906 0.520833 0.377344 0.521759 0.376823 0.522685 0.372917 0.520370 0.368229 0.516667 0.364063 0.514815 0.363021 0.511111 0.362240
0 0.460648 0.352604 0.460648 0.359375 0.462963 0.361458 0.468519 0.361979 0.475463 0.363802 0.482870 0.364063 0.493519 0.361458 0.493056 0.357031 0.490278 0.353125 0.475926 0.347396 0.468519 0.348177
0 0.491667 0.362240 0.486111 0.363021 0.481481 0.365365 0.475926 0.372656 0.476389 0.375260 0.478241 0.377083 0.490278 0.378646 0.495833 0.377604 0.498148 0.376302 0.499537 0.373698 0.499074 0.366667 0.496759 0.363021
0 0.375463 0.343229 0.370370 0.342969 0.361111 0.344792 0.355093 0.347396 0.353241 0.350000 0.351852 0.353646 0.353704 0.358594 0.355556 0.360938 0.364352 0.365625 0.371759 0.365625 0.375463 0.363542 0.380093 0.358594 0.382870 0.353906 0.382870 0.348958 0.379167 0.344531
0 0.323611 0.350260 0.318056 0.352604 0.315741 0.354948 0.314815 0.357552 0.316204 0.361198 0.318981 0.364063 0.322222 0.365885 0.329167 0.367708 0.337037 0.367969 0.344444 0.364844 0.348611 0.362240 0.350463 0.357031 0.344907 0.351823 0.341667 0.350000 0.337963 0.349219 0.332870 0.349219
0 0.294907 0.345313 0.285648 0.348438 0.279167 0.352083 0.277778 0.353385 0.278241 0.357812 0.287963 0.362240 0.296296 0.363802 0.303241 0.364063 0.312963 0.360938 0.314352 0.357552 0.313889 0.353385 0.310648 0.349479 0.306944 0.347135 0.302778 0.345833
0 0.259722 0.339844 0.252778 0.341667 0.248611 0.345313 0.249074 0.349740 0.255093 0.355990 0.260185 0.359635 0.267593 0.361458 0.273148 0.360156 0.275463 0.358854 0.279167 0.349479 0.276852 0.345313 0.273611 0.342708 0.267593 0.340625
0 0.245370 0.329427 0.239352 0.330729 0.236111 0.333333 0.235648 0.338542 0.237500 0.342187 0.239352 0.343750 0.246759 0.344271 0.256481 0.340365 0.257407 0.339062 0.256944 0.333594 0.253704 0.330990
0 0.239815 0.311198 0.231944 0.311979 0.227778 0.314583 0.225463 0.318229 0.225000 0.322656 0.227315 0.325260 0.228241 0.328125 0.231481 0.330208 0.243056 0.328385 0.252778 0.322656 0.253241 0.317969 0.250000 0.314323
0 0.254167 0.322135 0.256019 0.326302 0.265278 0.327344 0.275926 0.327344 0.279167 0.326823 0.285648 0.324740 0.288889 0.322396 0.287500 0.318229 0.285648 0.316406 0.278704 0.312760 0.274537 0.311458 0.266667 0.311458 0.264815 0.312240 0.261111 0.315625 0.257407 0.317448
0 0.280556 0.326823 0.279630 0.331510 0.281019 0.334896 0.283333 0.336979 0.288889 0.339323 0.295370 0.339844 0.299074 0.339062 0.306944 0.336458 0.311111 0.333854 0.311574 0.329688 0.308796 0.327604 0.305556 0.326562 0.295370 0.324740 0.287963 0.324740
0 0.305093 0.337760 0.303704 0.341406 0.304630 0.345833 0.315741 0.350260 0.323611 0.350521 0.334259 0.349219 0.338889 0.348177 0.342130 0.345833 0.342593 0.340885 0.340278 0.337760 0.333796 0.334635 0.325000 0.332031 0.321759 0.331771 0.312037 0.333333
0 0.374074 0.334896 0.367593 0.332552 0.357407 0.330990 0.350463 0.334375 0.345833 0.338281 0.344907 0.342187 0.347222 0.345833 0.349537 0.347135 0.352778 0.347135 0.357870 0.346094 0.364815 0.343490 0.373148 0.341667 0.375463 0.338542
0 0.313889 0.322135 0.315741 0.326302 0.319907 0.329948 0.330093 0.333333 0.337500 0.336719 0.344444 0.337500 0.350463 0.334635 0.355556 0.330208 0.353241 0.323437 0.350926 0.322135 0.343519 0.320052 0.337500 0.319271 0.323611 0.319792 0.315741 0.322135
0 0.363889 0.317708 0.359259 0.320312 0.356481 0.324219 0.356019 0.327083 0.357407 0.330208 0.361111 0.331250 0.374074 0.333073 0.380093 0.333073 0.383333 0.332292 0.386111 0.330469 0.385185 0.325781 0.379630 0.319792 0.375926 0.317708 0.371759 0.316406
0 0.412037 0.316146 0.402315 0.315104 0.391204 0.315104 0.387963 0.315885 0.383796 0.318229 0.383333 0.322917 0.387037 0.327604 0.391204 0.329167 0.399074 0.328646 0.406481 0.324479 0.412037 0.322396 0.414352 0.319010 0.414352 0.317708
0 0.411574 0.323437 0.405093 0.325000 0.397222 0.328646 0.394907 0.330469 0.396296 0.334115 0.406019 0.336979 0.413889 0.337500 0.418056 0.336458 0.420833 0.334635 0.420833 0.329427 0.418519 0.325260 0.414352 0.323437
0 0.378241 0.333854 0.376852 0.335938 0.377315 0.341927 0.389352 0.351302 0.392130 0.352083 0.400000 0.351823 0.406481 0.350000 0.408796 0.348698 0.411111 0.346354 0.410185 0.340625 0.406481 0.337760 0.399537 0.335156 0.391204 0.333073 0.384722 0.332813
0 0.419907 0.336979 0.415278 0.338021 0.412963 0.339583 0.412037 0.347135 0.412500 0.349740 0.416667 0.352083 0.420833 0.352865 0.431019 0.349479 0.436574 0.346094 0.435648 0.341667 0.431944 0.339583
0 0.425000 0.317708 0.421759 0.319010 0.419907 0.321875 0.422685 0.335677 0.425000 0.337240 0.433333 0.339062 0.439352 0.338542 0.444907 0.336979 0.450000 0.334115 0.450000 0.329688 0.437037 0.319792 0.429630 0.317708
0 0.443519 0.337500 0.441204 0.341406 0.442593 0.345313 0.445370 0.347396 0.454630 0.350781 0.462037 0.350781 0.471759 0.345573 0.472685 0.342448 0.471759 0.339323 0.469907 0.337760 0.462037 0.335156 0.453704 0.334635
0 0.482870 0.327344 0.479630 0.324740 0.476389 0.323437 0.468519 0.323958 0.460648 0.326562 0.454630 0.329948 0.455093 0.334115 0.461157 0.335156 0.473472 0.337500 0.480093 0.334635 0.483333 0.334115 0.484259 0.329948
0 0.476852 0.336458 0.473611 0.341667 0.473611 0.345833 0.481481 0.349479 0.488889 0.351302 0.496296 0.351042 0.504630 0.349740 0.513148 0.346510 0.515185 0.342708 0.508796 0.337760 0.506481 0.335938 0.488426 0.333333 0.481944 0.334375
0 0.359861 0.455703 0.346759 0.459896 0.343519 0.461979 0.341204 0.466406 0.341667 0.470573 0.347222 0.473698 0.357870 0.475521 0.364815 0.472917 0.366204 0.468750 0.368056 0.466927 0.367593 0.463021 0.367917 0.459531
0 0.149537 0.329427 0.143056 0.333854 0.142593 0.338021 0.146759 0.341927 0.153704 0.345313 0.160648 0.347135 0.168981 0.348177 0.177315 0.347656 0.179167 0.346094 0.178241 0.340365 0.171296 0.332031 0.163889 0.327865 0.155093 0.327604
0 0.183333 0.329167 0.181019 0.334115 0.184722 0.337760 0.193519 0.342708 0.203704 0.344271 0.212037 0.342969 0.217130 0.338021 0.217593 0.334115 0.212500 0.329948 0.198148 0.326042 0.193056 0.325781 0.189352 0.326042 0.186574 0.328385
0 0.288426 0.308073 0.286111 0.310937 0.286111 0.314844 0.288889 0.318229 0.291204 0.319531 0.296759 0.320573 0.310185 0.321094 0.313889 0.320052 0.317593 0.317448 0.319444 0.314844 0.318519 0.311719 0.316667 0.309375 0.311574 0.306510 0.309259 0.305990 0.293519 0.306510
0 0.156019 0.308854 0.149537 0.311198 0.144444 0.314323 0.144444 0.318490 0.150000 0.321875 0.162963 0.326823 0.170370 0.326823 0.172685 0.322917 0.172685 0.318750 0.170370 0.313542 0.166204 0.310417
0 0.182870 0.303385 0.179167 0.306250 0.179167 0.310156 0.180556 0.314583 0.183333 0.317708 0.187037 0.319792 0.192130 0.321094 0.198148 0.321354 0.206481 0.319271 0.212963 0.314844 0.212963 0.310417 0.209722 0.307292 0.206019 0.305208 0.198611 0.303385 0.191667 0.302604
0 0.447685 0.309115 0.439352 0.313802 0.439352 0.318750 0.447685 0.326823 0.455093 0.328646 0.468981 0.322656 0.470833 0.322396 0.471759 0.317969 0.465741 0.311719 0.462037 0.309896
0 0.397222 0.301042 0.394907 0.302344 0.393519 0.306250 0.396296 0.310677 0.402778 0.314583 0.412500 0.316667 0.417130 0.315885 0.418981 0.314583 0.420833 0.311198 0.419444 0.306510 0.417593 0.304688 0.406944 0.299740
0 0.419444 0.297396 0.417593 0.298438 0.418056 0.302865 0.422685 0.308073 0.433333 0.312760 0.441204 0.311979 0.449074 0.306250 0.450926 0.302604 0.448148 0.300260 0.444444 0.298438 0.434259 0.296094 0.426852 0.296094
0 0.454630 0.286198 0.450000 0.288281 0.446759 0.291667 0.446296 0.296094 0.449074 0.299740 0.455556 0.303385 0.463889 0.305469 0.469444 0.305990 0.476852 0.303906 0.478704 0.302604 0.479167 0.298698 0.476852 0.294271 0.472222 0.288802 0.469444 0.287240 0.462037 0.285156
0 0.497222 0.284115 0.489352 0.283854 0.482407 0.286979 0.480556 0.289844 0.479630 0.296354 0.481481 0.302344 0.484722 0.304427 0.488426 0.305469 0.500463 0.303125 0.507407 0.298958 0.508333 0.296875 0.509259 0.290104 0.507870 0.287760 0.506481 0.286719
0 0.524074 0.287500 0.516204 0.288281 0.511574 0.290104 0.510185 0.292187 0.509722 0.295833 0.511111 0.298958 0.516667 0.305208 0.521296 0.308073 0.525463 0.308594 0.528241 0.307812 0.533796 0.303906 0.535648 0.299479 0.535648 0.294271 0.532870 0.290365 0.529167 0.288542
0 0.540278 0.288021 0.536574 0.290885 0.537037 0.295573 0.538426 0.298698 0.543056 0.303125 0.544907 0.303906 0.554167 0.303906 0.559259 0.302865 0.563426 0.300260 0.568056 0.295052 0.564815 0.291146 0.552778 0.286719 0.544444 0.286979
0 0.574074 0.294792 0.569444 0.295312 0.567130 0.296354 0.563889 0.302344 0.565741 0.310677 0.568056 0.312240 0.572685 0.313281 0.579167 0.312240 0.584259 0.310677 0.589352 0.306771 0.589815 0.303646 0.588426 0.298698 0.582407 0.296094
0 0.556019 0.283073 0.554630 0.287240 0.571296 0.293750 0.579630 0.295573 0.587500 0.294792 0.591667 0.291927 0.593519 0.287760 0.593519 0.283333 0.590278 0.280990 0.587037 0.279948 0.574074 0.278385 0.565741 0.278646 0.561111 0.279948
0 0.605556 0.310417 0.592593 0.309115 0.575000 0.313021 0.572685 0.314323 0.571296 0.317969 0.574074 0.322135 0.580093 0.326042 0.582407 0.326562 0.588889 0.326823 0.593519 0.325781 0.606481 0.319010 0.608333 0.316927 0.609259 0.313802 0.607870 0.311719
0 0.475926 0.304688 0.467593 0.306510 0.464352 0.310677 0.467593 0.312760 0.473148 0.319531 0.475926 0.321094 0.482870 0.321875 0.487963 0.318750 0.490278 0.314583 0.488889 0.307552 0.487963 0.306250 0.482870 0.304427
0 0.495833 0.303906 0.488889 0.306510 0.489352 0.311979 0.490741 0.315104 0.494907 0.316406 0.503704 0.316667 0.513426 0.310677 0.514815 0.306510 0.513426 0.305729 0.503241 0.303906
0 0.489815 0.317969 0.484722 0.321875 0.482870 0.325781 0.486111 0.331510 0.488426 0.332813 0.502778 0.335417 0.510648 0.335677 0.514815 0.334115 0.518056 0.330208 0.518056 0.326042 0.515741 0.323698 0.513426 0.322396 0.497685 0.317448
0 0.538426 0.313281 0.537037 0.311458 0.531481 0.309115 0.521759 0.309896 0.512037 0.311979 0.508796 0.314583 0.506019 0.318490 0.512500 0.321615 0.523148 0.324740 0.531481 0.324740 0.538889 0.321875 0.539352 0.317448
0 0.560648 0.306510 0.553241 0.304688 0.544907 0.304427 0.541667 0.305990 0.537963 0.310677 0.537963 0.315625 0.539815 0.319531 0.541667 0.320833 0.545833 0.321354 0.559259 0.316667 0.562037 0.314583
0 0.529630 0.325521 0.527315 0.326823 0.525463 0.329688 0.525926 0.334375 0.530556 0.336458 0.539815 0.338802 0.544907 0.340885 0.552315 0.340885 0.554630 0.338021 0.554630 0.333854 0.550926 0.327344 0.548611 0.325260 0.545833 0.323958 0.537500 0.323177
0 0.551852 0.319792 0.548148 0.322396 0.555556 0.333854 0.558333 0.335156 0.567130 0.335417 0.570370 0.333854 0.575000 0.330208 0.576852 0.326042 0.571759 0.321354 0.568519 0.320052 0.560185 0.319010
0 0.579630 0.327083 0.569907 0.333594 0.570370 0.338021 0.576852 0.340104 0.579630 0.341927 0.586574 0.342969 0.594444 0.342708 0.597222 0.341927 0.600000 0.338021 0.599537 0.333333 0.590741 0.328385 0.587500 0.327604
0 0.604167 0.334896 0.601852 0.337240 0.602315 0.341927 0.610648 0.347656 0.614352 0.351562 0.622222 0.352344 0.627778 0.351042 0.629630 0.349740 0.629630 0.342969 0.628704 0.340104 0.625926 0.336719 0.621759 0.334635 0.615741 0.333594
0 0.666204 0.341667 0.662963 0.340104 0.657407 0.338802 0.648611 0.338542 0.637037 0.339583 0.632407 0.341927 0.633333 0.350521 0.635185 0.351823 0.641667 0.353125 0.648611 0.352865 0.657870 0.351042 0.661574 0.349740 0.664815 0.345833
0 0.613889 0.318750 0.606944 0.318750 0.593519 0.326042 0.594907 0.330208 0.599074 0.332031 0.600926 0.333854 0.607870 0.334375 0.618519 0.330729 0.619907 0.325260 0.618056 0.321875
0 0.649537 0.327344 0.642593 0.326042 0.631019 0.326562 0.625000 0.327604 0.622685 0.328906 0.621759 0.330469 0.624074 0.333854 0.632870 0.338542 0.635185 0.339323 0.643056 0.338802 0.649537 0.337760 0.651389 0.335938 0.652315 0.329427
0 0.655093 0.327344 0.652315 0.333854 0.653241 0.336458 0.655093 0.338021 0.664352 0.339323 0.669907 0.341146 0.677778 0.340885 0.682407 0.340104 0.687963 0.338021 0.684259 0.330208 0.677315 0.326562 0.670370 0.324479 0.662963 0.324479
0 0.669444 0.343229 0.666667 0.345052 0.665278 0.349740 0.667130 0.350781 0.677315 0.353646 0.684259 0.353906 0.690278 0.352083 0.692593 0.350521 0.693981 0.345313 0.691204 0.341667 0.686574 0.340625 0.676852 0.341146
0 0.696296 0.338281 0.693519 0.340625 0.695833 0.349740 0.703241 0.351042 0.711574 0.350521 0.713426 0.349219 0.714815 0.346615 0.713889 0.341406 0.712037 0.339062 0.710185 0.338021 0.706019 0.337240
0 0.717593 0.364583 0.711111 0.366146 0.704167 0.369010 0.704630 0.373177 0.710185 0.373958 0.718519 0.379688 0.725463 0.379167 0.727315 0.377083 0.726389 0.369531 0.723611 0.366146 0.721296 0.364844
0 0.746296 0.359115 0.737963 0.361458 0.731019 0.364323 0.727315 0.368750 0.727778 0.373177 0.729630 0.375521 0.736111 0.378385 0.745370 0.380469 0.753704 0.380990 0.759722 0.378906 0.762500 0.377083 0.761574 0.372135 0.753704 0.362240 0.751389 0.360677
0 0.723148 0.341667 0.718519 0.342969 0.715741 0.348958 0.718981 0.358073 0.721296 0.360677 0.724537 0.362240 0.732870 0.363021 0.741204 0.360417 0.746759 0.357812 0.747685 0.353125 0.743981 0.348177 0.737037 0.343490 0.731019 0.341927
0 0.781019 0.346615 0.778241 0.349219 0.777778 0.353906 0.781944 0.356250 0.784259 0.360156 0.787963 0.361719 0.796296 0.361458 0.802315 0.359635 0.804630 0.358073 0.806019 0.353906 0.804167 0.350260 0.795370 0.346615
0 0.809259 0.352604 0.807407 0.357031 0.807870 0.358854 0.810185 0.361458 0.815278 0.362760 0.830556 0.362760 0.841667 0.360417 0.844907 0.357812 0.844907 0.352865 0.841204 0.350781 0.833333 0.348177 0.820370 0.347917 0.816204 0.348438 0.811111 0.350781
0 0.753241 0.336458 0.745370 0.341667 0.747222 0.347396 0.752778 0.350781 0.759259 0.351302 0.767593 0.350781 0.771296 0.346354 0.770833 0.341667 0.760648 0.336458
0 0.726852 0.327083 0.725463 0.328125 0.720833 0.337500 0.721759 0.339583 0.724074 0.340625 0.738889 0.342187 0.746296 0.341146 0.751389 0.338021 0.752315 0.333854 0.750000 0.330990 0.743981 0.328125 0.732870 0.325781
0 0.723148 0.326042 0.718981 0.323958 0.712500 0.322135 0.697685 0.322656 0.690741 0.325260 0.687500 0.327083 0.685648 0.329427 0.686111 0.331771 0.689352 0.336979 0.690741 0.337760 0.702778 0.337240 0.712500 0.337760 0.718981 0.336719 0.722685 0.334115 0.724537 0.330729
0 0.593519 0.296615 0.591204 0.298438 0.590278 0.302604 0.590741 0.306250 0.592593 0.308073 0.598611 0.309375 0.607870 0.310156 0.612500 0.309115 0.617130 0.306771 0.616667 0.302604 0.611111 0.297917 0.607870 0.296354 0.600000 0.295312
0 0.668056 0.314323 0.661111 0.313802 0.656481 0.312500 0.647685 0.312760 0.642593 0.313802 0.640741 0.314844 0.638889 0.317448 0.638889 0.322656 0.641204 0.325260 0.648611 0.327083 0.656481 0.326562 0.665278 0.322135 0.667593 0.319010
0 0.622222 0.298698 0.623148 0.302865 0.624537 0.304688 0.627778 0.306250 0.633333 0.307552 0.637500 0.309635 0.641667 0.310417 0.649537 0.308594 0.654630 0.303125 0.653704 0.298698 0.650000 0.296615 0.630093 0.295833 0.626852 0.296354
0 0.662500 0.298438 0.659722 0.299219 0.656019 0.302083 0.653241 0.306250 0.654167 0.310417 0.656944 0.312500 0.660185 0.313542 0.670833 0.314583 0.677778 0.312760 0.682407 0.310677 0.683333 0.306250 0.681019 0.302344 0.677778 0.300260 0.670833 0.297917
0 0.683333 0.311719 0.672685 0.314323 0.669444 0.316667 0.667593 0.321094 0.667593 0.322656 0.669444 0.323958 0.677315 0.326823 0.683796 0.328385 0.695370 0.322396 0.696759 0.319531 0.696296 0.315885 0.693981 0.313281 0.691204 0.312240
0 0.728241 0.306510 0.723611 0.304948 0.717593 0.304427 0.707407 0.308333 0.701852 0.311719 0.699537 0.317448 0.700000 0.320573 0.703704 0.321615 0.714815 0.321094 0.724074 0.317708 0.730093 0.314583 0.730556 0.309896
0 0.710185 0.289844 0.704167 0.289062 0.691667 0.290625 0.689815 0.291406 0.683333 0.298177 0.682870 0.303125 0.685648 0.308333 0.690278 0.311458 0.696296 0.311458 0.702315 0.309896 0.712963 0.302865 0.715741 0.298958 0.715741 0.294271 0.713889 0.291927
0 0.734722 0.313021 0.728241 0.318229 0.727778 0.322656 0.728704 0.323698 0.737500 0.326562 0.745833 0.328125 0.750463 0.327865 0.756019 0.326302 0.757870 0.324219 0.758333 0.321094 0.757407 0.318229 0.753704 0.315365 0.747685 0.312500 0.737037 0.312500
0 0.759722 0.326042 0.756481 0.329167 0.756481 0.332292 0.757870 0.335156 0.762500 0.337500 0.770370 0.340104 0.775926 0.340625 0.781481 0.339583 0.783796 0.338021 0.783796 0.333594 0.778241 0.326042 0.774537 0.324740 0.767593 0.323958
0 0.751852 0.310417 0.752778 0.314583 0.759259 0.319531 0.766667 0.322656 0.774074 0.323698 0.781481 0.323437 0.789352 0.318490 0.790278 0.313542 0.789352 0.311979 0.783796 0.308854 0.769444 0.307031 0.764815 0.307031 0.760185 0.307812 0.756944 0.309375
0 0.782870 0.326042 0.783333 0.330208 0.787963 0.335417 0.795370 0.336458 0.801389 0.333854 0.805093 0.330208 0.802315 0.327604 0.797222 0.327083 0.793981 0.325781 0.787963 0.325000
0 0.809259 0.332292 0.798611 0.335417 0.795833 0.337240 0.794444 0.339323 0.794444 0.345833 0.800463 0.348698 0.809722 0.350000 0.816204 0.347656 0.818056 0.346094 0.818981 0.343229 0.817130 0.336198
0 0.819444 0.334115 0.818519 0.339062 0.819444 0.344792 0.821296 0.346615 0.824074 0.347135 0.835648 0.346875 0.844907 0.345052 0.848148 0.343229 0.849074 0.341146 0.847685 0.338542 0.838426 0.333333 0.829630 0.332031 0.821759 0.333073
0 0.862500 0.353385 0.863426 0.357031 0.865278 0.358073 0.879167 0.358333 0.880556 0.357552 0.879167 0.355990 0.878704 0.353385 0.875926 0.352604 0.871296 0.352083
0 0.879630 0.338281 0.872222 0.335156 0.865278 0.335417 0.859259 0.337240 0.853241 0.340365 0.848611 0.344792 0.848148 0.347656 0.849537 0.351042 0.856481 0.352604 0.864815 0.352865 0.876389 0.350260 0.879167 0.348958 0.882407 0.345833 0.882407 0.341667
0 0.864815 0.318750 0.857407 0.319792 0.847685 0.325260 0.843056 0.329948 0.843056 0.334115 0.846759 0.336979 0.850000 0.337760 0.858333 0.337500 0.867130 0.334635 0.875463 0.330208 0.875926 0.326042 0.871296 0.321875
0 0.847685 0.322135 0.843519 0.319531 0.815278 0.319271 0.810648 0.322135 0.809722 0.326562 0.815741 0.332813 0.837037 0.331510 0.840741 0.330208 0.845833 0.326302
0 0.807870 0.308073 0.798611 0.308333 0.794444 0.309896 0.793056 0.311979 0.792593 0.316146 0.794907 0.323437 0.797685 0.325260 0.801389 0.326302 0.802778 0.326302 0.806019 0.324740 0.817130 0.314583 0.814815 0.310417
0 0.853241 0.306771 0.850926 0.310417 0.851852 0.315365 0.848611 0.318229 0.850463 0.319792 0.855093 0.319245 0.861574 0.317240 0.867593 0.318490 0.870833 0.319531 0.877778 0.319271 0.882407 0.318229 0.883796 0.315365 0.882870 0.311979 0.876852 0.304688 0.873148 0.302344 0.863889 0.301823
0 0.829630 0.297656 0.822685 0.299479 0.818981 0.302604 0.818519 0.308594 0.821296 0.313542 0.826389 0.318229 0.828704 0.319010 0.837037 0.318750 0.843981 0.317188 0.849537 0.314583 0.850463 0.310156 0.845833 0.303646 0.837037 0.299219
0 0.794907 0.295573 0.791667 0.301302 0.791667 0.303906 0.794907 0.307552 0.802778 0.307292 0.811574 0.305729 0.814815 0.303125 0.813426 0.298698 0.809259 0.295833 0.803241 0.295052
0 0.801852 0.280469 0.795370 0.283073 0.794444 0.286198 0.795370 0.290885 0.799537 0.295052 0.809259 0.296615 0.818056 0.289062 0.818981 0.287500 0.818519 0.285156 0.817130 0.283333 0.809722 0.280729
0 0.758796 0.298438 0.760185 0.304167 0.763426 0.306250 0.778704 0.308073 0.782870 0.308073 0.787037 0.306510 0.787963 0.302344 0.784259 0.297135 0.781481 0.295573 0.774491 0.293333 0.766620 0.292161 0.761574 0.296354
0 0.752778 0.298698 0.746296 0.297135 0.737037 0.302083 0.732870 0.306250 0.732870 0.310677 0.734259 0.311979 0.741204 0.312500 0.745833 0.311719 0.758333 0.307292 0.758333 0.302604
0 0.719907 0.289062 0.716204 0.290625 0.717593 0.296354 0.717593 0.302865 0.725463 0.305208 0.732870 0.305729 0.741204 0.299219 0.743056 0.296354 0.743056 0.294531 0.737963 0.289583 0.735185 0.288542 0.725000 0.288281
0 0.750463 0.353385 0.748148 0.357031 0.748611 0.358333 0.753704 0.361979 0.760185 0.368490 0.767593 0.370052 0.772685 0.369010 0.777315 0.366667 0.781944 0.361458 0.781019 0.357292 0.773611 0.353385 0.764815 0.351562 0.758796 0.351562
0 0.868519 0.284635 0.858796 0.283073 0.849074 0.283073 0.838426 0.284896 0.833333 0.287760 0.831019 0.290104 0.831481 0.295573 0.843519 0.302083 0.851389 0.302344 0.856019 0.301042 0.865278 0.296094 0.870833 0.291146 0.871759 0.286719
0 0.875926 0.280469 0.872685 0.283073 0.872222 0.287240 0.875000 0.290885 0.879630 0.293229 0.882407 0.296094 0.886111 0.297656 0.893056 0.297917 0.900000 0.295833 0.905093 0.291667 0.904167 0.286458 0.895833 0.282552 0.887037 0.279948 0.880556 0.279687
0 0.859722 0.243750 0.855556 0.245833 0.853704 0.248438 0.853241 0.252083 0.855556 0.254688 0.856481 0.257552 0.857870 0.259115 0.864352 0.262240 0.872685 0.262240 0.877778 0.259896 0.879167 0.257552 0.879630 0.254948 0.878241 0.247917 0.875463 0.244792 0.871759 0.243229 0.862963 0.243229
0 0.858333 0.259896 0.849074 0.259896 0.843519 0.260677 0.839352 0.263021 0.837037 0.266667 0.837037 0.268229 0.842593 0.274219 0.844907 0.279427 0.850463 0.280990 0.853241 0.280208 0.858796 0.276302 0.862500 0.271875 0.864352 0.267969 0.864352 0.263021 0.862037 0.260937
0 0.842593 0.275000 0.840278 0.271875 0.835648 0.269271 0.830093 0.268490 0.820694 0.271328 0.813704 0.271849 0.809722 0.277344 0.806944 0.279427 0.820370 0.284115 0.831944 0.283854 0.837963 0.282552 0.842593 0.279427
0 0.775926 0.265365 0.774074 0.267448 0.775000 0.272135 0.779167 0.275781 0.786574 0.279427 0.795833 0.281250 0.804167 0.279427 0.806944 0.277604 0.810185 0.273698 0.811111 0.270052 0.809722 0.266927 0.805556 0.264062 0.796296 0.262240 0.785185 0.261979 0.781019 0.262760
0 0.780093 0.278646 0.771296 0.280729 0.766204 0.283073 0.766204 0.284115 0.769444 0.289844 0.778704 0.294010 0.782407 0.294531 0.789352 0.292708 0.792593 0.290885 0.793981 0.288542 0.794444 0.282813 0.789815 0.279948
0 0.745370 0.282292 0.742593 0.283073 0.738889 0.286979 0.739815 0.291146 0.745370 0.296875 0.753704 0.297656 0.761574 0.293229 0.763426 0.291146 0.764815 0.286979 0.760648 0.283594 0.754630 0.282552
0 0.772222 0.269531 0.768056 0.267708 0.760648 0.266406 0.749074 0.268229 0.737500 0.272917 0.735185 0.275260 0.736574 0.277865 0.739815 0.280729 0.743519 0.281510 0.759259 0.282552 0.766667 0.282031 0.774074 0.279427 0.775926 0.276562 0.775926 0.274740
0 0.718056 0.272396 0.713426 0.275260 0.712500 0.279167 0.716204 0.287760 0.719444 0.288802 0.731019 0.288021 0.734722 0.287240 0.737037 0.284375 0.737037 0.282031 0.735648 0.278906 0.732870 0.276302 0.729167 0.273958 0.726389 0.273177
0 0.708333 0.277865 0.705556 0.277083 0.697685 0.277083 0.693056 0.278385 0.686574 0.283073 0.685648 0.285417 0.686574 0.288802 0.691204 0.290365 0.709722 0.288542 0.711574 0.287240 0.712500 0.283073
0 0.658796 0.283854 0.656019 0.285417 0.653704 0.290625 0.653704 0.295573 0.656019 0.297917 0.664352 0.297917 0.676389 0.296094 0.679167 0.293229 0.679630 0.290365 0.675926 0.285677 0.672222 0.284115 0.664815 0.283073 0.661574 0.283073
0 0.629167 0.283073 0.627315 0.286979 0.628241 0.291667 0.633796 0.295052 0.643519 0.296875 0.649537 0.295833 0.652315 0.292969 0.653704 0.286458 0.651852 0.283854 0.643519 0.280990
0 0.595833 0.284375 0.594444 0.286198 0.593981 0.291406 0.598148 0.294010 0.613426 0.297396 0.621759 0.296875 0.626389 0.295052 0.627315 0.290885 0.625463 0.287760 0.618519 0.284375 0.608333 0.281771 0.600463 0.281771
0 0.621296 0.307292 0.615741 0.308333 0.611574 0.310417 0.611574 0.315625 0.621296 0.324479 0.628704 0.326302 0.632870 0.325260 0.636111 0.322396 0.637500 0.319010 0.637500 0.313802 0.635648 0.310677 0.631019 0.307812 0.628704 0.307031
0 0.658333 0.266146 0.650463 0.271615 0.649537 0.277344 0.651852 0.280729 0.656019 0.282292 0.670833 0.283854 0.676852 0.285677 0.684259 0.285156 0.686111 0.280990 0.686111 0.275000 0.681944 0.270833 0.670833 0.266406 0.663426 0.265104
0 0.697685 0.254948 0.693056 0.256510 0.688426 0.259635 0.683333 0.267188 0.684722 0.271875 0.686111 0.273438 0.690741 0.276042 0.697222 0.276823 0.707870 0.276302 0.712500 0.274479 0.715278 0.271875 0.713889 0.262240 0.711574 0.259115 0.707870 0.256771
0 0.748148 0.258073 0.743519 0.255729 0.738889 0.254948 0.732407 0.256250 0.724074 0.259115 0.717130 0.263281 0.716667 0.268229 0.718519 0.271354 0.725463 0.272656 0.733333 0.272917 0.747685 0.268229 0.749537 0.267188 0.750926 0.264844 0.750463 0.260937
0 0.760185 0.248698 0.755093 0.251563 0.750463 0.255469 0.750463 0.256250 0.755093 0.262240 0.762963 0.265625 0.768519 0.266667 0.772685 0.265625 0.776852 0.262240 0.776852 0.251302 0.774074 0.248698
0 0.780093 0.251042 0.778241 0.256250 0.780093 0.260156 0.781481 0.261198 0.797685 0.261719 0.802778 0.260417 0.804630 0.257812 0.805093 0.255208 0.802778 0.252344 0.797685 0.248958 0.795370 0.248177 0.787037 0.248177
0 0.830556 0.249479 0.821759 0.250000 0.813889 0.252865 0.810185 0.255729 0.809259 0.258073 0.807407 0.259635 0.809722 0.264323 0.812500 0.266667 0.817130 0.268229 0.823611 0.269010 0.832870 0.267708 0.836574 0.264062 0.842593 0.260156 0.842593 0.254948 0.839815 0.252344
0 0.817130 0.237240 0.806944 0.236979 0.801852 0.237760 0.798611 0.239323 0.796296 0.243229 0.796759 0.248177 0.802315 0.251823 0.810185 0.253125 0.816204 0.252083 0.825463 0.248177 0.826852 0.243750 0.822222 0.239323
0 0.788889 0.234635 0.774074 0.235156 0.769907 0.240104 0.770833 0.243750 0.774074 0.248177 0.781481 0.249740 0.790278 0.246875 0.793981 0.244531 0.795370 0.239844 0.791204 0.235677
0 0.754167 0.241927 0.746296 0.240625 0.739815 0.241146 0.736574 0.242708 0.734722 0.244271 0.733333 0.247656 0.734259 0.252083 0.736111 0.253906 0.738889 0.254688 0.747222 0.254948 0.753704 0.252604 0.758333 0.248177 0.756944 0.244010
0 0.710648 0.241667 0.705093 0.244531 0.703704 0.247396 0.703704 0.252604 0.705093 0.254948 0.706944 0.255990 0.712963 0.256771 0.719907 0.254948 0.723148 0.253385 0.727778 0.247917 0.724537 0.244010 0.713889 0.241667
0 0.668981 0.240104 0.667130 0.244271 0.670370 0.247135 0.677315 0.251302 0.683796 0.257552 0.690741 0.257031 0.700463 0.252604 0.701852 0.247656 0.700463 0.245833 0.695370 0.243490 0.685185 0.240365 0.678241 0.239844
0 0.655093 0.247396 0.648611 0.251563 0.648148 0.255990 0.650463 0.258073 0.662500 0.264583 0.667130 0.265885 0.675000 0.266927 0.678704 0.266927 0.681019 0.266146 0.682870 0.264062 0.683333 0.259115 0.681944 0.255729 0.678241 0.252604 0.672222 0.248698 0.665741 0.246354 0.662500 0.246094
0 0.624537 0.260937 0.622685 0.263802 0.629630 0.269010 0.643981 0.271094 0.650000 0.271094 0.656019 0.267708 0.658796 0.263802 0.651389 0.258854 0.644444 0.256771 0.632870 0.257292
0 0.644444 0.271354 0.642130 0.270573 0.634722 0.269792 0.629167 0.270833 0.625463 0.272656 0.623148 0.275260 0.623148 0.279687 0.624537 0.281771 0.626389 0.282813 0.629630 0.283073 0.637963 0.282031 0.642593 0.280990 0.644444 0.279948 0.646296 0.276562 0.646296 0.273958
0 0.614815 0.263281 0.600926 0.264583 0.597222 0.266146 0.594907 0.271615 0.597685 0.276562 0.600463 0.278646 0.606481 0.280208 0.611111 0.280208 0.617130 0.278906 0.620833 0.277083 0.625000 0.271875 0.624537 0.267448 0.621759 0.264844
0 0.587963 0.265885 0.579630 0.267448 0.576852 0.269792 0.576852 0.272396 0.579167 0.276562 0.581481 0.278125 0.586574 0.279687 0.593981 0.277865 0.595833 0.275781 0.594444 0.271615 0.591667 0.267708
0 0.551389 0.267448 0.549074 0.271615 0.561574 0.277344 0.567130 0.277865 0.573148 0.275521 0.575000 0.271615 0.575000 0.267448 0.567593 0.265885 0.558333 0.265625
0 0.531019 0.271354 0.529167 0.272396 0.527315 0.275000 0.531019 0.280729 0.533796 0.282292 0.544907 0.286198 0.551852 0.285417 0.557407 0.280729 0.557407 0.275260 0.552315 0.272917 0.544444 0.271094 0.535185 0.270833
0 0.496296 0.275260 0.493981 0.280208 0.494444 0.283594 0.505093 0.286198 0.510185 0.288542 0.517593 0.288542 0.525463 0.286979 0.528241 0.283594 0.529167 0.278906 0.525000 0.275000 0.513426 0.273438 0.506019 0.273438 0.499537 0.273958
0 0.482870 0.267708 0.475000 0.267448 0.467593 0.268750 0.463889 0.270573 0.460185 0.275260 0.459722 0.279687 0.461111 0.283333 0.464815 0.285417 0.475463 0.288542 0.482407 0.286458 0.491667 0.281771 0.494444 0.276042 0.493981 0.273438 0.491204 0.270313 0.488426 0.269010
0 0.432870 0.276302 0.430093 0.278646 0.430556 0.282552 0.431944 0.284635 0.440741 0.290625 0.448148 0.290365 0.450000 0.288021 0.458333 0.283594 0.458333 0.279167 0.454630 0.276562 0.448611 0.275000 0.439352 0.275000
0 0.407870 0.295573 0.409722 0.296875 0.412037 0.297396 0.420370 0.297135 0.433796 0.295052 0.439815 0.290885 0.437963 0.289062 0.429167 0.284635 0.421296 0.283333 0.412500 0.283333 0.407870 0.286979
0 0.385185 0.284375 0.382407 0.285417 0.380556 0.287500 0.380093 0.291667 0.382407 0.295052 0.392130 0.301042 0.399537 0.300000 0.403704 0.298177 0.406019 0.294792 0.406481 0.290885 0.404630 0.286719 0.401389 0.284896 0.397685 0.284115 0.390741 0.283854
0 0.369444 0.294531 0.361111 0.298698 0.362037 0.303385 0.376852 0.310937 0.381019 0.311458 0.386111 0.311458 0.387963 0.310937 0.389352 0.309635 0.391667 0.303125 0.390278 0.300260 0.384259 0.295833 0.378704 0.293490
0 0.365278 0.305208 0.356944 0.304688 0.349537 0.306250 0.345370 0.309635 0.342130 0.314323 0.341667 0.318490 0.343981 0.320052 0.350000 0.321354 0.356481 0.320833 0.365278 0.317448 0.371759 0.315885 0.373148 0.314583 0.374074 0.310417
0 0.337037 0.300260 0.329630 0.300260 0.322685 0.303385 0.319907 0.306250 0.320833 0.310677 0.325000 0.317708 0.328241 0.319010 0.337500 0.318490 0.340741 0.317188 0.347685 0.306771 0.345833 0.302865 0.342130 0.301302
0 0.330556 0.286719 0.327778 0.290365 0.327315 0.296094 0.328704 0.298698 0.330093 0.299479 0.343056 0.301042 0.350926 0.300781 0.360648 0.298958 0.364352 0.295052 0.363889 0.290885 0.357870 0.286458 0.344444 0.284896 0.333333 0.285417
0 0.319444 0.294531 0.316204 0.292708 0.310648 0.291927 0.301852 0.292708 0.289352 0.298958 0.288426 0.301563 0.289352 0.304688 0.294444 0.305729 0.300000 0.305208 0.316667 0.305729 0.319444 0.304948 0.322222 0.303125 0.322685 0.298958
0 0.325648 0.272526 0.328241 0.275521 0.339815 0.280469 0.350926 0.281510 0.355556 0.280469 0.358796 0.278646 0.359722 0.274219 0.358333 0.270833 0.356481 0.268750 0.351389 0.266927 0.343056 0.266927 0.337037 0.267969
0 0.361574 0.278646 0.357870 0.279948 0.355093 0.283073 0.360185 0.288021 0.369444 0.293229 0.372685 0.293490 0.378704 0.292187 0.381944 0.283073 0.376389 0.279427 0.371759 0.277865
0 0.373611 0.264583 0.369444 0.267188 0.369907 0.272917 0.373611 0.277865 0.381481 0.282031 0.386574 0.283333 0.396296 0.283594 0.400463 0.282813 0.403241 0.279427 0.403241 0.267448 0.394907 0.263542 0.386574 0.262240 0.379630 0.263021
0 0.405556 0.270052 0.402778 0.274479 0.403241 0.278125 0.405556 0.281510 0.411574 0.282552 0.420833 0.282292 0.426852 0.280990 0.428704 0.279948 0.429167 0.275260 0.420370 0.269010 0.412037 0.268229
0 0.422685 0.261719 0.420833 0.263542 0.420833 0.268229 0.423611 0.271094 0.429167 0.274479 0.432870 0.275260 0.448611 0.274740 0.455093 0.271875 0.457407 0.267448 0.453241 0.261979 0.450000 0.260417 0.433796 0.258073 0.425926 0.259896
0 0.391204 0.249219 0.386574 0.251823 0.384259 0.255469 0.386574 0.260937 0.388426 0.261979 0.397222 0.264062 0.405556 0.267448 0.416667 0.267448 0.418519 0.266406 0.419444 0.264583 0.419444 0.259375 0.417130 0.254948 0.414815 0.252865 0.406481 0.247917 0.398611 0.247135
0 0.374074 0.252604 0.368519 0.251042 0.363889 0.250521 0.356944 0.253646 0.353241 0.258854 0.352778 0.264062 0.354630 0.267188 0.356944 0.267969 0.365278 0.268229 0.380556 0.261719 0.381481 0.260677 0.381019 0.257812 0.379167 0.255729
0 0.325000 0.257812 0.323611 0.260417 0.323148 0.264844 0.324537 0.267708 0.327778 0.269531 0.330556 0.269792 0.333333 0.268750 0.348148 0.266146 0.349537 0.263021 0.347222 0.259115 0.344444 0.257552 0.337037 0.255990 0.329630 0.255990
0 0.366667 0.236719 0.363889 0.237760 0.362037 0.239844 0.364815 0.246094 0.369907 0.251042 0.374074 0.252344 0.378241 0.254688 0.383333 0.253646 0.392593 0.247656 0.394907 0.244271 0.393981 0.241927 0.391667 0.240104 0.382407 0.236979 0.378704 0.236458
0 0.435185 0.247396 0.431944 0.251563 0.433333 0.255990 0.439352 0.258073 0.447685 0.259896 0.457407 0.259115 0.461111 0.256510 0.460185 0.251563 0.457870 0.248698 0.448148 0.244271 0.440741 0.244271
0 0.482870 0.256250 0.476852 0.254688 0.465741 0.256250 0.459722 0.259635 0.458796 0.263802 0.463426 0.266667 0.468056 0.267969 0.472222 0.267708 0.475926 0.266667 0.479630 0.267188 0.484259 0.266927 0.487500 0.264583 0.487037 0.260156
0 0.511111 0.260677 0.498611 0.260677 0.494907 0.261198 0.493056 0.262240 0.492130 0.263542 0.492593 0.267708 0.496296 0.272656 0.501389 0.273438 0.506019 0.273177 0.510648 0.272135 0.513889 0.270052 0.516204 0.267708 0.515741 0.263542 0.513889 0.261719
0 0.527315 0.251563 0.521296 0.255729 0.521296 0.256771 0.525926 0.264844 0.531019 0.269792 0.543519 0.269792 0.546296 0.269271 0.552315 0.265885 0.553241 0.264323 0.553241 0.259635 0.550926 0.255729 0.545833 0.252604 0.540278 0.250521
0 0.514352 0.243229 0.511111 0.242448 0.499537 0.242708 0.485185 0.250000 0.483333 0.252083 0.485185 0.255729 0.489352 0.259896 0.496759 0.261458 0.500000 0.260677 0.510648 0.259896 0.518056 0.257031 0.523148 0.251563 0.521759 0.248177
0 0.483796 0.234635 0.474537 0.234635 0.469907 0.235417 0.463889 0.239583 0.459722 0.247917 0.461574 0.253385 0.462963 0.254167 0.469444 0.255208 0.472222 0.254167 0.479630 0.252865 0.494444 0.244271 0.494444 0.240104 0.488889 0.236458
0 0.589352 0.252865 0.587037 0.251823 0.578241 0.250521 0.568519 0.253125 0.562037 0.255729 0.557870 0.258594 0.557870 0.264323 0.562037 0.265625 0.572685 0.266927 0.581019 0.266927 0.589352 0.265365 0.592130 0.263802 0.593056 0.261198 0.592130 0.256250
0 0.592130 0.251302 0.593056 0.256510 0.595833 0.261458 0.600463 0.264062 0.620370 0.262760 0.625926 0.259635 0.628241 0.255729 0.626389 0.253125 0.619444 0.248698 0.609259 0.247656 0.600463 0.247917 0.594907 0.249479
0 0.628704 0.242708 0.624537 0.244271 0.620833 0.248438 0.623611 0.251563 0.628704 0.255208 0.632407 0.256771 0.636111 0.257031 0.642593 0.255729 0.645370 0.251563 0.644444 0.247917 0.635648 0.242188
0 0.403704 0.237240 0.400000 0.239844 0.400000 0.244010 0.401852 0.246094 0.407870 0.248177 0.416667 0.252865 0.419907 0.253906 0.427778 0.253646 0.430556 0.252865 0.436111 0.246094 0.438889 0.244271 0.437500 0.241927 0.433333 0.239063 0.425000 0.235677 0.415278 0.234635 0.410648 0.234896
0 0.822222 0.232552 0.819907 0.236719 0.827315 0.242708 0.831944 0.245312 0.843981 0.247135 0.849074 0.246094 0.854630 0.243490 0.856944 0.240625 0.858333 0.236719 0.857870 0.235156 0.854630 0.232292 0.844907 0.230729 0.832407 0.230208 0.826389 0.230990
0 0.892593 0.215104 0.886574 0.214323 0.875926 0.214844 0.870370 0.216927 0.866204 0.220833 0.864815 0.224479 0.864815 0.228646 0.866204 0.231510 0.869907 0.234115 0.876389 0.236458 0.885648 0.236458 0.891204 0.233594 0.897685 0.228385 0.900000 0.224740 0.899537 0.220312 0.896296 0.216927
0 0.829630 0.204167 0.823611 0.206771 0.819907 0.209375 0.818519 0.212500 0.819907 0.216667 0.826389 0.221094 0.829630 0.225781 0.832870 0.226562 0.838426 0.226562 0.847685 0.224740 0.851852 0.221615 0.851852 0.213021 0.846759 0.206771 0.843981 0.204948 0.838889 0.203906
0 0.802778 0.214583 0.794907 0.216146 0.790741 0.220312 0.790278 0.225521 0.791667 0.232031 0.793519 0.233854 0.802315 0.235937 0.809259 0.236198 0.815741 0.234896 0.820370 0.233073 0.824537 0.228646 0.825463 0.224479 0.821759 0.218229 0.818981 0.216146 0.813889 0.214844
0 0.769907 0.218490 0.763889 0.222917 0.762963 0.224479 0.763426 0.228646 0.768519 0.230729 0.774537 0.234635 0.783333 0.234896 0.788889 0.234115 0.791204 0.231250 0.791204 0.226562 0.789352 0.221875 0.780093 0.217969 0.772685 0.217708
0 0.742130 0.229687 0.740278 0.230729 0.739352 0.232552 0.740741 0.238021 0.743519 0.240365 0.750926 0.241406 0.759722 0.243750 0.763889 0.242969 0.768519 0.240625 0.772222 0.236458 0.770833 0.232552 0.768519 0.231250 0.760648 0.228646 0.756481 0.228385
0 0.737500 0.231771 0.734722 0.230208 0.731944 0.229948 0.725463 0.231510 0.711574 0.232292 0.711574 0.237500 0.712963 0.240365 0.724537 0.243490 0.732870 0.242969 0.736574 0.240365
0 0.696759 0.228906 0.691667 0.230990 0.688889 0.234896 0.686574 0.236198 0.685648 0.240365 0.690278 0.241406 0.697685 0.244271 0.705093 0.243750 0.709259 0.240365 0.709722 0.232292 0.705093 0.229167
0 0.683333 0.223177 0.678704 0.222396 0.675000 0.222656 0.672685 0.223958 0.669907 0.227083 0.668981 0.229687 0.666204 0.232292 0.665741 0.236458 0.669907 0.239844 0.683333 0.238802 0.687963 0.236198 0.689352 0.233073 0.689815 0.228125
0 0.647685 0.231771 0.640278 0.232813 0.635648 0.234635 0.634259 0.236198 0.633333 0.241146 0.637037 0.244271 0.640278 0.245833 0.649537 0.248698 0.651852 0.247656 0.663426 0.245052 0.666204 0.242969 0.667593 0.240104 0.662963 0.234375 0.661111 0.233333
0 0.606481 0.232813 0.602778 0.234115 0.600000 0.236198 0.600463 0.240365 0.604630 0.245833 0.612500 0.247396 0.616667 0.247396 0.620833 0.246354 0.630093 0.241146 0.631019 0.235677 0.627778 0.233854 0.622685 0.232552 0.611574 0.232292
0 0.575000 0.233854 0.573148 0.235417 0.573148 0.240104 0.576852 0.249219 0.580093 0.250260 0.587037 0.251042 0.593056 0.250260 0.597685 0.248438 0.602315 0.244792 0.599537 0.238021 0.597222 0.236719 0.593981 0.236198 0.586574 0.233333 0.579630 0.232813
0 0.566204 0.234375 0.559259 0.234635 0.555093 0.236198 0.551852 0.238802 0.550463 0.241406 0.544444 0.247917 0.545370 0.252083 0.550926 0.254427 0.557407 0.255729 0.560185 0.255729 0.570833 0.252083 0.573611 0.250260 0.575000 0.248177 0.572222 0.236458 0.569907 0.235156
0 0.608796 0.221354 0.608796 0.229167 0.610648 0.231250 0.619907 0.232292 0.629167 0.232292 0.632870 0.230990 0.634259 0.228385 0.627315 0.221354 0.614815 0.220312 0.610185 0.220573
0 0.638426 0.220312 0.637500 0.225000 0.644444 0.230729 0.655093 0.232292 0.663426 0.232292 0.667593 0.229687 0.670833 0.225000 0.669444 0.220573 0.662963 0.218750 0.651389 0.218229 0.642130 0.218750
0 0.692593 0.209115 0.689815 0.209635 0.685185 0.212500 0.681944 0.216667 0.681481 0.221094 0.685185 0.224479 0.690741 0.227865 0.700000 0.228385 0.704630 0.226823 0.705556 0.224479 0.709259 0.220833 0.706944 0.212500 0.704630 0.209896 0.699537 0.208854
0 0.725926 0.202083 0.718056 0.202344 0.708333 0.208073 0.707407 0.213802 0.709259 0.217188 0.711574 0.218750 0.728704 0.215625 0.732407 0.213542 0.736111 0.208854 0.731944 0.204948
0 0.732870 0.217188 0.724537 0.216667 0.712500 0.219792 0.705556 0.224479 0.706019 0.228646 0.711574 0.231771 0.725926 0.231250 0.734259 0.228906 0.737037 0.226823 0.737963 0.224219 0.737037 0.220052
0 0.735185 0.211979 0.731944 0.216927 0.735648 0.218229 0.739352 0.221094 0.741204 0.224479 0.741667 0.228646 0.747685 0.228906 0.760648 0.228125 0.762500 0.225000 0.763426 0.220052 0.758333 0.214583 0.750000 0.210156 0.747222 0.209375 0.739815 0.210417
0 0.762500 0.201302 0.760648 0.202604 0.760185 0.204167 0.760648 0.209375 0.762963 0.213802 0.767130 0.217969 0.777315 0.217448 0.781481 0.216406 0.784722 0.213021 0.784722 0.208854 0.776852 0.203385 0.771759 0.201563 0.768056 0.200781
0 0.779630 0.196615 0.776389 0.201823 0.778704 0.204687 0.787500 0.210156 0.800926 0.210677 0.811574 0.208854 0.814352 0.201042 0.812500 0.197135 0.807407 0.194792 0.801852 0.192969 0.794444 0.192448 0.785648 0.194010
0 0.857407 0.197917 0.853704 0.202865 0.850463 0.204948 0.852315 0.209375 0.854167 0.211198 0.857407 0.213021 0.862963 0.213281 0.872685 0.211979 0.876852 0.209115 0.876389 0.204687 0.872222 0.201042 0.864815 0.198437
0 0.843519 0.182031 0.835648 0.185417 0.833333 0.188542 0.833796 0.192708 0.839352 0.197656 0.843519 0.198958 0.851852 0.198958 0.861574 0.195573 0.862963 0.194010 0.862500 0.188281 0.861111 0.186458 0.851852 0.182292
0 0.862037 0.169271 0.850000 0.173698 0.848611 0.176823 0.850000 0.180729 0.855556 0.182552 0.859259 0.184635 0.863889 0.185677 0.872222 0.185156 0.878241 0.183594 0.881019 0.181510 0.882407 0.177865 0.879167 0.171875 0.872222 0.169271
0 0.826852 0.178646 0.822685 0.178125 0.812963 0.178906 0.805556 0.180208 0.801852 0.181771 0.799537 0.185417 0.798611 0.189844 0.800000 0.191667 0.808333 0.195573 0.815278 0.197917 0.820833 0.196615 0.831481 0.189323 0.833333 0.185938 0.832870 0.182552 0.830093 0.179688
0 0.794907 0.170833 0.793981 0.175000 0.797222 0.177604 0.801852 0.179948 0.810648 0.179688 0.824537 0.177865 0.827778 0.174219 0.825463 0.169792 0.816204 0.165885 0.809259 0.164062 0.800463 0.165885 0.799074 0.168229
0 0.753704 0.176823 0.750463 0.181510 0.751389 0.183594 0.759722 0.189844 0.760185 0.191146 0.763426 0.192708 0.768981 0.192969 0.775000 0.191927 0.778704 0.190625 0.786111 0.185677 0.785648 0.180990 0.781944 0.178646 0.775926 0.176302 0.768981 0.175000 0.759259 0.175000
0 0.739352 0.183854 0.733333 0.189062 0.733796 0.193490 0.740741 0.196094 0.753704 0.198437 0.761574 0.193490 0.759722 0.189323 0.751852 0.184896 0.747685 0.183594
0 0.729630 0.194271 0.726389 0.196354 0.725000 0.201302 0.731019 0.204687 0.733796 0.207552 0.737037 0.209375 0.739815 0.209896 0.747685 0.207813 0.750926 0.204948 0.752778 0.201302 0.751852 0.198958 0.749537 0.197656 0.744444 0.196875 0.734259 0.194010
0 0.713426 0.189583 0.702778 0.189844 0.698611 0.191927 0.695370 0.197135 0.695370 0.202604 0.696759 0.205208 0.701389 0.206771 0.705093 0.207292 0.712037 0.205990 0.718981 0.202083 0.721296 0.201563 0.723611 0.199740 0.724537 0.197656 0.723611 0.192708
0 0.669907 0.199479 0.666204 0.200781 0.662963 0.202865 0.661111 0.208594 0.661111 0.213021 0.665278 0.218229 0.669444 0.219792 0.671296 0.219792 0.678241 0.218229 0.681481 0.216406 0.688426 0.209115 0.688426 0.205990 0.687500 0.203646 0.684722 0.202083
0 0.693981 0.188281 0.691204 0.187500 0.683333 0.187760 0.674074 0.190104 0.671759 0.192188 0.671759 0.197396 0.672685 0.198437 0.676852 0.200521 0.683796 0.201823 0.691667 0.200000 0.697222 0.193490 0.696296 0.189583
0 0.718056 0.170833 0.712037 0.172656 0.707870 0.175521 0.705093 0.181510 0.706019 0.185156 0.711574 0.189062 0.718519 0.190885 0.725926 0.191927 0.733333 0.188802 0.737500 0.185156 0.738889 0.181510 0.734259 0.176823 0.729167 0.173698 0.723148 0.171615
0 0.725000 0.154948 0.714352 0.160938 0.713889 0.165885 0.719907 0.170052 0.725926 0.172396 0.731481 0.173698 0.740278 0.173958 0.746296 0.172656 0.749537 0.170573 0.751852 0.166927 0.751852 0.165365 0.746296 0.159115 0.739352 0.155729 0.733333 0.154427
0 0.770370 0.147917 0.766667 0.149219 0.761111 0.153906 0.762037 0.159375 0.766204 0.163281 0.772685 0.165104 0.781944 0.164844 0.785185 0.163281 0.790278 0.158333 0.790278 0.154167 0.786111 0.150521 0.781481 0.148177 0.776852 0.147656
0 0.753241 0.139844 0.745370 0.139844 0.735648 0.141927 0.732407 0.144010 0.730556 0.146354 0.730556 0.151042 0.731944 0.152604 0.737963 0.155208 0.745370 0.157031 0.747685 0.157031 0.760648 0.154427 0.766204 0.149479 0.767130 0.146354 0.765278 0.144271 0.760648 0.141927
0 0.697685 0.132031 0.694444 0.134635 0.694444 0.139323 0.696296 0.142187 0.700926 0.144792 0.709722 0.146094 0.719444 0.146094 0.723611 0.145052 0.727778 0.142187 0.729167 0.138802 0.727778 0.134115 0.723611 0.131771 0.716204 0.130208 0.703704 0.129688
0 0.697685 0.167708 0.689352 0.168750 0.685185 0.170313 0.681944 0.173698 0.681944 0.177865 0.684259 0.179427 0.687963 0.184115 0.691204 0.185938 0.698148 0.187500 0.700926 0.186198 0.703704 0.183594 0.706019 0.178385 0.706944 0.172917 0.703704 0.169531 0.701852 0.168490
0 0.710648 0.158073 0.704167 0.154427 0.698148 0.152604 0.689815 0.152083 0.682870 0.153385 0.680093 0.154948 0.678704 0.157292 0.679167 0.162500 0.682870 0.168229 0.683796 0.168750 0.686574 0.168750 0.704167 0.166667 0.711574 0.162500
0 0.680093 0.176823 0.676852 0.176302 0.668056 0.180208 0.661111 0.181510 0.662500 0.184896 0.669907 0.190885 0.676852 0.189323 0.684722 0.185677 0.685185 0.181250 0.684259 0.179427
0 0.649074 0.184375 0.647685 0.185417 0.643519 0.193229 0.644444 0.196094 0.646759 0.196875 0.663426 0.198958 0.667593 0.195573 0.668519 0.192708 0.667130 0.189583 0.662963 0.185156 0.657407 0.183594
0 0.641667 0.196875 0.636111 0.198437 0.633796 0.200521 0.631481 0.204687 0.635185 0.213021 0.638426 0.215365 0.643056 0.216406 0.650000 0.216927 0.653241 0.215885 0.658796 0.212500 0.661111 0.205990 0.661111 0.201042 0.658333 0.198958 0.655093 0.197917 0.648148 0.196875
0 0.614352 0.200781 0.608333 0.203906 0.606019 0.207813 0.605556 0.215365 0.609259 0.219792 0.621759 0.221094 0.629630 0.219792 0.632870 0.217188 0.633796 0.212760 0.627778 0.203906 0.621759 0.200000
0 0.567130 0.221615 0.565278 0.224219 0.566204 0.226042 0.569444 0.228906 0.575000 0.231510 0.586111 0.233073 0.593056 0.235156 0.597222 0.235156 0.600926 0.234635 0.606481 0.230208 0.608333 0.224479 0.607407 0.222917 0.603704 0.221094 0.596759 0.219792 0.579630 0.218490 0.573148 0.219271
0 0.573611 0.201042 0.573148 0.205208 0.582407 0.216927 0.585648 0.218229 0.593981 0.218490 0.596296 0.217969 0.602778 0.214583 0.604167 0.212240 0.604167 0.208333 0.601389 0.205208 0.597222 0.202604 0.587037 0.199740 0.579167 0.200000
0 0.586574 0.191406 0.584259 0.196875 0.584722 0.198177 0.587963 0.199740 0.599537 0.202865 0.607870 0.203125 0.616204 0.200000 0.618056 0.198437 0.618519 0.197135 0.614352 0.192448 0.607407 0.188802 0.599537 0.187760 0.593056 0.187760
0 0.635648 0.175781 0.629167 0.175781 0.621759 0.177344 0.618056 0.179688 0.613889 0.185156 0.611574 0.189583 0.617593 0.195573 0.620833 0.197135 0.629167 0.197656 0.637963 0.196354 0.640741 0.195312 0.643519 0.192188 0.646296 0.185938 0.644444 0.180208 0.641204 0.177604
0 0.642130 0.160677 0.639352 0.161458 0.634259 0.164583 0.631019 0.170573 0.633333 0.173437 0.637500 0.175781 0.643981 0.178125 0.649537 0.178906 0.656481 0.176823 0.661111 0.173437 0.662963 0.170573 0.662500 0.165625 0.660185 0.163281 0.657454 0.162240 0.648704 0.161380
0 0.610185 0.171354 0.606481 0.171094 0.597685 0.172656 0.590278 0.177604 0.590278 0.182552 0.592593 0.185938 0.594907 0.187240 0.598611 0.188021 0.607870 0.188542 0.611574 0.187500 0.616667 0.181771 0.617593 0.176823 0.613426 0.172396
0 0.622222 0.154427 0.614352 0.155990 0.612037 0.158073 0.611574 0.159635 0.612037 0.169792 0.614352 0.172396 0.617130 0.173177 0.622222 0.173177 0.628241 0.170313 0.632870 0.162760 0.633333 0.158073 0.628241 0.155469
0 0.684722 0.141146 0.675463 0.140625 0.667130 0.142448 0.659722 0.145833 0.660185 0.150781 0.668843 0.154453 0.670880 0.156276 0.677315 0.155990 0.689352 0.150521 0.690741 0.146094 0.687963 0.142708
0 0.656019 0.151302 0.650000 0.153906 0.646296 0.158333 0.649491 0.161198 0.658241 0.161953 0.663889 0.165625 0.669907 0.163021 0.671296 0.157552 0.668981 0.154688 0.660556 0.151094
0 0.625463 0.140104 0.623148 0.141667 0.622685 0.147135 0.624074 0.151042 0.625926 0.153125 0.631944 0.156510 0.634722 0.157292 0.643056 0.157292 0.645833 0.156510 0.654167 0.150781 0.654167 0.149219 0.652315 0.146615 0.645370 0.142187 0.638426 0.139583 0.634722 0.139063
0 0.666667 0.119792 0.663426 0.122135 0.662037 0.125260 0.662037 0.128125 0.664352 0.131771 0.668981 0.133854 0.677315 0.134115 0.684259 0.132292 0.691204 0.127083 0.690278 0.122917 0.685185 0.120573 0.677315 0.119271 0.668981 0.119271
0 0.658796 0.122917 0.649537 0.120052 0.642593 0.119271 0.632870 0.120833 0.628241 0.122135 0.625463 0.123698 0.623148 0.126823 0.623148 0.131250 0.629167 0.135677 0.634259 0.137240 0.642593 0.137760 0.652315 0.135417 0.658796 0.130990 0.660185 0.128125 0.660185 0.125521
0 0.607407 0.136458 0.601852 0.138021 0.594907 0.142448 0.592593 0.146615 0.593519 0.151042 0.596296 0.153906 0.604630 0.156250 0.610185 0.156510 0.616204 0.155208 0.621759 0.150521 0.622685 0.142187 0.618519 0.138021 0.614352 0.136979
0 0.593519 0.154167 0.589352 0.155469 0.584630 0.159948 0.582870 0.162240 0.593981 0.169010 0.600926 0.171354 0.606481 0.170052 0.608796 0.168490 0.610648 0.163542 0.610185 0.158073 0.600463 0.155208
0 0.572685 0.161719 0.568981 0.164323 0.566667 0.169271 0.569907 0.177604 0.571759 0.178906 0.574537 0.179427 0.586574 0.179427 0.590278 0.177865 0.593519 0.174219 0.593056 0.169792 0.591204 0.166927 0.587037 0.163802 0.582407 0.161719 0.580093 0.161198
0 0.573611 0.181250 0.565741 0.182292 0.558333 0.185417 0.554167 0.188542 0.552778 0.192188 0.553704 0.196875 0.555093 0.198437 0.559722 0.200781 0.565278 0.201563 0.574074 0.200781 0.581019 0.198698 0.583796 0.196094 0.586574 0.189583 0.586111 0.188542 0.581944 0.184896
0 0.568981 0.203385 0.562500 0.203385 0.555556 0.204687 0.551389 0.207031 0.547222 0.212760 0.548148 0.214844 0.552778 0.218490 0.558796 0.220573 0.567130 0.220573 0.571296 0.219271 0.575000 0.216927 0.576389 0.213281 0.575463 0.208594 0.572222 0.204687
0 0.587500 0.143229 0.580093 0.142187 0.574537 0.143229 0.571296 0.144792 0.566667 0.149219 0.564815 0.153385 0.566667 0.158333 0.572685 0.161198 0.580093 0.161198 0.582407 0.160677 0.591667 0.153906 0.591667 0.146354 0.590278 0.144531
0 0.556481 0.150260 0.553704 0.149479 0.543519 0.149740 0.529167 0.153906 0.526852 0.155208 0.524074 0.158333 0.525463 0.161979 0.530556 0.167187 0.537037 0.168490 0.544444 0.167969 0.550463 0.166406 0.560185 0.162240 0.563426 0.157812 0.561111 0.152865
0 0.556019 0.130729 0.551852 0.130208 0.545370 0.130990 0.537963 0.135937 0.534259 0.142708 0.535648 0.146875 0.538426 0.148698 0.544444 0.149479 0.553704 0.149479 0.557870 0.148438 0.560648 0.143490 0.561111 0.138021 0.559722 0.133333
0 0.558333 0.167969 0.551389 0.166927 0.539352 0.169271 0.533333 0.171875 0.531944 0.173437 0.531944 0.177865 0.536111 0.184115 0.540741 0.185938 0.545370 0.186719 0.552778 0.186979 0.559259 0.184635 0.567130 0.179948 0.568519 0.178385 0.567593 0.173437
0 0.523611 0.233333 0.519907 0.235156 0.515278 0.240104 0.517130 0.244271 0.525926 0.250260 0.533333 0.250781 0.541667 0.250000 0.550463 0.240365 0.548611 0.235677 0.545370 0.234115 0.539352 0.232813
0 0.538426 0.220312 0.535185 0.224219 0.534259 0.227865 0.535185 0.229948 0.537963 0.231510 0.551852 0.235156 0.565278 0.234635 0.568981 0.233333 0.569444 0.231771 0.568056 0.228906 0.562500 0.222917 0.552315 0.218229 0.543981 0.218229
0 0.522222 0.216927 0.517130 0.217708 0.513426 0.220052 0.512963 0.221615 0.515741 0.226042 0.520370 0.229427 0.524537 0.230729 0.531481 0.229167 0.533333 0.228125 0.537963 0.220573 0.535185 0.218490 0.531481 0.217448
0 0.502778 0.221875 0.496296 0.223958 0.488426 0.231510 0.488426 0.234115 0.489815 0.236719 0.496759 0.241146 0.500463 0.241927 0.511574 0.241667 0.514352 0.240365 0.519907 0.232813 0.519444 0.229948 0.517593 0.227344 0.510648 0.221875
0 0.454630 0.219531 0.450926 0.224479 0.451389 0.228646 0.457870 0.233073 0.461111 0.234115 0.469444 0.234896 0.477778 0.234115 0.481944 0.232813 0.484259 0.229427 0.483796 0.227344 0.479630 0.222917 0.471296 0.218490 0.468519 0.217708 0.461574 0.217448 0.456481 0.218490
0 0.440278 0.227865 0.433333 0.230469 0.431019 0.232031 0.431019 0.236719 0.440741 0.242969 0.450000 0.244531 0.455093 0.246875 0.458333 0.245052 0.459722 0.241146 0.457407 0.234375 0.454630 0.231510 0.449537 0.228385 0.447685 0.227865
0 0.408796 0.221615 0.407870 0.224740 0.409722 0.232813 0.412963 0.234115 0.427315 0.233594 0.430093 0.232813 0.437500 0.228646 0.434722 0.224479 0.431019 0.222135 0.427315 0.220833 0.416204 0.220312 0.410648 0.220833
0 0.434259 0.210417 0.428241 0.213281 0.427315 0.217708 0.428704 0.220833 0.437500 0.226562 0.440278 0.227344 0.447685 0.227083 0.449074 0.226302 0.450463 0.223177 0.452778 0.220833 0.453241 0.216667 0.445370 0.210417 0.442593 0.209635
0 0.392130 0.217708 0.387963 0.218750 0.382407 0.222135 0.379167 0.228385 0.379167 0.231510 0.381019 0.235937 0.388426 0.238802 0.393056 0.239844 0.399537 0.238542 0.405556 0.235417 0.407407 0.233073 0.407870 0.227865 0.406944 0.223438 0.404167 0.220573 0.400000 0.218490
0 0.364352 0.211198 0.357407 0.214062 0.355093 0.217188 0.359722 0.222396 0.366667 0.225260 0.371296 0.228125 0.378704 0.227604 0.381019 0.219531 0.378241 0.213802 0.376389 0.211979 0.373148 0.210938
0 0.390278 0.201302 0.386111 0.203906 0.383796 0.208854 0.387037 0.215104 0.389352 0.216667 0.391667 0.217188 0.406481 0.217969 0.412037 0.215365 0.413889 0.213281 0.413426 0.208854 0.408333 0.203125 0.400000 0.199740
0 0.427778 0.198177 0.419444 0.199479 0.415278 0.201302 0.414352 0.202604 0.414352 0.211719 0.415741 0.214323 0.418056 0.215104 0.420833 0.215365 0.426852 0.214583 0.430093 0.212500 0.439352 0.208594 0.439815 0.204948 0.433333 0.199740
0 0.430093 0.192188 0.429167 0.194792 0.430556 0.198437 0.437500 0.202604 0.440741 0.206250 0.446667 0.209557 0.449074 0.196875 0.444444 0.191667 0.442593 0.190625 0.440278 0.190365
0 0.469444 0.196094 0.458333 0.196094 0.451852 0.197917 0.449537 0.200000 0.448611 0.204427 0.449074 0.209896 0.454630 0.215625 0.461574 0.217448 0.468056 0.216667 0.471296 0.215104 0.479167 0.205208 0.477315 0.201563 0.474537 0.198698
0 0.490278 0.204948 0.482407 0.205469 0.477315 0.208073 0.471759 0.216146 0.471759 0.217188 0.475463 0.220573 0.481944 0.223177 0.493519 0.221875 0.497222 0.219792 0.497685 0.214583 0.496296 0.208854 0.494907 0.207292
0 0.517593 0.200000 0.509722 0.199219 0.501852 0.201563 0.498148 0.204167 0.497222 0.208073 0.498148 0.216406 0.499537 0.219010 0.503241 0.221094 0.510648 0.220573 0.519907 0.214844 0.523611 0.210156 0.525463 0.204948 0.521759 0.201563
0 0.552315 0.197917 0.543519 0.197656 0.540278 0.198177 0.529630 0.203125 0.528241 0.204687 0.527778 0.209115 0.530556 0.211979 0.537500 0.213802 0.545370 0.213542 0.554630 0.202865 0.555093 0.201042
0 0.541204 0.186979 0.537500 0.188542 0.536574 0.189844 0.536574 0.194792 0.538426 0.197396 0.549074 0.197396 0.551852 0.195573 0.550926 0.189062 0.546296 0.186719
0 0.510648 0.186719 0.507407 0.188802 0.506019 0.191146 0.506019 0.194010 0.509722 0.198437 0.512963 0.199479 0.518519 0.200000 0.524074 0.202083 0.531481 0.202083 0.536574 0.197656 0.535648 0.192448 0.532407 0.188021 0.529630 0.186979 0.519444 0.185938 0.514815 0.185938
0 0.497222 0.186719 0.491204 0.186719 0.483796 0.187760 0.474074 0.192969 0.473611 0.197396 0.481481 0.203125 0.487963 0.204167 0.496759 0.203385 0.502778 0.201302 0.506481 0.199219 0.507870 0.197135 0.506481 0.196094 0.503241 0.189323
0 0.450926 0.175781 0.449074 0.177344 0.447685 0.180469 0.447685 0.185677 0.450463 0.189583 0.455556 0.192448 0.461111 0.194010 0.469907 0.193750 0.473611 0.192448 0.478704 0.189583 0.479167 0.184896 0.474074 0.179688 0.470370 0.177604 0.461111 0.175260 0.454167 0.175000
0 0.441204 0.173177 0.432870 0.172917 0.426852 0.173958 0.417130 0.181250 0.416204 0.185677 0.419444 0.188542 0.426389 0.192188 0.436250 0.190573 0.442130 0.190104 0.444444 0.188542 0.446296 0.185417 0.446296 0.178646 0.444444 0.175260
0 0.399074 0.184115 0.396296 0.187500 0.395833 0.190625 0.397222 0.194271 0.401389 0.198698 0.406019 0.201042 0.414815 0.200521 0.420370 0.198958 0.425000 0.195573 0.425926 0.194010 0.425000 0.192188 0.409722 0.184635 0.406481 0.183854
0 0.488889 0.170573 0.481944 0.173698 0.481481 0.178125 0.486574 0.182292 0.493519 0.185938 0.502315 0.187760 0.508333 0.186979 0.510648 0.185677 0.510648 0.180990 0.505556 0.172917 0.501389 0.170313 0.496759 0.169271
0 0.524074 0.171615 0.513889 0.173698 0.511574 0.175781 0.510648 0.178646 0.512037 0.183854 0.513889 0.185677 0.525648 0.185625 0.531019 0.185938 0.532870 0.184896 0.534259 0.181510 0.530556 0.175000 0.526852 0.172396
0 0.371759 0.192188 0.363889 0.194010 0.360185 0.197396 0.359722 0.201823 0.362963 0.204948 0.365741 0.209635 0.370370 0.210938 0.373611 0.210677 0.379630 0.208333 0.383333 0.205990 0.387963 0.201302 0.385648 0.196615 0.379676 0.194661
0 0.377778 0.177865 0.371296 0.180208 0.369907 0.181510 0.369444 0.185677 0.372222 0.191406 0.375000 0.192969 0.385648 0.196094 0.389815 0.194792 0.392130 0.193229 0.395370 0.185677 0.394444 0.181771 0.392593 0.180208 0.387963 0.178646
0 0.081944 0.291406 0.080093 0.292187 0.078704 0.294271 0.078704 0.301302 0.080093 0.305469 0.081481 0.307031 0.084722 0.308333 0.093981 0.308073 0.101389 0.304427 0.105093 0.299219 0.104167 0.295312 0.100463 0.292969 0.094444 0.291406 0.089352 0.290885
0 0.105093 0.284115 0.101852 0.286458 0.101852 0.290365 0.103241 0.293229 0.107870 0.296875 0.109722 0.299479 0.113426 0.301302 0.118981 0.302865 0.128704 0.303906 0.134722 0.298958 0.134722 0.294531 0.132870 0.290625 0.127778 0.284635 0.122222 0.281771 0.113889 0.282292
0 0.140741 0.288281 0.137037 0.290625 0.138889 0.298698 0.148148 0.304167 0.156019 0.304427 0.157407 0.302865 0.157870 0.299219 0.157407 0.293750 0.156019 0.290885 0.153704 0.289323 0.149537 0.288021
0 0.177315 0.282292 0.170833 0.282813 0.167130 0.283854 0.162037 0.286979 0.159259 0.290625 0.159259 0.294531 0.161111 0.298958 0.169444 0.305208 0.177315 0.305208 0.186574 0.300521 0.190278 0.295052 0.190278 0.290104 0.187500 0.285938 0.184259 0.284115
0 0.209259 0.294010 0.206944 0.295312 0.204630 0.298698 0.205093 0.302083 0.206944 0.305469 0.215278 0.311979 0.217593 0.312760 0.225926 0.313281 0.229167 0.310677 0.230093 0.306771 0.226389 0.300000 0.225926 0.296875 0.224537 0.295312 0.220370 0.293490
0 0.238426 0.287760 0.227315 0.290885 0.226389 0.297135 0.227315 0.301042 0.230556 0.305208 0.234722 0.307552 0.240278 0.308333 0.245370 0.307031 0.250000 0.303646 0.253241 0.295833 0.253241 0.291667 0.252315 0.290625 0.246759 0.288542
0 0.257407 0.294271 0.253704 0.297917 0.253704 0.303385 0.256019 0.306510 0.267130 0.310417 0.272222 0.311198 0.281481 0.311198 0.285648 0.306510 0.283333 0.302604 0.277315 0.296094 0.267593 0.292708
0 0.274537 0.278646 0.267130 0.282813 0.267130 0.288802 0.270370 0.292187 0.278241 0.296094 0.288889 0.297917 0.297685 0.294531 0.300463 0.292187 0.300926 0.290104 0.298148 0.283333 0.293056 0.280469 0.287500 0.278646 0.281944 0.277865
0 0.303704 0.280469 0.300463 0.282813 0.300463 0.287240 0.303241 0.290625 0.306019 0.291667 0.323611 0.293490 0.325926 0.292187 0.329630 0.287500 0.329167 0.285938 0.326389 0.283333 0.315278 0.279427 0.308796 0.279167
0 0.309722 0.260156 0.302778 0.261458 0.286574 0.270573 0.285648 0.275260 0.286574 0.277083 0.294907 0.280990 0.302315 0.281250 0.306944 0.279167 0.311574 0.278385 0.314815 0.276823 0.321296 0.271615 0.322222 0.266927 0.320370 0.264062
0 0.273148 0.252604 0.272222 0.254427 0.272222 0.259896 0.275463 0.263021 0.281019 0.265625 0.289815 0.265885 0.293056 0.265365 0.305556 0.259896 0.304167 0.255729 0.288889 0.248958 0.280093 0.248958 0.275926 0.250260
0 0.262500 0.263281 0.260648 0.264583 0.257870 0.271094 0.258333 0.274219 0.260648 0.276562 0.266204 0.278385 0.275000 0.278385 0.282407 0.276823 0.284259 0.275781 0.284259 0.270573 0.280093 0.265625 0.273148 0.262760 0.267593 0.261719
0 0.241667 0.275260 0.237963 0.277604 0.237037 0.279427 0.242130 0.286719 0.247222 0.289062 0.257870 0.291927 0.261574 0.292187 0.265278 0.291406 0.266204 0.290625 0.265741 0.284115 0.263426 0.280990 0.259259 0.277604 0.253241 0.274479 0.246296 0.273958
0 0.234259 0.278646 0.232407 0.277604 0.225000 0.276823 0.219444 0.279427 0.209722 0.282292 0.206019 0.284375 0.204167 0.286458 0.204167 0.288021 0.206481 0.291667 0.211574 0.293229 0.220370 0.292448 0.236574 0.287240 0.237963 0.283073
0 0.207870 0.267969 0.197222 0.266146 0.185648 0.269271 0.175463 0.275000 0.176852 0.280990 0.183796 0.284115 0.191204 0.284635 0.204630 0.282031 0.209722 0.280469 0.212500 0.278646 0.214815 0.275260 0.211574 0.270313
0 0.255556 0.260937 0.247222 0.257552 0.238889 0.256510 0.232870 0.260417 0.226389 0.263281 0.223611 0.263802 0.222222 0.264844 0.220833 0.268750 0.220833 0.272656 0.221759 0.273958 0.225000 0.275521 0.233333 0.276302 0.253704 0.272656 0.256944 0.270573 0.258796 0.268229 0.258333 0.264062
0 0.239352 0.248438 0.237037 0.251302 0.237037 0.253385 0.239815 0.256250 0.253241 0.258854 0.262037 0.258594 0.268056 0.257552 0.268981 0.256510 0.268056 0.252083 0.265278 0.248698 0.261111 0.246354 0.254630 0.245312 0.246759 0.245573 0.242593 0.246615
0 0.232870 0.243490 0.224537 0.243229 0.218519 0.243750 0.203704 0.251823 0.203241 0.256510 0.207407 0.259896 0.212037 0.261979 0.218056 0.263542 0.225926 0.263281 0.232407 0.259635 0.235648 0.255990 0.235648 0.252083 0.237037 0.248438 0.236574 0.246875
0 0.173148 0.248438 0.169907 0.251302 0.169907 0.255990 0.175463 0.260156 0.178704 0.261198 0.184722 0.261979 0.191667 0.261458 0.197222 0.259896 0.200000 0.256510 0.200000 0.253125 0.195833 0.247917 0.192130 0.247135 0.178704 0.247135
0 0.156019 0.259635 0.151389 0.263281 0.153241 0.268490 0.156019 0.272135 0.160185 0.275521 0.168519 0.275781 0.171759 0.275260 0.177315 0.272656 0.179630 0.270573 0.181019 0.267708 0.179630 0.263802 0.177315 0.261719 0.168519 0.258854 0.162500 0.258594
0 0.113889 0.263802 0.111111 0.266667 0.110648 0.271875 0.112037 0.273438 0.120370 0.278646 0.125926 0.280729 0.134259 0.282552 0.142593 0.282292 0.149074 0.279427 0.150463 0.274740 0.148148 0.271354 0.137963 0.264062 0.128704 0.260937 0.121296 0.261198
0 0.086111 0.265885 0.082407 0.267708 0.079167 0.271354 0.080093 0.275781 0.082407 0.280208 0.086574 0.283854 0.094444 0.283854 0.104167 0.278385 0.106019 0.276042 0.106019 0.271354 0.101389 0.268490 0.094444 0.266146
0 0.118519 0.254427 0.114815 0.252344 0.107870 0.250521 0.100000 0.251823 0.093519 0.255729 0.090741 0.259635 0.091667 0.263542 0.095833 0.265104 0.102315 0.265625 0.110185 0.264583 0.116204 0.262760 0.120833 0.259896
0 0.134259 0.247656 0.132407 0.252083 0.143519 0.256250 0.156019 0.258333 0.162963 0.257292 0.165741 0.255990 0.168056 0.252865 0.169444 0.248177 0.167130 0.245312 0.161574 0.242448 0.157407 0.241406 0.147685 0.241406 0.140741 0.243229
0 0.169907 0.227865 0.159722 0.232813 0.157407 0.235417 0.157407 0.237240 0.159259 0.239323 0.166667 0.242708 0.175463 0.243490 0.179167 0.243229 0.182870 0.242188 0.185648 0.240365 0.185648 0.235417 0.184259 0.232292 0.179167 0.228646
0 0.120370 0.233594 0.112500 0.234896 0.108333 0.236198 0.106019 0.237500 0.104167 0.240365 0.106481 0.244271 0.114352 0.249740 0.118519 0.250521 0.124074 0.250521 0.126852 0.250000 0.132870 0.246094 0.137500 0.240885 0.137500 0.239323 0.136111 0.237240 0.132407 0.234896 0.127315 0.233854
0 0.195370 0.227604 0.190278 0.229427 0.186574 0.232031 0.187963 0.237500 0.189352 0.239844 0.194444 0.243229 0.197222 0.244010 0.205093 0.244010 0.209259 0.242708 0.212963 0.240365 0.214352 0.236198 0.211574 0.232031 0.206944 0.229427 0.198611 0.227344
0 0.257870 0.236198 0.253704 0.230729 0.244444 0.230208 0.232407 0.230729 0.226389 0.232292 0.222685 0.236458 0.228241 0.240365 0.238889 0.242708 0.255556 0.241146 0.256944 0.240365
0 0.259259 0.235677 0.258333 0.241406 0.261574 0.246354 0.266204 0.248438 0.273148 0.250000 0.284722 0.247656 0.287037 0.246094 0.287963 0.244271 0.291667 0.242969 0.294444 0.240625 0.293056 0.237760 0.286574 0.234896 0.275000 0.233594 0.266667 0.233594
0 0.286574 0.247656 0.287500 0.248698 0.295833 0.251563 0.301389 0.254427 0.308333 0.256510 0.324074 0.256510 0.327778 0.255729 0.330556 0.253385 0.331019 0.244792 0.329630 0.243490 0.324074 0.241927 0.308333 0.240885 0.298611 0.241146 0.289815 0.244010
0 0.334722 0.242188 0.331481 0.244010 0.331019 0.253646 0.331944 0.255469 0.343519 0.257552 0.350926 0.257292 0.358796 0.252083 0.361574 0.248177 0.360648 0.246615 0.355556 0.243229 0.351389 0.242188 0.343981 0.241406
0 0.359259 0.222396 0.350463 0.222656 0.346759 0.223438 0.338889 0.230469 0.337963 0.232292 0.338426 0.235417 0.342130 0.240365 0.343519 0.240885 0.352315 0.241667 0.359259 0.240365 0.364352 0.236719 0.369907 0.234375 0.371759 0.232552 0.370833 0.228125 0.363889 0.223698
0 0.322685 0.217708 0.318519 0.220312 0.317593 0.222656 0.317593 0.228646 0.318519 0.232813 0.322685 0.237240 0.330093 0.238802 0.337037 0.235417 0.338426 0.231510 0.344907 0.223958 0.343981 0.220312 0.342130 0.219531 0.331944 0.217448
0 0.316204 0.228385 0.309259 0.226562 0.295833 0.228385 0.291667 0.232292 0.292593 0.236458 0.295370 0.238281 0.301389 0.239323 0.310648 0.239323 0.313889 0.238542 0.317593 0.236458 0.318056 0.231510
0 0.267130 0.218229 0.262500 0.224219 0.262963 0.228906 0.264815 0.231250 0.267593 0.232813 0.270833 0.233594 0.280556 0.234375 0.288426 0.234115 0.293056 0.229167 0.293056 0.224219 0.288889 0.219271 0.281944 0.216927 0.272222 0.216927
0 0.245833 0.207552 0.236574 0.210156 0.231481 0.212500 0.228241 0.216667 0.228241 0.220833 0.237037 0.225000 0.248148 0.225781 0.252315 0.224740 0.259722 0.220833 0.262963 0.217188 0.263889 0.212760 0.258796 0.210156
0 0.316667 0.204427 0.307870 0.204687 0.303241 0.206250 0.300926 0.208854 0.299537 0.212240 0.300463 0.217188 0.301852 0.219271 0.307870 0.221875 0.315741 0.220833 0.324537 0.215885 0.325463 0.207813 0.323148 0.205990
0 0.351389 0.199740 0.341667 0.199479 0.338426 0.200260 0.332870 0.203125 0.327315 0.208073 0.326389 0.211198 0.326852 0.216927 0.343981 0.219010 0.361111 0.211719 0.363426 0.209375 0.362037 0.204687 0.357870 0.201823
0 0.217593 0.217969 0.212037 0.220052 0.206944 0.224740 0.207870 0.227083 0.211574 0.230469 0.212963 0.233333 0.215741 0.234635 0.218981 0.235156 0.225926 0.232292 0.230556 0.231250 0.233333 0.229687 0.233796 0.224479 0.228704 0.221094 0.223148 0.219010
0 0.190741 0.208073 0.181019 0.213281 0.178704 0.216667 0.178241 0.221094 0.179630 0.222917 0.184259 0.224479 0.189352 0.225000 0.198611 0.224740 0.209259 0.220833 0.212037 0.216406 0.209259 0.212760 0.197685 0.208333
0 0.167593 0.221615 0.158333 0.219531 0.151389 0.219010 0.134722 0.221094 0.130093 0.223958 0.128704 0.228646 0.131944 0.233594 0.135648 0.236198 0.139815 0.237240 0.146759 0.237240 0.151389 0.236458 0.167130 0.228385 0.169444 0.224740
0 0.106944 0.213281 0.100926 0.216667 0.102778 0.224740 0.105093 0.228646 0.108333 0.230208 0.113889 0.231510 0.121759 0.231250 0.124537 0.228646 0.125926 0.225260 0.124074 0.219792 0.122685 0.218229 0.114815 0.213802
0 0.086574 0.222396 0.081019 0.224479 0.076389 0.228385 0.078241 0.236198 0.080093 0.237500 0.085648 0.239323 0.093981 0.239063 0.102778 0.236198 0.103704 0.228906 0.102315 0.227083 0.097222 0.223958
0 0.077315 0.204687 0.076389 0.209635 0.077778 0.212500 0.080093 0.214844 0.086574 0.217708 0.099074 0.215625 0.106944 0.211719 0.108333 0.208854 0.106019 0.206250 0.102778 0.204167 0.094444 0.202083 0.085185 0.202083 0.080093 0.202865
0 0.134722 0.199219 0.128241 0.201302 0.120833 0.201823 0.117593 0.203125 0.116667 0.204427 0.116667 0.210677 0.118519 0.214062 0.124537 0.217969 0.136111 0.219792 0.144907 0.218490 0.149074 0.217188 0.152778 0.214583 0.154167 0.212500 0.152778 0.208333 0.146759 0.202865 0.142130 0.200260
0 0.090278 0.189062 0.087963 0.192188 0.088426 0.195312 0.091204 0.198958 0.095833 0.201302 0.101389 0.202865 0.107870 0.203385 0.118056 0.200260 0.120370 0.198958 0.121759 0.196354 0.121296 0.192708 0.118519 0.190885 0.109259 0.187760 0.100000 0.187500
0 0.077778 0.175260 0.076389 0.177083 0.076389 0.182031 0.078704 0.185938 0.082407 0.188281 0.085185 0.188802 0.094444 0.188281 0.104167 0.185938 0.107407 0.184375 0.108796 0.182552 0.109259 0.177604 0.106944 0.175000 0.100463 0.172917 0.083333 0.172917 0.080556 0.173437
0 0.081481 0.156510 0.078241 0.158073 0.075926 0.161198 0.076852 0.166406 0.081019 0.171875 0.085185 0.172656 0.096296 0.172396 0.099537 0.171615 0.106481 0.168229 0.108333 0.166406 0.109722 0.161719 0.106019 0.158333 0.094444 0.155469 0.086574 0.155469
0 0.139352 0.165104 0.126852 0.162240 0.119907 0.162240 0.113426 0.163542 0.109722 0.166146 0.108796 0.169271 0.109259 0.174740 0.112037 0.176302 0.121296 0.178906 0.127778 0.177865 0.137963 0.174740 0.140741 0.172917 0.142593 0.170052
0 0.135185 0.175781 0.124537 0.179688 0.122685 0.181250 0.120833 0.185677 0.121296 0.189583 0.125463 0.194010 0.129630 0.195833 0.136111 0.197135 0.142593 0.195573 0.145833 0.193490 0.151852 0.185417 0.150926 0.181771 0.149537 0.180469 0.142130 0.176563
0 0.182870 0.196354 0.179167 0.195573 0.168981 0.195573 0.162500 0.197396 0.158796 0.200260 0.155093 0.204687 0.156944 0.209115 0.159259 0.210677 0.164352 0.211719 0.175000 0.211458 0.180093 0.210417 0.185185 0.208073 0.189815 0.205208 0.188889 0.200781
0 0.156481 0.183333 0.156019 0.185156 0.151852 0.189062 0.153241 0.191927 0.156019 0.193490 0.160648 0.194531 0.162963 0.195833 0.178241 0.195312 0.181944 0.194010 0.182407 0.189062 0.178241 0.186198 0.170370 0.183073 0.163426 0.181510 0.159259 0.182031
0 0.169444 0.165625 0.164815 0.164583 0.161111 0.164583 0.152315 0.165885 0.145370 0.169271 0.140278 0.173958 0.149074 0.178646 0.156944 0.178906 0.162500 0.178646 0.165741 0.177865 0.169444 0.176042 0.171296 0.174219 0.172222 0.169792
0 0.175000 0.171875 0.171759 0.178646 0.173148 0.182292 0.177315 0.184635 0.183333 0.186458 0.186111 0.186458 0.196759 0.184896 0.205093 0.184635 0.208796 0.182552 0.209722 0.177604 0.206481 0.173437 0.199074 0.169792 0.189352 0.169531 0.185185 0.170313 0.177778 0.170573
0 0.195370 0.185417 0.192593 0.185938 0.190278 0.187240 0.188426 0.189323 0.187037 0.194010 0.187963 0.197656 0.191667 0.202604 0.193519 0.203906 0.198611 0.205208 0.205093 0.204427 0.209722 0.201563 0.213889 0.197135 0.214352 0.193229 0.210185 0.188021 0.207870 0.186719 0.204167 0.185677
0 0.232870 0.198177 0.225463 0.197396 0.218519 0.197396 0.212963 0.199219 0.208796 0.201823 0.205556 0.204687 0.206019 0.208854 0.212500 0.213542 0.218519 0.214844 0.225463 0.214062 0.230093 0.212760 0.236574 0.209375 0.240741 0.204687 0.238889 0.201042
0 0.251852 0.194271 0.249537 0.195573 0.245833 0.200781 0.246296 0.204948 0.248611 0.207292 0.252315 0.208854 0.266667 0.212500 0.274537 0.211458 0.275926 0.209896 0.275463 0.206250 0.273611 0.202604 0.269444 0.198177 0.262500 0.194531 0.256481 0.194010
0 0.302315 0.196354 0.295370 0.196615 0.290741 0.198698 0.278704 0.202083 0.276389 0.203385 0.275463 0.204687 0.275926 0.209115 0.277315 0.211198 0.279167 0.212240 0.287963 0.214844 0.295370 0.215104 0.299074 0.213802 0.301852 0.207031 0.304167 0.203906 0.304167 0.200000
0 0.313426 0.186198 0.310648 0.186979 0.307870 0.189323 0.307870 0.194271 0.311111 0.199219 0.313889 0.201823 0.317130 0.203385 0.322685 0.204687 0.327315 0.204167 0.330093 0.203125 0.331944 0.201302 0.333796 0.197656 0.332870 0.192708 0.331019 0.189323 0.326389 0.186719 0.323611 0.185938
0 0.343981 0.181250 0.338426 0.182552 0.334259 0.185417 0.333333 0.190885 0.334722 0.194792 0.337500 0.197656 0.339352 0.198437 0.346296 0.198958 0.354630 0.198698 0.359259 0.196875 0.363889 0.194010 0.366667 0.189844 0.366204 0.188281 0.361111 0.183854 0.357407 0.181771 0.351852 0.180990
0 0.263426 0.179427 0.260648 0.178906 0.250463 0.179427 0.248148 0.180208 0.244444 0.183333 0.243519 0.185677 0.245370 0.190365 0.251389 0.193490 0.262037 0.193750 0.267593 0.192969 0.270833 0.191927 0.273611 0.189844 0.275926 0.185417 0.271759 0.182552
0 0.296759 0.185156 0.287500 0.183333 0.279630 0.184896 0.275926 0.186719 0.270833 0.192969 0.272222 0.196354 0.275000 0.198698 0.278704 0.200000 0.282407 0.200260 0.291667 0.196875 0.299074 0.196094 0.300926 0.195312 0.301389 0.192708 0.299537 0.188021
0 0.218056 0.176302 0.214815 0.177865 0.212037 0.181510 0.211574 0.185677 0.212963 0.189583 0.218519 0.193750 0.225463 0.195052 0.233333 0.195312 0.240741 0.192188 0.242593 0.190625 0.243056 0.189062 0.241667 0.183854 0.233333 0.177604 0.226389 0.176302
0 0.210648 0.164323 0.209259 0.165625 0.208796 0.170052 0.217130 0.174740 0.232870 0.176042 0.238889 0.173698 0.239815 0.169792 0.233796 0.164583 0.227315 0.161458 0.218056 0.161458
0 0.243519 0.169792 0.243981 0.173958 0.245833 0.176042 0.246296 0.178125 0.250926 0.177604 0.260648 0.178125 0.263426 0.177344 0.267593 0.174219 0.265278 0.171615 0.261574 0.169271 0.253704 0.167187 0.246296 0.168490
0 0.268056 0.148177 0.265278 0.148438 0.259259 0.150521 0.250463 0.151302 0.248611 0.152083 0.247222 0.154167 0.248148 0.158594 0.252315 0.164062 0.256019 0.166406 0.260185 0.167969 0.268056 0.168490 0.277315 0.166406 0.282870 0.164062 0.284722 0.162240 0.282407 0.154427 0.274537 0.149479
0 0.294907 0.148177 0.288889 0.150260 0.287500 0.152344 0.284722 0.154167 0.283796 0.157031 0.284722 0.161458 0.291667 0.166406 0.302315 0.167187 0.311111 0.162240 0.313426 0.158594 0.312963 0.153906 0.307870 0.150260 0.302315 0.148698
0 0.284722 0.169792 0.281481 0.173437 0.281481 0.178385 0.285648 0.182292 0.295370 0.184635 0.304167 0.185417 0.312963 0.183854 0.318519 0.180469 0.319907 0.178385 0.318981 0.174219 0.313426 0.171354 0.302315 0.168229 0.295833 0.167708 0.287963 0.167969
0 0.315741 0.159896 0.314352 0.162500 0.317130 0.166146 0.318519 0.170833 0.321296 0.173177 0.330556 0.173177 0.337963 0.171354 0.339815 0.170313 0.341667 0.167187 0.341667 0.164062 0.340741 0.161979 0.337037 0.159896 0.330556 0.158073 0.322222 0.157812
0 0.337500 0.171354 0.331019 0.172656 0.326852 0.175260 0.326389 0.181771 0.329630 0.183073 0.336574 0.182812 0.343056 0.181510 0.345833 0.179688 0.346296 0.177344 0.341204 0.172656
0 0.375463 0.145313 0.369444 0.145052 0.357870 0.147135 0.355556 0.148177 0.353704 0.150260 0.355556 0.156771 0.357870 0.158594 0.363426 0.160156 0.372222 0.160417 0.379630 0.157292 0.382407 0.150000 0.379167 0.147135
0 0.357407 0.159635 0.350463 0.160938 0.343519 0.164844 0.341667 0.170833 0.344444 0.174740 0.349537 0.179427 0.353241 0.180729 0.364815 0.182552 0.369444 0.181250 0.375926 0.177865 0.379167 0.173437 0.377315 0.169792 0.373611 0.167187 0.361111 0.160677
0 0.385185 0.164062 0.383333 0.165885 0.382407 0.169010 0.383796 0.173437 0.387963 0.177344 0.398611 0.183333 0.407407 0.183333 0.417130 0.178646 0.418519 0.174479 0.417593 0.171615 0.407407 0.165625 0.399537 0.163021 0.390278 0.163021
0 0.415741 0.155729 0.413426 0.157812 0.412500 0.161979 0.414815 0.166146 0.422222 0.170573 0.427778 0.171615 0.434722 0.170573 0.440278 0.167187 0.442593 0.163021 0.442593 0.161458 0.439352 0.158594 0.434259 0.156510 0.428241 0.155208 0.418981 0.154948
0 0.455556 0.160417 0.446296 0.160938 0.443056 0.162240 0.441667 0.165625 0.442593 0.170052 0.445833 0.173958 0.448148 0.174740 0.456944 0.174479 0.462037 0.171615 0.462037 0.164323 0.459722 0.161979
0 0.488889 0.155729 0.484259 0.154688 0.475926 0.154948 0.469907 0.155990 0.465741 0.157812 0.462963 0.161458 0.462963 0.173958 0.468519 0.175521 0.475926 0.175781 0.494907 0.167448 0.496296 0.166146 0.495833 0.161719 0.493519 0.158854
0 0.503704 0.159635 0.500463 0.161979 0.500463 0.167448 0.501852 0.169531 0.505093 0.171354 0.510185 0.172656 0.518056 0.172656 0.522685 0.171615 0.525926 0.170052 0.528241 0.165885 0.524537 0.160417 0.521759 0.158594 0.518981 0.157812 0.510185 0.157552
0 0.506944 0.139844 0.502778 0.141406 0.496759 0.145833 0.494907 0.150521 0.497222 0.152604 0.501852 0.154688 0.515741 0.157292 0.520370 0.157031 0.523611 0.155469 0.526389 0.152083 0.526389 0.146354 0.524537 0.144531 0.516667 0.140625 0.512037 0.139583
0 0.477315 0.139583 0.475000 0.139323 0.468519 0.140625 0.460185 0.144010 0.456944 0.146354 0.456481 0.151302 0.459259 0.153385 0.464815 0.155469 0.468981 0.155990 0.485648 0.153906 0.487963 0.152344 0.488426 0.148698 0.487500 0.145573 0.483333 0.141927
0 0.461111 0.127604 0.453241 0.126823 0.447685 0.128125 0.443519 0.130469 0.439815 0.133854 0.439352 0.138802 0.443519 0.141406 0.447222 0.145573 0.458333 0.145052 0.472222 0.139063 0.472222 0.134375 0.469444 0.131250
0 0.383796 0.149740 0.381019 0.153906 0.380556 0.158333 0.384259 0.160417 0.391667 0.162240 0.404167 0.162240 0.408796 0.161719 0.411111 0.160677 0.412037 0.159115 0.411111 0.156250 0.402778 0.149479 0.393519 0.147396 0.390741 0.147396 0.386111 0.148438
0 0.391204 0.132031 0.387037 0.133333 0.384722 0.135156 0.384722 0.141927 0.387500 0.146615 0.398148 0.148958 0.406481 0.148177 0.410185 0.146094 0.412963 0.142708 0.413889 0.138542 0.411574 0.134375 0.408333 0.133073 0.401852 0.132031
0 0.406481 0.115104 0.402315 0.118490 0.402778 0.122396 0.404167 0.125000 0.410648 0.131771 0.412500 0.132812 0.416204 0.133333 0.421296 0.133333 0.428704 0.131771 0.432870 0.128646 0.434722 0.123698 0.433333 0.119531 0.427315 0.115625 0.420370 0.113802 0.412500 0.113802
0 0.371759 0.129167 0.364815 0.126302 0.357870 0.125781 0.348611 0.128646 0.344444 0.130729 0.339352 0.138281 0.339815 0.142708 0.343056 0.143750 0.351389 0.144010 0.364815 0.141927 0.369907 0.140365 0.372685 0.138802 0.375463 0.135156 0.374074 0.131250
0 0.322222 0.130990 0.314815 0.132292 0.310648 0.134635 0.309722 0.138802 0.313426 0.147135 0.315741 0.148438 0.323611 0.148958 0.327315 0.147917 0.336111 0.142708 0.337500 0.140365 0.337500 0.137760 0.336111 0.134896 0.331481 0.132292
0 0.266204 0.123698 0.264352 0.124740 0.262963 0.127083 0.262500 0.135156 0.265278 0.140104 0.268056 0.142969 0.274537 0.144792 0.283333 0.144010 0.291204 0.141667 0.293981 0.139323 0.293981 0.134635 0.288426 0.129427 0.280093 0.125000 0.275000 0.123438
0 0.237500 0.134896 0.231944 0.135677 0.227315 0.138021 0.226389 0.143229 0.227778 0.145833 0.231481 0.148958 0.236574 0.151823 0.240741 0.152344 0.245370 0.151302 0.249537 0.148438 0.251389 0.145573 0.251389 0.141146 0.249537 0.138021 0.246296 0.136198 0.241204 0.134896
0 0.314352 0.116146 0.306944 0.116146 0.303241 0.117188 0.300000 0.119531 0.297685 0.122917 0.298148 0.127083 0.300463 0.129948 0.303704 0.132292 0.307870 0.133594 0.310185 0.133594 0.319444 0.130990 0.323611 0.128906 0.325926 0.126562 0.326852 0.122917 0.320370 0.117708
0 0.225926 0.145313 0.218056 0.145313 0.212037 0.146354 0.206944 0.148698 0.202315 0.153125 0.199074 0.158073 0.204630 0.162500 0.212500 0.163021 0.218981 0.160938 0.226852 0.160156 0.231019 0.158854 0.234722 0.154688 0.234259 0.151562 0.232407 0.149219
0 0.204167 0.129167 0.201389 0.130729 0.199537 0.135417 0.199537 0.138802 0.197222 0.142187 0.199074 0.144531 0.204630 0.147396 0.212037 0.146615 0.220370 0.144271 0.223148 0.142708 0.221296 0.137500 0.215278 0.131250 0.212037 0.129948
0 0.176852 0.123177 0.172685 0.125000 0.170833 0.126823 0.169907 0.131510 0.174074 0.136719 0.175926 0.137760 0.184259 0.139063 0.190278 0.137500 0.195833 0.134375 0.199537 0.130990 0.199074 0.126823 0.195833 0.125000 0.191204 0.123698
0 0.183796 0.143750 0.175926 0.147656 0.174074 0.149740 0.174074 0.154427 0.175000 0.155469 0.176852 0.156250 0.189815 0.157812 0.198148 0.158073 0.201852 0.154427 0.202315 0.149219 0.200463 0.146615 0.194444 0.143490 0.188426 0.143229
0 0.173148 0.157292 0.170370 0.161979 0.171759 0.166406 0.175926 0.169010 0.182870 0.169792 0.190741 0.169271 0.199074 0.167708 0.201389 0.166406 0.201389 0.161979 0.195833 0.158594 0.185648 0.156510 0.176389 0.155990
0 0.135185 0.144531 0.127315 0.146615 0.124537 0.149479 0.122222 0.154688 0.124074 0.158594 0.127315 0.161458 0.137037 0.162760 0.142593 0.161719 0.147222 0.158594 0.147685 0.153385 0.146296 0.150000 0.143519 0.147396 0.140741 0.145833
0 0.114815 0.140365 0.100000 0.140625 0.094444 0.142448 0.091667 0.146094 0.091667 0.151042 0.093981 0.154688 0.106944 0.158073 0.112963 0.157292 0.118519 0.154948 0.121296 0.150521 0.121296 0.145052 0.119907 0.142708
0 0.128241 0.131771 0.120370 0.134635 0.118981 0.139583 0.122222 0.142969 0.126389 0.144010 0.130556 0.144010 0.135648 0.143229 0.137500 0.142187 0.138426 0.134115 0.135648 0.132292
0 0.149074 0.126562 0.143981 0.129167 0.140741 0.133073 0.140278 0.135677 0.141667 0.138281 0.144907 0.141406 0.156019 0.146875 0.164815 0.146615 0.169444 0.144531 0.172685 0.141406 0.173611 0.138021 0.170833 0.133333 0.167593 0.129688 0.162963 0.127083 0.156481 0.126302
0 0.117130 0.000000 0.108796 0.000000 0.108796 0.002083 0.113889 0.006250 0.112500 0.007292 0.106019 0.007812 0.100926 0.009115 0.095833 0.005729 0.095370 0.000000 0.091204 0.000000 0.091204 0.004687 0.088426 0.007292 0.086574 0.008073 0.079630 0.007812 0.069907 0.011719 0.065741 0.014323 0.061111 0.014583 0.059259 0.015625 0.058333 0.013281 0.054630 0.011719 0.049074 0.011458 0.044907 0.012760 0.044907 0.009635 0.048611 0.008854 0.050926 0.007292 0.053704 0.002344 0.053704 0.000000 0.000000 0.000000 0.000000 0.129167 0.003704 0.129167 0.007407 0.126823 0.008796 0.063542 0.010648 0.055208 0.010648 0.046875 0.012963 0.032292 0.017130 0.030208 0.024537 0.030469 0.029630 0.029427 0.026852 0.026042 0.028241 0.021615 0.038426 0.014844 0.043056 0.015625 0.043981 0.017188 0.044444 0.024219 0.048148 0.025260 0.042593 0.026562 0.039815 0.029427 0.044444 0.029948 0.067130 0.029948 0.073148 0.030469 0.103241 0.030469 0.107407 0.030990 0.114352 0.030469 0.122685 0.030990 0.128704 0.029687 0.135648 0.030469 0.136574 0.029427 0.135648 0.023698 0.132870 0.027344 0.128704 0.028906 0.123611 0.025521 0.124537 0.022396 0.127778 0.018750 0.128241 0.016927 0.127315 0.013542 0.123611 0.008594 0.122222 0.004167 0.117593 0.002344
0 0.232870 0.816146 0.225463 0.814583 0.218519 0.817708 0.216204 0.821354 0.216204 0.823698 0.217593 0.825521 0.226389 0.825000 0.232407 0.823438 0.235185 0.818750
0 0.287500 0.362760 0.277778 0.365104 0.276389 0.369271 0.284259 0.376823 0.288889 0.377344 0.292130 0.377083 0.298148 0.374219 0.300926 0.368750 0.298148 0.364844
0 0.378704 0.566927 0.376389 0.568229 0.374537 0.571094 0.374537 0.572917 0.376852 0.576302 0.378241 0.580729 0.379630 0.581771 0.383333 0.582552 0.390741 0.582031 0.400926 0.575260 0.404167 0.572135 0.402315 0.570312 0.394907 0.566927 0.388889 0.566406