0 0.520833 0.820573 0.516204 0.823438 0.514352 0.825521 0.513426 0.830729 0.515278 0.833333 0.522685 0.837240 0.529630 0.838802 0.538889 0.839063 0.541204 0.838021 0.543519 0.834375 0.543519 0.830208 0.537963 0.822396 0.536111 0.821354 0.525926 0.820052
0 0.517593 0.839583 0.512500 0.838802 0.502315 0.839063 0.498148 0.840104 0.494444 0.841927 0.488889 0.849219 0.489815 0.854688 0.491204 0.855729 0.497685 0.856250 0.510185 0.855469 0.517130 0.854167 0.521296 0.852083 0.523611 0.849740 0.523611 0.845313
0 0.496759 0.823438 0.489352 0.824219 0.479167 0.829948 0.479630 0.834115 0.481019 0.835938 0.489352 0.840365 0.496759 0.840885 0.505556 0.836719 0.509259 0.833854 0.510185 0.829688 0.500926 0.824740
0 0.470370 0.836719 0.465278 0.841667 0.464815 0.846094 0.468056 0.849219 0.483333 0.849479 0.487963 0.848437 0.490278 0.846354 0.491667 0.841406 0.482870 0.836198 0.475000 0.835938
0 0.464352 0.832292 0.462500 0.831250 0.460648 0.831250 0.447685 0.835677 0.438426 0.836198 0.436574 0.838281 0.439815 0.843229 0.444907 0.845313 0.452315 0.846875 0.457407 0.846875 0.462037 0.845573 0.465278 0.843229 0.467593 0.839063 0.467130 0.835417
0 0.440741 0.820833 0.437963 0.822135 0.435648 0.826302 0.432870 0.828385 0.431944 0.829948 0.432870 0.833854 0.434722 0.835156 0.438889 0.836198 0.448611 0.836719 0.452315 0.835677 0.459259 0.830990 0.459722 0.829688 0.458333 0.826302 0.454167 0.821094 0.449537 0.820573
0 0.468519 0.815104 0.457870 0.817448 0.456019 0.818490 0.455093 0.822396 0.460648 0.829427 0.468981 0.831771 0.475926 0.830729 0.477778 0.829688 0.480556 0.826562 0.481019 0.821875 0.479167 0.819271 0.475463 0.816667
0 0.484722 0.804948 0.481944 0.807031 0.480556 0.809896 0.483796 0.815625 0.495833 0.822917 0.503704 0.822656 0.508796 0.819792 0.512037 0.815104 0.512037 0.813802 0.509259 0.810417 0.499074 0.804167 0.489352 0.803906
0 0.448611 0.798438 0.446296 0.798698 0.441204 0.801042 0.438426 0.805990 0.434259 0.810417 0.432870 0.813802 0.434259 0.818490 0.439815 0.821094 0.449537 0.821094 0.453704 0.820312 0.458333 0.815365 0.457407 0.808594 0.452315 0.800521
0 0.456019 0.797917 0.454167 0.799740 0.453704 0.803385 0.457407 0.807813 0.462963 0.809375 0.471296 0.809896 0.475000 0.809115 0.478241 0.807552 0.481944 0.802344 0.479630 0.798698 0.475926 0.796615 0.469907 0.795833 0.463426 0.795833
0 0.496759 0.787500 0.489352 0.788021 0.478704 0.791146 0.477315 0.792969 0.476852 0.795312 0.479167 0.798958 0.482870 0.801562 0.489352 0.803125 0.500926 0.801302 0.504630 0.798438 0.505556 0.794531 0.502778 0.791146
0 0.508796 0.773958 0.501852 0.775000 0.497685 0.776302 0.493981 0.778646 0.493981 0.780990 0.495370 0.784896 0.504167 0.792448 0.508796 0.794271 0.511574 0.794271 0.517130 0.792708 0.520370 0.790885 0.521296 0.786458 0.514815 0.775260 0.511574 0.773958
0 0.475463 0.745833 0.471296 0.747396 0.467130 0.750521 0.466667 0.752344 0.468056 0.753906 0.468519 0.756510 0.473148 0.760938 0.480093 0.762240 0.483796 0.762240 0.487963 0.760677 0.493519 0.755729 0.494907 0.752865 0.494907 0.748177 0.491204 0.746875
0 0.497222 0.754687 0.490741 0.757812 0.485648 0.763021 0.484259 0.770312 0.485185 0.772656 0.487963 0.774219 0.495833 0.775781 0.508796 0.772396 0.510648 0.771354 0.516204 0.764583 0.515278 0.759635 0.512963 0.758333 0.503704 0.755469
0 0.482870 0.773698 0.467130 0.776823 0.463426 0.778385 0.461111 0.781250 0.460648 0.783333 0.464352 0.786979 0.468519 0.789062 0.475463 0.790885 0.483333 0.790104 0.488889 0.787240 0.491667 0.783854 0.490278 0.777865 0.488426 0.775781
0 0.445833 0.784635 0.442130 0.786719 0.442130 0.792448 0.444444 0.795573 0.455556 0.797656 0.464815 0.794531 0.468056 0.790885 0.466204 0.787760 0.462037 0.784896 0.455093 0.783594
0 0.415278 0.788542 0.412963 0.791146 0.412500 0.795573 0.415741 0.798698 0.419907 0.800000 0.428704 0.800521 0.435185 0.800000 0.439352 0.798177 0.441667 0.795312 0.440741 0.790104 0.438889 0.787500 0.434259 0.785417 0.426389 0.785417
0 0.462037 0.751563 0.453704 0.751042 0.443981 0.753646 0.441204 0.755990 0.439352 0.759115 0.439815 0.763802 0.447222 0.766406 0.452315 0.766667 0.456481 0.766406 0.465278 0.763802 0.467593 0.762240 0.469444 0.759375 0.466204 0.753906
0 0.476389 0.761979 0.469444 0.761979 0.454167 0.767448 0.454630 0.771615 0.458796 0.774219 0.462500 0.775260 0.469444 0.776042 0.476389 0.775000 0.481481 0.772917 0.483333 0.770052 0.483333 0.765885 0.481944 0.764323
0 0.437500 0.765625 0.433333 0.768750 0.431019 0.771615 0.431019 0.778646 0.432870 0.782031 0.440741 0.785156 0.458333 0.783854 0.459259 0.783333 0.458333 0.776042 0.453241 0.770052 0.449537 0.767188 0.441204 0.764844
0 0.411574 0.757031 0.408796 0.759635 0.409259 0.764062 0.414815 0.769271 0.419444 0.771354 0.427778 0.772135 0.430556 0.770573 0.433796 0.766667 0.437500 0.763802 0.437500 0.758854 0.436111 0.757292 0.427778 0.755208 0.419907 0.755469
0 0.393981 0.753646 0.385648 0.755729 0.383796 0.756771 0.381944 0.759896 0.385648 0.764583 0.392130 0.768229 0.399537 0.769271 0.405556 0.764323 0.406944 0.758073 0.406019 0.755729 0.399537 0.753385
0 0.379167 0.758594 0.371296 0.757552 0.364352 0.758333 0.360185 0.759635 0.355093 0.764062 0.352778 0.769010 0.350463 0.771354 0.350463 0.776563 0.355556 0.777865 0.359259 0.777865 0.364352 0.776823 0.371759 0.774219 0.373611 0.772656 0.377315 0.771615 0.383796 0.767708 0.384722 0.763542
0 0.425463 0.771875 0.421296 0.771094 0.412963 0.770833 0.404630 0.773958 0.401852 0.777865 0.400000 0.783594 0.406019 0.788281 0.413889 0.789323 0.421759 0.785417 0.428241 0.779948 0.429630 0.777083 0.429630 0.774479 0.428241 0.772917
0 0.391852 0.768255 0.388704 0.766849 0.375463 0.771615 0.371759 0.774219 0.371296 0.775781 0.372685 0.779687 0.378241 0.782813 0.385185 0.783594 0.387963 0.783333 0.393472 0.784036 0.397685 0.781120 0.400463 0.777005 0.400324 0.772526 0.397361 0.769167
0 0.422222 0.864583 0.418519 0.869010 0.417130 0.872656 0.421296 0.877083 0.426852 0.878906 0.436574 0.879167 0.442130 0.877865 0.450000 0.877083 0.450000 0.872917 0.448611 0.872917 0.440278 0.868229 0.435185 0.862240 0.426852 0.862500
0 0.391667 0.784115 0.388426 0.785937 0.384259 0.790625 0.383796 0.795312 0.385185 0.797396 0.389815 0.801042 0.393519 0.802083 0.399537 0.802604 0.405556 0.798958 0.407407 0.795833 0.407870 0.790365 0.405556 0.786979 0.399537 0.783854
0 0.401389 0.802604 0.404630 0.807552 0.408333 0.809896 0.419907 0.813021 0.428704 0.813542 0.432407 0.812240 0.438889 0.803385 0.438426 0.801823 0.435185 0.800521 0.426389 0.800781 0.414815 0.798958 0.406944 0.799479
0 0.406019 0.810937 0.402778 0.815104 0.402778 0.818750 0.405093 0.822135 0.405093 0.826302 0.409722 0.828906 0.420370 0.829427 0.427315 0.825521 0.429630 0.820312 0.431481 0.818490 0.428241 0.814323 0.413889 0.811198
0 0.380093 0.818490 0.378241 0.819010 0.375926 0.821875 0.378241 0.829167 0.384259 0.831510 0.392130 0.833333 0.399074 0.831510 0.402778 0.829167 0.404630 0.826823 0.404630 0.821354 0.403241 0.819792 0.399537 0.817969
0 0.393056 0.802083 0.389352 0.802604 0.385185 0.804427 0.381019 0.810937 0.379630 0.814323 0.381019 0.818490 0.384722 0.819271 0.393981 0.819271 0.399537 0.818490 0.404630 0.811198 0.403704 0.807292 0.401852 0.805208 0.399537 0.803906
0 0.399537 0.830729 0.397222 0.833594 0.396296 0.836458 0.396759 0.840885 0.398148 0.842448 0.406019 0.844271 0.413889 0.844271 0.421759 0.841927 0.423148 0.833594 0.420370 0.830990 0.414352 0.829427 0.405556 0.829167
0 0.377778 0.828385 0.374537 0.830208 0.369907 0.831250 0.366667 0.833594 0.365278 0.836719 0.365741 0.840104 0.367593 0.841667 0.373611 0.843229 0.378241 0.845833 0.388426 0.844792 0.391204 0.844010 0.393981 0.842187 0.393519 0.833854 0.379167 0.828385
0 0.364815 0.839844 0.358796 0.840885 0.353241 0.842708 0.349074 0.844792 0.345833 0.847917 0.344907 0.850260 0.344907 0.857812 0.350463 0.860938 0.355556 0.859635 0.364815 0.855729 0.375926 0.849479 0.377778 0.846354 0.376852 0.844271
0 0.232407 0.853646 0.223611 0.860156 0.223148 0.865625 0.227778 0.869531 0.231944 0.870573 0.239815 0.870833 0.244907 0.869531 0.248611 0.865885 0.246296 0.861198 0.245833 0.857552 0.243981 0.855208 0.241204 0.853906
0 0.267593 0.851302 0.260185 0.851823 0.251389 0.853385 0.247685 0.854948 0.246296 0.856771 0.245833 0.861719 0.248611 0.865625 0.260185 0.869531 0.268519 0.869010 0.271759 0.866667 0.274074 0.861979 0.273611 0.855990 0.270833 0.852865
0 0.205556 0.851562 0.197222 0.854427 0.193519 0.857552 0.192130 0.860417 0.192130 0.863802 0.193981 0.866667 0.197685 0.869010 0.204630 0.870052 0.211111 0.868229 0.216204 0.865365 0.220833 0.861458 0.220370 0.857552 0.212037 0.854688 0.208333 0.852344
0 0.225926 0.835938 0.217593 0.836719 0.215278 0.837760 0.211111 0.842448 0.207870 0.849479 0.210185 0.853646 0.218519 0.856771 0.227315 0.856250 0.231019 0.854427 0.234722 0.850781 0.234259 0.841406
0 0.245370 0.836719 0.238426 0.838542 0.234259 0.841667 0.234722 0.850260 0.237037 0.852604 0.242130 0.853385 0.246759 0.854948 0.265278 0.850260 0.265741 0.846615 0.265278 0.845313 0.259722 0.841406 0.250926 0.837500
0 0.274537 0.826823 0.265741 0.827083 0.258796 0.828125 0.256019 0.829427 0.251389 0.833594 0.251852 0.838021 0.254630 0.839844 0.259259 0.841146 0.268056 0.841667 0.270833 0.841146 0.275000 0.839063 0.279167 0.834896 0.279167 0.829948
0 0.287963 0.814063 0.278241 0.817708 0.275463 0.821615 0.275926 0.825781 0.277778 0.828125 0.282407 0.831250 0.286574 0.832031 0.294444 0.831771 0.296759 0.831250 0.301852 0.827865 0.305093 0.822135 0.301852 0.818229 0.295370 0.814583
0 0.295833 0.833073 0.287500 0.832552 0.283333 0.833594 0.276852 0.837240 0.274537 0.840885 0.271296 0.843750 0.270370 0.846094 0.271759 0.848437 0.276389 0.851042 0.280556 0.852344 0.287963 0.852344 0.292130 0.851042 0.294907 0.849479 0.300926 0.843229 0.303241 0.837760 0.300463 0.834896
0 0.333796 0.844271 0.331019 0.843490 0.323148 0.843229 0.316204 0.842187 0.309259 0.843750 0.306944 0.845573 0.305556 0.848177 0.305556 0.852865 0.308333 0.856771 0.312963 0.858073 0.318519 0.858073 0.333796 0.853385 0.338426 0.849740 0.336111 0.845573
0 0.308796 0.823698 0.305556 0.825260 0.303704 0.827604 0.303241 0.833594 0.308796 0.840104 0.316204 0.840625 0.329630 0.830208 0.327315 0.826302 0.325000 0.825260 0.316204 0.823958
0 0.350463 0.818750 0.343519 0.822135 0.343981 0.827083 0.347222 0.830208 0.355093 0.834896 0.357407 0.835417 0.361111 0.834896 0.363889 0.833854 0.364815 0.832552 0.367593 0.822135 0.357870 0.819010
0 0.353241 0.833854 0.349537 0.830729 0.343981 0.827604 0.333796 0.827865 0.331019 0.828906 0.323148 0.835156 0.318519 0.837760 0.317130 0.841927 0.322222 0.843229 0.334722 0.843229 0.341667 0.842448 0.347685 0.840885 0.351852 0.838021
0 0.359259 0.782031 0.357870 0.783854 0.357407 0.787500 0.364352 0.792969 0.377315 0.793229 0.381481 0.791927 0.381944 0.786458 0.380556 0.784375 0.377315 0.782552 0.371759 0.780729 0.364352 0.780990
0 0.365741 0.793750 0.360185 0.796354 0.358796 0.797917 0.356944 0.802344 0.358333 0.805208 0.360185 0.806771 0.371296 0.809896 0.376852 0.810417 0.378704 0.811198 0.382407 0.808854 0.385185 0.804427 0.388426 0.802865 0.386574 0.798958 0.380556 0.794271 0.378241 0.793490 0.368981 0.793229
0 0.357407 0.803125 0.348611 0.806771 0.348148 0.810937 0.350926 0.815104 0.354167 0.818229 0.360648 0.820833 0.363889 0.821615 0.371759 0.821094 0.375926 0.818490 0.377778 0.814583 0.376852 0.812240 0.375000 0.810677 0.362963 0.807292
0 0.334259 0.805990 0.329167 0.807031 0.325463 0.809635 0.325463 0.815625 0.328241 0.822135 0.333333 0.823698 0.337963 0.824219 0.342130 0.823177 0.351852 0.818229 0.347222 0.807813 0.343519 0.806510
0 0.301852 0.804688 0.299537 0.806250 0.296296 0.810417 0.297685 0.815625 0.301852 0.818750 0.311574 0.823958 0.323611 0.825260 0.325926 0.822396 0.326389 0.818229 0.324537 0.814063 0.320833 0.810417 0.318056 0.805729 0.316204 0.804427 0.310185 0.803385 0.306019 0.803646
0 0.315741 0.773177 0.308333 0.772396 0.299537 0.775521 0.296296 0.778646 0.294907 0.782031 0.295370 0.784896 0.298148 0.786979 0.301389 0.787760 0.308796 0.787240 0.319444 0.784375 0.321759 0.782031 0.323148 0.778906 0.320833 0.775781
0 0.330093 0.778646 0.328704 0.779427 0.327315 0.783333 0.332407 0.788281 0.336574 0.790625 0.340741 0.791406 0.346296 0.791406 0.350926 0.790365 0.352778 0.789323 0.357407 0.784115 0.357407 0.782552 0.353241 0.779427 0.344907 0.777083 0.335185 0.777344
0 0.351389 0.791146 0.342593 0.791146 0.337037 0.791927 0.332407 0.794010 0.328704 0.798438 0.330093 0.803385 0.332407 0.805208 0.345370 0.806510 0.349537 0.805469 0.356019 0.801823 0.358796 0.798958 0.356019 0.793750
0 0.323148 0.786198 0.315741 0.785677 0.305556 0.788542 0.302778 0.794271 0.303704 0.800260 0.305556 0.802865 0.308796 0.803646 0.316204 0.804167 0.324074 0.801302 0.330556 0.796094 0.332870 0.790885 0.329167 0.788281
0 0.253241 0.780990 0.246296 0.783594 0.243981 0.785417 0.244444 0.791146 0.246759 0.793490 0.252778 0.796354 0.261574 0.796615 0.266667 0.794271 0.269907 0.786719 0.260185 0.782292
0 0.287963 0.782552 0.281019 0.784635 0.278704 0.786458 0.275926 0.790365 0.274537 0.795573 0.277315 0.798958 0.281019 0.800781 0.289815 0.801823 0.292593 0.801562 0.295370 0.800260 0.298148 0.795573 0.299074 0.790104 0.298148 0.787760 0.295370 0.785156 0.292593 0.783594
0 0.267130 0.796354 0.262963 0.802604 0.263889 0.809896 0.266667 0.812500 0.273148 0.815625 0.281944 0.815365 0.289815 0.811979 0.293519 0.807031 0.293056 0.803125 0.291204 0.802083 0.280556 0.800260 0.277315 0.798698 0.274537 0.795833
0 0.262963 0.812240 0.259722 0.812240 0.253704 0.814063 0.250463 0.817448 0.249537 0.820573 0.250000 0.824740 0.253241 0.827604 0.255556 0.828385 0.261574 0.828646 0.269907 0.826562 0.273611 0.823698 0.276389 0.818490 0.266667 0.813021
0 0.233333 0.811979 0.222685 0.815365 0.219444 0.817969 0.219907 0.823958 0.221759 0.827604 0.225926 0.829427 0.230556 0.829948 0.239352 0.829167 0.243981 0.826302 0.247222 0.822656 0.247222 0.817969 0.245833 0.816667 0.238889 0.813281
0 0.201852 0.815365 0.197222 0.815365 0.193519 0.817187 0.190741 0.820573 0.189352 0.824740 0.188889 0.830729 0.189815 0.834115 0.193056 0.836458 0.196296 0.837240 0.204630 0.836458 0.208796 0.835156 0.210648 0.834115 0.212963 0.830729 0.212500 0.821875 0.206019 0.817708 0.205093 0.816146
0 0.222222 0.803385 0.210648 0.803125 0.205556 0.805729 0.202778 0.810417 0.203241 0.814583 0.206481 0.818750 0.210648 0.819792 0.215741 0.819010 0.230093 0.810937 0.228241 0.806771
0 0.224537 0.801562 0.223611 0.802865 0.227778 0.806771 0.231019 0.808594 0.245833 0.812240 0.254630 0.812500 0.261574 0.806771 0.261574 0.801823 0.260648 0.800781 0.257407 0.799219 0.247685 0.796354 0.234259 0.797656 0.227778 0.799479
0 0.226389 0.781250 0.215741 0.783333 0.213426 0.784635 0.211574 0.786979 0.211111 0.791927 0.212500 0.795312 0.214352 0.797656 0.218056 0.799219 0.225926 0.797917 0.229167 0.795052 0.234722 0.791927 0.237037 0.788802 0.237500 0.786198 0.236574 0.784635 0.234259 0.783333
0 0.199074 0.796875 0.190741 0.796615 0.183333 0.800521 0.177315 0.806250 0.177315 0.810677 0.183796 0.814063 0.188889 0.814844 0.195833 0.814063 0.200926 0.811979 0.204167 0.808594 0.207407 0.802604 0.202315 0.798438
0 0.180556 0.815625 0.169907 0.815625 0.165741 0.816927 0.163426 0.818490 0.161574 0.821615 0.162037 0.826562 0.163426 0.828646 0.169444 0.830208 0.177315 0.830208 0.182407 0.828125 0.184722 0.825781 0.185648 0.821094 0.182870 0.816406
0 0.165741 0.833073 0.163426 0.834896 0.162037 0.838281 0.164815 0.841146 0.172222 0.845573 0.176852 0.849740 0.183333 0.851042 0.191204 0.849740 0.196759 0.842448 0.195833 0.837760 0.186574 0.833333 0.181019 0.832031 0.174074 0.831771
0 0.197222 0.777344 0.187037 0.780208 0.185185 0.781250 0.182870 0.783854 0.181481 0.787240 0.184259 0.790625 0.189352 0.792188 0.198611 0.796354 0.206481 0.794792 0.209722 0.793490 0.211111 0.791146 0.211111 0.785937 0.210185 0.783073 0.203704 0.778646
0 0.190278 0.749479 0.183333 0.751563 0.182870 0.764062 0.185648 0.767708 0.189352 0.769531 0.193056 0.769792 0.197685 0.769010 0.205093 0.765625 0.208333 0.762760 0.209722 0.759375 0.206944 0.756771 0.200000 0.754427
0 0.179630 0.763281 0.176389 0.763281 0.170833 0.765104 0.167130 0.767448 0.163426 0.771354 0.162963 0.776302 0.164352 0.779167 0.169907 0.782813 0.177315 0.782292 0.180556 0.781250 0.185185 0.778385 0.187963 0.775521 0.189352 0.771615 0.184259 0.764844
0 0.156019 0.798438 0.152778 0.800000 0.150926 0.802604 0.151389 0.806771 0.156019 0.813021 0.162963 0.816146 0.169444 0.815104 0.176852 0.810417 0.176852 0.805208 0.170833 0.800781 0.163889 0.798177
0 0.134722 0.817187 0.130093 0.818229 0.129167 0.819010 0.128241 0.823438 0.135185 0.836198 0.137963 0.836979 0.143056 0.837240 0.148611 0.835417 0.157870 0.829167 0.159259 0.826823 0.158796 0.821615 0.155093 0.819531 0.149537 0.818229
0 0.162963 0.836198 0.160185 0.838021 0.156019 0.838802 0.150926 0.841927 0.148611 0.844792 0.149074 0.850260 0.151852 0.853385 0.156019 0.855469 0.165741 0.856250 0.170370 0.857812 0.173148 0.854688 0.179167 0.853646 0.179630 0.849479 0.176852 0.848698 0.174537 0.845833 0.165741 0.840625
0 0.177315 0.852344 0.171296 0.854427 0.162037 0.861198 0.162963 0.866146 0.170370 0.869531 0.175926 0.870313 0.183333 0.869010 0.186111 0.867969 0.189352 0.865885 0.191667 0.861719 0.190278 0.857552 0.184259 0.853125
0 0.184259 0.872396 0.177315 0.872396 0.169907 0.873958 0.158333 0.880469 0.156481 0.884896 0.157870 0.888542 0.162037 0.891406 0.171296 0.892708 0.176852 0.891667 0.181944 0.888542 0.187963 0.881510 0.187963 0.876563
0 0.405556 0.857031 0.400000 0.858854 0.396296 0.861198 0.395370 0.864844 0.397685 0.869271 0.406019 0.873698 0.413426 0.873177 0.420370 0.865365 0.418981 0.861719 0.417130 0.859375 0.413889 0.857552
0 0.237500 0.873958 0.232870 0.872656 0.225463 0.872135 0.218056 0.875260 0.213889 0.880469 0.212037 0.884635 0.212963 0.889062 0.217593 0.891667 0.225926 0.891406 0.234722 0.888542 0.240741 0.884896 0.243981 0.880469 0.241667 0.876302
0 0.385648 0.859375 0.378704 0.859896 0.372222 0.862760 0.370370 0.865104 0.369907 0.869792 0.371759 0.873437 0.377778 0.877083 0.384259 0.876563 0.387963 0.875521 0.392130 0.873177 0.395833 0.869271 0.393981 0.864323 0.390278 0.861198
0 0.260185 0.683594 0.254167 0.684375 0.250463 0.686198 0.248611 0.689063 0.248611 0.693229 0.252315 0.696094 0.260648 0.697396 0.270370 0.696094 0.273148 0.694010 0.272685 0.688281 0.270833 0.685677 0.267593 0.684635
0 0.303704 0.677083 0.301852 0.677604 0.300000 0.680990 0.300926 0.689063 0.303704 0.695573 0.308796 0.698177 0.316667 0.697656 0.323611 0.696094 0.326852 0.693490 0.327778 0.690365 0.327315 0.687240 0.325926 0.685417 0.323148 0.683854 0.317593 0.678646 0.310185 0.676823
0 0.290741 0.679167 0.277778 0.679427 0.274074 0.680729 0.272685 0.684896 0.273611 0.694010 0.277315 0.696615 0.281019 0.697917 0.291204 0.696875 0.297222 0.695052 0.299537 0.693490 0.299537 0.685417 0.293981 0.680208
0 0.302778 0.696354 0.294907 0.696094 0.283333 0.698958 0.278241 0.704167 0.278704 0.708854 0.287037 0.712240 0.296759 0.711458 0.304630 0.708854 0.307407 0.706510 0.308796 0.701042 0.306481 0.698177
0 0.274537 0.709896 0.268981 0.711458 0.266667 0.713021 0.263889 0.719531 0.263889 0.721354 0.267130 0.726823 0.272685 0.728125 0.276389 0.727604 0.287037 0.723437 0.291667 0.720833 0.292130 0.715885 0.288889 0.713281 0.281481 0.710938
0 0.298611 0.721094 0.302315 0.723437 0.309259 0.724219 0.324537 0.720573 0.330093 0.718229 0.337037 0.717448 0.338426 0.716667 0.331019 0.711719 0.319907 0.712500 0.316204 0.711979 0.309722 0.709115 0.307407 0.709115 0.302315 0.710156 0.299074 0.712760 0.298148 0.716667
0 0.341667 0.701042 0.336574 0.698438 0.330093 0.697135 0.322685 0.697135 0.313889 0.698438 0.311574 0.699219 0.307870 0.704948 0.309259 0.709115 0.315741 0.712500 0.323611 0.712760 0.331481 0.711458 0.336111 0.709635 0.341667 0.705208
0 0.343056 0.685677 0.339352 0.687240 0.337500 0.689323 0.338426 0.697396 0.340278 0.699740 0.344444 0.702604 0.351389 0.703646 0.356019 0.702604 0.359722 0.700000 0.360648 0.698177 0.359722 0.691406 0.356944 0.687240 0.354630 0.685937 0.351389 0.685156
0 0.378704 0.685677 0.371296 0.684635 0.363426 0.685937 0.360185 0.687240 0.359259 0.690365 0.361111 0.698958 0.362963 0.700781 0.372222 0.701042 0.377778 0.699479 0.380093 0.698177 0.381944 0.695052 0.383333 0.689323
0 0.431019 0.682813 0.426389 0.682552 0.421759 0.684375 0.412963 0.693229 0.411574 0.697135 0.413426 0.701302 0.417593 0.702865 0.427315 0.702865 0.433796 0.697917 0.436574 0.692708 0.437037 0.688281 0.434722 0.684375
0 0.387963 0.689323 0.385185 0.690365 0.383333 0.693229 0.383333 0.698438 0.386111 0.701042 0.392130 0.704427 0.399537 0.704427 0.405556 0.701823 0.408796 0.698958 0.408796 0.693229 0.400463 0.690104 0.392130 0.688542
0 0.377778 0.700000 0.368981 0.703125 0.365741 0.708073 0.366204 0.713021 0.368519 0.714844 0.370833 0.715365 0.386111 0.715625 0.390741 0.713542 0.393519 0.710156 0.393981 0.707812 0.393056 0.705208 0.385185 0.701302
0 0.343981 0.705729 0.337963 0.709115 0.337037 0.713802 0.338889 0.716406 0.344444 0.719531 0.350463 0.721094 0.358333 0.720573 0.361111 0.719792 0.363889 0.717708 0.365278 0.713021 0.362500 0.707812 0.358796 0.705729 0.350463 0.704427
0 0.334722 0.717187 0.329167 0.718229 0.325000 0.720573 0.324537 0.725000 0.325926 0.728646 0.328704 0.731510 0.330556 0.732292 0.337500 0.732812 0.348611 0.728906 0.350463 0.724219 0.348611 0.720833 0.343056 0.718229 0.338426 0.717187
0 0.323148 0.722135 0.315741 0.722656 0.306019 0.724740 0.303241 0.726042 0.301389 0.728125 0.300463 0.732292 0.303241 0.735417 0.309722 0.737500 0.322685 0.738802 0.327315 0.738021 0.330556 0.736458 0.329630 0.732292 0.326389 0.728646
0 0.287500 0.751042 0.275926 0.753646 0.271759 0.755729 0.269444 0.760677 0.270370 0.764062 0.274074 0.766667 0.280556 0.768490 0.282407 0.768490 0.290278 0.766146 0.294907 0.758333 0.297685 0.755990 0.295370 0.751823
0 0.309259 0.738281 0.304630 0.741406 0.302315 0.744531 0.299074 0.746875 0.296759 0.752344 0.301389 0.755729 0.313889 0.755990 0.319907 0.755469 0.322685 0.754427 0.325463 0.748698 0.324537 0.742708 0.320833 0.739323 0.316667 0.738281
0 0.296296 0.726302 0.290278 0.727083 0.286111 0.728646 0.282407 0.731250 0.279167 0.735156 0.278241 0.740365 0.279630 0.743229 0.281481 0.745052 0.287037 0.746615 0.293981 0.746094 0.300000 0.744531 0.305556 0.740625 0.304630 0.736198 0.301852 0.734635 0.300000 0.732292 0.300000 0.728125
0 0.275463 0.732812 0.264815 0.734115 0.258796 0.735938 0.257407 0.737500 0.256944 0.741146 0.258333 0.746615 0.262500 0.752344 0.267130 0.754167 0.276389 0.753385 0.281481 0.751302 0.283333 0.748958 0.283333 0.747396 0.280556 0.744531 0.278704 0.740885 0.278241 0.734635
0 0.238889 0.734896 0.234722 0.736719 0.231944 0.739323 0.229630 0.744010 0.230093 0.748437 0.232407 0.750260 0.239352 0.752344 0.247222 0.753125 0.252778 0.751042 0.256481 0.747656 0.257407 0.743229 0.256019 0.738542 0.253241 0.736198
0 0.230093 0.725781 0.225463 0.725260 0.217130 0.726823 0.213426 0.728125 0.206481 0.732292 0.206019 0.736979 0.210185 0.739844 0.218056 0.742448 0.226389 0.742448 0.228241 0.741927 0.235648 0.736458 0.237037 0.732812 0.236111 0.729688 0.233796 0.727083
0 0.253704 0.718229 0.246759 0.719792 0.242130 0.722917 0.240741 0.732812 0.241667 0.734115 0.245370 0.735677 0.251389 0.735677 0.255556 0.734896 0.257870 0.733594 0.263889 0.727344 0.264815 0.724479 0.262500 0.721615 0.260185 0.720052
0 0.228704 0.705469 0.225463 0.706510 0.222685 0.708854 0.225000 0.719271 0.229167 0.721875 0.231944 0.722396 0.239352 0.722135 0.246759 0.719271 0.250000 0.717187 0.251852 0.712760 0.243056 0.709115 0.237963 0.705990 0.232870 0.704948
0 0.272685 0.699479 0.268981 0.698698 0.259722 0.698698 0.255093 0.699479 0.245370 0.702083 0.238889 0.705208 0.241667 0.708854 0.249074 0.711979 0.255093 0.713802 0.262500 0.714063 0.267593 0.712500 0.275463 0.708073 0.276389 0.702083 0.275926 0.701042
0 0.232407 0.689323 0.227778 0.690625 0.222222 0.694531 0.219907 0.696875 0.219907 0.700781 0.220833 0.702083 0.225000 0.704167 0.230093 0.704688 0.239352 0.704427 0.247222 0.701042 0.248611 0.698177 0.247685 0.694271 0.245833 0.692448 0.240741 0.690104
0 0.218981 0.677344 0.207870 0.678646 0.205093 0.679427 0.201852 0.681510 0.201389 0.685677 0.204167 0.693490 0.206019 0.695312 0.210648 0.697135 0.218981 0.697135 0.224074 0.693490 0.225463 0.688542 0.227315 0.685937 0.223148 0.679427
0 0.191667 0.679427 0.189352 0.679948 0.183796 0.682813 0.177315 0.689583 0.176389 0.693229 0.178241 0.695052 0.181481 0.696615 0.190278 0.698698 0.199537 0.696875 0.202315 0.695573 0.204167 0.693490 0.203241 0.688281 0.200926 0.683333 0.197222 0.680469
0 0.169907 0.695052 0.159259 0.699479 0.157870 0.701042 0.158796 0.705208 0.162037 0.708073 0.167130 0.710677 0.169907 0.713542 0.177315 0.714323 0.182407 0.712240 0.187500 0.708073 0.188426 0.706250 0.187963 0.702083 0.185185 0.698698 0.177315 0.694792
0 0.193981 0.697917 0.190278 0.701042 0.190278 0.705208 0.192130 0.707031 0.197685 0.710156 0.211574 0.710156 0.214815 0.708854 0.219444 0.705208 0.218056 0.701302 0.214352 0.698958 0.205093 0.696354
0 0.202778 0.710417 0.197222 0.711198 0.193519 0.713802 0.192130 0.716146 0.191667 0.721094 0.193981 0.725000 0.197685 0.727604 0.206019 0.728385 0.208796 0.727604 0.216204 0.722917 0.218056 0.720833 0.218056 0.716406 0.215741 0.713021 0.213889 0.711979 0.206019 0.710417
0 0.176852 0.726302 0.175926 0.727865 0.176389 0.733594 0.180556 0.741927 0.183796 0.743490 0.191204 0.743490 0.197222 0.741667 0.199537 0.740365 0.202778 0.736458 0.204167 0.732812 0.201389 0.729167 0.191667 0.725781 0.182407 0.725521
0 0.204630 0.739844 0.198148 0.741406 0.192593 0.744010 0.191204 0.748437 0.193981 0.751823 0.204630 0.756771 0.212037 0.757292 0.218981 0.753646 0.224537 0.747917 0.223148 0.745313 0.220370 0.743229 0.212037 0.740625
0 0.232870 0.752865 0.225926 0.753125 0.219444 0.754427 0.215741 0.756510 0.213426 0.759375 0.213426 0.764062 0.217593 0.767969 0.225000 0.770052 0.235185 0.768490 0.241204 0.764844 0.242593 0.760938 0.241667 0.756510 0.237963 0.754167
0 0.253241 0.753906 0.250000 0.754687 0.245370 0.757812 0.243981 0.761979 0.244444 0.765885 0.245833 0.767448 0.253241 0.770312 0.260648 0.770573 0.264352 0.769531 0.268056 0.766927 0.268981 0.764844 0.268056 0.758073 0.266667 0.755729 0.260648 0.753906
0 0.532870 0.663281 0.530556 0.663281 0.521759 0.665885 0.517130 0.669792 0.518981 0.673958 0.525000 0.678906 0.531019 0.679688 0.537037 0.678646 0.540741 0.673958 0.541667 0.669010 0.539352 0.665625
0 0.519907 0.652344 0.517130 0.651823 0.510185 0.652865 0.502778 0.658073 0.500463 0.661458 0.500926 0.664062 0.502778 0.666146 0.509722 0.667708 0.517593 0.667708 0.526389 0.664844 0.530093 0.662240 0.529167 0.658594
0 0.521296 0.646615 0.518981 0.648958 0.518981 0.651042 0.521296 0.653906 0.528704 0.658073 0.531019 0.660417 0.537963 0.662240 0.543519 0.660937 0.546759 0.658333 0.549074 0.654427 0.545370 0.650260 0.538426 0.650000 0.530556 0.648698 0.524537 0.646094
0 0.596759 0.648958 0.594907 0.654427 0.601389 0.660417 0.608333 0.660937 0.613426 0.659896 0.623611 0.659115 0.625926 0.658333 0.625926 0.653906 0.614815 0.646875 0.608333 0.646094 0.600463 0.646875
0 0.629630 0.654427 0.628241 0.655469 0.627778 0.659375 0.628241 0.663021 0.630093 0.666667 0.634259 0.668490 0.640278 0.669010 0.650926 0.667708 0.653241 0.665625 0.654167 0.661719 0.649537 0.656250 0.642593 0.653646 0.634259 0.653646
0 0.626389 0.660937 0.623148 0.659635 0.618981 0.659375 0.613426 0.659635 0.604167 0.661458 0.596296 0.665885 0.596759 0.670052 0.614352 0.675000 0.621296 0.674479 0.625926 0.672917 0.627778 0.670312 0.628241 0.665104
0 0.550000 0.656771 0.546296 0.658854 0.543519 0.661719 0.545833 0.667969 0.549074 0.669792 0.558796 0.671615 0.566204 0.670573 0.568981 0.666927 0.568519 0.661979 0.566204 0.658854 0.564352 0.657813 0.559259 0.656771 0.552778 0.656250
0 0.579167 0.654687 0.575000 0.656771 0.571759 0.659896 0.569907 0.664583 0.569907 0.667708 0.571296 0.671094 0.574074 0.673958 0.578241 0.675521 0.581481 0.675521 0.589815 0.672917 0.593519 0.670312 0.599583 0.662865 0.597639 0.656953 0.591806 0.654271 0.584213 0.653828
0 0.544907 0.670833 0.542593 0.672135 0.537963 0.677344 0.539352 0.681771 0.551389 0.686198 0.567130 0.686458 0.568981 0.685937 0.571759 0.684115 0.574074 0.678125 0.571759 0.674740 0.565741 0.672656 0.558796 0.671875 0.552315 0.670312
0 0.526852 0.680990 0.524074 0.682292 0.521296 0.685417 0.522685 0.688802 0.525926 0.690885 0.534259 0.691406 0.538426 0.692448 0.541204 0.690885 0.544907 0.686719 0.544907 0.684896 0.542593 0.683333 0.536111 0.680990 0.532407 0.680469
0 0.517593 0.672656 0.510185 0.672396 0.501389 0.676302 0.497685 0.680469 0.496759 0.684635 0.497685 0.687240 0.500463 0.688802 0.511111 0.689844 0.519444 0.685677 0.521759 0.682292 0.522222 0.677344
0 0.469444 0.685677 0.468056 0.686979 0.468056 0.690365 0.469907 0.693750 0.473148 0.696875 0.475926 0.698438 0.482407 0.699740 0.487963 0.698177 0.493519 0.694271 0.496296 0.690104 0.496296 0.688802 0.494444 0.686719 0.489815 0.684375 0.482407 0.684375 0.476852 0.685417
0 0.515278 0.692969 0.503704 0.691667 0.497685 0.692187 0.495833 0.692969 0.492130 0.696615 0.492130 0.701562 0.496296 0.705729 0.503704 0.705729 0.514352 0.703385 0.517130 0.697917 0.516667 0.694271
0 0.481944 0.701042 0.478241 0.702865 0.474537 0.708854 0.478241 0.716927 0.481481 0.719271 0.489815 0.719531 0.495833 0.716667 0.498611 0.712760 0.496296 0.710938 0.494444 0.704948 0.489815 0.701042
0 0.462963 0.694531 0.460185 0.695052 0.456481 0.697135 0.454167 0.700781 0.455093 0.705729 0.457407 0.709375 0.461574 0.713281 0.470833 0.710938 0.475463 0.706771 0.479167 0.700781 0.474537 0.697656 0.468981 0.695052
0 0.434259 0.698958 0.430093 0.701042 0.429167 0.705208 0.434722 0.710156 0.437963 0.711458 0.440741 0.711979 0.449537 0.711719 0.452778 0.709375 0.453704 0.703646 0.451852 0.699219 0.448611 0.697656 0.439815 0.697656
0 0.427315 0.718750 0.418981 0.721615 0.414815 0.725521 0.411574 0.732031 0.411574 0.738281 0.413889 0.740365 0.419444 0.741927 0.427778 0.741927 0.433333 0.740365 0.435648 0.738281 0.437963 0.732812
0 0.369907 0.740625 0.365278 0.743750 0.366204 0.748958 0.368056 0.751302 0.371759 0.752865 0.384722 0.755208 0.392593 0.753906 0.394907 0.751823 0.389815 0.744531 0.385648 0.741667 0.378704 0.739323
0 0.406481 0.731771 0.397222 0.731250 0.391204 0.732812 0.382870 0.736198 0.382870 0.740365 0.391667 0.745573 0.399537 0.745833 0.403704 0.742969 0.408796 0.736458 0.407870 0.732812
0 0.406019 0.740885 0.396759 0.747135 0.396759 0.752344 0.406481 0.755469 0.412037 0.756250 0.423148 0.754687 0.425463 0.753125 0.425926 0.751302 0.425000 0.747917 0.421759 0.744010 0.414815 0.740885
0 0.426852 0.741927 0.424074 0.743490 0.424074 0.745052 0.428241 0.754687 0.433333 0.756250 0.441204 0.755990 0.443056 0.753906 0.447222 0.751823 0.447685 0.747656 0.438426 0.741406 0.433796 0.740885
0 0.441204 0.733333 0.437963 0.736979 0.437963 0.740625 0.440278 0.742448 0.449537 0.747656 0.451852 0.749740 0.453704 0.750260 0.462500 0.750260 0.463889 0.749740 0.467130 0.746875 0.468519 0.744271 0.468981 0.740104 0.466204 0.736458 0.460648 0.733854 0.456019 0.732552 0.447685 0.732031
0 0.489815 0.732812 0.482407 0.733333 0.474074 0.736198 0.472685 0.741146 0.476389 0.745052 0.481481 0.746094 0.491667 0.746094 0.494444 0.745052 0.496759 0.741146 0.496296 0.736198
0 0.500000 0.745833 0.497222 0.747656 0.496759 0.752344 0.500000 0.754687 0.516667 0.758854 0.519907 0.758594 0.522685 0.757292 0.523611 0.755990 0.523611 0.751042 0.522685 0.747656 0.520370 0.745313 0.518056 0.744531 0.509259 0.744531
0 0.517593 0.732552 0.509722 0.732812 0.499074 0.736198 0.497222 0.740885 0.498611 0.744010 0.502315 0.745313 0.512037 0.744792 0.520370 0.742448 0.521759 0.740885 0.522685 0.736198
0 0.503704 0.717448 0.494444 0.718229 0.485648 0.722917 0.484259 0.724479 0.484722 0.728906 0.486574 0.730990 0.490278 0.733073 0.496296 0.735156 0.504167 0.734635 0.508796 0.733073 0.512500 0.728906 0.513426 0.726042 0.512963 0.720833
0 0.468056 0.713281 0.462963 0.715625 0.457407 0.719792 0.456019 0.724479 0.456481 0.729688 0.457870 0.732292 0.462037 0.734896 0.470833 0.735677 0.476389 0.734896 0.479167 0.733073 0.481481 0.728906 0.481481 0.724479 0.480093 0.720833 0.475463 0.716146 0.471296 0.713802
0 0.446759 0.712240 0.440278 0.712240 0.434259 0.713281 0.428704 0.716406 0.429167 0.721094 0.431481 0.724740 0.436111 0.729948 0.440741 0.732031 0.453241 0.729688 0.455093 0.728646 0.456944 0.716406 0.453241 0.713542
0 0.392130 0.711979 0.388889 0.715104 0.384722 0.716667 0.385185 0.720833 0.389352 0.725521 0.397685 0.730469 0.406481 0.730469 0.409259 0.729948 0.413426 0.727344 0.416667 0.720313 0.406481 0.716667 0.401852 0.713802 0.399537 0.710938
0 0.371296 0.716146 0.365741 0.717969 0.360648 0.720573 0.360185 0.724740 0.361111 0.726562 0.368981 0.731510 0.378241 0.735938 0.385648 0.736198 0.392130 0.732552 0.393981 0.732292 0.393981 0.728385 0.391204 0.727344 0.387963 0.722917 0.385185 0.721094 0.384259 0.719010 0.381481 0.716667 0.378704 0.715885
0 0.357407 0.727083 0.349537 0.731771 0.348611 0.735677 0.349537 0.740365 0.350463 0.741667 0.355556 0.743750 0.364815 0.744271 0.369444 0.740885 0.370370 0.738021 0.372222 0.736198 0.369907 0.734635 0.368519 0.732292 0.365278 0.730208
0 0.332870 0.746094 0.331481 0.747396 0.331481 0.750000 0.332407 0.752344 0.334259 0.753646 0.350463 0.758333 0.357870 0.758073 0.359722 0.757031 0.362963 0.752083 0.363426 0.748698 0.362963 0.746094 0.361111 0.744271 0.350000 0.742188 0.338889 0.743490
0 0.326389 0.755729 0.323611 0.758333 0.322685 0.760938 0.322685 0.764062 0.326389 0.767708 0.329630 0.768750 0.337963 0.768750 0.346296 0.767448 0.349074 0.766406 0.352315 0.759635 0.348148 0.757292 0.336111 0.754427 0.329630 0.754167
0 0.318056 0.756250 0.315278 0.755729 0.302778 0.755729 0.299074 0.757031 0.296759 0.759375 0.292130 0.767448 0.294907 0.773177 0.302315 0.773958 0.309722 0.771615 0.321759 0.765104 0.322685 0.764062 0.322222 0.759635 0.320370 0.757292
0 0.284722 0.768490 0.274074 0.767969 0.267593 0.770052 0.258796 0.775260 0.256944 0.779948 0.261111 0.783333 0.268056 0.785156 0.275000 0.785677 0.279630 0.784375 0.282870 0.782552 0.286111 0.779687 0.287037 0.777083 0.287037 0.770052
0 0.238889 0.767708 0.232870 0.768750 0.229167 0.770312 0.227778 0.772917 0.226852 0.779427 0.228704 0.781510 0.231019 0.782552 0.240741 0.784115 0.246759 0.782813 0.251389 0.780208 0.254167 0.776042 0.253704 0.771354 0.247685 0.768490
0 0.205556 0.765885 0.200463 0.768750 0.198611 0.771094 0.200926 0.776563 0.206481 0.780469 0.211574 0.782813 0.219444 0.782813 0.222222 0.782292 0.224537 0.781250 0.226389 0.778906 0.227778 0.771354 0.217130 0.767708 0.212500 0.764844 0.209722 0.764844
0 0.822685 0.668490 0.817130 0.669531 0.806944 0.672656 0.804167 0.674479 0.803241 0.678125 0.805093 0.680208 0.810648 0.683333 0.814352 0.684375 0.824074 0.685677 0.829630 0.684896 0.832870 0.683594 0.835648 0.680990 0.836574 0.677083 0.835648 0.673698 0.833796 0.671354 0.829167 0.669010
0 0.843981 0.654687 0.833333 0.655469 0.829630 0.656771 0.827778 0.659115 0.827778 0.667448 0.831019 0.670052 0.836574 0.671875 0.843981 0.670052 0.849537 0.666146 0.852315 0.662500 0.851852 0.658073
0 0.859259 0.642188 0.849537 0.643490 0.838889 0.646354 0.835648 0.650000 0.837963 0.653385 0.840278 0.654687 0.850463 0.658073 0.857407 0.659115 0.864815 0.658073 0.869444 0.654427 0.870370 0.651563 0.869907 0.645833 0.868519 0.644271 0.864815 0.642708
0 0.823611 0.612240 0.818519 0.614323 0.816204 0.616927 0.815278 0.619531 0.817130 0.624479 0.820833 0.627604 0.829167 0.630208 0.837037 0.629948 0.840741 0.628385 0.843981 0.625000 0.844907 0.623177 0.843981 0.618229 0.841204 0.615625 0.835648 0.612760 0.830093 0.611458
0 0.807407 0.617708 0.800926 0.617188 0.798148 0.617969 0.792593 0.620573 0.790278 0.622917 0.789352 0.625781 0.790278 0.631510 0.791204 0.632812 0.794907 0.634375 0.801389 0.633854 0.811111 0.631510 0.818519 0.627083 0.815741 0.621615 0.811574 0.619010
0 0.725463 0.603906 0.721296 0.607552 0.720833 0.611458 0.724074 0.616406 0.725926 0.617708 0.731019 0.618490 0.740741 0.618229 0.747685 0.615365 0.753241 0.611719 0.754167 0.607292 0.751389 0.604948 0.733796 0.602604 0.729167 0.602865
0 0.753241 0.605208 0.751389 0.607552 0.753241 0.610156 0.755093 0.611198 0.743519 0.616406 0.741204 0.619271 0.742593 0.621094 0.745833 0.622917 0.753704 0.626042 0.765741 0.622917 0.767130 0.621094 0.767593 0.616927 0.767130 0.614844 0.763889 0.611719 0.760648 0.609896 0.757407 0.609896 0.755556 0.609115 0.755556 0.607031
0 0.783333 0.621615 0.781481 0.620833 0.773148 0.621615 0.761574 0.624479 0.758333 0.626563 0.756481 0.631250 0.757870 0.634635 0.767593 0.637500 0.774074 0.638281 0.778241 0.637500 0.780556 0.636198 0.782870 0.633073 0.784722 0.622917
0 0.740741 0.621615 0.732407 0.622396 0.728241 0.624740 0.723611 0.629427 0.721759 0.635156 0.723611 0.638281 0.728241 0.640365 0.732870 0.640885 0.742130 0.639062 0.751389 0.633854 0.752778 0.630990 0.751389 0.627083 0.748148 0.624219
0 0.704630 0.639583 0.700000 0.640885 0.697222 0.642448 0.694444 0.646615 0.699074 0.651302 0.704167 0.654167 0.712037 0.654427 0.717130 0.652865 0.720833 0.650781 0.723148 0.646615 0.720833 0.642188 0.715278 0.639583
0 0.676389 0.649740 0.674537 0.651042 0.673148 0.654167 0.674074 0.657292 0.676389 0.658854 0.683333 0.661979 0.686111 0.662500 0.693056 0.662500 0.697685 0.660677 0.701389 0.654167 0.697685 0.650260 0.693981 0.648177 0.689352 0.647656
0 0.656019 0.664062 0.654167 0.666406 0.656481 0.670312 0.659259 0.672396 0.668519 0.674219 0.676852 0.673958 0.679630 0.672917 0.681019 0.671094 0.681944 0.665365 0.680556 0.663021 0.677315 0.660937 0.669907 0.660156 0.667130 0.661198 0.661574 0.661979
0 0.655093 0.670052 0.650463 0.668490 0.633333 0.669792 0.625926 0.673698 0.626389 0.678646 0.628704 0.680469 0.633796 0.681510 0.643981 0.681250 0.651852 0.679948 0.654167 0.678646 0.656481 0.673438
0 0.621296 0.678906 0.614815 0.679948 0.612963 0.680990 0.610648 0.684635 0.610648 0.686979 0.612500 0.691406 0.615741 0.694271 0.621759 0.696615 0.627778 0.695312 0.629630 0.694271 0.632407 0.689323 0.631944 0.685417 0.630093 0.682292 0.626389 0.679688
0 0.593519 0.671094 0.583796 0.675521 0.582407 0.678125 0.585648 0.682031 0.593519 0.687240 0.597685 0.688802 0.601852 0.689063 0.607870 0.686719 0.611111 0.683594 0.612963 0.679948 0.612963 0.676302 0.610185 0.673698 0.602778 0.671354
0 0.579167 0.677865 0.575926 0.679167 0.574074 0.683333 0.576389 0.697656 0.579630 0.699219 0.587037 0.699740 0.592130 0.697396 0.595370 0.693490 0.591204 0.685417 0.584722 0.680208 0.580556 0.677865
0 0.568519 0.686979 0.559259 0.686198 0.550926 0.686458 0.547685 0.687760 0.546759 0.689063 0.547685 0.697396 0.551852 0.699740 0.559259 0.699740 0.570833 0.697396 0.571759 0.694792 0.571296 0.689063
0 0.519444 0.695052 0.515741 0.701042 0.517130 0.703646 0.519444 0.704948 0.529167 0.707292 0.531019 0.708594 0.546296 0.707552 0.550463 0.706250 0.551389 0.705208 0.551389 0.701042 0.545370 0.695573 0.540278 0.693490 0.532407 0.691667 0.529630 0.691667 0.524074 0.692708
0 0.507407 0.705208 0.505556 0.706250 0.504630 0.708073 0.504167 0.713542 0.505556 0.716146 0.510185 0.719531 0.517593 0.719531 0.528704 0.714583 0.530093 0.713021 0.530093 0.708594 0.527315 0.707031 0.517593 0.704688 0.510185 0.704688
0 0.531481 0.716927 0.524074 0.716927 0.514352 0.720573 0.514352 0.728125 0.520370 0.731771 0.523148 0.732292 0.530556 0.731771 0.540741 0.728906 0.543981 0.726562 0.543981 0.723698
0 0.543981 0.730469 0.537963 0.729948 0.529630 0.732292 0.527315 0.733594 0.523611 0.739583 0.524537 0.744531 0.527315 0.746094 0.532870 0.747135 0.540741 0.747135 0.543519 0.746615 0.547222 0.744010 0.549537 0.739844 0.548148 0.735417 0.545370 0.730990
0 0.552778 0.725781 0.547685 0.728125 0.547685 0.732812 0.549537 0.739062 0.551852 0.742708 0.559259 0.745052 0.573611 0.741146 0.576389 0.737240 0.576389 0.732812 0.574074 0.728646 0.569907 0.726823 0.563426 0.725781
0 0.532870 0.710677 0.531481 0.712500 0.531481 0.716927 0.545833 0.725000 0.553241 0.725000 0.563426 0.723177 0.567593 0.721094 0.571296 0.717187 0.569907 0.715625 0.559259 0.713021 0.552315 0.709635 0.546759 0.708073 0.537963 0.708333
0 0.586574 0.701042 0.573611 0.698438 0.564815 0.698958 0.556481 0.700260 0.553704 0.701562 0.551852 0.704427 0.552778 0.709375 0.558333 0.712760 0.565741 0.714063 0.576389 0.712760 0.584722 0.709115 0.590278 0.705208
0 0.582870 0.709375 0.577778 0.712760 0.578704 0.716667 0.581944 0.718750 0.586111 0.720313 0.592593 0.721354 0.600463 0.721354 0.604630 0.719271 0.606944 0.716927 0.605556 0.712760 0.603704 0.710156 0.599074 0.707812 0.594907 0.706771 0.592130 0.706771
0 0.608796 0.692969 0.603704 0.694010 0.598611 0.696354 0.596759 0.700521 0.596759 0.705208 0.598148 0.707031 0.600463 0.708594 0.606944 0.710156 0.617130 0.704948 0.621296 0.701302 0.620370 0.697135 0.614352 0.693750
0 0.614352 0.707031 0.608796 0.709375 0.606944 0.711458 0.606481 0.713021 0.608333 0.716406 0.610648 0.718490 0.619907 0.723437 0.629167 0.723698 0.632407 0.721094 0.634722 0.716927 0.634722 0.712760 0.632407 0.708854 0.628704 0.706250 0.621296 0.706250
0 0.631944 0.697656 0.629167 0.700000 0.628241 0.705208 0.632870 0.710417 0.635648 0.711979 0.641667 0.713281 0.649074 0.712500 0.651389 0.711719 0.655093 0.709115 0.655093 0.704948 0.650926 0.698698 0.646759 0.697135 0.635185 0.696875
0 0.670370 0.692187 0.662963 0.691927 0.655556 0.697656 0.654167 0.701302 0.656481 0.706250 0.660648 0.708333 0.669907 0.708073 0.679167 0.705208 0.678704 0.701302 0.675463 0.696354
0 0.661574 0.685677 0.656019 0.682552 0.650000 0.681250 0.641204 0.682292 0.637037 0.684635 0.631944 0.692708 0.632870 0.695052 0.635185 0.696094 0.641667 0.696875 0.656481 0.696615 0.662500 0.692969 0.662963 0.688542
0 0.662500 0.673958 0.656019 0.677604 0.656481 0.681771 0.661111 0.684896 0.664352 0.688281 0.668981 0.689063 0.676852 0.688281 0.681944 0.685677 0.686574 0.681771 0.684259 0.677604 0.681019 0.675521 0.677778 0.674479
0 0.689815 0.663281 0.686111 0.664323 0.682407 0.666927 0.680556 0.673958 0.683796 0.676823 0.690278 0.679688 0.699074 0.679167 0.704630 0.676562 0.708333 0.673698 0.709722 0.669792 0.706019 0.666927 0.700463 0.664323 0.697222 0.663542
0 0.716204 0.656250 0.711574 0.657292 0.706944 0.661979 0.707407 0.666146 0.712963 0.671094 0.719907 0.671875 0.725463 0.670833 0.733796 0.666406 0.734259 0.661719 0.731944 0.659896 0.720370 0.656250
0 0.725926 0.646094 0.721759 0.650000 0.721759 0.654948 0.725463 0.658073 0.732870 0.659635 0.744444 0.657813 0.749537 0.655990 0.750926 0.654687 0.751389 0.650260 0.749074 0.647396 0.745370 0.645573 0.739815 0.644271 0.730556 0.644271
0 0.753241 0.634896 0.749074 0.635938 0.745833 0.637760 0.743519 0.640365 0.743056 0.642969 0.744444 0.644531 0.753704 0.649219 0.761111 0.650781 0.765278 0.648698 0.767130 0.646875 0.768056 0.641927 0.766204 0.638542 0.761574 0.636458
0 0.788889 0.635677 0.781019 0.635938 0.774537 0.640625 0.772222 0.645833 0.772685 0.647656 0.774537 0.648958 0.779630 0.650000 0.782870 0.650000 0.787963 0.649219 0.792130 0.646875 0.795370 0.642969 0.794907 0.639583 0.792593 0.636979
0 0.801852 0.635938 0.798148 0.638281 0.798148 0.642969 0.801852 0.646875 0.803241 0.649740 0.805556 0.650521 0.815278 0.650521 0.820833 0.649479 0.823148 0.647917 0.824537 0.644271 0.824537 0.641927 0.821296 0.637760 0.816667 0.635417 0.807407 0.635156
0 0.793519 0.654167 0.798148 0.660156 0.807407 0.664062 0.816204 0.664844 0.821296 0.662760 0.823611 0.657292 0.822222 0.653125 0.819444 0.651302 0.815278 0.650521 0.802778 0.650781 0.797685 0.652083
0 0.787500 0.651302 0.782407 0.650260 0.774074 0.650260 0.764352 0.652083 0.756944 0.654427 0.750926 0.658073 0.751389 0.662240 0.754630 0.665625 0.760648 0.668229 0.769444 0.668229 0.773611 0.667708 0.785648 0.662500 0.790278 0.658854 0.790278 0.653906
0 0.787500 0.661719 0.781481 0.663542 0.776389 0.666146 0.775000 0.668750 0.775926 0.673958 0.779630 0.677865 0.788426 0.679167 0.798611 0.673698 0.800926 0.670833 0.800926 0.669271 0.795833 0.664323 0.792593 0.662760
0 0.739815 0.666667 0.735648 0.669792 0.736111 0.674219 0.737963 0.676562 0.741667 0.678385 0.752778 0.680729 0.760185 0.680208 0.763426 0.677604 0.764352 0.673177 0.762500 0.670312 0.759259 0.667969 0.753704 0.665365 0.748611 0.664583 0.744907 0.664844
0 0.731944 0.685417 0.733796 0.687760 0.736111 0.689063 0.740741 0.690104 0.745833 0.690365 0.755556 0.689583 0.758333 0.688281 0.759722 0.686458 0.759722 0.685156 0.757870 0.683073 0.747222 0.678906 0.739352 0.678906 0.734259 0.682292
0 0.706944 0.673698 0.703241 0.677604 0.704167 0.681771 0.707407 0.684635 0.711574 0.686979 0.716667 0.687500 0.725000 0.686979 0.730556 0.685677 0.732407 0.684115 0.733333 0.681250 0.729630 0.676302 0.720370 0.671875 0.711574 0.671615
0 0.698611 0.680729 0.690278 0.680729 0.681019 0.685677 0.678241 0.688021 0.675463 0.692448 0.676852 0.698958 0.679167 0.700000 0.685185 0.700781 0.691204 0.699740 0.702778 0.692708 0.706944 0.691146 0.708333 0.689583 0.706944 0.685417
0 0.712037 0.693750 0.704630 0.692448 0.698148 0.695052 0.685185 0.704688 0.685185 0.705469 0.688889 0.708073 0.692593 0.709375 0.695370 0.709635 0.703241 0.709375 0.713426 0.705990 0.716667 0.704167 0.720370 0.701042 0.717130 0.697135
0 0.684259 0.706250 0.676389 0.706510 0.669444 0.708073 0.662500 0.708594 0.659722 0.709635 0.658333 0.711979 0.659259 0.714583 0.663889 0.718750 0.669444 0.721615 0.675463 0.720833 0.680093 0.719531 0.682407 0.716927 0.688889 0.713281 0.688889 0.708854
0 0.638426 0.715625 0.636111 0.716927 0.634259 0.720052 0.634722 0.724740 0.637963 0.727344 0.654630 0.729427 0.658796 0.729167 0.662963 0.727344 0.665278 0.724740 0.666204 0.720573 0.658333 0.714844 0.656481 0.714063 0.648611 0.713542
0 0.665741 0.724479 0.663889 0.729688 0.668056 0.736458 0.679630 0.737500 0.684259 0.738542 0.693056 0.736719 0.696296 0.735156 0.698148 0.732812 0.697222 0.730729 0.694444 0.728646 0.685185 0.724479 0.684259 0.722917 0.681944 0.721615 0.676389 0.720833 0.668981 0.722656
0 0.699537 0.709896 0.692593 0.710677 0.689352 0.713281 0.681944 0.716667 0.681481 0.720833 0.686574 0.725521 0.690278 0.727604 0.698148 0.727604 0.705093 0.724479 0.708796 0.721094 0.708796 0.716667 0.703241 0.711198
0 0.711111 0.719271 0.704167 0.724219 0.695833 0.728646 0.700926 0.733333 0.711111 0.736198 0.713426 0.736198 0.718519 0.734896 0.723611 0.728385 0.723611 0.723958 0.718981 0.720313
0 0.760648 0.732292 0.758333 0.734375 0.757407 0.736719 0.760185 0.740104 0.763889 0.742448 0.774074 0.746094 0.789352 0.744010 0.791204 0.740104 0.781944 0.735417 0.780556 0.732292 0.777778 0.730729 0.775000 0.729948 0.767130 0.729688
0 0.745833 0.722396 0.736574 0.723958 0.731944 0.725521 0.729167 0.727604 0.728704 0.729427 0.729630 0.734115 0.731944 0.735677 0.739352 0.737760 0.747685 0.738281 0.750463 0.737760 0.753704 0.735677 0.755556 0.732552 0.756019 0.728125 0.754167 0.725000 0.751389 0.723437
0 0.728241 0.703906 0.721759 0.708854 0.721296 0.713281 0.725926 0.717187 0.735648 0.717708 0.746759 0.717187 0.750463 0.713021 0.750000 0.708854 0.747222 0.706250 0.740278 0.703646 0.732407 0.703125
0 0.759722 0.708854 0.755556 0.709896 0.752315 0.711979 0.749074 0.716146 0.749537 0.719792 0.752315 0.722396 0.759259 0.725000 0.767130 0.725000 0.775000 0.719531 0.777315 0.716927 0.775000 0.712760 0.767593 0.709115
0 0.758333 0.690104 0.754630 0.691146 0.749537 0.695052 0.745833 0.701302 0.748611 0.704688 0.754167 0.707812 0.760185 0.708854 0.767593 0.708594 0.771759 0.705729 0.774537 0.701042 0.773148 0.697135 0.766204 0.690885 0.761111 0.689844
0 0.782407 0.678906 0.774074 0.678906 0.765741 0.680729 0.763426 0.681771 0.761574 0.685937 0.762963 0.689583 0.768056 0.692708 0.774074 0.698958 0.781481 0.696615 0.787037 0.688021 0.787500 0.684896 0.786574 0.681771 0.785185 0.680208
0 0.800463 0.684375 0.793519 0.685937 0.789815 0.688542 0.786574 0.693229 0.787500 0.697396 0.789352 0.701302 0.801852 0.704688 0.808333 0.704427 0.813889 0.701042 0.815278 0.697656 0.814352 0.691146 0.810648 0.686979 0.804630 0.684635
0 0.780093 0.706250 0.779167 0.708073 0.779630 0.713542 0.784722 0.717187 0.788426 0.718229 0.796296 0.718490 0.806019 0.717708 0.816667 0.714323 0.818056 0.713281 0.816204 0.708854 0.812500 0.707812 0.808796 0.705729 0.799074 0.703906 0.795370 0.702604 0.787500 0.702344 0.784259 0.703385
0 0.815741 0.714844 0.809722 0.716667 0.808796 0.717969 0.809259 0.728646 0.814815 0.729688 0.823611 0.729427 0.830093 0.727083 0.831944 0.724740 0.832407 0.720573 0.830556 0.718490 0.823148 0.715104
0 0.804630 0.717969 0.799074 0.717969 0.791204 0.719010 0.781019 0.724740 0.777778 0.728125 0.777778 0.729167 0.782870 0.735156 0.788889 0.736719 0.795833 0.737500 0.801852 0.734896 0.803241 0.732812 0.808333 0.728646 0.808796 0.726562 0.808333 0.720313 0.807407 0.719010
0 0.827778 0.736198 0.822685 0.734115 0.816204 0.733073 0.804167 0.734375 0.798148 0.737500 0.795833 0.739844 0.796759 0.744271 0.802315 0.748958 0.806019 0.749740 0.812963 0.749219 0.820370 0.746875 0.829630 0.740625
0 0.725000 0.736198 0.723611 0.740885 0.726852 0.750260 0.731944 0.751563 0.741667 0.751302 0.745833 0.750260 0.751389 0.744792 0.750000 0.739323 0.746759 0.738021 0.739352 0.737500 0.732870 0.735156
0 0.691667 0.743750 0.693056 0.748437 0.696759 0.750521 0.701389 0.751823 0.712963 0.753125 0.724074 0.752083 0.725000 0.751042 0.725463 0.747917 0.724074 0.742448 0.722222 0.739844 0.718981 0.738542 0.710185 0.738281 0.698611 0.739323
0 0.697685 0.752865 0.696759 0.755990 0.698611 0.759375 0.701852 0.761979 0.711574 0.766146 0.718981 0.767188 0.723611 0.765104 0.727778 0.759896 0.727778 0.755469 0.725926 0.753385 0.711111 0.753385 0.705093 0.752604
0 0.741667 0.751563 0.732407 0.751823 0.729630 0.754167 0.728704 0.763802 0.732407 0.768229 0.740278 0.768229 0.749537 0.764323 0.753241 0.760156 0.752315 0.755729 0.746759 0.752865
0 0.748148 0.747917 0.747685 0.752344 0.757407 0.757552 0.773148 0.761719 0.781481 0.761719 0.784722 0.759896 0.784722 0.755469 0.779167 0.750260 0.767593 0.744271 0.760185 0.742969 0.753241 0.744792
0 0.823148 0.749219 0.818981 0.750521 0.815278 0.753906 0.814352 0.755469 0.814815 0.759635 0.820833 0.765104 0.822685 0.767969 0.830093 0.768490 0.841204 0.759896 0.841667 0.755208 0.837500 0.751823 0.830556 0.749219
0 0.799537 0.764844 0.795370 0.762760 0.787037 0.762240 0.776852 0.765885 0.769907 0.771354 0.771296 0.775781 0.773611 0.777083 0.782407 0.777865 0.788426 0.777865 0.802315 0.776302 0.804167 0.771354
0 0.787500 0.779427 0.784259 0.782552 0.784722 0.786979 0.786574 0.788542 0.794907 0.791927 0.800926 0.795312 0.805093 0.796615 0.810648 0.797135 0.815741 0.795833 0.820370 0.790625 0.820370 0.786198 0.818519 0.783333 0.802315 0.777604 0.793981 0.777865
0 0.767130 0.789062 0.764815 0.790625 0.762037 0.794792 0.762500 0.799479 0.765278 0.802865 0.771759 0.804427 0.782407 0.804167 0.790278 0.802865 0.793056 0.798958 0.792593 0.797396 0.789815 0.793750 0.785648 0.790885 0.775926 0.788021 0.772222 0.788021
0 0.766667 0.771354 0.760648 0.767969 0.752778 0.767708 0.736111 0.775781 0.733333 0.779167 0.734259 0.780990 0.738426 0.782813 0.754167 0.783073 0.765278 0.781510 0.769444 0.779427 0.769907 0.775260
0 0.731944 0.783333 0.725000 0.786458 0.723611 0.789583 0.724074 0.792188 0.730556 0.797656 0.735648 0.798958 0.742130 0.798958 0.746759 0.797656 0.750000 0.795312 0.750000 0.789323 0.745833 0.785677 0.740278 0.783333
0 0.746759 0.807292 0.741667 0.810417 0.740278 0.814583 0.743981 0.817969 0.753704 0.823698 0.760648 0.824479 0.763889 0.822656 0.768981 0.817969 0.769907 0.813802 0.768056 0.811198 0.764352 0.808854 0.759259 0.807292 0.755556 0.806771
0 0.727315 0.821875 0.725000 0.822656 0.719907 0.826823 0.718981 0.830469 0.720370 0.834115 0.723611 0.837240 0.727778 0.839063 0.731019 0.839583 0.739815 0.839323 0.743519 0.838281 0.746759 0.835417 0.747685 0.829688 0.742593 0.825000 0.736574 0.822135 0.733333 0.821354
0 0.697685 0.828646 0.690278 0.829948 0.685185 0.832552 0.683796 0.834375 0.683796 0.838542 0.686111 0.841667 0.690741 0.844271 0.698148 0.845573 0.705093 0.844792 0.710185 0.841927 0.713426 0.837760 0.712500 0.834375 0.710648 0.832552 0.706481 0.830469
0 0.639815 0.824740 0.638889 0.826562 0.642593 0.828906 0.655556 0.832031 0.663426 0.832031 0.667593 0.829948 0.669907 0.826302 0.668519 0.821615 0.665278 0.819531 0.662037 0.818750 0.656019 0.818490 0.645833 0.821094
0 0.615741 0.816406 0.612037 0.817708 0.609259 0.820052 0.608333 0.822396 0.609722 0.826823 0.614352 0.830729 0.621296 0.834635 0.628704 0.835677 0.635648 0.834375 0.638889 0.829948 0.636574 0.823958 0.631481 0.818490 0.628241 0.816667 0.621759 0.815365
0 0.568981 0.803906 0.566667 0.806250 0.566667 0.810937 0.571759 0.816927 0.579630 0.820833 0.587037 0.819792 0.591667 0.818490 0.595833 0.815104 0.597222 0.810417 0.593981 0.806771 0.588889 0.804948 0.580093 0.803646
0 0.594444 0.817187 0.583333 0.820573 0.581019 0.823177 0.581019 0.826302 0.587500 0.831250 0.593519 0.832812 0.597222 0.832031 0.600000 0.830469 0.604167 0.826302 0.605093 0.821875 0.603241 0.819792 0.600926 0.818490
0 0.641667 0.802344 0.636574 0.804167 0.635185 0.806250 0.636111 0.814844 0.637963 0.817448 0.641204 0.819271 0.650000 0.819531 0.654167 0.818490 0.657870 0.816406 0.660185 0.813021 0.660185 0.808854 0.658333 0.806510 0.651852 0.803646
0 0.691204 0.806510 0.683796 0.807292 0.678704 0.810417 0.677778 0.813281 0.678241 0.819010 0.681019 0.822135 0.683796 0.823698 0.691204 0.823177 0.701389 0.817708 0.704630 0.814583 0.702315 0.810417 0.699074 0.808594
0 0.704630 0.789844 0.699074 0.792708 0.695833 0.796094 0.694907 0.798958 0.696759 0.803646 0.701389 0.806250 0.706944 0.807031 0.712500 0.807031 0.715741 0.805990 0.721759 0.802604 0.724537 0.798958 0.722222 0.794792 0.715278 0.791146 0.712500 0.790365
0 0.711574 0.769531 0.707407 0.770573 0.704167 0.772917 0.699074 0.778385 0.696759 0.783333 0.704630 0.785417 0.713426 0.786198 0.718519 0.785677 0.723148 0.784115 0.725926 0.781510 0.726389 0.778385 0.723611 0.774219 0.718981 0.770833
0 0.580093 0.737500 0.576852 0.740104 0.577315 0.743490 0.583333 0.750000 0.587037 0.751302 0.594907 0.752344 0.600000 0.751042 0.603704 0.749219 0.606944 0.744792 0.606944 0.740104 0.602778 0.738281 0.599074 0.737500 0.587500 0.736719
0 0.586574 0.721354 0.584722 0.723437 0.575926 0.728385 0.576852 0.732292 0.578704 0.734635 0.582870 0.736198 0.593056 0.737500 0.601389 0.736979 0.602315 0.736458 0.602778 0.733333 0.602315 0.729948 0.597685 0.722917 0.594444 0.721615
0 0.621759 0.724740 0.612500 0.725260 0.605556 0.728125 0.604630 0.729167 0.604167 0.736458 0.609259 0.740625 0.612963 0.741667 0.620833 0.740885 0.625926 0.738281 0.627778 0.736458 0.628241 0.731771 0.627315 0.728906 0.625000 0.726042
0 0.632870 0.738802 0.628241 0.738281 0.619444 0.740885 0.612037 0.741927 0.609259 0.743229 0.606944 0.748177 0.611111 0.751563 0.620833 0.756510 0.628704 0.754948 0.634259 0.751823 0.638426 0.748177 0.635648 0.740625
0 0.642130 0.728646 0.637500 0.730729 0.635185 0.732812 0.633796 0.735938 0.634259 0.738542 0.637963 0.747396 0.641204 0.748958 0.649537 0.749740 0.656481 0.747917 0.658333 0.746354 0.658796 0.742188 0.657870 0.739062 0.652315 0.730990 0.649537 0.729688
0 0.678704 0.737760 0.669444 0.737240 0.662037 0.740104 0.660648 0.743750 0.660648 0.747917 0.664352 0.751302 0.668056 0.752604 0.673148 0.752604 0.680093 0.750781 0.686574 0.747135 0.687500 0.743750 0.683333 0.739323
0 0.682870 0.755729 0.677778 0.757031 0.673611 0.759635 0.673148 0.764323 0.679630 0.772396 0.683796 0.775781 0.691667 0.776302 0.694907 0.775260 0.701389 0.771615 0.701852 0.766667 0.700463 0.764844 0.694907 0.761719 0.690741 0.757031 0.688426 0.755990
0 0.669907 0.765365 0.663426 0.766667 0.660185 0.768750 0.658796 0.770573 0.658333 0.777604 0.659722 0.783333 0.670833 0.785937 0.682407 0.782552 0.683796 0.780469 0.683333 0.775260 0.677315 0.769271 0.672222 0.765885
0 0.690741 0.784115 0.683333 0.783073 0.676389 0.784635 0.673148 0.786458 0.671296 0.790885 0.672222 0.798958 0.676389 0.799740 0.683796 0.799219 0.691204 0.797135 0.696296 0.794531 0.699074 0.790885 0.694907 0.786198
0 0.644907 0.784635 0.641204 0.786979 0.643519 0.794531 0.649537 0.798958 0.656481 0.799740 0.666204 0.791406 0.668519 0.786979 0.663889 0.784896 0.657407 0.783333
0 0.614352 0.789062 0.612037 0.794271 0.612963 0.798438 0.621296 0.803646 0.628704 0.803646 0.631481 0.801823 0.637500 0.795312 0.637500 0.790625 0.635185 0.789062 0.629630 0.788281 0.620370 0.788281
0 0.600463 0.797917 0.596759 0.799740 0.594907 0.802083 0.594907 0.807292 0.598148 0.811979 0.604167 0.815625 0.606944 0.816406 0.614815 0.816146 0.617593 0.814844 0.621759 0.811198 0.624537 0.807031 0.624074 0.804948 0.613889 0.798958 0.607870 0.797656
0 0.568519 0.788281 0.565741 0.790365 0.563889 0.794271 0.564352 0.799219 0.565741 0.801823 0.568056 0.803125 0.571759 0.803906 0.581019 0.803646 0.586574 0.802344 0.590278 0.799479 0.591204 0.795312 0.587500 0.790365 0.585185 0.788802 0.580556 0.787500 0.573611 0.787500
0 0.593519 0.777865 0.585648 0.782552 0.584722 0.787500 0.589815 0.791927 0.599074 0.796354 0.607870 0.796875 0.610185 0.795573 0.613426 0.786719 0.607870 0.779427 0.605556 0.778646
0 0.608333 0.765365 0.595370 0.765625 0.590741 0.766667 0.588889 0.768490 0.587500 0.771875 0.589352 0.774740 0.592593 0.777083 0.596759 0.778125 0.603241 0.778385 0.607870 0.777865 0.612963 0.775521 0.615741 0.771094 0.613426 0.767708
0 0.617130 0.773177 0.614352 0.774479 0.608796 0.778906 0.610185 0.783073 0.614352 0.788281 0.616667 0.788802 0.625000 0.788802 0.631019 0.788021 0.637500 0.783594 0.636111 0.778646 0.632870 0.773698 0.630093 0.772656 0.620370 0.772656
0 0.641204 0.764062 0.636574 0.765625 0.633333 0.771354 0.635648 0.779167 0.637963 0.782552 0.641667 0.785417 0.649074 0.785156 0.655093 0.783594 0.657870 0.781250 0.658333 0.774479 0.657407 0.769010 0.656481 0.767448 0.652778 0.765104 0.647685 0.764062
0 0.655093 0.748698 0.649074 0.749479 0.644907 0.751042 0.641667 0.753906 0.640741 0.758073 0.641204 0.760156 0.643981 0.762240 0.648611 0.763802 0.656481 0.764844 0.660185 0.763542 0.664815 0.760156 0.666204 0.756771 0.665741 0.752083 0.661574 0.749740
0 0.613426 0.757552 0.610648 0.759375 0.609259 0.763802 0.614352 0.769271 0.619444 0.772396 0.627778 0.772396 0.630093 0.771875 0.634259 0.768490 0.639259 0.764062 0.639722 0.759219 0.628704 0.757292 0.626389 0.756771 0.618981 0.756510
0 0.607870 0.750260 0.600926 0.750260 0.587500 0.754167 0.583333 0.759896 0.584722 0.762240 0.588426 0.765365 0.592130 0.766146 0.601389 0.766146 0.607870 0.764323 0.610185 0.760417 0.610185 0.754948
0 0.564352 0.744010 0.558796 0.746354 0.553704 0.752083 0.555556 0.755469 0.557407 0.757292 0.564352 0.761198 0.572222 0.762760 0.580093 0.762500 0.582870 0.760417 0.583333 0.751563 0.578704 0.746354 0.573148 0.742969
0 0.526389 0.749219 0.524537 0.751563 0.526852 0.758073 0.531019 0.759375 0.539815 0.765104 0.543519 0.766406 0.545833 0.766406 0.553241 0.764062 0.556019 0.760156 0.555556 0.756250 0.552778 0.752083 0.550000 0.750000 0.545370 0.747917 0.542130 0.747396 0.530556 0.747396
0 0.523611 0.758854 0.519444 0.761198 0.514352 0.767448 0.513889 0.771615 0.517130 0.773698 0.531481 0.773177 0.537500 0.772135 0.540278 0.767708 0.537963 0.763281 0.531481 0.759375
0 0.560185 0.760938 0.558796 0.761719 0.557870 0.763802 0.566204 0.771615 0.572685 0.773698 0.580093 0.773438 0.583796 0.771354 0.586574 0.768229 0.586574 0.763281 0.580556 0.761719 0.572685 0.762240 0.566667 0.760677
0 0.547222 0.766667 0.543519 0.769010 0.542130 0.772396 0.545370 0.776302 0.549537 0.778906 0.557870 0.781510 0.564815 0.782552 0.568981 0.782031 0.573148 0.780469 0.576389 0.775000 0.566204 0.770573 0.559259 0.765104 0.551389 0.765104
0 0.544907 0.779687 0.539815 0.782813 0.537963 0.786458 0.540278 0.792448 0.544907 0.794792 0.552315 0.795052 0.560185 0.793490 0.562963 0.791927 0.564815 0.789062 0.565278 0.786458 0.563889 0.783073 0.552778 0.779687
0 0.538889 0.773177 0.533796 0.772656 0.523611 0.772917 0.518519 0.773958 0.516667 0.775000 0.517130 0.779948 0.520833 0.784635 0.523148 0.785937 0.531481 0.785937 0.534722 0.785156 0.544444 0.779687 0.543056 0.775521
0 0.614352 0.836719 0.607407 0.838542 0.602778 0.841667 0.600000 0.845833 0.602315 0.849740 0.607870 0.852604 0.614352 0.854688 0.621759 0.854688 0.624537 0.853385 0.627778 0.850000 0.628241 0.844531 0.625926 0.839844 0.621759 0.837240
0 0.532407 0.868750 0.525926 0.869531 0.523611 0.870573 0.519907 0.876042 0.519907 0.881510 0.521759 0.884635 0.524074 0.886719 0.531019 0.889323 0.535185 0.888802 0.540278 0.887240 0.544907 0.884635 0.547222 0.880990 0.547222 0.876563 0.544444 0.872135 0.539352 0.869531
0 0.461111 0.868229 0.455556 0.870313 0.452315 0.876823 0.455093 0.887500 0.456019 0.888802 0.461111 0.890104 0.468981 0.889323 0.473611 0.885677 0.476852 0.881250 0.477315 0.875521 0.475926 0.871875 0.468981 0.868490
0 0.406944 0.845573 0.399537 0.844010 0.391204 0.843750 0.382407 0.845052 0.377315 0.848958 0.377315 0.853646 0.380093 0.857552 0.382870 0.858854 0.388889 0.859375 0.397222 0.859115 0.402315 0.857552 0.408796 0.853906 0.409259 0.849219
0 0.427315 0.841927 0.419444 0.842187 0.409722 0.845573 0.410648 0.853906 0.416204 0.857292 0.419907 0.858594 0.427315 0.858073 0.431019 0.855990 0.433333 0.853385 0.434722 0.850000 0.432407 0.844792
0 0.456019 0.852083 0.448611 0.852604 0.444444 0.854167 0.439815 0.857552 0.437037 0.861198 0.437500 0.865365 0.439815 0.868750 0.442593 0.870573 0.447685 0.872135 0.453241 0.871094 0.462963 0.865365 0.464815 0.862240 0.464815 0.860677 0.461111 0.854688 0.458796 0.852865
0 0.483333 0.848958 0.470370 0.849219 0.465278 0.850781 0.462037 0.852865 0.462037 0.857031 0.466204 0.861458 0.466667 0.863021 0.468519 0.864062 0.474537 0.865104 0.482407 0.864323 0.490741 0.857552 0.485648 0.849740
0 0.551852 0.833073 0.544907 0.835156 0.543056 0.836719 0.541667 0.839323 0.541667 0.842448 0.544907 0.847656 0.549537 0.850000 0.559259 0.850781 0.566204 0.846875 0.569444 0.841406 0.567130 0.837500 0.563889 0.835417 0.558333 0.833594
0 0.541667 0.818229 0.540741 0.823177 0.542130 0.826042 0.546296 0.829427 0.551852 0.831250 0.559722 0.830729 0.566204 0.828906 0.572222 0.826302 0.575463 0.822656 0.575000 0.821094 0.572222 0.818750 0.559722 0.816146 0.550463 0.815365 0.544907 0.816406
0 0.559259 0.793490 0.555093 0.794531 0.543056 0.795312 0.538426 0.796615 0.535648 0.798438 0.535185 0.804427 0.536111 0.806510 0.544907 0.811458 0.547685 0.810417 0.552315 0.809896 0.554630 0.808854 0.562963 0.803125 0.562963 0.798177
0 0.524537 0.791406 0.517593 0.792188 0.511111 0.794792 0.506944 0.797656 0.502315 0.802604 0.504167 0.807031 0.510185 0.810156 0.518519 0.810417 0.522222 0.809896 0.532870 0.806771 0.534259 0.805729 0.534722 0.798177 0.531481 0.794792
0 0.525000 0.808854 0.521296 0.810937 0.518519 0.814063 0.520370 0.819010 0.523148 0.820052 0.531019 0.821094 0.538426 0.820312 0.543519 0.815104 0.542593 0.810677 0.538426 0.807813 0.530556 0.807552
0 0.653704 0.374479 0.650000 0.372917 0.643056 0.372396 0.628241 0.374219 0.622222 0.378385 0.618981 0.384375 0.619444 0.385677 0.623148 0.386979 0.636111 0.387240 0.650926 0.384635 0.653241 0.383594 0.655556 0.380990 0.655556 0.376823
0 0.740278 0.499219 0.733796 0.499479 0.728704 0.500521 0.724537 0.502865 0.720833 0.506250 0.717593 0.513542 0.718519 0.517969 0.725463 0.521354 0.734722 0.521875 0.739352 0.521094 0.744907 0.516927 0.748148 0.505469 0.744444 0.501042
0 0.779167 0.508333 0.775926 0.506771 0.768056 0.504687 0.760185 0.506510 0.751852 0.510938 0.748148 0.514583 0.744444 0.521094 0.745833 0.524479 0.753704 0.525000 0.760185 0.523958 0.767130 0.521875 0.781944 0.513802 0.781019 0.510417
0 0.697222 0.510677 0.688889 0.513542 0.687500 0.517969 0.693056 0.527344 0.696296 0.528125 0.705556 0.527865 0.710185 0.526042 0.713889 0.522917 0.714815 0.516927 0.713426 0.515104 0.708796 0.511979 0.705093 0.510938
0 0.601852 0.532031 0.591204 0.532031 0.587963 0.532813 0.584722 0.534635 0.581944 0.537760 0.579630 0.544531 0.580093 0.546094 0.582407 0.547917 0.585648 0.548698 0.593981 0.548177 0.602315 0.546094 0.605556 0.544271 0.608333 0.541146 0.608796 0.536979 0.606481 0.534115
0 0.607407 0.516406 0.598148 0.519792 0.596296 0.522135 0.595833 0.525521 0.599537 0.529948 0.603704 0.532292 0.607870 0.533854 0.621759 0.535417 0.624537 0.533854 0.626852 0.529687 0.621759 0.520052 0.619444 0.518229 0.615278 0.516667
0 0.684259 0.516146 0.675463 0.515625 0.669444 0.516406 0.660648 0.519792 0.651852 0.524740 0.651852 0.526042 0.656019 0.527344 0.659259 0.529427 0.660185 0.530990 0.662963 0.532031 0.670833 0.531771 0.682407 0.529948 0.687500 0.527604 0.688889 0.526042 0.689352 0.521354
0 0.646296 0.354427 0.641204 0.356510 0.638426 0.361198 0.639352 0.365365 0.644444 0.370312 0.648148 0.371354 0.656481 0.371354 0.661574 0.369010 0.663889 0.366146 0.670370 0.365885 0.672222 0.365104 0.675463 0.361198 0.668056 0.359115 0.664352 0.357292 0.660185 0.356771 0.650463 0.354167
0 0.669907 0.365885 0.666204 0.366406 0.662963 0.367708 0.657870 0.375781 0.656944 0.380990 0.658796 0.383854 0.660648 0.384896 0.668519 0.386458 0.671759 0.386458 0.676852 0.385417 0.679167 0.384115 0.681019 0.381510 0.682407 0.376563 0.680556 0.372656 0.673611 0.366927
0 0.679630 0.361458 0.677315 0.362760 0.676389 0.364323 0.677315 0.369271 0.681019 0.373698 0.686111 0.377865 0.690278 0.379427 0.698148 0.378906 0.703241 0.377083 0.706481 0.375260 0.708333 0.372135 0.709259 0.368490 0.707870 0.366406 0.704167 0.364583 0.690741 0.361458 0.685648 0.360938
0 0.718519 0.360417 0.712963 0.362760 0.711111 0.364844 0.708333 0.372917 0.709259 0.375000 0.711574 0.376042 0.728704 0.375781 0.732870 0.374479 0.736111 0.369531 0.735648 0.365365 0.728241 0.361979
0 0.718981 0.375781 0.711574 0.376302 0.705556 0.377865 0.700926 0.381250 0.700000 0.384635 0.701852 0.388281 0.705556 0.391667 0.710648 0.393750 0.716667 0.394531 0.720833 0.394271 0.725926 0.392708 0.730556 0.388802 0.730556 0.384375 0.727778 0.378906 0.725000 0.376823
0 0.681481 0.384635 0.676852 0.386719 0.675000 0.388542 0.673148 0.392708 0.675463 0.396354 0.690741 0.404948 0.698148 0.405208 0.700926 0.404427 0.704167 0.401042 0.703704 0.396354 0.697222 0.386198 0.694907 0.384635 0.691204 0.383594
0 0.637037 0.387760 0.636574 0.389062 0.642130 0.392708 0.643056 0.395052 0.645833 0.397135 0.655093 0.398958 0.662963 0.399479 0.666667 0.398438 0.668056 0.397396 0.669907 0.388542 0.666667 0.386458 0.656019 0.384115 0.653704 0.384896 0.640741 0.386458
0 0.766204 0.524479 0.763426 0.525781 0.761111 0.529427 0.766667 0.534115 0.771296 0.540365 0.773611 0.542448 0.781019 0.546354 0.788426 0.545833 0.791204 0.543750 0.791667 0.539844 0.788426 0.531250 0.785185 0.527083 0.781019 0.524219 0.775000 0.523177
0 0.745833 0.527083 0.742593 0.527865 0.740741 0.529167 0.740278 0.534115 0.741204 0.537500 0.743981 0.542969 0.746296 0.545312 0.753704 0.546615 0.764815 0.544010 0.768981 0.541667 0.768519 0.536719 0.760185 0.528385 0.753704 0.526823
0 0.724537 0.525521 0.719907 0.526823 0.715278 0.529167 0.714352 0.533854 0.716667 0.536979 0.724074 0.540104 0.732870 0.540625 0.738889 0.537240 0.738889 0.530208 0.737037 0.527865 0.733333 0.525781
0 0.725463 0.540885 0.719444 0.539323 0.714352 0.539844 0.711574 0.540625 0.702315 0.547396 0.700000 0.550781 0.699537 0.554427 0.700463 0.558073 0.703704 0.560417 0.712037 0.560677 0.718056 0.558594 0.726389 0.551302 0.731019 0.548958 0.730093 0.544792
0 0.691667 0.528646 0.686574 0.530208 0.684722 0.533594 0.687963 0.536979 0.689352 0.541927 0.692130 0.545052 0.697222 0.546875 0.700926 0.546615 0.705093 0.545312 0.713426 0.537240 0.712963 0.532552 0.710648 0.530208 0.706019 0.528906
0 0.655556 0.533854 0.651852 0.539844 0.651852 0.543229 0.652778 0.545312 0.656481 0.547396 0.661111 0.548438 0.668981 0.548177 0.680556 0.545052 0.683333 0.543490 0.685185 0.541406 0.683796 0.536719 0.681019 0.535417 0.664815 0.532031 0.658796 0.532552
0 0.641667 0.527083 0.633333 0.528906 0.629167 0.530990 0.626852 0.533073 0.625463 0.537240 0.629167 0.540885 0.634259 0.544010 0.638889 0.545052 0.643519 0.545312 0.648611 0.544271 0.650463 0.542708 0.653241 0.537500 0.654630 0.532292 0.652778 0.529427 0.649537 0.527604
0 0.628241 0.509635 0.624537 0.510938 0.621296 0.513542 0.622685 0.522656 0.624537 0.525000 0.628241 0.526823 0.636574 0.527604 0.643056 0.525000 0.648148 0.517448 0.645370 0.513802 0.635648 0.509635
0 0.628241 0.500260 0.620833 0.500000 0.614352 0.501302 0.605556 0.501042 0.602778 0.501563 0.600463 0.502865 0.598148 0.505990 0.600463 0.510156 0.606019 0.514844 0.613889 0.515625 0.617130 0.515365 0.624537 0.511979 0.630556 0.505990 0.630093 0.501563
0 0.630093 0.494010 0.624537 0.491146 0.614815 0.488802 0.606944 0.489323 0.602778 0.491146 0.600926 0.493229 0.600463 0.498698 0.601852 0.500000 0.606481 0.501042 0.617130 0.500781 0.626852 0.498437
0 0.605093 0.474740 0.603241 0.476562 0.602778 0.478906 0.606481 0.484375 0.612037 0.487760 0.629167 0.491927 0.632407 0.491146 0.641667 0.486458 0.641667 0.482031 0.632407 0.477083 0.625000 0.475781 0.615278 0.472917 0.610185 0.473177
0 0.600463 0.466667 0.593981 0.463021 0.586111 0.461719 0.574074 0.465885 0.566667 0.473438 0.562963 0.474740 0.565278 0.475781 0.565741 0.477604 0.568519 0.477865 0.581019 0.477344 0.589815 0.476302 0.596296 0.474479 0.602315 0.470833
0 0.564352 0.451562 0.560648 0.454688 0.561574 0.458073 0.572685 0.464583 0.580093 0.464062 0.587963 0.460677 0.588426 0.457552 0.586574 0.453906 0.579630 0.450260 0.572222 0.449479
0 0.612963 0.438802 0.608333 0.436719 0.600000 0.436458 0.584722 0.439063 0.579630 0.441406 0.578704 0.442708 0.578704 0.447656 0.581944 0.450260 0.586574 0.451562 0.601389 0.450000 0.612500 0.446875 0.615741 0.444531 0.616667 0.443229
0 0.593519 0.451823 0.590278 0.454427 0.591667 0.461198 0.600926 0.466927 0.601852 0.468750 0.604167 0.470313 0.607407 0.471354 0.615278 0.471875 0.618981 0.466927 0.620370 0.461979 0.618981 0.458594 0.613426 0.450781 0.611574 0.449740 0.607407 0.448958
0 0.627778 0.462760 0.621296 0.464323 0.618056 0.467708 0.616204 0.471354 0.617593 0.473438 0.619907 0.474740 0.629167 0.476823 0.633333 0.476042 0.636111 0.474479 0.639352 0.466146 0.636574 0.464323
0 0.650926 0.458333 0.649074 0.458594 0.643056 0.462760 0.640741 0.465885 0.639815 0.470833 0.641204 0.472656 0.645370 0.474479 0.649074 0.475260 0.656481 0.475260 0.665278 0.471875 0.667130 0.467187 0.666667 0.464844 0.665278 0.463021 0.657407 0.458594
0 0.618981 0.447656 0.617593 0.448437 0.616667 0.451302 0.618981 0.456250 0.623611 0.460677 0.628704 0.462500 0.635185 0.463802 0.642593 0.462760 0.648611 0.458854 0.650000 0.457031 0.650463 0.453906 0.649074 0.450521 0.646296 0.449219 0.636574 0.447656
0 0.640741 0.429688 0.636574 0.428906 0.629167 0.429167 0.625000 0.430208 0.621296 0.432031 0.617593 0.435417 0.617130 0.439844 0.619907 0.444792 0.621759 0.446094 0.628241 0.447135 0.632407 0.446875 0.637500 0.445833 0.639815 0.444531 0.643519 0.440625 0.646296 0.435677 0.643519 0.431250
0 0.615278 0.419531 0.603704 0.421615 0.597222 0.425000 0.595370 0.427083 0.595833 0.431771 0.599537 0.434635 0.605556 0.435677 0.614815 0.435677 0.623148 0.430208 0.624537 0.426823 0.622685 0.423438 0.619907 0.421354
0 0.570833 0.411979 0.568981 0.416146 0.572685 0.419792 0.576389 0.421615 0.585648 0.423698 0.593981 0.426823 0.600463 0.420052 0.600000 0.415625 0.597222 0.410677 0.594444 0.409635 0.587037 0.408594 0.579630 0.408854
0 0.572685 0.421615 0.567130 0.423438 0.561574 0.426823 0.561111 0.431771 0.568519 0.435417 0.579167 0.438542 0.584259 0.438021 0.587037 0.437240 0.591667 0.432552 0.591204 0.427865 0.582407 0.422917
0 0.620833 0.403906 0.614352 0.402865 0.607870 0.404948 0.601389 0.408073 0.600000 0.409635 0.599074 0.412500 0.601389 0.416146 0.607407 0.419271 0.615741 0.417969 0.623611 0.412240 0.624074 0.407292
0 0.628704 0.400260 0.625926 0.403906 0.628241 0.408854 0.631019 0.410156 0.639815 0.412500 0.649074 0.414323 0.655093 0.413802 0.659722 0.411719 0.662963 0.408594 0.663889 0.403906 0.661111 0.400000 0.656944 0.398698 0.650000 0.397396 0.641667 0.397135
0 0.641667 0.486979 0.635185 0.490104 0.634722 0.496094 0.635648 0.502344 0.637500 0.505990 0.641204 0.508073 0.643056 0.508333 0.647685 0.507812 0.654167 0.505729 0.656481 0.504167 0.657407 0.501302 0.655556 0.497396 0.648611 0.488802 0.644907 0.487240
0 0.656481 0.477083 0.650000 0.478646 0.646296 0.481771 0.646296 0.484115 0.650000 0.490104 0.656019 0.495312 0.658796 0.496354 0.663889 0.496875 0.667593 0.495312 0.671296 0.491927 0.675926 0.486198 0.676852 0.482292 0.675000 0.479948 0.669907 0.477604 0.664815 0.476562
0 0.681944 0.481771 0.676852 0.484635 0.675463 0.490885 0.681019 0.495833 0.684722 0.496875 0.691667 0.497396 0.697222 0.494792 0.701852 0.490885 0.701389 0.485938 0.699074 0.484635 0.689815 0.482031
0 0.670833 0.464583 0.668519 0.466146 0.667593 0.469531 0.668056 0.473177 0.669444 0.475260 0.676852 0.480729 0.684259 0.480729 0.686574 0.480208 0.690741 0.476823 0.694444 0.470833 0.691204 0.465625 0.685185 0.463542 0.676389 0.463542
0 0.677315 0.445573 0.667130 0.451042 0.665278 0.455208 0.667130 0.457813 0.673148 0.461458 0.676852 0.462500 0.684722 0.463281 0.688426 0.462240 0.690741 0.460417 0.693981 0.455208 0.693981 0.450260 0.692130 0.447656 0.689815 0.446354 0.684259 0.445312
0 0.655093 0.435417 0.649537 0.437760 0.645370 0.442969 0.646296 0.447396 0.648611 0.449479 0.653241 0.451823 0.663426 0.452083 0.668981 0.449219 0.673611 0.444531 0.674074 0.442969 0.671296 0.439063 0.668056 0.437240 0.663889 0.435937
0 0.669907 0.415625 0.663426 0.413802 0.656019 0.414323 0.643519 0.421875 0.641667 0.423698 0.639815 0.428125 0.647222 0.433594 0.656944 0.434375 0.662500 0.432812 0.666667 0.428125 0.670833 0.420052
0 0.628241 0.411458 0.622685 0.413802 0.620833 0.415885 0.621759 0.420312 0.624537 0.424740 0.627778 0.426823 0.636574 0.427344 0.640741 0.425260 0.641667 0.423177 0.645370 0.419531 0.646296 0.415625 0.641204 0.413281 0.636574 0.412240
0 0.695833 0.406250 0.693056 0.408594 0.693056 0.412760 0.694444 0.414844 0.702315 0.421354 0.706019 0.422917 0.712963 0.422917 0.717593 0.421615 0.721759 0.419010 0.724537 0.416146 0.723611 0.411719 0.721759 0.410156 0.712037 0.405469 0.704167 0.404948
0 0.676852 0.398698 0.669444 0.400000 0.666204 0.403906 0.664815 0.407031 0.664815 0.410417 0.665741 0.412760 0.668981 0.414844 0.677778 0.416146 0.684259 0.415365 0.690741 0.412500 0.692130 0.407813 0.689352 0.404427 0.684722 0.401823
0 0.725463 0.393750 0.716667 0.397135 0.712037 0.399740 0.711574 0.401823 0.712500 0.404167 0.718981 0.406250 0.732870 0.408073 0.740278 0.404167 0.741667 0.400000 0.736111 0.394792 0.732870 0.393750
0 0.754630 0.405990 0.745833 0.405990 0.735185 0.410156 0.730556 0.414323 0.730093 0.416406 0.732407 0.420052 0.744444 0.423958 0.747222 0.424219 0.753704 0.423177 0.757870 0.420573 0.761111 0.416927 0.762500 0.412240 0.761111 0.409115 0.758796 0.407031
0 0.789815 0.408594 0.780556 0.407031 0.774537 0.408333 0.768056 0.411719 0.764352 0.414323 0.763426 0.415885 0.764815 0.420052 0.767593 0.422135 0.773611 0.423958 0.781944 0.423958 0.791204 0.420833 0.793519 0.418490 0.794444 0.415104 0.793519 0.410938
0 0.815741 0.404687 0.808333 0.404427 0.801852 0.405208 0.797222 0.407552 0.794444 0.411458 0.794444 0.417969 0.793519 0.420052 0.795370 0.422135 0.797685 0.423177 0.800463 0.423698 0.809722 0.423177 0.813889 0.421875 0.825463 0.416146 0.826389 0.411458 0.820370 0.406510
0 0.836574 0.401823 0.830556 0.404167 0.830556 0.412500 0.835185 0.415885 0.837500 0.416406 0.843981 0.416406 0.855556 0.411198 0.857870 0.408854 0.857870 0.407552 0.854630 0.404427 0.843981 0.401823
0 0.806019 0.426302 0.803704 0.430990 0.804630 0.435937 0.811111 0.443490 0.815278 0.445833 0.819907 0.446615 0.824537 0.446615 0.837037 0.442188 0.839815 0.439583 0.839352 0.435677 0.831019 0.430208 0.816667 0.425260 0.808333 0.425260
0 0.837037 0.459375 0.829167 0.459375 0.818519 0.463542 0.814352 0.468490 0.813889 0.470833 0.815741 0.475000 0.823611 0.476042 0.837500 0.474479 0.843981 0.472917 0.845833 0.471094 0.845833 0.466667
0 0.794907 0.452344 0.790278 0.455208 0.788426 0.458854 0.792130 0.465365 0.795370 0.466667 0.800463 0.467448 0.804167 0.467448 0.809722 0.466406 0.813889 0.464323 0.816667 0.460677 0.817130 0.458333 0.815741 0.456510 0.812963 0.454427 0.806944 0.452344 0.802315 0.451562
0 0.786111 0.436198 0.781019 0.437240 0.775000 0.447396 0.777315 0.451302 0.789352 0.452344 0.796759 0.450781 0.800463 0.448958 0.801852 0.447396 0.801389 0.443229 0.794444 0.437760 0.790741 0.436458
0 0.760185 0.427604 0.759259 0.431510 0.751852 0.440365 0.750463 0.444531 0.751852 0.446875 0.756944 0.449479 0.760185 0.450260 0.768056 0.450260 0.773611 0.448177 0.777778 0.444010 0.780556 0.436198 0.779167 0.431510 0.775926 0.429688 0.768056 0.427604
0 0.753704 0.425781 0.749074 0.425260 0.743056 0.425521 0.736111 0.427344 0.732407 0.429167 0.726852 0.435156 0.725926 0.438542 0.727315 0.444010 0.731481 0.446875 0.740278 0.447135 0.744444 0.446094 0.748611 0.443750 0.750926 0.439323 0.756944 0.432031 0.756944 0.427344
0 0.729630 0.426042 0.725926 0.424219 0.719444 0.423438 0.705556 0.424740 0.700926 0.427604 0.700463 0.432031 0.704167 0.434635 0.710185 0.435937 0.718981 0.435937 0.723611 0.435156 0.726852 0.433854 0.729630 0.431250 0.731019 0.428125
0 0.673611 0.419010 0.671759 0.423958 0.674074 0.427865 0.690278 0.430208 0.696296 0.429427 0.697222 0.428125 0.696296 0.419531 0.694444 0.417969 0.691667 0.416927 0.683333 0.416667 0.675463 0.417969
0 0.671759 0.429167 0.668056 0.431250 0.667593 0.435677 0.670833 0.437500 0.676852 0.443490 0.682870 0.444792 0.691204 0.444010 0.695833 0.441406 0.701389 0.435937 0.698148 0.430990 0.677315 0.428125
0 0.694444 0.443229 0.695833 0.447656 0.713889 0.453646 0.718056 0.454427 0.726389 0.454688 0.730093 0.452083 0.729630 0.446875 0.721759 0.441146 0.712037 0.437240 0.704630 0.437500
0 0.747222 0.446094 0.737963 0.447917 0.731944 0.450781 0.731481 0.456250 0.734722 0.460417 0.739352 0.462760 0.747222 0.462760 0.755093 0.460677 0.757870 0.458333 0.758796 0.455208 0.757870 0.451042 0.753704 0.447917
0 0.704167 0.452604 0.697222 0.454688 0.693519 0.457031 0.691667 0.460156 0.691204 0.464062 0.692593 0.467187 0.697222 0.470052 0.702315 0.470833 0.712037 0.470833 0.715278 0.468750 0.718981 0.464583 0.721759 0.458854 0.720370 0.456250 0.718519 0.454948 0.712037 0.453125
0 0.725000 0.457552 0.716667 0.466927 0.715278 0.471094 0.718981 0.473438 0.723611 0.475000 0.733333 0.476042 0.736574 0.475260 0.739352 0.472917 0.740278 0.466146 0.737963 0.462760 0.735185 0.461198 0.732870 0.458594 0.728241 0.457552
0 0.745833 0.463542 0.743056 0.465885 0.742130 0.471094 0.739815 0.474740 0.738889 0.478906 0.741667 0.480990 0.744444 0.481771 0.753241 0.481771 0.762500 0.479167 0.764815 0.477344 0.766204 0.474479 0.760648 0.470573 0.756481 0.465365 0.753704 0.463802
0 0.768056 0.458073 0.762037 0.459896 0.758333 0.462240 0.758796 0.467187 0.761574 0.470833 0.766667 0.473438 0.772222 0.474219 0.777315 0.473958 0.783333 0.472135 0.789815 0.467187 0.789815 0.462760 0.787500 0.460677 0.780556 0.458594 0.776389 0.457813
0 0.665741 0.502083 0.665278 0.505990 0.669444 0.511979 0.675000 0.515104 0.684722 0.514844 0.690741 0.512760 0.695833 0.509896 0.695833 0.505729 0.691204 0.502604 0.678704 0.499740 0.669444 0.500000
0 0.788889 0.476302 0.783333 0.475781 0.775926 0.476302 0.770833 0.477604 0.764815 0.480469 0.762037 0.483073 0.761111 0.486979 0.762963 0.489844 0.766204 0.491667 0.773148 0.494010 0.781944 0.493490 0.786111 0.491406 0.789352 0.488021 0.791667 0.481250 0.791667 0.478385
0 0.794907 0.474740 0.792130 0.478385 0.789352 0.490365 0.791667 0.491927 0.795833 0.492969 0.801852 0.493750 0.809259 0.493229 0.815278 0.490885 0.818056 0.488021 0.818519 0.485938 0.816204 0.481250 0.812963 0.479167 0.807407 0.477604 0.802315 0.474479
0 0.836574 0.475260 0.828241 0.475260 0.819444 0.476823 0.816667 0.478385 0.816204 0.482552 0.818981 0.485938 0.819907 0.490365 0.825926 0.494271 0.829630 0.495312 0.833333 0.494271 0.837037 0.492188 0.839352 0.490104 0.843519 0.482812 0.842593 0.478385
0 0.820370 0.509896 0.819907 0.514323 0.822222 0.515625 0.839352 0.516146 0.843981 0.515625 0.848148 0.513542 0.850000 0.509375 0.848148 0.506771 0.843519 0.504687 0.839815 0.504167 0.828704 0.504167 0.824537 0.505469
0 0.817593 0.507812 0.809722 0.505990 0.797685 0.506510 0.790278 0.507552 0.787500 0.509375 0.787500 0.512240 0.790741 0.518490 0.795370 0.520833 0.801852 0.522396 0.807870 0.522135 0.812037 0.521094 0.816204 0.518229 0.819444 0.514062 0.819907 0.509635
0 0.799537 0.494010 0.794444 0.492448 0.787963 0.491406 0.777315 0.494531 0.775000 0.497135 0.774537 0.501302 0.777315 0.505469 0.781019 0.507031 0.786574 0.506771 0.799074 0.503385 0.801852 0.501563 0.802778 0.497656
0 0.752778 0.487760 0.748611 0.488802 0.746296 0.490885 0.742130 0.498437 0.748611 0.504167 0.752778 0.505729 0.760185 0.504948 0.768981 0.502083 0.771759 0.500000 0.772685 0.497656 0.770833 0.495052 0.758333 0.488802
0 0.248148 0.649219 0.244444 0.650000 0.239815 0.653906 0.237963 0.657552 0.238426 0.666927 0.241204 0.668750 0.254167 0.670052 0.258796 0.669010 0.261574 0.666146 0.267130 0.662760 0.268519 0.660156 0.268519 0.656771 0.266204 0.652604 0.262500 0.650521 0.254630 0.649219
0 0.231481 0.640104 0.222222 0.642448 0.219907 0.645312 0.219907 0.648177 0.220833 0.650521 0.225926 0.654427 0.231019 0.656510 0.233796 0.656771 0.238426 0.654948 0.241667 0.651302 0.248148 0.647396 0.248611 0.646094 0.244907 0.642448 0.237037 0.640625
0 0.193981 0.639844 0.190278 0.642448 0.190278 0.647396 0.193981 0.650521 0.204167 0.652604 0.212500 0.652344 0.218056 0.650260 0.219907 0.647396 0.220833 0.642448 0.215278 0.639323 0.210648 0.638021 0.204167 0.637500 0.200463 0.638802
0 0.183333 0.639583 0.176389 0.639323 0.172685 0.640365 0.167593 0.642969 0.163889 0.646094 0.166667 0.651563 0.169444 0.653385 0.176852 0.654167 0.182407 0.653646 0.185648 0.652865 0.190278 0.650521 0.189815 0.642448 0.187963 0.640885
0 0.177778 0.654427 0.169444 0.653385 0.162037 0.655208 0.153704 0.658333 0.150463 0.661458 0.151389 0.666146 0.152778 0.667708 0.155556 0.669010 0.163426 0.668490 0.177778 0.663542 0.179630 0.662240 0.181481 0.658333 0.180093 0.655729
0 0.170370 0.620313 0.162963 0.619531 0.153241 0.622917 0.149074 0.626042 0.146759 0.630990 0.149537 0.633594 0.155093 0.635156 0.164815 0.635417 0.169444 0.634635 0.171759 0.633333 0.174537 0.630729 0.175000 0.626302 0.173148 0.622396
0 0.141667 0.586719 0.135185 0.588542 0.133333 0.605729 0.135185 0.609375 0.143519 0.610417 0.149537 0.609635 0.155093 0.607292 0.157407 0.604167 0.157870 0.599219 0.155093 0.594792 0.146759 0.590365 0.143519 0.587240
0 0.256481 0.671615 0.252315 0.670052 0.242593 0.669010 0.238889 0.669010 0.230556 0.670573 0.223148 0.674219 0.222222 0.675521 0.221759 0.678385 0.225000 0.682292 0.228241 0.684375 0.231481 0.685156 0.241204 0.684896 0.249537 0.683073 0.256019 0.679688 0.257870 0.677865 0.258333 0.673698
0 0.233796 0.657813 0.225463 0.655729 0.214815 0.657292 0.212037 0.658333 0.210648 0.662240 0.213889 0.665885 0.211574 0.669271 0.212037 0.673177 0.219907 0.673438 0.225000 0.672656 0.236574 0.668490 0.237963 0.666406 0.237500 0.661979
0 0.207407 0.661198 0.204630 0.660677 0.196759 0.661719 0.190741 0.663281 0.186111 0.665625 0.183796 0.670312 0.187963 0.673958 0.197222 0.676302 0.204167 0.675521 0.208796 0.673958 0.211111 0.670573 0.211574 0.665104 0.209722 0.662500
0 0.210185 0.628385 0.208333 0.629427 0.206944 0.631510 0.207407 0.636458 0.208796 0.637500 0.211574 0.638021 0.218519 0.640885 0.226389 0.641146 0.228241 0.640625 0.238426 0.634896 0.237037 0.630469 0.232870 0.628385 0.225926 0.626563 0.217593 0.626563
0 0.191667 0.616927 0.188889 0.617448 0.181944 0.621615 0.180556 0.623437 0.180093 0.631250 0.182870 0.633073 0.191204 0.633854 0.197685 0.631771 0.202315 0.630990 0.206019 0.627604 0.206019 0.622917 0.196759 0.617708
0 0.184259 0.598177 0.172685 0.598958 0.169444 0.600000 0.167130 0.602604 0.166204 0.609635 0.166667 0.616406 0.169907 0.619792 0.177315 0.619010 0.187500 0.612240 0.191667 0.607812 0.193519 0.603385
0 0.160185 0.577604 0.157407 0.580208 0.161111 0.583073 0.162963 0.588281 0.165741 0.591927 0.169444 0.594010 0.178704 0.593229 0.188889 0.588021 0.188426 0.584115 0.176852 0.577344 0.168056 0.576823
0 0.205093 0.584375 0.195833 0.585417 0.186111 0.591667 0.185648 0.596094 0.187500 0.599479 0.192130 0.602083 0.196759 0.603385 0.204167 0.603125 0.207870 0.602344 0.210185 0.601042 0.212037 0.597917 0.212500 0.588021 0.209722 0.585938
0 0.232870 0.571354 0.224074 0.571615 0.215278 0.573698 0.211111 0.575781 0.206944 0.579688 0.206944 0.584115 0.218519 0.587240 0.225463 0.586979 0.228241 0.586198 0.237500 0.580208 0.237963 0.576042
0 0.226389 0.586198 0.218519 0.587240 0.215278 0.588802 0.212963 0.591667 0.212500 0.596615 0.213889 0.599219 0.217130 0.601562 0.222222 0.602604 0.226852 0.602604 0.229630 0.601823 0.234722 0.598698 0.237037 0.596094 0.236574 0.592448 0.233796 0.589323
0 0.254167 0.580729 0.246296 0.580729 0.239352 0.582031 0.234722 0.583854 0.234722 0.588802 0.240741 0.597396 0.245370 0.599740 0.251852 0.598437 0.257870 0.595052 0.260648 0.588542 0.261111 0.583854 0.258333 0.582031
0 0.284259 0.586979 0.275926 0.585156 0.267593 0.585677 0.262500 0.586719 0.260648 0.587760 0.258796 0.590625 0.259722 0.594531 0.267130 0.597917 0.275463 0.597656 0.283333 0.595573 0.285648 0.592187 0.285185 0.587760
0 0.260185 0.565625 0.255556 0.567448 0.254167 0.569271 0.253704 0.573438 0.255556 0.580208 0.264815 0.584896 0.268519 0.585156 0.274537 0.584375 0.280556 0.581250 0.284259 0.576042 0.274074 0.567969 0.268519 0.566146
0 0.295370 0.575781 0.290741 0.577604 0.286111 0.585677 0.286574 0.592448 0.288889 0.594010 0.292593 0.594792 0.297222 0.594792 0.304630 0.593490 0.309259 0.591667 0.314815 0.588021 0.314815 0.583854 0.313426 0.582552 0.308333 0.580469 0.301852 0.576562
0 0.308796 0.566406 0.301852 0.568490 0.299537 0.571875 0.300000 0.576302 0.301852 0.576562 0.311111 0.581510 0.316204 0.583073 0.322222 0.581510 0.325463 0.579427 0.327315 0.576562 0.326852 0.573177 0.323148 0.570052 0.315741 0.567187
0 0.340278 0.577604 0.334722 0.577604 0.330093 0.578646 0.320370 0.584115 0.319444 0.587240 0.320370 0.589323 0.323148 0.591146 0.329630 0.593229 0.336574 0.594010 0.343981 0.592708 0.346759 0.590365 0.349537 0.585417 0.348611 0.579948 0.343981 0.578125
0 0.357407 0.577344 0.351389 0.579948 0.350463 0.582031 0.350463 0.585417 0.353241 0.589323 0.356944 0.591667 0.362500 0.592708 0.365741 0.592708 0.372222 0.591406 0.376389 0.589323 0.379167 0.585677 0.379167 0.583333 0.376389 0.579167 0.371759 0.577344 0.365278 0.576823
0 0.365278 0.556510 0.357407 0.557031 0.350000 0.562240 0.344444 0.568490 0.342130 0.572135 0.342593 0.576302 0.348148 0.578906 0.351852 0.579167 0.363426 0.576302 0.367593 0.573438 0.374074 0.564583 0.375000 0.560417 0.369907 0.557813
0 0.387963 0.561198 0.381481 0.560937 0.377315 0.561458 0.370833 0.567969 0.369444 0.571875 0.370370 0.575000 0.372222 0.576302 0.378241 0.578125 0.385648 0.577604 0.391204 0.574479 0.395370 0.573698 0.397222 0.572656 0.397222 0.568229 0.392593 0.565104 0.391204 0.562760
0 0.399537 0.573438 0.391667 0.574219 0.384259 0.576302 0.381019 0.576302 0.378241 0.577083 0.377315 0.580208 0.380556 0.585417 0.383333 0.587500 0.398611 0.589844 0.404167 0.587760 0.406944 0.584375 0.406944 0.579948 0.404167 0.576562
0 0.420370 0.584375 0.412037 0.584375 0.409722 0.584896 0.406944 0.586458 0.402778 0.591146 0.402778 0.596094 0.404167 0.597656 0.407870 0.599740 0.412963 0.601302 0.420833 0.600000 0.426389 0.595833 0.429167 0.591927 0.427315 0.586458
0 0.393981 0.589583 0.386111 0.587760 0.378241 0.588281 0.369444 0.592187 0.364352 0.595833 0.368981 0.598698 0.375463 0.601302 0.378241 0.601823 0.385185 0.601562 0.388426 0.599740 0.393519 0.598437 0.396759 0.596094 0.396759 0.591667
0 0.406019 0.599479 0.398611 0.597917 0.391204 0.598698 0.385648 0.600260 0.382870 0.601823 0.380093 0.606250 0.380556 0.611458 0.384722 0.613542 0.388889 0.614062 0.393519 0.614062 0.405093 0.611979 0.408333 0.609896 0.409722 0.607552 0.409259 0.603125
0 0.371759 0.604427 0.366667 0.607292 0.363426 0.610938 0.363889 0.617969 0.365278 0.619010 0.369444 0.619792 0.372685 0.619792 0.381481 0.618229 0.385185 0.615885 0.385185 0.614844 0.379630 0.610677 0.378704 0.605729
0 0.343519 0.608594 0.334722 0.611719 0.332870 0.614844 0.333796 0.618229 0.344444 0.624219 0.350926 0.625000 0.361111 0.620052 0.362963 0.616927 0.362963 0.613802 0.361574 0.611719 0.358796 0.610677
0 0.350463 0.592448 0.347222 0.593750 0.345370 0.596615 0.341204 0.599479 0.341667 0.604167 0.345370 0.607552 0.350000 0.609896 0.359722 0.610156 0.362963 0.609635 0.369444 0.606250 0.371296 0.603906 0.370370 0.601562 0.368519 0.599740 0.360185 0.595573 0.357870 0.593490
0 0.315278 0.591406 0.312037 0.593490 0.311574 0.597656 0.312963 0.603125 0.318519 0.610417 0.322685 0.611979 0.330556 0.611719 0.333333 0.610938 0.339815 0.607031 0.340278 0.602865 0.338426 0.599479 0.332870 0.594531 0.329630 0.592969 0.323148 0.590885
0 0.301852 0.601042 0.296759 0.603385 0.293519 0.607031 0.293981 0.615365 0.296296 0.619271 0.299074 0.621354 0.301852 0.622396 0.309259 0.623177 0.314352 0.621354 0.318519 0.618229 0.319444 0.615885 0.318981 0.611198 0.312963 0.603646 0.309722 0.602083
0 0.268981 0.610417 0.263889 0.615104 0.263889 0.619271 0.274074 0.623698 0.288426 0.624479 0.292130 0.623437 0.293981 0.621354 0.294444 0.618490 0.291204 0.610677 0.288426 0.609375 0.273148 0.609115
0 0.296759 0.595573 0.287500 0.594792 0.276389 0.597135 0.271759 0.599479 0.271759 0.603646 0.278241 0.608073 0.281019 0.609115 0.289815 0.608854 0.293056 0.607552 0.300000 0.600260 0.299537 0.598177
0 0.242593 0.601562 0.240278 0.602865 0.236574 0.607552 0.250926 0.615625 0.260648 0.616406 0.265278 0.613802 0.271296 0.607812 0.270833 0.603906 0.269444 0.601823 0.264352 0.600260 0.253704 0.599479
0 0.239352 0.608333 0.232407 0.607552 0.223611 0.608854 0.220833 0.610156 0.219444 0.613542 0.219444 0.619531 0.221759 0.623177 0.224074 0.624479 0.230093 0.625000 0.236111 0.624479 0.239352 0.623437 0.245833 0.619271 0.249074 0.615104
0 0.198148 0.604167 0.195833 0.605469 0.193981 0.608333 0.193519 0.612240 0.194907 0.616406 0.198611 0.619792 0.204167 0.622656 0.212037 0.622917 0.215741 0.621094 0.218519 0.617969 0.220370 0.611979 0.219907 0.607292 0.215741 0.604427 0.212500 0.603646 0.204630 0.603125
0 0.260648 0.617448 0.252778 0.617188 0.250000 0.618229 0.247222 0.620573 0.238426 0.623698 0.236111 0.626042 0.236111 0.628385 0.239815 0.634115 0.247685 0.634375 0.250463 0.633854 0.267593 0.628385 0.268981 0.626563 0.269444 0.622917
0 0.259722 0.631250 0.255556 0.632812 0.252315 0.637500 0.250463 0.642448 0.250926 0.647135 0.253241 0.648698 0.257407 0.649740 0.268519 0.649740 0.272222 0.648698 0.276389 0.646094 0.278241 0.643229 0.277778 0.638281 0.274074 0.634635 0.268056 0.631250
0 0.279630 0.638542 0.280556 0.642708 0.286111 0.649479 0.294444 0.651563 0.298148 0.651302 0.302315 0.650000 0.306481 0.646615 0.307870 0.642708 0.306944 0.639844 0.305093 0.638542 0.295833 0.636458 0.284722 0.637500
0 0.295833 0.652865 0.288889 0.650521 0.280556 0.650781 0.271296 0.654427 0.269444 0.657292 0.269444 0.662240 0.271296 0.664583 0.274074 0.665885 0.279630 0.666667 0.285185 0.666406 0.290741 0.665104 0.296759 0.659115 0.297222 0.654167
0 0.265278 0.665885 0.261111 0.669792 0.261111 0.674479 0.265278 0.677865 0.273611 0.679427 0.286574 0.678906 0.292593 0.677865 0.294444 0.673177 0.293056 0.669010 0.290278 0.666927 0.281481 0.666667 0.267593 0.664844
0 0.298148 0.663802 0.294907 0.669531 0.296296 0.673958 0.301389 0.676302 0.318519 0.676562 0.323148 0.676042 0.328704 0.673438 0.332407 0.670052 0.326389 0.665104 0.316204 0.661979 0.310648 0.661458 0.303241 0.661719
0 0.329630 0.672917 0.323611 0.675260 0.320370 0.677604 0.321296 0.681771 0.329630 0.686719 0.337037 0.687240 0.341667 0.685417 0.345833 0.682031 0.345370 0.677344 0.344444 0.675781 0.337963 0.672917
0 0.347222 0.676042 0.346296 0.678646 0.346759 0.681771 0.348148 0.683594 0.357407 0.687240 0.373148 0.684375 0.375463 0.682813 0.375463 0.679948 0.373611 0.676823 0.364352 0.673698 0.356019 0.672656 0.350463 0.673958
0 0.379167 0.659115 0.370370 0.659115 0.362037 0.661458 0.359722 0.662760 0.357870 0.666667 0.359722 0.670312 0.363426 0.672917 0.372222 0.674479 0.378704 0.673177 0.381019 0.671875 0.384722 0.665885 0.382870 0.661458
0 0.336574 0.656771 0.333796 0.657813 0.331019 0.661458 0.331019 0.664844 0.333796 0.668750 0.337963 0.671094 0.343981 0.672396 0.348148 0.671615 0.355556 0.666406 0.356019 0.661979 0.348148 0.657292 0.344444 0.655729
0 0.305556 0.647656 0.303704 0.648698 0.300000 0.653385 0.299537 0.658333 0.300463 0.659375 0.305093 0.660677 0.316667 0.661458 0.322685 0.663281 0.327315 0.662500 0.329630 0.660677 0.330556 0.657552 0.326852 0.652344 0.316667 0.647396 0.308796 0.646875
0 0.337037 0.633594 0.328704 0.633594 0.325463 0.634375 0.319444 0.636979 0.317130 0.639323 0.316667 0.643490 0.318056 0.646615 0.322685 0.649740 0.329630 0.652083 0.336111 0.650781 0.338889 0.649219 0.341204 0.646615 0.342593 0.642708 0.342593 0.638281
0 0.310648 0.624740 0.305556 0.625260 0.300000 0.628125 0.296759 0.633854 0.296759 0.635156 0.299537 0.637240 0.308796 0.639323 0.314352 0.638281 0.316667 0.637240 0.319444 0.634375 0.320370 0.630469 0.316667 0.625781
0 0.328704 0.617708 0.317593 0.622396 0.317593 0.627865 0.319907 0.631250 0.322685 0.632812 0.337037 0.633333 0.340278 0.632292 0.342593 0.630208 0.343981 0.627083 0.343056 0.622917 0.337037 0.619531 0.332407 0.617969
0 0.357407 0.622396 0.346296 0.626042 0.343519 0.631250 0.347222 0.638542 0.351389 0.639844 0.359722 0.640365 0.364815 0.639323 0.369444 0.635156 0.370370 0.630729 0.363889 0.624219
0 0.346296 0.639844 0.343981 0.641406 0.342130 0.646354 0.346296 0.655729 0.350000 0.658073 0.356944 0.659635 0.365741 0.659115 0.368056 0.657813 0.369907 0.654167 0.361574 0.641146 0.357870 0.639844 0.351389 0.639323
0 0.386111 0.634375 0.377778 0.634896 0.368519 0.638021 0.365278 0.640104 0.363889 0.642448 0.364815 0.646615 0.372222 0.652604 0.378704 0.652865 0.384722 0.651302 0.388889 0.649479 0.391204 0.647135 0.388889 0.637760
0 0.385648 0.616927 0.378241 0.617708 0.368519 0.619792 0.365278 0.621615 0.364815 0.624219 0.365741 0.626563 0.371759 0.632292 0.375000 0.633594 0.386111 0.633594 0.391204 0.630990 0.391667 0.622656 0.387963 0.618229
0 0.406944 0.613021 0.399074 0.613021 0.388426 0.615104 0.388889 0.619531 0.392593 0.622396 0.394907 0.626563 0.399074 0.628385 0.410185 0.626823 0.412500 0.625521 0.417593 0.619531 0.416667 0.617448 0.409722 0.613802
0 0.426852 0.600260 0.420833 0.601042 0.417593 0.602344 0.413426 0.607292 0.411574 0.611458 0.413426 0.614062 0.416204 0.615885 0.422685 0.617969 0.428241 0.618490 0.434259 0.617188 0.438889 0.611719 0.438426 0.607812 0.435648 0.605729 0.433333 0.602344 0.431019 0.601042
0 0.430556 0.592187 0.428241 0.594531 0.429630 0.599479 0.440741 0.609115 0.449537 0.609115 0.453241 0.608073 0.459259 0.603385 0.461111 0.600000 0.459722 0.597396 0.456019 0.595573 0.448611 0.594531 0.440741 0.592187 0.434259 0.591406
0 0.465278 0.583854 0.462037 0.581510 0.455556 0.579427 0.440741 0.580729 0.431019 0.583854 0.430093 0.588281 0.433333 0.590625 0.447685 0.594792 0.456944 0.595313 0.461574 0.593750 0.466204 0.588281
0 0.412037 0.569010 0.409259 0.571094 0.406944 0.575781 0.408796 0.579948 0.411574 0.581771 0.416667 0.583594 0.427315 0.585417 0.437037 0.579948 0.438426 0.575781 0.433333 0.571875 0.428704 0.570052 0.421296 0.568490
0 0.493519 0.577865 0.490278 0.577083 0.482407 0.577344 0.473148 0.582552 0.469444 0.585677 0.464352 0.592708 0.464352 0.596354 0.468519 0.601042 0.475926 0.601302 0.482870 0.598698 0.498611 0.587760 0.500000 0.585417 0.500000 0.582812 0.498611 0.580729
0 0.510648 0.590104 0.504167 0.588542 0.500463 0.589063 0.493056 0.592187 0.485185 0.597135 0.483333 0.599219 0.483333 0.603646 0.486574 0.606510 0.489352 0.607552 0.497685 0.606771 0.509259 0.603906 0.512037 0.602604 0.515278 0.600000 0.515741 0.595052
0 0.530556 0.580208 0.524074 0.581510 0.515741 0.584896 0.513426 0.586458 0.512500 0.588542 0.514352 0.592187 0.518056 0.594531 0.523611 0.596615 0.532407 0.597656 0.537037 0.596875 0.540278 0.594792 0.542130 0.583854 0.538426 0.581510
0 0.529630 0.566927 0.523148 0.566146 0.512500 0.569271 0.506019 0.574219 0.502315 0.579948 0.501852 0.584375 0.503704 0.585677 0.510648 0.586719 0.518981 0.584115 0.534259 0.577865 0.537037 0.572135
0 0.564352 0.566406 0.559722 0.567708 0.553704 0.572135 0.551852 0.576042 0.551389 0.580208 0.558796 0.584375 0.566667 0.584896 0.572685 0.582031 0.576389 0.575781 0.575463 0.571094 0.573148 0.567448 0.568519 0.566406
0 0.552315 0.581250 0.546296 0.582552 0.542130 0.586979 0.540741 0.591146 0.541204 0.594531 0.542130 0.596094 0.544907 0.597656 0.553704 0.597656 0.559722 0.596615 0.564815 0.591667 0.565741 0.588802 0.564815 0.585938 0.561574 0.584375 0.556019 0.583333
0 0.586574 0.584635 0.581944 0.583854 0.575000 0.584375 0.569907 0.586458 0.565278 0.590625 0.562500 0.596094 0.565278 0.599740 0.569444 0.601562 0.574074 0.602604 0.581481 0.602604 0.591667 0.599479 0.593981 0.595052 0.592593 0.591667
0 0.614815 0.574740 0.607407 0.574219 0.591204 0.578906 0.589352 0.579948 0.587500 0.584375 0.593519 0.591406 0.600926 0.591406 0.613889 0.589844 0.621296 0.587240 0.625926 0.584115 0.623611 0.580469
0 0.637037 0.565104 0.634722 0.565104 0.622222 0.568229 0.618519 0.569792 0.615741 0.572135 0.617130 0.576042 0.622685 0.579427 0.629167 0.582031 0.636574 0.582292 0.639815 0.581510 0.641667 0.579948 0.644444 0.572917 0.644907 0.567969 0.643056 0.566667
0 0.663889 0.562500 0.654630 0.562240 0.650000 0.564323 0.647222 0.566927 0.643519 0.576302 0.645370 0.579948 0.649074 0.582031 0.656944 0.582031 0.665741 0.579688 0.668981 0.577083 0.672222 0.572396 0.672685 0.568229 0.668056 0.564063
0 0.675926 0.570312 0.673611 0.571354 0.669444 0.575781 0.668981 0.580208 0.676389 0.585417 0.682407 0.586458 0.691204 0.586458 0.695833 0.583333 0.698148 0.580208 0.698611 0.575781 0.697222 0.571615 0.691667 0.569792 0.683796 0.569531
0 0.688889 0.589844 0.684722 0.588802 0.676852 0.588021 0.669907 0.589844 0.665741 0.591927 0.663426 0.595052 0.660185 0.597135 0.657870 0.602865 0.659722 0.605729 0.662963 0.607812 0.670370 0.608594 0.680556 0.605729 0.684722 0.603646 0.691667 0.595833 0.692130 0.591667
0 0.684259 0.605729 0.676389 0.606771 0.668519 0.609375 0.666667 0.610677 0.665278 0.613802 0.666204 0.618750 0.668519 0.620313 0.673611 0.621875 0.676852 0.622396 0.685185 0.622135 0.694444 0.619271 0.695370 0.616406 0.694444 0.611979 0.690278 0.608594
0 0.669444 0.621615 0.662037 0.623698 0.655556 0.626823 0.654630 0.630990 0.662963 0.634635 0.670370 0.636719 0.680093 0.630990 0.682870 0.626823 0.677315 0.623177
0 0.684722 0.630208 0.680093 0.631250 0.676852 0.632812 0.671296 0.638281 0.668981 0.642188 0.669444 0.646615 0.673148 0.648698 0.676852 0.649479 0.687963 0.647917 0.692593 0.646354 0.701389 0.638802 0.696296 0.634375 0.691204 0.631771
0 0.670370 0.647396 0.662500 0.646875 0.652315 0.648438 0.648611 0.650260 0.650926 0.658333 0.655556 0.660937 0.664352 0.661198 0.668981 0.659115 0.671296 0.657031 0.674074 0.650260
0 0.656944 0.632552 0.647685 0.632292 0.643056 0.633594 0.641667 0.634635 0.640741 0.646615 0.643981 0.648438 0.650000 0.649219 0.656944 0.648177 0.662037 0.646875 0.666667 0.644271 0.667593 0.642708 0.667130 0.637760 0.663889 0.634896
0 0.627778 0.635677 0.621296 0.636719 0.618056 0.638021 0.616204 0.640365 0.615741 0.643490 0.616667 0.646354 0.619907 0.649479 0.627778 0.653125 0.630556 0.653125 0.635648 0.651823 0.639352 0.648438 0.640278 0.643750 0.639815 0.638281 0.635648 0.635938
0 0.593519 0.631771 0.589352 0.634375 0.588889 0.638802 0.600463 0.646615 0.607870 0.646094 0.612963 0.644010 0.617593 0.638542 0.618981 0.635677 0.618056 0.633073 0.615741 0.632031 0.610185 0.630990 0.598611 0.630990
0 0.574537 0.639323 0.573611 0.640625 0.573611 0.646094 0.575926 0.651563 0.577778 0.652604 0.585185 0.653385 0.593519 0.652604 0.597222 0.646094 0.593056 0.642969 0.590741 0.640104 0.587037 0.638021 0.580556 0.638281
0 0.558333 0.635677 0.553241 0.637760 0.550000 0.641146 0.548148 0.645833 0.548611 0.650260 0.551852 0.654687 0.558333 0.656510 0.566204 0.656510 0.572222 0.654167 0.574074 0.651563 0.572222 0.641406 0.570833 0.638542 0.566204 0.636198
0 0.548148 0.631771 0.545833 0.631250 0.537500 0.631510 0.527778 0.635938 0.524074 0.638542 0.522685 0.642969 0.526852 0.646875 0.531019 0.648958 0.539352 0.649479 0.542130 0.648958 0.545370 0.647396 0.549074 0.642708 0.552315 0.635417 0.551852 0.633854
0 0.517130 0.614062 0.513426 0.616146 0.510185 0.619792 0.508796 0.626302 0.509259 0.630990 0.512037 0.633854 0.517130 0.635938 0.525000 0.635938 0.528704 0.634896 0.534259 0.630990 0.535648 0.627083 0.534259 0.622917 0.529167 0.616667 0.524537 0.614583
0 0.503704 0.633073 0.500000 0.635417 0.496759 0.638802 0.494444 0.642448 0.495370 0.644792 0.497222 0.646875 0.502778 0.649479 0.509722 0.650260 0.515278 0.649740 0.517130 0.648958 0.518981 0.646354 0.518519 0.638281 0.516204 0.635938 0.510648 0.632812
0 0.496759 0.648177 0.490278 0.647135 0.486111 0.647917 0.482870 0.649740 0.478241 0.654167 0.470833 0.658073 0.469907 0.662760 0.472222 0.665365 0.482870 0.667448 0.491667 0.664583 0.501389 0.658333 0.501852 0.652083 0.501389 0.650260
0 0.475000 0.631771 0.472222 0.632552 0.469444 0.634635 0.468056 0.637760 0.468981 0.642708 0.471759 0.646354 0.475463 0.648177 0.482870 0.647917 0.487500 0.646615 0.491204 0.644531 0.494444 0.639062 0.492593 0.634635 0.488889 0.632292 0.485648 0.631771
0 0.495833 0.617448 0.493056 0.618229 0.489352 0.620833 0.485185 0.626563 0.485185 0.627865 0.487037 0.630469 0.490741 0.632552 0.494907 0.633594 0.499537 0.633594 0.503241 0.632812 0.505556 0.630729 0.506944 0.619010 0.504167 0.617708
0 0.514815 0.610677 0.512500 0.606250 0.510648 0.605208 0.487500 0.608073 0.483333 0.609375 0.480556 0.611719 0.484722 0.614323 0.491667 0.616146 0.502315 0.617448 0.506944 0.617448 0.510648 0.616927 0.514352 0.612500
0 0.475926 0.602083 0.469444 0.600521 0.463426 0.601562 0.455093 0.607292 0.456944 0.612240 0.461574 0.614323 0.469907 0.614323 0.478241 0.612760 0.480093 0.610938 0.481019 0.607292 0.479630 0.604688
0 0.746759 0.483594 0.744444 0.482292 0.737037 0.481510 0.732407 0.482031 0.725926 0.483854 0.717593 0.484896 0.714352 0.486198 0.712500 0.490104 0.712963 0.491146 0.715278 0.492969 0.719444 0.494010 0.725463 0.496615 0.732407 0.497656 0.739815 0.496875 0.743981 0.494531 0.746296 0.491146 0.747685 0.486458
0 0.419444 0.619792 0.413426 0.622917 0.410185 0.627344 0.414352 0.631771 0.419907 0.635417 0.427315 0.635677 0.432870 0.632812 0.435185 0.630729 0.437037 0.627604 0.436574 0.625260 0.434722 0.622917 0.430093 0.620313 0.427778 0.619792
0 0.409259 0.628125 0.405556 0.627865 0.395370 0.629687 0.388426 0.634375 0.388889 0.638802 0.390741 0.643229 0.393519 0.645573 0.399074 0.646875 0.411574 0.642708 0.415278 0.639323 0.418056 0.635156 0.412500 0.629167
0 0.448148 0.609635 0.440741 0.611458 0.434722 0.618750 0.437037 0.623177 0.440278 0.624740 0.448611 0.624479 0.456944 0.621875 0.459722 0.619271 0.460185 0.614844 0.455093 0.611719
0 0.461111 0.616667 0.459259 0.618750 0.459722 0.621615 0.466667 0.626042 0.475463 0.628125 0.483333 0.627083 0.485648 0.625000 0.487963 0.619792 0.487500 0.617708 0.485185 0.616146 0.476852 0.614323 0.464815 0.615104
0 0.444907 0.625260 0.443519 0.626823 0.443056 0.630990 0.446296 0.632552 0.460185 0.635938 0.464815 0.635938 0.468981 0.635156 0.472222 0.630990 0.470370 0.627344 0.462037 0.622917 0.454630 0.622396
0 0.458796 0.636198 0.454630 0.637500 0.452778 0.642448 0.449074 0.646354 0.448148 0.649219 0.449074 0.655208 0.451389 0.657292 0.461574 0.658333 0.468519 0.657813 0.472222 0.655990 0.473611 0.654167 0.472685 0.647656 0.468519 0.642969 0.465741 0.636979 0.463426 0.636198
0 0.440278 0.630990 0.434722 0.632292 0.429167 0.635156 0.426852 0.638021 0.427778 0.642969 0.433333 0.646875 0.442593 0.648177 0.447685 0.647396 0.452315 0.642708 0.454167 0.638802 0.454167 0.634635 0.444907 0.631510
0 0.421296 0.641667 0.412500 0.642969 0.400463 0.646875 0.398148 0.650000 0.400463 0.655469 0.405093 0.657813 0.412500 0.659635 0.414352 0.659635 0.418981 0.657813 0.420833 0.653385 0.429167 0.646615 0.426852 0.644010
0 0.426852 0.647135 0.420370 0.653906 0.419907 0.658333 0.422222 0.662240 0.429167 0.664323 0.433333 0.664844 0.439352 0.664323 0.444907 0.662240 0.447222 0.659375 0.447685 0.653646 0.446296 0.650521 0.443981 0.648958 0.434259 0.646875
0 0.461574 0.659896 0.456481 0.658854 0.447685 0.659896 0.437963 0.665885 0.438426 0.670833 0.443519 0.674479 0.446759 0.675260 0.455093 0.674740 0.459722 0.671875 0.464815 0.666406 0.463889 0.661719
0 0.462037 0.669531 0.457870 0.673698 0.457407 0.677083 0.462037 0.683073 0.468519 0.685417 0.478241 0.685417 0.485648 0.684115 0.488889 0.681510 0.489352 0.677604 0.483796 0.671875 0.479630 0.669010 0.476389 0.667708 0.468519 0.667708
0 0.494907 0.664323 0.486111 0.666406 0.483333 0.667969 0.481944 0.670052 0.491204 0.678646 0.496759 0.680469 0.507407 0.673438 0.509259 0.669271 0.506019 0.666927 0.497685 0.664323
0 0.440741 0.677344 0.437963 0.678906 0.436574 0.681250 0.439352 0.690885 0.443056 0.695573 0.445370 0.696875 0.447685 0.697396 0.455556 0.696875 0.462963 0.691927 0.463889 0.690104 0.463426 0.685417 0.458796 0.680729 0.454167 0.678125 0.448148 0.676823
0 0.418981 0.661198 0.415278 0.662500 0.413426 0.664062 0.411574 0.670312 0.419907 0.679167 0.423148 0.680729 0.427315 0.681510 0.433796 0.677865 0.433333 0.669010 0.431019 0.665365 0.420370 0.661198
0 0.406019 0.671615 0.397222 0.676042 0.396759 0.678906 0.398148 0.686979 0.400000 0.689583 0.406019 0.691406 0.413426 0.691667 0.419444 0.685937 0.419907 0.680990 0.418981 0.678385 0.412963 0.671875
0 0.399537 0.654948 0.388889 0.657292 0.387037 0.658594 0.385648 0.661979 0.388426 0.670573 0.392130 0.673698 0.400000 0.673698 0.404167 0.672396 0.408333 0.669792 0.411111 0.666146 0.412037 0.663281 0.411111 0.660677
0 0.384259 0.673177 0.377778 0.674740 0.376852 0.675521 0.375926 0.680990 0.376852 0.684115 0.380556 0.687240 0.384722 0.688802 0.392593 0.688021 0.395370 0.686719 0.396296 0.685677 0.395833 0.676562 0.393519 0.674479
0 0.522685 0.597396 0.519907 0.598698 0.513889 0.603385 0.513889 0.606771 0.515278 0.608854 0.520833 0.611979 0.528241 0.614062 0.531944 0.614583 0.538426 0.613542 0.541204 0.611719 0.541667 0.607812 0.538889 0.602865 0.533333 0.598698 0.524537 0.597135
0 0.550463 0.598437 0.544907 0.600781 0.542593 0.603125 0.543056 0.608333 0.549537 0.612500 0.554167 0.613281 0.560185 0.613281 0.567593 0.609896 0.569444 0.607552 0.570370 0.603385 0.565741 0.600260 0.560648 0.598437
0 0.567130 0.611979 0.562963 0.615104 0.564352 0.619271 0.572222 0.621875 0.583333 0.623437 0.587037 0.624479 0.591204 0.621615 0.592593 0.619271 0.592593 0.615104 0.587037 0.609896 0.577778 0.609375
0 0.543981 0.613281 0.532870 0.615104 0.532407 0.619271 0.538889 0.627344 0.541204 0.628385 0.545370 0.628906 0.555556 0.625521 0.557407 0.623437 0.558333 0.618750 0.554630 0.615104 0.546296 0.613281
0 0.559259 0.621354 0.555556 0.626563 0.556481 0.630990 0.557870 0.632552 0.562500 0.635156 0.572222 0.637760 0.579167 0.636719 0.585648 0.631250 0.586111 0.626823 0.578704 0.622917 0.571759 0.621875 0.566204 0.620313
0 0.614352 0.622135 0.611574 0.620573 0.608333 0.619792 0.593519 0.620313 0.589815 0.622917 0.590741 0.627344 0.592593 0.629948 0.593981 0.630729 0.599074 0.631250 0.608333 0.630990 0.611574 0.630208 0.614352 0.627604
0 0.585185 0.603385 0.585185 0.608073 0.588889 0.611458 0.597685 0.617188 0.600463 0.618229 0.608796 0.618750 0.614352 0.616927 0.618981 0.611458 0.618519 0.607031 0.616204 0.605469 0.606019 0.603125 0.600926 0.601302 0.592130 0.601042 0.588426 0.601823
0 0.596759 0.591927 0.595370 0.592708 0.594444 0.595833 0.595833 0.598958 0.598611 0.600781 0.606944 0.603385 0.615741 0.604427 0.618981 0.603125 0.620370 0.601042 0.619907 0.598177 0.610648 0.591146 0.606019 0.590625
0 0.637963 0.583333 0.633333 0.583073 0.627778 0.584635 0.617593 0.591146 0.617593 0.595313 0.621759 0.597917 0.625463 0.598958 0.629630 0.599219 0.634259 0.598177 0.639352 0.595573 0.641667 0.591927 0.641667 0.586719 0.639815 0.584115
0 0.670370 0.583333 0.663889 0.581510 0.650000 0.583073 0.644907 0.585417 0.643056 0.587500 0.643981 0.592708 0.645833 0.594010 0.650926 0.595313 0.657407 0.595573 0.662037 0.594531 0.667593 0.591406 0.671296 0.588281
0 0.701852 0.578906 0.699537 0.579688 0.694444 0.583594 0.692130 0.587240 0.692593 0.589323 0.695833 0.592187 0.700000 0.593490 0.706019 0.594010 0.712500 0.593229 0.715278 0.592448 0.718056 0.590104 0.718981 0.583854 0.716204 0.581510 0.712037 0.579427 0.706944 0.578646
0 0.717130 0.593490 0.716204 0.595313 0.717130 0.599740 0.719444 0.600781 0.726389 0.602083 0.737500 0.603125 0.748611 0.603385 0.752778 0.602604 0.755093 0.600260 0.755093 0.599219 0.750926 0.595573 0.742593 0.592448 0.733796 0.590104 0.723611 0.590104 0.720833 0.590885
0 0.731481 0.570312 0.726389 0.571354 0.721296 0.573438 0.719907 0.575260 0.719907 0.581771 0.722685 0.586979 0.726852 0.588542 0.732870 0.589323 0.737963 0.588802 0.744444 0.586979 0.748611 0.584115 0.750000 0.579688 0.748148 0.577344 0.737963 0.571094
0 0.715278 0.562760 0.709259 0.562500 0.705093 0.563021 0.703704 0.563802 0.699074 0.571094 0.699074 0.574740 0.700926 0.577344 0.702778 0.577865 0.713889 0.577865 0.718981 0.576823 0.723611 0.568229
0 0.705093 0.594531 0.696296 0.594271 0.690741 0.596875 0.688426 0.599219 0.687963 0.604167 0.690741 0.608854 0.693519 0.610156 0.698611 0.610677 0.710185 0.607552 0.712963 0.606250 0.715278 0.603906 0.714815 0.598958 0.711111 0.596615
0 0.704630 0.608594 0.700000 0.611198 0.698148 0.614844 0.699074 0.619271 0.704167 0.621094 0.711574 0.622396 0.718056 0.621354 0.722685 0.619010 0.724074 0.615625 0.720370 0.609896 0.718981 0.608854 0.714815 0.608073
0 0.689352 0.622396 0.687963 0.623177 0.686111 0.626302 0.687037 0.629167 0.704167 0.638281 0.712037 0.638281 0.718056 0.635938 0.719444 0.634896 0.721296 0.630469 0.719444 0.627083 0.715278 0.624219 0.705093 0.621354 0.696759 0.620573
0 0.621296 0.610677 0.616667 0.614844 0.615278 0.619010 0.616204 0.623958 0.618519 0.628646 0.621759 0.630990 0.622685 0.632812 0.625926 0.634115 0.631481 0.634375 0.639815 0.633594 0.643056 0.632292 0.644907 0.630208 0.646296 0.627083 0.644907 0.623958 0.636574 0.616406 0.630093 0.613021
0 0.654167 0.597396 0.650000 0.596094 0.641667 0.596354 0.630093 0.599479 0.625000 0.601302 0.622222 0.603125 0.622222 0.607552 0.626389 0.610417 0.634722 0.612500 0.642130 0.610938 0.652315 0.604427 0.655556 0.599740
0 0.656481 0.605729 0.646296 0.608333 0.639352 0.612500 0.637963 0.615365 0.640741 0.619792 0.644444 0.622135 0.647685 0.622917 0.655093 0.622917 0.659259 0.621875 0.663889 0.616667 0.664352 0.614323 0.662963 0.609635 0.661574 0.608073
0 0.759722 0.561979 0.755556 0.563021 0.747685 0.563802 0.743519 0.566146 0.741667 0.568750 0.743519 0.572396 0.748148 0.576302 0.751389 0.577344 0.760648 0.578646 0.765278 0.577604 0.767130 0.576562 0.768981 0.571615 0.766204 0.564323 0.762037 0.562240
0 0.791204 0.563281 0.781481 0.564063 0.777778 0.565625 0.776389 0.567187 0.775463 0.570833 0.775926 0.576302 0.781019 0.579948 0.788426 0.580208 0.796759 0.578385 0.801852 0.576302 0.804630 0.573177 0.805093 0.570833 0.804167 0.567969 0.799537 0.565365
0 0.807870 0.569271 0.805093 0.572396 0.804167 0.576562 0.806019 0.578906 0.809259 0.580990 0.825926 0.585156 0.830556 0.585417 0.837037 0.584115 0.839815 0.579948 0.837500 0.576042 0.830093 0.569792 0.824074 0.567448 0.817130 0.566927 0.814352 0.567187
0 0.844907 0.569792 0.842130 0.571615 0.839352 0.575260 0.839815 0.577865 0.843519 0.580469 0.850000 0.582292 0.864352 0.584635 0.869444 0.584115 0.871759 0.583073 0.873148 0.580729 0.871759 0.577083 0.866667 0.570573 0.862500 0.567969 0.858333 0.566927 0.851852 0.567448
0 0.836574 0.542448 0.831481 0.544792 0.826389 0.551302 0.825000 0.555208 0.825463 0.560677 0.828241 0.564063 0.831481 0.565365 0.836111 0.566146 0.844444 0.565885 0.851389 0.563281 0.853241 0.560937 0.852778 0.556510 0.842130 0.544271
0 0.793056 0.544792 0.787500 0.546615 0.785648 0.547917 0.784722 0.550521 0.785185 0.553906 0.788426 0.557031 0.796296 0.562240 0.802315 0.564323 0.809259 0.565625 0.814352 0.563802 0.818056 0.561458 0.820370 0.557552 0.819907 0.555208 0.809259 0.545833 0.802778 0.543750
0 0.774537 0.544010 0.766667 0.544010 0.756944 0.545573 0.754167 0.546875 0.752778 0.548698 0.753241 0.552865 0.760648 0.560417 0.766667 0.563021 0.768519 0.563021 0.771296 0.561719 0.775000 0.557292 0.780556 0.552604 0.780556 0.546875 0.778241 0.545052
0 0.744444 0.547396 0.739352 0.547135 0.736574 0.547656 0.731944 0.550000 0.728241 0.551042 0.720370 0.555990 0.717593 0.560156 0.719444 0.564583 0.731944 0.568750 0.738426 0.567448 0.743056 0.564583 0.751852 0.554688 0.752315 0.552083 0.751389 0.550781
0 0.692593 0.546875 0.690741 0.545833 0.682870 0.545312 0.676852 0.546094 0.667130 0.549740 0.663889 0.551823 0.660648 0.555990 0.660648 0.557813 0.662037 0.559635 0.663889 0.560677 0.672222 0.561979 0.684722 0.561719 0.694444 0.560417 0.696296 0.558594 0.696759 0.555990 0.695370 0.550521
0 0.635648 0.546615 0.632407 0.548698 0.631019 0.552865 0.636111 0.556250 0.638889 0.559635 0.642130 0.561198 0.650000 0.561719 0.653241 0.560677 0.657407 0.558333 0.660185 0.552604 0.657870 0.548698 0.648611 0.546354 0.638889 0.546094
0 0.632407 0.554427 0.629167 0.553385 0.624537 0.553125 0.617130 0.553385 0.613426 0.554427 0.609259 0.561198 0.609259 0.564844 0.612500 0.567187 0.614352 0.567708 0.622685 0.567708 0.628704 0.566667 0.634722 0.564323 0.638426 0.560417 0.635185 0.555990
0 0.587963 0.549740 0.584722 0.552344 0.584259 0.557031 0.585648 0.560417 0.587963 0.561458 0.599537 0.563281 0.607870 0.562760 0.611111 0.557031 0.610648 0.552604 0.600926 0.547396
0 0.603241 0.564063 0.594907 0.562500 0.587500 0.561979 0.578704 0.563281 0.576389 0.565104 0.575000 0.567708 0.576389 0.573698 0.578241 0.575781 0.586111 0.577865 0.593519 0.577083 0.601389 0.574479 0.605556 0.572135 0.607407 0.569271 0.606481 0.566146
0 0.613426 0.538021 0.610185 0.539844 0.605556 0.544792 0.606944 0.550000 0.609722 0.551562 0.615741 0.552865 0.628241 0.552865 0.633333 0.544792 0.626852 0.538802 0.623148 0.536979 0.619907 0.536719
0 0.697685 0.564063 0.695370 0.562240 0.693056 0.561719 0.681019 0.561719 0.674074 0.562500 0.672222 0.563802 0.672222 0.565365 0.674074 0.569010 0.676389 0.570312 0.695370 0.569792 0.698148 0.569271
0 0.789815 0.587760 0.787963 0.591146 0.788889 0.595833 0.792130 0.598698 0.795833 0.600000 0.802778 0.600521 0.816204 0.599219 0.820833 0.597396 0.826852 0.592187 0.825000 0.589583 0.819907 0.586979 0.806944 0.584375 0.801852 0.583854 0.794907 0.585156
0 0.774537 0.579167 0.766667 0.578646 0.760648 0.580208 0.747222 0.587500 0.745833 0.591927 0.755093 0.597917 0.759259 0.598958 0.767130 0.598437 0.771759 0.596354 0.774074 0.593750 0.777315 0.591927 0.778704 0.588542 0.778241 0.582552 0.776852 0.580208
0 0.792593 0.599479 0.787500 0.594792 0.782407 0.592187 0.780093 0.591927 0.774537 0.592969 0.772685 0.595313 0.768056 0.597917 0.762963 0.599479 0.763889 0.603125 0.766667 0.604688 0.773611 0.606250 0.781481 0.606250 0.788889 0.603906
0 0.804167 0.600521 0.800463 0.602604 0.798148 0.607552 0.800926 0.611198 0.806481 0.612760 0.817593 0.613281 0.823148 0.611979 0.825463 0.609896 0.826389 0.607031 0.822222 0.600521 0.818056 0.598958 0.813889 0.598958
0 0.017130 0.101042 0.015278 0.103646 0.015278 0.108333 0.017130 0.113021 0.020833 0.116146 0.023611 0.116927 0.032407 0.116406 0.038889 0.115104 0.044444 0.112240 0.046759 0.108594 0.046759 0.106510 0.043519 0.103646 0.038426 0.102083 0.027778 0.100521 0.023148 0.100260
0 0.101389 0.119010 0.101389 0.123438 0.103704 0.127344 0.108333 0.130990 0.116204 0.132292 0.126852 0.132031 0.133333 0.130729 0.138889 0.127344 0.137963 0.123438 0.132407 0.119010 0.121759 0.114844 0.112037 0.115104 0.107407 0.116146
0 0.200926 0.106771 0.197685 0.108854 0.193981 0.115104 0.193519 0.120573 0.195833 0.123177 0.200926 0.125260 0.203704 0.125781 0.213426 0.125521 0.220370 0.122656 0.222685 0.120052 0.223611 0.114583 0.222222 0.112240 0.219444 0.109635 0.213426 0.107292 0.206944 0.106510
0 0.315741 0.108073 0.308796 0.109115 0.305093 0.112760 0.304167 0.116927 0.305556 0.121875 0.307870 0.125000 0.311111 0.127083 0.316204 0.128385 0.322222 0.127604 0.325463 0.126302 0.331481 0.122135 0.333796 0.119010 0.332407 0.116146 0.329167 0.113542 0.321296 0.109115
0 0.370833 0.112760 0.365278 0.115104 0.363426 0.117448 0.362500 0.120052 0.362963 0.127344 0.365741 0.130990 0.370833 0.132552 0.379630 0.132552 0.385185 0.130469 0.388426 0.127083 0.388426 0.120052 0.386574 0.117188 0.381019 0.113802 0.378704 0.113021
0 0.475000 0.114583 0.463889 0.119010 0.461574 0.121354 0.461574 0.125000 0.462963 0.126823 0.475926 0.133333 0.482407 0.135156 0.489352 0.134375 0.492593 0.132292 0.493056 0.129688 0.487963 0.117448 0.483333 0.114323
0 0.537037 0.105729 0.534259 0.107292 0.535648 0.111198 0.538426 0.113802 0.541204 0.119271 0.544907 0.122656 0.552315 0.126302 0.559722 0.126823 0.565278 0.125260 0.570370 0.122135 0.573148 0.118750 0.574074 0.114844 0.572222 0.110937 0.564352 0.107813 0.552315 0.105469 0.543981 0.104948
0 0.615278 0.128906 0.612963 0.129167 0.604167 0.132552 0.593056 0.135677 0.587963 0.138542 0.587500 0.143229 0.588889 0.145313 0.593981 0.148438 0.600463 0.150521 0.608333 0.150521 0.612500 0.148958 0.615278 0.147135 0.619907 0.142187 0.620833 0.139063 0.620370 0.134375 0.617593 0.130208
0 0.527778 0.136719 0.515741 0.136719 0.506481 0.139063 0.502778 0.142187 0.503241 0.146875 0.504630 0.148177 0.511574 0.151302 0.516667 0.152604 0.522222 0.152083 0.527778 0.150000 0.531944 0.147656 0.533333 0.144792 0.533333 0.141406 0.531944 0.138802
0 0.400463 0.132292 0.393519 0.138281 0.392593 0.142969 0.393981 0.145052 0.398148 0.146875 0.406019 0.148177 0.416204 0.148958 0.419907 0.150260 0.426389 0.149219 0.429167 0.146615 0.427778 0.142969 0.418981 0.132812 0.414352 0.130729 0.405556 0.130729
0 0.329630 0.147656 0.327778 0.150781 0.331019 0.154948 0.334722 0.157292 0.340741 0.159375 0.346296 0.160156 0.350463 0.161458 0.357870 0.161458 0.361111 0.157292 0.361574 0.149740 0.357407 0.144531 0.350000 0.142969 0.343981 0.143750
0 0.306019 0.150260 0.303241 0.153385 0.303241 0.163021 0.305093 0.165365 0.306944 0.166406 0.314815 0.168229 0.321296 0.167969 0.325926 0.166927 0.328704 0.164844 0.329630 0.162500 0.328704 0.157292 0.326852 0.154948 0.316667 0.150000 0.308796 0.149740
0 0.288426 0.163542 0.281019 0.163542 0.274074 0.165104 0.270370 0.166927 0.267593 0.169531 0.267593 0.174479 0.269444 0.176823 0.276389 0.180990 0.280556 0.182552 0.288889 0.181771 0.298611 0.174219 0.297685 0.169531 0.295833 0.166667 0.292593 0.164583
0 0.247685 0.154167 0.237500 0.154167 0.235185 0.155469 0.232407 0.159115 0.230093 0.166667 0.232407 0.171875 0.237037 0.173698 0.240741 0.173958 0.245833 0.172917 0.253241 0.169271 0.257870 0.165885 0.259259 0.161719 0.257407 0.158854 0.253704 0.155990
0 0.218519 0.140365 0.214815 0.142448 0.210185 0.146875 0.208333 0.150781 0.205093 0.154427 0.203704 0.158333 0.205556 0.161979 0.209259 0.163802 0.217130 0.165625 0.225000 0.165625 0.229630 0.164844 0.231481 0.163281 0.235185 0.153906 0.233333 0.149219 0.230093 0.145573 0.224537 0.141667
0 0.184259 0.130208 0.179630 0.132812 0.175926 0.136458 0.174074 0.139323 0.174074 0.142969 0.176852 0.145833 0.181019 0.147656 0.189815 0.149740 0.198148 0.149740 0.204630 0.147656 0.206944 0.146094 0.207407 0.142448 0.205093 0.138542 0.199537 0.132812 0.196296 0.130729 0.192130 0.129688
0 0.065278 0.129167 0.062500 0.129948 0.059722 0.132031 0.054167 0.138542 0.053241 0.142708 0.061574 0.148958 0.065741 0.150521 0.073148 0.151302 0.078704 0.150260 0.081944 0.148177 0.084259 0.144010 0.084259 0.138802 0.082407 0.134635 0.079630 0.132292 0.072685 0.129688
0 0.033796 0.169792 0.031019 0.171094 0.029630 0.172656 0.027315 0.177604 0.026852 0.182812 0.028241 0.185677 0.031481 0.188281 0.038426 0.189583 0.047222 0.189583 0.051852 0.188542 0.057407 0.185417 0.060185 0.181771 0.059722 0.177083 0.058333 0.175521 0.053704 0.172656 0.046296 0.170313 0.039815 0.169271
0 0.034259 0.246094 0.031019 0.247396 0.028704 0.250781 0.028704 0.253125 0.031481 0.257031 0.042130 0.263021 0.045833 0.264323 0.052778 0.264844 0.056481 0.263802 0.060185 0.259375 0.061111 0.255729 0.061574 0.247917 0.058333 0.245312 0.053241 0.244531 0.043519 0.244531
0 0.104167 0.215625 0.093519 0.214323 0.087500 0.216667 0.075926 0.224740 0.075000 0.228906 0.078704 0.232292 0.086574 0.234115 0.095370 0.234375 0.111574 0.230990 0.113426 0.228906 0.112963 0.220573
0 0.086111 0.176823 0.082870 0.177865 0.081019 0.180729 0.081481 0.190365 0.083333 0.193229 0.087037 0.195312 0.094444 0.195833 0.099537 0.194531 0.104167 0.192188 0.106944 0.189583 0.108796 0.185156 0.107407 0.182031 0.104167 0.179688 0.093981 0.176823
0 0.100926 0.144792 0.098148 0.146354 0.097685 0.151823 0.100463 0.156510 0.104167 0.158073 0.114352 0.160677 0.121759 0.160938 0.125926 0.159896 0.128241 0.158594 0.131019 0.154688 0.130093 0.150000 0.125000 0.145052 0.121759 0.143229 0.113426 0.142448
0 0.157870 0.144010 0.148148 0.143750 0.138889 0.145833 0.136574 0.147135 0.134259 0.150260 0.134722 0.154688 0.137963 0.158073 0.141204 0.159635 0.149537 0.159896 0.159722 0.157812 0.163426 0.155469 0.164352 0.152083 0.163889 0.149219 0.161574 0.146094
0 0.194444 0.153125 0.190278 0.152865 0.181944 0.154688 0.174074 0.158594 0.169444 0.162500 0.168056 0.166146 0.171296 0.170313 0.175463 0.172656 0.182870 0.175000 0.191667 0.175000 0.195370 0.173177 0.198148 0.169531 0.200463 0.162500 0.200000 0.157292 0.198148 0.154167
0 0.206019 0.178906 0.202315 0.180729 0.201389 0.182552 0.204167 0.189844 0.206944 0.193229 0.211574 0.195833 0.218981 0.196094 0.222222 0.195312 0.225926 0.193490 0.229167 0.189583 0.229167 0.184375 0.223611 0.180990 0.218519 0.179167 0.212963 0.178385
0 0.264815 0.175781 0.260185 0.175521 0.252778 0.177083 0.245370 0.180990 0.242593 0.184635 0.242593 0.186979 0.244444 0.190104 0.248148 0.192969 0.253704 0.195833 0.261574 0.196094 0.264815 0.195052 0.277315 0.188281 0.279167 0.185677 0.277778 0.181510 0.271759 0.177865
0 0.296759 0.175781 0.293519 0.177344 0.291204 0.181771 0.293056 0.186198 0.296759 0.190885 0.300000 0.192708 0.309259 0.193490 0.313889 0.191667 0.318519 0.188281 0.320833 0.182031 0.319907 0.179688 0.317130 0.177604 0.310185 0.175521 0.301852 0.175000
0 0.327778 0.171094 0.325463 0.173698 0.324537 0.178906 0.328241 0.182031 0.337963 0.183333 0.352315 0.183333 0.360648 0.180729 0.363889 0.177865 0.362963 0.173958 0.359259 0.168229 0.356019 0.166406 0.351389 0.165625 0.343056 0.165625 0.333333 0.167969
0 0.172222 0.180208 0.169444 0.179948 0.160185 0.181510 0.149537 0.186198 0.144907 0.189323 0.145833 0.193490 0.147222 0.194792 0.156481 0.198698 0.163426 0.199479 0.167593 0.197135 0.170833 0.193490 0.174537 0.182552 0.174074 0.180990
0 0.178241 0.181250 0.172685 0.185417 0.172222 0.190365 0.173148 0.193229 0.178241 0.194531 0.188426 0.195573 0.193981 0.195573 0.199537 0.194531 0.201389 0.193490 0.202778 0.190365 0.201852 0.185677 0.200463 0.183854 0.196296 0.181771 0.190741 0.180469 0.183796 0.179948
0 0.219444 0.198437 0.211111 0.198698 0.200463 0.202604 0.191204 0.209115 0.191204 0.214062 0.196759 0.216667 0.208333 0.216667 0.218981 0.215365 0.225463 0.213281 0.228241 0.210156 0.228241 0.204687 0.225000 0.201042
0 0.229630 0.203906 0.228241 0.207031 0.228704 0.213021 0.232407 0.216406 0.237963 0.218750 0.243056 0.219271 0.253241 0.218750 0.263426 0.215885 0.266204 0.213802 0.266667 0.212760 0.263889 0.208854 0.254167 0.203906 0.246759 0.201042 0.238426 0.200521 0.234722 0.201302
0 0.156019 0.204687 0.149537 0.205469 0.145833 0.207031 0.143056 0.213021 0.146759 0.220573 0.149537 0.221875 0.156944 0.223177 0.166667 0.220833 0.170833 0.218750 0.171759 0.217448 0.171759 0.212500 0.168056 0.208854 0.162963 0.205729
0 0.109259 0.211979 0.108796 0.217188 0.111111 0.220052 0.115741 0.222656 0.120833 0.224479 0.127778 0.225521 0.135648 0.225000 0.142130 0.223698 0.145833 0.221094 0.139815 0.211458 0.134722 0.208073 0.131019 0.206771 0.121296 0.206510 0.113889 0.208854
0 0.121296 0.188802 0.118519 0.190365 0.116204 0.192969 0.116667 0.197656 0.119444 0.200260 0.123611 0.202865 0.128241 0.204687 0.135648 0.205729 0.142130 0.203906 0.144907 0.202083 0.146759 0.198177 0.145833 0.193490 0.142593 0.189844 0.135648 0.187500 0.128241 0.187760
0 0.112037 0.168490 0.108796 0.169792 0.106944 0.172917 0.106944 0.178906 0.109259 0.183854 0.112037 0.185677 0.121296 0.188281 0.129167 0.186979 0.131944 0.185156 0.134259 0.182292 0.132870 0.176823 0.121759 0.169531 0.114815 0.167969
0 0.158333 0.223958 0.157870 0.229167 0.162500 0.232552 0.167593 0.234375 0.176852 0.235937 0.183333 0.235677 0.188426 0.234375 0.192130 0.232552 0.187037 0.222135 0.182407 0.220312 0.177315 0.219271 0.169907 0.219792 0.161111 0.222396
0 0.194907 0.219010 0.189815 0.221094 0.188426 0.223177 0.188426 0.225260 0.193056 0.231771 0.195833 0.233333 0.203704 0.235677 0.211111 0.234896 0.219444 0.230208 0.220833 0.228646 0.218981 0.220833 0.215741 0.219531 0.211111 0.218750 0.200000 0.218490
0 0.220833 0.220833 0.219907 0.225000 0.222685 0.230729 0.226852 0.233333 0.230556 0.234115 0.234722 0.233854 0.239815 0.230990 0.245833 0.229427 0.252778 0.228646 0.255093 0.226042 0.255556 0.224479 0.251389 0.221615 0.244907 0.220052 0.231019 0.218490 0.224074 0.219531
0 0.145370 0.235156 0.144444 0.241927 0.145833 0.245573 0.148148 0.247135 0.153704 0.249219 0.162037 0.250000 0.175000 0.249219 0.184722 0.246875 0.189815 0.244271 0.187500 0.240104 0.182407 0.237500 0.177778 0.235937 0.165278 0.233333 0.156481 0.230469 0.149537 0.232031
0 0.121759 0.229687 0.116667 0.233333 0.114352 0.236198 0.116204 0.240104 0.135185 0.247656 0.142130 0.246875 0.143981 0.245573 0.144444 0.243490 0.143056 0.239583 0.143056 0.235677 0.140741 0.232031 0.137037 0.229687 0.132870 0.228646 0.127315 0.228385
0 0.081944 0.240104 0.079630 0.242188 0.079167 0.244792 0.082407 0.247917 0.096759 0.255990 0.100000 0.256771 0.107407 0.255990 0.110185 0.253906 0.112037 0.248958 0.110648 0.242448 0.108796 0.240104 0.103241 0.238021 0.098611 0.237500 0.091204 0.237760
0 0.125000 0.252344 0.120833 0.252344 0.118981 0.253125 0.116667 0.255990 0.116204 0.265365 0.115278 0.267969 0.116667 0.271875 0.121296 0.274479 0.126852 0.272917 0.131481 0.270313 0.134722 0.267188 0.139815 0.264583 0.141667 0.261719 0.141667 0.258854 0.140278 0.257292 0.130093 0.253125
0 0.135185 0.265885 0.133333 0.267708 0.131481 0.272135 0.136574 0.280990 0.140278 0.282292 0.150000 0.283073 0.155556 0.282031 0.161111 0.279427 0.162500 0.277344 0.162963 0.274740 0.161574 0.271354 0.156019 0.268229 0.146296 0.265365 0.141667 0.264844
0 0.149074 0.252604 0.145370 0.255729 0.145370 0.260417 0.149537 0.264844 0.152778 0.266667 0.157870 0.267969 0.165741 0.272135 0.169444 0.272656 0.175926 0.272396 0.180093 0.271094 0.184722 0.267188 0.185648 0.264583 0.185185 0.259635 0.181944 0.257031 0.176852 0.255208 0.163426 0.252604 0.157407 0.252083
0 0.224074 0.247656 0.221296 0.244792 0.218519 0.243229 0.215741 0.242708 0.206481 0.242708 0.194907 0.244010 0.189815 0.245833 0.182870 0.249479 0.181481 0.251302 0.181481 0.255990 0.184722 0.258073 0.193056 0.260417 0.198148 0.260677 0.215278 0.258594 0.223148 0.255990 0.224537 0.253385
0 0.220833 0.238281 0.219444 0.240625 0.226852 0.250260 0.231019 0.251563 0.239815 0.251042 0.244444 0.248438 0.244444 0.244010 0.239815 0.238021 0.232870 0.235937 0.225463 0.236458
0 0.239352 0.231510 0.237963 0.232292 0.237963 0.236458 0.241204 0.238542 0.246759 0.246094 0.253241 0.250000 0.256019 0.250781 0.261574 0.251302 0.266667 0.250260 0.270833 0.247917 0.273611 0.244792 0.273611 0.239844 0.270833 0.236979 0.254167 0.230469 0.244907 0.230469
0 0.266667 0.216667 0.261111 0.219271 0.257870 0.222396 0.257407 0.229427 0.260648 0.232552 0.267593 0.235156 0.274074 0.235677 0.281481 0.234635 0.284259 0.232292 0.286111 0.229427 0.286574 0.223698 0.285648 0.222135 0.275926 0.216667
0 0.287500 0.194271 0.281944 0.195052 0.277778 0.196875 0.276389 0.201823 0.278241 0.207292 0.281481 0.211458 0.285185 0.213542 0.288889 0.214062 0.300000 0.209635 0.304167 0.205990 0.305093 0.201042 0.302778 0.198177 0.299074 0.195833 0.294444 0.194792
0 0.341667 0.186198 0.337963 0.189323 0.337500 0.193750 0.338889 0.195312 0.341667 0.196875 0.351389 0.200260 0.360648 0.200521 0.364815 0.199740 0.368056 0.197396 0.368519 0.194271 0.367593 0.188281 0.365741 0.185677 0.364352 0.184896 0.356944 0.184115 0.348148 0.184635
0 0.406019 0.177083 0.401389 0.176563 0.394907 0.177083 0.389815 0.179427 0.387500 0.181771 0.385648 0.187240 0.385185 0.194531 0.392130 0.199219 0.399537 0.197396 0.403241 0.195833 0.415278 0.188802 0.417130 0.185156 0.415278 0.181771 0.409722 0.178385
0 0.386111 0.163542 0.378241 0.163542 0.370370 0.164323 0.363426 0.165625 0.361574 0.166667 0.360648 0.170573 0.363426 0.177344 0.365741 0.179688 0.371296 0.182292 0.378704 0.183073 0.384722 0.181250 0.388426 0.178646 0.390741 0.168750 0.390278 0.166146 0.388426 0.164323
0 0.399537 0.146615 0.392130 0.147396 0.384259 0.150260 0.382870 0.154948 0.385185 0.159635 0.387963 0.162500 0.392130 0.164062 0.401852 0.163281 0.405556 0.162240 0.411574 0.158594 0.411111 0.153906 0.407870 0.149740 0.406019 0.148438
0 0.418981 0.157292 0.413889 0.159115 0.408796 0.162500 0.405093 0.166927 0.403704 0.170313 0.405556 0.174479 0.407870 0.176302 0.415741 0.178385 0.421759 0.178906 0.428241 0.177865 0.431944 0.175521 0.433333 0.168750 0.431481 0.163802 0.427778 0.158333 0.423611 0.157292
0 0.448148 0.150000 0.438889 0.150260 0.435185 0.152344 0.433333 0.155469 0.432870 0.159375 0.434259 0.163542 0.437500 0.168229 0.440741 0.170052 0.448611 0.168750 0.458796 0.162500 0.461111 0.158854 0.460185 0.154167 0.454630 0.151562
0 0.489352 0.150260 0.483796 0.154948 0.482870 0.157812 0.483796 0.165625 0.485185 0.167708 0.487963 0.169531 0.496759 0.170573 0.501389 0.169010 0.507870 0.165104 0.510648 0.162500 0.512500 0.157812 0.510648 0.155208 0.506019 0.152083 0.497222 0.150000
0 0.524537 0.165104 0.516204 0.164583 0.510185 0.165365 0.506019 0.166667 0.500926 0.170052 0.500000 0.172656 0.500463 0.177604 0.507870 0.181771 0.509722 0.182292 0.518519 0.182031 0.521759 0.180990 0.525926 0.178125 0.528704 0.173958 0.528704 0.170573
0 0.480093 0.167187 0.476389 0.166406 0.469907 0.166667 0.449537 0.171354 0.446296 0.173698 0.445370 0.178646 0.447685 0.181510 0.453241 0.184635 0.460648 0.186458 0.462500 0.186458 0.468056 0.184375 0.472685 0.181771 0.480093 0.174219 0.481481 0.171094 0.481481 0.168750
0 0.104167 0.320573 0.101389 0.319531 0.097222 0.319010 0.092593 0.319010 0.088426 0.320052 0.082870 0.323177 0.075463 0.329688 0.073611 0.334115 0.080556 0.336719 0.088426 0.337500 0.095370 0.336979 0.108333 0.333073 0.112037 0.330469 0.111574 0.327344 0.109259 0.323698
0 0.103241 0.288021 0.093981 0.285938 0.085648 0.286198 0.081481 0.287240 0.077315 0.290885 0.076389 0.294271 0.077315 0.298958 0.079167 0.300781 0.085648 0.303125 0.093981 0.303125 0.112037 0.300000 0.113889 0.298958 0.113889 0.294792
0 0.106481 0.279167 0.105093 0.282031 0.105093 0.287500 0.107870 0.290885 0.113889 0.294531 0.114815 0.295833 0.116667 0.296875 0.120370 0.297396 0.130093 0.296875 0.134259 0.295833 0.138889 0.291146 0.139352 0.286458 0.137037 0.284375 0.133333 0.282552 0.121759 0.279948 0.114815 0.279167
0 0.156019 0.285417 0.150000 0.284635 0.147685 0.284896 0.142593 0.287240 0.139352 0.290104 0.134259 0.296875 0.132870 0.302083 0.135185 0.307292 0.136574 0.307812 0.143981 0.308073 0.146759 0.307292 0.151852 0.304427 0.157407 0.302865 0.166204 0.296354 0.167130 0.294531 0.165741 0.290885
0 0.183796 0.272135 0.180556 0.273698 0.179167 0.276302 0.172222 0.283073 0.172685 0.287240 0.175926 0.289844 0.179167 0.290365 0.189815 0.290365 0.196759 0.289583 0.199074 0.287760 0.199074 0.285938 0.195833 0.279167 0.191204 0.273698 0.187963 0.272396
0 0.212037 0.259896 0.190278 0.261198 0.187037 0.263542 0.187037 0.267188 0.188889 0.269792 0.198611 0.277865 0.201389 0.279427 0.204630 0.280208 0.211574 0.278646 0.213889 0.276042 0.214815 0.263542
0 0.232870 0.262760 0.219444 0.264323 0.217130 0.265885 0.215278 0.270313 0.216204 0.276302 0.221296 0.281771 0.225463 0.284115 0.231944 0.283073 0.235648 0.281250 0.243056 0.275260 0.245370 0.271875 0.244907 0.267448 0.239352 0.264583
0 0.494907 0.176042 0.489352 0.175000 0.481944 0.175000 0.476852 0.177344 0.469907 0.185156 0.470370 0.187240 0.472685 0.189583 0.475463 0.190625 0.484259 0.190625 0.491204 0.189062 0.495833 0.186979 0.497685 0.184896 0.498611 0.180729 0.497685 0.177604
0 0.556481 0.150000 0.551389 0.150000 0.546296 0.152344 0.540741 0.156250 0.536111 0.161979 0.537963 0.167448 0.541204 0.168750 0.553704 0.169792 0.562500 0.168229 0.567593 0.165104 0.568519 0.161458 0.566204 0.156510 0.559722 0.150521
0 0.614815 0.163021 0.599537 0.163281 0.594444 0.164323 0.592130 0.165625 0.588426 0.169792 0.588426 0.174219 0.592130 0.178646 0.597222 0.180208 0.601389 0.180729 0.607870 0.179948 0.612963 0.177865 0.617593 0.173177 0.618981 0.170573 0.618519 0.164844
0 0.635648 0.148438 0.624537 0.150260 0.621296 0.152865 0.619907 0.156771 0.620833 0.162240 0.627778 0.165885 0.633796 0.166667 0.637963 0.166406 0.643519 0.164844 0.646759 0.162240 0.648148 0.154167 0.644907 0.151042 0.641667 0.149479
0 0.690741 0.139063 0.688889 0.142187 0.688889 0.147135 0.690741 0.152865 0.693981 0.158333 0.698611 0.162240 0.703704 0.162760 0.709259 0.162240 0.716667 0.159375 0.721296 0.156250 0.722685 0.154427 0.722685 0.150260 0.718981 0.147135 0.705093 0.142708 0.698148 0.139583
0 0.746296 0.104688 0.742130 0.104167 0.731019 0.104688 0.725463 0.106510 0.720370 0.110417 0.719444 0.116146 0.720833 0.119271 0.725463 0.124740 0.730556 0.126823 0.734722 0.126823 0.743519 0.123177 0.751389 0.115625 0.753241 0.111979 0.752778 0.107552 0.750926 0.106250
0 0.690741 0.176302 0.687500 0.177604 0.686574 0.179167 0.682870 0.181510 0.677778 0.188542 0.677315 0.190885 0.677778 0.193750 0.680556 0.195833 0.684259 0.197135 0.692130 0.197656 0.700000 0.196875 0.704167 0.195833 0.706944 0.193750 0.708796 0.189323 0.705093 0.182292 0.700926 0.177604 0.698148 0.176563
0 0.656019 0.174479 0.649074 0.176042 0.642130 0.179688 0.640741 0.181250 0.641667 0.185677 0.648611 0.189583 0.656019 0.191927 0.663889 0.191667 0.668981 0.189583 0.671296 0.186719 0.671296 0.181250 0.667593 0.176563 0.664352 0.174740
0 0.664352 0.197396 0.660648 0.197917 0.656481 0.200260 0.651852 0.204948 0.647222 0.212760 0.649074 0.217188 0.653241 0.219531 0.656944 0.220573 0.664815 0.220833 0.673148 0.219792 0.676389 0.218229 0.677778 0.216146 0.677778 0.209896 0.675926 0.204948 0.673148 0.201042 0.670370 0.198437
0 0.626852 0.190885 0.621759 0.189844 0.614352 0.190625 0.600000 0.197135 0.597685 0.201563 0.600463 0.204687 0.604630 0.206510 0.621296 0.208594 0.628704 0.207813 0.631944 0.204167 0.631944 0.198177 0.630093 0.194010
0 0.605556 0.207552 0.601852 0.209896 0.600000 0.213021 0.599537 0.217448 0.601852 0.220573 0.612037 0.223698 0.618519 0.226562 0.625463 0.226823 0.629167 0.226302 0.634259 0.222135 0.638426 0.217188 0.637037 0.212240 0.633796 0.210677 0.626389 0.208854 0.612963 0.207292 0.607407 0.207031
0 0.587500 0.199219 0.578241 0.198437 0.573148 0.200260 0.567593 0.205469 0.563426 0.212500 0.563889 0.216667 0.565741 0.218490 0.573148 0.218490 0.594444 0.213021 0.596759 0.211458 0.598611 0.209115 0.597685 0.205208 0.595370 0.203125
0 0.541667 0.191927 0.540278 0.193490 0.543056 0.197135 0.552778 0.205729 0.559722 0.207031 0.563889 0.206250 0.569444 0.203385 0.571296 0.201563 0.572685 0.198177 0.572222 0.194531 0.569444 0.192188 0.567130 0.191667 0.552315 0.192188 0.546296 0.191146
0 0.585648 0.172135 0.581019 0.171094 0.572685 0.170573 0.567593 0.172656 0.563426 0.176302 0.561111 0.181510 0.560648 0.186458 0.563426 0.189844 0.566667 0.190365 0.573148 0.189323 0.580093 0.187500 0.583796 0.185417 0.589815 0.178125 0.587963 0.173698
0 0.539815 0.169010 0.530556 0.173958 0.528241 0.177604 0.529167 0.179948 0.532407 0.183594 0.540741 0.186979 0.546296 0.188021 0.553241 0.188021 0.556481 0.186458 0.560185 0.182292 0.561111 0.177083 0.557407 0.172917 0.554630 0.171094 0.545833 0.168750
0 0.523611 0.186458 0.518519 0.188021 0.513426 0.191406 0.512037 0.193229 0.512500 0.197396 0.514815 0.200521 0.519907 0.202865 0.524074 0.204167 0.531481 0.204687 0.537500 0.203125 0.540278 0.201302 0.540278 0.194271 0.536574 0.189062 0.533796 0.187240 0.529630 0.186458
0 0.552315 0.206510 0.537963 0.207552 0.535185 0.209896 0.533796 0.212500 0.535185 0.218750 0.537963 0.221615 0.541204 0.222917 0.545370 0.223438 0.553704 0.222135 0.556481 0.221094 0.560185 0.217969 0.560185 0.212760 0.557407 0.209635
0 0.565278 0.228385 0.561111 0.224740 0.557870 0.223438 0.551852 0.222656 0.541667 0.223698 0.533796 0.226562 0.526852 0.232552 0.529630 0.234375 0.535185 0.235937 0.546759 0.236979 0.559259 0.237240 0.564352 0.233854
0 0.579167 0.219271 0.570370 0.224479 0.569907 0.229948 0.571759 0.232813 0.579167 0.235677 0.588426 0.236198 0.596759 0.234896 0.599537 0.232813 0.600463 0.229687 0.600463 0.223698 0.598611 0.221094 0.596296 0.220052 0.588426 0.219010
0 0.632870 0.229427 0.628241 0.228385 0.620370 0.228125 0.608333 0.230729 0.602778 0.233333 0.600926 0.235937 0.601852 0.239323 0.603704 0.242448 0.607407 0.245052 0.615278 0.245573 0.623148 0.243750 0.628241 0.241667 0.633333 0.237760 0.635185 0.233854 0.636574 0.232813
0 0.637500 0.234115 0.634259 0.241406 0.634722 0.243750 0.638426 0.246354 0.650000 0.248177 0.656481 0.247396 0.668981 0.244271 0.668519 0.239323 0.667130 0.236979 0.656944 0.232552 0.649074 0.230729 0.639815 0.232813
0 0.646759 0.222917 0.645370 0.225260 0.650926 0.230469 0.669444 0.237500 0.677315 0.237240 0.682407 0.234375 0.687037 0.228906 0.686574 0.226302 0.684259 0.223698 0.678241 0.222135 0.654167 0.221354 0.649074 0.221875
0 0.471296 0.190365 0.462963 0.188281 0.456944 0.188542 0.452778 0.189844 0.450000 0.191406 0.446296 0.196875 0.445833 0.201563 0.447222 0.203125 0.450463 0.204427 0.455556 0.204948 0.462500 0.204167 0.473148 0.200781 0.476389 0.196875 0.474537 0.192448
0 0.426389 0.179167 0.422685 0.180990 0.419907 0.184896 0.420370 0.189323 0.424074 0.194792 0.429630 0.197656 0.432407 0.200000 0.441204 0.202344 0.443981 0.201302 0.447222 0.194010 0.447685 0.184896 0.446296 0.180990 0.443981 0.179427 0.439815 0.178646 0.432870 0.178385
0 0.506019 0.192448 0.494907 0.192448 0.484722 0.194792 0.480556 0.196875 0.479630 0.201823 0.481481 0.205208 0.487037 0.209115 0.489352 0.209896 0.497222 0.210156 0.500463 0.208854 0.503704 0.205208 0.509722 0.201302 0.511111 0.199479 0.512037 0.196615 0.511111 0.193229
0 0.287500 0.231250 0.281481 0.233854 0.277315 0.237500 0.275000 0.243490 0.275463 0.248177 0.277315 0.248698 0.289352 0.250000 0.296296 0.249219 0.302315 0.246615 0.304167 0.244271 0.304167 0.240885 0.300926 0.236198 0.297685 0.234635 0.295833 0.232813 0.293056 0.231771
0 0.289815 0.220573 0.288426 0.223958 0.288889 0.228646 0.295370 0.232292 0.303241 0.238021 0.308796 0.239583 0.314815 0.239323 0.320833 0.237760 0.325463 0.235156 0.327778 0.231771 0.327778 0.227083 0.325463 0.225260 0.309722 0.222135 0.301389 0.221094 0.295370 0.219531
0 0.306944 0.207552 0.300000 0.212760 0.299074 0.217969 0.300463 0.220312 0.304167 0.221615 0.322222 0.224479 0.330556 0.224740 0.331944 0.224219 0.334259 0.220573 0.330556 0.212760 0.322222 0.208333 0.316667 0.206250
0 0.318056 0.196354 0.315278 0.201042 0.316204 0.204687 0.332407 0.213542 0.337963 0.214583 0.345370 0.214844 0.349537 0.214062 0.356019 0.210938 0.357407 0.209375 0.356481 0.204948 0.352315 0.201042 0.343981 0.197135 0.331481 0.193490 0.323611 0.193750
0 0.371296 0.197135 0.368056 0.198177 0.361111 0.202083 0.358796 0.204948 0.359259 0.208594 0.361111 0.210677 0.371759 0.214062 0.378704 0.214583 0.385648 0.213021 0.387500 0.204427 0.380093 0.197135
0 0.423148 0.199740 0.418056 0.197135 0.413889 0.196094 0.406019 0.196875 0.395370 0.200781 0.389815 0.203646 0.386574 0.208333 0.386574 0.213021 0.391204 0.214323 0.400000 0.214323 0.406481 0.213021 0.412963 0.213021 0.422222 0.211719 0.427315 0.209115 0.427315 0.204687
0 0.426389 0.210677 0.417593 0.212760 0.416204 0.214323 0.414352 0.225260 0.416667 0.228646 0.426389 0.231250 0.434259 0.230729 0.438426 0.229167 0.441667 0.225000 0.443056 0.220573 0.441204 0.216406 0.438889 0.214062 0.434722 0.212240
0 0.471759 0.208854 0.462037 0.205469 0.452315 0.205208 0.446759 0.205729 0.443056 0.207552 0.441204 0.209635 0.441204 0.215885 0.443056 0.218750 0.447685 0.220833 0.455093 0.220573 0.464352 0.218750 0.468056 0.216927 0.473148 0.213021
0 0.504167 0.204948 0.500926 0.209375 0.503241 0.213021 0.507870 0.215885 0.513889 0.217448 0.518519 0.217708 0.526389 0.216406 0.530556 0.214583 0.531944 0.213021 0.531944 0.208333 0.530556 0.206250 0.527778 0.204427 0.518056 0.202344 0.510185 0.202344
0 0.531019 0.218750 0.524537 0.216927 0.512500 0.218229 0.506481 0.223698 0.506019 0.228906 0.509259 0.230990 0.516204 0.232292 0.521759 0.231771 0.526852 0.230208 0.534259 0.224740 0.532870 0.220312
0 0.496296 0.230208 0.494444 0.231771 0.492593 0.235677 0.492593 0.239844 0.494907 0.244792 0.498148 0.248177 0.502778 0.250521 0.510648 0.252344 0.515741 0.251042 0.522222 0.247135 0.525463 0.244271 0.525463 0.240104 0.518981 0.234896 0.512037 0.232031 0.503241 0.230208
0 0.496759 0.209896 0.480093 0.210677 0.474074 0.212760 0.471296 0.216667 0.472685 0.219271 0.479630 0.226042 0.489352 0.228906 0.497685 0.227604 0.501389 0.224740 0.503241 0.216406 0.501389 0.213281
0 0.468981 0.219010 0.460648 0.219531 0.451852 0.221094 0.445370 0.223177 0.443519 0.224740 0.443056 0.229687 0.443981 0.231250 0.454630 0.236458 0.462037 0.237760 0.472685 0.232292 0.474537 0.230208 0.475463 0.223698 0.473148 0.220833
0 0.430556 0.231771 0.426852 0.234896 0.425463 0.241667 0.427778 0.244010 0.433333 0.246875 0.440278 0.249479 0.448611 0.249479 0.463426 0.244271 0.461111 0.240104 0.459259 0.238542 0.447222 0.232813 0.441204 0.230729 0.433796 0.230990
0 0.482870 0.227865 0.475463 0.229427 0.470833 0.233333 0.466204 0.239844 0.468056 0.244792 0.471759 0.246875 0.475463 0.247917 0.487037 0.247135 0.491667 0.244531 0.491667 0.238802 0.488889 0.231250 0.487037 0.229167
0 0.394444 0.232552 0.391204 0.235417 0.391204 0.236979 0.395833 0.239844 0.405556 0.243490 0.413889 0.245312 0.420370 0.244010 0.423148 0.242448 0.424537 0.240625 0.425926 0.234896 0.425463 0.232031 0.421759 0.229687 0.419907 0.229167 0.406019 0.229687
0 0.378704 0.215885 0.376852 0.217448 0.375926 0.221094 0.380556 0.227344 0.386574 0.230729 0.393056 0.232552 0.401852 0.230990 0.407407 0.228125 0.409259 0.225000 0.410185 0.220052 0.409259 0.218229 0.406944 0.216927 0.399537 0.214844 0.384722 0.214323
0 0.349074 0.216146 0.345833 0.220573 0.346296 0.223177 0.348148 0.225000 0.358796 0.228906 0.362037 0.229427 0.370370 0.229427 0.377315 0.228385 0.377315 0.224479 0.374074 0.220573 0.373611 0.218490 0.367130 0.213281 0.364815 0.212500 0.358796 0.212760
0 0.331481 0.226042 0.329167 0.228125 0.328704 0.233073 0.332407 0.240365 0.336574 0.245312 0.339352 0.245833 0.347222 0.245833 0.352778 0.244792 0.354630 0.242708 0.357870 0.233073 0.356944 0.228646 0.350000 0.225260 0.336574 0.225000
0 0.330093 0.239844 0.322222 0.239063 0.319444 0.239844 0.314815 0.240104 0.306481 0.243750 0.304167 0.246354 0.303704 0.248958 0.306481 0.252865 0.315741 0.256771 0.323611 0.257031 0.327778 0.255990 0.331481 0.253646 0.333796 0.248698 0.333796 0.243750
0 0.338889 0.246615 0.335648 0.247917 0.333333 0.250000 0.332407 0.252083 0.333796 0.255208 0.343056 0.262760 0.350926 0.265885 0.354167 0.264323 0.357407 0.261198 0.358333 0.258073 0.362500 0.252083 0.361111 0.248958 0.357870 0.246615 0.352778 0.245833
0 0.371296 0.251823 0.364815 0.252865 0.361574 0.254688 0.356944 0.259375 0.356944 0.262240 0.358796 0.266146 0.361111 0.267708 0.367130 0.269792 0.372685 0.270573 0.381944 0.269010 0.388889 0.263281 0.382407 0.256250 0.376389 0.253125
0 0.406481 0.245573 0.397222 0.246875 0.390741 0.248698 0.382870 0.252083 0.380556 0.255990 0.388889 0.262760 0.391667 0.263542 0.400463 0.264062 0.405093 0.262500 0.410185 0.252604 0.409259 0.248698
0 0.432870 0.247135 0.428241 0.246094 0.419907 0.246354 0.414352 0.249479 0.407870 0.258854 0.408333 0.263802 0.412963 0.266146 0.421759 0.265625 0.439352 0.257552 0.440741 0.255469 0.441204 0.251563
0 0.692130 0.474479 0.691204 0.479687 0.692593 0.481510 0.694907 0.482552 0.703241 0.483854 0.719907 0.484115 0.728241 0.482552 0.729630 0.478385 0.728241 0.477083 0.722222 0.474479 0.712037 0.471875 0.697685 0.471354
0 0.461111 0.246094 0.453241 0.248177 0.451389 0.249219 0.449074 0.251823 0.448611 0.256250 0.452778 0.259896 0.458796 0.262240 0.462963 0.263021 0.468056 0.262500 0.471759 0.260677 0.475926 0.257031 0.476389 0.253646 0.474537 0.250260 0.471296 0.248438 0.465741 0.246615
0 0.497685 0.248698 0.491204 0.248958 0.486574 0.250000 0.479630 0.253906 0.475463 0.259635 0.476389 0.261979 0.481944 0.265625 0.485185 0.266667 0.490278 0.267188 0.497222 0.264583 0.502778 0.263281 0.506944 0.260156 0.508333 0.256771 0.507407 0.253385 0.505556 0.251823
0 0.524074 0.247135 0.519444 0.248958 0.512037 0.253906 0.510648 0.255469 0.509259 0.260156 0.513426 0.263802 0.516667 0.264323 0.524074 0.267188 0.531481 0.267448 0.540741 0.265104 0.543056 0.263802 0.544444 0.259115 0.543056 0.257292 0.534259 0.252083 0.531481 0.248958
0 0.535648 0.236458 0.531019 0.237760 0.528704 0.239844 0.527778 0.242708 0.528241 0.246094 0.537963 0.254167 0.545370 0.254688 0.549537 0.253646 0.556944 0.250000 0.559259 0.244271 0.558796 0.240104 0.549537 0.237240 0.539352 0.236198
0 0.570833 0.237500 0.566204 0.238281 0.564815 0.239323 0.562500 0.244271 0.562500 0.248438 0.564352 0.252865 0.570370 0.254688 0.574074 0.254948 0.579630 0.253646 0.585648 0.250521 0.587963 0.247917 0.588889 0.244010 0.587037 0.241927 0.580093 0.238542 0.574537 0.237500
0 0.801852 0.128646 0.795833 0.131250 0.795370 0.135417 0.798611 0.139063 0.806481 0.143490 0.813426 0.146354 0.816204 0.146875 0.823148 0.146094 0.830093 0.141927 0.834259 0.135417 0.833333 0.130729 0.830093 0.129167 0.823148 0.127604
0 0.767130 0.130729 0.764352 0.132552 0.760185 0.133854 0.759259 0.139323 0.760648 0.141667 0.766204 0.146354 0.772685 0.149219 0.781481 0.149479 0.784722 0.148698 0.789352 0.146615 0.793056 0.142708 0.794444 0.138802 0.793519 0.133594 0.789352 0.131771 0.775000 0.130208
0 0.762500 0.151302 0.757870 0.150000 0.751389 0.149479 0.741667 0.150260 0.737037 0.151562 0.733333 0.153646 0.731019 0.157292 0.731481 0.162240 0.735185 0.166146 0.739352 0.167708 0.746759 0.167969 0.755093 0.165104 0.763426 0.158594 0.766204 0.154688 0.765278 0.153125
0 0.724074 0.169792 0.718519 0.170833 0.717130 0.172135 0.713426 0.181510 0.713426 0.186198 0.715278 0.189844 0.717593 0.191927 0.725926 0.193750 0.733333 0.192448 0.739352 0.189583 0.742130 0.186198 0.743056 0.181250 0.739815 0.176823 0.733333 0.172135 0.728241 0.170052
0 0.775926 0.163281 0.774537 0.162760 0.768056 0.163021 0.759722 0.164062 0.745833 0.168490 0.741204 0.173698 0.741667 0.178125 0.743056 0.179427 0.752315 0.183333 0.761574 0.183333 0.770370 0.180469 0.772685 0.178385 0.777778 0.170052 0.778241 0.165365
0 0.802778 0.177344 0.796296 0.176042 0.787963 0.175781 0.781944 0.176563 0.776389 0.178906 0.773148 0.183073 0.773148 0.189583 0.775463 0.192188 0.780556 0.194531 0.788889 0.194010 0.800000 0.188281 0.803704 0.185417 0.805093 0.183073 0.805093 0.180469
0 0.812963 0.174479 0.808333 0.177604 0.808333 0.181771 0.816204 0.189583 0.821296 0.191667 0.824074 0.191927 0.831019 0.191146 0.834259 0.189583 0.841204 0.183333 0.842130 0.181771 0.841204 0.177604 0.837500 0.175521 0.824537 0.173177 0.815741 0.173698
0 0.868981 0.169792 0.863426 0.169271 0.855556 0.170573 0.848148 0.174479 0.845370 0.177604 0.846759 0.182031 0.851389 0.185677 0.857407 0.187500 0.864815 0.187760 0.873611 0.186458 0.878241 0.184635 0.881481 0.181771 0.879630 0.177604 0.877315 0.175260
0 0.849537 0.194792 0.845833 0.194010 0.840278 0.194531 0.834722 0.196094 0.822685 0.201042 0.820833 0.204167 0.820833 0.206250 0.822222 0.209115 0.825926 0.211979 0.829630 0.213021 0.837037 0.213021 0.843056 0.211198 0.847222 0.208594 0.852315 0.201823 0.851852 0.196875
0 0.798148 0.213021 0.795370 0.215625 0.795833 0.220833 0.797685 0.224479 0.801389 0.227604 0.809722 0.232813 0.815278 0.234635 0.822222 0.234635 0.826852 0.233073 0.831019 0.230469 0.831944 0.228646 0.831481 0.224219 0.830093 0.222396 0.817593 0.215365 0.803241 0.212500
0 0.781481 0.195573 0.775000 0.199219 0.771759 0.204167 0.772685 0.208594 0.776389 0.211458 0.780093 0.212500 0.790278 0.213542 0.800000 0.211719 0.807870 0.209115 0.810185 0.205990 0.810185 0.204167 0.808333 0.201563 0.803704 0.198958 0.793056 0.195573 0.788889 0.195052
0 0.760648 0.191667 0.753241 0.192188 0.746296 0.194271 0.741204 0.196875 0.739352 0.200521 0.739815 0.202344 0.742593 0.205208 0.753241 0.211719 0.761111 0.210938 0.768981 0.206250 0.771296 0.201823 0.770370 0.197656 0.765741 0.193490
0 0.719444 0.194271 0.709722 0.194792 0.705556 0.196615 0.701389 0.204687 0.701389 0.209375 0.704630 0.215104 0.712500 0.215885 0.718981 0.214062 0.724537 0.209635 0.734259 0.205208 0.734259 0.201042 0.732407 0.199219 0.727315 0.196354
0 0.687963 0.205990 0.683796 0.206510 0.679167 0.208333 0.677778 0.211458 0.677778 0.216927 0.679630 0.219792 0.685648 0.223438 0.692130 0.224479 0.695370 0.223698 0.700000 0.220052 0.701389 0.217448 0.701389 0.213021 0.699537 0.208594 0.697685 0.207031 0.693519 0.205990
0 0.693519 0.226302 0.690278 0.227083 0.680556 0.236198 0.679630 0.242448 0.680093 0.244010 0.690278 0.247396 0.698611 0.248177 0.701389 0.247396 0.704167 0.245573 0.706481 0.241406 0.706481 0.239063 0.701852 0.227865 0.698611 0.226302
0 0.710648 0.219010 0.707870 0.219792 0.705093 0.221875 0.702315 0.227865 0.706481 0.240625 0.708333 0.241927 0.711111 0.242448 0.722685 0.242188 0.727778 0.240885 0.734259 0.238021 0.735648 0.235937 0.735648 0.232031 0.732870 0.228385 0.725926 0.222396 0.722685 0.220573 0.718981 0.219271
0 0.731944 0.206771 0.725463 0.208854 0.719907 0.212760 0.720370 0.216927 0.722685 0.220312 0.728241 0.224740 0.739815 0.230729 0.743981 0.229167 0.748148 0.226042 0.750463 0.220833 0.750000 0.214323 0.748611 0.211198 0.744907 0.207552 0.741667 0.206771
0 0.760185 0.212500 0.757407 0.214583 0.756481 0.217188 0.759259 0.221354 0.760185 0.224740 0.762037 0.226562 0.764815 0.227865 0.772222 0.229687 0.781019 0.228906 0.786111 0.225781 0.790741 0.221094 0.791667 0.215885 0.790278 0.214583 0.783796 0.212760 0.775463 0.211719 0.767130 0.211719
0 0.781481 0.235417 0.772222 0.235677 0.766667 0.238281 0.762037 0.243490 0.762500 0.251302 0.767130 0.254948 0.776389 0.255208 0.781481 0.254688 0.789815 0.252865 0.793056 0.250781 0.793981 0.247135 0.790278 0.240885 0.787500 0.238542
0 0.760648 0.227083 0.751852 0.226823 0.745833 0.228385 0.738426 0.233073 0.735648 0.239844 0.736111 0.241927 0.738426 0.244531 0.746296 0.247396 0.752778 0.246875 0.757870 0.245573 0.760648 0.244010 0.763889 0.240365 0.765741 0.236719 0.765741 0.231250 0.764352 0.228646
0 0.744907 0.248177 0.738889 0.244792 0.732870 0.242969 0.724074 0.244010 0.720370 0.245833 0.717593 0.248698 0.717130 0.252604 0.718519 0.257812 0.722222 0.258854 0.727315 0.258854 0.738426 0.257812 0.744444 0.256250 0.746296 0.254688 0.747222 0.252083
0 0.835185 0.247135 0.830093 0.245312 0.822685 0.245573 0.811574 0.249479 0.805556 0.252604 0.796296 0.259635 0.798148 0.263281 0.802778 0.264583 0.830556 0.262240 0.834259 0.261198 0.838426 0.258333 0.840278 0.255990 0.838426 0.251302
0 0.843056 0.231510 0.839815 0.232292 0.836574 0.235417 0.834722 0.239583 0.834722 0.245052 0.841667 0.256771 0.843519 0.257552 0.850926 0.258073 0.861111 0.256250 0.865278 0.254427 0.867130 0.252083 0.866667 0.247656 0.861574 0.240104 0.857407 0.236719 0.850926 0.233073 0.847685 0.232031
0 0.831019 0.264583 0.828241 0.266927 0.827778 0.272917 0.829167 0.275260 0.839815 0.281250 0.845833 0.283333 0.851852 0.283854 0.857870 0.282552 0.862963 0.279427 0.866667 0.275521 0.866204 0.271094 0.864352 0.269271 0.860648 0.267448 0.849537 0.264583 0.845370 0.264062 0.833796 0.264062
0 0.903241 0.269271 0.898611 0.266667 0.892593 0.264844 0.886574 0.265625 0.883333 0.266927 0.873148 0.272656 0.870370 0.275260 0.868519 0.279687 0.871296 0.284375 0.878704 0.284375 0.885185 0.283333 0.900463 0.278385 0.905556 0.275521 0.905093 0.271094
0 0.816667 0.263802 0.806944 0.263802 0.801852 0.264583 0.798611 0.266406 0.796296 0.270833 0.796296 0.275521 0.797685 0.279427 0.804167 0.286719 0.808333 0.288281 0.815278 0.287240 0.818056 0.285677 0.825926 0.272917 0.825926 0.266927 0.822685 0.265365
0 0.774537 0.256510 0.767130 0.257031 0.761574 0.259635 0.760648 0.263021 0.761574 0.272135 0.762963 0.274479 0.767130 0.275781 0.774537 0.275521 0.781944 0.273958 0.785185 0.271354 0.787963 0.266146 0.788426 0.263021 0.785648 0.259896 0.781019 0.257812
0 0.758796 0.261719 0.752778 0.261198 0.742593 0.262500 0.738889 0.264323 0.732407 0.270833 0.733333 0.276562 0.737037 0.278906 0.744444 0.281250 0.749074 0.281510 0.753704 0.280990 0.759722 0.275781 0.761574 0.272396 0.761574 0.265365 0.760648 0.262760
0 0.734722 0.258073 0.731944 0.257812 0.723148 0.259375 0.706019 0.264844 0.703241 0.267448 0.704167 0.271094 0.706944 0.273698 0.712500 0.276562 0.717593 0.278125 0.720370 0.278125 0.723148 0.277344 0.729630 0.273698 0.734259 0.268229 0.739352 0.264062 0.737963 0.259896
0 0.705556 0.248177 0.693056 0.248958 0.691204 0.250000 0.689352 0.252865 0.688889 0.256510 0.691667 0.263802 0.697685 0.268490 0.703704 0.266667 0.707870 0.264062 0.711574 0.263021 0.716204 0.259896 0.716667 0.255469 0.715278 0.251302 0.713426 0.250260
0 0.685185 0.247917 0.678704 0.245312 0.669444 0.244792 0.649074 0.248698 0.645833 0.251302 0.645370 0.256771 0.646296 0.258333 0.648148 0.259635 0.655556 0.262240 0.660185 0.261719 0.678241 0.254688 0.681944 0.252604
0 0.663426 0.504687 0.656019 0.504687 0.649537 0.506250 0.646296 0.508854 0.646759 0.512760 0.649074 0.516406 0.650926 0.517188 0.657870 0.518229 0.665278 0.517188 0.668981 0.515365 0.669907 0.513021 0.668056 0.509375
0 0.684259 0.256510 0.670370 0.256771 0.663426 0.260156 0.661111 0.263021 0.660648 0.267708 0.662037 0.271354 0.663889 0.272396 0.669907 0.274219 0.676389 0.275260 0.680093 0.275000 0.684259 0.273438 0.685648 0.271615 0.686111 0.267448 0.688889 0.263802 0.688426 0.258854
0 0.621759 0.246615 0.617593 0.248958 0.616204 0.251563 0.618056 0.259896 0.625000 0.262760 0.627778 0.263281 0.635648 0.263281 0.640278 0.260156 0.643056 0.256250 0.641667 0.249219 0.640278 0.247917 0.635648 0.246094
0 0.610648 0.247396 0.607407 0.245573 0.600463 0.245052 0.589352 0.248698 0.581944 0.252865 0.579167 0.255729 0.581019 0.259896 0.592130 0.262760 0.601852 0.262500 0.614352 0.260156 0.615278 0.259375 0.615741 0.255729 0.613889 0.250781
0 0.566204 0.253646 0.556944 0.255208 0.554167 0.256510 0.551389 0.259115 0.551852 0.267708 0.553704 0.269792 0.558796 0.272135 0.566204 0.271875 0.577315 0.267969 0.583333 0.267188 0.585185 0.266406 0.586574 0.264062 0.585185 0.261719 0.576852 0.257031
0 0.460185 0.265104 0.457870 0.267188 0.458333 0.271875 0.467130 0.276823 0.473148 0.279167 0.482407 0.281510 0.489815 0.280208 0.492593 0.278385 0.494907 0.275260 0.491204 0.270313 0.486574 0.267448 0.478241 0.265104 0.470370 0.264062 0.462037 0.264323
0 0.496759 0.265104 0.493056 0.267188 0.493519 0.271615 0.496296 0.275260 0.503704 0.279427 0.509722 0.280469 0.513889 0.279948 0.518519 0.278125 0.522222 0.275521 0.525463 0.271875 0.523611 0.267448 0.518519 0.265365 0.512963 0.264323 0.502778 0.264062
0 0.530093 0.269271 0.528241 0.270313 0.525000 0.275000 0.525926 0.280208 0.531019 0.282813 0.545370 0.283854 0.550000 0.281250 0.553704 0.276042 0.553241 0.272917 0.550000 0.269271 0.545370 0.267969 0.537500 0.267708
0 0.588426 0.266927 0.586111 0.266667 0.575463 0.268229 0.562037 0.273438 0.560648 0.275000 0.560648 0.279948 0.565278 0.284375 0.574074 0.286719 0.579630 0.286198 0.587500 0.284115 0.589352 0.283073 0.589815 0.279427 0.594907 0.275260 0.595833 0.271094 0.593981 0.268750
0 0.627778 0.263542 0.623611 0.262760 0.621759 0.261719 0.615278 0.261198 0.598148 0.263542 0.596296 0.264583 0.594444 0.267188 0.595370 0.271094 0.597222 0.273698 0.601389 0.276823 0.606019 0.278906 0.607870 0.279167 0.615741 0.277865 0.620833 0.275521 0.629630 0.268750 0.630093 0.266146
0 0.643056 0.259635 0.632870 0.265365 0.628241 0.271354 0.628241 0.275521 0.635648 0.281250 0.641204 0.282031 0.646296 0.280990 0.651852 0.278646 0.655093 0.276562 0.659722 0.271875 0.658796 0.266406 0.656944 0.263802 0.649537 0.260417
0 0.674074 0.275521 0.662963 0.274479 0.656944 0.276042 0.653241 0.278906 0.654167 0.291406 0.656481 0.293229 0.665278 0.293490 0.670833 0.292969 0.675463 0.291406 0.678241 0.287240 0.679167 0.279167 0.677778 0.277344
0 0.713889 0.278906 0.710185 0.275260 0.705093 0.272656 0.697685 0.270313 0.689352 0.271615 0.684259 0.273698 0.681944 0.275260 0.681019 0.279948 0.682407 0.282813 0.684722 0.284115 0.700463 0.284896 0.705093 0.284635 0.708796 0.283333 0.712037 0.281510
0 0.732870 0.278646 0.725000 0.278125 0.717593 0.279427 0.714352 0.281510 0.711111 0.288021 0.712037 0.291406 0.717130 0.294531 0.722222 0.295573 0.726852 0.295573 0.733796 0.294010 0.738889 0.291406 0.741204 0.287500 0.741204 0.282813 0.738426 0.280729
0 0.789352 0.273698 0.782870 0.273958 0.778704 0.275000 0.774537 0.278125 0.771759 0.283073 0.770833 0.287500 0.772685 0.290365 0.776389 0.293229 0.780093 0.294271 0.787963 0.294271 0.798148 0.291406 0.803704 0.287500 0.799537 0.281510 0.792130 0.274740
0 0.246296 0.252344 0.233333 0.256510 0.231019 0.258594 0.231019 0.260937 0.234259 0.263281 0.239815 0.264844 0.246759 0.268490 0.254167 0.269010 0.257870 0.268229 0.260648 0.266667 0.262963 0.263802 0.263426 0.258594 0.261111 0.254427 0.259722 0.253646 0.254630 0.252344
0 0.273611 0.249219 0.263426 0.252865 0.262037 0.255208 0.263889 0.260417 0.266667 0.262500 0.274074 0.265365 0.281944 0.266406 0.287500 0.263281 0.288889 0.259896 0.292593 0.256250 0.292593 0.251823 0.291204 0.250521 0.288426 0.249740
0 0.300000 0.253906 0.293519 0.255469 0.290278 0.258333 0.289352 0.260417 0.289352 0.264583 0.290741 0.268229 0.299537 0.276562 0.301852 0.277344 0.309722 0.276562 0.312500 0.275521 0.314815 0.267969 0.318056 0.264062 0.317593 0.258333 0.309259 0.254167
0 0.324074 0.262240 0.320833 0.263021 0.316667 0.266406 0.314815 0.270573 0.314815 0.273698 0.317593 0.277083 0.322685 0.279687 0.330093 0.280469 0.338889 0.278125 0.340741 0.277083 0.343056 0.272396 0.343056 0.267188 0.339815 0.264062 0.336111 0.262500
0 0.356481 0.267188 0.349537 0.267969 0.345370 0.269531 0.341667 0.276562 0.342593 0.279427 0.347685 0.282552 0.350926 0.283854 0.358333 0.284635 0.363889 0.283333 0.366204 0.281250 0.368056 0.276042 0.368056 0.271094 0.364352 0.268490
0 0.385648 0.270052 0.375926 0.270313 0.369907 0.271354 0.367130 0.278906 0.367593 0.283594 0.377315 0.285938 0.381019 0.285938 0.385185 0.284896 0.390278 0.282031 0.392130 0.279687 0.391667 0.274479 0.390278 0.272656
0 0.405556 0.264583 0.400000 0.265365 0.396296 0.266927 0.393056 0.270313 0.392593 0.273177 0.393056 0.276562 0.394907 0.278906 0.399537 0.280729 0.407870 0.282031 0.412037 0.281250 0.417130 0.278125 0.421296 0.274219 0.422685 0.271354 0.416204 0.267448
0 0.425000 0.263802 0.424074 0.268490 0.425926 0.272135 0.429167 0.274740 0.433333 0.275781 0.441204 0.275781 0.447222 0.274740 0.449537 0.273698 0.450926 0.272135 0.450926 0.267188 0.448148 0.263281 0.445833 0.261719 0.441667 0.260417 0.432870 0.260417
0 0.460648 0.277865 0.456481 0.276823 0.447222 0.276823 0.438426 0.280469 0.436574 0.282552 0.436111 0.287500 0.437963 0.291667 0.440741 0.294271 0.448148 0.294531 0.454630 0.294010 0.460648 0.292187 0.465278 0.287240 0.467130 0.283854 0.465278 0.280208
0 0.419907 0.276562 0.417593 0.278906 0.413426 0.281250 0.411574 0.283594 0.410185 0.289062 0.410185 0.295312 0.412500 0.296875 0.419907 0.298958 0.428241 0.299479 0.433333 0.297917 0.437963 0.295052 0.435648 0.287760 0.435185 0.282552 0.427315 0.276562
0 0.398611 0.280729 0.393519 0.281510 0.387963 0.283333 0.385648 0.284635 0.383796 0.287500 0.385185 0.292187 0.388426 0.297135 0.391204 0.298698 0.398611 0.301042 0.401852 0.301042 0.405093 0.300000 0.408796 0.296094 0.410185 0.286198 0.409722 0.283854 0.408333 0.282552
0 0.370833 0.300260 0.368519 0.302604 0.368519 0.307292 0.371759 0.312500 0.376852 0.315104 0.385648 0.315625 0.402315 0.310677 0.403704 0.307552 0.403241 0.304688 0.401852 0.302865 0.396296 0.300521 0.391204 0.299219 0.386111 0.298698 0.379167 0.298958
0 0.355556 0.285677 0.351852 0.289323 0.349074 0.294792 0.352778 0.297917 0.357407 0.299740 0.368519 0.299740 0.374074 0.298958 0.378704 0.297396 0.382870 0.292187 0.382407 0.289583 0.379167 0.286979 0.372222 0.284635 0.363426 0.283854
0 0.326389 0.280990 0.318056 0.287500 0.316667 0.291406 0.318981 0.293490 0.322222 0.295312 0.328241 0.296354 0.340278 0.296875 0.344907 0.296094 0.347685 0.294271 0.349537 0.291406 0.349537 0.286979 0.346759 0.283073 0.343056 0.280729 0.338426 0.279687 0.334259 0.279687
0 0.316204 0.276823 0.309259 0.277083 0.299074 0.278646 0.294444 0.279948 0.289815 0.283073 0.290278 0.287760 0.292130 0.290625 0.301852 0.294792 0.310185 0.294271 0.313426 0.292448 0.317130 0.288021 0.323148 0.283333 0.320833 0.279167
0 0.273148 0.267969 0.269444 0.269010 0.267593 0.270313 0.266204 0.275521 0.274074 0.284375 0.281944 0.284896 0.288426 0.283333 0.293519 0.279687 0.294907 0.275521 0.293519 0.271354 0.289815 0.269271 0.282407 0.267708
0 0.250926 0.272396 0.247222 0.274219 0.242130 0.279167 0.243056 0.284896 0.244907 0.286719 0.255556 0.291927 0.259259 0.292708 0.268056 0.292187 0.272685 0.290104 0.275000 0.287500 0.272685 0.283333 0.263426 0.273958 0.260648 0.272396 0.253704 0.271875
0 0.231944 0.283073 0.228241 0.284635 0.226852 0.286458 0.228704 0.291146 0.228704 0.298958 0.231481 0.300000 0.238889 0.301042 0.245370 0.300260 0.250463 0.297917 0.252778 0.295573 0.251852 0.290625 0.246759 0.287240 0.238889 0.284375
0 0.212500 0.285156 0.201852 0.288281 0.200000 0.289323 0.198611 0.291406 0.200463 0.294531 0.203704 0.297135 0.218981 0.300781 0.227778 0.298177 0.229167 0.295573 0.228704 0.290625 0.227315 0.288802 0.221296 0.285417 0.219444 0.284896
0 0.197222 0.291406 0.191667 0.290365 0.180556 0.290885 0.169444 0.294271 0.167593 0.298177 0.168056 0.300000 0.171296 0.303385 0.177315 0.307292 0.182407 0.308073 0.187963 0.307552 0.191204 0.306510 0.198148 0.302344 0.202315 0.298438 0.201389 0.295052
0 0.154630 0.303646 0.147685 0.306510 0.148148 0.314583 0.151852 0.318490 0.156481 0.321615 0.162963 0.323437 0.170370 0.323958 0.172222 0.322656 0.173148 0.320052 0.174537 0.306250 0.171296 0.303906 0.168056 0.303125 0.162500 0.302865
0 0.150000 0.315885 0.144444 0.314844 0.135185 0.315625 0.124074 0.319271 0.119907 0.321875 0.121759 0.326562 0.128241 0.329167 0.140741 0.330469 0.150926 0.329427 0.154167 0.326823 0.155556 0.321875
0 0.115278 0.301823 0.111111 0.303125 0.108796 0.304948 0.107407 0.308594 0.107407 0.311979 0.108333 0.314323 0.111111 0.317188 0.114352 0.319010 0.121759 0.320052 0.131019 0.317448 0.136574 0.314583 0.135648 0.309896 0.133333 0.306250 0.128241 0.302344 0.123611 0.301563
0 0.107407 0.336719 0.105093 0.338802 0.104167 0.343490 0.104630 0.345833 0.109259 0.351823 0.113426 0.355469 0.117593 0.357292 0.122222 0.358073 0.128704 0.356771 0.136111 0.353125 0.138889 0.350000 0.135648 0.344531 0.121296 0.337760 0.115741 0.336719
0 0.086111 0.342969 0.081019 0.345052 0.074537 0.349479 0.072685 0.352604 0.072685 0.354427 0.074074 0.355990 0.076852 0.357552 0.086574 0.359635 0.093981 0.360156 0.101852 0.358594 0.104630 0.357292 0.107407 0.353646 0.106944 0.349479 0.105093 0.347135 0.101389 0.344792 0.095833 0.342969
0 0.087963 0.374479 0.078704 0.380729 0.079167 0.384896 0.084722 0.386719 0.093056 0.388281 0.101852 0.388542 0.103704 0.388021 0.107407 0.384896 0.107407 0.380208 0.105556 0.377865 0.098611 0.373958 0.093056 0.373437
0 0.121759 0.359115 0.114352 0.360156 0.100926 0.368750 0.098611 0.373177 0.101852 0.376042 0.109259 0.379688 0.114352 0.380208 0.122222 0.379948 0.127315 0.377083 0.127315 0.372917 0.124537 0.368750 0.123148 0.360938
0 0.163426 0.356510 0.155093 0.355990 0.148148 0.357552 0.142593 0.361198 0.141204 0.364323 0.141667 0.368490 0.144444 0.372656 0.149074 0.374479 0.157870 0.373437 0.161111 0.372135 0.169444 0.365625 0.169444 0.361198 0.168519 0.359635
0 0.141204 0.332552 0.137037 0.334896 0.135648 0.336979 0.135185 0.341927 0.137037 0.346615 0.142593 0.348958 0.150000 0.349219 0.156019 0.348177 0.159259 0.346094 0.160185 0.342708 0.159722 0.340104 0.156481 0.334375 0.150000 0.332292
0 0.157870 0.328125 0.156481 0.329427 0.157870 0.334896 0.160648 0.336719 0.165741 0.337760 0.171759 0.340365 0.175926 0.341406 0.181481 0.341406 0.185185 0.340625 0.188889 0.334896 0.188426 0.329688 0.185648 0.326562 0.177778 0.324740 0.169907 0.325000 0.162037 0.326302
0 0.175463 0.309375 0.174074 0.310417 0.175000 0.315885 0.177778 0.322396 0.180093 0.324219 0.185648 0.326562 0.190741 0.327865 0.199074 0.325521 0.204167 0.322396 0.204167 0.317969 0.203241 0.316927 0.194907 0.313021 0.184722 0.309635 0.177778 0.308854
0 0.204630 0.297656 0.195370 0.303906 0.193056 0.306250 0.193056 0.307292 0.196296 0.312240 0.200000 0.314583 0.204630 0.316406 0.212500 0.316406 0.219907 0.314323 0.221759 0.312760 0.222222 0.309635 0.220833 0.304167 0.214815 0.299740
0 0.232407 0.301042 0.225000 0.302083 0.222222 0.303125 0.221296 0.304427 0.221296 0.308333 0.222685 0.314583 0.228704 0.318750 0.232870 0.320052 0.239815 0.318490 0.248148 0.313021 0.249537 0.310937 0.250000 0.306510 0.248148 0.304688 0.243056 0.302604
0 0.258796 0.295573 0.253704 0.296354 0.250000 0.298958 0.249074 0.314583 0.257407 0.319010 0.262037 0.319531 0.267130 0.318750 0.276389 0.314583 0.277778 0.302344 0.276389 0.300781 0.268981 0.297135 0.263426 0.295833
0 0.279630 0.289323 0.275926 0.290625 0.275463 0.299219 0.278704 0.306771 0.287037 0.308854 0.289815 0.308854 0.292130 0.308333 0.303241 0.302344 0.305093 0.299740 0.304630 0.296615 0.301852 0.294531 0.296759 0.292708 0.289815 0.291406 0.284259 0.289583
0 0.309259 0.302604 0.310648 0.306510 0.321759 0.309635 0.328241 0.310417 0.337963 0.310417 0.340278 0.309896 0.342593 0.307812 0.342593 0.298698 0.339352 0.297135 0.330556 0.296354 0.321759 0.296354 0.315741 0.297656 0.311111 0.300521
0 0.343519 0.297135 0.342593 0.298438 0.343056 0.310677 0.344907 0.314583 0.350926 0.319531 0.357870 0.320833 0.362963 0.319010 0.369444 0.314583 0.368981 0.310156 0.360648 0.302344 0.350926 0.296875
0 0.369444 0.315885 0.361111 0.319792 0.358796 0.322135 0.357407 0.325521 0.358796 0.328385 0.363889 0.331250 0.373148 0.334115 0.376852 0.334635 0.386111 0.334635 0.387963 0.334115 0.391204 0.330469 0.390741 0.325781 0.387963 0.321354 0.380093 0.316927 0.373148 0.315625
0 0.336574 0.312760 0.325926 0.320573 0.324537 0.322135 0.324537 0.326302 0.325926 0.328385 0.329630 0.330990 0.343981 0.330990 0.350926 0.329427 0.355093 0.326562 0.354630 0.322135 0.343519 0.314844
0 0.293056 0.310417 0.290741 0.314583 0.301389 0.320052 0.314815 0.323958 0.321296 0.323437 0.323148 0.322656 0.327315 0.318750 0.325926 0.313542 0.316204 0.308333 0.308796 0.306771 0.301852 0.307552
0 0.273148 0.315365 0.268519 0.318229 0.270370 0.321875 0.282407 0.329688 0.287963 0.330729 0.295370 0.328906 0.299537 0.326302 0.300463 0.321875 0.297685 0.318750 0.291204 0.314844 0.288426 0.313802 0.281019 0.314063
0 0.253241 0.319792 0.250000 0.322396 0.249537 0.327083 0.256481 0.336979 0.259722 0.338542 0.268981 0.338802 0.275000 0.337500 0.278704 0.335417 0.280556 0.332813 0.281019 0.329688 0.278241 0.327083 0.265741 0.320052 0.262037 0.319271
0 0.239352 0.319792 0.233796 0.321875 0.231019 0.324740 0.225926 0.333333 0.225000 0.338021 0.227315 0.340365 0.231944 0.342187 0.236111 0.342708 0.248148 0.342708 0.251389 0.341667 0.254167 0.338021 0.253241 0.333333 0.249537 0.327083 0.248148 0.322396
0 0.218981 0.316406 0.204630 0.322917 0.200000 0.326042 0.200463 0.330208 0.206019 0.334115 0.212963 0.335938 0.220833 0.335938 0.223148 0.335417 0.225000 0.334375 0.230093 0.326302 0.230556 0.321615 0.229167 0.320052 0.225926 0.317969
0 0.190741 0.330469 0.185648 0.341406 0.190741 0.345313 0.195370 0.346875 0.199074 0.347135 0.212037 0.344271 0.213889 0.342708 0.213889 0.338021 0.212500 0.335677 0.209722 0.334115 0.201389 0.331510
0 0.219907 0.344531 0.211574 0.344271 0.201389 0.347135 0.198148 0.350000 0.197222 0.353646 0.199537 0.358594 0.203241 0.360938 0.211111 0.363281 0.222222 0.359635 0.226852 0.356250 0.226852 0.348698 0.225000 0.346615
0 0.170833 0.341927 0.166204 0.342969 0.162500 0.345313 0.162963 0.349219 0.167130 0.357031 0.169907 0.359635 0.177315 0.362760 0.183796 0.360417 0.187500 0.357812 0.189815 0.350521 0.189815 0.345573 0.183796 0.342187 0.178241 0.341667
0 0.176389 0.372396 0.168519 0.374219 0.164815 0.376042 0.159722 0.380729 0.158333 0.385156 0.162037 0.388281 0.168056 0.389583 0.184259 0.389844 0.186574 0.388802 0.188426 0.382812 0.187500 0.377083 0.184259 0.373437
0 0.204167 0.374740 0.197222 0.376302 0.192593 0.378906 0.190741 0.380729 0.189815 0.384896 0.194907 0.389844 0.202778 0.393750 0.211111 0.395833 0.213426 0.395833 0.218519 0.394010 0.221759 0.390365 0.222222 0.388021 0.218519 0.380729 0.212037 0.375781
0 0.180556 0.361198 0.178704 0.364063 0.178704 0.366146 0.181019 0.371094 0.184722 0.373437 0.190278 0.375000 0.198611 0.375521 0.203241 0.374740 0.206944 0.373177 0.208333 0.364844 0.199537 0.359375 0.197222 0.358594 0.189815 0.358333
0 0.134722 0.372656 0.131481 0.373437 0.128241 0.375260 0.122222 0.380729 0.122685 0.385156 0.125463 0.386458 0.128704 0.387240 0.137037 0.387760 0.143056 0.386979 0.149537 0.384896 0.151389 0.380729 0.149074 0.376823 0.145370 0.373958 0.141667 0.372917
0 0.139815 0.387500 0.134722 0.389844 0.132870 0.392448 0.135648 0.397396 0.140278 0.400000 0.145370 0.401302 0.152315 0.401562 0.156481 0.401042 0.159722 0.399219 0.161574 0.396875 0.161111 0.391927 0.158333 0.388542 0.150463 0.385937
0 0.176389 0.390365 0.168981 0.391927 0.165278 0.393750 0.162500 0.396094 0.161111 0.401042 0.164352 0.405729 0.168981 0.408854 0.178241 0.410156 0.184722 0.408594 0.187500 0.407031 0.191204 0.396094 0.189352 0.392448
0 0.197222 0.394010 0.193519 0.395313 0.190741 0.398177 0.188889 0.403646 0.189815 0.407292 0.193519 0.409635 0.197222 0.410677 0.208333 0.410156 0.211111 0.409115 0.215741 0.404427 0.215741 0.400000 0.212963 0.397135 0.208333 0.395052 0.205093 0.394271
0 0.220833 0.392188 0.218519 0.396354 0.218519 0.400781 0.219444 0.402344 0.222685 0.403646 0.239815 0.405729 0.242130 0.404427 0.245370 0.397396 0.245370 0.395833 0.240741 0.392708 0.234259 0.391406 0.224537 0.391146
0 0.225000 0.375781 0.220370 0.380208 0.220370 0.384635 0.221759 0.386458 0.230093 0.390885 0.234259 0.391406 0.240278 0.391406 0.242130 0.390885 0.247222 0.384896 0.244907 0.378385 0.241667 0.376302 0.235648 0.374740 0.231944 0.374479
0 0.241667 0.361198 0.237037 0.358854 0.233333 0.357812 0.226852 0.358073 0.219907 0.360156 0.214815 0.362760 0.209259 0.368750 0.210185 0.372917 0.214815 0.374479 0.226852 0.375260 0.235648 0.373958 0.240741 0.372396 0.242593 0.371354 0.243981 0.369271 0.243981 0.364323
0 0.229630 0.347656 0.228704 0.348958 0.229167 0.354167 0.231019 0.355990 0.240278 0.360156 0.246296 0.362240 0.250463 0.362760 0.259722 0.362500 0.263426 0.361458 0.263426 0.356510 0.262037 0.353646 0.249537 0.343750 0.247222 0.343229 0.237963 0.343750
0 0.274537 0.338281 0.260185 0.339323 0.251852 0.341667 0.252315 0.346615 0.256019 0.349740 0.267130 0.354948 0.274537 0.354687 0.281481 0.351562 0.282870 0.349740 0.283333 0.341406
0 0.287037 0.338542 0.285185 0.339583 0.283796 0.341927 0.282870 0.348698 0.283796 0.352083 0.286111 0.353125 0.293519 0.354167 0.297222 0.354167 0.307870 0.352604 0.310648 0.350260 0.307870 0.342187 0.306019 0.339844 0.303241 0.338542 0.296759 0.337240
0 0.319907 0.325260 0.306944 0.324219 0.302315 0.324740 0.299074 0.326562 0.296759 0.330208 0.300463 0.337500 0.309259 0.339062 0.317130 0.335677 0.324537 0.334115 0.326389 0.329948 0.323148 0.326823
0 0.322685 0.335677 0.314352 0.337760 0.311111 0.339844 0.308796 0.342187 0.308333 0.346354 0.310648 0.350260 0.312963 0.352083 0.320370 0.353125 0.330556 0.353385 0.340278 0.349740 0.339352 0.345313 0.337037 0.341406 0.333333 0.339323 0.332407 0.337760 0.333796 0.333802
0 0.355556 0.330208 0.349537 0.330208 0.341667 0.332031 0.338889 0.333854 0.336111 0.337760 0.337037 0.342448 0.341204 0.348177 0.343519 0.349479 0.350000 0.351042 0.353704 0.350260 0.362963 0.344531 0.368981 0.338021 0.367593 0.334115 0.362500 0.331510
0 0.373148 0.335938 0.366667 0.340104 0.363426 0.345833 0.373611 0.352344 0.378241 0.353906 0.392593 0.354427 0.393519 0.353646 0.393981 0.349219 0.391204 0.342187 0.387037 0.337240 0.382870 0.335677 0.378704 0.335156
0 0.398611 0.330729 0.392130 0.332552 0.390278 0.334896 0.389815 0.338542 0.393981 0.345313 0.395833 0.346354 0.399537 0.347135 0.409259 0.345313 0.410648 0.343229 0.411574 0.337760 0.410648 0.334896 0.407407 0.332552
0 0.517593 0.283073 0.520370 0.291146 0.522685 0.293490 0.527778 0.296615 0.537963 0.299479 0.546296 0.299219 0.548611 0.298177 0.551852 0.292448 0.553704 0.291146 0.552778 0.286979 0.545370 0.284375 0.530093 0.282813 0.524537 0.280990 0.520833 0.281510
0 0.495833 0.281250 0.493519 0.281771 0.488889 0.285156 0.487963 0.286979 0.488889 0.291146 0.492593 0.295833 0.494444 0.296875 0.504167 0.298177 0.512963 0.294792 0.518519 0.291146 0.517593 0.286198 0.515278 0.283333 0.512500 0.282031 0.505093 0.280990
0 0.475926 0.279948 0.471296 0.281510 0.462963 0.290625 0.462963 0.294271 0.464352 0.296354 0.468981 0.300000 0.472222 0.300521 0.478241 0.300521 0.482870 0.299740 0.488426 0.297396 0.490278 0.295052 0.486111 0.285417 0.480093 0.281250
0 0.440741 0.295312 0.434722 0.298438 0.434722 0.302865 0.439352 0.308594 0.449537 0.312500 0.454167 0.313542 0.461574 0.312240 0.466667 0.309635 0.468056 0.307812 0.468981 0.302344 0.467593 0.299479 0.461111 0.295833 0.457407 0.295052 0.445370 0.294792
0 0.412963 0.299479 0.407407 0.301823 0.404630 0.303906 0.403704 0.310677 0.407870 0.313802 0.413426 0.316406 0.421296 0.316927 0.424537 0.315885 0.432870 0.310417 0.435185 0.306250 0.429630 0.301563 0.420370 0.299479
0 0.398611 0.311719 0.391204 0.314063 0.388889 0.316406 0.388426 0.318750 0.392130 0.328646 0.395833 0.330208 0.404167 0.330990 0.410648 0.330729 0.413426 0.329948 0.418056 0.326562 0.417593 0.321875 0.412037 0.316146 0.406019 0.312500
0 0.450926 0.314323 0.446759 0.311979 0.441204 0.310156 0.433796 0.310677 0.430093 0.311719 0.425926 0.314583 0.424074 0.316927 0.421759 0.321875 0.422222 0.326302 0.425926 0.327604 0.428704 0.327604 0.440278 0.325000 0.447222 0.322656 0.450000 0.321094 0.451852 0.318490
0 0.436111 0.326042 0.435185 0.330990 0.437963 0.333333 0.447222 0.334896 0.456944 0.334896 0.462037 0.333854 0.463889 0.330729 0.464352 0.326042 0.455556 0.323177 0.447222 0.322917
0 0.468519 0.309896 0.462500 0.311719 0.458333 0.314323 0.456481 0.317448 0.457870 0.321615 0.468056 0.326823 0.475463 0.328906 0.482870 0.329167 0.489352 0.325781 0.489815 0.322135 0.487963 0.318229 0.482870 0.312240 0.479630 0.310417 0.476852 0.309896
0 0.495833 0.298177 0.487963 0.299219 0.482407 0.301563 0.481019 0.304427 0.481019 0.308854 0.490278 0.321094 0.493519 0.322396 0.497685 0.322656 0.502315 0.321354 0.505556 0.319271 0.508333 0.313542 0.510185 0.305990 0.508796 0.302344 0.503704 0.299219
0 0.535648 0.298698 0.524537 0.296354 0.518056 0.297135 0.515278 0.298438 0.511574 0.302604 0.507407 0.317708 0.507870 0.320052 0.510185 0.321875 0.518056 0.321875 0.525463 0.319531 0.534722 0.312500 0.537500 0.309115 0.539352 0.303646 0.538889 0.301042
0 0.513426 0.324479 0.512500 0.325781 0.512963 0.329688 0.514352 0.331771 0.517130 0.333594 0.532407 0.334896 0.536111 0.334115 0.537963 0.332813 0.541667 0.326302 0.538426 0.322135 0.532870 0.321094 0.523148 0.320833
0 0.535648 0.335938 0.530093 0.335677 0.517593 0.336719 0.512500 0.339323 0.510648 0.341927 0.512500 0.345313 0.517593 0.351042 0.522222 0.353125 0.527315 0.353125 0.536111 0.351302 0.542593 0.346094 0.543056 0.341146 0.539352 0.337500
0 0.502778 0.321875 0.492130 0.324219 0.484259 0.329167 0.483333 0.330990 0.483796 0.334115 0.488889 0.337500 0.496296 0.340885 0.504167 0.342187 0.509722 0.340365 0.512963 0.337500 0.513426 0.330208 0.508333 0.323958 0.505556 0.322396
0 0.468056 0.327083 0.465741 0.329167 0.464815 0.333594 0.467593 0.340104 0.468056 0.350000 0.473611 0.351562 0.482870 0.350781 0.489815 0.347656 0.493519 0.344271 0.494907 0.341667 0.483796 0.335417 0.476852 0.329688 0.471296 0.327604
0 0.264815 0.364323 0.252778 0.363802 0.249074 0.364323 0.245833 0.366406 0.245370 0.374479 0.246296 0.377604 0.249537 0.382031 0.252778 0.383854 0.260648 0.382812 0.264352 0.380469 0.271296 0.371094 0.272222 0.368490 0.270370 0.366146
0 0.272685 0.355208 0.270370 0.358073 0.269907 0.362240 0.270833 0.364583 0.273611 0.366667 0.279630 0.367448 0.289815 0.367448 0.293056 0.366667 0.298611 0.363802 0.300000 0.361979 0.299537 0.359896 0.297222 0.357552 0.291204 0.354948 0.281019 0.352865
0 0.308796 0.352865 0.304167 0.355469 0.301389 0.360677 0.304630 0.367448 0.307407 0.369010 0.312963 0.370052 0.323148 0.370052 0.327315 0.367969 0.329167 0.365625 0.330556 0.361719 0.329630 0.357031 0.325926 0.354948 0.316667 0.352865
0 0.392593 0.356250 0.383796 0.355990 0.378704 0.356771 0.374537 0.358854 0.372685 0.361198 0.373611 0.365625 0.385185 0.373958 0.392593 0.372396 0.401852 0.365625 0.399537 0.360677
0 0.423148 0.353125 0.420370 0.352344 0.412963 0.352083 0.402778 0.356250 0.401389 0.357812 0.401389 0.361979 0.405556 0.365365 0.412500 0.364583 0.416204 0.363281 0.425926 0.361458 0.426389 0.356771
0 0.428704 0.331510 0.417130 0.332552 0.412500 0.335156 0.411111 0.346094 0.412963 0.350000 0.415741 0.351042 0.421759 0.351562 0.427315 0.350521 0.432407 0.348177 0.436111 0.344531 0.437037 0.342448 0.436574 0.337240 0.433796 0.333333 0.431481 0.332031
0 0.363889 0.229427 0.360185 0.230990 0.357870 0.233854 0.355556 0.240104 0.356019 0.241927 0.358333 0.245312 0.362500 0.247917 0.367593 0.249219 0.372685 0.249479 0.379630 0.247656 0.382870 0.244792 0.383796 0.241146 0.383333 0.235937 0.381481 0.233073 0.377315 0.230208 0.372685 0.229167
0 0.280093 0.384635 0.274074 0.381510 0.265278 0.381250 0.251389 0.385937 0.247222 0.388021 0.246759 0.392708 0.249537 0.394792 0.252315 0.395573 0.274074 0.394531 0.280093 0.390885 0.281019 0.389323
0 0.274537 0.370573 0.270833 0.372917 0.268519 0.376563 0.270370 0.380208 0.284722 0.386719 0.293981 0.388021 0.300000 0.387240 0.301852 0.384896 0.300926 0.380729 0.296759 0.374740 0.291667 0.373177 0.288426 0.370573 0.282870 0.369010 0.280556 0.369010
0 0.301852 0.369531 0.298611 0.370833 0.297685 0.372396 0.298148 0.377344 0.300926 0.382812 0.303241 0.384115 0.312037 0.384115 0.315741 0.382812 0.323148 0.377344 0.323148 0.372917 0.319444 0.370833 0.309259 0.369531
0 0.323148 0.379167 0.318519 0.380990 0.311111 0.385417 0.309259 0.396615 0.313426 0.397917 0.318056 0.398177 0.322222 0.397656 0.327778 0.394792 0.337963 0.392969 0.340278 0.389583 0.339352 0.384635 0.330556 0.380729
0 0.329630 0.367448 0.325926 0.369010 0.325000 0.370312 0.324537 0.374740 0.325926 0.378646 0.327778 0.379948 0.337500 0.383333 0.343519 0.384115 0.346296 0.383594 0.350926 0.381250 0.353241 0.374479 0.352315 0.369792 0.343981 0.366146 0.337963 0.367188
0 0.371759 0.366406 0.365278 0.367448 0.361111 0.369010 0.355093 0.373437 0.353241 0.376563 0.352778 0.381771 0.354167 0.383594 0.364352 0.386458 0.373611 0.385677 0.376852 0.383594 0.381944 0.377083 0.381481 0.372396 0.377778 0.369010
0 0.379630 0.379688 0.375926 0.385677 0.376852 0.389323 0.378704 0.391406 0.385185 0.393229 0.391204 0.392708 0.401852 0.390625 0.404167 0.389583 0.406019 0.385677 0.405556 0.382292 0.404167 0.380729 0.396759 0.379427 0.393056 0.378125 0.386111 0.377344 0.382407 0.378125
0 0.331481 0.353385 0.331481 0.357812 0.334722 0.361198 0.350926 0.368229 0.357870 0.369271 0.362500 0.367969 0.367130 0.365625 0.371296 0.361719 0.370370 0.357292 0.364815 0.354687 0.362037 0.354427 0.357870 0.352865 0.343056 0.350521 0.337037 0.351042
0 0.444907 0.350260 0.438426 0.350260 0.432407 0.351042 0.428704 0.352604 0.427778 0.353906 0.427315 0.357552 0.429630 0.363802 0.440741 0.372396 0.447685 0.371094 0.452778 0.367448 0.455556 0.363542 0.456481 0.360417 0.456481 0.356510 0.454630 0.353385 0.449537 0.351042
0 0.433333 0.366927 0.430556 0.364323 0.427315 0.362760 0.418981 0.363021 0.405556 0.365885 0.400926 0.367448 0.393519 0.371875 0.391204 0.377083 0.395370 0.378385 0.405093 0.379688 0.419444 0.379427 0.428704 0.377865 0.431944 0.376302 0.435185 0.373437 0.435185 0.370312
0 0.447222 0.334635 0.441204 0.337500 0.438889 0.341406 0.439815 0.344792 0.443519 0.348177 0.449074 0.351042 0.454167 0.352865 0.459722 0.352344 0.462500 0.351562 0.464815 0.349219 0.466667 0.343490 0.465741 0.339062 0.462963 0.336198 0.460648 0.335156 0.456019 0.334375
0 0.459722 0.356771 0.458333 0.359896 0.458796 0.363021 0.462500 0.365885 0.468519 0.367969 0.476389 0.367188 0.485185 0.365104 0.487963 0.363021 0.488889 0.361198 0.486111 0.357292 0.475926 0.353385 0.468519 0.353125
0 0.496296 0.343229 0.488889 0.349219 0.491204 0.354948 0.496759 0.358594 0.500926 0.359635 0.504167 0.359896 0.512500 0.358854 0.515741 0.356771 0.518056 0.353906 0.516204 0.348698 0.510648 0.344010 0.507407 0.342969 0.500463 0.342708
0 0.513889 0.360156 0.509722 0.359635 0.504167 0.360417 0.496296 0.360417 0.492130 0.361979 0.490741 0.363802 0.490741 0.365885 0.495833 0.373177 0.502778 0.375521 0.507870 0.375000 0.513426 0.373437 0.516204 0.371615 0.520370 0.365625 0.520370 0.364323 0.518981 0.361979
0 0.536574 0.359635 0.531944 0.358854 0.527778 0.359375 0.522222 0.362500 0.516204 0.373177 0.519444 0.378385 0.522685 0.379427 0.527315 0.379167 0.531481 0.377604 0.537500 0.376563 0.539815 0.375260 0.542593 0.371615 0.545833 0.364844 0.541667 0.361198
0 0.538426 0.376042 0.522685 0.377604 0.520370 0.378646 0.518981 0.380729 0.518056 0.384375 0.518981 0.386719 0.521759 0.389844 0.530556 0.394010 0.537963 0.393490 0.544444 0.389323 0.547222 0.384896 0.544444 0.378906
0 0.499537 0.399219 0.499074 0.400521 0.506944 0.405208 0.510185 0.406250 0.514815 0.406771 0.525000 0.406771 0.529630 0.405990 0.534259 0.401042 0.534259 0.398958 0.532407 0.395833 0.529167 0.394271 0.525463 0.393490 0.518519 0.393490 0.511111 0.394531 0.502778 0.396875
0 0.515741 0.383333 0.512037 0.381510 0.505093 0.379427 0.501389 0.379427 0.493981 0.380729 0.486111 0.386458 0.482870 0.395833 0.483333 0.398698 0.485648 0.399479 0.495833 0.399219 0.511574 0.394010 0.518981 0.389062
0 0.475000 0.382292 0.465278 0.385156 0.460185 0.389062 0.461574 0.392969 0.468519 0.397135 0.476389 0.397917 0.480556 0.396875 0.482407 0.395313 0.484722 0.389323 0.485185 0.384635
0 0.471759 0.368229 0.469444 0.369792 0.468981 0.373437 0.473611 0.381250 0.481944 0.383854 0.489815 0.383594 0.493981 0.373437 0.490741 0.367448 0.488426 0.366406 0.481481 0.366146
0 0.455093 0.370052 0.447685 0.371094 0.439352 0.376563 0.439815 0.381510 0.441667 0.383854 0.446296 0.386458 0.451852 0.387240 0.457407 0.386979 0.465278 0.383594 0.467130 0.381250 0.468056 0.377344 0.464815 0.372396 0.460185 0.370833
0 0.434259 0.379688 0.428241 0.378646 0.419444 0.379427 0.412037 0.380729 0.407407 0.382812 0.406019 0.384635 0.406481 0.389323 0.408333 0.391667 0.413426 0.394531 0.420833 0.395573 0.433796 0.391406 0.437963 0.388802 0.439815 0.384115
0 0.391667 0.393229 0.388889 0.395313 0.388889 0.398177 0.392130 0.406250 0.394907 0.407031 0.403241 0.407031 0.407407 0.406510 0.411111 0.405208 0.414815 0.401042 0.414815 0.396875 0.409722 0.393490 0.401852 0.391927 0.398148 0.391927
0 0.372222 0.395052 0.363426 0.400260 0.362500 0.404687 0.366204 0.406771 0.377778 0.410417 0.384722 0.411198 0.387963 0.410677 0.390741 0.409375 0.391667 0.407552 0.390278 0.400781 0.387500 0.395313 0.385185 0.394271 0.377315 0.394010
0 0.350000 0.384375 0.342593 0.387500 0.340278 0.392969 0.343519 0.396875 0.348611 0.400000 0.354167 0.401562 0.360648 0.401562 0.364352 0.400260 0.370370 0.396354 0.371296 0.393750 0.370833 0.391406 0.367130 0.388021 0.358333 0.385156
0 0.329630 0.394271 0.323611 0.396354 0.322685 0.399219 0.325000 0.404687 0.329630 0.410417 0.334722 0.411458 0.346296 0.410677 0.349074 0.409115 0.352315 0.404427 0.349537 0.400260 0.340741 0.394271 0.337037 0.393490
0 0.293056 0.404427 0.292593 0.410156 0.293519 0.412240 0.301852 0.415104 0.309259 0.415104 0.321759 0.413542 0.327315 0.412240 0.326852 0.407813 0.323148 0.402865 0.320370 0.400260 0.317593 0.398958 0.306481 0.398958 0.297222 0.401823
0 0.286574 0.387240 0.277315 0.392448 0.275463 0.395052 0.275463 0.397135 0.281944 0.402604 0.287037 0.404167 0.290741 0.404167 0.295370 0.403125 0.298148 0.401302 0.301852 0.400260 0.303704 0.396094 0.300926 0.391406 0.297222 0.388542 0.289815 0.387240
0 0.249074 0.396875 0.246296 0.398698 0.244907 0.401042 0.244444 0.404948 0.246296 0.407292 0.252778 0.408854 0.267593 0.409375 0.271759 0.407292 0.273611 0.404687 0.274537 0.400260 0.272222 0.397917 0.268519 0.395833 0.257870 0.395313 0.252315 0.395833
0 0.426852 0.394271 0.422222 0.396094 0.416667 0.399479 0.414815 0.403125 0.414815 0.404948 0.416667 0.407031 0.426852 0.412240 0.435185 0.412500 0.443981 0.411198 0.446759 0.409115 0.445370 0.404167 0.432870 0.395313
0 0.437500 0.390625 0.434259 0.392448 0.435185 0.396615 0.444907 0.403385 0.447685 0.404167 0.455556 0.403646 0.461574 0.400521 0.464352 0.396354 0.458333 0.389844 0.455093 0.388802 0.447222 0.388802
0 0.468519 0.398177 0.458796 0.401562 0.455556 0.403385 0.451620 0.405911 0.454954 0.412969 0.467593 0.414323 0.475000 0.414062 0.478241 0.412760 0.479167 0.411198 0.478241 0.400260
0 0.482407 0.399219 0.480093 0.400260 0.480556 0.411198 0.481944 0.413802 0.485185 0.415885 0.489352 0.416927 0.495833 0.416406 0.499537 0.415365 0.506944 0.411979 0.507870 0.407552 0.505556 0.404687 0.501389 0.402083 0.496759 0.400260
0 0.134722 0.405208 0.131019 0.407813 0.131481 0.412240 0.140278 0.417969 0.143981 0.419010 0.151389 0.419531 0.155093 0.418750 0.158333 0.416146 0.160648 0.412240 0.159722 0.407813 0.157407 0.404427 0.154630 0.403125 0.149074 0.402604 0.142130 0.403385
0 0.169444 0.409115 0.161574 0.411979 0.155556 0.420052 0.159259 0.423958 0.161574 0.425260 0.170370 0.426563 0.177778 0.425521 0.181481 0.423698 0.183796 0.420573 0.183796 0.416667 0.181944 0.413542 0.178241 0.410417
0 0.187500 0.418750 0.184259 0.420573 0.181944 0.423698 0.183333 0.429167 0.187037 0.434375 0.189815 0.435417 0.198148 0.435937 0.208333 0.433594 0.211111 0.431771 0.211574 0.426563 0.209722 0.423958 0.191204 0.417969
0 0.152778 0.421615 0.150000 0.420312 0.142593 0.418490 0.135185 0.419010 0.128241 0.422396 0.120833 0.428385 0.118519 0.431250 0.118981 0.435677 0.123148 0.436719 0.129630 0.436979 0.137963 0.435937 0.150000 0.432552 0.152778 0.430990 0.155093 0.428385 0.155093 0.425000
0 0.128241 0.456771 0.123148 0.455469 0.114352 0.455990 0.106944 0.459115 0.104167 0.463281 0.105093 0.466927 0.107870 0.469531 0.116204 0.470052 0.122685 0.469010 0.127778 0.466927 0.131944 0.463281 0.131481 0.459635
0 0.148148 0.447917 0.143056 0.448698 0.135185 0.451042 0.133333 0.455208 0.136574 0.463281 0.141204 0.470573 0.149074 0.473958 0.156481 0.474479 0.162500 0.466927 0.161574 0.458594 0.162963 0.454688 0.160648 0.450781 0.156481 0.448177
0 0.171759 0.432552 0.162500 0.433594 0.156019 0.436198 0.151852 0.439063 0.151852 0.443229 0.153704 0.445573 0.165741 0.452083 0.169907 0.453125 0.177315 0.451823 0.180556 0.449740 0.182870 0.446094 0.182870 0.442448 0.180556 0.435937 0.177315 0.433594
0 0.168519 0.454427 0.163889 0.456771 0.162037 0.458854 0.163889 0.464062 0.167593 0.466406 0.175926 0.468750 0.184259 0.468490 0.192130 0.464844 0.193056 0.463802 0.193056 0.458854 0.184722 0.454167 0.178704 0.452865 0.175926 0.452865
0 0.204167 0.436979 0.192130 0.440885 0.189352 0.442448 0.186574 0.447396 0.187963 0.449219 0.190741 0.450781 0.199537 0.453385 0.206481 0.454427 0.212963 0.453646 0.215278 0.451823 0.212963 0.447917 0.212963 0.441927 0.214352 0.439323 0.212037 0.437500
0 0.212500 0.454167 0.204630 0.455208 0.197222 0.457292 0.194907 0.458594 0.193056 0.461719 0.193056 0.466927 0.197685 0.467448 0.202778 0.470052 0.209259 0.471615 0.212500 0.471615 0.219444 0.468750 0.224074 0.459375 0.223148 0.457813 0.219444 0.455469
0 0.208333 0.470573 0.205093 0.470573 0.197222 0.467448 0.189815 0.467187 0.187037 0.467969 0.171296 0.477865 0.171296 0.482812 0.181019 0.487500 0.184722 0.487760 0.198148 0.481250 0.206481 0.475781
0 0.125926 0.474479 0.125463 0.479167 0.128241 0.482552 0.133796 0.483594 0.149537 0.483073 0.160185 0.480990 0.164815 0.478646 0.163426 0.476562 0.161111 0.475260 0.149537 0.473958 0.141667 0.471354 0.135185 0.471094 0.128241 0.472135
0 0.153241 0.484896 0.149074 0.486458 0.144907 0.489583 0.142130 0.493750 0.142593 0.495052 0.144444 0.496354 0.149074 0.497917 0.161574 0.500260 0.164815 0.500260 0.168981 0.499219 0.172685 0.497396 0.174537 0.494792 0.175000 0.489844 0.173148 0.487240 0.169444 0.485156 0.164352 0.484115
0 0.151852 0.505469 0.152315 0.510417 0.159259 0.515625 0.167130 0.519792 0.170833 0.520312 0.175926 0.519271 0.183796 0.516667 0.187037 0.514062 0.187963 0.509115 0.183333 0.504948 0.180093 0.503646 0.170370 0.502344 0.162500 0.502344 0.155093 0.503906
0 0.136574 0.523698 0.131481 0.529167 0.131481 0.533333 0.136111 0.534375 0.149074 0.535417 0.156019 0.536979 0.162963 0.536198 0.166667 0.533333 0.166204 0.529167 0.163426 0.525000 0.156019 0.521094 0.149074 0.520312 0.142593 0.521354
0 0.190741 0.526823 0.187500 0.529167 0.183333 0.535156 0.181944 0.541146 0.183796 0.545312 0.186111 0.547656 0.192130 0.550000 0.199074 0.550260 0.207870 0.548958 0.216204 0.545573 0.216204 0.540885 0.212500 0.540104 0.206481 0.536198 0.200926 0.529687 0.198148 0.527865
0 0.205556 0.529167 0.203704 0.532552 0.204630 0.534375 0.212037 0.539062 0.218519 0.541927 0.227315 0.541927 0.232407 0.540625 0.234259 0.538021 0.233333 0.534375 0.233796 0.529167 0.225926 0.524479 0.218519 0.524219
0 0.245833 0.523698 0.237500 0.526563 0.234722 0.528906 0.233333 0.532813 0.234722 0.538281 0.237037 0.539844 0.244444 0.541146 0.250926 0.541667 0.256944 0.541406 0.260648 0.539844 0.263426 0.533594 0.262500 0.530469 0.258333 0.526563 0.253704 0.523958
0 0.232407 0.509375 0.229167 0.510417 0.223148 0.514062 0.222685 0.517969 0.226852 0.522135 0.231481 0.524479 0.237963 0.525260 0.242593 0.524740 0.249537 0.522917 0.251852 0.521615 0.253241 0.519010 0.251852 0.513802 0.246296 0.510677 0.239815 0.509115
0 0.270370 0.496354 0.268056 0.495833 0.261111 0.496094 0.250463 0.501302 0.248611 0.504948 0.249074 0.510156 0.251389 0.512760 0.253241 0.513542 0.260648 0.513021 0.271759 0.508333 0.274537 0.506510 0.274074 0.499740 0.273148 0.497917
0 0.251852 0.494010 0.247685 0.492448 0.239815 0.491667 0.229630 0.493229 0.212500 0.499219 0.209259 0.501042 0.207407 0.505990 0.217593 0.511719 0.219907 0.511979 0.225463 0.511198 0.237037 0.507292 0.250463 0.499479
0 0.206481 0.506510 0.200926 0.507031 0.194444 0.509635 0.189815 0.513542 0.187963 0.517448 0.194444 0.522135 0.199074 0.523438 0.204630 0.523958 0.211574 0.522917 0.213426 0.521875 0.216667 0.518490 0.218056 0.514062 0.216204 0.510938 0.210648 0.507552
0 0.183796 0.488542 0.179167 0.490365 0.175463 0.492969 0.175463 0.498177 0.181019 0.502344 0.189352 0.506250 0.198148 0.507552 0.203241 0.505729 0.204630 0.502083 0.207407 0.498698 0.206019 0.495312 0.201389 0.490365 0.198148 0.488281 0.189815 0.487500
0 0.225926 0.479687 0.218519 0.478646 0.198611 0.482292 0.196296 0.486458 0.204630 0.493750 0.211574 0.495573 0.218981 0.495573 0.227778 0.491927 0.229630 0.489323 0.230556 0.485677 0.229630 0.482292
0 0.255556 0.460417 0.252778 0.459115 0.246759 0.457813 0.225926 0.460417 0.222685 0.462240 0.220370 0.466667 0.221296 0.469271 0.225926 0.472396 0.231481 0.473698 0.243056 0.472656 0.251852 0.470573 0.256944 0.466927 0.256944 0.462760
0 0.269907 0.442448 0.266667 0.441927 0.246296 0.445312 0.243056 0.446875 0.242130 0.449740 0.243056 0.453385 0.253241 0.459115 0.260648 0.458073 0.262037 0.456510 0.265278 0.455208 0.268056 0.452344 0.271759 0.450521 0.273148 0.448437 0.273148 0.445573 0.271759 0.443229
0 0.258796 0.429948 0.255556 0.429167 0.247222 0.429688 0.239352 0.433854 0.237500 0.435417 0.236574 0.439844 0.241204 0.444271 0.246296 0.445312 0.253704 0.445052 0.261574 0.442448 0.265278 0.440104 0.264815 0.435156
0 0.215741 0.421354 0.213426 0.423177 0.211574 0.426823 0.212037 0.431771 0.213889 0.433854 0.218519 0.436198 0.225926 0.436198 0.237037 0.434635 0.242130 0.430990 0.243981 0.428646 0.243519 0.426563 0.239815 0.422135 0.233796 0.420573 0.221759 0.420573
0 0.234259 0.405469 0.226852 0.403906 0.223611 0.403906 0.217593 0.404948 0.213889 0.407031 0.210185 0.412240 0.210185 0.416146 0.211574 0.418229 0.217130 0.420573 0.225926 0.420573 0.234722 0.418490 0.238889 0.416406 0.240741 0.411719 0.238426 0.407813
0 0.271296 0.416146 0.262500 0.412500 0.254167 0.411458 0.244444 0.413802 0.241667 0.415885 0.240741 0.420573 0.246296 0.429167 0.256944 0.428646 0.269444 0.424219 0.271759 0.422917 0.273148 0.420312
0 0.283333 0.413542 0.276852 0.415885 0.274074 0.419531 0.275000 0.423958 0.286111 0.430469 0.287963 0.430990 0.296296 0.430990 0.300926 0.429167 0.302778 0.427083 0.303241 0.422396 0.300926 0.416146 0.295370 0.413281 0.286111 0.413021
0 0.305556 0.415885 0.303241 0.419792 0.304167 0.426823 0.305556 0.429427 0.307407 0.430729 0.314352 0.433073 0.323148 0.433333 0.326852 0.431250 0.328241 0.428646 0.327778 0.420312 0.325926 0.415625 0.323148 0.414583 0.314352 0.414323
0 0.343981 0.411719 0.333333 0.411979 0.330093 0.413542 0.329167 0.414844 0.329167 0.428646 0.330556 0.430990 0.334722 0.432552 0.338426 0.432552 0.340741 0.431771 0.352778 0.423698 0.354167 0.421615 0.354630 0.419271 0.350926 0.413542 0.348611 0.412500
0 0.349537 0.425781 0.343981 0.427865 0.340741 0.431771 0.345370 0.435417 0.350463 0.437760 0.355556 0.438281 0.359722 0.438021 0.363426 0.436198 0.366667 0.431771 0.365741 0.427865 0.358333 0.425000
0 0.353704 0.405990 0.350926 0.407813 0.350463 0.412240 0.356481 0.420052 0.364815 0.425260 0.369444 0.426823 0.372685 0.427083 0.378704 0.425521 0.386111 0.420052 0.385185 0.415625 0.381944 0.412500 0.376852 0.409896 0.368056 0.407292 0.364815 0.405729 0.356481 0.405208
0 0.413889 0.406510 0.406019 0.408333 0.394907 0.409896 0.389815 0.411458 0.388426 0.412500 0.387500 0.416146 0.388889 0.419271 0.391667 0.421354 0.399074 0.424740 0.406944 0.425521 0.415741 0.421094 0.421296 0.415625 0.423148 0.411719 0.420833 0.409375
0 0.424537 0.413542 0.416667 0.419792 0.418519 0.424479 0.425463 0.428385 0.433796 0.429948 0.440741 0.430469 0.444444 0.429688 0.446759 0.427604 0.446759 0.421354 0.445370 0.418490 0.439815 0.413802 0.435648 0.412760 0.429630 0.412760
0 0.454630 0.415365 0.450000 0.417187 0.448148 0.419531 0.448148 0.431771 0.450926 0.438802 0.453241 0.441406 0.458333 0.442969 0.463426 0.443229 0.469444 0.442188 0.474537 0.439583 0.475463 0.436979 0.475000 0.427344 0.471296 0.421094 0.465278 0.417969
0 0.473148 0.419271 0.472222 0.419792 0.472685 0.424219 0.477315 0.430469 0.481481 0.431250 0.488426 0.430990 0.491204 0.430469 0.494444 0.428646 0.498148 0.423698 0.494907 0.419792 0.492593 0.418490 0.482407 0.417708
0 0.518056 0.408333 0.511111 0.410417 0.500463 0.416927 0.499537 0.420312 0.500926 0.421875 0.505093 0.424479 0.509722 0.425521 0.519907 0.425260 0.522685 0.423438 0.525000 0.420573 0.526389 0.416406 0.525926 0.412500 0.523148 0.409896
0 0.545370 0.397656 0.540278 0.398438 0.537037 0.399740 0.529167 0.408073 0.530556 0.412240 0.533333 0.413542 0.538889 0.414844 0.545370 0.415104 0.551389 0.414062 0.556481 0.411979 0.557407 0.409896 0.557407 0.407552 0.549537 0.399740
0 0.560185 0.392448 0.550926 0.396354 0.550000 0.400781 0.556944 0.407031 0.558796 0.409896 0.562500 0.411458 0.567130 0.411979 0.573148 0.410938 0.581944 0.406250 0.582870 0.404948 0.582870 0.399740 0.581481 0.397135 0.578704 0.395052 0.573148 0.394271 0.567130 0.392448
0 0.562963 0.413281 0.558796 0.412760 0.542130 0.415885 0.541204 0.420052 0.546759 0.423958 0.549537 0.427865 0.551389 0.428906 0.558796 0.428385 0.561574 0.425781 0.567130 0.423177 0.569907 0.420573 0.569907 0.419271 0.566204 0.414844
0 0.530556 0.414583 0.527778 0.416146 0.524074 0.421875 0.521759 0.423698 0.521759 0.427865 0.524074 0.429427 0.530556 0.431250 0.542130 0.431250 0.547685 0.428906 0.548611 0.427083 0.540278 0.416667 0.537963 0.415625
0 0.531019 0.432031 0.528241 0.433854 0.523148 0.439583 0.521296 0.442708 0.521759 0.444792 0.524074 0.446875 0.529167 0.448698 0.538889 0.448437 0.544444 0.447135 0.548148 0.445052 0.548611 0.442448 0.547222 0.438021 0.545370 0.434896 0.543056 0.433073
0 0.545833 0.431510 0.546296 0.435677 0.549074 0.438542 0.550000 0.444531 0.552315 0.447396 0.558796 0.449740 0.564815 0.450000 0.574074 0.447396 0.577315 0.443490 0.578704 0.439323 0.566667 0.434115 0.556481 0.430729 0.550926 0.430208
0 0.496296 0.427083 0.493981 0.431250 0.494444 0.435677 0.497222 0.438542 0.502778 0.441146 0.508796 0.442448 0.515278 0.442188 0.519444 0.440885 0.525000 0.436198 0.525000 0.431510 0.517593 0.426823 0.502315 0.425260
0 0.494907 0.436979 0.491667 0.436198 0.481481 0.436719 0.477778 0.438281 0.476852 0.439583 0.470370 0.443490 0.467593 0.447396 0.470370 0.451042 0.473148 0.452344 0.475463 0.454948 0.483333 0.453906 0.489815 0.450260 0.493981 0.448958 0.499537 0.445573 0.500926 0.442448 0.499537 0.440365
0 0.447685 0.442969 0.444907 0.445573 0.444444 0.448437 0.446296 0.452865 0.452315 0.461198 0.454167 0.461979 0.462037 0.462240 0.471296 0.459115 0.475000 0.454948 0.467593 0.448177 0.463889 0.446094 0.455556 0.443750
0 0.413426 0.430469 0.412963 0.434375 0.415741 0.439063 0.423611 0.443490 0.431944 0.446094 0.436111 0.446354 0.441204 0.445573 0.445833 0.443229 0.449537 0.439583 0.447685 0.434375 0.445370 0.432812 0.439352 0.430990 0.428241 0.428906 0.418519 0.428906
0 0.392130 0.427865 0.388426 0.430990 0.387963 0.436198 0.389352 0.438542 0.394444 0.440885 0.398148 0.441667 0.406944 0.441406 0.411111 0.439323 0.412037 0.436458 0.411111 0.432292 0.409259 0.429427 0.406481 0.427865 0.400000 0.426823
0 0.386574 0.427083 0.378241 0.427083 0.370370 0.428906 0.368056 0.430208 0.364815 0.434375 0.364352 0.436458 0.365741 0.439583 0.370833 0.442188 0.379167 0.443490 0.384259 0.442188 0.388426 0.439583 0.388426 0.428385
0 0.267130 0.425000 0.261574 0.427865 0.261574 0.433073 0.265741 0.438542 0.267593 0.439583 0.272222 0.440625 0.277778 0.440365 0.283796 0.438021 0.285648 0.434896 0.286111 0.431250 0.275000 0.424740
0 0.248148 0.472135 0.243981 0.474479 0.240741 0.478125 0.243056 0.482031 0.249074 0.485417 0.258333 0.488542 0.267593 0.488802 0.268981 0.487760 0.269444 0.485677 0.268056 0.483333 0.268519 0.477604 0.267130 0.473958 0.264352 0.472135 0.260648 0.471094 0.252315 0.471094
0 0.280093 0.494531 0.277315 0.495312 0.274537 0.497656 0.275000 0.504948 0.276389 0.507552 0.280556 0.509375 0.289352 0.509635 0.293981 0.508594 0.297222 0.506771 0.300926 0.502344 0.299074 0.497917 0.294444 0.495573 0.289352 0.494271
0 0.284259 0.515365 0.279167 0.517188 0.277315 0.519792 0.276852 0.522135 0.279630 0.528385 0.283333 0.531771 0.288426 0.534375 0.293056 0.535156 0.298148 0.534896 0.305556 0.531250 0.306944 0.529687 0.306944 0.523958 0.299537 0.515365 0.297685 0.514844 0.287963 0.514844
0 0.269444 0.510677 0.266667 0.510677 0.258333 0.513802 0.254167 0.520312 0.254167 0.522917 0.255556 0.525000 0.259722 0.526823 0.268056 0.528385 0.275000 0.525260 0.275926 0.521094 0.278704 0.517708 0.276852 0.512760 0.275000 0.511719
0 0.281019 0.529948 0.270370 0.529948 0.266667 0.530469 0.264352 0.531510 0.260648 0.540104 0.261574 0.544531 0.264352 0.546875 0.268056 0.547396 0.276389 0.545833 0.287963 0.540104 0.289815 0.536458 0.286111 0.533073
0 0.302315 0.533073 0.300463 0.536458 0.301389 0.540104 0.304630 0.544792 0.312500 0.550781 0.316204 0.551562 0.322222 0.550781 0.326852 0.549219 0.331481 0.545312 0.332870 0.541667 0.328704 0.536979 0.317130 0.531771 0.308333 0.531510
0 0.314815 0.523958 0.313889 0.525521 0.316667 0.529167 0.330556 0.536979 0.336574 0.539062 0.345926 0.542188 0.353056 0.541120 0.350926 0.535937 0.352315 0.533594 0.351852 0.528646 0.346759 0.525000 0.334722 0.521094 0.330093 0.518750 0.318056 0.521875
0 0.320833 0.507552 0.318056 0.507031 0.308333 0.507292 0.303241 0.509635 0.301389 0.511458 0.300463 0.514062 0.304167 0.521354 0.308796 0.523698 0.312963 0.523177 0.318056 0.521615 0.325463 0.517448 0.325926 0.512240 0.325000 0.509635
0 0.306019 0.494271 0.302315 0.497917 0.302778 0.502344 0.311111 0.506250 0.324537 0.507812 0.332407 0.507031 0.335648 0.505990 0.334259 0.501823 0.331944 0.500260 0.330093 0.496094 0.325463 0.492188 0.314815 0.491406 0.310185 0.492188
0 0.294444 0.465625 0.288889 0.466927 0.286111 0.468750 0.283796 0.475260 0.285648 0.477083 0.293981 0.481250 0.302315 0.482552 0.309722 0.478906 0.315278 0.474740 0.315741 0.470573 0.310185 0.467187 0.302315 0.465104
0 0.272685 0.476823 0.269907 0.478385 0.267593 0.481771 0.269444 0.487240 0.271296 0.488281 0.277315 0.489323 0.283796 0.491927 0.287500 0.492708 0.293981 0.491667 0.295370 0.490625 0.295833 0.485938 0.294444 0.482292 0.291204 0.479687 0.284722 0.475781 0.281944 0.475000
0 0.273148 0.451042 0.268519 0.451823 0.258796 0.458594 0.257870 0.460156 0.257870 0.464323 0.259259 0.466927 0.261111 0.467969 0.268981 0.469531 0.276852 0.469792 0.281481 0.469010 0.283796 0.467708 0.286574 0.462760 0.282407 0.458854 0.279167 0.452604 0.276389 0.451302
0 0.281481 0.441927 0.279630 0.443229 0.279167 0.455208 0.284259 0.460677 0.287963 0.462760 0.295833 0.462760 0.306481 0.459375 0.309259 0.454948 0.306944 0.450781 0.303704 0.448437 0.294444 0.443490 0.288426 0.441146
0 0.294444 0.431510 0.287963 0.434115 0.287037 0.437240 0.290278 0.442188 0.303241 0.448437 0.309722 0.449740 0.318981 0.446615 0.322685 0.444531 0.324074 0.442969 0.325000 0.438802 0.324074 0.436458 0.321296 0.434635 0.303704 0.430990
0 0.327315 0.436198 0.325000 0.438281 0.324537 0.443750 0.326852 0.446354 0.330093 0.448177 0.336111 0.449219 0.344907 0.449219 0.349074 0.447917 0.351389 0.443750 0.351389 0.439063 0.347222 0.436198 0.342593 0.434635 0.334722 0.434635
0 0.357407 0.440104 0.352315 0.442969 0.350926 0.446875 0.351852 0.450781 0.357407 0.456771 0.361574 0.459115 0.365278 0.459635 0.378704 0.455729 0.380556 0.452083 0.380093 0.447917 0.378704 0.446094 0.373611 0.443229 0.365278 0.440625
0 0.384722 0.444010 0.382407 0.444792 0.380556 0.446615 0.380093 0.457292 0.381481 0.459115 0.384722 0.459896 0.393519 0.459635 0.395833 0.459115 0.399074 0.456510 0.401389 0.451562 0.401852 0.447135 0.398611 0.445312 0.393519 0.444010
0 0.427315 0.444792 0.421759 0.443750 0.418056 0.444010 0.411111 0.445833 0.402778 0.449740 0.399537 0.455469 0.401389 0.458854 0.406481 0.461458 0.411574 0.462500 0.418056 0.461719 0.426389 0.458594 0.431944 0.455469 0.434259 0.451302 0.432870 0.447396
0 0.442130 0.453906 0.438426 0.453906 0.434722 0.454688 0.424537 0.458333 0.418519 0.461458 0.417130 0.462760 0.418056 0.466667 0.422685 0.469010 0.433796 0.471875 0.441204 0.471094 0.444907 0.469010 0.447222 0.466667 0.448611 0.463542 0.448611 0.458333 0.447222 0.455729
0 0.477778 0.456771 0.474074 0.461719 0.475000 0.465365 0.477778 0.467708 0.489815 0.471354 0.496296 0.472135 0.503704 0.472135 0.509259 0.470573 0.510648 0.466667 0.508796 0.463281 0.499074 0.455990 0.493981 0.453906 0.488889 0.453125 0.481481 0.454688
0 0.502315 0.445052 0.498611 0.446875 0.497685 0.448437 0.497222 0.451823 0.499074 0.454167 0.509722 0.460938 0.518519 0.461198 0.520833 0.460156 0.526852 0.455208 0.526389 0.450521 0.522222 0.447396 0.517593 0.445312 0.510648 0.444271
0 0.552778 0.448437 0.544907 0.447656 0.539352 0.448958 0.530556 0.450000 0.528704 0.451042 0.530093 0.455729 0.537500 0.460417 0.545370 0.460938 0.555556 0.457031 0.557407 0.455208 0.557407 0.451042
0 0.543519 0.462760 0.542130 0.467708 0.543056 0.469271 0.546759 0.471615 0.558333 0.473698 0.566204 0.473177 0.568056 0.472135 0.570833 0.468490 0.571296 0.466146 0.569907 0.463542 0.565278 0.460417 0.558333 0.458333 0.551852 0.459115
0 0.537963 0.475260 0.536111 0.477865 0.535648 0.482812 0.538426 0.486458 0.544907 0.488542 0.552315 0.488542 0.562963 0.486458 0.565741 0.484635 0.567593 0.482552 0.567130 0.478646 0.560648 0.475260 0.552778 0.473177 0.544444 0.473438
0 0.566667 0.487500 0.558796 0.487760 0.550463 0.489583 0.545833 0.493750 0.546759 0.498437 0.548611 0.500781 0.554167 0.504427 0.558796 0.505990 0.566204 0.505990 0.569444 0.503125 0.572685 0.498177 0.573611 0.494010 0.572222 0.490365
0 0.544907 0.505990 0.543056 0.515625 0.543519 0.517448 0.549537 0.525000 0.558333 0.528385 0.565741 0.527865 0.571759 0.525521 0.574537 0.522135 0.571759 0.516927 0.555556 0.506510 0.552315 0.505469
0 0.529167 0.514844 0.525463 0.516406 0.520833 0.525781 0.520370 0.529427 0.523611 0.530990 0.531481 0.531510 0.542593 0.525260 0.545370 0.522135 0.545370 0.520833 0.543056 0.517448 0.541204 0.516406 0.533333 0.514844
0 0.539352 0.526823 0.534722 0.529687 0.532407 0.532292 0.530556 0.536719 0.531944 0.541146 0.534861 0.546615 0.541667 0.543490 0.548611 0.543229 0.558333 0.541406 0.560648 0.540104 0.562037 0.538021 0.562037 0.531510 0.560648 0.529427 0.552315 0.526042 0.543519 0.525781
0 0.509259 0.530208 0.500000 0.534896 0.498611 0.536719 0.499074 0.538802 0.500463 0.540625 0.509722 0.545573 0.517593 0.546094 0.522685 0.544010 0.528241 0.539844 0.529630 0.537500 0.528704 0.534375 0.525000 0.531771 0.520370 0.530469
0 0.464815 0.530990 0.463889 0.533333 0.467130 0.537240 0.476852 0.541667 0.483333 0.542448 0.492593 0.540104 0.497222 0.537500 0.496296 0.533073 0.490741 0.530208 0.484722 0.528385 0.475000 0.527344 0.467593 0.529167
0 0.515278 0.508333 0.509722 0.507812 0.501389 0.510156 0.498611 0.512500 0.495833 0.522396 0.493981 0.525260 0.493981 0.529687 0.496296 0.532552 0.503704 0.532031 0.508333 0.529167 0.517130 0.527865 0.521296 0.524219 0.524537 0.517708 0.525463 0.513542 0.520833 0.510417
0 0.521759 0.498698 0.518056 0.499740 0.515741 0.501563 0.514815 0.505990 0.516667 0.508073 0.524537 0.512240 0.530093 0.513542 0.534259 0.513281 0.539815 0.511719 0.543519 0.507031 0.543519 0.501042 0.542130 0.499219 0.538426 0.497917
0 0.522685 0.483073 0.518981 0.485417 0.516204 0.488802 0.514815 0.493229 0.515278 0.494792 0.518056 0.496615 0.524074 0.498177 0.537500 0.497656 0.540741 0.496875 0.543981 0.494531 0.543981 0.489844 0.534259 0.484635 0.524537 0.482552
0 0.531481 0.460938 0.524074 0.460938 0.516204 0.462760 0.513426 0.466406 0.513889 0.471094 0.518981 0.477865 0.524074 0.481510 0.531481 0.480990 0.532407 0.480208 0.536574 0.470833 0.540741 0.467187 0.539352 0.462760
0 0.511111 0.471875 0.503704 0.472656 0.497685 0.476302 0.491204 0.485677 0.492130 0.490365 0.497685 0.492708 0.503241 0.493490 0.512037 0.493229 0.514352 0.491406 0.518519 0.484375 0.520833 0.482552 0.514815 0.473698
0 0.474074 0.471615 0.470370 0.473438 0.466667 0.478125 0.467130 0.482292 0.475000 0.484635 0.481019 0.485677 0.488889 0.484896 0.494444 0.479167 0.493981 0.475781 0.492130 0.473438 0.489815 0.472135 0.482870 0.470573
0 0.456481 0.465625 0.453241 0.465625 0.447685 0.466927 0.443519 0.470833 0.443519 0.478646 0.441667 0.481771 0.441667 0.483594 0.444444 0.485417 0.449537 0.485417 0.461111 0.481771 0.463426 0.480469 0.468981 0.474740 0.468519 0.470833 0.467130 0.469531 0.462037 0.466927
0 0.414815 0.476042 0.412963 0.478385 0.412500 0.482812 0.414815 0.485677 0.417593 0.487240 0.419907 0.487760 0.428241 0.487760 0.437963 0.485156 0.439815 0.482552 0.440278 0.478385 0.437037 0.475781 0.428704 0.474219 0.419444 0.474219
0 0.406019 0.464062 0.397685 0.465625 0.391204 0.468229 0.389815 0.470052 0.389352 0.475000 0.394907 0.477604 0.406944 0.481250 0.411111 0.480469 0.412500 0.479427 0.415278 0.475000 0.414815 0.469271 0.412500 0.466406 0.408796 0.464583
0 0.369444 0.482292 0.370833 0.486458 0.377778 0.490365 0.385185 0.493229 0.391204 0.493750 0.399074 0.492969 0.404167 0.490365 0.405556 0.487240 0.404630 0.482812 0.399537 0.479427 0.393056 0.477344 0.385185 0.477344 0.380556 0.479427
0 0.356019 0.463021 0.352778 0.465885 0.353241 0.468229 0.355556 0.470833 0.364352 0.475260 0.370833 0.477083 0.378704 0.476823 0.384259 0.474479 0.387037 0.470833 0.387037 0.466667 0.380093 0.463021 0.372685 0.461198 0.362037 0.461458
0 0.350463 0.451302 0.343519 0.451042 0.336574 0.452344 0.333333 0.453385 0.331481 0.454948 0.331019 0.459375 0.333796 0.464583 0.336574 0.467708 0.337963 0.468229 0.344907 0.468490 0.348611 0.467708 0.350926 0.466667 0.352778 0.464323 0.357407 0.461458 0.358796 0.458854 0.355093 0.454427
0 0.315741 0.455208 0.306019 0.460417 0.304630 0.462500 0.306019 0.465625 0.319907 0.471875 0.328704 0.473177 0.332407 0.473177 0.336111 0.472396 0.337500 0.470833 0.336111 0.466406 0.331944 0.460417 0.330093 0.455990 0.328241 0.454948 0.324537 0.454167
0 0.350463 0.468490 0.342130 0.469531 0.338889 0.471354 0.335648 0.474740 0.337500 0.478906 0.343519 0.484375 0.346296 0.485677 0.350926 0.486458 0.356944 0.485677 0.360648 0.484375 0.367130 0.479948 0.368056 0.477865 0.363889 0.474479
0 0.332407 0.474219 0.322222 0.473177 0.312963 0.478385 0.307407 0.484375 0.307407 0.487240 0.310648 0.490885 0.315278 0.491667 0.325926 0.490885 0.333796 0.488542 0.337500 0.486458 0.338889 0.482292 0.335648 0.476823
0 0.354167 0.487240 0.343056 0.487240 0.333333 0.489323 0.330556 0.491146 0.330556 0.498958 0.334722 0.502865 0.343056 0.506250 0.350926 0.505729 0.353704 0.504687 0.356481 0.502604 0.358333 0.499740 0.358796 0.494010 0.357870 0.489583 0.356944 0.488281
0 0.363889 0.485677 0.360185 0.486719 0.358796 0.488542 0.358796 0.497656 0.360185 0.500781 0.362500 0.502083 0.368519 0.503125 0.372685 0.503385 0.375926 0.502865 0.379630 0.501563 0.384259 0.498698 0.386111 0.494010 0.373148 0.487500
0 0.399537 0.495833 0.391667 0.495052 0.388889 0.495573 0.385648 0.497135 0.379630 0.505208 0.381019 0.508333 0.385185 0.511198 0.396759 0.511198 0.400926 0.510417 0.403241 0.509115 0.405093 0.506510 0.405556 0.501302 0.401852 0.497135
0 0.420833 0.488542 0.412963 0.488802 0.406481 0.491146 0.401389 0.494010 0.402315 0.498177 0.406481 0.501302 0.413889 0.502604 0.419444 0.501823 0.421759 0.500521 0.424074 0.494792 0.424537 0.490104
0 0.435185 0.486979 0.431019 0.488021 0.427778 0.489844 0.425000 0.494010 0.424537 0.498177 0.432407 0.502865 0.441204 0.503385 0.443981 0.501563 0.450926 0.499219 0.452315 0.497656 0.446759 0.488542 0.444444 0.487240 0.441667 0.486719
0 0.482870 0.486198 0.467593 0.483073 0.461111 0.483073 0.452315 0.485156 0.450000 0.486198 0.447685 0.490365 0.450463 0.495312 0.454630 0.498958 0.462500 0.498958 0.476389 0.495833 0.481019 0.491667
0 0.476852 0.494792 0.475000 0.494792 0.463426 0.497917 0.460648 0.499219 0.459722 0.500781 0.459722 0.502604 0.462963 0.506771 0.466204 0.508854 0.470370 0.510156 0.479630 0.509896 0.483796 0.508854 0.485648 0.507292 0.486111 0.505729 0.481019 0.497396 0.479167 0.495573
0 0.482407 0.491406 0.480093 0.493750 0.481019 0.498177 0.487037 0.507031 0.489815 0.508854 0.496759 0.510417 0.504167 0.509115 0.511111 0.505990 0.513426 0.503385 0.513889 0.501302 0.512500 0.499740 0.502315 0.494010 0.489815 0.490365
0 0.489815 0.509635 0.481481 0.509635 0.475926 0.510417 0.471759 0.511719 0.468981 0.513542 0.468056 0.517708 0.475000 0.524219 0.477315 0.525521 0.481944 0.526563 0.488889 0.526042 0.493519 0.524479 0.495833 0.521875 0.497222 0.518750 0.497222 0.513021 0.494444 0.510938
0 0.462500 0.517188 0.449537 0.517448 0.447222 0.517969 0.445370 0.519792 0.444907 0.521875 0.447222 0.528906 0.449074 0.530990 0.453704 0.532813 0.457870 0.532552 0.469444 0.528385 0.473611 0.525521 0.471759 0.521354 0.466204 0.518229
0 0.443056 0.502865 0.440741 0.504687 0.438889 0.509375 0.439352 0.513802 0.440741 0.515625 0.445370 0.516927 0.449537 0.517188 0.462500 0.516667 0.467130 0.515104 0.468056 0.513542 0.466667 0.509635 0.457870 0.503125 0.453241 0.502083 0.446296 0.502083
0 0.411574 0.504167 0.406944 0.505729 0.406481 0.510156 0.407870 0.512760 0.412500 0.517448 0.415278 0.519010 0.420833 0.520052 0.431019 0.516927 0.435185 0.514062 0.435648 0.509375 0.431481 0.506771 0.420833 0.503906
0 0.433333 0.516927 0.425926 0.518750 0.422685 0.520573 0.420370 0.526042 0.421759 0.528385 0.431481 0.533854 0.433796 0.536198 0.441204 0.537760 0.445833 0.533854 0.446759 0.530990 0.444444 0.520573 0.443056 0.518490 0.441204 0.517448
0 0.406019 0.526823 0.404167 0.529167 0.403241 0.532552 0.403704 0.537240 0.411574 0.539844 0.419444 0.540625 0.426852 0.540104 0.431481 0.538281 0.432407 0.536458 0.430556 0.533594 0.419444 0.526563 0.414352 0.524740 0.412037 0.524740
0 0.391204 0.512500 0.385648 0.514844 0.383796 0.516927 0.385185 0.525000 0.387500 0.526042 0.399074 0.527865 0.402778 0.527344 0.409259 0.523698 0.411111 0.517188 0.408333 0.514323 0.405093 0.512500 0.400926 0.511979
0 0.362963 0.503125 0.358796 0.504167 0.356481 0.505990 0.356019 0.510677 0.359259 0.515625 0.364352 0.519792 0.371759 0.520312 0.378241 0.517448 0.381481 0.514062 0.380556 0.509635 0.375926 0.505469 0.373611 0.504427 0.366204 0.503125
0 0.342593 0.507812 0.338426 0.508594 0.330556 0.512240 0.328704 0.513542 0.328241 0.517708 0.335185 0.521615 0.343981 0.524479 0.349074 0.525260 0.350926 0.526302 0.353704 0.524479 0.356481 0.519531 0.358796 0.517708 0.357870 0.513542 0.355093 0.509375 0.353241 0.508073 0.351389 0.507552
0 0.362963 0.521094 0.357407 0.521875 0.354167 0.526302 0.352315 0.533594 0.352778 0.538021 0.354630 0.540365 0.364815 0.542188 0.371759 0.540885 0.375463 0.537760 0.376389 0.531510 0.375926 0.529167 0.373148 0.526042 0.366667 0.521875
0 0.382870 0.526302 0.379630 0.527865 0.376852 0.532552 0.377315 0.537240 0.385185 0.540365 0.393056 0.540625 0.398611 0.537240 0.400000 0.533333 0.400000 0.529167 0.393519 0.526823 0.387037 0.526042
0 0.162963 0.546615 0.160185 0.548698 0.159259 0.551042 0.159259 0.553646 0.161574 0.555990 0.170833 0.559375 0.176852 0.560677 0.183796 0.559635 0.187037 0.557813 0.189352 0.554688 0.189815 0.551562 0.188426 0.549219 0.184259 0.546875 0.173148 0.545573 0.168519 0.545573
0 0.207407 0.563802 0.198148 0.559375 0.185185 0.561719 0.176852 0.566146 0.174537 0.568229 0.173148 0.571615 0.174537 0.575521 0.177315 0.576562 0.185185 0.577083 0.195370 0.575000 0.208333 0.568490
0 0.252315 0.555208 0.250463 0.554167 0.246296 0.553385 0.227778 0.556250 0.222222 0.560417 0.223148 0.564583 0.232407 0.567969 0.238889 0.569531 0.247685 0.568490 0.251852 0.565365 0.254167 0.561458
0 0.260648 0.543490 0.256944 0.542188 0.251852 0.541927 0.239352 0.539844 0.219907 0.544010 0.218519 0.544792 0.218519 0.549479 0.220370 0.552604 0.225463 0.554948 0.238426 0.554427 0.244907 0.553385 0.253704 0.553385 0.256019 0.551042 0.260185 0.548958 0.261111 0.546354
0 0.274537 0.547135 0.267130 0.547656 0.261574 0.548958 0.256481 0.552604 0.259259 0.561458 0.262500 0.564063 0.266204 0.565104 0.274537 0.565104 0.279630 0.562500 0.285648 0.556771 0.284259 0.553646 0.281019 0.550521
0 0.305093 0.554688 0.300926 0.554427 0.289815 0.555990 0.276389 0.564063 0.276389 0.569531 0.277778 0.571094 0.282870 0.573958 0.289352 0.575000 0.296296 0.573438 0.307407 0.564583 0.307870 0.558594 0.306944 0.555990
0 0.296296 0.538802 0.288889 0.539844 0.278241 0.544792 0.278241 0.548958 0.287963 0.554948 0.296759 0.555208 0.306944 0.553125 0.308333 0.552083 0.308796 0.548438 0.300463 0.540104
0 0.314815 0.552865 0.312963 0.554167 0.312037 0.557552 0.312037 0.561719 0.313426 0.564323 0.327778 0.571875 0.331019 0.572135 0.337963 0.570573 0.347222 0.564583 0.347685 0.560417 0.338889 0.557031 0.332407 0.553646 0.325926 0.552865
0 0.364352 0.543229 0.357870 0.541406 0.349537 0.541667 0.342130 0.543490 0.334259 0.546354 0.331481 0.548958 0.335185 0.554427 0.338889 0.556771 0.343981 0.558333 0.350926 0.558854 0.360648 0.554948 0.366667 0.548958 0.366667 0.544531
0 0.386574 0.544010 0.376852 0.544792 0.371296 0.546354 0.368981 0.547656 0.367130 0.550260 0.366204 0.553646 0.367593 0.555990 0.377778 0.560417 0.386111 0.560417 0.389352 0.559635 0.393981 0.556771 0.395833 0.552604 0.393981 0.550781 0.392593 0.547396
0 0.399074 0.538021 0.392593 0.540885 0.391667 0.545312 0.393981 0.549479 0.399074 0.554167 0.410185 0.553646 0.414815 0.551562 0.416667 0.549479 0.417593 0.545833 0.416667 0.541927 0.415278 0.540885 0.412037 0.540365 0.406481 0.538281
0 0.441204 0.539323 0.433333 0.538542 0.424537 0.539844 0.420370 0.541406 0.418056 0.546615 0.418056 0.549740 0.419907 0.551823 0.426389 0.553125 0.434259 0.551823 0.444444 0.545052 0.443519 0.541406
0 0.454630 0.534375 0.449537 0.537500 0.447222 0.545052 0.451852 0.546875 0.461574 0.548698 0.467130 0.547656 0.471759 0.544792 0.473148 0.540885 0.462037 0.534375
0 0.399074 0.554948 0.393056 0.557813 0.389815 0.560417 0.391667 0.564583 0.399074 0.569271 0.409259 0.569271 0.412500 0.568229 0.414352 0.562240 0.413889 0.555208 0.410648 0.554427
0 0.416667 0.553385 0.414352 0.556250 0.413889 0.564844 0.414815 0.566406 0.417130 0.567969 0.426852 0.570052 0.433796 0.569271 0.439815 0.564583 0.439815 0.560417 0.437037 0.558333 0.434259 0.554427 0.424074 0.552865 0.418519 0.552865
0 0.440741 0.564844 0.434722 0.568229 0.434259 0.572396 0.438889 0.575521 0.440741 0.578646 0.443981 0.579167 0.455556 0.578646 0.461574 0.568750 0.461111 0.567187 0.456481 0.565885
0 0.482870 0.565885 0.469907 0.566146 0.462963 0.567448 0.459722 0.570573 0.457870 0.574740 0.457870 0.577083 0.460648 0.579688 0.469444 0.580729 0.478704 0.578646 0.487037 0.575260 0.488426 0.571615 0.485648 0.567708
0 0.496296 0.558333 0.491204 0.559375 0.487963 0.560937 0.484722 0.563802 0.484722 0.565365 0.490741 0.575000 0.495833 0.577083 0.503704 0.577604 0.504630 0.575000 0.511111 0.568490 0.510648 0.559896 0.506944 0.558333
0 0.476852 0.544010 0.471759 0.545312 0.466204 0.548958 0.463889 0.554427 0.459259 0.560417 0.461574 0.563542 0.466204 0.565625 0.469907 0.565885 0.479630 0.565104 0.482870 0.563802 0.486111 0.560937 0.482870 0.554167 0.481944 0.546615 0.479630 0.544792
0 0.447685 0.546094 0.442130 0.547396 0.437500 0.549740 0.435185 0.552344 0.435648 0.555990 0.437963 0.559115 0.443056 0.562500 0.447222 0.563542 0.455093 0.563802 0.457870 0.562240 0.460648 0.557031 0.463889 0.553385 0.463889 0.550781 0.462500 0.548698 0.455556 0.546875
0 0.497222 0.540104 0.488426 0.542188 0.486111 0.543490 0.482870 0.547917 0.483333 0.554167 0.485648 0.557031 0.489352 0.558854 0.504167 0.557552 0.506944 0.556510 0.510648 0.552865 0.512037 0.548698 0.503704 0.542708
0 0.525463 0.545573 0.521759 0.545573 0.518056 0.546354 0.511574 0.552344 0.509722 0.556771 0.512037 0.560677 0.512037 0.564844 0.515741 0.566927 0.518056 0.566927 0.528704 0.563021 0.533796 0.559896 0.536574 0.557031 0.537500 0.552604 0.535648 0.548177
0 0.533333 0.561458 0.529630 0.563542 0.528704 0.564844 0.531944 0.568490 0.536111 0.571094 0.537963 0.574219 0.545833 0.575260 0.550926 0.573958 0.557407 0.568490 0.557407 0.564063 0.556481 0.562500 0.553704 0.561198 0.546759 0.560417 0.537963 0.560417
0 0.559722 0.542188 0.545370 0.543490 0.540741 0.545573 0.537500 0.552865 0.538426 0.557031 0.541204 0.558854 0.550926 0.560417 0.558796 0.559896 0.560648 0.558854 0.564352 0.552865 0.565741 0.547656 0.563889 0.544531
0 0.580093 0.526823 0.571759 0.526563 0.563426 0.529167 0.562500 0.537760 0.565741 0.545312 0.574074 0.545833 0.577778 0.544010 0.580556 0.541406 0.585185 0.532813 0.583796 0.529167
0 0.594907 0.508854 0.581481 0.509635 0.578704 0.510417 0.573611 0.513281 0.572685 0.516927 0.573611 0.519271 0.577315 0.523698 0.581481 0.525521 0.587963 0.526302 0.593519 0.525521 0.599074 0.515885 0.601389 0.513802 0.598148 0.510156
0 0.594444 0.492448 0.586574 0.491927 0.578704 0.494531 0.568056 0.505729 0.571296 0.508333 0.580093 0.509115 0.590278 0.507031 0.597222 0.504427 0.599537 0.502344 0.600000 0.497917 0.598611 0.495573
0 0.604167 0.482031 0.600926 0.477865 0.598611 0.476823 0.593056 0.476302 0.581944 0.477604 0.575463 0.478906 0.569444 0.482031 0.568056 0.486458 0.579167 0.491667 0.588426 0.491406 0.593519 0.490365 0.600463 0.490365 0.603241 0.487760
0 0.572222 0.546354 0.569444 0.546875 0.567593 0.548177 0.562037 0.556250 0.560648 0.560677 0.563889 0.562240 0.573611 0.563802 0.580093 0.563021 0.583333 0.560677 0.583333 0.553906 0.581944 0.550000 0.576852 0.546875
0 0.912500 0.304167 0.906481 0.306771 0.903704 0.310417 0.903241 0.315365 0.904167 0.318490 0.906944 0.321094 0.911111 0.323437 0.912963 0.323958 0.920370 0.323958 0.929630 0.321615 0.934722 0.319531 0.938889 0.315104 0.938426 0.311979 0.937500 0.310677 0.933796 0.308854 0.926852 0.307552 0.917593 0.304688
0 0.875463 0.314323 0.873611 0.315625 0.872685 0.318490 0.877315 0.323437 0.881481 0.326302 0.886111 0.328125 0.891667 0.328906 0.896759 0.327865 0.898611 0.326302 0.900926 0.321875 0.901389 0.316927 0.900463 0.314063 0.898148 0.313021 0.892130 0.312240 0.885185 0.312500
0 0.926852 0.328125 0.925000 0.327083 0.921296 0.326302 0.913889 0.326302 0.902778 0.327865 0.897685 0.329948 0.896759 0.334375 0.900000 0.337500 0.906019 0.339583 0.915278 0.339323 0.923611 0.338281 0.926852 0.336719 0.928241 0.334635
0 0.879167 0.326823 0.872685 0.327083 0.868981 0.328125 0.866204 0.330469 0.861111 0.342187 0.864352 0.345573 0.867130 0.347135 0.869907 0.347656 0.879167 0.347135 0.883796 0.345833 0.887037 0.344010 0.888426 0.342187 0.888426 0.336719 0.886574 0.333073 0.882870 0.328906
0 0.898148 0.348958 0.893056 0.346615 0.885648 0.345833 0.871296 0.347656 0.867593 0.348958 0.863426 0.353125 0.865278 0.357552 0.868981 0.360938 0.871759 0.362240 0.879167 0.362760 0.884259 0.361719 0.890741 0.359115 0.896759 0.355208 0.898148 0.353646
0 0.824537 0.341146 0.821296 0.345313 0.821296 0.349740 0.826389 0.352344 0.838426 0.355208 0.849537 0.356771 0.858333 0.356771 0.860185 0.355729 0.861111 0.354427 0.861111 0.351042 0.859722 0.348438 0.851852 0.343490 0.843056 0.339323 0.837500 0.337760 0.829630 0.338542
0 0.832870 0.327344 0.831019 0.329427 0.831019 0.335156 0.832870 0.336979 0.838426 0.338021 0.850463 0.341927 0.857870 0.341146 0.861111 0.339844 0.864352 0.334635 0.864352 0.329688 0.862037 0.328385 0.850463 0.325781 0.845370 0.325260 0.840741 0.325521
0 0.857870 0.309115 0.849537 0.308594 0.842593 0.310417 0.839352 0.312240 0.836111 0.317969 0.837037 0.320573 0.838889 0.322396 0.843519 0.323958 0.851389 0.323958 0.854630 0.322917 0.861111 0.319271 0.862963 0.314323 0.860648 0.310677
0 0.822685 0.301302 0.817130 0.307031 0.817130 0.311719 0.818981 0.313802 0.821759 0.315104 0.830093 0.315625 0.835185 0.314063 0.838889 0.311198 0.838426 0.306510 0.833796 0.302604 0.830556 0.301302
0 0.822685 0.289844 0.817593 0.289062 0.814352 0.289062 0.811574 0.289844 0.799074 0.295573 0.793519 0.298958 0.792130 0.303125 0.794444 0.305469 0.801852 0.309115 0.809259 0.309635 0.814815 0.308333 0.816667 0.307292 0.823148 0.301302 0.825926 0.296875 0.825463 0.291406
0 0.753241 0.283333 0.746296 0.284375 0.743519 0.286719 0.741667 0.290104 0.742130 0.295052 0.747685 0.300260 0.750463 0.301823 0.755093 0.302344 0.762500 0.301302 0.767130 0.299479 0.770833 0.295052 0.770833 0.290365 0.767593 0.286979 0.764815 0.285677
0 0.736574 0.296094 0.732870 0.295573 0.725463 0.296094 0.720833 0.297135 0.718519 0.298438 0.714815 0.302865 0.717130 0.307812 0.719907 0.310417 0.726389 0.311719 0.733333 0.311979 0.737963 0.310677 0.739815 0.309375 0.742130 0.305729 0.742593 0.301042 0.741204 0.298177
0 0.686574 0.301563 0.683333 0.302865 0.680093 0.306250 0.680093 0.310677 0.682870 0.313542 0.690741 0.316667 0.698148 0.316667 0.705556 0.312240 0.710185 0.310677 0.710185 0.306510 0.701852 0.301823 0.692130 0.301042
0 0.704167 0.285938 0.698148 0.284896 0.690741 0.285156 0.682407 0.286979 0.678241 0.289844 0.675926 0.294792 0.678704 0.297396 0.682870 0.299479 0.687037 0.300260 0.699537 0.300521 0.701852 0.300000 0.705093 0.298177 0.706944 0.296094 0.708333 0.291927 0.707407 0.288802
0 0.635185 0.283854 0.630556 0.286719 0.627778 0.290625 0.627315 0.297135 0.628241 0.302865 0.630093 0.304688 0.633796 0.305990 0.643981 0.305990 0.649537 0.303646 0.653241 0.296094 0.652778 0.290885 0.650463 0.286979 0.643056 0.283854
0 0.629630 0.277604 0.620833 0.276823 0.606481 0.279167 0.600926 0.281510 0.599537 0.283333 0.612037 0.292969 0.622685 0.293229 0.626852 0.290885 0.632407 0.283333 0.631944 0.279167
0 0.599537 0.284635 0.591667 0.284635 0.581944 0.287240 0.579630 0.289062 0.579630 0.296354 0.586574 0.300781 0.594907 0.301042 0.600926 0.300260 0.605556 0.298177 0.608796 0.295312 0.609259 0.290104 0.606944 0.288021
0 0.575463 0.288281 0.565278 0.286979 0.556944 0.288802 0.554167 0.290625 0.550926 0.294792 0.550463 0.299219 0.554167 0.304167 0.558333 0.305990 0.567593 0.305729 0.572685 0.304427 0.576852 0.301823 0.579167 0.298958 0.578704 0.292448 0.577778 0.289844
0 0.558796 0.307031 0.551852 0.305729 0.542130 0.307812 0.538889 0.309635 0.536111 0.313802 0.536111 0.317448 0.537037 0.319792 0.539352 0.321615 0.544444 0.322917 0.553241 0.322917 0.558333 0.321615 0.560648 0.320312 0.563426 0.315104 0.562963 0.310417
0 0.596759 0.302604 0.593981 0.301563 0.587500 0.301042 0.581944 0.302344 0.576389 0.304688 0.566667 0.310417 0.566204 0.314583 0.572685 0.316927 0.580093 0.317448 0.586111 0.316667 0.597685 0.312760 0.600926 0.310417 0.600000 0.305990
0 0.572685 0.318750 0.568981 0.319792 0.564815 0.322135 0.564352 0.327083 0.569907 0.334896 0.573148 0.336458 0.581019 0.336979 0.591667 0.332813 0.593519 0.330729 0.593056 0.327865 0.591667 0.325781 0.582870 0.319271 0.580556 0.318490
0 0.607870 0.310937 0.600000 0.311719 0.592593 0.314323 0.589352 0.317188 0.589352 0.319531 0.591667 0.323437 0.599537 0.328125 0.608333 0.327344 0.612037 0.326302 0.616667 0.323958 0.618981 0.320833 0.619907 0.318229 0.618519 0.314844 0.612037 0.311979
0 0.621759 0.295833 0.608796 0.296875 0.603241 0.300000 0.600463 0.302604 0.601389 0.306771 0.605093 0.309635 0.614352 0.312760 0.621759 0.312500 0.623611 0.310677 0.624074 0.306771 0.626389 0.303646 0.626852 0.298438 0.624537 0.296354
0 0.644907 0.309115 0.642130 0.308333 0.635185 0.307812 0.624074 0.312240 0.622222 0.314323 0.619907 0.322135 0.621759 0.323958 0.626389 0.325000 0.640741 0.325000 0.650463 0.321354 0.652315 0.319010 0.651389 0.314323
0 0.670370 0.293490 0.656019 0.295833 0.654167 0.296875 0.650926 0.301042 0.648611 0.307552 0.648611 0.310677 0.650000 0.312240 0.656019 0.315625 0.670833 0.312760 0.678704 0.307031 0.679630 0.302604 0.678241 0.299479
0 0.658333 0.316146 0.656481 0.317708 0.657407 0.321094 0.665278 0.323698 0.676852 0.329948 0.685185 0.329688 0.693056 0.324740 0.694444 0.322396 0.693519 0.318750 0.690741 0.316927 0.686111 0.315365 0.669444 0.314063 0.662963 0.314583
0 0.700000 0.314844 0.698611 0.316406 0.697685 0.323437 0.699537 0.325521 0.710185 0.326562 0.722685 0.326302 0.725000 0.325260 0.725926 0.323698 0.725926 0.317969 0.721759 0.312500 0.718981 0.310937 0.709259 0.311198 0.704630 0.312500
0 0.729167 0.315625 0.727315 0.318229 0.726852 0.322917 0.728241 0.325521 0.731481 0.327083 0.739815 0.327344 0.747222 0.326562 0.755556 0.324479 0.756944 0.322917 0.756944 0.317969 0.755556 0.316406 0.750000 0.313802 0.738889 0.313021 0.732870 0.314063
0 0.791204 0.301823 0.787963 0.300521 0.783333 0.300000 0.773148 0.300000 0.752778 0.302865 0.750463 0.303906 0.748611 0.305990 0.750000 0.311979 0.753704 0.315104 0.759259 0.316667 0.781019 0.313802 0.789352 0.310677 0.792593 0.308073 0.793519 0.306510
0 0.782870 0.314063 0.782870 0.318490 0.784722 0.320312 0.790741 0.324219 0.794907 0.325260 0.802315 0.325781 0.811574 0.321615 0.813889 0.318490 0.814352 0.313542 0.812500 0.311719 0.809722 0.310677 0.801852 0.310156 0.787963 0.312240
0 0.828241 0.320573 0.823611 0.319792 0.815278 0.320052 0.811574 0.321354 0.803704 0.326042 0.802315 0.328646 0.803241 0.333073 0.810185 0.336719 0.816667 0.338021 0.824537 0.336458 0.826852 0.334896 0.831481 0.324479 0.831481 0.321875
0 0.815278 0.352083 0.805093 0.355990 0.803704 0.357292 0.803704 0.362240 0.806019 0.365365 0.816667 0.368750 0.823611 0.369271 0.831019 0.366927 0.834259 0.362760 0.834722 0.360156 0.833796 0.356510 0.831944 0.354167 0.823148 0.351302
0 0.857407 0.367708 0.849537 0.366927 0.839815 0.369010 0.833333 0.371875 0.832407 0.373437 0.839352 0.381250 0.842130 0.382031 0.852315 0.381771 0.857407 0.380990 0.861111 0.379167 0.863426 0.377083 0.863426 0.372917
0 0.830093 0.388542 0.818519 0.389062 0.812500 0.390365 0.810648 0.391406 0.807870 0.397135 0.810185 0.401042 0.813426 0.403385 0.824074 0.405208 0.830093 0.404167 0.832870 0.402344 0.835648 0.397917 0.836111 0.392448 0.833333 0.389844
0 0.825926 0.370833 0.823148 0.370052 0.815278 0.369792 0.810648 0.371094 0.806019 0.373958 0.804167 0.377083 0.803704 0.382552 0.804630 0.384896 0.808796 0.387500 0.813426 0.387240 0.822222 0.385417 0.832870 0.384115 0.836574 0.383073 0.838889 0.381250 0.836574 0.377344 0.833796 0.374740
0 0.802315 0.364583 0.799537 0.363021 0.795370 0.362240 0.787037 0.363021 0.782407 0.364063 0.778704 0.366146 0.776852 0.368229 0.776389 0.373177 0.787500 0.376302 0.795370 0.376563 0.802778 0.373177 0.803704 0.371615 0.804167 0.367708
0 0.792130 0.377604 0.781944 0.373958 0.774537 0.372396 0.767130 0.373437 0.763889 0.375260 0.761574 0.379688 0.762037 0.384115 0.763889 0.386979 0.766667 0.388021 0.775926 0.388021 0.781019 0.387240 0.790741 0.384375 0.793519 0.381250
0 0.802315 0.383073 0.794907 0.383073 0.784722 0.385677 0.776852 0.388802 0.776389 0.393490 0.777315 0.396615 0.779630 0.398438 0.797685 0.399740 0.802315 0.399479 0.805093 0.398177 0.807870 0.393490 0.807870 0.388281 0.805093 0.384635
0 0.774537 0.390885 0.768056 0.388802 0.760648 0.388802 0.755093 0.390625 0.749074 0.394010 0.745833 0.399479 0.746759 0.403646 0.750926 0.404687 0.765741 0.403906 0.775926 0.400781 0.777778 0.398177 0.777778 0.395573
0 0.731481 0.376823 0.729630 0.377865 0.728704 0.380990 0.731944 0.388281 0.736111 0.390885 0.738889 0.391927 0.746759 0.392969 0.752778 0.391667 0.758333 0.388542 0.761111 0.384896 0.760185 0.380990 0.758333 0.379167 0.740278 0.376563
0 0.746296 0.360417 0.739815 0.364323 0.737037 0.367708 0.735185 0.373698 0.736574 0.375521 0.738426 0.376302 0.747222 0.377083 0.754167 0.378385 0.760648 0.377344 0.764815 0.373177 0.764815 0.368490 0.762963 0.365885 0.756944 0.362760 0.753704 0.359115
0 0.783796 0.348698 0.776389 0.347135 0.766667 0.346615 0.760185 0.347917 0.756019 0.350000 0.753704 0.352865 0.753704 0.357552 0.755556 0.360417 0.758796 0.363021 0.761574 0.363802 0.769907 0.363802 0.779630 0.361719 0.786574 0.358854 0.791204 0.353125 0.787963 0.350521
0 0.793056 0.326562 0.789815 0.326042 0.785185 0.326562 0.777778 0.330729 0.771759 0.333073 0.763426 0.341146 0.764815 0.344010 0.767593 0.345573 0.773148 0.346875 0.777778 0.346875 0.781481 0.346354 0.785185 0.344010 0.793981 0.333854 0.794907 0.329948
0 0.802315 0.333073 0.794907 0.333854 0.792593 0.334635 0.790278 0.336458 0.787963 0.342187 0.791204 0.349479 0.794907 0.352604 0.802315 0.352865 0.808796 0.352083 0.817130 0.348438 0.819907 0.346094 0.819444 0.343229 0.816204 0.339583 0.806944 0.334635 0.803241 0.333854
0 0.774074 0.313802 0.764352 0.316146 0.762037 0.317448 0.759259 0.321094 0.759259 0.326302 0.768056 0.330990 0.774537 0.332031 0.786574 0.326302 0.785648 0.322135 0.781944 0.319010 0.781019 0.315365 0.778704 0.314323
0 0.737963 0.329167 0.736111 0.334375 0.739815 0.337760 0.753241 0.340365 0.761111 0.340365 0.765741 0.338021 0.768519 0.333333 0.766667 0.329948 0.763426 0.328385 0.757407 0.327344 0.745370 0.327083 0.740741 0.327865
0 0.716204 0.328125 0.712963 0.328906 0.711111 0.330469 0.711574 0.341406 0.712963 0.343229 0.715741 0.344792 0.725926 0.346354 0.731481 0.344010 0.736574 0.338542 0.735648 0.333854 0.733796 0.332031 0.726389 0.328646 0.719907 0.327865
0 0.692130 0.328125 0.682407 0.332292 0.681481 0.333594 0.681944 0.338021 0.688426 0.342708 0.697685 0.346094 0.705556 0.345573 0.709259 0.343750 0.710648 0.342187 0.711111 0.336198 0.709259 0.331250 0.705093 0.327865 0.697222 0.327344
0 0.643056 0.326302 0.640741 0.329688 0.640741 0.334375 0.647222 0.337760 0.659259 0.339323 0.670833 0.339323 0.677315 0.337760 0.679167 0.334896 0.677778 0.330990 0.670370 0.326302 0.664815 0.323958 0.655556 0.321615 0.649074 0.322656
0 0.637963 0.329688 0.635648 0.328125 0.629630 0.326823 0.619444 0.326562 0.612963 0.327083 0.604630 0.328385 0.597685 0.330469 0.593981 0.333333 0.593981 0.334896 0.595370 0.336979 0.598611 0.339062 0.606481 0.340625 0.627778 0.339583 0.631019 0.339062 0.635648 0.336979 0.637963 0.333854
0 0.546759 0.324740 0.543056 0.327083 0.540741 0.329688 0.540741 0.334375 0.547222 0.339583 0.553241 0.342448 0.558333 0.343750 0.566667 0.342969 0.568519 0.341927 0.569907 0.337760 0.562963 0.327083 0.558333 0.324219 0.551389 0.323698
0 0.551852 0.343229 0.549074 0.344010 0.540741 0.349219 0.536111 0.353646 0.535185 0.357552 0.538889 0.359896 0.552315 0.362240 0.556944 0.360677 0.562500 0.357031 0.563889 0.347656 0.563426 0.345833 0.561574 0.344792
0 0.578241 0.339062 0.573611 0.340365 0.567130 0.344792 0.565278 0.348438 0.565278 0.351302 0.568056 0.356250 0.580556 0.359896 0.586574 0.358073 0.589352 0.355990 0.591667 0.352865 0.592130 0.348698 0.591204 0.344271 0.588889 0.341146 0.585648 0.339844
0 0.599537 0.339583 0.595370 0.341146 0.592593 0.344531 0.592593 0.349219 0.594444 0.354948 0.595833 0.356771 0.600000 0.358594 0.607407 0.358333 0.612500 0.356771 0.616204 0.353906 0.615278 0.346354 0.614352 0.344792 0.611574 0.343229 0.607870 0.342448 0.602778 0.339844
0 0.634722 0.339583 0.624537 0.340885 0.620370 0.342448 0.618981 0.344531 0.618981 0.349479 0.619907 0.353385 0.623148 0.357031 0.627315 0.359375 0.635648 0.360677 0.638426 0.358854 0.645370 0.351302 0.646296 0.344531 0.643056 0.341927
0 0.650926 0.342708 0.648611 0.344531 0.647685 0.348177 0.648148 0.351302 0.650000 0.353125 0.655556 0.355729 0.662037 0.357292 0.667130 0.357031 0.669907 0.356250 0.675000 0.349479 0.675926 0.345573 0.670833 0.342969 0.663426 0.341667 0.655556 0.341667
0 0.684722 0.345052 0.678241 0.347396 0.676389 0.349479 0.675463 0.354427 0.679630 0.359375 0.683796 0.360417 0.692130 0.360938 0.696296 0.360156 0.700000 0.357812 0.700000 0.350781 0.699074 0.347656 0.696296 0.345573 0.692130 0.344531
0 0.712037 0.344010 0.707407 0.345833 0.702315 0.346615 0.700000 0.348698 0.700926 0.355208 0.702778 0.358594 0.705556 0.360417 0.709722 0.361198 0.712963 0.361198 0.721296 0.359375 0.722685 0.358594 0.724074 0.355208 0.724074 0.352604 0.721296 0.346875
0 0.754167 0.340885 0.747685 0.339323 0.740741 0.338802 0.737500 0.339323 0.734722 0.340625 0.729167 0.345573 0.727778 0.347917 0.725926 0.355469 0.725926 0.359375 0.727778 0.361719 0.732407 0.363281 0.739815 0.363021 0.750463 0.355990 0.752315 0.353125 0.756481 0.349479 0.757870 0.346615 0.756944 0.342708
0 0.712037 0.492448 0.703241 0.492708 0.697685 0.494531 0.694444 0.497917 0.696296 0.506771 0.698148 0.508594 0.702778 0.509896 0.712500 0.509635 0.717593 0.508333 0.725000 0.501823 0.725463 0.497917 0.723611 0.496354 0.718981 0.494010
0 0.571296 0.357812 0.565278 0.357031 0.562037 0.358073 0.553241 0.363542 0.546296 0.370312 0.544907 0.373177 0.549537 0.380990 0.551389 0.382031 0.555556 0.381250 0.559259 0.379427 0.578704 0.365365 0.578704 0.361198
0 0.594907 0.358854 0.592130 0.358854 0.585185 0.360677 0.581481 0.363021 0.576852 0.368490 0.578241 0.371354 0.586111 0.373958 0.593981 0.373177 0.600926 0.370573 0.601852 0.369271 0.601389 0.364323 0.599074 0.361198
0 0.614352 0.357812 0.611111 0.358594 0.605093 0.363021 0.603704 0.364844 0.603241 0.369531 0.605556 0.372396 0.611111 0.375260 0.616204 0.376563 0.622685 0.376823 0.625926 0.376042 0.631944 0.371615 0.633333 0.369271 0.632407 0.364583 0.630556 0.361979 0.628704 0.360938 0.621759 0.358854
0 0.572685 0.372135 0.561111 0.378646 0.559722 0.380469 0.558796 0.385937 0.559259 0.389062 0.562037 0.391667 0.574537 0.393750 0.581944 0.392188 0.584259 0.390885 0.586111 0.387240 0.586111 0.381510 0.584722 0.376302 0.582870 0.374479 0.580093 0.373177
0 0.599074 0.373958 0.592593 0.375000 0.588889 0.376563 0.586574 0.379427 0.586111 0.381510 0.587500 0.385156 0.589815 0.387240 0.593056 0.388281 0.601852 0.389583 0.610185 0.388281 0.615741 0.386198 0.617130 0.384896 0.618056 0.380208 0.615278 0.378125 0.607407 0.374740
0 0.593056 0.389844 0.589352 0.391146 0.585185 0.394010 0.584259 0.395573 0.584259 0.401562 0.587037 0.406510 0.590741 0.408333 0.596296 0.408854 0.602778 0.407552 0.608796 0.404687 0.611574 0.402604 0.612500 0.400000 0.609722 0.395573 0.602778 0.390625
0 0.612500 0.388802 0.610648 0.392448 0.612037 0.396615 0.615741 0.398698 0.621296 0.400000 0.628241 0.399479 0.638889 0.396615 0.639352 0.392448 0.633333 0.388281 0.629630 0.387500 0.620370 0.386979 0.614815 0.387760