0 0.343981 0.514062 0.336574 0.514844 0.329630 0.516927 0.321759 0.521094 0.321296 0.526563 0.323611 0.528906 0.330556 0.532031 0.335648 0.532813 0.344444 0.532292 0.347685 0.531250 0.352315 0.524740 0.352315 0.519010 0.349537 0.516146
0 0.248611 0.241927 0.241204 0.248177 0.240278 0.252604 0.243056 0.255469 0.247685 0.258333 0.253704 0.259896 0.262963 0.259896 0.267593 0.258854 0.271296 0.255469 0.273148 0.252083 0.273148 0.247656 0.271296 0.244792 0.268981 0.243229 0.260648 0.241406 0.251852 0.241146
0 0.246296 0.262760 0.243519 0.266667 0.243981 0.269792 0.246296 0.272917 0.251852 0.275781 0.259259 0.277344 0.264815 0.277344 0.267593 0.276823 0.272685 0.274219 0.277778 0.267708 0.277315 0.263542 0.266204 0.260417 0.252778 0.260677
0 0.287037 0.261198 0.283333 0.262500 0.278704 0.265885 0.275463 0.272917 0.275926 0.279167 0.281019 0.282031 0.286111 0.282813 0.293519 0.282813 0.300000 0.281510 0.305093 0.279427 0.305093 0.272135 0.302778 0.267708 0.293056 0.261979
0 0.300926 0.253125 0.293981 0.255729 0.291667 0.260677 0.294907 0.264062 0.303241 0.267448 0.306019 0.269792 0.309722 0.270313 0.315741 0.268229 0.320833 0.264323 0.320370 0.257552 0.317130 0.254948 0.309722 0.252865
0 0.310185 0.238021 0.304167 0.243750 0.306481 0.250260 0.315741 0.254167 0.321296 0.255208 0.329167 0.254948 0.333333 0.253906 0.335648 0.252604 0.338889 0.247656 0.339352 0.243229 0.337500 0.240365 0.330556 0.237760 0.323611 0.236458 0.315741 0.236458
0 0.358333 0.247135 0.350463 0.247656 0.340741 0.250000 0.338426 0.251563 0.335648 0.255729 0.337037 0.259115 0.345370 0.263021 0.350463 0.263802 0.357870 0.263281 0.362500 0.260937 0.367593 0.256250 0.367593 0.253125 0.365741 0.250260 0.362500 0.248177
0 0.365278 0.258073 0.359259 0.263542 0.360648 0.267708 0.364352 0.270052 0.375463 0.273177 0.384722 0.275000 0.393056 0.275260 0.396759 0.274479 0.400000 0.272917 0.401389 0.267448 0.400463 0.264583 0.399074 0.263542 0.392130 0.261458 0.383796 0.257552 0.379630 0.256510 0.370833 0.256250
0 0.330093 0.266927 0.328704 0.269010 0.329167 0.273438 0.339815 0.280729 0.344907 0.281771 0.351852 0.282031 0.357407 0.280469 0.362500 0.275521 0.362963 0.271354 0.356944 0.265625 0.352315 0.264323 0.343519 0.263802 0.336574 0.264583
0 0.318056 0.275000 0.315278 0.276042 0.310648 0.279687 0.308333 0.285156 0.308796 0.289323 0.312500 0.290625 0.320370 0.291146 0.330093 0.291146 0.332407 0.290625 0.337037 0.288281 0.339815 0.283333 0.336574 0.278125 0.333333 0.276042 0.329630 0.274740 0.322222 0.274479
0 0.287963 0.286719 0.281019 0.287760 0.276389 0.290104 0.272685 0.294271 0.270833 0.299219 0.273148 0.302604 0.275926 0.304167 0.281481 0.305729 0.291204 0.306250 0.295370 0.305469 0.298148 0.303646 0.301389 0.299219 0.301852 0.294271 0.299537 0.291406 0.295833 0.289062
0 0.253241 0.276302 0.246296 0.277865 0.237963 0.282292 0.237037 0.287500 0.238889 0.290365 0.241667 0.292187 0.252778 0.294271 0.260648 0.297396 0.266204 0.294792 0.268981 0.291667 0.269907 0.283073 0.268519 0.280729 0.265741 0.278906
0 0.247222 0.292708 0.239352 0.292448 0.232407 0.294792 0.230093 0.296875 0.229630 0.303906 0.231481 0.308333 0.239352 0.313021 0.246759 0.312500 0.253704 0.308333 0.257870 0.303125 0.258333 0.298438 0.256481 0.295573
0 0.204167 0.314583 0.201852 0.317448 0.202315 0.319531 0.206481 0.322917 0.213426 0.326302 0.226389 0.328906 0.232870 0.328385 0.239815 0.325521 0.241667 0.322656 0.241204 0.317188 0.238889 0.313281 0.235185 0.311198 0.227315 0.310156 0.218056 0.310417 0.211111 0.311458
0 0.163426 0.297917 0.157870 0.300000 0.154167 0.302604 0.153704 0.306771 0.155556 0.310417 0.161574 0.313802 0.167593 0.315885 0.176852 0.316146 0.180093 0.314583 0.182870 0.311719 0.185648 0.306771 0.184722 0.302865 0.182870 0.300781 0.177778 0.297656 0.168519 0.297135
0 0.120370 0.301563 0.113426 0.303385 0.109722 0.305208 0.108333 0.306510 0.108333 0.311458 0.112963 0.315625 0.118519 0.318229 0.121296 0.319010 0.127778 0.319531 0.132407 0.319010 0.137037 0.317448 0.141667 0.314063 0.142593 0.306510 0.138426 0.303385 0.132870 0.301823 0.129167 0.301302
0 0.163889 0.314063 0.157407 0.312240 0.145833 0.314063 0.135185 0.319010 0.133796 0.321875 0.135185 0.323958 0.142130 0.327604 0.156019 0.327344 0.163426 0.326042 0.166667 0.323177 0.167593 0.317708
0 0.163889 0.327604 0.153241 0.327083 0.145370 0.327865 0.141204 0.328906 0.135185 0.332031 0.134259 0.333594 0.135185 0.340104 0.142593 0.345052 0.148611 0.346354 0.156944 0.346094 0.163426 0.344010 0.165278 0.342708 0.170370 0.335938 0.170833 0.332552 0.169444 0.330208
0 0.164815 0.355469 0.161111 0.357552 0.158333 0.360938 0.159259 0.365365 0.162037 0.368750 0.169444 0.372135 0.176852 0.373437 0.184259 0.371875 0.188889 0.369010 0.191204 0.365365 0.191204 0.360938 0.189815 0.359375 0.186574 0.357552 0.170370 0.354948
0 0.151852 0.371875 0.148148 0.373177 0.146759 0.375781 0.147222 0.380729 0.150000 0.384635 0.153241 0.386979 0.158333 0.388542 0.165278 0.389062 0.170370 0.388281 0.175000 0.385417 0.179630 0.381250 0.177778 0.375260 0.173148 0.373177 0.164352 0.370833
0 0.120833 0.377604 0.115741 0.380729 0.115278 0.384375 0.120370 0.389062 0.125000 0.391406 0.131481 0.392708 0.137037 0.392969 0.142130 0.391927 0.147222 0.388802 0.148148 0.384375 0.145370 0.380729 0.135648 0.377083
0 0.135648 0.360156 0.126389 0.361458 0.118056 0.365104 0.113889 0.369010 0.114815 0.372917 0.116204 0.374479 0.120370 0.376563 0.125926 0.377604 0.131019 0.377604 0.136574 0.376042 0.140278 0.369792 0.140278 0.364323 0.137963 0.361198
0 0.097685 0.384635 0.093981 0.386719 0.092593 0.388542 0.092130 0.393490 0.093519 0.397656 0.097685 0.400260 0.101852 0.401302 0.106481 0.401823 0.116204 0.401562 0.120833 0.398698 0.121296 0.394010 0.119444 0.390625 0.113426 0.384375 0.109722 0.383073 0.105556 0.383073
0 0.161111 0.396354 0.156944 0.399740 0.157407 0.403646 0.159259 0.406510 0.164815 0.410677 0.169907 0.412760 0.176389 0.413542 0.183796 0.412760 0.188889 0.410677 0.191667 0.408333 0.192593 0.404167 0.190278 0.400000 0.187037 0.397656 0.177315 0.394792 0.169907 0.394531
0 0.179630 0.381510 0.176389 0.383594 0.172222 0.388542 0.173611 0.392708 0.175000 0.394010 0.191667 0.399479 0.198148 0.399740 0.205093 0.398958 0.209259 0.396615 0.209259 0.392708 0.205556 0.388021 0.201389 0.384635 0.197222 0.382292 0.191204 0.380469 0.185185 0.380469
0 0.177778 0.416406 0.170833 0.415365 0.166667 0.415365 0.156019 0.416406 0.153241 0.417448 0.150926 0.419010 0.150000 0.420833 0.150000 0.425000 0.152778 0.429427 0.157407 0.430729 0.164815 0.431250 0.169444 0.430469 0.172685 0.429167 0.180093 0.423177 0.181019 0.419792
0 0.142593 0.416406 0.136111 0.417187 0.131019 0.419271 0.126389 0.422656 0.122685 0.427604 0.123611 0.430990 0.125463 0.433073 0.128241 0.434375 0.135185 0.435937 0.145833 0.434635 0.147685 0.433854 0.150463 0.430729 0.151389 0.427604 0.149537 0.421354 0.147222 0.418750
0 0.093981 0.422656 0.091204 0.424219 0.088889 0.427344 0.089815 0.431250 0.093056 0.434635 0.100926 0.438542 0.114352 0.439323 0.117593 0.438802 0.119907 0.436979 0.121296 0.431510 0.120370 0.427865 0.115741 0.423438 0.112963 0.421875 0.108796 0.420833 0.101389 0.420833
0 0.100463 0.439844 0.093056 0.443229 0.092593 0.447656 0.093519 0.448958 0.100926 0.453906 0.107870 0.455729 0.115278 0.455990 0.122685 0.452604 0.124074 0.450781 0.124074 0.445833 0.122222 0.442708 0.118981 0.440365 0.115278 0.439323 0.105093 0.439063
0 0.140741 0.438281 0.131944 0.440625 0.125926 0.443490 0.124074 0.446354 0.124074 0.451302 0.126389 0.453646 0.131481 0.456771 0.135648 0.457813 0.143056 0.458073 0.148611 0.456771 0.154167 0.454427 0.156944 0.452604 0.158333 0.450521 0.157870 0.446875 0.155093 0.443750 0.143981 0.438542
0 0.169907 0.433854 0.162500 0.435156 0.159259 0.438802 0.157870 0.444010 0.161111 0.448177 0.165278 0.451302 0.168981 0.452344 0.171759 0.452344 0.179167 0.450781 0.187037 0.446875 0.188426 0.444010 0.188426 0.440625 0.187500 0.438542 0.184259 0.436198
0 0.145833 0.458854 0.150926 0.465625 0.156944 0.467708 0.163426 0.468229 0.178241 0.464844 0.180556 0.463281 0.176389 0.458073 0.172222 0.455990 0.163889 0.453906 0.156481 0.453906 0.150000 0.456250
0 0.190741 0.446354 0.185185 0.447917 0.177778 0.451042 0.174074 0.455208 0.177778 0.461719 0.179630 0.463281 0.187500 0.464844 0.198611 0.465365 0.204167 0.463542 0.205556 0.462500 0.206944 0.459635 0.206944 0.453385 0.205556 0.451302 0.202315 0.448958 0.197685 0.447396
0 0.218519 0.451042 0.211574 0.452083 0.207870 0.453906 0.206944 0.456250 0.206944 0.464323 0.208796 0.468229 0.211111 0.470052 0.218981 0.472396 0.226852 0.470573 0.229630 0.469010 0.233796 0.464062 0.235185 0.459635 0.235185 0.454948 0.230093 0.452344
0 0.225463 0.434115 0.218981 0.439063 0.216667 0.442448 0.217593 0.447656 0.221296 0.450781 0.232870 0.452865 0.239815 0.451042 0.244907 0.447656 0.245833 0.443229 0.243519 0.440104 0.237037 0.435156 0.232870 0.433854
0 0.198611 0.425000 0.193056 0.426302 0.187963 0.430729 0.187037 0.435417 0.190278 0.439583 0.193981 0.441667 0.203704 0.444531 0.212037 0.443490 0.217130 0.439063 0.218056 0.436198 0.217130 0.429427 0.215741 0.427865 0.210185 0.425260 0.206019 0.424740
0 0.213426 0.407292 0.205093 0.405729 0.196759 0.405990 0.192593 0.407292 0.187963 0.412240 0.186574 0.415885 0.188426 0.420312 0.190741 0.422656 0.196759 0.424219 0.205556 0.424479 0.212037 0.423698 0.217130 0.421094 0.220833 0.417187 0.220833 0.411979 0.219444 0.410417
0 0.229167 0.401823 0.225463 0.403125 0.221759 0.407552 0.221759 0.412760 0.223611 0.416146 0.225463 0.417969 0.230093 0.419271 0.239815 0.419010 0.250000 0.414323 0.251852 0.408073 0.246759 0.404167 0.239815 0.402083 0.234722 0.401562
0 0.219444 0.380208 0.215741 0.381510 0.210648 0.384635 0.209259 0.387760 0.210185 0.392448 0.212963 0.395052 0.217593 0.397396 0.226389 0.400000 0.233796 0.400521 0.238426 0.398438 0.239815 0.396615 0.240278 0.388542 0.238426 0.383854 0.236574 0.382031 0.231944 0.380208 0.227315 0.379427
0 0.204630 0.363802 0.204167 0.364844 0.198148 0.368750 0.196759 0.371615 0.196759 0.373437 0.198148 0.374740 0.203704 0.377083 0.218981 0.378646 0.226389 0.377604 0.227315 0.377083 0.228241 0.371875 0.227315 0.368750 0.225926 0.367448 0.221759 0.365625 0.212037 0.363802
0 0.218519 0.344271 0.216204 0.345833 0.211574 0.346875 0.207407 0.349219 0.203704 0.353646 0.203241 0.357812 0.204630 0.360156 0.208796 0.362760 0.218981 0.364844 0.226852 0.363542 0.232870 0.360417 0.235648 0.357812 0.235648 0.356510 0.232870 0.351302 0.228704 0.349740 0.222685 0.345573
0 0.226852 0.332813 0.218519 0.335417 0.216667 0.336979 0.216204 0.342187 0.218981 0.345052 0.232870 0.350000 0.239815 0.347917 0.242593 0.344531 0.243056 0.341146 0.240278 0.335938 0.237037 0.333854 0.232870 0.332552
0 0.263426 0.340104 0.256019 0.340104 0.248148 0.341927 0.242593 0.344792 0.239352 0.349479 0.238889 0.353646 0.241667 0.357031 0.253241 0.360677 0.260648 0.360417 0.269444 0.358594 0.274074 0.355729 0.275926 0.353646 0.275926 0.347917 0.273148 0.344531 0.268056 0.341406
0 0.272685 0.312500 0.266204 0.313281 0.259722 0.315365 0.256944 0.318229 0.256944 0.322917 0.260185 0.327344 0.264815 0.330469 0.269907 0.332552 0.274537 0.333073 0.277315 0.332292 0.283796 0.327865 0.287037 0.321875 0.286111 0.317969 0.282870 0.314323 0.277315 0.312760
0 0.420370 0.259115 0.412500 0.260156 0.406019 0.261979 0.402778 0.263802 0.400926 0.269271 0.401389 0.273177 0.405556 0.276562 0.412037 0.278646 0.420833 0.278385 0.430093 0.275521 0.434722 0.271875 0.432407 0.265885 0.430093 0.262760 0.427315 0.260937
0 0.463889 0.257812 0.462037 0.258854 0.456944 0.264844 0.456481 0.268750 0.457870 0.271615 0.461111 0.273177 0.470370 0.273438 0.475463 0.274219 0.482870 0.273958 0.486574 0.271615 0.486574 0.266927 0.482870 0.259635 0.476389 0.257031 0.468519 0.256771
0 0.431019 0.252344 0.428704 0.255729 0.431944 0.260677 0.438889 0.264323 0.444907 0.265365 0.451389 0.265365 0.455093 0.264844 0.458796 0.262760 0.460648 0.260417 0.460648 0.254688 0.457870 0.251563 0.448611 0.248958 0.446759 0.248958
0 0.503241 0.243750 0.494444 0.245833 0.488889 0.248698 0.486574 0.251823 0.486111 0.259896 0.489815 0.262240 0.493056 0.263281 0.504630 0.264844 0.510648 0.264062 0.518519 0.260937 0.519444 0.259896 0.519444 0.254948 0.518056 0.251823 0.510648 0.246094
0 0.544907 0.248177 0.540741 0.247135 0.535648 0.246875 0.531944 0.247396 0.525926 0.249740 0.521759 0.255729 0.521296 0.260156 0.523611 0.263802 0.530556 0.264583 0.537500 0.264062 0.546296 0.259375 0.547685 0.257552 0.547685 0.251823
0 0.565741 0.246354 0.559722 0.247917 0.556481 0.249479 0.555093 0.251302 0.556019 0.255469 0.557407 0.257292 0.565741 0.261458 0.573611 0.261198 0.577315 0.259635 0.581481 0.256510 0.583333 0.251823 0.580093 0.247917 0.573148 0.246354
0 0.613889 0.254167 0.608796 0.253385 0.600463 0.253125 0.591667 0.254427 0.583796 0.260677 0.582407 0.262760 0.582870 0.266667 0.584722 0.268750 0.591204 0.271615 0.600463 0.272656 0.608333 0.271875 0.614352 0.270052 0.618519 0.266146 0.619907 0.259635 0.617593 0.256250
0 0.642593 0.240885 0.634722 0.241146 0.626852 0.242969 0.620370 0.247135 0.617593 0.251563 0.618519 0.255729 0.620833 0.258073 0.628241 0.261198 0.635648 0.261198 0.642130 0.259635 0.648611 0.255990 0.650463 0.252865 0.650000 0.248698
0 0.656019 0.237240 0.653241 0.239323 0.651852 0.246094 0.652315 0.251042 0.654167 0.253646 0.662500 0.256771 0.670833 0.256510 0.677778 0.254688 0.682870 0.252083 0.685648 0.248177 0.681944 0.242969 0.676389 0.240104 0.663889 0.236979
0 0.705093 0.245833 0.697685 0.245573 0.690741 0.246354 0.687963 0.247396 0.680093 0.255729 0.681481 0.258333 0.684722 0.261198 0.690741 0.262760 0.695833 0.262500 0.701389 0.261458 0.706019 0.259375 0.709259 0.255990 0.709259 0.250781 0.708333 0.247656
0 0.731944 0.241667 0.726852 0.240885 0.719907 0.241146 0.711111 0.245312 0.709722 0.247135 0.710185 0.253646 0.712037 0.256510 0.715741 0.258333 0.718519 0.258854 0.732870 0.258073 0.736111 0.255729 0.738889 0.251302 0.739815 0.247656 0.736574 0.243750
0 0.739352 0.256771 0.735185 0.259896 0.738426 0.263802 0.737500 0.268490 0.739815 0.271615 0.746296 0.273438 0.760648 0.273438 0.766204 0.270313 0.768519 0.267969 0.768981 0.263021 0.767593 0.261458 0.762963 0.258594 0.753704 0.255469 0.746296 0.254948
0 0.730556 0.259375 0.725926 0.258594 0.718519 0.258854 0.713426 0.261198 0.709259 0.266927 0.710185 0.270052 0.713426 0.272396 0.718056 0.273698 0.726389 0.273698 0.730093 0.272656 0.735185 0.269531 0.736574 0.267969 0.737500 0.263542
0 0.677315 0.257552 0.668981 0.258073 0.663426 0.259375 0.660185 0.260937 0.657407 0.263802 0.656019 0.267708 0.658333 0.274219 0.661574 0.276823 0.668981 0.278906 0.671296 0.278906 0.684722 0.275521 0.691204 0.272396 0.691667 0.266667 0.689352 0.265625 0.684722 0.261458
0 0.628704 0.263021 0.625463 0.265104 0.623611 0.267448 0.623611 0.271615 0.626389 0.273698 0.631019 0.274740 0.638889 0.278125 0.646759 0.279167 0.650463 0.279167 0.653241 0.278385 0.658333 0.275521 0.655093 0.267448 0.650463 0.264844 0.642593 0.261979 0.635185 0.261719
0 0.619444 0.274219 0.612963 0.275521 0.608333 0.278385 0.606019 0.283073 0.605556 0.287240 0.608796 0.290625 0.614352 0.293229 0.622222 0.293750 0.629167 0.292187 0.633333 0.289323 0.635185 0.287240 0.636111 0.281771 0.634722 0.279167 0.629630 0.275521 0.623611 0.274219
0 0.572685 0.273177 0.570833 0.275000 0.572222 0.279687 0.586574 0.287500 0.595370 0.287500 0.601389 0.285156 0.605093 0.280208 0.605093 0.278385 0.603241 0.275260 0.600463 0.273698 0.595370 0.272396 0.587963 0.271615 0.577778 0.272135
0 0.794444 0.257812 0.786574 0.259115 0.777315 0.263021 0.775463 0.268750 0.776389 0.271875 0.780556 0.274740 0.784259 0.275781 0.795833 0.277083 0.801852 0.275000 0.806944 0.271875 0.808796 0.268229 0.808796 0.264583 0.807407 0.262760 0.800000 0.258854
0 0.767130 0.244531 0.764815 0.247396 0.764815 0.252083 0.767130 0.254688 0.773611 0.258073 0.795370 0.257292 0.797222 0.256250 0.800463 0.252083 0.800463 0.247917 0.793981 0.242969 0.790741 0.242188 0.781019 0.241406 0.772685 0.242448
0 0.782407 0.277344 0.777315 0.279427 0.772685 0.283073 0.771759 0.287500 0.774074 0.290365 0.781944 0.291927 0.787963 0.294531 0.795833 0.294792 0.803241 0.292969 0.805556 0.291667 0.806019 0.290104 0.805556 0.286979 0.802315 0.281510 0.792593 0.277083 0.787500 0.276562
0 0.781019 0.291667 0.773611 0.291406 0.763426 0.294792 0.762037 0.297396 0.760648 0.306510 0.763426 0.308854 0.774537 0.310156 0.784722 0.304688 0.789815 0.298958 0.789352 0.294792
0 0.746296 0.290885 0.742593 0.291927 0.739352 0.294010 0.737500 0.298958 0.743519 0.307812 0.747222 0.309375 0.755093 0.310156 0.759259 0.309115 0.762037 0.306771 0.761574 0.296875 0.759259 0.294010 0.756019 0.291927 0.752315 0.291146
0 0.739815 0.274219 0.734722 0.279427 0.741204 0.285417 0.743981 0.289583 0.753704 0.291146 0.760648 0.290104 0.766204 0.287240 0.768981 0.283854 0.767593 0.278906 0.763426 0.276562 0.755556 0.274219 0.749074 0.273698
0 0.731944 0.279427 0.724074 0.279167 0.718519 0.279687 0.713889 0.282031 0.708796 0.286458 0.707407 0.290104 0.708796 0.294271 0.712037 0.296615 0.718056 0.298698 0.726852 0.298958 0.731019 0.297917 0.742130 0.291146 0.740278 0.285156 0.736574 0.281771
0 0.704630 0.275781 0.693519 0.275000 0.690741 0.274219 0.673611 0.279167 0.672685 0.282031 0.673611 0.288021 0.675463 0.291146 0.677778 0.292448 0.682407 0.293229 0.687963 0.292969 0.695370 0.291406 0.698611 0.289844 0.706944 0.282292 0.707407 0.278646
0 0.663426 0.277865 0.656019 0.277604 0.648148 0.280469 0.637963 0.290104 0.638426 0.295052 0.649074 0.300260 0.656944 0.300260 0.663889 0.298177 0.668519 0.295312 0.671759 0.290885 0.672685 0.286719 0.671296 0.283073 0.668981 0.280729
0 0.620833 0.294271 0.616667 0.295573 0.613889 0.298177 0.612500 0.303906 0.612963 0.306510 0.614815 0.307812 0.620833 0.310417 0.629167 0.310677 0.642130 0.306771 0.651435 0.302682 0.641667 0.297135 0.637500 0.295312 0.629630 0.294010
0 0.838889 0.251302 0.828704 0.247135 0.818056 0.246875 0.809722 0.247396 0.805093 0.248958 0.801852 0.251042 0.799074 0.255469 0.799537 0.257552 0.801389 0.259635 0.808796 0.263542 0.817130 0.264062 0.824537 0.263021 0.830093 0.261719 0.837500 0.256771 0.838889 0.254688
0 0.864815 0.251042 0.857407 0.253125 0.853704 0.259115 0.853704 0.260417 0.857870 0.266146 0.863426 0.269010 0.872685 0.267969 0.880093 0.266406 0.883796 0.263802 0.884259 0.261458 0.883333 0.257292 0.877315 0.253385 0.870833 0.251563
0 0.879630 0.243750 0.875463 0.246875 0.874074 0.252083 0.880093 0.254688 0.885648 0.258594 0.892593 0.260937 0.900926 0.254948 0.902315 0.252344 0.901389 0.246875 0.899074 0.245052 0.892593 0.243229
0 0.927315 0.243490 0.923148 0.242448 0.912037 0.241146 0.901389 0.244271 0.900000 0.246615 0.900000 0.257292 0.901389 0.260156 0.904167 0.261979 0.906944 0.262500 0.925000 0.259115 0.927315 0.258073 0.932407 0.252344 0.931944 0.247656
0 0.936574 0.240104 0.936111 0.244271 0.940278 0.248177 0.953241 0.250000 0.961574 0.249479 0.968056 0.247917 0.975463 0.244531 0.975000 0.240104 0.968519 0.235937 0.955093 0.232813 0.947222 0.233073 0.944444 0.233854
0 0.939352 0.249219 0.936111 0.250521 0.930093 0.257031 0.928704 0.260417 0.932407 0.266146 0.934722 0.267969 0.940278 0.269792 0.950463 0.269531 0.955093 0.268229 0.961574 0.264323 0.965278 0.259896 0.964815 0.256250 0.962500 0.253906 0.955556 0.250521 0.949074 0.249479
0 0.962500 0.273698 0.955093 0.270573 0.947685 0.270573 0.942130 0.271875 0.936111 0.275000 0.931944 0.278646 0.929167 0.282552 0.929630 0.287240 0.935185 0.288542 0.944907 0.288802 0.955093 0.288021 0.962037 0.285938 0.965278 0.283333 0.966204 0.280469 0.965741 0.277604
0 0.927315 0.261198 0.921759 0.260156 0.918519 0.260156 0.907407 0.262760 0.903704 0.266146 0.901389 0.267448 0.897685 0.268229 0.894444 0.270313 0.894444 0.275521 0.900000 0.277865 0.906019 0.279167 0.918519 0.279167 0.927778 0.277083 0.930556 0.275000 0.931944 0.266667 0.930556 0.263542
0 0.892130 0.266927 0.887963 0.265365 0.885185 0.265104 0.862037 0.270313 0.860185 0.271615 0.858796 0.274219 0.859722 0.279427 0.861574 0.280990 0.864815 0.282292 0.872222 0.282813 0.878704 0.282031 0.884259 0.279948 0.891667 0.275521 0.893519 0.271875 0.893519 0.269010
0 0.833796 0.261719 0.830093 0.263281 0.827778 0.265365 0.827315 0.268750 0.828704 0.271094 0.835185 0.274219 0.843056 0.276823 0.852315 0.275781 0.856019 0.274740 0.859259 0.271875 0.858796 0.267448 0.854167 0.262500 0.851389 0.261198 0.844907 0.260677
0 0.822685 0.270313 0.808796 0.273177 0.805093 0.275781 0.803704 0.280469 0.804167 0.283594 0.807407 0.288281 0.812963 0.291406 0.817130 0.292448 0.824074 0.292969 0.833333 0.290625 0.837037 0.288542 0.841204 0.283594 0.841204 0.278646 0.839815 0.277083 0.832870 0.272917 0.826389 0.270833
0 0.850000 0.286979 0.850000 0.291146 0.856481 0.296094 0.863426 0.298698 0.872222 0.298698 0.876389 0.297656 0.881944 0.293490 0.882870 0.291927 0.882870 0.287760 0.881481 0.286198 0.878704 0.284635 0.872222 0.283073 0.863426 0.282552 0.857870 0.283854
0 0.900000 0.280469 0.892130 0.283073 0.887500 0.286979 0.887500 0.291927 0.889815 0.293490 0.900463 0.295052 0.906481 0.296615 0.913889 0.292969 0.916204 0.288802 0.916204 0.285677 0.913426 0.281771 0.907870 0.280208
0 0.931019 0.295833 0.927315 0.294792 0.918056 0.295312 0.913889 0.297135 0.910185 0.300000 0.908333 0.302604 0.907407 0.306771 0.912037 0.310677 0.917130 0.311458 0.928241 0.311458 0.936574 0.308073 0.938426 0.305990 0.938889 0.302344 0.934722 0.297917
0 0.947222 0.308854 0.943981 0.309375 0.936111 0.312760 0.931944 0.317188 0.930093 0.322396 0.932407 0.325781 0.940278 0.328906 0.955093 0.328906 0.962963 0.325260 0.965278 0.322396 0.964352 0.318490 0.959259 0.312760 0.954630 0.310417
0 0.914815 0.311458 0.899074 0.311719 0.888889 0.314583 0.886574 0.323177 0.888426 0.325260 0.894444 0.328906 0.898148 0.329948 0.906481 0.330990 0.918056 0.327865 0.927315 0.322396 0.927315 0.316927 0.922685 0.313542
0 0.893519 0.293750 0.884722 0.294531 0.878704 0.297135 0.876389 0.299479 0.875926 0.303385 0.878241 0.311198 0.882407 0.314583 0.886574 0.314844 0.894444 0.313281 0.902315 0.310677 0.906481 0.305729 0.907407 0.302083 0.905093 0.297396 0.901852 0.295573
0 0.873611 0.301823 0.868519 0.300260 0.862037 0.299740 0.856944 0.300000 0.848611 0.302344 0.840278 0.307552 0.837500 0.310417 0.835185 0.314063 0.836574 0.318490 0.842130 0.319271 0.851852 0.319271 0.863889 0.317188 0.873148 0.314583 0.877315 0.310677 0.876389 0.305729
0 0.845833 0.290365 0.836111 0.289844 0.830556 0.291406 0.826852 0.294010 0.825463 0.304427 0.826389 0.307031 0.829630 0.309375 0.837037 0.310156 0.837963 0.308854 0.847685 0.303125 0.850926 0.302344 0.856481 0.298958 0.855093 0.294792 0.850000 0.291406
0 0.816204 0.293229 0.809722 0.292448 0.801852 0.293229 0.793519 0.295312 0.791667 0.297135 0.791204 0.303646 0.792130 0.305729 0.801852 0.313281 0.805556 0.311719 0.817130 0.308594 0.820370 0.306771 0.821759 0.302344 0.821759 0.297656 0.819907 0.295052
0 0.800000 0.310677 0.793519 0.306771 0.787963 0.305469 0.781019 0.306771 0.776389 0.309115 0.773148 0.312240 0.771759 0.317188 0.772222 0.319271 0.775000 0.320573 0.782407 0.320833 0.792130 0.319010 0.799074 0.316667 0.801389 0.315104
0 0.801852 0.314323 0.802315 0.318750 0.805093 0.322135 0.821296 0.327604 0.825463 0.327865 0.830093 0.327344 0.833333 0.323958 0.835648 0.319271 0.835185 0.313802 0.831944 0.310937 0.823611 0.308854 0.815741 0.308854 0.810185 0.310417
0 0.850000 0.320312 0.844444 0.321354 0.835648 0.324740 0.832407 0.326823 0.831019 0.330208 0.835648 0.335677 0.839352 0.338281 0.843981 0.339844 0.851389 0.340625 0.862500 0.337240 0.865741 0.335677 0.868056 0.333073 0.868981 0.329948 0.865741 0.326302 0.857870 0.321094
0 0.885648 0.322656 0.878241 0.322656 0.870370 0.326302 0.866204 0.338021 0.871296 0.341406 0.877778 0.343229 0.889815 0.341406 0.894907 0.337760 0.897685 0.334115 0.897222 0.329948 0.893056 0.328125 0.891667 0.326042
0 0.920370 0.328385 0.912037 0.329167 0.904630 0.331510 0.894444 0.338281 0.892593 0.341927 0.896759 0.345573 0.906019 0.348438 0.913889 0.349219 0.918056 0.347917 0.927778 0.341927 0.930556 0.337760 0.931019 0.333854 0.925926 0.330729
0 0.940741 0.330729 0.932407 0.335677 0.929630 0.341927 0.932870 0.344010 0.948148 0.347917 0.952778 0.348698 0.956944 0.348438 0.962037 0.346094 0.962500 0.344010 0.962037 0.337760 0.959722 0.333854 0.954630 0.330729 0.948148 0.329688
0 0.933333 0.344531 0.925926 0.347917 0.921296 0.353125 0.922222 0.357292 0.925926 0.360938 0.928241 0.361719 0.941667 0.362240 0.947222 0.361458 0.949537 0.360417 0.950926 0.358594 0.954167 0.349479 0.950926 0.347656 0.946296 0.346354
0 0.986574 0.361979 0.981481 0.359896 0.975926 0.358594 0.968056 0.358854 0.960648 0.361198 0.955093 0.364844 0.951852 0.368750 0.951389 0.373437 0.953241 0.377083 0.958796 0.378125 0.968519 0.378125 0.975463 0.377344 0.982407 0.375521 0.986574 0.373177 0.989352 0.369792 0.989815 0.365104
0 0.895833 0.347396 0.893519 0.349219 0.891204 0.353125 0.891667 0.357552 0.896296 0.363542 0.901389 0.366406 0.906019 0.367708 0.913426 0.367448 0.916667 0.366667 0.923611 0.361458 0.921296 0.356771 0.915278 0.352344 0.909722 0.349479 0.900000 0.346875
0 0.871759 0.354687 0.865741 0.357292 0.864352 0.359375 0.863889 0.361979 0.866204 0.365885 0.878241 0.372656 0.885648 0.373177 0.888889 0.371354 0.892130 0.366146 0.892593 0.361198 0.890741 0.357292 0.888426 0.355208 0.884259 0.354167 0.876852 0.353906
0 0.864815 0.338542 0.856019 0.339583 0.850000 0.342708 0.848148 0.345573 0.848611 0.350260 0.850000 0.353125 0.853241 0.355208 0.857407 0.356250 0.864815 0.356250 0.876389 0.353125 0.880556 0.350000 0.879630 0.344531 0.876389 0.342708
0 0.829630 0.341406 0.815741 0.345313 0.812963 0.349479 0.812500 0.354167 0.816204 0.357552 0.820370 0.359375 0.828241 0.360938 0.832407 0.360938 0.837037 0.360156 0.842130 0.357812 0.847685 0.354427 0.848148 0.352083 0.847222 0.348177 0.843519 0.344010 0.839352 0.342448
0 0.859722 0.357292 0.850000 0.355729 0.839815 0.358333 0.836574 0.360156 0.832870 0.361198 0.831019 0.362760 0.830093 0.364844 0.830556 0.369271 0.843519 0.373958 0.851852 0.373958 0.853704 0.373437 0.859259 0.369792 0.862037 0.365625 0.862500 0.360938
0 0.865278 0.369531 0.859722 0.371615 0.856481 0.374740 0.856481 0.380208 0.858333 0.381771 0.862500 0.382812 0.871759 0.383594 0.879167 0.380990 0.881481 0.377604 0.881019 0.373437 0.872222 0.369271
0 0.925000 0.372656 0.920833 0.369271 0.917130 0.367969 0.912500 0.367448 0.904630 0.368229 0.897222 0.372135 0.891667 0.376823 0.891204 0.380990 0.895833 0.382552 0.901852 0.383333 0.906944 0.383333 0.922685 0.380208 0.926389 0.377604
0 0.955556 0.435417 0.954630 0.439844 0.960648 0.442448 0.968981 0.444010 0.984722 0.444271 0.988426 0.443490 0.993056 0.439583 0.993519 0.434896 0.992593 0.433073 0.989352 0.430208 0.983333 0.427865 0.975000 0.427604 0.968981 0.428906 0.958796 0.432812
0 0.948148 0.416406 0.939815 0.416927 0.930556 0.420833 0.927315 0.423177 0.925926 0.425781 0.925926 0.431510 0.928241 0.434115 0.932407 0.435156 0.941667 0.435677 0.948611 0.434375 0.954630 0.431250 0.956481 0.428385 0.955556 0.422917 0.952778 0.419531
0 0.933796 0.394271 0.927778 0.396354 0.924074 0.399479 0.922222 0.403125 0.922685 0.405469 0.925000 0.407292 0.929630 0.408854 0.937963 0.413802 0.940741 0.414583 0.948611 0.414583 0.955093 0.412760 0.957870 0.409896 0.958333 0.406250 0.955556 0.399740 0.952315 0.396354 0.946759 0.394010 0.937500 0.393750
0 0.927778 0.381771 0.918519 0.380990 0.909722 0.382292 0.905556 0.384115 0.904167 0.389062 0.908333 0.397917 0.910185 0.399479 0.912037 0.400000 0.920370 0.400000 0.931944 0.394271 0.934722 0.391146 0.935185 0.387760 0.933796 0.384635
0 0.885185 0.385156 0.878241 0.388802 0.875463 0.391146 0.873148 0.396094 0.873148 0.402083 0.874537 0.404687 0.877315 0.405729 0.890278 0.407552 0.894907 0.407552 0.899537 0.406771 0.904630 0.403385 0.906944 0.400521 0.907407 0.396094 0.904630 0.390104 0.900000 0.387240 0.893056 0.384896
0 0.898148 0.408854 0.897222 0.411198 0.897685 0.413542 0.899074 0.415104 0.904167 0.417448 0.918981 0.418750 0.934259 0.418490 0.937037 0.416146 0.933333 0.411198 0.927778 0.408073 0.919444 0.405208 0.905093 0.404687 0.900926 0.406250
0 0.890278 0.407813 0.878241 0.405469 0.870833 0.405990 0.863889 0.408333 0.860185 0.411979 0.860185 0.418490 0.861574 0.421615 0.869907 0.424740 0.879167 0.424479 0.887963 0.421615 0.893056 0.416406 0.893056 0.411198
0 0.832870 0.405469 0.825000 0.409375 0.822685 0.411719 0.825000 0.416406 0.834722 0.422396 0.843519 0.424740 0.849537 0.425260 0.853704 0.424740 0.858796 0.422396 0.860185 0.420312 0.859722 0.414062 0.858333 0.411458 0.852778 0.406771 0.848611 0.404948 0.845370 0.404427 0.836574 0.404427
0 0.812037 0.421354 0.806481 0.423958 0.802778 0.427344 0.803241 0.431250 0.804630 0.433333 0.806944 0.434896 0.812500 0.436458 0.820833 0.436979 0.828241 0.436458 0.831481 0.434635 0.836111 0.427865 0.833796 0.424219 0.828241 0.421354 0.823611 0.420573 0.815278 0.420573
0 0.836574 0.428125 0.833333 0.431510 0.831944 0.435156 0.832870 0.436979 0.835648 0.438802 0.841667 0.440885 0.853704 0.440365 0.858333 0.438542 0.860185 0.436458 0.861574 0.432031 0.859259 0.428906 0.851852 0.427083 0.843981 0.427083
0 0.879630 0.426563 0.869444 0.426302 0.861574 0.430729 0.859259 0.435937 0.859259 0.440365 0.861574 0.443490 0.866204 0.445833 0.872222 0.446354 0.882407 0.444531 0.891204 0.439323 0.892130 0.433594 0.890741 0.430208 0.887963 0.428646
0 0.896759 0.420573 0.893519 0.422917 0.892130 0.427865 0.893981 0.430469 0.898148 0.433594 0.903241 0.435417 0.909259 0.436198 0.912500 0.437240 0.920370 0.436719 0.923148 0.434896 0.925463 0.431771 0.925000 0.425521 0.923148 0.422656 0.918519 0.419792 0.913426 0.418490 0.906019 0.417969
0 0.906944 0.435937 0.899537 0.436198 0.896296 0.436979 0.884722 0.443229 0.885185 0.447917 0.887037 0.450260 0.899074 0.454688 0.907407 0.454688 0.912500 0.453906 0.921759 0.447656 0.920370 0.441667 0.915278 0.438281
0 0.914815 0.454688 0.912037 0.456250 0.910648 0.458854 0.910648 0.463542 0.920370 0.469010 0.934259 0.469271 0.940741 0.465104 0.943056 0.462240 0.943981 0.458594 0.941204 0.454948 0.934259 0.453125 0.927778 0.452865 0.919907 0.453385
0 0.898611 0.454948 0.892593 0.452083 0.887037 0.451302 0.878704 0.451823 0.874537 0.452865 0.867593 0.457031 0.861574 0.462500 0.863889 0.466667 0.871296 0.467969 0.883333 0.467969 0.896759 0.465365 0.899537 0.463802 0.900926 0.458854
0 0.837963 0.441667 0.834722 0.444271 0.833333 0.447396 0.834722 0.450781 0.841204 0.455990 0.851389 0.459375 0.856481 0.460417 0.861111 0.459635 0.867130 0.455469 0.868519 0.452865 0.868056 0.449219 0.865278 0.446354 0.854630 0.441146 0.843981 0.440885
0 0.827778 0.461198 0.827778 0.467187 0.830093 0.468750 0.836574 0.471094 0.851852 0.471094 0.857870 0.470052 0.862037 0.467187 0.861574 0.465625 0.857407 0.461198 0.853241 0.459115 0.844444 0.456771 0.835648 0.456771 0.832870 0.457552
0 0.813889 0.457813 0.809259 0.459115 0.804167 0.462500 0.802315 0.465104 0.799074 0.467187 0.798611 0.471094 0.803704 0.474740 0.808796 0.476042 0.817130 0.476302 0.821759 0.475000 0.825926 0.471615 0.826852 0.466927 0.825463 0.460677 0.823148 0.458854 0.817593 0.457813
0 0.787963 0.448958 0.782407 0.450781 0.777778 0.453385 0.775926 0.455208 0.774074 0.459375 0.776852 0.463021 0.781019 0.465625 0.785185 0.466927 0.795370 0.468490 0.802778 0.465885 0.808796 0.459635 0.810185 0.459115 0.808796 0.454688 0.805093 0.452083 0.799074 0.449740
0 0.810185 0.437760 0.803241 0.441406 0.801852 0.443229 0.801389 0.447396 0.806481 0.452344 0.812963 0.456771 0.824074 0.458333 0.828241 0.456771 0.832407 0.452865 0.832407 0.442708 0.828704 0.439063 0.825000 0.437500 0.815741 0.436979
0 0.774074 0.428385 0.765741 0.431510 0.762963 0.435417 0.762500 0.439844 0.765278 0.443229 0.768056 0.444792 0.774074 0.446875 0.777778 0.447135 0.781481 0.448437 0.788426 0.447135 0.797222 0.442188 0.799537 0.439583 0.799074 0.435417 0.793981 0.431771 0.789352 0.430208 0.781481 0.428385
0 0.769907 0.456510 0.764815 0.456250 0.760648 0.457031 0.759259 0.459375 0.751852 0.465104 0.750926 0.467187 0.754630 0.472396 0.756944 0.473177 0.768981 0.472917 0.775926 0.470833 0.779630 0.467448 0.779630 0.465885 0.772685 0.457552
0 0.753704 0.448698 0.745370 0.448437 0.739815 0.449219 0.733796 0.451823 0.731944 0.454688 0.732407 0.458333 0.734259 0.461198 0.736574 0.462500 0.745833 0.465104 0.753704 0.463802 0.760185 0.459115 0.761111 0.454688 0.758796 0.451042
0 0.732870 0.441667 0.725926 0.440104 0.718519 0.440365 0.710185 0.441927 0.706481 0.443229 0.705093 0.447135 0.708333 0.452865 0.711574 0.455208 0.717593 0.455990 0.721759 0.455729 0.730556 0.453646 0.735648 0.451042 0.737963 0.446615 0.735648 0.443229
0 0.712037 0.455990 0.704630 0.458333 0.701389 0.462760 0.703241 0.467448 0.706019 0.469271 0.718981 0.472396 0.725463 0.470313 0.731481 0.466927 0.731481 0.462760 0.729630 0.460156 0.725000 0.457031 0.719907 0.455990
0 0.683333 0.445573 0.677778 0.447396 0.673611 0.450781 0.673611 0.454167 0.675000 0.457292 0.677778 0.459375 0.688889 0.464062 0.698148 0.464844 0.700463 0.463802 0.702778 0.460938 0.705093 0.455469 0.702315 0.449740 0.700000 0.447135 0.693981 0.445052 0.690741 0.444531
0 0.641204 0.445573 0.637963 0.446354 0.635185 0.448698 0.632870 0.454948 0.633333 0.459896 0.635648 0.462760 0.639815 0.465365 0.649537 0.466406 0.655556 0.465104 0.661111 0.462240 0.662963 0.459375 0.662037 0.455729 0.656944 0.450000 0.651852 0.446875 0.648148 0.445833
0 0.607870 0.436979 0.596759 0.441406 0.594907 0.445573 0.594907 0.447917 0.596296 0.449740 0.600926 0.453385 0.609259 0.457031 0.620370 0.458854 0.628704 0.457292 0.631481 0.454948 0.633796 0.451302 0.634259 0.447135 0.630556 0.442448 0.621296 0.437240 0.614815 0.436458
0 0.579630 0.445312 0.574537 0.447135 0.568981 0.451302 0.567593 0.454948 0.568981 0.458333 0.571296 0.460417 0.578704 0.463281 0.588426 0.463542 0.591667 0.463021 0.598611 0.459115 0.602315 0.454948 0.598148 0.451042 0.591667 0.446875 0.587037 0.445573
0 0.550926 0.446875 0.543056 0.448437 0.537500 0.451042 0.536111 0.455469 0.537963 0.460156 0.541204 0.463802 0.549074 0.469010 0.553241 0.470052 0.558796 0.469271 0.561574 0.467708 0.565278 0.463802 0.568056 0.458333 0.567130 0.453906 0.563426 0.449740 0.558796 0.447656
0 0.859259 0.382812 0.851389 0.383333 0.845833 0.384635 0.838889 0.388542 0.844907 0.401042 0.850000 0.404167 0.857407 0.405729 0.868981 0.397917 0.871296 0.394271 0.872222 0.388281 0.869907 0.384896 0.866204 0.383594
0 0.819444 0.372656 0.817593 0.373698 0.816204 0.376302 0.817593 0.380990 0.824537 0.385937 0.837037 0.387760 0.841204 0.385677 0.847685 0.383854 0.849537 0.381771 0.848611 0.376302 0.845833 0.374219 0.836111 0.371354 0.830093 0.370312
0 0.792593 0.358073 0.790278 0.359375 0.789352 0.360938 0.789352 0.365625 0.793056 0.370833 0.797222 0.373698 0.801852 0.374740 0.809259 0.374479 0.818519 0.370833 0.822222 0.365625 0.821759 0.361198 0.818519 0.359375 0.808796 0.356510 0.801852 0.356250
0 0.802315 0.338802 0.792593 0.338802 0.786574 0.339844 0.781944 0.341927 0.780556 0.345052 0.782407 0.349219 0.787963 0.354687 0.794907 0.357552 0.803241 0.355990 0.806019 0.354427 0.808796 0.350521 0.810185 0.346094 0.809259 0.341667
0 0.815741 0.328385 0.808796 0.330469 0.804167 0.333594 0.804630 0.337760 0.807870 0.340625 0.815278 0.344010 0.823148 0.343750 0.829167 0.341927 0.832407 0.339844 0.833796 0.338281 0.833796 0.334375 0.830556 0.331510 0.824537 0.328906
0 0.801852 0.322917 0.793981 0.320833 0.787500 0.320573 0.782407 0.322135 0.778241 0.324479 0.774537 0.328125 0.772222 0.332813 0.772222 0.338021 0.774537 0.340365 0.781944 0.340885 0.791667 0.338802 0.796296 0.336979 0.803241 0.332813 0.806944 0.329948 0.805556 0.326042
0 0.753704 0.326562 0.745833 0.327344 0.741667 0.328906 0.735185 0.333333 0.733796 0.336198 0.734259 0.341667 0.735648 0.343229 0.745833 0.346094 0.752315 0.346615 0.762500 0.344271 0.769444 0.338281 0.769444 0.333854 0.766204 0.330208 0.761574 0.327865
0 0.756944 0.347656 0.752315 0.352865 0.752315 0.357812 0.755093 0.359635 0.762037 0.361198 0.767130 0.363281 0.780093 0.362240 0.784259 0.359896 0.786111 0.357812 0.785648 0.353906 0.781481 0.348698 0.776852 0.345573 0.774537 0.344792 0.766667 0.344792
0 0.773148 0.363021 0.768981 0.364323 0.762500 0.369010 0.759722 0.372917 0.758333 0.377083 0.760648 0.379948 0.760648 0.381250 0.762963 0.384115 0.767130 0.385677 0.775000 0.384375 0.781481 0.382031 0.788889 0.377083 0.792130 0.373177 0.791204 0.369531 0.788426 0.366667 0.781481 0.363802
0 0.799074 0.374740 0.794907 0.375260 0.786574 0.379167 0.779167 0.383594 0.778241 0.385677 0.780093 0.388542 0.784722 0.390885 0.790741 0.392448 0.794907 0.394271 0.802315 0.394531 0.811574 0.388542 0.814815 0.380469 0.812963 0.377865 0.809259 0.375521 0.804167 0.374740
0 0.765278 0.396354 0.764352 0.398698 0.765278 0.403385 0.767593 0.406510 0.772685 0.408854 0.780093 0.410417 0.794444 0.409375 0.800000 0.408333 0.804630 0.405208 0.805093 0.403906 0.803241 0.401042 0.798148 0.395833 0.781944 0.390104 0.773611 0.391146
0 0.774537 0.409375 0.767130 0.408854 0.756481 0.411458 0.748611 0.415885 0.745833 0.420312 0.748611 0.424219 0.751852 0.426042 0.759722 0.427865 0.768056 0.427604 0.777778 0.425260 0.781481 0.423438 0.784259 0.420052 0.782870 0.415365 0.779167 0.411458
0 0.744907 0.427865 0.738889 0.428646 0.729630 0.431250 0.726852 0.434896 0.726852 0.436198 0.729630 0.439323 0.734722 0.441927 0.739815 0.443490 0.746759 0.444010 0.755093 0.441927 0.758333 0.439063 0.759722 0.435417 0.757870 0.431250 0.755093 0.429167 0.748148 0.427865
0 0.714815 0.428646 0.705093 0.426302 0.697222 0.426563 0.693981 0.427604 0.689352 0.431510 0.687963 0.435417 0.690741 0.441146 0.694907 0.442708 0.705556 0.443229 0.713426 0.441146 0.717130 0.438802 0.718981 0.435937 0.718056 0.430990
0 0.718519 0.411979 0.710648 0.413021 0.704167 0.416146 0.701852 0.419271 0.701389 0.424479 0.704630 0.426563 0.718981 0.429948 0.725926 0.429427 0.731481 0.427083 0.734259 0.423958 0.734259 0.420052 0.730093 0.415885 0.723148 0.413021
0 0.738426 0.396875 0.731481 0.399219 0.724537 0.403906 0.724537 0.408333 0.732870 0.414062 0.738426 0.415365 0.746759 0.414844 0.753704 0.412500 0.759259 0.408333 0.758333 0.400781 0.756481 0.399219 0.748148 0.397135
0 0.753241 0.375521 0.744907 0.378385 0.741667 0.380469 0.744444 0.387240 0.744907 0.394271 0.746759 0.396615 0.753241 0.398438 0.760185 0.398177 0.764815 0.395833 0.767130 0.392448 0.764815 0.385417 0.760648 0.379688
0 0.761111 0.361198 0.753241 0.360156 0.745833 0.361719 0.736111 0.365625 0.732407 0.368750 0.730556 0.372396 0.731481 0.375521 0.735185 0.378125 0.740278 0.379167 0.745833 0.377083 0.753704 0.375521 0.757870 0.373958 0.760648 0.371875 0.765741 0.365365 0.763889 0.362760
0 0.741667 0.349740 0.733333 0.347917 0.725463 0.348438 0.717130 0.351562 0.714815 0.353385 0.714352 0.358333 0.716204 0.362500 0.718519 0.364323 0.725000 0.366406 0.730556 0.366146 0.745370 0.360677 0.746759 0.357812 0.744444 0.351562
0 0.708796 0.331771 0.706019 0.333333 0.702778 0.337760 0.702778 0.341927 0.705556 0.344792 0.709259 0.346615 0.718981 0.348438 0.725926 0.347656 0.728704 0.346354 0.733796 0.341927 0.734259 0.337240 0.732407 0.334375 0.719444 0.330990 0.711574 0.330990
0 0.677315 0.324219 0.674537 0.326302 0.673611 0.329427 0.675463 0.334896 0.675463 0.338021 0.676852 0.340104 0.683333 0.342448 0.692130 0.341927 0.695833 0.340885 0.699537 0.338802 0.701852 0.334115 0.697685 0.327344 0.695833 0.326042 0.689815 0.323958 0.682407 0.323437
0 0.668981 0.327865 0.660648 0.327344 0.655093 0.328125 0.649537 0.330208 0.644907 0.333854 0.644444 0.338281 0.645833 0.340625 0.649537 0.344271 0.655093 0.346875 0.656944 0.346875 0.666667 0.344271 0.673611 0.339583 0.674537 0.338021 0.674074 0.332031 0.672222 0.329167
0 0.669907 0.344010 0.661111 0.345833 0.654167 0.350000 0.651389 0.353125 0.652315 0.356510 0.654167 0.359115 0.660648 0.362500 0.669907 0.364323 0.677315 0.364063 0.684259 0.361719 0.688426 0.357031 0.689815 0.353646 0.688889 0.350260 0.686574 0.347396 0.683796 0.345573 0.677778 0.344010
0 0.705093 0.350781 0.697222 0.350521 0.693056 0.351562 0.690741 0.352865 0.687037 0.357292 0.685185 0.361719 0.687500 0.365885 0.691667 0.368229 0.698611 0.368750 0.708333 0.366927 0.714352 0.364323 0.715278 0.360938 0.713426 0.354687 0.711111 0.352604
0 0.719444 0.366667 0.711111 0.366146 0.695833 0.369010 0.692593 0.370573 0.691204 0.372656 0.690741 0.377865 0.692130 0.380729 0.694907 0.382292 0.706019 0.385417 0.712037 0.384635 0.725000 0.379427 0.728704 0.375000 0.729167 0.372135 0.727778 0.369792
0 0.733333 0.379948 0.725463 0.379948 0.720833 0.380990 0.708796 0.385677 0.703241 0.392188 0.704167 0.394010 0.708333 0.395573 0.723148 0.398438 0.731481 0.398177 0.741667 0.395573 0.744444 0.392969 0.744907 0.388021 0.743981 0.385156 0.739352 0.381250
0 0.700463 0.384635 0.691204 0.381510 0.677778 0.383333 0.675000 0.384635 0.673611 0.386979 0.673611 0.389844 0.676852 0.397135 0.681944 0.398177 0.689815 0.397917 0.699537 0.394792 0.705093 0.389062 0.705093 0.387760
0 0.715741 0.396875 0.704630 0.394792 0.693981 0.397917 0.689815 0.400521 0.685648 0.404687 0.684722 0.412240 0.693056 0.414583 0.700926 0.415104 0.704630 0.414844 0.714352 0.411719 0.719444 0.409115 0.722222 0.405208 0.721296 0.401562
0 0.695370 0.415885 0.691204 0.414583 0.682870 0.414062 0.675000 0.415104 0.667130 0.417187 0.662500 0.419792 0.660648 0.423698 0.665278 0.429948 0.669907 0.431771 0.681944 0.431771 0.687500 0.430729 0.695833 0.425260 0.699537 0.420052
0 0.677778 0.432031 0.669907 0.432031 0.664352 0.434375 0.661574 0.436979 0.658333 0.443750 0.659259 0.447396 0.662500 0.449479 0.668519 0.450260 0.672222 0.450000 0.687963 0.443750 0.688889 0.440104 0.687963 0.437500 0.683796 0.433854
0 0.657870 0.422135 0.651389 0.422135 0.645370 0.423177 0.637037 0.426823 0.633333 0.430208 0.631944 0.434375 0.632870 0.439323 0.635648 0.441146 0.642130 0.443229 0.650000 0.442969 0.655556 0.441406 0.658796 0.439583 0.660648 0.437500 0.663426 0.431771 0.662963 0.427344 0.659722 0.423177
0 0.618056 0.414062 0.612500 0.416667 0.608333 0.419792 0.598843 0.426068 0.610185 0.427604 0.612037 0.428385 0.620833 0.429688 0.629630 0.429688 0.632870 0.428906 0.635648 0.427604 0.637500 0.424219 0.637037 0.420312 0.635185 0.418229 0.629167 0.414323 0.621759 0.413542
0 0.639815 0.409375 0.637037 0.411719 0.637500 0.417187 0.639352 0.420052 0.642593 0.421354 0.647222 0.421875 0.658796 0.421354 0.663426 0.419531 0.668981 0.416146 0.668519 0.410938 0.664815 0.408854 0.656944 0.407031 0.648148 0.407031
0 0.662963 0.384635 0.651852 0.393229 0.649074 0.400000 0.650463 0.405208 0.654630 0.407031 0.662037 0.408333 0.670370 0.408594 0.674074 0.407552 0.677778 0.404687 0.678241 0.399219 0.670833 0.385937
0 0.369907 0.273177 0.364352 0.273958 0.356944 0.280729 0.355556 0.284115 0.357407 0.288802 0.367593 0.292969 0.371759 0.294010 0.377315 0.292969 0.383333 0.289583 0.387037 0.283594 0.387037 0.279167 0.383796 0.275260 0.377778 0.273958
0 0.406019 0.277344 0.399537 0.278646 0.391667 0.283333 0.389352 0.286979 0.389815 0.289583 0.393056 0.292969 0.402315 0.298177 0.406944 0.299479 0.414352 0.299479 0.421296 0.297396 0.423611 0.295312 0.425463 0.290885 0.422222 0.285677 0.418056 0.281510 0.413426 0.279167
0 0.432407 0.290104 0.425000 0.292969 0.422685 0.295052 0.422222 0.299219 0.424074 0.303906 0.426389 0.307031 0.431481 0.309115 0.435185 0.309896 0.442130 0.309896 0.448611 0.308073 0.453241 0.303385 0.452315 0.300000 0.447222 0.294271 0.443519 0.292187 0.437963 0.290625
0 0.460648 0.273177 0.457870 0.274479 0.452315 0.279167 0.450926 0.282813 0.452315 0.286719 0.461111 0.291667 0.466667 0.292448 0.474074 0.291927 0.478241 0.290625 0.481944 0.287500 0.482870 0.282552 0.480093 0.275781 0.478241 0.274479 0.473148 0.273438
0 0.503704 0.266406 0.495833 0.266406 0.487963 0.269531 0.485185 0.273177 0.484259 0.275521 0.486574 0.280990 0.489815 0.283594 0.494907 0.284896 0.500463 0.284635 0.507870 0.282552 0.512500 0.278906 0.512963 0.273958 0.512037 0.271094
0 0.523611 0.265104 0.518056 0.267188 0.513426 0.271354 0.514352 0.278385 0.517130 0.280469 0.522685 0.282292 0.531944 0.282552 0.543519 0.276823 0.544444 0.275781 0.543519 0.271615 0.538426 0.266406
0 0.547685 0.261198 0.543981 0.263542 0.542130 0.266927 0.547222 0.274219 0.551389 0.276302 0.557870 0.277344 0.567593 0.276562 0.569444 0.275521 0.570370 0.270573 0.567130 0.264062 0.559722 0.260156 0.551852 0.259896
0 0.307407 0.292187 0.304167 0.295052 0.302778 0.297656 0.302778 0.300521 0.305556 0.304688 0.318056 0.309635 0.322685 0.310417 0.330093 0.310417 0.332870 0.307031 0.333796 0.302083 0.331481 0.296354 0.327778 0.292708 0.323611 0.291146 0.317130 0.290625 0.311111 0.291146
0 0.372685 0.295052 0.364352 0.291667 0.357870 0.289844 0.341204 0.290885 0.333333 0.294792 0.332870 0.299479 0.334259 0.303125 0.339815 0.307031 0.343981 0.308854 0.350000 0.309635 0.357870 0.309375 0.367130 0.304688 0.373148 0.299479
0 0.375463 0.294792 0.375000 0.298958 0.376389 0.301563 0.380093 0.304688 0.391667 0.307031 0.399537 0.307292 0.404167 0.305469 0.405093 0.303906 0.404167 0.299219 0.397685 0.295312 0.391667 0.293229 0.385648 0.292187 0.378241 0.292969
0 0.367593 0.308594 0.364815 0.310417 0.365278 0.314844 0.367593 0.317448 0.375463 0.322917 0.378704 0.323958 0.386574 0.324479 0.391667 0.323698 0.394907 0.322396 0.399537 0.318229 0.399074 0.314323 0.395370 0.309635 0.386111 0.305990 0.377778 0.305729
0 0.329167 0.312240 0.327778 0.314844 0.329630 0.319271 0.332407 0.321094 0.343981 0.323698 0.352315 0.323958 0.360648 0.322396 0.363426 0.320052 0.363426 0.314063 0.362037 0.312500 0.358333 0.310937 0.342593 0.309375 0.332407 0.310937
0 0.301852 0.304167 0.294907 0.305469 0.291667 0.307812 0.287500 0.314063 0.287963 0.319010 0.291204 0.321615 0.294907 0.322656 0.300926 0.323437 0.308333 0.323177 0.315741 0.321615 0.318056 0.320573 0.319444 0.318490 0.319444 0.313802 0.317593 0.310417 0.312963 0.307812
0 0.319444 0.322656 0.317130 0.325000 0.317130 0.330729 0.318519 0.332813 0.322685 0.335938 0.330093 0.338542 0.337037 0.338802 0.340278 0.338021 0.345370 0.335417 0.347685 0.332292 0.348148 0.328906 0.346759 0.326562 0.343519 0.324219 0.337037 0.322135 0.331019 0.321094
0 0.287500 0.325260 0.285185 0.327344 0.284722 0.330729 0.287037 0.338281 0.291204 0.342187 0.293981 0.343750 0.301852 0.346354 0.311111 0.344792 0.316204 0.342969 0.318981 0.338802 0.317593 0.333854 0.306944 0.327344 0.305093 0.325260 0.302778 0.324219 0.296759 0.323958
0 0.287037 0.342969 0.277778 0.345833 0.276389 0.347917 0.275926 0.353906 0.277315 0.355990 0.279167 0.357031 0.287500 0.359635 0.295833 0.358594 0.299537 0.357031 0.302778 0.353646 0.302778 0.351302 0.301389 0.347135 0.299074 0.345313 0.294907 0.343750
0 0.281481 0.359115 0.275926 0.359375 0.272685 0.360156 0.267130 0.365104 0.266667 0.373177 0.267593 0.374479 0.272685 0.376563 0.281944 0.377083 0.289815 0.375521 0.294444 0.373698 0.298611 0.369792 0.297685 0.366406 0.295833 0.364323 0.288889 0.360938
0 0.307407 0.351562 0.303704 0.352865 0.299537 0.357292 0.302315 0.364063 0.305556 0.366406 0.309722 0.367448 0.317593 0.367708 0.322222 0.366667 0.326852 0.364323 0.329167 0.361458 0.327778 0.356771 0.325926 0.354427 0.319444 0.351302 0.312963 0.351042
0 0.330556 0.339844 0.325463 0.342187 0.323148 0.344531 0.322685 0.350260 0.325926 0.353385 0.334722 0.357292 0.340741 0.358333 0.345370 0.358333 0.348611 0.357031 0.353241 0.349219 0.354167 0.345573 0.350463 0.341146 0.344444 0.339323
0 0.371759 0.344792 0.363889 0.344792 0.353241 0.348438 0.350000 0.351823 0.347222 0.357292 0.349537 0.361458 0.351389 0.362500 0.356481 0.363542 0.364815 0.363542 0.372222 0.362760 0.380093 0.360677 0.382870 0.359115 0.384722 0.352865 0.380556 0.348698
0 0.355093 0.323958 0.349074 0.328385 0.347685 0.332813 0.348148 0.335677 0.352315 0.339323 0.356019 0.340104 0.366204 0.340365 0.373611 0.339583 0.380093 0.337240 0.383333 0.334115 0.382870 0.332031 0.379630 0.327604 0.376389 0.325260 0.372222 0.323958 0.365278 0.322917 0.357870 0.323177
0 0.446759 0.308333 0.438426 0.309635 0.433796 0.311719 0.428241 0.318229 0.427778 0.322656 0.430556 0.326042 0.434259 0.327865 0.437963 0.328906 0.448148 0.330208 0.455093 0.329167 0.460185 0.326302 0.461111 0.324479 0.461111 0.314063 0.454630 0.309635
0 0.412037 0.310677 0.405556 0.312760 0.400000 0.317188 0.395833 0.322396 0.395370 0.327083 0.398148 0.330469 0.402315 0.332552 0.410648 0.334115 0.420370 0.334115 0.425926 0.330208 0.428241 0.326302 0.427315 0.318229 0.418519 0.311458
0 0.473611 0.296615 0.470833 0.298698 0.471296 0.303385 0.472222 0.304688 0.481481 0.310156 0.487963 0.311979 0.494907 0.313021 0.498611 0.312760 0.503704 0.310677 0.507407 0.305990 0.507870 0.300000 0.506481 0.297917 0.501852 0.295052 0.498148 0.294271 0.488426 0.293750 0.482407 0.294271
0 0.515278 0.281771 0.510185 0.283333 0.506944 0.285677 0.504167 0.290625 0.504630 0.295052 0.506944 0.297135 0.512963 0.300260 0.516204 0.301042 0.525000 0.301042 0.531019 0.299479 0.536111 0.295573 0.535648 0.290885 0.529167 0.284375 0.517593 0.281510
0 0.544907 0.276562 0.537963 0.278906 0.531944 0.283073 0.531944 0.287500 0.536111 0.291146 0.537963 0.294010 0.541204 0.294792 0.546759 0.295052 0.552778 0.294271 0.555556 0.292969 0.558796 0.287500 0.559722 0.283073 0.556944 0.279167 0.555093 0.278125
0 0.585185 0.286979 0.578704 0.282813 0.573148 0.280729 0.563426 0.282552 0.558796 0.285677 0.556481 0.290365 0.556944 0.295052 0.562963 0.296094 0.570370 0.296354 0.578704 0.295573 0.583796 0.291406
0 0.587963 0.288802 0.581481 0.293750 0.580556 0.297917 0.581019 0.299479 0.586574 0.302865 0.587500 0.304427 0.593056 0.305729 0.603704 0.305469 0.609722 0.304688 0.612037 0.303125 0.612963 0.299219 0.612963 0.294792 0.611111 0.292708 0.600926 0.287760 0.592130 0.287760
0 0.605556 0.305469 0.597685 0.306510 0.591667 0.308854 0.590741 0.310156 0.590741 0.314583 0.593519 0.318229 0.598611 0.321615 0.602315 0.323177 0.608796 0.323698 0.617593 0.322135 0.622222 0.320052 0.623611 0.317969 0.624074 0.314323 0.621759 0.311458 0.610185 0.305729
0 0.641204 0.307292 0.633796 0.308854 0.629167 0.310937 0.626852 0.314063 0.626852 0.318750 0.628241 0.320833 0.635648 0.324740 0.638889 0.325781 0.643519 0.326302 0.649537 0.325000 0.652778 0.322396 0.653241 0.314063 0.651852 0.311458 0.646296 0.308333
0 0.654167 0.310677 0.652778 0.313542 0.652315 0.319271 0.655093 0.322656 0.660648 0.323437 0.670370 0.323177 0.679630 0.321354 0.683796 0.318490 0.682870 0.314583 0.674074 0.309375 0.662963 0.307031 0.658796 0.308073
0 0.694907 0.295833 0.690278 0.295312 0.679630 0.296615 0.675926 0.297917 0.672685 0.300260 0.671296 0.302604 0.672222 0.307292 0.677778 0.311198 0.683796 0.313281 0.692130 0.313542 0.696296 0.312760 0.700000 0.310937 0.703241 0.307552 0.703704 0.301823 0.702315 0.299219 0.698611 0.296875
0 0.770370 0.310937 0.759722 0.309115 0.747685 0.311719 0.736111 0.318229 0.737963 0.322135 0.746296 0.325521 0.751852 0.325781 0.759722 0.324740 0.767130 0.322396 0.771296 0.318490 0.771759 0.313021
0 0.738889 0.301823 0.733333 0.298958 0.722222 0.299740 0.718056 0.300781 0.710648 0.305208 0.704167 0.310417 0.703704 0.314583 0.714352 0.315104 0.718981 0.315885 0.732407 0.312760 0.735648 0.311458 0.741204 0.307031
0 0.716204 0.314844 0.712963 0.314323 0.698148 0.314583 0.692130 0.315885 0.688426 0.318229 0.688889 0.322656 0.704630 0.331771 0.714352 0.330208 0.718056 0.327865 0.721759 0.323698 0.722222 0.320573 0.721296 0.317708 0.719907 0.316146
0 0.632407 0.322135 0.628704 0.321094 0.621296 0.320833 0.605556 0.324219 0.602778 0.326823 0.602315 0.330729 0.603241 0.332031 0.612500 0.336198 0.614815 0.336458 0.626852 0.335417 0.635185 0.330469 0.636111 0.326042 0.634259 0.323177
0 0.628704 0.336198 0.623148 0.335677 0.612963 0.336198 0.599537 0.340885 0.597222 0.344792 0.597222 0.346875 0.599537 0.351042 0.603241 0.353125 0.607407 0.354687 0.615278 0.354427 0.620833 0.352604 0.626389 0.349740 0.632407 0.342448 0.631944 0.338802
0 0.624537 0.351042 0.620370 0.353385 0.618519 0.356250 0.619907 0.361198 0.624537 0.364844 0.635185 0.369792 0.640741 0.371094 0.647685 0.370833 0.651852 0.362240 0.648148 0.352865 0.645370 0.350000 0.642593 0.348698 0.635185 0.348438
0 0.650463 0.366667 0.647685 0.369010 0.648611 0.373437 0.656944 0.377604 0.663426 0.382031 0.671296 0.382812 0.677778 0.380990 0.681944 0.377083 0.683333 0.371875 0.681481 0.369010 0.676852 0.366146 0.672685 0.364844 0.661574 0.363802
0 0.655093 0.376823 0.649537 0.375260 0.642593 0.376042 0.637963 0.377344 0.631944 0.380729 0.629630 0.384115 0.629630 0.387240 0.630556 0.389844 0.635185 0.393490 0.642130 0.394010 0.649537 0.393490 0.655093 0.391146 0.661574 0.384896 0.660648 0.380729
0 0.247222 0.415885 0.242593 0.418750 0.241204 0.422396 0.242130 0.427083 0.245370 0.430469 0.253241 0.433073 0.262500 0.433073 0.269907 0.431250 0.273611 0.429167 0.277315 0.425521 0.277778 0.422917 0.275926 0.419792 0.267593 0.415885 0.261111 0.414583 0.252778 0.414583
0 0.294444 0.390885 0.287963 0.392969 0.283796 0.395313 0.278704 0.399740 0.275463 0.404948 0.276389 0.408333 0.279630 0.410677 0.288426 0.413021 0.297222 0.413542 0.304167 0.412240 0.306944 0.408854 0.307870 0.396094 0.302315 0.391667
0 0.281944 0.378125 0.273611 0.378125 0.267593 0.380990 0.260185 0.388281 0.260185 0.392708 0.269444 0.395573 0.274074 0.396094 0.281944 0.395313 0.292593 0.390885 0.293981 0.389323 0.293981 0.384375 0.289815 0.380990 0.286111 0.379167
0 0.307870 0.367708 0.297222 0.372917 0.294907 0.377083 0.297685 0.381771 0.301852 0.384375 0.307407 0.385417 0.311111 0.385417 0.315741 0.384375 0.317130 0.382812 0.322222 0.380208 0.324537 0.377604 0.324537 0.375000 0.323148 0.371615 0.318981 0.368750 0.315278 0.367969
0 0.317593 0.381250 0.314815 0.384375 0.314815 0.388802 0.316204 0.391667 0.318519 0.393490 0.329630 0.395313 0.337037 0.395313 0.343519 0.394010 0.346759 0.392708 0.348611 0.389323 0.347685 0.386719 0.345370 0.384375 0.337963 0.380208 0.331481 0.378646 0.323611 0.379167
0 0.317130 0.394531 0.310185 0.396615 0.307407 0.398958 0.306481 0.402604 0.306944 0.407292 0.308333 0.410156 0.315741 0.414844 0.323148 0.414583 0.327778 0.413281 0.334722 0.409635 0.338426 0.405990 0.338426 0.401302 0.336574 0.398698 0.331019 0.396094 0.324537 0.394531
0 0.299537 0.418490 0.297222 0.419792 0.297685 0.424740 0.299074 0.427604 0.303704 0.431510 0.308333 0.432812 0.316667 0.432812 0.322685 0.431250 0.325000 0.429948 0.326852 0.427865 0.328241 0.423438 0.326389 0.420833 0.323611 0.419010 0.317130 0.417187 0.307870 0.417187
0 0.287500 0.427344 0.282407 0.428906 0.279167 0.430729 0.275926 0.435417 0.275000 0.440104 0.276852 0.443490 0.279630 0.445833 0.286111 0.447656 0.295833 0.448437 0.304167 0.446615 0.307407 0.445052 0.309259 0.442448 0.309722 0.438542 0.305556 0.433073 0.298611 0.428646 0.293519 0.427604
0 0.260185 0.435937 0.254630 0.437240 0.250000 0.439583 0.247685 0.442708 0.248148 0.446094 0.250463 0.448698 0.254630 0.451302 0.266667 0.454427 0.268519 0.454427 0.271296 0.453646 0.274074 0.451562 0.276852 0.446615 0.276852 0.442969 0.274074 0.439063 0.271296 0.437240 0.267593 0.436198
0 0.237037 0.456771 0.235648 0.458854 0.235185 0.463802 0.237500 0.466146 0.246296 0.469792 0.252315 0.470833 0.259259 0.471094 0.267593 0.470052 0.268981 0.469010 0.271296 0.462500 0.268519 0.456250 0.266204 0.454427 0.261111 0.452604 0.252315 0.451823 0.243519 0.453385
0 0.308796 0.446354 0.301852 0.447656 0.294444 0.452865 0.291204 0.458594 0.291204 0.463021 0.299074 0.468490 0.310185 0.470052 0.315741 0.469271 0.320833 0.467187 0.323148 0.464062 0.323148 0.459635 0.319444 0.452344
0 0.336574 0.452083 0.331944 0.453125 0.329630 0.454427 0.325926 0.458333 0.324537 0.462760 0.324537 0.466927 0.331019 0.468750 0.340741 0.469010 0.344444 0.468490 0.347222 0.466667 0.353704 0.464062 0.355556 0.458594 0.352778 0.455990 0.346759 0.453125 0.343981 0.452344
0 0.351852 0.437760 0.347222 0.439583 0.344907 0.442188 0.343981 0.448698 0.344907 0.451302 0.346759 0.452865 0.356944 0.458073 0.358796 0.458073 0.364815 0.456250 0.368519 0.452865 0.372685 0.446615 0.373611 0.443229 0.371759 0.440365 0.367130 0.438542 0.359259 0.437500
0 0.336111 0.429688 0.328704 0.430729 0.320370 0.433073 0.316204 0.434896 0.312500 0.439323 0.312500 0.443490 0.314815 0.445833 0.320370 0.448437 0.329167 0.450521 0.337037 0.451042 0.342593 0.447917 0.344444 0.442969 0.347685 0.439323 0.348611 0.434635 0.345833 0.431250
0 0.343056 0.410938 0.334722 0.411979 0.329167 0.414062 0.327778 0.415885 0.327315 0.420052 0.333333 0.426042 0.339352 0.429427 0.344444 0.430990 0.350463 0.430469 0.352778 0.429167 0.355093 0.424219 0.355556 0.419271 0.354167 0.415625 0.351852 0.413281 0.349537 0.412240
0 0.345370 0.397135 0.342130 0.400260 0.341667 0.405208 0.342593 0.407292 0.345833 0.410417 0.352778 0.413542 0.357407 0.414583 0.370370 0.413281 0.373611 0.411458 0.375463 0.409375 0.376389 0.405208 0.375926 0.403125 0.372222 0.398958 0.366204 0.395313 0.359259 0.394010 0.352315 0.394792
0 0.375926 0.392448 0.373148 0.393490 0.372222 0.397135 0.376852 0.404427 0.377778 0.409115 0.386574 0.413281 0.392593 0.413802 0.398148 0.412240 0.401852 0.410417 0.404167 0.408073 0.405556 0.404167 0.403704 0.401823 0.393519 0.395833 0.386111 0.392969 0.379630 0.392188
0 0.407407 0.390365 0.401852 0.396094 0.402315 0.398698 0.406019 0.402344 0.411111 0.405208 0.421296 0.406771 0.428704 0.406771 0.430556 0.406250 0.432870 0.404427 0.432407 0.400000 0.426852 0.391406 0.423611 0.389583 0.419907 0.388542 0.412963 0.388542
0 0.466204 0.381771 0.462963 0.380990 0.454167 0.381510 0.450926 0.383073 0.445370 0.388021 0.445833 0.392708 0.444444 0.396875 0.447685 0.398958 0.455093 0.399219 0.459722 0.398438 0.469444 0.395573 0.473148 0.392448 0.473611 0.388021 0.471296 0.385156
0 0.489352 0.382031 0.483796 0.383594 0.478704 0.386719 0.476852 0.388542 0.475926 0.392969 0.480556 0.397135 0.484259 0.398958 0.496759 0.401562 0.504630 0.397396 0.506019 0.394010 0.505556 0.388802 0.503704 0.385677 0.499074 0.382812 0.496759 0.382031
0 0.489815 0.400781 0.482407 0.400781 0.475000 0.402604 0.472222 0.404687 0.471759 0.409115 0.473611 0.414323 0.476852 0.417448 0.481944 0.419271 0.487963 0.418229 0.492130 0.416146 0.495370 0.413542 0.498611 0.409115 0.497222 0.403906
0 0.455556 0.399740 0.451389 0.400260 0.447222 0.402344 0.442130 0.406250 0.437037 0.411979 0.439352 0.415885 0.447685 0.419010 0.455093 0.419271 0.464352 0.417708 0.470370 0.414844 0.472222 0.412760 0.471296 0.407552 0.467593 0.404427 0.461574 0.401042
0 0.413889 0.418229 0.406019 0.422656 0.404630 0.427865 0.406481 0.432031 0.414352 0.436719 0.419907 0.438021 0.428241 0.437500 0.431019 0.436458 0.436111 0.431510 0.437500 0.427865 0.436111 0.423958 0.432407 0.421354 0.426852 0.419010 0.421296 0.417969
0 0.397222 0.412240 0.386111 0.414323 0.382870 0.420052 0.385185 0.423177 0.391667 0.426563 0.399537 0.427344 0.402315 0.423958 0.410648 0.419271 0.412037 0.415625 0.408796 0.413281
0 0.364352 0.416146 0.358796 0.421094 0.356019 0.427344 0.356481 0.429167 0.358796 0.432292 0.362037 0.433854 0.368519 0.434896 0.373611 0.434896 0.378241 0.433854 0.384259 0.431250 0.387037 0.428385 0.387037 0.427083 0.384259 0.422656 0.380556 0.419271 0.375000 0.417969 0.371759 0.416406
0 0.373611 0.435417 0.374537 0.439583 0.379167 0.442448 0.397222 0.447135 0.400926 0.447135 0.405556 0.446094 0.408333 0.444531 0.411574 0.439844 0.411111 0.435677 0.406481 0.433073 0.388889 0.432031 0.385185 0.431250 0.377778 0.433333
0 0.442130 0.442448 0.433796 0.438802 0.426389 0.438281 0.423148 0.439323 0.418519 0.442188 0.414815 0.445833 0.413426 0.449740 0.413889 0.453646 0.417593 0.454948 0.427315 0.454688 0.434259 0.453646 0.439352 0.452083 0.442130 0.450521 0.444444 0.447917 0.444444 0.446094
0 0.371296 0.448437 0.368981 0.451562 0.367593 0.455729 0.369444 0.459115 0.373148 0.462240 0.377778 0.463542 0.386111 0.464062 0.397685 0.461979 0.402778 0.458854 0.404167 0.455990 0.403704 0.453906 0.394444 0.448698 0.386574 0.446354 0.377315 0.446354
0 0.439815 0.452604 0.434259 0.455208 0.431481 0.457552 0.431019 0.459635 0.432407 0.461198 0.445833 0.467187 0.454630 0.468229 0.462037 0.467187 0.467130 0.463542 0.468981 0.459375 0.467593 0.454948 0.465278 0.453125 0.461574 0.451823 0.455556 0.451302
0 0.471759 0.454688 0.469907 0.458073 0.469907 0.460417 0.471759 0.463542 0.476389 0.465625 0.481481 0.466406 0.489815 0.466667 0.497685 0.465365 0.503241 0.463021 0.503704 0.458854 0.501852 0.456771 0.489352 0.452083 0.482870 0.451302 0.475000 0.452604
0 0.454630 0.432292 0.446759 0.434115 0.443981 0.435417 0.441667 0.438802 0.443056 0.443750 0.445833 0.446875 0.449074 0.448437 0.455093 0.449740 0.462963 0.450260 0.466667 0.449219 0.471759 0.446094 0.472222 0.438542 0.471296 0.435937 0.469444 0.434635 0.464815 0.433073
0 0.451389 0.419792 0.448611 0.421354 0.446296 0.423958 0.449537 0.427344 0.456019 0.431250 0.469907 0.433854 0.475926 0.432812 0.480093 0.430469 0.481944 0.428385 0.481481 0.422396 0.480093 0.420833 0.474074 0.418229 0.468519 0.416927
0 0.490278 0.418229 0.485648 0.420312 0.483333 0.423177 0.482407 0.427865 0.485185 0.432292 0.487963 0.433854 0.493056 0.434896 0.502315 0.435156 0.506019 0.434635 0.509259 0.433073 0.513426 0.428385 0.513889 0.422917 0.512500 0.420312 0.509259 0.418490 0.504630 0.417448 0.495833 0.417187
0 0.473611 0.434635 0.472222 0.435417 0.472222 0.443750 0.474074 0.446354 0.478704 0.449479 0.481944 0.450521 0.491204 0.450000 0.499537 0.445312 0.500463 0.438802 0.499074 0.436979 0.497222 0.435937 0.489815 0.434375 0.479630 0.433854
0 0.356481 0.378125 0.352778 0.380208 0.350000 0.384375 0.350463 0.388802 0.355093 0.391146 0.363426 0.393229 0.371759 0.392448 0.375000 0.390885 0.376389 0.388802 0.376852 0.384115 0.372685 0.379948 0.366667 0.377865 0.360648 0.377604
0 0.342593 0.364583 0.335648 0.365885 0.331019 0.367969 0.329630 0.369271 0.328704 0.373177 0.331481 0.377083 0.336574 0.379427 0.345370 0.380208 0.358796 0.376823 0.360648 0.375000 0.361111 0.372396 0.358796 0.369531 0.353241 0.365885 0.350463 0.364844
0 0.381019 0.362240 0.377778 0.364323 0.374074 0.369010 0.374074 0.373437 0.375463 0.375260 0.379630 0.377604 0.384722 0.378906 0.396296 0.378906 0.399537 0.378385 0.403241 0.376042 0.405093 0.373698 0.405093 0.368229 0.403704 0.365365 0.399537 0.362500 0.394444 0.361458 0.384259 0.361458
0 0.437037 0.371615 0.427778 0.367448 0.415741 0.369010 0.400926 0.376823 0.399074 0.380729 0.400463 0.383594 0.403241 0.384896 0.412963 0.386458 0.420370 0.385937 0.433796 0.383594 0.438426 0.380990 0.440278 0.377083
0 0.461111 0.364844 0.452315 0.364583 0.446296 0.365104 0.440741 0.367188 0.438426 0.369010 0.438426 0.373437 0.441667 0.377865 0.445370 0.378646 0.453241 0.378125 0.462037 0.375521 0.466204 0.373177 0.468056 0.369010
0 0.493981 0.369010 0.489352 0.367188 0.481481 0.366667 0.473148 0.369271 0.466667 0.372656 0.463889 0.375521 0.463426 0.377604 0.465741 0.380208 0.470833 0.381771 0.480093 0.382812 0.483333 0.382812 0.493056 0.380729 0.497685 0.377604 0.496759 0.371615
0 0.503241 0.360677 0.499074 0.363281 0.496759 0.368750 0.497222 0.374219 0.498611 0.377604 0.501852 0.379688 0.509722 0.381250 0.516667 0.380469 0.522222 0.376823 0.525000 0.372656 0.520370 0.366927 0.513426 0.363021
0 0.514352 0.382292 0.512500 0.384375 0.511111 0.388802 0.516667 0.397135 0.519444 0.398958 0.524074 0.400260 0.531481 0.400781 0.538889 0.399479 0.544444 0.396615 0.546296 0.392708 0.545370 0.388542 0.542593 0.386198 0.531481 0.379948 0.524074 0.379688 0.522222 0.380990 0.516667 0.381510
0 0.518519 0.400000 0.507870 0.400521 0.503241 0.402083 0.500000 0.404427 0.499537 0.408854 0.500463 0.412240 0.505093 0.415104 0.510185 0.417187 0.517593 0.416146 0.527778 0.413281 0.529630 0.411719 0.530093 0.408073 0.528704 0.403906 0.525926 0.402083
0 0.544907 0.397917 0.537037 0.400260 0.534722 0.401562 0.532407 0.403906 0.530556 0.408594 0.531944 0.412500 0.537500 0.415625 0.545370 0.417187 0.554167 0.415365 0.561111 0.412240 0.561111 0.408073 0.557407 0.401823 0.552778 0.399479
0 0.584259 0.395052 0.573148 0.392708 0.565741 0.393490 0.562500 0.395052 0.560648 0.398958 0.560648 0.405469 0.562500 0.410156 0.565278 0.412240 0.573148 0.411719 0.575926 0.410938 0.584259 0.405729 0.587500 0.400781 0.586111 0.396354
0 0.566204 0.378125 0.562037 0.377604 0.554167 0.377865 0.551852 0.378385 0.547685 0.380990 0.545370 0.384375 0.546759 0.391927 0.549074 0.394010 0.550926 0.394531 0.560185 0.394531 0.566667 0.393229 0.573611 0.390365 0.575463 0.384375 0.572222 0.381250
0 0.573611 0.371094 0.570370 0.373437 0.568056 0.377083 0.574537 0.382812 0.578704 0.384896 0.586574 0.387240 0.594907 0.387760 0.598148 0.386979 0.601389 0.384896 0.600000 0.377083 0.598148 0.373177 0.586574 0.369271 0.579167 0.369271
0 0.608333 0.386458 0.600000 0.386719 0.591204 0.388802 0.589352 0.389844 0.587500 0.391927 0.587037 0.396615 0.588889 0.398958 0.592593 0.401302 0.598611 0.402344 0.606019 0.402083 0.612037 0.399219 0.614352 0.396875 0.615741 0.391927 0.614352 0.388542
0 0.629167 0.394010 0.616667 0.396094 0.611111 0.400000 0.611574 0.404427 0.616667 0.409115 0.621296 0.411198 0.628241 0.411979 0.636574 0.410156 0.642593 0.407292 0.644444 0.404687 0.643981 0.400000 0.635648 0.394792
0 0.607870 0.403125 0.602315 0.402604 0.593056 0.403125 0.583333 0.408073 0.582407 0.416667 0.584259 0.420052 0.587037 0.422396 0.593056 0.423438 0.600463 0.422917 0.605556 0.420833 0.610185 0.417448 0.613889 0.412760 0.613889 0.407552 0.611574 0.405208
0 0.587963 0.423438 0.584259 0.424479 0.578704 0.427604 0.576852 0.432292 0.580556 0.437240 0.583333 0.439063 0.593981 0.441406 0.603241 0.438802 0.606019 0.437240 0.607407 0.434635 0.607407 0.431250 0.605556 0.428385 0.599074 0.424740 0.593981 0.423438
0 0.552778 0.433073 0.547222 0.435417 0.543519 0.438802 0.543519 0.439844 0.548148 0.444271 0.550926 0.445573 0.561574 0.447656 0.565741 0.449219 0.573611 0.447135 0.575926 0.445573 0.577778 0.439323 0.576389 0.435677 0.573148 0.434115 0.566667 0.432812 0.556481 0.432552
0 0.558796 0.413542 0.547222 0.417969 0.544907 0.421875 0.544907 0.424740 0.547685 0.427865 0.554167 0.430990 0.558333 0.432031 0.564815 0.432031 0.570370 0.430469 0.575000 0.428125 0.578704 0.423958 0.579630 0.419531 0.577778 0.417708 0.571296 0.414583 0.567130 0.413542
0 0.530093 0.413542 0.518519 0.415885 0.516204 0.417187 0.514352 0.420573 0.515741 0.425781 0.520833 0.431510 0.530556 0.434375 0.532870 0.434375 0.537963 0.432292 0.542593 0.427865 0.543519 0.422135 0.542593 0.419010 0.540741 0.416927 0.532870 0.413802
0 0.532407 0.435417 0.525000 0.433333 0.511111 0.434375 0.506944 0.435417 0.504167 0.437240 0.500926 0.443490 0.503241 0.447135 0.509722 0.450260 0.525463 0.450260 0.533333 0.445833 0.535185 0.443750 0.535648 0.439323
0 0.513426 0.451823 0.510648 0.453385 0.505556 0.458854 0.507407 0.461458 0.510648 0.463021 0.512500 0.464844 0.524074 0.467708 0.531481 0.467708 0.536111 0.463281 0.535648 0.458854 0.533333 0.455729 0.527778 0.452344 0.524537 0.451302 0.517130 0.451042
0 0.418056 0.334635 0.406019 0.333594 0.397685 0.334635 0.390278 0.336979 0.388889 0.338281 0.387963 0.342187 0.390741 0.347135 0.399074 0.351042 0.406019 0.351562 0.418056 0.348438 0.420833 0.346875 0.424537 0.342969 0.423611 0.337760
0 0.412963 0.349479 0.404167 0.351562 0.401389 0.353385 0.399074 0.356250 0.399074 0.361458 0.402778 0.365104 0.406481 0.366927 0.412963 0.368229 0.418981 0.367969 0.426389 0.366146 0.431944 0.361979 0.433796 0.358594 0.433333 0.353646 0.431019 0.352344 0.420370 0.349740
0 0.441667 0.329948 0.436574 0.330469 0.432870 0.331771 0.428241 0.337760 0.427315 0.342969 0.433796 0.351042 0.441204 0.350000 0.443981 0.348177 0.450000 0.346354 0.451389 0.345052 0.452315 0.338281 0.450463 0.332813 0.448611 0.331771
0 0.461111 0.327865 0.452778 0.330208 0.451389 0.334375 0.452778 0.336719 0.452778 0.342708 0.453704 0.344010 0.462037 0.346094 0.469444 0.345313 0.475926 0.343229 0.476852 0.342187 0.476852 0.337500 0.471759 0.329948
0 0.489352 0.329427 0.482870 0.330729 0.479167 0.333073 0.477315 0.337240 0.477315 0.341927 0.480093 0.345573 0.484259 0.347917 0.488889 0.349219 0.496759 0.349219 0.506481 0.345833 0.509259 0.342448 0.509259 0.340625 0.506481 0.335938 0.502315 0.332292 0.497685 0.330208
0 0.513426 0.328385 0.510185 0.330469 0.508796 0.334115 0.511574 0.338542 0.515741 0.341927 0.522222 0.342708 0.533333 0.342708 0.538426 0.340885 0.541204 0.338021 0.540278 0.334115 0.529167 0.327865 0.525000 0.326562 0.516667 0.327083
0 0.503241 0.312760 0.497222 0.316146 0.496296 0.317708 0.496296 0.323437 0.498148 0.326042 0.501389 0.327865 0.505093 0.328906 0.511111 0.329427 0.522222 0.326302 0.524537 0.325000 0.526389 0.322396 0.525926 0.318229 0.511574 0.312760
0 0.466204 0.313281 0.463426 0.314844 0.461111 0.318229 0.461574 0.323958 0.462963 0.326042 0.468519 0.329688 0.475463 0.329167 0.484722 0.329427 0.489352 0.328646 0.493981 0.326042 0.495833 0.322135 0.494907 0.317708 0.492593 0.314323 0.486111 0.312240 0.480556 0.311458 0.472685 0.311719
0 0.537500 0.315365 0.532407 0.318229 0.531944 0.322656 0.533796 0.325260 0.544907 0.333854 0.550926 0.334635 0.555093 0.334115 0.556944 0.332813 0.560185 0.326823 0.556019 0.317708 0.551852 0.315104 0.545370 0.314063
0 0.559722 0.335677 0.554167 0.334896 0.548611 0.335156 0.544444 0.335938 0.539815 0.338802 0.537037 0.341927 0.537037 0.345833 0.540278 0.349740 0.544444 0.352344 0.554630 0.352604 0.559259 0.351823 0.562500 0.350000 0.566204 0.346094 0.566204 0.341406 0.562963 0.337500
0 0.516204 0.343750 0.512037 0.346354 0.509259 0.349740 0.508333 0.353646 0.511111 0.357552 0.515278 0.359635 0.524074 0.361719 0.531944 0.361198 0.536574 0.359896 0.538426 0.358854 0.543056 0.353385 0.541667 0.349479 0.536111 0.344792 0.532870 0.343490 0.528241 0.342969 0.520833 0.342969
0 0.496759 0.350521 0.490278 0.349740 0.481019 0.349740 0.472222 0.351302 0.469444 0.352865 0.467593 0.355729 0.467593 0.361198 0.472685 0.364323 0.481019 0.365885 0.489815 0.364844 0.500463 0.360938 0.503241 0.358073 0.502315 0.353385
0 0.457870 0.347135 0.456019 0.346615 0.447222 0.347135 0.437963 0.351042 0.434722 0.357031 0.435185 0.360938 0.440741 0.364844 0.447685 0.365625 0.456481 0.364844 0.461574 0.363802 0.465278 0.361719 0.466667 0.359115 0.466667 0.353125 0.464352 0.350781
0 0.537500 0.360417 0.531019 0.361458 0.527315 0.363021 0.525463 0.365625 0.525000 0.370052 0.525463 0.373177 0.527315 0.376302 0.533333 0.380990 0.538426 0.383594 0.542593 0.381771 0.548148 0.377083 0.549537 0.373958 0.550000 0.368490 0.549074 0.364844 0.547685 0.363542 0.543981 0.361979
0 0.573611 0.357031 0.566204 0.355729 0.559259 0.356510 0.553704 0.359635 0.550926 0.363802 0.550463 0.367188 0.552315 0.374219 0.555093 0.377083 0.560648 0.377604 0.565741 0.376563 0.578704 0.368229 0.580556 0.365365 0.579630 0.361198 0.577315 0.358854
0 0.587037 0.342187 0.578704 0.342187 0.570370 0.344271 0.560648 0.353125 0.561111 0.354427 0.563426 0.355469 0.574074 0.357292 0.579630 0.359375 0.589815 0.356250 0.593519 0.353906 0.594444 0.349479 0.591667 0.344792
0 0.597222 0.332292 0.590278 0.329167 0.584259 0.328125 0.576852 0.327865 0.569907 0.328646 0.567593 0.329688 0.564352 0.333854 0.563889 0.338021 0.565741 0.340885 0.568519 0.342708 0.571759 0.343490 0.579167 0.341927 0.587037 0.341146 0.595833 0.337500 0.598148 0.334375
0 0.582870 0.312240 0.580093 0.311458 0.572685 0.311719 0.565278 0.313802 0.562963 0.315104 0.559722 0.318229 0.558333 0.322917 0.560185 0.325781 0.563889 0.327865 0.571296 0.328646 0.579167 0.328125 0.587037 0.328385 0.590741 0.326823 0.590741 0.317969 0.587500 0.314583
0 0.593056 0.355208 0.584722 0.358594 0.582870 0.360938 0.583796 0.365365 0.585648 0.367188 0.592593 0.370833 0.599074 0.372656 0.602315 0.372656 0.606481 0.371615 0.610648 0.368490 0.612037 0.365365 0.611574 0.360156 0.610185 0.358333 0.605556 0.355729 0.600926 0.354948
0 0.548611 0.307812 0.550000 0.310677 0.553704 0.312500 0.557407 0.313281 0.566667 0.313281 0.581481 0.309375 0.586111 0.306771 0.586111 0.302604 0.576389 0.297135 0.568056 0.296094 0.557870 0.296094 0.555556 0.296615 0.551852 0.299219 0.549537 0.302865
0 0.543056 0.301042 0.537963 0.299740 0.531019 0.299479 0.515278 0.303646 0.510185 0.306510 0.511574 0.311719 0.514815 0.313802 0.524074 0.317188 0.531944 0.316927 0.538426 0.314844 0.544444 0.311198 0.546759 0.307292 0.546296 0.303125
0 0.150000 0.235156 0.143519 0.235156 0.139815 0.235937 0.136111 0.240104 0.134722 0.247917 0.135185 0.251302 0.137037 0.253906 0.142130 0.255990 0.150000 0.255208 0.154167 0.253646 0.160185 0.250000 0.162500 0.247135 0.163426 0.244010 0.161574 0.239844 0.156019 0.236719
0 0.099537 0.230208 0.094444 0.230990 0.091204 0.232292 0.088889 0.235677 0.088889 0.240885 0.090741 0.244271 0.093519 0.246615 0.101389 0.247656 0.107407 0.246875 0.112500 0.245052 0.115741 0.243229 0.118056 0.240625 0.117130 0.235937 0.112500 0.233073 0.106019 0.230990
0 0.086111 0.177344 0.078704 0.178906 0.073148 0.181771 0.071296 0.185156 0.071296 0.189323 0.074074 0.193490 0.081481 0.197656 0.085648 0.198958 0.090278 0.198958 0.094907 0.198177 0.101852 0.194531 0.104167 0.190365 0.104167 0.184375 0.102315 0.181250 0.099074 0.179167 0.093519 0.177604
0 0.153704 0.185417 0.151389 0.189323 0.152778 0.192448 0.156019 0.195052 0.162037 0.197135 0.169444 0.198177 0.176852 0.197135 0.181944 0.193750 0.180556 0.188021 0.179167 0.186458 0.174537 0.183854 0.169907 0.182812 0.161574 0.182552 0.157407 0.183594
0 0.175926 0.169271 0.172685 0.173437 0.173148 0.178646 0.174537 0.181250 0.178704 0.184375 0.182407 0.185156 0.192130 0.185156 0.205556 0.183073 0.209722 0.180208 0.211574 0.178125 0.211574 0.173177 0.206944 0.170313 0.197685 0.167708 0.192130 0.167187 0.182870 0.167187
0 0.219444 0.155729 0.215741 0.158333 0.212500 0.161979 0.212037 0.166667 0.214352 0.169792 0.218056 0.171615 0.223148 0.172135 0.233333 0.171875 0.237963 0.171094 0.239815 0.170052 0.241204 0.165625 0.239815 0.161458 0.237037 0.157292 0.232407 0.155469 0.225926 0.154427
0 0.239815 0.172135 0.230556 0.171615 0.222222 0.172396 0.216667 0.173958 0.212037 0.176823 0.208333 0.181510 0.209722 0.185417 0.218519 0.188542 0.228241 0.188021 0.240278 0.188542 0.246759 0.186458 0.248611 0.183854 0.247685 0.177344
0 0.223611 0.188802 0.218519 0.190885 0.215741 0.193490 0.215741 0.201563 0.232407 0.210417 0.239815 0.210677 0.243056 0.208854 0.244907 0.205729 0.244907 0.197135 0.242593 0.192188 0.238889 0.189323 0.231944 0.188021
0 0.218981 0.204167 0.209259 0.206250 0.200000 0.212760 0.199074 0.216927 0.204167 0.221354 0.211574 0.224479 0.225926 0.223177 0.230093 0.221875 0.232870 0.218750 0.234259 0.212240 0.231944 0.208854
0 0.213426 0.194010 0.205093 0.189323 0.197222 0.189062 0.192593 0.190104 0.183333 0.193229 0.177778 0.196615 0.176389 0.198958 0.176852 0.202604 0.181019 0.205208 0.190741 0.206771 0.205093 0.206250 0.210185 0.204427 0.214352 0.201563 0.214815 0.196615
0 0.225926 0.224479 0.218056 0.224219 0.212037 0.225260 0.208796 0.226302 0.200000 0.231771 0.198611 0.234375 0.198611 0.237500 0.200463 0.239844 0.206481 0.242708 0.211574 0.244010 0.218056 0.243490 0.225926 0.239063 0.229630 0.233073 0.229167 0.227865
0 0.247222 0.223698 0.244444 0.225521 0.242593 0.228906 0.243519 0.232813 0.246296 0.237500 0.249537 0.240104 0.252778 0.241146 0.263426 0.241667 0.267130 0.242448 0.270833 0.241406 0.276389 0.238281 0.277778 0.236719 0.277315 0.232031 0.275463 0.229687 0.268519 0.225521 0.261111 0.222656 0.252315 0.222656
0 0.273611 0.209115 0.267593 0.210938 0.263889 0.213021 0.262037 0.216146 0.262963 0.220833 0.265741 0.223698 0.274074 0.227083 0.282407 0.226562 0.288426 0.225000 0.291204 0.222656 0.292130 0.221094 0.291204 0.215625 0.281019 0.209896
0 0.308796 0.227604 0.301852 0.223438 0.294444 0.222396 0.290278 0.223177 0.285185 0.225781 0.277315 0.227604 0.276389 0.229167 0.281019 0.236458 0.296296 0.237500 0.303704 0.236458 0.310185 0.233073
0 0.287037 0.195833 0.280093 0.197656 0.274537 0.201042 0.273611 0.203906 0.274074 0.207292 0.275926 0.209115 0.281481 0.210677 0.287963 0.213802 0.295370 0.215365 0.302778 0.212240 0.305556 0.208854 0.297685 0.198437 0.295370 0.197135
0 0.256481 0.185417 0.252315 0.188802 0.252315 0.194010 0.255093 0.197396 0.258333 0.199219 0.267130 0.201042 0.274537 0.200781 0.280093 0.197656 0.283333 0.193750 0.280556 0.188802 0.277778 0.186979 0.267593 0.183854 0.261574 0.184115
0 0.106481 0.092448 0.100926 0.094792 0.098611 0.097917 0.098148 0.101042 0.099537 0.104427 0.100926 0.105990 0.105556 0.108073 0.113426 0.109375 0.118519 0.109115 0.120370 0.108333 0.125000 0.103646 0.124537 0.098177 0.121759 0.095312 0.118519 0.093750 0.114352 0.092708
0 0.093519 0.110937 0.092593 0.113802 0.093519 0.119531 0.095833 0.122135 0.100926 0.124479 0.108333 0.125521 0.125926 0.120573 0.127778 0.119271 0.128241 0.115104 0.117130 0.109635 0.107870 0.107813 0.100000 0.107813 0.096759 0.108854
0 0.120833 0.121094 0.110648 0.124740 0.109259 0.126823 0.110185 0.131250 0.114352 0.136719 0.118056 0.139323 0.121296 0.140625 0.128241 0.140625 0.134722 0.138802 0.137500 0.137240 0.140278 0.132812 0.140741 0.130729 0.138426 0.125781 0.134259 0.122917 0.128704 0.121094
0 0.168981 0.114583 0.162500 0.116406 0.157407 0.118750 0.150926 0.122917 0.150463 0.127344 0.156019 0.130729 0.161111 0.132292 0.165278 0.132812 0.175926 0.132552 0.182870 0.130990 0.186111 0.128906 0.187500 0.127344 0.187037 0.120052 0.185185 0.117708 0.180556 0.115365 0.177778 0.114583
0 0.197685 0.101562 0.189815 0.107292 0.189352 0.112240 0.189815 0.115365 0.191204 0.116667 0.197685 0.119271 0.202778 0.119792 0.213426 0.119531 0.221296 0.117969 0.225000 0.115365 0.224074 0.111198 0.213426 0.103385 0.205556 0.101302
0 0.169444 0.089583 0.165741 0.091927 0.164815 0.095052 0.166204 0.100781 0.169444 0.104688 0.176852 0.107813 0.184259 0.108333 0.188889 0.107552 0.196296 0.103385 0.199074 0.100260 0.196759 0.094792 0.193519 0.092708 0.184259 0.089583 0.177315 0.089063
0 0.204167 0.084896 0.199537 0.086979 0.197685 0.091667 0.199074 0.097135 0.200926 0.100000 0.202778 0.101042 0.211574 0.103125 0.218981 0.102865 0.236111 0.095833 0.235648 0.091667 0.225926 0.085417 0.215278 0.084375
0 0.254167 0.092969 0.245370 0.094271 0.238426 0.096875 0.234722 0.099479 0.234259 0.104688 0.235185 0.107292 0.239815 0.110677 0.245833 0.112500 0.253241 0.111979 0.262500 0.109375 0.264352 0.108333 0.266204 0.105208 0.266204 0.098958 0.262037 0.095573
0 0.259722 0.109375 0.255093 0.110937 0.251852 0.113542 0.251389 0.115885 0.253241 0.121875 0.257407 0.125260 0.266204 0.129427 0.274537 0.129427 0.277778 0.127083 0.279167 0.124219 0.279630 0.114583 0.278704 0.113021 0.275463 0.110677 0.268056 0.109115
0 0.302315 0.112240 0.295370 0.112240 0.289352 0.113542 0.282870 0.116667 0.281481 0.118229 0.279630 0.122656 0.280093 0.123958 0.283796 0.127604 0.288889 0.130469 0.292593 0.131510 0.295370 0.131771 0.304630 0.130469 0.308333 0.128385 0.309722 0.123958 0.309722 0.117708 0.306944 0.113802
0 0.271759 0.089583 0.269907 0.091406 0.269444 0.099740 0.272222 0.104688 0.279167 0.109635 0.282870 0.110417 0.288889 0.110937 0.296296 0.109115 0.298611 0.107552 0.300926 0.103906 0.299537 0.099479 0.297222 0.097396 0.285185 0.090625 0.274537 0.089063
0 0.273611 0.072396 0.269907 0.074219 0.267130 0.077604 0.265741 0.083333 0.267130 0.088281 0.279630 0.089844 0.285648 0.089323 0.288426 0.088281 0.292130 0.084115 0.291204 0.080469 0.286111 0.076302 0.281019 0.073698
0 0.314815 0.079167 0.309259 0.078385 0.301852 0.079167 0.292130 0.083073 0.289815 0.087240 0.290741 0.092708 0.294444 0.095573 0.302315 0.097656 0.308333 0.097135 0.312963 0.095833 0.321296 0.095052 0.323611 0.094271 0.324537 0.092708 0.324537 0.087240 0.323148 0.084115 0.321296 0.082031
0 0.306944 0.097135 0.304630 0.099219 0.304167 0.105208 0.305093 0.107552 0.307870 0.109896 0.313889 0.112760 0.319907 0.114062 0.326852 0.114583 0.336574 0.114323 0.339815 0.107552 0.338889 0.104167 0.337037 0.101823 0.331019 0.097917 0.323148 0.094792 0.314815 0.095052
0 0.230556 0.134635 0.225463 0.136198 0.222222 0.140625 0.222222 0.151302 0.224537 0.154427 0.231481 0.155729 0.239815 0.155469 0.247685 0.151823 0.249074 0.146354 0.246296 0.142708 0.240741 0.138542 0.233333 0.134635
0 0.266667 0.135417 0.262500 0.136719 0.259259 0.139583 0.257870 0.142969 0.258796 0.149219 0.260185 0.151042 0.263889 0.153125 0.268981 0.154167 0.275463 0.154167 0.283333 0.151302 0.286574 0.147135 0.286111 0.142448 0.283333 0.139583 0.278241 0.136979 0.274537 0.135937
0 0.319907 0.134115 0.316204 0.131771 0.309259 0.130469 0.301389 0.130729 0.291204 0.132552 0.284259 0.138802 0.287500 0.142187 0.290741 0.143750 0.301852 0.145052 0.310185 0.145313 0.316204 0.144010 0.320370 0.141146 0.321296 0.137760
0 0.335185 0.127083 0.330093 0.127604 0.325463 0.129688 0.320833 0.133594 0.320370 0.135937 0.322222 0.141406 0.329630 0.144792 0.337037 0.145313 0.343981 0.143490 0.349074 0.138802 0.349074 0.134375 0.344907 0.129167 0.340278 0.127604
0 0.287963 0.145833 0.285648 0.149479 0.285648 0.155208 0.287963 0.159115 0.295833 0.161719 0.307870 0.162760 0.321296 0.160417 0.323148 0.158073 0.320833 0.154167 0.310185 0.147656 0.302315 0.145313 0.293056 0.145052
0 0.286574 0.158333 0.281481 0.157031 0.274074 0.157292 0.267593 0.160938 0.262963 0.165625 0.262037 0.169010 0.262963 0.173177 0.265741 0.175260 0.278241 0.175260 0.286111 0.172917 0.290741 0.170573 0.293056 0.167708 0.293056 0.163802 0.292130 0.161979
0 0.249074 0.048698 0.246296 0.050260 0.245370 0.051823 0.245370 0.056771 0.249074 0.060677 0.256481 0.064583 0.261111 0.065885 0.268056 0.066146 0.273148 0.064583 0.276852 0.061458 0.279630 0.057292 0.278704 0.052344 0.275926 0.049479 0.273148 0.048177 0.267593 0.047396 0.255556 0.047656
0 0.316204 0.045312 0.308796 0.045312 0.298611 0.048698 0.294907 0.051823 0.294907 0.058594 0.299537 0.062500 0.303704 0.064583 0.308333 0.065104 0.314815 0.064583 0.318519 0.063021 0.322222 0.059896 0.325000 0.053385 0.323611 0.048698
0 0.335648 0.048698 0.326389 0.051562 0.322685 0.056250 0.322222 0.060937 0.324537 0.065104 0.329630 0.068490 0.336111 0.069531 0.344444 0.069271 0.352778 0.066927 0.355556 0.065365 0.357407 0.060417 0.355093 0.056510 0.350926 0.053125 0.344907 0.049740
0 0.358333 0.066406 0.354167 0.067187 0.349074 0.069792 0.343981 0.076823 0.343519 0.083073 0.344444 0.085677 0.347222 0.087760 0.350463 0.088542 0.365741 0.088021 0.372685 0.084896 0.375926 0.080729 0.375926 0.075521 0.372685 0.071615 0.366204 0.067969
0 0.377778 0.083333 0.376852 0.085417 0.377778 0.091927 0.383796 0.094531 0.399074 0.097917 0.407407 0.097917 0.416667 0.095312 0.417593 0.090885 0.415741 0.087760 0.409259 0.083333 0.403704 0.080990 0.392130 0.078646 0.383333 0.079948
0 0.405556 0.064062 0.393056 0.068229 0.390278 0.071875 0.390741 0.073958 0.392593 0.076563 0.395833 0.078125 0.407407 0.080469 0.413889 0.080990 0.420370 0.079427 0.423148 0.075781 0.422222 0.067969 0.420370 0.065885 0.415741 0.064062
0 0.493981 0.051042 0.489352 0.050521 0.478704 0.052604 0.472685 0.054948 0.464815 0.059896 0.463889 0.065104 0.465278 0.067187 0.468056 0.069531 0.474074 0.072656 0.483333 0.073177 0.487037 0.071875 0.492130 0.066667 0.494907 0.059375 0.495833 0.052083
0 0.502778 0.066927 0.498148 0.069531 0.494907 0.072656 0.494444 0.077865 0.494907 0.080208 0.496296 0.081510 0.505093 0.084896 0.517130 0.086979 0.524537 0.086719 0.526389 0.083594 0.526852 0.079687 0.525463 0.075781 0.522685 0.072135 0.518056 0.068229 0.513426 0.066406 0.509259 0.065885
0 0.426852 0.084896 0.423148 0.087500 0.420833 0.091406 0.420833 0.096094 0.422222 0.098958 0.429630 0.104948 0.432870 0.105729 0.441204 0.105990 0.445370 0.104427 0.450463 0.099740 0.452315 0.095573 0.448148 0.090365 0.443981 0.087760 0.433333 0.085156
0 0.412500 0.097656 0.406019 0.099479 0.400926 0.102865 0.398611 0.106510 0.398611 0.111458 0.402315 0.115365 0.406481 0.117188 0.411574 0.118229 0.420833 0.117969 0.425926 0.115885 0.427778 0.113802 0.429630 0.108073 0.428704 0.104688 0.425463 0.100781 0.420370 0.098177
0 0.457407 0.096354 0.451389 0.098437 0.445833 0.103385 0.446759 0.107813 0.450926 0.111458 0.460185 0.115885 0.463426 0.116406 0.473148 0.115885 0.476389 0.114583 0.481019 0.109896 0.481944 0.108073 0.481944 0.103385 0.478704 0.100521 0.471296 0.096875 0.464352 0.095833
0 0.495833 0.086719 0.489352 0.089583 0.487500 0.091406 0.487500 0.095833 0.484722 0.099740 0.486574 0.101823 0.490278 0.103906 0.503704 0.104688 0.510648 0.105990 0.514352 0.104167 0.516204 0.102344 0.516667 0.098437 0.515278 0.095833 0.505556 0.087240 0.504167 0.086719
0 0.545833 0.072396 0.540741 0.075260 0.537500 0.078646 0.537037 0.084115 0.537963 0.086198 0.541667 0.088281 0.553241 0.088802 0.559259 0.090625 0.566204 0.090885 0.568519 0.090365 0.570833 0.088802 0.572222 0.084635 0.571759 0.079427 0.565278 0.073958 0.558333 0.071615 0.551852 0.071094
0 0.575000 0.063281 0.571296 0.065104 0.567593 0.068490 0.565741 0.072396 0.568056 0.076563 0.572685 0.079427 0.581019 0.081510 0.594444 0.081771 0.598611 0.080469 0.600000 0.079427 0.600926 0.076042 0.599074 0.072135 0.593981 0.066406 0.585185 0.062500 0.579167 0.062240
0 0.585185 0.056510 0.585648 0.060677 0.588889 0.063021 0.601852 0.065365 0.615278 0.065885 0.621759 0.064062 0.626852 0.060677 0.624537 0.056510 0.616204 0.052604 0.601852 0.050000 0.593056 0.050000 0.587963 0.052604
0 0.668981 0.051562 0.662963 0.052604 0.657870 0.055990 0.655556 0.060156 0.655093 0.065365 0.656944 0.068490 0.661574 0.071094 0.670370 0.072135 0.676852 0.070833 0.680556 0.068490 0.683796 0.064583 0.683796 0.061719 0.682407 0.056771 0.680093 0.053906 0.677315 0.052344
0 0.704630 0.083854 0.691204 0.080990 0.681944 0.081771 0.677315 0.083073 0.673148 0.086198 0.671296 0.091667 0.672685 0.094271 0.676852 0.097917 0.681019 0.099479 0.685648 0.099740 0.691204 0.099219 0.696296 0.097396 0.702315 0.093750 0.707870 0.089063 0.708333 0.087240 0.707407 0.085677
0 0.655556 0.092969 0.650463 0.095312 0.648611 0.099219 0.650000 0.107813 0.653241 0.109896 0.657407 0.110677 0.663889 0.111198 0.670370 0.110417 0.673611 0.108333 0.677778 0.107292 0.679630 0.105990 0.680556 0.104167 0.679630 0.099479 0.675463 0.096354 0.669907 0.093490 0.664815 0.092708
0 0.633796 0.095312 0.626852 0.096354 0.620833 0.098698 0.617130 0.103385 0.617130 0.107813 0.618981 0.110677 0.624074 0.114062 0.628241 0.115365 0.636111 0.115625 0.642593 0.114062 0.647222 0.111458 0.649537 0.107552 0.648611 0.099740 0.647222 0.098177 0.642593 0.096354
0 0.628704 0.075260 0.621296 0.074740 0.614352 0.075781 0.610185 0.077604 0.606019 0.080990 0.602315 0.088021 0.604167 0.091927 0.607870 0.094792 0.613426 0.095833 0.622685 0.095312 0.625926 0.094271 0.629630 0.091667 0.634722 0.084375 0.634722 0.079687 0.631019 0.076302
0 0.579630 0.082552 0.572685 0.086719 0.570370 0.091406 0.571759 0.095833 0.576852 0.097917 0.581944 0.101562 0.584722 0.102344 0.588426 0.102604 0.593981 0.101823 0.598148 0.100260 0.604167 0.095833 0.604167 0.091406 0.593981 0.084896
0 0.564815 0.097656 0.557870 0.103646 0.555556 0.107031 0.556019 0.108073 0.562037 0.110417 0.572222 0.112240 0.580093 0.111979 0.583333 0.108073 0.583333 0.103125 0.580093 0.099219 0.573611 0.096875
0 0.541204 0.089063 0.534722 0.091927 0.533333 0.095833 0.535185 0.099219 0.542593 0.104427 0.550463 0.106250 0.555093 0.105990 0.557870 0.104948 0.563426 0.099740 0.564352 0.095052 0.562963 0.091667 0.558796 0.089583 0.553704 0.088542 0.543981 0.088542
0 0.515278 0.108854 0.513889 0.110937 0.514815 0.115625 0.516667 0.118490 0.518981 0.119792 0.530556 0.121875 0.538889 0.121615 0.549074 0.119271 0.550000 0.115104 0.544907 0.109635 0.538889 0.106510 0.532407 0.104948 0.522685 0.105208 0.519444 0.105990
0 0.565741 0.112240 0.557870 0.113802 0.554630 0.115625 0.550000 0.119792 0.549074 0.125000 0.550000 0.128385 0.552778 0.130469 0.568056 0.132812 0.573148 0.132292 0.579167 0.123177 0.579167 0.118750 0.574537 0.113542
0 0.589352 0.104948 0.584259 0.107813 0.581481 0.111198 0.581481 0.115625 0.584259 0.118490 0.593056 0.122135 0.600463 0.123698 0.607870 0.123958 0.614815 0.122135 0.616204 0.119792 0.615741 0.115885 0.612963 0.111198 0.609259 0.108073 0.600926 0.103906 0.593056 0.103646
0 0.666667 0.113281 0.664352 0.111979 0.656944 0.110677 0.649074 0.110937 0.643056 0.113281 0.636111 0.117188 0.631944 0.122656 0.632870 0.125781 0.636574 0.127083 0.649074 0.127865 0.661574 0.125781 0.666667 0.123177 0.668981 0.119792 0.668519 0.116406
0 0.691204 0.105990 0.679630 0.106510 0.674074 0.108333 0.668981 0.112240 0.668056 0.115365 0.669444 0.120313 0.671296 0.122135 0.676852 0.124479 0.683333 0.125260 0.689352 0.124479 0.694444 0.122135 0.696296 0.120313 0.698611 0.115365 0.699074 0.111198 0.695833 0.107292
0 0.710648 0.106771 0.707407 0.107292 0.701389 0.111458 0.699074 0.114583 0.697685 0.120052 0.699537 0.123958 0.702315 0.126302 0.707870 0.127604 0.714352 0.127865 0.719444 0.126823 0.725926 0.123698 0.727778 0.120313 0.727778 0.118229 0.725463 0.113542 0.723148 0.111198 0.715741 0.107292
0 0.738426 0.096615 0.733333 0.098177 0.728704 0.101302 0.727315 0.103125 0.726852 0.108333 0.728241 0.110417 0.739352 0.115365 0.746759 0.115885 0.755556 0.109635 0.756944 0.103385 0.755093 0.100000 0.751852 0.097396 0.747685 0.096354
0 0.759259 0.109375 0.751852 0.111719 0.746759 0.114844 0.745833 0.116406 0.746296 0.121615 0.747222 0.123177 0.753704 0.126042 0.758333 0.126823 0.768056 0.126823 0.774074 0.124219 0.778241 0.120052 0.777778 0.113281 0.775926 0.111719 0.771759 0.110417
0 0.791667 0.095573 0.788426 0.094271 0.778704 0.094010 0.774074 0.094792 0.762037 0.099479 0.758796 0.103125 0.759259 0.108854 0.761574 0.109635 0.770370 0.110417 0.774074 0.111979 0.782407 0.110937 0.787500 0.107552 0.790278 0.104167 0.791667 0.100781
0 0.781019 0.076563 0.775000 0.080208 0.772222 0.084115 0.771759 0.088542 0.774074 0.091406 0.779630 0.093229 0.793056 0.094531 0.802778 0.093750 0.807407 0.092188 0.809722 0.089323 0.808796 0.083854 0.804167 0.080208 0.794444 0.076042 0.787963 0.075260
0 0.918056 0.114844 0.913426 0.117448 0.908796 0.122656 0.908333 0.127083 0.911111 0.129167 0.918519 0.132292 0.925000 0.133594 0.934259 0.133594 0.942593 0.132031 0.944907 0.130208 0.946296 0.126562 0.944444 0.121875 0.941204 0.118229 0.936574 0.115625 0.928704 0.113542 0.924537 0.113542
0 0.864352 0.119010 0.855093 0.122917 0.853241 0.127344 0.862037 0.135677 0.870370 0.137760 0.879167 0.137500 0.881481 0.135937 0.882407 0.133333 0.882407 0.126562 0.878704 0.121354 0.873611 0.119010
0 0.850463 0.126042 0.843981 0.125260 0.838426 0.125781 0.831481 0.127865 0.825000 0.132812 0.823148 0.135417 0.822685 0.139583 0.825000 0.142708 0.829630 0.144792 0.837500 0.145573 0.851852 0.143490 0.855093 0.141927 0.856944 0.139583 0.858796 0.134115 0.857407 0.130469
0 0.857870 0.107031 0.846296 0.107292 0.839352 0.108854 0.835185 0.111198 0.834259 0.114323 0.835185 0.119531 0.836574 0.121615 0.839815 0.123438 0.843519 0.124479 0.851389 0.125000 0.865278 0.118750 0.868981 0.111458 0.868519 0.110417 0.866204 0.108854
0 0.814352 0.109375 0.805556 0.111458 0.798611 0.114844 0.797222 0.116927 0.797222 0.119792 0.800463 0.123438 0.808333 0.125781 0.815278 0.129427 0.823611 0.128906 0.827315 0.127865 0.834722 0.123177 0.834722 0.114844 0.832407 0.113021 0.817130 0.109375
0 0.823148 0.092448 0.817593 0.091406 0.813426 0.091406 0.806944 0.092969 0.802315 0.095312 0.800000 0.097396 0.798611 0.100260 0.794444 0.103385 0.793056 0.106510 0.794907 0.112760 0.801852 0.112500 0.816204 0.108333 0.827778 0.102604 0.829630 0.099740 0.828704 0.095573
0 0.794907 0.124479 0.787963 0.127344 0.784722 0.130729 0.784259 0.135156 0.787500 0.139844 0.790278 0.141406 0.795370 0.142448 0.801852 0.145313 0.808796 0.144271 0.814352 0.139844 0.816204 0.135937 0.816204 0.130729 0.812500 0.127344 0.808333 0.125260 0.803241 0.123958
0 0.782407 0.134635 0.779167 0.133073 0.767130 0.129688 0.758796 0.129427 0.747685 0.131510 0.743981 0.134115 0.741667 0.138021 0.741667 0.142969 0.744444 0.147135 0.748148 0.148438 0.755093 0.148698 0.765278 0.147396 0.773148 0.145573 0.780556 0.142448 0.783333 0.139583
0 0.787037 0.140885 0.781481 0.142187 0.772685 0.147135 0.770370 0.149740 0.770370 0.154948 0.773148 0.158333 0.778241 0.160677 0.785648 0.162240 0.790278 0.162240 0.795833 0.161198 0.800926 0.158073 0.805093 0.151823 0.805093 0.146615 0.796296 0.142187
0 0.852315 0.143490 0.843056 0.144531 0.838889 0.145573 0.833796 0.147656 0.831481 0.150260 0.833333 0.154427 0.840278 0.155990 0.850463 0.160417 0.861111 0.157292 0.866204 0.151302 0.864815 0.146354 0.857870 0.144010
0 0.878241 0.139063 0.873148 0.141146 0.866204 0.146094 0.868519 0.154948 0.872222 0.157812 0.877778 0.158854 0.893519 0.158333 0.897685 0.155990 0.899537 0.151562 0.899537 0.146354 0.896296 0.142969 0.889815 0.139583 0.886574 0.138802
0 0.913426 0.143490 0.908333 0.144531 0.900463 0.148438 0.898611 0.151042 0.897685 0.153906 0.898148 0.158333 0.900926 0.160938 0.906019 0.163802 0.913426 0.163281 0.921759 0.158073 0.924074 0.154688 0.925000 0.150000 0.922685 0.146615 0.919444 0.144792
0 0.933333 0.139583 0.927778 0.141667 0.923611 0.146094 0.924537 0.149219 0.924074 0.156250 0.925463 0.157812 0.933796 0.160938 0.941204 0.161198 0.948148 0.159375 0.954630 0.156250 0.956019 0.154427 0.956019 0.149740 0.953241 0.146094 0.944907 0.140104 0.941667 0.139323
0 0.948611 0.133854 0.943981 0.138281 0.947222 0.142187 0.954630 0.147396 0.963426 0.147135 0.968056 0.144792 0.972222 0.140885 0.973148 0.138021 0.971759 0.135677 0.968981 0.134115 0.960648 0.132812 0.953241 0.132812
0 0.974537 0.148177 0.965278 0.149479 0.958796 0.152344 0.957407 0.153906 0.956944 0.158594 0.970370 0.167448 0.975926 0.168490 0.979630 0.167448 0.982870 0.165104 0.984722 0.161198 0.985185 0.153385 0.981481 0.149219
0 0.848611 0.159896 0.843981 0.157031 0.838426 0.155208 0.836111 0.154948 0.830093 0.155990 0.819907 0.161979 0.816204 0.165885 0.816667 0.169792 0.821296 0.171354 0.832407 0.171094 0.837500 0.171615 0.843981 0.171094 0.847685 0.168750 0.849537 0.166406 0.850463 0.161979
0 0.910648 0.227865 0.905093 0.232031 0.905093 0.236458 0.911574 0.240625 0.918519 0.241927 0.927778 0.242448 0.933333 0.240885 0.940278 0.236458 0.938889 0.232031 0.934722 0.228385 0.924537 0.226823 0.916667 0.226823
0 0.917130 0.213281 0.914815 0.214844 0.911111 0.219531 0.910185 0.224740 0.912037 0.225781 0.916667 0.226823 0.932870 0.228125 0.939352 0.227083 0.942130 0.225000 0.942130 0.222396 0.938889 0.216667 0.933796 0.213542 0.927778 0.211719 0.920370 0.212240
0 0.898611 0.205208 0.889815 0.208073 0.883333 0.216146 0.883333 0.219271 0.884259 0.221094 0.891667 0.223698 0.899537 0.224219 0.906481 0.223438 0.908796 0.222135 0.913426 0.217188 0.912963 0.212500 0.907870 0.207552 0.902778 0.205729
0 0.898148 0.187760 0.892593 0.186979 0.885185 0.187500 0.874074 0.193490 0.870370 0.197135 0.869907 0.201302 0.884722 0.206510 0.893056 0.206250 0.900000 0.204687 0.904167 0.201823 0.906019 0.196354 0.903704 0.191406
0 0.884722 0.181510 0.881019 0.179427 0.872222 0.177344 0.864815 0.178125 0.858796 0.179688 0.853241 0.183073 0.849537 0.187760 0.849074 0.189844 0.850926 0.194271 0.856481 0.196354 0.862500 0.196354 0.871759 0.195312 0.875463 0.192969 0.883333 0.189583 0.888889 0.185677
0 0.872685 0.158854 0.864815 0.158073 0.858796 0.158854 0.854167 0.160938 0.850463 0.164323 0.847685 0.170052 0.850926 0.173698 0.857407 0.177865 0.865278 0.177865 0.872222 0.176302 0.880556 0.172396 0.881481 0.170833 0.880556 0.165625 0.875463 0.160156
0 0.887037 0.171094 0.882407 0.173437 0.882407 0.178385 0.883796 0.180729 0.889815 0.185938 0.899537 0.186979 0.905556 0.184896 0.910185 0.182292 0.914815 0.177344 0.912500 0.173698 0.906944 0.171354 0.900000 0.170313 0.891667 0.170313
0 0.919907 0.158854 0.910185 0.164323 0.909259 0.166927 0.909259 0.170573 0.910185 0.171615 0.917130 0.175260 0.919907 0.176042 0.928704 0.175260 0.936111 0.173698 0.937963 0.172656 0.939815 0.170052 0.938889 0.165365 0.937500 0.163281 0.934722 0.161458 0.927778 0.158854
0 0.940741 0.162240 0.939352 0.165625 0.939815 0.170052 0.940741 0.171354 0.944907 0.173177 0.950000 0.173958 0.954630 0.175521 0.962500 0.175000 0.966667 0.173958 0.971759 0.170052 0.968981 0.165885 0.962963 0.161979 0.955556 0.159115 0.947222 0.159635
0 0.955556 0.176042 0.950463 0.174219 0.941667 0.172396 0.925463 0.175521 0.922222 0.176563 0.916667 0.181771 0.916204 0.185938 0.919907 0.188542 0.926389 0.190104 0.938426 0.189583 0.948148 0.190365 0.954630 0.186719 0.956944 0.183333 0.957407 0.179948
0 0.947222 0.191146 0.943056 0.190104 0.935185 0.189583 0.927315 0.190365 0.925000 0.191146 0.917130 0.196615 0.914815 0.200781 0.915741 0.204167 0.918056 0.206510 0.925463 0.208854 0.934259 0.209115 0.941667 0.207813 0.946759 0.204948 0.950463 0.201302 0.950926 0.196615
0 0.837963 0.232292 0.831481 0.229167 0.823611 0.227604 0.815741 0.228646 0.809259 0.231250 0.804167 0.234896 0.802315 0.239323 0.803704 0.242708 0.806481 0.245052 0.810185 0.246354 0.825463 0.246615 0.829167 0.246094 0.836111 0.242188 0.837963 0.240365 0.838889 0.236458
0 0.857407 0.226823 0.854630 0.228125 0.847222 0.229948 0.842130 0.232813 0.839352 0.240365 0.840278 0.244271 0.846296 0.248177 0.858333 0.250260 0.864352 0.248958 0.874074 0.243750 0.875463 0.241667 0.875463 0.238802 0.874074 0.235417 0.868981 0.230990 0.865278 0.229167
0 0.877315 0.222135 0.871296 0.224479 0.868981 0.227865 0.870370 0.232292 0.874074 0.235937 0.876389 0.241146 0.879167 0.242969 0.893056 0.242969 0.896759 0.241406 0.902778 0.236198 0.903704 0.232031 0.901852 0.228385 0.894907 0.224479 0.889352 0.223698 0.885185 0.222396
0 0.871296 0.202083 0.864352 0.201823 0.856019 0.203906 0.848611 0.208854 0.850463 0.212240 0.856481 0.216667 0.857407 0.220052 0.859259 0.221094 0.864815 0.221615 0.877778 0.219531 0.879630 0.218490 0.883796 0.213021 0.881944 0.207813 0.874537 0.203125
0 0.833796 0.210677 0.829167 0.212760 0.826852 0.215365 0.825463 0.225000 0.827778 0.227344 0.830556 0.228646 0.837500 0.230469 0.844907 0.230729 0.852778 0.227865 0.856481 0.225000 0.857407 0.220052 0.853704 0.214844 0.847685 0.211198 0.844907 0.210417
0 0.816204 0.208854 0.810648 0.210156 0.805556 0.212500 0.801389 0.216406 0.802315 0.224740 0.804630 0.227344 0.807870 0.228385 0.814815 0.228385 0.819444 0.227344 0.823148 0.225260 0.825926 0.217188 0.825000 0.213021 0.821296 0.210156
0 0.801389 0.212500 0.795833 0.209375 0.788426 0.208073 0.777315 0.209115 0.774074 0.210677 0.768981 0.216146 0.769907 0.220833 0.773611 0.223438 0.781481 0.223177 0.795370 0.224219 0.800926 0.217188
0 0.793981 0.196354 0.786111 0.201563 0.785185 0.203906 0.785648 0.206510 0.789352 0.208594 0.796759 0.210156 0.801852 0.212240 0.809259 0.211458 0.812500 0.209375 0.814815 0.205208 0.814815 0.200781 0.813426 0.199219 0.807407 0.195833 0.799074 0.195573
0 0.809259 0.177083 0.802778 0.176302 0.798148 0.177083 0.789352 0.181771 0.785648 0.185156 0.787500 0.192448 0.790278 0.194531 0.794444 0.195833 0.809722 0.195312 0.812963 0.193229 0.815741 0.190104 0.817130 0.185156 0.812963 0.179167
0 0.828704 0.170573 0.819907 0.171875 0.817593 0.173177 0.813426 0.178125 0.818056 0.187760 0.821296 0.189323 0.831019 0.190625 0.843519 0.184896 0.845833 0.181510 0.846296 0.177083 0.841204 0.171875
0 0.816204 0.190885 0.814352 0.194531 0.817593 0.201563 0.823148 0.204948 0.828704 0.209896 0.837963 0.209896 0.846759 0.206250 0.848611 0.204427 0.849537 0.200781 0.845370 0.197396 0.830556 0.191146 0.824074 0.190104
0 0.774074 0.222135 0.772222 0.223958 0.772222 0.229167 0.774537 0.234635 0.778704 0.240104 0.786574 0.241927 0.795370 0.241146 0.803704 0.236719 0.804630 0.232292 0.800926 0.228385 0.793056 0.223958
0 0.760648 0.233594 0.752778 0.233333 0.745370 0.234896 0.742593 0.236198 0.739815 0.240104 0.739352 0.244271 0.743056 0.249479 0.745370 0.251302 0.752315 0.253646 0.754167 0.253646 0.761574 0.251042 0.766204 0.244271 0.766204 0.236198 0.764352 0.234635
0 0.724537 0.212760 0.715741 0.220573 0.715278 0.224740 0.716667 0.227604 0.719444 0.230208 0.723148 0.232031 0.727315 0.232292 0.733796 0.231250 0.738889 0.228906 0.742593 0.225781 0.743056 0.222917 0.741667 0.218750 0.736574 0.214844 0.732870 0.213542
0 0.718519 0.212760 0.705556 0.209115 0.693056 0.209635 0.688426 0.212240 0.685648 0.216146 0.687037 0.220833 0.690741 0.223698 0.694907 0.224479 0.699074 0.224479 0.711574 0.222656 0.716204 0.220833 0.719907 0.216927
0 0.737037 0.186198 0.735648 0.188802 0.735648 0.193750 0.740741 0.196094 0.748148 0.196875 0.762500 0.195573 0.768519 0.196615 0.774537 0.195833 0.776852 0.193750 0.776852 0.189062 0.772685 0.185417 0.760648 0.181250 0.754167 0.180469 0.746296 0.180990
0 0.425000 0.118750 0.425000 0.123958 0.433796 0.128385 0.447222 0.128646 0.453241 0.127865 0.455093 0.126823 0.457870 0.120573 0.457870 0.117708 0.456944 0.115625 0.455093 0.114323 0.447685 0.112500 0.439815 0.112240 0.431019 0.114583
0 0.477315 0.116667 0.468519 0.116927 0.464352 0.117969 0.461574 0.119531 0.459259 0.122917 0.458333 0.127344 0.464352 0.133333 0.468056 0.134896 0.475463 0.134375 0.479167 0.132812 0.486574 0.130990 0.489352 0.128125 0.488426 0.122917 0.482407 0.118229
0 0.504630 0.104948 0.494907 0.104948 0.491667 0.105469 0.483796 0.109375 0.482407 0.110937 0.481019 0.114323 0.481944 0.117448 0.487963 0.122656 0.489352 0.125000 0.492593 0.126042 0.497685 0.126302 0.505093 0.124740 0.512037 0.122396 0.515741 0.119271 0.512500 0.109635 0.509259 0.106771
0 0.527778 0.121354 0.524537 0.120833 0.517130 0.121094 0.508796 0.124740 0.505556 0.128125 0.501852 0.130469 0.503241 0.134896 0.510648 0.139063 0.517593 0.140104 0.524074 0.139063 0.537500 0.134896 0.538889 0.132292 0.537500 0.126823 0.534722 0.124479
0 0.540278 0.133594 0.539352 0.135937 0.540278 0.140365 0.543981 0.142448 0.550000 0.142969 0.559722 0.142448 0.564352 0.141406 0.566204 0.140365 0.569907 0.135156 0.569444 0.133854 0.566667 0.132292 0.555093 0.130990 0.545370 0.131510
0 0.582407 0.128125 0.579167 0.130469 0.575926 0.134635 0.578241 0.138802 0.588426 0.144531 0.594444 0.145573 0.606019 0.144010 0.611111 0.139063 0.612500 0.136458 0.612500 0.134115 0.609722 0.130469 0.606944 0.128906 0.600926 0.127344 0.586574 0.127083
0 0.645370 0.135937 0.640278 0.133594 0.636111 0.132552 0.627778 0.133073 0.619907 0.134635 0.613889 0.136719 0.610185 0.138802 0.607870 0.142187 0.608333 0.146615 0.614352 0.149479 0.620833 0.150781 0.628704 0.148698 0.636111 0.148438 0.642593 0.148958 0.647685 0.142969 0.647685 0.138542
0 0.650000 0.129688 0.647685 0.135156 0.650000 0.140625 0.654167 0.143750 0.656944 0.144271 0.669444 0.141406 0.677315 0.140365 0.684259 0.140365 0.685185 0.139844 0.685648 0.136979 0.684722 0.133333 0.679167 0.129948 0.663426 0.126823 0.655093 0.127604
0 0.717130 0.128646 0.702315 0.127344 0.696759 0.127604 0.688426 0.129688 0.686574 0.130729 0.686111 0.135937 0.687037 0.139063 0.689352 0.141667 0.692130 0.142969 0.698148 0.144010 0.704167 0.143490 0.713426 0.140885 0.716667 0.139063 0.719907 0.134896 0.719444 0.130469
0 0.718056 0.139583 0.708796 0.142187 0.706944 0.143229 0.704630 0.145833 0.705093 0.150521 0.715741 0.155990 0.722685 0.157552 0.726852 0.157812 0.732407 0.155990 0.736111 0.153646 0.740278 0.147135 0.740278 0.145833 0.737963 0.142708 0.736111 0.141667 0.726389 0.139583
0 0.761574 0.195573 0.753241 0.195833 0.745370 0.197656 0.741667 0.199740 0.735648 0.204948 0.737037 0.210938 0.740278 0.213542 0.745370 0.215885 0.753241 0.217188 0.764815 0.216146 0.767593 0.215365 0.772222 0.212760 0.776852 0.206250 0.775463 0.200521 0.769444 0.197396
0 0.705556 0.191927 0.696759 0.192448 0.689352 0.196615 0.687037 0.199479 0.687037 0.205208 0.690741 0.208073 0.693519 0.209115 0.700000 0.209375 0.706019 0.208594 0.710648 0.206250 0.714815 0.201302 0.714815 0.197135 0.712037 0.194531
0 0.718981 0.178646 0.713426 0.179688 0.707407 0.182812 0.703704 0.185677 0.701852 0.189844 0.704167 0.191927 0.713889 0.196094 0.718056 0.197135 0.725926 0.197917 0.734722 0.193229 0.736111 0.184896 0.733796 0.181250 0.730556 0.179427 0.725926 0.178385
0 0.731944 0.165365 0.725463 0.163542 0.717130 0.165625 0.712037 0.168750 0.707870 0.173958 0.712963 0.178646 0.719444 0.179167 0.725926 0.178385 0.732870 0.179688 0.739352 0.176563 0.741667 0.173437 0.738426 0.169271
0 0.732870 0.155208 0.727315 0.158073 0.726852 0.162500 0.727778 0.163802 0.732870 0.166406 0.737963 0.169792 0.739352 0.171875 0.743056 0.173958 0.744907 0.174479 0.753704 0.174219 0.755556 0.172135 0.756944 0.167708 0.756944 0.164844 0.755556 0.162240 0.746759 0.155469 0.741667 0.154427 0.737037 0.154427
0 0.237037 0.357812 0.232407 0.360156 0.228241 0.364583 0.229630 0.369792 0.231944 0.373698 0.234259 0.375260 0.238889 0.376563 0.248611 0.376823 0.255556 0.375781 0.259722 0.373437 0.261111 0.370052 0.260648 0.367708 0.256944 0.363281 0.251389 0.359635 0.246759 0.357812 0.239815 0.357292
0 0.559722 0.215625 0.558333 0.220833 0.561111 0.223177 0.565278 0.225000 0.572222 0.225781 0.579630 0.227604 0.588426 0.227865 0.593519 0.227083 0.597222 0.224740 0.597685 0.220573 0.595370 0.216927 0.584259 0.212500 0.579167 0.211979 0.565741 0.211979
0 0.587963 0.238281 0.585185 0.240625 0.583333 0.244792 0.585185 0.248958 0.589352 0.252083 0.593519 0.253125 0.615278 0.252344 0.618056 0.248177 0.617130 0.244271 0.614352 0.241146 0.609722 0.238021 0.601852 0.235417 0.592130 0.236719
0 0.565278 0.224740 0.561574 0.226302 0.560185 0.228385 0.561574 0.240885 0.566204 0.244010 0.568519 0.244531 0.574537 0.244792 0.581019 0.243750 0.585185 0.241667 0.588889 0.236458 0.587037 0.231510 0.578704 0.226562
0 0.543981 0.225521 0.536574 0.227344 0.533333 0.229167 0.526389 0.235417 0.525926 0.236979 0.528241 0.242708 0.531481 0.245312 0.536574 0.246354 0.546296 0.246875 0.551852 0.245312 0.559259 0.240365 0.560648 0.236198 0.559259 0.231771 0.556481 0.227865 0.550926 0.226042
0 0.508796 0.217708 0.502315 0.218750 0.498611 0.223958 0.499537 0.228906 0.507407 0.236979 0.509722 0.238281 0.518981 0.237500 0.523611 0.236198 0.530093 0.232552 0.531944 0.228385 0.528704 0.224740 0.517593 0.218490
0 0.516204 0.199740 0.510185 0.199219 0.502315 0.200000 0.496759 0.202083 0.493981 0.204948 0.493056 0.209896 0.494444 0.213021 0.496296 0.214844 0.503241 0.217969 0.513889 0.217188 0.517593 0.216146 0.521296 0.213542 0.524074 0.209115 0.521759 0.204167
0 0.562500 0.212760 0.560648 0.209115 0.556481 0.205729 0.553241 0.204687 0.544907 0.204687 0.536111 0.205990 0.527315 0.208333 0.522685 0.212500 0.521296 0.216927 0.537037 0.221354 0.545833 0.222135 0.555556 0.220052
0 0.716204 0.227865 0.712963 0.227083 0.704630 0.227344 0.695370 0.231250 0.690278 0.236198 0.688889 0.239844 0.689815 0.241927 0.693519 0.244792 0.704167 0.245573 0.709259 0.245052 0.715278 0.243229 0.721296 0.240365 0.723148 0.236458 0.722685 0.232292
0 0.529167 0.188542 0.524074 0.189583 0.519907 0.193229 0.518519 0.198177 0.519444 0.201563 0.524074 0.206250 0.531481 0.207292 0.542593 0.204687 0.548611 0.203932 0.554491 0.203281 0.555833 0.199661 0.543981 0.192708 0.541204 0.190625 0.531944 0.188542
0 0.569907 0.194271 0.553704 0.199948 0.557407 0.205469 0.561574 0.209115 0.567593 0.211198 0.580556 0.211719 0.586574 0.210417 0.591667 0.201302 0.589352 0.197917 0.587037 0.196354 0.580093 0.194010 0.572685 0.193750
0 0.567130 0.177083 0.562037 0.177604 0.556944 0.179688 0.548148 0.185156 0.547222 0.189583 0.558333 0.194792 0.566667 0.195052 0.573611 0.194271 0.581481 0.191406 0.584722 0.188802 0.585648 0.185417 0.583333 0.183333 0.575926 0.179167
0 0.531481 0.173698 0.526852 0.175000 0.522222 0.177604 0.522685 0.181510 0.526852 0.186719 0.529167 0.188021 0.537500 0.189844 0.543519 0.189323 0.546296 0.188021 0.550463 0.182552 0.549074 0.176563 0.546759 0.175000 0.540278 0.173698
0 0.508333 0.178906 0.502778 0.179688 0.499074 0.181510 0.495370 0.185417 0.495833 0.189583 0.500000 0.196094 0.503704 0.198437 0.511574 0.198958 0.513889 0.198437 0.517593 0.196094 0.523611 0.189844 0.525926 0.185417 0.522222 0.181250 0.519444 0.179948 0.515278 0.179167
0 0.480093 0.187500 0.475463 0.188021 0.468519 0.192188 0.465741 0.196615 0.465741 0.201302 0.468519 0.204427 0.470833 0.205469 0.476852 0.207031 0.483796 0.207292 0.489352 0.206510 0.493519 0.204687 0.497685 0.200781 0.499537 0.197135 0.497222 0.192448 0.490741 0.188281
0 0.489815 0.209896 0.481944 0.209896 0.476389 0.211198 0.472685 0.213802 0.470370 0.221094 0.472222 0.223438 0.477315 0.226823 0.483796 0.227344 0.491667 0.226302 0.496759 0.225000 0.498611 0.223438 0.500000 0.221094 0.499074 0.216927
0 0.480093 0.227083 0.471759 0.232292 0.471759 0.236979 0.475000 0.240365 0.480093 0.242969 0.488889 0.244792 0.496759 0.244531 0.500463 0.243490 0.505093 0.240365 0.506944 0.236198 0.496759 0.227083 0.489815 0.226302
0 0.468981 0.236458 0.459259 0.236979 0.453704 0.238281 0.450463 0.240104 0.449074 0.244271 0.451389 0.248177 0.457407 0.251042 0.460185 0.251563 0.468981 0.251302 0.477778 0.248177 0.479630 0.244010 0.475000 0.240104
0 0.462037 0.220052 0.452778 0.219792 0.446759 0.221615 0.442130 0.224740 0.440278 0.227865 0.441204 0.232813 0.444444 0.235417 0.450926 0.237240 0.456019 0.237500 0.464815 0.235677 0.469444 0.233333 0.472685 0.230469 0.473611 0.228906 0.472685 0.224479 0.465741 0.221094
0 0.612963 0.218750 0.608333 0.219792 0.600926 0.224479 0.600000 0.228906 0.605093 0.233854 0.615278 0.240365 0.621759 0.241146 0.629167 0.236458 0.631944 0.231771 0.632407 0.225781 0.631944 0.224740 0.628704 0.224219 0.622222 0.219792 0.616667 0.218750
0 0.648148 0.217708 0.641667 0.218490 0.634259 0.220573 0.632407 0.221615 0.630556 0.224740 0.632407 0.229427 0.635648 0.232813 0.642130 0.235937 0.647685 0.236979 0.651389 0.236979 0.658333 0.235677 0.659722 0.234375 0.661111 0.229687 0.661111 0.224219 0.652778 0.218750
0 0.665741 0.222656 0.662963 0.224479 0.660648 0.232292 0.661574 0.234635 0.665278 0.236979 0.669444 0.238281 0.676852 0.239583 0.684259 0.239063 0.689815 0.236198 0.693519 0.232813 0.694444 0.228125 0.693056 0.225521 0.684259 0.220833 0.675926 0.220833
0 0.606944 0.198958 0.596296 0.200521 0.593519 0.201823 0.588889 0.208333 0.588889 0.210938 0.589815 0.213021 0.594907 0.215885 0.602778 0.217708 0.609259 0.218229 0.615741 0.216927 0.617130 0.214062 0.617130 0.209375 0.616204 0.206771 0.609259 0.199740
0 0.610648 0.180990 0.607870 0.180469 0.600463 0.180990 0.587963 0.185417 0.585185 0.189323 0.586111 0.192448 0.588889 0.195573 0.593981 0.198698 0.601389 0.199479 0.610648 0.196615 0.612963 0.195052 0.616667 0.189062 0.617130 0.185417 0.613889 0.182292
0 0.770833 0.171354 0.763889 0.174479 0.761574 0.177344 0.762037 0.181771 0.774074 0.186198 0.781481 0.186198 0.784259 0.185417 0.797222 0.178125 0.795833 0.173698 0.793056 0.172917 0.779167 0.171094 0.773611 0.170833
0 0.606019 0.165885 0.603241 0.167708 0.599074 0.173437 0.601389 0.178125 0.603241 0.179167 0.607407 0.180208 0.616204 0.180729 0.628704 0.179688 0.631019 0.178385 0.632870 0.174479 0.632407 0.172656 0.625463 0.166667 0.621759 0.164583 0.613889 0.163542
0 0.662963 0.154948 0.659259 0.155990 0.653241 0.159635 0.649074 0.166146 0.651389 0.168490 0.658333 0.170313 0.662500 0.172135 0.670833 0.172656 0.676389 0.170833 0.678241 0.169271 0.679630 0.165625 0.679630 0.161719 0.673611 0.157552
0 0.649074 0.168750 0.640741 0.170313 0.636111 0.172656 0.633333 0.178125 0.635648 0.182292 0.639352 0.184375 0.649537 0.187760 0.659259 0.186458 0.665741 0.184115 0.667130 0.180990 0.667130 0.175260 0.666204 0.173437 0.662037 0.171354
0 0.620833 0.185677 0.618519 0.186979 0.614352 0.192708 0.614352 0.194531 0.616204 0.197656 0.621296 0.200521 0.627315 0.202083 0.642593 0.202344 0.648148 0.201302 0.650000 0.198437 0.650926 0.193490 0.649537 0.189062 0.643519 0.185938 0.635648 0.183333 0.628704 0.183594
0 0.645833 0.202865 0.637500 0.201823 0.627778 0.202083 0.624074 0.202865 0.619907 0.205990 0.618056 0.208854 0.619444 0.216927 0.628241 0.221615 0.638889 0.219792 0.649537 0.216406 0.651852 0.213281 0.651852 0.208333 0.648611 0.204427
0 0.676389 0.207031 0.662963 0.206510 0.653704 0.210417 0.651852 0.212760 0.651852 0.217188 0.656481 0.220833 0.663426 0.222917 0.674537 0.220573 0.679630 0.218229 0.681019 0.215885 0.681481 0.211979 0.679167 0.208333
0 0.677315 0.185156 0.669907 0.185677 0.667130 0.186719 0.659722 0.193229 0.657870 0.197135 0.657407 0.201563 0.663426 0.205729 0.668056 0.206510 0.677315 0.206510 0.683796 0.204427 0.685185 0.203125 0.687037 0.196875 0.682870 0.189062
0 0.685185 0.173177 0.681019 0.175000 0.678241 0.177604 0.676852 0.180990 0.677778 0.185417 0.684722 0.189583 0.688426 0.190104 0.697685 0.189844 0.703704 0.184896 0.704630 0.182812 0.704167 0.175521 0.701389 0.174219 0.691204 0.172656
0 0.681944 0.160677 0.680093 0.162240 0.679630 0.166667 0.682407 0.170573 0.686111 0.172396 0.705093 0.174479 0.709722 0.171615 0.714815 0.166146 0.712037 0.160417 0.706944 0.158594 0.698611 0.158073 0.689815 0.158333
0 0.662037 0.143229 0.660185 0.144792 0.657407 0.150260 0.659259 0.153646 0.661574 0.155469 0.675000 0.158073 0.676852 0.159375 0.684722 0.159635 0.692130 0.157031 0.696296 0.150521 0.695370 0.146094 0.692593 0.144010 0.686111 0.141667 0.680556 0.140625 0.670370 0.141146
0 0.635185 0.148698 0.628241 0.149219 0.620833 0.152344 0.616204 0.156250 0.615278 0.159375 0.616667 0.163021 0.622222 0.165365 0.628704 0.169792 0.635648 0.171615 0.643056 0.169271 0.648611 0.166146 0.651852 0.158073 0.649537 0.154427 0.646759 0.152344 0.642593 0.150260
0 0.597222 0.145052 0.593981 0.145573 0.589815 0.148177 0.583796 0.150260 0.581481 0.154948 0.583796 0.158333 0.600926 0.162760 0.607407 0.159896 0.612037 0.156771 0.613889 0.154427 0.614352 0.150260 0.611111 0.147656 0.606481 0.146615 0.605093 0.145573
0 0.579630 0.158854 0.571296 0.163802 0.569907 0.166146 0.569444 0.170573 0.575926 0.176042 0.579167 0.177083 0.587500 0.177344 0.597222 0.174479 0.600000 0.170313 0.600000 0.164844 0.597685 0.161979 0.587037 0.158854
0 0.528241 0.159115 0.525926 0.161458 0.525000 0.164844 0.525000 0.169531 0.528241 0.172396 0.530556 0.173177 0.538889 0.173698 0.544907 0.175000 0.552315 0.175000 0.558796 0.172396 0.560648 0.169792 0.558333 0.165365 0.554630 0.162240 0.538426 0.157031
0 0.553704 0.142969 0.548148 0.144531 0.542593 0.147917 0.541204 0.151302 0.541204 0.155208 0.542593 0.157292 0.550463 0.160938 0.560648 0.161458 0.565278 0.160156 0.568056 0.157812 0.570370 0.152344 0.569907 0.147135 0.565278 0.143750 0.560648 0.142969
0 0.513889 0.140625 0.511574 0.141927 0.509259 0.145052 0.507870 0.150000 0.508796 0.151562 0.523611 0.157812 0.532870 0.157031 0.537037 0.154688 0.539352 0.151042 0.538889 0.146615 0.537037 0.144010 0.532870 0.141667 0.524537 0.139323 0.517130 0.139844
0 0.502315 0.153125 0.496296 0.154427 0.493981 0.155729 0.492593 0.157552 0.493056 0.162500 0.498611 0.171354 0.502778 0.172656 0.511111 0.173437 0.519444 0.171094 0.523611 0.168750 0.525926 0.162500 0.525463 0.160156 0.521759 0.157031 0.510648 0.152604
0 0.469444 0.158073 0.467130 0.160417 0.466204 0.166406 0.470370 0.169010 0.475463 0.171094 0.487500 0.171875 0.496759 0.171615 0.498148 0.169792 0.494907 0.164844 0.488889 0.158333 0.482407 0.155990 0.475463 0.155469
0 0.468519 0.172135 0.462500 0.175521 0.460648 0.177344 0.464352 0.182292 0.475463 0.187500 0.490278 0.188021 0.491667 0.187500 0.498611 0.181771 0.498611 0.177083 0.495833 0.173437 0.493056 0.172135 0.483333 0.170833 0.476389 0.170833
0 0.360648 0.147656 0.351389 0.145052 0.343519 0.145052 0.329630 0.147656 0.325926 0.150260 0.324074 0.154167 0.327315 0.160938 0.332870 0.163802 0.337500 0.164844 0.356481 0.159635 0.361574 0.157292 0.363426 0.150260
0 0.323148 0.160938 0.315741 0.161458 0.311574 0.162500 0.304167 0.165885 0.300000 0.169531 0.299537 0.175000 0.300463 0.177083 0.306481 0.180990 0.310648 0.182292 0.316204 0.182812 0.325463 0.181510 0.328241 0.180208 0.329630 0.178646 0.331481 0.171615 0.331019 0.166406 0.328241 0.163281
0 0.357870 0.162500 0.349537 0.162500 0.344444 0.163542 0.339815 0.165104 0.334722 0.168229 0.331944 0.171354 0.330556 0.178385 0.332407 0.180469 0.342593 0.183073 0.350926 0.183073 0.357870 0.181771 0.365278 0.179427 0.367593 0.177344 0.368981 0.174479 0.368056 0.170052 0.363889 0.165885
0 0.284722 0.178385 0.281019 0.181510 0.280093 0.185677 0.281944 0.189583 0.286111 0.193490 0.294444 0.195833 0.303241 0.195052 0.307407 0.194010 0.309259 0.192969 0.311111 0.189844 0.311574 0.184375 0.310185 0.182292 0.302315 0.178125 0.287963 0.177344
0 0.406944 0.244531 0.398611 0.244531 0.396296 0.245312 0.388426 0.252604 0.387963 0.256510 0.389815 0.259896 0.399074 0.262760 0.405556 0.262240 0.415741 0.259635 0.417593 0.257292 0.418056 0.251302 0.417130 0.249740 0.412500 0.246354
0 0.440278 0.235156 0.426852 0.234635 0.420833 0.236979 0.417593 0.239323 0.415278 0.243750 0.416204 0.247917 0.421759 0.251302 0.426389 0.253125 0.437037 0.251042 0.444907 0.248438 0.447222 0.245312 0.447222 0.239323 0.445370 0.237240
0 0.419907 0.220312 0.412500 0.219531 0.401389 0.221615 0.398611 0.223438 0.392593 0.232552 0.400926 0.236719 0.408796 0.238021 0.418981 0.237760 0.426852 0.234896 0.429167 0.232552 0.429167 0.228125 0.427315 0.225260
0 0.299537 0.197135 0.299537 0.201563 0.306019 0.209635 0.315278 0.212240 0.329167 0.214062 0.333333 0.213802 0.336111 0.212760 0.338426 0.204687 0.336111 0.203385 0.316667 0.197656 0.301852 0.196354
0 0.347685 0.202083 0.342130 0.203646 0.339352 0.205729 0.337037 0.212240 0.337037 0.217448 0.340278 0.220833 0.343519 0.222135 0.358333 0.223177 0.363426 0.220833 0.365278 0.218229 0.365278 0.214844 0.363426 0.208854 0.355093 0.202604 0.350926 0.201823
0 0.343981 0.184375 0.337037 0.184896 0.326389 0.189062 0.321759 0.192448 0.319907 0.197396 0.323611 0.199479 0.336574 0.203125 0.344907 0.202344 0.350000 0.200000 0.352315 0.197396 0.352315 0.192188 0.350926 0.188542 0.349074 0.186719
0 0.315741 0.213542 0.312963 0.214844 0.309722 0.220312 0.308796 0.224219 0.309722 0.229167 0.311111 0.232031 0.314352 0.234635 0.315741 0.235156 0.323148 0.235417 0.326852 0.233594 0.330093 0.230729 0.335185 0.224740 0.335185 0.217448 0.333796 0.215885 0.324074 0.213542
0 0.342593 0.222135 0.339815 0.223177 0.331944 0.228646 0.329167 0.232292 0.330093 0.236458 0.342593 0.242188 0.347222 0.242708 0.356944 0.242188 0.362500 0.240104 0.365741 0.232292 0.362500 0.228385 0.359259 0.226302 0.350000 0.222917
0 0.370833 0.235156 0.363889 0.238542 0.361111 0.241146 0.359722 0.244792 0.361574 0.247396 0.366667 0.250260 0.376389 0.253385 0.384722 0.253385 0.387963 0.252604 0.392593 0.249479 0.394444 0.243750 0.383796 0.236979 0.379630 0.235937
0 0.380556 0.216927 0.376389 0.217188 0.368056 0.219792 0.363889 0.224479 0.363889 0.227604 0.366204 0.231250 0.370370 0.234115 0.377778 0.236198 0.383796 0.235417 0.388426 0.233594 0.392593 0.230990 0.397685 0.225000 0.397685 0.220573 0.390741 0.218490
0 0.399074 0.203906 0.397222 0.204948 0.390741 0.212500 0.393981 0.216927 0.399074 0.219271 0.406944 0.219271 0.412037 0.218229 0.420370 0.218750 0.422222 0.217188 0.423611 0.214062 0.423148 0.209635 0.420833 0.206510 0.413426 0.202865 0.405556 0.202865
0 0.364352 0.191667 0.356481 0.196354 0.355093 0.201302 0.358796 0.205469 0.368519 0.212240 0.376389 0.214062 0.380093 0.214062 0.383796 0.212500 0.384722 0.210938 0.384722 0.204427 0.382407 0.198958 0.378241 0.194271 0.375926 0.192969 0.372685 0.192188
0 0.387963 0.176302 0.379630 0.174219 0.374537 0.174740 0.369907 0.176302 0.365741 0.179948 0.362500 0.184896 0.362963 0.189583 0.364352 0.191146 0.369444 0.192188 0.378241 0.192188 0.389352 0.187240 0.391204 0.185677 0.391667 0.180469
0 0.396759 0.183333 0.392593 0.184896 0.387037 0.189062 0.386111 0.191406 0.387037 0.198437 0.390278 0.201302 0.398148 0.203125 0.411111 0.201823 0.413889 0.200781 0.417130 0.197656 0.417593 0.193229 0.413889 0.188281 0.407407 0.184635 0.400463 0.183073
0 0.432407 0.198437 0.428704 0.201042 0.429630 0.205729 0.432870 0.209375 0.438426 0.212760 0.444444 0.214323 0.450926 0.214583 0.456019 0.213802 0.460648 0.211458 0.465278 0.205729 0.463426 0.200781 0.455093 0.197917 0.448148 0.196875 0.440278 0.196875
0 0.440741 0.175260 0.433796 0.176042 0.431944 0.176823 0.427778 0.180990 0.428704 0.185677 0.433333 0.189323 0.437037 0.190625 0.441667 0.191146 0.448611 0.190104 0.452315 0.188021 0.455093 0.185417 0.455556 0.180990 0.453704 0.178646 0.450463 0.176563 0.448148 0.175781
0 0.464352 0.158073 0.451852 0.156250 0.442593 0.155729 0.429167 0.158073 0.426389 0.159635 0.423611 0.165885 0.427315 0.171094 0.431019 0.173177 0.438889 0.174740 0.443519 0.174479 0.450926 0.172396 0.462963 0.166406 0.465741 0.162500 0.465741 0.160156
0 0.461574 0.141406 0.454630 0.143750 0.448611 0.147135 0.445833 0.150000 0.446296 0.154427 0.454630 0.156771 0.461574 0.157812 0.468981 0.158073 0.473611 0.155990 0.478241 0.151042 0.477315 0.146354 0.475463 0.143750 0.473148 0.142448 0.469444 0.141406
0 0.482407 0.131250 0.473148 0.134896 0.472222 0.139583 0.478241 0.147917 0.485185 0.153385 0.487500 0.156510 0.489815 0.157812 0.491667 0.154427 0.492130 0.150521 0.499537 0.146354 0.501389 0.142708 0.501389 0.138281 0.499537 0.134635 0.496296 0.133073 0.489815 0.130990
0 0.410185 0.167187 0.405556 0.169271 0.399537 0.173698 0.399074 0.178125 0.401389 0.181250 0.406019 0.183333 0.412963 0.184375 0.425926 0.183073 0.430556 0.178125 0.429630 0.173698 0.426852 0.171094 0.421296 0.167969 0.414815 0.166667
0 0.384259 0.154688 0.377778 0.156250 0.374074 0.158073 0.370833 0.161979 0.370370 0.166406 0.372685 0.170833 0.375000 0.172656 0.391204 0.176302 0.393519 0.176302 0.398611 0.175000 0.402778 0.171354 0.403241 0.165625 0.402315 0.162240 0.397685 0.157031 0.395833 0.155990
0 0.402778 0.147135 0.400463 0.148177 0.396759 0.153906 0.399074 0.158594 0.404167 0.163542 0.410185 0.165365 0.420833 0.166667 0.424074 0.164323 0.426389 0.158073 0.424074 0.155990 0.420370 0.148438 0.413426 0.146875 0.406019 0.146615
0 0.346296 0.126562 0.345833 0.130990 0.349074 0.135677 0.353241 0.138281 0.356944 0.139323 0.364352 0.139063 0.374537 0.137240 0.382407 0.134635 0.384722 0.133333 0.386574 0.130990 0.386111 0.126562 0.384259 0.124740 0.380556 0.122917 0.375926 0.122135 0.360185 0.121875 0.350463 0.123177
0 0.393981 0.138021 0.387500 0.136719 0.383796 0.136719 0.378241 0.138021 0.374074 0.140365 0.366667 0.146354 0.363426 0.150260 0.362500 0.155469 0.364352 0.158073 0.373611 0.157552 0.385185 0.153646 0.391667 0.152344 0.397685 0.149479 0.400463 0.146615 0.399537 0.142187
0 0.406481 0.125781 0.400463 0.128125 0.396759 0.130729 0.393981 0.134635 0.394907 0.138021 0.401852 0.145052 0.406481 0.146354 0.420370 0.147917 0.426389 0.145573 0.429167 0.142448 0.430093 0.139844 0.429167 0.134375 0.423611 0.129167 0.418056 0.126562 0.413889 0.125781
0 0.453704 0.128646 0.439352 0.128906 0.436574 0.129948 0.431481 0.134375 0.431481 0.139583 0.432407 0.141146 0.440741 0.146354 0.448148 0.147135 0.461574 0.141406 0.463889 0.139583 0.463426 0.134635 0.455093 0.128906
0 0.119444 0.933333 0.111574 0.931510 0.106481 0.931250 0.099074 0.932031 0.093519 0.933854 0.088889 0.936719 0.087037 0.939063 0.086111 0.943490 0.088426 0.947656 0.093519 0.950521 0.099074 0.951562 0.107870 0.951823 0.116667 0.949740 0.122222 0.945573 0.124537 0.940104 0.122685 0.935937
0 0.149537 0.919010 0.143056 0.918229 0.134722 0.918750 0.128704 0.920573 0.123611 0.923698 0.121296 0.927083 0.121296 0.932031 0.122685 0.935677 0.127315 0.939323 0.133796 0.940625 0.143056 0.940365 0.148611 0.938021 0.155093 0.933594 0.156944 0.931510 0.157407 0.929427 0.156944 0.924219 0.154630 0.921094
0 0.085185 0.898177 0.079630 0.899479 0.077315 0.903385 0.077315 0.908854 0.081019 0.916146 0.086574 0.920052 0.093981 0.920833 0.100463 0.919271 0.107407 0.915365 0.109722 0.912500 0.109259 0.908073 0.105556 0.904687 0.098611 0.900260 0.093519 0.898698
0 0.134722 0.865625 0.129167 0.865104 0.124537 0.865625 0.120370 0.866667 0.109722 0.871094 0.102315 0.876823 0.101852 0.881250 0.103241 0.882812 0.107407 0.885156 0.120370 0.888021 0.130093 0.888021 0.133796 0.886979 0.142130 0.881510 0.144907 0.877083 0.144444 0.872656 0.141667 0.869010
0 0.105093 0.850521 0.100926 0.849219 0.093519 0.849479 0.079167 0.856510 0.075926 0.860417 0.075926 0.863542 0.076852 0.865625 0.080093 0.867969 0.086574 0.869531 0.094444 0.869271 0.103704 0.867708 0.108796 0.865625 0.112037 0.861719 0.111574 0.857031 0.109722 0.853385
0 0.112500 0.834635 0.105093 0.837760 0.101852 0.841146 0.104167 0.847917 0.107870 0.850260 0.109259 0.852083 0.115741 0.855208 0.119907 0.856250 0.128241 0.855729 0.132407 0.853385 0.133333 0.851302 0.132870 0.846875 0.129630 0.839844 0.126852 0.836458 0.122222 0.834375
0 0.082407 0.814323 0.079630 0.815885 0.078704 0.818229 0.079630 0.822656 0.087500 0.828125 0.094444 0.830990 0.100000 0.832031 0.105556 0.831250 0.110185 0.827344 0.112963 0.822396 0.110185 0.816406 0.104167 0.814063 0.093981 0.812500 0.086574 0.813021
0 0.151852 0.814844 0.142130 0.813802 0.134259 0.815625 0.131019 0.817448 0.127315 0.821354 0.125926 0.825521 0.126852 0.832292 0.128241 0.835156 0.129630 0.835938 0.138426 0.836458 0.146759 0.835417 0.150926 0.834115 0.156481 0.830208 0.158333 0.827865 0.160185 0.821615 0.156019 0.816927
0 0.185648 0.804688 0.177778 0.804948 0.169907 0.807552 0.165278 0.811979 0.163889 0.816927 0.165278 0.822396 0.170370 0.825781 0.176852 0.827344 0.184722 0.826302 0.191204 0.823958 0.196296 0.818750 0.198148 0.815104 0.197685 0.810417 0.195833 0.808594 0.191204 0.805990
0 0.179167 0.830208 0.177315 0.829688 0.168981 0.829688 0.158796 0.830990 0.146296 0.836458 0.143981 0.842187 0.146296 0.846354 0.150000 0.848698 0.155093 0.850260 0.161111 0.850260 0.166204 0.849479 0.170833 0.847396 0.176852 0.842969 0.180093 0.838542 0.181944 0.833333
0 0.172222 0.860677 0.166667 0.860938 0.162037 0.861979 0.158333 0.865104 0.160648 0.880469 0.163426 0.884635 0.169444 0.885156 0.177778 0.880990 0.181481 0.878125 0.183796 0.874740 0.184722 0.871354 0.184722 0.867448 0.182407 0.863021 0.178241 0.861198
0 0.204630 0.853646 0.197685 0.854948 0.193056 0.857292 0.191204 0.862500 0.191667 0.865625 0.195833 0.870573 0.200926 0.872396 0.206944 0.872656 0.212037 0.871615 0.217593 0.868490 0.219907 0.865625 0.219907 0.861198 0.217593 0.858073 0.212037 0.854688
0 0.203704 0.831771 0.198148 0.833594 0.191204 0.838021 0.190741 0.842708 0.192130 0.845313 0.198611 0.849740 0.204167 0.851823 0.212500 0.852344 0.218519 0.851302 0.224537 0.848958 0.227315 0.846094 0.227778 0.841146 0.226389 0.838281 0.222685 0.834896 0.218056 0.832552 0.213426 0.831510
0 0.262963 0.830208 0.256019 0.826042 0.252315 0.824740 0.246759 0.823698 0.239352 0.823958 0.232870 0.826562 0.229630 0.830208 0.228704 0.834115 0.230093 0.838021 0.232407 0.839323 0.237037 0.840365 0.254167 0.839844 0.259722 0.838281 0.262963 0.836198 0.264352 0.834635
0 0.308796 0.807031 0.303704 0.808333 0.300926 0.809896 0.296296 0.814323 0.293981 0.819010 0.294444 0.823438 0.298148 0.825781 0.304630 0.827344 0.311574 0.828125 0.319907 0.827865 0.323611 0.826562 0.325463 0.823177 0.323611 0.814844 0.321296 0.811979 0.316204 0.808333
0 0.343519 0.808333 0.338426 0.810677 0.337500 0.813021 0.337500 0.818750 0.339815 0.822656 0.344444 0.826302 0.349537 0.827865 0.358796 0.828385 0.363426 0.827344 0.367593 0.825000 0.370370 0.821875 0.371296 0.819531 0.370370 0.814063 0.364352 0.810156 0.357870 0.807813 0.350000 0.807552
0 0.392593 0.815365 0.385185 0.815885 0.380556 0.817969 0.376389 0.820833 0.374074 0.825260 0.375000 0.829688 0.378241 0.833073 0.384259 0.835156 0.391667 0.835938 0.397222 0.835156 0.401389 0.833854 0.406481 0.829948 0.408333 0.826823 0.407870 0.821615 0.404167 0.817969 0.400463 0.816406
0 0.440741 0.810156 0.434722 0.811979 0.431481 0.814583 0.429167 0.817708 0.429167 0.822396 0.431481 0.824740 0.438426 0.828906 0.448611 0.832031 0.455556 0.832812 0.461111 0.830729 0.464352 0.826562 0.464352 0.821094 0.462037 0.815885 0.459259 0.812760 0.456481 0.811198 0.451852 0.809896 0.443981 0.809635
0 0.533796 0.818229 0.533796 0.823438 0.537963 0.827865 0.542593 0.830729 0.551852 0.833854 0.559722 0.833594 0.564815 0.831250 0.568056 0.827083 0.568519 0.821615 0.567130 0.819271 0.563426 0.816927 0.559259 0.816146 0.543519 0.815365 0.538426 0.816406
0 0.579630 0.816667 0.576852 0.818229 0.576389 0.822917 0.580556 0.827344 0.585185 0.829948 0.589352 0.830990 0.594444 0.831250 0.597685 0.830469 0.604630 0.827083 0.607407 0.823438 0.607407 0.820833 0.605556 0.817969 0.601389 0.815885 0.593056 0.814583
0 0.662963 0.813021 0.656481 0.813802 0.650000 0.815885 0.647685 0.818229 0.647685 0.822656 0.650926 0.826562 0.656019 0.829688 0.660185 0.830990 0.666204 0.831250 0.670370 0.830729 0.675926 0.828125 0.679167 0.825000 0.680093 0.822135 0.678241 0.819531 0.673148 0.815625 0.668056 0.813802
0 0.690741 0.827083 0.682407 0.828906 0.679167 0.830990 0.676852 0.833854 0.676852 0.839844 0.680093 0.845052 0.690741 0.851302 0.698611 0.851302 0.708333 0.849219 0.712037 0.847396 0.715741 0.842187 0.714352 0.835156 0.711574 0.832292 0.705093 0.828646 0.700000 0.827604
0 0.669907 0.843490 0.662963 0.844010 0.656019 0.847135 0.654167 0.849740 0.653241 0.854167 0.655093 0.858854 0.659722 0.863021 0.663889 0.865104 0.670833 0.865885 0.677778 0.865365 0.682870 0.863021 0.689352 0.857292 0.691204 0.853125 0.688889 0.849479 0.677315 0.844010
0 0.657870 0.866406 0.656944 0.870052 0.661574 0.875521 0.667593 0.879427 0.675463 0.882812 0.682870 0.884115 0.687500 0.883854 0.691667 0.882552 0.695833 0.878906 0.696759 0.876042 0.695370 0.871615 0.690741 0.868229 0.684259 0.866146 0.678241 0.865365 0.661574 0.865365
0 0.697685 0.877865 0.693519 0.880208 0.689352 0.884115 0.691204 0.889844 0.695370 0.892708 0.705556 0.896615 0.710648 0.897396 0.719907 0.896615 0.723148 0.894792 0.725000 0.892708 0.724537 0.886198 0.720370 0.879167 0.712963 0.876042 0.703241 0.876302
0 0.676852 0.902344 0.668519 0.908854 0.667593 0.912240 0.668981 0.916667 0.672222 0.920312 0.677315 0.923177 0.682407 0.924219 0.691204 0.923958 0.697222 0.922135 0.700926 0.920052 0.702778 0.917188 0.701852 0.911979 0.696759 0.907552 0.691204 0.904687 0.684259 0.902344
0 0.656019 0.882552 0.653241 0.884635 0.650926 0.888281 0.650926 0.892448 0.647685 0.900781 0.650463 0.904167 0.654630 0.906250 0.662963 0.907552 0.669444 0.906510 0.673148 0.904427 0.675463 0.900521 0.670370 0.888542 0.665741 0.883854 0.663426 0.882812
0 0.626852 0.885938 0.622222 0.888542 0.618981 0.892188 0.619907 0.896615 0.627778 0.899479 0.633333 0.900260 0.640278 0.900260 0.647222 0.899219 0.650000 0.897135 0.651389 0.893229 0.650463 0.889062 0.648611 0.887240 0.643056 0.884635 0.637037 0.884115 0.631019 0.884635
0 0.599537 0.894271 0.595370 0.895052 0.589815 0.898438 0.586111 0.904167 0.586111 0.908333 0.588889 0.912760 0.592130 0.914844 0.595370 0.915885 0.601389 0.916667 0.607870 0.916146 0.614815 0.913802 0.617593 0.911719 0.618519 0.907813 0.616204 0.903385 0.609722 0.897917 0.604630 0.895052
0 0.593981 0.855469 0.590741 0.858073 0.590278 0.862240 0.592130 0.865885 0.595370 0.869531 0.600463 0.872917 0.607407 0.875000 0.614815 0.875000 0.618056 0.872396 0.620370 0.867448 0.620370 0.861458 0.618519 0.857812 0.614815 0.855208 0.608796 0.853646 0.600463 0.853646
0 0.620833 0.825260 0.610648 0.828385 0.606019 0.831250 0.602778 0.836719 0.602778 0.838802 0.606019 0.842969 0.611111 0.845313 0.620370 0.847135 0.628704 0.847135 0.633796 0.845833 0.637037 0.843750 0.640278 0.838802 0.639815 0.835156 0.637037 0.831771 0.629167 0.826823
0 0.572685 0.839063 0.566667 0.841146 0.563426 0.844271 0.562963 0.850260 0.566204 0.853906 0.575463 0.858594 0.581019 0.859635 0.585648 0.858594 0.590741 0.856510 0.592593 0.853906 0.592130 0.848177 0.589352 0.843229 0.586574 0.840625 0.581019 0.839063
0 0.573148 0.860156 0.564352 0.861979 0.559259 0.864583 0.556019 0.867708 0.553704 0.872135 0.553704 0.877083 0.556019 0.880208 0.558796 0.881771 0.565278 0.883073 0.573148 0.883073 0.579630 0.881771 0.583796 0.879687 0.586111 0.877083 0.587037 0.872656 0.585648 0.869010 0.581944 0.864062 0.579167 0.861979
0 0.533796 0.829427 0.524074 0.829167 0.520833 0.829948 0.512963 0.833854 0.507870 0.838281 0.506481 0.840885 0.507407 0.845573 0.511574 0.849740 0.517130 0.852083 0.524537 0.852083 0.526389 0.850521 0.537037 0.847917 0.542593 0.845313 0.545833 0.841927 0.545370 0.837760 0.542130 0.833073 0.538889 0.830990
0 0.489352 0.877344 0.484722 0.878385 0.479630 0.880990 0.476852 0.884635 0.476389 0.888802 0.479167 0.892708 0.489352 0.897396 0.495370 0.898958 0.503704 0.898438 0.510648 0.894010 0.512500 0.891406 0.513426 0.888281 0.511574 0.883594 0.508796 0.880990 0.503704 0.878385 0.497685 0.877083
0 0.462963 0.911458 0.462500 0.916406 0.464352 0.917969 0.469444 0.920312 0.477315 0.921875 0.489352 0.922656 0.496759 0.922135 0.503704 0.919271 0.505556 0.915885 0.505556 0.911458 0.503704 0.908333 0.500000 0.906510 0.495370 0.905469 0.486111 0.905469 0.476389 0.906250 0.468519 0.908073
0 0.452315 0.902083 0.449074 0.901302 0.440278 0.901563 0.433796 0.903385 0.426389 0.907031 0.424074 0.909896 0.423611 0.913021 0.425926 0.916406 0.428241 0.917969 0.433796 0.919792 0.441204 0.920052 0.444907 0.919271 0.448148 0.917708 0.452315 0.914583 0.454630 0.911198 0.454630 0.904167
0 0.423148 0.892188 0.424074 0.896615 0.426852 0.898177 0.433333 0.899479 0.441204 0.899740 0.455556 0.897917 0.459259 0.896094 0.459259 0.892448 0.452778 0.888281 0.441204 0.883594 0.433333 0.883854 0.430556 0.884635 0.426852 0.886979
0 0.431944 0.863802 0.427778 0.863281 0.420370 0.863802 0.412500 0.866146 0.407407 0.869010 0.405093 0.872135 0.405556 0.877344 0.408796 0.880469 0.413426 0.883073 0.420833 0.884635 0.428704 0.884635 0.437500 0.883073 0.441204 0.880729 0.443519 0.876823 0.442593 0.869531 0.440278 0.866927 0.437037 0.865104
0 0.356944 0.849479 0.354630 0.851562 0.354167 0.854427 0.356944 0.857812 0.364352 0.862760 0.370370 0.864323 0.375926 0.864323 0.380093 0.863802 0.385648 0.861458 0.388889 0.858073 0.388426 0.855208 0.386574 0.852865 0.377778 0.847917 0.369907 0.846875 0.364352 0.847396
0 0.314815 0.855990 0.308333 0.858594 0.302778 0.864844 0.302778 0.870052 0.304630 0.873177 0.309259 0.875521 0.314815 0.876563 0.323611 0.876563 0.329630 0.874740 0.334722 0.870573 0.336111 0.865885 0.335185 0.861458 0.331481 0.858073 0.328704 0.856771 0.323611 0.855729
0 0.309259 0.842448 0.304167 0.841146 0.294907 0.841146 0.288426 0.842969 0.283796 0.845573 0.281019 0.848437 0.279630 0.851302 0.277315 0.853385 0.276389 0.857552 0.281019 0.860156 0.289352 0.860938 0.304167 0.858073 0.310185 0.855729 0.313426 0.852344 0.313889 0.848177 0.312500 0.845313
0 0.277315 0.867188 0.270833 0.866927 0.265278 0.867448 0.260648 0.868750 0.255093 0.873177 0.254167 0.877344 0.255556 0.880729 0.260185 0.884375 0.264815 0.885677 0.274537 0.885938 0.280093 0.884635 0.283333 0.883073 0.287037 0.879948 0.288426 0.877604 0.287963 0.872656 0.283796 0.869010
0 0.216204 0.876042 0.211574 0.879948 0.212500 0.884896 0.218056 0.889323 0.225000 0.891667 0.232870 0.891667 0.241667 0.888542 0.245370 0.885156 0.246296 0.882292 0.245833 0.879167 0.243056 0.876302 0.234722 0.874219 0.225000 0.874219
0 0.275926 0.890365 0.270370 0.889323 0.262500 0.889583 0.254167 0.891146 0.246296 0.893490 0.241204 0.896354 0.240278 0.900521 0.243056 0.903385 0.250463 0.907031 0.258333 0.908333 0.268519 0.908073 0.273611 0.906510 0.278704 0.903125 0.281481 0.898698 0.281019 0.894792 0.279167 0.892448
0 0.252315 0.928385 0.247222 0.929948 0.239815 0.935156 0.239815 0.939583 0.243056 0.943490 0.253704 0.949219 0.260648 0.949740 0.264815 0.948438 0.272222 0.944271 0.275000 0.939583 0.273611 0.935417 0.271296 0.933073 0.263889 0.929427 0.259722 0.928385
0 0.295833 0.934635 0.287963 0.934635 0.284722 0.935417 0.275000 0.941146 0.269907 0.947396 0.271296 0.951302 0.274074 0.954167 0.281019 0.956250 0.287963 0.955729 0.297685 0.952865 0.305093 0.949479 0.307407 0.944531 0.306481 0.940885 0.303241 0.938021 0.298611 0.935417
0 0.308333 0.948958 0.300000 0.951823 0.295833 0.954427 0.293981 0.957812 0.294907 0.961979 0.299537 0.965625 0.307407 0.969531 0.317130 0.970052 0.321296 0.967969 0.324537 0.963542 0.325000 0.958073 0.324074 0.954948 0.319444 0.950781 0.316667 0.949740
0 0.337037 0.933854 0.332870 0.939063 0.332870 0.943490 0.334722 0.945833 0.337500 0.947396 0.343056 0.948698 0.360185 0.947656 0.363889 0.946875 0.370833 0.943490 0.372685 0.939323 0.368519 0.935417 0.359259 0.931771 0.353704 0.930990 0.347685 0.930990 0.342593 0.931510
0 0.375463 0.941667 0.371296 0.942187 0.365278 0.945052 0.362500 0.947396 0.361574 0.951302 0.362963 0.955990 0.366667 0.959635 0.374537 0.964323 0.379630 0.965625 0.385648 0.964844 0.390278 0.960938 0.393519 0.955208 0.393519 0.950000 0.391204 0.945312 0.386574 0.942448 0.381481 0.941667
0 0.431481 0.931510 0.424074 0.935677 0.422685 0.938542 0.423148 0.945312 0.424537 0.947135 0.427315 0.948177 0.431944 0.948958 0.441667 0.948958 0.448148 0.947135 0.452315 0.943750 0.452315 0.938542 0.448148 0.934115 0.442593 0.931771 0.438889 0.931250
0 0.699537 0.818229 0.700000 0.822396 0.705093 0.827865 0.717130 0.834375 0.723148 0.835417 0.727778 0.835417 0.732407 0.834115 0.737963 0.830469 0.739815 0.827083 0.738889 0.822135 0.737037 0.820312 0.731944 0.817708 0.724537 0.816406 0.711574 0.816146 0.703241 0.817187
0 0.760185 0.811719 0.752778 0.814323 0.745370 0.818490 0.740741 0.830208 0.743981 0.834896 0.745833 0.836198 0.761111 0.839063 0.767593 0.837500 0.770833 0.834635 0.771759 0.825000 0.768056 0.815104 0.765278 0.813021
0 0.785185 0.809896 0.779167 0.812500 0.773148 0.818750 0.772222 0.822396 0.774537 0.826302 0.778704 0.828646 0.786111 0.830729 0.792593 0.831510 0.800926 0.830990 0.806019 0.828646 0.808333 0.826302 0.809259 0.821875 0.807407 0.818229 0.795370 0.810156 0.791204 0.809635
0 0.816204 0.833333 0.813426 0.834896 0.810648 0.837760 0.810648 0.843490 0.813426 0.846615 0.817593 0.847917 0.830093 0.850000 0.839352 0.848437 0.844444 0.845833 0.845370 0.843490 0.844907 0.839844 0.843519 0.837500 0.837963 0.833854 0.829167 0.831510 0.822685 0.831510
0 0.851852 0.833073 0.849537 0.834375 0.847222 0.837240 0.847222 0.841927 0.850926 0.845313 0.857407 0.848958 0.863889 0.850521 0.872222 0.850260 0.878704 0.848437 0.881019 0.846094 0.881944 0.841406 0.880556 0.838542 0.876852 0.834896 0.871296 0.832031 0.865741 0.830990 0.857407 0.831250
0 0.910185 0.804427 0.906481 0.803385 0.898611 0.802604 0.891667 0.803646 0.880093 0.807031 0.877778 0.809896 0.878241 0.814583 0.882407 0.818490 0.886111 0.820573 0.891667 0.822396 0.899537 0.822135 0.908796 0.817969 0.914352 0.810937 0.914352 0.806510
0 0.801852 0.846615 0.795370 0.849740 0.793981 0.853125 0.795370 0.858073 0.801852 0.863542 0.806944 0.865104 0.810185 0.865365 0.816204 0.864583 0.827315 0.861458 0.830093 0.859896 0.832407 0.857552 0.833796 0.853646 0.830556 0.850000 0.825463 0.848437 0.810648 0.846094
0 0.772685 0.859375 0.766204 0.860156 0.760648 0.862760 0.757870 0.865885 0.756944 0.869531 0.760185 0.877344 0.763889 0.880990 0.768519 0.883073 0.774537 0.883854 0.784259 0.880990 0.788426 0.878646 0.791667 0.873698 0.792130 0.867708 0.789352 0.863281 0.786111 0.861458 0.781944 0.860156
0 0.739352 0.837240 0.735185 0.838802 0.731481 0.841406 0.731481 0.846875 0.733796 0.851042 0.742593 0.855990 0.745833 0.857031 0.753704 0.857812 0.757870 0.855729 0.762037 0.850781 0.763426 0.845313 0.761574 0.840885 0.759259 0.839323 0.747685 0.836719
0 0.712037 0.850521 0.709259 0.852344 0.706481 0.857031 0.707407 0.864323 0.710648 0.868750 0.719907 0.874740 0.723611 0.875521 0.731944 0.875000 0.737500 0.873437 0.743519 0.869531 0.744907 0.865104 0.736574 0.856250 0.729630 0.852083 0.719444 0.849740
0 0.760185 0.904427 0.756019 0.907552 0.756019 0.912240 0.758796 0.915104 0.763889 0.918229 0.769907 0.920312 0.772685 0.920833 0.782407 0.920312 0.786574 0.917708 0.787963 0.916146 0.787500 0.911719 0.781481 0.905729 0.776852 0.903646 0.772685 0.902865 0.766667 0.902865
0 0.106944 0.696875 0.099537 0.696615 0.095370 0.697135 0.091667 0.698177 0.087037 0.701042 0.085648 0.704688 0.086574 0.707552 0.089352 0.710677 0.093981 0.712760 0.100463 0.713802 0.106944 0.712760 0.112963 0.708594 0.114352 0.705729 0.114352 0.700781 0.110648 0.697917
0 0.137037 0.705469 0.133796 0.704427 0.127315 0.703906 0.116667 0.706250 0.110648 0.709375 0.107870 0.712760 0.108333 0.717969 0.109722 0.720833 0.112963 0.722656 0.117130 0.723698 0.123148 0.723958 0.133333 0.723177 0.137963 0.721875 0.143056 0.716927 0.143981 0.712760 0.141667 0.708333
0 0.092593 0.714844 0.086111 0.716667 0.082870 0.720313 0.082407 0.724740 0.083796 0.728906 0.087037 0.733073 0.090741 0.734635 0.094907 0.734896 0.102315 0.734115 0.106019 0.732552 0.111111 0.728385 0.111574 0.724479 0.105556 0.718229 0.094907 0.714844
0 0.098148 0.734635 0.091667 0.735677 0.085185 0.739583 0.082870 0.743490 0.082870 0.749219 0.085648 0.753385 0.093056 0.757292 0.102778 0.757552 0.107407 0.756771 0.114352 0.752083 0.116204 0.748177 0.116667 0.742969 0.115278 0.740104 0.109259 0.735938 0.103241 0.734635
0 0.108333 0.758333 0.098611 0.758073 0.094444 0.758854 0.087037 0.763542 0.085648 0.767448 0.086574 0.772396 0.091204 0.775000 0.100926 0.776302 0.110648 0.772917 0.115278 0.769271 0.116667 0.766406 0.116667 0.763281 0.114352 0.760938
0 0.099537 0.776823 0.096296 0.776302 0.089352 0.776563 0.086574 0.777083 0.079630 0.780208 0.077778 0.785677 0.078241 0.790885 0.079630 0.793490 0.082870 0.795573 0.086574 0.796875 0.094444 0.796354 0.097222 0.795573 0.101852 0.792969 0.107870 0.787760 0.109259 0.783073 0.103704 0.778385
0 0.150463 0.782813 0.144444 0.780469 0.132870 0.780208 0.111574 0.783333 0.109259 0.785156 0.108333 0.787500 0.109259 0.791406 0.112500 0.796094 0.115278 0.797396 0.128704 0.797396 0.142593 0.792708 0.149537 0.787500
0 0.139352 0.760417 0.132870 0.760156 0.127315 0.760938 0.119907 0.764583 0.118056 0.767188 0.117593 0.771615 0.121759 0.776823 0.127778 0.780208 0.136111 0.779948 0.142593 0.778646 0.146759 0.776302 0.149537 0.771615 0.148611 0.766146 0.145370 0.762760 0.142593 0.761198
0 0.143056 0.738281 0.137963 0.738802 0.131481 0.740365 0.125463 0.742969 0.123148 0.747135 0.123611 0.752865 0.125463 0.754948 0.128704 0.756771 0.134259 0.758073 0.142593 0.758073 0.149537 0.755208 0.153704 0.752083 0.155093 0.748698 0.153704 0.744531 0.149537 0.740885
0 0.150000 0.727604 0.144907 0.725260 0.135648 0.723437 0.121296 0.724479 0.117130 0.726562 0.115278 0.728385 0.112500 0.736458 0.120833 0.741406 0.128704 0.741667 0.143056 0.737240 0.150926 0.728906
0 0.171296 0.711198 0.162963 0.710938 0.158333 0.711979 0.154630 0.713542 0.152315 0.715885 0.151852 0.728646 0.155093 0.731250 0.158796 0.732292 0.163426 0.732812 0.166204 0.731771 0.179630 0.723958 0.181019 0.722396 0.182407 0.717708 0.181944 0.715885 0.177778 0.712760
0 0.168981 0.689844 0.164815 0.690885 0.161111 0.693490 0.160648 0.698177 0.162963 0.703125 0.166204 0.705990 0.169907 0.707552 0.175926 0.708073 0.181019 0.707552 0.184722 0.706250 0.189815 0.702344 0.192593 0.697396 0.190741 0.693229 0.184259 0.690104 0.177778 0.689323
0 0.128241 0.679688 0.124537 0.682552 0.120370 0.688802 0.118519 0.692969 0.118981 0.698177 0.119907 0.700000 0.123611 0.702344 0.135648 0.703646 0.150463 0.698698 0.151852 0.697656 0.152315 0.692969 0.145833 0.688542 0.141667 0.684115 0.135648 0.680208
0 0.137500 0.672396 0.135648 0.673438 0.133333 0.678125 0.149074 0.690625 0.154167 0.691406 0.162037 0.690885 0.169444 0.687500 0.174537 0.681771 0.173148 0.678125 0.169907 0.675781 0.164352 0.673958 0.150000 0.671615 0.143056 0.671615
0 0.129167 0.664323 0.122685 0.663542 0.112963 0.663542 0.105556 0.664844 0.100463 0.667448 0.099074 0.669792 0.099074 0.674479 0.100926 0.677865 0.106019 0.681250 0.111574 0.682292 0.116667 0.682292 0.125000 0.679948 0.128704 0.677865 0.133333 0.670052 0.131944 0.665885
0 0.090278 0.650260 0.090741 0.656250 0.092593 0.658854 0.094907 0.659896 0.103704 0.660417 0.113426 0.659896 0.120833 0.657813 0.125926 0.654427 0.124537 0.650000 0.120370 0.646875 0.116667 0.645833 0.108796 0.645052 0.099074 0.645312 0.094444 0.646354
0 0.137037 0.657552 0.132870 0.661719 0.133333 0.664844 0.136574 0.668229 0.150926 0.671875 0.162963 0.673438 0.168519 0.672656 0.170370 0.671615 0.171296 0.668490 0.168981 0.663021 0.160648 0.655729 0.156019 0.654167 0.148611 0.653906 0.141204 0.655469
0 0.174537 0.654948 0.172222 0.657552 0.170833 0.663021 0.173148 0.666406 0.183796 0.670833 0.191667 0.670833 0.204167 0.669792 0.206019 0.669010 0.208333 0.666406 0.207870 0.661979 0.205093 0.657552 0.200926 0.654948 0.192130 0.651823 0.185648 0.651302 0.181019 0.652083
0 0.226389 0.648698 0.222685 0.648177 0.212500 0.648698 0.209259 0.650000 0.205556 0.654167 0.205556 0.658854 0.208796 0.665104 0.211574 0.667708 0.218981 0.667708 0.225463 0.665365 0.234722 0.658594 0.234722 0.653906 0.231019 0.650781
0 0.187037 0.671354 0.183796 0.673438 0.182870 0.677604 0.186111 0.683073 0.191667 0.686979 0.195833 0.688281 0.200926 0.688542 0.205556 0.688021 0.214352 0.683073 0.215741 0.679427 0.214352 0.673698 0.211574 0.672135 0.205556 0.670312 0.195833 0.670052
0 0.224537 0.666146 0.221759 0.666927 0.217593 0.669792 0.217593 0.681510 0.220833 0.683594 0.224537 0.684375 0.231944 0.684896 0.236574 0.684375 0.241204 0.682552 0.244444 0.679167 0.247685 0.674219 0.246759 0.670312 0.239815 0.666667 0.232870 0.665625
0 0.267130 0.649479 0.260648 0.648698 0.253241 0.648958 0.244444 0.652083 0.238426 0.655729 0.237037 0.657552 0.237963 0.664062 0.239352 0.665625 0.246296 0.669010 0.252315 0.670312 0.260648 0.669271 0.264815 0.667969 0.271296 0.664062 0.272685 0.662500 0.272685 0.658073 0.268519 0.650260
0 0.281019 0.639844 0.276852 0.640885 0.273148 0.643490 0.271296 0.646354 0.270833 0.651042 0.274074 0.656771 0.276389 0.657813 0.282407 0.658333 0.288426 0.657813 0.292593 0.656771 0.295833 0.654687 0.298611 0.649740 0.296296 0.645052 0.292593 0.641927 0.288426 0.640365
0 0.295370 0.658854 0.286574 0.658594 0.278704 0.659635 0.275463 0.660937 0.272222 0.664323 0.271296 0.667708 0.272685 0.672396 0.275000 0.674740 0.280556 0.677344 0.288426 0.677344 0.292593 0.676302 0.295370 0.674740 0.300000 0.670052 0.301852 0.666667 0.301389 0.661979
0 0.306019 0.650260 0.299074 0.653906 0.296759 0.658333 0.302315 0.662500 0.303241 0.664062 0.306481 0.665625 0.314352 0.667188 0.323611 0.667708 0.331944 0.661979 0.332407 0.657813 0.330556 0.653646 0.322685 0.649479 0.314352 0.649219
0 0.336574 0.641406 0.331019 0.646354 0.331944 0.654167 0.334722 0.659115 0.336574 0.660937 0.343056 0.661458 0.350926 0.660937 0.354630 0.659635 0.359259 0.654687 0.358333 0.649740 0.352315 0.644531 0.343981 0.641406
0 0.366204 0.639844 0.360648 0.643490 0.358796 0.646354 0.359722 0.651042 0.362500 0.655469 0.364815 0.657031 0.371296 0.659115 0.378704 0.659115 0.386111 0.658073 0.390741 0.655469 0.393056 0.651042 0.390278 0.646354 0.378704 0.639844 0.374537 0.639323
0 0.417593 0.646875 0.414352 0.646354 0.405556 0.646615 0.397685 0.651042 0.394444 0.654167 0.394444 0.658854 0.395370 0.660417 0.399537 0.663802 0.402778 0.665104 0.406944 0.665625 0.412963 0.664323 0.417593 0.661719 0.421296 0.654948 0.420833 0.648958
0 0.440278 0.643490 0.428241 0.646354 0.424074 0.648438 0.422685 0.650781 0.422685 0.655208 0.424074 0.657292 0.433796 0.663281 0.441667 0.664062 0.444444 0.663281 0.450926 0.659635 0.454167 0.654948 0.454167 0.650000 0.448148 0.645052
0 0.468519 0.646615 0.456944 0.651563 0.452315 0.658333 0.451852 0.662760 0.454630 0.665885 0.469444 0.669010 0.475463 0.666927 0.480556 0.662240 0.480556 0.657552 0.475926 0.649219 0.471759 0.647135
0 0.496296 0.638802 0.490278 0.640104 0.485185 0.642708 0.481944 0.647135 0.481019 0.650521 0.482870 0.654167 0.486574 0.656771 0.490278 0.657813 0.497685 0.658333 0.504167 0.657813 0.509722 0.655208 0.512037 0.653125 0.512963 0.648438 0.512500 0.645573 0.509722 0.642448 0.503704 0.639844
0 0.523611 0.640104 0.519444 0.641667 0.513889 0.646094 0.513889 0.651823 0.524074 0.657813 0.533333 0.657813 0.538889 0.655990 0.544907 0.650781 0.544907 0.642448 0.542130 0.640885 0.538889 0.640104
0 0.557407 0.633594 0.553241 0.634896 0.548148 0.639062 0.546759 0.641667 0.546296 0.646615 0.547222 0.650521 0.551389 0.654167 0.560648 0.655469 0.569444 0.653906 0.575463 0.650260 0.576852 0.647656 0.576852 0.642188 0.575000 0.639583 0.568981 0.635938 0.561574 0.633854
0 0.586574 0.648177 0.577315 0.650260 0.570833 0.655469 0.570370 0.659896 0.571296 0.663281 0.574537 0.667188 0.577315 0.668750 0.587500 0.671354 0.593981 0.670573 0.597685 0.669271 0.603704 0.665625 0.605556 0.661458 0.604167 0.654427 0.600463 0.650781 0.595833 0.648958
0 0.608796 0.647396 0.607870 0.651563 0.609722 0.655469 0.613426 0.657813 0.623611 0.662240 0.629167 0.663542 0.635648 0.663802 0.642593 0.661198 0.645370 0.658333 0.646296 0.653906 0.643981 0.650000 0.640741 0.647917 0.623148 0.645312 0.614352 0.645833
0 0.648611 0.656250 0.637037 0.664323 0.637037 0.669792 0.647222 0.674740 0.656944 0.675521 0.662963 0.673438 0.665278 0.671615 0.666204 0.670052 0.665741 0.663542 0.662963 0.660417 0.656481 0.656510
0 0.192593 0.702604 0.187037 0.705729 0.184259 0.708594 0.182407 0.713021 0.185185 0.716667 0.188889 0.718229 0.204167 0.720313 0.212037 0.718750 0.214352 0.717187 0.215741 0.713281 0.214815 0.704948 0.211111 0.703125 0.206019 0.701823
0 0.203241 0.689844 0.201852 0.691927 0.201852 0.695052 0.204167 0.699740 0.206481 0.701302 0.217130 0.704688 0.225463 0.705729 0.232870 0.705469 0.238889 0.703125 0.244444 0.698698 0.244444 0.691667 0.238426 0.687500 0.234259 0.686198 0.218056 0.684375 0.211574 0.686198
0 0.261574 0.670833 0.254630 0.671354 0.250926 0.672396 0.246759 0.675781 0.243056 0.680729 0.241667 0.685937 0.243519 0.688021 0.249074 0.690365 0.253704 0.690885 0.260185 0.688802 0.266667 0.685156 0.270370 0.681771 0.271296 0.679167 0.270833 0.675521 0.268056 0.673438
0 0.282870 0.684375 0.274074 0.684375 0.266667 0.685937 0.263426 0.687500 0.257870 0.691927 0.255556 0.696354 0.256481 0.701562 0.259722 0.704167 0.264352 0.706250 0.271296 0.707031 0.277778 0.706771 0.287037 0.700781 0.288889 0.697917 0.289815 0.693490 0.289352 0.689323 0.285648 0.685417
0 0.261111 0.706250 0.259722 0.707552 0.257870 0.712500 0.258333 0.721094 0.262963 0.724740 0.266667 0.725781 0.274537 0.726302 0.281019 0.724219 0.286574 0.720833 0.289815 0.716927 0.288889 0.712500 0.281019 0.707552 0.277778 0.706510 0.270833 0.705729
0 0.246759 0.699740 0.240278 0.701823 0.233796 0.705729 0.226852 0.712760 0.225926 0.720313 0.232407 0.724219 0.240278 0.724740 0.247222 0.723437 0.252315 0.721615 0.255093 0.719010 0.257870 0.709635 0.257870 0.705729 0.253704 0.701823
0 0.211574 0.719010 0.204630 0.722396 0.200926 0.727865 0.203241 0.735677 0.204630 0.736979 0.208796 0.738021 0.218519 0.739323 0.226852 0.739062 0.231944 0.737500 0.237500 0.733333 0.237963 0.730469 0.237037 0.727083 0.234722 0.725000 0.223611 0.720573
0 0.190278 0.725260 0.177315 0.725781 0.165741 0.732552 0.164815 0.740885 0.167130 0.743490 0.171759 0.745573 0.184722 0.746875 0.199074 0.741667 0.202778 0.736458 0.201852 0.732031 0.199074 0.728385 0.194907 0.726302
0 0.162500 0.747656 0.155556 0.750000 0.151852 0.755469 0.152778 0.762500 0.155556 0.766146 0.158333 0.767448 0.163426 0.768229 0.176852 0.765885 0.179167 0.764583 0.182870 0.759635 0.179167 0.752344 0.172222 0.749219
0 0.192593 0.744010 0.185185 0.747917 0.182870 0.751823 0.183796 0.757812 0.187037 0.760156 0.198148 0.763021 0.211574 0.764583 0.216667 0.763021 0.221759 0.759635 0.219444 0.753125 0.214815 0.747396 0.210648 0.744792 0.206019 0.743229 0.196759 0.742969
0 0.196759 0.767969 0.193519 0.768750 0.190278 0.771094 0.189815 0.782292 0.194444 0.787240 0.197222 0.788802 0.206481 0.786979 0.215278 0.783073 0.216204 0.778646 0.213889 0.774740 0.207870 0.770052 0.200463 0.768229
0 0.169907 0.767708 0.163889 0.769010 0.156019 0.775000 0.153704 0.779167 0.154630 0.782552 0.155556 0.783594 0.165741 0.787500 0.168981 0.788021 0.177315 0.788021 0.181481 0.787240 0.187500 0.783333 0.189352 0.780208 0.189352 0.774479 0.186574 0.770833 0.182407 0.768750 0.178241 0.767708
0 0.166667 0.788542 0.164815 0.790104 0.164352 0.795052 0.166667 0.797917 0.178704 0.803646 0.185185 0.803906 0.191204 0.802083 0.195370 0.798958 0.196759 0.795312 0.195370 0.791406 0.193056 0.789583 0.185185 0.788021 0.179630 0.787760
0 0.163426 0.796094 0.156019 0.796094 0.152315 0.797135 0.143519 0.802344 0.142130 0.806510 0.143056 0.808854 0.145370 0.811198 0.148148 0.812500 0.156944 0.813281 0.163426 0.812240 0.172685 0.806510 0.175000 0.802604
0 0.128704 0.798438 0.123611 0.797656 0.117130 0.797656 0.105556 0.799740 0.093056 0.806510 0.094907 0.811458 0.100000 0.813542 0.114352 0.816146 0.122222 0.815365 0.129630 0.813021 0.132870 0.810677 0.134259 0.805729 0.132870 0.802083
0 0.217130 0.783333 0.204630 0.786979 0.200463 0.789844 0.200000 0.792448 0.200463 0.795052 0.206019 0.798438 0.212500 0.800000 0.219907 0.800781 0.224537 0.800000 0.229167 0.797656 0.231481 0.795312 0.233333 0.790104 0.231481 0.786458 0.227315 0.784115 0.222222 0.783333
0 0.233333 0.759635 0.225463 0.759896 0.220833 0.760938 0.214815 0.763802 0.212037 0.766927 0.211574 0.771615 0.217593 0.777604 0.224537 0.780729 0.235648 0.780469 0.240741 0.778125 0.243056 0.775781 0.243519 0.771094 0.241667 0.763542 0.237500 0.760677
0 0.257407 0.757552 0.249537 0.758854 0.243981 0.763281 0.243981 0.772135 0.245833 0.774740 0.249074 0.776042 0.252778 0.776823 0.260648 0.777083 0.267593 0.776042 0.271759 0.774479 0.277315 0.770312 0.278704 0.768490 0.278704 0.766667 0.275000 0.761979 0.267593 0.758333 0.262963 0.757552
0 0.243056 0.779948 0.239352 0.781771 0.234722 0.786719 0.235648 0.791146 0.242130 0.796094 0.244444 0.796875 0.252315 0.797135 0.256481 0.796615 0.264815 0.790625 0.265741 0.788281 0.264815 0.783854 0.262963 0.782031 0.259259 0.780469 0.248611 0.779427
0 0.254167 0.796875 0.246296 0.796615 0.241667 0.797396 0.234722 0.800000 0.230556 0.803385 0.229167 0.805990 0.230093 0.811458 0.233333 0.814583 0.239352 0.817448 0.246759 0.817969 0.253704 0.816146 0.260648 0.812240 0.264815 0.807031 0.264352 0.801823 0.262963 0.800260 0.258333 0.797656
0 0.291204 0.790104 0.285185 0.789844 0.281019 0.790365 0.276852 0.792448 0.274537 0.794531 0.273611 0.797135 0.274074 0.807031 0.276389 0.809896 0.280556 0.811198 0.288426 0.810417 0.291204 0.809375 0.298611 0.804948 0.303241 0.798958 0.300926 0.793490 0.298148 0.791927
0 0.295370 0.769792 0.284722 0.770312 0.276389 0.772656 0.272222 0.775521 0.271296 0.777604 0.271759 0.783333 0.273148 0.784896 0.280556 0.788802 0.289352 0.788802 0.292130 0.788021 0.304630 0.779427 0.303241 0.773958
0 0.287500 0.749740 0.277315 0.753906 0.273148 0.759896 0.275926 0.763542 0.281019 0.767188 0.286574 0.768750 0.295370 0.768490 0.305093 0.763802 0.306481 0.759115 0.305093 0.757031 0.301852 0.755729 0.295370 0.749740
0 0.252778 0.734115 0.247685 0.735677 0.243519 0.739323 0.241204 0.743750 0.241667 0.752344 0.243519 0.754427 0.248611 0.757292 0.251852 0.757812 0.263889 0.757552 0.267593 0.756250 0.273611 0.750260 0.274074 0.743229 0.273148 0.740365 0.270370 0.737500 0.267593 0.735938 0.260648 0.734635
0 0.288426 0.725000 0.280556 0.725000 0.275463 0.726302 0.271759 0.728906 0.269444 0.732292 0.270370 0.735417 0.273148 0.738021 0.275000 0.742188 0.280093 0.744010 0.288426 0.743490 0.293056 0.742188 0.297222 0.739583 0.299074 0.736719 0.299537 0.731771 0.297685 0.729167 0.293056 0.726042
0 0.294907 0.706250 0.291667 0.708073 0.290278 0.709896 0.289815 0.715104 0.291204 0.720313 0.298148 0.728385 0.302315 0.730729 0.309259 0.731250 0.316204 0.729167 0.321759 0.724740 0.322685 0.720313 0.319907 0.716406 0.315741 0.713281 0.309722 0.711198 0.302778 0.707292
0 0.321759 0.707292 0.318981 0.709375 0.318056 0.713542 0.322222 0.718750 0.327778 0.721354 0.337500 0.722656 0.343981 0.721354 0.347685 0.717969 0.349537 0.713281 0.349074 0.709375 0.347685 0.707812 0.343981 0.705729 0.328704 0.705469
0 0.292130 0.691927 0.289815 0.697656 0.292130 0.700781 0.295833 0.702604 0.315278 0.706771 0.323148 0.705729 0.327778 0.703906 0.329167 0.701823 0.328704 0.695573 0.324074 0.692187 0.318056 0.689844 0.311111 0.688021 0.301852 0.686979
0 0.308333 0.667448 0.302315 0.668750 0.297685 0.672135 0.295370 0.677604 0.296296 0.681250 0.298611 0.683333 0.304167 0.686198 0.309722 0.687500 0.316667 0.687500 0.328704 0.683854 0.333333 0.681250 0.335648 0.677604 0.331481 0.672917 0.322222 0.668750 0.317130 0.667708
0 0.340278 0.661979 0.335648 0.664062 0.331944 0.668490 0.331481 0.671094 0.332407 0.673698 0.336574 0.678125 0.340278 0.679948 0.350000 0.682292 0.356944 0.682031 0.363426 0.675521 0.365278 0.671354 0.363889 0.666406 0.358796 0.663021 0.352778 0.661458
0 0.375463 0.660937 0.371296 0.663802 0.368519 0.669792 0.369907 0.672656 0.372685 0.675260 0.375000 0.676562 0.385185 0.679427 0.392593 0.679167 0.400000 0.677604 0.401852 0.676302 0.402778 0.673958 0.402315 0.669010 0.400000 0.665885 0.388426 0.660937 0.380093 0.660156
0 0.431481 0.662760 0.424537 0.662240 0.417130 0.663281 0.411111 0.665625 0.406481 0.669010 0.406481 0.673958 0.413426 0.679167 0.420370 0.679688 0.423148 0.678906 0.427778 0.675521 0.431481 0.671354 0.432870 0.665104
0 0.434259 0.667448 0.431944 0.670312 0.437037 0.675781 0.448148 0.680729 0.454167 0.682292 0.462037 0.680729 0.469444 0.673958 0.468981 0.670573 0.466204 0.668490 0.454630 0.665885 0.446759 0.665365
0 0.496759 0.660937 0.488889 0.660937 0.481944 0.662760 0.472222 0.669792 0.471296 0.671875 0.472222 0.676562 0.474537 0.679427 0.479630 0.681771 0.489815 0.682031 0.496296 0.679167 0.498611 0.677344 0.500463 0.674219 0.501389 0.669792 0.498611 0.662240
0 0.510648 0.655208 0.502315 0.660937 0.500926 0.666146 0.509722 0.671094 0.522222 0.671094 0.525000 0.670052 0.528704 0.666406 0.527315 0.659375 0.517593 0.654687
0 0.543981 0.656510 0.541204 0.657813 0.539352 0.660937 0.540278 0.666146 0.549074 0.670833 0.559259 0.671875 0.563889 0.670052 0.568056 0.667188 0.568519 0.663281 0.567593 0.661198 0.560185 0.656510 0.556019 0.655469 0.551389 0.654948
0 0.605556 0.665625 0.601389 0.669531 0.600926 0.674479 0.604630 0.678646 0.607407 0.680469 0.612500 0.681771 0.630093 0.682552 0.639815 0.677865 0.640741 0.675260 0.640278 0.672917 0.633796 0.668750 0.617593 0.665104 0.612037 0.664844
0 0.642593 0.676042 0.635648 0.681250 0.634722 0.685677 0.637037 0.687760 0.649074 0.691927 0.656944 0.691927 0.665741 0.690365 0.666667 0.689063 0.664352 0.683594 0.658796 0.679167 0.650926 0.675521 0.647685 0.675260
0 0.612500 0.682292 0.609722 0.683333 0.608333 0.685156 0.609259 0.693490 0.613426 0.696354 0.621759 0.697656 0.628704 0.695573 0.631944 0.693229 0.634722 0.689583 0.633796 0.684896 0.631944 0.683333 0.629167 0.682552 0.622685 0.682031
0 0.593519 0.681250 0.587963 0.682292 0.584259 0.683854 0.582407 0.685417 0.581944 0.689583 0.585185 0.694271 0.593056 0.699740 0.600926 0.699740 0.603704 0.698177 0.608333 0.693750 0.607870 0.685156 0.604630 0.682813 0.601852 0.682031
0 0.565278 0.669010 0.562037 0.670833 0.560185 0.673177 0.559722 0.678125 0.561574 0.681250 0.564815 0.682813 0.576389 0.683854 0.580556 0.683854 0.585185 0.682552 0.588889 0.680469 0.590741 0.678125 0.590741 0.673698 0.589352 0.672396 0.573611 0.667969
0 0.577778 0.684896 0.566667 0.683073 0.559259 0.684115 0.552315 0.688542 0.550000 0.693229 0.550000 0.697396 0.558796 0.702083 0.567130 0.701823 0.574074 0.700781 0.580556 0.699219 0.582407 0.697917 0.584722 0.694271 0.584722 0.692708 0.581481 0.687760
0 0.510648 0.671354 0.507407 0.672135 0.500926 0.676562 0.500926 0.683594 0.504630 0.687500 0.508796 0.689323 0.518056 0.690104 0.524537 0.689063 0.530556 0.685937 0.533796 0.681771 0.533796 0.677344 0.530093 0.673958 0.523611 0.671354
0 0.508333 0.690365 0.504167 0.691667 0.496759 0.697135 0.497222 0.701562 0.501389 0.704688 0.506944 0.706771 0.509722 0.707292 0.518056 0.707292 0.522685 0.706510 0.528704 0.702865 0.529630 0.701302 0.528704 0.696615 0.521759 0.691146 0.517593 0.690104
0 0.470370 0.682552 0.468519 0.684896 0.468981 0.690104 0.470833 0.692708 0.479630 0.698177 0.482407 0.698958 0.490278 0.698698 0.494444 0.697917 0.497222 0.696615 0.500926 0.693490 0.501389 0.689063 0.499537 0.686719 0.496759 0.685156 0.486111 0.682552 0.476389 0.681510
0 0.478241 0.697135 0.474074 0.694010 0.468981 0.692187 0.461111 0.692448 0.454167 0.693750 0.445833 0.696354 0.443056 0.697917 0.439352 0.704688 0.440741 0.708854 0.447685 0.710677 0.452315 0.711198 0.467130 0.709896 0.475463 0.707031 0.477778 0.704948 0.479630 0.701302
0 0.429630 0.679167 0.425463 0.680990 0.421759 0.685417 0.422222 0.689583 0.424537 0.693229 0.426852 0.694531 0.432407 0.695833 0.439815 0.696615 0.446296 0.695833 0.452778 0.693750 0.457407 0.690104 0.457407 0.686719 0.456019 0.683854 0.441204 0.678125
0 0.398611 0.678385 0.395833 0.678906 0.390278 0.681510 0.389352 0.686458 0.397222 0.696354 0.404630 0.700000 0.406944 0.700521 0.410648 0.699479 0.417130 0.695052 0.418056 0.693490 0.417130 0.684896 0.414815 0.681510 0.409259 0.678906 0.406481 0.678125
0 0.371296 0.677083 0.364352 0.678906 0.360185 0.682031 0.358333 0.685417 0.359259 0.695052 0.361574 0.697396 0.366204 0.697917 0.371296 0.699479 0.378241 0.699219 0.383796 0.696354 0.388426 0.690885 0.388889 0.687760 0.387500 0.683333 0.382407 0.679167 0.379167 0.677604
0 0.342593 0.682552 0.336574 0.683073 0.330556 0.685417 0.329167 0.693490 0.333796 0.698438 0.337037 0.699479 0.343981 0.700260 0.350926 0.697396 0.354630 0.696615 0.356019 0.694792 0.357407 0.688021 0.356944 0.685417 0.354630 0.684115 0.350926 0.683073
0 0.349537 0.697656 0.345370 0.700521 0.345370 0.703125 0.346759 0.707031 0.350000 0.710677 0.356944 0.712500 0.365278 0.712500 0.371296 0.710417 0.374537 0.706771 0.374537 0.701042 0.366667 0.698438 0.357870 0.696875
0 0.375926 0.701302 0.374537 0.709375 0.378241 0.711198 0.384722 0.713021 0.391204 0.713802 0.406944 0.713021 0.410648 0.712240 0.412963 0.710677 0.413426 0.708594 0.409259 0.702865 0.399074 0.697656 0.392593 0.696615 0.385185 0.696615
0 0.427778 0.694531 0.419444 0.695052 0.413426 0.697917 0.409722 0.700781 0.410648 0.704688 0.414352 0.710938 0.416667 0.712500 0.419444 0.713281 0.429167 0.712760 0.434259 0.710677 0.436111 0.708594 0.437037 0.705729 0.436574 0.699219 0.434259 0.696615
0 0.438426 0.709635 0.433796 0.710417 0.429630 0.712760 0.427778 0.715625 0.427778 0.720573 0.430093 0.723958 0.433796 0.726302 0.441204 0.727865 0.450000 0.726042 0.452315 0.724479 0.455093 0.720573 0.450926 0.712760 0.448611 0.710677 0.443519 0.709635
0 0.412500 0.714063 0.406481 0.713281 0.396296 0.714063 0.393056 0.715365 0.387500 0.720313 0.385648 0.724219 0.386574 0.728646 0.390741 0.734375 0.394444 0.735938 0.401389 0.736198 0.407407 0.734896 0.413889 0.731250 0.420833 0.725000 0.420833 0.720573 0.418519 0.717448
0 0.370370 0.717187 0.366667 0.718750 0.363426 0.723698 0.362500 0.732812 0.364352 0.736458 0.366204 0.737760 0.371296 0.739323 0.379167 0.739583 0.384259 0.738542 0.388889 0.736458 0.388889 0.732031 0.385648 0.724479 0.383333 0.722135 0.375926 0.718229
0 0.325000 0.736719 0.317593 0.735417 0.313426 0.735417 0.306481 0.736719 0.298611 0.740365 0.296759 0.744010 0.296296 0.748177 0.297685 0.751823 0.301852 0.755990 0.309259 0.757031 0.311574 0.755729 0.319444 0.753385 0.326852 0.749740 0.328704 0.747917 0.330556 0.743490 0.328704 0.738802
0 0.337037 0.754167 0.331481 0.753125 0.323148 0.753906 0.319907 0.754948 0.312037 0.759375 0.307407 0.764062 0.307407 0.767969 0.310648 0.771615 0.313426 0.773177 0.321296 0.774479 0.329630 0.774479 0.333796 0.773438 0.337963 0.771354 0.339352 0.768750 0.340278 0.758854
0 0.375463 0.755729 0.370833 0.754687 0.358333 0.754687 0.352315 0.755729 0.343056 0.759375 0.339815 0.763021 0.339815 0.767708 0.341667 0.771615 0.350926 0.774740 0.358333 0.775000 0.367130 0.771875 0.371759 0.768750 0.375000 0.764062 0.375926 0.761458
0 0.383333 0.754948 0.381019 0.755729 0.379167 0.759375 0.379630 0.764323 0.381944 0.767448 0.391667 0.774479 0.399537 0.774740 0.408796 0.770573 0.411574 0.767708 0.411574 0.763021 0.410648 0.761719 0.406481 0.758854 0.401852 0.757292 0.387037 0.754687
0 0.393519 0.741146 0.391204 0.741927 0.389352 0.743750 0.389352 0.749479 0.390741 0.752344 0.396296 0.755990 0.406019 0.758333 0.412963 0.756510 0.417593 0.752865 0.417130 0.748177 0.415278 0.745833 0.408333 0.741927 0.401852 0.740625
0 0.425000 0.725260 0.419907 0.726302 0.414815 0.729948 0.410185 0.734896 0.409722 0.738021 0.411111 0.740885 0.418056 0.744792 0.427315 0.745833 0.432870 0.744531 0.435648 0.742448 0.437963 0.739583 0.438889 0.735677 0.438426 0.732031 0.436111 0.728906 0.431481 0.726042 0.428704 0.725260
0 0.468981 0.728385 0.462037 0.727083 0.454630 0.726562 0.448148 0.727604 0.440741 0.731250 0.439815 0.732292 0.440278 0.740365 0.444444 0.743490 0.448611 0.745052 0.455093 0.745313 0.463426 0.744271 0.466667 0.742969 0.473611 0.735938 0.473148 0.731250
0 0.500463 0.706771 0.497222 0.706250 0.478241 0.706771 0.468981 0.709115 0.466667 0.711458 0.466204 0.713542 0.467130 0.716667 0.469444 0.719271 0.475926 0.722917 0.482870 0.723958 0.487963 0.722396 0.494907 0.719010 0.500463 0.713021 0.502778 0.709115 0.502315 0.707812
0 0.510185 0.708333 0.504630 0.710417 0.499074 0.714583 0.497685 0.716406 0.497685 0.721875 0.499074 0.724479 0.504167 0.726823 0.510185 0.727344 0.517593 0.727083 0.524074 0.724740 0.527315 0.722656 0.528241 0.721354 0.527778 0.717187 0.524537 0.713021 0.518519 0.709115
0 0.537500 0.701302 0.531481 0.702604 0.527315 0.704948 0.524537 0.708594 0.524537 0.711458 0.525926 0.715104 0.529630 0.719792 0.533796 0.721354 0.539352 0.721875 0.552315 0.718750 0.556944 0.713542 0.557407 0.707812 0.555093 0.704948 0.550463 0.702865 0.545370 0.701562
0 0.580093 0.699740 0.564352 0.702604 0.562037 0.703906 0.558796 0.708594 0.559722 0.711979 0.562963 0.715104 0.566667 0.717448 0.572222 0.719010 0.581481 0.718490 0.586574 0.717448 0.589352 0.714063 0.590278 0.707812 0.588889 0.704427 0.586111 0.702083
0 0.600926 0.702604 0.598611 0.704427 0.596759 0.709115 0.598611 0.711719 0.604630 0.716146 0.608796 0.718490 0.614352 0.720052 0.627315 0.718750 0.635185 0.713021 0.634259 0.708854 0.628704 0.703906 0.621759 0.700781 0.614815 0.699740 0.607407 0.700781
0 0.656944 0.710417 0.647685 0.710156 0.637963 0.711719 0.630093 0.716406 0.628241 0.720313 0.631481 0.724479 0.635648 0.726823 0.642130 0.728385 0.646296 0.728385 0.648611 0.729427 0.649074 0.732552 0.652315 0.729688 0.662500 0.728646 0.661574 0.724740 0.664352 0.723958 0.666204 0.722135 0.666204 0.720313 0.663426 0.717708 0.661111 0.712240 0.659259 0.710938
0 0.682407 0.696094 0.670370 0.691406 0.661574 0.691406 0.649074 0.692969 0.643981 0.695573 0.642593 0.697135 0.641667 0.702344 0.643056 0.705208 0.648611 0.709115 0.655093 0.709896 0.662037 0.709375 0.669907 0.707552 0.680556 0.703385 0.682870 0.699740 0.683333 0.697135
0 0.606019 0.737240 0.605093 0.738802 0.606019 0.742188 0.618519 0.748698 0.627778 0.751042 0.634259 0.751823 0.642130 0.751042 0.645833 0.748958 0.648148 0.744792 0.648148 0.740104 0.646296 0.737240 0.641204 0.735156 0.635185 0.733854 0.620833 0.733333 0.616204 0.733854
0 0.650926 0.750781 0.647685 0.753125 0.645833 0.759115 0.647685 0.765625 0.650926 0.770312 0.656481 0.773177 0.661111 0.773958 0.664815 0.773958 0.674537 0.772135 0.677315 0.770573 0.680093 0.767708 0.679630 0.762240 0.678241 0.759896 0.668981 0.752604 0.664815 0.750781 0.658796 0.750000
0 0.616667 0.754687 0.609722 0.759896 0.607870 0.762760 0.607870 0.765104 0.609722 0.768229 0.614815 0.770312 0.625926 0.772396 0.629167 0.772396 0.638426 0.770052 0.641204 0.767969 0.641667 0.763542 0.638426 0.758073 0.629630 0.754167 0.619907 0.753906
0 0.601852 0.742708 0.592130 0.743750 0.589815 0.745052 0.587037 0.750000 0.585185 0.751563 0.584722 0.760677 0.587500 0.762760 0.593519 0.765104 0.602778 0.764323 0.606944 0.763281 0.616204 0.755990 0.616667 0.751042 0.613426 0.746875 0.610185 0.745052
0 0.585648 0.736198 0.580556 0.735156 0.573148 0.735677 0.559722 0.739323 0.557870 0.740625 0.556019 0.744010 0.558796 0.747917 0.565741 0.751042 0.569444 0.751823 0.574537 0.752083 0.579167 0.750781 0.583333 0.748177 0.585648 0.744792 0.587037 0.740365
0 0.583333 0.727604 0.585185 0.733854 0.587963 0.736198 0.591204 0.736979 0.607407 0.736979 0.613889 0.734635 0.620833 0.730729 0.622222 0.729167 0.621759 0.725000 0.618519 0.722917 0.614352 0.721615 0.601852 0.720573 0.592593 0.720573 0.588889 0.721354 0.586111 0.722917
0 0.556481 0.718229 0.553704 0.719531 0.550926 0.722396 0.548148 0.728646 0.552315 0.732292 0.558796 0.735156 0.568056 0.735677 0.574074 0.734896 0.576389 0.733594 0.580556 0.728646 0.579630 0.724219 0.574074 0.720573 0.565741 0.718229
0 0.518056 0.727865 0.517130 0.730469 0.517593 0.733594 0.519444 0.735677 0.525000 0.738021 0.537963 0.740365 0.545370 0.740625 0.551852 0.739062 0.556019 0.736719 0.555093 0.734635 0.550463 0.730469 0.546296 0.727865 0.538426 0.724479 0.529630 0.723698 0.523148 0.725000
0 0.496759 0.725781 0.488426 0.727604 0.481019 0.730208 0.477778 0.732292 0.477315 0.735156 0.478241 0.737500 0.484722 0.742188 0.489352 0.743750 0.495833 0.744531 0.500000 0.743490 0.504630 0.740885 0.508796 0.736198 0.510185 0.732552 0.506019 0.727604 0.503241 0.726562
0 0.503241 0.742188 0.497685 0.744271 0.494907 0.747656 0.494444 0.752083 0.496759 0.755990 0.500926 0.759115 0.510185 0.762240 0.517593 0.761719 0.520833 0.759896 0.522222 0.756771 0.521759 0.750781 0.520370 0.747656 0.517130 0.744271 0.511574 0.742448
0 0.452315 0.746094 0.450463 0.747396 0.452315 0.752083 0.454630 0.754948 0.462037 0.760156 0.475000 0.763281 0.482870 0.762500 0.487500 0.759896 0.490741 0.755990 0.491667 0.751823 0.490278 0.749740 0.485648 0.746615 0.475926 0.744010 0.462037 0.744531
0 0.448148 0.745573 0.439815 0.744792 0.432870 0.746354 0.427778 0.749219 0.420833 0.755469 0.420370 0.760156 0.426852 0.764844 0.432407 0.766146 0.440741 0.766146 0.449074 0.763802 0.453704 0.755469 0.452315 0.751563
0 0.427315 0.766667 0.418519 0.771875 0.417593 0.773958 0.418519 0.779167 0.422685 0.782292 0.429630 0.785677 0.433333 0.786719 0.441204 0.786979 0.443519 0.786458 0.449074 0.783854 0.450000 0.779167 0.447685 0.777344 0.445370 0.772656 0.439815 0.767448 0.434722 0.766406
0 0.463426 0.761458 0.460648 0.761458 0.451389 0.763281 0.447222 0.765365 0.445370 0.767188 0.445370 0.771615 0.449074 0.776563 0.453241 0.778906 0.461574 0.780469 0.468981 0.778906 0.476852 0.775521 0.479167 0.771615 0.478241 0.767188 0.475926 0.764583 0.470370 0.762500
0 0.307870 0.779427 0.303704 0.781250 0.302778 0.782552 0.302778 0.788802 0.308796 0.794792 0.316204 0.795312 0.325000 0.790885 0.328241 0.787240 0.327315 0.782813 0.324074 0.780208 0.316667 0.778906
0 0.355093 0.775260 0.344444 0.772396 0.336574 0.773177 0.331481 0.775260 0.327778 0.778906 0.328241 0.784115 0.329630 0.786719 0.335648 0.788542 0.349537 0.788021 0.354167 0.786979 0.357407 0.784115 0.357407 0.777865
0 0.338889 0.791927 0.332870 0.791146 0.323611 0.791667 0.317130 0.795052 0.315278 0.799219 0.315278 0.806771 0.322685 0.813021 0.330093 0.812500 0.333796 0.811458 0.340741 0.808073 0.346296 0.802865 0.346759 0.797656 0.345833 0.795312 0.343519 0.793490
0 0.356481 0.787240 0.350000 0.789062 0.347685 0.791146 0.346759 0.795312 0.348148 0.800000 0.350000 0.802604 0.356019 0.806771 0.364815 0.808073 0.375000 0.803125 0.379167 0.798438 0.380556 0.794792 0.376852 0.790365 0.372685 0.788281 0.365741 0.786979
0 0.391667 0.775521 0.385648 0.777083 0.381944 0.779167 0.378241 0.783073 0.377778 0.788021 0.380556 0.790885 0.386574 0.793750 0.390741 0.796875 0.393056 0.797396 0.399074 0.796875 0.402778 0.794792 0.408796 0.792969 0.413426 0.789323 0.414352 0.786198 0.412963 0.782813 0.403704 0.777604 0.399537 0.776042
0 0.383333 0.799740 0.379167 0.802865 0.378704 0.806771 0.385185 0.813281 0.387500 0.814583 0.398611 0.816406 0.406019 0.815885 0.410185 0.812760 0.413426 0.807552 0.413426 0.805469 0.411574 0.802604 0.399537 0.799219 0.389352 0.798698
0 0.426389 0.793750 0.420370 0.795052 0.416667 0.797135 0.414815 0.798958 0.413426 0.802865 0.416204 0.809635 0.421296 0.811719 0.426852 0.813281 0.434259 0.812500 0.440741 0.809115 0.443519 0.803646 0.443519 0.798698 0.441204 0.796094 0.438426 0.794792 0.434722 0.794010
0 0.454167 0.793229 0.451389 0.794792 0.449537 0.798958 0.450926 0.802865 0.459259 0.808333 0.467593 0.811198 0.476389 0.810937 0.484259 0.807552 0.487500 0.803125 0.487500 0.798698 0.484259 0.796094 0.481019 0.795052 0.463889 0.792708
0 0.483333 0.774740 0.475463 0.775521 0.468981 0.778385 0.461111 0.780469 0.459259 0.781771 0.458796 0.783854 0.460648 0.787760 0.465741 0.792188 0.468981 0.793490 0.475463 0.794271 0.482407 0.793490 0.491667 0.786719 0.493519 0.783854 0.492593 0.778906 0.489815 0.776823
0 0.485648 0.764583 0.483796 0.767448 0.484259 0.772656 0.486574 0.775000 0.502778 0.778385 0.510648 0.777865 0.514352 0.776302 0.520833 0.775000 0.522222 0.771354 0.519444 0.767708 0.515278 0.765104 0.503704 0.760677 0.495833 0.760417 0.489815 0.762240
0 0.537963 0.760938 0.532407 0.762760 0.527315 0.765885 0.525926 0.767448 0.526389 0.771354 0.528704 0.775000 0.538889 0.781250 0.545370 0.782813 0.553241 0.779167 0.555556 0.776823 0.557407 0.772396 0.557870 0.766406 0.556481 0.764323 0.552315 0.762500
0 0.538889 0.745833 0.535185 0.748437 0.532870 0.751563 0.533333 0.755990 0.537037 0.759635 0.539815 0.760938 0.554630 0.763021 0.559722 0.763021 0.566204 0.761719 0.568056 0.760156 0.568519 0.757031 0.567130 0.752344 0.556019 0.746094 0.552315 0.745052 0.544907 0.744271
0 0.634259 0.771615 0.626389 0.773698 0.623148 0.779427 0.630556 0.789583 0.637037 0.792188 0.643519 0.792708 0.651852 0.790104 0.655556 0.787760 0.657407 0.783854 0.657407 0.779167 0.655556 0.775000 0.651389 0.772396 0.643981 0.771354
0 0.642130 0.794271 0.634259 0.796094 0.629630 0.798438 0.627778 0.802865 0.631019 0.807292 0.637037 0.810677 0.642130 0.812500 0.650463 0.813281 0.655093 0.811458 0.658796 0.807552 0.659722 0.801823 0.658333 0.798958 0.655556 0.796875 0.651852 0.795573
0 0.607407 0.795833 0.600463 0.796875 0.594907 0.800260 0.592593 0.802344 0.590741 0.807031 0.592593 0.810677 0.597222 0.814323 0.602315 0.816146 0.608796 0.816927 0.615278 0.815625 0.621759 0.812760 0.625463 0.807552 0.625463 0.805208 0.622222 0.800260 0.618056 0.797396
0 0.604167 0.778906 0.597222 0.782552 0.595833 0.784375 0.595370 0.788021 0.597685 0.791406 0.605556 0.795573 0.618981 0.797135 0.624537 0.796615 0.627315 0.795052 0.628704 0.790625 0.627778 0.786458 0.623148 0.780990 0.620370 0.779427 0.614815 0.777865 0.606944 0.778125
0 0.567130 0.780729 0.564815 0.782552 0.564352 0.787240 0.567593 0.791146 0.578704 0.795833 0.587963 0.795573 0.591667 0.792969 0.593981 0.788802 0.593981 0.785937 0.591667 0.782813 0.586111 0.780469 0.571759 0.779948
0 0.567130 0.765365 0.563889 0.767708 0.561111 0.771094 0.561574 0.775521 0.566204 0.778646 0.574537 0.780208 0.587963 0.780469 0.596296 0.777604 0.597685 0.776042 0.597685 0.770833 0.593981 0.766667 0.590741 0.764844 0.586111 0.763802 0.575926 0.763542 0.570833 0.764062
0 0.559259 0.790104 0.550463 0.790885 0.543519 0.795052 0.539352 0.798698 0.537037 0.802344 0.536574 0.807031 0.539352 0.810677 0.543981 0.813802 0.550926 0.815625 0.560648 0.815625 0.568519 0.811458 0.570833 0.808333 0.571296 0.803125 0.568981 0.795833 0.565741 0.792969
0 0.527778 0.775260 0.524074 0.774219 0.515741 0.775781 0.507870 0.778385 0.500000 0.782813 0.497685 0.785677 0.497222 0.787760 0.501389 0.793750 0.509722 0.796094 0.517593 0.796354 0.524074 0.793229 0.528704 0.786719 0.531019 0.779948 0.530093 0.777083
0 0.510648 0.795833 0.503704 0.794531 0.496296 0.794531 0.490741 0.797135 0.487963 0.799479 0.487037 0.803385 0.484722 0.807292 0.483796 0.814583 0.488426 0.819271 0.489352 0.822656 0.496759 0.820573 0.500463 0.817187 0.508333 0.813021 0.511574 0.809896 0.515741 0.803385 0.515741 0.801042 0.513889 0.797135
0 0.663889 0.805469 0.664352 0.808333 0.667130 0.812500 0.669907 0.814063 0.676389 0.816146 0.687037 0.815365 0.697222 0.813281 0.707870 0.809635 0.710648 0.807292 0.710185 0.804948 0.706481 0.802083 0.691667 0.798958 0.681019 0.798958 0.670833 0.800521 0.666667 0.802344
0 0.669444 0.779427 0.662963 0.781510 0.659259 0.783854 0.656944 0.786458 0.656944 0.790885 0.660648 0.794792 0.663889 0.796615 0.668981 0.797917 0.677778 0.797656 0.685185 0.795573 0.687963 0.793750 0.689352 0.791927 0.688889 0.786719 0.687037 0.784375 0.681481 0.780208 0.678241 0.779427
0 0.696759 0.760938 0.691667 0.761979 0.681481 0.768229 0.678241 0.771094 0.678241 0.776302 0.680093 0.778385 0.687037 0.781771 0.698148 0.783594 0.703704 0.782031 0.708333 0.779687 0.710648 0.776302 0.711574 0.770312 0.710648 0.767448 0.707870 0.764583 0.703241 0.761979
0 0.697685 0.784896 0.694444 0.785677 0.691667 0.787500 0.690278 0.790104 0.690741 0.794531 0.693519 0.797656 0.697222 0.799740 0.703704 0.801302 0.706019 0.801302 0.709722 0.800000 0.715278 0.795052 0.716667 0.792188 0.716204 0.788281 0.712963 0.785937 0.705093 0.784635
0 0.725000 0.765365 0.718519 0.766667 0.712963 0.769792 0.711574 0.771354 0.710648 0.779427 0.719444 0.785156 0.724074 0.786198 0.734259 0.785417 0.740741 0.783073 0.743981 0.778906 0.744444 0.774479 0.741667 0.769792 0.736574 0.766927
0 0.746296 0.752865 0.739352 0.755208 0.735648 0.758333 0.735185 0.760938 0.736574 0.764323 0.743519 0.769010 0.751389 0.771875 0.760648 0.772135 0.766667 0.769531 0.769907 0.766146 0.770370 0.758854 0.769444 0.756250 0.766204 0.753906 0.761574 0.752604 0.753241 0.752083
0 0.718519 0.744271 0.706019 0.748958 0.703241 0.754948 0.703704 0.759635 0.709722 0.763021 0.714815 0.764583 0.719444 0.765104 0.725926 0.764062 0.728704 0.763021 0.732870 0.760417 0.731944 0.754167 0.728241 0.748177 0.724537 0.745833
0 0.704167 0.729427 0.695833 0.731510 0.690741 0.734115 0.689352 0.735677 0.689352 0.740625 0.693056 0.743490 0.698611 0.746094 0.705556 0.747917 0.712037 0.746615 0.717130 0.743229 0.718981 0.740885 0.718981 0.736458 0.715741 0.732292 0.710648 0.730469
0 0.670370 0.722917 0.662963 0.723698 0.656019 0.725521 0.649537 0.728385 0.647222 0.730990 0.647685 0.736458 0.655556 0.740104 0.662963 0.741927 0.666667 0.741146 0.677778 0.740365 0.681019 0.737240 0.681481 0.732292 0.678241 0.727083 0.676389 0.725521
0 0.665278 0.741406 0.663426 0.743229 0.664815 0.748177 0.667593 0.752083 0.672685 0.755990 0.677778 0.758854 0.684259 0.760417 0.691667 0.760938 0.696296 0.759896 0.700000 0.756771 0.701852 0.753646 0.701852 0.747917 0.692130 0.742969 0.687037 0.741667 0.678241 0.740625
0 0.664352 0.708854 0.663426 0.710938 0.663889 0.717187 0.672222 0.722656 0.676852 0.724479 0.682870 0.725000 0.693519 0.724740 0.698611 0.723177 0.700463 0.719531 0.700463 0.716146 0.697685 0.712240 0.689352 0.706771 0.683796 0.705208 0.676852 0.704948
0 0.697685 0.679427 0.691667 0.681510 0.683796 0.686458 0.682870 0.688542 0.683333 0.692969 0.686574 0.696354 0.692593 0.698958 0.697685 0.700000 0.706019 0.700000 0.710648 0.698177 0.713889 0.695312 0.714815 0.693490 0.714352 0.685937 0.711574 0.682031 0.705093 0.679948
0 0.682870 0.665885 0.675000 0.667708 0.668981 0.673177 0.668519 0.674479 0.669444 0.677865 0.672222 0.681250 0.676389 0.682813 0.685185 0.683854 0.690741 0.682813 0.699537 0.678906 0.700926 0.677604 0.700926 0.673698 0.699537 0.670833 0.693519 0.667188 0.691204 0.666406
0 0.669444 0.644531 0.661574 0.646875 0.657870 0.648958 0.656481 0.651042 0.656481 0.654687 0.666667 0.663021 0.671296 0.665104 0.677315 0.666146 0.681944 0.665104 0.684722 0.662500 0.685185 0.654167 0.682870 0.649479 0.680556 0.647135 0.677778 0.645833
0 0.684259 0.644271 0.681481 0.646615 0.683333 0.649219 0.686574 0.658333 0.687963 0.659635 0.693519 0.662760 0.697685 0.663802 0.705093 0.664062 0.712500 0.662240 0.714815 0.660937 0.716667 0.658594 0.717130 0.654167 0.711574 0.648438 0.705556 0.645312 0.698611 0.643490 0.690278 0.642969
0 0.725926 0.648177 0.720833 0.651823 0.718981 0.654167 0.719444 0.658854 0.721759 0.662240 0.727315 0.664844 0.736574 0.666927 0.747685 0.667448 0.753704 0.665885 0.756944 0.661719 0.751852 0.652865 0.743981 0.649219 0.738889 0.647917 0.730556 0.647396
0 0.756481 0.636719 0.749074 0.642448 0.748611 0.646875 0.751389 0.648958 0.758333 0.651563 0.766204 0.653385 0.774537 0.653385 0.783333 0.650260 0.786111 0.646354 0.784722 0.642188 0.780556 0.638281 0.774074 0.636458 0.768519 0.635938
0 0.741667 0.628906 0.731481 0.628646 0.726389 0.630990 0.724074 0.633073 0.720833 0.638281 0.720370 0.642969 0.722685 0.645052 0.726852 0.647135 0.732870 0.647656 0.739815 0.646615 0.748148 0.643490 0.753241 0.639062 0.753704 0.634635 0.752315 0.633073 0.748611 0.630990
0 0.712037 0.617708 0.703241 0.618750 0.693519 0.624219 0.686574 0.630469 0.685648 0.634896 0.692593 0.639583 0.697222 0.641146 0.702315 0.641927 0.711111 0.641667 0.714815 0.640625 0.717130 0.638802 0.718519 0.635417 0.717593 0.623958 0.716204 0.621354
0 0.648611 0.629687 0.641667 0.633073 0.637500 0.638281 0.637963 0.642708 0.644444 0.647396 0.648148 0.648177 0.656944 0.648698 0.663889 0.646615 0.670833 0.642969 0.670370 0.638281 0.666204 0.634635 0.656481 0.629948
0 0.625000 0.620573 0.618519 0.620833 0.613426 0.622396 0.609259 0.624740 0.606019 0.629427 0.606481 0.634375 0.610185 0.638542 0.614815 0.641146 0.621296 0.642708 0.628704 0.642188 0.633796 0.640885 0.636574 0.639323 0.638889 0.636719 0.641667 0.631250 0.640741 0.626302 0.638426 0.623958 0.631944 0.621354
0 0.591667 0.624479 0.584259 0.625781 0.574537 0.630469 0.573611 0.635417 0.576389 0.638281 0.583796 0.641927 0.587037 0.642708 0.594444 0.642969 0.599074 0.641667 0.603241 0.638021 0.604167 0.636198 0.604167 0.629427 0.603241 0.627083 0.599537 0.625260 0.595833 0.624479
0 0.802315 0.626823 0.792130 0.627083 0.787037 0.629167 0.783333 0.634375 0.782407 0.638802 0.787037 0.646094 0.788889 0.647396 0.795370 0.648177 0.804167 0.646094 0.807407 0.644010 0.811111 0.634896 0.810648 0.631510 0.807870 0.628906
0 0.818056 0.630208 0.812500 0.632812 0.811111 0.634375 0.809259 0.638542 0.809259 0.643229 0.814352 0.646354 0.821759 0.648958 0.829630 0.649740 0.838426 0.648958 0.840741 0.647656 0.843981 0.642969 0.843519 0.638542 0.841204 0.634635 0.837037 0.631510 0.832870 0.629948 0.821296 0.629427
0 0.856944 0.635677 0.849074 0.637760 0.846296 0.639323 0.842593 0.645833 0.842593 0.650521 0.845833 0.652604 0.849074 0.653646 0.859259 0.654427 0.868519 0.652604 0.874537 0.649740 0.877778 0.646615 0.877778 0.642188 0.876389 0.640365 0.869444 0.637240 0.865278 0.636198
0 0.900926 0.630469 0.898611 0.630469 0.887037 0.633854 0.880556 0.638021 0.878241 0.641406 0.878704 0.646615 0.881019 0.648958 0.885185 0.651042 0.891667 0.652604 0.899537 0.653125 0.904167 0.652083 0.909259 0.648698 0.911111 0.645312 0.911574 0.638542 0.906481 0.632031
0 0.951852 0.630729 0.944444 0.628385 0.938889 0.627865 0.932870 0.628385 0.926389 0.631250 0.922685 0.635677 0.922222 0.641667 0.926852 0.648177 0.931481 0.648698 0.939352 0.648177 0.948611 0.644792 0.955093 0.640104 0.956481 0.637240 0.956481 0.634375 0.955093 0.632552
0 0.917130 0.653385 0.913889 0.655729 0.912963 0.658594 0.915278 0.662760 0.918981 0.665104 0.925000 0.667188 0.933333 0.668750 0.941204 0.668750 0.948148 0.665885 0.951389 0.662240 0.951389 0.657813 0.948148 0.652865 0.941204 0.649740 0.933333 0.649219 0.928241 0.650000
0 0.873611 0.658073 0.874074 0.663021 0.875926 0.665365 0.879167 0.667188 0.884259 0.668750 0.907870 0.667188 0.912037 0.665885 0.914815 0.662760 0.914815 0.661719 0.909722 0.657292 0.901389 0.654948 0.886574 0.652865 0.881481 0.653385 0.877315 0.654687
0 0.877778 0.666927 0.872222 0.669010 0.866667 0.674479 0.864815 0.677604 0.864815 0.681771 0.867593 0.684896 0.872685 0.687760 0.877315 0.688542 0.887037 0.688542 0.890278 0.687760 0.894907 0.685156 0.895833 0.682292 0.894907 0.678646 0.888426 0.670833 0.884722 0.668750
0 0.927315 0.674219 0.920370 0.672917 0.912500 0.672917 0.904630 0.673698 0.894907 0.677604 0.894444 0.683073 0.895833 0.684115 0.899074 0.684635 0.906481 0.688802 0.909722 0.689583 0.915278 0.689583 0.921296 0.686979 0.929630 0.681510 0.930556 0.677083
0 0.925463 0.684635 0.924074 0.686198 0.923611 0.689844 0.926852 0.693490 0.936111 0.697396 0.947222 0.699740 0.956019 0.699479 0.960648 0.697396 0.964815 0.694010 0.966204 0.690885 0.966204 0.687760 0.964815 0.685417 0.961574 0.683854 0.940741 0.680729 0.933796 0.681250
0 0.897685 0.696615 0.894907 0.697135 0.887963 0.700521 0.885648 0.704167 0.885648 0.709115 0.888426 0.712240 0.895370 0.715625 0.899074 0.716667 0.906944 0.716667 0.910648 0.715625 0.914352 0.712760 0.917130 0.705729 0.916204 0.701302 0.913426 0.699219 0.908333 0.697135
0 0.828704 0.705469 0.826389 0.708073 0.826389 0.709635 0.827778 0.711198 0.833333 0.714583 0.841204 0.717969 0.848611 0.719010 0.857870 0.719010 0.863889 0.713542 0.864815 0.708854 0.861574 0.704948 0.856944 0.702083 0.851389 0.701302 0.838426 0.701823 0.834259 0.702604
0 0.843519 0.682292 0.838426 0.684635 0.836574 0.686458 0.835648 0.689583 0.837500 0.692969 0.840278 0.695312 0.848611 0.699740 0.850463 0.700260 0.857870 0.700260 0.866204 0.697135 0.868981 0.695312 0.870833 0.691406 0.870370 0.687760 0.867130 0.685417 0.858796 0.682552
0 0.811574 0.672396 0.809722 0.674740 0.808796 0.678646 0.809722 0.680990 0.812500 0.683333 0.823611 0.686198 0.833333 0.686458 0.837037 0.685677 0.840278 0.681510 0.841204 0.677604 0.830093 0.670573 0.822222 0.670573
0 0.835648 0.661979 0.831944 0.664062 0.828241 0.670052 0.838426 0.675521 0.843519 0.677344 0.851389 0.677344 0.860185 0.673177 0.862037 0.669531 0.860185 0.667448 0.855556 0.664583 0.851852 0.663021 0.845370 0.661458
0 0.815278 0.649219 0.808796 0.649740 0.800463 0.652083 0.794907 0.655469 0.793056 0.658594 0.794444 0.662760 0.797222 0.665365 0.809259 0.671354 0.816204 0.671615 0.823611 0.670573 0.827778 0.669010 0.831481 0.665104 0.832870 0.662760 0.832870 0.660417 0.831019 0.655990 0.827315 0.652865 0.823611 0.651042
0 0.740278 0.671615 0.736574 0.672917 0.731019 0.677604 0.730556 0.681771 0.733333 0.686198 0.738426 0.688802 0.743519 0.689583 0.749537 0.689583 0.757407 0.688281 0.760648 0.686458 0.762963 0.682031 0.762500 0.678385 0.760648 0.675781 0.756481 0.673698 0.746759 0.671094
0 0.728704 0.665625 0.718981 0.662760 0.711574 0.663021 0.706019 0.664323 0.703704 0.666146 0.701852 0.669271 0.702315 0.675781 0.703704 0.678906 0.706019 0.679948 0.712500 0.680469 0.718519 0.678125 0.728704 0.670573
0 0.774074 0.672917 0.769907 0.677604 0.770833 0.682292 0.774074 0.685677 0.781019 0.688281 0.787500 0.689323 0.796296 0.688281 0.800000 0.686979 0.801852 0.685156 0.803241 0.681250 0.800463 0.677604 0.796759 0.675260 0.787500 0.671875 0.781019 0.671354
0 0.808333 0.684635 0.801852 0.687500 0.799074 0.694010 0.799074 0.698177 0.800926 0.701042 0.803704 0.702865 0.808796 0.704427 0.817593 0.704948 0.823611 0.703906 0.827315 0.702604 0.829167 0.700260 0.830093 0.697135 0.827778 0.693750 0.819907 0.686979
0 0.763889 0.686979 0.760648 0.689323 0.758796 0.692969 0.760185 0.697917 0.762963 0.701042 0.768519 0.703906 0.773148 0.704688 0.781481 0.704688 0.787500 0.702344 0.791204 0.700000 0.793519 0.697396 0.792593 0.693229 0.790278 0.690885 0.775000 0.686198 0.769444 0.686198
0 0.746759 0.701302 0.743981 0.701823 0.740278 0.703646 0.738889 0.706250 0.738889 0.711458 0.740278 0.714063 0.742593 0.715885 0.746296 0.716927 0.754630 0.717187 0.761111 0.716146 0.769444 0.713021 0.768981 0.705208 0.764815 0.702344 0.755093 0.701042
0 0.725463 0.692969 0.720370 0.694010 0.716204 0.696354 0.712963 0.701042 0.709259 0.703906 0.708333 0.709375 0.715278 0.714323 0.726852 0.716146 0.735648 0.712760 0.737500 0.711198 0.739352 0.705469 0.739352 0.701042 0.736574 0.697917 0.730093 0.694271
0 0.711574 0.715104 0.702315 0.719271 0.700926 0.724740 0.704167 0.728646 0.716204 0.732292 0.718519 0.733854 0.725000 0.733594 0.734722 0.729948 0.735185 0.723958 0.734259 0.721354 0.731944 0.719271 0.726389 0.716927 0.719907 0.715625
0 0.741204 0.717448 0.733796 0.720573 0.733796 0.728906 0.736111 0.730729 0.746296 0.733594 0.753704 0.734115 0.756481 0.732552 0.760185 0.731771 0.763889 0.729167 0.764815 0.724479 0.760648 0.720052 0.757407 0.718490 0.747685 0.716927
0 0.788426 0.709896 0.778704 0.710156 0.772685 0.711979 0.763889 0.716667 0.763889 0.720833 0.765741 0.722135 0.767593 0.725521 0.772222 0.728646 0.780556 0.730729 0.787500 0.727344 0.793519 0.723177 0.796759 0.719792 0.797222 0.716406 0.794444 0.712760
0 0.809259 0.719271 0.801389 0.720052 0.795833 0.721875 0.791204 0.724479 0.782870 0.732292 0.785185 0.736198 0.787963 0.738542 0.792130 0.740885 0.801852 0.743750 0.807870 0.743229 0.812500 0.741927 0.819444 0.737760 0.821296 0.735156 0.821296 0.728385 0.818981 0.724479 0.815741 0.721615
0 0.837500 0.718490 0.834722 0.719792 0.830556 0.723958 0.830556 0.727865 0.831944 0.730729 0.834722 0.733594 0.839815 0.735417 0.842593 0.735938 0.850926 0.735938 0.858796 0.732031 0.861111 0.728906 0.861574 0.724479 0.857870 0.720833 0.855093 0.719271 0.844907 0.717969
0 0.871759 0.729688 0.866667 0.732292 0.863889 0.735417 0.863889 0.740365 0.868519 0.745313 0.875000 0.749740 0.877315 0.750521 0.887963 0.750260 0.899537 0.743750 0.900463 0.739844 0.898611 0.736198 0.890741 0.730990 0.886111 0.729427 0.878241 0.728646
0 0.917130 0.735677 0.913426 0.736458 0.910185 0.738802 0.909722 0.744792 0.915278 0.751042 0.922685 0.754948 0.928241 0.755729 0.933333 0.754167 0.939815 0.750260 0.943056 0.745052 0.942130 0.740625 0.937963 0.737760 0.931944 0.735938 0.927315 0.735156
0 0.934259 0.760938 0.928241 0.761979 0.917130 0.765104 0.909259 0.768750 0.906019 0.771094 0.906019 0.775521 0.908333 0.777865 0.912500 0.780469 0.919444 0.783073 0.925463 0.783594 0.929630 0.783073 0.937500 0.779427 0.941667 0.776302 0.942593 0.771354 0.937963 0.762760
0 0.880556 0.773177 0.878241 0.775000 0.877315 0.780469 0.878241 0.783594 0.881944 0.788021 0.893981 0.793750 0.899537 0.794271 0.905556 0.792448 0.908796 0.789583 0.909722 0.785677 0.908333 0.781771 0.903704 0.777083 0.898611 0.774219 0.892593 0.772656 0.884722 0.772135
0 0.886111 0.789583 0.878241 0.788802 0.869444 0.791406 0.865278 0.794792 0.860648 0.802604 0.861574 0.806771 0.864352 0.807292 0.878241 0.807031 0.887963 0.804427 0.893056 0.801823 0.894444 0.798958 0.893981 0.795833 0.889815 0.791667
0 0.825926 0.788021 0.822685 0.789323 0.816204 0.794792 0.817130 0.798958 0.822222 0.803646 0.828704 0.807031 0.837037 0.808073 0.843519 0.805729 0.848611 0.802865 0.851389 0.799219 0.851389 0.793229 0.850000 0.791146 0.843056 0.788281 0.837963 0.787500
0 0.767130 0.790104 0.758796 0.791667 0.755093 0.793229 0.751852 0.798438 0.752315 0.802865 0.754630 0.805990 0.759259 0.809375 0.767130 0.811719 0.775000 0.811979 0.781481 0.810156 0.785185 0.800000 0.784722 0.795833 0.783796 0.794531 0.774074 0.790625
0 0.745370 0.777604 0.743519 0.779687 0.742130 0.783594 0.744444 0.787240 0.746296 0.788542 0.753241 0.790885 0.761574 0.791406 0.769907 0.789844 0.773148 0.788542 0.776389 0.785417 0.777315 0.782552 0.775926 0.780729 0.769907 0.777083 0.760185 0.775000 0.752778 0.775000
0 0.787037 0.760938 0.778241 0.762500 0.775000 0.764583 0.772685 0.767969 0.773611 0.772135 0.784722 0.778385 0.788426 0.779687 0.797222 0.778385 0.802778 0.776042 0.804167 0.773958 0.804167 0.770312 0.802315 0.766146 0.796296 0.761979
0 0.793981 0.742708 0.786111 0.742969 0.779167 0.745052 0.772685 0.747917 0.775000 0.751042 0.776389 0.755208 0.780556 0.759635 0.786111 0.760677 0.794444 0.760156 0.802778 0.755729 0.804630 0.752083 0.802778 0.745833 0.800463 0.744010
0 0.767130 0.728125 0.756019 0.733333 0.754167 0.735677 0.754630 0.740365 0.756481 0.742969 0.759722 0.744792 0.767130 0.746875 0.774537 0.746875 0.781944 0.743490 0.783796 0.741146 0.781944 0.734896 0.779630 0.732031 0.775463 0.729948
0 0.731019 0.732552 0.726389 0.734635 0.722222 0.737760 0.721296 0.741667 0.722685 0.744010 0.727315 0.747135 0.739352 0.750781 0.745370 0.751563 0.750463 0.750781 0.753704 0.748437 0.754630 0.744531 0.753704 0.740104 0.750463 0.735156 0.747685 0.733594 0.739815 0.731771
0 0.837037 0.736719 0.829630 0.736979 0.823611 0.738802 0.807407 0.747917 0.807407 0.752083 0.816204 0.757031 0.822685 0.758854 0.829167 0.758333 0.834722 0.755729 0.841204 0.747917 0.842593 0.744792 0.842130 0.739844 0.841204 0.738542
0 0.856944 0.748177 0.847222 0.750781 0.842593 0.753646 0.841667 0.754948 0.842593 0.759896 0.847222 0.763802 0.856019 0.768750 0.865278 0.770833 0.871759 0.768750 0.875926 0.766146 0.877778 0.764062 0.875926 0.752604 0.871296 0.749479 0.868519 0.748698
0 0.878241 0.751823 0.875926 0.755208 0.876852 0.761198 0.878241 0.764844 0.881944 0.767969 0.892130 0.771875 0.903704 0.769792 0.907407 0.766927 0.909259 0.764062 0.907870 0.759896 0.905556 0.757552 0.900000 0.754427 0.889815 0.751563 0.882870 0.751042
0 0.852315 0.769792 0.839352 0.771354 0.833333 0.775260 0.833333 0.779687 0.838426 0.786979 0.849537 0.791667 0.850463 0.793490 0.854630 0.790885 0.858333 0.790104 0.863426 0.787240 0.865741 0.781250 0.865741 0.777083 0.864352 0.773958 0.857870 0.770573
0 0.786574 0.779948 0.784722 0.783333 0.788426 0.787240 0.801852 0.793229 0.807407 0.794792 0.816204 0.794531 0.820833 0.791667 0.824537 0.787500 0.823611 0.782552 0.822222 0.780469 0.815741 0.776823 0.810185 0.776042 0.801852 0.776302 0.795370 0.778125 0.787963 0.779167
0 0.118981 0.488021 0.114815 0.487240 0.106481 0.487240 0.101852 0.488802 0.096759 0.494271 0.093981 0.501042 0.093981 0.503906 0.095833 0.506510 0.101389 0.507812 0.114352 0.503125 0.119907 0.500000 0.124537 0.494010 0.121296 0.489323
0 0.141667 0.477865 0.133333 0.479427 0.125000 0.483073 0.122685 0.486198 0.121759 0.490885 0.126852 0.495312 0.137037 0.497656 0.144444 0.498177 0.150926 0.497135 0.156481 0.494271 0.158796 0.490625 0.157407 0.484375 0.153241 0.480729 0.149074 0.478646
0 0.106481 0.456771 0.093519 0.460417 0.091667 0.463021 0.091204 0.467708 0.094444 0.474740 0.100463 0.478125 0.108333 0.478646 0.112500 0.477344 0.117593 0.474479 0.121759 0.467708 0.122685 0.462760 0.114815 0.457813
0 0.143519 0.459635 0.137963 0.459115 0.128241 0.459635 0.125000 0.460677 0.122222 0.462500 0.120370 0.471875 0.121759 0.474740 0.126852 0.477604 0.129167 0.478125 0.138426 0.477865 0.144907 0.476823 0.148611 0.475000 0.151389 0.470833 0.151852 0.466146 0.148611 0.461719
0 0.197222 0.466667 0.192593 0.465625 0.183796 0.464844 0.174074 0.466146 0.168981 0.468229 0.165741 0.473698 0.165278 0.479167 0.166667 0.482292 0.169907 0.484896 0.178704 0.485156 0.187500 0.484115 0.199074 0.478906 0.202315 0.475260 0.201389 0.470052
0 0.205556 0.490104 0.202778 0.488542 0.197685 0.486979 0.189352 0.485677 0.183333 0.485417 0.174537 0.486719 0.169907 0.488542 0.167130 0.490625 0.165741 0.493229 0.166667 0.498958 0.169907 0.501302 0.175926 0.503125 0.185648 0.503125 0.192593 0.501823 0.198148 0.499740 0.204630 0.494010
0 0.233796 0.471875 0.224537 0.471094 0.219444 0.472135 0.214815 0.474219 0.210185 0.477604 0.209259 0.479167 0.209259 0.482552 0.213426 0.486458 0.218519 0.488021 0.227315 0.488021 0.232870 0.487500 0.238426 0.484896 0.241204 0.482552 0.241204 0.477083 0.238889 0.474219
0 0.247685 0.472396 0.243056 0.475260 0.241667 0.477604 0.241667 0.480469 0.243056 0.483073 0.250000 0.487240 0.254630 0.488802 0.259722 0.489583 0.267593 0.489063 0.271759 0.486198 0.274537 0.482552 0.273611 0.478385 0.268981 0.473958 0.266204 0.472396 0.261111 0.471354 0.253241 0.471094
0 0.281481 0.460938 0.276852 0.461458 0.274074 0.462500 0.268981 0.470313 0.270370 0.475781 0.275463 0.478906 0.280556 0.479427 0.288426 0.478906 0.291667 0.478125 0.294907 0.476302 0.296759 0.472396 0.296759 0.470052 0.293519 0.465104 0.288889 0.462500
0 0.325926 0.469531 0.318981 0.472135 0.315741 0.474219 0.315741 0.475781 0.318056 0.478646 0.329630 0.483594 0.336574 0.485417 0.343981 0.484115 0.347685 0.482031 0.350000 0.479167 0.351389 0.474479 0.349537 0.472396 0.345370 0.470052 0.341204 0.469010 0.335185 0.468750
0 0.359259 0.483073 0.350926 0.483073 0.343981 0.484115 0.338426 0.486719 0.335185 0.489583 0.335185 0.492969 0.336574 0.495833 0.340741 0.498698 0.345370 0.500260 0.350000 0.501042 0.356481 0.500260 0.362963 0.497135 0.365741 0.494271 0.367130 0.490625 0.366204 0.487760 0.363426 0.484375
0 0.305093 0.487240 0.303704 0.489323 0.303241 0.494271 0.307870 0.497917 0.315741 0.500521 0.323611 0.500521 0.335648 0.498177 0.333333 0.491146 0.327315 0.485417 0.324074 0.483594 0.314815 0.483333
0 0.287963 0.479948 0.276852 0.481771 0.274074 0.483333 0.268519 0.490365 0.269907 0.492448 0.272685 0.494010 0.281481 0.496354 0.289815 0.497135 0.294444 0.496615 0.302315 0.493750 0.304630 0.486198 0.300926 0.482812 0.295370 0.480208
0 0.254167 0.494792 0.251389 0.496354 0.250000 0.498177 0.251852 0.500260 0.254167 0.505990 0.258796 0.508594 0.267593 0.511458 0.274537 0.510677 0.282407 0.507292 0.285185 0.502604 0.284722 0.499479 0.282870 0.497135 0.274074 0.494271 0.266667 0.493750
0 0.216204 0.494010 0.217593 0.498177 0.222685 0.500260 0.237963 0.504167 0.242130 0.505990 0.252315 0.505990 0.248148 0.495833 0.244907 0.493750 0.233796 0.489063 0.225463 0.489323
0 0.239352 0.507812 0.237037 0.509375 0.237963 0.514062 0.239815 0.517708 0.245370 0.521875 0.253241 0.525260 0.260648 0.525000 0.267593 0.521615 0.271296 0.517708 0.268519 0.514323 0.263889 0.510938 0.253704 0.507031 0.244907 0.506771
0 0.211111 0.504687 0.208796 0.505729 0.205093 0.509635 0.204630 0.514583 0.207870 0.521354 0.211111 0.522917 0.218056 0.524740 0.226389 0.524219 0.231944 0.522917 0.239352 0.517708 0.236111 0.511458 0.229167 0.507292 0.220833 0.504687
0 0.173148 0.506771 0.167593 0.509635 0.164352 0.513542 0.164815 0.517969 0.167130 0.520573 0.170370 0.522396 0.174537 0.522917 0.185648 0.522917 0.191204 0.521875 0.195833 0.518229 0.195370 0.513542 0.190741 0.508333 0.184722 0.505990 0.176852 0.505729
0 0.138426 0.499479 0.136574 0.500521 0.134259 0.504167 0.134259 0.506510 0.137963 0.512760 0.141667 0.514844 0.149074 0.517448 0.156019 0.517188 0.159259 0.516406 0.161574 0.515104 0.166204 0.510156 0.165278 0.505469 0.160648 0.502344 0.149537 0.498698 0.141667 0.498698
0 0.115741 0.502865 0.109259 0.504948 0.105093 0.507552 0.101852 0.512760 0.102315 0.516406 0.104167 0.517448 0.110185 0.518490 0.114815 0.518490 0.120833 0.519531 0.128241 0.519531 0.137963 0.514062 0.133796 0.504948 0.131481 0.503125 0.128241 0.502604 0.119444 0.502344
0 0.124537 0.519792 0.115278 0.518229 0.111111 0.518490 0.106944 0.519792 0.105093 0.522396 0.103241 0.528125 0.103241 0.533594 0.106019 0.535156 0.114815 0.535677 0.117130 0.534115 0.124537 0.532031 0.127315 0.530469 0.129630 0.525260 0.126852 0.521094
0 0.142593 0.531510 0.138889 0.530729 0.128241 0.530469 0.118519 0.533594 0.115278 0.536719 0.115278 0.541667 0.117130 0.544271 0.121296 0.546354 0.129630 0.547135 0.143981 0.543750 0.148148 0.541406 0.147685 0.536979
0 0.156019 0.518490 0.148611 0.520312 0.143981 0.522656 0.142593 0.524479 0.142130 0.529687 0.145833 0.534375 0.151852 0.537500 0.157407 0.538542 0.164352 0.538802 0.170370 0.536979 0.172222 0.533854 0.171759 0.525260 0.169907 0.522396 0.164352 0.519010
0 0.100463 0.545052 0.093981 0.548438 0.090278 0.552344 0.088889 0.555990 0.089352 0.560677 0.091204 0.563281 0.093056 0.564323 0.100000 0.566146 0.107870 0.566146 0.115278 0.564844 0.117593 0.563802 0.118981 0.561198 0.119444 0.555990 0.118056 0.552604 0.113426 0.547396 0.108333 0.545312
0 0.108333 0.566146 0.104630 0.567708 0.100463 0.571094 0.100463 0.575781 0.102778 0.578646 0.107407 0.580990 0.121296 0.583073 0.130093 0.580208 0.131944 0.579167 0.133333 0.577083 0.132870 0.572135 0.129167 0.569271 0.120833 0.565885 0.113889 0.565365
0 0.119907 0.583854 0.114815 0.582292 0.107407 0.581250 0.100463 0.582812 0.096759 0.584635 0.093519 0.586979 0.090278 0.591406 0.091204 0.594531 0.093519 0.597135 0.097222 0.598437 0.101389 0.598958 0.118519 0.595833 0.122222 0.593750 0.123148 0.592448 0.123148 0.587760 0.121759 0.585156
0 0.133796 0.599479 0.129167 0.597656 0.121759 0.596615 0.107870 0.597656 0.101389 0.599219 0.099537 0.600781 0.099074 0.604688 0.100000 0.607292 0.105556 0.611198 0.110185 0.612500 0.118981 0.613542 0.128241 0.613021 0.133796 0.610677 0.135648 0.607812 0.135648 0.602344
0 0.134722 0.612760 0.128704 0.614583 0.123148 0.619010 0.123148 0.623437 0.128241 0.628385 0.131481 0.629948 0.136111 0.631250 0.143981 0.631771 0.149537 0.630208 0.154630 0.626823 0.157407 0.623177 0.158796 0.619010 0.156019 0.616146 0.152315 0.614323 0.142130 0.612760
0 0.121759 0.620313 0.116667 0.619010 0.107407 0.619531 0.102778 0.621094 0.096759 0.624219 0.093981 0.626823 0.093519 0.631250 0.096759 0.634896 0.103704 0.636719 0.112963 0.636979 0.117130 0.636198 0.123148 0.633333 0.125926 0.630990 0.125926 0.626302
0 0.149537 0.633333 0.145370 0.632812 0.134259 0.632812 0.129630 0.634115 0.125000 0.636458 0.123148 0.638542 0.121759 0.642448 0.122222 0.646615 0.124074 0.648958 0.127778 0.650781 0.136111 0.651302 0.149074 0.648958 0.153241 0.647396 0.156944 0.643229 0.156944 0.638281 0.154630 0.635677
0 0.171296 0.636458 0.166204 0.637240 0.158796 0.640365 0.155093 0.646094 0.156019 0.650781 0.158796 0.653385 0.163889 0.654948 0.170370 0.655208 0.177315 0.653646 0.184259 0.650260 0.186574 0.646615 0.184722 0.642188 0.181944 0.639323 0.177315 0.637500
0 0.164815 0.619010 0.159722 0.621615 0.156944 0.626823 0.160185 0.632812 0.168056 0.635938 0.176852 0.637240 0.184259 0.637240 0.189352 0.631250 0.188889 0.626042 0.186111 0.620573 0.177315 0.616667
0 0.190741 0.631250 0.187500 0.633594 0.184259 0.638281 0.186111 0.643750 0.189352 0.646354 0.195833 0.647135 0.206481 0.647135 0.212037 0.646354 0.218519 0.642969 0.217130 0.638542 0.211574 0.635156 0.208333 0.631771 0.198611 0.629948 0.194444 0.630208
0 0.204167 0.613021 0.197685 0.614323 0.193056 0.616406 0.190278 0.619010 0.189352 0.623177 0.192593 0.627865 0.194907 0.629167 0.206019 0.630729 0.211574 0.629427 0.216667 0.626563 0.217593 0.621615 0.216667 0.618229 0.214815 0.616146 0.208796 0.613802
0 0.176389 0.598177 0.174074 0.598698 0.171759 0.600260 0.169444 0.607552 0.171759 0.611198 0.176389 0.615625 0.183796 0.618229 0.186574 0.617969 0.195833 0.614844 0.200000 0.612240 0.201852 0.609115 0.201852 0.606250 0.200000 0.604167 0.188426 0.598698 0.184722 0.597917
0 0.148148 0.595313 0.140278 0.597396 0.137037 0.599740 0.136111 0.602083 0.136574 0.609115 0.137963 0.610677 0.142593 0.612500 0.148148 0.613281 0.156944 0.613021 0.161574 0.611458 0.164352 0.609375 0.165278 0.607812 0.164352 0.603125 0.160185 0.598177 0.156481 0.596094
0 0.143519 0.580469 0.135185 0.580469 0.128241 0.581771 0.123611 0.583854 0.122685 0.587500 0.123148 0.592448 0.126389 0.596094 0.136111 0.597917 0.150926 0.594792 0.153241 0.593750 0.155556 0.588281 0.154630 0.584375 0.149074 0.581510
0 0.137963 0.571875 0.138426 0.573698 0.142130 0.578125 0.144907 0.579688 0.156019 0.583333 0.163426 0.582292 0.171296 0.579688 0.171759 0.574479 0.170833 0.572135 0.159259 0.568750 0.149074 0.567448 0.140741 0.569531
0 0.142593 0.546875 0.136111 0.545833 0.133796 0.546094 0.126852 0.548177 0.123611 0.550781 0.120370 0.555208 0.119444 0.560156 0.120370 0.563802 0.123611 0.565625 0.129167 0.566667 0.136111 0.565365 0.145833 0.561979 0.149537 0.559635 0.151389 0.557031 0.152315 0.552604 0.149537 0.550000
0 0.177315 0.547656 0.169907 0.548177 0.162963 0.549479 0.151852 0.555208 0.149074 0.559896 0.150926 0.565365 0.152778 0.567448 0.162963 0.570573 0.169444 0.571615 0.175926 0.569531 0.180093 0.567187 0.182407 0.564323 0.183333 0.559375 0.182870 0.553646 0.180556 0.550000
0 0.190278 0.523438 0.184259 0.525260 0.180093 0.528385 0.175926 0.533854 0.174537 0.538281 0.175000 0.541406 0.177778 0.545052 0.182407 0.546094 0.192130 0.546875 0.200000 0.545052 0.203241 0.541406 0.205093 0.536458 0.201852 0.528646 0.197685 0.525781 0.191667 0.523438
0 0.356944 0.465104 0.353241 0.467187 0.351389 0.470052 0.352315 0.475000 0.354167 0.477083 0.361574 0.480990 0.369444 0.481250 0.372685 0.480729 0.383333 0.474219 0.384722 0.471615 0.383796 0.467708 0.381481 0.466406 0.371759 0.464062 0.362963 0.464062
0 0.397222 0.474219 0.385185 0.473698 0.379167 0.476302 0.375000 0.479427 0.372222 0.484115 0.371759 0.488021 0.373611 0.490365 0.385648 0.492448 0.395833 0.490625 0.402778 0.487240 0.405556 0.483594 0.405556 0.478385 0.401852 0.475521
0 0.402778 0.458594 0.398148 0.462500 0.398611 0.470833 0.401852 0.474740 0.406481 0.476823 0.412963 0.477865 0.421296 0.477344 0.426389 0.476302 0.431944 0.473177 0.433796 0.470833 0.430093 0.464323 0.423148 0.460417 0.413889 0.457552 0.405556 0.457813
0 0.454167 0.469010 0.449074 0.467969 0.445833 0.468229 0.434259 0.472135 0.428704 0.474740 0.424074 0.478385 0.423611 0.483854 0.424537 0.484896 0.431019 0.486198 0.434259 0.488542 0.436574 0.487240 0.441204 0.486979 0.446296 0.485677 0.454630 0.484635 0.460185 0.479948 0.460648 0.476562 0.459722 0.473438
0 0.475000 0.466146 0.466204 0.468229 0.463889 0.469531 0.460648 0.475000 0.462500 0.479167 0.469907 0.483073 0.476389 0.484115 0.484722 0.481510 0.489815 0.478385 0.493056 0.474740 0.493056 0.470313 0.489815 0.468229 0.485185 0.466927
0 0.525000 0.467448 0.518056 0.465885 0.513889 0.466146 0.510185 0.467448 0.502778 0.474219 0.503241 0.477083 0.505556 0.479427 0.510185 0.480469 0.518056 0.480469 0.524537 0.476562 0.527778 0.470833 0.526852 0.468490
0 0.552315 0.475000 0.545833 0.475521 0.533796 0.478385 0.527315 0.482031 0.525463 0.484635 0.526389 0.488802 0.534722 0.494010 0.537500 0.494531 0.545370 0.494531 0.553704 0.490104 0.558333 0.482031 0.556944 0.478646 0.554167 0.477344
0 0.506481 0.481510 0.500926 0.482812 0.498148 0.484115 0.496759 0.485677 0.496759 0.490625 0.505093 0.498177 0.509722 0.500781 0.516204 0.500521 0.522685 0.497135 0.525463 0.494271 0.525926 0.489844 0.524537 0.485938 0.522685 0.483854 0.517130 0.481510
0 0.461111 0.490625 0.460648 0.494531 0.463889 0.497917 0.468981 0.500260 0.474537 0.501302 0.489815 0.501302 0.500463 0.499479 0.504630 0.498177 0.501389 0.494271 0.494444 0.488802 0.482870 0.484896 0.468981 0.485417
0 0.455093 0.484635 0.445370 0.485677 0.439815 0.487500 0.436111 0.489844 0.433796 0.494531 0.430556 0.498177 0.430556 0.502344 0.431944 0.503906 0.440741 0.507552 0.448148 0.506771 0.453704 0.503385 0.457870 0.496615 0.458796 0.492448 0.457870 0.487760
0 0.429167 0.485677 0.426389 0.484896 0.421759 0.484635 0.412963 0.485417 0.406019 0.487500 0.400926 0.490104 0.400000 0.494271 0.403241 0.498698 0.405556 0.500260 0.410648 0.501042 0.418056 0.501042 0.425000 0.500260 0.429630 0.498437 0.432870 0.494531 0.433333 0.489583 0.431481 0.486979
0 0.392130 0.491667 0.385648 0.493229 0.376389 0.498958 0.375000 0.500781 0.375000 0.505990 0.376852 0.508073 0.379630 0.509375 0.392593 0.511979 0.399074 0.510156 0.401852 0.508333 0.404167 0.500781 0.403241 0.497917 0.399537 0.492708
0 0.364815 0.495573 0.353704 0.505208 0.351852 0.508594 0.351852 0.510156 0.357407 0.515104 0.363426 0.516146 0.372222 0.515104 0.374074 0.513802 0.375926 0.509896 0.374537 0.501042 0.373148 0.498177 0.371759 0.496875
0 0.350463 0.501823 0.337037 0.498177 0.325926 0.499740 0.319907 0.502083 0.316204 0.504427 0.315278 0.505729 0.315741 0.510417 0.320833 0.513802 0.324537 0.515104 0.329167 0.515885 0.334722 0.515104 0.343981 0.511979 0.348148 0.509896 0.351389 0.505990
0 0.302315 0.496354 0.294444 0.497656 0.287037 0.501042 0.283796 0.505469 0.283333 0.510156 0.286111 0.513281 0.292593 0.515885 0.299074 0.516927 0.304630 0.516667 0.309722 0.514583 0.313426 0.509375 0.314352 0.506510 0.312963 0.501563 0.309259 0.498437
0 0.275000 0.515885 0.268056 0.521094 0.268981 0.529427 0.274074 0.532813 0.281019 0.534635 0.286111 0.535156 0.295370 0.534896 0.300463 0.530729 0.304167 0.525521 0.302315 0.520052 0.297685 0.517188 0.288426 0.514583 0.279630 0.514844
0 0.241204 0.525521 0.237500 0.528385 0.237037 0.529687 0.238889 0.534115 0.242593 0.538802 0.244907 0.540104 0.253241 0.542448 0.262963 0.540885 0.266204 0.538802 0.268981 0.533854 0.267130 0.530469 0.260185 0.526823 0.246759 0.523958
0 0.218519 0.526823 0.213889 0.528906 0.207870 0.534375 0.206481 0.536719 0.206481 0.541406 0.208333 0.544271 0.212500 0.546875 0.216667 0.547656 0.225926 0.547656 0.232407 0.545833 0.237500 0.543229 0.239352 0.541406 0.240741 0.536719 0.236574 0.531250 0.233333 0.529427 0.226389 0.527083
0 0.231944 0.547917 0.225463 0.549479 0.221296 0.551302 0.218981 0.553906 0.218056 0.557031 0.220370 0.561719 0.222685 0.563281 0.239815 0.565625 0.248148 0.560677 0.248148 0.555990 0.243056 0.550521
0 0.235648 0.565104 0.223611 0.563802 0.216204 0.565104 0.212500 0.567708 0.209259 0.576562 0.218519 0.588281 0.218519 0.589583 0.220370 0.586458 0.236574 0.580208 0.239815 0.577604 0.241667 0.570833 0.240278 0.567969
0 0.190741 0.563281 0.181019 0.567969 0.180556 0.573177 0.182407 0.577083 0.185185 0.579167 0.190741 0.580729 0.198148 0.580990 0.200000 0.579948 0.205093 0.578906 0.207407 0.577083 0.209722 0.572917 0.209259 0.568229 0.206944 0.566146 0.201389 0.563802
0 0.209722 0.546615 0.206019 0.545573 0.197685 0.545833 0.192130 0.548438 0.188889 0.552604 0.187500 0.556250 0.188426 0.560677 0.190741 0.562500 0.196759 0.563281 0.203704 0.562760 0.214815 0.558073 0.217593 0.552344 0.214352 0.548958
0 0.250926 0.544010 0.247685 0.546354 0.246296 0.549479 0.246296 0.553385 0.249537 0.557292 0.251852 0.558594 0.258796 0.559896 0.270833 0.558854 0.278241 0.552865 0.278241 0.548438 0.275926 0.545573 0.267593 0.542188 0.260185 0.541927
0 0.279167 0.536198 0.277778 0.537240 0.276852 0.545312 0.278704 0.549219 0.283333 0.553385 0.287500 0.555990 0.294907 0.557292 0.301389 0.556771 0.306019 0.555208 0.310185 0.552865 0.312037 0.548958 0.311111 0.545833 0.306019 0.541406 0.291667 0.535677 0.284259 0.535417
0 0.304630 0.528125 0.302778 0.529687 0.302315 0.537240 0.305556 0.540885 0.310648 0.544010 0.317130 0.545573 0.323148 0.545833 0.327778 0.544792 0.331481 0.542448 0.334259 0.539062 0.334722 0.535677 0.333333 0.533333 0.322222 0.527865 0.319444 0.527344 0.310185 0.527083
0 0.370370 0.515104 0.362500 0.516146 0.359722 0.517188 0.356944 0.520052 0.356481 0.523177 0.360185 0.531510 0.367130 0.535156 0.372222 0.536458 0.378704 0.535677 0.388426 0.528646 0.389352 0.524740 0.387037 0.519531 0.382870 0.517188 0.377315 0.515625
0 0.399074 0.510417 0.395370 0.512240 0.392593 0.515625 0.389352 0.517969 0.388889 0.522135 0.391204 0.526042 0.394907 0.528125 0.399074 0.528906 0.406481 0.528646 0.411111 0.527604 0.416204 0.525260 0.417593 0.521875 0.417130 0.517448 0.413426 0.513802 0.406944 0.510417
0 0.416667 0.504427 0.414352 0.506510 0.414352 0.513802 0.417593 0.516927 0.422685 0.520052 0.426389 0.521354 0.434722 0.521615 0.441204 0.520312 0.446296 0.517708 0.447685 0.513281 0.443981 0.509375 0.438889 0.506771 0.427315 0.503646
0 0.482407 0.502344 0.479630 0.501823 0.468056 0.502344 0.459722 0.504948 0.449074 0.509635 0.449074 0.513802 0.451852 0.516406 0.460648 0.519271 0.465278 0.519010 0.472222 0.516667 0.477315 0.513542 0.482870 0.506510
0 0.496296 0.500000 0.488889 0.501302 0.485185 0.502865 0.482407 0.505990 0.481944 0.509896 0.486111 0.514583 0.496759 0.520573 0.503241 0.522396 0.512500 0.521615 0.515278 0.520052 0.517130 0.517448 0.518056 0.513542 0.516204 0.508594 0.511574 0.503906 0.506019 0.500521 0.503704 0.499740
0 0.521759 0.497917 0.519444 0.499219 0.517593 0.501823 0.520833 0.507812 0.527778 0.512240 0.537963 0.513542 0.544907 0.512760 0.553704 0.508333 0.555093 0.505729 0.553241 0.501563 0.550926 0.499479 0.544444 0.495833 0.538426 0.494792 0.531019 0.494792
0 0.544907 0.513802 0.543519 0.516406 0.543981 0.519010 0.546759 0.522396 0.551389 0.524740 0.558796 0.526042 0.564815 0.525781 0.572222 0.524219 0.577315 0.521354 0.578241 0.517448 0.576852 0.515104 0.573611 0.513021 0.566204 0.510938 0.559259 0.509896 0.553241 0.510417 0.550000 0.511198
0 0.528704 0.513281 0.522685 0.514323 0.519907 0.515885 0.517593 0.521615 0.519444 0.525000 0.524537 0.529948 0.527315 0.531250 0.532407 0.531771 0.537963 0.530729 0.547685 0.525260 0.544907 0.522656 0.541204 0.515104 0.537500 0.513802
0 0.551389 0.526042 0.540278 0.529427 0.537500 0.532552 0.538426 0.536198 0.541204 0.539323 0.551852 0.544792 0.559722 0.546615 0.563426 0.544792 0.567593 0.543750 0.569444 0.542448 0.569907 0.540625 0.568519 0.536458 0.566204 0.532813 0.560185 0.528125 0.556019 0.526563
0 0.537500 0.540365 0.530093 0.542188 0.526852 0.544010 0.522685 0.548698 0.523148 0.550521 0.526389 0.554688 0.534259 0.558854 0.545370 0.561458 0.555556 0.554948 0.557407 0.552083 0.553704 0.545833 0.544907 0.540885
0 0.504167 0.522656 0.500000 0.524479 0.495370 0.528906 0.494444 0.533854 0.497222 0.537500 0.500926 0.539583 0.504630 0.540365 0.515741 0.540365 0.520833 0.539323 0.524074 0.537500 0.525463 0.533854 0.524074 0.529167 0.517593 0.523177 0.514352 0.522135 0.508796 0.521875
0 0.476389 0.515365 0.468981 0.518490 0.466204 0.521354 0.466667 0.527083 0.472222 0.530990 0.475463 0.531771 0.484259 0.532292 0.488426 0.530729 0.492593 0.525521 0.494444 0.520833 0.490741 0.517188 0.488426 0.516146 0.484722 0.515365
0 0.447222 0.518490 0.438889 0.521354 0.438889 0.525521 0.442130 0.528646 0.442593 0.530729 0.444444 0.532813 0.447222 0.533594 0.456944 0.533073 0.459722 0.532292 0.464352 0.528906 0.465278 0.526823 0.464352 0.522917 0.461574 0.520833 0.455093 0.518490
0 0.434259 0.525781 0.427315 0.524740 0.419907 0.525521 0.415741 0.527344 0.413889 0.529167 0.413426 0.534896 0.414352 0.539062 0.416204 0.541927 0.419907 0.544010 0.428704 0.544010 0.437963 0.541146 0.439815 0.539583 0.440741 0.535677 0.442593 0.533594 0.441667 0.529427 0.438889 0.527344
0 0.382407 0.533333 0.380093 0.537500 0.382870 0.540365 0.387037 0.542188 0.396296 0.544271 0.403704 0.544531 0.408796 0.543750 0.414352 0.541146 0.413889 0.534115 0.412500 0.531771 0.410185 0.530469 0.400463 0.529167 0.392130 0.528906 0.386111 0.530469
0 0.379167 0.542969 0.374537 0.545052 0.372685 0.547917 0.372685 0.549740 0.374074 0.552604 0.379630 0.557031 0.384259 0.558854 0.393056 0.559896 0.401852 0.556771 0.404630 0.553906 0.404167 0.548958 0.402778 0.547135 0.398611 0.545052 0.391667 0.543229 0.386574 0.542448
0 0.342130 0.534115 0.337963 0.536979 0.337037 0.540625 0.338889 0.544792 0.341667 0.546875 0.348148 0.550260 0.351389 0.551042 0.362037 0.551302 0.368519 0.550521 0.370833 0.548958 0.371296 0.542448 0.369444 0.538281 0.364815 0.534115 0.357870 0.532031 0.350000 0.532552
0 0.338889 0.546094 0.328704 0.545312 0.319444 0.546354 0.316667 0.547656 0.311574 0.556771 0.316667 0.560677 0.318056 0.562760 0.320833 0.564323 0.331019 0.564323 0.342593 0.560677 0.346759 0.557292 0.346759 0.551823 0.344444 0.548958
0 0.283333 0.560417 0.284259 0.564583 0.286111 0.566146 0.293981 0.570573 0.300463 0.571615 0.309259 0.572135 0.313889 0.570312 0.318519 0.564583 0.315741 0.559896 0.311574 0.558594 0.302778 0.557292 0.288889 0.557813
0 0.259259 0.560417 0.254167 0.561719 0.250926 0.564323 0.249537 0.566927 0.250000 0.572135 0.254167 0.576562 0.259259 0.579688 0.265741 0.581250 0.268056 0.581250 0.273148 0.579688 0.279167 0.576302 0.282870 0.572396 0.284259 0.568229 0.282407 0.564323 0.278704 0.561719 0.268519 0.559896
0 0.311574 0.573177 0.304167 0.571875 0.296759 0.571875 0.282407 0.575000 0.279167 0.576823 0.276852 0.579427 0.277778 0.584115 0.281481 0.587500 0.287963 0.590365 0.295833 0.590365 0.306019 0.586979 0.310185 0.584115 0.313889 0.577344 0.313889 0.575260
0 0.261111 0.585156 0.255093 0.591146 0.256019 0.596094 0.260185 0.598958 0.270833 0.600260 0.281481 0.600260 0.289352 0.597917 0.290741 0.596354 0.289352 0.592187 0.280556 0.587500 0.279167 0.585938 0.274537 0.583333 0.266667 0.583073
0 0.239815 0.579948 0.234722 0.580729 0.228704 0.583073 0.225926 0.586198 0.224074 0.590885 0.225463 0.595833 0.232407 0.598437 0.238889 0.599740 0.246759 0.597917 0.249537 0.596615 0.252778 0.592708 0.254167 0.588281 0.252778 0.583854 0.250926 0.582031 0.246759 0.580469
0 0.198148 0.584115 0.195370 0.585677 0.191204 0.591667 0.191204 0.597917 0.192130 0.599740 0.197685 0.602604 0.205556 0.603385 0.210648 0.601562 0.216204 0.598177 0.218056 0.595833 0.217130 0.592448 0.214352 0.589063 0.206944 0.584375 0.205093 0.583854
0 0.184722 0.580208 0.169444 0.580729 0.159259 0.583854 0.157870 0.587500 0.157870 0.591927 0.162500 0.592969 0.171296 0.597656 0.180093 0.597656 0.186111 0.596615 0.190741 0.592969 0.193519 0.587500 0.188889 0.581771
0 0.235185 0.599479 0.226389 0.596875 0.218056 0.597656 0.206019 0.603385 0.204167 0.606771 0.205093 0.609635 0.209259 0.611198 0.217130 0.611198 0.224537 0.610417 0.232870 0.608333 0.234722 0.607292 0.237037 0.603906
0 0.232870 0.608854 0.223611 0.611198 0.221296 0.612500 0.218056 0.617448 0.218519 0.624479 0.219907 0.626042 0.224537 0.627865 0.232870 0.628125 0.239815 0.626042 0.244444 0.623437 0.246296 0.618750 0.244907 0.614323 0.237037 0.609896
0 0.260185 0.618750 0.250926 0.620833 0.247222 0.622656 0.243981 0.626302 0.243056 0.631250 0.246296 0.635417 0.253704 0.639583 0.258796 0.640885 0.267593 0.641146 0.273148 0.639583 0.276852 0.635677 0.276852 0.626302 0.274537 0.622396 0.268056 0.619271
0 0.232407 0.630729 0.225926 0.633594 0.221296 0.636979 0.219907 0.639062 0.222222 0.642969 0.228704 0.648438 0.234259 0.650781 0.239815 0.651823 0.248148 0.650260 0.252778 0.648438 0.255093 0.646094 0.256481 0.641667 0.255093 0.639844 0.240278 0.631510
0 0.295370 0.621354 0.287500 0.621875 0.283796 0.624219 0.282407 0.626302 0.283333 0.635417 0.285185 0.638021 0.287500 0.639323 0.295833 0.639062 0.302315 0.638021 0.306019 0.636979 0.309259 0.634896 0.309259 0.630469 0.306481 0.626042 0.302778 0.623698
0 0.330556 0.630990 0.323611 0.629687 0.321296 0.629948 0.312963 0.632812 0.304630 0.637760 0.301852 0.641146 0.300000 0.645833 0.301852 0.649479 0.309722 0.650000 0.320370 0.648698 0.323148 0.647917 0.332870 0.642708 0.336111 0.638281 0.335185 0.634635
0 0.366204 0.626302 0.362037 0.625781 0.352315 0.626042 0.348611 0.626823 0.343981 0.628906 0.339815 0.633073 0.338889 0.635156 0.341667 0.639323 0.345370 0.641406 0.350000 0.642969 0.357870 0.642969 0.364815 0.640365 0.367593 0.637240 0.368981 0.631510 0.368056 0.627865
0 0.384722 0.617969 0.374537 0.622917 0.372222 0.626563 0.372222 0.630990 0.374537 0.635938 0.377778 0.638802 0.385185 0.640104 0.392593 0.639844 0.398148 0.638021 0.401852 0.635156 0.401852 0.628385 0.396296 0.621094 0.393056 0.618750 0.388889 0.617969
0 0.420370 0.610677 0.412500 0.610677 0.397222 0.615104 0.397222 0.619531 0.398611 0.622656 0.403241 0.626042 0.407407 0.627083 0.413889 0.627604 0.420370 0.625781 0.421296 0.623437 0.425926 0.619010 0.427315 0.615365 0.425926 0.613281
0 0.425926 0.618229 0.421759 0.623177 0.423611 0.627865 0.429167 0.630990 0.433796 0.632292 0.442130 0.632812 0.453704 0.630208 0.456481 0.628646 0.457407 0.627344 0.456944 0.626302 0.444907 0.616927 0.442130 0.616146 0.433333 0.615885 0.428704 0.616667
0 0.404167 0.633594 0.403241 0.639062 0.406019 0.643229 0.407870 0.644010 0.418519 0.646094 0.427778 0.646094 0.443056 0.642708 0.441667 0.638021 0.432870 0.632031 0.427315 0.630469 0.421296 0.629427 0.413889 0.629427 0.406481 0.631510
0 0.454630 0.629687 0.446759 0.631510 0.444907 0.632552 0.443519 0.634375 0.443056 0.639062 0.445370 0.642708 0.455556 0.649479 0.462037 0.649740 0.469444 0.645573 0.470833 0.642969 0.469907 0.638021 0.467593 0.633854 0.463889 0.630990
0 0.475000 0.623177 0.468981 0.626823 0.466204 0.630729 0.470370 0.638802 0.475000 0.640625 0.482407 0.641927 0.487500 0.641146 0.493519 0.638542 0.496759 0.635156 0.495370 0.630990 0.484722 0.624219 0.481481 0.623437
0 0.501389 0.612240 0.496296 0.613021 0.489815 0.615885 0.487037 0.618750 0.486111 0.623437 0.488889 0.626563 0.496296 0.631510 0.506019 0.631771 0.513426 0.630208 0.516667 0.628125 0.519907 0.623958 0.519907 0.619792 0.518519 0.617708 0.514352 0.614583 0.506019 0.612500
0 0.520370 0.625521 0.514352 0.630469 0.517130 0.636458 0.522222 0.639323 0.524537 0.639844 0.538889 0.640365 0.542130 0.639583 0.548611 0.634896 0.546296 0.629948 0.544444 0.628125 0.540741 0.626563 0.530093 0.624219 0.524074 0.624219
0 0.532870 0.609896 0.528241 0.611458 0.524537 0.614323 0.524537 0.619271 0.526389 0.622917 0.537500 0.626302 0.544907 0.626042 0.547685 0.624479 0.549537 0.621354 0.549537 0.614844 0.544444 0.611198 0.537500 0.609115
0 0.551389 0.587760 0.546296 0.589583 0.543056 0.592969 0.542130 0.595313 0.543981 0.600781 0.551852 0.607292 0.559259 0.608333 0.567130 0.603906 0.568519 0.602344 0.571296 0.595833 0.570370 0.591927 0.565278 0.588802
0 0.565741 0.570833 0.559722 0.569271 0.551389 0.569271 0.537037 0.577604 0.535648 0.579688 0.536574 0.584896 0.541667 0.587240 0.548611 0.587760 0.556944 0.586198 0.564352 0.583073 0.568981 0.579948 0.570370 0.576562 0.568981 0.573438
0 0.580093 0.551302 0.573611 0.549479 0.565741 0.550000 0.560648 0.551823 0.549537 0.560156 0.551389 0.565625 0.559722 0.568490 0.565278 0.569271 0.573148 0.568490 0.579167 0.564844 0.582407 0.560677 0.581944 0.552604
0 0.515278 0.560937 0.512963 0.563281 0.512963 0.565365 0.514815 0.570052 0.519907 0.573698 0.530556 0.576562 0.538426 0.576042 0.544907 0.572656 0.548611 0.568750 0.548611 0.567448 0.546296 0.563281 0.542593 0.561198 0.532870 0.559375 0.523611 0.559375
0 0.503241 0.541146 0.496296 0.543750 0.487500 0.548698 0.488889 0.552604 0.496759 0.558333 0.505093 0.559375 0.511111 0.558333 0.516667 0.555208 0.519907 0.552604 0.520833 0.548177 0.519444 0.546354 0.513426 0.542448
0 0.443981 0.536979 0.441667 0.538542 0.439352 0.543750 0.439815 0.547917 0.442130 0.551042 0.445833 0.553646 0.449074 0.554427 0.455556 0.554948 0.461574 0.553646 0.466204 0.551302 0.468056 0.549219 0.467593 0.544531 0.466667 0.543490 0.458333 0.538281 0.449074 0.536458
0 0.462037 0.534375 0.459722 0.536719 0.462037 0.541146 0.472685 0.546875 0.475000 0.547396 0.484259 0.547135 0.489352 0.546094 0.492593 0.544271 0.494444 0.541667 0.493519 0.536979 0.486111 0.533854 0.476852 0.531771 0.468056 0.531510
0 0.482870 0.550000 0.474074 0.550000 0.468519 0.550781 0.458333 0.556510 0.458796 0.559896 0.461574 0.563281 0.468056 0.565365 0.475463 0.566406 0.481019 0.564583 0.484259 0.561198 0.485185 0.552344
0 0.479167 0.565365 0.477778 0.568750 0.479630 0.570312 0.486111 0.573958 0.495370 0.575781 0.504167 0.575781 0.507407 0.575260 0.510648 0.573698 0.512963 0.570833 0.513889 0.568229 0.512037 0.563802 0.510185 0.562240 0.505093 0.560677 0.496296 0.559635 0.493056 0.560677 0.485648 0.561719
0 0.455556 0.557031 0.449074 0.555729 0.444907 0.555990 0.439815 0.557552 0.431019 0.561719 0.430093 0.565104 0.434259 0.571354 0.441204 0.572656 0.452315 0.571354 0.456481 0.570312 0.460185 0.566146 0.461111 0.563802 0.459259 0.559635
0 0.413426 0.546354 0.410185 0.548698 0.412037 0.553906 0.414815 0.556771 0.420370 0.559375 0.427778 0.560417 0.433796 0.559115 0.437037 0.557292 0.440278 0.553125 0.439815 0.550260 0.437037 0.547656 0.427778 0.544531 0.419907 0.544531
0 0.399074 0.558073 0.394444 0.561198 0.391667 0.567969 0.394907 0.571875 0.399537 0.573698 0.412037 0.576042 0.419444 0.575781 0.423148 0.575000 0.425463 0.573698 0.428241 0.569531 0.428241 0.567448 0.423148 0.560677 0.413426 0.556510 0.405556 0.556510
0 0.371759 0.551823 0.362963 0.551562 0.357407 0.552083 0.353704 0.553646 0.349074 0.557031 0.346759 0.559896 0.346296 0.568490 0.350926 0.574219 0.357870 0.574740 0.361111 0.573958 0.373148 0.566406 0.377778 0.560677 0.377778 0.556510 0.375926 0.554167
0 0.329167 0.564844 0.318981 0.566406 0.316204 0.568229 0.314352 0.572396 0.315741 0.576562 0.322222 0.582552 0.326389 0.584375 0.331019 0.584896 0.337500 0.584115 0.343981 0.581510 0.347685 0.578125 0.349074 0.575000 0.348611 0.571615 0.343981 0.568229 0.336111 0.565885
0 0.361574 0.582031 0.357870 0.581510 0.343519 0.581510 0.337037 0.584375 0.329630 0.584635 0.327778 0.587240 0.327778 0.592448 0.330093 0.595833 0.334722 0.597656 0.343519 0.599479 0.350926 0.598958 0.356944 0.595833 0.358796 0.594010 0.363889 0.584115
0 0.322222 0.586458 0.316667 0.585677 0.307870 0.586458 0.302315 0.589063 0.297685 0.592969 0.294444 0.594531 0.293056 0.596354 0.293056 0.600260 0.298611 0.604688 0.304167 0.605990 0.310185 0.606250 0.315741 0.604688 0.321296 0.601823 0.323611 0.599740 0.325463 0.595833 0.325000 0.591146
0 0.270833 0.602083 0.267130 0.603385 0.263889 0.610417 0.265278 0.615365 0.268981 0.617448 0.277315 0.620052 0.281944 0.620573 0.288426 0.619792 0.292130 0.617708 0.295833 0.611458 0.295833 0.606771 0.293519 0.603906 0.289815 0.602083 0.283796 0.601042 0.277315 0.601042
0 0.252315 0.597396 0.246296 0.597917 0.239815 0.600260 0.237500 0.603125 0.236574 0.608073 0.239352 0.610938 0.246296 0.614323 0.253704 0.615104 0.260185 0.613281 0.262500 0.611979 0.264815 0.608333 0.264815 0.603125 0.263889 0.601562 0.261111 0.599740
0 0.308333 0.609115 0.300000 0.615365 0.299074 0.619271 0.300926 0.621354 0.306944 0.624740 0.317130 0.628125 0.323611 0.628906 0.331019 0.628906 0.334259 0.627083 0.336111 0.624219 0.335185 0.620313 0.332407 0.616406 0.326852 0.612240 0.320370 0.609375 0.316667 0.608594
0 0.329630 0.597917 0.326852 0.599479 0.325926 0.601562 0.325926 0.605208 0.327778 0.610677 0.333796 0.616146 0.336574 0.616927 0.343981 0.616927 0.350926 0.614583 0.355556 0.611458 0.355556 0.606510 0.348148 0.600521 0.337037 0.598177
0 0.360648 0.594531 0.352315 0.599479 0.353704 0.603646 0.357407 0.606510 0.362500 0.608854 0.370370 0.609896 0.378241 0.609115 0.383796 0.604167 0.383796 0.599479 0.381944 0.597135 0.377315 0.594271 0.372685 0.593229
0 0.393519 0.582031 0.385185 0.582552 0.377778 0.585156 0.375926 0.586719 0.375463 0.592187 0.378241 0.595052 0.385185 0.598437 0.392593 0.597135 0.396759 0.595573 0.400000 0.593750 0.401852 0.591406 0.402315 0.587240 0.399537 0.583854
0 0.388889 0.568490 0.380093 0.566927 0.375926 0.566927 0.371296 0.567708 0.367593 0.569792 0.364815 0.572135 0.362963 0.575781 0.362963 0.580729 0.364352 0.582812 0.366204 0.583854 0.371296 0.584635 0.379167 0.584375 0.383796 0.582552 0.392593 0.580990 0.393981 0.580208 0.393981 0.575521 0.391667 0.570833
0 0.406019 0.577344 0.403241 0.578906 0.401389 0.582552 0.401389 0.584635 0.405093 0.589323 0.412500 0.592708 0.419444 0.594271 0.424074 0.593750 0.431481 0.590885 0.435185 0.586719 0.436111 0.583594 0.433796 0.580208 0.427315 0.577083 0.422222 0.576302 0.411574 0.576562
0 0.455093 0.571094 0.440741 0.572396 0.437963 0.573698 0.437037 0.575000 0.435648 0.580729 0.437500 0.584375 0.439815 0.586198 0.447685 0.588802 0.457870 0.587760 0.462037 0.586719 0.468519 0.580208 0.468056 0.576042 0.466667 0.574740 0.463426 0.573177
0 0.466204 0.583854 0.466667 0.588021 0.471296 0.590104 0.478241 0.591406 0.489815 0.591667 0.496759 0.590365 0.499074 0.589063 0.500926 0.586198 0.501389 0.582552 0.500463 0.579427 0.497222 0.577083 0.490278 0.575000 0.482407 0.574479 0.472222 0.578646
0 0.518981 0.574479 0.512963 0.575000 0.506481 0.576823 0.504167 0.578906 0.501852 0.582812 0.501389 0.590365 0.502778 0.591667 0.510185 0.594792 0.525463 0.590625 0.533333 0.584375 0.531944 0.579167 0.527315 0.576042
0 0.538889 0.593229 0.530556 0.591406 0.524074 0.591146 0.517593 0.592448 0.513426 0.594792 0.512037 0.607552 0.517130 0.613281 0.524537 0.613281 0.525000 0.611458 0.532407 0.609375 0.540741 0.602865 0.542593 0.600521 0.541667 0.595313
0 0.483333 0.593229 0.475463 0.599479 0.475926 0.603646 0.481944 0.607031 0.488889 0.608854 0.497685 0.609896 0.504167 0.609115 0.510648 0.606510 0.512037 0.603906 0.512500 0.599219 0.511111 0.596615 0.506019 0.593229 0.499074 0.591927 0.490278 0.591927
0 0.454167 0.588281 0.448611 0.590365 0.445833 0.595833 0.450926 0.602604 0.456481 0.605990 0.460648 0.607292 0.463426 0.607292 0.467130 0.606510 0.473148 0.602083 0.474074 0.600521 0.473611 0.593750 0.472222 0.591667 0.468519 0.589583 0.462037 0.587760
0 0.426852 0.593229 0.424537 0.594531 0.421296 0.598958 0.421296 0.604948 0.422685 0.607552 0.425463 0.609896 0.429167 0.611198 0.435185 0.611458 0.443056 0.609896 0.446759 0.607292 0.447685 0.603125 0.443056 0.597656 0.438889 0.595313 0.434259 0.593490
0 0.416204 0.599219 0.412500 0.597135 0.408796 0.596094 0.398611 0.595833 0.396296 0.596354 0.386111 0.601823 0.384259 0.605729 0.382407 0.607292 0.381019 0.611458 0.384722 0.613281 0.388889 0.614062 0.399074 0.614323 0.413889 0.610938 0.417130 0.609375 0.419444 0.606250 0.419907 0.603385
0 0.375463 0.612240 0.372222 0.610417 0.364352 0.609115 0.359259 0.609896 0.343056 0.618490 0.343519 0.623437 0.345833 0.624740 0.350463 0.625781 0.364352 0.625781 0.371759 0.624740 0.376852 0.621875 0.379630 0.619271 0.378241 0.614844
0 0.460185 0.607812 0.455556 0.608854 0.450000 0.612760 0.448611 0.614844 0.449074 0.619531 0.455556 0.624740 0.460648 0.625521 0.468981 0.625521 0.479167 0.620052 0.481481 0.616667 0.481019 0.612500 0.478241 0.610156 0.469444 0.607812
0 0.611574 0.602344 0.609722 0.601823 0.598611 0.602344 0.585185 0.607812 0.581481 0.610677 0.582407 0.615365 0.587037 0.617448 0.591667 0.618490 0.595833 0.618490 0.602778 0.616406 0.608333 0.612760 0.611574 0.609375 0.612963 0.604427
0 0.578704 0.593750 0.572685 0.595052 0.569444 0.598958 0.569444 0.603906 0.574537 0.607552 0.579630 0.609635 0.586574 0.608594 0.592130 0.605469 0.597222 0.603646 0.597222 0.598958 0.593981 0.595833
0 0.562963 0.583854 0.564815 0.587500 0.575463 0.593229 0.585648 0.594792 0.589352 0.594792 0.594907 0.594010 0.599074 0.591406 0.600000 0.589323 0.599537 0.586198 0.596759 0.584115 0.593056 0.583073 0.572685 0.580990 0.565741 0.582552
0 0.586574 0.561719 0.582407 0.562500 0.575926 0.567708 0.573148 0.571875 0.573148 0.576823 0.577315 0.579688 0.587037 0.581510 0.593981 0.580990 0.599537 0.578646 0.601389 0.576302 0.601389 0.571615 0.600463 0.567969 0.597222 0.564323 0.593981 0.562500
0 0.606481 0.547135 0.600463 0.549219 0.595833 0.552604 0.594907 0.554948 0.595370 0.560937 0.599537 0.564063 0.606944 0.565885 0.614815 0.565365 0.618519 0.564063 0.623148 0.561198 0.625463 0.557031 0.625926 0.552604 0.623148 0.550260 0.618981 0.548177 0.615741 0.547396
0 0.606481 0.525521 0.601852 0.527865 0.600000 0.530469 0.598611 0.539323 0.599074 0.543490 0.601852 0.546094 0.606481 0.547135 0.621759 0.546615 0.625000 0.545312 0.627315 0.541927 0.625463 0.534635 0.616204 0.526823
0 0.575926 0.528385 0.571296 0.529948 0.567593 0.533073 0.568056 0.537760 0.569907 0.541406 0.578704 0.546354 0.587500 0.547135 0.594907 0.544792 0.598148 0.542448 0.600000 0.537240 0.598611 0.531250 0.594907 0.528646 0.587963 0.527344
0 0.599074 0.505208 0.593519 0.506771 0.589815 0.509375 0.587963 0.512760 0.588426 0.517188 0.591667 0.520052 0.600463 0.523958 0.608796 0.523698 0.612963 0.522656 0.618981 0.520052 0.623148 0.515885 0.624074 0.513281 0.620370 0.509115 0.616204 0.507031 0.606944 0.505469
0 0.559259 0.496094 0.554630 0.499479 0.554167 0.502604 0.560648 0.508594 0.563889 0.510156 0.572685 0.512760 0.579167 0.512500 0.581944 0.511719 0.583796 0.510156 0.583796 0.505208 0.581481 0.501302 0.577315 0.497135 0.574074 0.495573 0.564352 0.495052
0 0.565741 0.477083 0.560648 0.479427 0.557870 0.482031 0.555556 0.485938 0.554630 0.490625 0.557870 0.492969 0.562963 0.494531 0.573148 0.495052 0.582870 0.490885 0.583796 0.485938 0.582407 0.483854 0.576852 0.479427
0 0.563889 0.469010 0.562500 0.470833 0.565741 0.475521 0.579630 0.480208 0.587037 0.480208 0.593981 0.479167 0.598611 0.476823 0.600463 0.474740 0.600926 0.470573 0.599537 0.467187 0.596296 0.465104 0.593056 0.464323 0.587963 0.463802 0.575926 0.464323 0.570370 0.465885
0 0.602315 0.461198 0.599537 0.466927 0.601852 0.472135 0.605093 0.474740 0.611574 0.475260 0.621296 0.474479 0.630556 0.470833 0.632870 0.466667 0.631019 0.464323 0.625000 0.461458 0.614352 0.459115 0.606944 0.459115
0 0.631019 0.476562 0.623148 0.474740 0.608333 0.475521 0.604630 0.477083 0.603241 0.478385 0.604630 0.485677 0.610648 0.490365 0.613889 0.491406 0.622222 0.490885 0.630093 0.486719 0.634722 0.482552 0.633796 0.478385
0 0.587037 0.485938 0.585185 0.489844 0.586111 0.494792 0.588426 0.496354 0.593519 0.502344 0.600000 0.504167 0.609259 0.503125 0.611111 0.502083 0.611574 0.500781 0.614815 0.500000 0.616667 0.498177 0.614815 0.494271 0.614815 0.489844 0.611111 0.488542 0.606019 0.487760 0.603241 0.485938 0.600000 0.485156 0.593519 0.484635
0 0.619907 0.500781 0.618056 0.501823 0.616667 0.505990 0.625000 0.514844 0.627778 0.516406 0.636111 0.517188 0.639815 0.516146 0.646759 0.511979 0.648611 0.509896 0.645370 0.504427 0.642130 0.502344 0.635648 0.499740 0.626852 0.499479
0 0.654630 0.486719 0.647685 0.486719 0.641204 0.488021 0.638426 0.489583 0.634259 0.494010 0.633333 0.498177 0.649074 0.504427 0.656944 0.503125 0.662037 0.500781 0.663889 0.498698 0.664815 0.494010 0.662500 0.490104 0.657407 0.487240
0 0.641667 0.467969 0.637037 0.469792 0.634259 0.474219 0.636574 0.481771 0.639352 0.483333 0.649074 0.485417 0.655556 0.484635 0.662037 0.477865 0.662500 0.474219 0.660185 0.471094 0.653704 0.468229 0.649537 0.467448
0 0.668519 0.476823 0.665278 0.477604 0.659259 0.481771 0.657870 0.486458 0.668056 0.495052 0.677315 0.496354 0.686574 0.490365 0.687500 0.488021 0.686574 0.482292 0.684722 0.480208 0.679167 0.477083
0 0.703704 0.469531 0.696759 0.470313 0.693056 0.471354 0.687963 0.474740 0.686574 0.479167 0.689815 0.487240 0.694444 0.491146 0.697685 0.492708 0.705556 0.493490 0.709722 0.491406 0.719907 0.482292 0.718981 0.478125 0.715278 0.472656 0.711111 0.470573
0 0.677315 0.459635 0.668519 0.460156 0.663889 0.461198 0.659722 0.465104 0.659722 0.470313 0.664352 0.475000 0.668981 0.476562 0.677315 0.476562 0.680093 0.475781 0.686111 0.472656 0.687963 0.470833 0.687963 0.465885 0.686111 0.463281
0 0.721759 0.471875 0.720370 0.473698 0.720370 0.478646 0.725463 0.481771 0.736111 0.484375 0.743056 0.485156 0.749537 0.484896 0.753704 0.483073 0.755093 0.479687 0.754167 0.475000 0.750926 0.471875 0.743981 0.468750 0.731944 0.467187 0.727778 0.468490
0 0.724074 0.483594 0.718981 0.484896 0.712963 0.488542 0.711111 0.490625 0.710185 0.494271 0.714352 0.498958 0.718056 0.501042 0.723611 0.502083 0.732870 0.502344 0.737500 0.500260 0.742130 0.496875 0.743981 0.490365 0.743056 0.486979 0.741204 0.485677 0.732870 0.483594
0 0.753241 0.485156 0.749074 0.486198 0.744907 0.489063 0.743519 0.492448 0.743519 0.498177 0.749537 0.501823 0.753241 0.502604 0.761111 0.502344 0.765278 0.500781 0.771296 0.497135 0.773148 0.494531 0.773148 0.489844 0.769444 0.487240 0.761111 0.485417
0 0.794444 0.482292 0.787500 0.483854 0.783333 0.485677 0.779167 0.489844 0.779630 0.492448 0.782870 0.496875 0.787963 0.500000 0.794907 0.501563 0.802778 0.501563 0.807407 0.500260 0.816204 0.494531 0.815741 0.489844 0.812500 0.486979 0.806481 0.483594 0.802778 0.482552
0 0.856019 0.476823 0.848148 0.472656 0.844907 0.472135 0.834722 0.472656 0.819444 0.477083 0.817593 0.478385 0.816667 0.482812 0.821759 0.486198 0.829630 0.488281 0.836574 0.488802 0.847222 0.488542 0.850926 0.487760 0.853241 0.486458 0.856019 0.483333 0.856944 0.479167
0 0.864352 0.471875 0.861111 0.472656 0.858796 0.474479 0.856481 0.486458 0.859259 0.490104 0.863889 0.492708 0.872222 0.492969 0.877778 0.491667 0.881481 0.488021 0.881481 0.482031 0.876852 0.474479 0.871759 0.472135
0 0.899537 0.466406 0.892130 0.466927 0.887500 0.467969 0.883796 0.470052 0.880556 0.474479 0.886574 0.483073 0.891667 0.485677 0.900000 0.485938 0.901852 0.485417 0.905093 0.483333 0.911111 0.474740 0.909259 0.469531 0.906481 0.467969
0 0.933333 0.470313 0.928241 0.469271 0.920833 0.469792 0.911111 0.474740 0.907870 0.479948 0.905556 0.482031 0.905556 0.486458 0.912963 0.491667 0.917593 0.490625 0.928241 0.489583 0.937963 0.483333 0.941204 0.478646 0.940278 0.475000
0 0.916667 0.490885 0.912963 0.492708 0.907870 0.497917 0.908796 0.502865 0.915741 0.507292 0.919907 0.508854 0.931481 0.509115 0.937037 0.508073 0.940278 0.506510 0.942130 0.504427 0.942593 0.501823 0.939815 0.496354 0.933333 0.492188 0.927315 0.490104
0 0.940278 0.507031 0.934722 0.509635 0.932870 0.512760 0.932870 0.517969 0.933796 0.519271 0.937500 0.521354 0.941667 0.522656 0.955093 0.522917 0.965741 0.517969 0.964815 0.513542 0.957870 0.509635 0.949074 0.506771
0 0.955556 0.522917 0.948611 0.522656 0.943981 0.523177 0.940741 0.524479 0.934259 0.529167 0.932870 0.532552 0.934259 0.538542 0.937037 0.540365 0.942130 0.541146 0.955093 0.540104 0.962037 0.538281 0.965741 0.536458 0.968519 0.533594 0.968056 0.528906 0.964352 0.526302
0 0.899074 0.510938 0.897685 0.513021 0.896759 0.517708 0.903704 0.525260 0.909259 0.526823 0.914815 0.527083 0.921759 0.525521 0.928704 0.521615 0.929167 0.516927 0.927778 0.515104 0.921296 0.510677 0.913889 0.508854 0.911574 0.508854
0 0.898148 0.494010 0.893056 0.492448 0.885185 0.491927 0.879167 0.492969 0.873611 0.495833 0.868981 0.500781 0.867593 0.504427 0.868519 0.511719 0.871296 0.514583 0.885648 0.512500 0.893981 0.509896 0.899537 0.506771 0.904167 0.502083 0.904167 0.497917
0 0.850000 0.489323 0.838889 0.491406 0.831944 0.496094 0.830556 0.498958 0.832407 0.502083 0.836111 0.505208 0.838889 0.505990 0.843519 0.506250 0.847222 0.507292 0.850463 0.509115 0.857407 0.508073 0.860648 0.505729 0.863889 0.501563 0.864815 0.497135 0.863889 0.493750 0.859259 0.490885
0 0.844444 0.506250 0.835648 0.506250 0.832407 0.507031 0.829167 0.508594 0.825000 0.513281 0.823148 0.517969 0.825463 0.522396 0.829630 0.525000 0.845833 0.521875 0.851389 0.519010 0.853704 0.514062 0.852778 0.510156
0 0.822685 0.502083 0.816667 0.501042 0.809259 0.501302 0.800000 0.503385 0.797222 0.505729 0.795833 0.510417 0.797685 0.513802 0.808796 0.519531 0.816204 0.518750 0.823148 0.515365 0.827778 0.509896 0.827778 0.505469 0.826389 0.503906
0 0.768056 0.499479 0.764352 0.501823 0.762963 0.503646 0.762500 0.507031 0.763889 0.509375 0.773611 0.514844 0.782407 0.514844 0.788426 0.513281 0.793056 0.509635 0.793981 0.506771 0.793519 0.504167 0.791667 0.502083 0.787500 0.499740 0.781944 0.498437 0.774074 0.498437
0 0.764815 0.509635 0.760648 0.508333 0.752778 0.507812 0.748611 0.508594 0.744444 0.510677 0.739352 0.515365 0.735185 0.521354 0.737037 0.524740 0.739815 0.526823 0.747222 0.527344 0.762963 0.522917 0.768981 0.520052 0.770833 0.517969 0.770370 0.513542
0 0.719444 0.502865 0.711574 0.505208 0.709259 0.506510 0.706944 0.509635 0.706944 0.513802 0.711574 0.518229 0.715741 0.519792 0.723148 0.520833 0.731944 0.520312 0.737500 0.517448 0.740278 0.514062 0.741667 0.509375 0.737500 0.505208 0.734259 0.503385 0.725926 0.502344
0 0.705093 0.494792 0.697685 0.493229 0.689815 0.495573 0.685648 0.497917 0.683333 0.500521 0.682870 0.502604 0.684259 0.505990 0.686574 0.508073 0.691204 0.509115 0.698148 0.509375 0.705556 0.508073 0.708796 0.506250 0.710648 0.503125 0.710185 0.497917
0 0.680093 0.500781 0.676389 0.500260 0.665278 0.501302 0.658333 0.503646 0.652778 0.506771 0.650926 0.509115 0.650926 0.510677 0.652315 0.513542 0.656019 0.516406 0.662963 0.518750 0.670833 0.518750 0.674074 0.517969 0.676852 0.516406 0.684722 0.509896 0.683333 0.503646
0 0.620370 0.525260 0.620833 0.528385 0.622685 0.531250 0.627315 0.533854 0.632870 0.534635 0.643519 0.534375 0.649074 0.532813 0.656481 0.532031 0.665741 0.527344 0.667130 0.525781 0.665278 0.523438 0.658796 0.520573 0.652778 0.519271 0.643519 0.518490 0.633796 0.518750 0.627778 0.519531 0.623611 0.521354
0 0.654167 0.537760 0.649537 0.535937 0.644444 0.534896 0.636574 0.535156 0.632407 0.536198 0.628704 0.539323 0.627315 0.545573 0.630093 0.550260 0.632870 0.551302 0.641667 0.551302 0.651389 0.549740 0.657407 0.545052 0.657407 0.540885
0 0.666667 0.527083 0.662963 0.527604 0.659259 0.530469 0.656944 0.533073 0.656019 0.537500 0.660185 0.543750 0.666667 0.546615 0.670370 0.547396 0.682407 0.544010 0.684259 0.541406 0.684722 0.536979 0.681944 0.533333 0.677778 0.530469 0.670833 0.527083
0 0.675463 0.517448 0.675926 0.522135 0.678241 0.523958 0.683333 0.526042 0.690278 0.527083 0.707407 0.524740 0.709722 0.523698 0.711111 0.521875 0.711111 0.517448 0.709259 0.515365 0.705093 0.512500 0.699074 0.511458 0.690741 0.510938 0.684259 0.511719 0.678704 0.514062
0 0.726852 0.527344 0.721759 0.526042 0.710185 0.525000 0.703704 0.525260 0.690741 0.527604 0.688426 0.529167 0.687037 0.532552 0.688426 0.537500 0.696759 0.541667 0.705093 0.543229 0.712963 0.541667 0.724074 0.538021 0.729630 0.533333 0.729167 0.528906
0 0.759259 0.533333 0.753704 0.531250 0.746759 0.529948 0.735648 0.532031 0.728704 0.534375 0.724537 0.536979 0.724074 0.541146 0.730556 0.543229 0.738426 0.544792 0.747222 0.544792 0.754630 0.544010 0.758333 0.542448 0.760648 0.537500
0 0.775000 0.532031 0.766667 0.532031 0.762963 0.533073 0.759722 0.536719 0.758333 0.540885 0.758333 0.545312 0.762963 0.549479 0.767130 0.551562 0.781481 0.547656 0.784259 0.546094 0.788426 0.541146 0.786111 0.535937 0.783333 0.534375
0 0.779167 0.515625 0.768981 0.521094 0.769907 0.525781 0.773148 0.530729 0.777315 0.532813 0.787500 0.535156 0.796759 0.533854 0.805556 0.527865 0.806481 0.526302 0.805556 0.523177 0.799074 0.519531 0.789352 0.515885 0.785185 0.515365
0 0.794907 0.538021 0.793519 0.540365 0.794444 0.545052 0.799537 0.550260 0.804167 0.553385 0.808796 0.555208 0.816667 0.555469 0.825926 0.552083 0.828241 0.549219 0.827315 0.545833 0.820833 0.540885 0.809259 0.536198 0.800926 0.536198
0 0.835648 0.543490 0.830556 0.545833 0.829167 0.547396 0.828704 0.549479 0.830093 0.553385 0.834722 0.556510 0.842593 0.558854 0.848611 0.559635 0.853241 0.559375 0.856019 0.558073 0.858796 0.554688 0.860648 0.549479 0.858796 0.545312 0.856481 0.543750 0.851389 0.542708 0.843519 0.542448
0 0.840741 0.522135 0.835185 0.523958 0.832407 0.525781 0.829630 0.532292 0.831019 0.537240 0.839815 0.541406 0.846759 0.542188 0.854630 0.541927 0.864352 0.537240 0.866204 0.532813 0.863889 0.528906 0.857870 0.524740 0.844907 0.521875
0 0.878241 0.515365 0.873148 0.517448 0.868519 0.521094 0.866204 0.525521 0.868519 0.529687 0.872685 0.532552 0.879167 0.534115 0.886111 0.534635 0.892130 0.532031 0.897222 0.527865 0.901852 0.525521 0.900463 0.521354 0.894907 0.517448 0.886111 0.515104
0 0.878241 0.538281 0.875000 0.540365 0.873148 0.544010 0.873611 0.546615 0.876389 0.550000 0.883796 0.553385 0.887963 0.554167 0.893056 0.554427 0.901389 0.552604 0.906481 0.548958 0.906019 0.544792 0.903241 0.540885 0.899537 0.539062 0.893981 0.537500 0.886111 0.536458
0 0.892130 0.560417 0.885648 0.556250 0.878241 0.554688 0.868981 0.555990 0.861574 0.559896 0.856481 0.564583 0.855093 0.567708 0.856019 0.570833 0.858796 0.571875 0.871759 0.573177 0.884259 0.571875 0.891204 0.570312 0.893981 0.568490 0.894444 0.563802
0 0.894444 0.570312 0.893519 0.572917 0.895370 0.576823 0.898611 0.578646 0.906019 0.580208 0.920833 0.579688 0.927315 0.578646 0.930556 0.576562 0.930093 0.571875 0.926389 0.568229 0.921296 0.565365 0.913426 0.563021 0.906019 0.563021 0.903704 0.563802 0.897222 0.567448
0 0.934259 0.581510 0.919907 0.584635 0.913426 0.588021 0.911111 0.591406 0.912037 0.596354 0.921759 0.601302 0.926852 0.602604 0.932407 0.601562 0.937500 0.598698 0.943519 0.591927 0.944907 0.588281 0.943519 0.585938 0.939352 0.583073
0 0.879167 0.583594 0.875463 0.587240 0.878241 0.592708 0.884722 0.595573 0.886574 0.597135 0.889815 0.598177 0.906944 0.600000 0.908796 0.598437 0.910648 0.594010 0.910648 0.587500 0.904167 0.582031 0.900000 0.580469 0.892130 0.579688 0.884722 0.581250
0 0.887037 0.600000 0.882870 0.603385 0.880556 0.606771 0.880556 0.608073 0.883796 0.612240 0.890278 0.614844 0.895833 0.616146 0.905556 0.615885 0.909259 0.615104 0.913426 0.613281 0.915278 0.611458 0.915278 0.607031 0.913426 0.603906 0.909722 0.601562 0.903241 0.599740 0.892593 0.598698
0 0.886111 0.614062 0.877778 0.614062 0.869907 0.617969 0.867130 0.622656 0.869444 0.629948 0.878241 0.636719 0.885648 0.634635 0.888426 0.632812 0.890278 0.630729 0.891204 0.626302 0.893056 0.623177 0.893056 0.616927 0.891204 0.615365
0 0.843056 0.619271 0.838889 0.620573 0.835185 0.622917 0.834259 0.627865 0.838426 0.632552 0.844444 0.635417 0.852315 0.635938 0.858333 0.634896 0.862037 0.632552 0.864815 0.626823 0.862500 0.623177 0.858333 0.620833 0.851389 0.619010
0 0.859722 0.598177 0.855556 0.598437 0.850463 0.600260 0.841667 0.607292 0.842130 0.611719 0.843519 0.613281 0.850463 0.616927 0.858333 0.617448 0.864352 0.615885 0.868056 0.613802 0.875000 0.607812 0.873611 0.602344 0.868519 0.599479
0 0.851852 0.590885 0.845370 0.588802 0.835648 0.588021 0.830093 0.588802 0.822222 0.591146 0.817593 0.593750 0.816204 0.595313 0.816667 0.599740 0.818519 0.601562 0.825000 0.605208 0.829630 0.606510 0.838426 0.606510 0.842130 0.605469 0.852778 0.598698 0.853704 0.594531
0 0.839352 0.576042 0.837500 0.579427 0.838889 0.583594 0.841204 0.586458 0.845370 0.588542 0.850000 0.589844 0.860648 0.589844 0.866667 0.589063 0.871296 0.586979 0.873611 0.584375 0.873611 0.580208 0.872222 0.578125 0.865741 0.573958 0.858333 0.572135 0.850463 0.572396 0.843981 0.573958
0 0.811574 0.559375 0.809722 0.560417 0.811574 0.565885 0.817593 0.570833 0.827778 0.575521 0.837037 0.576562 0.849074 0.571354 0.850000 0.569792 0.850000 0.564323 0.847222 0.560937 0.843981 0.559375 0.837500 0.557813 0.821759 0.558073
0 0.774074 0.567969 0.771296 0.576302 0.775463 0.580208 0.782870 0.581771 0.795833 0.581250 0.802315 0.579688 0.808333 0.576302 0.806944 0.571615 0.802778 0.569271 0.795833 0.567187 0.790741 0.566406 0.780093 0.566406
0 0.769907 0.551823 0.767130 0.556771 0.768519 0.560156 0.773148 0.563542 0.782870 0.565104 0.792130 0.565365 0.794907 0.565104 0.800463 0.563281 0.801852 0.561458 0.800463 0.557031 0.799074 0.555469 0.789815 0.550000 0.782407 0.548177 0.780093 0.548177 0.773611 0.550000
0 0.733333 0.547396 0.728241 0.552604 0.727778 0.555729 0.728241 0.557292 0.732407 0.559635 0.737037 0.560937 0.747222 0.562500 0.762500 0.562240 0.766667 0.560677 0.766204 0.555729 0.763889 0.552604 0.759722 0.550000 0.755093 0.548958 0.751389 0.546615 0.747685 0.545573 0.738426 0.545573
0 0.719444 0.540365 0.711574 0.541667 0.704630 0.543750 0.699537 0.548438 0.700000 0.554427 0.702778 0.557292 0.705556 0.558333 0.710185 0.559115 0.718056 0.558594 0.723611 0.556510 0.727315 0.553906 0.729630 0.548698 0.726389 0.544010
0 0.676852 0.545573 0.669907 0.548698 0.666204 0.552604 0.667593 0.556771 0.671759 0.561198 0.677315 0.564583 0.683796 0.567187 0.691204 0.567187 0.693981 0.565885 0.699537 0.560677 0.700463 0.556510 0.698148 0.551562 0.694907 0.548177 0.692593 0.547135 0.684722 0.545312
0 0.661111 0.552604 0.656481 0.551042 0.651389 0.550521 0.631019 0.552604 0.628241 0.554167 0.627315 0.556250 0.628241 0.560937 0.629630 0.562500 0.635185 0.566146 0.642593 0.566146 0.650926 0.564063 0.656019 0.561458 0.661574 0.556771
0 0.636574 0.567448 0.634722 0.570052 0.633796 0.576562 0.638426 0.580208 0.649537 0.585938 0.656481 0.586979 0.661574 0.585417 0.663426 0.584375 0.665741 0.576562 0.664815 0.571875 0.662500 0.569010 0.656944 0.566927 0.649537 0.565625 0.639352 0.566667
0 0.628704 0.562500 0.621296 0.562760 0.611111 0.566667 0.607407 0.569010 0.605093 0.572135 0.604630 0.576302 0.606019 0.577865 0.620833 0.582031 0.624074 0.581510 0.629167 0.579167 0.633333 0.574219 0.635185 0.567969 0.633796 0.565885
0 0.606019 0.578646 0.600463 0.579948 0.600000 0.584375 0.600926 0.588542 0.600000 0.591927 0.603704 0.595833 0.606019 0.597135 0.614815 0.599219 0.624537 0.596354 0.629167 0.593750 0.630093 0.592448 0.629167 0.587760 0.621296 0.581510 0.616667 0.579948
0 0.650000 0.594531 0.643519 0.592708 0.633333 0.593229 0.628241 0.594271 0.621296 0.597135 0.618056 0.599219 0.617130 0.601562 0.618056 0.605208 0.621759 0.607031 0.634722 0.610156 0.646296 0.607552 0.651389 0.604167 0.652778 0.602344 0.653241 0.599219
0 0.641204 0.608594 0.637037 0.609896 0.633796 0.612240 0.632870 0.614323 0.633796 0.619531 0.637500 0.622656 0.644444 0.625781 0.655556 0.628125 0.657870 0.627865 0.662500 0.625781 0.663889 0.623698 0.663889 0.618490 0.661574 0.614062 0.657870 0.610677 0.651389 0.608073 0.647222 0.607812
0 0.631481 0.609635 0.622222 0.607552 0.614815 0.607812 0.610648 0.610417 0.607870 0.614062 0.607870 0.616406 0.610648 0.620573 0.614815 0.621875 0.619907 0.620573 0.628704 0.620573 0.631481 0.620052 0.632870 0.619271 0.632870 0.613802 0.634259 0.611458
0 0.666204 0.587500 0.659259 0.588542 0.655093 0.590104 0.652778 0.592448 0.651852 0.596615 0.655556 0.603125 0.663426 0.608073 0.670370 0.609635 0.675463 0.608594 0.681019 0.605469 0.683796 0.602083 0.686574 0.594531 0.685185 0.591667 0.681019 0.589063 0.675463 0.587760
0 0.688426 0.594531 0.684722 0.599219 0.684259 0.603646 0.689352 0.607552 0.696759 0.609115 0.705556 0.609115 0.712500 0.609896 0.720370 0.607292 0.721759 0.603385 0.718981 0.599479 0.708796 0.593490 0.704630 0.592187 0.696296 0.592187 0.690741 0.593229
0 0.686574 0.576042 0.683796 0.578125 0.683796 0.582292 0.687500 0.586458 0.693981 0.590625 0.697685 0.591667 0.705093 0.591406 0.712037 0.588021 0.714815 0.584375 0.714352 0.580729 0.712963 0.578646 0.709259 0.576302 0.705093 0.575000 0.699537 0.574219 0.690741 0.575000
0 0.704167 0.559375 0.695370 0.564583 0.694907 0.568490 0.702778 0.574219 0.712037 0.577604 0.718519 0.578646 0.722685 0.577865 0.730093 0.574219 0.732870 0.571875 0.733796 0.567708 0.730556 0.563281 0.719444 0.559115 0.713426 0.559635
0 0.744444 0.563281 0.739815 0.567969 0.739815 0.572135 0.744907 0.575781 0.750000 0.577344 0.760185 0.578646 0.764815 0.577865 0.770370 0.575781 0.771759 0.573438 0.772685 0.567708 0.771296 0.565625 0.767130 0.562760 0.764352 0.562240 0.756481 0.562240
0 0.722222 0.580990 0.717593 0.583073 0.715278 0.587240 0.715278 0.588542 0.718056 0.592187 0.722222 0.594792 0.725463 0.595833 0.733333 0.595833 0.746296 0.592187 0.750463 0.588021 0.750926 0.583854 0.749074 0.582812 0.740741 0.580469 0.728241 0.580208
0 0.772222 0.592448 0.767593 0.591927 0.759722 0.592187 0.750463 0.593490 0.746759 0.595052 0.743056 0.598437 0.742593 0.600521 0.743981 0.603646 0.750926 0.607812 0.759722 0.610156 0.767593 0.610156 0.772222 0.609115 0.774074 0.608073 0.778241 0.603385 0.779630 0.599479 0.777315 0.595573
0 0.802778 0.581250 0.794444 0.581771 0.786111 0.583594 0.777315 0.588542 0.775463 0.591146 0.776389 0.593490 0.781019 0.596875 0.788426 0.600000 0.792593 0.600521 0.802315 0.600260 0.807870 0.597656 0.809722 0.595573 0.810648 0.592969 0.809722 0.588281 0.806019 0.583594
0 0.801389 0.601302 0.797222 0.600781 0.786111 0.601042 0.781944 0.602083 0.777778 0.604427 0.774537 0.607552 0.773148 0.611979 0.775926 0.615365 0.778704 0.617188 0.782870 0.618490 0.788889 0.619271 0.794444 0.617969 0.797685 0.616406 0.804167 0.608594 0.803241 0.603125
0 0.815741 0.607292 0.806019 0.610677 0.801852 0.615365 0.800926 0.619531 0.806019 0.623958 0.812500 0.626302 0.821296 0.627865 0.829167 0.627083 0.833333 0.624479 0.836111 0.620573 0.837037 0.617448 0.836574 0.613802 0.833796 0.610677 0.831019 0.609115 0.823611 0.607552
0 0.765741 0.613542 0.759259 0.614583 0.754167 0.617188 0.749537 0.622917 0.748148 0.627604 0.749537 0.630729 0.754630 0.633594 0.760185 0.635156 0.768981 0.635417 0.773148 0.634115 0.778241 0.630729 0.780093 0.627865 0.780093 0.622917 0.779167 0.620052 0.776389 0.616667 0.771296 0.614323
0 0.713426 0.610938 0.713889 0.616927 0.715741 0.619271 0.725000 0.625260 0.728241 0.626302 0.738426 0.627865 0.743056 0.627604 0.746759 0.626302 0.751389 0.620573 0.751852 0.618229 0.750000 0.614844 0.744444 0.611719 0.733333 0.608594 0.725926 0.607552 0.719907 0.608333
0 0.120833 0.278125 0.117130 0.279167 0.112963 0.282552 0.112500 0.288281 0.113426 0.290104 0.116667 0.292448 0.127778 0.296354 0.136574 0.296094 0.142130 0.293229 0.143981 0.291406 0.145833 0.287760 0.145370 0.283073 0.142130 0.279427 0.136111 0.277344 0.127315 0.277083
0 0.163426 0.280729 0.155093 0.281250 0.146296 0.286458 0.143981 0.290625 0.143519 0.295052 0.146759 0.299479 0.148611 0.300521 0.156481 0.300521 0.160648 0.298698 0.165278 0.297656 0.172222 0.293750 0.174537 0.291406 0.174537 0.286198 0.169907 0.282813
0 0.186111 0.284896 0.181481 0.286198 0.177778 0.289323 0.177315 0.292708 0.178704 0.297656 0.187500 0.305469 0.190741 0.306510 0.198148 0.307292 0.202778 0.304948 0.205093 0.302344 0.206481 0.299219 0.206019 0.290625 0.203704 0.286979 0.201389 0.285156 0.196296 0.284375
0 0.205093 0.280469 0.202315 0.283073 0.202778 0.286458 0.204630 0.288802 0.209722 0.292187 0.218519 0.295052 0.225926 0.294531 0.229167 0.293229 0.232870 0.289062 0.233333 0.285417 0.231481 0.280990 0.227778 0.278385 0.220370 0.277083 0.217130 0.277083
0 0.225926 0.259896 0.218519 0.260156 0.211574 0.261719 0.209259 0.263021 0.207407 0.265365 0.206944 0.267969 0.208796 0.271615 0.211111 0.273698 0.217130 0.276562 0.229167 0.276823 0.232870 0.276302 0.236111 0.272917 0.236111 0.268750 0.234259 0.265104 0.231019 0.262240
0 0.232407 0.243229 0.225000 0.241406 0.221296 0.242188 0.212500 0.245833 0.208796 0.249479 0.205556 0.254948 0.206944 0.259896 0.210185 0.261979 0.212037 0.262240 0.226389 0.259375 0.232407 0.257552 0.234722 0.255990 0.237963 0.252344 0.237963 0.247917
0 0.198148 0.239063 0.188889 0.240625 0.183333 0.242969 0.180093 0.245833 0.176852 0.251563 0.176852 0.255729 0.178241 0.257812 0.182407 0.259896 0.188889 0.260677 0.197222 0.260417 0.200000 0.259635 0.202315 0.257552 0.203241 0.254427 0.202778 0.245573 0.201389 0.242188